source,target,edge_type,direction,context,source_id,source_url,evidence_note,admission_status
four_cohort_expression_signature,Solyc02g065260,cross_cohort_expression_membership,not_regulatory,four_expression_sources_same_direction,this_project,,"Membership requires same direction in source A, confirmation source B, GSE267238, and GSE128739.",admitted
four_cohort_expression_signature,Solyc11g010960,cross_cohort_expression_membership,not_regulatory,four_expression_sources_same_direction,this_project,,"Membership requires same direction in source A, confirmation source B, GSE267238, and GSE128739.",admitted
four_cohort_expression_signature,Solyc01g095080,cross_cohort_expression_membership,not_regulatory,four_expression_sources_same_direction,this_project,,"Membership requires same direction in source A, confirmation source B, GSE267238, and GSE128739.",admitted
four_cohort_expression_signature,Solyc12g088220,cross_cohort_expression_membership,not_regulatory,four_expression_sources_same_direction,this_project,,"Membership requires same direction in source A, confirmation source B, GSE267238, and GSE128739.",admitted
four_cohort_expression_signature,Solyc10g084600,cross_cohort_expression_membership,not_regulatory,four_expression_sources_same_direction,this_project,,"Membership requires same direction in source A, confirmation source B, GSE267238, and GSE128739.",admitted
four_cohort_expression_signature,Solyc08g005770,cross_cohort_expression_membership,not_regulatory,four_expression_sources_same_direction,this_project,,"Membership requires same direction in source A, confirmation source B, GSE267238, and GSE128739.",admitted
four_cohort_expression_signature,Solyc11g006250,cross_cohort_expression_membership,not_regulatory,four_expression_sources_same_direction,this_project,,"Membership requires same direction in source A, confirmation source B, GSE267238, and GSE128739.",admitted
four_cohort_expression_signature,Solyc03g120570,cross_cohort_expression_membership,not_regulatory,four_expression_sources_same_direction,this_project,,"Membership requires same direction in source A, confirmation source B, GSE267238, and GSE128739.",admitted
four_cohort_expression_signature,Solyc05g014000,cross_cohort_expression_membership,not_regulatory,four_expression_sources_same_direction,this_project,,"Membership requires same direction in source A, confirmation source B, GSE267238, and GSE128739.",admitted
four_cohort_expression_signature,Solyc01g080410,cross_cohort_expression_membership,not_regulatory,four_expression_sources_same_direction,this_project,,"Membership requires same direction in source A, confirmation source B, GSE267238, and GSE128739.",admitted
four_cohort_expression_signature,Solyc08g007240,cross_cohort_expression_membership,not_regulatory,four_expression_sources_same_direction,this_project,,"Membership requires same direction in source A, confirmation source B, GSE267238, and GSE128739.",admitted
four_cohort_expression_signature,Solyc03g121180,cross_cohort_expression_membership,not_regulatory,four_expression_sources_same_direction,this_project,,"Membership requires same direction in source A, confirmation source B, GSE267238, and GSE128739.",admitted
four_cohort_expression_signature,Solyc09g014350,cross_cohort_expression_membership,not_regulatory,four_expression_sources_same_direction,this_project,,"Membership requires same direction in source A, confirmation source B, GSE267238, and GSE128739.",admitted
four_cohort_expression_signature,Solyc08g005630,cross_cohort_expression_membership,not_regulatory,four_expression_sources_same_direction,this_project,,"Membership requires same direction in source A, confirmation source B, GSE267238, and GSE128739.",admitted
four_cohort_expression_signature,Solyc08g081220,cross_cohort_expression_membership,not_regulatory,four_expression_sources_same_direction,this_project,,"Membership requires same direction in source A, confirmation source B, GSE267238, and GSE128739.",admitted
four_cohort_expression_signature,Solyc08g066240,cross_cohort_expression_membership,not_regulatory,four_expression_sources_same_direction,this_project,,"Membership requires same direction in source A, confirmation source B, GSE267238, and GSE128739.",admitted
four_cohort_expression_signature,Solyc04g080250,cross_cohort_expression_membership,not_regulatory,four_expression_sources_same_direction,this_project,,"Membership requires same direction in source A, confirmation source B, GSE267238, and GSE128739.",admitted
four_cohort_expression_signature,Solyc10g018140,cross_cohort_expression_membership,not_regulatory,four_expression_sources_same_direction,this_project,,"Membership requires same direction in source A, confirmation source B, GSE267238, and GSE128739.",admitted
four_cohort_expression_signature,Solyc10g007600,cross_cohort_expression_membership,not_regulatory,four_expression_sources_same_direction,this_project,,"Membership requires same direction in source A, confirmation source B, GSE267238, and GSE128739.",admitted
four_cohort_expression_signature,Solyc07g051950,cross_cohort_expression_membership,not_regulatory,four_expression_sources_same_direction,this_project,,"Membership requires same direction in source A, confirmation source B, GSE267238, and GSE128739.",admitted
four_cohort_expression_signature,Solyc02g091920,cross_cohort_expression_membership,not_regulatory,four_expression_sources_same_direction,this_project,,"Membership requires same direction in source A, confirmation source B, GSE267238, and GSE128739.",admitted
four_cohort_expression_signature,Solyc07g053540,cross_cohort_expression_membership,not_regulatory,four_expression_sources_same_direction,this_project,,"Membership requires same direction in source A, confirmation source B, GSE267238, and GSE128739.",admitted
four_cohort_expression_signature,Solyc05g014280,cross_cohort_expression_membership,not_regulatory,four_expression_sources_same_direction,this_project,,"Membership requires same direction in source A, confirmation source B, GSE267238, and GSE128739.",admitted
four_cohort_expression_signature,Solyc10g083400,cross_cohort_expression_membership,not_regulatory,four_expression_sources_same_direction,this_project,,"Membership requires same direction in source A, confirmation source B, GSE267238, and GSE128739.",admitted
four_cohort_expression_signature,Solyc02g088270,cross_cohort_expression_membership,not_regulatory,four_expression_sources_same_direction,this_project,,"Membership requires same direction in source A, confirmation source B, GSE267238, and GSE128739.",admitted
four_cohort_expression_signature,Solyc08g066260,cross_cohort_expression_membership,not_regulatory,four_expression_sources_same_direction,this_project,,"Membership requires same direction in source A, confirmation source B, GSE267238, and GSE128739.",admitted
four_cohort_expression_signature,Solyc02g089080,cross_cohort_expression_membership,not_regulatory,four_expression_sources_same_direction,this_project,,"Membership requires same direction in source A, confirmation source B, GSE267238, and GSE128739.",admitted
four_cohort_expression_signature,Solyc06g083070,cross_cohort_expression_membership,not_regulatory,four_expression_sources_same_direction,this_project,,"Membership requires same direction in source A, confirmation source B, GSE267238, and GSE128739.",admitted
four_cohort_expression_signature,Solyc02g067750,cross_cohort_expression_membership,not_regulatory,four_expression_sources_same_direction,this_project,,"Membership requires same direction in source A, confirmation source B, GSE267238, and GSE128739.",admitted
four_cohort_expression_signature,Solyc03g112760,cross_cohort_expression_membership,not_regulatory,four_expression_sources_same_direction,this_project,,"Membership requires same direction in source A, confirmation source B, GSE267238, and GSE128739.",admitted
four_cohort_expression_signature,Solyc10g080390,cross_cohort_expression_membership,not_regulatory,four_expression_sources_same_direction,this_project,,"Membership requires same direction in source A, confirmation source B, GSE267238, and GSE128739.",admitted
four_cohort_expression_signature,Solyc08g067030,cross_cohort_expression_membership,not_regulatory,four_expression_sources_same_direction,this_project,,"Membership requires same direction in source A, confirmation source B, GSE267238, and GSE128739.",admitted
four_cohort_expression_signature,Solyc07g054860,cross_cohort_expression_membership,not_regulatory,four_expression_sources_same_direction,this_project,,"Membership requires same direction in source A, confirmation source B, GSE267238, and GSE128739.",admitted
four_cohort_expression_signature,Solyc10g079050,cross_cohort_expression_membership,not_regulatory,four_expression_sources_same_direction,this_project,,"Membership requires same direction in source A, confirmation source B, GSE267238, and GSE128739.",admitted
four_cohort_expression_signature,Solyc01g108490,cross_cohort_expression_membership,not_regulatory,four_expression_sources_same_direction,this_project,,"Membership requires same direction in source A, confirmation source B, GSE267238, and GSE128739.",admitted
four_cohort_expression_signature,Solyc01g074030,cross_cohort_expression_membership,not_regulatory,four_expression_sources_same_direction,this_project,,"Membership requires same direction in source A, confirmation source B, GSE267238, and GSE128739.",admitted
four_cohort_expression_signature,Solyc01g107730,cross_cohort_expression_membership,not_regulatory,four_expression_sources_same_direction,this_project,,"Membership requires same direction in source A, confirmation source B, GSE267238, and GSE128739.",admitted
four_cohort_expression_signature,Solyc03g013340,cross_cohort_expression_membership,not_regulatory,four_expression_sources_same_direction,this_project,,"Membership requires same direction in source A, confirmation source B, GSE267238, and GSE128739.",admitted
four_cohort_expression_signature,Solyc01g088400,cross_cohort_expression_membership,not_regulatory,four_expression_sources_same_direction,this_project,,"Membership requires same direction in source A, confirmation source B, GSE267238, and GSE128739.",admitted
four_cohort_expression_signature,Solyc02g088100,cross_cohort_expression_membership,not_regulatory,four_expression_sources_same_direction,this_project,,"Membership requires same direction in source A, confirmation source B, GSE267238, and GSE128739.",admitted
four_cohort_expression_signature,Solyc08g082620,cross_cohort_expression_membership,not_regulatory,four_expression_sources_same_direction,this_project,,"Membership requires same direction in source A, confirmation source B, GSE267238, and GSE128739.",admitted
four_cohort_expression_signature,Solyc01g094700,cross_cohort_expression_membership,not_regulatory,four_expression_sources_same_direction,this_project,,"Membership requires same direction in source A, confirmation source B, GSE267238, and GSE128739.",admitted
four_cohort_expression_signature,Solyc04g064620,cross_cohort_expression_membership,not_regulatory,four_expression_sources_same_direction,this_project,,"Membership requires same direction in source A, confirmation source B, GSE267238, and GSE128739.",admitted
four_cohort_expression_signature,Solyc03g117300,cross_cohort_expression_membership,not_regulatory,four_expression_sources_same_direction,this_project,,"Membership requires same direction in source A, confirmation source B, GSE267238, and GSE128739.",admitted
four_cohort_expression_signature,Solyc10g075070,cross_cohort_expression_membership,not_regulatory,four_expression_sources_same_direction,this_project,,"Membership requires same direction in source A, confirmation source B, GSE267238, and GSE128739.",admitted
four_cohort_expression_signature,Solyc12g098600,cross_cohort_expression_membership,not_regulatory,four_expression_sources_same_direction,this_project,,"Membership requires same direction in source A, confirmation source B, GSE267238, and GSE128739.",admitted
four_cohort_expression_signature,Solyc02g038740,cross_cohort_expression_membership,not_regulatory,four_expression_sources_same_direction,this_project,,"Membership requires same direction in source A, confirmation source B, GSE267238, and GSE128739.",admitted
four_cohort_expression_signature,Solyc08g081790,cross_cohort_expression_membership,not_regulatory,four_expression_sources_same_direction,this_project,,"Membership requires same direction in source A, confirmation source B, GSE267238, and GSE128739.",admitted
four_cohort_expression_signature,Solyc08g007850,cross_cohort_expression_membership,not_regulatory,four_expression_sources_same_direction,this_project,,"Membership requires same direction in source A, confirmation source B, GSE267238, and GSE128739.",admitted
four_cohort_expression_signature,Solyc01g108730,cross_cohort_expression_membership,not_regulatory,four_expression_sources_same_direction,this_project,,"Membership requires same direction in source A, confirmation source B, GSE267238, and GSE128739.",admitted
four_cohort_expression_signature,Solyc04g071800,cross_cohort_expression_membership,not_regulatory,four_expression_sources_same_direction,this_project,,"Membership requires same direction in source A, confirmation source B, GSE267238, and GSE128739.",admitted
four_cohort_expression_signature,Solyc02g063150,cross_cohort_expression_membership,not_regulatory,four_expression_sources_same_direction,this_project,,"Membership requires same direction in source A, confirmation source B, GSE267238, and GSE128739.",admitted
four_cohort_expression_signature,Solyc12g096870,cross_cohort_expression_membership,not_regulatory,four_expression_sources_same_direction,this_project,,"Membership requires same direction in source A, confirmation source B, GSE267238, and GSE128739.",admitted
four_cohort_expression_signature,Solyc11g008630,cross_cohort_expression_membership,not_regulatory,four_expression_sources_same_direction,this_project,,"Membership requires same direction in source A, confirmation source B, GSE267238, and GSE128739.",admitted
four_cohort_expression_signature,Solyc02g062390,cross_cohort_expression_membership,not_regulatory,four_expression_sources_same_direction,this_project,,"Membership requires same direction in source A, confirmation source B, GSE267238, and GSE128739.",admitted
four_cohort_expression_signature,Solyc07g022900,cross_cohort_expression_membership,not_regulatory,four_expression_sources_same_direction,this_project,,"Membership requires same direction in source A, confirmation source B, GSE267238, and GSE128739.",admitted
four_cohort_expression_signature,Solyc03g118510,cross_cohort_expression_membership,not_regulatory,four_expression_sources_same_direction,this_project,,"Membership requires same direction in source A, confirmation source B, GSE267238, and GSE128739.",admitted
four_cohort_expression_signature,Solyc01g104850,cross_cohort_expression_membership,not_regulatory,four_expression_sources_same_direction,this_project,,"Membership requires same direction in source A, confirmation source B, GSE267238, and GSE128739.",admitted
four_cohort_expression_signature,Solyc02g055440,cross_cohort_expression_membership,not_regulatory,four_expression_sources_same_direction,this_project,,"Membership requires same direction in source A, confirmation source B, GSE267238, and GSE128739.",admitted
four_cohort_expression_signature,Solyc02g087840,cross_cohort_expression_membership,not_regulatory,four_expression_sources_same_direction,this_project,,"Membership requires same direction in source A, confirmation source B, GSE267238, and GSE128739.",admitted
four_cohort_expression_signature,Solyc09g011470,cross_cohort_expression_membership,not_regulatory,four_expression_sources_same_direction,this_project,,"Membership requires same direction in source A, confirmation source B, GSE267238, and GSE128739.",admitted
four_cohort_expression_signature,Solyc01g097770,cross_cohort_expression_membership,not_regulatory,four_expression_sources_same_direction,this_project,,"Membership requires same direction in source A, confirmation source B, GSE267238, and GSE128739.",admitted
four_cohort_expression_signature,Solyc11g018500,cross_cohort_expression_membership,not_regulatory,four_expression_sources_same_direction,this_project,,"Membership requires same direction in source A, confirmation source B, GSE267238, and GSE128739.",admitted
four_cohort_expression_signature,Solyc01g097290,cross_cohort_expression_membership,not_regulatory,four_expression_sources_same_direction,this_project,,"Membership requires same direction in source A, confirmation source B, GSE267238, and GSE128739.",admitted
four_cohort_expression_signature,Solyc10g024420,cross_cohort_expression_membership,not_regulatory,four_expression_sources_same_direction,this_project,,"Membership requires same direction in source A, confirmation source B, GSE267238, and GSE128739.",admitted
four_cohort_expression_signature,Solyc05g026240,cross_cohort_expression_membership,not_regulatory,four_expression_sources_same_direction,this_project,,"Membership requires same direction in source A, confirmation source B, GSE267238, and GSE128739.",admitted
four_cohort_expression_signature,Solyc07g042390,cross_cohort_expression_membership,not_regulatory,four_expression_sources_same_direction,this_project,,"Membership requires same direction in source A, confirmation source B, GSE267238, and GSE128739.",admitted
four_cohort_expression_signature,Solyc12g006470,cross_cohort_expression_membership,not_regulatory,four_expression_sources_same_direction,this_project,,"Membership requires same direction in source A, confirmation source B, GSE267238, and GSE128739.",admitted
four_cohort_expression_signature,Solyc04g072850,cross_cohort_expression_membership,not_regulatory,four_expression_sources_same_direction,this_project,,"Membership requires same direction in source A, confirmation source B, GSE267238, and GSE128739.",admitted
four_cohort_expression_signature,Solyc06g065670,cross_cohort_expression_membership,not_regulatory,four_expression_sources_same_direction,this_project,,"Membership requires same direction in source A, confirmation source B, GSE267238, and GSE128739.",admitted
four_cohort_expression_signature,Solyc04g077640,cross_cohort_expression_membership,not_regulatory,four_expression_sources_same_direction,this_project,,"Membership requires same direction in source A, confirmation source B, GSE267238, and GSE128739.",admitted
four_cohort_expression_signature,Solyc03g031860,cross_cohort_expression_membership,not_regulatory,four_expression_sources_same_direction,this_project,,"Membership requires same direction in source A, confirmation source B, GSE267238, and GSE128739.",admitted
four_cohort_expression_signature,Solyc09g066060,cross_cohort_expression_membership,not_regulatory,four_expression_sources_same_direction,this_project,,"Membership requires same direction in source A, confirmation source B, GSE267238, and GSE128739.",admitted
four_cohort_expression_signature,Solyc12g040640,cross_cohort_expression_membership,not_regulatory,four_expression_sources_same_direction,this_project,,"Membership requires same direction in source A, confirmation source B, GSE267238, and GSE128739.",admitted
four_cohort_expression_signature,Solyc10g054840,cross_cohort_expression_membership,not_regulatory,four_expression_sources_same_direction,this_project,,"Membership requires same direction in source A, confirmation source B, GSE267238, and GSE128739.",admitted
four_cohort_expression_signature,Solyc05g055400,cross_cohort_expression_membership,not_regulatory,four_expression_sources_same_direction,this_project,,"Membership requires same direction in source A, confirmation source B, GSE267238, and GSE128739.",admitted
four_cohort_expression_signature,Solyc03g118120,cross_cohort_expression_membership,not_regulatory,four_expression_sources_same_direction,this_project,,"Membership requires same direction in source A, confirmation source B, GSE267238, and GSE128739.",admitted
four_cohort_expression_signature,Solyc08g075490,cross_cohort_expression_membership,not_regulatory,four_expression_sources_same_direction,this_project,,"Membership requires same direction in source A, confirmation source B, GSE267238, and GSE128739.",admitted
four_cohort_expression_signature,Solyc01g058270,cross_cohort_expression_membership,not_regulatory,four_expression_sources_same_direction,this_project,,"Membership requires same direction in source A, confirmation source B, GSE267238, and GSE128739.",admitted
four_cohort_expression_signature,Solyc02g077790,cross_cohort_expression_membership,not_regulatory,four_expression_sources_same_direction,this_project,,"Membership requires same direction in source A, confirmation source B, GSE267238, and GSE128739.",admitted
four_cohort_expression_signature,Solyc05g018510,cross_cohort_expression_membership,not_regulatory,four_expression_sources_same_direction,this_project,,"Membership requires same direction in source A, confirmation source B, GSE267238, and GSE128739.",admitted
four_cohort_expression_signature,Solyc02g081600,cross_cohort_expression_membership,not_regulatory,four_expression_sources_same_direction,this_project,,"Membership requires same direction in source A, confirmation source B, GSE267238, and GSE128739.",admitted
four_cohort_expression_signature,Solyc01g099660,cross_cohort_expression_membership,not_regulatory,four_expression_sources_same_direction,this_project,,"Membership requires same direction in source A, confirmation source B, GSE267238, and GSE128739.",admitted
four_cohort_expression_signature,Solyc01g080680,cross_cohort_expression_membership,not_regulatory,four_expression_sources_same_direction,this_project,,"Membership requires same direction in source A, confirmation source B, GSE267238, and GSE128739.",admitted
four_cohort_expression_signature,Solyc07g063350,cross_cohort_expression_membership,not_regulatory,four_expression_sources_same_direction,this_project,,"Membership requires same direction in source A, confirmation source B, GSE267238, and GSE128739.",admitted
four_cohort_expression_signature,Solyc09g075810,cross_cohort_expression_membership,not_regulatory,four_expression_sources_same_direction,this_project,,"Membership requires same direction in source A, confirmation source B, GSE267238, and GSE128739.",admitted
four_cohort_expression_signature,Solyc07g055050,cross_cohort_expression_membership,not_regulatory,four_expression_sources_same_direction,this_project,,"Membership requires same direction in source A, confirmation source B, GSE267238, and GSE128739.",admitted
four_cohort_expression_signature,Solyc06g035580,cross_cohort_expression_membership,not_regulatory,four_expression_sources_same_direction,this_project,,"Membership requires same direction in source A, confirmation source B, GSE267238, and GSE128739.",admitted
four_cohort_expression_signature,Solyc01g107890,cross_cohort_expression_membership,not_regulatory,four_expression_sources_same_direction,this_project,,"Membership requires same direction in source A, confirmation source B, GSE267238, and GSE128739.",admitted
four_cohort_expression_signature,Solyc05g011960,cross_cohort_expression_membership,not_regulatory,four_expression_sources_same_direction,this_project,,"Membership requires same direction in source A, confirmation source B, GSE267238, and GSE128739.",admitted
four_cohort_expression_signature,Solyc05g051010,cross_cohort_expression_membership,not_regulatory,four_expression_sources_same_direction,this_project,,"Membership requires same direction in source A, confirmation source B, GSE267238, and GSE128739.",admitted
four_cohort_expression_signature,Solyc09g083390,cross_cohort_expression_membership,not_regulatory,four_expression_sources_same_direction,this_project,,"Membership requires same direction in source A, confirmation source B, GSE267238, and GSE128739.",admitted
four_cohort_expression_signature,Solyc06g069430,cross_cohort_expression_membership,not_regulatory,four_expression_sources_same_direction,this_project,,"Membership requires same direction in source A, confirmation source B, GSE267238, and GSE128739.",admitted
four_cohort_expression_signature,Solyc09g083190,cross_cohort_expression_membership,not_regulatory,four_expression_sources_same_direction,this_project,,"Membership requires same direction in source A, confirmation source B, GSE267238, and GSE128739.",admitted
four_cohort_expression_signature,Solyc06g051800,cross_cohort_expression_membership,not_regulatory,four_expression_sources_same_direction,this_project,,"Membership requires same direction in source A, confirmation source B, GSE267238, and GSE128739.",admitted
four_cohort_expression_signature,Solyc03g113350,cross_cohort_expression_membership,not_regulatory,four_expression_sources_same_direction,this_project,,"Membership requires same direction in source A, confirmation source B, GSE267238, and GSE128739.",admitted
four_cohort_expression_signature,Solyc05g012510,cross_cohort_expression_membership,not_regulatory,four_expression_sources_same_direction,this_project,,"Membership requires same direction in source A, confirmation source B, GSE267238, and GSE128739.",admitted
four_cohort_expression_signature,Solyc01g110000,cross_cohort_expression_membership,not_regulatory,four_expression_sources_same_direction,this_project,,"Membership requires same direction in source A, confirmation source B, GSE267238, and GSE128739.",admitted
four_cohort_expression_signature,Solyc03g113930,cross_cohort_expression_membership,not_regulatory,four_expression_sources_same_direction,this_project,,"Membership requires same direction in source A, confirmation source B, GSE267238, and GSE128739.",admitted
four_cohort_expression_signature,Solyc06g009190,cross_cohort_expression_membership,not_regulatory,four_expression_sources_same_direction,this_project,,"Membership requires same direction in source A, confirmation source B, GSE267238, and GSE128739.",admitted
four_cohort_expression_signature,Solyc05g010320,cross_cohort_expression_membership,not_regulatory,four_expression_sources_same_direction,this_project,,"Membership requires same direction in source A, confirmation source B, GSE267238, and GSE128739.",admitted
four_cohort_expression_signature,Solyc02g021680,cross_cohort_expression_membership,not_regulatory,four_expression_sources_same_direction,this_project,,"Membership requires same direction in source A, confirmation source B, GSE267238, and GSE128739.",admitted
four_cohort_expression_signature,Solyc07g061970,cross_cohort_expression_membership,not_regulatory,four_expression_sources_same_direction,this_project,,"Membership requires same direction in source A, confirmation source B, GSE267238, and GSE128739.",admitted
four_cohort_expression_signature,Solyc05g005960,cross_cohort_expression_membership,not_regulatory,four_expression_sources_same_direction,this_project,,"Membership requires same direction in source A, confirmation source B, GSE267238, and GSE128739.",admitted
four_cohort_expression_signature,Solyc01g006540,cross_cohort_expression_membership,not_regulatory,four_expression_sources_same_direction,this_project,,"Membership requires same direction in source A, confirmation source B, GSE267238, and GSE128739.",admitted
four_cohort_expression_signature,Solyc01g104900,cross_cohort_expression_membership,not_regulatory,four_expression_sources_same_direction,this_project,,"Membership requires same direction in source A, confirmation source B, GSE267238, and GSE128739.",admitted
four_cohort_expression_signature,Solyc02g092220,cross_cohort_expression_membership,not_regulatory,four_expression_sources_same_direction,this_project,,"Membership requires same direction in source A, confirmation source B, GSE267238, and GSE128739.",admitted
four_cohort_expression_signature,Solyc04g074110,cross_cohort_expression_membership,not_regulatory,four_expression_sources_same_direction,this_project,,"Membership requires same direction in source A, confirmation source B, GSE267238, and GSE128739.",admitted
four_cohort_expression_signature,Solyc05g011970,cross_cohort_expression_membership,not_regulatory,four_expression_sources_same_direction,this_project,,"Membership requires same direction in source A, confirmation source B, GSE267238, and GSE128739.",admitted
four_cohort_expression_signature,Solyc03g115640,cross_cohort_expression_membership,not_regulatory,four_expression_sources_same_direction,this_project,,"Membership requires same direction in source A, confirmation source B, GSE267238, and GSE128739.",admitted
four_cohort_expression_signature,Solyc01g108880,cross_cohort_expression_membership,not_regulatory,four_expression_sources_same_direction,this_project,,"Membership requires same direction in source A, confirmation source B, GSE267238, and GSE128739.",admitted
four_cohort_expression_signature,Solyc10g051120,cross_cohort_expression_membership,not_regulatory,four_expression_sources_same_direction,this_project,,"Membership requires same direction in source A, confirmation source B, GSE267238, and GSE128739.",admitted
four_cohort_expression_signature,Solyc10g047030,cross_cohort_expression_membership,not_regulatory,four_expression_sources_same_direction,this_project,,"Membership requires same direction in source A, confirmation source B, GSE267238, and GSE128739.",admitted
four_cohort_expression_signature,Solyc04g076220,cross_cohort_expression_membership,not_regulatory,four_expression_sources_same_direction,this_project,,"Membership requires same direction in source A, confirmation source B, GSE267238, and GSE128739.",admitted
four_cohort_expression_signature,Solyc08g080630,cross_cohort_expression_membership,not_regulatory,four_expression_sources_same_direction,this_project,,"Membership requires same direction in source A, confirmation source B, GSE267238, and GSE128739.",admitted
four_cohort_expression_signature,Solyc02g070890,cross_cohort_expression_membership,not_regulatory,four_expression_sources_same_direction,this_project,,"Membership requires same direction in source A, confirmation source B, GSE267238, and GSE128739.",admitted
four_cohort_expression_signature,Solyc02g070790,cross_cohort_expression_membership,not_regulatory,four_expression_sources_same_direction,this_project,,"Membership requires same direction in source A, confirmation source B, GSE267238, and GSE128739.",admitted
four_cohort_expression_signature,Solyc10g018780,cross_cohort_expression_membership,not_regulatory,four_expression_sources_same_direction,this_project,,"Membership requires same direction in source A, confirmation source B, GSE267238, and GSE128739.",admitted
four_cohort_expression_signature,Solyc01g108400,cross_cohort_expression_membership,not_regulatory,four_expression_sources_same_direction,this_project,,"Membership requires same direction in source A, confirmation source B, GSE267238, and GSE128739.",admitted
four_cohort_expression_signature,Solyc08g061560,cross_cohort_expression_membership,not_regulatory,four_expression_sources_same_direction,this_project,,"Membership requires same direction in source A, confirmation source B, GSE267238, and GSE128739.",admitted
four_cohort_expression_signature,Solyc07g041640,cross_cohort_expression_membership,not_regulatory,four_expression_sources_same_direction,this_project,,"Membership requires same direction in source A, confirmation source B, GSE267238, and GSE128739.",admitted
four_cohort_expression_signature,Solyc08g007890,cross_cohort_expression_membership,not_regulatory,four_expression_sources_same_direction,this_project,,"Membership requires same direction in source A, confirmation source B, GSE267238, and GSE128739.",admitted
four_cohort_expression_signature,Solyc02g078570,cross_cohort_expression_membership,not_regulatory,four_expression_sources_same_direction,this_project,,"Membership requires same direction in source A, confirmation source B, GSE267238, and GSE128739.",admitted
four_cohort_expression_signature,Solyc10g083670,cross_cohort_expression_membership,not_regulatory,four_expression_sources_same_direction,this_project,,"Membership requires same direction in source A, confirmation source B, GSE267238, and GSE128739.",admitted
four_cohort_expression_signature,Solyc02g070020,cross_cohort_expression_membership,not_regulatory,four_expression_sources_same_direction,this_project,,"Membership requires same direction in source A, confirmation source B, GSE267238, and GSE128739.",admitted
four_cohort_expression_signature,Solyc02g005110,cross_cohort_expression_membership,not_regulatory,four_expression_sources_same_direction,this_project,,"Membership requires same direction in source A, confirmation source B, GSE267238, and GSE128739.",admitted
four_cohort_expression_signature,Solyc06g048470,cross_cohort_expression_membership,not_regulatory,four_expression_sources_same_direction,this_project,,"Membership requires same direction in source A, confirmation source B, GSE267238, and GSE128739.",admitted
four_cohort_expression_signature,Solyc12g011450,cross_cohort_expression_membership,not_regulatory,four_expression_sources_same_direction,this_project,,"Membership requires same direction in source A, confirmation source B, GSE267238, and GSE128739.",admitted
four_cohort_expression_signature,Solyc07g065540,cross_cohort_expression_membership,not_regulatory,four_expression_sources_same_direction,this_project,,"Membership requires same direction in source A, confirmation source B, GSE267238, and GSE128739.",admitted
four_cohort_expression_signature,Solyc08g081940,cross_cohort_expression_membership,not_regulatory,four_expression_sources_same_direction,this_project,,"Membership requires same direction in source A, confirmation source B, GSE267238, and GSE128739.",admitted
four_cohort_expression_signature,Solyc04g012060,cross_cohort_expression_membership,not_regulatory,four_expression_sources_same_direction,this_project,,"Membership requires same direction in source A, confirmation source B, GSE267238, and GSE128739.",admitted
four_cohort_expression_signature,Solyc02g065280,cross_cohort_expression_membership,not_regulatory,four_expression_sources_same_direction,this_project,,"Membership requires same direction in source A, confirmation source B, GSE267238, and GSE128739.",admitted
four_cohort_expression_signature,Solyc07g056540,cross_cohort_expression_membership,not_regulatory,four_expression_sources_same_direction,this_project,,"Membership requires same direction in source A, confirmation source B, GSE267238, and GSE128739.",admitted
four_cohort_expression_signature,Solyc04g016330,cross_cohort_expression_membership,not_regulatory,four_expression_sources_same_direction,this_project,,"Membership requires same direction in source A, confirmation source B, GSE267238, and GSE128739.",admitted
four_cohort_expression_signature,Solyc06g053620,cross_cohort_expression_membership,not_regulatory,four_expression_sources_same_direction,this_project,,"Membership requires same direction in source A, confirmation source B, GSE267238, and GSE128739.",admitted
four_cohort_expression_signature,Solyc12g099430,cross_cohort_expression_membership,not_regulatory,four_expression_sources_same_direction,this_project,,"Membership requires same direction in source A, confirmation source B, GSE267238, and GSE128739.",admitted
four_cohort_expression_signature,Solyc06g006090,cross_cohort_expression_membership,not_regulatory,four_expression_sources_same_direction,this_project,,"Membership requires same direction in source A, confirmation source B, GSE267238, and GSE128739.",admitted
four_cohort_expression_signature,Solyc03g071570,cross_cohort_expression_membership,not_regulatory,four_expression_sources_same_direction,this_project,,"Membership requires same direction in source A, confirmation source B, GSE267238, and GSE128739.",admitted
four_cohort_expression_signature,Solyc06g009770,cross_cohort_expression_membership,not_regulatory,four_expression_sources_same_direction,this_project,,"Membership requires same direction in source A, confirmation source B, GSE267238, and GSE128739.",admitted
four_cohort_expression_signature,Solyc12g015850,cross_cohort_expression_membership,not_regulatory,four_expression_sources_same_direction,this_project,,"Membership requires same direction in source A, confirmation source B, GSE267238, and GSE128739.",admitted
four_cohort_expression_signature,Solyc02g084600,cross_cohort_expression_membership,not_regulatory,four_expression_sources_same_direction,this_project,,"Membership requires same direction in source A, confirmation source B, GSE267238, and GSE128739.",admitted
four_cohort_expression_signature,Solyc08g005610,cross_cohort_expression_membership,not_regulatory,four_expression_sources_same_direction,this_project,,"Membership requires same direction in source A, confirmation source B, GSE267238, and GSE128739.",admitted
four_cohort_expression_signature,Solyc06g035610,cross_cohort_expression_membership,not_regulatory,four_expression_sources_same_direction,this_project,,"Membership requires same direction in source A, confirmation source B, GSE267238, and GSE128739.",admitted
four_cohort_expression_signature,Solyc01g109790,cross_cohort_expression_membership,not_regulatory,four_expression_sources_same_direction,this_project,,"Membership requires same direction in source A, confirmation source B, GSE267238, and GSE128739.",admitted
four_cohort_expression_signature,Solyc08g016310,cross_cohort_expression_membership,not_regulatory,four_expression_sources_same_direction,this_project,,"Membership requires same direction in source A, confirmation source B, GSE267238, and GSE128739.",admitted
four_cohort_expression_signature,Solyc07g005390,cross_cohort_expression_membership,not_regulatory,four_expression_sources_same_direction,this_project,,"Membership requires same direction in source A, confirmation source B, GSE267238, and GSE128739.",admitted
four_cohort_expression_signature,Solyc12g098340,cross_cohort_expression_membership,not_regulatory,four_expression_sources_same_direction,this_project,,"Membership requires same direction in source A, confirmation source B, GSE267238, and GSE128739.",admitted
four_cohort_expression_signature,Solyc03g123830,cross_cohort_expression_membership,not_regulatory,four_expression_sources_same_direction,this_project,,"Membership requires same direction in source A, confirmation source B, GSE267238, and GSE128739.",admitted
four_cohort_expression_signature,Solyc12g013710,cross_cohort_expression_membership,not_regulatory,four_expression_sources_same_direction,this_project,,"Membership requires same direction in source A, confirmation source B, GSE267238, and GSE128739.",admitted
four_cohort_expression_signature,Solyc12g006520,cross_cohort_expression_membership,not_regulatory,four_expression_sources_same_direction,this_project,,"Membership requires same direction in source A, confirmation source B, GSE267238, and GSE128739.",admitted
four_cohort_expression_signature,Solyc05g053310,cross_cohort_expression_membership,not_regulatory,four_expression_sources_same_direction,this_project,,"Membership requires same direction in source A, confirmation source B, GSE267238, and GSE128739.",admitted
four_cohort_expression_signature,Solyc12g006530,cross_cohort_expression_membership,not_regulatory,four_expression_sources_same_direction,this_project,,"Membership requires same direction in source A, confirmation source B, GSE267238, and GSE128739.",admitted
four_cohort_expression_signature,Solyc02g077330,cross_cohort_expression_membership,not_regulatory,four_expression_sources_same_direction,this_project,,"Membership requires same direction in source A, confirmation source B, GSE267238, and GSE128739.",admitted
four_cohort_expression_signature,Solyc05g007770,cross_cohort_expression_membership,not_regulatory,four_expression_sources_same_direction,this_project,,"Membership requires same direction in source A, confirmation source B, GSE267238, and GSE128739.",admitted
four_cohort_expression_signature,Solyc10g080210,cross_cohort_expression_membership,not_regulatory,four_expression_sources_same_direction,this_project,,"Membership requires same direction in source A, confirmation source B, GSE267238, and GSE128739.",admitted
four_cohort_expression_signature,Solyc03g118100,cross_cohort_expression_membership,not_regulatory,four_expression_sources_same_direction,this_project,,"Membership requires same direction in source A, confirmation source B, GSE267238, and GSE128739.",admitted
four_cohort_expression_signature,Solyc07g049440,cross_cohort_expression_membership,not_regulatory,four_expression_sources_same_direction,this_project,,"Membership requires same direction in source A, confirmation source B, GSE267238, and GSE128739.",admitted
four_cohort_expression_signature,Solyc11g011210,cross_cohort_expression_membership,not_regulatory,four_expression_sources_same_direction,this_project,,"Membership requires same direction in source A, confirmation source B, GSE267238, and GSE128739.",admitted
four_cohort_expression_signature,Solyc12g009800,cross_cohort_expression_membership,not_regulatory,four_expression_sources_same_direction,this_project,,"Membership requires same direction in source A, confirmation source B, GSE267238, and GSE128739.",admitted
four_cohort_expression_signature,Solyc10g047240,cross_cohort_expression_membership,not_regulatory,four_expression_sources_same_direction,this_project,,"Membership requires same direction in source A, confirmation source B, GSE267238, and GSE128739.",admitted
four_cohort_expression_signature,Solyc07g043500,cross_cohort_expression_membership,not_regulatory,four_expression_sources_same_direction,this_project,,"Membership requires same direction in source A, confirmation source B, GSE267238, and GSE128739.",admitted
four_cohort_expression_signature,Solyc03g097440,cross_cohort_expression_membership,not_regulatory,four_expression_sources_same_direction,this_project,,"Membership requires same direction in source A, confirmation source B, GSE267238, and GSE128739.",admitted
four_cohort_expression_signature,Solyc06g068900,cross_cohort_expression_membership,not_regulatory,four_expression_sources_same_direction,this_project,,"Membership requires same direction in source A, confirmation source B, GSE267238, and GSE128739.",admitted
four_cohort_expression_signature,Solyc01g086920,cross_cohort_expression_membership,not_regulatory,four_expression_sources_same_direction,this_project,,"Membership requires same direction in source A, confirmation source B, GSE267238, and GSE128739.",admitted
four_cohort_expression_signature,Solyc02g079490,cross_cohort_expression_membership,not_regulatory,four_expression_sources_same_direction,this_project,,"Membership requires same direction in source A, confirmation source B, GSE267238, and GSE128739.",admitted
four_cohort_expression_signature,Solyc12g013700,cross_cohort_expression_membership,not_regulatory,four_expression_sources_same_direction,this_project,,"Membership requires same direction in source A, confirmation source B, GSE267238, and GSE128739.",admitted
four_cohort_expression_signature,Solyc12g009930,cross_cohort_expression_membership,not_regulatory,four_expression_sources_same_direction,this_project,,"Membership requires same direction in source A, confirmation source B, GSE267238, and GSE128739.",admitted
four_cohort_expression_signature,Solyc08g014010,cross_cohort_expression_membership,not_regulatory,four_expression_sources_same_direction,this_project,,"Membership requires same direction in source A, confirmation source B, GSE267238, and GSE128739.",admitted
four_cohort_expression_signature,Solyc08g014130,cross_cohort_expression_membership,not_regulatory,four_expression_sources_same_direction,this_project,,"Membership requires same direction in source A, confirmation source B, GSE267238, and GSE128739.",admitted
four_cohort_expression_signature,Solyc10g054080,cross_cohort_expression_membership,not_regulatory,four_expression_sources_same_direction,this_project,,"Membership requires same direction in source A, confirmation source B, GSE267238, and GSE128739.",admitted
four_cohort_expression_signature,Solyc10g080980,cross_cohort_expression_membership,not_regulatory,four_expression_sources_same_direction,this_project,,"Membership requires same direction in source A, confirmation source B, GSE267238, and GSE128739.",admitted
four_cohort_expression_signature,Solyc12g011310,cross_cohort_expression_membership,not_regulatory,four_expression_sources_same_direction,this_project,,"Membership requires same direction in source A, confirmation source B, GSE267238, and GSE128739.",admitted
four_cohort_expression_signature,Solyc11g006670,cross_cohort_expression_membership,not_regulatory,four_expression_sources_same_direction,this_project,,"Membership requires same direction in source A, confirmation source B, GSE267238, and GSE128739.",admitted
four_cohort_expression_signature,Solyc08g063090,cross_cohort_expression_membership,not_regulatory,four_expression_sources_same_direction,this_project,,"Membership requires same direction in source A, confirmation source B, GSE267238, and GSE128739.",admitted
four_cohort_expression_signature,Solyc08g066430,cross_cohort_expression_membership,not_regulatory,four_expression_sources_same_direction,this_project,,"Membership requires same direction in source A, confirmation source B, GSE267238, and GSE128739.",admitted
four_cohort_expression_signature,Solyc02g070800,cross_cohort_expression_membership,not_regulatory,four_expression_sources_same_direction,this_project,,"Membership requires same direction in source A, confirmation source B, GSE267238, and GSE128739.",admitted
four_cohort_expression_signature,Solyc11g072310,cross_cohort_expression_membership,not_regulatory,four_expression_sources_same_direction,this_project,,"Membership requires same direction in source A, confirmation source B, GSE267238, and GSE128739.",admitted
four_cohort_expression_signature,Solyc09g083130,cross_cohort_expression_membership,not_regulatory,four_expression_sources_same_direction,this_project,,"Membership requires same direction in source A, confirmation source B, GSE267238, and GSE128739.",admitted
four_cohort_expression_signature,Solyc12g098490,cross_cohort_expression_membership,not_regulatory,four_expression_sources_same_direction,this_project,,"Membership requires same direction in source A, confirmation source B, GSE267238, and GSE128739.",admitted
four_cohort_expression_signature,Solyc07g007750,cross_cohort_expression_membership,not_regulatory,four_expression_sources_same_direction,this_project,,"Membership requires same direction in source A, confirmation source B, GSE267238, and GSE128739.",admitted
four_cohort_expression_signature,Solyc06g064900,cross_cohort_expression_membership,not_regulatory,four_expression_sources_same_direction,this_project,,"Membership requires same direction in source A, confirmation source B, GSE267238, and GSE128739.",admitted
four_cohort_expression_signature,Solyc10g085830,cross_cohort_expression_membership,not_regulatory,four_expression_sources_same_direction,this_project,,"Membership requires same direction in source A, confirmation source B, GSE267238, and GSE128739.",admitted
four_cohort_expression_signature,Solyc04g082120,cross_cohort_expression_membership,not_regulatory,four_expression_sources_same_direction,this_project,,"Membership requires same direction in source A, confirmation source B, GSE267238, and GSE128739.",admitted
four_cohort_expression_signature,Solyc04g081300,cross_cohort_expression_membership,not_regulatory,four_expression_sources_same_direction,this_project,,"Membership requires same direction in source A, confirmation source B, GSE267238, and GSE128739.",admitted
four_cohort_expression_signature,Solyc03g098740,cross_cohort_expression_membership,not_regulatory,four_expression_sources_same_direction,this_project,,"Membership requires same direction in source A, confirmation source B, GSE267238, and GSE128739.",admitted
four_cohort_expression_signature,Solyc03g006760,cross_cohort_expression_membership,not_regulatory,four_expression_sources_same_direction,this_project,,"Membership requires same direction in source A, confirmation source B, GSE267238, and GSE128739.",admitted
four_cohort_expression_signature,Solyc07g043420,cross_cohort_expression_membership,not_regulatory,four_expression_sources_same_direction,this_project,,"Membership requires same direction in source A, confirmation source B, GSE267238, and GSE128739.",admitted
four_cohort_expression_signature,Solyc09g007940,cross_cohort_expression_membership,not_regulatory,four_expression_sources_same_direction,this_project,,"Membership requires same direction in source A, confirmation source B, GSE267238, and GSE128739.",admitted
four_cohort_expression_signature,Solyc12g010050,cross_cohort_expression_membership,not_regulatory,four_expression_sources_same_direction,this_project,,"Membership requires same direction in source A, confirmation source B, GSE267238, and GSE128739.",admitted
four_cohort_expression_signature,Solyc10g078740,cross_cohort_expression_membership,not_regulatory,four_expression_sources_same_direction,this_project,,"Membership requires same direction in source A, confirmation source B, GSE267238, and GSE128739.",admitted
four_cohort_expression_signature,Solyc10g081010,cross_cohort_expression_membership,not_regulatory,four_expression_sources_same_direction,this_project,,"Membership requires same direction in source A, confirmation source B, GSE267238, and GSE128739.",admitted
four_cohort_expression_signature,Solyc01g100930,cross_cohort_expression_membership,not_regulatory,four_expression_sources_same_direction,this_project,,"Membership requires same direction in source A, confirmation source B, GSE267238, and GSE128739.",admitted
four_cohort_expression_signature,Solyc06g050840,cross_cohort_expression_membership,not_regulatory,four_expression_sources_same_direction,this_project,,"Membership requires same direction in source A, confirmation source B, GSE267238, and GSE128739.",admitted
four_cohort_expression_signature,Solyc03g114360,cross_cohort_expression_membership,not_regulatory,four_expression_sources_same_direction,this_project,,"Membership requires same direction in source A, confirmation source B, GSE267238, and GSE128739.",admitted
four_cohort_expression_signature,Solyc04g064870,cross_cohort_expression_membership,not_regulatory,four_expression_sources_same_direction,this_project,,"Membership requires same direction in source A, confirmation source B, GSE267238, and GSE128739.",admitted
four_cohort_expression_signature,Solyc05g006740,cross_cohort_expression_membership,not_regulatory,four_expression_sources_same_direction,this_project,,"Membership requires same direction in source A, confirmation source B, GSE267238, and GSE128739.",admitted
four_cohort_expression_signature,Solyc02g083670,cross_cohort_expression_membership,not_regulatory,four_expression_sources_same_direction,this_project,,"Membership requires same direction in source A, confirmation source B, GSE267238, and GSE128739.",admitted
four_cohort_expression_signature,Solyc02g023950,cross_cohort_expression_membership,not_regulatory,four_expression_sources_same_direction,this_project,,"Membership requires same direction in source A, confirmation source B, GSE267238, and GSE128739.",admitted
four_cohort_expression_signature,Solyc07g007350,cross_cohort_expression_membership,not_regulatory,four_expression_sources_same_direction,this_project,,"Membership requires same direction in source A, confirmation source B, GSE267238, and GSE128739.",admitted
four_cohort_expression_signature,Solyc02g085380,cross_cohort_expression_membership,not_regulatory,four_expression_sources_same_direction,this_project,,"Membership requires same direction in source A, confirmation source B, GSE267238, and GSE128739.",admitted
four_cohort_expression_signature,Solyc08g069010,cross_cohort_expression_membership,not_regulatory,four_expression_sources_same_direction,this_project,,"Membership requires same direction in source A, confirmation source B, GSE267238, and GSE128739.",admitted
four_cohort_expression_signature,Solyc01g109920,cross_cohort_expression_membership,not_regulatory,four_expression_sources_same_direction,this_project,,"Membership requires same direction in source A, confirmation source B, GSE267238, and GSE128739.",admitted
four_cohort_expression_signature,Solyc06g054320,cross_cohort_expression_membership,not_regulatory,four_expression_sources_same_direction,this_project,,"Membership requires same direction in source A, confirmation source B, GSE267238, and GSE128739.",admitted
four_cohort_expression_signature,Solyc07g049290,cross_cohort_expression_membership,not_regulatory,four_expression_sources_same_direction,this_project,,"Membership requires same direction in source A, confirmation source B, GSE267238, and GSE128739.",admitted
four_cohort_expression_signature,Solyc07g063600,cross_cohort_expression_membership,not_regulatory,four_expression_sources_same_direction,this_project,,"Membership requires same direction in source A, confirmation source B, GSE267238, and GSE128739.",admitted
four_cohort_expression_signature,Solyc02g065350,cross_cohort_expression_membership,not_regulatory,four_expression_sources_same_direction,this_project,,"Membership requires same direction in source A, confirmation source B, GSE267238, and GSE128739.",admitted
four_cohort_expression_signature,Solyc10g044680,cross_cohort_expression_membership,not_regulatory,four_expression_sources_same_direction,this_project,,"Membership requires same direction in source A, confirmation source B, GSE267238, and GSE128739.",admitted
four_cohort_expression_signature,Solyc12g055810,cross_cohort_expression_membership,not_regulatory,four_expression_sources_same_direction,this_project,,"Membership requires same direction in source A, confirmation source B, GSE267238, and GSE128739.",admitted
four_cohort_expression_signature,Solyc03g078440,cross_cohort_expression_membership,not_regulatory,four_expression_sources_same_direction,this_project,,"Membership requires same direction in source A, confirmation source B, GSE267238, and GSE128739.",admitted
four_cohort_expression_signature,Solyc01g080280,cross_cohort_expression_membership,not_regulatory,four_expression_sources_same_direction,this_project,,"Membership requires same direction in source A, confirmation source B, GSE267238, and GSE128739.",admitted
four_cohort_expression_signature,Solyc02g090930,cross_cohort_expression_membership,not_regulatory,four_expression_sources_same_direction,this_project,,"Membership requires same direction in source A, confirmation source B, GSE267238, and GSE128739.",admitted
four_cohort_expression_signature,Solyc02g063030,cross_cohort_expression_membership,not_regulatory,four_expression_sources_same_direction,this_project,,"Membership requires same direction in source A, confirmation source B, GSE267238, and GSE128739.",admitted
four_cohort_expression_signature,Solyc08g082250,cross_cohort_expression_membership,not_regulatory,four_expression_sources_same_direction,this_project,,"Membership requires same direction in source A, confirmation source B, GSE267238, and GSE128739.",admitted
four_cohort_expression_signature,Solyc03g093360,cross_cohort_expression_membership,not_regulatory,four_expression_sources_same_direction,this_project,,"Membership requires same direction in source A, confirmation source B, GSE267238, and GSE128739.",admitted
four_cohort_expression_signature,Solyc02g070940,cross_cohort_expression_membership,not_regulatory,four_expression_sources_same_direction,this_project,,"Membership requires same direction in source A, confirmation source B, GSE267238, and GSE128739.",admitted
four_cohort_expression_signature,Solyc11g072040,cross_cohort_expression_membership,not_regulatory,four_expression_sources_same_direction,this_project,,"Membership requires same direction in source A, confirmation source B, GSE267238, and GSE128739.",admitted
four_cohort_expression_signature,Solyc05g041430,cross_cohort_expression_membership,not_regulatory,four_expression_sources_same_direction,this_project,,"Membership requires same direction in source A, confirmation source B, GSE267238, and GSE128739.",admitted
four_cohort_expression_signature,Solyc03g117630,cross_cohort_expression_membership,not_regulatory,four_expression_sources_same_direction,this_project,,"Membership requires same direction in source A, confirmation source B, GSE267238, and GSE128739.",admitted
four_cohort_expression_signature,Solyc09g075140,cross_cohort_expression_membership,not_regulatory,four_expression_sources_same_direction,this_project,,"Membership requires same direction in source A, confirmation source B, GSE267238, and GSE128739.",admitted
four_cohort_expression_signature,Solyc06g071290,cross_cohort_expression_membership,not_regulatory,four_expression_sources_same_direction,this_project,,"Membership requires same direction in source A, confirmation source B, GSE267238, and GSE128739.",admitted
four_cohort_expression_signature,Solyc06g074260,cross_cohort_expression_membership,not_regulatory,four_expression_sources_same_direction,this_project,,"Membership requires same direction in source A, confirmation source B, GSE267238, and GSE128739.",admitted
four_cohort_expression_signature,Solyc02g078950,cross_cohort_expression_membership,not_regulatory,four_expression_sources_same_direction,this_project,,"Membership requires same direction in source A, confirmation source B, GSE267238, and GSE128739.",admitted
four_cohort_expression_signature,Solyc03g026210,cross_cohort_expression_membership,not_regulatory,four_expression_sources_same_direction,this_project,,"Membership requires same direction in source A, confirmation source B, GSE267238, and GSE128739.",admitted
four_cohort_expression_signature,Solyc02g092120,cross_cohort_expression_membership,not_regulatory,four_expression_sources_same_direction,this_project,,"Membership requires same direction in source A, confirmation source B, GSE267238, and GSE128739.",admitted
four_cohort_expression_signature,Solyc08g013670,cross_cohort_expression_membership,not_regulatory,four_expression_sources_same_direction,this_project,,"Membership requires same direction in source A, confirmation source B, GSE267238, and GSE128739.",admitted
four_cohort_expression_signature,Solyc06g074000,cross_cohort_expression_membership,not_regulatory,four_expression_sources_same_direction,this_project,,"Membership requires same direction in source A, confirmation source B, GSE267238, and GSE128739.",admitted
four_cohort_expression_signature,Solyc11g010200,cross_cohort_expression_membership,not_regulatory,four_expression_sources_same_direction,this_project,,"Membership requires same direction in source A, confirmation source B, GSE267238, and GSE128739.",admitted
four_cohort_expression_signature,Solyc06g084030,cross_cohort_expression_membership,not_regulatory,four_expression_sources_same_direction,this_project,,"Membership requires same direction in source A, confirmation source B, GSE267238, and GSE128739.",admitted
four_cohort_expression_signature,Solyc12g015630,cross_cohort_expression_membership,not_regulatory,four_expression_sources_same_direction,this_project,,"Membership requires same direction in source A, confirmation source B, GSE267238, and GSE128739.",admitted
four_cohort_expression_signature,Solyc10g079410,cross_cohort_expression_membership,not_regulatory,four_expression_sources_same_direction,this_project,,"Membership requires same direction in source A, confirmation source B, GSE267238, and GSE128739.",admitted
four_cohort_expression_signature,Solyc07g049300,cross_cohort_expression_membership,not_regulatory,four_expression_sources_same_direction,this_project,,"Membership requires same direction in source A, confirmation source B, GSE267238, and GSE128739.",admitted
four_cohort_expression_signature,Solyc07g066150,cross_cohort_expression_membership,not_regulatory,four_expression_sources_same_direction,this_project,,"Membership requires same direction in source A, confirmation source B, GSE267238, and GSE128739.",admitted
four_cohort_expression_signature,Solyc06g050870,cross_cohort_expression_membership,not_regulatory,four_expression_sources_same_direction,this_project,,"Membership requires same direction in source A, confirmation source B, GSE267238, and GSE128739.",admitted
four_cohort_expression_signature,Solyc06g084050,cross_cohort_expression_membership,not_regulatory,four_expression_sources_same_direction,this_project,,"Membership requires same direction in source A, confirmation source B, GSE267238, and GSE128739.",admitted
four_cohort_expression_signature,Solyc07g056510,cross_cohort_expression_membership,not_regulatory,four_expression_sources_same_direction,this_project,,"Membership requires same direction in source A, confirmation source B, GSE267238, and GSE128739.",admitted
four_cohort_expression_signature,Solyc10g005210,cross_cohort_expression_membership,not_regulatory,four_expression_sources_same_direction,this_project,,"Membership requires same direction in source A, confirmation source B, GSE267238, and GSE128739.",admitted
four_cohort_expression_signature,Solyc12g011410,cross_cohort_expression_membership,not_regulatory,four_expression_sources_same_direction,this_project,,"Membership requires same direction in source A, confirmation source B, GSE267238, and GSE128739.",admitted
four_cohort_expression_signature,Solyc02g072440,cross_cohort_expression_membership,not_regulatory,four_expression_sources_same_direction,this_project,,"Membership requires same direction in source A, confirmation source B, GSE267238, and GSE128739.",admitted
four_cohort_expression_signature,Solyc12g014570,cross_cohort_expression_membership,not_regulatory,four_expression_sources_same_direction,this_project,,"Membership requires same direction in source A, confirmation source B, GSE267238, and GSE128739.",admitted
four_cohort_expression_signature,Solyc06g082460,cross_cohort_expression_membership,not_regulatory,four_expression_sources_same_direction,this_project,,"Membership requires same direction in source A, confirmation source B, GSE267238, and GSE128739.",admitted
four_cohort_expression_signature,Solyc01g096740,cross_cohort_expression_membership,not_regulatory,four_expression_sources_same_direction,this_project,,"Membership requires same direction in source A, confirmation source B, GSE267238, and GSE128739.",admitted
four_cohort_expression_signature,Solyc05g014300,cross_cohort_expression_membership,not_regulatory,four_expression_sources_same_direction,this_project,,"Membership requires same direction in source A, confirmation source B, GSE267238, and GSE128739.",admitted
four_cohort_expression_signature,Solyc08g075080,cross_cohort_expression_membership,not_regulatory,four_expression_sources_same_direction,this_project,,"Membership requires same direction in source A, confirmation source B, GSE267238, and GSE128739.",admitted
four_cohort_expression_signature,Solyc09g065670,cross_cohort_expression_membership,not_regulatory,four_expression_sources_same_direction,this_project,,"Membership requires same direction in source A, confirmation source B, GSE267238, and GSE128739.",admitted
four_cohort_expression_signature,Solyc06g072650,cross_cohort_expression_membership,not_regulatory,four_expression_sources_same_direction,this_project,,"Membership requires same direction in source A, confirmation source B, GSE267238, and GSE128739.",admitted
four_cohort_expression_signature,Solyc12g017250,cross_cohort_expression_membership,not_regulatory,four_expression_sources_same_direction,this_project,,"Membership requires same direction in source A, confirmation source B, GSE267238, and GSE128739.",admitted
four_cohort_expression_signature,Solyc03g063730,cross_cohort_expression_membership,not_regulatory,four_expression_sources_same_direction,this_project,,"Membership requires same direction in source A, confirmation source B, GSE267238, and GSE128739.",admitted
four_cohort_expression_signature,Solyc07g051820,cross_cohort_expression_membership,not_regulatory,four_expression_sources_same_direction,this_project,,"Membership requires same direction in source A, confirmation source B, GSE267238, and GSE128739.",admitted
four_cohort_expression_signature,Solyc03g121600,cross_cohort_expression_membership,not_regulatory,four_expression_sources_same_direction,this_project,,"Membership requires same direction in source A, confirmation source B, GSE267238, and GSE128739.",admitted
four_cohort_expression_signature,Solyc03g115000,cross_cohort_expression_membership,not_regulatory,four_expression_sources_same_direction,this_project,,"Membership requires same direction in source A, confirmation source B, GSE267238, and GSE128739.",admitted
four_cohort_expression_signature,Solyc09g074630,cross_cohort_expression_membership,not_regulatory,four_expression_sources_same_direction,this_project,,"Membership requires same direction in source A, confirmation source B, GSE267238, and GSE128739.",admitted
four_cohort_expression_signature,Solyc01g105050,cross_cohort_expression_membership,not_regulatory,four_expression_sources_same_direction,this_project,,"Membership requires same direction in source A, confirmation source B, GSE267238, and GSE128739.",admitted
four_cohort_expression_signature,Solyc12g006140,cross_cohort_expression_membership,not_regulatory,four_expression_sources_same_direction,this_project,,"Membership requires same direction in source A, confirmation source B, GSE267238, and GSE128739.",admitted
four_cohort_expression_signature,Solyc05g005920,cross_cohort_expression_membership,not_regulatory,four_expression_sources_same_direction,this_project,,"Membership requires same direction in source A, confirmation source B, GSE267238, and GSE128739.",admitted
four_cohort_expression_signature,Solyc07g062670,cross_cohort_expression_membership,not_regulatory,four_expression_sources_same_direction,this_project,,"Membership requires same direction in source A, confirmation source B, GSE267238, and GSE128739.",admitted
four_cohort_expression_signature,Solyc01g066740,cross_cohort_expression_membership,not_regulatory,four_expression_sources_same_direction,this_project,,"Membership requires same direction in source A, confirmation source B, GSE267238, and GSE128739.",admitted
four_cohort_expression_signature,Solyc11g012880,cross_cohort_expression_membership,not_regulatory,four_expression_sources_same_direction,this_project,,"Membership requires same direction in source A, confirmation source B, GSE267238, and GSE128739.",admitted
four_cohort_expression_signature,Solyc07g054800,cross_cohort_expression_membership,not_regulatory,four_expression_sources_same_direction,this_project,,"Membership requires same direction in source A, confirmation source B, GSE267238, and GSE128739.",admitted
four_cohort_expression_signature,Solyc10g050110,cross_cohort_expression_membership,not_regulatory,four_expression_sources_same_direction,this_project,,"Membership requires same direction in source A, confirmation source B, GSE267238, and GSE128739.",admitted
four_cohort_expression_signature,Solyc05g010700,cross_cohort_expression_membership,not_regulatory,four_expression_sources_same_direction,this_project,,"Membership requires same direction in source A, confirmation source B, GSE267238, and GSE128739.",admitted
four_cohort_expression_signature,Solyc03g122350,cross_cohort_expression_membership,not_regulatory,four_expression_sources_same_direction,this_project,,"Membership requires same direction in source A, confirmation source B, GSE267238, and GSE128739.",admitted
four_cohort_expression_signature,Solyc10g083440,cross_cohort_expression_membership,not_regulatory,four_expression_sources_same_direction,this_project,,"Membership requires same direction in source A, confirmation source B, GSE267238, and GSE128739.",admitted
four_cohort_expression_signature,Solyc07g007550,cross_cohort_expression_membership,not_regulatory,four_expression_sources_same_direction,this_project,,"Membership requires same direction in source A, confirmation source B, GSE267238, and GSE128739.",admitted
four_cohort_expression_signature,Solyc01g079240,cross_cohort_expression_membership,not_regulatory,four_expression_sources_same_direction,this_project,,"Membership requires same direction in source A, confirmation source B, GSE267238, and GSE128739.",admitted
four_cohort_expression_signature,Solyc02g014430,cross_cohort_expression_membership,not_regulatory,four_expression_sources_same_direction,this_project,,"Membership requires same direction in source A, confirmation source B, GSE267238, and GSE128739.",admitted
four_cohort_expression_signature,Solyc10g054900,cross_cohort_expression_membership,not_regulatory,four_expression_sources_same_direction,this_project,,"Membership requires same direction in source A, confirmation source B, GSE267238, and GSE128739.",admitted
four_cohort_expression_signature,Solyc12g017530,cross_cohort_expression_membership,not_regulatory,four_expression_sources_same_direction,this_project,,"Membership requires same direction in source A, confirmation source B, GSE267238, and GSE128739.",admitted
four_cohort_expression_signature,Solyc11g010690,cross_cohort_expression_membership,not_regulatory,four_expression_sources_same_direction,this_project,,"Membership requires same direction in source A, confirmation source B, GSE267238, and GSE128739.",admitted
four_cohort_expression_signature,Solyc03g116510,cross_cohort_expression_membership,not_regulatory,four_expression_sources_same_direction,this_project,,"Membership requires same direction in source A, confirmation source B, GSE267238, and GSE128739.",admitted
four_cohort_expression_signature,Solyc03g118060,cross_cohort_expression_membership,not_regulatory,four_expression_sources_same_direction,this_project,,"Membership requires same direction in source A, confirmation source B, GSE267238, and GSE128739.",admitted
four_cohort_expression_signature,Solyc03g120290,cross_cohort_expression_membership,not_regulatory,four_expression_sources_same_direction,this_project,,"Membership requires same direction in source A, confirmation source B, GSE267238, and GSE128739.",admitted
four_cohort_expression_signature,Solyc11g008720,cross_cohort_expression_membership,not_regulatory,four_expression_sources_same_direction,this_project,,"Membership requires same direction in source A, confirmation source B, GSE267238, and GSE128739.",admitted
four_cohort_expression_signature,Solyc09g011590,cross_cohort_expression_membership,not_regulatory,four_expression_sources_same_direction,this_project,,"Membership requires same direction in source A, confirmation source B, GSE267238, and GSE128739.",admitted
four_cohort_expression_signature,Solyc04g015390,cross_cohort_expression_membership,not_regulatory,four_expression_sources_same_direction,this_project,,"Membership requires same direction in source A, confirmation source B, GSE267238, and GSE128739.",admitted
four_cohort_expression_signature,Solyc12g094640,cross_cohort_expression_membership,not_regulatory,four_expression_sources_same_direction,this_project,,"Membership requires same direction in source A, confirmation source B, GSE267238, and GSE128739.",admitted
four_cohort_expression_signature,Solyc01g108860,cross_cohort_expression_membership,not_regulatory,four_expression_sources_same_direction,this_project,,"Membership requires same direction in source A, confirmation source B, GSE267238, and GSE128739.",admitted
four_cohort_expression_signature,Solyc03g116370,cross_cohort_expression_membership,not_regulatory,four_expression_sources_same_direction,this_project,,"Membership requires same direction in source A, confirmation source B, GSE267238, and GSE128739.",admitted
four_cohort_expression_signature,Solyc02g087870,cross_cohort_expression_membership,not_regulatory,four_expression_sources_same_direction,this_project,,"Membership requires same direction in source A, confirmation source B, GSE267238, and GSE128739.",admitted
four_cohort_expression_signature,Solyc01g090730,cross_cohort_expression_membership,not_regulatory,four_expression_sources_same_direction,this_project,,"Membership requires same direction in source A, confirmation source B, GSE267238, and GSE128739.",admitted
four_cohort_expression_signature,Solyc09g092580,cross_cohort_expression_membership,not_regulatory,four_expression_sources_same_direction,this_project,,"Membership requires same direction in source A, confirmation source B, GSE267238, and GSE128739.",admitted
four_cohort_expression_signature,Solyc06g061170,cross_cohort_expression_membership,not_regulatory,four_expression_sources_same_direction,this_project,,"Membership requires same direction in source A, confirmation source B, GSE267238, and GSE128739.",admitted
four_cohort_expression_signature,Solyc05g056170,cross_cohort_expression_membership,not_regulatory,four_expression_sources_same_direction,this_project,,"Membership requires same direction in source A, confirmation source B, GSE267238, and GSE128739.",admitted
four_cohort_expression_signature,Solyc02g069670,cross_cohort_expression_membership,not_regulatory,four_expression_sources_same_direction,this_project,,"Membership requires same direction in source A, confirmation source B, GSE267238, and GSE128739.",admitted
four_cohort_expression_signature,Solyc08g077550,cross_cohort_expression_membership,not_regulatory,four_expression_sources_same_direction,this_project,,"Membership requires same direction in source A, confirmation source B, GSE267238, and GSE128739.",admitted
four_cohort_expression_signature,Solyc09g092430,cross_cohort_expression_membership,not_regulatory,four_expression_sources_same_direction,this_project,,"Membership requires same direction in source A, confirmation source B, GSE267238, and GSE128739.",admitted
four_cohort_expression_signature,Solyc07g008620,cross_cohort_expression_membership,not_regulatory,four_expression_sources_same_direction,this_project,,"Membership requires same direction in source A, confirmation source B, GSE267238, and GSE128739.",admitted
four_cohort_expression_signature,Solyc12g096570,cross_cohort_expression_membership,not_regulatory,four_expression_sources_same_direction,this_project,,"Membership requires same direction in source A, confirmation source B, GSE267238, and GSE128739.",admitted
four_cohort_expression_signature,Solyc10g006880,cross_cohort_expression_membership,not_regulatory,four_expression_sources_same_direction,this_project,,"Membership requires same direction in source A, confirmation source B, GSE267238, and GSE128739.",admitted
four_cohort_expression_signature,Solyc10g086710,cross_cohort_expression_membership,not_regulatory,four_expression_sources_same_direction,this_project,,"Membership requires same direction in source A, confirmation source B, GSE267238, and GSE128739.",admitted
four_cohort_expression_signature,Solyc12g088700,cross_cohort_expression_membership,not_regulatory,four_expression_sources_same_direction,this_project,,"Membership requires same direction in source A, confirmation source B, GSE267238, and GSE128739.",admitted
four_cohort_expression_signature,Solyc10g076710,cross_cohort_expression_membership,not_regulatory,four_expression_sources_same_direction,this_project,,"Membership requires same direction in source A, confirmation source B, GSE267238, and GSE128739.",admitted
four_cohort_expression_signature,Solyc11g006020,cross_cohort_expression_membership,not_regulatory,four_expression_sources_same_direction,this_project,,"Membership requires same direction in source A, confirmation source B, GSE267238, and GSE128739.",admitted
four_cohort_expression_signature,Solyc03g045070,cross_cohort_expression_membership,not_regulatory,four_expression_sources_same_direction,this_project,,"Membership requires same direction in source A, confirmation source B, GSE267238, and GSE128739.",admitted
four_cohort_expression_signature,Solyc07g065290,cross_cohort_expression_membership,not_regulatory,four_expression_sources_same_direction,this_project,,"Membership requires same direction in source A, confirmation source B, GSE267238, and GSE128739.",admitted
four_cohort_expression_signature,Solyc10g051020,cross_cohort_expression_membership,not_regulatory,four_expression_sources_same_direction,this_project,,"Membership requires same direction in source A, confirmation source B, GSE267238, and GSE128739.",admitted
four_cohort_expression_signature,Solyc04g064940,cross_cohort_expression_membership,not_regulatory,four_expression_sources_same_direction,this_project,,"Membership requires same direction in source A, confirmation source B, GSE267238, and GSE128739.",admitted
four_cohort_expression_signature,Solyc08g078870,cross_cohort_expression_membership,not_regulatory,four_expression_sources_same_direction,this_project,,"Membership requires same direction in source A, confirmation source B, GSE267238, and GSE128739.",admitted
four_cohort_expression_signature,Solyc03g005780,cross_cohort_expression_membership,not_regulatory,four_expression_sources_same_direction,this_project,,"Membership requires same direction in source A, confirmation source B, GSE267238, and GSE128739.",admitted
four_cohort_expression_signature,Solyc06g072700,cross_cohort_expression_membership,not_regulatory,four_expression_sources_same_direction,this_project,,"Membership requires same direction in source A, confirmation source B, GSE267238, and GSE128739.",admitted
four_cohort_expression_signature,Solyc03g122130,cross_cohort_expression_membership,not_regulatory,four_expression_sources_same_direction,this_project,,"Membership requires same direction in source A, confirmation source B, GSE267238, and GSE128739.",admitted
four_cohort_expression_signature,Solyc10g050980,cross_cohort_expression_membership,not_regulatory,four_expression_sources_same_direction,this_project,,"Membership requires same direction in source A, confirmation source B, GSE267238, and GSE128739.",admitted
four_cohort_expression_signature,Solyc09g005560,cross_cohort_expression_membership,not_regulatory,four_expression_sources_same_direction,this_project,,"Membership requires same direction in source A, confirmation source B, GSE267238, and GSE128739.",admitted
four_cohort_expression_signature,Solyc07g049370,cross_cohort_expression_membership,not_regulatory,four_expression_sources_same_direction,this_project,,"Membership requires same direction in source A, confirmation source B, GSE267238, and GSE128739.",admitted
four_cohort_expression_signature,Solyc02g089140,cross_cohort_expression_membership,not_regulatory,four_expression_sources_same_direction,this_project,,"Membership requires same direction in source A, confirmation source B, GSE267238, and GSE128739.",admitted
four_cohort_expression_signature,Solyc11g020330,cross_cohort_expression_membership,not_regulatory,four_expression_sources_same_direction,this_project,,"Membership requires same direction in source A, confirmation source B, GSE267238, and GSE128739.",admitted
four_cohort_expression_signature,Solyc10g080540,cross_cohort_expression_membership,not_regulatory,four_expression_sources_same_direction,this_project,,"Membership requires same direction in source A, confirmation source B, GSE267238, and GSE128739.",admitted
four_cohort_expression_signature,Solyc02g083450,cross_cohort_expression_membership,not_regulatory,four_expression_sources_same_direction,this_project,,"Membership requires same direction in source A, confirmation source B, GSE267238, and GSE128739.",admitted
four_cohort_expression_signature,Solyc02g092110,cross_cohort_expression_membership,not_regulatory,four_expression_sources_same_direction,this_project,,"Membership requires same direction in source A, confirmation source B, GSE267238, and GSE128739.",admitted
four_cohort_expression_signature,Solyc02g092580,cross_cohort_expression_membership,not_regulatory,four_expression_sources_same_direction,this_project,,"Membership requires same direction in source A, confirmation source B, GSE267238, and GSE128739.",admitted
four_cohort_expression_signature,Solyc02g065530,cross_cohort_expression_membership,not_regulatory,four_expression_sources_same_direction,this_project,,"Membership requires same direction in source A, confirmation source B, GSE267238, and GSE128739.",admitted
four_cohort_expression_signature,Solyc05g007120,cross_cohort_expression_membership,not_regulatory,four_expression_sources_same_direction,this_project,,"Membership requires same direction in source A, confirmation source B, GSE267238, and GSE128739.",admitted
four_cohort_expression_signature,Solyc02g083700,cross_cohort_expression_membership,not_regulatory,four_expression_sources_same_direction,this_project,,"Membership requires same direction in source A, confirmation source B, GSE267238, and GSE128739.",admitted
four_cohort_expression_signature,Solyc07g063850,cross_cohort_expression_membership,not_regulatory,four_expression_sources_same_direction,this_project,,"Membership requires same direction in source A, confirmation source B, GSE267238, and GSE128739.",admitted
four_cohort_expression_signature,Solyc10g024430,cross_cohort_expression_membership,not_regulatory,four_expression_sources_same_direction,this_project,,"Membership requires same direction in source A, confirmation source B, GSE267238, and GSE128739.",admitted
four_cohort_expression_signature,Solyc07g017600,cross_cohort_expression_membership,not_regulatory,four_expression_sources_same_direction,this_project,,"Membership requires same direction in source A, confirmation source B, GSE267238, and GSE128739.",admitted
four_cohort_expression_signature,Solyc03g117690,cross_cohort_expression_membership,not_regulatory,four_expression_sources_same_direction,this_project,,"Membership requires same direction in source A, confirmation source B, GSE267238, and GSE128739.",admitted
four_cohort_expression_signature,Solyc06g005300,cross_cohort_expression_membership,not_regulatory,four_expression_sources_same_direction,this_project,,"Membership requires same direction in source A, confirmation source B, GSE267238, and GSE128739.",admitted
four_cohort_expression_signature,Solyc08g006310,cross_cohort_expression_membership,not_regulatory,four_expression_sources_same_direction,this_project,,"Membership requires same direction in source A, confirmation source B, GSE267238, and GSE128739.",admitted
four_cohort_expression_signature,Solyc04g015640,cross_cohort_expression_membership,not_regulatory,four_expression_sources_same_direction,this_project,,"Membership requires same direction in source A, confirmation source B, GSE267238, and GSE128739.",admitted
four_cohort_expression_signature,Solyc11g044910,cross_cohort_expression_membership,not_regulatory,four_expression_sources_same_direction,this_project,,"Membership requires same direction in source A, confirmation source B, GSE267238, and GSE128739.",admitted
four_cohort_expression_signature,Solyc02g083380,cross_cohort_expression_membership,not_regulatory,four_expression_sources_same_direction,this_project,,"Membership requires same direction in source A, confirmation source B, GSE267238, and GSE128739.",admitted
four_cohort_expression_signature,Solyc03g082560,cross_cohort_expression_membership,not_regulatory,four_expression_sources_same_direction,this_project,,"Membership requires same direction in source A, confirmation source B, GSE267238, and GSE128739.",admitted
four_cohort_expression_signature,Solyc04g016200,cross_cohort_expression_membership,not_regulatory,four_expression_sources_same_direction,this_project,,"Membership requires same direction in source A, confirmation source B, GSE267238, and GSE128739.",admitted
four_cohort_expression_signature,Solyc11g040150,cross_cohort_expression_membership,not_regulatory,four_expression_sources_same_direction,this_project,,"Membership requires same direction in source A, confirmation source B, GSE267238, and GSE128739.",admitted
four_cohort_expression_signature,Solyc11g072080,cross_cohort_expression_membership,not_regulatory,four_expression_sources_same_direction,this_project,,"Membership requires same direction in source A, confirmation source B, GSE267238, and GSE128739.",admitted
four_cohort_expression_signature,Solyc10g049230,cross_cohort_expression_membership,not_regulatory,four_expression_sources_same_direction,this_project,,"Membership requires same direction in source A, confirmation source B, GSE267238, and GSE128739.",admitted
four_cohort_expression_signature,Solyc09g092130,cross_cohort_expression_membership,not_regulatory,four_expression_sources_same_direction,this_project,,"Membership requires same direction in source A, confirmation source B, GSE267238, and GSE128739.",admitted
four_cohort_expression_signature,Solyc11g012860,cross_cohort_expression_membership,not_regulatory,four_expression_sources_same_direction,this_project,,"Membership requires same direction in source A, confirmation source B, GSE267238, and GSE128739.",admitted
four_cohort_expression_signature,Solyc02g078340,cross_cohort_expression_membership,not_regulatory,four_expression_sources_same_direction,this_project,,"Membership requires same direction in source A, confirmation source B, GSE267238, and GSE128739.",admitted
four_cohort_expression_signature,Solyc01g109500,cross_cohort_expression_membership,not_regulatory,four_expression_sources_same_direction,this_project,,"Membership requires same direction in source A, confirmation source B, GSE267238, and GSE128739.",admitted
four_cohort_expression_signature,Solyc06g075720,cross_cohort_expression_membership,not_regulatory,four_expression_sources_same_direction,this_project,,"Membership requires same direction in source A, confirmation source B, GSE267238, and GSE128739.",admitted
four_cohort_expression_signature,Solyc10g044510,cross_cohort_expression_membership,not_regulatory,four_expression_sources_same_direction,this_project,,"Membership requires same direction in source A, confirmation source B, GSE267238, and GSE128739.",admitted
four_cohort_expression_signature,Solyc12g041950,cross_cohort_expression_membership,not_regulatory,four_expression_sources_same_direction,this_project,,"Membership requires same direction in source A, confirmation source B, GSE267238, and GSE128739.",admitted
four_cohort_expression_signature,Solyc05g015370,cross_cohort_expression_membership,not_regulatory,four_expression_sources_same_direction,this_project,,"Membership requires same direction in source A, confirmation source B, GSE267238, and GSE128739.",admitted
four_cohort_expression_signature,Solyc01g109180,cross_cohort_expression_membership,not_regulatory,four_expression_sources_same_direction,this_project,,"Membership requires same direction in source A, confirmation source B, GSE267238, and GSE128739.",admitted
four_cohort_expression_signature,Solyc12g055970,cross_cohort_expression_membership,not_regulatory,four_expression_sources_same_direction,this_project,,"Membership requires same direction in source A, confirmation source B, GSE267238, and GSE128739.",admitted
four_cohort_expression_signature,Solyc02g065780,cross_cohort_expression_membership,not_regulatory,four_expression_sources_same_direction,this_project,,"Membership requires same direction in source A, confirmation source B, GSE267238, and GSE128739.",admitted
four_cohort_expression_signature,Solyc03g118370,cross_cohort_expression_membership,not_regulatory,four_expression_sources_same_direction,this_project,,"Membership requires same direction in source A, confirmation source B, GSE267238, and GSE128739.",admitted
four_cohort_expression_signature,Solyc02g090960,cross_cohort_expression_membership,not_regulatory,four_expression_sources_same_direction,this_project,,"Membership requires same direction in source A, confirmation source B, GSE267238, and GSE128739.",admitted
four_cohort_expression_signature,Solyc03g083440,cross_cohort_expression_membership,not_regulatory,four_expression_sources_same_direction,this_project,,"Membership requires same direction in source A, confirmation source B, GSE267238, and GSE128739.",admitted
four_cohort_expression_signature,Solyc11g008810,cross_cohort_expression_membership,not_regulatory,four_expression_sources_same_direction,this_project,,"Membership requires same direction in source A, confirmation source B, GSE267238, and GSE128739.",admitted
four_cohort_expression_signature,Solyc06g083580,cross_cohort_expression_membership,not_regulatory,four_expression_sources_same_direction,this_project,,"Membership requires same direction in source A, confirmation source B, GSE267238, and GSE128739.",admitted
four_cohort_expression_signature,Solyc02g085950,cross_cohort_expression_membership,not_regulatory,four_expression_sources_same_direction,this_project,,"Membership requires same direction in source A, confirmation source B, GSE267238, and GSE128739.",admitted
four_cohort_expression_signature,Solyc07g055690,cross_cohort_expression_membership,not_regulatory,four_expression_sources_same_direction,this_project,,"Membership requires same direction in source A, confirmation source B, GSE267238, and GSE128739.",admitted
four_cohort_expression_signature,Solyc10g054670,cross_cohort_expression_membership,not_regulatory,four_expression_sources_same_direction,this_project,,"Membership requires same direction in source A, confirmation source B, GSE267238, and GSE128739.",admitted
four_cohort_expression_signature,Solyc07g008430,cross_cohort_expression_membership,not_regulatory,four_expression_sources_same_direction,this_project,,"Membership requires same direction in source A, confirmation source B, GSE267238, and GSE128739.",admitted
four_cohort_expression_signature,Solyc02g071000,cross_cohort_expression_membership,not_regulatory,four_expression_sources_same_direction,this_project,,"Membership requires same direction in source A, confirmation source B, GSE267238, and GSE128739.",admitted
four_cohort_expression_signature,Solyc09g089750,cross_cohort_expression_membership,not_regulatory,four_expression_sources_same_direction,this_project,,"Membership requires same direction in source A, confirmation source B, GSE267238, and GSE128739.",admitted
four_cohort_expression_signature,Solyc12g042010,cross_cohort_expression_membership,not_regulatory,four_expression_sources_same_direction,this_project,,"Membership requires same direction in source A, confirmation source B, GSE267238, and GSE128739.",admitted
four_cohort_expression_signature,Solyc04g054740,cross_cohort_expression_membership,not_regulatory,four_expression_sources_same_direction,this_project,,"Membership requires same direction in source A, confirmation source B, GSE267238, and GSE128739.",admitted
four_cohort_expression_signature,Solyc07g043460,cross_cohort_expression_membership,not_regulatory,four_expression_sources_same_direction,this_project,,"Membership requires same direction in source A, confirmation source B, GSE267238, and GSE128739.",admitted
four_cohort_expression_signature,Solyc07g017950,cross_cohort_expression_membership,not_regulatory,four_expression_sources_same_direction,this_project,,"Membership requires same direction in source A, confirmation source B, GSE267238, and GSE128739.",admitted
four_cohort_expression_signature,Solyc03g120890,cross_cohort_expression_membership,not_regulatory,four_expression_sources_same_direction,this_project,,"Membership requires same direction in source A, confirmation source B, GSE267238, and GSE128739.",admitted
four_cohort_expression_signature,Solyc02g085910,cross_cohort_expression_membership,not_regulatory,four_expression_sources_same_direction,this_project,,"Membership requires same direction in source A, confirmation source B, GSE267238, and GSE128739.",admitted
four_cohort_expression_signature,Solyc02g078040,cross_cohort_expression_membership,not_regulatory,four_expression_sources_same_direction,this_project,,"Membership requires same direction in source A, confirmation source B, GSE267238, and GSE128739.",admitted
four_cohort_expression_signature,Solyc07g054750,cross_cohort_expression_membership,not_regulatory,four_expression_sources_same_direction,this_project,,"Membership requires same direction in source A, confirmation source B, GSE267238, and GSE128739.",admitted
four_cohort_expression_signature,Solyc09g011610,cross_cohort_expression_membership,not_regulatory,four_expression_sources_same_direction,this_project,,"Membership requires same direction in source A, confirmation source B, GSE267238, and GSE128739.",admitted
four_cohort_expression_signature,Solyc11g007540,cross_cohort_expression_membership,not_regulatory,four_expression_sources_same_direction,this_project,,"Membership requires same direction in source A, confirmation source B, GSE267238, and GSE128739.",admitted
four_cohort_expression_signature,Solyc10g011950,cross_cohort_expression_membership,not_regulatory,four_expression_sources_same_direction,this_project,,"Membership requires same direction in source A, confirmation source B, GSE267238, and GSE128739.",admitted
four_cohort_expression_signature,Solyc12g013680,cross_cohort_expression_membership,not_regulatory,four_expression_sources_same_direction,this_project,,"Membership requires same direction in source A, confirmation source B, GSE267238, and GSE128739.",admitted
four_cohort_expression_signature,Solyc09g061890,cross_cohort_expression_membership,not_regulatory,four_expression_sources_same_direction,this_project,,"Membership requires same direction in source A, confirmation source B, GSE267238, and GSE128739.",admitted
four_cohort_expression_signature,Solyc07g056670,cross_cohort_expression_membership,not_regulatory,four_expression_sources_same_direction,this_project,,"Membership requires same direction in source A, confirmation source B, GSE267238, and GSE128739.",admitted
four_cohort_expression_signature,Solyc03g031880,cross_cohort_expression_membership,not_regulatory,four_expression_sources_same_direction,this_project,,"Membership requires same direction in source A, confirmation source B, GSE267238, and GSE128739.",admitted
four_cohort_expression_signature,Solyc04g009530,cross_cohort_expression_membership,not_regulatory,four_expression_sources_same_direction,this_project,,"Membership requires same direction in source A, confirmation source B, GSE267238, and GSE128739.",admitted
four_cohort_expression_signature,Solyc10g076240,cross_cohort_expression_membership,not_regulatory,four_expression_sources_same_direction,this_project,,"Membership requires same direction in source A, confirmation source B, GSE267238, and GSE128739.",admitted
four_cohort_expression_signature,Solyc02g078620,cross_cohort_expression_membership,not_regulatory,four_expression_sources_same_direction,this_project,,"Membership requires same direction in source A, confirmation source B, GSE267238, and GSE128739.",admitted
four_cohort_expression_signature,Solyc10g086320,cross_cohort_expression_membership,not_regulatory,four_expression_sources_same_direction,this_project,,"Membership requires same direction in source A, confirmation source B, GSE267238, and GSE128739.",admitted
four_cohort_expression_signature,Solyc12g006660,cross_cohort_expression_membership,not_regulatory,four_expression_sources_same_direction,this_project,,"Membership requires same direction in source A, confirmation source B, GSE267238, and GSE128739.",admitted
four_cohort_expression_signature,Solyc05g047530,cross_cohort_expression_membership,not_regulatory,four_expression_sources_same_direction,this_project,,"Membership requires same direction in source A, confirmation source B, GSE267238, and GSE128739.",admitted
four_cohort_expression_signature,Solyc02g088500,cross_cohort_expression_membership,not_regulatory,four_expression_sources_same_direction,this_project,,"Membership requires same direction in source A, confirmation source B, GSE267238, and GSE128739.",admitted
four_cohort_expression_signature,Solyc11g066670,cross_cohort_expression_membership,not_regulatory,four_expression_sources_same_direction,this_project,,"Membership requires same direction in source A, confirmation source B, GSE267238, and GSE128739.",admitted
four_cohort_expression_signature,Solyc01g068490,cross_cohort_expression_membership,not_regulatory,four_expression_sources_same_direction,this_project,,"Membership requires same direction in source A, confirmation source B, GSE267238, and GSE128739.",admitted
four_cohort_expression_signature,Solyc10g078160,cross_cohort_expression_membership,not_regulatory,four_expression_sources_same_direction,this_project,,"Membership requires same direction in source A, confirmation source B, GSE267238, and GSE128739.",admitted
four_cohort_expression_signature,Solyc12g055840,cross_cohort_expression_membership,not_regulatory,four_expression_sources_same_direction,this_project,,"Membership requires same direction in source A, confirmation source B, GSE267238, and GSE128739.",admitted
four_cohort_expression_signature,Solyc03g112030,cross_cohort_expression_membership,not_regulatory,four_expression_sources_same_direction,this_project,,"Membership requires same direction in source A, confirmation source B, GSE267238, and GSE128739.",admitted
four_cohort_expression_signature,Solyc12g008480,cross_cohort_expression_membership,not_regulatory,four_expression_sources_same_direction,this_project,,"Membership requires same direction in source A, confirmation source B, GSE267238, and GSE128739.",admitted
four_cohort_expression_signature,Solyc03g031630,cross_cohort_expression_membership,not_regulatory,four_expression_sources_same_direction,this_project,,"Membership requires same direction in source A, confirmation source B, GSE267238, and GSE128739.",admitted
four_cohort_expression_signature,Solyc10g006720,cross_cohort_expression_membership,not_regulatory,four_expression_sources_same_direction,this_project,,"Membership requires same direction in source A, confirmation source B, GSE267238, and GSE128739.",admitted
four_cohort_expression_signature,Solyc08g076520,cross_cohort_expression_membership,not_regulatory,four_expression_sources_same_direction,this_project,,"Membership requires same direction in source A, confirmation source B, GSE267238, and GSE128739.",admitted
four_cohort_expression_signature,Solyc05g053640,cross_cohort_expression_membership,not_regulatory,four_expression_sources_same_direction,this_project,,"Membership requires same direction in source A, confirmation source B, GSE267238, and GSE128739.",admitted
four_cohort_expression_signature,Solyc06g069380,cross_cohort_expression_membership,not_regulatory,four_expression_sources_same_direction,this_project,,"Membership requires same direction in source A, confirmation source B, GSE267238, and GSE128739.",admitted
four_cohort_expression_signature,Solyc12g049520,cross_cohort_expression_membership,not_regulatory,four_expression_sources_same_direction,this_project,,"Membership requires same direction in source A, confirmation source B, GSE267238, and GSE128739.",admitted
four_cohort_expression_signature,Solyc02g067320,cross_cohort_expression_membership,not_regulatory,four_expression_sources_same_direction,this_project,,"Membership requires same direction in source A, confirmation source B, GSE267238, and GSE128739.",admitted
four_cohort_expression_signature,Solyc08g066330,cross_cohort_expression_membership,not_regulatory,four_expression_sources_same_direction,this_project,,"Membership requires same direction in source A, confirmation source B, GSE267238, and GSE128739.",admitted
four_cohort_expression_signature,Solyc03g121720,cross_cohort_expression_membership,not_regulatory,four_expression_sources_same_direction,this_project,,"Membership requires same direction in source A, confirmation source B, GSE267238, and GSE128739.",admitted
four_cohort_expression_signature,Solyc07g016170,cross_cohort_expression_membership,not_regulatory,four_expression_sources_same_direction,this_project,,"Membership requires same direction in source A, confirmation source B, GSE267238, and GSE128739.",admitted
four_cohort_expression_signature,Solyc08g044260,cross_cohort_expression_membership,not_regulatory,four_expression_sources_same_direction,this_project,,"Membership requires same direction in source A, confirmation source B, GSE267238, and GSE128739.",admitted
four_cohort_expression_signature,Solyc09g015000,cross_cohort_expression_membership,not_regulatory,four_expression_sources_same_direction,this_project,,"Membership requires same direction in source A, confirmation source B, GSE267238, and GSE128739.",admitted
four_cohort_expression_signature,Solyc11g005990,cross_cohort_expression_membership,not_regulatory,four_expression_sources_same_direction,this_project,,"Membership requires same direction in source A, confirmation source B, GSE267238, and GSE128739.",admitted
four_cohort_expression_signature,Solyc03g112130,cross_cohort_expression_membership,not_regulatory,four_expression_sources_same_direction,this_project,,"Membership requires same direction in source A, confirmation source B, GSE267238, and GSE128739.",admitted
four_cohort_expression_signature,Solyc06g069730,cross_cohort_expression_membership,not_regulatory,four_expression_sources_same_direction,this_project,,"Membership requires same direction in source A, confirmation source B, GSE267238, and GSE128739.",admitted
RIN,Solyc01g095080,in_vivo_promoter_binding,binding_only,ripening_tomato_fruit,PMC3039564;GSE40257,https://pmc.ncbi.nlm.nih.gov/articles/PMC3039564/,RIN occupancy at the LeACS2 promoter was tested by ChIP-qPCR; binding is retained without inferring activation magnitude in this project,admitted
SlJMJ6,Solyc08g005770,chromatin_binding_h3k27me3_loss_and_upregulation,reported_activation_in_overexpression_context,SlJMJ6_overexpression_tomato_fruit,GSE142714;Li2020,https://nph.onlinelibrary.wiley.com/doi/10.1111/nph.16590/,The source reports SlJMJ6 association with AAT1 chromatin together with reduced H3K27me3 and increased expression in overexpression fruit; scope is retained exactly as this perturbation context,admitted
RIN,Solyc03g114360,in_vivo_promoter_binding,binding_only,ripening_tomato_fruit;ITAG2;three_biological_replicates,GSE40257;PMID:23386264,https://www.ncbi.nlm.nih.gov/geo/query/acc.cgi?acc=GSE40257,Source peak-to-feature table: FDR <= 0.05 in at least two independent ChIP-chip replicates; occupancy only.,admitted
RIN,Solyc10g006880,in_vivo_promoter_binding,binding_only,ripening_tomato_fruit;ITAG2;three_biological_replicates,GSE40257;PMID:23386264,https://www.ncbi.nlm.nih.gov/geo/query/acc.cgi?acc=GSE40257,Source peak-to-feature table: FDR <= 0.05 in at least two independent ChIP-chip replicates; occupancy only.,admitted
RIN,Solyc02g084600,in_vivo_promoter_binding,binding_only,ripening_tomato_fruit;ITAG2;three_biological_replicates,GSE40257;PMID:23386264,https://www.ncbi.nlm.nih.gov/geo/query/acc.cgi?acc=GSE40257,Source peak-to-feature table: FDR <= 0.05 in at least two independent ChIP-chip replicates; occupancy only.,admitted
RIN,Solyc03g082560,in_vivo_promoter_binding,binding_only,ripening_tomato_fruit;ITAG2;three_biological_replicates,GSE40257;PMID:23386264,https://www.ncbi.nlm.nih.gov/geo/query/acc.cgi?acc=GSE40257,Source peak-to-feature table: FDR <= 0.05 in at least two independent ChIP-chip replicates; occupancy only.,admitted
RIN,Solyc08g080630,in_vivo_promoter_binding,binding_only,ripening_tomato_fruit;ITAG2;three_biological_replicates,GSE40257;PMID:23386264,https://www.ncbi.nlm.nih.gov/geo/query/acc.cgi?acc=GSE40257,Source peak-to-feature table: FDR <= 0.05 in at least two independent ChIP-chip replicates; occupancy only.,admitted
RIN,Solyc02g083380,in_vivo_promoter_binding,binding_only,ripening_tomato_fruit;ITAG2;three_biological_replicates,GSE40257;PMID:23386264,https://www.ncbi.nlm.nih.gov/geo/query/acc.cgi?acc=GSE40257,Source peak-to-feature table: FDR <= 0.05 in at least two independent ChIP-chip replicates; occupancy only.,admitted
RIN,Solyc02g088270,in_vivo_promoter_binding,binding_only,ripening_tomato_fruit;ITAG2;three_biological_replicates,GSE40257;PMID:23386264,https://www.ncbi.nlm.nih.gov/geo/query/acc.cgi?acc=GSE40257,Source peak-to-feature table: FDR <= 0.05 in at least two independent ChIP-chip replicates; occupancy only.,admitted
RIN,Solyc07g042390,in_vivo_promoter_binding,binding_only,ripening_tomato_fruit;ITAG2;three_biological_replicates,GSE40257;PMID:23386264,https://www.ncbi.nlm.nih.gov/geo/query/acc.cgi?acc=GSE40257,Source peak-to-feature table: FDR <= 0.05 in at least two independent ChIP-chip replicates; occupancy only.,admitted
RIN,Solyc07g063600,in_vivo_promoter_binding,binding_only,ripening_tomato_fruit;ITAG2;three_biological_replicates,GSE40257;PMID:23386264,https://www.ncbi.nlm.nih.gov/geo/query/acc.cgi?acc=GSE40257,Source peak-to-feature table: FDR <= 0.05 in at least two independent ChIP-chip replicates; occupancy only.,admitted
RIN,Solyc10g079050,in_vivo_promoter_binding,binding_only,ripening_tomato_fruit;ITAG2;three_biological_replicates,GSE40257;PMID:23386264,https://www.ncbi.nlm.nih.gov/geo/query/acc.cgi?acc=GSE40257,Source peak-to-feature table: FDR <= 0.05 in at least two independent ChIP-chip replicates; occupancy only.,admitted
RIN,Solyc04g080250,in_vivo_promoter_binding,binding_only,ripening_tomato_fruit;ITAG2;three_biological_replicates,GSE40257;PMID:23386264,https://www.ncbi.nlm.nih.gov/geo/query/acc.cgi?acc=GSE40257,Source peak-to-feature table: FDR <= 0.05 in at least two independent ChIP-chip replicates; occupancy only.,admitted
RIN,Solyc03g118060,in_vivo_promoter_binding,binding_only,ripening_tomato_fruit;ITAG2;three_biological_replicates,GSE40257;PMID:23386264,https://www.ncbi.nlm.nih.gov/geo/query/acc.cgi?acc=GSE40257,Source peak-to-feature table: FDR <= 0.05 in at least two independent ChIP-chip replicates; occupancy only.,admitted
RIN,Solyc01g066740,in_vivo_promoter_binding,binding_only,ripening_tomato_fruit;ITAG2;three_biological_replicates,GSE40257;PMID:23386264,https://www.ncbi.nlm.nih.gov/geo/query/acc.cgi?acc=GSE40257,Source peak-to-feature table: FDR <= 0.05 in at least two independent ChIP-chip replicates; occupancy only.,admitted
RIN,Solyc08g005770,in_vivo_promoter_binding,binding_only,ripening_tomato_fruit;ITAG2;three_biological_replicates,GSE40257;PMID:23386264,https://www.ncbi.nlm.nih.gov/geo/query/acc.cgi?acc=GSE40257,Source peak-to-feature table: FDR <= 0.05 in at least two independent ChIP-chip replicates; occupancy only.,admitted
RIN,Solyc01g109920,in_vivo_promoter_binding,binding_only,ripening_tomato_fruit;ITAG2;three_biological_replicates,GSE40257;PMID:23386264,https://www.ncbi.nlm.nih.gov/geo/query/acc.cgi?acc=GSE40257,Source peak-to-feature table: FDR <= 0.05 in at least two independent ChIP-chip replicates; occupancy only.,admitted
RIN,Solyc06g068900,in_vivo_promoter_binding,binding_only,ripening_tomato_fruit;ITAG2;three_biological_replicates,GSE40257;PMID:23386264,https://www.ncbi.nlm.nih.gov/geo/query/acc.cgi?acc=GSE40257,Source peak-to-feature table: FDR <= 0.05 in at least two independent ChIP-chip replicates; occupancy only.,admitted
RIN,Solyc06g051800,in_vivo_promoter_binding,binding_only,ripening_tomato_fruit;ITAG2;three_biological_replicates,GSE40257;PMID:23386264,https://www.ncbi.nlm.nih.gov/geo/query/acc.cgi?acc=GSE40257,Source peak-to-feature table: FDR <= 0.05 in at least two independent ChIP-chip replicates; occupancy only.,admitted
RIN,Solyc01g104850,in_vivo_promoter_binding,binding_only,ripening_tomato_fruit;ITAG2;three_biological_replicates,GSE40257;PMID:23386264,https://www.ncbi.nlm.nih.gov/geo/query/acc.cgi?acc=GSE40257,Source peak-to-feature table: FDR <= 0.05 in at least two independent ChIP-chip replicates; occupancy only.,admitted
RIN,Solyc09g092430,in_vivo_promoter_binding,binding_only,ripening_tomato_fruit;ITAG2;three_biological_replicates,GSE40257;PMID:23386264,https://www.ncbi.nlm.nih.gov/geo/query/acc.cgi?acc=GSE40257,Source peak-to-feature table: FDR <= 0.05 in at least two independent ChIP-chip replicates; occupancy only.,admitted
RIN,Solyc04g064870,in_vivo_promoter_binding,binding_only,ripening_tomato_fruit;ITAG2;three_biological_replicates,GSE40257;PMID:23386264,https://www.ncbi.nlm.nih.gov/geo/query/acc.cgi?acc=GSE40257,Source peak-to-feature table: FDR <= 0.05 in at least two independent ChIP-chip replicates; occupancy only.,admitted
RIN,Solyc07g054750,in_vivo_promoter_binding,binding_only,ripening_tomato_fruit;ITAG2;three_biological_replicates,GSE40257;PMID:23386264,https://www.ncbi.nlm.nih.gov/geo/query/acc.cgi?acc=GSE40257,Source peak-to-feature table: FDR <= 0.05 in at least two independent ChIP-chip replicates; occupancy only.,admitted
RIN,Solyc12g017530,in_vivo_promoter_binding,binding_only,ripening_tomato_fruit;ITAG2;three_biological_replicates,GSE40257;PMID:23386264,https://www.ncbi.nlm.nih.gov/geo/query/acc.cgi?acc=GSE40257,Source peak-to-feature table: FDR <= 0.05 in at least two independent ChIP-chip replicates; occupancy only.,admitted
RIN,Solyc08g005610,in_vivo_promoter_binding,binding_only,ripening_tomato_fruit;ITAG2;three_biological_replicates,GSE40257;PMID:23386264,https://www.ncbi.nlm.nih.gov/geo/query/acc.cgi?acc=GSE40257,Source peak-to-feature table: FDR <= 0.05 in at least two independent ChIP-chip replicates; occupancy only.,admitted
RIN,Solyc12g096570,in_vivo_promoter_binding,binding_only,ripening_tomato_fruit;ITAG2;three_biological_replicates,GSE40257;PMID:23386264,https://www.ncbi.nlm.nih.gov/geo/query/acc.cgi?acc=GSE40257,Source peak-to-feature table: FDR <= 0.05 in at least two independent ChIP-chip replicates; occupancy only.,admitted
RIN,Solyc06g072650,in_vivo_promoter_binding,binding_only,ripening_tomato_fruit;ITAG2;three_biological_replicates,GSE40257;PMID:23386264,https://www.ncbi.nlm.nih.gov/geo/query/acc.cgi?acc=GSE40257,Source peak-to-feature table: FDR <= 0.05 in at least two independent ChIP-chip replicates; occupancy only.,admitted
RIN,Solyc10g083400,in_vivo_promoter_binding,binding_only,ripening_tomato_fruit;ITAG2;three_biological_replicates,GSE40257;PMID:23386264,https://www.ncbi.nlm.nih.gov/geo/query/acc.cgi?acc=GSE40257,Source peak-to-feature table: FDR <= 0.05 in at least two independent ChIP-chip replicates; occupancy only.,admitted
RIN,Solyc01g108490,in_vivo_promoter_binding,binding_only,ripening_tomato_fruit;ITAG2;three_biological_replicates,GSE40257;PMID:23386264,https://www.ncbi.nlm.nih.gov/geo/query/acc.cgi?acc=GSE40257,Source peak-to-feature table: FDR <= 0.05 in at least two independent ChIP-chip replicates; occupancy only.,admitted
RIN,Solyc08g078870,in_vivo_promoter_binding,binding_only,ripening_tomato_fruit;ITAG2;three_biological_replicates,GSE40257;PMID:23386264,https://www.ncbi.nlm.nih.gov/geo/query/acc.cgi?acc=GSE40257,Source peak-to-feature table: FDR <= 0.05 in at least two independent ChIP-chip replicates; occupancy only.,admitted
RIN,Solyc03g117300,in_vivo_promoter_binding,binding_only,ripening_tomato_fruit;ITAG2;three_biological_replicates,GSE40257;PMID:23386264,https://www.ncbi.nlm.nih.gov/geo/query/acc.cgi?acc=GSE40257,Source peak-to-feature table: FDR <= 0.05 in at least two independent ChIP-chip replicates; occupancy only.,admitted
RIN,Solyc10g085830,in_vivo_promoter_binding,binding_only,ripening_tomato_fruit;ITAG2;three_biological_replicates,GSE40257;PMID:23386264,https://www.ncbi.nlm.nih.gov/geo/query/acc.cgi?acc=GSE40257,Source peak-to-feature table: FDR <= 0.05 in at least two independent ChIP-chip replicates; occupancy only.,admitted
RIN,Solyc05g007770,in_vivo_promoter_binding,binding_only,ripening_tomato_fruit;ITAG2;three_biological_replicates,GSE40257;PMID:23386264,https://www.ncbi.nlm.nih.gov/geo/query/acc.cgi?acc=GSE40257,Source peak-to-feature table: FDR <= 0.05 in at least two independent ChIP-chip replicates; occupancy only.,admitted
RIN,Solyc07g065290,in_vivo_promoter_binding,binding_only,ripening_tomato_fruit;ITAG2;three_biological_replicates,GSE40257;PMID:23386264,https://www.ncbi.nlm.nih.gov/geo/query/acc.cgi?acc=GSE40257,Source peak-to-feature table: FDR <= 0.05 in at least two independent ChIP-chip replicates; occupancy only.,admitted
RIN,Solyc08g014130,in_vivo_promoter_binding,binding_only,ripening_tomato_fruit;ITAG2;three_biological_replicates,GSE40257;PMID:23386264,https://www.ncbi.nlm.nih.gov/geo/query/acc.cgi?acc=GSE40257,Source peak-to-feature table: FDR <= 0.05 in at least two independent ChIP-chip replicates; occupancy only.,admitted
RIN,Solyc06g069730,in_vivo_promoter_binding,binding_only,ripening_tomato_fruit;ITAG2;three_biological_replicates,GSE40257;PMID:23386264,https://www.ncbi.nlm.nih.gov/geo/query/acc.cgi?acc=GSE40257,Source peak-to-feature table: FDR <= 0.05 in at least two independent ChIP-chip replicates; occupancy only.,admitted
RIN,Solyc12g098340,in_vivo_promoter_binding,binding_only,ripening_tomato_fruit;ITAG2;three_biological_replicates,GSE40257;PMID:23386264,https://www.ncbi.nlm.nih.gov/geo/query/acc.cgi?acc=GSE40257,Source peak-to-feature table: FDR <= 0.05 in at least two independent ChIP-chip replicates; occupancy only.,admitted
RIN,Solyc01g006540,in_vivo_promoter_binding,binding_only,ripening_tomato_fruit;ITAG2;three_biological_replicates,GSE40257;PMID:23386264,https://www.ncbi.nlm.nih.gov/geo/query/acc.cgi?acc=GSE40257,Source peak-to-feature table: FDR <= 0.05 in at least two independent ChIP-chip replicates; occupancy only.,admitted
RIN,Solyc05g053640,in_vivo_promoter_binding,binding_only,ripening_tomato_fruit;ITAG2;three_biological_replicates,GSE40257;PMID:23386264,https://www.ncbi.nlm.nih.gov/geo/query/acc.cgi?acc=GSE40257,Source peak-to-feature table: FDR <= 0.05 in at least two independent ChIP-chip replicates; occupancy only.,admitted
RIN,Solyc08g007850,in_vivo_promoter_binding,binding_only,ripening_tomato_fruit;ITAG2;three_biological_replicates,GSE40257;PMID:23386264,https://www.ncbi.nlm.nih.gov/geo/query/acc.cgi?acc=GSE40257,Source peak-to-feature table: FDR <= 0.05 in at least two independent ChIP-chip replicates; occupancy only.,admitted
RIN,Solyc10g054670,in_vivo_promoter_binding,binding_only,ripening_tomato_fruit;ITAG2;three_biological_replicates,GSE40257;PMID:23386264,https://www.ncbi.nlm.nih.gov/geo/query/acc.cgi?acc=GSE40257,Source peak-to-feature table: FDR <= 0.05 in at least two independent ChIP-chip replicates; occupancy only.,admitted
RIN,Solyc02g070890,in_vivo_promoter_binding,binding_only,ripening_tomato_fruit;ITAG2;three_biological_replicates,GSE40257;PMID:23386264,https://www.ncbi.nlm.nih.gov/geo/query/acc.cgi?acc=GSE40257,Source peak-to-feature table: FDR <= 0.05 in at least two independent ChIP-chip replicates; occupancy only.,admitted
RIN,Solyc03g116510,in_vivo_promoter_binding,binding_only,ripening_tomato_fruit;ITAG2;three_biological_replicates,GSE40257;PMID:23386264,https://www.ncbi.nlm.nih.gov/geo/query/acc.cgi?acc=GSE40257,Source peak-to-feature table: FDR <= 0.05 in at least two independent ChIP-chip replicates; occupancy only.,admitted
RIN,Solyc02g062390,in_vivo_promoter_binding,binding_only,ripening_tomato_fruit;ITAG2;three_biological_replicates,GSE40257;PMID:23386264,https://www.ncbi.nlm.nih.gov/geo/query/acc.cgi?acc=GSE40257,Source peak-to-feature table: FDR <= 0.05 in at least two independent ChIP-chip replicates; occupancy only.,admitted
RIN,Solyc10g084600,in_vivo_promoter_binding,binding_only,ripening_tomato_fruit;ITAG2;three_biological_replicates,GSE40257;PMID:23386264,https://www.ncbi.nlm.nih.gov/geo/query/acc.cgi?acc=GSE40257,Source peak-to-feature table: FDR <= 0.05 in at least two independent ChIP-chip replicates; occupancy only.,admitted
