probe_id,gene_id,mapping_status,max_exact_probe_hits,qualified_signature_targets
AFFX-CreX-3_at,,unmapped,0,
AFFX-r2-TagO-5_at,,unmapped,0,
AFFX-Les-r2-Ec-bioB-3_at,,unmapped,0,
Les.1020.1.A1_at,,unmapped,0,
AFFX-r2-Ec-bioC-5_at,,unmapped,0,
Les.1020.2.A1_at,,unmapped,0,
Les.1097.1.A1_at,,unmapped,0,
Les.1030.1.S1_at,,unmapped,0,
Les.1023.1.A1_at,,unmapped,0,
AFFX-r2-TagA_at,,unmapped,0,
AFFX-r2-Bs-thr-5_s_at,,unmapped,0,
AFFX-r2-P1-cre-3_at,,unmapped,0,
Les.1036.1.A1_at,,unmapped,0,
AFFX-Les-r2-Bs-dap-5_at,,unmapped,0,
Les.1.1.S1_at,,unmapped,0,
AFFX-Les-TrpnX-3_at,,unmapped,0,
Les.1046.1.S1_at,Solyc10g080900,one_to_one_signature_target,11,Solyc10g080900
AFFX-Les-actin-3_at,,unmapped,0,
Les.1065.1.A1_at,,unmapped,0,
Les.1091.1.A1_at,,unmapped,0,
Les.1049.1.S1_at,,unmapped,0,
AFFX-r2-TagQ-3_at,,unmapped,0,
Les.1078.1.A1_at,,unmapped,0,
AFFX-r2-TagF_at,,unmapped,0,
Les.109.1.S1_at,,unmapped,0,
Les.1030.2.A1_at,,unmapped,0,
AFFX-r2-Bs-phe-M_at,,unmapped,0,
Les.1007.1.A1_at,,unmapped,0,
AFFX-BioB-3_at,,unmapped,0,
AFFX-Les-r2-Bs-thr-M_s_at,,unmapped,0,
AFFX-r2-Bs-lys-M_at,,unmapped,0,
AFFX-Le_GlutTrans_3_at,,unmapped,0,
Les.1072.1.A1_at,Solyc08g061560,one_to_one_signature_target,11,Solyc08g061560
AFFX-r2-Bs-thr-M_s_at,,unmapped,0,
Les.1056.1.S1_at,,unmapped,0,
Les.1082.1.S1_at,,unmapped,0,
Les.103.1.S1_at,,unmapped,0,
AFFX-TrpnX-M_at,,unmapped,0,
Les.106.1.S1_at,,unmapped,0,
AFFX-BioDn-3_at,,unmapped,0,
AFFX-Les-ef1a-3_at,,unmapped,0,
AFFX-Les-r2-Bs-phe-3_at,,unmapped,0,
AFFX-Les-r2-Bs-lys-3_at,,unmapped,0,
Les.10.1.S1_at,,unmapped,0,
AFFX-Le_Ubiquitin_5_at,,unmapped,0,
AFFX-PheX-3_at,,unmapped,0,
Les.100.1.S1_at,,unmapped,0,
AFFX-LysX-5_at,,unmapped,0,
AFFX-ThrX-3_at,,unmapped,0,
AFFX-r2-TagB_at,,unmapped,0,
AFFX-r2-TagIN-3_at,,unmapped,0,
Les.1101.1.A1_at,,unmapped,0,
Les.1011.1.A1_at,,unmapped,0,
AFFX-Les-r2-Bs-dap-M_at,,unmapped,0,
Les.1092.2.S1_at,,unmapped,0,
AFFX-Les-r2-Ec-bioC-3_at,,unmapped,0,
AFFX-r2-Ec-bioD-5_at,,unmapped,0,
AFFX-Le_GlutTrans_M_r_at,,unmapped,0,
Les.1092.3.S1_at,,unmapped,0,
AFFX-r2-TagJ-3_at,,unmapped,0,
AFFX-Le_17SrRNA_at,,unmapped,0,
Les.1050.2.A1_at,,unmapped,0,
Les.100.1.A1_at,,unmapped,0,
AFFX-Les-r2-P1-cre-5_s_at,,unmapped,0,
AFFX-r2-Ec-bioB-3_at,,unmapped,0,
Les.110.1.S1_at,,unmapped,0,
Les.1092.1.A1_at,,unmapped,0,
AFFX-r2-TagG_at,,unmapped,0,
AFFX-r2-Bs-dap-5_at,,unmapped,0,
Les.1069.1.A1_at,,unmapped,0,
Les.1111.1.A1_at,,unmapped,0,
AFFX-Les-gapdh-3_at,,unmapped,0,
Les.1079.1.S1_at,,unmapped,0,
Les.1031.1.S1_at,,unmapped,0,
Les.1079.2.S1_at,,unmapped,0,
Les.1079.3.A1_at,,unmapped,0,
AFFX-BioC-3_at,,unmapped,0,
Les.1020.1.A1_a_at,,unmapped,0,
Les.1037.1.A1_at,,unmapped,0,
Les.1063.1.A1_at,,unmapped,0,
AFFX-DapX-5_at,,unmapped,0,
AFFX-Les-r2-Bs-thr-3_s_at,,unmapped,0,
Les.1047.1.S1_at,,unmapped,0,
Les.1073.1.S1_at,,unmapped,0,
AFFX-Le_PhyB2_5_at,,unmapped,0,
AFFX-Le_Ubiquitin_M_at,,unmapped,0,
AFFX-CreX-5_at,,unmapped,0,
AFFX-LysX-M_at,,unmapped,0,
AFFX-Les-r2-Ec-bioB-5_at,,unmapped,0,
Les.1008.1.A1_at,,unmapped,0,
Les.1034.1.A1_at,,unmapped,0,
AFFX-r2-TagC_at,,unmapped,0,
AFFX-r2-Bs-phe-3_at,,unmapped,0,
AFFX-Les-ef1a-5_x_at,,unmapped,0,
AFFX-r2-P1-cre-5_at,,unmapped,0,
Les.1054.2.S1_at,,unmapped,0,
Les.1047.2.A1_at,,unmapped,0,
AFFX-r2-Bs-lys-3_at,,unmapped,0,
AFFX-Les-TrpnX-5_at,,unmapped,0,
AFFX-Les-ef1a-5_a_at,,unmapped,0,
Les.1083.1.S1_at,Solyc05g053310,one_to_one_signature_target,8,Solyc05g053310
AFFX-Les-actin-5_at,,unmapped,0,
Les.1076.1.A1_at,,unmapped,0,
Les.104.1.S1_at,,unmapped,0,
AFFX-r2-Bs-thr-3_s_at,,unmapped,0,
Les.107.1.S1_at,,unmapped,0,
AFFX-r2-TagQ-5_at,,unmapped,0,
Les.1089.1.A1_at,,unmapped,0,
AFFX-Les-r2-Ec-bioD-3_at,,unmapped,0,
Les.1015.1.A1_at,,unmapped,0,
Les.1041.1.A1_at,,unmapped,0,
AFFX-r2-Bs-dap-M_at,,unmapped,0,
AFFX-TrpnX-3_at,,unmapped,0,
AFFX-r2-TagH_at,,unmapped,0,
Les.1108.1.A1_at,,unmapped,0,
Les.1018.1.A1_at,,unmapped,0,
Les.1044.1.A1_at,,unmapped,0,
AFFX-BioB-5_at,,unmapped,0,
Les.11.1.S1_at,,unmapped,0,
Les.1054.1.S1_at,,unmapped,0,
AFFX-Le_GlutTrans_5_at,,unmapped,0,
Les.101.1.S1_at,,unmapped,0,
AFFX-r2-TagO-3_at,,unmapped,0,
AFFX-r2-Ec-bioC-3_at,,unmapped,0,
Les.1054.3.A1_at,,unmapped,0,
AFFX-DapX-M_at,,unmapped,0,
AFFX-Le_PhyB2_M_at,,unmapped,0,
AFFX-BioDn-5_at,,unmapped,0,
AFFX-Les-ef1a-5_at,,unmapped,0,
Les.1051.1.A1_at,,unmapped,0,
AFFX-Les-r2-Bs-dap-3_at,,unmapped,0,
AFFX-Les-r2-Bs-phe-5_at,,unmapped,0,
Les.1080.1.A1_at,,unmapped,0,
Les.1032.3.S1_at,,unmapped,0,
AFFX-Les-r2-Ec-bioB-M_at,,unmapped,0,
AFFX-Les-r2-Bs-lys-5_at,,unmapped,0,
Les.1064.1.S1_at,,unmapped,0,
Les.111.1.S1_at,,unmapped,0,
AFFX-PheX-5_at,,unmapped,0,
Les.1067.1.A1_at,,unmapped,0,
AFFX-ThrX-5_at,,unmapped,0,
AFFX-r2-TagD_at,,unmapped,0,
AFFX-r2-TagIN-5_at,,unmapped,0,
Les.1022.1.A1_at,,unmapped,0,
AFFX-Les-TrpnX-M_at,,unmapped,0,
AFFX-Les-actin-M_at,,unmapped,0,
AFFX-Les-ef1a-M_a_at,,unmapped,0,
AFFX-Le_25SrRNA_at,,unmapped,0,
AFFX-Les-r2-Ec-bioC-5_at,,unmapped,0,
Les.1061.1.A1_at,,unmapped,0,
AFFX-r2-TagJ-5_at,,unmapped,0,
Les.1032.2.S1_at,,unmapped,0,
AFFX-BioB-M_at,,unmapped,0,
AFFX-r2-Ec-bioB-5_at,,unmapped,0,
Les.1077.1.S1_at,,unmapped,0,
Les.108.1.S1_at,,unmapped,0,
Les.1032.1.A1_at,,unmapped,0,
AFFX-Les-gapdh-5_at,,unmapped,0,
AFFX-Le_Ubiquitin_3_at,,unmapped,0,
AFFX-Les-r2-P1-cre-3_s_at,,unmapped,0,
Les.1009.1.A1_at,,unmapped,0,
AFFX-LysX-3_at,,unmapped,0,
AFFX-BioC-5_at,,unmapped,0,
Les.1074.1.A1_at,,unmapped,0,
Les.102.1.S1_at,,unmapped,0,
Les.1000.1.A1_at,,unmapped,0,
Les.1081.2.S1_at,,unmapped,0,
AFFX-Les-r2-Bs-phe-M_at,,unmapped,0,
Les.1058.1.S1_at,,unmapped,0,
AFFX-r2-Ec-bioD-3_at,,unmapped,0,
Les.105.1.S1_at,,unmapped,0,
AFFX-Les-r2-Bs-lys-M_at,,unmapped,0,
Les.1103.1.A1_at,,unmapped,0,
AFFX-PheX-M_at,,unmapped,0,
Les.1042.1.A1_at,,unmapped,0,
AFFX-ThrX-M_at,,unmapped,0,
Les.1019.1.A1_at,,unmapped,0,
AFFX-r2-TagIN-M_at,,unmapped,0,
AFFX-r2-TagE_at,,unmapped,0,
AFFX-r2-Bs-dap-3_at,,unmapped,0,
Les.1081.1.S1_at,,unmapped,0,
AFFX-r2-Bs-phe-5_at,,unmapped,0,
Les.1100.1.A1_at,,unmapped,0,
AFFX-Les-r2-Bs-thr-5_s_at,,unmapped,0,
Les.1081.3.A1_at,,unmapped,0,
Les.1068.1.S1_at,,unmapped,0,
AFFX-r2-Bs-lys-5_at,,unmapped,0,
Les.1087.1.A1_at,,unmapped,0,
Les.1013.1.A1_at,,unmapped,0,
Les.1113.1.A1_at,,unmapped,0,
AFFX-r2-Ec-bioB-M_at,,unmapped,0,
AFFX-Les-r2-Ec-bioD-5_at,,unmapped,0,
Les.1052.1.A1_at,,unmapped,0,
AFFX-DapX-3_at,,unmapped,0,
AFFX-TrpnX-5_at,,unmapped,0,
Les.1062.1.S1_at,,unmapped,0,
AFFX-Le_PhyB2_3_at,,unmapped,0,
AFFX-Les-gapdh-M_at,,unmapped,0,
Les.1039.1.S1_at,,unmapped,0,
Les.1039.2.A1_at,,unmapped,0,
Les.1255.1.S1_at,,unmapped,0,
Les.1338.1.A1_at,,unmapped,0,
Les.1274.1.A1_at,,unmapped,0,
Les.1200.1.A1_at,,unmapped,0,
Les.115.1.A1_at,,unmapped,0,
Les.1158.2.A1_at,,unmapped,0,
Les.1258.1.S1_at,Solyc12g006470,one_to_one_signature_target,11,Solyc12g006470
Les.1287.1.A1_at,,unmapped,0,
Les.1213.1.A1_at,,unmapped,0,
Les.1197.1.S1_at,,unmapped,0,
Les.128.1.S1_at,,unmapped,0,
Les.1197.2.A1_at,,unmapped,0,
Les.1297.1.S1_at,,unmapped,0,
Les.1226.1.S1_at,,unmapped,0,
Les.1252.1.S1_at,,unmapped,0,
Les.1229.1.A1_at,,unmapped,0,
Les.1281.1.A1_at,,unmapped,0,
Les.1239.1.S1_at,,unmapped,0,
Les.122.1.S1_at,,unmapped,0,
Les.1348.1.A1_at,,unmapped,0,
Les.1168.1.A1_at,,unmapped,0,
Les.1175.2.S1_at,,unmapped,0,
Les.135.1.S1_at,,unmapped,0,
Les.1310.1.S1_at,,unmapped,0,
Les.1123.1.A1_at,,unmapped,0,
Les.1223.1.A1_at,,unmapped,0,
Les.1297.2.A1_at,,unmapped,0,
Les.1323.1.S1_at,,unmapped,0,
Les.1316.1.A1_at,,unmapped,0,
Les.1207.2.S1_at,,unmapped,0,
Les.1146.1.S1_at,,unmapped,0,
Les.1139.1.A1_at,,unmapped,0,
Les.1207.3.S1_at,,unmapped,0,
Les.1291.1.A1_at,,unmapped,0,
Les.1175.1.S1_at,,unmapped,0,
Les.132.1.S1_at,,unmapped,0,
Les.1221.3.S1_s_at,,unmapped,0,
Les.1268.1.A1_at,,unmapped,0,
Les.1220.1.A1_at,,unmapped,0,
Les.1175.3.A1_at,,unmapped,0,
Les.119.1.S1_at,,unmapped,0,
Les.1233.1.A1_at,,unmapped,0,
Les.1304.2.S1_at,,unmapped,0,
Les.1323.2.A1_at,,unmapped,0,
Les.1352.1.A1_at,,unmapped,0,
Les.1172.1.A1_at,,unmapped,0,
Les.1262.1.A1_at,,unmapped,0,
Les.13.1.S1_at,,unmapped,0,
Les.1217.2.S1_at,,unmapped,0,
Les.1182.1.S1_at,,unmapped,0,
Les.1149.1.A1_at,,unmapped,0,
Les.113.1.S1_at,Solyc03g116510,one_to_one_signature_target,7,Solyc03g116510
Les.1339.1.A1_at,,unmapped,0,
Les.1159.1.S1_at,,unmapped,0,
Les.1249.1.S1_at,,unmapped,0,
Les.1159.2.A1_at,,unmapped,0,
Les.1249.2.A1_at,,unmapped,0,
Les.1114.1.A1_at,,unmapped,0,
Les.1320.1.A1_at,,unmapped,0,
Les.1140.1.A1_at,,unmapped,0,
Les.1230.1.A1_at,,unmapped,0,
Les.1288.1.S1_at,,unmapped,0,
Les.129.1.S1_at,,unmapped,0,
Les.1330.1.S1_at,,unmapped,0,
Les.1143.1.A1_at,,unmapped,0,
Les.1248.2.S1_a_at,,unmapped,0,
Les.1307.1.A1_at,,unmapped,0,
Les.1333.1.A1_at,,unmapped,0,
Les.1217.1.S1_at,,unmapped,0,
Les.1153.1.S1_at,Solyc04g016330,one_to_one_signature_target,11,Solyc04g016330
Les.1156.1.A1_at,,unmapped,0,
Les.1217.3.A1_at,,unmapped,0,
Les.1275.1.A1_at,,unmapped,0,
Les.1185.1.A1_at,,unmapped,0,
Les.123.1.S1_at,,unmapped,0,
Les.1349.1.A1_at,,unmapped,0,
Les.1192.2.S1_at,Solyc02g089080,one_to_one_signature_target,11,Solyc02g089080
Les.126.1.S1_at,,unmapped,0,
Les.1121.1.S1_at,,unmapped,0,
Les.1198.1.A1_at,,unmapped,1,
Les.1304.1.A1_at,,unmapped,0,
Les.1214.1.A1_at,,unmapped,0,
Les.1124.1.A1_at,,unmapped,0,
Les.1169.2.S1_at,,unmapped,0,
Les.1221.2.S1_at,,unmapped,0,
Les.1298.1.S1_at,,unmapped,0,
Les.1314.1.S1_at,,unmapped,0,
Les.1250.1.S1_at,,unmapped,0,
Les.1243.1.A1_at,,unmapped,0,
Les.1343.1.A1_at,,unmapped,0,
Les.1250.2.S1_at,,unmapped,0,
Les.1250.3.A1_at,,unmapped,0,
Les.1346.1.A1_at,,unmapped,0,
Les.1166.1.A1_at,,unmapped,0,
Les.1256.1.A1_at,,unmapped,0,
Les.1282.1.A1_at,,unmapped,0,
Les.1192.1.A1_at,Solyc02g089080,one_to_one_signature_target,7,Solyc02g089080
Les.1169.1.A1_at,,unmapped,0,
Les.1195.1.A1_at,,unmapped,0,
Les.1211.1.A1_at,,unmapped,0,
Les.1311.1.A1_at,,unmapped,0,
Les.1192.3.A1_at,,unmapped,0,
Les.1131.1.S1_at,,unmapped,0,
Les.1224.1.A1_at,,unmapped,0,
Les.1205.2.S1_at,,unmapped,0,
Les.1324.1.S1_at,,unmapped,0,
Les.1260.1.S1_at,,unmapped,0,
Les.1137.1.A1_at,,unmapped,0,
Les.1163.1.A1_at,,unmapped,0,
Les.1205.3.S1_at,,unmapped,0,
Les.130.1.S1_at,,unmapped,0,
Les.1179.1.A1_at,,unmapped,0,
Les.1221.1.A1_at,,unmapped,0,
Les.1321.1.S1_at,,unmapped,0,
Les.1141.1.S1_at,,unmapped,0,
Les.1208.1.A1_at,,unmapped,0,
Les.1234.1.A1_at,,unmapped,0,
Les.1350.1.A1_at,,unmapped,0,
Les.1170.1.A1_at,,unmapped,0,
Les.1244.1.S1_at,,unmapped,0,
Les.1147.1.A1_at,,unmapped,0,
Les.1237.1.A1_at,,unmapped,0,
Les.1128.2.S1_at,,unmapped,0,
Les.1176.1.A1_at,,unmapped,0,
Les.1286.1.S1_at,,unmapped,0,
Les.1279.1.A1_at,,unmapped,0,
Les.1189.1.A1_at,,unmapped,0,
Les.1212.1.S1_at,,unmapped,0,
Les.1207.1.A1_s_at,,unmapped,0,
Les.1205.1.A1_at,,unmapped,0,
Les.1115.1.A1_at,,unmapped,0,
Les.1231.1.A1_at,,unmapped,0,
Les.1125.1.S1_at,,unmapped,0,
Les.1241.1.S1_at,,unmapped,0,
Les.1118.1.A1_at,,unmapped,0,
Les.1144.1.A1_at,,unmapped,0,
Les.1308.1.A1_at,,unmapped,0,
Les.1334.1.A1_at,,unmapped,0,
Les.1157.1.A1_at,,unmapped,0,
Les.1183.1.A1_at,,unmapped,0,
Les.1128.3.A1_at,,unmapped,0,
Les.1254.2.S1_at,,unmapped,0,
Les.1186.1.A1_at,,unmapped,0,
Les.124.1.S1_at,,unmapped,0,
Les.1302.1.A1_at,,unmapped,0,
Les.127.1.S1_at,,unmapped,0,
Les.1289.1.A1_at,,unmapped,0,
Les.1305.1.A1_at,,unmapped,0,
Les.1331.1.A1_at,,unmapped,0,
Les.1151.1.A1_at,,unmapped,0,
Les.1315.1.S1_at,,unmapped,0,
Les.1225.1.S1_at,,unmapped,0,
Les.1154.1.A1_at,,unmapped,0,
Les.1344.1.A1_at,,unmapped,0,
Les.1254.1.A1_at,,unmapped,0,
Les.1225.2.S1_at,,unmapped,0,
Les.1164.1.S1_at,,unmapped,0,
Les.1164.2.A1_at,,unmapped,0,
Les.1167.1.A1_at,,unmapped,0,
Les.1193.1.A1_at,,unmapped,0,
Les.1122.1.A1_at,,unmapped,0,
Les.1135.1.A1_at,,unmapped,0,
Les.1209.1.S1_at,,unmapped,0,
Les.1138.1.A1_at,,unmapped,0,
Les.1328.1.A1_at,,unmapped,0,
Les.1190.1.A1_at,,unmapped,0,
Les.1290.1.A1_at,,unmapped,0,
Les.1238.1.S1_at,,unmapped,0,
Les.1238.2.A1_at,,unmapped,0,
Les.1174.1.S1_at,,unmapped,0,
Les.131.1.S1_at,,unmapped,0,
Les.1267.1.A1_at,,unmapped,0,
Les.1277.1.S1_at,,unmapped,0,
Les.1296.1.A1_at,,unmapped,0,
Les.1132.1.A1_at,,unmapped,0,
Les.1222.1.A1_at,,unmapped,0,
Les.1119.1.A1_at,,unmapped,0,
Les.1325.1.A1_at,,unmapped,0,
Les.1235.1.A1_at,,unmapped,0,
Les.1351.1.A1_at,,unmapped,0,
Les.1171.1.A1_at,,unmapped,0,
Les.1261.1.A1_at,,unmapped,0,
Les.12.1.S1_at,,unmapped,0,
Les.1155.1.S1_at,,unmapped,0,
Les.1148.1.A1_at,,unmapped,0,
Les.112.1.S1_at,,unmapped,0,
Les.1158.1.S1_at,,unmapped,0,
Les.1248.2.A1_at,,unmapped,0,
Les.1203.1.A1_at,,unmapped,0,
Les.1277.2.A1_at,,unmapped,0,
Les.1116.1.A1_at,,unmapped,0,
Les.1232.1.A1_at,,unmapped,0,
Les.1287.2.S1_at,,unmapped,0,
Les.1216.1.S1_at,,unmapped,0,
Les.1152.1.S1_at,,unmapped,0,
Les.1219.1.A1_at,,unmapped,0,
Les.1245.1.A1_at,,unmapped,0,
Les.1181.1.A1_at,,unmapped,0,
Les.1271.1.A1_at,,unmapped,0,
Les.1129.1.S1_at,,unmapped,0,
Les.1438.1.A1_at,,unmapped,0,
Les.1464.2.A1_at,,unmapped,0,
Les.1557.1.A1_at,,unmapped,0,
Les.1467.1.A1_at,,unmapped,0,
Les.1406.1.A1_at,,unmapped,0,
Les.1432.1.A1_at,,unmapped,0,
Les.1506.1.S1_at,,unmapped,0,
Les.1532.1.S1_at,,unmapped,0,
Les.1442.1.S1_at,,unmapped,0,
Les.1409.1.A1_at,,unmapped,0,
Les.1525.1.A1_at,,unmapped,0,
Les.1371.1.A1_at,,unmapped,0,
Les.1442.2.S1_at,,unmapped,0,
Les.1509.1.S1_at,,unmapped,0,
Les.1419.1.S1_at,,unmapped,0,
Les.1561.1.S1_at,,unmapped,0,
Les.1374.1.A1_at,,unmapped,0,
Les.1538.1.A1_at,,unmapped,0,
Les.1448.1.A1_at,,unmapped,0,
Les.1567.1.A1_at,,unmapped,0,
Les.1477.1.A1_at,,unmapped,0,
Les.1416.1.A1_at,,unmapped,0,
Les.1532.2.A1_at,,unmapped,0,
Les.1445.1.A1_at,,unmapped,0,
Les.1381.1.A1_at,,unmapped,0,
Les.1419.2.A1_at,,unmapped,0,
Les.1455.1.S1_at,,unmapped,0,
Les.1358.1.A1_at,,unmapped,0,
Les.1384.1.A1_at,,unmapped,0,
Les.1574.1.A1_at,,unmapped,0,
Les.1484.1.A1_at,,unmapped,0,
Les.1410.1.A1_at,,unmapped,0,
Les.1500.1.A1_at,,unmapped,0,
Les.1558.1.S1_at,,unmapped,0,
Les.145.1.S1_at,,unmapped,0,
Les.1577.1.A1_at,,unmapped,0,
Les.1510.1.S1_at,,unmapped,0,
Les.1397.1.A1_at,,unmapped,0,
Les.1487.1.A1_at,,unmapped,0,
Les.1413.1.A1_at,,unmapped,0,
Les.1503.1.A1_at,,unmapped,0,
Les.1516.1.A1_at,,unmapped,0,
Les.1542.1.A1_at,,unmapped,0,
Les.1452.1.A1_at,,unmapped,0,
Les.1426.1.S1_at,,unmapped,0,
Les.1362.1.S1_at,,unmapped,0,
Les.1362.2.A1_at,,unmapped,0,
Les.1519.1.A1_at,,unmapped,0,
Les.1429.1.A1_at,,unmapped,0,
Les.1481.1.A1_at,,unmapped,0,
Les.1564.1.S1_s_at,,unmapped,0,
Les.1439.1.S1_at,,unmapped,0,
Les.1465.1.S1_at,,unmapped,0,
Les.1491.1.S1_at,,unmapped,0,
Les.1394.1.A1_at,,unmapped,0,
Les.1558.2.A1_at,,unmapped,0,
Les.1420.1.S1_at,,unmapped,0,
Les.1510.2.A1_at,,unmapped,0,
Les.1420.2.A1_at,,unmapped,0,
Les.1401.3.S1_at,,unmapped,0,
Les.1523.1.S1_at,,unmapped,0,
Les.1433.1.S1_at,,unmapped,0,
Les.1562.1.S1_at,,unmapped,0,
Les.1529.1.A1_at,,unmapped,0,
Les.1555.1.A1_at,,unmapped,0,
Les.1375.1.A1_at,,unmapped,0,
Les.1581.1.A1_at,,unmapped,0,
Les.1439.2.A1_at,,unmapped,0,
Les.1401.1.S1_at,,unmapped,0,
Les.1568.1.A1_at,,unmapped,0,
Les.1401.2.S1_at,,unmapped,0,
Les.1478.1.S1_at,,unmapped,0,
Les.1528.1.A1_s_at,,unmapped,0,
Les.1417.1.S1_at,,unmapped,0,
Les.1507.1.S1_at,,unmapped,0,
Les.1433.2.A1_at,,unmapped,0,
Les.1436.1.A1_at,,unmapped,0,
Les.1462.1.A1_at,,unmapped,0,
Les.1536.1.A1_at,,unmapped,0,
Les.1472.1.S1_at,,unmapped,0,
Les.1516.1.S1_s_at,,unmapped,0,
Les.1539.1.A1_at,,unmapped,0,
Les.136.1.S1_at,,unmapped,0,
Les.1485.1.S1_at,,unmapped,0,
Les.1430.1.A1_at,,unmapped,0,
Les.1475.1.S1_s_at,,unmapped,0,
Les.1507.2.S1_s_at,,unmapped,0,
Les.1501.2.S1_at,,unmapped,0,
Les.1440.1.S1_at,,unmapped,0,
Les.1440.2.A1_at,,unmapped,0,
Les.1353.1.A1_at,,unmapped,0,
Les.1443.1.A1_at,,unmapped,0,
Les.1424.2.S1_at,,unmapped,0,
Les.1517.1.S1_at,,unmapped,0,
Les.1356.1.A1_at,,unmapped,0,
Les.1446.1.A1_at,,unmapped,0,
Les.1382.1.A1_at,,unmapped,0,
Les.1543.2.S1_at,,unmapped,0,
Les.1549.1.A1_at,,unmapped,0,
Les.1459.1.A1_at,,unmapped,0,
Les.1501.1.A1_at,,unmapped,0,
Les.1485.2.A1_at,,unmapped,0,
Les.146.1.S1_at,,unmapped,0,
Les.1495.1.S1_at,,unmapped,0,
Les.1488.1.A1_at,,unmapped,0,
Les.1532.3.S1_s_at,,unmapped,0,
Les.1504.1.A1_at,,unmapped,0,
Les.1511.2.S1_at,,unmapped,0,
Les.149.1.S1_at,,unmapped,0,
Les.1498.1.S1_at,,unmapped,0,
Les.1514.1.S1_at,,unmapped,0,
Les.1424.1.S1_at,,unmapped,0,
Les.1360.1.S1_at,,unmapped,0,
Les.1450.1.S1_at,,unmapped,0,
Les.1543.1.A1_at,,unmapped,0,
Les.14.1.S1_at,,unmapped,0,
Les.1453.1.A1_at,,unmapped,0,
Les.1424.3.A1_at,,unmapped,0,
Les.140.1.S1_at,,unmapped,0,
Les.1546.1.A1_at,,unmapped,0,
Les.1366.1.A1_at,,unmapped,0,
Les.1456.1.A1_at,,unmapped,0,
Les.1392.1.A1_at,,unmapped,0,
Les.143.1.S1_at,,unmapped,0,
Les.1492.1.S1_at,,unmapped,0,
Les.1369.1.A1_at,,unmapped,0,
Les.1492.2.A1_at,,unmapped,0,
Les.1395.1.A1_at,,unmapped,0,
Les.1511.1.A1_at,,unmapped,0,
Les.1421.1.A1_at,,unmapped,0,
Les.1569.1.S1_at,,unmapped,0,
Les.1408.1.S1_at,,unmapped,0,
Les.1434.1.S1_at,,unmapped,0,
Les.1360.2.A1_at,,unmapped,0,
Les.1363.1.A1_at,,unmapped,0,
Les.1532.2.A1_s_at,,unmapped,0,
Les.1437.1.A1_at,,unmapped,0,
Les.1553.1.A1_at,,unmapped,0,
Les.1508.2.S1_at,,unmapped,0,
Les.1373.1.S1_at,,unmapped,0,
Les.1563.1.S1_at,,unmapped,0,
Les.150.1.S1_at,,unmapped,0,
Les.1556.1.A1_at,,unmapped,0,
Les.1376.1.A1_at,,unmapped,0,
Les.1376.2.A1_at,,unmapped,0,
Les.1386.1.S1_at,,unmapped,0,
Les.1379.1.A1_at,,unmapped,0,
Les.1431.1.A1_at,,unmapped,0,
Les.1389.1.S1_at,,unmapped,0,
Les.1531.1.S1_at,,unmapped,0,
Les.1524.1.A1_at,,unmapped,0,
Les.1355.1.A1_s_at,,unmapped,0,
Les.1460.1.A1_at,,unmapped,0,
Les.1399.2.S1_at,,unmapped,0,
Les.1408.2.A1_at,,unmapped,0,
Les.1434.2.A1_at,,unmapped,0,
Les.1444.1.S1_at,,unmapped,0,
Les.1354.1.S1_at,,unmapped,0,
Les.1560.1.S1_at,,unmapped,0,
Les.1470.2.S1_at,,unmapped,0,
Les.153.1.A1_at,,unmapped,0,
Les.1386.2.A1_at,,unmapped,0,
Les.137.1.S1_at,,unmapped,0,
Les.1479.1.A1_at,,unmapped,0,
Les.1502.1.S1_at,,unmapped,0,
Les.1505.1.A1_at,,unmapped,0,
Les.1415.1.S1_at,,unmapped,0,
Les.1441.1.S1_at,,unmapped,0,
Les.1415.2.A1_at,,unmapped,0,
Les.1508.1.A1_at,,unmapped,0,
Les.1380.1.A1_at,,unmapped,0,
Les.1470.1.A1_at,,unmapped,0,
Les.1518.1.S1_at,,unmapped,0,
Les.1444.2.A1_at,,unmapped,0,
Les.1570.1.S1_at,,unmapped,0,
Les.1573.1.A1_at,,unmapped,0,
Les.1393.1.S1_at,,unmapped,0,
Les.1393.2.A1_at,,unmapped,0,
Les.144.1.S1_at,,unmapped,0,
Les.147.1.S1_at,Solyc12g006140,one_to_one_signature_target,11,Solyc12g006140
Les.1396.2.A1_at,,unmapped,0,
Les.1512.1.S1_at,,unmapped,0,
Les.1399.1.A1_at,,unmapped,0,
Les.1422.1.S1_at,,unmapped,0,
Les.1541.1.A1_at,,unmapped,0,
Les.1544.1.A1_at,,unmapped,0,
Les.1364.1.A1_at,,unmapped,0,
Les.1454.1.A1_at,,unmapped,0,
Les.15.1.S1_at,,unmapped,0,
Les.1409.2.S1_at,,unmapped,0,
Les.1518.2.A1_at,,unmapped,0,
Les.1464.1.S1_at,,unmapped,0,
Les.141.1.S1_at,,unmapped,0,
Les.1409.3.S1_at,,unmapped,0,
Les.1528.2.S1_at,,unmapped,0,
Les.1493.1.S1_at,,unmapped,0,
Les.157.1.S1_at,,unmapped,0,
Les.1499.1.A1_at,,unmapped,0,
Les.1451.1.A1_at,,unmapped,0,
Les.1432.2.S1_at,,unmapped,0,
Les.1618.1.A1_at,,unmapped,0,
Les.1644.1.A1_at,,unmapped,0,
Les.1699.2.S1_at,,unmapped,0,
Les.1744.1.S1_at,,unmapped,0,
Les.1657.1.A1_at,,unmapped,0,
Les.1773.2.A1_at,,unmapped,0,
Les.172.2.S1_a_at,,unmapped,0,
Les.1667.1.S1_at,,unmapped,0,
Les.1776.1.A1_at,,unmapped,0,
Les.1596.1.A1_at,,unmapped,0,
Les.167.1.S1_at,,unmapped,0,
Les.1599.1.A1_at,,unmapped,0,
Les.1789.1.A1_at,,unmapped,0,
Les.1699.1.A1_at,,unmapped,0,
Les.1715.1.A1_at,,unmapped,0,
Les.1651.1.A1_at,,unmapped,0,
Les.1741.1.A1_at,,unmapped,0,
Les.1796.2.S1_at,,unmapped,0,
Les.1635.1.S1_at,,unmapped,0,
Les.1751.1.S1_at,,unmapped,0,
Les.1718.1.A1_at,,unmapped,0,
Les.1654.1.A1_at,,unmapped,0,
Les.1590.1.A1_at,,unmapped,0,
Les.1680.1.A1_at,,unmapped,0,
Les.1638.1.S1_at,,unmapped,0,
Les.1664.1.S1_at,,unmapped,0,
Les.161.1.S1_at,,unmapped,0,
Les.1757.1.A1_at,,unmapped,0,
Les.1783.1.A1_at,,unmapped,0,
Les.1786.1.A1_at,,unmapped,0,
Les.1712.1.A1_at,,unmapped,0,
Les.177.1.S1_at,,unmapped,0,
Les.1617.2.S1_s_at,,unmapped,0,
Les.1796.1.S1_at,,unmapped,0,
Les.1606.1.S1_at,,unmapped,0,
Les.1722.1.S1_at,,unmapped,0,
Les.1799.1.A1_at,,unmapped,0,
Les.1725.1.A1_at,,unmapped,0,
Les.16.1.S1_at,,unmapped,0,
Les.1661.1.A1_at,,unmapped,0,
Les.1609.1.S1_at,,unmapped,0,
Les.1609.2.A1_at,,unmapped,0,
Les.1635.2.A1_at,,unmapped,0,
Les.1616.3.S1_at,,unmapped,0,
Les.1780.1.A1_at,,unmapped,0,
Les.1619.2.S1_at,,unmapped,0,
Les.1638.2.A1_at,,unmapped,0,
Les.1738.1.S1_at,,unmapped,0,
Les.1764.1.S1_at,,unmapped,0,
Les.1764.2.A1_at,,unmapped,0,
Les.1619.3.S1_at,,unmapped,0,
Les.1767.1.A1_at,,unmapped,0,
Les.1793.1.A1_at,,unmapped,0,
Les.1703.1.S1_at,,unmapped,0,
Les.1613.2.S1_at,,unmapped,0,
Les.1616.1.S1_at,,unmapped,0,
Les.1732.1.S1_at,,unmapped,0,
Les.1735.1.A1_at,,unmapped,0,
Les.1761.1.A1_at,,unmapped,0,
Les.1616.2.S1_at,,unmapped,0,
Les.1671.1.A1_at,,unmapped,0,
Les.1619.1.S1_at,,unmapped,0,
Les.1584.1.A1_at,,unmapped,0,
Les.1790.1.A1_at,,unmapped,0,
Les.1594.1.S1_at,,unmapped,0,
Les.1587.1.A1_at,,unmapped,0,
Les.1610.1.S1_at,,unmapped,0,
Les.1677.1.A1_at,,unmapped,0,
Les.1700.1.S1_at,,unmapped,0,
Les.174.1.A1_at,,unmapped,0,
Les.1603.1.A1_at,,unmapped,0,
Les.1696.1.A1_s_at,,unmapped,0,
Les.1652.1.S1_at,,unmapped,0,
Les.1645.1.A1_at,,unmapped,0,
Les.1781.1.S1_at,,unmapped,0,
Les.1748.1.A1_at,,unmapped,0,
Les.1658.1.A1_at,,unmapped,0,
Les.1774.1.A1_at,,unmapped,0,
Les.1684.1.A1_at,,unmapped,0,
Les.165.1.S1_at,,unmapped,0,
Les.1784.1.S1_at,,unmapped,0,
Les.1597.1.A1_at,,unmapped,0,
Les.1620.1.S1_at,,unmapped,0,
Les.1687.1.A1_at,,unmapped,0,
Les.162.3.S1_at,,unmapped,0,
Les.1613.1.A1_at,,unmapped,0,
Les.1787.1.A1_at,,unmapped,0,
Les.165.2.S1_at,,unmapped,0,
Les.168.1.S1_at,,unmapped,0,
Les.1716.1.A1_at,,unmapped,0,
Les.1719.1.A1_at,,unmapped,0,
Les.1655.1.A1_at,,unmapped,0,
Les.1591.1.A1_at,,unmapped,0,
Les.1665.1.S1_at,,unmapped,0,
Les.162.1.S1_at,,unmapped,0,
Les.1691.1.S1_at,,unmapped,0,
Les.1668.1.A1_at,,unmapped,0,
Les.1694.1.A1_at,,unmapped,0,
Les.162.2.S1_at,,unmapped,0,
Les.1784.2.A1_at,,unmapped,0,
Les.1630.1.S1_at,,unmapped,0,
Les.178.1.S1_at,,unmapped,0,
Les.1636.1.A1_at,,unmapped,0,
Les.17.1.S1_at,,unmapped,0,
Les.1662.1.A1_at,,unmapped,0,
Les.1762.1.S1_at,,unmapped,0,
Les.1729.1.A1_at,,unmapped,0,
Les.1672.1.S1_at,,unmapped,0,
Les.1739.1.S1_at,,unmapped,0,
Les.1585.1.S1_at,,unmapped,0,
Les.1675.1.S1_at,,unmapped,0,
Les.1794.1.A1_at,,unmapped,0,
Les.1604.1.A1_at,,unmapped,0,
Les.1781.1.S1_a_at,,unmapped,0,
Les.175.1.S1_at,,unmapped,0,
Les.1778.1.S1_at,,unmapped,0,
Les.1688.1.S1_at,,unmapped,0,
Les.1633.1.A1_at,,unmapped,0,
Les.1723.1.A1_at,,unmapped,0,
Les.1707.1.S1_at,,unmapped,0,
Les.1736.1.A1_at,,unmapped,0,
Les.1582.1.S1_at,,unmapped,0,
Les.1791.1.A1_at,,unmapped,0,
Les.1601.1.A1_at,,unmapped,0,
Les.1775.1.S1_at,,unmapped,0,
Les.1775.2.A1_at,,unmapped,0,
Les.1588.1.A1_at,,unmapped,0,
Les.1701.1.S1_at,,unmapped,0,
Les.1614.1.A1_at,Solyc10g076710,one_to_one_signature_target,11,Solyc10g076710
Les.1704.1.A1_at,,unmapped,0,
Les.1640.1.A1_at,,unmapped,0,
Les.159.1.S1_at,,unmapped,0,
Les.1598.1.S1_at,,unmapped,0,
Les.1801.2.S1_at,,unmapped,0,
Les.1788.1.S1_at,,unmapped,0,
Les.1643.1.A1_at,,unmapped,0,
Les.1733.1.A1_at,,unmapped,0,
Les.1746.1.A1_at,,unmapped,0,
Les.1772.1.A1_at,,unmapped,0,
Les.1749.1.A1_at,,unmapped,0,
Les.1659.1.A1_at,,unmapped,0,
Les.1685.1.A1_at,,unmapped,0,
Les.1611.1.A1_at,,unmapped,0,
Les.1669.1.S1_at,,unmapped,0,
Les.1801.1.S1_at,,unmapped,0,
Les.1714.1.A1_at,,unmapped,0,
Les.1650.1.A1_at,,unmapped,0,
Les.169.1.S1_at,,unmapped,0,
Les.1721.2.S1_at,,unmapped,0,
Les.1798.1.S1_at,,unmapped,0,
Les.1724.1.S1_at,,unmapped,0,
Les.1627.1.A1_at,,unmapped,0,
Les.1717.1.A1_at,,unmapped,0,
Les.1743.1.A1_at,,unmapped,0,
Les.1653.1.A1_at,,unmapped,0,
Les.1675.1.S2_at,,unmapped,0,
Les.1724.2.S1_at,,unmapped,0,
Les.160.1.S1_at,,unmapped,0,
Les.1592.1.A1_at,,unmapped,0,
Les.163.1.S1_at,,unmapped,0,
Les.1792.1.S1_at,,unmapped,0,
Les.1759.1.A1_at,,unmapped,0,
Les.1785.1.A1_at,,unmapped,0,
Les.1792.2.S1_at,,unmapped,0,
Les.1669.2.A1_at,,unmapped,0,
Les.176.1.S1_at,,unmapped,0,
Les.1617.1.S1_s_at,,unmapped,0,
Les.169.1.A1_at,,unmapped,0,
Les.1631.1.S1_at,,unmapped,0,
Les.1624.1.A1_at,,unmapped,0,
Les.1792.3.S1_at,,unmapped,0,
Les.179.1.S1_at,,unmapped,0,
Les.1798.2.A1_at,,unmapped,0,
Les.18.1.S1_at,,unmapped,0,
Les.1727.1.A1_at,,unmapped,0,
Les.1663.1.A1_at,,unmapped,0,
Les.1724.3.A1_at,,unmapped,0,
Les.1617.3.A1_s_at,,unmapped,0,
Les.1583.1.S1_at,,unmapped,0,
Les.170.1.S1_at,,unmapped,0,
Les.1766.1.A1_at,,unmapped,0,
Les.173.1.S1_at,,unmapped,0,
Les.1602.1.S1_at,,unmapped,0,
Les.1795.1.A1_at,,unmapped,0,
Les.1721.1.A1_at,,unmapped,0,
Les.1686.2.S1_at,,unmapped,0,
Les.1779.1.S1_at,,unmapped,0,
Les.1634.1.A1_at,,unmapped,0,
Les.1686.3.S1_at,,unmapped,0,
Les.1660.1.A1_at,,unmapped,0,
Les.1708.1.S1_at,,unmapped,0,
Les.1647.1.A1_at,,unmapped,0,
Les.180.1.S1_at,,unmapped,0,
Les.1773.1.S1_at,,unmapped,0,
Les.1586.1.A1_at,,unmapped,0,
Les.1676.1.A1_at,,unmapped,0,
Les.1686.1.S1_at,,unmapped,0,
Les.162.3.S1_a_at,,unmapped,0,
Les.1689.1.A1_at,,unmapped,0,
Les.1786.2.S1_at,,unmapped,0,
Les.1831.1.S1_at,,unmapped,0,
Les.193.3.S1_at,,unmapped,0,
Les.1998.1.A1_at,,unmapped,0,
Les.1808.1.A1_at,,unmapped,0,
Les.1834.2.A1_at,,unmapped,0,
Les.199.2.S1_at,,unmapped,0,
Les.1837.1.A1_at,,unmapped,0,
Les.1966.1.A1_at,,unmapped,0,
Les.1876.1.A1_at,,unmapped,0,
Les.1802.1.A1_at,,unmapped,0,
Les.1847.2.S1_at,,unmapped,0,
Les.193.1.S1_at,,unmapped,0,
Les.1812.1.S1_at,,unmapped,0,
Les.1879.1.A1_at,,unmapped,0,
Les.1995.1.A1_at,,unmapped,0,
Les.1805.1.A1_at,,unmapped,0,
Les.1921.1.A1_at,,unmapped,0,
Les.196.1.S1_at,,unmapped,0,
Les.199.1.A1_at,,unmapped,0,
Les.1841.1.S1_at,,unmapped,0,
Les.1934.1.A1_at,,unmapped,0,
Les.1960.1.A1_at,,unmapped,0,
Les.1870.1.A1_at,,unmapped,0,
Les.1970.1.S1_at,,unmapped,0,
Les.1847.1.A1_at,,unmapped,0,
Les.190.1.S1_at,,unmapped,0,
Les.1819.1.A1_a_at,,unmapped,0,
Les.2000.1.S1_at,,unmapped,0,
Les.1902.1.A1_at,,unmapped,0,
Les.1871.2.A1_a_at,,unmapped,0,
Les.1979.1.A1_at,Solyc03g121720,one_to_one_signature_target,9,Solyc03g121720
Les.1889.1.A1_at,,unmapped,0,
Les.1931.1.A1_at,,unmapped,0,
Les.1818.1.A1_at,,unmapped,0,
Les.19.1.S1_at,,unmapped,0,
Les.1918.1.A1_at,,unmapped,0,
Les.1944.1.A1_at,,unmapped,0,
Les.1880.1.A1_at,,unmapped,0,
Les.1925.2.S1_at,,unmapped,0,
Les.1954.1.S1_at,,unmapped,0,
Les.1947.1.A1_at,,unmapped,0,
Les.1857.1.A1_at,,unmapped,0,
Les.1973.1.A1_at,,unmapped,0,
Les.1883.1.A1_at,,unmapped,0,
Les.1867.1.S1_at,,unmapped,0,
Les.1867.2.S1_at,,unmapped,0,
Les.1912.1.A1_at,,unmapped,0,
Les.187.1.S1_at,,unmapped,0,
Les.1896.1.S1_at,,unmapped,0,
Les.1822.1.S1_at,,unmapped,0,
Les.1989.1.A1_at,,unmapped,0,
Les.1899.1.A1_at,,unmapped,0,
Les.187.2.S1_at,,unmapped,0,
Les.1851.1.A1_at,,unmapped,0,
Les.1809.1.S1_at,,unmapped,0,
Les.1835.1.S1_at,,unmapped,0,
Les.1828.1.A1_at,,unmapped,0,
Les.193.3.S1_a_at,,unmapped,0,
Les.1928.1.A1_at,,unmapped,0,
Les.1980.1.A1_at,,unmapped,0,
Les.1864.1.S1_at,,unmapped,0,
Les.1990.1.S1_at,,unmapped,0,
Les.1983.1.A1_at,,unmapped,0,
Les.1893.1.A1_at,,unmapped,0,
Les.20.1.S1_at,,unmapped,0,
Les.184.1.S1_at,,unmapped,0,
Les.1996.1.A1_at,,unmapped,0,
Les.197.1.S1_at,,unmapped,0,
Les.1806.1.S1_at,,unmapped,0,
Les.1806.2.A1_at,,unmapped,0,
Les.1999.1.A1_at,,unmapped,0,
Les.1977.3.S1_at,,unmapped,0,
Les.1925.1.A1_at,,unmapped,0,
Les.1951.1.A1_at,,unmapped,0,
Les.1909.1.S1_at,,unmapped,0,
Les.1845.1.S1_at,,unmapped,0,
Les.1871.1.S1_at,,unmapped,0,
Les.181.1.A1_at,Solyc02g078950,one_to_one_signature_target,11,Solyc02g078950
Les.191.1.S1_at,Solyc06g051800,one_to_one_signature_target,11,Solyc06g051800
Les.2.1.S1_at,,unmapped,0,
Les.1990.2.A1_at,,unmapped,0,
Les.1967.1.A1_at,,unmapped,0,
Les.1877.1.A1_at,,unmapped,0,
Les.194.1.S1_at,,unmapped,0,
Les.1884.2.S1_at,,unmapped,0,
Les.1977.1.S1_at,,unmapped,0,
Les.1887.1.S1_at,,unmapped,0,
Les.1903.1.S1_at,,unmapped,0,
Les.1832.1.A1_at,,unmapped,0,
Les.1977.2.S1_at,,unmapped,0,
Les.1932.1.A1_at,,unmapped,0,
Les.1816.1.S1_at,,unmapped,0,
Les.1906.1.S1_at,,unmapped,0,
Les.1842.1.S1_at,,unmapped,0,
Les.1819.1.A1_at,,unmapped,0,
Les.1935.1.A1_at,,unmapped,0,
Les.1961.1.A1_at,,unmapped,0,
Les.1852.2.S1_at,,unmapped,0,
Les.1829.1.S1_at,,unmapped,0,
Les.1871.2.A1_at,,unmapped,0,
Les.1971.1.S1_at,,unmapped,0,
Les.1938.1.A1_at,,unmapped,0,
Les.1852.3.S1_at,,unmapped,0,
Les.1948.1.S1_at,,unmapped,0,
Les.1858.1.S1_at,,unmapped,0,
Les.1884.1.S1_at,,unmapped,0,
Les.1900.1.S1_at,,unmapped,0,
Les.2001.1.S1_at,,unmapped,0,
Les.1929.3.S1_at,,unmapped,0,
Les.1884.3.A1_at,,unmapped,0,
Les.1910.2.S1_at,,unmapped,0,
Les.1987.1.S1_at,,unmapped,0,
Les.1942.1.S1_at,,unmapped,0,
Les.1945.1.A1_at,,unmapped,0,
Les.1881.1.A1_at,,unmapped,0,
Les.1981.1.S1_at,,unmapped,0,
Les.1929.2.S1_at,,unmapped,0,
Les.1910.1.S1_at,,unmapped,0,
Les.1897.1.A1_at,,unmapped,0,
Les.1994.2.S1_at,,unmapped,0,
Les.1910.3.A1_at,,unmapped,0,
Les.1997.1.S1_at,,unmapped,0,
Les.1923.1.S1_at,,unmapped,0,
Les.1826.1.A1_at,,unmapped,0,
Les.1994.3.S1_at,,unmapped,0,
Les.1852.1.A1_at,,unmapped,0,
Les.2001.1.S1_s_at,,unmapped,0,
Les.1997.2.S1_at,,unmapped,0,
Les.1997.3.A1_at,,unmapped,0,
Les.1952.1.S1_at,,unmapped,0,
Les.1862.2.A1_at,,unmapped,0,
Les.1929.1.A1_at,,unmapped,0,
Les.1955.1.A1_at,,unmapped,0,
Les.1891.1.A1_at,,unmapped,0,
Les.182.1.S1_at,,unmapped,0,
Les.1984.1.A1_at,,unmapped,0,
Les.1820.1.A1_at,,unmapped,0,
Les.1978.2.S1_at,,unmapped,0,
Les.1904.2.S1_at,,unmapped,0,
Les.1926.1.A1_at,,unmapped,0,
Les.1904.3.S1_at,,unmapped,0,
Les.1862.1.A1_at,,unmapped,0,
Les.1933.2.S1_at,,unmapped,0,
Les.1936.1.S1_at,,unmapped,0,
Les.1839.1.A1_at,,unmapped,0,
Les.1939.1.A1_at,,unmapped,0,
Les.1991.1.A1_at,,unmapped,0,
Les.1875.1.S1_at,,unmapped,0,
Les.1968.1.A1_at,,unmapped,0,
Les.1994.1.A1_at,,unmapped,0,
Les.192.2.S1_at,,unmapped,0,
Les.1830.1.A1_at,,unmapped,0,
Les.1859.2.S1_at,,unmapped,0,
Les.195.1.S1_at,,unmapped,0,
Les.1859.3.S1_at,,unmapped,0,
Les.1817.1.S1_at,,unmapped,0,
Les.1846.1.A1_at,,unmapped,0,
Les.1856.1.S1_at,,unmapped,0,
Les.1972.1.S1_at,,unmapped,0,
Les.1849.1.A1_at,,unmapped,0,
Les.192.1.A1_at,,unmapped,0,
Les.1901.1.A1_at,,unmapped,0,
Les.1885.1.S1_at,,unmapped,0,
Les.1811.1.S1_at,,unmapped,0,
Les.1885.2.A1_at,,unmapped,0,
Les.1978.1.A1_at,,unmapped,0,
Les.1888.1.A1_at,,unmapped,0,
Les.1911.1.S1_at,,unmapped,0,
Les.1904.1.A1_at,,unmapped,0,
Les.1930.1.A1_at,,unmapped,0,
Les.1898.1.S1_at,,unmapped,0,
Les.1824.1.S1_at,,unmapped,0,
Les.1914.1.S1_at,,unmapped,0,
Les.1917.1.A1_at,,unmapped,0,
Les.1853.1.S1_at,,unmapped,0,
Les.198.1.S1_s_at,,unmapped,0,
Les.1882.1.A1_at,,unmapped,0,
Les.1856.2.A1_at,,unmapped,0,
Les.1985.1.A1_at,,unmapped,0,
Les.1911.1.A1_at,,unmapped,0,
Les.186.1.S1_at,,unmapped,0,
Les.1985.2.A1_at,,unmapped,0,
Les.1988.1.A1_at,,unmapped,0,
Les.1850.1.A1_at,,unmapped,0,
Les.1940.1.A1_at,,unmapped,0,
Les.1898.2.A1_at,,unmapped,0,
Les.1824.2.A1_at,,unmapped,0,
Les.1924.1.S1_at,,unmapped,0,
Les.1860.1.S1_at,,unmapped,0,
Les.1827.1.A1_at,,unmapped,0,
Les.1927.1.S1_at,,unmapped,0,
Les.1863.1.S1_at,,unmapped,0,
Les.1956.1.A1_at,,unmapped,0,
Les.1866.1.A1_at,,unmapped,0,
Les.1982.1.A1_at,,unmapped,0,
Les.1892.1.A1_at,,unmapped,0,
Les.183.1.S1_at,,unmapped,0,
Les.1959.1.A1_at,,unmapped,0,
Les.1847.3.S1_at,,unmapped,0,
Les.1821.1.A1_at,,unmapped,0,
Les.2183.2.S1_at,,unmapped,0,
Les.212.1.S1_at,,unmapped,0,
Les.2022.1.S1_at,,unmapped,0,
Les.2025.1.A1_at,,unmapped,0,
Les.2141.1.A1_at,,unmapped,0,
Les.2115.2.S1_a_at,,unmapped,0,
Les.2051.1.A1_at,,unmapped,0,
Les.2099.2.A1_at,,unmapped,0,
Les.2009.1.S1_at,,unmapped,0,
Les.2028.1.A1_at,,unmapped,0,
Les.2128.1.S1_at,,unmapped,0,
Les.2090.1.S1_at,,unmapped,0,
Les.2180.2.A1_at,,unmapped,0,
Les.2090.2.A1_at,,unmapped,0,
Les.2135.3.S1_at,,unmapped,0,
Les.2090.3.A1_at,,unmapped,0,
Les.2167.1.S1_at,,unmapped,0,
Les.2186.1.A1_at,,unmapped,0,
Les.2112.1.A1_at,,unmapped,0,
Les.2122.2.A1_at,,unmapped,0,
Les.2151.1.A1_at,,unmapped,0,
Les.2061.1.A1_at,,unmapped,0,
Les.2038.1.A1_at,Solyc02g077330,one_to_one_signature_target,11,Solyc02g077330
Les.2027.2.S1_s_at,,unmapped,0,
Les.2135.2.S1_at,,unmapped,0,
Les.2193.1.A1_at,,unmapped,0,
Les.2003.1.A1_at,,unmapped,0,
Les.2074.2.S1_at,,unmapped,0,
Les.2167.2.A1_at,,unmapped,0,
Les.2196.1.A1_at,,unmapped,0,
Les.2006.1.A1_at,Solyc07g016170,one_to_one_signature_target,11,Solyc07g016170
Les.2032.1.A1_at,,unmapped,0,
Les.2122.1.A1_at,,unmapped,0,
Les.209.1.S1_at,,unmapped,0,
Les.2045.1.A1_at,,unmapped,0,
Les.2135.1.A1_at,,unmapped,0,
Les.2161.1.A1_at,,unmapped,0,
Les.2164.1.A1_at,,unmapped,0,
Les.2074.1.A1_at,,unmapped,0,
Les.2174.1.S1_at,,unmapped,0,
Les.2084.1.S1_at,,unmapped,0,
Les.2027.1.A1_s_at,,unmapped,0,
Les.2177.1.A1_at,,unmapped,0,
Les.2103.1.A1_at,,unmapped,0,
Les.203.1.S1_at,,unmapped,0,
Les.2016.1.A1_at,,unmapped,0,
Les.2106.1.A1_at,,unmapped,0,
Les.206.1.S1_at,,unmapped,0,
Les.2026.1.S1_at,,unmapped,0,
Les.2142.1.S1_at,,unmapped,0,
Les.2019.1.A1_at,,unmapped,0,
Les.2052.1.S1_at,,unmapped,0,
Les.219.1.S1_at,,unmapped,0,
Les.2145.1.A1_at,,unmapped,0,
Les.2055.1.S1_at,,unmapped,0,
Les.2119.1.A1_s_at,,unmapped,0,
Les.2100.1.A1_at,,unmapped,0,
Les.2020.1.S1_at,,unmapped,0,
Les.2013.1.A1_at,,unmapped,0,
Les.2187.1.A1_at,,unmapped,0,
Les.2113.1.A1_at,,unmapped,0,
Les.213.1.S1_at,,unmapped,0,
Les.2116.1.A1_at,,unmapped,0,
Les.2101.1.A1_a_at,,unmapped,0,
Les.2123.2.S1_at,,unmapped,0,
Les.2026.2.A1_at,,unmapped,0,
Les.2062.1.S1_at,,unmapped,0,
Les.2029.1.A1_at,,unmapped,0,
Les.2033.3.S1_at,,unmapped,0,
Les.2129.1.S1_at,,unmapped,0,
Les.2065.1.S1_at,,unmapped,0,
Les.2091.1.S1_at,,unmapped,0,
Les.2068.1.A1_at,,unmapped,0,
Les.2184.1.A1_at,,unmapped,0,
Les.2110.1.A1_at,,unmapped,0,
Les.210.1.S1_at,,unmapped,0,
Les.2168.1.S1_at,Solyc08g013670,one_to_one_signature_target,11,Solyc08g013670
Les.2030.1.S1_at,,unmapped,0,
Les.2097.1.A1_at,,unmapped,0,
Les.2197.1.A1_at,,unmapped,0,
Les.2123.1.A1_at,,unmapped,0,
Les.2033.2.A1_at,,unmapped,0,
Les.2036.1.A1_at,,unmapped,0,
Les.2126.1.A1_at,,unmapped,0,
Les.2033.1.A1_a_at,,unmapped,0,
Les.2165.1.S1_at,,unmapped,0,
Les.2165.2.A1_at,,unmapped,0,
Les.2004.1.A1_at,,unmapped,0,
Les.2011.2.S1_at,,unmapped,0,
Les.2030.2.A1_at,,unmapped,0,
Les.2007.1.A1_at,,unmapped,0,
Les.2033.1.A1_at,,unmapped,0,
Les.207.1.S1_at,,unmapped,0,
Les.2072.1.A1_at,,unmapped,0,
Les.2049.1.A1_at,,unmapped,0,
Les.2139.1.A1_at,,unmapped,0,
Les.2027.3.S1_at,,unmapped,0,
Les.2088.1.A1_at,,unmapped,0,
Les.2014.1.A1_at,Solyc05g014000,one_to_one_signature_target,11,Solyc05g014000
Les.2182.3.S1_at,,unmapped,0,
Les.204.1.S1_at,,unmapped,0,
Les.2040.1.A1_at,,unmapped,0,
Les.2130.1.A1_at,,unmapped,0,
Les.2017.1.A1_at,,unmapped,0,
Les.2133.1.A1_at,,unmapped,0,
Les.2024.2.S1_at,,unmapped,0,
Les.2146.1.A1_at,,unmapped,0,
Les.2056.1.A1_at,,unmapped,0,
Les.2172.1.A1_at,,unmapped,0,
Les.2027.2.S1_at,,unmapped,0,
Les.2082.1.A1_at,,unmapped,0,
Les.2092.1.S1_at,,unmapped,0,
Les.21.1.S1_at,,unmapped,0,
Les.2175.1.A1_at,,unmapped,0,
Les.2085.1.A1_at,,unmapped,0,
Les.2011.1.A1_at,,unmapped,0,
Les.2182.2.S1_at,,unmapped,0,
Les.2092.2.S1_at,,unmapped,0,
Les.2188.1.A1_at,,unmapped,0,
Les.211.2.S1_at,,unmapped,0,
Les.2024.1.A1_at,,unmapped,0,
Les.214.1.S1_at,,unmapped,0,
Les.2050.1.A1_at,,unmapped,0,
Les.2140.1.A1_at,,unmapped,0,
Les.2169.2.S1_at,,unmapped,0,
Les.211.3.S1_at,,unmapped,0,
Les.2198.1.S1_at,,unmapped,0,
Les.2050.2.A1_at,,unmapped,0,
Les.2117.1.A1_at,,unmapped,0,
Les.217.1.S1_at,,unmapped,0,
Les.2143.1.A1_at,,unmapped,0,
Les.2034.2.S1_at,,unmapped,0,
Les.2153.1.S1_at,,unmapped,0,
Les.2156.1.A1_at,,unmapped,0,
Les.2182.1.A1_at,,unmapped,0,
Les.211.1.A1_at,,unmapped,0,
Les.2069.1.A1_at,,unmapped,0,
Les.2185.1.A1_at,,unmapped,0,
Les.2095.1.A1_at,,unmapped,0,
Les.2021.1.A1_at,,unmapped,0,
Les.2076.2.S1_at,,unmapped,0,
Les.2002.2.S1_at,,unmapped,0,
Les.2169.1.S1_at,,unmapped,0,
Les.2195.1.S1_at,,unmapped,0,
Les.2060.1.A1_at,,unmapped,0,
Les.2198.2.A1_at,,unmapped,0,
Les.2131.2.S1_at,,unmapped,0,
Les.2034.1.S1_at,,unmapped,0,
Les.2037.1.A1_at,,unmapped,0,
Les.2127.1.A1_at,,unmapped,0,
Les.2063.1.A1_at,,unmapped,0,
Les.2034.3.A1_at,,unmapped,0,
Les.2044.2.S1_at,,unmapped,0,
Les.2137.1.S1_at,Solyc07g008620,one_to_one_signature_target,8,Solyc07g008620
Les.2073.1.S1_at,,unmapped,0,
Les.2066.1.A1_at,,unmapped,0,
Les.2166.1.A1_at,,unmapped,0,
Les.2192.1.A1_at,,unmapped,0,
Les.2073.2.S1_at,,unmapped,0,
Les.2073.3.A1_at,,unmapped,0,
Les.2076.1.S1_at,,unmapped,0,
Les.2002.1.S1_at,,unmapped,0,
Les.2121.1.A1_at,,unmapped,0,
Les.2031.1.A1_at,,unmapped,0,
Les.2002.3.A1_at,,unmapped,0,
Les.2179.1.S1_at,,unmapped,0,
Les.2105.1.S1_at,,unmapped,0,
Les.2008.1.A1_at,,unmapped,0,
Les.2179.2.S1_at,,unmapped,0,
Les.208.1.S1_at,,unmapped,0,
Les.2179.3.A1_at,,unmapped,0,
Les.2160.1.A1_at,,unmapped,0,
Les.2105.2.S1_at,,unmapped,0,
Les.2018.1.S1_at,,unmapped,0,
Les.2163.1.A1_at,,unmapped,0,
Les.2057.1.S1_at,,unmapped,0,
Les.2102.1.A1_at,,unmapped,0,
Les.202.1.S1_at,,unmapped,0,
Les.2086.1.S1_at,,unmapped,0,
Les.2012.1.S1_at,Solyc04g054740,one_to_one_signature_target,11,Solyc04g054740
Les.2183.3.S1_at,,unmapped,0,
Les.205.1.S1_at,,unmapped,0,
Les.2131.1.A1_at,,unmapped,0,
Les.2189.1.S1_at,,unmapped,0,
Les.2099.1.S1_at,,unmapped,0,
Les.2115.1.S1_at,,unmapped,0,
Les.2044.1.A1_at,,unmapped,0,
Les.218.1.S1_at,,unmapped,0,
Les.2144.1.A1_at,,unmapped,0,
Les.2170.1.A1_at,,unmapped,0,
Les.2115.2.S1_at,,unmapped,0,
Les.2115.3.A1_at,,unmapped,0,
Les.2118.1.S1_at,,unmapped,0,
Les.218.2.S1_at,,unmapped,0,
Les.2180.1.S1_at,,unmapped,0,
Les.2147.1.A1_at,,unmapped,0,
Les.2173.1.A1_at,,unmapped,0,
Les.2083.1.A1_at,,unmapped,0,
Les.218.3.S1_at,,unmapped,0,
Les.22.1.S1_at,,unmapped,0,
Les.2366.1.A1_at,,unmapped,0,
Les.2202.1.A1_at,,unmapped,0,
Les.2286.1.S1_at,Solyc07g022900,one_to_one_signature_target,11,Solyc07g022900
Les.2279.1.A1_at,,unmapped,1,
Les.2421.1.A1_at,,unmapped,0,
Les.2379.1.S1_at,,unmapped,0,
Les.2305.1.S1_at,,unmapped,0,
Les.2218.1.A1_at,,unmapped,0,
Les.2334.1.A1_at,,unmapped,0,
Les.228.1.S1_at,,unmapped,0,
Les.2280.1.S1_at,,unmapped,0,
Les.2247.1.A1_at,,unmapped,0,
Les.2337.1.A1_at,,unmapped,0,
Les.2273.1.A1_at,,unmapped,0,
Les.2373.1.S1_at,,unmapped,0,
Les.2283.1.S1_at,,unmapped,0,
Les.2373.2.A1_at,,unmapped,0,
Les.2212.1.A1_at,,unmapped,0,
Les.2302.1.A1_at,,unmapped,0,
Les.222.1.S1_at,,unmapped,0,
Les.241.1.A1_at,,unmapped,0,
Les.2289.1.A1_at,,unmapped,0,
Les.2331.1.A1_at,,unmapped,0,
Les.2225.1.S1_at,,unmapped,0,
Les.2318.1.A1_at,,unmapped,0,
Les.2254.1.A1_at,,unmapped,0,
Les.2344.1.A1_at,,unmapped,0,
Les.2308.1.S1_a_at,,unmapped,0,
Les.2415.2.S1_at,,unmapped,0,
Les.2418.1.S1_at,,unmapped,0,
Les.2257.1.A1_at,,unmapped,0,
Les.2347.1.A1_at,,unmapped,0,
Les.2267.1.S1_at,,unmapped,0,
Les.2298.2.A1_a_at,,unmapped,0,
Les.2296.1.A1_at,,unmapped,0,
Les.222.2.A1_at,,unmapped,0,
Les.232.1.S1_at,,unmapped,0,
Les.2412.1.S1_at,,unmapped,0,
Les.2299.1.A1_at,,unmapped,0,
Les.2341.1.A1_at,,unmapped,0,
Les.235.1.S1_at,,unmapped,0,
Les.2415.1.S1_at,,unmapped,0,
Les.2325.1.S1_at,,unmapped,0,
Les.2351.1.S1_at,,unmapped,0,
Les.2351.2.A1_at,,unmapped,0,
Les.2328.1.A1_at,,unmapped,0,
Les.2380.1.A1_at,,unmapped,0,
Les.2290.1.A1_at,,unmapped,0,
Les.2415.3.A1_at,,unmapped,0,
Les.2264.1.S1_at,,unmapped,0,
Les.2338.1.S1_at,,unmapped,0,
Les.2364.1.S1_at,,unmapped,0,
Les.2357.1.A1_at,,unmapped,0,
Les.2293.1.A1_at,,unmapped,0,
Les.2203.1.S1_at,Solyc11g010200,one_to_one_signature_target,10,Solyc11g010200
Les.2322.1.A1_at,,unmapped,0,
Les.2206.1.S1_at,,unmapped,0,
Les.2206.2.A1_at,,unmapped,0,
Les.2412.2.A1_at,,unmapped,0,
Les.2422.1.S1_at,,unmapped,0,
Les.2399.1.A1_at,,unmapped,0,
Les.2209.1.A1_at,,unmapped,0,
Les.2261.1.A1_at,,unmapped,0,
Les.2425.1.S1_at,,unmapped,0,
Les.2271.1.S1_at,,unmapped,0,
Les.23.1.S1_at,,unmapped,0,
Les.2274.1.S1_at,,unmapped,0,
Les.2200.1.S1_at,,unmapped,0,
Les.2367.1.A1_at,,unmapped,0,
Les.2277.1.A1_at,,unmapped,0,
Les.2300.1.S1_at,,unmapped,0,
Les.2377.1.S1_at,Solyc05g025600,one_to_one_signature_target,8,Solyc05g025600
Les.2287.1.S1_at,,unmapped,0,
Les.2306.1.A1_at,,unmapped,0,
Les.2287.2.S1_at,,unmapped,0,
Les.2332.1.A1_at,,unmapped,0,
Les.2287.3.A1_at,,unmapped,0,
Les.2403.2.S1_at,,unmapped,0,
Les.2216.1.S1_at,,unmapped,0,
Les.2422.2.A1_at,,unmapped,0,
Les.2219.1.A1_at,,unmapped,0,
Les.229.1.S1_at,,unmapped,0,
Les.2335.1.A1_at,,unmapped,0,
Les.2409.1.S1_at,,unmapped,0,
Les.2229.1.S1_at,,unmapped,0,
Les.2255.1.S1_at,,unmapped,0,
Les.2248.1.A1_at,,unmapped,0,
Les.2281.1.S1_at,,unmapped,0,
Les.2348.1.S1_at,,unmapped,0,
Les.223.1.S1_at,,unmapped,0,
Les.2377.2.A1_at,Solyc05g025600,one_to_one_signature_target,7,Solyc05g025600
Les.2416.2.A1_a_at,,unmapped,0,
Les.2297.1.S1_at,,unmapped,0,
Les.2403.1.S1_at,,unmapped,0,
Les.2223.1.S1_at,,unmapped,0,
Les.226.1.S1_at,,unmapped,0,
Les.2316.1.S1_at,,unmapped,0,
Les.2316.2.A1_at,,unmapped,0,
Les.2416.1.S1_at,,unmapped,0,
Les.2319.1.A1_at,,unmapped,0,
Les.239.1.S1_at,,unmapped,0,
Les.2229.2.A1_at,,unmapped,0,
Les.2265.1.S1_at,,unmapped,0,
Les.2355.1.S1_at,,unmapped,0,
Les.2284.1.A1_at,,unmapped,0,
Les.220.1.S1_at,,unmapped,0,
Les.2294.2.A1_at,,unmapped,0,
Les.2313.1.A1_at,,unmapped,0,
Les.233.1.S1_at,,unmapped,0,
Les.2313.2.A1_at,,unmapped,0,
Les.228.1.S1_a_at,,unmapped,0,
Les.2323.1.S1_at,,unmapped,0,
Les.236.1.S1_at,,unmapped,0,
Les.2329.1.A1_at,,unmapped,0,
Les.2381.1.A1_at,,unmapped,0,
Les.2355.2.A1_at,,unmapped,0,
Les.2358.1.A1_at,,unmapped,0,
Les.2201.1.S1_at,,unmapped,0,
Les.2268.1.A1_at,,unmapped,0,
Les.2220.1.A1_at,,unmapped,0,
Les.230.1.S1_at,,unmapped,0,
Les.2410.1.A1_at,,unmapped,0,
Les.2365.2.S1_at,,unmapped,0,
Les.2278.1.S1_at,,unmapped,0,
Les.2207.1.A1_at,,unmapped,0,
Les.2307.1.S1_at,,unmapped,0,
Les.2333.1.S1_at,,unmapped,0,
Les.2262.1.A1_at,,unmapped,0,
Les.2362.1.S1_at,,unmapped,0,
Les.2362.2.A1_at,,unmapped,0,
Les.2365.1.A1_at,,unmapped,0,
Les.24.1.S1_at,,unmapped,0,
Les.2349.1.S1_at,,unmapped,0,
Les.2368.1.A1_at,,unmapped,0,
Les.2230.1.A1_at,,unmapped,0,
Les.2320.1.A1_at,,unmapped,0,
Les.240.1.S1_at,,unmapped,0,
Les.2211.2.S1_at,,unmapped,0,
Les.2288.1.S1_at,,unmapped,0,
Les.2330.1.S1_at,,unmapped,0,
Les.2307.1.A1_at,,unmapped,0,
Les.2423.1.A1_at,,unmapped,0,
Les.2407.1.S1_at,,unmapped,0,
Les.2246.1.A1_at,,unmapped,0,
Les.2256.1.S1_at,,unmapped,0,
Les.2401.1.S1_at,,unmapped,0,
Les.2378.1.A1_at,,unmapped,0,
Les.2214.1.A1_at,,unmapped,0,
Les.224.1.S1_at,,unmapped,0,
Les.2213.1.S1_s_at,,unmapped,0,
Les.2404.1.S1_at,,unmapped,0,
Les.2217.1.A1_at,,unmapped,0,
Les.2317.1.A1_at,,unmapped,0,
Les.2343.1.A1_at,,unmapped,0,
Les.2414.2.S1_at,,unmapped,0,
Les.2253.1.S1_at,,unmapped,0,
Les.2350.2.S1_at,,unmapped,0,
Les.2294.2.A1_a_at,,unmapped,0,
Les.2417.1.S1_at,,unmapped,0,
Les.2253.2.A1_at,,unmapped,0,
Les.2346.1.A1_at,,unmapped,0,
Les.2414.3.S1_at,,unmapped,0,
Les.2372.1.A1_at,,unmapped,0,
Les.2285.1.A1_at,,unmapped,0,
Les.2211.1.A1_at,,unmapped,0,
Les.221.1.S1_at,,unmapped,0,
Les.2311.1.A1_at,,unmapped,0,
Les.224.1.A1_at,,unmapped,0,
Les.2401.2.A1_at,,unmapped,0,
Les.2224.1.A1_at,,unmapped,0,
Les.2314.1.A1_at,,unmapped,0,
Les.234.1.S1_at,,unmapped,0,
Les.2250.1.A1_at,,unmapped,0,
Les.2340.1.A1_at,,unmapped,0,
Les.2414.1.S1_at,,unmapped,0,
Les.2324.1.S1_at,,unmapped,0,
Les.2350.1.S1_at,,unmapped,0,
Les.2227.1.A1_at,,unmapped,0,
Les.2353.1.A1_at,,unmapped,0,
Les.2350.3.A1_at,,unmapped,0,
Les.2417.2.A1_at,,unmapped,0,
Les.2356.1.A1_at,,unmapped,0,
Les.2247.2.S1_at,,unmapped,0,
Les.2276.1.S1_at,,unmapped,0,
Les.2269.1.A1_at,,unmapped,0,
Les.231.1.S1_at,,unmapped,0,
Les.2369.1.S1_at,,unmapped,0,
Les.2231.1.S1_at,,unmapped,0,
Les.241.2.S1_at,,unmapped,0,
Les.2208.1.A1_at,,unmapped,0,
Les.2260.1.A1_at,,unmapped,0,
Les.241.3.S1_at,,unmapped,0,
Les.2424.1.S1_at,,unmapped,0,
Les.2424.2.A1_at,,unmapped,0,
Les.2360.1.S1_at,,unmapped,0,
Les.2327.1.A1_at,,unmapped,0,
Les.2270.1.S1_at,,unmapped,0,
Les.2427.1.A1_at,,unmapped,0,
Les.2308.2.S1_at,,unmapped,0,
Les.2308.3.A1_at,,unmapped,0,
Les.2482.1.A1_at,,unmapped,0,
Les.25.1.S1_at,,unmapped,0,
Les.2556.1.S1_at,,unmapped,0,
Les.2582.1.S1_at,,unmapped,0,
Les.2492.1.S1_at,,unmapped,0,
Les.2559.1.A1_at,,unmapped,0,
Les.2585.1.A1_at,,unmapped,0,
Les.2569.1.S1_at,Solyc05g007770,one_to_one_signature_target,11,Solyc05g007770
Les.2479.1.S1_at,,unmapped,0,
Les.2521.1.S1_at,,unmapped,0,
Les.254.1.S1_at,,unmapped,0,
Les.2479.2.S1_at,,unmapped,0,
Les.2434.1.S1_at,,unmapped,0,
Les.2460.1.S1_at,,unmapped,0,
Les.257.1.S1_at,,unmapped,0,
Les.2508.2.S1_at,,unmapped,0,
Les.2537.1.S1_at,,unmapped,0,
Les.2473.1.S1_at,,unmapped,0,
Les.2476.1.S1_at,,unmapped,0,
Les.251.1.S1_at,,unmapped,0,
Les.2431.1.A1_at,,unmapped,0,
Les.2521.2.A1_at,,unmapped,0,
Les.2550.1.A1_at,,unmapped,0,
Les.2534.1.S1_at,,unmapped,0,
Les.2560.1.S1_at,,unmapped,0,
Les.2537.2.A1_at,,unmapped,0,
Les.2566.1.A1_at,,unmapped,0,
Les.2518.3.S1_at,,unmapped,0,
Les.2476.1.A1_at,,unmapped,0,
Les.2480.3.S1_at,,unmapped,0,
Les.2502.1.S1_at,,unmapped,0,
Les.2579.1.A1_at,,unmapped,0,
Les.2489.1.S1_at,,unmapped,0,
Les.2512.2.S1_at,,unmapped,0,
Les.2589.1.S1_at,,unmapped,0,
Les.2508.1.A1_at,,unmapped,0,
Les.2444.1.A1_at,,unmapped,0,
Les.2512.3.S1_at,,unmapped,0,
Les.2541.2.S1_at,,unmapped,0,
Les.2478.1.S1_a_at,,unmapped,0,
Les.247.1.S1_a_at,,unmapped,0,
Les.2547.1.A1_at,,unmapped,0,
Les.2573.1.A1_at,,unmapped,0,
Les.2518.2.S1_at,,unmapped,0,
Les.2480.2.S1_at,,unmapped,0,
Les.2557.1.S1_at,,unmapped,0,
Les.2583.1.S1_at,,unmapped,0,
Les.2576.1.A1_at,,unmapped,0,
Les.2515.1.A1_at,,unmapped,0,
Les.2496.2.S1_at,,unmapped,0,
Les.2541.1.A1_at,,unmapped,0,
Les.2502.3.A1_a_at,,unmapped,0,
Les.2525.1.S1_at,,unmapped,0,
Les.248.2.A1_at,,unmapped,0,
Les.2518.1.A1_at,,unmapped,0,
Les.244.2.S1_a_at,,unmapped,0,
Les.2454.1.A1_at,,unmapped,0,
Les.2544.1.A1_at,,unmapped,0,
Les.2480.1.A1_at,,unmapped,0,
Les.2490.1.S1_at,,unmapped,0,
Les.2457.1.A1_at,,unmapped,0,
Les.2483.1.A1_at,,unmapped,0,
Les.248.1.S1_a_at,,unmapped,0,
Les.2438.2.A1_a_at,,unmapped,0,
Les.2467.1.S1_at,,unmapped,0,
Les.2538.3.S1_at,,unmapped,0,
Les.2496.1.A1_at,,unmapped,0,
Les.2522.1.S1_at,,unmapped,0,
Les.2451.1.A1_at,,unmapped,0,
Les.2551.1.A1_at,,unmapped,0,
Les.255.2.S1_at,,unmapped,0,
Les.2461.1.S1_at,,unmapped,0,
Les.2561.1.S1_at,,unmapped,0,
Les.2528.1.A1_at,,unmapped,0,
Les.2554.1.A1_at,,unmapped,0,
Les.2572.2.S1_a_at,,unmapped,0,
Les.2535.2.S1_at,,unmapped,0,
Les.2564.1.S1_at,,unmapped,0,
Les.2474.1.S1_at,,unmapped,0,
Les.2493.1.A1_at,,unmapped,0,
Les.2538.2.S1_at,,unmapped,0,
Les.2567.1.S1_at,,unmapped,0,
Les.2477.1.S1_at,,unmapped,0,
Les.2548.3.S1_at,,unmapped,0,
Les.252.1.S1_at,,unmapped,0,
Les.2574.3.S1_at,,unmapped,0,
Les.256.1.S1_s_at,,unmapped,0,
Les.255.1.A1_at,,unmapped,0,
Les.2487.2.S1_at,,unmapped,0,
Les.2442.1.S1_at,,unmapped,0,
Les.2435.1.A1_at,,unmapped,0,
Les.2561.2.A1_at,,unmapped,0,
Les.2448.1.A1_at,,unmapped,0,
Les.2538.1.A1_at,,unmapped,0,
Les.2564.2.A1_at,,unmapped,0,
Les.2458.1.S1_at,,unmapped,0,
Les.2474.2.A1_at,,unmapped,0,
Les.2574.1.S1_at,,unmapped,0,
Les.2484.1.S1_at,,unmapped,0,
Les.2500.1.S1_at,,unmapped,0,
Les.2548.2.S1_at,,unmapped,0,
Les.2574.2.S1_at,,unmapped,0,
Les.2500.2.S1_at,,unmapped,0,
Les.2503.1.S1_at,,unmapped,0,
Les.2510.3.S1_at,,unmapped,0,
Les.2516.1.S1_at,,unmapped,0,
Les.2509.1.A1_at,,unmapped,0,
Les.2535.1.A1_at,,unmapped,0,
Les.249.1.S1_at,,unmapped,0,
Les.2519.1.S1_at,,unmapped,0,
Les.2545.1.S1_at,,unmapped,0,
Les.2571.1.S1_at,,unmapped,0,
Les.2481.1.S1_at,,unmapped,0,
Les.2548.1.A1_at,,unmapped,0,
Les.2529.2.S1_at,,unmapped,0,
Les.2558.1.S1_at,,unmapped,0,
Les.2484.2.A1_at,,unmapped,0,
Les.2494.1.S1_at,,unmapped,0,
Les.2577.1.A1_at,,unmapped,0,
Les.2487.1.A1_at,,unmapped,0,
Les.243.1.S1_at,,unmapped,0,
Les.2491.3.S1_at,,unmapped,0,
Les.2584.2.S1_at,Solyc10g050110,one_to_one_signature_target,11,Solyc10g050110
Les.2510.2.S1_at,,unmapped,0,
Les.2497.1.S1_at,,unmapped,0,
Les.2513.1.S1_at,,unmapped,0,
Les.246.1.S1_at,,unmapped,0,
Les.2452.1.A1_at,,unmapped,0,
Les.2513.3.A1_at,,unmapped,0,
Les.2516.2.A1_at,,unmapped,0,
Les.2526.1.S1_at,,unmapped,0,
Les.2452.2.A1_at,,unmapped,0,
Les.2429.1.A1_at,,unmapped,0,
Les.2555.1.S1_at,,unmapped,0,
Les.2581.1.S1_at,,unmapped,0,
Les.2555.2.A1_at,,unmapped,0,
Les.2581.2.A1_at,,unmapped,0,
Les.2584.1.A1_at,Solyc10g050110,one_to_one_signature_target,7,Solyc10g050110
Les.2510.1.A1_at,,unmapped,0,
Les.2491.2.S1_at,,unmapped,0,
Les.2565.2.S1_at,,unmapped,0,
Les.2568.1.S1_at,,unmapped,0,
Les.2494.2.A1_at,,unmapped,0,
Les.2587.1.A1_at,,unmapped,0,
Les.2565.3.S1_at,,unmapped,0,
Les.2568.2.S1_at,,unmapped,0,
Les.2497.2.A1_at,,unmapped,0,
Les.2562.1.S1_at,,unmapped,0,
Les.2529.1.A1_at,,unmapped,0,
Les.2491.1.A1_at,,unmapped,0,
Les.2449.1.S1_at,,unmapped,0,
Les.2565.1.S1_at,,unmapped,0,
Les.250.1.S1_at,,unmapped,0,
Les.2520.1.A1_at,,unmapped,0,
Les.2478.1.S1_at,,unmapped,0,
Les.2578.1.S1_at,,unmapped,0,
Les.253.1.S1_at,,unmapped,0,
Les.2433.1.A1_at,,unmapped,0,
Les.2523.1.A1_at,,unmapped,0,
Les.2568.3.A1_at,,unmapped,0,
Les.256.1.A1_at,,unmapped,0,
Les.2436.1.A1_at,,unmapped,0,
Les.2427.3.S1_a_at,,unmapped,0,
Les.2539.1.A1_at,,unmapped,0,
Les.2475.1.A1_at,,unmapped,0,
Les.2546.2.S1_at,,unmapped,0,
Les.2459.1.S1_at,,unmapped,0,
Les.2575.1.S1_at,,unmapped,0,
Les.2501.1.S1_at,,unmapped,0,
Les.2546.3.S1_at,,unmapped,0,
Les.2459.2.S1_at,,unmapped,0,
Les.2504.1.A1_at,,unmapped,0,
Les.2530.1.A1_at,,unmapped,0,
Les.2575.3.A1_at,,unmapped,0,
Les.2559.3.S1_at,,unmapped,0,
Les.2540.1.S1_at,,unmapped,0,
Les.247.2.S1_at,,unmapped,0,
Les.2453.1.S1_at,,unmapped,0,
Les.2540.3.S1_at,,unmapped,0,
Les.2584.2.S1_a_at,Solyc10g050110,one_to_one_signature_target,11,Solyc10g050110
Les.247.3.S1_at,,unmapped,0,
Les.2427.2.S1_at,,unmapped,0,
Les.2517.2.S1_at,,unmapped,0,
Les.2546.1.S1_at,,unmapped,0,
Les.2427.3.S1_at,,unmapped,0,
Les.2485.1.A1_at,,unmapped,0,
Les.2469.1.S1_at,,unmapped,0,
Les.2495.1.S1_at,,unmapped,0,
Les.2440.1.A1_at,,unmapped,0,
Les.2559.2.S1_at,,unmapped,0,
Les.244.2.S1_at,,unmapped,0,
Les.2514.1.S1_at,,unmapped,0,
Les.247.1.S1_at,,unmapped,0,
Les.2540.2.A1_at,,unmapped,0,
Les.2517.1.A1_at,,unmapped,0,
Les.2543.1.A1_at,,unmapped,0,
Les.2460.2.S1_at,,unmapped,0,
Les.2527.1.S1_at,,unmapped,0,
Les.2437.1.S1_at,,unmapped,0,
Les.2553.1.S1_at,,unmapped,0,
Les.2736.1.A1_at,,unmapped,0,
Les.2646.1.A1_at,,unmapped,0,
Les.2682.1.S1_at,,unmapped,0,
Les.2656.2.S1_at,,unmapped,0,
Les.2659.1.S1_at,,unmapped,0,
Les.2611.1.S1_at,,unmapped,0,
Les.2611.2.A1_at,,unmapped,0,
Les.2598.1.S1_at,,unmapped,0,
Les.2714.1.S1_at,,unmapped,0,
Les.2650.1.S1_at,,unmapped,0,
Les.2598.3.A1_at,,unmapped,0,
Les.2714.2.S1_at,,unmapped,0,
Les.2717.1.S1_at,,unmapped,0,
Les.2627.1.S1_at,,unmapped,0,
Les.2743.1.S1_at,,unmapped,0,
Les.2717.2.A1_at,,unmapped,0,
Les.2653.1.S1_at,,unmapped,0,
Les.2743.2.A1_at,,unmapped,0,
Les.259.2.S1_a_at,,unmapped,0,
Les.2656.1.A1_at,,unmapped,0,
Les.2592.1.S1_at,,unmapped,0,
Les.2595.1.A1_at,,unmapped,0,
Les.2701.1.A1_at,,unmapped,0,
Les.2659.2.A1_at,,unmapped,0,
Les.2695.1.S1_at,,unmapped,0,
Les.2711.1.S1_at,,unmapped,0,
Les.264.1.S1_at,,unmapped,0,
Les.2721.2.S1_at,,unmapped,0,
Les.2724.1.S1_at,,unmapped,0,
Les.267.1.S1_at,,unmapped,0,
Les.2660.1.S1_at,,unmapped,0,
Les.2660.2.S1_at,,unmapped,0,
Les.2727.1.S1_at,,unmapped,0,
Les.2637.1.S1_at,,unmapped,0,
Les.2653.2.A1_at,,unmapped,0,
Les.2663.1.S1_at,,unmapped,0,
Les.2692.1.A1_at,,unmapped,0,
Les.2669.1.A1_at,,unmapped,0,
Les.2602.2.S1_at,,unmapped,0,
Les.2679.1.S1_at,,unmapped,0,
Les.2695.2.A1_at,,unmapped,0,
Les.2631.2.S1_at,,unmapped,0,
Les.2721.3.A1_at,,unmapped,0,
Les.2608.1.S1_at,,unmapped,0,
Les.2634.2.A1_at,,unmapped,0,
Les.2689.3.S1_at,,unmapped,0,
Les.2708.2.S1_at,,unmapped,0,
Les.2734.2.S1_at,,unmapped,0,
Les.2644.2.S1_at,,unmapped,0,
Les.26.1.S1_at,,unmapped,0,
Les.2672.1.S1_s_at,,unmapped,0,
Les.2673.1.S1_at,,unmapped,0,
Les.2734.3.S1_at,,unmapped,0,
Les.2602.1.S1_at,,unmapped,0,
Les.271.1.S1_at,,unmapped,0,
Les.2605.1.A1_at,,unmapped,0,
Les.2721.1.A1_at,,unmapped,0,
Les.2631.1.A1_at,,unmapped,0,
Les.2589.2.A1_at,,unmapped,0,
Les.2599.1.S1_at,,unmapped,0,
Les.274.1.S1_at,,unmapped,0,
Les.2634.1.A1_at,,unmapped,0,
Les.2689.2.S1_at,,unmapped,0,
Les.2708.1.S1_at,,unmapped,0,
Les.2618.1.S1_at,,unmapped,0,
Les.2718.2.S1_at,,unmapped,0,
Les.2672.1.S1_x_at,,unmapped,0,
Les.2657.1.S1_at,,unmapped,0,
Les.2718.3.S1_at,,unmapped,0,
Les.2612.1.S1_at,,unmapped,0,
Les.2689.1.A1_at,,unmapped,0,
Les.2613.2.S1_a_at,,unmapped,0,
Les.2693.3.S1_at,,unmapped,0,
Les.2712.2.S1_at,,unmapped,0,
Les.2699.1.S1_at,,unmapped,0,
Les.2715.1.S1_at,,unmapped,0,
Les.2644.1.A1_at,,unmapped,0,
Les.2718.1.S1_at,,unmapped,0,
Les.2744.1.S1_at,,unmapped,0,
Les.2654.1.S1_at,,unmapped,0,
Les.2654.2.A1_at,,unmapped,0,
Les.2590.1.S1_at,,unmapped,0,
Les.2680.1.S1_at,,unmapped,0,
Les.2683.1.A1_at,,unmapped,0,
Les.2728.2.S1_at,,unmapped,0,
Les.2667.1.S1_at,,unmapped,0,
Les.2686.1.A1_at,,unmapped,0,
Les.2667.2.S1_at,,unmapped,0,
Les.2693.2.S1_at,,unmapped,0,
Les.2696.1.S1_at,,unmapped,0,
Les.2712.1.S1_at,,unmapped,0,
Les.2667.3.S1_at,,unmapped,0,
Les.265.1.S1_at,,unmapped,0,
Les.2625.1.A1_at,,unmapped,0,
Les.2651.1.A1_at,,unmapped,0,
Les.2712.3.A1_at,,unmapped,0,
Les.2722.2.S1_at,,unmapped,0,
Les.2661.1.S1_at,,unmapped,0,
Les.2628.1.A1_at,,unmapped,0,
Les.2590.2.A1_at,,unmapped,0,
Les.2693.1.A1_at,,unmapped,0,
Les.2677.1.S1_at,,unmapped,0,
Les.262.1.S1_at,,unmapped,0,
Les.2622.1.A1_at,,unmapped,0,
Les.2677.2.S1_at,,unmapped,0,
Les.2722.1.S1_at,,unmapped,0,
Les.2677.3.S1_at,,unmapped,0,
Les.2725.1.A1_at,,unmapped,0,
Les.2734.2.S1_a_at,,unmapped,0,
Les.2722.3.A1_at,,unmapped,0,
Les.2735.1.S1_at,,unmapped,0,
Les.2728.1.A1_at,,unmapped,0,
Les.2638.1.A1_at,,unmapped,0,
Les.2664.1.A1_at,,unmapped,0,
Les.27.1.S1_at,,unmapped,0,
Les.2645.2.S1_at,,unmapped,0,
Les.2738.1.S1_at,,unmapped,0,
Les.2648.1.S1_at,,unmapped,0,
Les.2674.1.S1_at,,unmapped,0,
Les.2600.1.S1_at,,unmapped,0,
Les.2603.1.A1_at,,unmapped,0,
Les.2703.1.S1_at,Solyc03g123830,one_to_one_signature_target,11,Solyc03g123830
Les.2606.1.A1_at,,unmapped,0,
Les.2632.1.A1_at,,unmapped,0,
Les.2613.2.S1_at,,unmapped,0,
Les.2706.1.S1_at,,unmapped,0,
Les.2732.1.S1_at,,unmapped,0,
Les.2609.1.A1_at,,unmapped,0,
Les.2642.1.S1_at,,unmapped,0,
Les.2613.3.S1_at,,unmapped,0,
Les.2671.1.A1_at,,unmapped,0,
Les.2719.2.S1_at,,unmapped,0,
Les.2681.2.S1_at,,unmapped,0,
Les.2658.1.S1_at,,unmapped,0,
Les.2594.1.S1_at,,unmapped,0,
Les.2700.1.S1_at,,unmapped,0,
Les.272.1.A1_at,,unmapped,0,
Les.2627.1.S1_x_at,,unmapped,0,
Les.2616.1.A1_at,,unmapped,0,
Les.2620.3.S1_at,,unmapped,0,
Les.2626.1.S1_at,Solyc03g093360,one_to_one_signature_target,11,Solyc03g093360
Les.2652.1.S1_at,,unmapped,0,
Les.2619.1.A1_at,,unmapped,0,
Les.2645.1.A1_at,,unmapped,0,
Les.2591.1.S1_at,,unmapped,0,
Les.2729.2.S1_at,,unmapped,0,
Les.2658.2.A1_at,,unmapped,0,
Les.2668.1.S1_at,,unmapped,0,
Les.2694.1.S1_at,,unmapped,0,
Les.2710.1.S1_at,,unmapped,0,
Les.2620.1.S1_at,Solyc06g084050,one_to_one_signature_target,11,Solyc06g084050
Les.2710.2.A1_at,,unmapped,0,
Les.2613.1.A1_at,,unmapped,0,
Les.2713.1.A1_at,,unmapped,0,
Les.2620.2.S1_at,Solyc06g084050,one_to_one_signature_target,11,Solyc06g084050
Les.2697.1.S1_at,,unmapped,0,
Les.2723.1.S1_at,,unmapped,0,
Les.266.1.S1_at,,unmapped,0,
Les.2716.1.A1_at,,unmapped,0,
Les.2723.2.S1_at,,unmapped,0,
Les.2726.1.S1_at,,unmapped,0,
Les.269.1.S1_at,,unmapped,0,
Les.2629.1.A1_at,,unmapped,0,
Les.2655.1.A1_at,,unmapped,0,
Les.2681.1.A1_at,,unmapped,0,
Les.2702.1.S1_a_at,,unmapped,0,
Les.2636.2.S1_at,,unmapped,0,
Les.2665.1.S1_at,,unmapped,0,
Les.2691.1.S1_at,,unmapped,0,
Les.2668.2.A1_at,,unmapped,0,
Les.2630.1.S1_at,,unmapped,0,
Les.263.1.S1_at,,unmapped,3,
Les.2623.1.A1_at,,unmapped,0,
Les.2607.1.S1_at,,unmapped,0,
Les.273.2.S1_at,,unmapped,0,
Les.2662.1.A1_at,,unmapped,0,
Les.2729.1.A1_at,,unmapped,0,
Les.2672.2.S1_at,,unmapped,0,
Les.2739.1.S1_at,,unmapped,0,
Les.2649.1.S1_at,,unmapped,0,
Les.2601.1.S1_at,,unmapped,0,
Les.2604.1.A1_at,,unmapped,0,
Les.270.1.S1_at,,unmapped,0,
Les.2720.1.A1_at,,unmapped,0,
Les.266.1.S1_a_at,,unmapped,0,
Les.2688.1.S1_at,,unmapped,0,
Les.2614.1.S1_at,,unmapped,0,
Les.2704.1.S1_at,,unmapped,0,
Les.2730.1.S1_at,,unmapped,0,
Les.273.1.S1_at,,unmapped,0,
Les.2640.1.S1_at,,unmapped,0,
Les.2633.1.A1_at,,unmapped,0,
Les.2598.2.S1_at,,unmapped,0,
Les.2704.2.S1_at,,unmapped,0,
Les.2704.3.A1_at,,unmapped,0,
Les.2707.1.S1_at,,unmapped,0,
Les.2617.1.S1_at,,unmapped,0,
Les.2733.1.S1_at,,unmapped,0,
Les.2707.2.A1_at,,unmapped,0,
Les.2643.1.S1_at,,unmapped,0,
Les.279.1.A1_at,,unmapped,0,
Les.289.1.S1_at,,unmapped,0,
Les.2762.2.A1_at,,unmapped,0,
Les.2746.1.S1_at,,unmapped,0,
Les.2765.1.A1_at,,unmapped,0,
Les.2865.1.A1_at,,unmapped,0,
Les.2749.1.S1_at,,unmapped,0,
Les.2749.2.A1_at,,unmapped,0,
Les.2775.1.S1_at,,unmapped,0,
Les.280.1.S1_at,,unmapped,0,
Les.2865.3.A1_at,,unmapped,0,
Les.2875.2.S1_at,,unmapped,0,
Les.2878.1.S1_at,,unmapped,0,
Les.283.1.S1_at,,unmapped,0,
Les.2875.3.S1_at,,unmapped,0,
Les.286.1.A1_at,,unmapped,0,
Les.2814.3.S1_at,,unmapped,0,
Les.2862.1.A1_at,,unmapped,0,
Les.2817.2.S1_at,,unmapped,0,
Les.2746.2.A1_at,,unmapped,0,
Les.2846.1.S1_at,,unmapped,0,
Les.2872.1.S1_at,,unmapped,0,
Les.2756.2.S1_at,,unmapped,0,
Les.2846.2.S1_at,,unmapped,0,
Les.2872.2.S1_at,,unmapped,0,
Les.2846.3.A1_at,,unmapped,0,
Les.2765.3.S1_a_at,,unmapped,0,
Les.2759.1.S1_at,,unmapped,0,
Les.2849.1.S1_at,,unmapped,0,
Les.2759.2.A1_at,,unmapped,0,
Les.280.2.A1_at,,unmapped,0,
Les.2856.3.S1_at,,unmapped,0,
Les.2878.2.A1_at,,unmapped,0,
Les.2888.1.S1_at,,unmapped,0,
Les.2750.1.S1_at,,unmapped,0,
Les.2814.2.S1_at,,unmapped,0,
Les.2817.1.S1_at,,unmapped,0,
Les.2753.1.S1_at,,unmapped,0,
Les.2756.1.A1_at,,unmapped,0,
Les.2782.1.A1_at,,unmapped,0,
Les.2853.2.S1_at,,unmapped,0,
Les.2856.1.S1_at,,unmapped,0,
Les.2882.1.S1_at,,unmapped,0,
Les.2859.1.S1_at,,unmapped,0,
Les.2859.2.A1_at,,unmapped,0,
Les.2811.1.S1_at,,unmapped,0,
Les.2814.1.A1_at,,unmapped,0,
Les.2869.2.S1_at,,unmapped,0,
Les.2895.2.S1_at,,unmapped,0,
Les.2821.2.S1_at,,unmapped,0,
Les.2824.1.S1_at,,unmapped,0,
Les.2760.1.S1_at,,unmapped,0,
Les.2850.1.S1_at,,unmapped,0,
Les.2850.2.S1_at,,unmapped,0,
Les.2763.1.S1_at,,unmapped,0,
Les.2763.2.A1_at,,unmapped,0,
Les.2766.1.A1_at,,unmapped,0,
Les.2792.1.A1_at,,unmapped,0,
Les.2837.2.S1_at,,unmapped,0,
Les.2856.2.A1_at,,unmapped,0,
Les.2892.1.S1_at,,unmapped,0,
Les.2769.1.A1_at,,unmapped,0,
Les.28.2.S1_a_at,,unmapped,0,
Les.2869.1.S1_at,,unmapped,0,
Les.2779.1.S1_at,,unmapped,0,
Les.2895.1.S1_at,,unmapped,0,
Les.2821.1.S1_at,,unmapped,0,
Les.2876.3.S1_at,,unmapped,0,
Les.2779.2.S1_at,,unmapped,0,
Les.2869.3.A1_at,,unmapped,0,
Les.2879.2.S1_at,,unmapped,0,
Les.281.3.S1_at,,unmapped,0,
Les.2808.1.S1_at,,unmapped,0,
Les.287.1.S1_at,,unmapped,0,
Les.2834.1.S1_at,,unmapped,0,
Les.2879.3.S1_at,,unmapped,0,
Les.2860.1.S1_at,,unmapped,0,
Les.2770.1.S1_at,,unmapped,0,
Les.2853.1.A1_at,,unmapped,0,
Les.2747.1.S1_at,,unmapped,0,
Les.2837.1.S1_at,,unmapped,0,
Les.2863.1.S1_at,,unmapped,0,
Les.2773.1.S1_at,,unmapped,0,
Les.2866.1.A1_at,,unmapped,0,
Les.2747.2.S1_at,,unmapped,0,
Les.2837.3.A1_at,,unmapped,0,
Les.2873.2.S1_at,,unmapped,0,
Les.281.1.S1_at,,unmapped,0,
Les.2876.2.S1_at,,unmapped,0,
Les.281.2.S1_at,,unmapped,0,
Les.2831.1.S1_at,,unmapped,0,
Les.2818.1.S1_at,,unmapped,0,
Les.2844.1.S1_at,,unmapped,0,
Les.2770.2.A1_at,,unmapped,0,
Les.2847.1.S1_at,,unmapped,0,
Les.2873.1.S1_at,,unmapped,0,
Les.2876.1.A1_at,,unmapped,0,
Les.2802.1.A1_at,,unmapped,0,
Les.2874.2.S1_a_at,,unmapped,0,
Les.2879.1.A1_at,,unmapped,0,
Les.2812.1.S1_at,,unmapped,0,
Les.2886.2.S1_at,,unmapped,0,
Les.2875.1.A1_s_at,,unmapped,0,
Les.2815.1.S1_at,,unmapped,0,
Les.2841.1.S1_at,,unmapped,0,
Les.2886.3.S1_at,,unmapped,0,
Les.2870.1.A1_at,,unmapped,0,
Les.2754.1.S1_at,,unmapped,0,
Les.2780.1.S1_at,,unmapped,0,
Les.2844.2.A1_at,,unmapped,0,
Les.2780.2.A1_at,,unmapped,0,
Les.2854.1.S1_at,,unmapped,0,
Les.2880.2.S1_at,,unmapped,0,
Les.2767.1.S1_at,,unmapped,0,
Les.2857.1.S1_at,,unmapped,0,
Les.2886.1.A1_at,,unmapped,0,
Les.2889.1.A1_at,,unmapped,0,
Les.275.1.S1_at,,unmapped,0,
Les.2751.1.A1_at,,unmapped,0,
Les.2822.2.S1_at,,unmapped,0,
Les.275.2.S1_at,,unmapped,0,
Les.278.1.S1_at,,unmapped,0,
Les.2825.1.S1_at,,unmapped,0,
Les.2822.3.S1_at,,unmapped,0,
Les.275.3.S1_at,,unmapped,0,
Les.2880.1.A1_at,,unmapped,0,
Les.2890.1.S1_at,,unmapped,0,
Les.2793.1.A1_at,,unmapped,0,
Les.2867.1.S1_at,,unmapped,0,
Les.2777.1.S1_at,,unmapped,0,
Les.2796.1.A1_at,,unmapped,0,
Les.2822.1.A1_at,,unmapped,0,
Les.2761.1.A1_at,,unmapped,0,
Les.2851.1.A1_at,,unmapped,0,
Les.2809.1.S1_at,Solyc12g009930,one_to_one_signature_target,9,Solyc12g009930
Les.2825.2.A1_at,,unmapped,0,
Les.288.1.S1_at,Solyc10g006880,one_to_one_signature_target,10,Solyc10g006880
Les.2745.1.S1_at,,unmapped,0,
Les.2771.1.S1_at,,unmapped,0,
Les.2861.1.S1_at,,unmapped,0,
Les.2748.1.S1_at,,unmapped,0,
Les.2864.1.S1_at,,unmapped,0,
Les.2893.1.A1_at,,unmapped,0,
Les.2845.3.S1_at,,unmapped,0,
Les.2874.2.S1_at,,unmapped,0,
Les.2777.2.A1_at,,unmapped,0,
Les.2803.1.S1_at,,unmapped,0,
Les.2874.3.S1_at,,unmapped,0,
Les.285.1.A1_at,,unmapped,0,
Les.2832.1.S1_at,,unmapped,0,
Les.2819.1.S1_at,,unmapped,0,
Les.2755.1.S1_at,,unmapped,0,
Les.2845.1.S1_at,,unmapped,0,
Les.2871.1.S1_at,,unmapped,0,
Les.2774.1.A1_at,,unmapped,0,
Les.2845.2.S1_at,,unmapped,0,
Les.2758.1.S1_at,,unmapped,0,
Les.2881.3.S1_at,,unmapped,0,
Les.2810.2.S1_at,,unmapped,0,
Les.2813.1.S1_at,,unmapped,0,
Les.2824.2.A1_a_at,,unmapped,0,
Les.2816.1.S1_at,,unmapped,0,
Les.2752.1.S1_at,,unmapped,0,
Les.2842.1.S1_at,,unmapped,0,
Les.2842.2.A1_at,,unmapped,0,
Les.2855.1.S1_at,,unmapped,0,
Les.2791.1.S1_at,,unmapped,0,
Les.2848.1.A1_at,,unmapped,0,
Les.2874.1.A1_at,,unmapped,0,
Les.2765.2.S1_at,,unmapped,0,
Les.2881.2.S1_at,,unmapped,0,
Les.2758.2.A1_at,,unmapped,0,
Les.2768.1.S1_at,,unmapped,0,
Les.2858.1.S1_at,,unmapped,0,
Les.2884.1.S1_at,,unmapped,0,
Les.2765.3.S1_at,,unmapped,0,
Les.2868.2.S1_at,,unmapped,0,
Les.2820.2.S1_at,,unmapped,0,
Les.2813.2.A1_at,,unmapped,0,
Les.2823.1.S1_at,,unmapped,0,
Les.276.1.S1_at,,unmapped,0,
Les.2868.3.S1_at,,unmapped,0,
Les.2823.2.S1_at,,unmapped,0,
Les.2826.1.S1_at,,unmapped,0,
Les.2826.2.A1_at,,unmapped,0,
Les.2762.1.S1_at,,unmapped,0,
Les.2852.1.S1_at,,unmapped,0,
Les.2881.1.A1_at,,unmapped,0,
Les.2862.2.S1_at,,unmapped,0,
Les.2839.1.S1_at,,unmapped,0,
Les.2891.1.S1_at,,unmapped,0,
Les.2810.1.A1_at,,unmapped,0,
Les.2865.2.S1_at,,unmapped,0,
Les.2775.2.S1_at,,unmapped,0,
Les.2768.2.A1_at,,unmapped,0,
Les.2868.1.S1_at,,unmapped,0,
Les.2894.1.S1_at,,unmapped,0,
Les.2820.1.S1_at,,unmapped,0,
Les.2775.3.S1_at,,unmapped,0,
Les.283.2.S1_at,,unmapped,0,
Les.2997.1.S1_at,,unmapped,0,
Les.2923.1.S1_at,Solyc12g055840,one_to_one_signature_target,10,Solyc12g055840
Les.302.1.S1_at,,unmapped,0,
Les.3017.1.A1_at,,unmapped,0,
Les.2920.3.S1_at,,unmapped,0,
Les.2923.2.S1_at,Solyc12g055840,one_to_one_signature_target,10,Solyc12g055840
Les.3024.2.S1_at,,unmapped,0,
Les.2955.1.A1_at,,unmapped,0,
Les.2981.1.A1_at,,unmapped,0,
Les.2936.2.S1_at,,unmapped,0,
Les.2939.1.S1_at,,unmapped,0,
Les.2965.1.S1_at,,unmapped,0,
Les.2992.1.S1_a_at,,unmapped,0,
Les.2991.2.S1_at,,unmapped,0,
Les.2968.1.S1_at,,unmapped,0,
Les.2994.1.S1_at,,unmapped,0,
Les.3021.1.S1_at,,unmapped,0,
Les.2997.1.A1_at,,unmapped,0,
Les.3024.1.A1_at,,unmapped,0,
Les.2960.2.S1_a_at,,unmapped,0,
Les.2930.2.S1_at,,unmapped,0,
Les.2933.1.S1_at,,unmapped,0,
Les.296.1.S1_at,,unmapped,0,
Les.299.1.S1_at,,unmapped,0,
Les.2991.1.A1_at,,unmapped,0,
Les.2946.2.S1_at,,unmapped,0,
Les.2949.1.S1_at,,unmapped,0,
Les.2901.1.S1_at,,unmapped,0,
Les.290.1.S1_at,Solyc08g066240,one_to_one_signature_target,8,Solyc08g066240
Les.2920.1.A1_at,,unmapped,0,
Les.2975.2.S1_at,,unmapped,0,
Les.2904.1.S1_at,,unmapped,0,
Les.293.1.S1_at,,unmapped,0,
Les.2904.2.A1_at,,unmapped,0,
Les.2914.2.S1_at,,unmapped,0,
Les.2940.2.S1_at,,unmapped,0,
Les.2917.1.S1_at,,unmapped,0,
Les.2943.1.S1_at,,unmapped,0,
Les.2940.2.S1_s_at,,unmapped,0,
Les.2988.3.S1_at,,unmapped,0,
Les.2936.1.A1_at,,unmapped,0,
Les.2940.3.S1_at,,unmapped,0,
Les.2917.2.S1_at,,unmapped,0,
Les.2943.2.S1_at,,unmapped,0,
Les.2972.1.S1_at,,unmapped,0,
Les.2982.2.S1_at,,unmapped,0,
Les.2959.1.S1_at,,unmapped,0,
Les.2911.1.S1_at,,unmapped,0,
Les.2978.1.A1_at,,unmapped,0,
Les.2982.3.S1_at,,unmapped,0,
Les.2930.1.A1_at,,unmapped,0,
Les.3005.1.A1_at,,unmapped,0,
Les.2898.1.S1_at,,unmapped,0,
Les.2988.1.S1_at,,unmapped,0,
Les.2914.1.S1_at,,unmapped,0,
Les.2940.1.S1_at,,unmapped,0,
Les.3018.1.S1_at,,unmapped,0,
Les.2998.3.S1_at,,unmapped,0,
Les.29.1.S1_at,,unmapped,0,
Les.2985.1.A1_at,,unmapped,0,
Les.3012.1.S1_at,,unmapped,0,
Les.2921.1.S1_at,,unmapped,0,
Les.3012.2.A1_at,,unmapped,0,
Les.300.1.S1_at,,unmapped,0,
Les.3012.3.A1_at,,unmapped,0,
Les.300.2.S1_at,,unmapped,0,
Les.3022.2.S1_at,,unmapped,0,
Les.2960.3.S1_a_at,,unmapped,0,
Les.2924.1.S1_at,,unmapped,0,
Les.2950.1.S1_at,,unmapped,0,
Les.300.3.S1_at,,unmapped,0,
Les.2998.2.S1_at,,unmapped,0,
Les.2982.1.A1_at,,unmapped,0,
Les.2960.3.S1_at,,unmapped,0,
Les.2995.1.A1_at,,unmapped,0,
Les.2969.1.S1_at,,unmapped,0,
Les.2998.1.A1_at,,unmapped,0,
Les.3006.2.S1_at,,unmapped,0,
Les.2908.1.S1_at,,unmapped,0,
Les.297.1.S1_at,,unmapped,0,
Les.2934.2.S1_at,Solyc11g010960,one_to_one_signature_target,11,Solyc11g010960
Les.3009.2.S1_at,,unmapped,0,
Les.2934.3.A1_at,Solyc11g010960,one_to_one_signature_target,11,Solyc11g010960
Les.2983.2.A1_a_at,,unmapped,0,
Les.2960.2.S1_at,,unmapped,0,
Les.2944.3.S1_at,,unmapped,0,
Les.2920.2.S1_a_at,,unmapped,0,
Les.2902.1.S1_at,,unmapped,0,
Les.3003.1.S1_at,,unmapped,0,
Les.3022.1.A1_at,,unmapped,0,
Les.3003.2.S1_at,,unmapped,0,
Les.2905.1.S1_at,,unmapped,0,
Les.2960.1.A1_at,,unmapped,0,
Les.2915.2.S1_at,,unmapped,0,
Les.2941.2.S1_at,,unmapped,0,
Les.2908.2.A1_at,,unmapped,0,
Les.2918.1.S1_at,,unmapped,0,
Les.2937.1.A1_at,,unmapped,0,
Les.2915.3.S1_at,,unmapped,0,
Les.2918.2.S1_at,,unmapped,0,
Les.3009.3.A1_at,,unmapped,0,
Les.2918.3.A1_at,,unmapped,0,
Les.2944.2.S1_at,,unmapped,0,
Les.3019.2.S1_at,,unmapped,0,
Les.2970.2.S1_at,,unmapped,0,
Les.2970.3.A1_at,,unmapped,0,
Les.2947.1.S1_at,,unmapped,0,
Les.2947.2.A1_at,,unmapped,0,
Les.2973.1.S1_at,,unmapped,0,
Les.2957.2.S1_at,,unmapped,0,
Les.30.1.A1_at,,unmapped,0,
Les.2902.2.A1_at,,unmapped,0,
Les.2896.1.S1_at,,unmapped,0,
Les.2986.1.S1_at,,unmapped,0,
Les.2912.1.S1_at,,unmapped,0,
Les.2979.1.A1_at,,unmapped,0,
Les.3013.1.S1_at,,unmapped,0,
Les.2931.1.A1_at,,unmapped,0,
Les.3006.1.A1_at,,unmapped,0,
Les.2944.1.A1_s_at,,unmapped,0,
Les.3003.3.A1_at,,unmapped,0,
Les.2899.1.S1_at,,unmapped,0,
Les.2989.1.S1_at,,unmapped,0,
Les.2941.1.S1_at,,unmapped,0,
Les.3016.1.S1_at,Solyc07g063600,one_to_one_signature_target,11,Solyc07g063600
Les.2899.2.S1_at,,unmapped,0,
Les.2944.1.A1_at,,unmapped,0,
Les.2970.1.A1_at,,unmapped,0,
Les.2941.3.A1_at,,unmapped,0,
Les.3019.1.S1_at,,unmapped,0,
Les.2954.1.S1_at,,unmapped,0,
Les.2980.1.S1_at,,unmapped,0,
Les.2983.1.S1_at,,unmapped,0,
Les.3010.1.S1_at,,unmapped,0,
Les.2993.2.S1_at,,unmapped,0,
Les.2996.1.S1_at,,unmapped,0,
Les.2922.1.S1_at,,unmapped,0,
Les.3013.2.A1_at,,unmapped,0,
Les.2915.1.A1_at,,unmapped,0,
Les.2993.3.S1_at,,unmapped,0,
Les.2999.1.S1_at,,unmapped,0,
Les.2951.1.S1_at,,unmapped,0,
Les.3026.1.S1_at,,unmapped,0,
Les.2954.2.A1_at,,unmapped,0,
Les.2938.1.S1_at,,unmapped,0,
Les.2990.1.S1_at,,unmapped,0,
Les.2957.1.A1_at,,unmapped,0,
Les.2938.2.S1_at,,unmapped,0,
Les.2964.2.S1_at,,unmapped,0,
Les.2967.1.S1_at,,unmapped,0,
Les.2993.1.S1_at,,unmapped,0,
Les.2922.2.A1_at,,unmapped,0,
Les.2932.1.S1_at,,unmapped,0,
Les.2925.1.A1_at,,unmapped,0,
Les.3007.2.S1_at,,unmapped,0,
Les.2909.1.S1_at,,unmapped,0,
Les.298.1.S1_at,,unmapped,0,
Les.2961.1.S1_at,,unmapped,0,
Les.2964.1.A1_at,,unmapped,0,
Les.2909.2.S1_at,,unmapped,0,
Les.2900.1.S1_at,,unmapped,0,
Les.2938.3.A1_at,,unmapped,0,
Les.2948.2.S1_at,,unmapped,0,
Les.2964.3.A1_at,,unmapped,0,
Les.2974.2.S1_at,,unmapped,0,
Les.2977.1.S1_at,,unmapped,0,
Les.2903.1.S1_at,,unmapped,0,
Les.292.1.S1_at,,unmapped,0,
Les.2977.2.S1_at,,unmapped,0,
Les.2977.3.A1_at,,unmapped,0,
Les.3007.1.S1_at,,unmapped,0,
Les.2942.1.S1_at,,unmapped,0,
Les.2961.1.A1_at,,unmapped,0,
Les.3007.3.A1_at,,unmapped,0,
Les.2942.2.S1_at,,unmapped,0,
Les.3017.2.S1_at,,unmapped,0,
Les.2919.1.S1_at,,unmapped,0,
Les.2971.1.S1_at,,unmapped,0,
Les.2942.3.S1_at,,unmapped,0,
Les.3017.3.S1_at,,unmapped,0,
Les.2974.1.A1_at,,unmapped,0,
Les.2945.2.S1_at,,unmapped,0,
Les.3004.1.A1_at,,unmapped,0,
Les.2897.1.S1_at,,unmapped,0,
Les.2987.1.S1_at,,unmapped,0,
Les.3014.1.S1_at,,unmapped,0,
Les.295.1.A1_at,,unmapped,0,
Les.3007.2.S1_a_at,,unmapped,0,
Les.2945.1.A1_at,,unmapped,0,
Les.2929.1.S1_at,,unmapped,0,
Les.2971.2.A1_at,,unmapped,0,
Les.2948.1.A1_at,,unmapped,0,
Les.2955.2.S1_at,,unmapped,0,
Les.2981.2.S1_at,,unmapped,0,
Les.2958.1.S1_at,,unmapped,0,
Les.2984.1.S1_at,,unmapped,0,
Les.2910.1.S1_at,,unmapped,0,
Les.3011.1.S1_at,,unmapped,0,
Les.2991.3.S1_at,,unmapped,0,
Les.2920.2.S1_at,,unmapped,0,
Les.3101.3.A1_at,,unmapped,0,
Les.3111.2.S1_at,,unmapped,0,
Les.3098.1.S1_at,,unmapped,0,
Les.3114.1.S1_at,,unmapped,0,
Les.3040.2.A1_at,,unmapped,0,
Les.3140.1.S1_at,,unmapped,0,
Les.3128.2.S1_s_at,,unmapped,0,
Les.3050.1.S1_at,,unmapped,0,
Les.3122.2.A1_a_at,,unmapped,0,
Les.3114.2.S1_at,,unmapped,0,
Les.3140.2.S1_at,,unmapped,0,
Les.3114.3.A1_at,,unmapped,0,
Les.305.1.S1_at,,unmapped,0,
Les.3117.1.S1_at,,unmapped,0,
Les.3027.1.S1_at,,unmapped,0,
Les.3053.1.S1_at,,unmapped,0,
Les.3053.2.A1_at,,unmapped,0,
Les.3133.2.S1_x_at,,unmapped,0,
Les.3124.3.S1_at,,unmapped,0,
Les.3127.2.S1_at,,unmapped,0,
Les.3056.2.A1_at,,unmapped,0,
Les.3092.1.S1_at,,unmapped,0,
Les.3127.3.S1_at,,unmapped,0,
Les.3069.1.S1_at,,unmapped,0,
Les.3095.1.S1_at,,unmapped,0,
Les.3111.1.S1_at,,unmapped,0,
Les.3111.3.A1_at,,unmapped,0,
Les.3124.1.S1_at,,unmapped,0,
Les.3034.1.S1_at,,unmapped,0,
Les.3060.1.S1_at,,unmapped,0,
Les.3079.3.S1_at,,unmapped,0,
Les.3124.2.S1_at,,unmapped,0,
Les.3127.1.S1_at,,unmapped,0,
Les.3037.1.S1_at,,unmapped,0,
Les.3063.1.S1_at,,unmapped,0,
Les.3076.2.S1_at,,unmapped,0,
Les.3121.1.S1_at,,unmapped,0,
Les.3121.2.A1_at,,unmapped,0,
Les.312.1.A1_at,,unmapped,0,
Les.3079.2.S1_at,,unmapped,0,
Les.3031.2.S1_at,,unmapped,0,
Les.3134.1.S1_at,,unmapped,0,
Les.3070.1.S1_at,,unmapped,0,
Les.3108.2.S1_at,,unmapped,0,
Les.3037.2.A1_at,,unmapped,0,
Les.3137.1.S1_at,,unmapped,0,
Les.3047.1.S1_at,,unmapped,0,
Les.3073.1.S1_at,,unmapped,0,
Les.3076.1.S1_at,,unmapped,0,
Les.3079.1.A1_at,,unmapped,0,
Les.3102.1.S1_at,,unmapped,0,
Les.3031.1.A1_at,,unmapped,0,
Les.3080.1.S1_a_at,,unmapped,0,
Les.3076.3.A1_at,,unmapped,0,
Les.3086.2.S1_at,,unmapped,0,
Les.3105.1.S1_at,,unmapped,0,
Les.3131.1.S1_at,,unmapped,0,
Les.3041.1.S1_at,,unmapped,0,
Les.3131.2.A1_at,,unmapped,0,
Les.3108.1.A1_at,,unmapped,0,
Les.3044.1.S1_at,,unmapped,0,
Les.306.1.S1_at,,unmapped,0,
Les.3070.2.A1_at,,unmapped,0,
Les.3144.2.S1_at,,unmapped,0,
Les.3086.3.S1_a_at,,unmapped,0,
Les.3057.1.S1_at,,unmapped,0,
Les.3122.1.S1_a_at,,unmapped,0,
Les.3080.3.S1_at,,unmapped,0,
Les.3086.1.S1_at,,unmapped,0,
Les.3112.1.S1_at,,unmapped,0,
Les.3067.3.S1_at,,unmapped,0,
Les.3099.1.S1_at,,unmapped,0,
Les.303.1.S1_at,,unmapped,0,
Les.3115.1.S1_at,,unmapped,0,
Les.3141.1.S1_at,,unmapped,0,
Les.3144.1.A1_at,,unmapped,0,
Les.306.2.A1_at,,unmapped,0,
Les.3054.1.S1_at,Solyc12g011450,one_to_one_signature_target,11,Solyc12g011450
Les.309.1.A1_at,,unmapped,0,
Les.3080.1.S1_at,,unmapped,0,
Les.3080.2.A1_at,,unmapped,0,
Les.3083.1.A1_at,,unmapped,0,
Les.3067.2.S1_at,,unmapped,0,
Les.3093.2.S1_at,,unmapped,0,
Les.3032.2.S1_at,,unmapped,0,
Les.3125.1.S1_at,,unmapped,0,
Les.3061.1.S1_at,,unmapped,0,
Les.3038.1.S1_at,,unmapped,0,
Les.3064.1.S1_at,Solyc01g109790,one_to_one_signature_target,11,Solyc01g109790
Les.3038.2.A1_at,,unmapped,0,
Les.3090.1.S1_at,,unmapped,0,
Les.3067.1.A1_at,,unmapped,0,
Les.3093.1.A1_at,,unmapped,0,
Les.3077.1.S1_at,,unmapped,0,
Les.310.1.A1_at,,unmapped,0,
Les.3032.1.S1_at,,unmapped,0,
Les.3122.2.A1_at,,unmapped,0,
Les.3035.1.A1_at,,unmapped,0,
Les.3042.2.S1_at,,unmapped,0,
Les.3109.1.S1_at,,unmapped,0,
Les.3135.1.S1_at,,unmapped,0,
Les.3045.1.S1_at,,unmapped,0,
Les.3071.1.S1_at,,unmapped,0,
Les.3048.2.S1_a_at,,unmapped,0,
Les.3071.2.S1_at,,unmapped,0,
Les.3048.1.S1_at,,unmapped,0,
Les.3074.1.S1_at,,unmapped,0,
Les.3071.3.S1_at,,unmapped,0,
Les.3048.2.S1_at,,unmapped,0,
Les.3087.2.S1_at,,unmapped,0,
Les.3132.1.S1_at,,unmapped,0,
Les.3042.1.S1_at,,unmapped,0,
Les.307.1.S1_at,,unmapped,0,
Les.3119.2.S1_at,,unmapped,0,
Les.3084.1.S1_at,,unmapped,0,
Les.3119.3.S1_at,,unmapped,0,
Les.3100.1.S1_at,,unmapped,0,
Les.3087.1.A1_at,,unmapped,0,
Les.3113.1.S1_at,,unmapped,0,
Les.3094.3.S1_at,,unmapped,0,
Les.3127.1.S1_a_at,,unmapped,0,
Les.3097.2.S1_at,,unmapped,0,
Les.3113.2.S1_at,,unmapped,0,
Les.304.1.S1_at,,unmapped,0,
Les.3116.1.S1_at,,unmapped,0,
Les.3116.2.A1_at,,unmapped,0,
Les.3052.1.S1_at,,unmapped,0,
Les.3119.1.A1_at,,unmapped,0,
Les.3081.1.A1_at,,unmapped,0,
Les.3026.2.S1_at,,unmapped,0,
Les.314.2.S1_at,,unmapped,0,
Les.3026.3.A1_at,,unmapped,0,
Les.3052.2.S1_at,,unmapped,0,
Les.3052.3.A1_at,,unmapped,0,
Les.3029.1.S1_at,,unmapped,0,
Les.3055.1.S1_at,,unmapped,0,
Les.3129.1.S1_at,,unmapped,0,
Les.31.1.S1_s_at,,unmapped,0,
Les.3058.1.A1_at,,unmapped,0,
Les.3129.2.S1_at,,unmapped,0,
Les.3091.2.S1_at,,unmapped,0,
Les.3068.1.S1_at,,unmapped,0,
Les.3110.1.S1_at,,unmapped,0,
Les.3059.3.A1_a_at,,unmapped,0,
Les.3091.3.S1_at,,unmapped,0,
Les.3068.2.S1_at,,unmapped,0,
Les.3068.3.A1_at,,unmapped,0,
Les.3094.2.S1_at,,unmapped,0,
Les.3097.1.S1_at,,unmapped,0,
Les.3120.2.S1_at,,unmapped,0,
Les.311.1.S1_at,,unmapped,0,
Les.3123.1.S1_at,,unmapped,0,
Les.3142.1.A1_at,,unmapped,0,
Les.3126.1.S1_at,,unmapped,0,
Les.3062.1.S1_at,,unmapped,0,
Les.3036.2.S1_at,,unmapped,0,
Les.3062.2.S1_at,,unmapped,0,
Les.3039.1.S1_at,,unmapped,0,
Les.3065.1.S1_at,,unmapped,0,
Les.3065.2.A1_at,,unmapped,0,
Les.3072.3.S1_at,,unmapped,0,
Les.3049.2.S1_at,,unmapped,0,
Les.3075.2.S1_at,,unmapped,0,
Les.3078.1.S1_at,,unmapped,0,
Les.3120.1.S1_at,,unmapped,0,
Les.3049.3.S1_at,,unmapped,0,
Les.3120.3.A1_at,,unmapped,0,
Les.314.1.A1_at,,unmapped,0,
Les.3133.1.S1_at,,unmapped,0,
Les.3133.2.S1_at,,unmapped,0,
Les.3043.2.S1_at,,unmapped,0,
Les.3126.2.A1_at,,unmapped,0,
Les.3136.1.S1_at,,unmapped,0,
Les.3046.1.S1_at,,unmapped,0,
Les.3072.1.S1_at,,unmapped,0,
Les.3091.1.A1_at,,unmapped,0,
Les.3072.2.S1_at,,unmapped,0,
Les.3139.1.S1_at,,unmapped,0,
Les.3146.3.S1_at,,unmapped,0,
Les.3030.1.A1_at,,unmapped,0,
Les.3101.2.S1_at,,unmapped,0,
Les.3104.1.S1_at,,unmapped,0,
Les.3130.1.S1_at,,unmapped,0,
Les.3040.1.S1_at,,unmapped,0,
Les.3033.1.A1_at,,unmapped,0,
Les.3088.2.S1_at,,unmapped,0,
Les.3104.2.S1_at,,unmapped,0,
Les.3107.1.S1_at,,unmapped,0,
Les.3043.1.S1_at,,unmapped,0,
Les.3140.3.S1_at,,unmapped,0,
Les.305.2.S1_at,,unmapped,0,
Les.3146.1.S1_at,,unmapped,0,
Les.3056.1.S1_at,,unmapped,0,
Les.305.3.S1_at,,unmapped,0,
Les.3049.1.A1_at,,unmapped,0,
Les.3082.1.S1_at,,unmapped,0,
Les.3146.2.S1_at,,unmapped,0,
Les.3059.1.S1_at,,unmapped,0,
Les.3085.1.S1_at,,unmapped,0,
Les.3101.1.S1_at,,unmapped,0,
Les.3185.2.S1_at,,unmapped,0,
Les.3178.2.A1_at,,unmapped,0,
Les.3188.1.S1_at,,unmapped,0,
Les.3204.1.S1_at,,unmapped,0,
Les.3159.3.S1_at,,unmapped,0,
Les.3185.3.S1_at,,unmapped,0,
Les.3243.1.S1_at,,unmapped,0,
Les.3262.1.A1_at,,unmapped,0,
Les.3217.2.S1_at,Solyc02g085950,one_to_one_signature_target,11,Solyc02g085950
Les.3243.2.S1_at,,unmapped,0,
Les.3246.1.S1_at,,unmapped,0,
Les.3156.1.S1_at,,unmapped,0,
Les.3182.1.S1_at,,unmapped,0,
Les.3149.1.A1_at,,unmapped,0,
Les.3183.2.S1_a_at,,unmapped,0,
Les.3159.1.S1_at,,unmapped,0,
Les.32.1.S1_at,,unmapped,0,
Les.3259.2.S1_at,,unmapped,0,
Les.3195.2.S1_at,,unmapped,0,
Les.3211.2.S1_at,,unmapped,0,
Les.3198.1.S1_at,,unmapped,0,
Les.3214.1.S1_at,,unmapped,0,
Les.3150.1.S1_at,,unmapped,0,
Les.3211.3.S1_at,,unmapped,0,
Les.3214.2.S1_at,,unmapped,0,
Les.315.1.S1_at,,unmapped,0,
Les.3153.1.S1_at,,unmapped,0,
Les.3153.2.A1_at,,unmapped,0,
Les.3224.3.S1_at,,unmapped,0,
Les.3250.3.S1_at,,unmapped,0,
Les.325.2.S1_at,,unmapped,0,
Les.3160.3.S1_at,,unmapped,0,
Les.3227.2.S1_at,,unmapped,0,
Les.3163.2.S1_at,,unmapped,0,
Les.3256.1.S1_at,,unmapped,0,
Les.3166.1.S1_at,,unmapped,0,
Les.3217.3.S1_s_at,Solyc02g085950,one_to_one_signature_target,11,Solyc02g085950
Les.3185.1.A1_at,,unmapped,0,
Les.3163.3.S1_at,,unmapped,0,
Les.3211.1.A1_at,,unmapped,0,
Les.3166.2.S1_at,,unmapped,0,
Les.3259.1.S1_at,,unmapped,0,
Les.3195.1.S1_at,,unmapped,0,
Les.3266.3.S1_at,,unmapped,0,
Les.3259.3.A1_at,,unmapped,0,
Les.3179.2.S1_at,,unmapped,0,
Les.322.1.S1_at,,unmapped,0,
Les.3179.3.S1_at,,unmapped,0,
Les.3160.1.S1_at,,unmapped,0,
Les.3224.2.S1_at,,unmapped,0,
Les.3250.2.S1_at,,unmapped,0,
Les.3160.2.S1_at,,unmapped,0,
Les.3227.1.S1_at,,unmapped,0,
Les.3253.1.S1_at,,unmapped,0,
Les.3163.1.S1_at,,unmapped,0,
Les.3227.3.A1_at,,unmapped,0,
Les.3237.2.S1_at,,unmapped,0,
Les.3263.2.S1_at,,unmapped,0,
Les.3173.2.S1_at,,unmapped,0,
Les.3179.1.A1_a_at,,unmapped,0,
Les.3263.3.S1_at,,unmapped,0,
Les.32.2.S1_a_at,,unmapped,0,
Les.3266.2.S1_at,,unmapped,0,
Les.3176.2.S1_at,,unmapped,0,
Les.3221.1.S1_at,,unmapped,0,
Les.3176.3.S1_at,,unmapped,0,
Les.3224.1.A1_at,,unmapped,0,
Les.3250.1.A1_at,,unmapped,0,
Les.3208.1.S1_at,,unmapped,0,
Les.325.1.A1_at,,unmapped,0,
Les.3260.1.S1_at,,unmapped,0,
Les.3260.2.S1_at,,unmapped,0,
Les.3170.2.S1_at,,unmapped,0,
Les.3260.3.A1_at,,unmapped,0,
Les.3237.1.S1_at,,unmapped,0,
Les.3176.1.A1_at,,unmapped,0,
Les.3173.3.A1_at,,unmapped,0,
Les.3186.1.S1_at,,unmapped,0,
Les.3179.1.A1_at,,unmapped,0,
Les.3202.1.S1_at,,unmapped,0,
Les.3189.1.S1_at,,unmapped,0,
Les.3205.1.S1_at,,unmapped,0,
Les.3231.1.S1_at,,unmapped,0,
Les.3234.1.A1_at,,unmapped,0,
Les.3170.1.A1_at,,unmapped,0,
Les.3218.1.S1_at,,unmapped,0,
Les.3244.1.S1_at,,unmapped,0,
Les.3180.1.S1_at,,unmapped,0,
Les.3263.1.A1_at,,unmapped,0,
Les.3154.2.S1_at,,unmapped,0,
Les.3180.2.S1_at,,unmapped,0,
Les.3247.1.S1_at,,unmapped,0,
Les.3157.1.S1_at,,unmapped,0,
Les.3228.2.S1_a_at,,unmapped,0,
Les.3257.2.S1_at,,unmapped,0,
Les.3206.2.S1_a_at,,unmapped,0,
Les.3186.3.A1_at,,unmapped,0,
Les.3199.1.S1_at,,unmapped,0,
Les.3215.1.S1_at,,unmapped,0,
Les.3241.1.S1_at,,unmapped,0,
Les.3151.1.S1_at,,unmapped,0,
Les.3251.2.S1_at,,unmapped,0,
Les.3218.2.A1_at,,unmapped,0,
Les.3244.2.A1_at,,unmapped,0,
Les.3228.1.S1_at,,unmapped,0,
Les.319.1.A1_at,,unmapped,0,
Les.3217.1.S1_s_at,,unmapped,0,
Les.3225.3.S1_at,,unmapped,0,
Les.3170.2.S1_a_at,,unmapped,0,
Les.3228.2.S1_at,,unmapped,0,
Les.3180.3.A1_at,,unmapped,0,
Les.3164.2.S1_at,,unmapped,0,
Les.3190.2.S1_at,,unmapped,0,
Les.3257.1.S1_at,,unmapped,0,
Les.3167.1.S1_at,,unmapped,0,
Les.3193.1.S1_at,,unmapped,0,
Les.3196.1.S1_at,,unmapped,0,
Les.3221.1.S1_a_at,,unmapped,0,
Les.3222.2.S1_at,,unmapped,0,
Les.323.1.S1_at,,unmapped,0,
Les.3154.1.A1_at,,unmapped,0,
Les.3225.2.S1_at,,unmapped,0,
Les.3264.1.S1_at,,unmapped,0,
Les.3228.3.A1_at,,unmapped,0,
Les.3148.2.S1_at,,unmapped,0,
Les.3264.2.S1_at,,unmapped,0,
Les.3190.3.A1_at,,unmapped,0,
Les.3267.1.S1_at,,unmapped,0,
Les.3264.3.S1_at,,unmapped,0,
Les.3267.2.S1_at,,unmapped,0,
Les.3222.1.A1_at,,unmapped,0,
Les.320.1.S1_at,,unmapped,0,
Les.3225.1.A1_at,,unmapped,0,
Les.3251.1.A1_at,,unmapped,0,
Les.3209.1.S1_at,,unmapped,0,
Les.326.1.A1_at,,unmapped,0,
Les.3164.1.A1_at,,unmapped,0,
Les.3190.1.A1_at,,unmapped,0,
Les.3148.1.S1_at,,unmapped,0,
Les.3174.1.S1_at,,unmapped,0,
Les.3197.2.S1_s_at,,unmapped,0,
Les.3171.4.A1_at,,unmapped,0,
Les.3248.2.S1_at,,unmapped,0,
Les.3184.2.S1_at,,unmapped,0,
Les.3187.1.S1_at,Solyc10g007600,one_to_one_signature_target,11,Solyc10g007600
Les.3263.1.A1_a_at,,unmapped,0,
Les.3248.3.S1_at,,unmapped,0,
Les.3232.1.A1_at,,unmapped,0,
Les.3206.1.S1_at,,unmapped,0,
Les.325.3.A1_a_at,,unmapped,0,
Les.3261.1.A1_at,,unmapped,0,
Les.3216.2.S1_at,,unmapped,0,
Les.3242.2.S1_at,Solyc12g094640,one_to_one_signature_target,9,Solyc12g094640
Les.317.1.S1_at,,unmapped,0,
Les.3209.2.A1_at,,unmapped,0,
Les.3245.1.S1_at,,unmapped,0,
Les.3155.1.S1_at,,unmapped,0,
Les.3216.3.S1_at,,unmapped,0,
Les.3242.3.S1_at,Solyc12g094640,one_to_one_signature_target,11,Solyc12g094640
Les.3219.2.S1_at,,unmapped,0,
Les.3184.1.S1_at,,unmapped,0,
Les.3200.1.S1_at,,unmapped,0,
Les.3197.1.S1_at,,unmapped,0,
Les.3213.1.S1_at,,unmapped,0,
Les.3213.2.S1_at,,unmapped,0,
Les.3216.1.S1_at,,unmapped,0,
Les.3152.1.S1_at,,unmapped,0,
Les.3152.2.A1_at,,unmapped,0,
Les.3219.1.A1_at,,unmapped,0,
Les.3252.2.S1_at,,unmapped,0,
Les.3229.1.S1_at,,unmapped,0,
Les.3255.1.S1_at,,unmapped,0,
Les.3165.1.S1_at,,unmapped,0,
Les.3248.1.A1_at,,unmapped,0,
Les.3210.2.A1_a_at,,unmapped,0,
Les.3171.3.S1_a_at,,unmapped,0,
Les.3258.1.S1_at,,unmapped,0,
Les.3168.1.S1_at,,unmapped,0,
Les.3194.1.S1_at,,unmapped,0,
Les.3210.1.S1_at,,unmapped,0,
Les.3210.2.A1_at,,unmapped,0,
Les.321.1.S1_at,,unmapped,0,
Les.3242.1.A1_at,Solyc12g094640,one_to_one_signature_target,8,Solyc12g094640
Les.324.1.S1_at,,unmapped,0,
Les.3226.1.S1_at,,unmapped,0,
Les.3162.1.S1_at,,unmapped,0,
Les.3262.2.S1_at,,unmapped,0,
Les.3262.3.S1_at,,unmapped,0,
Les.3149.2.S1_at,,unmapped,0,
Les.3178.1.S1_at,,unmapped,0,
Les.3149.3.S1_at,,unmapped,0,
Les.3207.1.S1_at,,unmapped,0,
Les.3233.1.S1_at,,unmapped,0,
Les.3252.1.A1_at,,unmapped,0,
Les.3236.1.S1_at,,unmapped,0,
Les.3172.1.S1_at,,unmapped,0,
Les.3227.1.S1_a_at,,unmapped,0,
Les.3175.1.S1_at,,unmapped,0,
Les.3249.1.S1_at,,unmapped,0,
Les.3159.2.S1_at,,unmapped,0,
Les.3365.2.S1_at,,unmapped,0,
Les.3275.2.S1_at,,unmapped,0,
Les.3368.1.S1_at,,unmapped,0,
Les.3301.3.S1_at,,unmapped,0,
Les.3378.2.S1_at,,unmapped,0,
Les.3330.2.S1_at,,unmapped,0,
Les.3307.1.S1_at,,unmapped,0,
Les.3333.1.S1_at,,unmapped,0,
Les.3378.3.S1_at,,unmapped,0,
Les.334.2.A1_at,,unmapped,0,
Les.3362.1.S1_at,,unmapped,0,
Les.3272.1.S1_at,,unmapped,0,
Les.3275.1.A1_at,,unmapped,0,
Les.3343.3.S1_at,,unmapped,0,
Les.3349.1.S1_at,,unmapped,0,
Les.3375.1.S1_at,,unmapped,0,
Les.3285.1.S1_at,,unmapped,0,
Les.3301.1.S1_at,,unmapped,0,
Les.3320.1.A1_at,,unmapped,0,
Les.3282.3.S1_at,,unmapped,0,
Les.3301.2.S1_at,,unmapped,0,
Les.3378.1.S1_at,,unmapped,0,
Les.3330.1.S1_at,,unmapped,0,
Les.3311.3.S1_at,,unmapped,0,
Les.3388.2.S1_at,Solyc10g083400,one_to_one_signature_target,11,Solyc10g083400
Les.3330.3.A1_at,,unmapped,0,
Les.3366.2.S1_a_at,,unmapped,0,
Les.3317.1.S1_at,,unmapped,0,
Les.3333.2.A1_at,,unmapped,0,
Les.328.1.S1_at,,unmapped,0,
Les.3343.2.S1_at,,unmapped,0,
Les.3346.1.S1_at,,unmapped,0,
Les.3372.1.S1_at,,unmapped,1,
Les.3282.2.S1_at,,unmapped,0,
Les.3382.2.S1_at,,unmapped,0,
Les.3288.1.A1_at,,unmapped,0,
Les.3311.1.S1_at,,unmapped,0,
Les.3304.1.A1_at,,unmapped,0,
Les.3382.3.S1_at,,unmapped,0,
Les.3292.3.S1_at,,unmapped,4,
Les.3385.2.S1_at,,unmapped,0,
Les.3311.2.S1_at,,unmapped,0,
Les.3298.1.S1_at,,unmapped,0,
Les.3314.1.S1_at,Solyc07g056540,one_to_one_signature_target,10,Solyc07g056540
Les.3340.1.S1_at,,unmapped,0,
Les.3343.1.A1_at,,unmapped,0,
Les.3353.1.S1_at,,unmapped,0,
Les.3327.2.S1_at,,unmapped,0,
Les.3327.3.S1_at,,unmapped,0,
Les.3385.1.A1_at,,unmapped,0,
Les.3292.2.S1_at,,unmapped,3,
Les.3392.2.S1_at,,unmapped,0,
Les.3369.1.S1_at,,unmapped,0,
Les.3276.3.S1_at,,unmapped,0,
Les.3392.3.S1_at,,unmapped,0,
Les.3369.2.S1_at,,unmapped,0,
Les.3279.2.S1_at,,unmapped,0,
Les.3324.1.S1_at,,unmapped,0,
Les.3369.3.S1_at,,unmapped,0,
Les.3350.1.S1_at,,unmapped,0,
Les.3279.3.S1_at,,unmapped,0,
Les.3327.1.A1_at,,unmapped,0,
Les.335.1.S1_at,,unmapped,0,
Les.338.1.A1_at,,unmapped,0,
Les.3308.3.S1_at,,unmapped,0,
Les.3382.1.A1_at,,unmapped,0,
Les.3292.1.A1_at,,unmapped,1,
Les.3337.2.S1_at,,unmapped,0,
Les.3337.3.S1_at,,unmapped,0,
Les.3276.2.S1_at,,unmapped,0,
Les.3308.1.S1_at,,unmapped,0,
Les.3334.1.S1_at,,unmapped,0,
Les.3270.1.S1_at,,unmapped,0,
Les.3308.2.S1_at,,unmapped,0,
Les.3334.2.S1_at,,unmapped,0,
Les.3273.1.S1_at,,unmapped,0,
Les.3318.3.S1_at,,unmapped,0,
Les.3276.1.A1_at,,unmapped,0,
Les.3392.1.A1_at,,unmapped,0,
Les.3344.3.S1_at,,unmapped,0,
Les.3286.1.S1_at,,unmapped,0,
Les.3302.1.S1_at,,unmapped,0,
Les.3279.1.A1_at,,unmapped,0,
Les.33.1.S1_at,,unmapped,0,
Les.3376.2.S1_at,,unmapped,0,
Les.3379.1.S1_at,,unmapped,0,
Les.3289.1.S1_at,,unmapped,0,
Les.3337.1.A1_at,,unmapped,0,
Les.3318.2.S1_at,,unmapped,0,
Les.3344.2.S1_at,,unmapped,0,
Les.3347.1.S1_at,,unmapped,0,
Les.3373.1.S1_at,,unmapped,0,
Les.3283.1.S1_at,,unmapped,0,
Les.3376.1.A1_at,,unmapped,0,
Les.3293.2.S1_at,,unmapped,0,
Les.3296.1.S1_at,,unmapped,0,
Les.3293.3.S1_at,,unmapped,0,
Les.3296.2.S1_at,,unmapped,0,
Les.3312.2.S1_at,,unmapped,0,
Les.3299.1.S1_at,,unmapped,0,
Les.3341.1.S1_at,,unmapped,0,
Les.3318.1.A1_at,,unmapped,0,
Les.3344.1.A1_at,,unmapped,0,
Les.3322.3.S1_at,,unmapped,0,
Les.3280.1.A1_at,,unmapped,0,
Les.3351.2.S1_at,,unmapped,0,
Les.3380.1.S1_at,,unmapped,0,
Les.333.3.S1_at,,unmapped,0,
Les.3290.1.S1_at,,unmapped,0,
Les.3358.1.S1_a_at,,unmapped,0,
Les.3354.2.S1_at,,unmapped,0,
Les.3290.2.S1_at,,unmapped,0,
Les.3357.1.S1_at,,unmapped,0,
Les.3383.1.S1_at,,unmapped,0,
Les.3357.2.A1_at,,unmapped,0,
Les.3293.1.S1_at,,unmapped,0,
Les.3299.2.A1_s_at,,unmapped,0,
Les.3290.3.S1_at,,unmapped,0,
Les.3267.3.A1_at,,unmapped,0,
Les.3367.2.S1_at,,unmapped,0,
Les.3322.1.S1_at,,unmapped,0,
Les.3322.2.S1_at,,unmapped,0,
Les.3351.1.S1_at,,unmapped,0,
Les.3328.1.A1_at,,unmapped,0,
Les.3354.1.A1_at,,unmapped,0,
Les.333.2.S1_at,,unmapped,0,
Les.3338.1.S1_at,,unmapped,0,
Les.3390.1.S1_at,,unmapped,0,
Les.3274.2.S1_at,,unmapped,0,
Les.3367.1.S1_at,,unmapped,0,
Les.3393.1.S1_at,,unmapped,0,
Les.3377.2.S1_at,,unmapped,0,
Les.330.1.S1_at,,unmapped,0,
Les.3306.1.S1_at,,unmapped,0,
Les.3332.1.S1_at,,unmapped,0,
Les.333.1.A1_at,,unmapped,0,
Les.3306.2.S1_at,,unmapped,0,
Les.3309.1.S1_at,,unmapped,0,
Les.336.1.A1_at,,unmapped,0,
Les.3335.1.S1_at,,unmapped,0,
Les.3361.1.S1_at,,unmapped,0,
Les.3309.2.S1_at,,unmapped,0,
Les.3371.2.S1_at,,unmapped,0,
Les.3274.1.S1_at,,unmapped,0,
Les.3348.1.S1_at,,unmapped,0,
Les.3374.1.S1_at,,unmapped,0,
Les.3319.3.S1_at,,unmapped,0,
Les.3300.1.S1_at,,unmapped,0,
Les.3274.3.A1_at,,unmapped,0,
Les.3374.2.S1_at,,unmapped,0,
Les.3377.1.S1_at,,unmapped,0,
Les.3338.1.S1_a_at,,unmapped,0,
Les.3287.1.S1_at,,unmapped,0,
Les.3303.1.S1_at,,unmapped,0,
Les.3374.3.S1_at,,unmapped,0,
Les.3342.1.S1_at,,unmapped,0,
Les.3297.3.S1_at,,unmapped,0,
Les.3271.1.A1_at,,unmapped,0,
Les.3342.2.S1_at,,unmapped,0,
Les.327.1.S1_at,,unmapped,0,
Les.3319.1.S1_at,,unmapped,0,
Les.3345.1.S1_at,,unmapped,0,
Les.3281.1.S1_at,,unmapped,0,
Les.3342.3.S1_at,,unmapped,0,
Les.3319.2.S1_at,,unmapped,0,
Les.3281.3.A1_at,,unmapped,0,
Les.3284.1.S1_at,,unmapped,0,
Les.3384.1.S1_at,,unmapped,0,
Les.3385.2.S1_a_at,,unmapped,0,
Les.3310.1.S1_at,,unmapped,0,
Les.3358.2.S1_at,,unmapped,0,
Les.3310.2.S1_at,,unmapped,0,
Les.3387.1.S1_at,,unmapped,0,
Les.3297.1.S1_at,,unmapped,0,
Les.3313.1.S1_at,,unmapped,0,
Les.3358.3.S1_at,,unmapped,0,
Les.3310.3.S1_at,,unmapped,0,
Les.3387.2.S1_at,,unmapped,0,
Les.3297.2.S1_at,,unmapped,0,
Les.3316.1.S1_at,,unmapped,0,
Les.3371.1.A1_at,,unmapped,0,
Les.3291.1.S1_at,,unmapped,0,
Les.3358.1.S1_at,,unmapped,0,
Les.3268.1.S1_at,,unmapped,0,
Les.3268.2.A1_at,,unmapped,0,
Les.3384.2.A1_at,,unmapped,0,
Les.3267.2.S1_a_at,,unmapped,0,
Les.3365.3.S1_at,,unmapped,0,
Les.3320.2.S1_at,,unmapped,0,
Les.331.1.S1_at,,unmapped,0,
Les.3323.1.S1_at,,unmapped,0,
Les.3320.3.S1_at,,unmapped,0,
Les.3378.3.S1_a_at,,unmapped,0,
Les.334.1.S1_at,,unmapped,0,
Les.3326.1.S1_at,,unmapped,0,
Les.3352.1.S1_at,,unmapped,0,
Les.3339.1.S1_at,,unmapped,0,
Les.3365.1.S1_at,,unmapped,0,
Les.3291.2.A1_at,,unmapped,0,
Les.3391.1.S1_at,,unmapped,0,
Les.3394.1.S1_at,,unmapped,0,
Les.3558.1.S1_at,,unmapped,0,
Les.3468.1.S1_at,,unmapped,0,
Les.3494.1.S1_at,,unmapped,0,
Les.3510.1.S1_at,,unmapped,0,
Les.3397.2.A1_at,,unmapped,0,
Les.3497.1.S1_at,,unmapped,0,
Les.3513.1.S1_at,,unmapped,0,
Les.3426.1.A1_at,,unmapped,0,
Les.3552.1.S1_at,,unmapped,0,
Les.3462.1.S1_at,,unmapped,0,
Les.344.2.S1_at,,unmapped,0,
Les.3529.1.S1_at,,unmapped,0,
Les.3439.1.S1_at,,unmapped,0,
Les.3555.1.S1_at,,unmapped,0,
Les.3465.1.S1_at,,unmapped,0,
Les.3491.1.S1_at,,unmapped,0,
Les.3420.1.A1_at,,unmapped,0,
Les.35.1.S1_at,,unmapped,0,
Les.3520.1.S1_at,,unmapped,0,
Les.3430.1.S1_at,,unmapped,0,
Les.3423.1.A1_at,,unmapped,0,
Les.3401.3.S1_at,,unmapped,0,
Les.3523.1.S1_at,,unmapped,0,
Les.3433.1.S1_at,,unmapped,0,
Les.344.1.A1_at,,unmapped,0,
Les.3552.1.A1_at,,unmapped,0,
Les.3407.2.S1_at,,unmapped,0,
Les.354.1.S1_at,,unmapped,0,
Les.3536.1.S1_at,,unmapped,0,
Les.3562.1.S1_at,,unmapped,0,
Les.3539.1.S1_at,,unmapped,0,
Les.3449.1.S1_at,,unmapped,0,
Les.3475.1.S1_at,,unmapped,0,
Les.3401.2.S1_at,,unmapped,0,
Les.3478.1.S1_at,,unmapped,0,
Les.341.1.A1_at,,unmapped,0,
Les.3504.1.S1_at,,unmapped,0,
Les.3530.1.S1_at,,unmapped,0,
Les.3407.1.A1_at,,unmapped,0,
Les.3411.3.S1_at,,unmapped,0,
Les.3436.2.S1_a_at,,unmapped,0,
Les.351.1.S1_at,,unmapped,0,
Les.3417.1.S1_at,,unmapped,0,
Les.3507.1.S1_at,,unmapped,0,
Les.3533.1.S1_at,,unmapped,0,
Les.3472.1.S1_at,,unmapped,0,
Les.3546.1.S1_at,,unmapped,0,
Les.3401.1.A1_at,,unmapped,0,
Les.3549.1.S1_at,,unmapped,0,
Les.3459.1.S1_at,,unmapped,0,
Les.3395.1.S1_at,,unmapped,0,
Les.3485.1.S1_at,,unmapped,0,
Les.3411.1.S1_at,,unmapped,0,
Les.3501.1.S1_at,,unmapped,0,
Les.3404.1.A1_at,,unmapped,0,
Les.3411.2.S1_at,,unmapped,0,
Les.3398.1.S1_at,,unmapped,0,
Les.3488.1.S1_at,,unmapped,0,
Les.3414.1.S1_at,,unmapped,0,
Les.3514.1.S1_at,,unmapped,0,
Les.3540.1.S1_at,,unmapped,0,
Les.3543.1.S1_at,,unmapped,0,
Les.3453.1.S1_at,,unmapped,0,
Les.3456.1.S1_at,,unmapped,0,
Les.3482.1.S1_at,,unmapped,0,
Les.3549.1.A1_at,,unmapped,0,
Les.3469.1.S1_at,,unmapped,0,
Les.3495.1.S1_at,,unmapped,0,
Les.3511.1.S1_at,,unmapped,0,
Les.3565.1.S1_a_at,,unmapped,0,
Les.3421.2.S1_at,,unmapped,0,
Les.3498.1.S1_at,,unmapped,0,
Les.3450.1.S1_at,,unmapped,0,
Les.3550.1.S1_at,,unmapped,0,
Les.3527.1.S1_at,,unmapped,0,
Les.3437.1.S1_at,,unmapped,0,
Les.3553.1.S1_at,,unmapped,0,
Les.3463.1.S1_at,,unmapped,0,
Les.3556.1.S1_at,,unmapped,0,
Les.3466.1.S1_at,,unmapped,0,
Les.3492.1.S1_at,,unmapped,0,
Les.3559.1.A1_at,Solyc07g007750,one_to_one_signature_target,7,Solyc07g007750
Les.3479.1.S1_at,,unmapped,0,
Les.3405.1.S1_at,,unmapped,0,
Les.3431.1.S1_at,,unmapped,0,
Les.3498.1.A1_at,,unmapped,0,
Les.3431.2.S1_at,,unmapped,0,
Les.3408.1.S1_at,,unmapped,0,
Les.3524.1.S1_at,,unmapped,0,
Les.3460.1.S1_at,,unmapped,0,
Les.3437.2.A1_at,,unmapped,0,
Les.3537.1.S1_at,,unmapped,0,
Les.3447.1.S1_at,,unmapped,0,
Les.3563.1.S1_at,,unmapped,0,
Les.3473.1.S1_at,,unmapped,1,
Les.3418.3.S1_at,,unmapped,0,
Les.3447.2.S1_at,,unmapped,0,
Les.3481.1.S1_a_at,,unmapped,0,
Les.3476.1.S1_at,,unmapped,0,
Les.3402.1.S1_at,,unmapped,0,
Les.3505.1.S1_at,,unmapped,0,
Les.3399.2.S1_at,,unmapped,0,
Les.352.1.S1_at,,unmapped,0,
Les.3415.2.S1_at,,unmapped,0,
Les.3418.1.S1_at,,unmapped,0,
Les.3508.1.S1_at,,unmapped,0,
Les.355.1.A1_at,,unmapped,0,
Les.3534.1.S1_at,,unmapped,0,
Les.3444.1.S1_at,,unmapped,0,
Les.3560.1.S1_at,,unmapped,0,
Les.3399.3.S1_at,,unmapped,0,
Les.3470.1.S1_at,,unmapped,0,
Les.3415.3.S1_at,,unmapped,0,
Les.3537.1.A1_at,,unmapped,0,
Les.3547.1.S1_at,,unmapped,0,
Les.3483.1.S1_at,,unmapped,0,
Les.3418.2.S1_a_at,,unmapped,0,
Les.3486.1.S1_at,,unmapped,0,
Les.3502.1.S1_at,,unmapped,0,
Les.3396.2.S1_at,,unmapped,0,
Les.3489.1.S1_at,,unmapped,0,
Les.3415.1.S1_at,,unmapped,0,
Les.3515.1.S1_at,,unmapped,0,
Les.3541.1.S1_at,,unmapped,0,
Les.3534.1.A1_at,,unmapped,0,
Les.3564.1.A1_a_at,,unmapped,0,
Les.3518.1.S1_at,,unmapped,0,
Les.3544.1.S1_at,,unmapped,0,
Les.3454.1.S1_at,,unmapped,0,
Les.3480.1.S1_at,,unmapped,0,
Les.3547.1.A1_at,,unmapped,0,
Les.349.1.S1_at,,unmapped,0,
Les.3457.1.S1_at,,unmapped,0,
Les.3557.1.S1_at,,unmapped,0,
Les.3396.1.A1_at,,unmapped,0,
Les.3408.1.S2_at,,unmapped,0,
Les.3496.1.S1_at,,unmapped,0,
Les.3399.1.A1_at,,unmapped,0,
Les.3512.1.S1_at,,unmapped,0,
Les.3499.1.S1_at,,unmapped,0,
Les.3425.1.S1_at,,unmapped,0,
Les.3451.1.S1_at,,unmapped,0,
Les.3525.1.S1_at,,unmapped,0,
Les.3551.1.S1_at,,unmapped,0,
Les.3409.2.S1_at,,unmapped,0,
Les.3528.1.S1_at,,unmapped,0,
Les.3464.1.S1_at,,unmapped,0,
Les.3490.1.S1_at,,unmapped,0,
Les.3467.1.S1_at,,unmapped,0,
Les.3493.1.S1_at,,unmapped,0,
Les.34.1.S1_at,,unmapped,0,
Les.3403.2.S1_at,,unmapped,0,
Les.3406.1.S1_at,,unmapped,0,
Les.3522.1.S1_at,,unmapped,0,
Les.3517.2.S1_a_at,,unmapped,0,
Les.346.1.A1_at,,unmapped,0,
Les.3461.1.S1_at,,unmapped,0,
Les.3561.1.S1_at,,unmapped,0,
Les.356.1.S1_at,,unmapped,0,
Les.3538.1.S1_at,,unmapped,0,
Les.3564.1.S1_at,,unmapped,0,
Les.3474.1.S1_at,,unmapped,0,
Les.3431.2.S1_a_at,,unmapped,0,
Les.3526.1.S1_a_at,,unmapped,0,
Les.3477.1.S1_at,,unmapped,0,
Les.3403.1.S1_at,,unmapped,0,
Les.340.1.A1_at,,unmapped,0,
Les.3550.1.A1_s_at,,unmapped,0,
Les.3403.3.A1_at,,unmapped,0,
Les.3416.1.S1_at,,unmapped,0,
Les.3506.1.S1_at,,unmapped,0,
Les.3532.1.S1_at,,unmapped,0,
Les.353.1.A1_at,,unmapped,0,
Les.3409.1.A1_at,,unmapped,0,
Les.3419.1.S1_at,,unmapped,0,
Les.3509.1.S1_at,Solyc03g045070,one_to_one_signature_target,10,Solyc03g045070
Les.3535.1.S1_at,,unmapped,0,
Les.3471.1.S1_at,,unmapped,0,
Les.3564.1.A1_at,,unmapped,0,
Les.3548.1.S1_at,,unmapped,0,
Les.3458.1.S1_at,,unmapped,0,
Les.3484.1.S1_at,,unmapped,0,
Les.3410.1.S1_at,,unmapped,0,
Les.3500.1.S1_at,,unmapped,0,
Les.3429.3.S1_at,,unmapped,0,
Les.3487.1.S1_at,,unmapped,0,
Les.3397.1.S1_at,,unmapped,0,
Les.3413.1.S1_at,,unmapped,0,
Les.3503.1.S1_at,,unmapped,0,
Les.3413.2.A1_at,,unmapped,0,
Les.3516.1.S1_at,,unmapped,0,
Les.3542.1.S1_at,,unmapped,0,
Les.3452.1.S1_at,Solyc11g012860,one_to_one_signature_target,11,Solyc11g012860
Les.3429.1.S1_at,,unmapped,0,
Les.3519.1.S1_at,Solyc01g107730,one_to_one_signature_target,9,Solyc01g107730
Les.3545.1.S1_at,,unmapped,0,
Les.3455.1.S1_at,,unmapped,0,
Les.3548.1.A1_at,,unmapped,0,
Les.3429.2.S1_at,,unmapped,0,
Les.3648.1.S1_at,,unmapped,0,
Les.3584.1.S1_at,,unmapped,0,
Les.3674.1.S1_at,,unmapped,0,
Les.3600.1.S1_at,,unmapped,0,
Les.3587.1.S1_at,,unmapped,0,
Les.3687.1.S1_at,,unmapped,0,
Les.3703.1.S1_at,Solyc01g097290,one_to_one_signature_target,11,Solyc01g097290
Les.3706.1.S1_at,,unmapped,0,
Les.3616.1.S1_at,,unmapped,0,
Les.3732.1.S1_at,,unmapped,5,
Les.3642.1.S1_at,,unmapped,0,
Les.3619.1.S1_at,Solyc08g080630,one_to_one_signature_target,11,Solyc08g080630
Les.3719.1.S1_at,,unmapped,0,
Les.3581.1.S1_at,,unmapped,0,
Les.3681.1.S1_at,,unmapped,0,
Les.3584.1.A1_at,,unmapped,0,
Les.3568.1.S1_at,,unmapped,0,
Les.3594.1.S1_at,,unmapped,0,
Les.3684.1.S1_at,,unmapped,0,
Les.3700.1.S1_at,,unmapped,0,
Les.3587.1.A1_at,,unmapped,0,
Les.3610.1.S1_at,,unmapped,0,
Les.3703.1.A1_at,Solyc01g097290,one_to_one_signature_target,11,Solyc01g097290
Les.3717.1.S1_a_at,,unmapped,0,
Les.3597.1.S1_at,,unmapped,0,
Les.3713.1.S1_at,,unmapped,0,
Les.3706.1.A1_at,,unmapped,0,
Les.3732.1.A1_at,,unmapped,3,
Les.3716.1.S1_at,,unmapped,0,
Les.3626.1.S1_at,,unmapped,0,
Les.3652.1.S1_at,,unmapped,0,
Les.357.2.A1_at,,unmapped,0,
Les.3629.1.S1_at,,unmapped,0,
Les.3655.1.S1_at,,unmapped,0,
Les.3729.1.S1_at,,unmapped,0,
Les.3591.1.S1_at,,unmapped,0,
Les.3568.1.A1_at,,unmapped,0,
Les.3684.1.A1_at,,unmapped,0,
Les.3578.1.S1_at,,unmapped,0,
Les.3668.1.S1_at,,unmapped,0,
Les.3694.1.S1_at,,unmapped,0,
Les.3710.1.S1_at,,unmapped,0,
Les.3620.1.S1_at,,unmapped,0,
Les.3697.1.S1_at,,unmapped,0,
Les.3623.1.S1_at,,unmapped,0,
Les.3723.1.S1_at,,unmapped,0,
Les.364.1.S1_at,,unmapped,0,
Les.3726.1.S1_at,,unmapped,0,
Les.3636.1.S1_at,,unmapped,0,
Les.3572.1.S1_at,,unmapped,0,
Les.3662.1.S1_at,Solyc01g095080,one_to_one_signature_target,11,Solyc01g095080
Les.3639.1.S1_at,,unmapped,0,
Les.3575.1.S1_at,,unmapped,0,
Les.3665.1.S1_at,,unmapped,0,
Les.3691.1.S1_at,,unmapped,0,
Les.3678.1.S1_at,,unmapped,0,
Les.3720.1.S1_at,,unmapped,0,
Les.3630.1.S1_at,,unmapped,0,
Les.3633.1.S1_at,,unmapped,0,
Les.367.1.A1_at,,unmapped,0,
Les.3736.1.S1_at,,unmapped,0,
Les.3646.1.S1_at,,unmapped,0,
Les.3582.1.S1_at,,unmapped,0,
Les.3672.1.S1_at,,unmapped,0,
Les.3649.1.S1_at,,unmapped,0,
Les.3585.1.S1_at,,unmapped,0,
Les.3675.1.S1_at,,unmapped,0,
Les.3601.1.S1_at,Solyc10g050110,one_to_one_signature_target,11,Solyc10g050110
Les.3588.1.S1_at,,unmapped,0,
Les.361.1.A1_at,,unmapped,0,
Les.3688.1.S1_at,,unmapped,0,
Les.3614.1.S1_at,,unmapped,0,
Les.3730.1.S1_at,,unmapped,0,
Les.3640.1.S1_at,,unmapped,0,
Les.3707.1.S1_at,,unmapped,0,
Les.3617.1.S1_at,,unmapped,0,
Les.3733.1.S1_at,,unmapped,0,
Les.3643.1.S1_at,,unmapped,0,
Les.3690.1.S1_a_at,,unmapped,0,
Les.3656.1.S1_at,,unmapped,0,
Les.3682.1.S1_at,,unmapped,0,
Les.3585.1.A1_at,,unmapped,0,
Les.36.1.S1_at,,unmapped,0,
Les.3569.1.S1_at,,unmapped,0,
Les.3659.1.S1_at,,unmapped,0,
Les.3595.1.S1_at,,unmapped,0,
Les.3701.1.S1_at,,unmapped,0,
Les.3588.1.A1_at,,unmapped,0,
Les.3611.1.S1_at,,unmapped,0,
Les.3598.1.S1_at,,unmapped,0,
Les.371.1.A1_at,,unmapped,0,
Les.3698.1.S1_at,,unmapped,0,
Les.3714.1.S1_at,,unmapped,0,
Les.3624.1.S1_at,,unmapped,0,
Les.3707.1.A1_at,,unmapped,0,
Les.3650.1.S1_at,,unmapped,0,
Les.3627.1.S1_at,,unmapped,0,
Les.3717.2.A1_at,,unmapped,0,
Les.3653.1.S1_at,,unmapped,0,
Les.358.1.S1_at,,unmapped,0,
Les.358.2.A1_at,,unmapped,0,
Les.3566.1.S1_at,,unmapped,0,
Les.3592.1.S1_at,,unmapped,0,
Les.3666.1.S1_at,,unmapped,0,
Les.3692.1.S1_at,,unmapped,0,
Les.3701.1.A1_at,,unmapped,0,
Les.3579.1.S1_at,,unmapped,0,
Les.3669.1.S1_at,,unmapped,0,
Les.3695.1.S1_at,,unmapped,0,
Les.3711.1.S1_at,,unmapped,0,
Les.3621.1.S1_at,,unmapped,0,
Les.3724.1.S1_at,,unmapped,0,
Les.3660.1.S1_at,,unmapped,0,
Les.3727.1.S1_at,,unmapped,0,
Les.3637.1.S1_at,,unmapped,0,
Les.3573.1.S1_at,,unmapped,0,
Les.3663.1.S1_at,,unmapped,0,
Les.368.1.S1_at,,unmapped,0,
Les.3576.1.S1_at,,unmapped,0,
Les.3589.1.S1_at,,unmapped,0,
Les.3679.1.S1_at,,unmapped,0,
Les.3721.1.S1_at,,unmapped,0,
Les.3631.1.S1_at,,unmapped,0,
Les.362.1.S1_at,,unmapped,0,
Les.362.2.A1_at,,unmapped,0,
Les.3608.1.S1_at,,unmapped,0,
Les.365.1.A1_at,,unmapped,0,
Les.3634.1.S1_at,,unmapped,0,
Les.3708.1.S1_at,,unmapped,0,
Les.3570.1.S1_at,,unmapped,0,
Les.3734.1.S1_at,,unmapped,0,
Les.3647.1.S1_at,,unmapped,0,
Les.3673.1.S1_at,,unmapped,0,
Les.3586.1.S1_at,,unmapped,0,
Les.3676.1.S1_at,,unmapped,0,
Les.37.1.S1_at,,unmapped,0,
Les.3702.1.S1_at,,unmapped,1,
Les.3589.1.A1_at,,unmapped,0,
Les.3599.1.S1_at,,unmapped,0,
Les.3689.1.S1_at,,unmapped,0,
Les.3705.1.S1_at,,unmapped,0,
Les.3615.1.S1_at,,unmapped,0,
Les.3731.1.S1_at,,unmapped,0,
Les.3641.1.S1_at,,unmapped,0,
Les.3708.1.A1_at,,unmapped,0,
Les.372.1.S1_at,,unmapped,0,
Les.3618.1.S1_at,Solyc11g022590,one_to_one_signature_target,9,Solyc11g022590
Les.3644.1.S1_at,,unmapped,0,
Les.3670.1.S1_at,,unmapped,0,
Les.3580.1.S1_at,,unmapped,0,
Les.3737.1.A1_at,,unmapped,0,
Les.3583.1.A1_at,,unmapped,0,
Les.3567.1.S1_at,,unmapped,0,
Les.3657.1.S1_at,,unmapped,0,
Les.3593.1.S1_at,,unmapped,0,
Les.3683.1.S1_at,,unmapped,0,
Les.3586.1.A1_at,,unmapped,0,
Les.3702.1.A1_at,,unmapped,0,
Les.3686.1.S1_at,,unmapped,0,
Les.3612.1.S1_at,,unmapped,0,
Les.3712.1.S1_at,,unmapped,0,
Les.372.1.A1_at,,unmapped,0,
Les.3699.1.S1_at,,unmapped,0,
Les.3715.1.S1_at,,unmapped,0,
Les.3625.1.S1_at,Solyc11g011210,one_to_one_signature_target,7,Solyc11g011210
Les.3651.1.S1_at,,unmapped,0,
Les.3718.1.S1_at,,unmapped,0,
Les.3628.1.S1_at,,unmapped,0,
Les.3654.1.S1_at,Solyc10g080210,one_to_one_signature_target,11,Solyc10g080210
Les.3590.1.S1_at,Solyc01g099630,one_to_one_signature_target,11,Solyc01g099630
Les.3680.1.S1_at,,unmapped,0,
Les.3567.1.A1_at,,unmapped,0,
Les.369.1.S1_at,Solyc02g088100,one_to_one_signature_target,11,Solyc02g088100
Les.3667.1.S1_at,,unmapped,0,
Les.3693.1.S1_at,,unmapped,0,
Les.3601.1.S1_s_at,,unmapped,0,
Les.3696.1.S1_at,,unmapped,0,
Les.3699.1.A1_at,,unmapped,0,
Les.3609.1.S1_at,,unmapped,0,
Les.3725.1.S1_at,,unmapped,0,
Les.3635.1.S1_at,,unmapped,0,
Les.3661.1.S1_at,,unmapped,0,
Les.3680.1.A1_at,,unmapped,0,
Les.3728.1.S1_at,,unmapped,0,
Les.3638.1.S1_at,,unmapped,0,
Les.3574.1.S1_at,,unmapped,0,
Les.3664.1.S1_at,,unmapped,0,
Les.3577.1.S1_at,,unmapped,0,
Les.3677.1.S1_at,Solyc05g014280,one_to_one_signature_target,10,Solyc05g014280
Les.360.1.S1_at,,unmapped,0,
Les.3606.1.S1_at,,unmapped,0,
Les.3722.1.S1_at,,unmapped,0,
Les.363.1.A1_at,,unmapped,0,
Les.3632.1.S1_at,,unmapped,0,
Les.3709.1.S1_at,,unmapped,0,
Les.3571.1.S1_at,,unmapped,0,
Les.3735.1.S1_at,,unmapped,0,
Les.3645.1.S1_at,,unmapped,0,
Les.3728.1.A1_at,,unmapped,0,
Les.3671.1.S1_at,,unmapped,0,
Les.376.1.S1_at,Solyc02g063150,one_to_one_signature_target,11,Solyc02g063150
Les.3927.1.S1_s_at,,unmapped,0,
Les.3999.2.S1_at,,unmapped,0,
Les.3925.2.S1_at,,unmapped,0,
Les.3738.1.S1_at,,unmapped,0,
Les.3790.1.S1_at,,unmapped,0,
Les.3980.1.S1_at,Solyc01g006540,one_to_one_signature_target,10,Solyc01g006540
Les.379.1.S1_at,,unmapped,0,
Les.3883.1.A1_at,,unmapped,0,
Les.38.1.S1_at,,unmapped,0,
Les.3777.1.S1_at,,unmapped,0,
Les.3983.1.S1_at,,unmapped,0,
Les.4010.1.S1_at,,unmapped,0,
Les.3822.1.A1_at,,unmapped,0,
Les.3996.1.S1_at,,unmapped,0,
Les.3989.1.A1_at,,unmapped,0,
Les.3825.1.A1_at,,unmapped,0,
Les.4.1.S1_at,,unmapped,0,
Les.3999.1.S1_at,,unmapped,0,
Les.4008.1.S1_a_at,,unmapped,0,
Les.3745.1.S1_at,,unmapped,0,
Les.3771.1.S1_at,,unmapped,0,
Les.3738.1.A1_at,,unmapped,0,
Les.3764.1.A1_at,,unmapped,0,
Les.3748.1.S1_at,,unmapped,0,
Les.3774.1.S1_at,,unmapped,0,
Les.3964.1.S1_at,,unmapped,0,
Les.3990.1.S1_at,,unmapped,0,
Les.3813.1.S1_x_at,,unmapped,0,
Les.3967.1.S1_at,,unmapped,0,
Les.380.1.S1_at,,unmapped,0,
Les.3742.1.S1_at,,unmapped,0,
Les.3832.1.S1_at,,unmapped,0,
Les.3932.1.S1_at,,unmapped,0,
Les.3925.1.A1_at,,unmapped,0,
Les.3932.2.S1_at,,unmapped,0,
Les.386.1.A1_at,,unmapped,0,
Les.3819.1.S1_at,,unmapped,0,
Les.3935.1.S1_at,,unmapped,0,
Les.3748.1.A1_at,,unmapped,0,
Les.3781.1.S1_at,,unmapped,0,
Les.3961.1.S1_at,,unmapped,0,
Les.393.2.S1_at,,unmapped,0,
Les.3932.3.S1_at,,unmapped,0,
Les.396.1.S1_at,,unmapped,0,
Les.389.1.A1_at,,unmapped,0,
Les.393.3.S1_at,,unmapped,0,
Les.3758.1.S1_at,,unmapped,0,
Les.3813.1.S1_at,,unmapped,0,
Les.3832.1.A1_at,,unmapped,0,
Les.380.2.A1_at,,unmapped,0,
Les.390.1.S1_at,,unmapped,0,
Les.383.1.A1_at,,unmapped,0,
Les.3752.1.S1_at,,unmapped,0,
Les.4007.1.S1_at,,unmapped,0,
Les.390.2.S1_at,,unmapped,0,
Les.3755.1.A1_at,,unmapped,0,
Les.393.1.S1_at,,unmapped,0,
Les.3829.1.S1_at,,unmapped,0,
Les.3765.1.S1_at,,unmapped,0,
Les.3971.2.A1_at,,unmapped,0,
Les.396.2.A1_at,,unmapped,0,
Les.3974.1.A1_at,,unmapped,0,
Les.3768.1.S1_at,,unmapped,0,
Les.3984.1.S1_at,,unmapped,0,
Les.4001.1.S1_at,,unmapped,0,
Les.3987.1.S1_at,,unmapped,0,
Les.4011.2.S1_at,,unmapped,0,
Les.3823.1.S1_at,,unmapped,0,
Les.3816.1.A1_at,,unmapped,0,
Les.4014.1.S1_at,,unmapped,0,
Les.3752.1.A1_at,,unmapped,0,
Les.374.1.S1_at,,unmapped,0,
Les.4011.3.S1_at,,unmapped,0,
Les.4014.2.S1_at,,unmapped,0,
Les.3826.1.S1_at,,unmapped,0,
Les.3762.1.S1_at,,unmapped,0,
Les.4017.1.S1_at,,unmapped,0,
Les.3739.1.S1_at,Solyc11g020330,one_to_one_signature_target,8,Solyc11g020330
Les.3929.1.S1_at,,unmapped,0,
Les.3981.1.S1_at,,unmapped,0,
Les.3884.1.A1_at,,unmapped,0,
Les.39.1.S1_at,,unmapped,0,
Les.3958.1.S1_at,,unmapped,0,
Les.3820.1.S1_at,,unmapped,0,
Les.3997.1.S1_at,,unmapped,0,
Les.3807.1.S1_at,,unmapped,0,
Les.4021.2.S1_at,Solyc06g074260,one_to_one_signature_target,9,Solyc06g074260
Les.3833.1.S1_at,,unmapped,0,
Les.3746.1.S1_at,,unmapped,0,
Les.387.1.S1_at,,unmapped,0,
Les.3813.1.S2_at,,unmapped,0,
Les.3749.1.S1_at,,unmapped,0,
Les.3775.1.S1_at,,unmapped,0,
Les.3991.1.S1_at,,unmapped,0,
Les.3958.1.A1_at,,unmapped,0,
Les.4011.1.A1_at,,unmapped,0,
Les.3740.1.S1_at,,unmapped,0,
Les.3830.1.S1_at,,unmapped,0,
Les.384.1.A1_at,,unmapped,0,
Les.3743.1.S1_at,,unmapped,0,
Les.3933.1.S1_at,,unmapped,0,
Les.4008.2.S1_at,,unmapped,0,
Les.3936.1.S1_at,,unmapped,0,
Les.397.1.S1_at,,unmapped,0,
Les.3965.1.S1_a_at,,unmapped,0,
Les.3809.2.S1_a_at,,unmapped,0,
Les.3759.1.S1_at,,unmapped,0,
Les.3830.1.A1_at,,unmapped,0,
Les.4021.1.A1_at,Solyc06g074260,one_to_one_signature_target,11,Solyc06g074260
Les.4002.2.S1_at,,unmapped,0,
Les.3814.1.S1_at,,unmapped,0,
Les.3750.1.S1_at,,unmapped,1,
Les.3930.1.S1_at,,unmapped,0,
Les.4005.1.S1_at,,unmapped,0,
Les.3817.1.S1_at,,unmapped,0,
Les.40.1.S1_at,,unmapped,0,
Les.4008.1.S1_at,,unmapped,0,
Les.3962.1.A1_at,,unmapped,0,
Les.3766.1.S1_at,,unmapped,0,
Les.3972.1.S1_at,,unmapped,0,
Les.3975.1.A1_at,,unmapped,0,
Les.3901.1.A1_at,,unmapped,0,
Les.4002.1.A1_at,,unmapped,0,
Les.3769.1.S1_at,,unmapped,0,
Les.3975.2.A1_at,,unmapped,0,
Les.3959.1.S1_at,,unmapped,0,
Les.3985.1.S1_at,,unmapped,0,
Les.3756.1.S1_a_at,,unmapped,0,
Les.3988.1.S1_at,,unmapped,0,
Les.3824.1.S1_at,,unmapped,0,
Les.3940.2.A1_at,,unmapped,0,
Les.3753.1.A1_at,,unmapped,0,
Les.394.1.A1_at,,unmapped,0,
Les.3737.1.S1_at,,unmapped,0,
Les.3827.1.S1_at,,unmapped,0,
Les.4018.1.S1_at,,unmapped,0,
Les.3927.2.S1_at,,unmapped,0,
Les.3776.1.S1_at,,unmapped,0,
Les.388.2.S1_at,,unmapped,0,
Les.3779.1.S1_at,,unmapped,0,
Les.3869.1.S1_at,,unmapped,0,
Les.3995.1.S1_at,,unmapped,0,
Les.4012.1.S1_at,,unmapped,0,
Les.3988.1.A1_at,,unmapped,0,
Les.3824.1.A1_at,,unmapped,0,
Les.375.1.A1_at,,unmapped,0,
Les.3998.1.S1_at,,unmapped,0,
Les.3744.1.S1_at,,unmapped,0,
Les.3924.1.S1_at,,unmapped,0,
Les.3770.1.S1_at,,unmapped,0,
Les.401.1.S1_at,,unmapped,0,
Les.3747.1.S1_at,,unmapped,0,
Les.3773.1.S1_at,,unmapped,0,
Les.3963.1.S1_at,,unmapped,0,
Les.388.1.S1_at,,unmapped,0,
Les.3866.1.A1_at,,unmapped,0,
Les.3792.1.S1_s_at,,unmapped,0,
Les.388.3.A1_at,,unmapped,0,
Les.4004.1.S1_a_at,,unmapped,0,
Les.3969.1.S1_at,,unmapped,0,
Les.3741.1.S1_at,,unmapped,0,
Les.3831.1.S1_at,,unmapped,0,
Les.4022.1.S1_at,,unmapped,0,
Les.3834.1.A1_at,,unmapped,0,
Les.385.1.A1_at,,unmapped,0,
Les.3818.1.S1_at,,unmapped,0,
Les.3934.1.S1_at,,unmapped,0,
Les.3780.1.S1_at,,unmapped,0,
Les.3960.1.S1_at,,unmapped,0,
Les.395.1.S1_at,,unmapped,0,
Les.3963.1.A1_at,,unmapped,0,
Les.3754.2.S1_at,,unmapped,0,
Les.3757.1.S1_at,,unmapped,0,
Les.3937.1.S1_at,,unmapped,0,
Les.3754.3.S1_at,,unmapped,0,
Les.3976.1.S1_at,,unmapped,0,
Les.4003.1.S1_at,,unmapped,0,
Les.3741.1.A1_at,,unmapped,0,
Les.3831.1.A1_at,,unmapped,0,
Les.3979.1.S1_at,,unmapped,0,
Les.3799.1.S1_at,,unmapped,0,
Les.3815.1.S1_at,,unmapped,0,
Les.3751.1.S1_at,,unmapped,0,
Les.4006.1.S1_at,,unmapped,0,
Les.392.1.S1_at,,unmapped,0,
Les.3754.1.S1_at,,unmapped,0,
Les.3828.1.S1_at,,unmapped,0,
Les.398.1.A1_at,,unmapped,0,
Les.3973.1.S1_at,,unmapped,0,
Les.3796.1.S1_at,,unmapped,0,
Les.3986.1.S1_at,,unmapped,0,
Les.3896.1.S1_at,,unmapped,0,
Les.3822.1.S1_at,,unmapped,0,
Les.4013.1.S1_at,,unmapped,0,
Les.3989.1.S1_at,,unmapped,0,
Les.3971.2.S1_a_at,,unmapped,0,
Les.3825.1.S1_at,,unmapped,0,
Les.391.1.S1_s_at,,unmapped,0,
Les.3761.1.S1_at,,unmapped,0,
Les.4045.1.A1_at,,unmapped,0,
Les.4071.1.A1_at,,unmapped,0,
Les.4235.1.S1_at,,unmapped,0,
Les.4055.1.S1_at,,unmapped,0,
Les.4081.1.S1_at,,unmapped,0,
Les.405.1.S1_at,,unmapped,0,
Les.4041.1.S1_s_at,,unmapped,0,
Les.4148.1.S1_at,,unmapped,0,
Les.4058.1.S1_at,,unmapped,0,
Les.4084.1.S1_at,,unmapped,0,
Les.4187.1.S1_at,,unmapped,0,
Les.4106.1.A1_at,,unmapped,0,
Les.4132.1.A1_at,,unmapped,0,
Les.4026.1.S1_at,,unmapped,0,
Les.4052.1.S1_at,,unmapped,0,
Les.4119.1.A1_at,,unmapped,0,
Les.4081.1.A1_at,,unmapped,0,
Les.4029.1.S1_at,,unmapped,0,
Les.4219.1.S1_at,,unmapped,0,
Les.4058.1.A1_at,,unmapped,0,
Les.405.2.A1_at,,unmapped,0,
Les.4158.1.S1_at,,unmapped,0,
Les.415.2.S1_at,,unmapped,0,
Les.4068.1.S1_at,,unmapped,0,
Les.418.1.S1_at,,unmapped,0,
Les.4203.1.A1_at,,unmapped,0,
Les.4113.1.A1_at,,unmapped,0,
Les.4097.1.S1_at,,unmapped,0,
Les.4023.1.S1_at,,unmapped,0,
Les.4101.2.S1_a_at,,unmapped,0,
Les.4116.1.A1_at,,unmapped,0,
Les.4052.1.A1_at,,unmapped,0,
Les.42.1.S1_at,,unmapped,0,
Les.4036.1.S1_at,,unmapped,0,
Les.4062.1.S1_at,,unmapped,0,
Les.4129.1.A1_at,,unmapped,0,
Les.4181.1.A1_at,,unmapped,4,
Les.4039.1.S1_at,,unmapped,0,
Les.4065.1.S1_at,,unmapped,0,
Les.4229.1.S1_at,,unmapped,0,
Les.4139.1.S1_at,,unmapped,0,
Les.4068.1.A1_at,,unmapped,0,
Les.4110.1.A1_at,,unmapped,0,
Les.4229.2.S1_at,,unmapped,0,
Les.4229.3.A1_at,,unmapped,0,
Les.4030.1.S1_at,,unmapped,0,
Les.4097.1.A1_at,,unmapped,0,
Les.4123.1.A1_at,,unmapped,0,
Les.4033.1.S1_at,,unmapped,0,
Les.4223.1.S1_at,,unmapped,0,
Les.413.1.S1_s_at,,unmapped,0,
Les.4126.1.A1_at,,unmapped,0,
Les.412.1.A1_at,,unmapped,0,
Les.4226.1.S1_at,,unmapped,0,
Les.4136.1.S1_at,,unmapped,0,
Les.4046.1.S1_at,,unmapped,0,
Les.4072.1.S1_at,,unmapped,0,
Les.4039.1.A1_at,,unmapped,0,
Les.4065.1.A1_at,,unmapped,0,
Les.422.1.S1_at,,unmapped,0,
Les.415.1.A1_at,,unmapped,0,
Les.4049.1.S1_at,,unmapped,0,
Les.4075.1.S1_at,,unmapped,0,
Les.4120.1.A1_at,,unmapped,0,
Les.4030.1.A1_at,,unmapped,0,
Les.409.2.S1_at,,unmapped,0,
Les.4149.3.S1_at,,unmapped,0,
Les.4040.1.S1_at,,unmapped,0,
Les.4033.1.A1_at,,unmapped,0,
Les.409.3.S1_at,,unmapped,0,
Les.4043.1.S1_at,,unmapped,0,
Les.4233.1.S1_at,,unmapped,0,
Les.4071.1.S1_a_at,,unmapped,0,
Les.4046.1.A1_at,,unmapped,0,
Les.4146.1.S1_at,,unmapped,0,
Les.4056.1.S1_at,,unmapped,0,
Les.4082.1.S1_at,,unmapped,0,
Les.4085.1.S1_at,,unmapped,0,
Les.409.1.S1_at,,unmapped,0,
Les.4104.1.A1_at,,unmapped,0,
Les.4130.1.A1_at,,unmapped,0,
Les.4040.1.A1_at,,unmapped,0,
Les.419.2.S1_at,,unmapped,0,
Les.4098.1.S1_at,,unmapped,0,
Les.4024.1.S1_at,,unmapped,0,
Les.4140.1.S1_at,,unmapped,0,
Les.4050.1.S1_at,,unmapped,0,
Les.4107.1.A1_at,,unmapped,0,
Les.4149.2.S1_a_at,,unmapped,0,
Les.4043.1.A1_at,,unmapped,0,
Les.4053.1.S1_at,,unmapped,0,
Les.4233.2.A1_at,,unmapped,0,
Les.4217.1.S1_at,,unmapped,0,
Les.4056.1.A1_at,,unmapped,0,
Les.406.1.A1_at,,unmapped,0,
Les.4066.1.S1_at,,unmapped,0,
Les.4069.1.S1_at,,unmapped,0,
Les.4095.1.S1_at,,unmapped,0,
Les.419.1.S1_at,,unmapped,0,
Les.4114.1.A1_at,,unmapped,0,
Les.4050.1.A1_at,,unmapped,0,
Les.4042.1.A1_s_at,,unmapped,0,
Les.4034.1.S1_at,,unmapped,0,
Les.4150.1.S1_at,,unmapped,0,
Les.4027.1.A1_at,,unmapped,0,
Les.4060.1.S1_at,,unmapped,0,
Les.4053.1.A1_at,,unmapped,0,
Les.4037.1.S1_at,,unmapped,0,
Les.4063.1.S1_at,,unmapped,0,
Les.4101.2.S2_at,,unmapped,0,
Les.4066.1.A1_at,,unmapped,0,
Les.416.1.A1_at,,unmapped,0,
Les.4076.1.S1_at,,unmapped,0,
Les.4069.1.A1_at,,unmapped,0,
Les.4111.1.A1_at,,unmapped,0,
Les.4079.1.S1_at,,unmapped,0,
Les.4031.1.S1_at,,unmapped,0,
Les.4221.1.S1_at,,unmapped,0,
Les.4034.1.A1_at,,unmapped,0,
Les.4124.1.A1_at,,unmapped,0,
Les.410.1.A1_at,,unmapped,0,
Les.4070.1.S1_at,,unmapped,0,
Les.4127.1.A1_at,,unmapped,0,
Les.4063.1.A1_at,,unmapped,0,
Les.4137.1.S1_at,,unmapped,0,
Les.4047.1.S1_at,,unmapped,0,
Les.4073.1.S1_at,,unmapped,0,
Les.423.1.S1_at,Solyc09g011470,one_to_one_signature_target,11,Solyc09g011470
Les.4079.1.A1_at,,unmapped,0,
Les.4102.1.S1_at,,unmapped,0,
Les.4031.1.A1_at,,unmapped,0,
Les.4121.1.A1_at,,unmapped,0,
Les.4089.1.S1_at,,unmapped,0,
Les.4041.1.S1_at,,unmapped,0,
Les.4108.1.A1_at,,unmapped,0,
Les.4224.1.A1_at,,unmapped,0,
Les.4134.1.A1_at,,unmapped,0,
Les.4070.1.A1_at,,unmapped,0,
Les.420.1.A1_at,,unmapped,0,
Les.4044.1.S1_at,,unmapped,0,
Les.4047.1.A1_at,,unmapped,0,
Les.4057.1.S1_at,,unmapped,0,
Les.4083.1.S1_at,,unmapped,0,
Les.407.1.S1_at,,unmapped,0,
Les.4071.1.A1_a_at,,unmapped,0,
Les.4086.1.S1_at,,unmapped,0,
Les.4220.1.S1_s_at,,unmapped,0,
Les.4105.1.A1_at,,unmapped,0,
Les.4041.1.A1_at,,unmapped,0,
Les.4099.1.S1_at,Solyc06g053620,one_to_one_signature_target,11,Solyc06g053620
Les.4025.1.S1_at,,unmapped,0,
Les.4141.1.S1_at,,unmapped,0,
Les.4051.1.S1_at,,unmapped,0,
Les.4044.1.A1_at,,unmapped,0,
Les.4118.1.A1_at,,unmapped,0,
Les.4170.1.A1_at,,unmapped,0,
Les.4028.1.S1_at,,unmapped,0,
Les.4054.1.S1_at,,unmapped,0,
Les.4080.1.S1_at,,unmapped,0,
Les.4045.1.A1_s_at,,unmapped,0,
Les.4157.1.S1_at,,unmapped,0,
Les.4067.1.S1_at,,unmapped,0,
Les.4093.1.S1_at,,unmapped,0,
Les.417.1.S1_at,,unmapped,0,
Les.4186.1.A1_at,,unmapped,0,
Les.4096.1.S1_at,,unmapped,0,
Les.4115.1.A1_at,,unmapped,0,
Les.4141.1.A1_at,,unmapped,0,
Les.4051.1.A1_at,,unmapped,0,
Les.41.1.S1_at,,unmapped,0,
Les.4035.1.S1_at,,unmapped,0,
Les.4061.1.S1_at,,unmapped,0,
Les.4028.1.A1_at,,unmapped,0,
Les.4054.1.A1_at,,unmapped,0,
Les.411.1.S1_at,,unmapped,0,
Les.4225.2.S1_at,,unmapped,0,
Les.4038.1.S1_at,,unmapped,0,
Les.4064.1.S1_at,,unmapped,0,
Les.4090.1.S1_at,,unmapped,0,
Les.414.1.S1_at,,unmapped,0,
Les.4090.2.A1_at,,unmapped,0,
Les.4077.1.S1_at,,unmapped,0,
Les.4228.3.S1_at,Solyc07g066150,one_to_one_signature_target,10,Solyc07g066150
Les.415.1.A1_a_at,,unmapped,0,
Les.4032.1.S1_at,,unmapped,0,
Les.4222.1.S1_at,,unmapped,0,
Les.4125.1.A1_at,,unmapped,0,
Les.4225.1.S1_at,,unmapped,0,
Les.4045.1.S1_at,,unmapped,0,
Les.4128.1.A1_at,,unmapped,0,
Les.4064.1.A1_at,,unmapped,0,
Les.411.2.A1_at,,unmapped,0,
Les.4228.1.A1_at,Solyc07g066150,one_to_one_signature_target,7,Solyc07g066150
Les.421.1.S1_at,,unmapped,0,
Les.4138.1.S1_at,,unmapped,0,
Les.4228.2.A1_at,,unmapped,0,
Les.4074.1.S1_at,,unmapped,0,
Les.4087.1.S1_at,,unmapped,0,
Les.4103.1.S1_at,,unmapped,0,
Les.4032.1.A1_at,,unmapped,0,
Les.4396.1.S1_at,,unmapped,0,
Les.4277.3.S1_at,,unmapped,0,
Les.4341.1.A1_at,,unmapped,0,
Les.4415.1.A1_at,,unmapped,0,
Les.4261.1.S1_at,,unmapped,0,
Les.4351.1.S1_at,,unmapped,0,
Les.4328.1.A1_at,,unmapped,0,
Les.4264.1.A1_at,,unmapped,0,
Les.4235.2.S1_at,,unmapped,0,
Les.4335.2.S1_at,,unmapped,0,
Les.4338.1.S1_at,,unmapped,0,
Les.4364.1.S1_at,,unmapped,0,
Les.434.1.S1_at,,unmapped,0,
Les.4274.1.S1_at,,unmapped,0,
Les.434.2.A1_at,,unmapped,0,
Les.4293.1.A1_at,,unmapped,0,
Les.4248.2.S1_at,,unmapped,0,
Les.4264.1.A1_s_at,,unmapped,0,
Les.4345.2.A1_x_at,,unmapped,5,
Les.4248.3.S1_at,,unmapped,0,
Les.4412.1.A1_at,,unmapped,0,
Les.4277.2.S1_at,,unmapped,0,
Les.4300.3.S1_at,Solyc08g067030,one_to_one_signature_target,11,Solyc08g067030
Les.4377.2.S1_at,,unmapped,0,
Les.4411.1.S1_s_at,,unmapped,0,
Les.4345.2.A1_a_at,Solyc02g070940,one_to_one_signature_target,11,Solyc02g070940
Les.4399.1.A1_at,,unmapped,0,
Les.431.1.A1_at,,unmapped,0,
Les.4242.2.S1_at,,unmapped,0,
Les.4309.1.S1_at,,unmapped,0,
Les.4335.1.S1_at,,unmapped,0,
Les.4361.1.S1_at,,unmapped,0,
Les.4271.1.S1_at,,unmapped,0,
Les.4390.1.A1_at,,unmapped,0,
Les.4271.2.S1_at,,unmapped,0,
Les.4274.2.A1_at,,unmapped,0,
Les.4348.1.S1_at,,unmapped,0,
Les.4277.1.A1_at,,unmapped,0,
Les.4281.3.S1_at,,unmapped,0,
Les.4258.2.S1_at,,unmapped,0,
Les.4284.2.S1_at,,unmapped,0,
Les.4300.2.S1_at,Solyc08g067030,one_to_one_signature_target,11,Solyc08g067030
Les.4377.1.S1_at,,unmapped,0,
Les.4287.1.S1_at,,unmapped,0,
Les.4303.1.S1_at,,unmapped,0,
Les.4258.3.S1_at,,unmapped,0,
Les.4284.3.S1_at,,unmapped,0,
Les.4287.2.S1_at,,unmapped,0,
Les.4316.1.S1_at,,unmapped,0,
Les.4342.1.S1_at,,unmapped,0,
Les.4298.1.S1_s_at,,unmapped,0,
Les.4379.2.S1_a_at,,unmapped,0,
Les.4345.1.S1_at,,unmapped,1,
Les.4248.1.A1_at,,unmapped,0,
Les.4255.2.S1_at,,unmapped,0,
Les.4300.1.A1_at,Solyc08g067030,one_to_one_signature_target,11,Solyc08g067030
Les.4281.2.S1_at,,unmapped,0,
Les.4284.1.S1_at,,unmapped,0,
Les.428.1.S1_at,,unmapped,0,
Les.4384.1.S1_at,,unmapped,0,
Les.4310.1.S1_at,,unmapped,0,
Les.4345.4.A1_at,,unmapped,0,
Les.4297.1.S1_at,,unmapped,0,
Les.4313.1.S1_at,,unmapped,0,
Les.4242.1.A1_at,,unmapped,0,
Les.4406.1.A1_at,,unmapped,0,
Les.4368.1.S1_s_at,,unmapped,0,
Les.441.1.S1_s_at,,unmapped,0,
Les.4352.1.S1_at,,unmapped,0,
Les.4281.1.A1_at,,unmapped,0,
Les.425.1.S1_at,,unmapped,0,
Les.4355.1.S1_at,,unmapped,0,
Les.4381.1.S1_at,,unmapped,0,
Les.4258.1.A1_at,,unmapped,0,
Les.4291.1.S1_at,,unmapped,0,
Les.4358.2.S1_a_at,,unmapped,0,
Les.4291.2.S1_at,,unmapped,0,
Les.4268.1.S1_at,,unmapped,0,
Les.4294.1.S1_at,,unmapped,0,
Les.438.1.S1_at,,unmapped,0,
Les.4403.1.A1_at,,unmapped,0,
Les.4397.1.S1_at,,unmapped,0,
Les.4326.1.S1_at,,unmapped,0,
Les.4369.1.S1_s_at,,unmapped,0,
Les.4262.1.S1_at,,unmapped,0,
Les.432.1.S1_at,,unmapped,0,
Les.4272.2.S1_at,,unmapped,0,
Les.4355.2.A1_at,,unmapped,0,
Les.4339.1.S1_at,,unmapped,0,
Les.4365.1.S1_at,,unmapped,0,
Les.4275.1.S1_at,,unmapped,0,
Les.435.1.S1_at,,unmapped,0,
Les.4336.3.S1_at,,unmapped,0,
Les.4272.3.S1_at,,unmapped,0,
Les.4410.1.A1_at,,unmapped,0,
Les.4413.1.A1_at,,unmapped,0,
Les.4397.2.A1_at,,unmapped,0,
Les.4307.1.S1_at,,unmapped,0,
Les.4243.1.S1_at,,unmapped,0,
Les.4333.1.S1_at,,unmapped,0,
Les.4336.1.S1_at,,unmapped,0,
Les.4336.2.A1_at,,unmapped,0,
Les.432.2.A1_at,,unmapped,0,
Les.4282.2.S1_at,,unmapped,0,
Les.4278.1.A1_at,,unmapped,0,
Les.4301.1.S1_at,,unmapped,0,
Les.4394.1.A1_at,,unmapped,0,
Les.4288.1.S1_at,,unmapped,0,
Les.4378.2.A1_at,,unmapped,0,
Les.4304.1.S1_at,,unmapped,0,
Les.4240.1.S1_at,,unmapped,0,
Les.4330.1.S1_s_at,,unmapped,0,
Les.4385.3.S1_at,,unmapped,0,
Les.4285.1.S1_s_at,,unmapped,0,
Les.43.1.S1_at,,unmapped,0,
Les.4317.1.S1_at,,unmapped,0,
Les.4362.1.A1_at,,unmapped,0,
Les.4272.1.A1_at,,unmapped,0,
Les.4343.2.S1_at,,unmapped,0,
Les.4346.1.S1_at,,unmapped,0,
Les.4372.1.S1_at,,unmapped,1,
Les.4282.1.S1_at,,unmapped,0,
Les.4285.1.A1_at,,unmapped,0,
Les.4259.1.S1_at,,unmapped,0,
Les.4356.2.S1_at,,unmapped,0,
Les.4394.1.A1_s_at,,unmapped,0,
Les.429.1.S1_at,,unmapped,0,
Les.4359.1.S1_at,,unmapped,0,
Les.4385.1.S1_at,,unmapped,0,
Les.4311.1.S1_at,,unmapped,0,
Les.4371.1.A1_s_at,,unmapped,0,
Les.4356.3.S1_at,,unmapped,0,
Les.4385.2.S1_at,,unmapped,0,
Les.4388.1.S1_at,,unmapped,0,
Les.4340.1.S1_at,,unmapped,0,
Les.4327.1.S1_at,,unmapped,0,
Les.4353.1.S1_at,,unmapped,0,
Les.4292.2.S1_at,,unmapped,0,
Les.4359.2.A1_at,,unmapped,0,
Les.4295.1.S1_at,,unmapped,0,
Les.439.1.S1_at,,unmapped,0,
Les.4404.1.A1_at,,unmapped,0,
Les.4378.1.S1_s_at,,unmapped,0,
Les.4298.2.A1_at,,unmapped,0,
Les.4263.1.S1_at,,unmapped,0,
Les.4337.1.S1_at,,unmapped,0,
Les.4363.1.S1_at,,unmapped,0,
Les.4292.1.A1_at,,unmapped,0,
Les.433.2.S1_at,,unmapped,0,
Les.4276.1.S1_at,,unmapped,0,
Les.4269.1.A1_at,,unmapped,0,
Les.4345.4.A1_x_at,,unmapped,0,
Les.4398.1.A1_at,,unmapped,0,
Les.4331.1.S1_at,,unmapped,0,
Les.4414.1.A1_at,,unmapped,0,
Les.4379.2.S1_at,,unmapped,0,
Les.4289.2.S1_at,,unmapped,0,
Les.4308.1.S1_at,,unmapped,0,
Les.4360.1.S1_at,,unmapped,0,
Les.4270.1.S1_at,,unmapped,0,
Les.4337.1.A1_at,,unmapped,0,
Les.433.1.A1_at,,unmapped,0,
Les.4334.2.S1_at,,unmapped,0,
Les.4334.3.A1_at,,unmapped,0,
Les.4373.1.S1_at,,unmapped,0,
Les.436.1.A1_at,,unmapped,0,
Les.4392.1.A1_at,,unmapped,0,
Les.4376.1.S1_at,,unmapped,0,
Les.4279.1.A1_at,,unmapped,0,
Les.4302.1.S1_at,,unmapped,0,
Les.4379.1.S1_at,,unmapped,0,
Les.4305.1.S1_at,,unmapped,0,
Les.4308.1.A1_at,,unmapped,0,
Les.4334.1.A1_at,,unmapped,0,
Les.44.1.S1_at,,unmapped,0,
Les.4312.3.S1_at,,unmapped,0,
Les.4318.1.S1_at,,unmapped,0,
Les.4254.1.S1_at,,unmapped,0,
Les.4344.1.S1_at,,unmapped,0,
Les.424.2.S1_at,,unmapped,0,
Les.427.1.S1_at,,unmapped,0,
Les.4386.1.S1_at,,unmapped,0,
Les.4296.1.S1_at,,unmapped,0,
Les.4289.1.A1_at,,unmapped,0,
Les.4405.1.A1_at,,unmapped,0,
Les.4386.2.S1_at,,unmapped,0,
Les.4312.2.S1_at,,unmapped,0,
Les.4299.1.S1_at,,unmapped,0,
Les.4315.1.S1_at,,unmapped,0,
Les.440.1.A1_at,,unmapped,0,
Les.4399.2.S1_at,,unmapped,0,
Les.4328.1.S1_at,,unmapped,0,
Les.4264.1.S1_at,,unmapped,0,
Les.424.1.S1_at,,unmapped,0,
Les.4345.3.S1_x_at,Solyc02g070940,one_to_one_signature_target,11,Solyc02g070940
Les.4290.1.S1_at,,unmapped,0,
Les.4383.1.S1_at,,unmapped,0,
Les.437.1.S1_at,,unmapped,0,
Les.4402.1.A1_at,,unmapped,0,
Les.4312.1.A1_at,,unmapped,0,
Les.4576.1.S1_at,,unmapped,0,
Les.4486.1.S1_at,,unmapped,0,
Les.4502.1.S1_at,,unmapped,0,
Les.4418.1.A1_s_at,,unmapped,0,
Les.4461.1.S1_s_at,Solyc06g069430,one_to_one_signature_target,11,Solyc06g069430
Les.4505.2.A1_at,,unmapped,0,
Les.4541.1.S1_at,,unmapped,0,
Les.4515.2.S1_at,,unmapped,0,
Les.4428.1.S1_at,,unmapped,0,
Les.4544.1.S1_at,,unmapped,0,
Les.4570.1.S1_at,,unmapped,0,
Les.4428.1.S1_a_at,,unmapped,0,
Les.4428.2.S1_at,,unmapped,0,
Les.4518.3.A1_at,,unmapped,0,
Les.4557.1.S1_at,,unmapped,0,
Les.4457.1.S1_s_at,,unmapped,0,
Les.4583.1.S1_at,,unmapped,0,
Les.4493.1.S1_at,,unmapped,0,
Les.4496.1.S1_at,,unmapped,0,
Les.4512.1.S1_at,,unmapped,0,
Les.4493.3.S1_at,,unmapped,0,
Les.4515.1.A1_at,,unmapped,0,
Les.4499.1.S1_at,,unmapped,0,
Les.4525.1.S1_at,,unmapped,0,
Les.4551.1.S1_at,,unmapped,0,
Les.4518.1.A1_at,,unmapped,0,
Les.4528.1.S1_at,,unmapped,0,
Les.4554.1.S1_at,,unmapped,0,
Les.444.1.S1_at,,unmapped,0,
Les.4580.1.S1_at,,unmapped,0,
Les.4490.1.S1_at,,unmapped,0,
Les.4438.2.S1_at,,unmapped,0,
Les.4467.1.S1_at,Solyc10g075070,one_to_one_signature_target,11,Solyc10g075070
Les.4567.1.S1_at,,unmapped,0,
Les.4493.2.A1_at,,unmapped,0,
Les.4422.1.A1_at,,unmapped,0,
Les.4522.1.S1_at,,unmapped,0,
Les.45.1.S1_at,,unmapped,0,
Les.4463.1.S1_s_at,Solyc10g080210,one_to_one_signature_target,11,Solyc10g080210
Les.4426.2.S1_s_at,,unmapped,0,
Les.4535.1.S1_at,,unmapped,0,
Les.4561.1.S1_at,,unmapped,0,
Les.4528.1.A1_at,,unmapped,0,
Les.4515.1.A1_a_at,,unmapped,0,
Les.4509.2.S1_at,,unmapped,0,
Les.4426.1.A1_s_at,,unmapped,0,
Les.4564.1.S1_at,,unmapped,0,
Les.4474.1.S1_at,,unmapped,0,
Les.457.1.S1_at,,unmapped,0,
Les.457.2.A1_at,,unmapped,0,
Les.4459.1.S1_s_at,,unmapped,0,
Les.4503.2.S1_at,,unmapped,0,
Les.4506.1.S1_at,,unmapped,0,
Les.4532.1.S1_at,,unmapped,0,
Les.4445.1.S1_at,Solyc10g047030,one_to_one_signature_target,11,Solyc10g047030
Les.4471.1.S1_at,,unmapped,0,
Les.4442.1.S1_s_at,,unmapped,0,
Les.4571.1.S1_at,,unmapped,0,
Les.4519.2.S1_at,,unmapped,0,
Les.4548.1.S1_at,,unmapped,0,
Les.4574.1.S1_at,,unmapped,0,
Les.4484.1.S1_at,,unmapped,0,
Les.4519.3.S1_at,,unmapped,0,
Les.4500.1.S1_at,,unmapped,0,
Les.4577.1.S1_at,,unmapped,0,
Les.4487.1.S1_at,,unmapped,0,
Les.4416.1.A1_at,,unmapped,0,
Les.4516.1.S1_at,,unmapped,0,
Les.4542.1.S1_at,,unmapped,0,
Les.4419.1.A1_at,,unmapped,0,
Les.4509.1.A1_at,,unmapped,0,
Les.4452.1.S1_at,,unmapped,0,
Les.4429.1.S1_at,,unmapped,0,
Les.4545.1.S1_at,,unmapped,0,
Les.4455.1.S1_at,,unmapped,0,
Les.4429.2.A1_at,,unmapped,0,
Les.4558.1.S1_at,,unmapped,0,
Les.4494.1.S1_at,,unmapped,0,
Les.4510.1.S1_at,,unmapped,0,
Les.4503.1.A1_at,,unmapped,0,
Les.4468.2.S1_at,,unmapped,0,
Les.4510.2.S1_at,,unmapped,0,
Les.4497.1.S1_at,,unmapped,0,
Les.4510.3.A1_at,,unmapped,0,
Les.4513.1.S1_at,,unmapped,0,
Les.4542.1.A1_at,,unmapped,0,
Les.4526.1.S1_at,,unmapped,0,
Les.4436.1.S1_at,,unmapped,0,
Les.4462.1.S1_at,,unmapped,0,
Les.4519.1.A1_at,,unmapped,0,
Les.4465.1.S1_x_at,,unmapped,0,
Les.4489.1.S1_s_at,,unmapped,0,
Les.4436.2.S1_at,,unmapped,0,
Les.4439.1.S1_at,,unmapped,0,
Les.4529.1.S1_at,Solyc02g091920,one_to_one_signature_target,8,Solyc02g091920
Les.4555.1.S1_at,,unmapped,0,
Les.445.1.S1_at,,unmapped,0,
Les.4581.1.S1_at,,unmapped,0,
Les.4491.1.S1_at,,unmapped,0,
Les.4444.1.S1_s_at,,unmapped,0,
Les.4420.1.A1_at,,unmapped,0,
Les.4539.2.S1_at,,unmapped,0,
Les.455.2.S1_at,,unmapped,0,
Les.4568.1.S1_at,,unmapped,0,
Les.4430.1.S1_at,,unmapped,0,
Les.4520.1.S1_at,,unmapped,0,
Les.455.3.S1_at,,unmapped,0,
Les.4433.1.S1_at,,unmapped,0,
Les.4523.1.S1_at,,unmapped,0,
Les.4508.1.S1_s_at,,unmapped,0,
Les.442.1.A1_at,,unmapped,0,
Les.4536.1.S1_at,,unmapped,0,
Les.4562.1.S1_at,,unmapped,0,
Les.452.1.S1_at,,unmapped,0,
Les.4472.1.S1_at,,unmapped,0,
Les.4465.1.A1_at,,unmapped,0,
Les.4539.1.S1_at,,unmapped,0,
Les.4565.1.S1_at,,unmapped,0,
Les.4475.1.S1_at,,unmapped,0,
Les.4578.1.S1_at,,unmapped,0,
Les.4530.1.S1_at,,unmapped,0,
Les.4504.2.S1_at,,unmapped,0,
Les.4507.1.S1_at,,unmapped,0,
Les.4533.1.S1_at,,unmapped,0,
Les.4446.1.S1_at,,unmapped,0,
Les.4546.1.S1_at,,unmapped,0,
Les.4572.1.S1_at,,unmapped,0,
Les.455.1.A1_at,,unmapped,0,
Les.4517.3.S1_at,,unmapped,0,
Les.4549.1.S1_at,Solyc07g049300,one_to_one_signature_target,11,Solyc07g049300
Les.4575.1.S1_at,,unmapped,0,
Les.4485.1.S1_at,,unmapped,0,
Les.4501.1.S1_at,Solyc09g011590,one_to_one_signature_target,10,Solyc09g011590
Les.4504.1.A1_at,,unmapped,0,
Les.4424.1.S1_s_at,,unmapped,0,
Les.4488.1.S1_at,,unmapped,0,
Les.4514.1.S1_at,,unmapped,0,
Les.4540.1.S1_at,,unmapped,0,
Les.4417.1.A1_at,,unmapped,0,
Les.4514.2.S1_at,,unmapped,0,
Les.4543.1.S1_at,,unmapped,0,
Les.4427.2.S1_at,,unmapped,0,
Les.4517.2.S1_at,,unmapped,0,
Les.4456.1.S1_at,,unmapped,0,
Les.4482.1.S1_at,,unmapped,0,
Les.4556.1.S1_at,,unmapped,0,
Les.4582.1.S1_at,,unmapped,0,
Les.446.2.S1_at,,unmapped,0,
Les.4492.2.S1_at,Solyc01g105050,one_to_one_signature_target,11,Solyc01g105050
Les.4584.1.A1_s_at,,unmapped,0,
Les.4559.1.S1_at,,unmapped,0,
Les.4495.1.S1_at,,unmapped,0,
Les.4511.1.S1_at,,unmapped,0,
Les.4492.3.S1_at,Solyc01g105050,one_to_one_signature_target,11,Solyc01g105050
Les.4424.1.S1_at,,unmapped,0,
Les.4450.1.S1_at,Solyc05g012020,one_to_one_signature_target,10,Solyc05g012020
Les.4550.1.S1_at,,unmapped,0,
Les.4427.1.A1_at,,unmapped,0,
Les.4517.1.A1_at,,unmapped,0,
Les.4437.1.S1_at,,unmapped,0,
Les.4527.1.S1_at,,unmapped,0,
Les.4553.1.S1_at,,unmapped,0,
Les.4437.2.S1_at,,unmapped,0,
Les.4438.1.A1_s_at,,unmapped,0,
Les.4437.3.A1_at,,unmapped,0,
Les.4466.1.S1_at,,unmapped,0,
Les.4492.1.S1_at,,unmapped,1,
Les.4469.1.A1_at,,unmapped,0,
Les.449.1.A1_at,,unmapped,0,
Les.4569.1.S1_at,,unmapped,0,
Les.4539.1.S1_a_at,,unmapped,0,
Les.4443.1.A1_s_at,,unmapped,0,
Les.4431.1.S1_at,,unmapped,0,
Les.4521.1.S1_at,Solyc08g005770,one_to_one_signature_target,11,Solyc08g005770
Les.4449.1.S1_s_at,,unmapped,0,
Les.4524.1.S1_at,,unmapped,0,
Les.4460.1.S1_at,,unmapped,0,
Les.4508.2.S1_s_at,,unmapped,0,
Les.4527.1.A1_at,,unmapped,0,
Les.4463.1.A1_at,Solyc10g080210,one_to_one_signature_target,11,Solyc10g080210
Les.4505.3.S1_at,,unmapped,0,
Les.4475.1.S1_a_at,,unmapped,0,
Les.4537.1.S1_at,,unmapped,0,
Les.4447.1.S1_at,,unmapped,0,
Les.4563.1.S1_at,,unmapped,0,
Les.4473.1.S1_at,,unmapped,0,
Les.446.1.A1_at,,unmapped,0,
Les.4566.1.S1_at,,unmapped,0,
Les.4476.1.S1_at,,unmapped,0,
Les.4579.1.S1_at,,unmapped,0,
Les.4505.1.S1_at,,unmapped,0,
Les.4531.1.S1_at,,unmapped,0,
Les.4534.1.S1_at,,unmapped,0,
Les.4560.1.S1_at,,unmapped,0,
Les.450.1.S1_at,,unmapped,0,
Les.4470.1.S1_at,,unmapped,0,
Les.4547.1.S1_at,,unmapped,0,
Les.4573.1.S1_at,,unmapped,0,
Les.4483.1.S1_at,,unmapped,0,
Les.4428.3.S1_at,,unmapped,0,
Les.466.1.S1_at,,unmapped,0,
Les.4602.1.S1_at,,unmapped,0,
Les.4589.1.S1_at,,unmapped,0,
Les.4679.1.S1_at,,unmapped,0,
Les.4605.1.S1_at,,unmapped,0,
Les.4721.1.S1_at,,unmapped,0,
Les.4631.1.S1_at,,unmapped,0,
Les.469.3.A1_at,,unmapped,0,
Les.4608.1.S1_at,,unmapped,0,
Les.4708.1.S1_at,,unmapped,0,
Les.4734.1.S1_at,,unmapped,0,
Les.4670.1.S1_at,,unmapped,0,
Les.4737.1.S1_at,,unmapped,0,
Les.4647.1.S1_at,,unmapped,0,
Les.4673.1.S1_at,,unmapped,0,
Les.4586.1.S1_at,,unmapped,0,
Les.4676.1.S1_at,,unmapped,0,
Les.4702.1.S1_at,,unmapped,0,
Les.4689.1.S1_at,,unmapped,0,
Les.4599.1.S1_at,,unmapped,0,
Les.4705.1.S1_at,,unmapped,0,
Les.4615.1.S1_at,Solyc07g055050,one_to_one_signature_target,11,Solyc07g055050
Les.4731.1.S1_at,,unmapped,0,
Les.4641.1.S1_at,,unmapped,0,
Les.460.1.A1_at,,unmapped,0,
Les.4618.1.S1_at,,unmapped,0,
Les.4644.1.S1_at,,unmapped,0,
Les.4718.1.S1_at,,unmapped,0,
Les.470.1.S1_at,,unmapped,0,
Les.4744.1.S1_at,,unmapped,0,
Les.470.2.A1_at,,unmapped,0,
Les.4747.1.S1_at,,unmapped,0,
Les.4657.1.S1_at,,unmapped,0,
Les.4593.1.S1_at,,unmapped,0,
Les.4683.1.S1_at,,unmapped,0,
Les.4596.1.S1_at,,unmapped,0,
Les.4686.1.S1_at,,unmapped,0,
Les.4612.1.S1_at,,unmapped,0,
Les.4712.1.S1_at,,unmapped,0,
Les.4699.1.S1_at,,unmapped,0,
Les.4715.1.S1_at,,unmapped,0,
Les.4625.1.S1_at,,unmapped,0,
Les.4741.1.S1_at,,unmapped,0,
Les.4651.1.S1_at,,unmapped,0,
Les.4628.1.S1_at,,unmapped,0,
Les.4654.1.S1_at,,unmapped,0,
Les.4590.1.S1_at,,unmapped,0,
Les.4680.1.S1_at,,unmapped,0,
Les.4683.1.A1_at,,unmapped,0,
Les.4667.1.S1_at,,unmapped,0,
Les.4693.1.S1_at,,unmapped,0,
Les.4696.1.S1_at,,unmapped,0,
Les.4622.1.S1_at,,unmapped,0,
Les.4609.1.S1_at,,unmapped,0,
Les.4725.1.S1_at,,unmapped,0,
Les.4635.1.S1_at,,unmapped,0,
Les.4751.1.S1_at,,unmapped,0,
Les.4628.1.A1_at,,unmapped,0,
Les.4661.1.S1_at,,unmapped,0,
Les.4728.1.S1_at,,unmapped,0,
Les.4638.1.S1_at,,unmapped,0,
Les.4664.1.S1_at,,unmapped,0,
Les.4690.1.S1_at,,unmapped,0,
Les.467.1.S1_at,,unmapped,0,
Les.467.2.A1_at,,unmapped,0,
Les.4677.1.S1_at,,unmapped,0,
Les.4603.1.S1_at,,unmapped,0,
Les.474.3.S1_at,,unmapped,0,
Les.4606.1.S1_at,,unmapped,0,
Les.4722.1.S1_at,,unmapped,0,
Les.4632.1.S1_at,,unmapped,0,
Les.4709.1.S1_at,,unmapped,0,
Les.461.1.S1_at,,unmapped,0,
Les.4619.1.S1_at,,unmapped,0,
Les.4735.1.S1_at,,unmapped,0,
Les.4645.1.S1_at,,unmapped,0,
Les.4671.1.S1_at,,unmapped,0,
Les.464.1.A1_at,,unmapped,0,
Les.4738.1.S1_at,,unmapped,0,
Les.4648.1.S1_at,,unmapped,0,
Les.474.1.S1_at,,unmapped,0,
Les.4674.1.S1_at,,unmapped,0,
Les.4600.1.S1_at,,unmapped,0,
Les.474.2.S1_at,,unmapped,0,
Les.4649.1.S1_s_at,,unmapped,0,
Les.4687.1.S1_at,,unmapped,0,
Les.4613.1.S1_at,,unmapped,0,
Les.4703.1.S1_at,,unmapped,0,
Les.4706.1.S1_at,,unmapped,0,
Les.4616.1.S1_at,,unmapped,0,
Les.4732.1.S1_at,,unmapped,0,
Les.4642.1.S1_at,,unmapped,0,
Les.4719.1.S1_at,,unmapped,0,
Les.471.1.S1_at,,unmapped,0,
Les.4745.1.S1_at,,unmapped,0,
Les.4655.1.S1_at,,unmapped,0,
Les.4681.1.S1_at,Solyc01g074030,one_to_one_signature_target,11,Solyc01g074030
Les.4748.1.S1_at,,unmapped,0,
Les.4658.1.S1_at,,unmapped,0,
Les.4594.1.S1_at,,unmapped,0,
Les.4684.1.S1_at,,unmapped,0,
Les.4700.1.S1_at,,unmapped,0,
Les.4610.1.S1_at,,unmapped,0,
Les.4597.1.S1_at,,unmapped,0,
Les.4717.1.S1_a_at,,unmapped,0,
Les.4713.1.S1_at,,unmapped,0,
Les.46.1.S1_at,,unmapped,0,
Les.4716.1.S1_at,,unmapped,0,
Les.4626.1.S1_at,,unmapped,0,
Les.4742.1.S1_at,,unmapped,0,
Les.4652.1.S1_at,,unmapped,0,
Les.4719.1.A1_at,,unmapped,0,
Les.471.1.A1_at,,unmapped,0,
Les.4629.1.S1_at,,unmapped,0,
Les.4729.1.S1_at,,unmapped,0,
Les.4591.1.S1_at,,unmapped,0,
Les.4691.1.S1_at,,unmapped,0,
Les.4668.1.S1_at,,unmapped,0,
Les.468.1.S1_at,,unmapped,0,
Les.4694.1.S1_at,,unmapped,0,
Les.4710.1.S1_at,,unmapped,0,
Les.4620.1.S1_at,,unmapped,0,
Les.468.2.S1_at,,unmapped,0,
Les.4697.1.S1_at,,unmapped,0,
Les.4623.1.S1_at,,unmapped,0,
Les.4723.1.S1_at,,unmapped,0,
Les.4726.1.S1_at,,unmapped,0,
Les.4636.1.S1_at,,unmapped,0,
Les.4662.1.S1_at,,unmapped,0,
Les.462.1.S1_at,,unmapped,0,
Les.4639.1.S1_at,,unmapped,0,
Les.465.1.S1_at,,unmapped,0,
Les.4665.1.S1_at,,unmapped,0,
Les.4678.1.S1_at,,unmapped,0,
Les.4604.1.S1_at,,unmapped,0,
Les.4720.1.S1_at,,unmapped,0,
Les.4630.1.S1_at,,unmapped,0,
Les.468.3.A1_at,,unmapped,0,
Les.4607.1.S1_at,,unmapped,0,
Les.4633.1.S1_at,,unmapped,0,
Les.4733.1.S1_at,,unmapped,0,
Les.4736.1.S1_at,,unmapped,0,
Les.4646.1.S1_at,,unmapped,0,
Les.4672.1.S1_at,,unmapped,0,
Les.4739.1.S1_at,,unmapped,0,
Les.4649.1.S1_at,,unmapped,0,
Les.4585.1.S1_at,,unmapped,0,
Les.4675.1.S1_at,,unmapped,0,
Les.4601.1.S1_at,,unmapped,0,
Les.4701.1.S1_at,,unmapped,0,
Les.473.1.S1_a_at,,unmapped,0,
Les.475.2.S1_at,,unmapped,0,
Les.4688.1.S1_at,,unmapped,0,
Les.4614.1.S1_at,,unmapped,0,
Les.4704.1.S1_at,,unmapped,0,
Les.4730.1.S1_at,,unmapped,0,
Les.4640.1.S1_at,,unmapped,0,
Les.47.1.S1_at,,unmapped,0,
Les.4707.1.S1_at,,unmapped,0,
Les.4617.1.S1_at,Solyc07g005390,one_to_one_signature_target,11,Solyc07g005390
Les.4643.1.S1_at,,unmapped,0,
Les.472.1.S1_at,,unmapped,0,
Les.4746.1.S1_at,,unmapped,0,
Les.4656.1.S1_at,,unmapped,0,
Les.4592.1.S1_at,,unmapped,0,
Les.4682.1.S1_at,,unmapped,0,
Les.475.1.A1_at,,unmapped,0,
Les.4749.1.S1_at,,unmapped,0,
Les.4659.1.S1_at,,unmapped,0,
Les.4595.1.S1_at,,unmapped,0,
Les.4685.1.S1_at,,unmapped,0,
Les.4611.1.S1_at,,unmapped,0,
Les.4598.1.S1_at,,unmapped,0,
Les.4698.1.S1_at,,unmapped,0,
Les.4714.1.S1_at,,unmapped,0,
Les.4624.1.S1_at,,unmapped,0,
Les.4740.1.S1_at,,unmapped,0,
Les.4650.1.S1_at,,unmapped,0,
Les.4627.1.S1_at,,unmapped,0,
Les.4743.1.S1_at,,unmapped,0,
Les.4653.1.S1_at,,unmapped,0,
Les.4666.1.S1_at,,unmapped,0,
Les.459.1.A1_at,,unmapped,0,
Les.4692.1.S1_at,,unmapped,0,
Les.463.3.S1_at,,unmapped,0,
Les.4669.1.S1_at,,unmapped,0,
Les.469.1.S1_at,,unmapped,0,
Les.4695.1.S1_at,,unmapped,0,
Les.4711.1.S1_at,,unmapped,0,
Les.4621.1.S1_at,,unmapped,0,
Les.469.2.S1_at,,unmapped,0,
Les.4724.1.S1_at,,unmapped,0,
Les.4634.1.S1_at,,unmapped,0,
Les.4750.1.S1_at,,unmapped,0,
Les.4660.1.S1_at,,unmapped,0,
Les.4727.1.S1_at,,unmapped,0,
Les.4637.1.S1_at,,unmapped,0,
Les.463.1.S1_at,,unmapped,0,
Les.4663.1.S1_at,,unmapped,0,
Les.463.2.S1_at,,unmapped,0,
Les.4766.1.S1_at,,unmapped,0,
Les.4856.1.S1_at,,unmapped,0,
Les.4882.1.S1_at,,unmapped,0,
Les.4792.1.S1_at,,unmapped,0,
Les.476.2.S1_at,,unmapped,0,
Les.4769.1.S1_at,,unmapped,0,
Les.4859.1.S1_at,,unmapped,0,
Les.479.1.S1_at,,unmapped,0,
Les.4795.1.S1_at,,unmapped,0,
Les.4911.1.S1_at,,unmapped,0,
Les.4888.1.A1_at,,unmapped,0,
Les.477.1.S1_a_at,,unmapped,0,
Les.4898.1.S1_at,,unmapped,0,
Les.4914.1.S1_at,,unmapped,0,
Les.4824.1.S1_at,,unmapped,0,
Les.4850.1.S1_at,,unmapped,0,
Les.4760.1.S1_at,,unmapped,0,
Les.4827.1.S1_at,,unmapped,0,
Les.4763.1.S1_at,,unmapped,0,
Les.476.1.S1_at,,unmapped,0,
Les.4776.1.S1_at,,unmapped,0,
Les.4866.1.S1_at,,unmapped,0,
Les.4892.1.S1_at,,unmapped,0,
Les.4779.1.S1_at,,unmapped,0,
Les.4869.1.S1_at,,unmapped,0,
Les.4895.1.S1_at,,unmapped,0,
Les.48.1.S1_at,,unmapped,0,
Les.4899.1.S1_a_at,,unmapped,0,
Les.4850.1.A1_at,,unmapped,0,
Les.4808.1.S1_at,Solyc05g026240,one_to_one_signature_target,10,Solyc05g026240
Les.4834.1.S1_at,,unmapped,0,
Les.4770.1.S1_at,,unmapped,0,
Les.4860.1.S1_at,,unmapped,0,
Les.4837.1.S1_at,,unmapped,0,
Les.4863.1.S1_at,,unmapped,0,
Les.483.1.S1_at,,unmapped,0,
Les.4773.1.S1_at,,unmapped,0,
Les.4866.1.A1_at,,unmapped,0,
Les.4876.1.S1_at,,unmapped,0,
Les.4786.1.S1_at,,unmapped,0,
Les.4802.1.S1_at,,unmapped,0,
Les.4821.1.A1_at,,unmapped,0,
Les.489.1.S1_at,,unmapped,0,
Les.4879.1.S1_at,,unmapped,0,
Les.4789.1.S1_at,,unmapped,0,
Les.4805.1.S1_at,,unmapped,0,
Les.4831.1.S1_at,,unmapped,0,
Les.4908.1.S1_at,,unmapped,0,
Les.480.1.S1_at,,unmapped,0,
Les.4754.1.S1_at,,unmapped,0,
Les.4844.1.S1_at,,unmapped,0,
Les.4870.1.S1_at,,unmapped,0,
Les.4780.1.S1_at,,unmapped,0,
Les.4757.1.S1_at,,unmapped,0,
Les.4847.1.S1_at,,unmapped,0,
Les.4873.1.S1_at,,unmapped,0,
Les.4783.1.S1_at,,unmapped,0,
Les.4857.2.S1_at,Solyc08g007240,one_to_one_signature_target,9,Solyc08g007240
Les.4886.1.S1_at,,unmapped,0,
Les.4902.1.S1_at,,unmapped,0,
Les.4812.1.S1_at,,unmapped,0,
Les.4889.1.S1_at,,unmapped,0,
Les.4799.1.S1_at,,unmapped,0,
Les.4905.1.S1_at,,unmapped,0,
Les.4815.1.S1_at,,unmapped,0,
Les.4841.1.S1_at,,unmapped,0,
Les.4818.1.A1_at,,unmapped,0,
Les.4918.1.S1_at,,unmapped,0,
Les.4828.1.S1_at,,unmapped,0,
Les.4854.1.S1_at,,unmapped,0,
Les.4880.1.S1_at,Solyc03g122350,one_to_one_signature_target,8,Solyc03g122350
Les.4790.1.S1_at,,unmapped,0,
Les.4767.1.S1_at,,unmapped,0,
Les.4883.1.S1_at,,unmapped,0,
Les.4793.1.S1_at,,unmapped,0,
Les.4902.1.A1_at,,unmapped,0,
Les.477.2.S1_at,,unmapped,0,
Les.4796.1.S1_at,,unmapped,0,
Les.4896.1.S1_at,,unmapped,0,
Les.4912.1.S1_at,,unmapped,0,
Les.4822.1.S1_at,,unmapped,0,
Les.4841.1.A1_at,,unmapped,0,
Les.4899.1.S1_at,,unmapped,0,
Les.4915.1.S1_at,,unmapped,0,
Les.4825.1.S1_at,,unmapped,0,
Les.4761.1.S1_at,,unmapped,0,
Les.4851.1.S1_at,,unmapped,0,
Les.490.1.A1_at,,unmapped,0,
Les.4764.1.S1_at,,unmapped,0,
Les.4838.1.S1_at,,unmapped,0,
Les.4864.1.S1_at,,unmapped,0,
Les.4890.1.S1_at,,unmapped,0,
Les.4857.1.S1_a_at,,unmapped,0,
Les.477.1.S1_at,,unmapped,0,
Les.4777.1.S1_at,,unmapped,0,
Les.4867.1.S1_at,,unmapped,0,
Les.4893.1.S1_at,,unmapped,0,
Les.477.3.A1_at,,unmapped,0,
Les.49.1.S1_at,,unmapped,0,
Les.4832.1.S1_at,,unmapped,0,
Les.4809.1.S1_at,,unmapped,0,
Les.4835.1.S1_at,,unmapped,0,
Les.4861.1.S1_at,,unmapped,0,
Les.4771.1.S1_at,,unmapped,0,
Les.4774.1.S1_at,,unmapped,0,
Les.4874.1.S1_at,,unmapped,0,
Les.4800.1.S1_at,,unmapped,0,
Les.4877.1.S1_at,,unmapped,0,
Les.4787.1.S1_at,,unmapped,0,
Les.4803.1.S1_at,,unmapped,0,
Les.4806.1.S1_at,,unmapped,0,
Les.4906.1.S1_at,,unmapped,0,
Les.4771.1.A1_at,,unmapped,0,
Les.4861.1.A1_at,,unmapped,0,
Les.4909.1.S1_at,,unmapped,0,
Les.4819.1.S1_at,,unmapped,0,
Les.4755.1.S1_at,,unmapped,0,
Les.4845.1.S1_at,,unmapped,0,
Les.4781.1.S1_at,,unmapped,0,
Les.4871.1.S1_at,,unmapped,0,
Les.4758.1.S1_at,,unmapped,0,
Les.4848.1.S1_at,,unmapped,0,
Les.4784.1.S1_at,,unmapped,0,
Les.487.1.A1_at,,unmapped,0,
Les.4900.1.S1_at,,unmapped,0,
Les.4887.1.S1_at,,unmapped,0,
Les.4797.1.S1_at,,unmapped,0,
Les.4903.1.S1_at,,unmapped,0,
Les.4813.1.S1_at,,unmapped,0,
Les.4816.1.S1_at,,unmapped,0,
Les.4752.1.S1_at,,unmapped,0,
Les.4842.1.S1_at,,unmapped,0,
Les.4916.1.S1_at,,unmapped,0,
Les.4909.1.A1_at,,unmapped,0,
Les.4820.1.S1_x_at,,unmapped,0,
Les.4919.1.S1_at,,unmapped,0,
Les.4829.1.S1_at,,unmapped,0,
Les.4765.1.S1_at,,unmapped,0,
Les.4855.1.S1_at,,unmapped,0,
Les.4881.1.S1_at,,unmapped,0,
Les.4791.1.S1_at,,unmapped,0,
Les.4768.1.S1_at,,unmapped,0,
Les.4858.1.S1_at,,unmapped,0,
Les.4884.1.S1_at,,unmapped,0,
Les.4794.1.S1_at,,unmapped,0,
Les.4810.1.S1_at,,unmapped,0,
Les.4910.1.S1_at,,unmapped,0,
Les.4897.1.S1_at,,unmapped,0,
Les.4913.1.S1_at,,unmapped,0,
Les.4823.1.S1_at,,unmapped,0,
Les.4826.1.S1_at,,unmapped,0,
Les.4762.1.S1_at,,unmapped,0,
Les.4852.1.S1_at,,unmapped,0,
Les.4865.1.S1_at,,unmapped,0,
Les.4891.1.S1_at,,unmapped,0,
Les.4778.1.S1_at,,unmapped,0,
Les.4868.1.S1_at,,unmapped,0,
Les.4894.1.S1_at,,unmapped,0,
Les.4913.1.A1_at,,unmapped,0,
Les.4807.1.S1_at,,unmapped,0,
Les.4833.1.S1_at,,unmapped,0,
Les.4818.1.S1_s_at,,unmapped,0,
Les.4836.1.S1_at,,unmapped,0,
Les.4772.1.S1_at,,unmapped,0,
Les.4862.1.S1_at,,unmapped,0,
Les.4839.1.A1_at,,unmapped,0,
Les.4775.1.S1_at,,unmapped,0,
Les.4849.1.S1_at,,unmapped,0,
Les.478.1.A1_at,,unmapped,0,
Les.4875.1.S1_at,,unmapped,0,
Les.4801.1.S1_at,,unmapped,0,
Les.4878.1.S1_at,,unmapped,0,
Les.4788.1.S1_at,,unmapped,0,
Les.4804.1.S1_at,,unmapped,0,
Les.4920.1.S1_at,,unmapped,0,
Les.4830.1.S1_at,,unmapped,0,
Les.4907.1.S1_at,,unmapped,0,
Les.4817.1.S1_at,,unmapped,0,
Les.4843.1.S1_at,,unmapped,0,
Les.4862.1.A1_at,,unmapped,0,
Les.482.1.S1_at,,unmapped,0,
Les.4756.1.S1_at,,unmapped,0,
Les.4846.1.S1_at,,unmapped,0,
Les.4872.1.S1_at,,unmapped,0,
Les.4782.1.S1_at,,unmapped,0,
Les.4759.1.S1_at,,unmapped,0,
Les.4785.1.S1_at,,unmapped,0,
Les.4885.1.S1_at,,unmapped,0,
Les.4901.1.S1_at,,unmapped,0,
Les.4811.1.S1_at,,unmapped,0,
Les.4888.1.S1_at,,unmapped,0,
Les.4798.1.S1_at,,unmapped,0,
Les.4904.1.S1_at,,unmapped,0,
Les.4814.1.S1_at,,unmapped,0,
Les.4840.1.S1_at,,unmapped,0,
Les.4907.1.A1_at,,unmapped,0,
Les.4843.1.A1_at,,unmapped,0,
Les.4753.1.S1_at,,unmapped,0,
Les.4917.1.S1_at,,unmapped,0,
Les.4853.1.S1_at,,unmapped,0,
Les.4946.1.S1_at,,unmapped,0,
Les.4972.1.S1_at,,unmapped,0,
Les.5047.1.S1_at,,unmapped,0,
Les.5073.1.S1_at,,unmapped,0,
Les.4959.1.S1_at,,unmapped,0,
Les.4985.1.S1_at,,unmapped,0,
Les.4930.1.A1_at,,unmapped,0,
Les.4988.1.S1_at,,unmapped,0,
Les.4940.1.S1_at,,unmapped,0,
Les.5015.1.S1_at,,unmapped,0,
Les.5041.1.S1_at,,unmapped,0,
Les.4927.1.S1_at,,unmapped,0,
Les.5018.1.S1_at,,unmapped,0,
Les.4953.1.S1_at,,unmapped,0,
Les.4946.1.A1_at,,unmapped,0,
Les.5080.1.S1_at,,unmapped,0,
Les.4956.1.S1_at,,unmapped,0,
Les.4982.1.S1_at,,unmapped,0,
Les.5057.1.S1_at,,unmapped,0,
Les.5083.1.S1_at,,unmapped,0,
Les.502.2.S1_at,,unmapped,0,
Les.4968.1.S1_s_at,,unmapped,0,
Les.505.1.S1_at,,unmapped,0,
Les.4969.1.S1_at,,unmapped,0,
Les.5086.1.S1_at,,unmapped,0,
Les.4995.1.S1_at,,unmapped,0,
Les.5012.1.S1_at,,unmapped,0,
Les.4921.1.S1_at,,unmapped,0,
Les.4998.1.S1_at,,unmapped,0,
Les.4924.1.S1_at,,unmapped,0,
Les.4950.1.S1_at,,unmapped,0,
Les.5025.1.S1_at,,unmapped,0,
Les.5051.1.S1_at,,unmapped,0,
Les.4927.1.A1_at,,unmapped,0,
Les.4937.1.S1_at,,unmapped,0,
Les.5028.1.S1_at,,unmapped,0,
Les.5054.1.S1_at,,unmapped,0,
Les.4963.1.S1_at,,unmapped,0,
Les.502.1.S1_at,,unmapped,0,
Les.4966.1.S1_at,,unmapped,0,
Les.4992.1.S1_at,,unmapped,0,
Les.5067.1.S1_at,,unmapped,0,
Les.502.3.A1_at,,unmapped,0,
Les.4931.1.S1_at,,unmapped,0,
Les.5022.1.S1_at,,unmapped,0,
Les.4934.1.S1_at,,unmapped,0,
Les.4960.1.S1_at,,unmapped,0,
Les.5009.1.S1_at,,unmapped,0,
Les.5035.1.S1_at,,unmapped,0,
Les.5061.1.S1_at,,unmapped,0,
Les.5028.1.A1_at,,unmapped,0,
Les.5038.1.S1_at,,unmapped,0,
Les.5064.1.S1_at,,unmapped,0,
Les.4973.1.S1_at,,unmapped,0,
Les.4976.1.S1_at,,unmapped,0,
Les.5077.1.S1_at,,unmapped,0,
Les.5003.1.S1_at,,unmapped,0,
Les.4979.1.S1_at,,unmapped,0,
Les.5056.1.S1_x_at,,unmapped,0,
Les.5006.1.S1_at,,unmapped,0,
Les.5032.1.S1_at,,unmapped,0,
Les.5056.1.S1_a_at,,unmapped,0,
Les.4944.1.S1_at,Solyc12g099430,one_to_one_signature_target,11,Solyc12g099430
Les.4970.1.S1_at,,unmapped,0,
Les.5019.1.S1_at,,unmapped,0,
Les.5045.1.S1_at,,unmapped,0,
Les.4947.1.S1_at,,unmapped,0,
Les.5048.1.S1_at,,unmapped,0,
Les.496.1.A1_at,,unmapped,0,
Les.5074.1.S1_at,,unmapped,0,
Les.5000.1.S1_at,,unmapped,0,
Les.499.1.A1_at,,unmapped,0,
Les.4986.1.S1_at,,unmapped,0,
Les.5087.1.S1_at,,unmapped,0,
Les.5013.1.S1_at,,unmapped,0,
Les.4989.1.S1_at,,unmapped,0,
Les.4941.1.S1_at,,unmapped,0,
Les.5016.1.S1_at,,unmapped,0,
Les.5042.1.S1_at,,unmapped,0,
Les.4928.1.S1_at,,unmapped,0,
Les.493.1.A1_at,,unmapped,0,
Les.4954.1.S1_at,,unmapped,0,
Les.4980.1.S1_at,,unmapped,0,
Les.5029.1.S1_at,,unmapped,0,
Les.4947.1.A1_at,,unmapped,0,
Les.5055.1.S1_at,,unmapped,0,
Les.5081.1.S1_at,,unmapped,0,
Les.4957.1.S1_at,Solyc09g007940,one_to_one_signature_target,11,Solyc09g007940
Les.4983.1.S1_at,,unmapped,0,
Les.5058.1.S1_at,,unmapped,0,
Les.5084.1.S1_at,,unmapped,0,
Les.5010.1.S1_at,,unmapped,0,
Les.4996.1.S1_at,,unmapped,0,
Les.4922.1.S1_at,,unmapped,0,
Les.5023.1.S1_at,,unmapped,0,
Les.4999.1.S1_at,,unmapped,0,
Les.4925.1.S1_at,,unmapped,0,
Les.4951.1.S1_at,,unmapped,0,
Les.5026.1.S1_at,,unmapped,0,
Les.5052.1.S1_at,,unmapped,0,
Les.4954.1.A1_at,,unmapped,0,
Les.4938.1.S1_at,,unmapped,0,
Les.4964.1.S1_at,,unmapped,0,
Les.4990.1.S1_at,,unmapped,0,
Les.501.1.A1_a_at,,unmapped,0,
Les.5065.1.S1_at,,unmapped,0,
Les.4967.1.S1_at,,unmapped,0,
Les.4993.1.S1_at,,unmapped,0,
Les.5068.1.S1_at,,unmapped,0,
Les.506.1.A1_at,,unmapped,0,
Les.5020.1.S1_at,,unmapped,0,
Les.4922.1.A1_at,,unmapped,0,
Les.4932.1.S1_at,,unmapped,0,
Les.4999.1.A1_at,,unmapped,0,
Les.4935.1.S1_at,,unmapped,0,
Les.4961.1.S1_at,,unmapped,0,
Les.5036.1.S1_at,,unmapped,0,
Les.5062.1.S1_at,,unmapped,0,
Les.5039.1.S1_at,,unmapped,0,
Les.4948.1.S1_at,,unmapped,0,
Les.503.1.A1_at,,unmapped,0,
Les.4974.1.S1_at,,unmapped,0,
Les.494.2.S1_at,,unmapped,0,
Les.497.1.S1_at,,unmapped,0,
Les.494.3.S1_at,,unmapped,0,
Les.5078.1.S1_at,,unmapped,0,
Les.5004.1.S1_at,,unmapped,0,
Les.5030.1.S1_at,,unmapped,0,
Les.5007.1.S1_at,,unmapped,0,
Les.4942.1.S1_at,,unmapped,0,
Les.5033.1.S1_at,,unmapped,0,
Les.500.2.A1_s_at,,unmapped,0,
Les.4945.1.S1_at,,unmapped,0,
Les.4971.1.S1_at,,unmapped,0,
Les.5046.1.S1_at,,unmapped,0,
Les.494.1.A1_at,,unmapped,0,
Les.50.1.S1_at,,unmapped,0,
Les.5072.1.S1_at,,unmapped,0,
Les.5049.1.S1_at,,unmapped,0,
Les.5075.1.S1_at,,unmapped,0,
Les.4984.1.S1_at,,unmapped,0,
Les.5001.1.S1_at,,unmapped,0,
Les.4987.1.S1_at,,unmapped,0,
Les.5088.1.S1_at,,unmapped,0,
Les.5014.1.S1_at,,unmapped,0,
Les.5040.1.S1_at,,unmapped,0,
Les.5017.1.S1_at,,unmapped,0,
Les.5043.1.S1_at,,unmapped,0,
Les.4952.1.S1_at,,unmapped,0,
Les.5071.1.S1_a_at,,unmapped,0,
Les.4929.1.S1_at,Solyc02g087840,one_to_one_signature_target,10,Solyc02g087840
Les.4955.1.S1_at,,unmapped,0,
Les.5.1.S1_a_at,,unmapped,0,
Les.4981.1.S1_at,,unmapped,0,
Les.5082.1.S1_at,,unmapped,0,
Les.4958.1.S1_at,,unmapped,0,
Les.5059.1.S1_at,,unmapped,0,
Les.5085.1.S1_at,,unmapped,0,
Les.5011.1.S1_at,,unmapped,0,
Les.507.1.S1_at,Solyc10g078740,one_to_one_signature_target,11,Solyc10g078740
Les.4997.1.S1_at,,unmapped,0,
Les.4923.1.S1_at,,unmapped,0,
Les.5024.1.S1_at,,unmapped,0,
Les.5050.1.S1_at,,unmapped,0,
Les.5017.1.A1_at,,unmapped,0,
Les.4926.1.S1_at,,unmapped,0,
Les.5027.1.S1_at,,unmapped,0,
Les.5053.1.S1_at,,unmapped,0,
Les.4939.1.S1_at,,unmapped,0,
Les.501.2.A1_at,,unmapped,0,
Les.4965.1.S1_at,,unmapped,0,
Les.4991.1.S1_at,,unmapped,0,
Les.5066.1.S1_at,,unmapped,0,
Les.504.1.A1_at,,unmapped,0,
Les.4994.1.S1_at,,unmapped,0,
Les.5069.1.S1_at,,unmapped,0,
Les.5021.1.S1_at,Solyc09g092430,one_to_one_signature_target,11,Solyc09g092430
Les.507.2.A1_at,Solyc10g078740,one_to_one_signature_target,11,Solyc10g078740
Les.4933.1.S1_at,,unmapped,0,
Les.5008.1.S1_at,,unmapped,0,
Les.5034.1.S1_at,,unmapped,0,
Les.5060.1.S1_at,,unmapped,0,
Les.4936.1.S1_at,,unmapped,0,
Les.4962.1.S1_at,,unmapped,0,
Les.5037.1.S1_at,,unmapped,0,
Les.5063.1.S1_at,,unmapped,0,
Les.4965.1.A1_at,,unmapped,0,
Les.495.1.S1_at,,unmapped,0,
Les.4949.1.S1_at,,unmapped,0,
Les.4975.1.S1_at,,unmapped,0,
Les.5076.1.S1_at,,unmapped,0,
Les.5002.1.S1_at,,unmapped,0,
Les.500.1.S1_s_at,,unmapped,0,
Les.4978.1.S1_at,,unmapped,0,
Les.5079.1.S1_at,,unmapped,0,
Les.5005.1.S1_at,,unmapped,0,
Les.5031.1.S1_at,,unmapped,0,
Les.4943.1.S1_at,,unmapped,0,
Les.5044.1.S1_at,,unmapped,0,
Les.5070.1.S1_at,,unmapped,0,
Les.5227.1.A1_at,,unmapped,0,
Les.51.1.S1_at,,unmapped,0,
Les.5137.1.S1_at,,unmapped,0,
Les.5163.1.S1_at,,unmapped,0,
Les.5192.1.A1_at,,unmapped,0,
Les.5176.1.S1_at,,unmapped,0,
Les.5102.1.S1_at,,unmapped,0,
Les.5089.1.S1_at,,unmapped,0,
Les.5179.1.S1_at,,unmapped,0,
Les.5105.1.S1_at,,unmapped,0,
Les.5131.1.S1_at,,unmapped,0,
Les.5118.1.S1_at,,unmapped,0,
Les.5208.1.S1_at,,unmapped,0,
Les.5234.1.S1_at,,unmapped,0,
Les.5144.1.S1_at,,unmapped,0,
Les.5170.1.S1_at,,unmapped,0,
Les.5237.1.S1_at,,unmapped,0,
Les.5147.1.S1_at,,unmapped,0,
Les.5173.1.S1_at,,unmapped,0,
Les.521.1.A1_at,,unmapped,0,
Les.5186.1.S1_at,,unmapped,0,
Les.5112.1.S1_at,Solyc03g013340,one_to_one_signature_target,9,Solyc03g013340
Les.5202.1.S1_at,,unmapped,0,
Les.5099.1.S1_at,,unmapped,0,
Les.5189.1.S1_at,,unmapped,0,
Les.5115.1.S1_at,,unmapped,0,
Les.5205.1.S1_at,,unmapped,0,
Les.5231.1.S1_at,,unmapped,0,
Les.5141.1.S1_at,,unmapped,0,
Les.5118.1.A1_at,,unmapped,0,
Les.5218.1.S1_at,,unmapped,0,
Les.5128.1.S1_at,,unmapped,0,
Les.5244.1.S1_at,,unmapped,0,
Les.5154.1.S1_at,,unmapped,0,
Les.5237.1.A1_at,,unmapped,0,
Les.5180.1.S1_at,,unmapped,0,
Les.5247.1.S1_at,,unmapped,0,
Les.5157.1.S1_at,,unmapped,0,
Les.5093.1.S1_at,,unmapped,0,
Les.5183.1.S1_at,,unmapped,0,
Les.5096.1.S1_at,,unmapped,0,
Les.5196.1.S1_at,,unmapped,0,
Les.5242.1.S1_a_at,,unmapped,0,
Les.5212.1.S1_at,,unmapped,0,
Les.5122.1.S1_at,,unmapped,0,
Les.5199.1.S1_at,,unmapped,0,
Les.5215.1.S1_at,,unmapped,0,
Les.5125.1.S1_at,,unmapped,0,
Les.5241.1.S1_at,,unmapped,0,
Les.5151.1.S1_at,,unmapped,0,
Les.5228.1.S1_at,,unmapped,0,
Les.5090.1.S1_at,,unmapped,0,
Les.52.1.S1_at,,unmapped,0,
Les.5254.1.S1_at,,unmapped,0,
Les.5164.1.S1_at,,unmapped,0,
Les.5190.1.S1_at,,unmapped,0,
Les.5167.1.S1_at,,unmapped,0,
Les.5193.1.S1_at,,unmapped,0,
Les.5222.1.S1_at,,unmapped,0,
Les.5109.1.S1_at,,unmapped,0,
Les.5225.1.S1_at,,unmapped,0,
Les.5135.1.S1_at,,unmapped,0,
Les.5251.1.S1_at,,unmapped,0,
Les.5161.1.S1_at,,unmapped,0,
Les.5228.1.A1_at,,unmapped,0,
Les.5164.1.A1_at,,unmapped,0,
Les.5138.1.S1_at,,unmapped,0,
Les.5238.1.S1_at,,unmapped,0,
Les.5167.1.A1_at,,unmapped,0,
Les.5193.1.A1_at,,unmapped,0,
Les.5177.1.S1_at,Solyc02g064830,one_to_one_signature_target,11,Solyc02g064830
Les.5103.1.S1_at,,unmapped,0,
Les.5106.1.S1_at,,unmapped,0,
Les.5132.1.S1_at,,unmapped,0,
Les.5206.1.S1_at,,unmapped,0,
Les.5232.1.S1_at,,unmapped,0,
Les.5119.1.S1_at,,unmapped,0,
Les.5209.1.S1_at,,unmapped,0,
Les.5235.1.S1_at,,unmapped,0,
Les.5145.1.S1_at,,unmapped,0,
Les.5171.1.S1_at,,unmapped,0,
Les.5148.1.S1_at,,unmapped,0,
Les.5174.1.S1_at,,unmapped,0,
Les.5100.1.S1_at,,unmapped,0,
Les.5200.1.S1_at,,unmapped,0,
Les.5187.1.S1_at,,unmapped,0,
Les.5113.1.S1_at,,unmapped,0,
Les.5203.1.S1_at,,unmapped,0,
Les.5116.1.S1_at,,unmapped,0,
Les.5142.1.S1_at,,unmapped,0,
Les.5219.1.S1_at,,unmapped,0,
Les.5129.1.S1_at,,unmapped,0,
Les.5245.1.S1_at,Solyc08g066360,one_to_one_signature_target,9,Solyc08g066360
Les.5155.1.S1_at,,unmapped,0,
Les.5091.1.S1_at,,unmapped,0,
Les.5181.1.S1_at,,unmapped,0,
Les.5248.1.S1_at,,unmapped,0,
Les.5158.1.S1_at,,unmapped,0,
Les.5094.1.S1_at,,unmapped,0,
Les.5184.1.S1_at,,unmapped,0,
Les.510.3.S1_at,,unmapped,0,
Les.5110.1.S1_at,,unmapped,0,
Les.5197.1.S1_at,,unmapped,0,
Les.5213.1.S1_at,,unmapped,0,
Les.5123.1.S1_at,,unmapped,0,
Les.5216.1.S1_at,,unmapped,0,
Les.5126.1.S1_at,,unmapped,0,
Les.5152.1.S1_at,,unmapped,0,
Les.5245.1.A1_at,Solyc08g066360,one_to_one_signature_target,11,Solyc08g066360
Les.5091.1.A1_at,,unmapped,0,
Les.5229.1.S1_at,,unmapped,0,
Les.5139.1.S1_at,,unmapped,0,
Les.5255.1.S1_at,,unmapped,0,
Les.52.1.S1_s_at,,unmapped,0,
Les.5165.1.S1_at,,unmapped,0,
Les.5191.1.S1_at,,unmapped,0,
Les.5184.1.A1_at,,unmapped,0,
Les.510.2.S1_at,,unmapped,0,
Les.513.1.S1_at,,unmapped,0,
Les.5230.1.S1_s_at,,unmapped,0,
Les.5168.1.S1_at,,unmapped,0,
Les.516.1.A1_at,,unmapped,0,
Les.5194.1.S1_at,,unmapped,0,
Les.5210.1.S1_at,,unmapped,0,
Les.5120.1.S1_at,,unmapped,0,
Les.519.1.A1_at,,unmapped,0,
Les.5107.1.S1_at,,unmapped,0,
Les.5223.1.S1_at,,unmapped,0,
Les.5133.1.S1_at,,unmapped,0,
Les.5216.1.A1_at,,unmapped,0,
Les.5226.1.S1_at,,unmapped,0,
Les.5136.1.S1_at,,unmapped,0,
Les.5252.1.S1_at,,unmapped,0,
Les.5162.1.S1_at,,unmapped,0,
Les.510.1.A1_at,,unmapped,0,
Les.5239.1.S1_at,,unmapped,0,
Les.5175.1.S1_at,,unmapped,0,
Les.5101.1.S1_at,,unmapped,0,
Les.5194.1.A1_at,,unmapped,0,
Les.5178.1.S1_at,,unmapped,0,
Les.5104.1.S1_at,,unmapped,0,
Les.5220.1.S1_at,,unmapped,0,
Les.5130.1.S1_at,,unmapped,0,
Les.5207.1.S1_at,,unmapped,0,
Les.5233.1.S1_at,,unmapped,0,
Les.5143.1.S1_at,,unmapped,0,
Les.5252.1.A1_at,,unmapped,0,
Les.5236.1.S1_at,,unmapped,0,
Les.5146.1.S1_at,,unmapped,0,
Les.5172.1.S1_at,,unmapped,0,
Les.5175.1.A1_at,,unmapped,0,
Les.5249.1.S1_at,,unmapped,0,
Les.5201.1.S1_at,,unmapped,0,
Les.5254.1.S1_a_at,,unmapped,0,
Les.5098.1.S1_at,,unmapped,0,
Les.5188.1.S1_at,,unmapped,0,
Les.5114.1.S1_at,,unmapped,0,
Les.5204.1.S1_at,,unmapped,0,
Les.5230.1.S1_at,,unmapped,0,
Les.5140.1.S1_at,,unmapped,0,
Les.5117.1.S1_at,,unmapped,0,
Les.5217.1.S1_at,,unmapped,0,
Les.5243.1.S1_at,,unmapped,0,
Les.5246.1.S1_at,,unmapped,0,
Les.5156.1.S1_at,,unmapped,0,
Les.5182.1.S1_at,,unmapped,0,
Les.5149.1.A1_at,,unmapped,0,
Les.5092.1.S1_at,,unmapped,0,
Les.5249.1.A1_at,,unmapped,0,
Les.5159.1.S1_at,,unmapped,0,
Les.5095.1.S1_at,,unmapped,0,
Les.5185.1.S1_at,,unmapped,0,
Les.5111.1.S1_at,,unmapped,0,
Les.5211.1.S1_at,,unmapped,0,
Les.5188.1.A1_at,,unmapped,0,
Les.5198.1.S1_at,,unmapped,0,
Les.5214.1.S1_at,,unmapped,0,
Les.5124.1.S1_at,,unmapped,0,
Les.5240.1.S1_at,,unmapped,0,
Les.5117.1.A1_at,,unmapped,0,
Les.5150.1.S1_at,,unmapped,0,
Les.5127.1.S1_at,,unmapped,0,
Les.5153.1.S1_at,,unmapped,0,
Les.5227.1.S1_at,,unmapped,0,
Les.5253.1.S1_at,,unmapped,0,
Les.5256.1.S1_at,,unmapped,0,
Les.5166.1.S1_at,,unmapped,0,
Les.5192.1.S1_at,,unmapped,0,
Les.514.1.S1_at,,unmapped,0,
Les.5169.1.S1_at,,unmapped,0,
Les.5195.1.S1_at,,unmapped,0,
Les.5121.1.S1_at,,unmapped,0,
Les.5221.1.S1_at,,unmapped,0,
Les.5198.1.A1_at,,unmapped,0,
Les.5214.1.A1_at,,unmapped,0,
Les.5108.1.S1_at,,unmapped,0,
Les.5224.1.S1_at,,unmapped,0,
Les.5134.1.S1_at,,unmapped,0,
Les.5250.1.S1_at,,unmapped,0,
Les.5160.1.S1_at,,unmapped,0,
Les.5417.1.S1_at,,unmapped,0,
Les.5327.1.S1_at,,unmapped,0,
Les.5263.1.S1_at,,unmapped,0,
Les.5353.1.S1_at,,unmapped,0,
Les.5266.1.S1_at,,unmapped,0,
Les.5356.1.S1_at,,unmapped,0,
Les.5382.1.S1_at,,unmapped,0,
Les.5292.1.S1_at,,unmapped,0,
Les.5269.1.S1_at,,unmapped,0,
Les.527.1.A1_at,,unmapped,0,
Les.5369.1.S1_at,,unmapped,0,
Les.5395.1.S1_at,,unmapped,0,
Les.5411.1.S1_at,,unmapped,0,
Les.5388.1.A1_at,,unmapped,0,
Les.5298.1.A1_at,,unmapped,0,
Les.5321.1.S1_at,,unmapped,0,
Les.5398.1.S1_at,,unmapped,0,
Les.5414.1.S1_at,,unmapped,0,
Les.5324.1.S1_at,,unmapped,0,
Les.5260.1.S1_at,,unmapped,0,
Les.5350.1.S1_at,,unmapped,0,
Les.5427.1.S1_at,,unmapped,0,
Les.5337.1.S1_at,,unmapped,0,
Les.5363.1.S1_at,,unmapped,0,
Les.5276.1.S1_at,,unmapped,0,
Les.5366.1.S1_at,,unmapped,0,
Les.5392.1.S1_at,,unmapped,0,
Les.5321.1.A1_at,,unmapped,0,
Les.537.1.A1_at,,unmapped,0,
Les.5279.1.S1_at,,unmapped,0,
Les.5379.1.S1_at,,unmapped,0,
Les.5305.1.S1_at,,unmapped,0,
Les.5421.1.S1_at,,unmapped,0,
Les.5331.1.S1_at,,unmapped,0,
Les.5350.1.A1_at,,unmapped,0,
Les.5308.1.S1_at,,unmapped,0,
Les.5424.1.S1_at,,unmapped,0,
Les.5334.1.S1_at,,unmapped,0,
Les.5270.1.S1_at,,unmapped,0,
Les.5360.1.S1_at,,unmapped,0,
Les.5273.1.S1_at,,unmapped,0,
Les.5373.1.S1_at,,unmapped,0,
Les.5286.1.S1_at,,unmapped,0,
Les.5376.1.S1_at,,unmapped,0,
Les.5302.1.S1_at,,unmapped,0,
Les.5305.1.A1_at,,unmapped,0,
Les.5271.1.S1_s_at,,unmapped,0,
Les.5289.1.S1_at,,unmapped,0,
Les.5405.1.S1_at,,unmapped,0,
Les.5341.1.S1_at,,unmapped,0,
Les.5360.1.A1_at,,unmapped,0,
Les.5408.1.S1_at,,unmapped,0,
Les.5318.1.S1_at,,unmapped,0,
Les.5344.1.S1_at,,unmapped,0,
Les.5280.1.S1_at,,unmapped,0,
Les.5370.1.S1_at,,unmapped,0,
Les.5273.1.A1_at,,unmapped,0,
Les.5347.1.S1_at,,unmapped,0,
Les.5257.1.S1_at,,unmapped,0,
Les.5283.1.S1_at,,unmapped,0,
Les.5376.1.A1_at,,unmapped,0,
Les.5386.1.S1_at,,unmapped,0,
Les.5296.1.S1_at,,unmapped,0,
Les.5402.1.S1_at,,unmapped,0,
Les.5312.1.S1_at,,unmapped,0,
Les.5389.1.S1_at,,unmapped,0,
Les.5299.1.S1_at,,unmapped,0,
Les.5315.1.S1_at,,unmapped,0,
Les.5415.1.S1_at,,unmapped,0,
Les.5418.1.S1_at,,unmapped,0,
Les.5328.1.S1_at,,unmapped,0,
Les.5264.1.S1_at,,unmapped,0,
Les.5354.1.S1_at,,unmapped,0,
Les.5380.1.S1_at,,unmapped,0,
Les.5290.1.S1_at,,unmapped,0,
Les.5267.1.S1_at,,unmapped,0,
Les.5357.1.S1_at,,unmapped,0,
Les.5383.1.S1_at,,unmapped,0,
Les.5293.1.S1_at,,unmapped,0,
Les.5396.1.S1_at,,unmapped,0,
Les.5412.1.S1_at,,unmapped,0,
Les.5322.1.S1_at,,unmapped,0,
Les.538.1.S1_at,,unmapped,0,
Les.5399.1.S1_at,,unmapped,0,
Les.538.2.S1_at,,unmapped,0,
Les.5325.1.S1_at,,unmapped,0,
Les.5261.1.S1_at,,unmapped,0,
Les.5351.1.S1_at,,unmapped,0,
Les.5428.1.S1_at,,unmapped,0,
Les.5338.1.S1_at,,unmapped,0,
Les.5274.1.S1_at,,unmapped,0,
Les.5364.1.S1_at,,unmapped,0,
Les.5390.1.S1_at,,unmapped,0,
Les.5277.1.S1_at,,unmapped,0,
Les.5367.1.S1_at,,unmapped,0,
Les.5393.1.S1_at,,unmapped,0,
Les.5412.1.A1_at,,unmapped,0,
Les.5306.1.S1_at,,unmapped,0,
Les.5422.1.S1_at,,unmapped,0,
Les.5332.1.S1_at,,unmapped,0,
Les.5351.1.A1_at,,unmapped,0,
Les.5425.1.A1_at,,unmapped,0,
Les.5309.1.S1_at,,unmapped,0,
Les.5335.1.S1_at,,unmapped,0,
Les.5361.1.S1_at,,unmapped,0,
Les.5364.1.A1_at,,unmapped,0,
Les.5348.1.S1_at,,unmapped,0,
Les.5374.1.S1_at,,unmapped,0,
Les.5300.1.S1_at,,unmapped,0,
Les.5393.1.A1_at,,unmapped,0,
Les.5287.1.S1_at,,unmapped,0,
Les.5377.1.S1_at,,unmapped,0,
Les.5303.1.S1_at,,unmapped,0,
Les.5406.1.S1_at,,unmapped,0,
Les.5316.1.S1_at,,unmapped,0,
Les.5342.1.S1_at,,unmapped,0,
Les.5271.1.A1_at,,unmapped,0,
Les.5409.1.S1_at,,unmapped,0,
Les.53.1.S1_at,,unmapped,0,
Les.5319.1.S1_at,,unmapped,0,
Les.5345.1.S1_at,,unmapped,0,
Les.5281.1.S1_at,,unmapped,0,
Les.5371.1.S1_at,,unmapped,0,
Les.5374.1.A1_at,,unmapped,0,
Les.5258.1.S1_at,,unmapped,0,
Les.542.1.A1_at,,unmapped,0,
Les.5284.1.S1_at,,unmapped,0,
Les.5358.1.S1_at,,unmapped,0,
Les.5384.1.S1_at,,unmapped,0,
Les.5400.1.S1_at,,unmapped,0,
Les.5310.1.S1_at,,unmapped,0,
Les.5387.1.S1_at,,unmapped,0,
Les.5297.1.S1_at,,unmapped,0,
Les.5403.1.S1_at,,unmapped,0,
Les.5313.1.S1_at,,unmapped,0,
Les.5416.1.S1_at,,unmapped,0,
Les.5326.1.S1_at,,unmapped,0,
Les.5352.1.S1_at,,unmapped,0,
Les.5419.1.S1_at,,unmapped,0,
Les.5329.1.S1_at,,unmapped,0,
Les.5265.1.S1_at,,unmapped,0,
Les.5355.1.S1_at,,unmapped,0,
Les.5381.1.S1_at,,unmapped,0,
Les.5291.1.S1_at,,unmapped,0,
Les.526.1.A1_at,,unmapped,0,
Les.5268.1.S1_at,,unmapped,0,
Les.5294.1.S1_at,,unmapped,0,
Les.5394.1.S1_at,,unmapped,0,
Les.5410.1.S1_at,,unmapped,0,
Les.5320.1.S1_at,,unmapped,0,
Les.5397.1.S1_at,,unmapped,0,
Les.5413.1.S1_at,,unmapped,0,
Les.5323.1.S1_at,,unmapped,0,
Les.5262.1.S1_at,,unmapped,0,
Les.5426.1.S1_at,,unmapped,0,
Les.5362.1.S1_at,,unmapped,0,
Les.5429.1.S1_at,,unmapped,0,
Les.5339.1.S1_at,,unmapped,0,
Les.5275.1.S1_at,,unmapped,0,
Les.5365.1.S1_at,,unmapped,0,
Les.5391.1.S1_at,,unmapped,0,
Les.5294.1.A1_at,,unmapped,0,
Les.5278.1.S1_at,,unmapped,0,
Les.5368.1.S1_at,,unmapped,0,
Les.536.1.A1_at,,unmapped,0,
Les.5420.1.S1_at,,unmapped,0,
Les.5307.1.S1_at,,unmapped,0,
Les.5423.1.S1_at,,unmapped,0,
Les.5333.1.S1_at,,unmapped,0,
Les.5262.1.A1_at,,unmapped,0,
Les.5336.1.S1_at,,unmapped,0,
Les.5272.1.S1_at,,unmapped,0,
Les.5259.1.S1_at,,unmapped,0,
Les.5349.1.S1_at,,unmapped,0,
Les.5285.1.S1_at,,unmapped,0,
Les.5375.1.S1_at,,unmapped,0,
Les.5301.1.S1_at,,unmapped,0,
Les.5288.1.S1_at,,unmapped,0,
Les.5378.1.S1_at,,unmapped,0,
Les.5304.1.S1_at,,unmapped,0,
Les.5330.1.S1_at,,unmapped,0,
Les.5404.1.S1_at,,unmapped,0,
Les.5430.1.S1_at,,unmapped,0,
Les.5407.1.S1_at,,unmapped,0,
Les.5317.1.S1_at,,unmapped,0,
Les.5343.1.S1_at,,unmapped,0,
Les.54.1.S1_at,,unmapped,0,
Les.5346.1.S1_at,,unmapped,0,
Les.5282.1.S1_at,,unmapped,0,
Les.5372.1.S1_at,,unmapped,0,
Les.5259.1.A1_at,,unmapped,0,
Les.5359.1.S1_at,,unmapped,0,
Les.5385.1.S1_at,,unmapped,0,
Les.5295.1.S1_at,,unmapped,0,
Les.5401.1.S1_at,,unmapped,0,
Les.5311.1.S1_at,,unmapped,0,
Les.5388.1.S1_at,,unmapped,0,
Les.5298.1.S1_at,,unmapped,0,
Les.5314.1.S1_at,,unmapped,0,
Les.5340.1.S1_at,,unmapped,0,
Les.5504.1.S1_at,,unmapped,0,
Les.5440.1.S1_at,,unmapped,0,
Les.5530.1.S1_at,,unmapped,0,
Les.559.1.A1_at,,unmapped,0,
Les.5507.1.S1_at,,unmapped,0,
Les.5443.1.S1_at,,unmapped,0,
Les.5533.1.S1_at,,unmapped,0,
Les.5536.1.A1_at,,unmapped,0,
Les.5546.1.S1_at,,unmapped,0,
Les.5572.1.S1_at,,unmapped,0,
Les.5482.1.S1_at,,unmapped,0,
Les.550.1.S1_at,,unmapped,0,
Les.5459.1.S1_at,,unmapped,0,
Les.5549.1.S1_at,,unmapped,0,
Les.5575.1.S1_at,,unmapped,0,
Les.5485.1.S1_at,,unmapped,0,
Les.5501.1.S1_at,,unmapped,0,
Les.556.1.A1_at,,unmapped,0,
Les.5488.1.S1_at,,unmapped,0,
Les.5588.1.S1_at,,unmapped,0,
Les.5604.1.S1_at,,unmapped,0,
Les.5514.1.S1_at,,unmapped,0,
Les.5540.1.S1_at,,unmapped,0,
Les.5517.1.S1_at,,unmapped,0,
Les.5453.1.S1_at,,unmapped,0,
Les.5543.1.S1_at,,unmapped,0,
Les.550.1.A1_at,,unmapped,0,
Les.5456.1.S1_at,,unmapped,0,
Les.5556.1.S1_at,,unmapped,0,
Les.5582.1.S1_at,,unmapped,0,
Les.5559.1.S1_at,,unmapped,0,
Les.5469.1.S1_at,,unmapped,0,
Les.5585.1.S1_at,,unmapped,0,
Les.5495.1.S1_at,,unmapped,0,
Les.5601.1.S1_at,,unmapped,0,
Les.5511.1.S1_at,,unmapped,0,
Les.547.1.S1_at,,unmapped,0,
Les.5498.1.S1_at,,unmapped,0,
Les.5598.1.S1_at,,unmapped,0,
Les.5450.1.S1_at,,unmapped,0,
Les.5524.1.S1_at,,unmapped,0,
Les.5550.1.S1_at,,unmapped,0,
Les.5437.1.S1_at,,unmapped,0,
Les.5527.1.S1_at,,unmapped,0,
Les.5463.1.S1_at,,unmapped,0,
Les.5553.1.S1_at,,unmapped,0,
Les.5482.1.A1_at,,unmapped,0,
Les.5466.1.S1_at,,unmapped,0,
Les.5492.1.S1_at,,unmapped,0,
Les.5592.1.S1_at,,unmapped,0,
Les.5511.1.A1_at,,unmapped,0,
Les.5479.1.S1_at,Solyc07g065540,one_to_one_signature_target,11,Solyc07g065540
Les.5595.1.S1_at,,unmapped,0,
Les.5431.1.S1_at,,unmapped,0,
Les.5521.1.S1_at,,unmapped,0,
Les.557.1.S1_at,,unmapped,0,
Les.5434.1.S1_at,,unmapped,0,
Les.5460.1.S1_at,,unmapped,0,
Les.5560.1.S1_at,,unmapped,0,
Les.5447.1.S1_at,,unmapped,0,
Les.5537.1.S1_at,,unmapped,0,
Les.5563.1.S1_at,,unmapped,0,
Les.5473.1.S1_at,,unmapped,0,
Les.544.1.A1_at,,unmapped,0,
Les.5566.1.S1_at,,unmapped,0,
Les.5476.1.S1_at,,unmapped,0,
Les.5521.1.A1_at,,unmapped,0,
Les.5579.1.S1_at,,unmapped,0,
Les.5489.1.S1_at,,unmapped,0,
Les.5505.1.S1_at,,unmapped,0,
Les.5441.1.S1_at,,unmapped,0,
Les.5531.1.S1_at,,unmapped,0,
Les.5508.1.S1_at,,unmapped,0,
Les.5444.1.S1_at,,unmapped,0,
Les.5534.1.S1_at,,unmapped,0,
Les.5470.1.S1_at,,unmapped,0,
Les.5447.1.A1_at,,unmapped,0,
Les.551.1.A1_at,,unmapped,0,
Les.5457.1.S1_at,,unmapped,0,
Les.5547.1.S1_at,,unmapped,0,
Les.5573.1.S1_at,,unmapped,0,
Les.5483.1.S1_at,,unmapped,0,
Les.5576.1.S1_at,,unmapped,0,
Les.5486.1.S1_at,,unmapped,0,
Les.5502.1.S1_at,,unmapped,0,
Les.5602.1.S1_at,,unmapped,0,
Les.5589.1.S1_at,,unmapped,0,
Les.5499.1.S1_at,,unmapped,0,
Les.5515.1.S1_at,,unmapped,0,
Les.5451.1.S1_at,,unmapped,0,
Les.5541.1.S1_at,,unmapped,0,
Les.5518.1.S1_at,,unmapped,0,
Les.5454.1.S1_at,,unmapped,0,
Les.5544.1.S1_at,,unmapped,0,
Les.5570.1.S1_at,,unmapped,0,
Les.5480.1.S1_at,,unmapped,0,
Les.5569.1.S1_a_at,,unmapped,0,
Les.5557.1.S1_at,,unmapped,0,
Les.5583.1.S1_at,,unmapped,0,
Les.5493.1.S1_at,,unmapped,0,
Les.5576.1.A1_at,,unmapped,0,
Les.5586.1.S1_at,,unmapped,0,
Les.5496.1.S1_at,,unmapped,0,
Les.5512.1.S1_at,,unmapped,0,
Les.548.1.S1_at,,unmapped,0,
Les.5525.1.S1_at,,unmapped,0,
Les.5461.1.S1_at,,unmapped,0,
Les.5551.1.S1_at,,unmapped,0,
Les.5518.1.A1_at,,unmapped,0,
Les.5438.1.S1_at,,unmapped,0,
Les.5528.1.S1_at,,unmapped,0,
Les.5554.1.S1_at,,unmapped,0,
Les.5580.1.S1_at,,unmapped,0,
Les.5490.1.S1_at,,unmapped,0,
Les.5467.1.S1_at,,unmapped,0,
Les.5567.1.S1_at,,unmapped,0,
Les.5593.1.S1_at,,unmapped,0,
Les.5596.1.S1_at,,unmapped,0,
Les.5432.1.S1_at,,unmapped,0,
Les.5522.1.S1_at,,unmapped,0,
Les.5599.1.A1_at,,unmapped,0,
Les.5461.1.A1_at,,unmapped,0,
Les.5435.1.S1_at,,unmapped,0,
Les.5509.1.S1_at,,unmapped,0,
Les.5535.1.S1_at,,unmapped,0,
Les.5561.1.S1_at,,unmapped,0,
Les.5554.1.A1_at,,unmapped,0,
Les.5490.1.A1_at,,unmapped,0,
Les.56.1.S1_at,,unmapped,0,
Les.5448.1.S1_at,,unmapped,0,
Les.5538.1.S1_at,,unmapped,0,
Les.5564.1.S1_at,,unmapped,0,
Les.5474.1.S1_at,,unmapped,0,
Les.5590.1.S1_at,,unmapped,0,
Les.5477.1.S1_at,,unmapped,0,
Les.5577.1.S1_at,,unmapped,0,
Les.558.1.A1_at,,unmapped,0,
Les.5503.1.S1_a_at,,unmapped,0,
Les.5506.1.S1_at,Solyc10g085830,one_to_one_signature_target,11,Solyc10g085830
Les.5442.1.S1_at,,unmapped,0,
Les.5532.1.S1_at,,unmapped,0,
Les.5445.1.S1_at,,unmapped,0,
Les.5471.1.S1_at,,unmapped,0,
Les.5545.1.S1_at,,unmapped,0,
Les.5571.1.S1_at,,unmapped,0,
Les.552.1.A1_at,,unmapped,0,
Les.5458.1.S1_at,,unmapped,0,
Les.5548.1.S1_at,,unmapped,0,
Les.5574.1.S1_at,,unmapped,0,
Les.5484.1.S1_at,,unmapped,0,
Les.5477.1.A1_at,,unmapped,0,
Les.5500.1.S1_at,,unmapped,0,
Les.555.1.A1_at,,unmapped,0,
Les.5487.1.S1_at,,unmapped,0,
Les.5603.1.S1_at,,unmapped,0,
Les.5516.1.S1_at,,unmapped,0,
Les.5452.1.S1_at,,unmapped,0,
Les.5542.1.S1_at,,unmapped,0,
Les.5519.1.S1_at,,unmapped,0,
Les.5455.1.S1_at,,unmapped,0,
Les.5481.1.S1_at,,unmapped,0,
Les.5581.1.S1_at,,unmapped,0,
Les.5558.1.S1_at,,unmapped,0,
Les.5468.1.S1_at,,unmapped,0,
Les.5584.1.S1_at,,unmapped,0,
Les.5494.1.S1_at,,unmapped,0,
Les.5600.1.S1_at,,unmapped,0,
Les.5510.1.S1_at,,unmapped,0,
Les.5587.1.S1_at,,unmapped,0,
Les.5497.1.S1_at,,unmapped,0,
Les.5513.1.S1_at,,unmapped,0,
Les.5436.1.S1_at,,unmapped,0,
Les.5526.1.S1_at,,unmapped,0,
Les.5552.1.S1_at,,unmapped,0,
Les.5462.1.S1_at,,unmapped,0,
Les.5481.1.A1_at,,unmapped,0,
Les.5439.1.S1_at,,unmapped,0,
Les.5529.1.S1_at,,unmapped,0,
Les.5555.1.S1_at,,unmapped,0,
Les.5465.1.S1_at,,unmapped,0,
Les.5491.1.S1_at,,unmapped,0,
Les.5468.1.A1_at,,unmapped,0,
Les.546.1.A1_at,,unmapped,0,
Les.5568.1.S1_at,,unmapped,0,
Les.5478.1.S1_at,,unmapped,0,
Les.5594.1.S1_at,,unmapped,0,
Les.5520.1.S1_at,,unmapped,0,
Les.5597.1.S1_at,,unmapped,0,
Les.5433.1.S1_at,,unmapped,0,
Les.5523.1.S1_at,,unmapped,0,
Les.5446.1.S1_at,,unmapped,0,
Les.5536.1.S1_at,,unmapped,0,
Les.5562.1.S1_at,,unmapped,0,
Les.5472.1.S1_at,,unmapped,0,
Les.5449.1.S1_at,,unmapped,0,
Les.5539.1.S1_at,,unmapped,0,
Les.5565.1.S1_at,,unmapped,0,
Les.5475.1.S1_at,,unmapped,0,
Les.5591.1.S1_at,,unmapped,0,
Les.5578.1.S1_at,,unmapped,0,
Les.5694.1.S1_at,,unmapped,0,
Les.5620.1.S1_at,,unmapped,0,
Les.5710.1.S1_at,,unmapped,0,
Les.5623.1.A1_at,,unmapped,0,
Les.5723.1.S1_at,,unmapped,0,
Les.569.2.S1_at,,unmapped,0,
Les.5726.1.S1_at,,unmapped,0,
Les.5636.1.S1_at,,unmapped,0,
Les.5752.1.S1_at,,unmapped,0,
Les.5662.1.S1_at,,unmapped,0,
Les.5639.1.S1_at,,unmapped,0,
Les.5665.1.S1_at,,unmapped,0,
Les.5739.1.S1_at,,unmapped,0,
Les.5765.1.S1_at,,unmapped,0,
Les.57.1.S1_a_at,,unmapped,0,
Les.5768.1.S1_at,,unmapped,0,
Les.5678.1.S1_at,,unmapped,0,
Les.5630.1.S1_at,,unmapped,0,
Les.5720.1.S1_at,,unmapped,0,
Les.569.1.A1_at,,unmapped,0,
Les.5607.1.S1_at,,unmapped,0,
Les.5633.1.S1_at,,unmapped,0,
Les.5707.1.S1_at,,unmapped,0,
Les.5733.1.S1_at,,unmapped,0,
Les.5736.1.S1_at,,unmapped,0,
Les.5646.1.S1_at,,unmapped,0,
Les.5762.1.S1_at,,unmapped,0,
Les.5672.1.S1_at,,unmapped,0,
Les.5649.1.S1_at,,unmapped,0,
Les.5675.1.S1_at,,unmapped,0,
Les.5701.1.S1_at,,unmapped,0,
Les.566.1.A1_at,,unmapped,0,
Les.5688.1.S1_at,,unmapped,0,
Les.5704.1.S1_at,,unmapped,0,
Les.5614.1.S1_at,,unmapped,0,
Les.5730.1.S1_at,,unmapped,0,
Les.5640.1.S1_at,,unmapped,0,
Les.5617.1.S1_at,,unmapped,0,
Les.5643.1.S1_at,,unmapped,0,
Les.5743.1.S1_at,,unmapped,0,
Les.5746.1.S1_at,,unmapped,0,
Les.5656.1.S1_at,,unmapped,0,
Les.5772.1.S1_at,,unmapped,0,
Les.5682.1.S1_at,Solyc02g078570,one_to_one_signature_target,11,Solyc02g078570
Les.5649.1.A1_at,,unmapped,0,
Les.570.1.S1_at,,unmapped,0,
Les.570.2.A1_at,,unmapped,0,
Les.5701.1.A1_at,,unmapped,0,
Les.573.1.A1_at,,unmapped,0,
Les.5749.1.S1_at,,unmapped,0,
Les.5659.1.S1_at,,unmapped,0,
Les.5685.1.S1_at,,unmapped,0,
Les.5611.1.S1_at,,unmapped,0,
Les.576.1.A1_at,,unmapped,0,
Les.5730.1.A1_at,,unmapped,0,
Les.5640.1.A1_at,,unmapped,0,
Les.5635.1.S1_a_at,,unmapped,0,
Les.5698.1.S1_at,,unmapped,0,
Les.5624.1.S1_at,,unmapped,0,
Les.5714.1.S1_at,,unmapped,0,
Les.5740.1.S1_at,,unmapped,0,
Les.5650.1.S1_at,,unmapped,0,
Les.5717.1.S1_at,,unmapped,0,
Les.5627.1.S1_at,,unmapped,0,
Les.5653.1.S1_at,,unmapped,0,
Les.5756.1.S1_at,,unmapped,0,
Les.5666.1.S1_at,,unmapped,0,
Les.5682.2.A1_at,,unmapped,0,
Les.5692.1.S1_at,,unmapped,0,
Les.5608.1.S1_a_at,,unmapped,0,
Les.5759.1.S1_at,,unmapped,0,
Les.5669.1.S1_at,,unmapped,0,
Les.5695.1.S1_at,,unmapped,0,
Les.5621.1.S1_at,,unmapped,0,
Les.5711.1.S1_at,,unmapped,0,
Les.5608.1.S1_at,,unmapped,0,
Les.5634.1.S1_at,,unmapped,0,
Les.5724.1.S1_at,,unmapped,0,
Les.5750.1.S1_at,,unmapped,0,
Les.5660.1.S1_at,,unmapped,0,
Les.5727.1.S1_at,,unmapped,0,
Les.5637.1.S1_at,,unmapped,0,
Les.5753.1.S1_at,,unmapped,0,
Les.5663.1.S1_at,,unmapped,0,
Les.5766.1.S1_at,,unmapped,0,
Les.5676.1.S1_at,,unmapped,0,
Les.564.1.S1_at,,unmapped,0,
Les.5769.1.S1_at,,unmapped,0,
Les.5679.1.S1_at,,unmapped,0,
Les.5605.1.S1_at,,unmapped,0,
Les.5631.1.S1_at,,unmapped,0,
Les.5721.1.S1_at,,unmapped,0,
Les.5608.1.A1_at,,unmapped,0,
Les.5708.1.S1_at,,unmapped,0,
Les.5734.1.S1_at,,unmapped,0,
Les.5644.1.S1_at,,unmapped,0,
Les.5760.1.S1_at,,unmapped,0,
Les.5670.1.S1_at,,unmapped,0,
Les.561.1.A1_at,,unmapped,0,
Les.5737.1.S1_at,,unmapped,0,
Les.5647.1.S1_at,,unmapped,0,
Les.5763.1.S1_at,,unmapped,0,
Les.5673.1.S1_at,,unmapped,0,
Les.5702.1.S1_at,,unmapped,0,
Les.574.1.S1_at,,unmapped,0,
Les.5689.1.S1_at,,unmapped,0,
Les.5615.1.S1_at,,unmapped,0,
Les.5705.1.S1_at,,unmapped,0,
Les.5731.1.S1_at,,unmapped,0,
Les.5641.1.S1_at,,unmapped,0,
Les.5618.1.S1_at,,unmapped,0,
Les.5718.1.S1_at,,unmapped,0,
Les.5744.1.S1_at,,unmapped,0,
Les.5770.1.S1_at,,unmapped,0,
Les.5680.1.S1_at,,unmapped,0,
Les.5747.1.S1_at,,unmapped,0,
Les.5657.1.S1_at,,unmapped,0,
Les.5773.1.S1_at,,unmapped,0,
Les.5683.1.S1_at,,unmapped,0,
Les.5686.1.S1_at,,unmapped,0,
Les.5612.1.S1_at,,unmapped,0,
Les.5689.1.A1_at,,unmapped,0,
Les.5712.1.S1_at,,unmapped,0,
Les.5641.1.A1_at,,unmapped,0,
Les.5699.1.S1_at,,unmapped,0,
Les.5715.1.S1_at,,unmapped,0,
Les.5625.1.S1_at,,unmapped,0,
Les.5741.1.S1_at,,unmapped,0,
Les.5651.1.S1_at,,unmapped,0,
Les.5618.1.A1_at,,unmapped,0,
Les.5628.1.S1_at,,unmapped,0,
Les.5654.1.S1_at,,unmapped,0,
Les.5754.1.S1_at,,unmapped,0,
Les.571.1.A1_at,,unmapped,0,
Les.5757.1.S1_at,,unmapped,0,
Les.5667.1.S1_at,,unmapped,0,
Les.5693.1.S1_at,,unmapped,0,
Les.5696.1.S1_at,,unmapped,0,
Les.5622.1.S1_at,,unmapped,0,
Les.5609.1.S1_at,,unmapped,0,
Les.5725.1.S1_at,,unmapped,0,
Les.5635.1.S1_at,,unmapped,0,
Les.5751.1.S1_at,,unmapped,0,
Les.5661.1.S1_at,,unmapped,0,
Les.5728.1.S1_at,,unmapped,0,
Les.5638.1.S1_at,,unmapped,0,
Les.5664.1.S1_at,,unmapped,0,
Les.5690.1.S1_at,,unmapped,0,
Les.5767.1.S1_at,,unmapped,0,
Les.5677.1.S1_at,,unmapped,0,
Les.5606.1.S1_at,,unmapped,0,
Les.5632.1.S1_at,,unmapped,0,
Les.5725.1.A1_at,,unmapped,0,
Les.5619.1.S1_at,,unmapped,0,
Les.5709.1.S1_at,,unmapped,0,
Les.5735.1.S1_at,,unmapped,0,
Les.5645.1.S1_at,,unmapped,0,
Les.5761.1.S1_at,,unmapped,0,
Les.5728.1.A1_at,,unmapped,0,
Les.5671.1.S1_at,,unmapped,0,
Les.5738.1.S1_at,,unmapped,0,
Les.5648.1.S1_at,,unmapped,0,
Les.5764.1.S1_at,,unmapped,0,
Les.5674.1.S1_at,,unmapped,0,
Les.565.1.A1_at,,unmapped,0,
Les.5687.1.S1_at,,unmapped,0,
Les.5613.1.S1_at,,unmapped,0,
Les.5703.1.S1_at,,unmapped,0,
Les.5632.1.A1_at,,unmapped,0,
Les.5706.1.S1_at,,unmapped,0,
Les.5616.1.S1_at,Solyc06g048440,one_to_one_signature_target,11,Solyc06g048440
Les.5732.1.S1_at,,unmapped,0,
Les.5642.1.S1_at,,unmapped,0,
Les.5619.1.A1_at,,unmapped,0,
Les.5719.1.S1_at,,unmapped,0,
Les.5745.1.S1_at,,unmapped,0,
Les.5655.1.S1_at,,unmapped,0,
Les.5771.1.S1_at,,unmapped,0,
Les.5681.1.S1_at,,unmapped,0,
Les.5764.1.A1_at,,unmapped,0,
Les.572.1.A1_at,,unmapped,0,
Les.5748.1.S1_at,,unmapped,0,
Les.5658.1.S1_at,,unmapped,0,
Les.5684.1.S1_at,,unmapped,0,
Les.5610.1.S1_at,,unmapped,0,
Les.5700.1.S1_at,,unmapped,0,
Les.5697.1.S1_at,,unmapped,0,
Les.5623.1.S1_at,,unmapped,0,
Les.5626.1.S1_at,,unmapped,0,
Les.5716.1.S1_at,,unmapped,0,
Les.5742.1.S1_at,,unmapped,0,
Les.5652.1.S1_at,,unmapped,0,
Les.57.1.S1_at,,unmapped,0,
Les.5629.1.S1_at,,unmapped,0,
Les.5729.1.S1_at,,unmapped,0,
Les.5755.1.S1_at,,unmapped,0,
Les.5748.1.A1_at,,unmapped,0,
Les.5691.1.S1_at,,unmapped,0,
Les.5758.1.S1_at,,unmapped,0,
Les.5668.1.S1_at,,unmapped,0,
Les.5784.1.S1_at,,unmapped,0,
Les.5948.1.S1_at,,unmapped,0,
Les.5877.1.A1_at,,unmapped,0,
Les.585.1.A1_at,,unmapped,0,
Les.5797.1.S1_at,,unmapped,0,
Les.5813.1.S1_at,,unmapped,0,
Les.588.1.A1_at,,unmapped,0,
Les.5816.1.S1_at,,unmapped,0,
Les.5916.1.S1_at,,unmapped,0,
Les.5942.1.S1_at,,unmapped,0,
Les.5935.1.A1_at,,unmapped,0,
Les.5781.1.A1_at,,unmapped,0,
Les.5942.2.S1_at,,unmapped,0,
Les.5852.2.S1_at,,unmapped,0,
Les.5919.1.S1_at,,unmapped,0,
Les.5829.1.S1_at,,unmapped,0,
Les.5945.1.S1_at,,unmapped,0,
Les.5855.1.S1_at,,unmapped,0,
Les.5848.1.A1_at,,unmapped,0,
Les.5791.1.S1_at,,unmapped,0,
Les.5852.3.S1_at,,unmapped,0,
Les.5858.1.S1_at,,unmapped,0,
Les.5794.1.S1_at,,unmapped,0,
Les.5884.1.S1_at,,unmapped,0,
Les.5958.1.S1_at,,unmapped,0,
Les.5810.1.S1_at,,unmapped,0,
Les.5823.1.S1_at,,unmapped,0,
Les.579.1.S1_at,,unmapped,0,
Les.5826.1.S1_at,,unmapped,0,
Les.5952.1.S1_at,,unmapped,0,
Les.5881.1.A1_at,,unmapped,0,
Les.5839.1.S1_at,,unmapped,0,
Les.5955.1.S1_at,,unmapped,0,
Les.5822.1.S1_s_at,,unmapped,0,
Les.5775.1.S1_at,,unmapped,0,
Les.5865.1.S1_at,Solyc02g070800,one_to_one_signature_target,11,Solyc02g070800
Les.5778.1.S1_at,,unmapped,0,
Les.5868.1.S1_at,,unmapped,0,
Les.5820.1.S1_at,,unmapped,0,
Les.5920.1.S1_at,,unmapped,0,
Les.5807.1.S1_at,,unmapped,0,
Les.5923.1.S1_at,,unmapped,0,
Les.5833.1.S1_at,,unmapped,0,
Les.5852.1.A1_at,,unmapped,0,
Les.58.1.S1_at,,unmapped,0,
Les.5836.1.S1_at,,unmapped,0,
Les.5862.1.S1_at,,unmapped,0,
Les.5775.1.A1_at,,unmapped,0,
Les.5939.1.S1_at,,unmapped,0,
Les.5849.1.S1_at,,unmapped,0,
Les.5875.1.S1_at,,unmapped,0,
Les.5801.1.S1_at,,unmapped,0,
Les.5878.1.S1_at,,unmapped,0,
Les.5788.1.S1_at,,unmapped,0,
Les.5804.1.S1_at,,unmapped,0,
Les.5830.1.S1_at,,unmapped,0,
Les.5817.1.S1_at,Solyc04g081300,one_to_one_signature_target,11,Solyc04g081300
Les.5933.1.S1_at,,unmapped,0,
Les.5843.1.S1_at,,unmapped,0,
Les.5936.1.S1_at,,unmapped,0,
Les.5846.1.S1_at,,unmapped,0,
Les.5782.1.S1_at,,unmapped,0,
Les.5872.1.S1_at,,unmapped,0,
Les.583.1.A1_at,,unmapped,0,
Les.5946.2.S1_at,,unmapped,0,
Les.5785.1.S1_at,,unmapped,0,
Les.5949.1.S1_at,,unmapped,0,
Les.5859.1.S1_at,,unmapped,0,
Les.5811.1.S1_at,,unmapped,0,
Les.5942.1.S1_a_at,,unmapped,0,
Les.5885.2.S1_at,,unmapped,0,
Les.5798.1.S1_at,,unmapped,0,
Les.5888.1.S1_at,,unmapped,0,
Les.5814.1.S1_at,,unmapped,0,
Les.5930.1.S1_at,,unmapped,0,
Les.5840.1.S1_at,,unmapped,0,
Les.5885.3.S1_at,,unmapped,0,
Les.5917.1.S1_at,,unmapped,0,
Les.5943.1.S1_at,,unmapped,0,
Les.5853.1.S1_at,,unmapped,0,
Les.580.1.A1_at,,unmapped,0,
Les.5946.1.S1_at,,unmapped,0,
Les.5856.1.S1_at,,unmapped,0,
Les.5792.1.S1_at,,unmapped,0,
Les.5885.1.A1_at,,unmapped,0,
Les.593.1.A1_at,,unmapped,0,
Les.5956.2.S1_at,,unmapped,0,
Les.5795.1.S1_at,,unmapped,0,
Les.5821.1.S1_at,,unmapped,0,
Les.5914.1.S1_at,,unmapped,0,
Les.5824.1.S1_at,,unmapped,0,
Les.5940.1.S1_at,,unmapped,0,
Les.5850.1.S1_at,Solyc12g013710,one_to_one_signature_target,11,Solyc12g013710
Les.5827.1.S1_at,,unmapped,0,
Les.5927.1.S1_at,,unmapped,0,
Les.5953.1.S1_at,,unmapped,0,
Les.5882.1.A1_at,,unmapped,0,
Les.5776.1.S1_at,,unmapped,0,
Les.5866.1.S1_at,,unmapped,0,
Les.5892.1.S1_at,,unmapped,0,
Les.5795.1.A1_at,,unmapped,0,
Les.5869.1.S1_at,,unmapped,0,
Les.5779.1.S1_at,,unmapped,0,
Les.5921.1.S1_at,,unmapped,0,
Les.5914.1.A1_at,,unmapped,0,
Les.5924.1.S1_at,,unmapped,0,
Les.5834.1.S1_at,,unmapped,0,
Les.5860.1.S1_at,,unmapped,0,
Les.5827.1.A1_at,,unmapped,0,
Les.59.1.S1_at,,unmapped,0,
Les.5837.1.S1_at,,unmapped,0,
Les.5863.1.S1_at,,unmapped,0,
Les.5950.1.S1_a_at,,unmapped,0,
Les.581.2.S1_at,,unmapped,0,
Les.5786.1.S1_at,,unmapped,0,
Les.5876.1.S1_at,,unmapped,0,
Les.5802.1.S1_at,,unmapped,0,
Les.5789.1.S1_at,,unmapped,0,
Les.5879.1.S1_at,,unmapped,0,
Les.5805.1.S1_at,,unmapped,0,
Les.5831.1.S1_at,,unmapped,0,
Les.587.1.S1_at,,unmapped,0,
Les.5931.1.S1_at,,unmapped,0,
Les.5808.1.A1_at,,unmapped,0,
Les.5860.1.A1_at,,unmapped,0,
Les.5818.1.S1_at,,unmapped,0,
Les.5934.1.S1_at,,unmapped,0,
Les.5844.1.S1_at,,unmapped,0,
Les.5780.1.S1_at,,unmapped,0,
Les.5870.1.S1_at,,unmapped,0,
Les.5847.1.S1_at,,unmapped,0,
Les.5783.1.S1_at,,unmapped,0,
Les.5873.1.S1_at,,unmapped,0,
Les.5802.1.A1_at,,unmapped,0,
Les.584.1.A1_at,,unmapped,0,
Les.5883.2.S1_at,,unmapped,0,
Les.591.2.S1_at,,unmapped,0,
Les.5796.1.S1_at,,unmapped,0,
Les.5886.1.S1_at,,unmapped,0,
Les.5812.1.S1_at,,unmapped,0,
Les.594.1.S1_at,,unmapped,0,
Les.5886.2.S1_at,,unmapped,0,
Les.5799.1.S1_at,,unmapped,0,
Les.5815.1.S1_at,,unmapped,0,
Les.5841.1.S1_at,,unmapped,0,
Les.5780.1.A1_at,,unmapped,0,
Les.5918.1.S1_at,,unmapped,0,
Les.5828.1.S1_at,,unmapped,0,
Les.5854.1.S1_at,,unmapped,0,
Les.5790.1.S1_at,,unmapped,0,
Les.5880.1.S1_at,,unmapped,0,
Les.581.1.A1_at,,unmapped,0,
Les.5880.2.S1_at,,unmapped,0,
Les.5947.1.S1_at,,unmapped,0,
Les.5857.1.S1_at,,unmapped,0,
Les.5793.1.S1_at,,unmapped,0,
Les.5883.1.S1_at,,unmapped,0,
Les.5938.2.S1_a_at,,unmapped,0,
Les.5796.1.A1_at,,unmapped,0,
Les.5941.1.A1_at,,unmapped,0,
Les.5915.1.S1_at,,unmapped,0,
Les.5825.1.S1_at,,unmapped,0,
Les.5851.1.S1_at,,unmapped,0,
Les.5944.1.A1_at,,unmapped,0,
Les.5928.1.S1_at,,unmapped,0,
Les.5838.1.S1_at,,unmapped,0,
Les.5954.1.S1_at,,unmapped,0,
Les.5864.1.S1_at,Solyc07g043420,one_to_one_signature_target,11,Solyc07g043420
Les.5890.1.S1_at,,unmapped,0,
Les.591.1.A1_at,,unmapped,0,
Les.5957.1.S1_at,Solyc01g109180,one_to_one_signature_target,6,Solyc01g109180
Les.5867.1.S1_at,,unmapped,0,
Les.5777.1.S1_at,,unmapped,0,
Les.5806.1.S1_at,,unmapped,0,
Les.5922.1.S1_at,,unmapped,0,
Les.5832.1.S1_at,,unmapped,0,
Les.5809.1.S1_at,,unmapped,0,
Les.5925.1.S1_at,,unmapped,0,
Les.5835.1.S1_at,,unmapped,0,
Les.5951.1.S1_at,,unmapped,0,
Les.5861.1.S1_at,,unmapped,0,
Les.5935.2.S1_at,,unmapped,0,
Les.5928.2.A1_at,,unmapped,0,
Les.5774.1.S1_at,,unmapped,0,
Les.5871.2.S1_at,,unmapped,0,
Les.5938.1.S1_at,,unmapped,0,
Les.5874.1.S1_at,,unmapped,0,
Les.5800.1.S1_at,,unmapped,0,
Les.5848.2.S1_at,,unmapped,0,
Les.5787.1.S1_at,,unmapped,0,
Les.5877.1.S1_at,,unmapped,0,
Les.5803.1.S1_at,,unmapped,0,
Les.5956.1.S1_s_at,,unmapped,0,
Les.5932.1.S1_at,,unmapped,0,
Les.5842.1.S1_at,Solyc09g059170,one_to_one_signature_target,8,Solyc09g059170
Les.5819.1.S1_at,,unmapped,0,
Les.5845.1.S1_at,,unmapped,0,
Les.5781.1.S1_at,,unmapped,0,
Les.5871.1.S1_at,,unmapped,0,
Les.582.1.A1_at,,unmapped,0,
Les.7.1.S1_at,,unmapped,0,
Les.656.2.S1_at,,unmapped,0,
Les.749.1.S1_at,,unmapped,0,
Les.775.1.S1_at,,unmapped,0,
Les.611.1.S1_at,,unmapped,0,
Les.611.2.A1_at,,unmapped,0,
Les.778.1.A1_at,,unmapped,0,
Les.64.1.S1_at,,unmapped,0,
Les.614.1.A1_at,,unmapped,0,
Les.640.1.A1_at,,unmapped,0,
Les.698.1.S1_at,,unmapped,0,
Les.793.2.A1_s_at,,unmapped,0,
Les.67.1.S1_at,,unmapped,0,
Les.643.1.A1_at,,unmapped,0,
Les.79.1.S1_a_at,,unmapped,0,
Les.743.1.S1_at,,unmapped,0,
Les.743.2.A1_at,,unmapped,0,
Les.656.1.A1_at,,unmapped,0,
Les.682.1.A1_at,,unmapped,0,
Les.727.2.S1_at,,unmapped,0,
Les.782.1.S1_at,,unmapped,0,
Les.692.1.S1_at,Solyc01g096740,one_to_one_signature_target,11,Solyc01g096740
Les.659.1.A1_at,,unmapped,0,
Les.61.1.S1_at,,unmapped,0,
Les.701.1.A1_at,,unmapped,0,
Les.598.1.A1_at,,unmapped,0,
Les.788.1.A1_at,,unmapped,0,
Les.74.1.S1_at,,unmapped,0,
Les.669.2.S1_at,,unmapped,0,
Les.714.1.A1_at,,unmapped,0,
Les.740.1.A1_at,,unmapped,0,
Les.650.1.A1_at,,unmapped,0,
Les.795.2.S1_at,,unmapped,0,
Les.798.1.S1_at,,unmapped,0,
Les.750.1.S1_at,,unmapped,0,
Les.627.1.A1_at,,unmapped,0,
Les.631.3.S1_at,,unmapped,0,
Les.727.1.S1_at,,unmapped,0,
Les.663.1.S1_at,,unmapped,0,
Les.607.1.A1_s_at,,unmapped,0,
Les.756.1.A1_at,,unmapped,0,
Les.666.1.A1_at,,unmapped,0,
Les.727.3.A1_at,,unmapped,0,
Les.792.1.S1_at,,unmapped,0,
Les.759.1.A1_at,,unmapped,0,
Les.669.1.A1_at,,unmapped,0,
Les.71.1.S1_at,,unmapped,0,
Les.695.1.A1_at,,unmapped,0,
Les.795.1.S1_at,,unmapped,0,
Les.605.1.S1_at,,unmapped,0,
Les.631.1.S1_at,,unmapped,0,
Les.660.1.A1_at,,unmapped,0,
Les.605.2.S1_at,,unmapped,0,
Les.605.3.A1_at,,unmapped,0,
Les.631.2.S1_at,,unmapped,0,
Les.608.1.S1_at,,unmapped,0,
Les.734.1.S1_at,,unmapped,0,
Les.753.1.A1_at,Solyc06g048470,one_to_one_signature_target,9,Solyc06g048470
Les.673.1.S1_at,,unmapped,0,
Les.766.1.A1_at,,unmapped,0,
Les.792.2.A1_at,,unmapped,0,
Les.769.1.A1_at,,unmapped,0,
Les.702.1.S1_at,,unmapped,0,
Les.641.1.S1_at,,unmapped,0,
Les.731.1.S1_at,,unmapped,0,
Les.731.2.A1_at,,unmapped,0,
Les.634.1.A1_at,,unmapped,0,
Les.644.1.S1_at,,unmapped,0,
Les.670.1.S1_at,,unmapped,0,
Les.744.1.S1_at,,unmapped,0,
Les.670.2.A1_at,,unmapped,0,
Les.647.1.A1_at,,unmapped,0,
Les.628.2.S1_at,,unmapped,0,
Les.8.1.S1_at,,unmapped,0,
Les.793.1.S1_s_at,,unmapped,0,
Les.747.1.S1_at,,unmapped,0,
Les.683.1.S1_at,,unmapped,0,
Les.602.1.A1_at,,unmapped,0,
Les.776.1.A1_at,,unmapped,0,
Les.62.1.S1_at,,unmapped,0,
Les.683.2.S1_at,,unmapped,0,
Les.683.3.A1_at,,unmapped,0,
Les.612.1.S1_at,,unmapped,0,
Les.612.2.A1_at,,unmapped,0,
Les.779.1.A1_at,,unmapped,0,
Les.689.1.A1_at,,unmapped,0,
Les.65.1.S1_at,,unmapped,0,
Les.615.1.A1_at,,unmapped,0,
Les.705.1.A1_at,,unmapped,0,
Les.699.1.S1_at,,unmapped,0,
Les.618.1.A1_at,,unmapped,0,
Les.651.1.S1_at,,unmapped,0,
Les.770.1.A1_at,,unmapped,0,
Les.628.1.S1_at,,unmapped,0,
Les.693.1.A1_s_at,,unmapped,0,
Les.657.1.A1_at,,unmapped,0,
Les.773.1.A1_at,,unmapped,0,
Les.5959.1.S1_at,,unmapped,0,
Les.657.2.A1_at,,unmapped,0,
Les.783.1.S1_at,,unmapped,0,
Les.75.1.S1_at,,unmapped,0,
Les.78.1.S1_at,,unmapped,0,
Les.654.1.A1_at,,unmapped,0,
Les.680.1.A1_at,,unmapped,0,
Les.638.1.S1_at,,unmapped,0,
Les.677.1.S1_at,,unmapped,0,
Les.786.1.A1_at,,unmapped,0,
Les.72.1.S1_at,,unmapped,0,
Les.696.1.A1_at,,unmapped,0,
Les.799.1.A1_at,,unmapped,0,
Les.609.1.A1_at,,unmapped,0,
Les.661.1.A1_at,,unmapped,0,
Les.735.1.S1_at,,unmapped,0,
Les.664.1.A1_at,,unmapped,0,
Les.690.1.A1_at,,unmapped,0,
Les.738.1.S1_at,,unmapped,0,
Les.764.1.S1_at,,unmapped,0,
Les.764.2.A1_at,,unmapped,0,
Les.75.1.S1_s_at,,unmapped,0,
Les.674.2.A1_at,,unmapped,0,
Les.767.1.A1_at,,unmapped,0,
Les.603.1.A1_at,,unmapped,0,
Les.657.2.A1_a_at,,unmapped,0,
Les.677.2.A1_at,,unmapped,0,
Les.796.1.A1_at,Solyc02g067750,one_to_one_signature_target,11,Solyc02g067750
Les.606.1.A1_at,,unmapped,0,
Les.722.1.A1_at,,unmapped,0,
Les.687.2.S1_at,,unmapped,0,
Les.5960.1.S1_at,,unmapped,0,
Les.642.1.S1_at,,unmapped,0,
Les.69.1.S1_at,,unmapped,0,
Les.709.1.A1_at,,unmapped,0,
Les.761.1.A1_at,,unmapped,0,
Les.671.1.A1_at,,unmapped,0,
Les.735.2.A1_at,,unmapped,0,
Les.771.1.S1_at,,unmapped,0,
Les.648.1.A1_at,,unmapped,0,
Les.626.3.S1_at,,unmapped,0,
Les.674.1.A1_at,,unmapped,0,
Les.790.1.A1_at,,unmapped,0,
Les.787.1.A1_s_at,,unmapped,0,
Les.658.1.S1_at,,unmapped,0,
Les.777.1.A1_at,,unmapped,0,
Les.63.1.S1_at,Solyc11g072310,one_to_one_signature_target,9,Solyc11g072310
Les.687.1.S1_at,,unmapped,0,
Les.706.1.A1_at,,unmapped,0,
Les.732.1.A1_at,,unmapped,0,
Les.687.3.A1_at,,unmapped,0,
Les.626.1.S1_at,,unmapped,0,
Les.716.1.S1_at,,unmapped,0,
Les.742.1.S1_at,,unmapped,0,
Les.652.1.S1_at,,unmapped,0,
Les.619.1.A1_at,,unmapped,0,
Les.719.1.A1_at,,unmapped,0,
Les.745.1.A1_at,Solyc01g079240,one_to_one_signature_target,11,Solyc01g079240
Les.626.2.S1_at,,unmapped,0,
Les.681.1.A1_at,,unmapped,0,
Les.6.1.S1_at,,unmapped,0,
Les.774.1.A1_at,,unmapped,0,
Les.60.1.S1_at,,unmapped,0,
Les.700.1.A1_at,,unmapped,0,
Les.658.2.A1_at,,unmapped,0,
Les.597.1.A1_at,,unmapped,0,
Les.73.1.S1_at,,unmapped,0,
Les.713.1.A1_at,,unmapped,0,
Les.797.1.S1_at,,unmapped,0,
Les.76.1.S1_at,,unmapped,0,
Les.674.1.A1_a_at,,unmapped,0,
Les.636.1.S1_at,,unmapped,0,
Les.726.1.S1_at,,unmapped,0,
Les.655.1.A1_at,,unmapped,0,
Les.755.1.A1_at,,unmapped,0,
Les.781.1.A1_at,,unmapped,0,
Les.636.2.S1_at,,unmapped,0,
Les.758.1.A1_at,,unmapped,0,
Les.668.1.A1_at,,unmapped,0,
Les.70.1.S1_at,,unmapped,0,
Les.620.1.A1_at,,unmapped,0,
Les.630.1.S1_at,,unmapped,0,
Les.623.1.A1_at,,unmapped,0,
Les.68.2.S1_a_at,Solyc08g082250,one_to_one_signature_target,11,Solyc08g082250
Les.736.1.S1_at,,unmapped,0,
Les.672.1.S1_at,,unmapped,0,
Les.639.1.A1_at,,unmapped,0,
Les.665.1.A1_at,,unmapped,0,
Les.691.1.A1_at,,unmapped,0,
Les.765.1.A1_at,,unmapped,0,
Les.739.1.S1_at,,unmapped,0,
Les.649.1.S1_at,,unmapped,0,
Les.739.2.A1_at,,unmapped,0,
Les.649.2.A1_at,,unmapped,0,
Les.601.1.S1_at,,unmapped,0,
Les.768.1.A1_at,,unmapped,0,
Les.678.1.A1_at,,unmapped,0,
Les.604.1.A1_at,,unmapped,0,
Les.720.1.A1_at,,unmapped,0,
Les.630.2.A1_at,,unmapped,0,
Les.730.1.S1_at,,unmapped,0,
Les.733.1.S1_at,,unmapped,0,
Les.646.1.A1_at,,unmapped,0,
Les.99.1.S1_at,,unmapped,0,
Les.836.1.S1_at,,unmapped,0,
Les.862.1.S1_at,,unmapped,0,
Les.865.1.A1_at,,unmapped,0,
Les.981.1.A1_at,,unmapped,0,
Les.891.1.A1_at,,unmapped,0,
Les.875.1.S1_at,,unmapped,0,
Les.868.1.A1_at,,unmapped,0,
Les.958.1.A1_at,,unmapped,0,
Les.894.1.A1_at,,unmapped,0,
Les.90.1.S1_at,,unmapped,0,
Les.820.1.A1_at,,unmapped,0,
Les.968.1.S1_at,,unmapped,0,
LesAffx.10139.1.S1_at,,unmapped,0,
Les.804.1.S1_at,,unmapped,0,
Les.93.1.S1_at,,unmapped,0,
Les.96.1.A1_at,,unmapped,0,
Les.926.1.A1_at,,unmapped,0,
Les.846.1.S1_at,,unmapped,0,
Les.962.1.S1_at,,unmapped,0,
Les.872.2.A1_at,,unmapped,0,
Les.939.1.A1_at,,unmapped,0,
Les.991.1.A1_at,,unmapped,0,
Les.949.1.S1_at,,unmapped,0,
Les.975.1.S1_at,,unmapped,0,
Les.811.1.S1_at,,unmapped,0,
Les.878.1.A1_at,,unmapped,0,
LesAffx.10172.1.S1_at,,unmapped,0,
LesAffx.10139.1.A1_at,,unmapped,0,
Les.994.1.A1_at,,unmapped,0,
LesAffx.1.1.S1_at,,unmapped,0,
Les.830.1.A1_at,,unmapped,0,
Les.949.2.S1_at,,unmapped,0,
Les.889.2.S1_a_at,,unmapped,0,
Les.804.2.A1_at,,unmapped,0,
LesAffx.10175.1.S1_at,,unmapped,0,
Les.907.1.A1_at,,unmapped,0,
Les.933.1.A1_at,,unmapped,0,
Les.872.1.A1_at,,unmapped,0,
Les.946.1.S1_at,,unmapped,0,
Les.849.1.A1_at,,unmapped,0,
Les.946.2.A1_at,,unmapped,0,
Les.904.2.A1_s_at,,unmapped,0,
Les.901.1.A1_at,,unmapped,0,
LesAffx.10172.1.A1_at,,unmapped,0,
Les.84.1.S1_at,,unmapped,0,
Les.814.1.A1_at,,unmapped,0,
Les.949.3.A1_at,,unmapped,0,
Les.840.1.A1_at,,unmapped,0,
Les.824.1.S1_at,,unmapped,0,
LesAffx.10095.1.S1_at,,unmapped,0,
Les.817.1.A1_at,,unmapped,0,
LesAffx.1007.1.S1_at,,unmapped,0,
Les.917.1.A1_at,,unmapped,0,
Les.943.1.A1_at,,unmapped,0,
Les.827.1.S1_at,,unmapped,0,
Les.953.1.S1_at,,unmapped,0,
Les.896.2.S1_a_at,,unmapped,0,
Les.982.1.S1_at,,unmapped,0,
Les.87.1.S1_a_at,,unmapped,0,
Les.859.1.A1_at,,unmapped,0,
Les.81.1.S1_at,,unmapped,0,
LesAffx.1001.1.S1_at,,unmapped,0,
Les.911.1.A1_at,,unmapped,0,
Les.898.1.A1_at,,unmapped,0,
Les.921.1.S1_at,,unmapped,0,
Les.94.1.S1_at,,unmapped,0,
LesAffx.10095.1.A1_at,,unmapped,0,
Les.850.1.A1_at,,unmapped,0,
Les.940.1.A1_at,,unmapped,0,
Les.998.1.S1_at,,unmapped,0,
Les.97.1.S1_at,,unmapped,0,
Les.953.2.A1_at,,unmapped,0,
Les.866.1.A1_at,,unmapped,0,
Les.956.1.A1_at,,unmapped,0,
Les.963.2.S1_at,,unmapped,0,
Les.966.1.S1_at,,unmapped,0,
Les.91.1.S1_at,,unmapped,0,
Les.895.1.A1_at,,unmapped,0,
LesAffx.1011.1.S1_at,,unmapped,0,
Les.995.1.A1_at,,unmapped,0,
Les.966.2.S1_at,,unmapped,0,
Les.966.3.A1_at,,unmapped,0,
Les.808.1.A1_at,,unmapped,0,
Les.834.1.A1_at,,unmapped,0,
Les.860.1.A1_at,,unmapped,0,
Les.818.1.S1_at,,unmapped,0,
Les.934.1.S1_at,,unmapped,0,
Les.863.1.A1_at,,unmapped,0,
Les.937.1.S1_at,,unmapped,0,
Les.937.2.A1_at,,unmapped,0,
Les.873.1.S1_at,,unmapped,0,
Les.876.1.A1_at,,unmapped,0,
Les.992.1.A1_at,,unmapped,0,
Les.802.1.A1_at,,unmapped,0,
Les.963.3.A1_at,,unmapped,0,
Les.969.1.A1_at,,unmapped,0,
Les.812.1.S1_at,,unmapped,0,
Les.805.1.A1_at,,unmapped,0,
Les.831.1.A1_at,,unmapped,0,
Les.812.2.S1_at,,unmapped,0,
Les.905.1.S1_at,,unmapped,0,
Les.904.1.S1_s_at,,unmapped,0,
Les.960.1.A1_at,,unmapped,0,
Les.818.2.A1_at,,unmapped,0,
Les.847.1.A1_at,,unmapped,0,
Les.857.1.S1_at,,unmapped,0,
LesAffx.10118.1.S1_at,,unmapped,0,
Les.976.1.A1_at,,unmapped,0,
Les.886.1.A1_at,,unmapped,0,
Les.986.1.S1_at,,unmapped,0,
Les.896.1.S1_at,,unmapped,0,
Les.979.1.A1_at,,unmapped,0,
Les.85.1.S1_at,,unmapped,0,
Les.815.1.A1_at,,unmapped,0,
LesAffx.10176.1.A1_at,,unmapped,0,
Les.931.1.A1_at,,unmapped,0,
Les.812.3.A1_at,,unmapped,0,
Les.896.2.S1_at,,unmapped,0,
Les.899.1.S1_at,Solyc03g083440,one_to_one_signature_target,10,Solyc03g083440
Les.88.1.S1_at,,unmapped,0,
Les.915.1.S1_at,,unmapped,0,
Les.828.1.A1_at,,unmapped,0,
Les.854.1.A1_at,,unmapped,0,
Les.944.1.A1_at,,unmapped,0,
Les.970.1.A1_at,,unmapped,0,
LesAffx.10099.1.S1_at,,unmapped,1,
Les.928.1.S1_at,,unmapped,0,
Les.954.1.S1_at,,unmapped,0,
LesAffx.10118.1.A1_at,,unmapped,0,
Les.867.1.S1_at,,unmapped,0,
Les.82.1.S1_at,,unmapped,0,
Les.822.1.A1_at,Solyc03g120890,one_to_one_signature_target,11,Solyc03g120890
Les.912.1.A1_at,,unmapped,0,
Les.986.2.A1_at,,unmapped,0,
Les.822.2.A1_at,,unmapped,0,
Les.95.1.S1_at,,unmapped,0,
Les.922.1.S1_at,,unmapped,0,
Les.941.1.A1_at,,unmapped,0,
Les.98.1.S1_at,,unmapped,0,
LesAffx.10099.1.A1_at,,unmapped,0,
Les.996.1.A1_a_at,,unmapped,0,
Les.980.1.A1_at,,unmapped,0,
Les.890.1.A1_at,,unmapped,0,
Les.9.1.S1_at,,unmapped,0,
Les.964.1.S1_at,,unmapped,0,
Les.957.1.A1_at,,unmapped,0,
Les.983.1.A1_at,,unmapped,0,
Les.893.1.A1_at,,unmapped,0,
Les.92.1.S1_at,,unmapped,0,
Les.996.1.A1_at,,unmapped,0,
Les.809.1.A1_at,,unmapped,0,
Les.861.1.A1_at,,unmapped,0,
Les.951.1.A1_at,,unmapped,0,
Les.842.2.S1_at,,unmapped,0,
LesAffx.10016.1.S1_at,,unmapped,0,
Les.938.1.A1_at,,unmapped,0,
Les.964.2.A1_at,,unmapped,0,
Les.967.1.A1_at,,unmapped,0,
Les.877.1.A1_at,,unmapped,0,
Les.906.1.A1_at,,unmapped,0,
Les.842.1.S1_at,,unmapped,0,
Les.909.1.A1_at,,unmapped,0,
Les.987.3.S1_at,,unmapped,0,
Les.845.1.A1_at,,unmapped,0,
LesAffx.10016.1.A1_at,,unmapped,0,
Les.871.1.A1_at,,unmapped,0,
Les.961.1.A1_at,,unmapped,0,
Les.848.1.A1_at,,unmapped,0,
Les.874.1.A1_at,,unmapped,0,
Les.948.1.A1_at,,unmapped,0,
Les.974.1.A1_at,,unmapped,0,
Les.810.1.S1_at,,unmapped,0,
Les.977.1.A1_at,,unmapped,0,
Les.887.1.A1_at,,unmapped,0,
Les.910.1.S1_at,,unmapped,0,
Les.929.3.S1_at,,unmapped,0,
Les.83.1.S1_at,,unmapped,0,
LesAffx.10158.1.S1_at,,unmapped,0,
Les.86.1.S1_at,,unmapped,0,
Les.816.1.A1_at,,unmapped,0,
Les.987.2.S1_at,,unmapped,0,
Les.916.1.S1_at,,unmapped,0,
Les.89.1.S1_at,,unmapped,0,
LesAffx.10113.1.S1_at,,unmapped,0,
Les.945.1.A1_at,,unmapped,0,
Les.971.1.A1_at,,unmapped,0,
Les.881.1.A1_at,,unmapped,0,
Les.836.2.S1_at,,unmapped,0,
Les.839.1.S1_at,,unmapped,0,
Les.836.2.S1_a_at,,unmapped,0,
Les.858.1.A1_at,,unmapped,0,
Les.80.1.S1_at,,unmapped,0,
Les.837.1.A1_s_at,,unmapped,0,
LesAffx.10091.1.S1_at,,unmapped,0,
Les.987.1.A1_at,,unmapped,0,
Les.842.2.S1_a_at,,unmapped,0,
Les.923.1.S1_at,,unmapped,0,
Les.852.1.A1_at,,unmapped,0,
LesAffx.10113.1.A1_at,,unmapped,0,
LesAffx.13721.1.S1_at,,unmapped,0,
LesAffx.11839.1.S1_at,,unmapped,0,
LesAffx.13798.1.S1_at,,unmapped,0,
LesAffx.13428.1.S1_at,,unmapped,0,
LesAffx.10313.1.S1_at,,unmapped,0,
LesAffx.13824.1.S1_at,,unmapped,0,
LesAffx.10342.1.S1_at,,unmapped,0,
LesAffx.1084.1.S1_at,,unmapped,0,
LesAffx.1380.1.S1_at,,unmapped,0,
LesAffx.11524.2.S1_at,,unmapped,0,
LesAffx.10348.1.A1_at,,unmapped,0,
LesAffx.13422.1.S1_at,,unmapped,0,
LesAffx.12150.1.S1_at,,unmapped,0,
LesAffx.11659.1.A1_at,,unmapped,0,
LesAffx.10310.1.S1_at,,unmapped,0,
LesAffx.10313.1.A1_at,,unmapped,0,
LesAffx.13824.1.A1_at,,unmapped,0,
LesAffx.13760.1.S1_at,,unmapped,0,
LesAffx.10342.1.A1_at,,unmapped,0,
LesAffx.13055.1.S1_s_at,Solyc05g053310,one_to_one_signature_target,11,Solyc05g053310
LesAffx.13113.1.S1_at,,unmapped,0,
LesAffx.10416.1.S1_at,,unmapped,0,
LesAffx.10352.1.S1_at,,unmapped,0,
LesAffx.12079.1.S1_at,,unmapped,0,
LesAffx.13683.1.S1_at,,unmapped,0,
LesAffx.12150.1.A1_at,,unmapped,0,
LesAffx.13683.2.S1_at,,unmapped,0,
LesAffx.109.1.S1_at,,unmapped,0,
LesAffx.12060.1.S1_at,,unmapped,0,
LesAffx.10310.1.A1_at,,unmapped,0,
LesAffx.13181.1.S1_at,,unmapped,0,
LesAffx.11856.1.S1_at,,unmapped,0,
LesAffx.13805.1.S1_at,,unmapped,0,
LesAffx.10880.1.S1_at,,unmapped,0,
LesAffx.13831.1.S1_at,,unmapped,0,
LesAffx.11399.1.S1_at,,unmapped,0,
LesAffx.11531.1.S1_at,,unmapped,0,
LesAffx.10233.1.S1_at,,unmapped,0,
LesAffx.13831.2.S1_at,,unmapped,0,
LesAffx.1091.1.S1_at,,unmapped,0,
LesAffx.1345.1.S1_at,,unmapped,0,
LesAffx.10983.1.S1_at,,unmapped,0,
LesAffx.10352.1.A1_at,,unmapped,0,
LesAffx.103.1.S1_at,,unmapped,0,
LesAffx.10497.2.S1_at,,unmapped,0,
LesAffx.1091.2.S1_at,,unmapped,0,
LesAffx.13593.1.S1_at,,unmapped,0,
LesAffx.109.1.A1_at,,unmapped,0,
LesAffx.12060.1.A1_at,,unmapped,0,
LesAffx.13252.1.S1_at,,unmapped,0,
LesAffx.119.1.S1_at,,unmapped,0,
LesAffx.12160.1.S1_at,,unmapped,0,
LesAffx.13252.2.S1_at,,unmapped,0,
LesAffx.1406.1.S1_at,,unmapped,0,
LesAffx.11531.1.A1_at,,unmapped,0,
LesAffx.10323.1.A1_at,,unmapped,0,
LesAffx.10497.2.A1_at,,unmapped,0,
LesAffx.10613.1.S1_at,,unmapped,0,
LesAffx.1381.1.S1_at,,unmapped,0,
LesAffx.10346.1.S1_at,,unmapped,0,
LesAffx.11737.1.A1_at,,unmapped,0,
LesAffx.13252.2.A1_at,,unmapped,0,
LesAffx.10301.1.S1_at,,unmapped,0,
LesAffx.1036.1.S1_s_at,,unmapped,0,
LesAffx.12514.1.S1_at,,unmapped,0,
LesAffx.12958.1.S1_at,,unmapped,0,
LesAffx.10198.1.S1_at,,unmapped,0,
LesAffx.10314.1.S1_at,,unmapped,0,
LesAffx.13365.1.S1_at,,unmapped,0,
LesAffx.10520.1.S1_at,,unmapped,0,
LesAffx.11992.1.S1_at,,unmapped,0,
LesAffx.13481.1.S1_at,,unmapped,0,
LesAffx.10710.1.S1_at,,unmapped,0,
LesAffx.13481.2.S1_at,,unmapped,0,
LesAffx.13278.1.S1_at,,unmapped,0,
LesAffx.11805.1.S1_at,,unmapped,0,
LesAffx.10346.1.A1_at,,unmapped,0,
LesAffx.1406.1.S1_s_at,,unmapped,0,
LesAffx.13709.3.S1_at,,unmapped,0,
LesAffx.11284.1.S1_at,,unmapped,0,
LesAffx.13053.1.S1_at,,unmapped,0,
LesAffx.10301.1.A1_at,,unmapped,0,
LesAffx.14058.1.S1_at,,unmapped,0,
LesAffx.1050.2.S1_at,,unmapped,0,
LesAffx.10198.1.A1_at,,unmapped,0,
LesAffx.1233.1.S1_at,,unmapped,0,
LesAffx.12434.1.S1_at,,unmapped,0,
LesAffx.110.1.A1_at,,unmapped,0,
LesAffx.11786.1.S1_at,,unmapped,0,
LesAffx.10488.1.S1_at,,unmapped,0,
LesAffx.10694.1.S1_at,,unmapped,0,
LesAffx.12254.2.S1_at,,unmapped,0,
LesAffx.13481.2.A1_at,,unmapped,0,
LesAffx.13278.1.A1_at,,unmapped,0,
LesAffx.10974.1.S1_at,,unmapped,0,
LesAffx.11805.1.A1_at,,unmapped,0,
LesAffx.13666.1.S1_s_at,,unmapped,0,
LesAffx.12202.1.A1_at,,unmapped,0,
LesAffx.13709.3.A1_at,,unmapped,0,
LesAffx.10858.2.S1_at,,unmapped,0,
LesAffx.10353.1.S1_at,,unmapped,0,
LesAffx.10723.1.S1_at,,unmapped,0,
LesAffx.11979.2.S1_at,,unmapped,0,
LesAffx.10176.1.S1_at,,unmapped,0,
LesAffx.13063.1.S1_at,,unmapped,0,
LesAffx.12244.1.A1_at,,unmapped,0,
LesAffx.11323.1.S1_at,,unmapped,0,
LesAffx.10279.1.S1_at,,unmapped,0,
LesAffx.12254.1.S1_at,,unmapped,0,
LesAffx.14110.2.S1_at,,unmapped,0,
LesAffx.10694.1.A1_at,,unmapped,0,
LesAffx.10234.1.S1_at,,unmapped,0,
LesAffx.11886.1.S1_at,,unmapped,0,
LesAffx.11542.1.S1_at,,unmapped,0,
LesAffx.10955.2.S1_at,,unmapped,0,
LesAffx.10353.1.A1_at,,unmapped,0,
LesAffx.11329.1.S1_at,,unmapped,0,
LesAffx.10955.3.S1_at,,unmapped,0,
LesAffx.1195.1.S1_at,,unmapped,0,
LesAffx.11941.1.S1_at,,unmapped,0,
LesAffx.12576.1.S1_at,,unmapped,0,
LesAffx.11278.1.S1_at,,unmapped,0,
LesAffx.12856.1.S1_at,,unmapped,0,
LesAffx.1195.2.S1_at,,unmapped,0,
LesAffx.11828.1.S1_at,,unmapped,0,
LesAffx.11410.1.S1_at,,unmapped,0,
LesAffx.11854.1.S1_at,,unmapped,0,
LesAffx.11323.1.A1_at,,unmapped,0,
LesAffx.10279.1.A1_at,,unmapped,0,
LesAffx.12856.2.S1_at,,unmapped,0,
LesAffx.12489.1.S1_at,,unmapped,0,
LesAffx.14110.2.A1_at,,unmapped,0,
LesAffx.10289.1.S1_at,,unmapped,0,
LesAffx.10495.1.S1_at,,unmapped,0,
LesAffx.10839.2.A1_at,Solyc07g007550,one_to_one_signature_target,11,Solyc07g007550
LesAffx.10234.1.A1_at,,unmapped,0,
LesAffx.10955.1.S1_at,,unmapped,0,
LesAffx.11542.1.A1_at,,unmapped,0,
LesAffx.13639.1.S1_at,,unmapped,0,
LesAffx.12457.1.S1_at,,unmapped,0,
LesAffx.12670.2.S1_at,,unmapped,0,
LesAffx.12573.1.S1_at,,unmapped,0,
LesAffx.12647.1.S1_at,,unmapped,0,
LesAffx.12670.3.S1_at,,unmapped,0,
LesAffx.10807.1.S1_at,,unmapped,0,
LesAffx.1105.1.S1_at,,unmapped,0,
LesAffx.10653.1.S1_at,,unmapped,0,
LesAffx.12586.1.S1_at,,unmapped,0,
LesAffx.10289.1.A1_at,,unmapped,0,
LesAffx.11597.1.S1_at,,unmapped,0,
LesAffx.10299.1.S1_at,,unmapped,0,
LesAffx.11993.1.S1_at,,unmapped,0,
LesAffx.111.1.S1_at,,unmapped,0,
LesAffx.11066.1.S1_at,,unmapped,0,
LesAffx.12670.1.S1_at,,unmapped,0,
LesAffx.12580.1.S1_at,,unmapped,0,
LesAffx.10444.1.S1_at,,unmapped,0,
LesAffx.10650.1.S1_at,,unmapped,0,
LesAffx.12580.2.S1_at,,unmapped,0,
LesAffx.124.1.S1_at,,unmapped,0,
LesAffx.12493.1.S1_at,,unmapped,0,
LesAffx.1276.2.S1_at,Solyc06g083580,one_to_one_signature_target,11,Solyc06g083580
LesAffx.10257.2.A1_at,,unmapped,0,
LesAffx.12586.1.A1_at,,unmapped,0,
LesAffx.14059.1.S1_at,,unmapped,0,
LesAffx.10299.1.A1_at,,unmapped,0,
LesAffx.12741.1.S1_at,,unmapped,0,
LesAffx.1244.2.S1_at,,unmapped,0,
LesAffx.10235.1.S1_at,,unmapped,0,
LesAffx.12741.2.S1_at,,unmapped,0,
LesAffx.12580.2.A1_at,,unmapped,0,
LesAffx.12680.1.S1_at,,unmapped,0,
LesAffx.1276.1.S1_at,Solyc06g083580,one_to_one_signature_target,11,Solyc06g083580
LesAffx.12783.1.S1_at,,unmapped,0,
LesAffx.11665.1.S1_at,,unmapped,0,
LesAffx.1305.1.S1_at,,unmapped,0,
LesAffx.1064.1.S1_at,,unmapped,0,
LesAffx.1244.1.S1_at,,unmapped,0,
LesAffx.1244.2.A1_at,,unmapped,0,
LesAffx.10235.1.A1_at,,unmapped,0,
LesAffx.12445.1.S1_at,,unmapped,0,
LesAffx.1064.2.S1_at,,unmapped,0,
LesAffx.12268.1.S1_at,,unmapped,0,
LesAffx.105.1.S1_at,,unmapped,0,
LesAffx.12574.1.S1_at,,unmapped,0,
LesAffx.10338.1.S1_at,,unmapped,0,
LesAffx.12783.1.A1_at,,unmapped,0,
LesAffx.10528.1.S1_at,,unmapped,0,
LesAffx.11665.1.A1_at,,unmapped,0,
LesAffx.11231.1.S1_at,,unmapped,0,
LesAffx.1225.1.S1_at,,unmapped,0,
LesAffx.1251.1.S1_at,,unmapped,0,
LesAffx.12445.1.A1_at,,unmapped,0,
LesAffx.1074.1.S1_at,,unmapped,0,
LesAffx.10596.1.S1_at,,unmapped,2,
LesAffx.12265.1.S1_at,,unmapped,0,
LesAffx.12574.1.A1_at,,unmapped,0,
LesAffx.12674.1.S1_at,,unmapped,0,
LesAffx.10348.1.S1_at,,unmapped,0,
LesAffx.1222.1.S1_at,,unmapped,0,
LesAffx.15284.1.S1_at,,unmapped,0,
LesAffx.15004.1.S1_at,Solyc03g118060,one_to_one_signature_target,11,Solyc03g118060
LesAffx.16952.1.S1_at,,unmapped,0,
LesAffx.16952.2.A1_at,,unmapped,0,
LesAffx.16595.1.S1_at,,unmapped,0,
LesAffx.16939.1.S1_at,,unmapped,0,
LesAffx.16424.1.A1_at,,unmapped,0,
LesAffx.15757.1.S1_at,,unmapped,0,
LesAffx.17066.1.S1_at,,unmapped,0,
LesAffx.14665.1.S1_at,,unmapped,0,
LesAffx.16524.1.S1_at,,unmapped,0,
LesAffx.15226.1.S1_at,,unmapped,0,
LesAffx.1454.1.S1_at,,unmapped,0,
LesAffx.15342.1.S1_at,,unmapped,0,
LesAffx.16907.1.S1_at,,unmapped,0,
LesAffx.15265.1.S1_at,,unmapped,0,
LesAffx.14353.1.S1_at,,unmapped,0,
LesAffx.16907.2.S1_at,,unmapped,0,
LesAffx.16939.1.A1_at,,unmapped,0,
LesAffx.14456.1.S1_at,,unmapped,0,
LesAffx.16389.1.S1_at,,unmapped,0,
LesAffx.14736.1.S1_at,,unmapped,0,
LesAffx.17066.1.A1_at,,unmapped,0,
LesAffx.16949.1.S1_at,,unmapped,0,
LesAffx.15226.1.A1_at,,unmapped,0,
LesAffx.1612.3.S1_at,,unmapped,0,
LesAffx.14559.1.S1_at,,unmapped,0,
LesAffx.14321.1.S1_at,,unmapped,0,
LesAffx.16920.1.A1_at,,unmapped,0,
LesAffx.16164.1.S1_at,,unmapped,0,
LesAffx.1490.1.S1_at,,unmapped,0,
LesAffx.17169.1.S1_at,,unmapped,0,
LesAffx.15986.1.S1_at,,unmapped,0,
LesAffx.14450.1.S1_at,,unmapped,0,
LesAffx.17150.1.A1_at,,unmapped,0,
LesAffx.1583.1.S1_at,,unmapped,0,
LesAffx.16943.1.S1_at,,unmapped,0,
LesAffx.15850.1.S1_a_at,,unmapped,0,
LesAffx.1612.1.S1_at,,unmapped,0,
LesAffx.1689.1.S1_at,,unmapped,0,
LesAffx.16769.1.S1_at,,unmapped,0,
LesAffx.1461.1.S1_at,,unmapped,0,
LesAffx.17169.1.A1_at,,unmapped,0,
LesAffx.1461.2.S1_at,,unmapped,0,
LesAffx.1574.7.S1_at,,unmapped,0,
LesAffx.15732.1.S1_at,,unmapped,0,
LesAffx.1574.8.S1_at,,unmapped,0,
LesAffx.16943.1.A1_at,,unmapped,0,
LesAffx.1657.1.S1_at,,unmapped,0,
LesAffx.164.1.A1_at,,unmapped,0,
LesAffx.14682.1.S1_at,,unmapped,0,
LesAffx.14782.1.S1_at,,unmapped,0,
LesAffx.15687.1.S1_at,,unmapped,0,
LesAffx.1574.7.A1_at,,unmapped,0,
LesAffx.17012.1.S1_at,,unmapped,0,
LesAffx.14782.2.S1_at,,unmapped,0,
LesAffx.14341.1.S1_at,,unmapped,0,
LesAffx.1574.8.A1_at,,unmapped,0,
LesAffx.1574.1.S1_at,,unmapped,0,
LesAffx.16950.1.S1_at,,unmapped,0,
LesAffx.17115.1.S1_at,,unmapped,0,
LesAffx.17051.1.S1_at,,unmapped,0,
LesAffx.1574.2.S1_at,,unmapped,0,
LesAffx.1690.2.S1_at,,unmapped,0,
LesAffx.16123.1.S1_at,,unmapped,0,
LesAffx.14840.1.S1_at,,unmapped,0,
LesAffx.1574.3.S1_at,,unmapped,0,
LesAffx.17080.1.S1_at,,unmapped,0,
LesAffx.16966.1.S1_at,,unmapped,0,
LesAffx.17157.1.S1_at,,unmapped,0,
LesAffx.17012.1.A1_at,,unmapped,0,
LesAffx.14782.2.A1_at,,unmapped,0,
LesAffx.15253.1.S1_at,,unmapped,0,
LesAffx.16424.1.S1_s_at,,unmapped,0,
LesAffx.16950.1.A1_at,,unmapped,0,
LesAffx.17115.1.A1_at,,unmapped,0,
LesAffx.1458.1.S1_at,,unmapped,0,
LesAffx.17051.1.A1_at,,unmapped,0,
LesAffx.152.1.S1_at,,unmapped,0,
LesAffx.16474.1.S1_at,,unmapped,0,
LesAffx.17080.1.A1_at,,unmapped,0,
LesAffx.16313.1.S1_at,,unmapped,0,
LesAffx.17064.1.S1_at,,unmapped,0,
LesAffx.16966.1.A1_at,,unmapped,0,
LesAffx.17157.1.A1_at,,unmapped,0,
LesAffx.16442.1.S1_at,,unmapped,0,
LesAffx.16165.1.S1_at,,unmapped,0,
LesAffx.16979.1.S1_at,,unmapped,0,
LesAffx.15237.1.S1_at,,unmapped,0,
LesAffx.15173.1.S1_at,,unmapped,0,
LesAffx.15353.1.S1_at,,unmapped,0,
LesAffx.17032.1.S1_at,,unmapped,0,
LesAffx.16291.2.S1_at,,unmapped,0,
LesAffx.16268.1.S1_at,,unmapped,0,
LesAffx.17135.1.S1_at,,unmapped,0,
LesAffx.17505.1.S1_at,,unmapped,0,
LesAffx.17064.1.A1_at,,unmapped,0,
LesAffx.15469.1.S1_at,,unmapped,0,
LesAffx.15321.1.S1_at,,unmapped,0,
LesAffx.17138.1.S1_at,,unmapped,0,
LesAffx.17164.1.S1_at,,unmapped,0,
LesAffx.16442.1.A1_at,,unmapped,0,
LesAffx.17444.1.S1_at,,unmapped,0,
LesAffx.15028.1.S1_at,,unmapped,0,
LesAffx.16082.1.S1_at,,unmapped,0,
LesAffx.16172.1.S1_at,,unmapped,0,
LesAffx.15353.1.A1_at,,unmapped,0,
LesAffx.14776.1.S1_at,,unmapped,0,
LesAffx.1475.1.S1_at,,unmapped,0,
LesAffx.15067.1.S1_at,,unmapped,0,
LesAffx.15247.1.S1_at,,unmapped,0,
LesAffx.1591.1.S1_at,,unmapped,0,
LesAffx.15247.2.S1_at,,unmapped,0,
LesAffx.16204.1.S1_at,,unmapped,0,
LesAffx.146.1.S1_at,,unmapped,0,
LesAffx.1594.1.S1_at,,unmapped,0,
LesAffx.16928.1.S1_at,,unmapped,0,
LesAffx.16204.2.S1_at,,unmapped,0,
LesAffx.17138.1.A1_at,,unmapped,0,
LesAffx.17081.1.S1_at,,unmapped,0,
LesAffx.16207.1.S1_at,,unmapped,0,
LesAffx.17164.1.A1_at,,unmapped,0,
LesAffx.14770.1.S1_at,,unmapped,0,
LesAffx.16236.1.A1_at,,unmapped,0,
LesAffx.16983.1.S1_at,,unmapped,0,
LesAffx.17148.1.S1_at,,unmapped,0,
LesAffx.15550.1.S1_at,,unmapped,0,
LesAffx.16111.1.S1_at,,unmapped,0,
LesAffx.15878.2.S1_at,,unmapped,0,
LesAffx.15247.2.A1_at,,unmapped,0,
LesAffx.16645.1.S1_at,,unmapped,0,
LesAffx.16925.1.S1_at,,unmapped,0,
LesAffx.16928.1.A1_at,,unmapped,0,
LesAffx.16288.1.S1_at,,unmapped,0,
LesAffx.16204.2.A1_at,,unmapped,0,
LesAffx.17081.1.A1_at,,unmapped,0,
LesAffx.17129.1.S1_at,,unmapped,0,
LesAffx.14638.1.S1_at,,unmapped,0,
LesAffx.17148.1.A1_at,,unmapped,0,
LesAffx.16433.1.S1_at,,unmapped,0,
LesAffx.15299.1.S1_at,,unmapped,0,
LesAffx.16710.2.S1_at,,unmapped,0,
LesAffx.17110.1.S1_at,,unmapped,0,
LesAffx.15550.1.A1_at,,unmapped,0,
LesAffx.15878.2.A1_at,,unmapped,0,
LesAffx.17303.1.S1_at,,unmapped,0,
LesAffx.14542.1.S1_at,,unmapped,0,
LesAffx.16288.1.A1_at,,unmapped,0,
LesAffx.14989.1.S1_at,,unmapped,0,
LesAffx.17129.1.A1_at,,unmapped,0,
LesAffx.16848.1.S1_at,,unmapped,0,
LesAffx.16710.1.S1_at,,unmapped,0,
LesAffx.16710.2.A1_at,,unmapped,0,
LesAffx.17345.1.S1_at,,unmapped,0,
LesAffx.14410.1.S1_at,,unmapped,0,
LesAffx.17110.1.A1_at,,unmapped,0,
LesAffx.16353.1.S1_at,,unmapped,0,
LesAffx.14867.1.S1_at,,unmapped,0,
LesAffx.16356.1.S1_at,,unmapped,0,
LesAffx.17303.1.A1_at,,unmapped,0,
LesAffx.16102.1.S1_at,,unmapped,0,
LesAffx.16472.1.S1_at,,unmapped,0,
LesAffx.15544.1.S1_at,,unmapped,0,
LesAffx.15898.1.S1_at,,unmapped,0,
LesAffx.17387.1.S1_at,,unmapped,0,
LesAffx.15850.1.S1_at,,unmapped,0,
LesAffx.163.1.S1_at,,unmapped,0,
LesAffx.15898.2.S1_at,,unmapped,0,
LesAffx.15850.2.S1_at,,unmapped,0,
LesAffx.14185.1.S1_at,,unmapped,0,
LesAffx.16848.1.A1_at,,unmapped,0,
LesAffx.17162.1.S1_at,,unmapped,0,
LesAffx.17191.1.A1_at,,unmapped,0,
LesAffx.16884.1.S1_at,,unmapped,0,
LesAffx.17178.1.S1_at,,unmapped,0,
LesAffx.16247.2.S1_at,,unmapped,0,
LesAffx.17130.1.S1_at,,unmapped,0,
LesAffx.16086.1.S1_at,Solyc07g055690,one_to_one_signature_target,11,Solyc07g055690
LesAffx.16672.1.S1_at,,unmapped,0,
LesAffx.17107.1.S1_at,,unmapped,0,
LesAffx.17017.1.S1_at,,unmapped,0,
LesAffx.15850.2.A1_at,,unmapped,0,
LesAffx.17162.1.A1_at,,unmapped,0,
LesAffx.16469.1.S1_at,,unmapped,0,
LesAffx.16952.2.S1_at,,unmapped,0,
LesAffx.1695.1.S1_at,,unmapped,0,
LesAffx.15303.1.S1_at,,unmapped,0,
LesAffx.15953.1.S1_at,,unmapped,0,
LesAffx.17352.1.S1_at,,unmapped,0,
LesAffx.14681.1.S1_at,,unmapped,0,
LesAffx.14665.2.S1_at,,unmapped,0,
LesAffx.17339.1.S1_at,,unmapped,0,
LesAffx.17178.1.A1_at,,unmapped,0,
LesAffx.16247.1.S1_at,,unmapped,0,
LesAffx.17130.1.A1_at,,unmapped,0,
LesAffx.16672.1.A1_at,,unmapped,0,
LesAffx.15921.1.S1_at,,unmapped,0,
LesAffx.17107.1.A1_at,,unmapped,0,
LesAffx.17420.1.S1_at,,unmapped,0,
LesAffx.14903.1.S1_at,,unmapped,0,
LesAffx.22898.1.S1_at,,unmapped,0,
LesAffx.20849.2.S1_at,,unmapped,0,
LesAffx.22483.1.A1_at,,unmapped,0,
LesAffx.20344.1.S1_at,,unmapped,0,
LesAffx.20534.1.S1_at,,unmapped,0,
LesAffx.22583.1.S1_at,,unmapped,0,
LesAffx.22863.1.S1_at,,unmapped,0,
LesAffx.20534.2.S1_at,,unmapped,0,
LesAffx.18338.1.S1_at,,unmapped,0,
LesAffx.22026.1.S1_at,,unmapped,0,
LesAffx.19015.1.S1_at,,unmapped,0,
LesAffx.1959.2.S1_at,,unmapped,0,
LesAffx.19015.2.S1_at,,unmapped,0,
LesAffx.1959.3.S1_at,,unmapped,0,
LesAffx.1959.4.S1_at,,unmapped,0,
LesAffx.21877.1.S1_at,,unmapped,0,
LesAffx.21803.1.S1_at,,unmapped,0,
LesAffx.18892.1.S1_at,,unmapped,0,
LesAffx.1956.1.S1_at,,unmapped,0,
LesAffx.18705.1.S1_at,,unmapped,0,
LesAffx.19012.1.S1_at,,unmapped,0,
LesAffx.1959.1.S1_at,,unmapped,0,
LesAffx.19952.1.S1_at,,unmapped,0,
LesAffx.22036.1.S1_at,,unmapped,0,
LesAffx.18860.1.S1_at,,unmapped,0,
LesAffx.1821.2.S1_at,,unmapped,0,
LesAffx.22812.2.S1_at,,unmapped,0,
LesAffx.19424.1.S1_at,,unmapped,0,
LesAffx.20119.1.S1_at,,unmapped,0,
LesAffx.2118.1.S1_at,,unmapped,0,
LesAffx.18686.1.S1_at,,unmapped,0,
LesAffx.20959.1.S1_at,,unmapped,0,
LesAffx.19012.1.A1_at,,unmapped,0,
LesAffx.18345.1.S1_at,,unmapped,0,
LesAffx.22297.1.S1_at,,unmapped,0,
LesAffx.20734.1.S1_at,,unmapped,0,
LesAffx.19952.1.A1_at,,unmapped,0,
LesAffx.19286.1.S1_at,,unmapped,0,
LesAffx.22503.1.S1_at,,unmapped,0,
LesAffx.22413.1.S1_at,,unmapped,0,
LesAffx.21675.1.S1_at,,unmapped,0,
LesAffx.18400.1.S1_at,,unmapped,0,
LesAffx.22699.1.A1_at,,unmapped,0,
LesAffx.21820.1.S1_at,,unmapped,0,
LesAffx.19740.1.S1_at,,unmapped,0,
LesAffx.17678.1.S1_at,,unmapped,0,
LesAffx.1876.1.S1_at,,unmapped,0,
LesAffx.21022.1.S1_at,,unmapped,0,
LesAffx.17678.2.S1_at,,unmapped,0,
LesAffx.2135.4.S1_at,,unmapped,0,
LesAffx.21675.1.A1_at,,unmapped,0,
LesAffx.187.1.S1_at,,unmapped,0,
LesAffx.21585.1.S1_at,,unmapped,0,
LesAffx.20007.1.S1_at,Solyc12g098340,one_to_one_signature_target,11,Solyc12g098340
LesAffx.18854.1.S1_at,,unmapped,0,
LesAffx.19389.1.S1_at,,unmapped,0,
LesAffx.22246.1.S1_at,,unmapped,0,
LesAffx.22246.2.S1_at,,unmapped,0,
LesAffx.17739.1.S1_at,,unmapped,0,
LesAffx.2251.1.S1_at,,unmapped,0,
LesAffx.19138.1.S1_at,,unmapped,0,
LesAffx.22735.1.S1_at,,unmapped,0,
LesAffx.2135.2.S1_at,,unmapped,0,
LesAffx.1883.1.S1_at,,unmapped,0,
LesAffx.19750.1.S1_at,,unmapped,0,
LesAffx.22491.2.S1_at,,unmapped,0,
LesAffx.2135.3.S1_at,,unmapped,0,
LesAffx.22420.1.S1_at,,unmapped,0,
LesAffx.18011.1.S1_at,,unmapped,0,
LesAffx.20168.1.S1_at,,unmapped,0,
LesAffx.18735.1.S1_at,,unmapped,0,
LesAffx.17707.1.S1_at,,unmapped,0,
LesAffx.22037.1.S1_at,,unmapped,0,
LesAffx.18394.1.S1_at,,unmapped,0,
LesAffx.21341.1.S1_at,,unmapped,0,
LesAffx.18230.1.S1_at,,unmapped,0,
LesAffx.20757.1.S1_at,,unmapped,0,
LesAffx.18117.1.S1_at,,unmapped,0,
LesAffx.1790.1.S1_at,,unmapped,0,
LesAffx.18587.1.S1_at,,unmapped,0,
LesAffx.22735.1.A1_at,,unmapped,0,
LesAffx.2135.1.S1_at,,unmapped,0,
LesAffx.18867.1.S1_at,,unmapped,0,
LesAffx.21904.1.S1_at,,unmapped,0,
LesAffx.22835.1.S1_at,,unmapped,0,
LesAffx.22491.2.A1_at,,unmapped,0,
LesAffx.19390.1.S1_at,,unmapped,0,
LesAffx.19708.1.S1_at,,unmapped,0,
LesAffx.1861.4.S1_at,,unmapped,0,
LesAffx.21383.1.S1_at,,unmapped,0,
LesAffx.21843.1.S1_at,,unmapped,0,
LesAffx.19390.2.S1_at,,unmapped,0,
LesAffx.18735.1.A1_at,,unmapped,0,
LesAffx.21843.2.S1_at,,unmapped,0,
LesAffx.20429.2.S1_at,,unmapped,0,
LesAffx.20709.2.S1_at,,unmapped,0,
LesAffx.21576.1.S1_at,,unmapped,0,
LesAffx.19438.3.S1_at,,unmapped,0,
LesAffx.18394.1.A1_at,,unmapped,0,
LesAffx.20429.3.S1_at,,unmapped,0,
LesAffx.19956.1.S1_at,,unmapped,0,
LesAffx.18330.1.S1_at,,unmapped,0,
LesAffx.18117.1.A1_at,,unmapped,0,
LesAffx.18594.1.S1_at,,unmapped,0,
LesAffx.1861.2.S1_at,,unmapped,0,
LesAffx.21441.2.S1_at,,unmapped,0,
LesAffx.1954.1.S1_at,,unmapped,0,
LesAffx.18597.1.S1_at,,unmapped,0,
LesAffx.2171.1.S1_at,,unmapped,0,
LesAffx.21940.1.S1_at,,unmapped,0,
LesAffx.19094.1.S1_at,,unmapped,0,
LesAffx.19618.1.S1_at,,unmapped,0,
LesAffx.22755.1.S1_at,,unmapped,0,
LesAffx.21457.1.S1_at,,unmapped,0,
LesAffx.19924.1.S1_at,,unmapped,0,
LesAffx.20429.1.S1_at,,unmapped,0,
LesAffx.21843.2.A1_at,,unmapped,0,
LesAffx.19438.2.S1_at,,unmapped,0,
LesAffx.20391.1.S1_at,,unmapped,0,
LesAffx.18906.1.S1_at,,unmapped,0,
LesAffx.18932.1.S1_at,,unmapped,0,
LesAffx.22037.1.A1_at,,unmapped,0,
LesAffx.178.1.S1_at,,unmapped,0,
LesAffx.21763.2.S1_at,,unmapped,0,
LesAffx.18906.2.S1_at,,unmapped,0,
LesAffx.178.2.S1_at,,unmapped,0,
LesAffx.17663.1.S1_at,,unmapped,0,
LesAffx.22051.4.S1_at,,unmapped,0,
LesAffx.22813.1.S1_at,,unmapped,0,
LesAffx.19522.1.S1_at,,unmapped,0,
LesAffx.21589.1.S1_at,,unmapped,0,
LesAffx.21441.2.A1_at,,unmapped,0,
LesAffx.21605.1.S1_at,,unmapped,0,
LesAffx.17663.2.S1_at,,unmapped,0,
LesAffx.22051.5.S1_at,,unmapped,0,
LesAffx.21058.1.S1_at,,unmapped,0,
LesAffx.21940.1.A1_at,,unmapped,0,
LesAffx.20922.1.S1_at,,unmapped,0,
LesAffx.19654.1.S1_at,,unmapped,0,
LesAffx.21557.1.S1_at,,unmapped,0,
LesAffx.21647.1.S1_at,,unmapped,0,
LesAffx.22051.2.S1_at,,unmapped,0,
LesAffx.22051.3.S1_at,,unmapped,0,
LesAffx.18549.1.S1_at,,unmapped,0,
LesAffx.20034.1.S1_at,,unmapped,0,
LesAffx.17663.2.A1_at,,unmapped,0,
LesAffx.22051.5.A1_at,,unmapped,0,
LesAffx.21461.1.S1_at,,unmapped,0,
LesAffx.2226.1.S1_at,,unmapped,0,
LesAffx.22466.1.S1_at,,unmapped,0,
LesAffx.2226.2.S1_at,,unmapped,0,
LesAffx.19291.1.S1_at,,unmapped,0,
LesAffx.19979.1.S1_at,,unmapped,0,
LesAffx.19571.1.S1_at,,unmapped,0,
LesAffx.18987.1.S1_at,,unmapped,0,
LesAffx.22051.1.S1_at,,unmapped,0,
LesAffx.20752.1.S1_at,,unmapped,0,
LesAffx.19017.1.S1_at,,unmapped,0,
LesAffx.22688.1.S1_at,,unmapped,0,
LesAffx.17924.1.S1_at,,unmapped,0,
LesAffx.18025.1.S1_at,,unmapped,0,
LesAffx.20108.1.S1_at,,unmapped,0,
LesAffx.22830.1.S1_at,,unmapped,0,
LesAffx.20948.1.S1_at,,unmapped,0,
LesAffx.17773.1.S1_at,,unmapped,0,
LesAffx.1881.1.S1_at,,unmapped,0,
LesAffx.2226.2.A1_at,,unmapped,0,
LesAffx.21979.1.S1_at,,unmapped,0,
LesAffx.20507.1.S1_at,,unmapped,0,
LesAffx.2072.1.S1_at,,unmapped,0,
LesAffx.17522.1.S1_at,,unmapped,0,
LesAffx.20723.1.S1_at,,unmapped,0,
LesAffx.20903.1.S1_at,,unmapped,0,
LesAffx.18067.1.S1_at,,unmapped,0,
LesAffx.20826.1.S1_at,,unmapped,0,
LesAffx.17741.1.S1_at,,unmapped,0,
LesAffx.20948.1.A1_at,,unmapped,0,
LesAffx.19333.1.S1_at,,unmapped,0,
LesAffx.20450.1.S1_at,,unmapped,0,
LesAffx.21101.1.S1_at,Solyc03g121600,one_to_one_signature_target,10,Solyc03g121600
LesAffx.18344.1.S1_at,,unmapped,0,
LesAffx.18878.1.S1_at,,unmapped,0,
LesAffx.2246.1.S1_at,,unmapped,0,
LesAffx.18804.1.S1_at,,unmapped,0,
LesAffx.21854.1.S1_at,,unmapped,0,
LesAffx.18653.1.S1_at,,unmapped,0,
LesAffx.179.1.S1_at,,unmapped,0,
LesAffx.22811.1.S1_at,,unmapped,0,
LesAffx.21603.1.S1_at,,unmapped,0,
LesAffx.20929.1.S1_at,,unmapped,0,
LesAffx.18872.1.S1_at,,unmapped,0,
LesAffx.22174.1.S1_at,,unmapped,0,
LesAffx.22290.1.S1_at,,unmapped,0,
LesAffx.22100.1.S1_at,,unmapped,0,
LesAffx.17970.1.S1_at,,unmapped,0,
LesAffx.18344.1.A1_at,,unmapped,0,
LesAffx.18878.1.A1_at,,unmapped,0,
LesAffx.22457.1.S1_at,,unmapped,0,
LesAffx.22483.1.S1_at,,unmapped,0,
LesAffx.20849.1.S1_at,,unmapped,0,
LesAffx.24397.1.S1_at,,unmapped,0,
LesAffx.23791.1.S1_at,,unmapped,0,
LesAffx.23884.1.A1_at,,unmapped,0,
LesAffx.24799.2.A1_at,,unmapped,0,
LesAffx.27262.1.S1_a_at,,unmapped,0,
LesAffx.24391.1.S1_at,,unmapped,0,
LesAffx.24178.1.A1_at,,unmapped,0,
LesAffx.24571.1.S1_at,,unmapped,0,
LesAffx.24294.1.A1_at,,unmapped,0,
LesAffx.26668.1.S1_at,,unmapped,0,
LesAffx.25476.2.A1_at,,unmapped,0,
LesAffx.27409.1.S1_at,,unmapped,0,
LesAffx.24204.1.S1_at,,unmapped,0,
LesAffx.2488.1.S1_at,,unmapped,0,
LesAffx.25019.1.S1_at,,unmapped,0,
LesAffx.26417.1.S1_at,,unmapped,0,
LesAffx.26417.2.S1_at,,unmapped,0,
LesAffx.27123.1.S1_at,,unmapped,0,
LesAffx.2427.2.S1_at,,unmapped,0,
LesAffx.25914.1.S1_at,,unmapped,0,
LesAffx.23154.1.S1_at,,unmapped,0,
LesAffx.23154.2.S1_at,,unmapped,0,
LesAffx.25483.1.S1_at,,unmapped,0,
LesAffx.25827.1.S1_at,,unmapped,0,
LesAffx.26108.1.S1_at,,unmapped,0,
LesAffx.2369.1.S1_at,,unmapped,0,
LesAffx.23347.1.S1_at,,unmapped,0,
LesAffx.24204.1.A1_at,,unmapped,0,
LesAffx.27265.1.S1_at,,unmapped,0,
LesAffx.25451.1.S1_at,,unmapped,0,
LesAffx.23009.1.S1_at,,unmapped,0,
LesAffx.2427.1.S1_at,,unmapped,0,
LesAffx.25184.1.S1_at,,unmapped,0,
LesAffx.24716.1.S1_at,,unmapped,0,
LesAffx.26141.1.S1_at,,unmapped,0,
LesAffx.26051.1.S1_at,,unmapped,0,
LesAffx.25097.1.S1_at,,unmapped,0,
LesAffx.26495.1.S1_at,,unmapped,0,
LesAffx.23560.1.S1_at,,unmapped,0,
LesAffx.25303.1.S1_at,,unmapped,0,
LesAffx.26054.1.S1_at,,unmapped,0,
LesAffx.24121.2.S1_at,,unmapped,0,
LesAffx.24520.1.S1_at,,unmapped,0,
LesAffx.23486.1.S1_at,,unmapped,0,
LesAffx.25319.1.S1_at,,unmapped,0,
LesAffx.23109.1.S1_at,,unmapped,0,
LesAffx.25588.1.S1_s_at,,unmapped,0,
LesAffx.24192.1.S1_at,,unmapped,0,
LesAffx.27053.1.S1_at,,unmapped,0,
LesAffx.26054.1.A1_at,,unmapped,0,
LesAffx.23563.1.A1_at,,unmapped,0,
LesAffx.25313.1.S1_at,,unmapped,0,
LesAffx.24121.2.A1_at,,unmapped,0,
LesAffx.24549.1.S1_at,,unmapped,0,
LesAffx.26180.1.S1_at,,unmapped,0,
LesAffx.26370.1.S1_at,,unmapped,0,
LesAffx.24134.1.S1_at,,unmapped,0,
LesAffx.25786.1.S1_at,,unmapped,0,
LesAffx.24533.1.A1_at,,unmapped,0,
LesAffx.23119.1.S1_at,,unmapped,0,
LesAffx.23332.2.S1_at,,unmapped,0,
LesAffx.24192.1.A1_at,,unmapped,0,
LesAffx.2447.1.S1_at,,unmapped,0,
LesAffx.23309.1.S1_at,,unmapped,0,
LesAffx.24086.1.S1_at,,unmapped,0,
LesAffx.24176.1.S1_at,,unmapped,0,
LesAffx.27262.2.S1_a_at,,unmapped,0,
LesAffx.25133.1.S1_at,,unmapped,0,
LesAffx.26801.1.S1_at,,unmapped,0,
LesAffx.26531.1.S1_at,,unmapped,0,
LesAffx.24279.1.S1_at,,unmapped,0,
LesAffx.24134.1.A1_at,,unmapped,0,
LesAffx.23467.1.S1_at,,unmapped,0,
LesAffx.25416.1.S1_at,,unmapped,0,
LesAffx.24208.1.S1_at,,unmapped,0,
LesAffx.26003.1.S1_at,,unmapped,0,
LesAffx.24958.1.S1_at,,unmapped,0,
LesAffx.2428.1.S1_at,,unmapped,0,
LesAffx.23332.1.S1_at,,unmapped,0,
LesAffx.23119.1.A1_at,,unmapped,0,
LesAffx.2454.1.S1_at,,unmapped,0,
LesAffx.26843.1.S1_at,,unmapped,0,
LesAffx.24086.1.A1_at,,unmapped,0,
LesAffx.24176.1.A1_at,,unmapped,0,
LesAffx.2457.1.S1_at,,unmapped,0,
LesAffx.23969.1.S1_at,,unmapped,0,
LesAffx.24096.1.S1_at,,unmapped,0,
LesAffx.24556.1.S1_at,,unmapped,0,
LesAffx.24279.1.A1_at,,unmapped,0,
LesAffx.26489.1.S1_at,,unmapped,0,
LesAffx.26325.1.S1_at,,unmapped,0,
LesAffx.23467.1.A1_at,,unmapped,0,
LesAffx.252.1.S1_at,,unmapped,0,
LesAffx.24208.1.A1_at,,unmapped,0,
LesAffx.26238.1.S1_at,,unmapped,0,
LesAffx.26003.1.A1_at,,unmapped,0,
LesAffx.23937.1.S1_at,,unmapped,0,
LesAffx.26570.1.S1_at,,unmapped,0,
LesAffx.265.1.S1_at,,unmapped,0,
LesAffx.24128.1.S1_at,,unmapped,0,
LesAffx.24154.1.S1_at,,unmapped,0,
LesAffx.23969.1.A1_at,,unmapped,0,
LesAffx.24167.1.S1_at,,unmapped,0,
LesAffx.24714.2.S1_at,,unmapped,0,
LesAffx.24096.1.A1_at,,unmapped,0,
LesAffx.23509.1.S1_at,,unmapped,0,
LesAffx.26052.1.S1_at,,unmapped,0,
LesAffx.2303.1.S1_at,,unmapped,0,
LesAffx.25304.1.S1_at,,unmapped,0,
LesAffx.24196.1.S1_at,,unmapped,0,
LesAffx.26052.2.S1_at,,unmapped,0,
LesAffx.25864.1.S1_at,,unmapped,0,
LesAffx.24212.1.S1_at,,unmapped,0,
LesAffx.2596.1.S1_at,,unmapped,0,
LesAffx.26238.1.A1_at,,unmapped,0,
LesAffx.23937.1.A1_at,,unmapped,0,
LesAffx.24128.1.A1_at,,unmapped,0,
LesAffx.24154.1.A1_at,,unmapped,0,
LesAffx.23397.1.S1_at,,unmapped,0,
LesAffx.23667.1.S1_at,,unmapped,0,
LesAffx.25436.1.S1_at,,unmapped,0,
LesAffx.25192.1.S1_at,,unmapped,0,
LesAffx.27395.1.S1_at,,unmapped,0,
LesAffx.24714.1.S1_at,,unmapped,0,
LesAffx.24167.1.A1_at,,unmapped,0,
LesAffx.26467.1.S1_at,,unmapped,0,
LesAffx.24293.1.S1_at,,unmapped,0,
LesAffx.24637.1.S1_at,Solyc02g088270,one_to_one_signature_target,11,Solyc02g088270
LesAffx.24212.1.A1_at,,unmapped,0,
LesAffx.23915.1.S1_at,,unmapped,0,
LesAffx.24132.1.S1_at,,unmapped,0,
LesAffx.24042.1.S1_at,,unmapped,0,
LesAffx.26129.1.S1_at,,unmapped,0,
LesAffx.25108.2.S1_at,,unmapped,0,
LesAffx.23667.1.A1_at,,unmapped,0,
LesAffx.23857.1.A1_at,,unmapped,0,
LesAffx.2471.1.S1_at,,unmapped,0,
LesAffx.22955.1.S1_at,,unmapped,0,
LesAffx.26471.3.S1_at,,unmapped,0,
LesAffx.24544.1.S1_at,,unmapped,0,
LesAffx.26387.1.S1_at,,unmapped,0,
LesAffx.2638.1.S1_at,,unmapped,0,
LesAffx.24293.1.A1_at,,unmapped,0,
LesAffx.2638.2.S1_at,,unmapped,0,
LesAffx.23915.1.A1_at,,unmapped,0,
LesAffx.24132.1.A1_at,,unmapped,0,
LesAffx.23465.1.S1_at,,unmapped,0,
LesAffx.23581.1.S1_at,,unmapped,0,
LesAffx.25044.1.S1_at,,unmapped,0,
LesAffx.24116.1.S1_at,,unmapped,0,
LesAffx.24206.1.S1_at,,unmapped,0,
LesAffx.25974.1.S1_at,,unmapped,0,
LesAffx.25630.1.S1_at,,unmapped,0,
LesAffx.23510.1.S1_at,,unmapped,0,
LesAffx.26471.1.S1_at,,unmapped,0,
LesAffx.2632.1.S1_at,,unmapped,0,
LesAffx.25797.1.S1_at,,unmapped,0,
LesAffx.27006.1.S1_at,,unmapped,0,
LesAffx.26471.2.S1_at,,unmapped,0,
LesAffx.2632.2.S1_at,,unmapped,0,
LesAffx.26471.3.A1_at,,unmapped,0,
LesAffx.25337.2.S1_at,,unmapped,0,
LesAffx.23433.1.S1_at,,unmapped,0,
LesAffx.26970.1.S1_at,,unmapped,0,
LesAffx.24200.1.S1_at,,unmapped,0,
LesAffx.269.2.S1_at,,unmapped,0,
LesAffx.2638.2.A1_at,,unmapped,0,
LesAffx.25459.1.S1_at,,unmapped,0,
LesAffx.24583.1.S1_at,,unmapped,0,
LesAffx.23349.1.S1_at,,unmapped,0,
LesAffx.24116.1.A1_at,,unmapped,0,
LesAffx.25974.1.A1_at,,unmapped,0,
LesAffx.2307.2.S1_at,,unmapped,0,
LesAffx.25244.2.S1_at,,unmapped,0,
LesAffx.24966.1.S1_at,,unmapped,0,
LesAffx.26661.1.S1_at,,unmapped,0,
LesAffx.25337.1.S1_at,,unmapped,0,
LesAffx.24371.1.S1_at,,unmapped,0,
LesAffx.23253.1.S1_at,,unmapped,0,
LesAffx.24200.1.A1_at,,unmapped,0,
LesAffx.23253.2.S1_at,,unmapped,0,
LesAffx.2307.1.S1_at,,unmapped,0,
LesAffx.23295.1.S1_at,,unmapped,0,
LesAffx.2597.1.S1_at,,unmapped,0,
LesAffx.25244.1.S1_at,,unmapped,0,
LesAffx.26661.1.A1_at,,unmapped,0,
LesAffx.24696.1.S1_at,,unmapped,0,
LesAffx.23884.1.S1_at,,unmapped,0,
LesAffx.25627.1.S1_at,,unmapped,0,
LesAffx.27206.1.S1_at,,unmapped,0,
LesAffx.24799.1.S1_at,,unmapped,1,
LesAffx.23237.1.S1_at,,unmapped,0,
LesAffx.26378.1.S1_at,,unmapped,0,
LesAffx.24799.2.S1_at,,unmapped,0,
LesAffx.25476.1.S1_at,,unmapped,0,
LesAffx.24178.1.S1_at,,unmapped,0,
LesAffx.24384.1.S1_at,,unmapped,0,
LesAffx.2298.1.S1_at,,unmapped,0,
LesAffx.23546.1.S1_at,,unmapped,0,
LesAffx.25476.2.S1_at,,unmapped,0,
LesAffx.31317.11.S1_at,,unmapped,0,
LesAffx.286.4.S1_at,,unmapped,0,
LesAffx.30169.1.S1_at,,unmapped,0,
LesAffx.32379.2.S1_at,,unmapped,0,
LesAffx.31773.1.S1_at,,unmapped,0,
LesAffx.31052.1.A1_at,,unmapped,0,
LesAffx.31873.1.S1_at,,unmapped,0,
LesAffx.30938.1.A1_at,,unmapped,0,
LesAffx.29757.2.A1_at,,unmapped,0,
LesAffx.31406.1.S1_at,,unmapped,0,
LesAffx.3110.2.A1_at,,unmapped,0,
LesAffx.30948.1.S1_at,,unmapped,0,
LesAffx.30810.1.S1_at,,unmapped,0,
LesAffx.30900.1.S1_at,,unmapped,0,
LesAffx.30562.1.A1_at,,unmapped,0,
LesAffx.30842.1.A1_at,,unmapped,0,
LesAffx.3001.1.S1_at,,unmapped,0,
LesAffx.27538.1.S1_at,,unmapped,0,
LesAffx.29243.1.S1_at,,unmapped,0,
LesAffx.30948.1.A1_at,,unmapped,0,
LesAffx.30810.1.A1_at,,unmapped,0,
LesAffx.30083.1.S1_at,,unmapped,0,
LesAffx.30987.1.S1_at,,unmapped,0,
LesAffx.29301.1.S1_at,,unmapped,0,
LesAffx.29378.1.S1_at,Solyc02g070790,one_to_one_signature_target,11,Solyc02g070790
LesAffx.2868.1.S1_at,,unmapped,0,
LesAffx.29304.1.S1_at,,unmapped,0,
LesAffx.3059.1.S1_at,,unmapped,0,
LesAffx.29938.1.S1_at,,unmapped,0,
LesAffx.31317.8.S1_at,,unmapped,0,
LesAffx.29037.1.S1_at,,unmapped,0,
LesAffx.286.2.S1_a_at,,unmapped,0,
LesAffx.31317.9.S1_at,,unmapped,0,
LesAffx.29993.1.S1_at,,unmapped,0,
LesAffx.28505.1.S1_at,,unmapped,0,
LesAffx.31056.2.S1_at,,unmapped,0,
LesAffx.30987.1.A1_at,,unmapped,0,
LesAffx.31185.1.S1_at,,unmapped,0,
LesAffx.30807.1.S1_at,,unmapped,0,
LesAffx.31317.6.S1_at,,unmapped,0,
LesAffx.30862.1.S1_at,,unmapped,0,
LesAffx.31317.7.S1_at,,unmapped,0,
LesAffx.31056.2.A1_at,,unmapped,0,
LesAffx.29797.1.S1_at,,unmapped,0,
LesAffx.30318.1.S1_at,,unmapped,0,
LesAffx.31317.3.S1_at,,unmapped,0,
LesAffx.27587.1.S1_at,,unmapped,0,
LesAffx.31716.2.S1_at,,unmapped,0,
LesAffx.2936.1.S1_at,,unmapped,0,
LesAffx.30862.1.A1_at,,unmapped,0,
LesAffx.31240.1.S1_at,,unmapped,0,
LesAffx.27809.1.S1_at,,unmapped,0,
LesAffx.27925.1.S1_at,,unmapped,0,
LesAffx.31063.1.S1_at,,unmapped,0,
LesAffx.30972.1.S1_at,,unmapped,0,
LesAffx.31317.1.S1_at,,unmapped,0,
LesAffx.3079.1.S1_at,,unmapped,0,
LesAffx.27809.2.S1_at,,unmapped,0,
LesAffx.3121.1.S1_at,,unmapped,0,
LesAffx.28956.1.S1_at,,unmapped,0,
LesAffx.31317.2.S1_at,,unmapped,0,
LesAffx.30949.1.S1_at,,unmapped,0,
LesAffx.2840.2.S1_at,,unmapped,0,
LesAffx.30811.1.S1_at,,unmapped,0,
LesAffx.3121.2.S1_at,,unmapped,0,
LesAffx.31192.1.S1_at,,unmapped,0,
LesAffx.28956.2.S1_at,,unmapped,0,
LesAffx.31716.1.S1_at,,unmapped,0,
LesAffx.28335.1.S1_at,,unmapped,0,
LesAffx.28869.1.S1_at,,unmapped,0,
LesAffx.31079.1.S1_at,,unmapped,0,
LesAffx.30267.1.S1_at,,unmapped,0,
LesAffx.3163.1.S1_at,,unmapped,0,
LesAffx.28554.1.S1_at,,unmapped,0,
LesAffx.30483.1.S1_at,,unmapped,0,
LesAffx.30573.1.S1_at,,unmapped,0,
LesAffx.3163.2.S1_at,,unmapped,0,
LesAffx.31298.1.S1_at,,unmapped,0,
LesAffx.30573.2.S1_at,,unmapped,0,
LesAffx.3002.1.S1_at,,unmapped,0,
LesAffx.30972.1.A1_at,,unmapped,0,
LesAffx.2840.1.A1_at,,unmapped,0,
LesAffx.27809.2.A1_at,,unmapped,0,
LesAffx.30946.1.S1_at,,unmapped,0,
LesAffx.27591.1.S1_at,,unmapped,0,
LesAffx.30949.1.A1_at,,unmapped,0,
LesAffx.30811.1.A1_at,,unmapped,0,
LesAffx.30145.1.S1_at,,unmapped,0,
LesAffx.30869.1.S1_at,,unmapped,0,
LesAffx.29730.2.S1_at,,unmapped,0,
LesAffx.31079.1.A1_at,,unmapped,0,
LesAffx.30148.1.S1_at,,unmapped,0,
LesAffx.31482.1.S1_at,,unmapped,0,
LesAffx.2998.3.S1_at,,unmapped,0,
LesAffx.30544.1.S1_at,,unmapped,1,
LesAffx.30483.1.A1_at,,unmapped,0,
LesAffx.29212.1.S1_at,,unmapped,0,
LesAffx.30946.1.A1_at,,unmapped,0,
LesAffx.28567.1.S1_at,,unmapped,0,
LesAffx.31514.1.S1_at,,unmapped,0,
LesAffx.31073.1.A1_at,,unmapped,0,
LesAffx.3012.1.S1_at,,unmapped,0,
LesAffx.29801.1.S1_at,,unmapped,0,
LesAffx.30683.2.S1_at,,unmapped,0,
LesAffx.27729.1.S1_at,,unmapped,0,
LesAffx.31414.3.A1_at,,unmapped,0,
LesAffx.286.3.S1_a_at,,unmapped,0,
LesAffx.2998.1.S1_at,,unmapped,0,
LesAffx.294.1.S1_at,,unmapped,0,
LesAffx.29460.1.S1_at,,unmapped,0,
LesAffx.2998.2.S1_at,,unmapped,0,
LesAffx.27440.1.S1_at,,unmapped,0,
LesAffx.30544.1.A1_at,,unmapped,1,
LesAffx.31022.1.S1_at,,unmapped,0,
LesAffx.2866.1.S1_at,,unmapped,0,
LesAffx.30033.1.S1_at,,unmapped,0,
LesAffx.30683.1.S1_at,,unmapped,0,
LesAffx.30937.1.S1_at,,unmapped,0,
LesAffx.29801.1.A1_at,,unmapped,0,
LesAffx.28368.2.S1_at,,unmapped,0,
LesAffx.31308.1.S1_at,,unmapped,0,
LesAffx.29508.1.S1_at,,unmapped,0,
LesAffx.3099.1.S1_at,,unmapped,0,
LesAffx.2934.1.S1_at,,unmapped,0,
LesAffx.2840.2.S1_a_at,,unmapped,0,
LesAffx.2889.3.S1_at,,unmapped,0,
LesAffx.2960.1.S1_at,,unmapped,0,
LesAffx.31022.1.A1_at,,unmapped,0,
LesAffx.2889.4.S1_at,,unmapped,0,
LesAffx.2840.1.A1_x_at,,unmapped,0,
LesAffx.3218.1.S1_at,,unmapped,0,
LesAffx.31836.1.S1_at,,unmapped,0,
LesAffx.31839.1.A1_at,,unmapped,0,
LesAffx.30937.1.A1_at,,unmapped,0,
LesAffx.28368.1.S1_at,,unmapped,0,
LesAffx.28368.2.A1_at,,unmapped,0,
LesAffx.31308.1.A1_at,,unmapped,0,
LesAffx.30297.1.S1_at,,unmapped,0,
LesAffx.28648.1.S1_at,,unmapped,0,
LesAffx.32066.1.S1_at,,unmapped,0,
LesAffx.31434.1.S1_at,,unmapped,0,
LesAffx.31254.1.S1_at,,unmapped,0,
LesAffx.2889.2.S1_at,,unmapped,0,
LesAffx.31904.2.S1_at,,unmapped,0,
LesAffx.29898.1.S1_at,,unmapped,0,
LesAffx.29850.1.S1_at,,unmapped,0,
LesAffx.3218.1.A1_at,,unmapped,0,
LesAffx.32198.1.S1_at,,unmapped,0,
LesAffx.30628.1.A1_at,,unmapped,0,
LesAffx.30178.1.S1_at,,unmapped,0,
LesAffx.3000.1.S1_at,,unmapped,0,
LesAffx.30944.1.S1_at,,unmapped,0,
LesAffx.3000.2.S1_at,,unmapped,0,
LesAffx.31045.1.S1_at,,unmapped,0,
LesAffx.2889.1.A1_at,,unmapped,0,
LesAffx.30767.1.S1_at,,unmapped,0,
LesAffx.29779.1.S1_at,,unmapped,0,
LesAffx.32359.1.S1_at,Solyc02g092580,one_to_one_signature_target,11,Solyc02g092580
LesAffx.295.2.S1_at,,unmapped,0,
LesAffx.31267.1.S1_at,,unmapped,0,
LesAffx.31317.17.S1_at,,unmapped,0,
LesAffx.30178.1.A1_at,,unmapped,0,
LesAffx.3164.1.A1_at,,unmapped,0,
LesAffx.32414.1.S1_at,,unmapped,0,
LesAffx.28195.1.S1_at,,unmapped,0,
LesAffx.30944.1.A1_at,,unmapped,0,
LesAffx.31045.1.A1_at,,unmapped,0,
LesAffx.28845.1.S1_at,,unmapped,0,
LesAffx.30397.1.A1_at,,unmapped,0,
LesAffx.29242.1.S1_at,,unmapped,0,
LesAffx.30767.1.A1_at,,unmapped,0,
LesAffx.31451.1.S1_at,,unmapped,0,
LesAffx.28668.1.S1_at,,unmapped,0,
LesAffx.28874.1.S1_at,,unmapped,0,
LesAffx.31317.15.S1_at,,unmapped,0,
LesAffx.295.1.S1_at,,unmapped,0,
LesAffx.31364.1.S1_at,,unmapped,0,
LesAffx.28507.1.S1_at,,unmapped,0,
LesAffx.286.9.S1_at,,unmapped,0,
LesAffx.30182.1.S1_at,,unmapped,0,
LesAffx.31317.17.A1_at,,unmapped,0,
LesAffx.27679.1.S1_at,,unmapped,0,
LesAffx.29348.1.S1_at,,unmapped,0,
LesAffx.30832.1.S1_at,,unmapped,0,
LesAffx.31737.1.S1_at,,unmapped,0,
LesAffx.3081.1.S1_at,,unmapped,0,
LesAffx.31052.1.S1_at,,unmapped,0,
LesAffx.30198.1.S1_at,Solyc03g118120,one_to_one_signature_target,11,Solyc03g118120
LesAffx.3110.1.S1_at,,unmapped,0,
LesAffx.29757.2.S1_at,,unmapped,0,
LesAffx.30938.1.S1_at,,unmapped,0,
LesAffx.28874.1.A1_at,,unmapped,0,
LesAffx.29252.1.S1_at,,unmapped,0,
LesAffx.3110.2.S1_at,,unmapped,0,
LesAffx.30163.1.S1_at,,unmapped,0,
LesAffx.29535.1.S1_at,,unmapped,0,
LesAffx.30562.1.S1_at,,unmapped,0,
LesAffx.32379.1.S1_at,,unmapped,0,
LesAffx.30842.1.S1_at,,unmapped,0,
LesAffx.29104.1.S1_at,,unmapped,0,
LesAffx.344.7.S1_at,,unmapped,0,
LesAffx.3499.2.A1_at,,unmapped,0,
LesAffx.34084.1.S1_at,,unmapped,0,
LesAffx.33082.1.S1_at,,unmapped,0,
LesAffx.36123.1.S1_at,,unmapped,0,
LesAffx.33542.1.S1_at,,unmapped,0,
LesAffx.3554.1.A1_at,,unmapped,0,
LesAffx.35945.1.S1_at,,unmapped,0,
LesAffx.344.3.S1_at,,unmapped,0,
LesAffx.3467.1.A1_at,,unmapped,0,
LesAffx.33.1.S1_at,,unmapped,0,
LesAffx.32653.1.S1_at,,unmapped,0,
LesAffx.36049.1.S1_at,,unmapped,0,
LesAffx.33558.1.S1_at,,unmapped,0,
LesAffx.36.1.S1_at,,unmapped,0,
LesAffx.35173.1.S1_at,,unmapped,0,
LesAffx.33890.1.S1_at,,unmapped,0,
LesAffx.34425.1.S1_at,,unmapped,0,
LesAffx.3406.1.S1_at,,unmapped,0,
LesAffx.32865.1.A1_at,,unmapped,0,
LesAffx.33777.1.S1_at,,unmapped,0,
LesAffx.35363.2.S1_at,,unmapped,0,
LesAffx.33777.2.A1_at,,unmapped,0,
LesAffx.32595.1.S1_at,,unmapped,0,
LesAffx.33607.2.S1_s_at,,unmapped,0,
LesAffx.34390.1.S1_at,,unmapped,0,
LesAffx.3438.1.A1_at,,unmapped,0,
LesAffx.344.2.S1_at,,unmapped,0,
LesAffx.3590.1.A1_at,,unmapped,0,
LesAffx.33.1.A1_at,,unmapped,0,
LesAffx.33349.1.S1_at,,unmapped,0,
LesAffx.32563.1.S1_at,,unmapped,0,
LesAffx.3406.1.A1_at,,unmapped,0,
LesAffx.35363.1.S1_at,,unmapped,0,
LesAffx.35363.2.A1_at,,unmapped,0,
LesAffx.3606.1.S1_at,,unmapped,0,
LesAffx.35582.1.S1_at,,unmapped,0,
LesAffx.3635.1.S1_at,,unmapped,0,
LesAffx.3455.1.S1_at,,unmapped,0,
LesAffx.3568.1.S1_a_at,,unmapped,0,
LesAffx.3455.2.S1_at,,unmapped,0,
LesAffx.32840.1.S1_at,,unmapped,0,
LesAffx.34213.1.S1_at,,unmapped,0,
LesAffx.35611.1.S1_at,,unmapped,0,
LesAffx.3394.1.S1_at,,unmapped,0,
LesAffx.33449.1.S1_at,,unmapped,0,
LesAffx.33475.1.S1_at,,unmapped,0,
LesAffx.33224.1.S1_at,,unmapped,0,
LesAffx.33070.1.S1_at,,unmapped,0,
LesAffx.3336.1.S1_at,,unmapped,0,
LesAffx.33443.1.S1_at,,unmapped,0,
LesAffx.3635.1.A1_at,,unmapped,0,
LesAffx.34448.1.S1_at,,unmapped,0,
LesAffx.34294.1.S1_at,,unmapped,0,
LesAffx.3455.2.A1_at,,unmapped,0,
LesAffx.36037.1.S1_at,,unmapped,0,
LesAffx.3555.1.S1_at,,unmapped,0,
LesAffx.33449.1.A1_at,,unmapped,0,
LesAffx.35389.1.S1_at,,unmapped,0,
LesAffx.34107.1.S1_at,,unmapped,0,
LesAffx.34223.1.S1_at,,unmapped,0,
LesAffx.33459.1.S1_at,,unmapped,0,
LesAffx.34973.1.S1_at,,unmapped,0,
LesAffx.3610.1.S1_at,,unmapped,0,
LesAffx.35418.1.S1_at,,unmapped,0,
LesAffx.36079.1.S1_at,,unmapped,0,
LesAffx.35418.2.S1_at,,unmapped,0,
LesAffx.3568.3.S1_at,,unmapped,0,
LesAffx.3336.1.A1_at,,unmapped,0,
LesAffx.3253.2.S1_at,Solyc08g005610,one_to_one_signature_target,11,Solyc08g005610
LesAffx.3256.1.S1_at,,unmapped,0,
LesAffx.3555.1.A1_at,,unmapped,0,
LesAffx.35132.1.S1_at,,unmapped,0,
LesAffx.3629.1.S1_at,,unmapped,0,
LesAffx.35972.1.S1_at,,unmapped,0,
LesAffx.34600.1.S1_at,,unmapped,0,
LesAffx.3610.1.A1_at,,unmapped,0,
LesAffx.32680.1.S1_at,,unmapped,0,
LesAffx.3388.1.S1_at,,unmapped,0,
LesAffx.34603.1.S1_at,,unmapped,0,
LesAffx.32477.1.S1_at,,unmapped,0,
LesAffx.3568.3.A1_at,,unmapped,0,
LesAffx.34336.1.S1_at,,unmapped,0,
LesAffx.3253.1.S1_at,Solyc08g005610,one_to_one_signature_target,11,Solyc08g005610
LesAffx.34986.1.S1_at,,unmapped,0,
LesAffx.3562.1.S1_at,,unmapped,0,
LesAffx.34140.1.S1_at,,unmapped,0,
LesAffx.3388.1.A1_at,,unmapped,0,
LesAffx.3501.1.S1_at,,unmapped,0,
LesAffx.33402.1.S1_at,,unmapped,0,
LesAffx.32477.1.A1_at,,unmapped,0,
LesAffx.3501.2.S1_at,,unmapped,0,
LesAffx.3488.1.S1_at,,unmapped,0,
LesAffx.36086.1.S1_at,,unmapped,0,
LesAffx.3630.1.S1_at,,unmapped,0,
LesAffx.34986.1.A1_at,,unmapped,0,
LesAffx.33164.1.S1_at,,unmapped,0,
LesAffx.3517.1.S1_at,,unmapped,0,
LesAffx.34716.1.S1_at,,unmapped,0,
LesAffx.33344.1.S1_at,,unmapped,0,
LesAffx.33190.1.S1_at,,unmapped,0,
LesAffx.3562.1.A1_at,,unmapped,0,
LesAffx.3572.1.S1_at,,unmapped,0,
LesAffx.34771.1.S1_at,,unmapped,0,
LesAffx.34140.1.A1_at,,unmapped,0,
LesAffx.32705.1.S1_s_at,,unmapped,0,
LesAffx.33402.1.A1_at,,unmapped,0,
LesAffx.35702.1.S1_at,,unmapped,0,
LesAffx.33042.1.S1_at,,unmapped,0,
LesAffx.3488.1.A1_at,,unmapped,0,
LesAffx.35461.1.S1_at,,unmapped,0,
LesAffx.35741.1.S1_at,,unmapped,0,
LesAffx.34787.1.S1_at,,unmapped,0,
LesAffx.3308.1.S1_at,,unmapped,0,
LesAffx.33164.1.A1_at,,unmapped,0,
LesAffx.35741.2.S1_at,,unmapped,0,
LesAffx.33190.1.A1_at,,unmapped,0,
LesAffx.3308.2.S1_at,,unmapped,0,
LesAffx.3244.2.S1_at,,unmapped,0,
LesAffx.3360.2.S1_at,,unmapped,0,
LesAffx.35741.3.S1_at,,unmapped,0,
LesAffx.3527.1.S1_at,,unmapped,0,
LesAffx.3572.1.A1_at,,unmapped,0,
LesAffx.35593.1.S1_at,,unmapped,0,
LesAffx.35406.1.S1_at,,unmapped,0,
LesAffx.35136.1.S1_at,,unmapped,0,
LesAffx.3379.1.S1_at,,unmapped,0,
LesAffx.36193.1.S1_at,,unmapped,0,
LesAffx.33882.1.S1_at,,unmapped,0,
LesAffx.35255.1.S1_at,,unmapped,0,
LesAffx.3244.1.S1_at,,unmapped,0,
LesAffx.33029.1.S1_at,,unmapped,0,
LesAffx.3360.2.A1_at,,unmapped,0,
LesAffx.3460.1.S1_at,,unmapped,0,
LesAffx.33335.1.S1_at,,unmapped,0,
LesAffx.344.12.S1_at,,unmapped,0,
LesAffx.3527.1.A1_at,,unmapped,0,
LesAffx.35818.1.S1_at,,unmapped,0,
LesAffx.33200.1.S1_at,,unmapped,0,
LesAffx.34276.2.S1_at,,unmapped,0,
LesAffx.35223.1.S1_at,,unmapped,0,
LesAffx.33924.1.S1_at,,unmapped,0,
LesAffx.3592.1.S1_at,,unmapped,0,
LesAffx.3379.1.A1_at,,unmapped,0,
LesAffx.33303.1.S1_at,,unmapped,0,
LesAffx.35886.1.S1_at,,unmapped,0,
LesAffx.3299.1.S1_at,,unmapped,0,
LesAffx.3389.1.S1_at,,unmapped,0,
LesAffx.344.10.S1_at,,unmapped,0,
LesAffx.35149.1.S1_at,,unmapped,0,
LesAffx.344.11.S1_at,,unmapped,0,
LesAffx.35915.1.S1_at,,unmapped,0,
LesAffx.34363.1.S1_at,,unmapped,0,
LesAffx.3624.1.S1_at,,unmapped,0,
LesAffx.344.13.A1_at,,unmapped,0,
LesAffx.32697.1.S1_at,,unmapped,0,
LesAffx.34276.1.S1_at,,unmapped,0,
LesAffx.34276.2.A1_at,,unmapped,0,
LesAffx.3537.1.S1_at,,unmapped,0,
LesAffx.33094.1.S1_at,,unmapped,0,
LesAffx.3383.1.S1_at,,unmapped,0,
LesAffx.33348.1.S1_at,,unmapped,0,
LesAffx.3592.1.A1_at,,unmapped,0,
LesAffx.35587.1.S1_at,,unmapped,0,
LesAffx.3570.4.S1_at,,unmapped,0,
LesAffx.3299.1.A1_at,,unmapped,0,
LesAffx.3502.1.S1_at,,unmapped,0,
LesAffx.33873.1.S1_at,,unmapped,0,
LesAffx.32575.1.S1_at,,unmapped,0,
LesAffx.3624.1.A1_at,,unmapped,0,
LesAffx.33607.1.S1_s_at,,unmapped,0,
LesAffx.32974.1.S1_at,,unmapped,0,
LesAffx.3537.1.A1_at,,unmapped,0,
LesAffx.32607.1.S1_at,,unmapped,0,
LesAffx.32723.1.S1_at,,unmapped,0,
LesAffx.35954.1.S1_at,,unmapped,0,
LesAffx.34772.1.S1_at,,unmapped,0,
LesAffx.35433.1.S1_at,,unmapped,0,
LesAffx.33017.1.S1_at,,unmapped,0,
LesAffx.33757.1.S1_at,,unmapped,0,
LesAffx.32765.1.S1_at,,unmapped,0,
LesAffx.3499.1.S1_at,,unmapped,0,
LesAffx.3499.2.S1_at,,unmapped,0,
LesAffx.33796.2.S1_at,,unmapped,0,
LesAffx.35510.1.A1_at,,unmapped,0,
LesAffx.344.9.S1_at,,unmapped,0,
LesAffx.3554.1.S1_at,,unmapped,0,
LesAffx.36062.1.S1_at,,unmapped,0,
LesAffx.3580.1.S1_at,,unmapped,0,
LesAffx.33545.1.S1_at,,unmapped,0,
LesAffx.3490.1.S1_at,,unmapped,0,
LesAffx.33481.1.S1_at,,unmapped,0,
LesAffx.3490.2.S1_at,,unmapped,0,
LesAffx.3377.1.S1_at,,unmapped,0,
LesAffx.3467.1.S1_at,,unmapped,0,
LesAffx.33481.2.S1_at,,unmapped,0,
LesAffx.344.5.S1_at,,unmapped,0,
LesAffx.35713.1.S1_at,,unmapped,0,
LesAffx.34161.1.S1_at,,unmapped,0,
LesAffx.344.6.S1_at,,unmapped,0,
LesAffx.3802.2.S1_at,,unmapped,0,
LesAffx.37595.1.S1_at,,unmapped,0,
LesAffx.37588.1.A1_at,,unmapped,0,
LesAffx.408.2.S1_at,,unmapped,0,
LesAffx.39988.1.S1_at,,unmapped,0,
LesAffx.39914.1.S1_at,,unmapped,0,
LesAffx.38085.1.A1_at,,unmapped,0,
LesAffx.37344.1.S1_at,,unmapped,0,
LesAffx.37337.1.A1_at,,unmapped,0,
LesAffx.37714.1.S1_at,,unmapped,0,
LesAffx.37707.1.A1_at,,unmapped,0,
LesAffx.39917.1.S1_at,,unmapped,0,
LesAffx.36712.1.S1_at,,unmapped,0,
LesAffx.37344.2.S1_at,,unmapped,0,
LesAffx.37563.1.S1_at,Solyc05g047530,one_to_one_signature_target,11,Solyc05g047530
LesAffx.36979.1.S1_at,,unmapped,0,
LesAffx.38304.1.S1_at,,unmapped,0,
LesAffx.37212.1.S1_at,,unmapped,0,
LesAffx.3802.1.S1_at,,unmapped,0,
LesAffx.36474.1.S1_at,,unmapped,0,
LesAffx.37595.1.A1_at,,unmapped,0,
LesAffx.38037.1.S1_at,,unmapped,0,
LesAffx.39985.1.S1_at,,unmapped,0,
LesAffx.36944.1.S1_at,,unmapped,0,
LesAffx.37621.1.S1_at,,unmapped,0,
LesAffx.37714.1.A1_at,,unmapped,0,
LesAffx.39860.1.S1_at,,unmapped,0,
LesAffx.3635.2.S1_at,,unmapped,0,
LesAffx.40915.1.S1_at,,unmapped,0,
LesAffx.39187.1.S1_at,,unmapped,0,
LesAffx.40648.1.S1_at,,unmapped,0,
LesAffx.37212.1.A1_at,,unmapped,0,
LesAffx.39242.1.S1_at,,unmapped,0,
LesAffx.39406.1.S1_at,,unmapped,0,
LesAffx.38388.1.S1_at,,unmapped,0,
LesAffx.37222.1.S1_at,,unmapped,0,
LesAffx.36944.1.A1_at,,unmapped,0,
LesAffx.37692.1.S1_at,,unmapped,0,
LesAffx.36484.1.S1_at,,unmapped,0,
LesAffx.38507.1.S1_at,,unmapped,0,
LesAffx.40272.1.S1_at,,unmapped,0,
LesAffx.38977.1.S1_at,,unmapped,0,
LesAffx.37769.1.S1_at,,unmapped,0,
LesAffx.3635.2.A1_at,,unmapped,0,
LesAffx.37721.1.S1_at,,unmapped,0,
LesAffx.40491.1.S1_at,,unmapped,0,
LesAffx.40211.1.S1_at,,unmapped,0,
LesAffx.39538.2.S1_at,,unmapped,0,
LesAffx.3918.1.S1_at,,unmapped,0,
LesAffx.40681.1.S1_at,,unmapped,0,
LesAffx.41142.1.S1_at,,unmapped,0,
LesAffx.41142.2.A1_at,,unmapped,0,
LesAffx.40008.1.S1_at,,unmapped,0,
LesAffx.38041.1.S1_at,,unmapped,0,
LesAffx.40520.1.S1_at,,unmapped,0,
LesAffx.37853.1.S1_at,,unmapped,0,
LesAffx.37222.1.A1_at,,unmapped,0,
LesAffx.38395.2.S1_at,,unmapped,0,
LesAffx.39072.1.S1_at,,unmapped,0,
LesAffx.39252.1.S1_at,,unmapped,0,
LesAffx.39696.1.S1_at,,unmapped,0,
LesAffx.37692.1.A1_at,,unmapped,0,
LesAffx.37769.1.A1_at,,unmapped,0,
LesAffx.37702.2.S1_at,,unmapped,0,
LesAffx.39178.1.S1_at,,unmapped,0,
LesAffx.39268.1.S1_at,,unmapped,0,
LesAffx.40211.1.A1_at,,unmapped,0,
LesAffx.41123.1.S1_at,,unmapped,0,
LesAffx.39500.1.S1_at,,unmapped,0,
LesAffx.39043.1.S1_at,,unmapped,0,
LesAffx.37760.1.S1_at,,unmapped,0,
LesAffx.38395.1.S1_at,,unmapped,0,
LesAffx.39973.1.S1_at,,unmapped,0,
LesAffx.39793.1.S1_at,,unmapped,0,
LesAffx.38395.2.A1_at,,unmapped,0,
LesAffx.40224.1.S1_at,,unmapped,0,
LesAffx.40848.1.S1_at,,unmapped,0,
LesAffx.37213.1.S1_at,,unmapped,0,
LesAffx.38981.1.S1_at,,unmapped,0,
LesAffx.38424.1.S1_at,,unmapped,0,
LesAffx.3806.1.S1_at,,unmapped,0,
LesAffx.37702.2.A1_at,,unmapped,0,
LesAffx.39915.1.S1_at,,unmapped,0,
LesAffx.40726.1.S1_at,,unmapped,0,
LesAffx.37715.1.S1_at,,unmapped,0,
LesAffx.40179.1.S1_at,,unmapped,0,
LesAffx.40089.1.S1_at,Solyc02g055440,one_to_one_signature_target,11,Solyc02g055440
LesAffx.37760.1.A1_at,,unmapped,0,
LesAffx.37438.1.S1_at,,unmapped,0,
LesAffx.39207.1.S1_at,,unmapped,0,
LesAffx.37213.1.A1_at,,unmapped,0,
LesAffx.39957.1.S1_at,,unmapped,0,
LesAffx.38775.1.S1_at,,unmapped,0,
LesAffx.40884.1.S1_at,,unmapped,0,
LesAffx.3713.1.S1_at,,unmapped,0,
LesAffx.40173.1.S1_at,,unmapped,0,
LesAffx.40453.1.S1_at,,unmapped,0,
LesAffx.37876.1.S1_at,,unmapped,0,
LesAffx.38740.1.S1_at,,unmapped,0,
LesAffx.41062.1.S1_s_at,,unmapped,0,
LesAffx.36884.1.S1_at,,unmapped,0,
LesAffx.37715.1.A1_at,,unmapped,0,
LesAffx.37075.1.S1_at,,unmapped,0,
LesAffx.40179.1.A1_at,,unmapped,0,
LesAffx.39098.1.S1_at,,unmapped,0,
LesAffx.37438.1.A1_at,,unmapped,0,
LesAffx.39771.2.S1_at,Solyc10g047240,one_to_one_signature_target,11,Solyc10g047240
LesAffx.37075.2.S1_at,,unmapped,0,
LesAffx.39240.1.S1_at,,unmapped,0,
LesAffx.38907.2.S1_at,,unmapped,0,
LesAffx.37780.1.S1_at,,unmapped,0,
LesAffx.37870.1.S1_at,,unmapped,0,
LesAffx.38035.1.S1_at,,unmapped,0,
LesAffx.39803.1.S1_at,,unmapped,0,
LesAffx.40868.1.S1_at,,unmapped,0,
LesAffx.3797.1.S1_at,,unmapped,0,
LesAffx.37876.1.A1_at,,unmapped,0,
LesAffx.40157.1.S1_at,,unmapped,0,
LesAffx.38840.1.S1_at,,unmapped,0,
LesAffx.39385.1.S1_at,,unmapped,0,
LesAffx.38103.1.S1_at,,unmapped,0,
LesAffx.40862.1.S1_at,,unmapped,0,
LesAffx.37870.1.A1_at,,unmapped,0,
LesAffx.37648.1.S1_at,,unmapped,0,
LesAffx.37764.1.S1_at,,unmapped,0,
LesAffx.37600.1.S1_at,,unmapped,0,
LesAffx.3704.1.S1_at,Solyc01g080410,one_to_one_signature_target,11,Solyc01g080410
LesAffx.39697.1.S1_at,,unmapped,0,
LesAffx.3820.1.S1_at,,unmapped,0,
LesAffx.40804.1.S1_at,,unmapped,0,
LesAffx.39266.1.S1_at,,unmapped,0,
LesAffx.37983.1.S1_at,,unmapped,0,
LesAffx.39665.1.S1_at,,unmapped,0,
LesAffx.3698.6.S1_at,,unmapped,0,
LesAffx.3701.1.S1_at,,unmapped,0,
LesAffx.37648.1.A1_at,,unmapped,0,
LesAffx.39697.1.A1_at,,unmapped,0,
LesAffx.40975.1.S1_at,,unmapped,0,
LesAffx.38145.1.S1_at,,unmapped,0,
LesAffx.38499.1.S1_at,,unmapped,0,
LesAffx.38821.1.S1_at,,unmapped,0,
LesAffx.3698.3.S1_at,,unmapped,0,
LesAffx.37896.1.A1_at,,unmapped,0,
LesAffx.39916.1.S1_at,,unmapped,0,
LesAffx.38184.1.S1_at,,unmapped,0,
LesAffx.38438.1.S1_at,,unmapped,0,
LesAffx.40293.1.S1_at,,unmapped,0,
LesAffx.40013.1.S1_at,,unmapped,0,
LesAffx.40547.1.S1_at,,unmapped,0,
LesAffx.36669.3.S1_at,,unmapped,0,
LesAffx.37475.1.S1_at,,unmapped,0,
LesAffx.37565.1.S1_at,,unmapped,0,
LesAffx.37378.1.A1_at,,unmapped,0,
LesAffx.39054.1.S1_at,,unmapped,0,
LesAffx.36357.1.S1_at,,unmapped,0,
LesAffx.36357.2.S1_at,,unmapped,0,
LesAffx.38145.1.A1_at,,unmapped,0,
LesAffx.38499.1.A1_at,,unmapped,0,
LesAffx.3698.2.A1_at,,unmapped,0,
LesAffx.38091.1.S1_at,,unmapped,0,
LesAffx.39923.1.S1_at,,unmapped,0,
LesAffx.40940.1.S1_at,,unmapped,0,
LesAffx.39466.1.S1_at,,unmapped,0,
LesAffx.39212.1.S1_at,,unmapped,0,
LesAffx.41070.1.A1_at,,unmapped,0,
LesAffx.37752.1.S1_at,,unmapped,0,
LesAffx.39331.1.S1_at,,unmapped,0,
LesAffx.37475.1.A1_at,,unmapped,0,
LesAffx.37565.1.A1_at,,unmapped,0,
LesAffx.39685.1.S1_at,,unmapped,0,
LesAffx.38847.1.S1_at,,unmapped,0,
LesAffx.36357.2.A1_at,,unmapped,0,
LesAffx.39923.1.A1_at,,unmapped,0,
LesAffx.37768.1.S1_at,,unmapped,0,
LesAffx.37343.1.A1_at,,unmapped,0,
LesAffx.40158.1.S1_at,,unmapped,0,
LesAffx.37887.1.A1_at,,unmapped,0,
LesAffx.40618.1.S1_at,,unmapped,0,
LesAffx.36895.1.S1_at,,unmapped,0,
LesAffx.36985.1.S1_at,,unmapped,0,
LesAffx.37752.1.A1_at,,unmapped,0,
LesAffx.37636.1.S1_at,Solyc02g078620,one_to_one_signature_target,9,Solyc02g078620
LesAffx.37916.1.S1_at,,unmapped,0,
LesAffx.37115.1.S1_at,,unmapped,0,
LesAffx.37675.1.S1_at,,unmapped,0,
LesAffx.37855.1.S1_at,,unmapped,0,
LesAffx.36837.1.S1_at,,unmapped,0,
LesAffx.37260.1.A1_at,,unmapped,0,
LesAffx.37588.1.S1_at,,unmapped,0,
LesAffx.38149.1.S1_at,,unmapped,0,
LesAffx.38085.1.S1_at,,unmapped,0,
LesAffx.39212.1.A1_at,,unmapped,0,
LesAffx.37337.1.S1_at,,unmapped,0,
LesAffx.37636.1.A1_at,Solyc02g078620,one_to_one_signature_target,8,Solyc02g078620
LesAffx.38410.1.S1_at,,unmapped,0,
LesAffx.37672.1.S1_at,,unmapped,0,
LesAffx.39.1.S1_at,,unmapped,0,
LesAffx.39235.1.S1_at,,unmapped,0,
LesAffx.36718.1.S1_at,,unmapped,0,
LesAffx.37675.1.A1_at,,unmapped,0,
LesAffx.44485.1.S1_at,,unmapped,0,
LesAffx.44395.1.S1_at,Solyc04g080540,one_to_one_signature_target,11,Solyc04g080540
LesAffx.44501.1.S1_at,Solyc01g104850,one_to_one_signature_target,8,Solyc01g104850
LesAffx.44224.1.A1_at,,unmapped,0,
LesAffx.43673.1.S1_at,,unmapped,0,
LesAffx.42809.1.S1_at,,unmapped,0,
LesAffx.44018.2.A1_at,,unmapped,0,
LesAffx.44604.1.S1_at,,unmapped,0,
LesAffx.44424.1.S1_at,,unmapped,0,
LesAffx.44417.1.A1_at,,unmapped,0,
LesAffx.42008.1.S1_at,,unmapped,0,
LesAffx.44987.1.S1_at,,unmapped,0,
LesAffx.44913.1.S1_at,,unmapped,0,
LesAffx.43599.1.S1_at,,unmapped,0,
LesAffx.42063.1.S1_at,,unmapped,0,
LesAffx.43641.1.S1_at,,unmapped,0,
LesAffx.42697.1.S1_at,,unmapped,0,
LesAffx.43988.1.A1_at,,unmapped,0,
LesAffx.41489.1.S1_at,,unmapped,0,
LesAffx.44022.1.S1_at,,unmapped,0,
LesAffx.44202.1.S1_at,,unmapped,0,
LesAffx.44485.1.A1_at,,unmapped,0,
LesAffx.44501.1.A1_at,Solyc01g104850,one_to_one_signature_target,6,Solyc01g104850
LesAffx.43628.1.S1_at,,unmapped,0,
LesAffx.42906.1.S1_at,,unmapped,0,
LesAffx.4193.1.S1_at,,unmapped,0,
LesAffx.44305.1.S1_at,,unmapped,0,
LesAffx.44424.1.A1_at,,unmapped,0,
LesAffx.42475.1.S1_at,,unmapped,0,
LesAffx.41457.1.S1_at,,unmapped,0,
LesAffx.44598.1.S1_at,,unmapped,0,
LesAffx.43162.2.S1_at,,unmapped,0,
LesAffx.44463.1.S1_at,,unmapped,0,
LesAffx.44022.1.A1_at,,unmapped,0,
LesAffx.44202.1.A1_at,,unmapped,0,
LesAffx.43625.1.S1_at,,unmapped,0,
LesAffx.42797.1.S1_at,,unmapped,0,
LesAffx.42887.1.S1_at,,unmapped,0,
LesAffx.42906.1.A1_at,,unmapped,0,
LesAffx.44305.1.A1_at,,unmapped,0,
LesAffx.412.3.S1_at,,unmapped,0,
LesAffx.41518.1.S1_at,Solyc02g081600,one_to_one_signature_target,11,Solyc02g081600
LesAffx.41988.1.S1_at,,unmapped,0,
LesAffx.42855.1.S1_at,,unmapped,0,
LesAffx.43992.1.A1_at,,unmapped,0,
LesAffx.43162.1.S1_at,,unmapped,0,
LesAffx.44463.1.A1_at,,unmapped,0,
LesAffx.42260.1.S1_at,,unmapped,0,
LesAffx.44563.1.S1_at,,unmapped,0,
LesAffx.43329.1.S1_at,,unmapped,0,
LesAffx.412.1.S1_at,,unmapped,0,
LesAffx.43941.1.S1_at,,unmapped,0,
LesAffx.412.2.S1_at,,unmapped,0,
LesAffx.42913.1.S1_at,,unmapped,0,
LesAffx.44296.1.S1_at,,unmapped,0,
LesAffx.42733.1.S1_at,,unmapped,0,
LesAffx.41731.1.S1_at,,unmapped,0,
LesAffx.44972.1.S1_at,,unmapped,0,
LesAffx.42553.2.S1_at,,unmapped,0,
LesAffx.42646.1.S1_at,,unmapped,0,
LesAffx.44071.1.S1_at,,unmapped,0,
LesAffx.44399.1.S1_at,,unmapped,0,
LesAffx.44505.1.S1_at,,unmapped,0,
LesAffx.43207.1.S1_at,,unmapped,0,
LesAffx.44071.2.S1_at,,unmapped,0,
LesAffx.43793.1.S1_at,,unmapped,0,
LesAffx.42421.1.S1_at,,unmapped,0,
LesAffx.41213.1.S1_at,,unmapped,0,
LesAffx.4116.1.S1_at,,unmapped,0,
LesAffx.44354.1.S1_at,,unmapped,0,
LesAffx.42701.1.S1_at,,unmapped,0,
LesAffx.4232.1.S1_at,,unmapped,0,
LesAffx.44563.1.A1_at,,unmapped,0,
LesAffx.43329.1.A1_at,,unmapped,0,
LesAffx.41477.2.S1_at,,unmapped,0,
LesAffx.42090.1.S1_at,,unmapped,0,
LesAffx.41596.1.S1_at,,unmapped,0,
LesAffx.41316.1.S1_at,,unmapped,0,
LesAffx.41966.1.S1_at,,unmapped,0,
LesAffx.44296.1.A1_at,,unmapped,0,
LesAffx.42347.1.S1_at,,unmapped,0,
LesAffx.42553.1.S1_at,,unmapped,0,
LesAffx.42553.2.A1_at,,unmapped,0,
LesAffx.44766.1.S1_at,,unmapped,0,
LesAffx.44505.1.A1_at,,unmapped,0,
LesAffx.43420.1.S1_at,,unmapped,0,
LesAffx.44071.2.A1_at,,unmapped,0,
LesAffx.42926.2.A1_at,,unmapped,0,
LesAffx.43793.1.A1_at,,unmapped,0,
LesAffx.44821.1.S1_at,,unmapped,0,
LesAffx.42569.1.S1_at,,unmapped,0,
LesAffx.41477.1.S1_at,,unmapped,0,
LesAffx.44010.1.S1_at,,unmapped,0,
LesAffx.44580.1.S1_at,,unmapped,0,
LesAffx.43462.1.S1_at,,unmapped,0,
LesAffx.42534.1.S1_at,,unmapped,0,
LesAffx.45025.2.S1_at,,unmapped,0,
LesAffx.44837.1.S1_at,,unmapped,0,
LesAffx.44396.1.A1_at,,unmapped,0,
LesAffx.42383.1.S1_at,,unmapped,0,
LesAffx.44496.1.S1_at,,unmapped,0,
LesAffx.41381.1.S1_at,,unmapped,0,
LesAffx.4194.1.S1_at,,unmapped,0,
LesAffx.44422.1.S1_at,,unmapped,0,
LesAffx.43198.1.S1_at,,unmapped,0,
LesAffx.42386.1.S1_at,,unmapped,0,
LesAffx.4297.1.S1_at,,unmapped,0,
LesAffx.44010.1.A1_at,,unmapped,0,
LesAffx.44580.1.A1_at,,unmapped,0,
LesAffx.44528.1.S1_at,,unmapped,0,
LesAffx.4406.1.S1_at,,unmapped,0,
LesAffx.44490.1.S1_at,Solyc02g067320,one_to_one_signature_target,10,Solyc02g067320
LesAffx.45025.1.S1_at,,unmapped,0,
LesAffx.4509.1.S1_at,,unmapped,0,
LesAffx.44937.1.S1_at,Solyc05g051010,one_to_one_signature_target,11,Solyc05g051010
LesAffx.44496.1.A1_at,,unmapped,0,
LesAffx.43729.1.S1_at,,unmapped,0,
LesAffx.44152.1.A1_at,,unmapped,0,
LesAffx.41391.1.S1_at,,unmapped,0,
LesAffx.43685.2.S1_s_at,,unmapped,0,
LesAffx.44139.1.S1_at,,unmapped,0,
LesAffx.44979.1.S1_at,,unmapped,0,
LesAffx.44741.1.S1_at,,unmapped,0,
LesAffx.44528.1.A1_at,,unmapped,0,
LesAffx.44490.1.A1_at,Solyc02g067320,one_to_one_signature_target,10,Solyc02g067320
LesAffx.41330.2.S1_at,,unmapped,0,
LesAffx.42451.1.S1_at,,unmapped,0,
LesAffx.44474.1.S1_at,,unmapped,0,
LesAffx.41867.1.S1_at,,unmapped,0,
LesAffx.41703.1.S1_at,,unmapped,0,
LesAffx.42338.1.S1_at,,unmapped,0,
LesAffx.41333.2.S1_at,,unmapped,0,
LesAffx.44043.1.S1_at,,unmapped,0,
LesAffx.44139.1.A1_at,,unmapped,0,
LesAffx.44796.1.S1_at,,unmapped,0,
LesAffx.41330.1.A1_at,,unmapped,0,
LesAffx.44265.1.S1_at,,unmapped,0,
LesAffx.41478.1.S1_at,,unmapped,0,
LesAffx.44609.1.S1_at,,unmapped,0,
LesAffx.41774.1.S1_at,,unmapped,0,
LesAffx.44474.1.A1_at,,unmapped,0,
LesAffx.41703.1.A1_at,,unmapped,0,
LesAffx.44500.1.S1_at,,unmapped,0,
LesAffx.44043.1.A1_at,,unmapped,0,
LesAffx.44587.1.S1_at,,unmapped,0,
LesAffx.43379.1.S1_at,,unmapped,0,
LesAffx.41816.1.S1_at,Solyc11g008810,one_to_one_signature_target,11,Solyc11g008810
LesAffx.43649.1.S1_at,,unmapped,0,
LesAffx.43981.1.S1_at,,unmapped,0,
LesAffx.41449.1.S1_at,,unmapped,0,
LesAffx.44452.1.S1_at,,unmapped,0,
LesAffx.43965.2.S1_at,,unmapped,0,
LesAffx.43640.1.S1_at,,unmapped,0,
LesAffx.42596.1.S1_at,,unmapped,0,
LesAffx.41758.1.S1_at,,unmapped,0,
LesAffx.43373.1.S1_at,,unmapped,0,
LesAffx.44500.1.A1_at,,unmapped,0,
LesAffx.42561.1.S1_at,,unmapped,0,
LesAffx.44140.1.S1_at,,unmapped,0,
LesAffx.44584.1.S1_at,,unmapped,0,
LesAffx.44587.1.A1_at,,unmapped,0,
LesAffx.42818.1.S1_at,,unmapped,0,
LesAffx.43981.1.A1_at,,unmapped,0,
LesAffx.43341.1.S1_at,,unmapped,0,
LesAffx.43965.2.A1_at,,unmapped,0,
LesAffx.42577.1.S1_at,,unmapped,0,
LesAffx.4388.1.S1_at,,unmapped,0,
LesAffx.44742.1.S1_at,,unmapped,0,
LesAffx.43740.1.S1_at,,unmapped,0,
LesAffx.43373.1.A1_at,,unmapped,0,
LesAffx.44021.1.S1_at,,unmapped,0,
LesAffx.41234.1.S1_at,,unmapped,0,
LesAffx.4163.1.S1_at,,unmapped,0,
LesAffx.44565.1.S1_at,,unmapped,0,
LesAffx.44140.1.A1_at,,unmapped,0,
LesAffx.44584.1.A1_at,,unmapped,0,
LesAffx.41237.1.S1_at,,unmapped,0,
LesAffx.43032.1.S1_at,,unmapped,0,
LesAffx.44533.1.S1_at,,unmapped,0,
LesAffx.42207.1.S1_at,,unmapped,0,
LesAffx.44472.1.S1_at,,unmapped,0,
LesAffx.44382.1.S1_at,,unmapped,0,
LesAffx.44565.1.A1_at,,unmapped,0,
LesAffx.44781.1.S1_at,,unmapped,0,
LesAffx.43663.1.S1_at,,unmapped,0,
LesAffx.42185.1.S1_at,,unmapped,0,
LesAffx.42825.1.S1_at,,unmapped,0,
LesAffx.44224.1.S1_at,,unmapped,0,
LesAffx.44018.2.S1_at,,unmapped,0,
LesAffx.44533.1.A1_at,,unmapped,0,
LesAffx.44417.1.S1_at,,unmapped,0,
LesAffx.41656.1.S1_at,,unmapped,0,
LesAffx.4495.1.S1_at,,unmapped,0,
LesAffx.41862.1.S1_at,Solyc09g075140,one_to_one_signature_target,11,Solyc09g075140
LesAffx.44382.1.A1_at,,unmapped,0,
LesAffx.43988.1.S1_at,,unmapped,0,
LesAffx.44987.3.S1_at,,unmapped,0,
LesAffx.43670.1.S1_at,,unmapped,0,
LesAffx.43760.1.S1_at,,unmapped,0,
LesAffx.41228.1.S1_at,,unmapped,0,
LesAffx.46624.1.S1_at,,unmapped,0,
LesAffx.48863.1.S1_at,,unmapped,0,
LesAffx.48773.1.S1_at,,unmapped,0,
LesAffx.49028.1.S1_at,,unmapped,0,
LesAffx.46003.1.S1_at,,unmapped,0,
LesAffx.46727.1.S1_at,,unmapped,0,
LesAffx.46576.1.S1_at,,unmapped,0,
LesAffx.45130.1.S1_at,,unmapped,0,
LesAffx.45577.1.A1_at,,unmapped,0,
LesAffx.4617.1.A1_at,,unmapped,0,
LesAffx.48300.1.S1_at,,unmapped,0,
LesAffx.46010.1.S1_at,,unmapped,0,
LesAffx.47179.1.S1_at,,unmapped,0,
LesAffx.46727.1.A1_at,,unmapped,0,
LesAffx.45912.1.S1_at,,unmapped,0,
LesAffx.47221.1.S1_at,,unmapped,2,
LesAffx.47568.1.A1_at,,unmapped,0,
LesAffx.46547.1.S1_at,,unmapped,0,
LesAffx.48226.1.S1_at,,unmapped,0,
LesAffx.48876.1.S1_at,,unmapped,0,
LesAffx.47070.1.S1_at,,unmapped,0,
LesAffx.4785.1.S1_at,,unmapped,0,
LesAffx.46206.1.S1_at,,unmapped,0,
LesAffx.46142.1.S1_at,,unmapped,0,
LesAffx.46856.1.S1_at,,unmapped,0,
LesAffx.45864.1.S1_at,,unmapped,0,
LesAffx.48400.1.S1_at,,unmapped,0,
LesAffx.48130.1.S1_at,,unmapped,0,
LesAffx.47176.1.S1_at,,unmapped,0,
LesAffx.470.1.S1_at,,unmapped,0,
LesAffx.46898.1.S1_at,,unmapped,0,
LesAffx.46734.1.S1_at,,unmapped,0,
LesAffx.48947.1.S1_at,,unmapped,0,
LesAffx.47141.1.S1_at,,unmapped,0,
LesAffx.47765.1.S1_at,,unmapped,0,
LesAffx.47601.1.S1_at,,unmapped,0,
LesAffx.45439.1.S1_at,,unmapped,0,
LesAffx.4763.3.S1_at,,unmapped,0,
LesAffx.48236.1.S1_at,,unmapped,0,
LesAffx.46142.1.A1_at,,unmapped,0,
LesAffx.47540.1.S1_at,,unmapped,0,
LesAffx.46686.1.S1_at,,unmapped,0,
LesAffx.45430.1.S1_at,,unmapped,0,
LesAffx.4544.1.S1_at,,unmapped,0,
LesAffx.46898.1.A1_at,,unmapped,0,
LesAffx.48738.1.S1_at,,unmapped,0,
LesAffx.46734.1.A1_at,,unmapped,0,
LesAffx.48854.1.S1_at,,unmapped,0,
LesAffx.49019.1.S1_at,,unmapped,0,
LesAffx.4763.1.S1_at,,unmapped,0,
LesAffx.49209.1.S1_at,,unmapped,0,
LesAffx.47601.1.A1_at,,unmapped,0,
LesAffx.4763.2.S1_at,,unmapped,0,
LesAffx.46593.1.S1_at,,unmapped,0,
LesAffx.46937.1.S1_at,,unmapped,0,
LesAffx.47218.1.S1_at,,unmapped,0,
LesAffx.46036.1.S1_at,,unmapped,0,
LesAffx.4779.1.S1_at,,unmapped,0,
LesAffx.48275.1.S1_at,,unmapped,0,
LesAffx.46712.1.S1_at,,unmapped,0,
LesAffx.47093.1.S1_at,,unmapped,0,
LesAffx.45948.1.S1_at,,unmapped,0,
LesAffx.4708.1.S1_at,,unmapped,0,
LesAffx.48925.1.S1_at,,unmapped,0,
LesAffx.47717.1.S1_at,,unmapped,0,
LesAffx.46509.1.S1_at,,unmapped,0,
LesAffx.48114.1.S1_at,,unmapped,0,
LesAffx.46815.1.S1_at,Solyc01g086920,one_to_one_signature_target,11,Solyc01g086920
LesAffx.49119.1.S1_at,,unmapped,0,
LesAffx.46004.1.S1_at,,unmapped,0,
LesAffx.46815.2.S1_at,Solyc01g086920,one_to_one_signature_target,11,Solyc01g086920
LesAffx.46085.3.S1_at,,unmapped,0,
LesAffx.46503.1.S1_at,,unmapped,0,
LesAffx.49103.1.A1_at,,unmapped,0,
LesAffx.45411.1.S1_at,,unmapped,0,
LesAffx.48806.1.S1_at,,unmapped,0,
LesAffx.48652.1.S1_at,,unmapped,0,
LesAffx.46046.1.S1_at,,unmapped,0,
LesAffx.46136.1.S1_at,,unmapped,0,
LesAffx.4708.1.A1_at,,unmapped,0,
LesAffx.46532.1.S1_at,,unmapped,0,
LesAffx.48349.1.S1_at,,unmapped,0,
LesAffx.47840.1.S1_at,,unmapped,0,
LesAffx.46509.1.A1_at,,unmapped,0,
LesAffx.48565.1.S1_at,,unmapped,0,
LesAffx.48114.1.A1_at,,unmapped,0,
LesAffx.46085.1.S1_at,Solyc04g071800,one_to_one_signature_target,11,Solyc04g071800
LesAffx.46609.1.S1_at,,unmapped,0,
LesAffx.47933.1.S1_at,,unmapped,0,
LesAffx.46519.1.S1_at,,unmapped,0,
LesAffx.46635.1.S1_at,,unmapped,0,
LesAffx.48401.2.S1_at,,unmapped,0,
LesAffx.47386.1.S1_at,,unmapped,0,
LesAffx.47032.2.A1_at,,unmapped,0,
LesAffx.47666.1.S1_at,,unmapped,0,
LesAffx.49065.1.S1_at,,unmapped,0,
LesAffx.46368.1.S1_at,,unmapped,0,
LesAffx.48314.2.S1_at,,unmapped,0,
LesAffx.45646.1.S1_at,,unmapped,0,
LesAffx.47399.1.S1_at,,unmapped,0,
LesAffx.47351.1.S1_at,,unmapped,0,
LesAffx.47885.1.S1_at,,unmapped,0,
LesAffx.48076.1.S1_at,,unmapped,0,
LesAffx.48382.1.S1_at,,unmapped,0,
LesAffx.46272.1.S1_at,,unmapped,0,
LesAffx.46362.1.S1_at,,unmapped,0,
LesAffx.46896.1.S1_at,,unmapped,0,
LesAffx.46822.1.S1_at,,unmapped,0,
LesAffx.45778.1.S1_at,,unmapped,0,
LesAffx.47177.1.S1_at,,unmapped,0,
LesAffx.48401.2.A1_at,,unmapped,0,
LesAffx.46391.1.S1_at,,unmapped,0,
LesAffx.46709.1.S1_at,,unmapped,0,
LesAffx.45315.4.S1_at,,unmapped,0,
LesAffx.48314.2.A1_at,,unmapped,0,
LesAffx.4854.2.S1_at,,unmapped,0,
LesAffx.48350.1.S1_at,,unmapped,0,
LesAffx.47116.1.S1_at,,unmapped,0,
LesAffx.47322.1.S1_at,,unmapped,0,
LesAffx.47052.1.S1_at,,unmapped,0,
LesAffx.47142.1.S1_at,,unmapped,0,
LesAffx.4793.1.S1_at,,unmapped,0,
LesAffx.46494.1.S1_at,,unmapped,0,
LesAffx.46510.1.S1_at,,unmapped,0,
LesAffx.48382.1.A1_at,,unmapped,0,
LesAffx.46243.1.S1_at,,unmapped,0,
LesAffx.48086.1.S1_at,,unmapped,0,
LesAffx.45569.1.S1_at,,unmapped,0,
LesAffx.48012.1.S1_at,,unmapped,0,
LesAffx.45778.1.A1_at,,unmapped,0,
LesAffx.47998.1.S1_at,,unmapped,0,
LesAffx.47950.1.S1_at,,unmapped,0,
LesAffx.48829.1.S1_at,,unmapped,0,
LesAffx.47187.1.S1_at,,unmapped,0,
LesAffx.47467.1.S1_at,,unmapped,0,
LesAffx.4854.1.S1_at,,unmapped,0,
LesAffx.48144.1.S1_at,,unmapped,0,
LesAffx.46909.1.S1_at,,unmapped,0,
LesAffx.49191.1.A1_at,,unmapped,0,
LesAffx.48588.1.S1_at,,unmapped,0,
LesAffx.46935.1.S1_at,,unmapped,0,
LesAffx.46150.1.S1_at,,unmapped,0,
LesAffx.47245.1.S1_at,,unmapped,0,
LesAffx.48598.3.S1_at,,unmapped,0,
LesAffx.48646.1.S1_at,,unmapped,0,
LesAffx.46903.1.S1_at,,unmapped,0,
LesAffx.45975.1.S1_at,,unmapped,0,
LesAffx.48836.1.S1_at,,unmapped,0,
LesAffx.47718.1.S1_at,,unmapped,0,
LesAffx.46726.1.S1_at,,unmapped,0,
LesAffx.48215.1.S1_at,,unmapped,0,
LesAffx.48125.1.S1_at,,unmapped,0,
LesAffx.48749.1.S1_at,,unmapped,0,
LesAffx.46549.1.S1_at,,unmapped,0,
LesAffx.48598.1.S1_at,,unmapped,0,
LesAffx.48434.1.S1_at,,unmapped,0,
LesAffx.48370.1.S1_at,,unmapped,0,
LesAffx.47136.1.S1_at,,unmapped,0,
LesAffx.48830.1.S1_at,,unmapped,0,
LesAffx.47696.1.S1_at,,unmapped,0,
LesAffx.48598.2.S1_at,,unmapped,0,
LesAffx.49201.1.S1_at,,unmapped,0,
LesAffx.48370.2.S1_at,,unmapped,0,
LesAffx.47229.1.S1_at,,unmapped,0,
LesAffx.47699.1.S1_at,,unmapped,0,
LesAffx.45235.1.S1_at,,unmapped,0,
LesAffx.47004.1.S1_at,,unmapped,0,
LesAffx.48402.1.S1_at,,unmapped,0,
LesAffx.46942.1.S1_at,,unmapped,0,
LesAffx.48939.1.S1_at,,unmapped,0,
LesAffx.48434.1.A1_at,,unmapped,0,
LesAffx.47136.1.A1_at,,unmapped,0,
LesAffx.48370.2.A1_at,,unmapped,0,
LesAffx.48560.1.S1_at,,unmapped,0,
LesAffx.47416.1.S1_at,,unmapped,0,
LesAffx.48930.1.S1_at,,unmapped,0,
LesAffx.47059.1.S1_at,,unmapped,0,
LesAffx.48402.1.A1_at,,unmapped,0,
LesAffx.4662.1.S1_at,,unmapped,0,
LesAffx.46273.1.S1_at,,unmapped,0,
LesAffx.45599.1.S1_at,,unmapped,0,
LesAffx.47278.1.S1_at,,unmapped,0,
LesAffx.47278.2.S1_at,,unmapped,0,
LesAffx.45348.1.S1_at,,unmapped,0,
LesAffx.45834.1.S1_at,,unmapped,0,
LesAffx.46215.1.S1_at,,unmapped,0,
LesAffx.48174.1.S1_at,,unmapped,0,
LesAffx.48010.1.S1_at,,unmapped,0,
LesAffx.45593.1.S1_at,,unmapped,0,
LesAffx.45873.1.S1_at,,unmapped,0,
LesAffx.46550.1.S1_at,,unmapped,0,
LesAffx.47529.1.S1_at,,unmapped,0,
LesAffx.47249.2.S1_at,,unmapped,0,
LesAffx.46923.1.S1_at,,unmapped,0,
LesAffx.47024.1.S1_at,,unmapped,0,
LesAffx.47140.1.S1_at,,unmapped,0,
LesAffx.482.1.S1_at,,unmapped,0,
LesAffx.47584.1.S1_at,,unmapped,0,
LesAffx.48821.1.S1_at,,unmapped,0,
LesAffx.45577.1.S1_at,,unmapped,0,
LesAffx.51781.1.S1_at,,unmapped,0,
LesAffx.50637.1.S1_at,,unmapped,0,
LesAffx.5088.1.S1_at,,unmapped,0,
LesAffx.51298.1.S1_at,,unmapped,0,
LesAffx.49321.1.S1_at,,unmapped,0,
LesAffx.51224.1.S1_at,,unmapped,0,
LesAffx.49981.1.S1_at,,unmapped,0,
LesAffx.51224.2.S1_at,,unmapped,0,
LesAffx.49884.2.A1_at,,unmapped,0,
LesAffx.51723.1.S1_at,,unmapped,0,
LesAffx.51266.1.S1_at,,unmapped,0,
LesAffx.50814.1.A1_at,,unmapped,0,
LesAffx.50750.1.A1_at,,unmapped,0,
LesAffx.51292.1.S1_at,,unmapped,0,
LesAffx.50428.1.S1_at,,unmapped,0,
LesAffx.50480.1.S1_at,,unmapped,0,
LesAffx.51015.1.S1_at,,unmapped,0,
LesAffx.51549.1.S1_at,,unmapped,0,
LesAffx.49289.1.S1_at,,unmapped,0,
LesAffx.51224.2.A1_at,,unmapped,0,
LesAffx.51414.1.S1_at,,unmapped,0,
LesAffx.49588.1.A1_at,,unmapped,0,
LesAffx.51604.1.S1_at,,unmapped,0,
LesAffx.51292.1.A1_at,,unmapped,0,
LesAffx.51366.1.S1_at,,unmapped,0,
LesAffx.51549.1.A1_at,,unmapped,0,
LesAffx.50200.1.S1_at,,unmapped,0,
LesAffx.51189.1.S1_at,,unmapped,0,
LesAffx.51279.1.S1_at,,unmapped,0,
LesAffx.49476.1.S1_at,,unmapped,0,
LesAffx.51414.1.A1_at,,unmapped,0,
LesAffx.49296.2.S1_at,,unmapped,0,
LesAffx.49695.1.S1_at,,unmapped,0,
LesAffx.51958.1.S1_at,,unmapped,0,
LesAffx.51360.1.S1_at,,unmapped,0,
LesAffx.51894.1.S1_at,,unmapped,0,
LesAffx.51704.1.S1_at,,unmapped,0,
LesAffx.50432.1.S1_at,,unmapped,0,
LesAffx.49444.1.S1_at,,unmapped,0,
LesAffx.51273.1.S1_at,,unmapped,0,
LesAffx.49534.1.S1_at,Solyc11g006020,one_to_one_signature_target,11,Solyc11g006020
LesAffx.51366.1.A1_at,,unmapped,0,
LesAffx.50165.1.S1_at,,unmapped,0,
LesAffx.51189.1.A1_at,,unmapped,0,
LesAffx.49296.1.S1_at,,unmapped,0,
LesAffx.49296.2.A1_at,,unmapped,0,
LesAffx.50448.2.S1_at,,unmapped,0,
LesAffx.51431.1.S1_at,,unmapped,0,
LesAffx.50387.1.S1_at,,unmapped,0,
LesAffx.51360.1.A1_at,,unmapped,0,
LesAffx.51128.1.S1_at,Solyc05g041430,one_to_one_signature_target,10,Solyc05g041430
LesAffx.49505.1.S1_at,,unmapped,0,
LesAffx.51318.1.S1_at,,unmapped,0,
LesAffx.50802.1.A1_at,,unmapped,0,
LesAffx.50136.1.S1_at,,unmapped,0,
LesAffx.51714.1.S1_at,,unmapped,0,
LesAffx.51093.1.A1_at,,unmapped,0,
LesAffx.50165.1.A1_at,,unmapped,0,
LesAffx.51975.3.S1_at,,unmapped,0,
LesAffx.51257.1.S1_at,,unmapped,0,
LesAffx.5083.1.S1_at,,unmapped,0,
LesAffx.51975.4.S1_at,,unmapped,0,
LesAffx.51476.1.S1_at,,unmapped,0,
LesAffx.51386.1.S1_at,,unmapped,0,
LesAffx.51402.1.S1_at,,unmapped,0,
LesAffx.50728.1.S1_at,,unmapped,0,
LesAffx.51431.1.A1_at,,unmapped,0,
LesAffx.51045.1.S1_at,,unmapped,0,
LesAffx.51318.1.A1_at,,unmapped,0,
LesAffx.51975.1.S1_at,,unmapped,0,
LesAffx.51975.2.S1_at,,unmapped,0,
LesAffx.49541.1.S1_at,,unmapped,0,
LesAffx.51354.1.S1_at,,unmapped,0,
LesAffx.51888.1.S1_at,,unmapped,0,
LesAffx.51724.1.S1_at,,unmapped,0,
LesAffx.50082.1.S1_at,,unmapped,0,
LesAffx.5083.1.A1_at,,unmapped,0,
LesAffx.5.1.S1_at,,unmapped,0,
LesAffx.51476.1.A1_at,,unmapped,0,
LesAffx.51386.1.A1_at,,unmapped,0,
LesAffx.51402.1.A1_at,,unmapped,0,
LesAffx.50584.1.S1_at,,unmapped,0,
LesAffx.51975.1.A1_at,,unmapped,0,
LesAffx.49306.1.S1_at,,unmapped,0,
LesAffx.51721.1.S1_at,,unmapped,0,
LesAffx.50307.1.S1_at,,unmapped,0,
LesAffx.51354.1.A1_at,,unmapped,0,
LesAffx.50082.1.A1_at,,unmapped,0,
LesAffx.51081.2.S1_at,,unmapped,0,
LesAffx.51454.1.S1_at,,unmapped,0,
LesAffx.51274.1.S1_at,,unmapped,0,
LesAffx.52015.1.S1_at,,unmapped,0,
LesAffx.51483.1.A1_at,,unmapped,0,
LesAffx.50732.1.S1_at,,unmapped,0,
LesAffx.51158.2.S1_at,,unmapped,0,
LesAffx.52015.2.S1_at,,unmapped,0,
LesAffx.51776.1.S1_at,,unmapped,0,
LesAffx.50610.1.S1_at,,unmapped,0,
LesAffx.51081.2.A1_at,,unmapped,0,
LesAffx.51779.1.S1_at,,unmapped,0,
LesAffx.51271.1.S1_at,,unmapped,0,
LesAffx.49712.1.S1_at,,unmapped,0,
LesAffx.51641.1.S1_at,,unmapped,0,
LesAffx.50687.1.S1_at,,unmapped,0,
LesAffx.50407.1.S1_at,,unmapped,0,
LesAffx.51454.1.A1_at,,unmapped,0,
LesAffx.51274.1.A1_at,,unmapped,0,
LesAffx.51158.1.S1_at,,unmapped,0,
LesAffx.51158.2.A1_at,,unmapped,0,
LesAffx.51184.1.S1_at,,unmapped,0,
LesAffx.51438.1.S1_at,,unmapped,0,
LesAffx.51348.1.S1_at,,unmapped,0,
LesAffx.51554.1.S1_at,,unmapped,0,
LesAffx.51300.1.S1_at,,unmapped,0,
LesAffx.52015.2.A1_at,,unmapped,0,
LesAffx.51287.1.S1_at,,unmapped,0,
LesAffx.49548.1.S1_at,,unmapped,0,
LesAffx.49310.1.S1_at,,unmapped,0,
LesAffx.49844.1.S1_at,,unmapped,0,
LesAffx.50259.1.S1_at,,unmapped,0,
LesAffx.52080.1.A1_at,,unmapped,0,
LesAffx.51686.1.S1_at,,unmapped,0,
LesAffx.51319.1.S1_at,,unmapped,0,
LesAffx.49542.1.S1_at,,unmapped,0,
LesAffx.51184.1.A1_at,,unmapped,0,
LesAffx.51741.1.S1_at,,unmapped,0,
LesAffx.51348.1.A1_at,,unmapped,0,
LesAffx.51554.1.A1_at,,unmapped,0,
LesAffx.50533.1.S1_at,,unmapped,0,
LesAffx.5010.1.S1_at,,unmapped,0,
LesAffx.51400.1.S1_at,,unmapped,0,
LesAffx.51287.1.A1_at,,unmapped,0,
LesAffx.51780.1.S1_at,,unmapped,0,
LesAffx.5010.2.S1_at,,unmapped,0,
LesAffx.50639.1.S1_at,,unmapped,0,
LesAffx.51046.1.S1_at,,unmapped,0,
LesAffx.51226.1.S1_at,,unmapped,0,
LesAffx.49513.1.S1_at,,unmapped,0,
LesAffx.51319.1.A1_at,,unmapped,0,
LesAffx.51352.1.S1_at,,unmapped,0,
LesAffx.50170.1.S1_at,,unmapped,0,
LesAffx.50260.1.S1_at,Solyc03g031880,one_to_one_signature_target,9,Solyc03g031880
LesAffx.50540.1.S1_at,,unmapped,0,
LesAffx.51352.2.S1_at,,unmapped,0,
LesAffx.51979.1.S1_at,,unmapped,0,
LesAffx.51291.1.S1_at,,unmapped,0,
LesAffx.51400.1.A1_at,,unmapped,0,
LesAffx.4993.1.S1_at,,unmapped,0,
LesAffx.51268.1.S1_at,,unmapped,0,
LesAffx.51294.1.S1_at,,unmapped,0,
LesAffx.49809.1.S1_at,,unmapped,0,
LesAffx.52042.2.S1_at,,unmapped,0,
LesAffx.50392.1.S1_at,,unmapped,0,
LesAffx.50112.1.S1_at,,unmapped,0,
LesAffx.49378.1.S1_at,,unmapped,0,
LesAffx.51226.1.A1_at,,unmapped,0,
LesAffx.49890.1.S1_at,,unmapped,0,
LesAffx.50511.1.S1_at,,unmapped,0,
LesAffx.51352.2.A1_at,,unmapped,0,
LesAffx.49877.1.S1_at,,unmapped,0,
LesAffx.51291.1.A1_at,,unmapped,0,
LesAffx.50270.1.S1_at,,unmapped,0,
LesAffx.50270.2.S1_at,,unmapped,0,
LesAffx.51294.1.A1_at,,unmapped,0,
LesAffx.5120.1.S1_at,,unmapped,0,
LesAffx.49935.1.S1_at,,unmapped,0,
LesAffx.51420.1.S1_at,,unmapped,0,
LesAffx.50466.1.S1_at,,unmapped,0,
LesAffx.49298.1.S1_at,,unmapped,0,
LesAffx.49710.1.S1_at,,unmapped,0,
LesAffx.5017.3.S1_at,,unmapped,0,
LesAffx.50408.1.S1_at,,unmapped,0,
LesAffx.51285.1.S1_at,,unmapped,0,
LesAffx.50167.1.S1_at,,unmapped,0,
LesAffx.51420.1.A1_at,,unmapped,0,
LesAffx.51658.1.S1_at,,unmapped,0,
LesAffx.5130.1.S1_at,,unmapped,0,
LesAffx.51774.1.S1_at,,unmapped,0,
LesAffx.50592.1.S1_at,,unmapped,0,
LesAffx.50936.1.S1_at,,unmapped,0,
LesAffx.49321.2.S1_at,,unmapped,0,
LesAffx.50782.1.S1_at,,unmapped,0,
LesAffx.5130.2.S1_at,,unmapped,0,
LesAffx.49488.1.S1_at,,unmapped,0,
LesAffx.5017.1.S1_at,,unmapped,0,
LesAffx.49504.1.S1_at,,unmapped,0,
LesAffx.5043.1.S1_at,,unmapped,0,
LesAffx.49530.1.S1_at,,unmapped,0,
LesAffx.49884.1.S1_at,,unmapped,0,
LesAffx.5017.2.S1_at,,unmapped,0,
LesAffx.5017.3.A1_at,,unmapped,0,
LesAffx.49263.1.S1_at,,unmapped,0,
LesAffx.4981.1.S1_at,,unmapped,0,
LesAffx.51346.1.S1_at,,unmapped,0,
LesAffx.51285.1.A1_at,,unmapped,0,
LesAffx.50167.1.A1_at,,unmapped,0,
LesAffx.50814.1.S1_at,,unmapped,0,
LesAffx.5010.1.S1_a_at,,unmapped,0,
LesAffx.50750.1.S1_at,,unmapped,0,
LesAffx.51311.1.S1_at,,unmapped,0,
LesAffx.55473.1.A1_at,,unmapped,0,
LesAffx.53180.1.S1_at,,unmapped,0,
LesAffx.54455.1.S1_at,,unmapped,0,
LesAffx.53180.2.S1_at,,unmapped,0,
LesAffx.52509.1.S1_at,,unmapped,0,
LesAffx.55225.1.A1_at,Solyc05g055400,one_to_one_signature_target,11,Solyc05g055400
LesAffx.52509.2.S1_at,,unmapped,0,
LesAffx.52435.3.A1_at,,unmapped,0,
LesAffx.55029.1.S1_at,,unmapped,0,
LesAffx.55211.1.S1_s_at,,unmapped,0,
LesAffx.55055.1.S1_at,,unmapped,0,
LesAffx.52960.1.S1_at,,unmapped,0,
LesAffx.53035.1.S1_at,,unmapped,0,
LesAffx.53061.1.S1_at,,unmapped,0,
LesAffx.55618.1.S1_at,,unmapped,0,
LesAffx.55200.1.S1_at,,unmapped,0,
LesAffx.54246.1.S1_at,,unmapped,0,
LesAffx.5491.1.S1_at,,unmapped,0,
LesAffx.55618.2.S1_at,,unmapped,0,
LesAffx.53698.1.S1_at,,unmapped,0,
LesAffx.55097.1.S1_at,,unmapped,0,
LesAffx.53650.1.S1_at,,unmapped,0,
LesAffx.53077.1.S1_at,,unmapped,0,
LesAffx.54771.1.S1_at,,unmapped,0,
LesAffx.53447.1.S1_at,,unmapped,0,
LesAffx.52329.1.S1_at,,unmapped,0,
LesAffx.55216.1.S1_at,,unmapped,0,
LesAffx.54031.2.S1_at,,unmapped,0,
LesAffx.53132.1.S1_at,,unmapped,0,
LesAffx.53756.1.S1_at,,unmapped,0,
LesAffx.54227.1.S1_at,,unmapped,0,
LesAffx.54523.1.S1_at,,unmapped,0,
LesAffx.5491.1.A1_at,,unmapped,0,
LesAffx.55618.2.A1_at,,unmapped,0,
LesAffx.52947.1.S1_at,,unmapped,0,
LesAffx.53811.1.S1_at,,unmapped,0,
LesAffx.53650.1.A1_at,,unmapped,0,
LesAffx.54282.1.S1_at,,unmapped,0,
LesAffx.54536.1.S1_at,,unmapped,0,
LesAffx.53811.2.S1_at,,unmapped,0,
LesAffx.55197.1.S1_at,,unmapped,0,
LesAffx.53904.1.S1_at,,unmapped,0,
LesAffx.54031.1.S1_at,,unmapped,0,
LesAffx.54871.1.S1_at,,unmapped,0,
LesAffx.55152.1.S1_at,,unmapped,0,
LesAffx.5533.1.S1_at,,unmapped,0,
LesAffx.54488.1.S1_at,,unmapped,0,
LesAffx.54440.1.S1_at,,unmapped,0,
LesAffx.53232.1.S1_at,,unmapped,0,
LesAffx.54810.1.S1_at,,unmapped,0,
LesAffx.52140.1.S1_at,,unmapped,0,
LesAffx.53602.1.S1_at,,unmapped,0,
LesAffx.55191.1.S1_at,,unmapped,0,
LesAffx.53235.1.S1_at,,unmapped,0,
LesAffx.53795.1.S1_at,,unmapped,0,
LesAffx.53821.1.S1_at,,unmapped,0,
LesAffx.55310.1.S1_at,,unmapped,0,
LesAffx.5459.1.S1_at,,unmapped,0,
LesAffx.55107.1.S1_at,,unmapped,0,
LesAffx.55043.1.S1_at,,unmapped,0,
LesAffx.54392.2.S1_at,,unmapped,0,
LesAffx.54485.1.S1_at,,unmapped,0,
LesAffx.54919.1.S1_at,,unmapped,0,
LesAffx.54411.1.S1_at,,unmapped,0,
LesAffx.54321.1.S1_at,,unmapped,0,
LesAffx.52349.1.S1_at,,unmapped,0,
LesAffx.55442.1.S1_at,,unmapped,0,
LesAffx.54810.1.A1_at,,unmapped,0,
LesAffx.53586.1.S1_at,,unmapped,0,
LesAffx.53612.1.S1_at,,unmapped,0,
LesAffx.52594.1.S1_at,,unmapped,0,
LesAffx.53612.2.S1_at,,unmapped,0,
LesAffx.53245.1.S1_at,,unmapped,0,
LesAffx.53689.1.S1_at,,unmapped,0,
LesAffx.52253.1.S1_at,,unmapped,0,
LesAffx.5395.1.S1_at,,unmapped,0,
LesAffx.55107.1.A1_at,,unmapped,0,
LesAffx.53438.1.S1_at,,unmapped,0,
LesAffx.54582.1.S1_at,,unmapped,0,
LesAffx.54321.1.A1_at,,unmapped,0,
LesAffx.54411.1.A1_at,,unmapped,0,
LesAffx.55233.1.S1_at,,unmapped,0,
LesAffx.52932.1.S1_at,,unmapped,0,
LesAffx.52169.1.S1_at,,unmapped,0,
LesAffx.52449.1.S1_at,,unmapped,0,
LesAffx.52819.1.S1_at,,unmapped,0,
LesAffx.52449.2.S1_at,,unmapped,0,
LesAffx.53966.1.S1_at,,unmapped,0,
LesAffx.53139.1.S1_at,,unmapped,0,
LesAffx.54347.3.S1_at,,unmapped,0,
LesAffx.54746.1.S1_at,,unmapped,0,
LesAffx.54592.1.S1_at,,unmapped,0,
LesAffx.54936.1.S1_at,,unmapped,0,
LesAffx.53474.1.S1_at,,unmapped,0,
LesAffx.55053.1.S1_at,,unmapped,0,
LesAffx.54891.1.A1_at,,unmapped,0,
LesAffx.52572.1.S1_at,,unmapped,0,
LesAffx.54595.1.S1_at,,unmapped,0,
LesAffx.52942.1.S1_at,,unmapped,0,
LesAffx.52105.1.S1_at,,unmapped,0,
LesAffx.54756.3.S1_at,,unmapped,0,
LesAffx.52942.2.S1_at,,unmapped,0,
LesAffx.52881.1.S1_at,,unmapped,0,
LesAffx.53857.2.S1_at,,unmapped,0,
LesAffx.53506.1.S1_at,,unmapped,0,
LesAffx.52080.1.S1_at,,unmapped,0,
LesAffx.55211.1.S1_at,,unmapped,0,
LesAffx.55121.1.S1_at,,unmapped,0,
LesAffx.53149.1.S1_at,,unmapped,0,
LesAffx.52427.1.S1_at,,unmapped,0,
LesAffx.52453.1.S1_at,,unmapped,0,
LesAffx.54006.1.S1_at,,unmapped,0,
LesAffx.53941.1.S1_at,,unmapped,0,
LesAffx.53268.1.S1_at,,unmapped,0,
LesAffx.54132.1.S1_at,,unmapped,0,
LesAffx.54756.1.S1_at,,unmapped,0,
LesAffx.52366.1.S1_at,,unmapped,0,
LesAffx.52202.1.S1_at,,unmapped,0,
LesAffx.54756.2.S1_at,,unmapped,0,
LesAffx.52646.1.S1_at,,unmapped,0,
LesAffx.54756.3.A1_at,,unmapped,0,
LesAffx.55623.1.S1_at,,unmapped,0,
LesAffx.53857.1.S1_at,,unmapped,0,
LesAffx.53793.1.S1_at,,unmapped,0,
LesAffx.54238.1.S1_at,,unmapped,0,
LesAffx.53426.1.S1_at,,unmapped,0,
LesAffx.53149.1.A1_at,,unmapped,0,
LesAffx.54483.1.S1_at,Solyc06g084030,one_to_one_signature_target,11,Solyc06g084030
LesAffx.54573.1.S1_at,,unmapped,0,
LesAffx.52437.1.S1_at,,unmapped,0,
LesAffx.55504.1.S1_at,,unmapped,0,
LesAffx.52286.1.S1_at,,unmapped,0,
LesAffx.55353.1.S1_at,,unmapped,0,
LesAffx.54499.1.S1_at,,unmapped,0,
LesAffx.54261.1.S1_at,,unmapped,0,
LesAffx.54425.1.S1_at,,unmapped,0,
LesAffx.53053.1.S1_at,,unmapped,0,
LesAffx.52241.1.S1_at,,unmapped,0,
LesAffx.52595.1.S1_at,,unmapped,0,
LesAffx.52939.1.S1_at,,unmapped,0,
LesAffx.52801.1.S1_at,,unmapped,0,
LesAffx.53706.1.S1_at,,unmapped,0,
LesAffx.55549.1.S1_at,,unmapped,0,
LesAffx.5496.1.S1_at,,unmapped,0,
LesAffx.53629.1.S1_at,,unmapped,0,
LesAffx.55118.1.S1_at,,unmapped,0,
LesAffx.5309.1.S1_at,,unmapped,0,
LesAffx.53629.2.S1_at,,unmapped,0,
LesAffx.53008.1.S1_at,,unmapped,0,
LesAffx.53568.1.S1_at,,unmapped,0,
LesAffx.53629.3.S1_at,,unmapped,0,
LesAffx.55337.1.S1_at,,unmapped,0,
LesAffx.52241.1.A1_at,,unmapped,0,
LesAffx.55337.2.S1_at,,unmapped,0,
LesAffx.54921.1.S1_at,,unmapped,0,
LesAffx.55582.1.S1_at,,unmapped,0,
LesAffx.54718.1.S1_at,,unmapped,0,
LesAffx.52328.1.S1_at,,unmapped,0,
LesAffx.52290.1.S1_at,,unmapped,0,
LesAffx.52470.1.S1_at,,unmapped,0,
LesAffx.54123.1.S1_at,,unmapped,0,
LesAffx.54873.1.S1_at,,unmapped,0,
LesAffx.53591.1.S1_at,,unmapped,0,
LesAffx.53781.1.S1_at,,unmapped,0,
LesAffx.5435.1.S1_at,Solyc05g011970,one_to_one_signature_target,11,Solyc05g011970
LesAffx.53629.3.A1_at,,unmapped,0,
LesAffx.52943.1.S1_at,,unmapped,0,
LesAffx.54522.1.S1_at,,unmapped,0,
LesAffx.53784.1.S1_at,,unmapped,0,
LesAffx.52232.1.S1_at,,unmapped,0,
LesAffx.55463.1.S1_at,,unmapped,0,
LesAffx.55283.1.S1_at,,unmapped,0,
LesAffx.52145.1.S1_at,,unmapped,0,
LesAffx.54355.2.S1_at,,unmapped,0,
LesAffx.52145.2.S1_at,,unmapped,0,
LesAffx.53546.1.S1_at,,unmapped,0,
LesAffx.53572.1.S1_at,,unmapped,0,
LesAffx.53459.1.S1_at,,unmapped,0,
LesAffx.55038.1.S1_at,,unmapped,0,
LesAffx.53231.1.S1_at,,unmapped,0,
LesAffx.53501.1.S1_at,,unmapped,0,
LesAffx.55138.1.S1_at,,unmapped,0,
LesAffx.52827.1.S1_at,,unmapped,0,
LesAffx.53678.1.S1_at,,unmapped,0,
LesAffx.55473.1.S1_at,,unmapped,0,
LesAffx.54355.1.S1_at,,unmapped,0,
LesAffx.54355.2.A1_at,,unmapped,0,
LesAffx.53517.1.S1_at,,unmapped,0,
LesAffx.52219.1.S1_at,,unmapped,0,
LesAffx.52155.1.S1_at,,unmapped,0,
LesAffx.55476.1.S1_at,,unmapped,0,
LesAffx.54368.1.S1_at,,unmapped,0,
LesAffx.54410.1.S1_at,,unmapped,0,
LesAffx.55489.1.S1_at,,unmapped,0,
LesAffx.55071.1.S1_at,,unmapped,0,
LesAffx.55621.1.S1_at,,unmapped,0,
LesAffx.52435.3.S1_at,,unmapped,0,
LesAffx.55489.2.S1_at,,unmapped,0,
LesAffx.55380.1.S1_at,,unmapped,0,
LesAffx.55570.1.S1_at,,unmapped,0,
LesAffx.56729.1.S1_at,,unmapped,0,
LesAffx.56221.1.S1_at,,unmapped,0,
LesAffx.58064.1.S1_at,,unmapped,0,
LesAffx.57992.1.A1_at,,unmapped,0,
LesAffx.57342.1.S1_at,,unmapped,0,
LesAffx.56070.1.S1_at,,unmapped,0,
LesAffx.56137.1.S1_at,,unmapped,0,
LesAffx.56237.1.S1_at,,unmapped,0,
LesAffx.56417.1.S1_at,,unmapped,0,
LesAffx.56797.1.S1_at,,unmapped,0,
LesAffx.56797.2.S1_at,,unmapped,0,
LesAffx.55911.1.S1_at,,unmapped,0,
LesAffx.56.8.S1_at,,unmapped,0,
LesAffx.56729.1.A1_at,,unmapped,0,
LesAffx.55863.1.S1_at,,unmapped,0,
LesAffx.56137.1.A1_at,,unmapped,0,
LesAffx.56868.1.S1_at,,unmapped,0,
LesAffx.56820.1.S1_at,,unmapped,0,
LesAffx.56057.1.S1_at,,unmapped,0,
LesAffx.56.6.S1_at,,unmapped,0,
LesAffx.56517.1.S1_at,,unmapped,0,
LesAffx.56363.1.S1_at,,unmapped,0,
LesAffx.55779.1.S1_at,,unmapped,0,
LesAffx.55921.1.S1_at,,unmapped,0,
LesAffx.56096.1.S1_at,,unmapped,0,
LesAffx.58019.1.S1_at,Solyc07g042390,one_to_one_signature_target,9,Solyc07g042390
LesAffx.5719.1.S1_at,,unmapped,0,
LesAffx.55680.1.S1_at,,unmapped,0,
LesAffx.56.3.S1_at,,unmapped,0,
LesAffx.5781.1.S1_at,,unmapped,0,
LesAffx.58084.1.S1_at,,unmapped,0,
LesAffx.56.4.S1_at,,unmapped,0,
LesAffx.5781.2.S1_at,,unmapped,0,
LesAffx.56868.1.A1_at,,unmapped,0,
LesAffx.5620.1.S1_at,,unmapped,0,
LesAffx.56434.1.S1_at,,unmapped,0,
LesAffx.56730.1.S1_at,,unmapped,0,
LesAffx.57999.1.S1_at,,unmapped,0,
LesAffx.56740.2.S1_at,,unmapped,0,
LesAffx.56.1.S1_at,,unmapped,0,
LesAffx.57928.1.S1_at,,unmapped,0,
LesAffx.56196.1.S1_at,,unmapped,0,
LesAffx.56.16.S1_at,,unmapped,0,
LesAffx.57700.1.S1_at,,unmapped,0,
LesAffx.56656.1.S1_at,,unmapped,0,
LesAffx.5691.1.S1_at,,unmapped,0,
LesAffx.55870.1.S1_at,,unmapped,0,
LesAffx.56389.1.S1_at,,unmapped,0,
LesAffx.56569.1.S1_at,,unmapped,0,
LesAffx.56785.1.S1_at,Solyc01g080680,one_to_one_signature_target,11,Solyc01g080680
LesAffx.58110.1.S1_at,,unmapped,0,
LesAffx.57716.1.S1_at,,unmapped,0,
LesAffx.58097.1.S1_at,,unmapped,0,
LesAffx.57999.1.A1_at,,unmapped,0,
LesAffx.56.14.S1_at,,unmapped,0,
LesAffx.56167.1.S1_at,,unmapped,0,
LesAffx.56.15.S1_at,,unmapped,0,
LesAffx.56.2.A1_at,,unmapped,0,
LesAffx.56.16.A1_at,,unmapped,0,
LesAffx.57198.1.S1_at,,unmapped,0,
LesAffx.57288.1.S1_at,,unmapped,0,
LesAffx.57874.1.S1_at,,unmapped,0,
LesAffx.56846.1.S1_at,,unmapped,0,
LesAffx.55638.1.S1_at,,unmapped,0,
LesAffx.56547.3.S1_at,,unmapped,0,
LesAffx.56.11.S1_at,,unmapped,0,
LesAffx.58110.1.A1_at,,unmapped,0,
LesAffx.56579.1.S1_at,,unmapped,0,
LesAffx.57163.2.S1_at,,unmapped,0,
LesAffx.55767.1.S1_at,,unmapped,0,
LesAffx.55883.1.S1_at,,unmapped,0,
LesAffx.57256.1.S1_at,,unmapped,0,
LesAffx.56074.1.S1_at,,unmapped,0,
LesAffx.56418.1.S1_at,,unmapped,0,
LesAffx.56.14.A1_at,,unmapped,0,
LesAffx.56634.1.S1_at,,unmapped,0,
LesAffx.56840.1.S1_at,,unmapped,0,
LesAffx.56.15.A1_at,,unmapped,0,
LesAffx.56390.2.S1_at,,unmapped,0,
LesAffx.56547.1.S1_at,,unmapped,0,
LesAffx.56637.1.S1_at,,unmapped,0,
LesAffx.56794.1.S1_s_at,,unmapped,0,
LesAffx.55735.1.S1_at,,unmapped,0,
LesAffx.55671.1.S1_at,,unmapped,0,
LesAffx.56547.2.S1_at,,unmapped,0,
LesAffx.56547.3.A1_at,,unmapped,0,
LesAffx.58075.1.S1_at,,unmapped,0,
LesAffx.55674.1.S1_at,,unmapped,0,
LesAffx.56589.1.S1_at,,unmapped,0,
LesAffx.57163.3.A1_at,,unmapped,0,
LesAffx.56634.1.A1_at,,unmapped,0,
LesAffx.56589.2.S1_at,,unmapped,0,
LesAffx.57572.1.S1_at,,unmapped,0,
LesAffx.57392.1.S1_at,Solyc03g082560,one_to_one_signature_target,11,Solyc03g082560
LesAffx.56618.1.S1_at,,unmapped,0,
LesAffx.56824.1.S1_at,,unmapped,0,
LesAffx.56734.1.S1_at,,unmapped,0,
LesAffx.57015.1.S1_at,,unmapped,0,
LesAffx.57549.1.S1_at,,unmapped,0,
LesAffx.55806.1.S1_at,,unmapped,0,
LesAffx.57881.1.S1_at,,unmapped,0,
LesAffx.57791.1.S1_at,,unmapped,0,
LesAffx.57025.2.S1_at,,unmapped,0,
LesAffx.55629.1.S1_at,,unmapped,0,
LesAffx.57208.1.S1_at,,unmapped,0,
LesAffx.57421.2.S1_at,,unmapped,0,
LesAffx.57054.1.S1_at,,unmapped,0,
LesAffx.55861.1.S1_at,,unmapped,0,
LesAffx.56422.1.S1_at,,unmapped,0,
LesAffx.57054.2.S1_at,,unmapped,0,
LesAffx.57247.1.S1_at,,unmapped,0,
LesAffx.57543.1.S1_at,,unmapped,0,
LesAffx.57273.1.S1_at,,unmapped,0,
LesAffx.57363.1.S1_at,,unmapped,0,
LesAffx.58104.1.S1_at,,unmapped,0,
LesAffx.57289.1.S1_at,,unmapped,0,
LesAffx.57421.1.S1_at,,unmapped,0,
LesAffx.58082.1.S1_at,,unmapped,0,
LesAffx.56422.1.A1_at,,unmapped,0,
LesAffx.55639.1.S1_at,,unmapped,0,
LesAffx.57054.2.A1_at,,unmapped,0,
LesAffx.56596.1.S1_at,,unmapped,0,
LesAffx.57994.1.S1_at,,unmapped,0,
LesAffx.57273.1.A1_at,,unmapped,0,
LesAffx.56802.1.S1_at,,unmapped,0,
LesAffx.58104.1.A1_at,,unmapped,0,
LesAffx.57437.1.S1_at,Solyc02g065280,one_to_one_signature_target,11,Solyc02g065280
LesAffx.56165.1.S1_at,,unmapped,0,
LesAffx.57437.2.S1_at,,unmapped,0,
LesAffx.55723.1.S1_at,,unmapped,0,
LesAffx.57122.1.S1_at,,unmapped,0,
LesAffx.56168.1.S1_at,,unmapped,0,
LesAffx.57402.1.S1_at,,unmapped,0,
LesAffx.56564.1.S1_at,,unmapped,0,
LesAffx.57775.1.A1_at,,unmapped,0,
LesAffx.57009.1.S1_at,,unmapped,0,
LesAffx.55662.1.S1_at,,unmapped,0,
LesAffx.57389.1.S1_at,,unmapped,0,
LesAffx.5647.1.S1_at,,unmapped,0,
LesAffx.5583.1.S1_at,,unmapped,0,
LesAffx.57775.2.A1_at,,unmapped,0,
LesAffx.57251.1.S1_at,Solyc07g053540,one_to_one_signature_target,11,Solyc07g053540
LesAffx.57389.2.S1_at,,unmapped,0,
LesAffx.57994.1.A1_at,,unmapped,0,
LesAffx.5602.1.S1_at,,unmapped,0,
LesAffx.57370.1.S1_at,,unmapped,0,
LesAffx.57553.1.A1_at,,unmapped,0,
LesAffx.57293.1.S1_at,,unmapped,0,
LesAffx.56329.1.S1_at,,unmapped,0,
LesAffx.57933.1.S1_at,,unmapped,0,
LesAffx.57402.1.A1_at,,unmapped,0,
LesAffx.5618.1.S1_at,,unmapped,0,
LesAffx.57386.1.S1_at,,unmapped,0,
LesAffx.57222.1.S1_at,,unmapped,0,
LesAffx.57312.1.S1_at,,unmapped,0,
LesAffx.57386.2.A1_at,,unmapped,0,
LesAffx.56104.1.S1_at,,unmapped,0,
LesAffx.57692.1.S1_at,,unmapped,0,
LesAffx.56130.1.S1_at,,unmapped,0,
LesAffx.56638.1.S1_at,,unmapped,0,
LesAffx.57299.1.S1_at,,unmapped,0,
LesAffx.56880.1.S1_at,,unmapped,0,
LesAffx.57389.2.A1_at,,unmapped,0,
LesAffx.57669.1.S1_at,,unmapped,0,
LesAffx.5776.1.S1_at,,unmapped,0,
LesAffx.56426.1.S1_at,,unmapped,0,
LesAffx.57914.1.S1_at,,unmapped,0,
LesAffx.58105.1.S1_at,,unmapped,0,
LesAffx.57933.1.A1_at,,unmapped,0,
LesAffx.57013.1.S1_at,,unmapped,0,
LesAffx.57367.1.S1_at,,unmapped,0,
LesAffx.57811.1.A1_at,,unmapped,0,
LesAffx.57721.1.A1_at,,unmapped,0,
LesAffx.57914.1.A1_at,,unmapped,0,
LesAffx.57010.1.S1_at,,unmapped,0,
LesAffx.58105.1.A1_at,,unmapped,0,
LesAffx.57454.1.S1_at,,unmapped,0,
LesAffx.57480.1.S1_at,,unmapped,0,
LesAffx.57013.1.A1_at,,unmapped,0,
LesAffx.58041.1.S1_at,,unmapped,0,
LesAffx.57950.1.S1_at,,unmapped,0,
LesAffx.57917.1.A1_at,,unmapped,0,
LesAffx.57303.1.S1_at,,unmapped,0,
LesAffx.55859.3.S1_at,,unmapped,0,
LesAffx.56.5.A1_a_at,,unmapped,0,
LesAffx.56301.1.S1_at,,unmapped,0,
LesAffx.56771.1.S1_at,,unmapped,0,
LesAffx.57287.2.S1_at,,unmapped,0,
LesAffx.57992.1.S1_at,,unmapped,0,
LesAffx.56520.1.S1_at,,unmapped,0,
LesAffx.57779.1.S1_at,,unmapped,0,
LesAffx.57068.1.S1_at,,unmapped,0,
LesAffx.55859.1.S1_at,,unmapped,0,
LesAffx.58041.1.A1_at,,unmapped,0,
LesAffx.57950.1.A1_at,,unmapped,0,
LesAffx.57438.1.S1_at,,unmapped,0,
LesAffx.55859.2.S1_at,,unmapped,0,
LesAffx.57287.1.S1_at,,unmapped,0,
LesAffx.57287.2.A1_at,,unmapped,0,
LesAffx.5571.1.S1_at,,unmapped,0,
LesAffx.59056.1.S1_at,,unmapped,0,
LesAffx.59893.2.S1_at,,unmapped,0,
LesAffx.59336.1.S1_at,Solyc01g109500,one_to_one_signature_target,11,Solyc01g109500
LesAffx.58308.1.S1_at,,unmapped,0,
LesAffx.58334.1.S1_at,,unmapped,0,
LesAffx.58244.1.S1_at,,unmapped,0,
LesAffx.59706.1.S1_at,,unmapped,0,
LesAffx.58460.1.S1_at,,unmapped,0,
LesAffx.6045.1.S1_at,,unmapped,0,
LesAffx.59709.1.S1_at,,unmapped,0,
LesAffx.59555.1.S1_at,,unmapped,0,
LesAffx.5957.1.S1_at,,unmapped,0,
LesAffx.59375.2.S1_at,,unmapped,0,
LesAffx.58283.3.A1_at,,unmapped,0,
LesAffx.5912.1.A1_at,,unmapped,0,
LesAffx.5957.2.S1_at,,unmapped,0,
LesAffx.60369.1.S1_at,,unmapped,0,
LesAffx.60279.1.S1_at,,unmapped,0,
LesAffx.59684.1.S1_at,,unmapped,0,
LesAffx.5822.1.S1_at,,unmapped,0,
LesAffx.58331.1.A1_at,,unmapped,0,
LesAffx.59777.1.S1_at,,unmapped,0,
LesAffx.58849.1.S1_at,,unmapped,0,
LesAffx.58244.1.A1_at,,unmapped,0,
LesAffx.60450.1.S1_at,,unmapped,0,
LesAffx.59407.2.S1_at,,unmapped,0,
LesAffx.59156.1.S1_at,,unmapped,0,
LesAffx.5861.1.S1_at,,unmapped,0,
LesAffx.59092.1.S1_at,,unmapped,0,
LesAffx.58228.1.S1_at,,unmapped,0,
LesAffx.59282.1.S1_at,,unmapped,0,
LesAffx.58624.1.S1_at,,unmapped,0,
LesAffx.60643.1.S1_at,,unmapped,0,
LesAffx.59375.2.A1_at,,unmapped,0,
LesAffx.58193.1.S1_at,,unmapped,0,
LesAffx.60582.1.S1_at,,unmapped,0,
LesAffx.59008.1.S1_at,,unmapped,0,
LesAffx.60215.1.S1_at,,unmapped,0,
LesAffx.58502.1.S1_at,,unmapped,0,
LesAffx.59407.1.S1_at,,unmapped,0,
LesAffx.59507.1.S1_at,,unmapped,0,
LesAffx.58351.1.S1_at,,unmapped,0,
LesAffx.58859.1.S1_at,,unmapped,0,
LesAffx.58228.1.A1_at,,unmapped,0,
LesAffx.59256.1.S1_at,,unmapped,0,
LesAffx.59076.1.S1_at,,unmapped,0,
LesAffx.6036.1.S1_at,,unmapped,0,
LesAffx.59536.1.S1_at,,unmapped,0,
LesAffx.59375.1.A1_at,,unmapped,0,
LesAffx.59842.1.S1_at,,unmapped,0,
LesAffx.58193.1.A1_at,,unmapped,0,
LesAffx.58544.1.S1_at,,unmapped,0,
LesAffx.58480.1.S1_at,,unmapped,0,
LesAffx.59549.1.S1_at,,unmapped,0,
LesAffx.60006.1.S1_at,,unmapped,0,
LesAffx.59971.1.S1_at,,unmapped,0,
LesAffx.5977.1.S1_at,,unmapped,0,
LesAffx.59668.1.S1_at,Solyc06g061170,one_to_one_signature_target,11,Solyc06g061170
LesAffx.60479.1.S1_at,,unmapped,0,
LesAffx.60109.1.S1_at,,unmapped,0,
LesAffx.59794.1.S1_at,,unmapped,0,
LesAffx.60225.1.S1_at,,unmapped,0,
LesAffx.58583.1.S1_a_at,,unmapped,0,
LesAffx.60138.1.S1_at,,unmapped,0,
LesAffx.58985.1.S1_at,,unmapped,0,
LesAffx.60380.1.S1_at,,unmapped,0,
LesAffx.60380.2.S1_at,,unmapped,0,
LesAffx.59231.1.S1_at,,unmapped,0,
LesAffx.58583.1.S1_at,,unmapped,0,
LesAffx.58242.1.S1_at,,unmapped,0,
LesAffx.60171.1.S1_at,,unmapped,0,
LesAffx.60100.1.S1_at,,unmapped,0,
LesAffx.59952.1.S1_at,,unmapped,0,
LesAffx.60483.1.S1_at,,unmapped,0,
LesAffx.59952.2.S1_at,,unmapped,0,
LesAffx.59659.1.S1_at,,unmapped,0,
LesAffx.60586.1.S1_at,,unmapped,0,
LesAffx.59878.1.S1_at,,unmapped,0,
LesAffx.58786.1.S1_at,,unmapped,0,
LesAffx.60361.1.S1_at,,unmapped,0,
LesAffx.59463.1.S1_at,,unmapped,0,
LesAffx.58561.1.S1_at,,unmapped,0,
LesAffx.58651.1.S1_at,,unmapped,0,
LesAffx.58905.1.S1_at,,unmapped,0,
LesAffx.59592.1.S1_at,,unmapped,0,
LesAffx.59682.1.S1_at,,unmapped,0,
LesAffx.59569.1.S1_at,,unmapped,0,
LesAffx.59595.1.S1_at,,unmapped,0,
LesAffx.58854.2.S1_at,,unmapped,0,
LesAffx.60242.1.S1_at,,unmapped,0,
LesAffx.60152.1.S1_at,,unmapped,0,
LesAffx.58413.1.S1_at,,unmapped,0,
LesAffx.58503.1.S1_at,,unmapped,0,
LesAffx.6024.1.S1_at,,unmapped,0,
LesAffx.58786.1.A1_at,,unmapped,0,
LesAffx.59788.1.S1_at,,unmapped,0,
LesAffx.60435.1.S1_at,,unmapped,0,
LesAffx.60461.1.S1_at,,unmapped,0,
LesAffx.5936.1.S1_at,,unmapped,0,
LesAffx.60258.1.S1_at,,unmapped,0,
LesAffx.60168.1.S1_at,,unmapped,0,
LesAffx.60564.1.S1_at,,unmapped,0,
LesAffx.5975.1.S1_at,,unmapped,0,
LesAffx.60168.2.S1_at,,unmapped,0,
LesAffx.59106.1.S1_at,,unmapped,0,
LesAffx.59756.1.S1_at,,unmapped,0,
LesAffx.59782.1.S1_at,,unmapped,0,
LesAffx.60297.1.S1_at,,unmapped,0,
LesAffx.59972.1.S1_at,Solyc06g050840,one_to_one_signature_target,11,Solyc06g050840
LesAffx.58854.1.S1_at,,unmapped,0,
LesAffx.59109.1.S1_at,,unmapped,0,
LesAffx.58854.2.A1_at,,unmapped,0,
LesAffx.6024.1.A1_at,,unmapped,0,
LesAffx.59441.1.S1_at,,unmapped,0,
LesAffx.59769.1.S1_at,,unmapped,0,
LesAffx.58497.1.S1_at,,unmapped,0,
LesAffx.60252.1.S1_at,,unmapped,0,
LesAffx.58423.1.S1_at,,unmapped,0,
LesAffx.58326.1.A1_at,,unmapped,1,
LesAffx.60265.1.S1_at,,unmapped,0,
LesAffx.58896.1.S1_at,,unmapped,0,
LesAffx.58481.1.A1_at,,unmapped,0,
LesAffx.59637.1.S1_at,,unmapped,0,
LesAffx.58365.1.S1_at,,unmapped,0,
LesAffx.59763.1.S1_at,,unmapped,0,
LesAffx.60384.1.S1_at,,unmapped,0,
LesAffx.59277.2.S1_at,,unmapped,0,
LesAffx.59512.1.S1_at,,unmapped,0,
LesAffx.59956.1.S1_at,,unmapped,0,
LesAffx.60577.1.S1_at,,unmapped,0,
LesAffx.59119.1.S1_at,,unmapped,0,
LesAffx.59055.1.S1_at,,unmapped,0,
LesAffx.58307.1.S1_at,,unmapped,0,
LesAffx.59895.1.S1_at,,unmapped,0,
LesAffx.59705.1.S1_at,,unmapped,0,
LesAffx.60146.1.S1_at,,unmapped,0,
LesAffx.5917.1.S1_at,,unmapped,0,
LesAffx.60146.2.S1_at,,unmapped,0,
LesAffx.59110.1.S1_at,,unmapped,0,
LesAffx.60101.1.S1_at,,unmapped,0,
LesAffx.60455.1.S1_at,,unmapped,0,
LesAffx.60391.1.S1_at,,unmapped,0,
LesAffx.59467.1.S1_at,,unmapped,0,
LesAffx.60043.1.A1_at,,unmapped,0,
LesAffx.5911.1.S1_at,,unmapped,0,
LesAffx.6012.1.S1_at,,unmapped,0,
LesAffx.59332.1.S1_at,,unmapped,0,
LesAffx.58388.1.S1_at,,unmapped,0,
LesAffx.58478.1.S1_at,,unmapped,0,
LesAffx.58430.1.S1_at,,unmapped,0,
LesAffx.58307.1.A1_at,,unmapped,0,
LesAffx.5860.1.S1_at,,unmapped,0,
LesAffx.58478.2.S1_at,,unmapped,0,
LesAffx.58227.1.S1_at,,unmapped,0,
LesAffx.59039.2.S1_at,,unmapped,0,
LesAffx.59020.1.S1_at,,unmapped,0,
LesAffx.59808.1.S1_at,,unmapped,0,
LesAffx.60159.1.S1_at,,unmapped,0,
LesAffx.59467.1.A1_at,,unmapped,0,
LesAffx.60439.1.S1_at,,unmapped,0,
LesAffx.60021.1.S1_at,,unmapped,0,
LesAffx.6012.1.A1_at,,unmapped,0,
LesAffx.59648.1.S1_a_at,,unmapped,0,
LesAffx.60304.1.S1_at,,unmapped,0,
LesAffx.60610.1.S1_at,,unmapped,0,
LesAffx.59062.1.S1_at,,unmapped,0,
LesAffx.5860.1.A1_at,,unmapped,0,
LesAffx.59622.1.S1_at,,unmapped,0,
LesAffx.59712.1.S1_at,,unmapped,0,
LesAffx.60610.2.S1_at,,unmapped,0,
LesAffx.60153.1.S1_at,,unmapped,0,
LesAffx.58324.1.S1_at,,unmapped,0,
LesAffx.58227.1.A1_at,,unmapped,0,
LesAffx.58900.1.S1_at,,unmapped,0,
LesAffx.5934.1.S1_at,,unmapped,0,
LesAffx.59255.1.S1_at,,unmapped,0,
LesAffx.59625.1.S1_at,,unmapped,0,
LesAffx.58573.1.S1_a_at,,unmapped,0,
LesAffx.5934.2.S1_at,,unmapped,0,
LesAffx.59078.1.S1_at,,unmapped,0,
LesAffx.59690.1.S1_at,,unmapped,0,
LesAffx.60629.1.S1_at,,unmapped,0,
LesAffx.5902.1.S1_at,,unmapped,0,
LesAffx.5841.1.S1_at,,unmapped,0,
LesAffx.60530.1.S1_at,,unmapped,0,
LesAffx.58424.1.S1_at,,unmapped,0,
LesAffx.59059.1.S1_at,,unmapped,0,
LesAffx.5970.1.S1_at,,unmapped,0,
LesAffx.59101.1.S1_at,,unmapped,0,
LesAffx.59059.2.S1_at,,unmapped,0,
LesAffx.5970.2.S1_at,,unmapped,0,
LesAffx.5883.1.S1_at,,unmapped,0,
LesAffx.59648.1.S1_at,,unmapped,0,
LesAffx.59648.2.S1_at,,unmapped,0,
LesAffx.58283.3.S1_at,,unmapped,0,
LesAffx.5912.1.S1_at,,unmapped,0,
LesAffx.60369.2.S1_at,,unmapped,0,
LesAffx.60488.1.S1_at,,unmapped,0,
LesAffx.59893.1.S1_at,,unmapped,0,
LesAffx.58659.1.S1_at,,unmapped,0,
LesAffx.62698.2.S1_at,,unmapped,0,
LesAffx.62167.1.S1_at,,unmapped,0,
LesAffx.60720.1.S1_at,,unmapped,0,
LesAffx.61165.1.S1_at,,unmapped,0,
LesAffx.62933.1.S1_at,,unmapped,0,
LesAffx.62843.1.S1_at,,unmapped,0,
LesAffx.62006.1.S1_at,,unmapped,0,
LesAffx.62566.1.S1_at,,unmapped,0,
LesAffx.62296.1.S1_at,,unmapped,0,
LesAffx.62402.1.S1_at,,unmapped,0,
LesAffx.60643.2.S1_at,,unmapped,0,
LesAffx.60762.1.S1_at,,unmapped,0,
LesAffx.62669.1.S1_at,,unmapped,0,
LesAffx.62071.1.S1_at,,unmapped,0,
LesAffx.62785.1.S1_at,,unmapped,0,
LesAffx.62434.1.A1_at,,unmapped,0,
LesAffx.62669.2.S1_at,,unmapped,0,
LesAffx.62138.1.S1_at,,unmapped,0,
LesAffx.62264.1.S1_at,Solyc03g121720,one_to_one_signature_target,11,Solyc03g121720
LesAffx.61632.1.S1_at,,unmapped,0,
LesAffx.62264.2.S1_at,Solyc03g121720,one_to_one_signature_target,11,Solyc03g121720
LesAffx.62267.1.S1_at,,unmapped,0,
LesAffx.60984.1.S1_at,,unmapped,0,
LesAffx.62570.2.S1_at,,unmapped,0,
LesAffx.61149.1.S1_at,Solyc02g070020,one_to_one_signature_target,8,Solyc02g070020
LesAffx.61175.1.S1_at,,unmapped,0,
LesAffx.61339.1.S1_at,,unmapped,0,
LesAffx.61011.1.S1_at,,unmapped,0,
LesAffx.61709.1.S1_at,,unmapped,0,
LesAffx.62402.1.A1_at,,unmapped,0,
LesAffx.61899.1.S1_at,,unmapped,0,
LesAffx.61204.1.S1_at,,unmapped,0,
LesAffx.62071.1.A1_at,,unmapped,0,
LesAffx.61790.1.S1_at,,unmapped,0,
LesAffx.62669.2.A1_at,,unmapped,0,
LesAffx.6068.1.S1_at,,unmapped,0,
LesAffx.62589.1.S1_at,,unmapped,0,
LesAffx.6110.1.S1_at,,unmapped,0,
LesAffx.61510.2.S1_at,,unmapped,0,
LesAffx.61307.1.S1_at,,unmapped,0,
LesAffx.62589.2.S1_at,,unmapped,0,
LesAffx.60939.1.S1_at,,unmapped,0,
LesAffx.62264.2.A1_at,Solyc03g121720,one_to_one_signature_target,11,Solyc03g121720
LesAffx.62480.1.S1_at,,unmapped,0,
LesAffx.61336.1.S1_at,,unmapped,0,
LesAffx.62390.1.S1_at,,unmapped,0,
LesAffx.62570.2.A1_at,,unmapped,0,
LesAffx.62760.1.S1_at,,unmapped,0,
LesAffx.62480.2.S1_at,,unmapped,0,
LesAffx.60714.1.S1_at,,unmapped,0,
LesAffx.61159.1.S1_at,,unmapped,0,
LesAffx.61619.1.S1_at,,unmapped,0,
LesAffx.61301.1.S1_at,,unmapped,0,
LesAffx.62232.1.S1_at,,unmapped,0,
LesAffx.61288.1.S1_at,,unmapped,0,
LesAffx.61378.1.S1_at,,unmapped,0,
LesAffx.6281.1.S1_at,,unmapped,0,
LesAffx.61214.1.S1_at,,unmapped,0,
LesAffx.62892.1.S1_at,,unmapped,0,
LesAffx.60782.1.S1_at,,unmapped,0,
LesAffx.62361.1.S1_at,,unmapped,0,
LesAffx.62705.1.S1_at,,unmapped,0,
LesAffx.62068.1.S1_at,,unmapped,0,
LesAffx.62184.1.S1_at,,unmapped,0,
LesAffx.61066.1.S1_at,,unmapped,0,
LesAffx.62670.1.S1_at,Solyc02g083380,one_to_one_signature_target,7,Solyc02g083380
LesAffx.62924.1.S1_at,,unmapped,0,
LesAffx.62303.1.S1_at,,unmapped,0,
LesAffx.62837.1.S1_at,,unmapped,0,
LesAffx.62593.1.S1_at,,unmapped,0,
LesAffx.62593.2.S1_at,,unmapped,0,
LesAffx.62847.2.S1_at,,unmapped,0,
LesAffx.6075.1.S1_at,,unmapped,0,
LesAffx.60943.1.S1_at,,unmapped,0,
LesAffx.62406.1.S1_at,,unmapped,0,
LesAffx.61034.1.S1_at,,unmapped,0,
LesAffx.61430.1.S1_at,,unmapped,0,
LesAffx.61848.1.S1_at,,unmapped,0,
LesAffx.62319.1.S1_at,,unmapped,0,
LesAffx.61047.1.S1_at,,unmapped,0,
LesAffx.62625.1.S1_at,,unmapped,0,
LesAffx.62310.1.S1_at,,unmapped,0,
LesAffx.60898.1.S1_at,,unmapped,0,
LesAffx.62387.1.S1_at,,unmapped,0,
LesAffx.61012.2.S1_at,,unmapped,0,
LesAffx.62690.2.S1_at,,unmapped,0,
LesAffx.61269.1.S1_at,,unmapped,0,
LesAffx.62593.2.A1_at,,unmapped,0,
LesAffx.62783.1.S1_at,,unmapped,0,
LesAffx.6075.1.A1_at,,unmapped,0,
LesAffx.60827.1.S1_at,,unmapped,0,
LesAffx.61398.1.S1_at,,unmapped,0,
LesAffx.61208.1.S1_at,,unmapped,0,
LesAffx.61720.1.S1_at,,unmapped,0,
LesAffx.62609.1.S1_at,,unmapped,0,
LesAffx.62725.1.S1_at,,unmapped,0,
LesAffx.61607.1.S1_at,,unmapped,0,
LesAffx.62239.2.S1_at,,unmapped,0,
LesAffx.61897.1.S1_at,,unmapped,0,
LesAffx.62458.1.S1_at,,unmapped,0,
LesAffx.61012.1.S1_at,,unmapped,0,
LesAffx.61897.2.S1_at,,unmapped,0,
LesAffx.62690.1.S1_at,,unmapped,0,
LesAffx.62690.2.A1_at,,unmapped,0,
LesAffx.62880.1.S1_at,,unmapped,0,
LesAffx.62107.1.S1_at,,unmapped,0,
LesAffx.62577.1.S1_at,,unmapped,0,
LesAffx.61585.1.S1_at,,unmapped,0,
LesAffx.61511.1.S1_at,,unmapped,0,
LesAffx.62452.1.S1_at,,unmapped,0,
LesAffx.61588.1.S1_at,,unmapped,0,
LesAffx.61614.1.S1_at,,unmapped,0,
LesAffx.62452.2.S1_at,,unmapped,0,
LesAffx.62249.1.S1_at,,unmapped,0,
LesAffx.62645.1.S1_at,,unmapped,0,
LesAffx.60966.2.S1_at,,unmapped,0,
LesAffx.60831.1.S1_at,,unmapped,0,
LesAffx.62584.1.S1_at,,unmapped,0,
LesAffx.62420.1.S1_at,,unmapped,0,
LesAffx.61682.1.S1_at,,unmapped,0,
LesAffx.6163.2.S1_at,,unmapped,0,
LesAffx.61379.1.S1_at,,unmapped,0,
LesAffx.61749.1.S1_at,,unmapped,0,
LesAffx.61521.1.S1_at,,unmapped,0,
LesAffx.60693.1.S1_at,,unmapped,0,
LesAffx.6195.1.S1_at,,unmapped,0,
LesAffx.61064.1.S1_at,,unmapped,0,
LesAffx.61788.1.S1_at,,unmapped,0,
LesAffx.62349.1.S1_at,,unmapped,0,
LesAffx.62832.2.S1_at,,unmapped,0,
LesAffx.62465.1.S1_at,,unmapped,0,
LesAffx.61193.1.S1_at,,unmapped,0,
LesAffx.61653.1.S1_at,,unmapped,0,
LesAffx.60815.1.S1_at,,unmapped,0,
LesAffx.6137.1.S1_at,,unmapped,0,
LesAffx.6163.2.A1_at,,unmapped,0,
LesAffx.61402.1.S1_at,,unmapped,0,
LesAffx.61402.2.S1_at,,unmapped,0,
LesAffx.62803.1.S1_at,,unmapped,0,
LesAffx.61901.1.S1_at,,unmapped,0,
LesAffx.60947.1.S1_at,,unmapped,0,
LesAffx.61048.1.S1_at,,unmapped,0,
LesAffx.62832.1.S1_at,,unmapped,0,
LesAffx.62742.1.S1_at,,unmapped,0,
LesAffx.61328.1.S1_at,,unmapped,0,
LesAffx.61795.2.S1_at,,unmapped,0,
LesAffx.61000.1.S1_at,,unmapped,0,
LesAffx.62906.1.S1_at,,unmapped,0,
LesAffx.61750.1.S1_at,,unmapped,0,
LesAffx.60722.1.S1_at,,unmapped,0,
LesAffx.62121.1.S1_at,,unmapped,0,
LesAffx.62385.1.S1_at,,unmapped,0,
LesAffx.62935.1.S1_at,,unmapped,0,
LesAffx.62755.1.S1_at,,unmapped,0,
LesAffx.61753.1.S1_at,,unmapped,0,
LesAffx.60825.1.S1_at,,unmapped,0,
LesAffx.62250.1.S1_at,,unmapped,0,
LesAffx.62488.2.S1_at,,unmapped,0,
LesAffx.61589.1.S1_at,,unmapped,0,
LesAffx.61795.1.S1_at,,unmapped,0,
LesAffx.62356.1.S1_at,Solyc03g116370,one_to_one_signature_target,11,Solyc03g116370
LesAffx.61058.1.S1_at,,unmapped,0,
LesAffx.61100.1.S1_at,,unmapped,0,
LesAffx.61518.1.S1_at,,unmapped,0,
LesAffx.62549.1.S1_at,Solyc09g075140,one_to_one_signature_target,11,Solyc09g075140
LesAffx.62131.1.S1_at,,unmapped,0,
LesAffx.62501.1.S1_at,,unmapped,0,
LesAffx.62321.1.S1_at,,unmapped,0,
LesAffx.62411.1.S1_at,,unmapped,0,
LesAffx.60645.1.S1_at,,unmapped,0,
LesAffx.62398.1.S1_at,,unmapped,0,
LesAffx.62070.1.S1_at,Solyc05g014000,one_to_one_signature_target,11,Solyc05g014000
LesAffx.61869.1.S1_at,,unmapped,0,
LesAffx.62276.1.S1_at,,unmapped,0,
LesAffx.62202.1.S1_at,,unmapped,0,
LesAffx.6125.1.S1_at,,unmapped,0,
LesAffx.61184.1.S1_at,,unmapped,0,
LesAffx.62672.1.S1_at,,unmapped,0,
LesAffx.61110.1.S1_at,Solyc01g100930,one_to_one_signature_target,11,Solyc01g100930
LesAffx.61490.1.S1_at,,unmapped,0,
LesAffx.62202.2.S1_at,,unmapped,0,
LesAffx.62189.1.S1_at,,unmapped,0,
LesAffx.62025.1.S1_at,,unmapped,0,
LesAffx.61927.1.S1_at,,unmapped,0,
LesAffx.62305.2.S1_at,,unmapped,0,
LesAffx.62334.1.S1_at,,unmapped,0,
LesAffx.62778.1.S1_at,,unmapped,0,
LesAffx.61242.1.S1_at,,unmapped,0,
LesAffx.61802.1.S1_at,,unmapped,0,
LesAffx.62617.1.S1_at,,unmapped,0,
LesAffx.607.1.S1_at,,unmapped,0,
LesAffx.61284.1.S1_at,,unmapped,0,
LesAffx.62772.1.S1_at,,unmapped,0,
LesAffx.61960.1.S1_at,,unmapped,0,
LesAffx.62009.1.S1_at,,unmapped,0,
LesAffx.62305.1.S1_at,,unmapped,0,
LesAffx.62305.2.A1_at,,unmapped,0,
LesAffx.61873.1.S1_at,,unmapped,0,
LesAffx.62434.1.S1_at,,unmapped,0,
LesAffx.6103.1.S1_at,,unmapped,0,
LesAffx.64675.1.S1_a_at,,unmapped,0,
LesAffx.63925.1.S1_at,,unmapped,0,
LesAffx.63655.2.S1_at,,unmapped,0,
LesAffx.63587.1.A1_at,,unmapped,0,
LesAffx.64689.1.S1_at,,unmapped,0,
LesAffx.64544.1.A1_at,,unmapped,0,
LesAffx.63523.1.S1_at,,unmapped,0,
LesAffx.64068.1.S1_at,,unmapped,0,
LesAffx.64528.1.S1_at,,unmapped,0,
LesAffx.62975.1.S1_at,,unmapped,0,
LesAffx.63716.1.S1_at,,unmapped,0,
LesAffx.63079.1.S1_at,,unmapped,0,
LesAffx.63259.1.S1_at,,unmapped,0,
LesAffx.63655.1.S1_at,,unmapped,0,
LesAffx.63935.1.S1_at,,unmapped,0,
LesAffx.64403.2.S1_at,,unmapped,0,
LesAffx.64062.1.S1_at,,unmapped,0,
LesAffx.63008.1.S1_at,,unmapped,0,
LesAffx.6422.1.S1_at,,unmapped,0,
LesAffx.63298.1.S1_at,,unmapped,0,
LesAffx.63224.1.S1_at,,unmapped,0,
LesAffx.64689.1.A1_at,,unmapped,0,
LesAffx.64403.3.S1_at,,unmapped,0,
LesAffx.63160.1.S1_at,,unmapped,0,
LesAffx.64525.1.A1_at,,unmapped,0,
LesAffx.64062.2.S1_at,,unmapped,0,
LesAffx.62946.1.S1_at,,unmapped,0,
LesAffx.64535.1.S1_at,,unmapped,0,
LesAffx.64831.1.S1_at,,unmapped,0,
LesAffx.64741.1.S1_at,,unmapped,0,
LesAffx.64561.1.S1_at,,unmapped,0,
LesAffx.64528.1.A1_at,,unmapped,0,
LesAffx.63327.1.S1_at,,unmapped,0,
LesAffx.64464.1.A1_at,,unmapped,0,
LesAffx.6338.1.S1_at,,unmapped,0,
LesAffx.63813.1.S1_at,,unmapped,0,
LesAffx.6464.1.S1_at,,unmapped,0,
LesAffx.64590.1.S1_at,,unmapped,0,
LesAffx.63176.1.S1_at,,unmapped,0,
LesAffx.63266.1.S1_at,,unmapped,0,
LesAffx.64223.1.S1_at,,unmapped,0,
LesAffx.64403.1.S1_at,,unmapped,0,
LesAffx.64757.1.S1_at,,unmapped,0,
LesAffx.63221.1.S1_at,,unmapped,0,
LesAffx.63575.1.S1_at,,unmapped,0,
LesAffx.64403.3.A1_at,,unmapped,0,
LesAffx.63971.1.S1_at,,unmapped,0,
LesAffx.64252.1.S1_at,,unmapped,0,
LesAffx.63488.1.S1_at,,unmapped,0,
LesAffx.63984.1.S1_at,,unmapped,0,
LesAffx.6338.1.A1_at,,unmapped,0,
LesAffx.64239.1.S1_at,,unmapped,0,
LesAffx.64445.1.S1_at,,unmapped,0,
LesAffx.63263.1.S1_at,,unmapped,0,
LesAffx.63987.1.S1_at,,unmapped,0,
LesAffx.64104.1.S1_at,,unmapped,0,
LesAffx.64458.1.S1_at,,unmapped,0,
LesAffx.64757.1.A1_at,,unmapped,0,
LesAffx.62998.1.S1_at,,unmapped,0,
LesAffx.62950.1.S1_at,,unmapped,0,
LesAffx.63189.1.S1_at,,unmapped,0,
LesAffx.63231.1.S1_at,,unmapped,0,
LesAffx.63739.1.S1_at,,unmapped,0,
LesAffx.63929.1.S1_at,,unmapped,0,
LesAffx.64452.1.S1_at,,unmapped,0,
LesAffx.63154.1.S1_at,,unmapped,0,
LesAffx.63244.1.S1_at,,unmapped,0,
LesAffx.64841.1.A1_at,,unmapped,0,
LesAffx.63820.2.A1_at,,unmapped,0,
LesAffx.64825.1.S1_at,,unmapped,0,
LesAffx.6294.1.S1_at,,unmapped,0,
LesAffx.63833.1.S1_at,,unmapped,0,
LesAffx.64600.1.S1_at,,unmapped,0,
LesAffx.63231.1.A1_at,,unmapped,0,
LesAffx.64307.1.S1_at,,unmapped,0,
LesAffx.64333.1.S1_at,,unmapped,0,
LesAffx.63479.1.S1_at,,unmapped,0,
LesAffx.63659.1.S1_at,,unmapped,0,
LesAffx.63775.1.S1_at,,unmapped,0,
LesAffx.64452.1.A1_at,,unmapped,0,
LesAffx.64732.1.S1_at,,unmapped,0,
LesAffx.64439.1.S1_at,,unmapped,0,
LesAffx.63833.1.A1_at,,unmapped,0,
LesAffx.64285.1.S1_at,,unmapped,0,
LesAffx.64403.1.S1_a_at,,unmapped,0,
LesAffx.63383.2.S1_at,,unmapped,0,
LesAffx.63846.1.S1_at,,unmapped,0,
LesAffx.64703.1.A1_at,,unmapped,0,
LesAffx.63782.1.S1_at,,unmapped,0,
LesAffx.64314.2.S1_at,,unmapped,0,
LesAffx.64523.1.S1_at,,unmapped,0,
LesAffx.63489.1.S1_at,,unmapped,0,
LesAffx.63621.1.S1_at,,unmapped,0,
LesAffx.63074.1.S1_at,,unmapped,0,
LesAffx.63293.1.S1_at,,unmapped,0,
LesAffx.63383.1.S1_at,,unmapped,0,
LesAffx.63663.1.S1_at,,unmapped,0,
LesAffx.62989.1.S1_at,,unmapped,0,
LesAffx.63846.1.A1_at,,unmapped,0,
LesAffx.64314.1.S1_at,,unmapped,0,
LesAffx.64523.1.A1_at,,unmapped,0,
LesAffx.63412.1.S1_at,,unmapped,0,
LesAffx.64507.1.S1_at,,unmapped,0,
LesAffx.64443.1.S1_at,,unmapped,0,
LesAffx.63209.1.S1_at,,unmapped,0,
LesAffx.63074.1.A1_at,,unmapped,0,
LesAffx.63515.1.S1_at,,unmapped,0,
LesAffx.63721.1.S1_at,,unmapped,0,
LesAffx.64546.1.S1_at,,unmapped,0,
LesAffx.63895.2.S1_at,,unmapped,0,
LesAffx.63705.2.S1_at,,unmapped,0,
LesAffx.63544.1.S1_at,,unmapped,0,
LesAffx.64369.1.S1_at,,unmapped,0,
LesAffx.63367.1.S1_at,,unmapped,0,
LesAffx.64694.1.A1_at,,unmapped,0,
LesAffx.6388.1.S1_at,,unmapped,0,
LesAffx.64234.1.S1_at,,unmapped,0,
LesAffx.64540.1.S1_at,,unmapped,0,
LesAffx.64234.2.S1_at,,unmapped,0,
LesAffx.63776.1.S1_at,Solyc10g083440,one_to_one_signature_target,11,Solyc10g083440
LesAffx.64054.2.S1_at,,unmapped,0,
LesAffx.64054.3.S1_at,Solyc05g006740,one_to_one_signature_target,11,Solyc05g006740
LesAffx.64823.1.S1_at,,unmapped,0,
LesAffx.64733.1.S1_at,,unmapped,0,
LesAffx.64546.1.A1_at,,unmapped,0,
LesAffx.63895.1.S1_at,,unmapped,0,
LesAffx.63705.1.S1_at,,unmapped,0,
LesAffx.63731.1.S1_at,,unmapped,0,
LesAffx.62967.1.S1_at,,unmapped,0,
LesAffx.64456.1.S1_at,,unmapped,0,
LesAffx.63158.1.S1_at,Solyc07g017600,one_to_one_signature_target,11,Solyc07g017600
LesAffx.64826.1.S1_at,,unmapped,0,
LesAffx.64.1.S1_at,,unmapped,0,
LesAffx.64582.1.S1_at,,unmapped,0,
LesAffx.63618.1.S1_at,,unmapped,0,
LesAffx.64205.1.S1_at,,unmapped,0,
LesAffx.64585.1.S1_at,,unmapped,0,
LesAffx.64305.1.S1_at,,unmapped,0,
LesAffx.64675.2.A1_at,,unmapped,0,
LesAffx.63770.2.S1_at,,unmapped,0,
LesAffx.63213.1.S1_at,,unmapped,0,
LesAffx.64054.1.S1_at,Solyc05g006740,one_to_one_signature_target,10,Solyc05g006740
LesAffx.62935.2.A1_at,,unmapped,0,
LesAffx.63036.1.S1_at,,unmapped,0,
LesAffx.63216.1.S1_at,,unmapped,0,
LesAffx.63152.1.S1_at,,unmapped,0,
LesAffx.64733.1.A1_at,,unmapped,0,
LesAffx.63802.1.S1_at,,unmapped,0,
LesAffx.64437.1.S1_at,,unmapped,0,
LesAffx.63065.1.S1_at,,unmapped,0,
LesAffx.63802.2.S1_at,,unmapped,0,
LesAffx.64.1.A1_at,,unmapped,0,
LesAffx.63831.1.S1_at,,unmapped,0,
LesAffx.62977.1.S1_at,,unmapped,0,
LesAffx.64022.1.S1_at,,unmapped,0,
LesAffx.64582.2.A1_at,,unmapped,0,
LesAffx.63120.1.S1_at,,unmapped,0,
LesAffx.64511.1.A1_at,,unmapped,0,
LesAffx.64061.1.S1_at,,unmapped,0,
LesAffx.62942.1.S1_at,,unmapped,0,
LesAffx.63693.1.S1_at,,unmapped,0,
LesAffx.64254.1.S1_at,,unmapped,0,
LesAffx.63947.2.S1_at,,unmapped,0,
LesAffx.64447.1.S1_at,,unmapped,0,
LesAffx.63609.1.S1_at,,unmapped,0,
LesAffx.63979.1.S1_at,,unmapped,0,
LesAffx.63609.2.S1_at,,unmapped,0,
LesAffx.63458.1.S1_at,,unmapped,0,
LesAffx.63638.1.S1_at,,unmapped,0,
LesAffx.64135.1.S1_at,,unmapped,0,
LesAffx.64505.1.S1_at,,unmapped,0,
LesAffx.64531.1.S1_at,,unmapped,0,
LesAffx.63947.2.A1_at,,unmapped,0,
LesAffx.64505.2.S1_at,,unmapped,0,
LesAffx.64328.1.S1_at,,unmapped,0,
LesAffx.63172.1.S1_at,,unmapped,0,
LesAffx.64717.1.A1_at,,unmapped,0,
LesAffx.64328.2.S1_at,,unmapped,0,
LesAffx.64357.1.S1_at,,unmapped,0,
LesAffx.630.1.S1_at,,unmapped,0,
LesAffx.64206.1.S1_at,,unmapped,0,
LesAffx.63320.1.S1_at,,unmapped,0,
LesAffx.63980.1.S1_at,,unmapped,0,
LesAffx.64145.1.S1_at,,unmapped,0,
LesAffx.64171.1.S1_at,,unmapped,0,
LesAffx.64261.1.S1_at,,unmapped,0,
LesAffx.64631.1.S1_at,,unmapped,0,
LesAffx.63587.1.S1_at,,unmapped,0,
LesAffx.63333.1.S1_at,,unmapped,0,
LesAffx.63687.1.S1_at,,unmapped,0,
LesAffx.63867.1.S1_at,,unmapped,0,
LesAffx.64171.2.S1_at,,unmapped,0,
LesAffx.64518.1.S1_at,,unmapped,0,
LesAffx.64544.1.S1_at,,unmapped,0,
LesAffx.63523.2.S1_at,,unmapped,0,
LesAffx.63706.1.S1_at,,unmapped,0,
LesAffx.63735.1.A1_at,,unmapped,0,
LesAffx.630.1.A1_at,,unmapped,0,
LesAffx.64583.1.S1_at,,unmapped,0,
LesAffx.63021.1.S1_at,,unmapped,0,
LesAffx.65208.1.S1_at,,unmapped,0,
LesAffx.65324.1.S1_at,,unmapped,0,
LesAffx.65678.1.S1_at,,unmapped,0,
LesAffx.65080.1.S1_at,,unmapped,0,
LesAffx.65984.1.S1_at,Solyc07g049370,one_to_one_signature_target,11,Solyc07g049370
LesAffx.66082.3.S1_at,,unmapped,0,
LesAffx.65086.1.A1_at,,unmapped,0,
LesAffx.65733.1.S1_at,,unmapped,0,
LesAffx.66014.1.S1_at,,unmapped,0,
LesAffx.65646.1.S1_at,,unmapped,0,
LesAffx.65646.2.S1_at,,unmapped,0,
LesAffx.65208.1.A1_at,,unmapped,0,
LesAffx.65080.1.A1_at,,unmapped,0,
LesAffx.65028.1.S1_at,,unmapped,0,
LesAffx.65308.1.S1_at,,unmapped,0,
LesAffx.65128.1.S1_at,,unmapped,0,
LesAffx.65180.1.S1_at,,unmapped,0,
LesAffx.65524.1.S1_at,,unmapped,0,
LesAffx.66082.3.A1_at,,unmapped,0,
LesAffx.65517.1.A1_at,,unmapped,0,
LesAffx.65308.2.S1_at,,unmapped,0,
LesAffx.64876.1.S1_at,,unmapped,0,
LesAffx.64992.1.S1_at,,unmapped,0,
LesAffx.65180.2.S1_at,,unmapped,0,
LesAffx.65273.1.S1_at,,unmapped,0,
LesAffx.64902.3.S1_at,,unmapped,0,
LesAffx.65289.1.S1_at,,unmapped,0,
LesAffx.64973.1.S1_at,,unmapped,0,
LesAffx.65695.2.S1_at,,unmapped,0,
LesAffx.64876.1.A1_at,,unmapped,0,
LesAffx.65180.2.A1_at,,unmapped,0,
LesAffx.64992.1.A1_at,,unmapped,0,
LesAffx.65434.1.S1_at,,unmapped,0,
LesAffx.64902.1.S1_at,,unmapped,0,
LesAffx.65563.1.S1_at,,unmapped,0,
LesAffx.64902.2.S1_at,,unmapped,0,
LesAffx.65682.1.A1_at,,unmapped,0,
LesAffx.64841.1.S1_at,,unmapped,0,
LesAffx.65817.2.S1_at,,unmapped,0,
LesAffx.64941.1.S1_at,,unmapped,0,
LesAffx.65386.1.S1_at,,unmapped,0,
LesAffx.65389.1.S1_at,,unmapped,0,
LesAffx.65109.1.S1_at,,unmapped,0,
LesAffx.65135.1.S1_at,,unmapped,0,
LesAffx.65695.1.S1_at,,unmapped,0,
LesAffx.65505.1.S1_at,,unmapped,0,
LesAffx.65695.2.A1_at,,unmapped,0,
LesAffx.65441.1.S1_at,,unmapped,0,
LesAffx.65901.1.S1_at,,unmapped,0,
LesAffx.65505.2.S1_at,,unmapped,0,
LesAffx.65508.1.S1_at,,unmapped,0,
LesAffx.65724.1.S1_at,,unmapped,0,
LesAffx.65457.1.S1_at,,unmapped,0,
LesAffx.65109.1.A1_at,,unmapped,0,
LesAffx.65322.1.S1_at,,unmapped,0,
LesAffx.65412.1.S1_at,,unmapped,0,
LesAffx.65882.1.S1_at,,unmapped,0,
LesAffx.65695.1.A1_at,,unmapped,0,
LesAffx.65209.1.S1_at,,unmapped,0,
LesAffx.64980.1.S1_at,Solyc06g072650,one_to_one_signature_target,10,Solyc06g072650
LesAffx.65029.1.S1_at,,unmapped,0,
LesAffx.65171.1.S1_at,,unmapped,0,
LesAffx.65515.1.S1_at,,unmapped,0,
LesAffx.65959.1.S1_at,,unmapped,0,
LesAffx.65895.1.S1_at,,unmapped,0,
LesAffx.65821.1.S1_at,,unmapped,0,
LesAffx.65724.1.A1_at,,unmapped,0,
LesAffx.64983.1.S1_at,,unmapped,0,
LesAffx.65428.1.S1_at,,unmapped,0,
LesAffx.65821.2.S1_at,,unmapped,0,
LesAffx.65274.1.S1_at,,unmapped,0,
LesAffx.65898.1.S1_at,,unmapped,0,
LesAffx.65940.1.S1_at,,unmapped,0,
LesAffx.65020.2.S1_at,,unmapped,0,
LesAffx.65023.1.S1_at,,unmapped,0,
LesAffx.65203.1.S1_at,,unmapped,0,
LesAffx.65953.1.S1_at,,unmapped,0,
LesAffx.64999.1.S1_at,,unmapped,0,
LesAffx.66054.1.S1_at,,unmapped,0,
LesAffx.64861.1.S1_at,,unmapped,0,
LesAffx.65306.1.S1_at,,unmapped,0,
LesAffx.65332.1.S1_at,,unmapped,0,
LesAffx.65029.1.A1_at,,unmapped,0,
LesAffx.65026.2.S1_at,,unmapped,0,
LesAffx.64990.1.S1_at,,unmapped,0,
LesAffx.65689.1.S1_at,,unmapped,0,
LesAffx.65091.1.S1_at,,unmapped,0,
LesAffx.65525.1.S1_at,,unmapped,0,
LesAffx.65821.2.A1_at,,unmapped,0,
LesAffx.65068.1.S1_at,,unmapped,0,
LesAffx.65158.1.S1_at,,unmapped,0,
LesAffx.65435.2.S1_at,,unmapped,0,
LesAffx.65428.2.A1_at,,unmapped,0,
LesAffx.65348.1.S1_at,,unmapped,0,
LesAffx.65020.1.S1_at,,unmapped,0,
LesAffx.66096.2.S1_at,,unmapped,0,
LesAffx.65210.1.S1_at,,unmapped,0,
LesAffx.65834.1.S1_at,,unmapped,0,
LesAffx.64906.1.S1_at,,unmapped,0,
LesAffx.65377.1.S1_at,,unmapped,0,
LesAffx.65213.1.S1_at,,unmapped,0,
LesAffx.6491.1.S1_at,,unmapped,0,
LesAffx.65213.2.S1_at,,unmapped,0,
LesAffx.65026.2.A1_at,,unmapped,0,
LesAffx.64871.1.S1_at,,unmapped,0,
LesAffx.65126.1.S1_at,,unmapped,0,
LesAffx.65152.1.S1_at,,unmapped,0,
LesAffx.65596.1.S1_at,,unmapped,0,
LesAffx.65689.1.A1_at,,unmapped,0,
LesAffx.65091.1.A1_at,,unmapped,0,
LesAffx.65435.1.S1_at,,unmapped,0,
LesAffx.65435.2.A1_at,,unmapped,0,
LesAffx.65068.1.A1_at,,unmapped,0,
LesAffx.65210.1.A1_at,,unmapped,0,
LesAffx.65030.1.S1_at,,unmapped,0,
LesAffx.65474.1.S1_at,,unmapped,0,
LesAffx.65908.1.S1_at,,unmapped,0,
LesAffx.65870.1.S1_at,,unmapped,0,
LesAffx.65474.2.S1_at,,unmapped,0,
LesAffx.64916.1.S1_at,,unmapped,0,
LesAffx.65403.1.S1_at,,unmapped,0,
LesAffx.65757.1.S1_at,,unmapped,0,
LesAffx.65126.1.A1_at,,unmapped,0,
LesAffx.66038.1.S1_at,,unmapped,0,
LesAffx.65352.1.S1_at,,unmapped,0,
LesAffx.65352.2.S1_at,,unmapped,0,
LesAffx.64984.1.S1_at,,unmapped,0,
LesAffx.65001.1.S1_at,,unmapped,0,
LesAffx.65799.1.S1_at,,unmapped,0,
LesAffx.64984.2.S1_at,,unmapped,0,
LesAffx.65941.1.S1_at,,unmapped,0,
LesAffx.64916.1.A1_at,,unmapped,0,
LesAffx.65394.1.S1_at,,unmapped,0,
LesAffx.65918.1.S1_at,,unmapped,0,
LesAffx.65500.1.S1_at,,unmapped,0,
LesAffx.65230.2.S1_at,,unmapped,0,
LesAffx.65207.1.S1_at,,unmapped,0,
LesAffx.65143.1.S1_at,,unmapped,0,
LesAffx.65883.1.S1_at,,unmapped,0,
LesAffx.65207.2.S1_at,,unmapped,0,
LesAffx.64955.1.S1_at,,unmapped,0,
LesAffx.65001.1.A1_at,,unmapped,0,
LesAffx.65799.1.A1_at,,unmapped,0,
LesAffx.65339.1.S1_at,,unmapped,0,
LesAffx.65230.1.S1_at,,unmapped,0,
LesAffx.65928.1.S1_at,,unmapped,0,
LesAffx.65143.1.A1_at,,unmapped,0,
LesAffx.65207.2.A1_at,,unmapped,0,
LesAffx.64955.1.A1_at,,unmapped,0,
LesAffx.65156.1.S1_at,Solyc06g068900,one_to_one_signature_target,11,Solyc06g068900
LesAffx.65336.1.S1_at,,unmapped,0,
LesAffx.65436.1.S1_at,,unmapped,0,
LesAffx.65616.1.S1_at,,unmapped,0,
LesAffx.65732.1.S1_at,,unmapped,0,
LesAffx.65922.1.S1_at,,unmapped,0,
LesAffx.65372.2.S1_at,,unmapped,0,
LesAffx.65095.1.S1_at,,unmapped,0,
LesAffx.66052.1.S1_at,,unmapped,0,
LesAffx.65198.1.S1_at,,unmapped,0,
LesAffx.65124.1.S1_at,,unmapped,0,
LesAffx.65478.1.S1_at,,unmapped,0,
LesAffx.65240.1.S1_at,,unmapped,0,
LesAffx.65568.1.S1_at,,unmapped,0,
LesAffx.65060.1.S1_at,,unmapped,0,
LesAffx.65520.1.S1_at,,unmapped,0,
LesAffx.64962.1.S1_at,,unmapped,0,
LesAffx.65433.1.S1_at,,unmapped,0,
LesAffx.65967.1.S1_at,,unmapped,0,
LesAffx.65697.1.S1_at,,unmapped,0,
LesAffx.65156.1.A1_at,Solyc06g068900,one_to_one_signature_target,11,Solyc06g068900
LesAffx.65922.1.A1_at,,unmapped,0,
LesAffx.65372.1.S1_at,,unmapped,0,
LesAffx.65095.1.A1_at,,unmapped,0,
LesAffx.65652.1.S1_at,,unmapped,0,
LesAffx.65906.1.S1_at,,unmapped,0,
LesAffx.65932.1.S1_at,,unmapped,0,
LesAffx.64978.1.S1_at,,unmapped,0,
LesAffx.65269.1.S1_at,,unmapped,0,
LesAffx.65295.1.S1_at,,unmapped,0,
LesAffx.65385.1.S1_at,,unmapped,0,
LesAffx.65124.1.A1_at,,unmapped,0,
LesAffx.65060.1.A1_at,,unmapped,0,
LesAffx.65240.1.A1_at,,unmapped,0,
LesAffx.66062.1.S1_at,,unmapped,0,
LesAffx.65388.1.S1_at,,unmapped,0,
LesAffx.64962.1.A1_at,,unmapped,0,
LesAffx.6592.1.S1_at,,unmapped,0,
LesAffx.65900.1.S1_at,,unmapped,0,
LesAffx.64946.1.S1_at,,unmapped,0,
LesAffx.65398.2.S1_at,,unmapped,0,
LesAffx.66001.1.S1_at,,unmapped,0,
LesAffx.65398.3.S1_at,,unmapped,0,
LesAffx.66078.1.S1_at,,unmapped,0,
LesAffx.65906.1.A1_at,,unmapped,0,
LesAffx.65086.1.S1_at,,unmapped,0,
LesAffx.65726.1.S1_at,,unmapped,0,
LesAffx.65636.1.S1_at,,unmapped,0,
LesAffx.66107.1.S1_at,,unmapped,0,
LesAffx.65501.1.S1_at,,unmapped,0,
LesAffx.65881.1.S1_at,,unmapped,0,
LesAffx.66352.1.S1_at,,unmapped,0,
LesAffx.66532.1.S1_at,,unmapped,0,
LesAffx.66879.1.A1_at,,unmapped,0,
LesAffx.66175.1.S1_at,,unmapped,0,
LesAffx.66445.1.S1_at,,unmapped,0,
LesAffx.6721.1.S1_at,,unmapped,0,
LesAffx.67402.1.S1_at,,unmapped,0,
LesAffx.66458.1.S1_at,,unmapped,0,
LesAffx.66484.1.S1_at,,unmapped,0,
LesAffx.66574.1.S1_at,,unmapped,0,
LesAffx.66410.1.S1_at,,unmapped,0,
LesAffx.67505.1.S1_at,,unmapped,0,
LesAffx.66230.2.S1_at,,unmapped,0,
LesAffx.67531.1.S1_at,,unmapped,0,
LesAffx.66767.1.S1_at,,unmapped,0,
LesAffx.67264.1.S1_at,,unmapped,0,
LesAffx.67103.1.S1_at,,unmapped,0,
LesAffx.6721.1.A1_at,,unmapped,0,
LesAffx.67103.2.S1_at,,unmapped,0,
LesAffx.66671.1.S1_at,,unmapped,0,
LesAffx.66458.1.A1_at,,unmapped,0,
LesAffx.67232.1.S1_at,,unmapped,0,
LesAffx.66230.1.S1_at,,unmapped,0,
LesAffx.66838.1.S1_at,,unmapped,0,
LesAffx.66600.1.S1_at,,unmapped,0,
LesAffx.6670.1.S1_at,,unmapped,0,
LesAffx.67235.1.S1_at,,unmapped,0,
LesAffx.67499.1.S1_at,,unmapped,0,
LesAffx.67541.1.S1_at,,unmapped,0,
LesAffx.66613.1.S1_at,,unmapped,0,
LesAffx.67010.1.S1_at,,unmapped,0,
LesAffx.67454.1.S1_at,,unmapped,0,
LesAffx.67274.1.S1_at,,unmapped,0,
LesAffx.66156.1.S1_at,,unmapped,0,
LesAffx.66436.1.S1_at,,unmapped,0,
LesAffx.66462.1.S1_at,,unmapped,0,
LesAffx.67113.1.S1_at,,unmapped,0,
LesAffx.67203.1.S1_at,,unmapped,0,
LesAffx.66439.1.S1_at,,unmapped,0,
LesAffx.66301.1.S1_at,,unmapped,0,
LesAffx.67116.1.S1_at,Solyc06g061170,one_to_one_signature_target,11,Solyc06g061170
LesAffx.66600.1.A1_at,,unmapped,0,
LesAffx.66301.2.S1_at,,unmapped,0,
LesAffx.66478.1.S1_at,,unmapped,0,
LesAffx.66404.1.S1_at,,unmapped,0,
LesAffx.67541.1.A1_at,,unmapped,0,
LesAffx.67219.1.S1_at,,unmapped,0,
LesAffx.66800.1.S1_at,,unmapped,0,
LesAffx.67129.1.S1_at,,unmapped,0,
LesAffx.66694.2.S1_at,,unmapped,0,
LesAffx.66523.1.S1_at,,unmapped,0,
LesAffx.66253.1.S1_at,,unmapped,0,
LesAffx.66156.1.A1_at,,unmapped,0,
LesAffx.66713.1.S1_at,,unmapped,0,
LesAffx.67435.2.S1_at,,unmapped,0,
LesAffx.66166.1.S1_at,,unmapped,0,
LesAffx.66472.1.S1_at,,unmapped,0,
LesAffx.66562.1.S1_at,,unmapped,0,
LesAffx.66652.1.S1_at,,unmapped,0,
LesAffx.66742.1.S1_at,,unmapped,0,
LesAffx.67303.1.S1_at,,unmapped,0,
LesAffx.66359.1.S1_at,,unmapped,0,
LesAffx.67432.1.S1_at,,unmapped,0,
LesAffx.67219.1.A1_at,,unmapped,0,
LesAffx.66314.1.S1_at,,unmapped,0,
LesAffx.66694.1.S1_at,,unmapped,0,
LesAffx.66440.1.S1_at,,unmapped,0,
LesAffx.66710.1.S1_at,,unmapped,0,
LesAffx.66974.1.S1_at,,unmapped,0,
LesAffx.67281.1.S1_at,,unmapped,0,
LesAffx.66137.1.S1_at,,unmapped,0,
LesAffx.67191.1.S1_at,,unmapped,0,
LesAffx.66163.1.S1_at,,unmapped,0,
LesAffx.67471.1.S1_at,,unmapped,0,
LesAffx.67474.1.S1_at,,unmapped,0,
LesAffx.67474.2.S1_at,,unmapped,0,
LesAffx.67313.1.S1_at,,unmapped,0,
LesAffx.66459.1.S1_at,,unmapped,0,
LesAffx.67416.1.S1_at,,unmapped,0,
LesAffx.67291.1.S1_at,,unmapped,0,
LesAffx.67291.2.S1_at,,unmapped,0,
LesAffx.67474.2.A1_at,,unmapped,0,
LesAffx.67368.1.S1_at,,unmapped,0,
LesAffx.67130.1.S1_at,,unmapped,0,
LesAffx.66556.1.S1_at,,unmapped,0,
LesAffx.67017.1.S1_at,,unmapped,0,
LesAffx.66115.1.S1_at,,unmapped,0,
LesAffx.66141.1.S1_at,,unmapped,0,
LesAffx.66331.1.S1_at,,unmapped,0,
LesAffx.66981.1.S1_at,,unmapped,0,
LesAffx.66215.2.S1_at,,unmapped,0,
LesAffx.67082.1.S1_at,,unmapped,0,
LesAffx.67632.1.S1_at,,unmapped,0,
LesAffx.66270.1.S1_at,,unmapped,0,
LesAffx.66157.1.S1_at,,unmapped,0,
LesAffx.66463.1.S1_at,,unmapped,0,
LesAffx.67468.1.S1_at,,unmapped,0,
LesAffx.66466.1.S1_at,,unmapped,0,
LesAffx.66286.1.S1_at,,unmapped,0,
LesAffx.66836.1.S1_at,,unmapped,0,
LesAffx.67127.1.S1_at,,unmapped,0,
LesAffx.66215.1.S1_at,,unmapped,0,
LesAffx.67632.1.A1_at,,unmapped,0,
LesAffx.67246.1.S1_at,,unmapped,0,
LesAffx.67272.1.S1_at,,unmapped,0,
LesAffx.67436.1.S1_at,,unmapped,0,
LesAffx.66714.1.S1_at,,unmapped,0,
LesAffx.67195.1.S1_at,,unmapped,0,
LesAffx.67629.1.S1_at,,unmapped,0,
LesAffx.67491.1.S1_at,,unmapped,0,
LesAffx.66286.1.A1_at,,unmapped,0,
LesAffx.66753.1.S1_at,,unmapped,0,
LesAffx.67008.1.S1_at,,unmapped,0,
LesAffx.67240.1.S1_at,,unmapped,0,
LesAffx.67610.1.S1_at,,unmapped,0,
LesAffx.67433.1.S1_at,,unmapped,0,
LesAffx.67073.2.S1_at,,unmapped,0,
LesAffx.66811.1.S1_at,,unmapped,0,
LesAffx.67256.1.S1_at,,unmapped,0,
LesAffx.67076.1.S1_at,,unmapped,0,
LesAffx.67002.1.S1_at,,unmapped,0,
LesAffx.66354.1.S1_at,,unmapped,0,
LesAffx.66380.1.S1_at,,unmapped,0,
LesAffx.66634.1.S1_at,,unmapped,0,
LesAffx.66814.1.S1_at,,unmapped,0,
LesAffx.67446.2.S1_at,,unmapped,0,
LesAffx.67079.1.S1_at,,unmapped,0,
LesAffx.67449.1.S1_at,,unmapped,0,
LesAffx.67298.1.S1_at,,unmapped,0,
LesAffx.67108.1.S1_at,,unmapped,0,
LesAffx.67044.1.S1_at,,unmapped,0,
LesAffx.67440.1.S1_at,,unmapped,0,
LesAffx.66486.1.S1_at,,unmapped,0,
LesAffx.66676.1.S1_at,,unmapped,0,
LesAffx.67047.1.S1_at,,unmapped,0,
LesAffx.67073.1.S1_at,,unmapped,0,
LesAffx.66119.1.S1_at,,unmapped,0,
LesAffx.67176.1.S1_at,,unmapped,0,
LesAffx.66148.1.S1_at,,unmapped,0,
LesAffx.67636.1.S1_at,,unmapped,0,
LesAffx.67482.1.S1_at,,unmapped,0,
LesAffx.6688.1.S1_at,,unmapped,0,
LesAffx.6704.1.S1_at,,unmapped,0,
LesAffx.67395.1.S1_at,,unmapped,0,
LesAffx.67108.1.A1_at,,unmapped,0,
LesAffx.66367.1.S1_at,,unmapped,0,
LesAffx.67231.1.S1_at,,unmapped,0,
LesAffx.66557.1.S1_at,,unmapped,0,
LesAffx.6614.2.S1_at,,unmapped,0,
LesAffx.66853.2.A1_at,,unmapped,0,
LesAffx.66953.1.S1_at,,unmapped,0,
LesAffx.6643.1.S1_at,,unmapped,0,
LesAffx.67047.1.A1_at,,unmapped,0,
LesAffx.67630.1.S1_at,,unmapped,0,
LesAffx.66119.1.A1_at,,unmapped,0,
LesAffx.67147.1.S1_at,,unmapped,0,
LesAffx.67427.1.S1_at,,unmapped,0,
LesAffx.66499.2.A1_at,,unmapped,0,
LesAffx.66335.1.S1_at,,unmapped,0,
LesAffx.66361.1.S1_at,,unmapped,0,
LesAffx.66705.1.S1_at,,unmapped,0,
LesAffx.66361.2.A1_at,,unmapped,0,
LesAffx.66461.1.S1_at,,unmapped,0,
LesAffx.67392.1.S1_at,,unmapped,0,
LesAffx.67395.1.A1_at,,unmapped,0,
LesAffx.66464.1.S1_at,,unmapped,0,
LesAffx.66744.1.S1_at,,unmapped,0,
LesAffx.66924.1.S1_at,,unmapped,0,
LesAffx.67115.1.S1_at,,unmapped,0,
LesAffx.6614.2.A1_at,,unmapped,0,
LesAffx.67559.1.S1_at,,unmapped,0,
LesAffx.67585.1.S1_at,,unmapped,0,
LesAffx.67305.1.S1_at,,unmapped,0,
LesAffx.66657.1.S1_at,,unmapped,0,
LesAffx.66747.1.S1_at,,unmapped,0,
LesAffx.66593.1.S1_at,,unmapped,0,
LesAffx.66316.1.S1_at,,unmapped,0,
LesAffx.66342.1.S1_at,,unmapped,0,
LesAffx.66432.1.S1_at,,unmapped,0,
LesAffx.66966.1.S1_at,,unmapped,0,
LesAffx.66226.2.S1_at,,unmapped,0,
LesAffx.67373.1.S1_at,,unmapped,0,
LesAffx.66165.1.S1_at,,unmapped,0,
LesAffx.66805.1.S1_at,,unmapped,0,
LesAffx.66471.1.S1_at,,unmapped,0,
LesAffx.67373.2.S1_at,,unmapped,0,
LesAffx.67286.1.S1_at,,unmapped,0,
LesAffx.66258.1.S1_at,,unmapped,0,
LesAffx.67592.1.S1_at,,unmapped,0,
LesAffx.67559.1.A1_at,,unmapped,0,
LesAffx.66538.1.S1_at,,unmapped,0,
LesAffx.66384.1.S1_at,,unmapped,0,
LesAffx.67402.2.S1_at,,unmapped,0,
LesAffx.67341.1.S1_at,,unmapped,0,
LesAffx.66223.1.S1_at,,unmapped,0,
LesAffx.66757.1.S1_at,,unmapped,0,
LesAffx.66847.1.S1_at,,unmapped,0,
LesAffx.67341.2.S1_at,,unmapped,0,
LesAffx.67254.1.S1_at,,unmapped,0,
LesAffx.66226.1.S1_at,,unmapped,0,
LesAffx.69023.1.S1_at,,unmapped,0,
LesAffx.67830.1.S1_at,,unmapped,0,
LesAffx.68259.1.S1_at,,unmapped,0,
LesAffx.68809.1.S1_at,,unmapped,0,
LesAffx.68121.1.S1_at,,unmapped,0,
LesAffx.68491.1.S1_at,,unmapped,0,
LesAffx.67653.1.S1_at,,unmapped,0,
LesAffx.68259.2.S1_at,,unmapped,0,
LesAffx.68600.1.A1_at,,unmapped,0,
LesAffx.68388.1.S1_at,,unmapped,0,
LesAffx.68568.1.S1_at,,unmapped,0,
LesAffx.68800.1.S1_at,,unmapped,0,
LesAffx.68568.2.S1_at,,unmapped,0,
LesAffx.67872.1.S1_at,,unmapped,0,
LesAffx.68787.1.S1_at,,unmapped,0,
LesAffx.68623.1.S1_at,,unmapped,0,
LesAffx.67669.1.S1_at,,unmapped,0,
LesAffx.67885.1.S1_at,,unmapped,0,
LesAffx.67721.1.S1_at,,unmapped,0,
LesAffx.68076.1.S1_at,,unmapped,0,
LesAffx.67948.1.S1_s_at,,unmapped,0,
LesAffx.68382.1.S1_at,,unmapped,0,
LesAffx.69004.2.S1_at,,unmapped,0,
LesAffx.69062.1.S1_at,,unmapped,0,
LesAffx.68459.2.S1_at,,unmapped,0,
LesAffx.68108.1.S1_at,,unmapped,0,
LesAffx.68224.1.S1_at,,unmapped,0,
LesAffx.68250.1.S1_at,,unmapped,0,
LesAffx.68578.1.S1_at,,unmapped,0,
LesAffx.68350.1.S1_at,,unmapped,0,
LesAffx.69162.2.S1_at,,unmapped,0,
LesAffx.68974.1.S1_at,,unmapped,0,
LesAffx.67882.1.S1_at,,unmapped,0,
LesAffx.68047.1.S1_at,,unmapped,0,
LesAffx.68678.2.S1_at,,unmapped,0,
LesAffx.68073.1.S1_at,,unmapped,0,
LesAffx.68507.1.S1_at,,unmapped,0,
LesAffx.68607.1.S1_at,,unmapped,0,
LesAffx.68456.1.S1_at,,unmapped,0,
LesAffx.67914.1.S1_at,,unmapped,0,
LesAffx.67670.1.S1_at,,unmapped,0,
LesAffx.68179.1.S1_at,,unmapped,0,
LesAffx.69062.1.A1_at,,unmapped,0,
LesAffx.68395.1.S1_at,,unmapped,0,
LesAffx.68829.1.S1_at,,unmapped,0,
LesAffx.68945.1.S1_at,Solyc01g096740,one_to_one_signature_target,11,Solyc01g096740
LesAffx.69162.1.S1_at,,unmapped,0,
LesAffx.67863.1.S1_at,,unmapped,0,
LesAffx.68054.1.S1_at,,unmapped,0,
LesAffx.68678.1.S1_at,,unmapped,0,
LesAffx.69175.1.S1_at,,unmapped,0,
LesAffx.67747.3.S1_at,,unmapped,0,
LesAffx.68360.2.S1_at,,unmapped,0,
LesAffx.68173.1.S1_at,,unmapped,0,
LesAffx.68730.2.S1_at,,unmapped,0,
LesAffx.69175.2.S1_at,,unmapped,0,
LesAffx.6844.1.S1_at,,unmapped,0,
LesAffx.68102.1.A1_at,,unmapped,0,
LesAffx.67689.1.S1_at,,unmapped,0,
LesAffx.69088.1.S1_at,,unmapped,0,
LesAffx.67641.1.S1_at,,unmapped,0,
LesAffx.67969.1.S1_at,,unmapped,0,
LesAffx.68366.1.S1_at,,unmapped,0,
LesAffx.68186.1.S1_at,,unmapped,0,
LesAffx.68112.1.S1_at,,unmapped,0,
LesAffx.68556.1.S1_at,,unmapped,0,
LesAffx.68099.1.S1_at,,unmapped,0,
LesAffx.68746.2.S1_at,,unmapped,0,
LesAffx.67654.2.S1_at,,unmapped,0,
LesAffx.68099.2.S1_at,,unmapped,2,
LesAffx.68701.1.S1_at,,unmapped,0,
LesAffx.67937.1.S1_at,,unmapped,0,
LesAffx.68360.1.S1_at,,unmapped,0,
LesAffx.67847.2.S1_at,,unmapped,0,
LesAffx.68730.1.S1_at,,unmapped,0,
LesAffx.68994.1.S1_at,,unmapped,0,
LesAffx.69175.2.A1_at,,unmapped,0,
LesAffx.68373.1.S1_at,,unmapped,0,
LesAffx.68717.1.S1_at,,unmapped,0,
LesAffx.68257.2.S1_at,,unmapped,0,
LesAffx.68653.2.S1_at,,unmapped,0,
LesAffx.67818.1.S1_at,,unmapped,0,
LesAffx.67908.1.S1_at,,unmapped,0,
LesAffx.67654.2.A1_at,,unmapped,0,
LesAffx.67690.1.S1_at,,unmapped,0,
LesAffx.67780.1.S1_at,,unmapped,0,
LesAffx.68199.1.S1_at,,unmapped,0,
LesAffx.67780.2.S1_at,,unmapped,0,
LesAffx.68801.1.S1_at,,unmapped,0,
LesAffx.67847.1.S1_at,,unmapped,0,
LesAffx.69182.1.S1_at,,unmapped,0,
LesAffx.67947.1.S1_at,,unmapped,0,
LesAffx.68257.1.S1_at,,unmapped,0,
LesAffx.68193.1.S1_at,,unmapped,0,
LesAffx.68447.1.S1_at,,unmapped,0,
LesAffx.68653.1.S1_at,,unmapped,0,
LesAffx.68907.1.S1_at,,unmapped,0,
LesAffx.67725.1.S1_at,,unmapped,0,
LesAffx.67661.1.S1_at,,unmapped,0,
LesAffx.69060.1.S1_at,,unmapped,0,
LesAffx.68106.1.S1_at,,unmapped,0,
LesAffx.68296.1.S1_at,,unmapped,0,
LesAffx.67690.1.A1_at,,unmapped,0,
LesAffx.68312.1.S1_at,,unmapped,0,
LesAffx.67661.2.S1_at,,unmapped,0,
LesAffx.68502.1.S1_at,,unmapped,0,
LesAffx.68109.1.S1_at,,unmapped,0,
LesAffx.68225.1.S1_at,,unmapped,0,
LesAffx.67947.1.A1_at,,unmapped,0,
LesAffx.68811.1.S1_at,,unmapped,0,
LesAffx.67767.1.S1_at,,unmapped,0,
LesAffx.68000.1.S1_at,,unmapped,0,
LesAffx.68267.1.S1_at,,unmapped,0,
LesAffx.68087.1.S1_at,,unmapped,0,
LesAffx.68367.1.S1_at,,unmapped,0,
LesAffx.68547.1.S1_at,,unmapped,0,
LesAffx.68763.1.S1_at,,unmapped,0,
LesAffx.67899.1.S1_at,,unmapped,0,
LesAffx.68087.2.S1_at,,unmapped,0,
LesAffx.68676.1.S1_at,,unmapped,0,
LesAffx.67648.1.S1_at,,unmapped,0,
LesAffx.67767.1.A1_at,,unmapped,0,
LesAffx.68515.1.S1_at,,unmapped,0,
LesAffx.67922.1.S1_at,,unmapped,0,
LesAffx.68277.1.S1_at,,unmapped,0,
LesAffx.68493.1.S1_at,,unmapped,0,
LesAffx.68026.1.S1_at,,unmapped,0,
LesAffx.68306.1.S1_at,,unmapped,0,
LesAffx.68152.1.S1_at,,unmapped,0,
LesAffx.68956.1.S1_at,,unmapped,0,
LesAffx.68776.1.S1_at,,unmapped,0,
LesAffx.68702.1.S1_at,,unmapped,0,
LesAffx.68219.1.S1_at,,unmapped,0,
LesAffx.68271.1.S1_at,,unmapped,0,
LesAffx.67803.1.S1_at,,unmapped,0,
LesAffx.69112.1.S1_at,,unmapped,0,
LesAffx.68438.1.S1_at,,unmapped,0,
LesAffx.68718.1.S1_at,,unmapped,0,
LesAffx.68924.1.S1_at,,unmapped,0,
LesAffx.67716.1.S1_at,,unmapped,0,
LesAffx.68007.1.S1_at,,unmapped,0,
LesAffx.68197.1.S1_at,,unmapped,0,
LesAffx.68213.1.S1_at,,unmapped,0,
LesAffx.68876.1.S1_at,,unmapped,0,
LesAffx.68802.1.S1_at,,unmapped,0,
LesAffx.68049.1.S1_at,,unmapped,0,
LesAffx.68319.1.S1_at,,unmapped,0,
LesAffx.68979.1.S1_at,,unmapped,0,
LesAffx.68741.1.S1_at,,unmapped,0,
LesAffx.6852.1.S1_at,,unmapped,0,
LesAffx.67887.1.S1_at,,unmapped,0,
LesAffx.67903.1.S1_at,,unmapped,0,
LesAffx.68294.1.S1_at,,unmapped,0,
LesAffx.69151.1.S1_at,,unmapped,0,
LesAffx.68107.1.S1_at,,unmapped,0,
LesAffx.68487.1.S1_at,,unmapped,0,
LesAffx.69164.1.S1_at,,unmapped,0,
LesAffx.67678.1.S1_at,,unmapped,0,
LesAffx.68979.1.A1_at,,unmapped,0,
LesAffx.68419.1.S1_at,,unmapped,0,
LesAffx.68265.1.S1_at,,unmapped,0,
LesAffx.67903.1.A1_at,,unmapped,0,
LesAffx.68265.2.S1_at,,unmapped,0,
LesAffx.67897.1.S1_at,,unmapped,0,
LesAffx.68101.2.S1_at,,unmapped,0,
LesAffx.67643.1.S1_at,,unmapped,0,
LesAffx.68040.1.S1_at,,unmapped,0,
LesAffx.68368.1.S1_at,,unmapped,0,
LesAffx.68828.1.S1_at,,unmapped,0,
LesAffx.68320.1.S1_at,,unmapped,0,
LesAffx.68410.1.S1_at,,unmapped,0,
LesAffx.68854.1.S1_at,,unmapped,0,
LesAffx.69109.1.S1_at,,unmapped,0,
LesAffx.68970.1.S1_at,,unmapped,0,
LesAffx.68368.2.S1_at,,unmapped,0,
LesAffx.68857.1.S1_at,,unmapped,0,
LesAffx.67929.1.S1_at,,unmapped,0,
LesAffx.67955.1.S1_at,,unmapped,0,
LesAffx.67678.1.A1_at,,unmapped,0,
LesAffx.68146.1.S1_at,,unmapped,0,
LesAffx.68336.1.S1_at,,unmapped,0,
LesAffx.68426.1.S1_at,,unmapped,0,
LesAffx.68249.1.S1_at,,unmapped,0,
LesAffx.68455.1.S1_at,,unmapped,0,
LesAffx.68391.1.S1_at,,unmapped,0,
LesAffx.68111.1.S1_at,,unmapped,0,
LesAffx.68645.1.S1_at,,unmapped,0,
LesAffx.67830.2.S1_at,,unmapped,0,
LesAffx.67743.1.S1_at,,unmapped,0,
LesAffx.67923.1.S1_at,,unmapped,0,
LesAffx.68558.1.S1_at,,unmapped,0,
LesAffx.68600.1.S1_at,,unmapped,0,
LesAffx.68510.1.S1_at,,unmapped,0,
LesAffx.68307.1.S1_at,,unmapped,0,
LesAffx.68153.1.S1_at,,unmapped,0,
LesAffx.69084.1.S1_at,,unmapped,0,
LesAffx.68246.1.S1_at,,unmapped,0,
LesAffx.68092.1.S1_at,,unmapped,0,
LesAffx.68526.1.S1_at,,unmapped,0,
LesAffx.68832.1.S1_at,,unmapped,0,
LesAffx.70085.2.S1_at,,unmapped,0,
LesAffx.69647.1.S1_at,,unmapped,0,
LesAffx.70365.2.S1_at,,unmapped,0,
LesAffx.70088.1.S1_at,,unmapped,0,
LesAffx.69583.1.S1_at,,unmapped,0,
LesAffx.69673.1.S1_at,Solyc01g099040,one_to_one_signature_target,11,Solyc01g099040
LesAffx.70188.1.S1_at,,unmapped,0,
LesAffx.69213.2.S1_at,,unmapped,0,
LesAffx.69306.1.S1_at,,unmapped,0,
LesAffx.69216.1.S1_at,,unmapped,0,
LesAffx.70207.1.S1_at,,unmapped,0,
LesAffx.70053.1.S1_at,,unmapped,0,
LesAffx.69992.1.S1_at,,unmapped,0,
LesAffx.69245.1.S1_at,,unmapped,0,
LesAffx.69409.1.S1_at,,unmapped,0,
LesAffx.69528.1.S1_at,,unmapped,0,
LesAffx.69258.1.S1_at,,unmapped,0,
LesAffx.69374.1.S1_at,,unmapped,0,
LesAffx.69808.1.S1_at,,unmapped,0,
LesAffx.69210.1.S1_at,,unmapped,0,
LesAffx.69998.1.S1_at,,unmapped,0,
LesAffx.70159.1.S1_at,,unmapped,0,
LesAffx.7.1.S1_at,,unmapped,0,
LesAffx.70301.1.S1_at,,unmapped,0,
LesAffx.69213.1.S1_at,,unmapped,0,
LesAffx.69747.1.S1_at,,unmapped,0,
LesAffx.70150.1.S1_at,,unmapped,0,
LesAffx.70150.2.S1_at,,unmapped,0,
LesAffx.70127.1.S1_at,,unmapped,0,
LesAffx.70153.1.S1_at,,unmapped,0,
LesAffx.70063.1.S1_at,,unmapped,0,
LesAffx.69699.1.S1_at,,unmapped,0,
LesAffx.69815.1.S1_at,,unmapped,0,
LesAffx.70256.1.S1_at,,unmapped,0,
LesAffx.69931.1.S1_at,,unmapped,0,
LesAffx.70192.1.S1_at,,unmapped,0,
LesAffx.69754.1.S1_at,,unmapped,0,
LesAffx.69783.1.S1_at,,unmapped,0,
LesAffx.70153.1.A1_at,,unmapped,0,
LesAffx.70137.1.S1_at,,unmapped,0,
LesAffx.69239.1.S1_at,,unmapped,0,
LesAffx.69519.1.S1_at,,unmapped,0,
LesAffx.69609.1.S1_at,,unmapped,0,
LesAffx.69481.1.S1_at,,unmapped,0,
LesAffx.69915.1.S1_at,,unmapped,0,
LesAffx.69519.2.S1_at,,unmapped,0,
LesAffx.69394.1.S1_at,,unmapped,0,
LesAffx.69918.1.S1_at,,unmapped,0,
LesAffx.70359.1.S1_at,,unmapped,0,
LesAffx.70089.1.S1_at,,unmapped,0,
LesAffx.69648.2.S1_at,,unmapped,0,
LesAffx.69397.1.S1_at,,unmapped,0,
LesAffx.69677.1.S1_at,,unmapped,0,
LesAffx.69767.1.S1_at,,unmapped,0,
LesAffx.70134.1.S1_at,,unmapped,0,
LesAffx.69957.1.S1_at,,unmapped,0,
LesAffx.70234.1.S1_at,,unmapped,0,
LesAffx.70369.3.S1_at,,unmapped,0,
LesAffx.70137.1.A1_at,,unmapped,0,
LesAffx.69542.1.S1_at,,unmapped,0,
LesAffx.69732.1.S1_at,,unmapped,0,
LesAffx.69867.3.S1_at,,unmapped,0,
LesAffx.69182.2.S1_at,,unmapped,0,
LesAffx.69519.2.A1_at,,unmapped,0,
LesAffx.69529.1.S1_at,,unmapped,0,
LesAffx.69645.1.S1_at,,unmapped,0,
LesAffx.70176.1.S1_at,,unmapped,0,
LesAffx.69999.1.S1_at,,unmapped,0,
LesAffx.69349.2.S1_at,,unmapped,0,
LesAffx.69648.1.S1_at,,unmapped,0,
LesAffx.69774.1.S1_at,,unmapped,0,
LesAffx.70115.1.S1_at,,unmapped,0,
LesAffx.70134.1.A1_at,,unmapped,0,
LesAffx.70369.3.A1_at,,unmapped,0,
LesAffx.69423.1.S1_at,,unmapped,0,
LesAffx.69867.1.S1_at,,unmapped,0,
LesAffx.69681.4.S1_at,,unmapped,0,
LesAffx.70144.1.S1_at,,unmapped,0,
LesAffx.70080.1.S1_at,,unmapped,0,
LesAffx.6986.1.S1_at,,unmapped,0,
LesAffx.70270.1.S1_at,,unmapped,0,
LesAffx.69346.1.S1_at,,unmapped,0,
LesAffx.69439.1.S1_at,,unmapped,0,
LesAffx.70112.1.S1_at,,unmapped,0,
LesAffx.69961.1.S1_at,,unmapped,0,
LesAffx.6954.1.S1_at,,unmapped,0,
LesAffx.69658.1.S1_at,,unmapped,0,
LesAffx.69800.1.S1_at,,unmapped,0,
LesAffx.69681.4.A1_at,,unmapped,0,
LesAffx.69253.1.S1_at,,unmapped,0,
LesAffx.69877.1.S1_at,,unmapped,0,
LesAffx.69803.1.S1_at,,unmapped,0,
LesAffx.70038.1.S1_at,,unmapped,0,
LesAffx.70341.2.S1_at,,unmapped,0,
LesAffx.70064.1.S1_at,,unmapped,0,
LesAffx.70038.2.S1_at,,unmapped,0,
LesAffx.69192.1.S1_at,,unmapped,0,
LesAffx.70067.1.S1_at,,unmapped,0,
LesAffx.69816.1.S1_at,,unmapped,0,
LesAffx.69809.1.A1_at,,unmapped,0,
LesAffx.69295.1.S1_at,,unmapped,0,
LesAffx.70212.1.S1_at,,unmapped,0,
LesAffx.69298.1.S1_at,,unmapped,0,
LesAffx.69224.1.S1_at,,unmapped,0,
LesAffx.69324.2.S1_at,,unmapped,0,
LesAffx.69237.1.S1_at,,unmapped,0,
LesAffx.69353.1.S1_at,,unmapped,0,
LesAffx.70164.1.S1_at,,unmapped,0,
LesAffx.70280.1.S1_at,,unmapped,0,
LesAffx.69411.1.S1_at,,unmapped,0,
LesAffx.69675.1.S1_at,,unmapped,0,
LesAffx.69765.1.S1_at,,unmapped,0,
LesAffx.70106.1.S1_at,,unmapped,0,
LesAffx.69601.1.S1_at,,unmapped,0,
LesAffx.70016.1.S1_at,,unmapped,0,
LesAffx.70132.1.S1_at,,unmapped,0,
LesAffx.70106.2.S1_at,,unmapped,0,
LesAffx.69601.2.S1_at,,unmapped,0,
LesAffx.69234.1.S1_at,,unmapped,0,
LesAffx.69324.1.S1_at,,unmapped,0,
LesAffx.69540.1.S1_at,,unmapped,0,
LesAffx.70071.1.S1_at,,unmapped,0,
LesAffx.70325.2.S1_at,,unmapped,0,
LesAffx.69707.1.S1_at,,unmapped,0,
LesAffx.70148.1.S1_at,,unmapped,0,
LesAffx.70264.1.S1_at,,unmapped,0,
LesAffx.69276.1.S1_at,,unmapped,0,
LesAffx.69997.2.S1_at,,unmapped,0,
LesAffx.69492.1.S1_at,,unmapped,0,
LesAffx.70013.1.S1_at,,unmapped,0,
LesAffx.70132.1.A1_at,,unmapped,0,
LesAffx.69215.1.S1_at,Solyc11g056680,one_to_one_signature_target,11,Solyc11g056680
LesAffx.69865.1.S1_at,,unmapped,0,
LesAffx.70322.1.S1_at,,unmapped,0,
LesAffx.70052.1.S1_at,,unmapped,0,
LesAffx.69659.2.S1_at,,unmapped,0,
LesAffx.69308.1.S1_at,,unmapped,0,
LesAffx.69778.1.S1_at,,unmapped,0,
LesAffx.70242.2.S1_at,,unmapped,0,
LesAffx.70219.1.S1_at,,unmapped,0,
LesAffx.70081.1.S1_at,,unmapped,0,
LesAffx.70335.1.S1_at,,unmapped,0,
LesAffx.69830.1.S1_at,,unmapped,0,
LesAffx.69183.1.S1_at,,unmapped,0,
LesAffx.69373.1.S1_at,,unmapped,0,
LesAffx.69997.1.S1_at,,unmapped,0,
LesAffx.69807.1.S1_at,,unmapped,0,
LesAffx.70248.1.S1_at,,unmapped,0,
LesAffx.69653.1.S1_at,,unmapped,0,
LesAffx.69193.2.S1_at,,unmapped,0,
LesAffx.69566.1.S1_at,,unmapped,0,
LesAffx.70097.1.S1_at,,unmapped,0,
LesAffx.69872.1.S1_at,,unmapped,0,
LesAffx.69659.1.S1_at,,unmapped,0,
LesAffx.70216.1.S1_at,,unmapped,0,
LesAffx.70036.1.S1_at,,unmapped,0,
LesAffx.70242.1.S1_at,,unmapped,0,
LesAffx.70081.1.A1_at,,unmapped,0,
LesAffx.69888.2.S1_at,,unmapped,0,
LesAffx.69193.1.S1_at,,unmapped,0,
LesAffx.69843.1.S1_at,,unmapped,0,
LesAffx.69296.1.S1_at,,unmapped,0,
LesAffx.69222.1.S1_at,,unmapped,0,
LesAffx.69782.1.S1_at,,unmapped,0,
LesAffx.70033.1.S1_at,,unmapped,0,
LesAffx.69299.1.S1_at,,unmapped,0,
LesAffx.70007.2.S1_at,,unmapped,0,
LesAffx.69489.1.S1_at,,unmapped,0,
LesAffx.69669.1.S1_at,,unmapped,0,
LesAffx.69325.1.S1_at,,unmapped,0,
LesAffx.69795.1.S1_at,,unmapped,0,
LesAffx.70226.1.S1_at,,unmapped,0,
LesAffx.70072.1.S1_at,,unmapped,0,
LesAffx.70136.2.S1_at,,unmapped,0,
LesAffx.69264.1.S1_at,,unmapped,0,
LesAffx.69290.1.S1_at,,unmapped,0,
LesAffx.69888.1.S1_at,,unmapped,0,
LesAffx.70075.1.S1_at,,unmapped,0,
LesAffx.69290.2.S1_at,,unmapped,0,
LesAffx.70078.1.S1_at,,unmapped,0,
LesAffx.69296.1.A1_at,,unmapped,0,
LesAffx.69917.1.S1_at,,unmapped,0,
LesAffx.70004.1.S1_at,,unmapped,0,
LesAffx.7037.1.S1_at,,unmapped,0,
LesAffx.70033.1.A1_at,,unmapped,0,
LesAffx.69647.2.S1_at,,unmapped,0,
LesAffx.69396.1.S1_at,,unmapped,0,
LesAffx.70007.2.A1_at,,unmapped,0,
LesAffx.69792.1.S1_at,,unmapped,0,
LesAffx.69499.1.S1_at,,unmapped,0,
LesAffx.69261.1.S1_at,,unmapped,0,
LesAffx.69605.1.S1_at,,unmapped,0,
LesAffx.69541.1.S1_at,,unmapped,0,
LesAffx.70262.1.S1_at,,unmapped,0,
LesAffx.69499.2.S1_at,,unmapped,0,
LesAffx.69644.1.S1_at,,unmapped,0,
LesAffx.70085.1.S1_at,,unmapped,0,
LesAffx.69760.1.S1_at,,unmapped,0,
LesAffx.70101.1.S1_at,,unmapped,0,
LesAffx.70011.1.S1_at,,unmapped,0,
LesAffx.71016.1.S1_at,,unmapped,0,
LesAffx.71322.1.S1_at,,unmapped,0,
LesAffx.70735.2.S1_at,,unmapped,0,
LesAffx.70764.1.S1_at,,unmapped,0,
LesAffx.70667.1.A1_at,,unmapped,0,
LesAffx.70980.1.S1_at,,unmapped,0,
LesAffx.71261.1.S1_at,,unmapped,0,
LesAffx.71534.1.A1_at,,unmapped,0,
LesAffx.71058.1.S1_at,,unmapped,0,
LesAffx.71238.1.S1_at,,unmapped,0,
LesAffx.71544.1.S1_at,,unmapped,0,
LesAffx.71454.1.S1_at,,unmapped,0,
LesAffx.70426.1.S1_at,,unmapped,0,
LesAffx.71058.2.S1_at,,unmapped,0,
LesAffx.70732.1.S1_at,,unmapped,0,
LesAffx.71547.1.S1_at,,unmapped,0,
LesAffx.70375.1.S1_at,,unmapped,0,
LesAffx.70735.2.A1_at,,unmapped,0,
LesAffx.70738.1.A1_at,,unmapped,0,
LesAffx.71493.2.S1_at,,unmapped,0,
LesAffx.71026.1.S1_at,,unmapped,0,
LesAffx.71496.1.S1_at,,unmapped,0,
LesAffx.70494.1.S1_at,,unmapped,0,
LesAffx.70928.1.S1_at,,unmapped,0,
LesAffx.71026.2.S1_at,,unmapped,0,
LesAffx.71242.2.S1_at,,unmapped,0,
LesAffx.71499.1.S1_at,,unmapped,0,
LesAffx.71515.1.S1_at,,unmapped,0,
LesAffx.70520.2.S1_at,,unmapped,0,
LesAffx.70407.1.S1_at,,unmapped,0,
LesAffx.71551.2.S1_at,,unmapped,0,
LesAffx.71438.1.S1_at,,unmapped,0,
LesAffx.71464.1.S1_at,,unmapped,0,
LesAffx.70626.1.S1_at,,unmapped,0,
LesAffx.71464.2.S1_at,,unmapped,0,
LesAffx.71377.1.S1_at,,unmapped,0,
LesAffx.71493.1.S1_at,,unmapped,0,
LesAffx.71493.2.A1_at,,unmapped,0,
LesAffx.70819.1.S1_at,,unmapped,0,
LesAffx.70845.1.S1_at,,unmapped,0,
LesAffx.71306.1.S1_at,,unmapped,0,
LesAffx.70568.1.S1_at,,unmapped,0,
LesAffx.70594.1.S1_at,,unmapped,0,
LesAffx.71065.1.S1_at,Solyc04g064870,one_to_one_signature_target,11,Solyc04g064870
LesAffx.71155.1.S1_at,,unmapped,0,
LesAffx.71319.1.S1_at,,unmapped,0,
LesAffx.71525.1.S1_at,,unmapped,0,
LesAffx.71255.1.S1_at,,unmapped,0,
LesAffx.71551.1.S1_at,,unmapped,0,
LesAffx.71551.2.A1_at,,unmapped,0,
LesAffx.70507.1.S1_at,,unmapped,0,
LesAffx.70713.1.S1_at,,unmapped,0,
LesAffx.71194.1.S1_at,,unmapped,0,
LesAffx.71464.2.A1_at,,unmapped,0,
LesAffx.70446.1.S1_at,,unmapped,0,
LesAffx.71387.1.S1_at,,unmapped,0,
LesAffx.70855.1.S1_at,,unmapped,0,
LesAffx.71532.1.S1_at,,unmapped,0,
LesAffx.70414.1.S1_at,,unmapped,0,
LesAffx.70768.1.S1_at,,unmapped,0,
LesAffx.70810.1.S1_at,,unmapped,0,
LesAffx.71442.2.S1_at,,unmapped,0,
LesAffx.71535.1.S1_at,,unmapped,0,
LesAffx.71220.1.S1_at,,unmapped,0,
LesAffx.71107.1.S1_at,,unmapped,0,
LesAffx.71503.1.S1_at,,unmapped,0,
LesAffx.70981.1.S1_at,,unmapped,0,
LesAffx.70981.2.S1_at,,unmapped,0,
LesAffx.70450.1.S1_at,,unmapped,0,
LesAffx.70984.1.S1_at,,unmapped,0,
LesAffx.71239.1.S1_at,,unmapped,0,
LesAffx.71011.1.S1_at,,unmapped,0,
LesAffx.71545.1.S1_at,,unmapped,0,
LesAffx.71571.1.S1_at,,unmapped,0,
LesAffx.70524.2.S1_at,,unmapped,0,
LesAffx.70617.1.S1_at,,unmapped,0,
LesAffx.70733.1.S1_at,,unmapped,0,
LesAffx.71088.1.S1_at,,unmapped,0,
LesAffx.71188.1.S1_at,,unmapped,0,
LesAffx.71484.1.S1_at,,unmapped,0,
LesAffx.71558.1.S1_at,,unmapped,0,
LesAffx.71484.2.A1_at,,unmapped,0,
LesAffx.71188.2.S1_at,,unmapped,0,
LesAffx.70492.1.S1_at,,unmapped,0,
LesAffx.71117.1.S1_at,,unmapped,0,
LesAffx.71307.1.S1_at,,unmapped,0,
LesAffx.70421.1.S1_at,,unmapped,0,
LesAffx.70595.1.S1_at,,unmapped,0,
LesAffx.70984.1.A1_at,,unmapped,0,
LesAffx.71362.1.S1_at,,unmapped,0,
LesAffx.70524.1.S1_at,,unmapped,0,
LesAffx.70920.1.S1_at,,unmapped,0,
LesAffx.70733.1.A1_at,,unmapped,0,
LesAffx.71529.1.S1_at,,unmapped,0,
LesAffx.71021.1.S1_at,,unmapped,0,
LesAffx.71301.1.S1_at,,unmapped,0,
LesAffx.70627.1.S1_at,,unmapped,0,
LesAffx.70563.1.S1_at,,unmapped,0,
LesAffx.7052.1.S1_at,,unmapped,0,
LesAffx.71050.1.S1_at,,unmapped,0,
LesAffx.71494.1.S1_at,,unmapped,0,
LesAffx.70627.2.S1_at,,unmapped,0,
LesAffx.71304.1.S1_at,,unmapped,0,
LesAffx.71330.1.S1_at,,unmapped,0,
LesAffx.71150.1.S1_at,,unmapped,0,
LesAffx.70386.1.S1_at,,unmapped,0,
LesAffx.70936.1.S1_at,,unmapped,0,
LesAffx.70759.1.S1_at,,unmapped,0,
LesAffx.70695.1.S1_at,,unmapped,0,
LesAffx.71066.1.S1_at,,unmapped,0,
LesAffx.71372.1.S1_at,,unmapped,0,
LesAffx.70441.2.S1_at,,unmapped,0,
LesAffx.70698.1.S1_at,,unmapped,0,
LesAffx.70534.1.S1_at,,unmapped,0,
LesAffx.71349.1.S1_at,,unmapped,0,
LesAffx.70930.1.S1_at,,unmapped,0,
LesAffx.70383.1.S1_at,,unmapped,0,
LesAffx.71330.1.A1_at,,unmapped,0,
LesAffx.70817.1.S1_at,,unmapped,0,
LesAffx.71034.1.S1_at,,unmapped,0,
LesAffx.71388.1.S1_at,,unmapped,0,
LesAffx.70856.1.S1_at,,unmapped,0,
LesAffx.70856.2.S1_at,,unmapped,0,
LesAffx.70579.1.S1_at,,unmapped,0,
LesAffx.70505.1.S1_at,,unmapped,0,
LesAffx.70769.1.S1_at,,unmapped,0,
LesAffx.70949.1.S1_at,,unmapped,0,
LesAffx.70885.1.S1_at,,unmapped,0,
LesAffx.71076.1.S1_at,,unmapped,0,
LesAffx.71166.1.S1_at,,unmapped,0,
LesAffx.71349.1.A1_at,,unmapped,0,
LesAffx.71292.1.S1_at,,unmapped,0,
LesAffx.70660.1.S1_at,,unmapped,0,
LesAffx.71269.1.S1_at,,unmapped,0,
LesAffx.71311.1.S1_at,,unmapped,0,
LesAffx.71340.1.A1_at,,unmapped,0,
LesAffx.71134.1.S1_at,,unmapped,0,
LesAffx.70393.2.S1_at,,unmapped,0,
LesAffx.71530.1.S1_at,,unmapped,0,
LesAffx.70821.1.S1_at,,unmapped,0,
LesAffx.71366.1.S1_at,,unmapped,0,
LesAffx.71276.1.S1_at,,unmapped,0,
LesAffx.70525.2.S1_at,,unmapped,0,
LesAffx.70708.1.S1_at,,unmapped,0,
LesAffx.70554.1.S1_at,,unmapped,0,
LesAffx.71276.2.S1_at,,unmapped,0,
LesAffx.70483.1.A1_at,,unmapped,0,
LesAffx.70834.1.S1_at,,unmapped,0,
LesAffx.70525.3.S1_at,,unmapped,0,
LesAffx.71495.1.S1_at,,unmapped,0,
LesAffx.70863.1.S1_at,,unmapped,0,
LesAffx.7082.1.S1_at,,unmapped,0,
LesAffx.70686.1.S1_at,,unmapped,0,
LesAffx.70522.1.S1_at,,unmapped,0,
LesAffx.71524.2.S1_at,,unmapped,0,
LesAffx.71247.1.S1_at,,unmapped,0,
LesAffx.71527.1.S1_at,,unmapped,0,
LesAffx.70525.1.S1_at,,unmapped,0,
LesAffx.70371.1.S1_at,,unmapped,0,
LesAffx.70789.1.S1_at,,unmapped,0,
LesAffx.70741.1.S1_at,,unmapped,0,
LesAffx.70921.1.S1_at,,unmapped,0,
LesAffx.71463.2.S1_at,,unmapped,0,
LesAffx.71186.1.S1_at,,unmapped,0,
LesAffx.71495.1.A1_at,,unmapped,0,
LesAffx.70590.1.S1_at,,unmapped,0,
LesAffx.7053.1.S1_at,,unmapped,0,
LesAffx.70400.1.S1_at,,unmapped,0,
LesAffx.70593.1.S1_at,,unmapped,0,
LesAffx.70873.1.S1_at,,unmapped,0,
LesAffx.71524.2.A1_at,,unmapped,0,
LesAffx.71370.1.S1_at,,unmapped,0,
LesAffx.70406.1.S1_at,,unmapped,0,
LesAffx.71527.1.A1_at,,unmapped,0,
LesAffx.70506.1.S1_at,,unmapped,0,
LesAffx.70712.1.S1_at,,unmapped,0,
LesAffx.71437.1.S1_at,,unmapped,0,
LesAffx.71563.1.S1_at,,unmapped,0,
LesAffx.70419.1.S1_at,,unmapped,0,
LesAffx.71077.2.S1_at,,unmapped,0,
LesAffx.71006.1.S1_at,,unmapped,0,
LesAffx.7053.1.A1_at,,unmapped,0,
LesAffx.71476.1.S1_at,Solyc09g072560,one_to_one_signature_target,11,Solyc09g072560
LesAffx.70664.1.S1_at,,unmapped,0,
LesAffx.71009.1.S1_at,,unmapped,0,
LesAffx.70500.1.S1_at,,unmapped,0,
LesAffx.71035.1.S1_at,,unmapped,0,
LesAffx.71299.1.S1_at,,unmapped,0,
LesAffx.70667.1.S1_at,,unmapped,0,
LesAffx.70693.1.S1_at,,unmapped,0,
LesAffx.71228.1.S1_at,,unmapped,0,
LesAffx.71000.1.S1_at,,unmapped,0,
LesAffx.71534.1.S1_at,,unmapped,0,
LesAffx.70796.1.S1_at,,unmapped,0,
LesAffx.71563.1.A1_at,,unmapped,0,
LesAffx.70722.1.S1_at,,unmapped,0,
LesAffx.71077.1.S1_at,,unmapped,0,
LesAffx.71003.1.S1_at,,unmapped,0,
LesAffx.70912.1.S1_at,,unmapped,0,
LesAffx.70635.1.S1_at,,unmapped,0,
LesAffx.894.1.S1_at,,unmapped,0,
LesAffx.730.1.S1_at,,unmapped,0,
LesAffx.894.2.A1_at,,unmapped,0,
LesAffx.9038.3.S1_at,,unmapped,0,
RPTR-Les-AJ002682-1_s_at,,unmapped,0,
LesAffx.8075.2.S1_at,,unmapped,0,
RPTR-Les-K01486-1_at,,unmapped,0,
LesAffx.8808.2.A1_at,,unmapped,0,
RPTR-Les-L36849-1_at,,unmapped,0,
LesAffx.7472.1.S1_at,,unmapped,0,
LesAffx.71608.1.S1_at,,unmapped,0,
RPTR-Les-J01636-3_at,,unmapped,0,
LesAffx.9569.1.S1_at,,unmapped,0,
LesAffx.8297.1.S1_at,,unmapped,0,
RPTR-Les-AF292559-1_at,,unmapped,0,
LesAffx.730.3.A1_a_at,,unmapped,0,
RPTR-Les-J01347-1_s_at,,unmapped,0,
LesAffx.9038.1.S1_at,,unmapped,0,
LesAffx.9128.1.S1_at,,unmapped,0,
RPTR-Les-AF292560-1_s_at,,unmapped,0,
RPTR-Les-NC_001669-1_at,,unmapped,0,
LesAffx.8075.1.S1_at,,unmapped,0,
RPTR-Les-E00696-1_s_at,,unmapped,0,
LesAffx.71608.1.A1_at,,unmapped,0,
LesAffx.7202.1.S1_at,,unmapped,0,
LesAffx.965.1.A1_at,,unmapped,0,
LesAffx.72.1.S1_at,,unmapped,0,
LesAffx.9975.1.S1_at,,unmapped,0,
LesAffx.846.2.S1_at,,unmapped,0,
LesAffx.8503.1.S1_at,,unmapped,0,
LesAffx.869.1.S1_a_at,,unmapped,0,
LesAffx.885.1.S1_at,,unmapped,0,
LesAffx.71583.1.S1_at,,unmapped,0,
LesAffx.9508.1.S1_at,,unmapped,0,
RPTR-Les-J01347-2_at,,unmapped,0,
LesAffx.71606.1.S1_s_at,,unmapped,0,
RPTR-Les-AY125353_at,,unmapped,0,
LesAffx.8452.1.S1_at,,unmapped,0,
LesAffx.7894.1.S1_at,,unmapped,0,
LesAffx.7704.1.S1_at,,unmapped,0,
LesAffx.7363.1.S1_at,,unmapped,0,
LesAffx.7202.1.A1_at,,unmapped,0,
LesAffx.71661.1.S1_s_at,,unmapped,0,
LesAffx.8928.1.S1_at,,unmapped,0,
LesAffx.9975.1.A1_at,,unmapped,0,
LesAffx.71628.1.S1_at,,unmapped,0,
LesAffx.71654.1.S1_at,,unmapped,0,
RPTR-Les-AF292559-4_s_at,,unmapped,0,
LesAffx.8333.1.S1_at,,unmapped,0,
RPTR-Les-M10961-1_at,,unmapped,0,
RPTR-Les-M57289-1_s_at,,unmapped,0,
RPTR-Les-AB076373-1_at,,unmapped,0,
LesAffx.9824.1.S1_at,,unmapped,0,
LesAffx.869.2.S1_at,,unmapped,0,
RPTR-Les-J01636-4_at,,unmapped,0,
LesAffx.730.2.S1_a_at,,unmapped,0,
RPTR-Les-U47295-1_at,,unmapped,0,
RPTR-Les-AJ002682-2_s_at,,unmapped,0,
RPTR-Les-AF062997-1_at,,unmapped,0,
LesAffx.9367.1.S1_at,,unmapped,0,
LesAffx.9393.1.S1_at,,unmapped,0,
LesAffx.71622.1.S1_at,,unmapped,0,
LesAffx.98.1.S1_at,,unmapped,0,
LesAffx.98.2.S1_at,,unmapped,0,
LesAffx.71662.1.S1_s_at,,unmapped,0,
RPTR-Les-NC_001669-2_at,,unmapped,0,
LesAffx.8748.1.S1_at,,unmapped,0,
LesAffx.8060.1.S1_at,,unmapped,0,
LesAffx.8700.1.S1_at,,unmapped,0,
LesAffx.9245.1.S1_at,,unmapped,0,
LesAffx.892.1.S1_at,,unmapped,0,
LesAffx.8060.2.S1_at,,unmapped,0,
LesAffx.71664.1.S1_at,,unmapped,0,
LesAffx.8217.1.S1_at,,unmapped,0,
RPTR-Les-K01193-1_at,,unmapped,0,
LesAffx.869.1.S1_at,,unmapped,0,
LesAffx.869.2.A1_at,,unmapped,0,
RPTR-Les-A06498-1_at,,unmapped,0,
LesAffx.9438.1.S1_at,,unmapped,0,
LesAffx.95.1.S1_at,,unmapped,0,
LesAffx.9393.1.A1_at,,unmapped,0,
LesAffx.98.1.A1_at,,unmapped,0,
LesAffx.7470.1.S1_at,,unmapped,0,
RPTR-Les-M15077-1_s_at,,unmapped,0,
LesAffx.770.1.S1_at,,unmapped,0,
LesAffx.98.2.A1_at,,unmapped,0,
LesAffx.7177.1.S1_at,,unmapped,0,
RPTR-Les-J01347-3_at,,unmapped,0,
LesAffx.837.1.S1_at,,unmapped,0,
LesAffx.8748.1.A1_at,,unmapped,0,
LesAffx.773.1.S1_at,,unmapped,0,
RPTR-Les-A00196-1_s_at,,unmapped,0,
LesAffx.8710.1.S1_at,,unmapped,0,
LesAffx.9229.1.S1_at,,unmapped,0,
LesAffx.8720.2.S1_at,,unmapped,0,
LesAffx.805.1.S1_at,,unmapped,0,
LesAffx.741.1.S1_at,,unmapped,0,
LesAffx.71603.1.S1_at,,unmapped,0,
RPTR-Les-U55943-1_at,,unmapped,0,
LesAffx.8662.1.S1_at,,unmapped,0,
LesAffx.9007.1.S1_at,,unmapped,0,
RPTR-Les-M10961-2_at,,unmapped,0,
LesAffx.8575.1.S1_at,,unmapped,0,
LesAffx.9043.2.S1_at,,unmapped,0,
LesAffx.7583.1.S1_at,,unmapped,0,
LesAffx.71581.1.S1_at,,unmapped,0,
RPTR-Les-U43284-1_s_at,,unmapped,0,
LesAffx.8440.1.S1_at,,unmapped,0,
LesAffx.8170.1.S1_at,,unmapped,0,
LesAffx.8720.1.S1_at,,unmapped,0,
LesAffx.7602.1.S1_at,,unmapped,0,
LesAffx.869.2.S1_a_at,,unmapped,0,
LesAffx.9815.1.S1_at,,unmapped,0,
RPTR-Les-CVE247372-1_at,,unmapped,0,
LesAffx.89.1.S1_at,,unmapped,0,
LesAffx.9854.1.S1_at,,unmapped,0,
LesAffx.9043.1.S1_at,,unmapped,0,
LesAffx.9854.2.S1_at,,unmapped,0,
LesAffx.71581.1.A1_at,,unmapped,0,
LesAffx.767.1.S1_at,,unmapped,0,
LesAffx.8028.1.S1_at,,unmapped,0,
LesAffx.9452.1.S1_at,,unmapped,0,
LesAffx.8080.1.S1_at,,unmapped,0,
RPTR-Les-AY056050-1_at,,unmapped,0,
LesAffx.9815.1.A1_at,,unmapped,0,
RPTR-Les-J01347-4_at,,unmapped,0,
LesAffx.8337.1.S1_at,,unmapped,0,
LesAffx.96.1.S1_at,,unmapped,0,
LesAffx.9854.1.A1_at,,unmapped,0,
RPTR-Les-AF323980-1_at,,unmapped,0,
LesAffx.735.1.S1_at,,unmapped,0,
RPTR-Les-J01636-1_at,,unmapped,0,
RPTR-Les-AF298789-1_at,,unmapped,0,
RPTR-Les-AY342347_at,,unmapped,0,
LesAffx.71623.1.S1_at,,unmapped,0,
LesAffx.9584.1.S1_at,,unmapped,0,
LesAffx.9764.1.S1_at,,unmapped,0,
LesAffx.9854.2.A1_at,,unmapped,0,
LesAffx.8212.1.S1_at,,unmapped,0,
LesAffx.8926.1.S1_at,,unmapped,0,
LesAffx.8862.1.S1_at,,unmapped,0,
LesAffx.9584.2.S1_at,,unmapped,0,
LesAffx.928.1.S1_at,,unmapped,0,
LesAffx.8431.1.S1_at,,unmapped,0,
LesAffx.8038.1.S1_at,,unmapped,0,
LesAffx.9.1.S1_at,,unmapped,0,
LesAffx.96.1.A1_at,,unmapped,0,
RPTR-Les-ECOLOXB_at,,unmapped,0,
RPTR-Les-AE009032-1_at,,unmapped,0,
LesAffx.71578.1.S1_at,,unmapped,0,
RPTR-Les-M15077-1_at,,unmapped,0,
RPTR-Les-J03196-1_at,,unmapped,0,
LesAffx.8373.1.S1_at,,unmapped,0,
LesAffx.7931.1.S1_at,,unmapped,0,
RPTR-Les-AF292559-2_s_at,,unmapped,0,
LesAffx.8872.1.S1_at,,unmapped,0,
LesAffx.9.1.A1_at,,unmapped,0,
LesAffx.8531.1.S1_at,,unmapped,0,
LesAffx.967.1.S1_at,,unmapped,0,
RPTR-Les-U57609-2_s_at,,unmapped,0,
LesAffx.7606.1.S1_at,,unmapped,0,
RPTR-Les-AF403737-1_at,,unmapped,0,
LesAffx.71607.1.A1_at,,unmapped,0,
RPTR-Les-NC_002086-1_at,,unmapped,0,
LesAffx.7368.1.S1_at,,unmapped,0,
RPTR-Les-M62653-1_s_at,,unmapped,0,
RPTR-Les-ECOLOXL_at,,unmapped,0,
LesAffx.8708.1.S1_at,,unmapped,0,
LesAffx.8850.1.S1_at,,unmapped,0,
LesAffx.71598.1.S1_at,,unmapped,0,
LesAffx.9321.1.S1_at,,unmapped,0,
LesAffx.71577.1.S1_a_at,,unmapped,0,
LesAffx.8673.1.S1_at,,unmapped,0,
LesAffx.8187.2.S1_at,,unmapped,0,
RPTR-Les-M10961-4_at,,unmapped,0,
LesAffx.9260.1.S1_at,Solyc03g026210,one_to_one_signature_target,11,Solyc03g026210
LesAffx.8142.1.S1_at,,unmapped,0,
LesAffx.81.1.S1_at,,unmapped,0,
LesAffx.9910.1.S1_at,,unmapped,0,
RPTR-Les-U46493-1_s_at,,unmapped,0,
LesAffx.81.2.S1_at,,unmapped,0,
RPTR-Les-AJ132968-1_at,,unmapped,0,
LesAffx.71660.4.S1_at,,unmapped,0,
LesAffx.894.2.S1_at,,unmapped,0,
RPTR-Les-NM_131175-1_at,,unmapped,0,
LesAffx.71579.1.S1_at,,unmapped,0,
LesAffx.823.1.S1_at,,unmapped,0,
RPTR-Les-M62653-1_at,,unmapped,0,
LesAffx.730.3.S1_at,,unmapped,0,
RPTR-Les-J01347-1_at,,unmapped,0,
LesAffx.8808.1.S1_at,,unmapped,0,
RPTR-Les-ECOLOXL_x_at,,unmapped,0,
LesAffx.8808.2.S1_at,,unmapped,0,
LesAffx.71627.1.A1_at,,unmapped,0,
LesAffx.7472.2.S1_at,,unmapped,0,
RPTR-Les-A12338-1_at,,unmapped,0,
RPTR-Les-AF292559-3_s_at,,unmapped,0,
LesAffx.71660.2.S1_at,,unmapped,0,
LesAffx.71663.1.S1_at,,unmapped,0,
LesAffx.8216.1.S1_at,,unmapped,0,
RPTR-Les-V01555-1_at,,unmapped,0,
RPTR-Les-U89963-1_at,,unmapped,0,
RPTR-Les-U89963-1_x_at,,unmapped,0,
RPTR-Les-X58791-1_s_at,,unmapped,0,
RPTR-Les-XXU09476-1_at,,unmapped,0,
RPTR-Les-X03453-1_at,,unmapped,0,
RPTR-Les-X17220-1_at,,unmapped,0,
RPTR-Les-U89963-1_s_at,,unmapped,0,
RPTR-Les-X58791-2_s_at,,unmapped,0,
