gene_id,baseMean,log2FoldChange,lfcSE,stat,pvalue,padj,differential
Solyc01g006540,6967.638199503739,-4.210169371605188,0.10852457077748838,-38.794618964560954,0,0,TRUE
Solyc01g014840,1596.339758070885,4.112858157976461,0.10445739816527051,39.373545868615025,0,0,TRUE
Solyc01g067890,10732.125309771385,-2.4626784760191094,0.061577480530386135,-39.99316722294073,0,0,TRUE
Solyc01g080410,11099.241235229487,-4.765318496704415,0.08711079572694282,-54.70410936942609,0,0,TRUE
Solyc01g081250,103230.23042536768,-11.775645779320847,0.13121263613186362,-89.74475421320534,0,0,TRUE
Solyc01g088400,40100.32989812765,-7.897672653980759,0.09235988119738815,-85.50977493249631,0,0,TRUE
Solyc01g091590,1783.8718234371213,4.766747663770974,0.11558891184479358,41.23879693730052,0,0,TRUE
Solyc01g095080,2138.6610509552597,-4.705069544498115,0.12302783422684069,-38.24394352763158,0,0,TRUE
Solyc01g095630,7192.661441095489,4.57084188856953,0.10791857969718278,42.354540815818865,0,0,TRUE
Solyc01g096100,9972.32229271903,-2.5163660404487733,0.05886139135758809,-42.75070606404171,0,0,TRUE
Solyc01g096200,5624.635415980358,3.9515536496354486,0.07819850378072744,50.532343441196836,0,0,TRUE
Solyc01g099190,276255.90448273474,-4.593279562992285,0.06258458711294528,-73.3931431824081,0,0,TRUE
Solyc01g099200,1476.536410579882,-5.569463163824169,0.13272403300587812,-41.96273303100658,0,0,TRUE
Solyc01g099370,13290.103351425107,3.001297733850328,0.06569838156883435,45.682978213181244,0,0,TRUE
Solyc01g100370,36852.95936538203,-5.676813853888708,0.10882854919510264,-52.1629103380914,0,0,TRUE
Solyc01g102410,12209.519410248293,-2.9601223159468804,0.05947299666490242,-49.77254353981084,0,0,TRUE
Solyc01g107820,5529.935587973939,3.0319165531534042,0.06809643536056734,44.5238658543513,0,0,TRUE
Solyc01g108560,12025.2458695791,-5.765078835770348,0.07849011083354428,-73.44974767581203,0,0,TRUE
Solyc01g108880,3161.700979575712,-6.234955938703842,0.11308724710063472,-55.13403233837184,0,0,TRUE
Solyc01g109110,4603.981944982262,2.7299265492673923,0.06770073783730349,40.32343865775695,0,0,TRUE
Solyc01g109460,5349.372054128361,3.230476503584479,0.06899827383319225,46.819671335465046,0,0,TRUE
Solyc01g111980,6218.445096761667,4.322387301974153,0.08911142323999094,48.505423264683934,0,0,TRUE
Solyc02g036480,1304.5328006437119,4.415512590591587,0.11584781803819434,38.114766987979166,0,0,TRUE
Solyc02g038740,4190.1409250495535,-5.1883287990702245,0.09198289803042958,-56.40536349869986,0,0,TRUE
Solyc02g064680,15321.896963533709,4.220674018272913,0.08228155455315542,51.295506522622624,0,0,TRUE
Solyc02g065240,10700.43740999632,-9.17408362233726,0.15064202892708103,-60.89989419073755,0,0,TRUE
Solyc02g067440,1811.1646650974776,-6.240002410666114,0.13978826882988746,-44.63895620783286,0,0,TRUE
Solyc02g067580,14624.800410876875,-5.123126566452344,0.11589229335752076,-44.205929644068796,0,0,TRUE
Solyc02g068310,1504.9134701764785,-4.6446380806242535,0.10536416551743587,-44.08176212296438,0,0,TRUE
Solyc02g069420,2098.936614897101,-3.7892300718690115,0.09489674160642281,-39.93003350509717,0,0,TRUE
Solyc02g071820,5858.7143953550985,3.181824998621573,0.07309957650991497,43.52726993144757,0,0,TRUE
Solyc02g077040,10357.795104773188,2.8939174299727295,0.06751311299315094,42.86452367062842,0,0,TRUE
Solyc02g077240,23133.018076720557,-4.846037308261617,0.06153340453598935,-78.75457801830697,0,0,TRUE
Solyc02g078400,52495.11350262918,-4.1547394317708015,0.06632836157985263,-62.638957646630786,0,0,TRUE
Solyc02g078460,3528.845184481821,-3.636961086559959,0.09234131491838583,-39.386065595604954,0,0,TRUE
Solyc02g079040,3284.3359958152687,3.4616500872010567,0.07685496119223936,45.041335438870874,0,0,TRUE
Solyc02g081500,1935.3536981285686,3.5591628842215446,0.0882340550750254,40.33774579662228,0,0,TRUE
Solyc02g081830,3995.142206273772,-4.836926211082662,0.09800594829056634,-49.35339431380457,0,0,TRUE
Solyc02g082420,1203.2872076009494,-3.8667565007089113,0.10144640825274816,-38.116248443957716,0,0,TRUE
Solyc02g083460,2753.80949024285,3.227158119450951,0.07521262153753443,42.90713517864095,0,0,TRUE
Solyc02g084890,1635.3020845949904,3.875987649130701,0.0973104296428235,39.83116366208079,0,0,TRUE
Solyc02g085910,7542.551134510925,-10.605949064614192,0.26057733392570215,-40.701732974358556,0,0,TRUE
Solyc02g086210,1574.408933408675,5.503053601737394,0.13495482176863172,40.77700618338706,0,0,TRUE
Solyc02g087740,6723.9859875176335,-3.671092109536187,0.0675896623034321,-54.314402298023836,0,0,TRUE
Solyc02g088630,2294.9995253200636,4.4771185826334,0.10105383242035866,44.30429282493421,0,0,TRUE
Solyc02g088690,3067.608403895022,2.995698666870719,0.0743079000235273,40.31467267843962,0,0,TRUE
Solyc02g089640,5901.348821297462,3.652133499073322,0.09059780271683072,40.31150193000045,0,0,TRUE
Solyc02g089900,2731.6703710494608,3.4067473353821134,0.0819992155758748,41.546096648080876,0,0,TRUE
Solyc02g090120,6977.124439234738,-7.557868536763745,0.12881329186628504,-58.673048621482394,0,0,TRUE
Solyc02g090360,11316.943790678732,3.7308025773914184,0.06665334237605225,55.97322571376183,0,0,TRUE
Solyc02g090490,1255.4342485547352,4.928789285387109,0.1285731462192989,38.33451564590627,0,0,TRUE
Solyc02g092150,1303.1956243170237,-3.6329968596340105,0.09480339486659495,-38.32137936353731,0,0,TRUE
Solyc02g093910,2093.5057866433604,-5.146461004763546,0.1086966466412493,-47.34700806133715,0,0,TRUE
Solyc02g094000,2901.071148885753,4.170091555474432,0.08483681323143547,49.15426919795291,0,0,TRUE
Solyc03g005020,2828.594710723472,-3.3822026255524835,0.08010606051688758,-42.22155731699556,0,0,TRUE
Solyc03g006620,2111.0353106227235,3.194829310301309,0.08257683933077077,38.68916921734026,0,0,TRUE
Solyc03g031860,85886.02747173532,-5.3794699667656865,0.07371433621221293,-72.97725575767201,0,0,TRUE
Solyc03g033540,5677.9720731983625,2.7332039226449245,0.0659821313091879,41.42339552260463,0,0,TRUE
Solyc03g082660,5945.701362261008,3.1264295000655826,0.0726316911710759,43.044977332300085,0,0,TRUE
Solyc03g083440,7432.754336478831,-5.317198356103741,0.09129489216321125,-58.242013656119866,0,0,TRUE
Solyc03g093080,5554.894641175137,4.582272841501115,0.09049148071460571,50.63761588732094,0,0,TRUE
Solyc03g093110,1854.6749928116185,5.510862837862697,0.1246818381130114,44.19940322717781,0,0,TRUE
Solyc03g093120.5,4495.684416895533,5.513324070050712,0.09769717090161303,56.43279144288592,0,0,TRUE
Solyc03g093130,4251.545401066277,4.593113956154783,0.08615381825037566,53.31294711519945,0,0,TRUE
Solyc03g095770,2742.0773526033827,4.872175328767395,0.09809088283963521,49.67001201052208,0,0,TRUE
Solyc03g097050,8298.492491378267,4.074021051841743,0.06850515164576547,59.47028732828988,0,0,TRUE
Solyc03g097470,4890.92532578063,-2.468850033573639,0.06399158859159546,-38.580852388744944,0,0,TRUE
Solyc03g111690,19161.22201245535,-3.2589058080052897,0.06302594088913499,-51.707372583898874,0,0,TRUE
Solyc03g113430,3416.737948074186,3.9797250010405607,0.08622441210011689,46.15543213469084,0,0,TRUE
Solyc03g113660,4063.172659809794,-4.680843384361671,0.08273241465196367,-56.578106707666,0,0,TRUE
Solyc03g116890,5000.587765230133,4.801239222792475,0.12746553962422089,37.66695874780691,0,0,TRUE
Solyc03g117980,5502.608659552609,5.254044618787675,0.0907625425370771,57.887807810599426,0,0,TRUE
Solyc03g119250,7552.3700217257065,5.386350238682246,0.08199281175559683,65.69295677696495,0,0,TRUE
Solyc03g119530,10021.481836179955,-4.258803600234672,0.07731127355439124,-55.086449937193855,0,0,TRUE
Solyc03g120990,1819.0670029948606,3.49137680504958,0.08930571821247077,39.094661293055246,0,0,TRUE
Solyc03g122340,11129.727059146351,4.342214500838968,0.07922274367935148,54.810200949537645,0,0,TRUE
Solyc03g123830,11950.818111474155,5.697013395198463,0.07935199863776612,71.7942016962264,0,0,TRUE
Solyc04g005040,2340.148439248841,6.680991120252441,0.15392786848970472,43.40338878076059,0,0,TRUE
Solyc04g005050,1331.6644784995112,5.7058779943410665,0.14961790319589002,38.136331765527686,0,0,TRUE
Solyc04g005270,10737.19051073719,-3.2372539477957916,0.06844826503216322,-47.294901430659124,0,0,TRUE
Solyc04g006970,14186.982399960034,3.031061514998553,0.060127458663339635,50.41060411300277,0,0,TRUE
Solyc04g007070,2970.232667935753,4.330036126101559,0.08820464390655622,49.09079538588454,0,0,TRUE
Solyc04g011510,11217.62580858911,-2.94446006249646,0.07377375892577896,-39.91202434809878,0,0,TRUE
Solyc04g048900,7118.196432385064,3.2604362017841533,0.08060603753412429,40.449032126208394,0,0,TRUE
Solyc04g054690,3338.6003175036008,5.229349993749459,0.09743943121074042,53.66769826929209,0,0,TRUE
Solyc04g055170,2090.750152510551,5.690852583338949,0.1261949191444468,45.095734613728894,0,0,TRUE
Solyc04g071780,1317.2058820646728,4.798396735105849,0.12421826116511554,38.62875466214779,0,0,TRUE
Solyc04g071800,4249.361415369161,4.586770877908848,0.08150087555312355,56.278792672836005,0,0,TRUE
Solyc04g074410,3737.1035249483975,3.7656619339887167,0.08795540766905927,42.81330771789933,0,0,TRUE
Solyc04g074450,6842.6254846332795,4.194123413082753,0.0807591527537874,51.93372230971133,0,0,TRUE
Solyc04g074840,2185.117757138919,-4.82194694982536,0.11078659609076309,-43.52464214962367,0,0,TRUE
Solyc04g077980,4182.826342640302,2.635188633055913,0.06887757323739677,38.259022628067115,0,0,TRUE
Solyc04g080540,25040.80923477914,-4.936599339276918,0.0880838514086475,-56.0443175489063,0,0,TRUE
Solyc04g081290,1603.4591892012427,5.009351040135768,0.12487882515269057,40.11369448752249,0,0,TRUE
Solyc04g082880,14376.292036868199,-3.6421542859935268,0.06217340396285723,-58.580583558998505,0,0,TRUE
Solyc05g005260,3677.2755004921373,2.944184408626639,0.07613467140157892,38.6707442801885,0,0,TRUE
Solyc05g005560,6126.132049255376,5.149576449842238,0.0905889295992705,56.84553810958935,0,0,TRUE
Solyc05g009550,8355.225748143845,4.210828581305242,0.08724770678524396,48.26291413790387,0,0,TRUE
Solyc05g014390,5433.862905387084,-3.5312172555132655,0.07358221120631082,-47.990094312501554,0,0,TRUE
Solyc05g050380,2473.069084395548,5.371934207392608,0.11110995182938325,48.347912306195326,0,0,TRUE
Solyc05g050800,5564.789769600616,3.1510222471205727,0.08246605377552774,38.209931273025894,0,0,TRUE
Solyc05g051850,12040.25764029993,5.026258716087376,0.0750519170509748,66.97042412219227,0,0,TRUE
Solyc05g052570,8640.882521759642,2.520483114441318,0.060257843882266425,41.82829905706406,0,0,TRUE
Solyc05g056620,5092.747947657913,3.3881822520351363,0.08491106552658247,39.90271740229692,0,0,TRUE
Solyc06g005170,7672.022442085434,4.974661974221302,0.07923724266637648,62.78186628940143,0,0,TRUE
Solyc06g005500,2161.0125173308797,3.2284885293603227,0.08313534692600028,38.83412590115294,0,0,TRUE
Solyc06g007190,1609.0885696649189,5.069267722850556,0.12337546675637213,41.088134100929246,0,0,TRUE
Solyc06g009110,2303.720811748497,3.7178310590722075,0.09877463400923939,37.639532622560175,0,0,TRUE
Solyc06g036310,1974.0763566568503,5.204548104304634,0.12081364041425699,43.079143103864745,0,0,TRUE
Solyc06g051800,7748.144520070388,-4.2005854337636075,0.07375688749118413,-56.95177191778445,0,0,TRUE
Solyc06g053710,8694.438737067745,-2.7152338017386612,0.07114988799328106,-38.16216551170215,0,0,TRUE
Solyc06g059740,201857.96883162938,-4.306140826568755,0.06933517474063947,-62.10615092089461,0,0,TRUE
Solyc06g060110,2497.943756876669,4.134843768636561,0.09036238139570867,45.758463917960945,0,0,TRUE
Solyc06g062540,1737.7787993833842,-3.734695257688174,0.09954001794710948,-37.51953570746392,0,0,TRUE
Solyc06g062600,1740.3388811720847,-3.529591613588722,0.08958905612121597,-39.397575623668885,0,0,TRUE
Solyc06g062920,1781.2567263709132,4.132200666397897,0.10599366229380011,38.98535607670575,0,0,TRUE
Solyc06g066430,1361.2371088194723,-3.7900829316970017,0.09721185617353377,-38.987867127352146,0,0,TRUE
Solyc06g071280,3566.9341527413185,3.9619066789218373,0.09279606312650707,42.69477115123566,0,0,TRUE
Solyc06g071810,2291.8253557680073,3.419382682313706,0.08173747688976,41.83371951798139,0,0,TRUE
Solyc06g074530,2927.226156640829,4.656732899009281,0.10901958243143021,42.71464626034699,0,0,TRUE
Solyc06g074820,7957.248542365786,3.840861108006356,0.08151155183257953,47.120451293766116,0,0,TRUE
Solyc06g075690,6616.998425170164,6.430517774662045,0.09919607153912653,64.82633510466809,0,0,TRUE
Solyc06g076020,17714.784087459913,3.001547504095838,0.05882645062463898,51.02377369745072,0,0,TRUE
Solyc06g076040,5311.240178867682,3.311424092494873,0.06817207111298783,48.57449742148138,0,0,TRUE
Solyc07g006220,8576.112683900617,2.883304711728095,0.06571904048497558,43.873201593490464,0,0,TRUE
Solyc07g026650,3669.0211552148444,-9.09936323439959,0.229187603163464,-39.70268508768177,0,0,TRUE
Solyc07g052960,4228.452355572666,-4.493637875661681,0.11759211788190145,-38.2137676963576,0,0,TRUE
Solyc07g056000,4512.525282353426,4.6379859150137985,0.08726658663560607,53.147328133508445,0,0,TRUE
Solyc07g056200,1613.9659063560484,6.3191277163926225,0.16166546233876114,39.08767911819802,0,0,TRUE
Solyc07g062130,2481.0215966999044,4.804605521354804,0.11724086448412674,40.980638811353195,0,0,TRUE
Solyc07g062530,33024.94271715621,2.778830112299714,0.058541360445354684,47.46780893302962,0,0,TRUE
Solyc07g062600,7385.040585933637,-3.6109552914694456,0.0744987204018711,-48.470031055442846,0,0,TRUE
Solyc07g065970,3010.1361895954515,-5.444430410149268,0.1270616772686517,-42.84872140195258,0,0,TRUE
Solyc08g005610,25603.55212410144,-4.463430249652365,0.0675120827922268,-66.11305806382668,0,0,TRUE
Solyc08g005630,16222.652412819309,-4.770913439170124,0.07437022592282456,-64.15085311319336,0,0,TRUE
Solyc08g006320,4557.117546264971,3.3815311388178313,0.06973600492863456,48.490462599318306,0,0,TRUE
Solyc08g006770,7860.3346772941495,-2.7919295262367405,0.06289546313647981,-44.389998690023184,0,0,TRUE
Solyc08g008280,2053.3926530633603,4.996988389546966,0.11998586757322167,41.64647462750179,0,0,TRUE
Solyc08g066240,54417.38386095583,-10.807054773474453,0.12757876460207843,-84.7088840151568,0,0,TRUE
Solyc08g066250,6711.803881898202,-7.582295165314557,0.1159478361512724,-65.39402042330697,0,0,TRUE
Solyc08g068600,2895.0631078216775,5.0078625810637,0.09877860406648364,50.69784725539472,0,0,TRUE
Solyc08g068680,2408.4422112757015,5.9010976281304925,0.12452376772474896,47.389327643654774,0,0,TRUE
Solyc08g068690,7231.645805601653,4.786439678311529,0.0876956790546343,54.58010850602552,0,0,TRUE
Solyc08g076390,2713.342331200399,3.176690300616972,0.07792664343338725,40.76513706550764,0,0,TRUE
Solyc08g076730,4318.374049439553,-4.4604769794283285,0.09078136764464552,-49.13427826829415,0,0,TRUE
Solyc08g077560,5427.408667685938,3.5081867793742187,0.08297467496711136,42.28021117003179,0,0,TRUE
Solyc08g080130,3381.9395899698284,3.546712340986121,0.08857483686162136,40.04198558702486,0,0,TRUE
Solyc08g081010,14274.846892834457,-2.2944827583651333,0.06023745065202358,-38.090635203335154,0,0,TRUE
Solyc08g082610,24243.227818601623,2.7734260855017854,0.0596570850576787,46.4894669731237,0,0,TRUE
Solyc09g007010,7988.848631303357,3.3959807586663473,0.08346124399578968,40.68931393878652,0,0,TRUE
Solyc09g008830,5615.571918031305,-7.5229893252727,0.14024892794639635,-53.640262606128545,0,0,TRUE
Solyc09g011080,13340.911089048397,2.723159549301847,0.059202595451259055,45.99730009377374,0,0,TRUE
Solyc09g011860,2639.7296414376865,7.041011012955754,0.16064606911787224,43.82933894130638,0,0,TRUE
Solyc09g015770,3849.0639358814383,4.074488688822951,0.08259811155587407,49.329078014897895,0,0,TRUE
Solyc09g066150,8083.474432763825,-5.288688485822491,0.08922470401947294,-59.27381372616552,0,0,TRUE
Solyc09g075420,16764.68185291415,-2.9196872363056507,0.06580908890974382,-44.366018200160134,0,0,TRUE
Solyc09g075440,14747.642894591745,-3.19706517381384,0.07069972314670069,-45.220335123236424,0,0,TRUE
Solyc09g091660,2747.1574739029265,3.9690110849332463,0.09523381741898011,41.676488378824786,0,0,TRUE
Solyc09g092380,324819.29847668164,-3.604501458259788,0.09251497636590061,-38.96127524265729,0,0,TRUE
Solyc10g007600,11070.973610147217,5.567369311268648,0.09539191553090479,58.363114738637876,0,0,TRUE
Solyc10g047030,1890.3361688636717,-6.576278332632486,0.1438426726183353,-45.718549390983874,0,0,TRUE
Solyc10g054440,9555.502452638602,4.059989930685219,0.0762955411562727,53.213986940197806,0,0,TRUE
Solyc10g055760,4918.038834776245,3.9777778698369106,0.09711818291812217,40.95811670189991,0,0,TRUE
Solyc10g076510,59020.95430298093,-5.5384646199887175,0.05886127945213952,-94.09351396263953,0,0,TRUE
Solyc10g080210,167633.69744259067,-8.124858882575056,0.0885818358145739,-91.72150032634926,0,0,TRUE
Solyc10g080690,1211.235415306261,-3.9516123217956474,0.10030104530079922,-39.39751883886059,0,0,TRUE
Solyc10g080900,11382.169037514454,-3.7012148585804163,0.08295823432436263,-44.61540061362502,0,0,TRUE
Solyc10g083970,3903.7091580900637,4.370193190465584,0.07969019405038837,54.83978603066642,0,0,TRUE
Solyc10g084960,1601.9180680147786,4.036044634756852,0.10049936539923986,40.15990169413924,0,0,TRUE
Solyc10g085010,9221.723934586362,4.390315557971133,0.07829231855009969,56.07594256084964,0,0,TRUE
Solyc10g085420,4954.696015464931,5.9118789637296505,0.10998566671276434,53.75135815804942,0,0,TRUE
Solyc11g005630,2902.9380767464154,3.2599489716066357,0.07969280202237283,40.906441847677065,0,0,TRUE
Solyc11g006540,2274.0175770128844,4.090880871265929,0.09307347355705005,43.95324161570476,0,0,TRUE
Solyc11g008680,8942.60424683202,-5.01006550579392,0.08283665977090694,-60.48125938020384,0,0,TRUE
Solyc11g011920,5421.883041949634,3.5176354028360497,0.0686906606817981,51.20980593171329,0,0,TRUE
Solyc11g012510,3167.532094424459,4.329810334584834,0.0905471277837227,47.81830678193181,0,0,TRUE
Solyc11g066060,19741.94053017882,2.8647280687493546,0.06290216901879557,45.54259596188735,0,0,TRUE
Solyc11g069430,23495.57764990384,-2.1939946725189237,0.05724750448533846,-38.324721614386235,0,0,TRUE
Solyc12g009220,2082.4242021881323,5.467909730145524,0.11864715414563126,46.08546888056025,0,0,TRUE
Solyc12g013690,15863.476389805377,-4.635115999192145,0.06471824503927705,-71.61992721494728,0,0,TRUE
Solyc12g013700,9841.398144816032,-5.607863710932257,0.08903014298114548,-62.9883713892257,0,0,TRUE
Solyc12g017240,6285.72965279641,3.7608106988435503,0.09382064543615072,40.085107935043524,0,0,TRUE
Solyc12g045030,2991.1243735893554,3.2630508810543626,0.08426618058137496,38.7231373077752,0,0,TRUE
Solyc12g098710,15712.798175217767,-4.811195172813602,0.0687211915116093,-70.01035731461133,0,0,TRUE
Solyc01g100760,1077.9019648927738,-4.913460442890009,0.132432296621834,-37.10167812705538,2.6397240054576215e-301,2.6230295347204027e-299,TRUE
Solyc08g016210,1449.2538911800934,4.285237301714077,0.1157144446720989,37.03286408068754,3.389532341669307e-300,3.349987797683165e-298,TRUE
Solyc05g024410,4773.331784372338,-2.5880037461294796,0.06997333568992432,-36.985570583597806,1.9536085561226812e-299,1.9204912346097997e-297,TRUE
Solyc03g111730,989.8583666453995,-4.817749117505084,0.13027946749850589,-36.98011060384735,2.3910944384853016e-299,2.3380579288657077e-297,TRUE
Solyc09g074380,1066.3346607654476,-4.688294487352926,0.12685428150113595,-36.95810998157712,5.396166839461643e-299,5.248557407927163e-297,TRUE
Solyc06g030470,5839.8416807990325,2.6577263062634056,0.07200318581136882,36.911232139450256,3.051974623911251e-298,2.952865763755817e-296,TRUE
Solyc06g069430,7193.422953323664,-2.7367243107904042,0.07415070150060023,-36.90759838284539,3.490367169909284e-298,3.3593413447352026e-296,TRUE
Solyc08g066700,5476.821007757634,-2.7338962481008613,0.0740796500296207,-36.90482132417897,3.867362627703258e-298,3.70279829088901e-296,TRUE
Solyc05g007140,2039.9179613524584,3.3754019001276947,0.09159926957041149,36.849659565604455,2.961496616321523e-297,2.820787165691117e-295,TRUE
Solyc09g089580,360278.4775737405,-2.565604367542674,0.06967384840482273,-36.823060965943235,7.89485568379523e-297,7.480986187381841e-295,TRUE
Solyc05g056120,1798.237334182087,3.1033399490112394,0.08442682007742959,36.757750039206755,8.742658824918883e-296,8.2418613937684007e-294,TRUE
Solyc05g010810,20217.49118639691,-2.375584818302503,0.06468563828889991,-36.725073465189176,2.9069394083529273e-295,2.7264422012118296e-293,TRUE
Solyc02g067980,2271.7449485000793,-2.7590467394632494,0.07517783591452658,-36.70026818276795,7.2314792008032345e-295,6.748034626820602e-293,TRUE
Solyc02g070020,5586.528041974299,-2.465713290726845,0.06722702018715901,-36.67741458512271,1.673559030206564e-294,1.5537896794084475e-292,TRUE
Solyc02g070890,3131.991127135592,-3.339787155696135,0.09111348964046893,-36.65524357452265,3.775322685146732e-294,3.4875254734197175e-292,TRUE
Solyc04g078290,1682.4833808588673,3.5328793630567232,0.09656986838763384,36.58366136397388,5.20257646847176e-293,4.781948160995818e-291,TRUE
Solyc03g083910,141173.1083994303,-3.6202412566294777,0.09902419768451307,-36.559157673394274,1.2755435639911886e-292,1.1665829520820904e-290,TRUE
Solyc03g026280,1312.9481201710855,3.864100279290261,0.10570680719428992,36.55488593263455,1.4913044544952271e-292,1.3571608805438494e-290,TRUE
Solyc08g078060,1773.3983817138123,3.2634295372991327,0.08928086978862133,36.552394090979725,1.6336310255515671e-292,1.479361534123865e-290,TRUE
Solyc03g097710,3621.4423309227045,-2.647088044069153,0.07244657793894346,-36.538482829376235,2.717136052969238e-292,2.448485885379093e-290,TRUE
Solyc08g067340,1921.3004172747742,4.798320426692757,0.1314602991802446,36.500148384066904,1.1029508211530966e-291,9.890509729393841e-290,TRUE
Solyc06g069570,4810.5269523778625,2.4998476442804574,0.06851493908700629,36.48616896682826,1.837718287030997e-291,1.6399405471112047e-289,TRUE
Solyc06g050630,1473.0022650021626,3.669148529629002,0.10067233124295885,36.44644446321617,7.83200379311192e-291,6.955349069023017e-289,TRUE
Solyc06g150132,1978.9834730740106,2.917107451484626,0.08006477211920127,36.434344022632146,1.2176340649640843e-290,1.0761426450112866e-288,TRUE
Solyc09g010850,1813.3920947266442,3.514555493348633,0.09658739599479417,36.38730972246171,6.758204654172105e-290,5.944309864002191e-288,TRUE
Solyc05g054620,3527.077735205818,-2.4668888042863544,0.06785968711321835,-36.35278777767648,2.3742574816504275e-289,2.0783797754847527e-287,TRUE
Solyc02g079500,3587.2970926053563,4.010703060902362,0.11066439765933256,36.24203579229558,1.3265367611445554e-287,1.1557215772568892e-285,TRUE
Solyc06g062590,7819.957678579001,-2.228872876873386,0.0615226409576103,-36.2284980322789,2.167314828385162e-287,1.8793277589719074e-285,TRUE
Solyc07g063640,1271.4514291110306,-4.27363534733658,0.1182670791932505,-36.13546031988652,6.29502692702055e-286,5.432933333306046e-284,TRUE
Solyc12g088360,1559.8853814657975,3.36374970582507,0.09308942038611967,36.13460790574038,6.492096493268634e-286,5.576832235315762e-284,TRUE
Solyc09g061840,2334.478405752577,2.8906875905981906,0.08008070692420309,36.09717872913191,2.511357263463756e-285,2.1472688639188012e-283,TRUE
Solyc10g080840,7442.602384127352,-2.746279104567761,0.0761533119574158,-36.062503835728826,8.783259577744574e-285,7.475123186003635e-283,TRUE
Solyc08g079090,3671.6562227405966,3.6408821174152473,0.10099212542529515,36.05114856314657,1.323145730381306e-284,1.120893454451592e-282,TRUE
Solyc04g015360,1735.4395332469949,4.125655062205143,0.11456239361425474,36.012298032954135,5.370602830251118e-284,4.528797790298455e-282,TRUE
Solyc05g005700,4888.069021373176,2.458771937332924,0.06858929584121976,35.84775010702601,1.9936526111308646e-281,1.6734847465944604e-279,TRUE
Solyc01g098590,3891.7695095639483,2.986864534655354,0.08338781603681761,35.81895625299247,5.59879324484124e-281,4.678300737268933e-279,TRUE
Solyc07g056190,1129.070104379197,5.382950180752762,0.15036078774416373,35.80022598652355,1.0955005831956769e-280,9.112482905378339e-279,TRUE
Solyc07g042170,2013.7741241617641,3.5545178052109674,0.0992885894918046,35.79986203252854,1.109879146028791e-280,9.190499252904174e-279,TRUE
Solyc12g045035,2096.2446475324427,4.385350432986687,0.12272211239577874,35.73398752169401,1.1730809949929233e-279,9.670290551997717e-278,TRUE
Solyc01g094410,11328.212937448636,2.7912051785394723,0.07811409329669443,35.73241473773323,1.240951182595241e-279,1.0184109638235856e-277,TRUE
Solyc01g102700,1897.679044281319,2.9728045345853724,0.08328139860774597,35.695900696711796,4.576649536865785e-279,3.7392243749423876e-277,TRUE
Solyc01g091910,4527.950856115325,3.2896683383161127,0.09216711655147203,35.692429810136794,5.180775081917558e-279,4.21407912968542e-277,TRUE
Solyc04g051310,3304.211669963412,2.8271908382684146,0.07926487186352035,35.66763904111674,1.255581478156073e-278,1.0167997494688586e-276,TRUE
Solyc05g005080,2197.9794995376947,3.0580106448205173,0.08582659932321944,35.63010382485475,4.7909952063059626e-278,3.862844950768531e-276,TRUE
Solyc02g087850,1155.6069110560288,3.9755961504141344,0.11168129890799938,35.597689042720965,1.5211680610550114e-277,1.2211193216757326e-275,TRUE
Solyc08g006780,2880.502335579632,-3.1274176040867707,0.08797385520202065,-35.549398135446694,8.488502103201289e-277,6.784527572310839e-275,TRUE
Solyc02g086300,1446.3886331835256,4.523108769072375,0.12725101110890613,35.54477665565526,1.0005375566346724e-276,7.962286538361552e-275,TRUE
Solyc12g007090,3209.5874832084837,-2.3753732474730023,0.06690832585250038,-35.50190827834372,4.593169561113022e-276,3.6394929328422705e-274,TRUE
Solyc07g008250,6485.809112243856,-3.359319380438724,0.09469910928562214,-35.47361116466972,1.2548079278087075e-275,9.900057569488184e-274,TRUE
Solyc04g014400,1274.4248498016175,4.01471672591493,0.1138738011173042,35.25584187515855,2.7919118892407324e-272,2.1933212076885633e-270,TRUE
Solyc03g115230,80496.33507313287,2.913726635339968,0.08268937661890545,35.23701295716137,5.424425899742046e-272,4.24328601340247e-270,TRUE
Solyc09g014990,1080.6639936604938,4.464608685975635,0.12679503578689594,35.2112261987866,1.346318375565363e-271,1.0487021482211047e-269,TRUE
Solyc05g051240,3022.9572844729514,3.099344963132589,0.08824252624811567,35.123030752972944,3.000782461350753e-270,2.327568944599616e-268,TRUE
Solyc11g010250,1111.0576323364917,5.800821948907233,0.16557013646615532,35.035436176577626,6.498241399178271e-269,5.019208892482948e-267,TRUE
Solyc05g009790,3112.6736048809903,3.1720666098733346,0.09056842663904707,35.023978306649205,9.710657314992463e-269,7.469080059477257e-267,TRUE
Solyc10g075070,5175.111788509997,4.520356535114332,0.12907183096992098,35.02202224254307,1.0399804090617762e-268,7.965816608242763e-267,TRUE
Solyc07g063240,2650.462202459414,2.9006485071239845,0.08292027733812127,34.98117228064863,4.350022341250437e-268,3.318110402456713e-266,TRUE
Solyc05g051400,1149.3446663464892,3.9648362825687924,0.1134746518679281,34.94028152810217,1.8190857402928863e-267,1.381828643132402e-265,TRUE
Solyc02g088090,1067.5405936764607,5.338921953182469,0.15283267722955796,34.93311803445865,2.336858646390826e-267,1.767838374345784e-265,TRUE
Solyc12g094650,1972.0754932789855,4.09932139272461,0.11739575274108088,34.91882199320925,3.8517181919580345e-267,2.9018908001133013e-265,TRUE
Solyc01g098690,1093.466389976652,4.324548045748961,0.12394262734380801,34.89153117395981,9.993059231302803e-267,7.4980574632261e-265,TRUE
Solyc07g007870,1519.1955311317083,3.2932297290163777,0.0944750515507033,34.85819457054175,3.199099876499488e-266,2.3906119117760197e-264,TRUE
Solyc01g005760,7636.011683639048,3.07866445301884,0.08866794517375773,34.7212788904237,3.761767057189964e-264,2.799698939770166e-262,TRUE
Solyc10g083290,1435.5455548507866,3.574600718521218,0.10295287611377771,34.7207465537026,3.8320020136438287e-264,2.840471492613488e-262,TRUE
Solyc02g082690,4998.367284368481,2.585997410412428,0.07448069416470227,34.72037202948061,3.8821993857689654e-264,2.866123345726542e-262,TRUE
Solyc10g086280,9827.307514932889,4.16424154163914,0.11994703542213521,34.71733608908074,4.314120654879226e-264,3.172259199945792e-262,TRUE
Solyc07g032740,8694.983899564912,-2.265170762049441,0.0652518428129237,-34.714280308429906,4.797357704109295e-264,3.5135389113402857e-262,TRUE
Solyc04g077270,1720.3695070101824,4.012920834933769,0.1158605954039396,34.63576914086286,7.316392079641707e-263,5.337191888891012e-261,TRUE
Solyc10g038080,999.9998123513188,-3.4499826315898305,0.0996638562109156,-34.616186476757804,1.4421942373781997e-262,1.047899472953496e-260,TRUE
Solyc01g065530,9847.32074396194,2.308667749188577,0.0667533030516761,34.585071354467,4.2361985491543614e-262,3.0659070050828593e-260,TRUE
Solyc12g009000,7887.883325740311,3.1291131774366843,0.09068054971814003,34.50699391614656,6.30033789128687e-261,4.5419259394324136e-259,TRUE
Solyc06g065650,1400.477469898437,-3.0530584676596955,0.08862458387595341,-34.44934051180447,4.6065133979274994e-260,3.307872491957079e-258,TRUE
Solyc04g074000,2060.1838136462134,4.21923090253841,0.12249081317422356,34.44528445196318,5.297892860366268e-260,3.789539472844868e-258,TRUE
Solyc08g062330,939.0568791794142,5.258016085088317,0.1527765294030099,34.41638650671382,1.4341070171244916e-259,1.02182904247285e-257,TRUE
Solyc03g044300,7059.486963169101,-2.494900399463666,0.0726902409338687,-34.32235699608491,3.6416020999033675e-258,2.584693876545313e-256,TRUE
Solyc04g079730,1304.7728595150265,6.4720878544757925,0.18904757957397503,34.235232575105464,7.234752220832626e-257,5.1152480798294685e-255,TRUE
Solyc03g064030,2007.780482335203,-2.754098518312065,0.08056381060367095,-34.18530600371791,3.9979006705897786e-256,2.815839388024977e-254,TRUE
Solyc02g071740,1523.554780003807,3.290881420686147,0.09632480553118748,34.16442319855652,8.16654920226126e-256,5.729987556685829e-254,TRUE
Solyc04g074440,1877.6736347163353,2.988557466431114,0.08760994533339343,34.11208002765406,4.8836668506811925e-255,3.4135531450978085e-253,TRUE
Solyc10g007070,1176.4810231262838,3.582074184048326,0.10522317367993916,34.04263584506622,5.21646443236375e-254,3.6323585477326822e-252,TRUE
Solyc06g066770,1685.8334997846707,-3.0100842846317497,0.08867887743038061,-33.943644437705984,1.513743225819414e-252,1.0500808196316335e-250,TRUE
Solyc11g013810,11077.810332714398,-2.879033193166197,0.08496510985531919,-33.88488755053327,1.1122963494300353e-251,7.686971350215165e-250,TRUE
Solyc01g079660,1012.2426044939299,4.079152190864262,0.1205372296563264,33.841429759873094,4.851683841640553e-251,3.3403934105197856e-249,TRUE
Solyc12g009300,5158.761125074265,-2.425385766065533,0.07171047299743036,-33.82191839889891,9.393364626979875e-251,6.443217236483994e-249,TRUE
Solyc01g067090,2040.2578241846263,-3.596474484296361,0.10634213902539696,-33.81984335896647,1.0076887897502795e-250,6.886372870624308e-249,TRUE
Solyc11g068710,1602.718706341831,3.7245022640557757,0.1105482685996552,33.69118586147981,7.78173343298077e-249,5.298207618462426e-247,TRUE
Solyc02g072080,2544.8436657943607,2.482034858780066,0.07372668276366143,33.665353786993066,1.8588151707879695e-248,1.2609077226787913e-246,TRUE
Solyc07g063940,2373.481769722329,2.579550304320896,0.0766645222313633,33.647249460919575,3.4205484753162457e-248,2.3117625963874464e-246,TRUE
Solyc03g098660,1604.296335940849,3.4352659425473577,0.10211520182712719,33.64108263099735,4.209996154287014e-248,2.834884956199933e-246,TRUE
Solyc12g099430,2700.718581398405,3.931169562269073,0.1169447589634046,33.615611311826726,9.922215126594311e-248,6.656937250809606e-246,TRUE
Solyc09g074690,1063.8635763106893,-3.2238598904256217,0.09593063175982777,-33.606157191760055,1.363743133865282e-247,9.11625091994381e-246,TRUE
Solyc11g017270,3036.403764876699,3.7051478044174546,0.11028125777949332,33.59725740366395,1.8395954661788327e-247,1.2252638932886044e-245,TRUE
Solyc02g065280,733.3392635351679,-4.707386389204973,0.14020598969972844,-33.57478806209725,3.915211443546662e-247,2.5983152334555343e-245,TRUE
Solyc12g096710,2341.8760311440906,3.648154803277775,0.10873076129948685,33.5521867011428,8.365549568370696e-247,5.5317948818474284e-245,TRUE
Solyc02g089610,7455.053920940544,2.171612158922705,0.0647844378273716,33.52058351898197,2.4165335894645167e-246,1.5922271317249538e-244,TRUE
Solyc04g005480,2373.8569705029763,2.983558221627781,0.08901576039412959,33.51719075832936,2.7078547429600703e-246,1.777803347851249e-244,TRUE
Solyc03g111720,107081.2376851799,-5.411461030627584,0.1619062306068707,-33.42342669793427,6.263130264575157e-245,4.097335361341107e-243,TRUE
Solyc06g068460,3522.6915389127103,2.4187864978513725,0.07240004305504881,33.408633417693785,1.0272338605050575e-244,6.696326261583146e-243,TRUE
Solyc03g115900,1605.092529874501,3.0688944910695755,0.09189909539901303,33.394175184694305,1.6656692484662734e-244,1.0781689364280108e-242,TRUE
Solyc09g005080,2359.180504873405,2.765338080952324,0.08280873945838162,33.394278176908365,1.6599451667326025e-244,1.0781689364280108e-242,TRUE
Solyc06g068900,2097.5073544288944,-2.785045096837662,0.08367694951916686,-33.28330099079108,6.735333620676056e-243,4.3444083490837876e-241,TRUE
Solyc10g005630,1410.7374316588596,3.4587743455586866,0.10405130122565158,33.241048452222536,2.7496168463746264e-242,1.767349877164502e-240,TRUE
Solyc03g093540,1102.269031401526,3.271540884624771,0.09871714100085645,33.14055544412888,7.74728357989634e-241,4.96231059404998e-239,TRUE
Solyc11g073075,900.5600215032039,5.360826528025961,0.16194961676525596,33.101816695228216,2.7982605089510807e-240,1.786125796390546e-238,TRUE
Solyc04g007580,1182.4549892721934,4.289119926193613,0.13016052311299917,32.95254062915838,3.890379257056364e-238,2.4746312070057833e-236,TRUE
Solyc01g095620,1248.0771847232513,3.1884143716623723,0.09687611235341143,32.91228657102583,1.4663919479835995e-237,9.295407993028452e-236,TRUE
Solyc10g083400,2644.797486792773,-5.7180240187527485,0.17374206209520007,-32.91099431995701,1.530162931866872e-237,9.666317930071721e-236,TRUE
Solyc01g099150.5,918.97095661591,-5.182529752263539,0.15779130980895528,-32.84420262775086,1.378184910135278e-236,8.676429179115348e-235,TRUE
Solyc01g098110,3976.3510350482775,-2.2408162428698106,0.06848871079110969,-32.7180380092756,8.65244005508678e-235,5.428594045483286e-233,TRUE
Solyc08g079870,2261.38576838896,4.290948151576282,0.13129700769807745,32.68123338685283,2.886017319362269e-234,1.804546135436619e-232,TRUE
Solyc01g057770,8147.634171505999,3.4050317789561504,0.10422743292123332,32.669247275133394,4.271190884933941e-234,2.6616034589064626e-232,TRUE
Solyc03g095900,32913.5010069552,-2.1810709892232905,0.0669287228739256,-32.587966654194176,6.073089496446162e-233,3.7716758180124924e-231,TRUE
Solyc12g005340,3901.9391256420495,2.703256491794541,0.08295816702543994,32.58577893802259,6.522288369133276e-233,4.0370110131238047e-231,TRUE
Solyc09g082870,881.3110748695622,5.252004449987439,0.1612155939393363,32.57752132813971,8.537983157479475e-233,5.266904173957892e-231,TRUE
Solyc07g040960,15938.049292005484,2.91214961441658,0.0895030312530955,32.53688253509137,3.210000194224642e-232,1.9735596511850032e-230,TRUE
Solyc02g088340,5780.421453596457,-1.9975782672150484,0.06144114382601326,-32.512061833870085,7.20166973915687e-232,4.412943160497358e-230,TRUE
Solyc02g083380,1865.208548833307,-3.062662058547518,0.09436179181394246,-32.45659074158227,4.372667703357736e-231,2.6705232687981816e-229,TRUE
Solyc05g056040,1186.60837182241,3.0517270795580758,0.09406232746861722,32.443669656975565,6.652958142487399e-231,4.049712898455161e-229,TRUE
Solyc07g053740,4565.229679078159,2.3952958094240526,0.07398147970435644,32.37696541075002,5.7917617244599355e-230,3.5138599267573264e-228,TRUE
Solyc07g008140,2719.17357319521,3.948717414899334,0.12198520019126158,32.37046304558346,7.150216950525058e-230,4.3237644145230965e-228,TRUE
Solyc02g069430,1028.6794532464132,-3.6677400442976285,0.113319633458036,-32.3663246374323,8.176170887471875e-230,4.9279524401441135e-228,TRUE
Solyc09g083060,1514.2598497723943,3.198293030929809,0.09893735513122673,32.326445624988814,2.9737127760240555e-229,1.7864628092042554e-227,TRUE
Solyc01g066720,8823.305607358345,-3.0453928995259942,0.0942414156320714,-32.31480426201931,4.333722570894232e-229,2.595010489275201e-227,TRUE
Solyc08g014130,6411.320052238543,-2.317611543468422,0.0717203695810637,-32.31455104046675,4.36936409646465e-229,2.6078577982243396e-227,TRUE
Solyc02g083250,4061.122940566586,-2.186491827050512,0.06771451628842907,-32.289853740329164,9.710014562635903e-229,5.776673064884654e-227,TRUE
Solyc02g065550,856.204469142228,4.055327846991188,0.12596853596853896,32.193180747960895,2.1986954524473205e-227,1.303826403301261e-225,TRUE
Solyc01g066430,6570.345796358994,2.261418999196862,0.07046950184947821,32.09074762621735,5.934967817288789e-226,3.498929604765449e-224,TRUE
Solyc06g068500,4223.483277146907,-2.871137418962247,0.08946937254641825,-32.090729343973564,5.9384542059882506e-226,3.498929604765449e-224,TRUE
Solyc12g010540,1734.2404956473251,3.028872859392698,0.09440348789177971,32.08433212621205,7.293027601738073e-226,4.283313942579904e-224,TRUE
Solyc06g074670,1508.2979915691762,3.202001437642201,0.09988044839118543,32.058340638414485,1.679883226693181e-225,9.834806801369662e-224,TRUE
Solyc05g008290,5747.649976377204,2.1395621802618976,0.0667748600341303,32.04143264648273,2.8896923349566925e-225,1.686387752174885e-223,TRUE
Solyc05g053290,2055.5472528068676,2.4985865734146193,0.07807124616213355,32.003928414639475,9.61481345073964e-225,5.593326445093253e-223,TRUE
Solyc04g051510,1512.9033366007397,3.499127173127045,0.10934088349441826,32.002002007837,1.0226841510039029e-224,5.930600235932097e-223,TRUE
Solyc12g006020,792.569795874562,5.162649148949947,0.16134852689422083,31.996878114260998,1.2050875622899872e-224,6.966391401753721e-223,TRUE
Solyc04g064530,1289.0492702472784,3.3144029295248942,0.10389381161196581,31.901832054289198,2.5183314415421632e-223,1.4512378335382317e-221,TRUE
Solyc04g007320,743.0470889147076,4.5881214907785814,0.14427204510860453,31.801874627373266,6.098072940162668e-222,3.503152339344073e-220,TRUE
Solyc05g016060,1990.5414053179966,4.020582478815242,0.12650603499092863,31.781744476487194,1.1571887588473482e-221,6.626978490308661e-220,TRUE
Solyc07g042490,1699.3063216755277,-5.0118708698329435,0.15794364886995546,-31.732019018754716,5.62196804278169e-221,3.209585047529684e-219,TRUE
Solyc03g118470,2953.856225975617,2.6082268348268918,0.08222445125293112,31.720817774796814,8.02377893487471e-221,4.5665983950403035e-219,TRUE
Solyc09g006005,1812.4449808259235,3.328220274141481,0.10501331035400786,31.693318331950465,1.9205597743280974e-220,1.0896805657862164e-218,TRUE
Solyc11g008540,4613.2832492285515,2.195497529853196,0.0693006282083208,31.680773848881024,2.8591071992713456e-220,1.6171990044370814e-218,TRUE
Solyc03g098290,911.6305640702409,-3.796627178216164,0.11984554460665832,-31.679335186610125,2.9925672450050804e-220,1.6874958179425888e-218,TRUE
Solyc01g099620,756.2935972098176,-6.3475536320417305,0.20045339462817746,-31.665982229015658,4.569830224475294e-220,2.569027187049827e-218,TRUE
Solyc01g006950,1243.802719403484,4.346057279644214,0.1372670947338322,31.66131903695811,5.297720950552639e-220,2.96914647054906e-218,TRUE
Solyc03g113420,1624.9903263376207,2.9364481876809174,0.09288671263260043,31.613221142787143,2.4300090074725216e-219,1.3577767654822908e-217,TRUE
Solyc03g111710,865.8627975983063,3.900536726421537,0.12339772586008917,31.60947010355802,2.7362511400374577e-219,1.5242577184032903e-217,TRUE
Solyc01g094790,958.146670182725,-3.308134135161946,0.10475843064672972,-31.57869123028159,7.242679589274107e-219,4.0224223229494234e-217,TRUE
Solyc07g055640,989.6154185230284,3.6011779878373833,0.11432339930653093,31.499920485933796,8.708271311662306e-218,4.821811792840005e-216,TRUE
Solyc04g081490,4381.671612937646,2.5909812176645803,0.08241654059755986,31.4376361696173,6.1945806118198045e-217,3.419668930543047e-215,TRUE
Solyc07g032230,6180.453371223024,2.1159171373709813,0.0673585603507656,31.41274288453423,1.355481134032402e-216,7.460422061951391e-215,TRUE
Solyc03g031890,912.331071195558,-4.29320873617668,0.13681737643328137,-31.3791189986036,3.89961750882307e-216,2.1399005571550597e-214,TRUE
Solyc01g079880,36672.78601336088,-1.984599446368544,0.0633215556353803,-31.341609132225237,1.2659339091793038e-215,6.926090194179507e-214,TRUE
Solyc11g007660,1229.7692350044256,3.4043788651161506,0.10871491746556011,31.314735313988777,2.94048284573726e-215,1.604002853210328e-213,TRUE
Solyc04g015340,2242.960637152335,-3.1147721849017955,0.09977902394504186,-31.216703288432722,6.322783696385844e-214,3.4388086594870114e-212,TRUE
Solyc04g076220,1302.159251759887,-4.039606875047078,0.12945845545979334,-31.203885916139964,9.436671980494666e-214,5.117237198154379e-212,TRUE
Solyc08g066440,1668.405655041936,2.55470302853817,0.0819186799326305,31.18584223572871,1.6577573152509462e-213,8.963103743017102e-212,TRUE
Solyc11g012360,807.0743140759575,4.23046711681703,0.1367974417848563,30.92504553901204,5.502750601559021e-210,2.9664828242949993e-208,TRUE
Solyc08g005050,2674.818257881987,2.3764191847935603,0.07695693954423857,30.879855655219757,2.2268776076149126e-209,1.1969792707831853e-207,TRUE
Solyc01g097520,2372.551530168617,2.7631750951717158,0.08950440436437947,30.871945518151406,2.843650717920103e-209,1.524047555321436e-207,TRUE
Solyc04g074950,1318.3599459944658,4.517347629158849,0.14637732291185754,30.860979961213058,3.9904785517125783e-209,2.132469977213149e-207,TRUE
Solyc01g009870,815.787793249888,4.255194655667974,0.13836014176853542,30.75448320070781,1.0651484337353787e-207,5.675543089089121e-206,TRUE
Solyc02g014030,845.0468536185895,3.7238493627160683,0.12113883495434323,30.740343211320905,1.6459885866562817e-207,8.745146875289718e-206,TRUE
Solyc01g105410,7226.196767210197,2.1197068803505688,0.06907921811682764,30.685160286060185,8.979584453514062e-207,4.757109539162795e-205,TRUE
Solyc10g079130,4568.378209826588,3.0129036562513294,0.09849285640451437,30.59007288688233,1.6588618578982042e-205,8.762890095903071e-204,TRUE
Solyc06g075780,1333.414372944843,4.052195570138983,0.13263549856198437,30.551365313753287,5.423349180044114e-205,2.8566598274140676e-203,TRUE
Solyc03g115610,1410.6531001680978,2.8536817601611473,0.09380234969777583,30.422284402848085,2.787194197703002e-203,1.463914026753551e-201,TRUE
Solyc01g096510,790.8533321685509,3.9919003777919078,0.13134318675927445,30.39290028121714,6.81754939095736e-203,3.5705700984036794e-201,TRUE
Solyc09g014280,2369.213381651879,2.4476506785801107,0.08058446717735254,30.373727894648145,1.2214825032395243e-202,6.379122970753459e-201,TRUE
Solyc08g005150,1271.68757165784,-2.6724163178706886,0.08801436861228439,-30.36340952058699,1.6715620990475006e-202,8.704908234218188e-201,TRUE
Solyc01g010180,984.9463402106429,3.0240802064808716,0.0996257496881557,30.35440351462066,2.197822466044847e-202,1.1413155478334017e-200,TRUE
Solyc07g056140,1721.9461240085423,2.957076627598079,0.0975142253218048,30.324566675677193,5.439475930266289e-202,2.816729183833386e-200,TRUE
Solyc04g005630,1750.1558578367603,-2.8195060633186633,0.09301423742130606,-30.31262892096582,7.814739227788326e-202,4.035346944506539e-200,TRUE
Solyc08g007460,1081.8441660318215,3.4194115415532376,0.11306140371242374,30.24384475404754,6.28619907097568e-201,3.236952311533499e-199,TRUE
Solyc03g117290,1488.884905400411,-4.104724618359138,0.1358369545486984,-30.218025956166212,1.373208698341697e-200,7.051311592630004e-199,TRUE
Solyc07g007420,1591.5116208129416,-2.439707255972757,0.08078633490496086,-30.199504146869543,2.4043579250697236e-200,1.2311785999040872e-198,TRUE
Solyc03g114160,710.1167466159013,5.322832697750839,0.176553419984112,30.14856748869458,1.1200202395408578e-199,5.719258906522108e-198,TRUE
Solyc10g084170,1669.6672970868608,2.8982075004362198,0.0962073580599799,30.124592950877517,2.3086227290790536e-199,1.1756069703229984e-197,TRUE
Solyc12g036390,1070.7046335874566,3.657792980424577,0.12144670868863001,30.118502344946823,2.7740583602534293e-199,1.4087158794623976e-197,TRUE
Solyc10g085020,4200.790079027961,2.106217117491539,0.07012374510542954,30.035719203600536,3.354659560554648e-198,1.698862443572344e-196,TRUE
Solyc01g100010,679.0048663487735,4.237829395859637,0.14134804252066868,29.981521641801006,1.709090465892472e-197,8.631376383104757e-196,TRUE
Solyc12g099465,1173.8766236474648,3.9951437934618927,0.13339381520024968,29.949992714912728,4.4008571980758475e-197,2.2164645992391316e-195,TRUE
Solyc12g088670,3544.036674930305,2.1619949728511094,0.07222038812027887,29.93607524305231,6.679174751721221e-197,3.3547341382757158e-195,TRUE
Solyc02g087540,917.9008698977284,3.316859108037064,0.11101640906297076,29.87719685794984,3.8931871610515894e-196,1.95009426652892e-194,TRUE
Solyc07g051820,852.810682419442,4.104466759979641,0.13745733808583724,29.859931940603616,6.523970614022369e-196,3.2589715162384024e-194,TRUE
Solyc01g079600,3555.1731554189255,2.245857845848714,0.07547457211224849,29.756483316110675,1.429598709312878e-194,7.122036063224562e-193,TRUE
Solyc06g035960,2096.568037435812,2.413744058856089,0.0811619934161663,29.739832121660356,2.3473678146203444e-194,1.1662611496261024e-192,TRUE
Solyc02g089440,1779.697063834449,2.3005450659905176,0.07742920177631107,29.711594762873474,5.439124169323301e-194,2.695078695543672e-192,TRUE
Solyc12g009240,1181.0056370463608,2.9926015693866765,0.10077051375899847,29.697194722493386,8.346532797890811e-194,4.124578290957709e-192,TRUE
Solyc06g061170,3616.2441063450697,-2.0412292316864393,0.0687564830342186,-29.68780748530381,1.103301569945058e-193,5.437531571126006e-192,TRUE
Solyc10g081120,2070.3535803904188,2.871871503198815,0.09679143624832706,29.67071896557845,1.833187509104117e-193,9.010557748625931e-192,TRUE
Solyc10g075107,2656.4055412822154,3.3080362869695565,0.11149975097753397,29.66855313996254,1.954996397707834e-193,9.583653007750162e-192,TRUE
Solyc03g118290,7684.430070804631,-1.809256713007957,0.0610894334553536,-29.616524670018887,9.155872890601117e-193,4.476393918827669e-191,TRUE
Solyc09g011690,1414.8797419534876,2.8452602004750562,0.09626592378230445,29.556255097175626,5.457560801412112e-192,2.6611761329538156e-190,TRUE
Solyc03g020060,665.870760985148,4.687450635780062,0.15859932416764205,29.555300190468344,5.6139647313985884e-192,2.730198774002652e-190,TRUE
Solyc04g082960,2395.5866581094915,3.188932005069686,0.10804095095610622,29.515956466962724,1.7968636662480755e-191,8.715499941065534e-190,TRUE
Solyc12g097000,648.7562524127792,4.888817125420333,0.16569852460300719,29.504288810858903,2.5364137534964714e-191,1.2270235271190956e-189,TRUE
Solyc07g006480,674.7376377420428,5.28883291059889,0.17930466575659587,29.496348509850954,3.206760155375206e-191,1.547240733235234e-189,TRUE
Solyc12g049030,1481.4805527604517,2.485556951170525,0.08429370030604141,29.486864880131293,4.2429952343239555e-191,2.0418581516381486e-189,TRUE
Solyc01g107825,8923.589783109554,-2.29829016884352,0.07795684806466545,-29.48156866138407,4.960981095462178e-191,2.381141396289327e-189,TRUE
Solyc03g123620,1323.5039529314515,2.8354217660682015,0.09617903805293666,29.48066255879575,5.0954455051948874e-191,2.439311841718688e-189,TRUE
Solyc02g082100,1075.161026348783,2.7966985651178993,0.09490138981865483,29.469521684161368,7.078786675096306e-191,3.379982738916763e-189,TRUE
Solyc08g068700,780.7519508824893,4.865164231806304,0.16510279024366017,29.46748643451907,7.516850162810024e-191,3.5798512057755613e-189,TRUE
Solyc03g111970,5862.435670031944,-2.913390073462676,0.09890352791566404,-29.456887280572552,1.0275684470618481e-190,4.8810828843250525e-189,TRUE
Solyc05g054370,2894.553069298251,2.191636632015851,0.0744423968115924,29.44070483870507,1.655821005660491e-190,7.845092151303301e-189,TRUE
Solyc10g009550,1011.6109171172673,4.67538753241545,0.15882549980826752,29.4372599995563,1.8327659404399489e-190,8.661114725734596e-189,TRUE
Solyc12g098570,1449.8861120113854,2.753036052188403,0.093546626275509,29.429560015134,2.2995744260060246e-190,1.0839250429043269e-188,TRUE
Solyc01g095580,2491.45347041878,-2.0421551255292902,0.06942818548166053,-29.413920461290548,3.645149237554162e-190,1.7137794995897227e-188,TRUE
Solyc08g077020,732.8806280169223,3.7438995147542418,0.12732618333599294,29.40400329816456,4.881181105521944e-190,2.2890498026227015e-188,TRUE
Solyc09g009260,42683.05698998637,-2.245898693054389,0.07640724263521241,-29.393793253041206,6.592270278811352e-190,3.083605713368679e-188,TRUE
Solyc01g067020,1525.687645741872,3.137956746210858,0.1067742040948834,29.388715868322993,7.654554678201439e-190,3.571413163689773e-188,TRUE
Solyc10g079050,712.3722043586123,-4.390434315484965,0.14946939546562243,-29.37346673416334,1.198738531052242e-189,5.578838080084396e-188,TRUE
Solyc08g014000,10422.862467720526,2.332947768154057,0.07947484931006908,29.354541573927637,2.0909767038462262e-189,9.706672915859892e-188,TRUE
Solyc04g016260,1193.0523490559228,3.1021057439093407,0.10573873184204938,29.337459319478228,3.4539133069701214e-189,1.5993271617640237e-187,TRUE
Solyc02g080010,776.1813527235514,5.565524838705052,0.18998532765404355,29.294498198511796,1.218757816839552e-188,5.629252499236553e-187,TRUE
Solyc07g047800,30209.301198949765,-1.9112048753453854,0.06527675916930241,-29.278489000786124,1.9488331279692907e-188,8.97879683996478e-187,TRUE
Solyc04g150102,1666.693329371746,-8.91808559208506,0.3052778574459368,-29.213011604237984,1.325533419639746e-187,6.091820213309363e-186,TRUE
Solyc11g042460,675.914343336652,-3.892046194149918,0.13323104045887965,-29.212758383817896,1.3353866911544551e-187,6.121798888651458e-186,TRUE
Solyc02g092290,1457.0812131266575,-2.4548288980011894,0.08404149963743998,-29.209722679764962,1.4593647930251943e-187,6.673508206512971e-186,TRUE
Solyc07g045440,668.8152513857254,4.495182462085189,0.15399890692530055,29.18970369228428,2.6201562415537736e-187,1.1951943471087597e-185,TRUE
Solyc08g075870,9506.770432316109,1.972968150304656,0.06760207284117445,29.185024473139805,3.00406978820504e-187,1.3669261117963675e-185,TRUE
Solyc04g074430,1241.6230916077277,3.3932605751141964,0.11636695084336438,29.16000247941266,6.238739355807127e-187,2.831771495748208e-185,TRUE
Solyc08g076880,6075.124089088333,2.039173645886546,0.07037359548678385,28.97640275136294,1.3050459887672934e-184,5.909029658007181e-183,TRUE
Solyc02g071780,1812.0890959698202,2.505462836615257,0.08651089910340293,28.961239133818044,2.0259376047875888e-184,9.150567810518488e-183,TRUE
Solyc11g020230,601.1809690154267,4.58186867950608,0.15858616959656635,28.891981508615014,1.5056495751322565e-183,6.783910818543203e-182,TRUE
Solyc06g076100,1968.7941024342942,2.2224790608307217,0.07695295290126823,28.88101076098009,2.0678507003300518e-183,9.294205238182724e-182,TRUE
Solyc03g078640,1144.3560728961208,3.620972739243337,0.12548327436600074,28.856218149694914,4.233778493416624e-183,1.8982817084018978e-181,TRUE
Solyc01g086640,639.877755394665,5.289040578449954,0.18346099191993442,28.82923788375778,9.2277248130031e-183,4.127330054438832e-181,TRUE
Solyc01g098740,570.3156174165223,-4.778097200671017,0.16586457382800004,-28.807219591242298,1.741797851212729e-182,7.77171599486495e-181,TRUE
Solyc07g054780,660.46213418331115,-4.5509809069794205,0.15799275614606975,-28.80499725425311,1.857091717246657e-182,8.266081607299103e-181,TRUE
Solyc12g095890,3143.939701610168,-2.140423800341144,0.07443823931694377,-28.754358243585393,7.989605604566314e-182,3.547655068327115e-180,TRUE
Solyc12g009730,643.8705182429813,4.050310503730869,0.1409318682584794,28.739493443046552,1.2255496914893504e-181,5.428742163529813e-180,TRUE
Solyc01g008510,2379.5006213352763,-2.1041939663355134,0.07321779227417521,-28.738833840496547,1.2490319269462018e-181,5.519460075252891e-180,TRUE
Solyc10g084000,603.7602486981951,4.406726677279587,0.1536222312281106,28.685475025656448,5.790793038078742e-181,2.5528093146043525e-179,TRUE
Solyc07g052790,631.3687098804594,4.218842851562963,0.14740442718463945,28.620869346606675,3.6954084567494727e-180,1.6251840588618555e-178,TRUE
Solyc08g083050,6071.391981045052,-2.066370108700259,0.0723073291638658,-28.577602472598144,1.275597538907251e-179,5.596493927859665e-178,TRUE
Solyc03g122350,10336.382341495779,1.9739502486011955,0.0691653015160128,28.53960302832189,3.78086604430142e-179,1.6548490593426906e-177,TRUE
Solyc04g074030,732.6278837265621,5.309106852445997,0.18647679607581458,28.4706031215139,2.7091424715719647e-178,1.1829493124681099e-176,TRUE
Solyc10g078910,1925.3995401005473,2.8198688902236326,0.09907534502585585,28.461862933585817,3.4755010782212017e-178,1.5139842730080652e-176,TRUE
Solyc07g040710,886.3737243619037,6.748524489590223,0.2372035541585421,28.450351486216114,4.824529343790079e-178,2.0966743008721753e-176,TRUE
Solyc04g081930,2316.2876207763975,-2.231044100050854,0.07846089730336071,-28.435108145969316,7.446990618901831e-178,3.2287270883790656e-176,TRUE
Solyc02g068680,720.6838165935827,4.233209718972051,0.1488906442239226,28.43167037819756,8.212669353299149e-178,3.5523176640399596e-176,TRUE
Solyc10g086710,850.2792177501186,3.244317529941991,0.11411544162061668,28.430136043533093,8.579317456201108e-178,3.7021970140221824e-176,TRUE
Solyc04g079400,1041.0083721184558,2.736248136333867,0.09638049598625366,28.39006075175341,2.682420010745757e-177,1.1548226477175469e-175,TRUE
Solyc11g069350,1014.6882775164617,3.1284947679916466,0.11035630806888344,28.34903434825735,8.602582526751559e-177,3.694889593207335e-175,TRUE
Solyc03g124110,727.8866741926095,4.565349175059099,0.16104160597509923,28.348880076152543,8.640334814337878e-177,3.702453960185856e-175,TRUE
Solyc08g060920,5532.047040080084,-2.32761430860361,0.08232673658976031,-28.272884423954142,7.448687727726499e-176,3.1844006162510753e-174,TRUE
Solyc02g079990,845.7911246630188,3.231055830312811,0.11432269865847194,28.26259236553958,9.967544593443527e-176,4.251354344809103e-174,TRUE
Solyc11g008720,531.5043045489126,-4.923978645994983,0.17448515293141748,-28.22004373019855,3.319723776058127e-175,1.4126500503536237e-173,TRUE
Solyc05g025680,856.4500916491172,-2.8349428639916185,0.10089379215307773,-28.098288343552362,1.0279376760136872e-173,4.364105842531088e-172,TRUE
Solyc10g012080,1119.6281863945069,2.5999574101775877,0.09259320738375973,28.079353590181434,1.7508157829777405e-173,7.415955423612857e-172,TRUE
Solyc01g010430,2223.084125549076,2.9160401156824642,0.1038712633610803,28.073598234245416,2.0582918196463536e-173,8.698293912772165e-172,TRUE
Solyc08g028780,573.3208026712879,4.17435998694481,0.14890941984153372,28.032880602094057,6.459718135398761e-173,2.7236008826384274e-171,TRUE
Solyc02g069260,4220.282444329773,1.8797909948393658,0.06721488663398621,27.966884852095806,4.10918568700278e-172,1.7285849081046246e-170,TRUE
Solyc03g122190,3022.175907910516,3.3131737205426957,0.11856037847736245,27.945033265690046,7.575251785151854e-172,3.1793573873617928e-170,TRUE
Solyc11g008440,763.513755027515,-3.0723620436511863,0.1100945142134304,-27.906586132848293,2.219633436749503e-171,9.294651814980891e-170,TRUE
Solyc03g117870,11309.662067627729,-1.798593361082694,0.06445295101535861,-27.90552383946088,2.2865050002655917e-171,9.552913959064176e-170,TRUE
Solyc02g079490,496.3410285077805,-4.97220107448565,0.17841205096707333,-27.86919968429313,6.304782735489762e-171,2.62813653121334e-169,TRUE
Solyc10g079930,2097.388688099484,3.2323728764952313,0.11610007581388207,27.841264132135365,1.3742044963977564e-170,5.7024833537878e-169,TRUE
Solyc12g094380,1320.0668801344555,2.616816833117195,0.09399035193971086,27.841334553100992,1.3715093950197486e-170,5.7024833537878e-169,TRUE
Solyc03g094160,2951.1591260188106,2.397911110263282,0.08616445646192751,27.829469467178956,1.909051427070595e-170,7.904074861224944e-169,TRUE
Solyc05g013750,922.7570410980396,2.69613950254583,0.09711559586592994,27.762168151322527,1.2425076304539146e-169,5.132812982165014e-168,TRUE
Solyc10g007280,546.338144012592,4.768671540406591,0.1719482255397956,27.733182621898777,2.780010199740468e-169,1.1458503924176911e-167,TRUE
Solyc10g081970,7325.995235472819,3.2538412872563276,0.11740984531714342,27.713530142784567,4.797017277724264e-169,1.9727867699419496e-167,TRUE
Solyc06g076050,4369.434792813996,1.7598454247567996,0.0635849046926108,27.677094638490686,1.3176028733566501e-168,5.406583397525737e-167,TRUE
Solyc11g068430,3738.9234338027086,-3.9490110919014207,0.14272086978639467,-27.66947187059445,1.627484932397675e-168,6.663264033912352e-167,TRUE
Solyc02g093860,654.7571951651635,3.5469159719057175,0.12819862557721828,27.667347882519163,1.7261263192910898e-168,7.051417806117356e-167,TRUE
Solyc04g009960,870.269799213772,-2.9015853636769044,0.10487791105563672,-27.66631538015323,1.7762121078077456e-168,7.23993507268953e-167,TRUE
Solyc10g087010,740.4343266429461,3.2365218153668094,0.11702374759500457,27.656966059297247,2.301216124419808e-168,9.359127436993214e-167,TRUE
Solyc03g097440,2779.7823062021776,-2.3774858716687373,0.08597369046848269,-27.653644489534923,2.52291897028208e-168,1.0238149984700988e-166,TRUE
Solyc04g076880,7350.956918413911,-2.991869427664429,0.10831254043218853,-27.622557976447382,5.963816287755589e-168,2.4148201501720482e-166,TRUE
Solyc07g042270,2724.090852740477,2.1959407119759056,0.07951766674071278,27.6157588870951,7.19755403259603e-168,2.9079700171695124e-166,TRUE
Solyc06g010030,676.052565251856,3.3156837667085934,0.12006570523235593,27.61557732319941,7.233780689442435e-168,2.916197158202199e-166,TRUE
Solyc03g120090,3531.2877145400444,1.9985356408006032,0.07240760938738501,27.60118249600424,1.0769302314204225e-167,4.3319930950112975e-166,TRUE
Solyc12g010130,2649.8148910311847,-2.121851152403953,0.07695735082195695,-27.571780080020122,2.426104435902734e-167,9.737789922532743e-166,TRUE
Solyc11g010200,1774.9313056078984,2.5162081014224946,0.09140363635898352,27.528533892680205,7.998801557598095e-167,3.2035287371094943e-165,TRUE
Solyc06g062420,572.8925591400184,5.001737297986364,0.18194198704789882,27.490835838071753,2.2594806649301806e-166,9.02957240508946e-165,TRUE
Solyc08g067610,1608.4368357195265,2.2089526327262554,0.08035404183473249,27.490249180862616,2.2962647975886593e-166,9.156667196111133e-165,TRUE
Solyc03g098010,679.0290270706314,-3.4918304361158126,0.12706961977949055,-27.479663842351446,3.072850060872115e-166,1.222688369459136e-164,TRUE
Solyc08g078090,695.8313821955867,3.3386243632547687,0.121568261526682,27.462960490900844,4.865039814993163e-166,1.931620451814672e-164,TRUE
Solyc07g006890,3183.1096687919307,3.0709191374574853,0.11193277139293478,27.43538911117609,1.0380077298104707e-165,4.112434503686613e-164,TRUE
Solyc04g082460,2785.9570974280396,-2.285707845453409,0.08334008461528497,-27.426272195483218,1.33338295043155e-165,5.271307264039394e-164,TRUE
Solyc05g041910,4978.269105001392,2.707535930530829,0.09882328617446645,27.397752446228516,2.9169561620271304e-165,1.1506953889816467e-163,TRUE
Solyc09g005000,632.3605506461093,5.477162707215802,0.19998991927833912,27.387193949475396,3.8967716703875814e-165,1.5339262016431456e-163,TRUE
Solyc06g069420,663.9870330460384,-3.117823093771663,0.11390935138154513,-27.371089870649485,6.059643209084073e-165,2.380222673345994e-163,TRUE
Solyc06g066370,7442.120928968176,2.3873536365724246,0.08724388489615141,27.364137204735343,7.331514924314104e-165,2.8736724702274234e-163,TRUE
Solyc06g053310,5744.953818215598,-1.724088672220274,0.06309593677462497,-27.324876376407865,2.1481285752416313e-164,8.40192502099296e-163,TRUE
Solyc03g114360,2682.4177835900314,-2.341958905045003,0.08589194308736162,-27.266339785362305,1.0639012881517496e-163,4.1523773630772e-162,TRUE
Solyc04g074680,676.0234570438126,4.818355585875575,0.17685166704176117,27.245180475102813,1.895400090011515e-163,7.382021155652899e-162,TRUE
Solyc06g007580,450.95605502285264,-5.111545172935616,0.1876871147197784,-27.23439582182976,2.543640878478203e-163,9.885782297899536e-162,TRUE
Solyc12g096900,809.5448388010001,3.8584568454343238,0.1422267874085619,27.128903884684448,4.492129403901046e-162,1.7421690892808633e-160,TRUE
Solyc03g032020,2425.1371071803183,-2.23296259591456,0.08240886816362335,-27.096144452330034,1.093231144707829e-161,4.230919606981899e-160,TRUE
Solyc03g097990,1050.0886502651742,2.7254488026088417,0.10066900394845535,27.07336613764778,2.0277391786588224e-161,7.83107758850528e-160,TRUE
Solyc09g092430,634.8320612696068,3.3051321922627634,0.12208333348621803,27.07275512456317,2.0616073993732485e-161,7.945184239555226e-160,TRUE
Solyc06g049020,1832.5644607557992,2.6344638217814644,0.09744118479838348,27.03645103692509,5.512492560795666e-161,2.1200031536633206e-159,TRUE
Solyc02g079710,714.7374440496535,3.1964230798241404,0.11829718176095892,27.02028089124809,8.539189912542325e-161,3.277159251821828e-159,TRUE
Solyc02g090380,898.3170461574784,3.1597890719620216,0.11701282064078991,27.003785180617548,1.334121136516893e-160,5.10940601095626e-159,TRUE
Solyc10g075150,6182.782692432786,3.1890042246279915,0.11812791369754859,26.99619526670918,1.638007712205581e-160,6.260186231491724e-159,TRUE
Solyc03g116230,8068.149914076732,-1.7709509835916704,0.06569619542445104,-26.95667492082124,4.763867012479521e-160,1.8168914375603949e-158,TRUE
Solyc01g111250,1687.4392720889073,2.1135780280202443,0.07853298963341238,26.913250570063727,1.5368205308788725e-159,5.849145304171079e-158,TRUE
Solyc02g068380,2523.1966512685017,-2.0490099620495066,0.07613679105748851,-26.9122185685809,1.5801628556400497e-159,6.001680532072527e-158,TRUE
Solyc03g078370,1319.543762761626,2.6423139855581095,0.09819129049403387,26.909861070811136,1.6838081672004467e-159,6.3821537191022285e-158,TRUE
Solyc02g080080,870.3119520446944,2.6997660261337937,0.10034893996772135,26.90378221237027,1.983466471151203e-159,7.50248233316308e-158,TRUE
Solyc03g032150,1182.7104732831526,2.524270012299054,0.09384903764979659,26.897132623975555,2.372559998377681e-159,8.955805020570208e-158,TRUE
Solyc06g083580,656.1251589736265,3.432106011171371,0.12783834342889902,26.84723471154987,9.085567464957426e-159,3.422540711235909e-157,TRUE
Solyc12g096030,726.9496238634505,-3.2031616511979144,0.11932137112047611,-26.84482772129524,9.692910181386073e-159,3.6438602835259754e-157,TRUE
Solyc02g082550,1362.659508719761,3.020692223972839,0.11260027299973607,26.826686503503584,1.5782506896200789e-158,5.921016821895083e-157,TRUE
Solyc08g082990,3633.7871986710607,-1.9309996937571687,0.0722411000122259,-26.72993203910753,2.1133114285598962e-157,7.912220772141869e-156,TRUE
Solyc03g051790,2598.295137720665,1.9844511116472892,0.074274595569155,26.717763946619165,2.9267378164287905e-157,1.0935410829148467e-155,TRUE
Solyc04g074050,577.5541734645792,4.574292623331931,0.17199488498267188,26.595515464269656,7.649270756978921e-156,2.8522625623842495e-154,TRUE
Solyc12g005950,3328.3505478743837,-1.925784559715958,0.07245153023928087,-26.580315879537626,1.1465077329865614e-155,4.2664477035408824e-154,TRUE
Solyc03g114600,683.9015000668634,3.600889433682214,0.1355566918068306,26.563715783308663,1.783257150189831e-155,6.622548725644377e-154,TRUE
Solyc01g068080,1601.134446672012,-2.103488627815627,0.07919357657349388,-26.56135407476552,1.8988779868092733e-155,7.037716538611869e-154,TRUE
Solyc01g080500,12198.875462662802,2.2418543641506945,0.0844269774694729,26.553767899144606,2.32336913635841e-155,8.593660932329306e-154,TRUE
Solyc07g150103,8409.120603914453,3.2973661077253706,0.12420798276219111,26.547135171162996,2.771446486581478e-155,1.0230421839925164e-153,TRUE
Solyc08g076970,8718.015222836282,-2.18091305393886,0.08217102808018803,-26.541143574479534,3.249939056940546e-155,1.1972671279306223e-153,TRUE
Solyc04g007710,1022.4092093109301,2.591102450849247,0.09767398498767857,26.52807143249158,4.599702634815787e-155,1.691126670716372e-153,TRUE
Solyc02g071090,3180.6478611129232,-1.7863944493929074,0.06742760664392028,-26.49351709644258,1.1511589082782408e-154,4.223903036103573e-153,TRUE
Solyc04g071480,4178.722908588736,2.9836492877243455,0.11271521921558204,26.470686997624878,2.10900831087759e-154,7.723087605351143e-153,TRUE
Solyc04g078550,4746.724232311644,1.9166466459314506,0.07251654116962224,26.430475240790294,6.118751810979029e-154,2.2362030723902087e-152,TRUE
Solyc09g098110,503.33958943649304,-3.781791191405401,0.14311072773098168,-26.425630358853176,6.955840880842282e-154,2.5370877562008665e-152,TRUE
Solyc06g053620,2220.961729602506,-2.428728476698049,0.09201080893553644,-26.396121333958025,1.5181157778404977e-153,5.526242048325122e-152,TRUE
Solyc10g050970,564.2362369724675,5.549745196049958,0.21026409463765208,26.39416494582125,1.5986875301210506e-153,5.808038115852821e-152,TRUE
Solyc06g082440,2151.277078636724,2.2279854949452313,0.08447351769820573,26.374958160320052,2.655602321888852e-153,9.628784513468002e-152,TRUE
Solyc08g016310,798.4899106313903,4.455365902474839,0.1690091167926372,26.361689753939565,3.769863854006115e-153,1.3642009296888663e-151,TRUE
Solyc09g075890,1125.77238812282,2.8636494197406805,0.10876259476416444,26.32935915100297,8.846564960323399e-153,3.1950177537450896e-151,TRUE
Solyc10g055720,2990.3069416394,-2.0678832588312033,0.07855734738303403,-26.32323172457071,1.0397587047486559e-152,3.747820444979322e-151,TRUE
Solyc09g075920,477.8222860034204,4.304751174404877,0.16357718249815179,26.316330362601246,1.24718931041749e-152,4.4867086288463246e-151,TRUE
Solyc10g085590,3232.9451896373084,2.162108821328301,0.08216509346018953,26.31420144828146,1.3191612034067436e-152,4.736355547309799e-151,TRUE
Solyc01g009160,1569.9757652749208,3.2592925301216993,0.12390679698132312,26.304388536594836,1.7083684353041476e-152,6.121820067484628e-151,TRUE
Solyc01g087590,900.64586094856,7.2540394782568,0.275976037945507,26.28503377416104,2.8439690461027022e-152,1.0171339100098439e-150,TRUE
Solyc06g050810,695.8257092971195,3.491850846634871,0.13299081103150717,26.256331693530377,6.051543057977889e-152,2.1601071074719907e-150,TRUE
Solyc09g074710,1143.7313311296718,-2.42777538483932,0.09246933764817133,-26.25492348692444,6.279812470325174e-152,2.2372440434493734e-150,TRUE
Solyc09g010210,822.266110911463,-7.74486132668312,0.29503319506612063,-26.25081331931954,6.996429290254027e-152,2.4877245578866495e-150,TRUE
Solyc02g070390,1761.6378752524242,-2.034782447709888,0.07754246805172656,-26.24087804830429,9.08420292439454e-152,3.223839813883105e-150,TRUE
Solyc04g074270,3411.246135097065,2.0647358813897685,0.07882535989692813,26.193802148060126,3.126603188136627e-151,1.1074440540947134e-149,TRUE
Solyc03g121180,909.2974857870586,6.957343196238426,0.2656337237294757,26.1914906682702,3.3220396225479134e-151,1.174404891948044e-149,TRUE
Solyc11g010450,4942.577145060846,-1.601211451158172,0.06115834546406702,-26.181405644777428,4.327776466149015e-151,1.5270156387181833e-149,TRUE
Solyc05g011980,2443.2041738762687,-3.239960432942466,0.1237744846762792,-26.176319306974168,4.9451245837486975e-151,1.7414985674914235e-149,TRUE
Solyc01g109570,3575.957007210958,1.9252484357831814,0.07358542714445397,26.163447172818167,6.929272634636322e-151,2.4355797101820174e-149,TRUE
Solyc07g051880,675.2344847388925,-3.106228636335801,0.1188439719660758,-26.137031478739864,1.3839665614496658e-150,4.855239942581909e-149,TRUE
Solyc07g064270,6724.492440233877,-1.593489397283208,0.06102783130978384,-26.110863897399277,2.7443739461034214e-150,9.609490714517941e-149,TRUE
Solyc01g109250,513.972886200992,4.825895595662522,0.18508486351757372,26.073961446362713,7.198244185849381e-150,2.5156905488302125e-148,TRUE
Solyc11g011210,901.9055768398702,-2.851056524657104,0.10937150918689008,-26.06763448591828,8.491180321656795e-150,2.9619234886720467e-148,TRUE
Solyc12g006840,539.0155500557056,3.7863672949529796,0.14539825294624206,26.041353442898032,1.685711861714883e-149,5.869022945815283e-148,TRUE
Solyc09g082460,1160.3956554998704,-3.1325108030543736,0.12037105451139704,-26.02378799263389,2.664814749614438e-149,9.260357191335012e-148,TRUE
Solyc12g008640,8271.163716069213,-1.578554557590439,0.060674675723766516,-26.016695413043845,3.205784897141777e-149,1.1119234672482508e-147,TRUE
Solyc01g006680,1023.5229104518137,-2.8142962676832437,0.10820192310227617,-26.00966957882139,3.8496820517695233e-149,1.332743976604127e-147,TRUE
Solyc03g114730,540.0887204721764,3.5253204880364066,0.13571266226511364,25.976356437174008,9.163033924702225e-149,3.166241590936109e-147,TRUE
Solyc07g053760,689.3190948259173,3.3674379242057344,0.1297144977183483,25.96038209635996,1.388235007462454e-148,4.787978263073601e-147,TRUE
Solyc03g043750,2287.378189067882,-1.8740681988752552,0.07232917136326034,-25.910267787571943,5.1022959341449086e-148,1.7564701527600346e-146,TRUE
Solyc02g087890,1652.4304514502674,-2.50672876765054,0.09676138538967605,-25.906292655437685,5.656653347677439e-148,1.9436683829972776e-146,TRUE
Solyc03g116700,665.9392436065366,3.1860396104443023,0.12298795310973056,25.905298282358594,5.8044840577763344e-148,1.99074310511385e-146,TRUE
Solyc10g081650,5246.296994950855,-1.646521184399855,0.06358588067629627,-25.894446485407414,7.691444742784392e-148,2.63299494798148e-146,TRUE
Solyc03g123630,2985.8711168856485,2.115878318764647,0.08185484323352807,25.849152416407964,2.4870770246484692e-147,8.498129543515393e-146,TRUE
Solyc05g054830,3580.2385117994536,2.0379972495110907,0.07886700189102962,25.840937282324838,3.076355325705974e-147,1.0492140993033937e-145,TRUE
Solyc08g066690,15131.826871067717,-1.8388966096579258,0.0712132609086656,-25.822390186799595,4.970715322290172e-147,1.692160366104819e-145,TRUE
Solyc01g095140,5029.96977250512,2.1345023075746794,0.08281108441147561,25.775562809546894,1.6667685360806523e-146,5.663624029347622e-145,TRUE
Solyc11g044910,1093.2811449785352,2.713761482493921,0.105294643315638,25.773025075539458,1.7796081710842722e-146,6.035892437092653e-145,TRUE
Solyc03g033840,623.4504432965687,4.492164709611936,0.17430912135094087,25.7712543944717,1.862828350442802e-146,6.3065144689116075e-145,TRUE
Solyc12g088220,3738.9548860681584,-8.984193508447916,0.3500564913581866,-25.66498188218159,2.8770333963485312e-145,9.722151640638794e-144,TRUE
Solyc10g005480,507.7202985394073,3.948134013670272,0.15402035889631197,25.633845044655395,6.402007347577875e-145,2.159414698541726e-143,TRUE
Solyc02g022850,477.1145023984898,4.6131229068575355,0.17998519855938333,25.63056820105964,6.963845081261791e-145,2.3446220536416757e-143,TRUE
Solyc10g076480,506.3735163053934,5.40440649149586,0.21106340456632464,25.60560653610407,1.3212631705377164e-144,4.440362132357375e-143,TRUE
Solyc09g075910,536.0214889787162,3.4476285674732976,0.13479009988087787,25.57775808846625,2.69759797170967e-144,9.04925976531731e-143,TRUE
Solyc02g067660,532.6764794845127,3.5660402399390345,0.13953864729548615,25.555932417687913,4.717251699608631e-144,1.5795489616376225e-142,TRUE
Solyc01g097810,4349.641450713909,-1.7143010056891845,0.06712474571327631,-25.539031656251332,7.269283954721564e-144,2.4296590352663002e-142,TRUE
Solyc12g057160,784.2043095559455,2.7040387539961555,0.1059865476570441,25.51303739740634,1.412863209366685e-143,4.7137321919760015e-142,TRUE
Solyc11g020060,733.7848286572555,-2.749157703772227,0.10777842553057541,-25.507495495861782,1.6277688196438686e-143,5.4208830093321075e-142,TRUE
Solyc08g082090,3635.2626948182333,3.073792251008891,0.12050677465384624,25.507215339870392,1.6394605308225738e-143,5.449946281756126e-142,TRUE
Solyc11g068440,4578.104446097262,1.6680640531432354,0.06548293262909154,25.47326434800171,3.900536163944134e-143,1.2942880198878162e-141,TRUE
Solyc01g099600,5714.415197594273,-3.0807925374006513,0.12103058231761386,-25.454661775615502,6.2685028526914565e-143,2.0762862692076944e-141,TRUE
Solyc08g007820,586.6679891869106,6.153891135728052,0.24190516695619094,25.439271153900247,9.279290964939407e-143,3.0680072987136895e-141,TRUE
Solyc09g097770,13279.119721986252,2.7057511286278033,0.10645287605812473,25.41736051499845,1.6212698668220831e-142,5.350772704091626e-141,TRUE
Solyc07g005440,1766.6946338037626,2.168598131173699,0.08532709842709517,25.41511631297979,1.7165851008695917e-142,5.655194248975933e-141,TRUE
Solyc02g062550,578.6171817502856,5.747269695931993,0.22617113119130228,25.41115510922913,1.8986800089452784e-142,6.243906011527916e-141,TRUE
Solyc07g056320,866.2233259884928,4.710462603960405,0.18559028540086323,25.38097613129968,4.09092412782854e-142,1.3429188971762865e-140,TRUE
Solyc02g087770,1906.0203319664863,1.95515440228902,0.07706286828891849,25.37090100200913,5.284788320611926e-142,1.7317337557541717e-140,TRUE
Solyc08g080640,9397.947697267176,-1.815187969494371,0.0715499821333169,-25.369509752108485,5.474952118698277e-142,1.7908548896446695e-140,TRUE
Solyc04g007500,847.7302796942195,2.8454015725469413,0.11223963099187383,25.351130856381282,8.732054561485958e-142,2.8511786679182303e-140,TRUE
Solyc09g090730,572.9105624519142,3.345005238145453,0.13212406700330218,25.317153142597792,2.067931548446849e-141,6.740210222535182e-140,TRUE
Solyc03g033330,440.8833250092458,-4.477168311555994,0.17687371954014489,-25.312795610315725,2.3095005137464685e-141,7.51425627330997e-140,TRUE
Solyc08g080650,13841.039345081967,1.6812101045059316,0.06642440976808486,25.310124852832455,2.4712824688591594e-141,8.026428555660411e-140,TRUE
Solyc12g009480,927.4628432992198,-2.4068031646754138,0.09510195681960579,-25.3076092770705,2.633997604029299e-141,8.53981974512709e-140,TRUE
Solyc11g010500,4782.4930740261825,2.014067276216786,0.07959161431097657,25.305018545641232,2.812761143244465e-141,9.103342974694192e-140,TRUE
Solyc02g071030,612.7686016880849,3.1668149169391304,0.12533537031492137,25.266729646883377,7.417517469609213e-141,2.396418693213114e-139,TRUE
Solyc08g005490,2858.6312572975135,2.198057078735585,0.087050894306495,25.25025269696264,1.1253482389580268e-140,3.62934678539744e-139,TRUE
Solyc12g096500,960.1602370452825,2.967336029736994,0.11767606701207317,25.216138719460734,2.665108951306312e-140,8.580157242007694e-139,TRUE
Solyc06g083310,5642.680460933201,2.2487859448802365,0.08924539830849842,25.19778036181497,4.236465647824003e-140,1.3615200699991023e-138,TRUE
Solyc10g085030,870.0430124204921,2.8492173222319055,0.11308211001735323,25.196004229092235,4.430678101862933e-140,1.4214512311788186e-138,TRUE
Solyc01g099520,3299.991317102674,1.8552558000752726,0.07368295337686198,25.178901157589355,6.821042739786766e-140,2.1845161791898973e-138,TRUE
Solyc07g005390,920.5642964542579,2.5461216624608087,0.10121763729740225,25.154920925289716,1.2484284209012296e-139,3.991279941117792e-138,TRUE
Solyc08g068070,1549.8415364355346,-2.383505852409677,0.09477534417466708,-25.149007615493048,1.4489674793628193e-139,4.624369648112276e-138,TRUE
Solyc07g006050,553.4498325726533,-2.9295786524905214,0.11655372093799589,-25.135007521973453,2.0614235122209266e-139,6.567616711465735e-138,TRUE
Solyc12g006420,3169.647536303662,1.8570868513081011,0.07394604359507163,25.11407995642748,3.490421980057606e-139,1.1101111982594978e-137,TRUE
Solyc10g074740,2095.4489230912627,2.135733646066268,0.08506166158841157,25.10806403477582,4.060587633182992e-139,1.2892190407737987e-137,TRUE
Solyc01g100610,1843.9512037563607,-1.8316987561947204,0.07295724954381702,-25.106466699990243,4.227013979931539e-139,1.3397447929841636e-137,TRUE
Solyc09g011660,993.1160137210123,2.481721488647318,0.0988560967980202,25.104384747436434,4.454197016113934e-139,1.4093202021897152e-137,TRUE
Solyc02g093230,478.2996613287988,4.292344640020863,0.17105898821679483,25.092774631525817,5.963784985791786e-139,1.8837157971445087e-137,TRUE
Solyc06g073050,3652.8532829148135,1.7121862528534673,0.06831293763021562,25.063865092754362,1.2327803244586629e-138,3.887169932165283e-137,TRUE
Solyc12g088460,2060.83782277055,-2.010513237461274,0.0802490575778107,-25.053418671139536,1.602333084145407e-138,5.0437823777131885e-137,TRUE
Solyc05g056480,1031.4798129792362,2.51561851418472,0.10052107948746575,25.025780930838486,3.2046374681768494e-138,1.0070230867947866e-136,TRUE
Solyc11g007410,948.0873731717711,3.7265955782985096,0.14902268764438445,25.0069008766729,5.143126468152895e-138,1.6134145710589535e-136,TRUE
Solyc05g050120,10278.170670351174,1.8133395173125177,0.07254064392237422,24.997565768136457,6.497593674371828e-138,2.0348426663709935e-136,TRUE
Solyc06g009630,10606.423415883422,-2.129281967797116,0.08520689530749542,-24.989549966736188,7.941442998370618e-138,2.4827814054259705e-136,TRUE
Solyc02g069670,567.7589330873486,3.700233494017475,0.14807948711267532,24.988157145641154,8.223168191259074e-138,2.5664940723245425e-136,TRUE
Solyc04g009860,682.8803650997129,2.8963888671597107,0.11609894382716598,24.947590147516784,2.267916904119715e-137,7.066290923463173e-136,TRUE
Solyc02g076710,14273.944233146693,-1.6572845293044787,0.06643158872668574,-24.947236112670947,2.2880688077070353e-137,7.117016733008195e-136,TRUE
Solyc04g055090,509.2324705471857,4.476111028609734,0.17948661641457894,24.938411108440494,2.852458777377357e-137,8.857559071710803e-136,TRUE
Solyc05g010470,2609.44660500736,1.7987544393157275,0.07214483050954339,24.932547857019173,3.302298441135427e-137,1.0237125167519823e-135,TRUE
Solyc01g100040,506.4110674634673,3.703971044467595,0.1485647218128199,24.931699795691152,3.3729799089257262e-137,1.043863462386896e-135,TRUE
Solyc11g068620,578.8383232121795,5.824377160997404,0.23369217358474537,24.92328721006684,4.161342246880375e-137,1.2856799079731417e-135,TRUE
Solyc08g078650,683.61205806746,3.022812511606103,0.1213037671579232,24.91936221297033,4.589682259891124e-137,1.4156397480466195e-135,TRUE
Solyc06g051510,1185.3741444194393,-2.7578774403383624,0.11077778918652748,-24.895581150248923,8.306918039475001e-137,2.557890692121758e-135,TRUE
Solyc01g006550,1004.9520445200169,4.153524113201299,0.1669040463150144,24.88570052616906,1.062722837016004e-136,3.2668953031547165e-135,TRUE
Solyc10g081980,4216.371282633055,3.474213489192705,0.13973925860876624,24.862114797099387,1.9125716438920734e-136,5.869583393934555e-135,TRUE
Solyc09g090130,427.70341381981154,4.5123593618633855,0.18158997567352506,24.849165517682625,2.6401366648786957e-136,8.088938718410843e-135,TRUE
Solyc09g075820,883.9395559615243,2.795464100453123,0.11250316235493474,24.847871312574757,2.7265625556988617e-136,8.33983352103364e-135,TRUE
Solyc11g005670,25526.964309057432,1.3961232228479759,0.05621721272370948,24.83444402890441,3.8080975636368675e-136,1.1628614204707064e-134,TRUE
Solyc11g013880,647.4884757377652,3.028210310129881,0.12205886722720456,24.809424984200994,7.093334368815023e-136,2.1624670929009382e-134,TRUE
Solyc07g049610,621.3372910388044,2.8841346320769885,0.11627023361088096,24.80544282493883,7.83109760650745e-136,2.3834282665633517e-134,TRUE
Solyc07g007330,1952.2769876002467,-2.595353903609841,0.10465554779333741,-24.79900930560192,9.188262341523518e-136,2.7918649028797823e-134,TRUE
Solyc08g083060,544.5728470308748,3.7070370544597004,0.1495440080811723,24.788937397261183,1.1799467190599374e-135,3.579366425161523e-134,TRUE
Solyc02g081360,459.4831814915686,4.676784181202676,0.18890482119017854,24.757357444542706,2.583318346005024e-135,7.823581738815544e-134,TRUE
Solyc06g071790,5219.813044783716,-2.2397390725605564,0.09054067420134795,-24.73738010366187,4.238739813383558e-135,1.281591348510361e-133,TRUE
Solyc06g076300,564.2974597909372,3.019773925615425,0.12211118544957063,24.729707720858453,5.126075844041569e-135,1.5473341911496906e-133,TRUE
Solyc06g050170,1477.9932862041778,2.1976278925137223,0.0888673679608001,24.72930101275317,5.177977347531441e-135,1.560438648847057e-133,TRUE
Solyc01g087020,1437.9097167217562,4.066169889537558,0.16446253646714232,24.7239886778101,5.906095017147603e-135,1.7769516317549e-133,TRUE
Solyc02g086930,3443.4423777976995,1.8183592063593967,0.0735485930107742,24.723235780907782,6.017245257718983e-135,1.807434960337387e-133,TRUE
Solyc04g015750,13004.99076555677,-1.9901077085323329,0.08055960720970118,-24.703542848117056,9.797261770996918e-135,2.938059757524247e-133,TRUE
Solyc08g075370,4091.023295984899,1.8926039388715268,0.07674529898731239,24.660845209351702,2.8154257988220087e-134,8.4293114755285e-133,TRUE
Solyc05g009010,452.2456718525841,3.6109666348828546,0.146492875530274,24.649435147012436,3.731802919647117e-134,1.1154753345019993e-132,TRUE
Solyc02g150147,1340.973268617476,2.127419140398136,0.0863178738255721,24.646333906429902,4.028748992403765e-134,1.2022807260934808e-132,TRUE
Solyc09g090510,429.10114098717605,3.8062986048826852,0.15444404707832873,24.64516228943587,4.1469729746321044e-134,1.2355559836736138e-132,TRUE
Solyc05g006220,804.7321033724365,7.2247737693059575,0.2931712514208489,24.643527406903743,4.317754155560711e-134,1.2843571948490703e-132,TRUE
Solyc07g062500,1563.1958621319932,2.3515512991142176,0.09546650377663142,24.632213457992346,5.708433895554468e-134,1.6952849806458447e-132,TRUE
Solyc12g007070,1444.7034588106583,-2.4525269079129677,0.09957343227164724,-24.630334135939048,5.979343963529698e-134,1.7728754851865554e-132,TRUE
Solyc12g008350,497.31159506147384,3.412574792730716,0.13856157146120604,24.628580325289946,6.243726728301252e-134,1.848283871922092e-132,TRUE
Solyc09g074280,698.7055212708179,2.908357664163669,0.11816045724212179,24.613629060390085,9.027713839780786e-134,2.668110345927495e-132,TRUE
Solyc03g098730,1410.862463381499,2.8545172494140596,0.11611166802866664,24.58424116953786,1.8623062776697346e-133,5.495148684173793e-132,TRUE
Solyc03g080060,1217.8281355865502,2.083796740404442,0.08481773672207718,24.567936152699197,2.7820566736377425e-133,8.195921126840164e-132,TRUE
Solyc01g087820,841.0240382515725,3.640393712455461,0.14824388465075491,24.55678843705289,3.65997770786218e-133,1.0765019232580872e-131,TRUE
Solyc06g074620,1411.1301113014717,2.180603463559725,0.08904427426046227,24.48898013567127,1.93572721267652e-132,5.68442066304033e-131,TRUE
Solyc08g082110,440.45386503959446,4.6459817852345955,0.18974529986568345,24.485358997157686,2.1155226525739538e-132,6.202496478830461e-131,TRUE
Solyc02g077470,908.2829091140962,2.4804994172386,0.10142811544777107,24.45573800013959,4.372567691928645e-132,1.2799508261261827e-130,TRUE
Solyc04g072035,1521.8814280776505,2.04900944525483,0.08389949773728628,24.422189649702965,9.940382626450326e-132,2.905151889062581e-130,TRUE
Solyc05g012850,1885.624588110112,2.9714251142898176,0.1216857346168276,24.418845180550086,1.0787797977217112e-131,3.1478109557965427e-130,TRUE
Solyc09g010140,671.9724582348231,-2.6191082340747505,0.10726341560052888,-24.41753527436466,1.1139024720493636e-131,3.2451456646091048e-130,TRUE
Solyc04g082500,474.23842050955443,3.2741701295695416,0.13409886933600768,24.41609049935796,1.1539667624148442e-131,3.356546043270899e-130,TRUE
Solyc08g068610,493.4468029596762,5.079268874478906,0.20803904901151127,24.414978335138702,1.1857848183298304e-131,3.4436464953171046e-130,TRUE
Solyc08g081770,825.1407730717846,-2.434306068039223,0.09972744215158753,-24.409590936254368,1.3527553518320476e-131,3.922350415256866e-130,TRUE
Solyc01g068490,549.1778470469238,3.005575470137375,0.123144629398538,24.406874135049026,1.4456611577830504e-131,4.1851321359883176e-130,TRUE
Solyc02g072470,964.1958932355167,2.3674042166359475,0.09700207474921609,24.405707019736496,1.4875037538806835e-131,4.299493947734058e-130,TRUE
Solyc09g083210,2339.194568089613,2.533590961976719,0.10395767929534175,24.371368995058425,3.4416701587266007e-131,9.932217037342403e-130,TRUE
Solyc02g078750,797.2896620865728,2.5584911843493168,0.10508036189742621,24.347947971922462,6.094844463136506e-131,1.75613676748963e-129,TRUE
Solyc02g092750,1255.3106277684794,2.1919038942408706,0.09007173097262007,24.335092382172203,8.338590585333527e-131,2.3988781021938375e-129,TRUE
Solyc08g082440,965.0581263984013,2.5163237329147043,0.10342483377429401,24.32997609071459,9.446044719555165e-131,2.713228751243478e-129,TRUE
Solyc10g078240,1271.1280439039053,2.396084600895088,0.09869144141154472,24.278544994630092,3.3039370496946916e-130,9.475237875902889e-129,TRUE
Solyc04g074020,470.0122846383691,4.758595169725604,0.19605515049400266,24.271717206792637,3.900639709539466e-130,1.11690747321595e-128,TRUE
Solyc04g082510,1067.4892805893937,-3.00992976838901,0.1241335687773363,-24.24750853484322,7.024669128211209e-130,2.0083124818648003e-128,TRUE
Solyc12g099500,612.577399982989,2.9417864664663442,0.12136167668148301,24.239830454774797,8.464564662924428e-130,2.416212611778568e-128,TRUE
Solyc10g085400,885.8035325922776,2.2903912746653914,0.09454440301298148,24.22556176435857,1.1968093770707047e-129,3.4109995005722116e-128,TRUE
Solyc08g078070,3907.2631127723785,1.6919334792267557,0.06985619070377627,24.220236777601638,1.3618783286752607e-129,3.8754503585197086e-128,TRUE
Solyc12g005860,22608.691392906952,-1.645938547116473,0.06798004379511317,-24.212084241622584,1.65967783638055e-129,4.71558851100211e-128,TRUE
Solyc10g074880,1168.5006865710466,-2.0396283164465654,0.08434500200129239,-24.18197009960724,3.443665806196886e-129,9.769276005450208e-128,TRUE
Solyc02g087530,598.361130054921,3.5117572265486574,0.1452712346971172,24.173796236195585,4.1975464875677005e-129,1.1889598933891686e-127,TRUE
Solyc09g097760,1723.2116007171783,3.7797221066781908,0.1567681434673016,24.1102689811885,1.950751335389249e-128,5.517024892070856e-127,TRUE
Solyc02g092640,4517.570187508332,-1.548194194651468,0.06422221076987444,-24.106834319345786,2.1194599199171508e-128,5.984951107194621e-127,TRUE
Solyc09g008175,377.4907283133595,-3.512377634893906,0.1457336678445006,-24.101346564897078,2.419753131035051e-128,6.82244199506401e-127,TRUE
Solyc01g102300,1474.3712708846876,-1.9801990934216571,0.08218428474702588,-24.094619786702193,2.8463728523544267e-128,8.012997265670968e-127,TRUE
Solyc07g052470,3595.353657806554,-1.7161378654383774,0.07123146250230943,-24.092413733365895,3.00202881784898e-128,8.438271522709144e-127,TRUE
Solyc09g064720,3303.6729999166064,-1.7177713653354303,0.07135998535642396,-24.071913086243274,4.922598962150424e-128,1.3815593392551335e-126,TRUE
Solyc04g053130,10938.80975215852,-1.8798691506631755,0.07810197618030311,-24.069418503872225,5.227777183516475e-128,1.4649729872649903e-126,TRUE
Solyc03g111800,532.4009477311149,3.2745379427670915,0.1360883979314094,24.061845039997518,6.274915324193111e-128,1.755734678913881e-126,TRUE
Solyc08g080140,930.0213595856079,2.313807510244835,0.09623092419603012,24.044323896665727,9.570863881490755e-128,2.6738782786237775e-126,TRUE
Solyc06g053480,3668.7119333393607,-1.8315175156237447,0.07619558749461418,-24.037054845901725,1.140187470496311e-127,3.1805866874254454e-126,TRUE
Solyc02g088270,13636.620256414164,-1.7163352117949588,0.07141926793505551,-24.031823083872734,1.2932418040033735e-127,3.602070315605154e-126,TRUE
Solyc07g064170,64257.01049417242,-1.8201634900461643,0.07575356405318337,-24.02743042912548,1.4374750259428341e-127,3.997746354297598e-126,TRUE
Solyc07g064870,436.1283953314532,4.341803490881797,0.18078704308158436,24.0161209391674,1.8870812721120337e-127,5.240213750035577e-126,TRUE
Solyc02g089680,3265.364566752324,1.804330160439538,0.07514920977312402,24.00996851313305,2.1880815322972077e-127,6.066893334573088e-126,TRUE
Solyc02g085140,1065.7751415829437,2.1856341508191086,0.09103112931577402,24.00974443849263,2.1999055942112197e-127,6.090491647347116e-126,TRUE
Solyc02g077370,506.7184576415612,3.186140362723219,0.13275584693085285,24.000000274057612,2.7807659152329e-127,7.687040574394947e-126,TRUE
Solyc03g115920,3959.474109091683,1.8569942872849308,0.07742882487810022,23.983242548346595,4.1598020378474185e-127,1.1481928057319684e-125,TRUE
Solyc03g093560,4296.110240299654,1.5175581525427955,0.06329577926333681,23.975661097861224,4.9907269822538174e-127,1.3754802715857862e-125,TRUE
Solyc01g108100,721.457002793538,-2.3057812257219297,0.09622206697138078,-23.963122995557097,6.7438674055403314e-127,1.8558759658091005e-125,TRUE
Solyc05g052550,1885.5633531491126,3.023329804896768,0.12620554983511112,23.955601071797396,8.078182544755453e-127,2.2197493231724886e-125,TRUE
Solyc08g080630,1662.8823185256476,-3.140820053068308,0.13111910500220886,-23.953946703765233,8.405327662183282e-127,2.306196095730079e-125,TRUE
Solyc06g071050,1153.1145027658224,2.1165983858031994,0.08844453345730874,23.931364699038856,1.4446885033951886e-126,3.957929770180887e-125,TRUE
Solyc11g011990,3882.12582032774,-2.4358626906230594,0.10183339645700189,-23.92007706088422,1.8935033809855175e-126,5.179802478073924e-125,TRUE
Solyc03g119060,1759.2095949289708,2.228051437023592,0.09338213964778504,23.859502956638885,8.069230637177041e-126,2.204110948041984e-124,TRUE
Solyc02g089160,4657.714317802646,-1.6094787111266222,0.06760137308657028,-23.808373079427316,2.73528912013816e-125,7.460359034940624e-124,TRUE
Solyc09g092330,1139.8942382545335,2.4783696830356803,0.10412210767607154,23.802530877938022,3.1441951534588214e-125,8.562924371264225e-124,TRUE
Solyc10g083720,6342.479900295484,-2.387718701728867,0.10032213485335296,-23.800517255929037,3.2988354806419733e-125,8.970782935006124e-124,TRUE
Solyc01g005420,457.56937033532637,5.438086165218001,0.22860442972763553,23.788192432216032,4.4253391039155366e-125,1.201639715617124e-123,TRUE
Solyc02g063420,629.1080400396804,-6.771979766960815,0.2848759123600032,-23.771682592815825,6.55771159840228e-125,1.7780296801390726e-123,TRUE
Solyc05g010120,1115.467063296614,2.3940330910012277,0.1007235883161451,23.768345935879307,7.099994173053403e-125,1.9222266993113506e-123,TRUE
Solyc04g079550,3581.2569014096507,1.6970956992063249,0.07143156231406966,23.758344970036486,9.008510564733304e-125,2.4353448486984167e-123,TRUE
Solyc10g085870,1425.4781593857776,-1.9932502368685463,0.08391423562002716,-23.753421837674857,1.0128260821787549e-124,2.734035516694868e-123,TRUE
Solyc04g081420,1881.4994082974633,-1.8386479420372945,0.07758730225222468,-23.697794467194203,3.7995174655690175e-124,1.0241426623101942e-122,TRUE
Solyc06g074170,321.73184478062046,-4.339243622276075,0.18337073360834663,-23.663774130631293,8.51589035315313e-124,2.292058746149546e-122,TRUE
Solyc01g106310,918.5188224433291,-2.6413253254937636,0.11163663276496902,-23.660023238560072,9.307728334594078e-124,2.501520028871973e-122,TRUE
Solyc08g006890,20328.32002580456,1.8284661107459903,0.07730078294913177,23.653914501088856,1.0757644066162816e-123,2.8869747572010374e-122,TRUE
Solyc01g095990,3171.524194239243,1.6893251967320255,0.0715120420801165,23.62294723508857,2.2397280515632214e-123,6.001883494444125e-122,TRUE
Solyc04g079360,420.1834027416453,5.037489091123204,0.21342739928830193,23.602822823692215,3.605278781129743e-123,9.647138258152557e-122,TRUE
Solyc10g055810,10224.6162896113,1.6424629221419966,0.06959217968781797,23.601257059484052,3.741252442569783e-123,9.996430763337256e-122,TRUE
Solyc07g006830,3923.5987319998308,-1.6198164421318728,0.06864504617342937,-23.59698962164672,4.138396573145886e-123,1.1041530363445693e-121,TRUE
Solyc03g025970,1699.8214691805856,-1.9818366673291745,0.08409543337677299,-23.566519461882628,8.500591436417898e-123,2.264730034430003e-121,TRUE
Solyc05g050130,1862.2539575876283,1.9427470428418352,0.0824528046534155,23.561927953912956,9.473753807151144e-123,2.5203475576969535e-121,TRUE
Solyc09g082210,2927.5618342777775,-3.390910019796077,0.14395969591738023,-23.5545789270224,1.1267993725018521e-122,2.9933457896967553e-121,TRUE
Solyc12g009780,400.2611081029903,5.252737762091468,0.22307763064501143,23.546680798534528,1.3576038491909902e-122,3.601274395335927e-121,TRUE
Solyc11g072660,1728.4618773755594,1.910182432133149,0.08128652457719324,23.499373876160202,4.139302042454727e-122,1.0964378882773091e-120,TRUE
Solyc04g058170,556.9018877917033,3.596706427808295,0.15324768711842704,23.469890446234437,8.282837598772133e-122,2.190840339255081e-120,TRUE
Solyc02g080890,1804.7041987382597,2.233106281803233,0.09532701669052597,23.425743921609257,2.336411324051901e-121,6.1710128405238644e-120,TRUE
Solyc04g072020,981.8368155479989,2.24618606646354,0.09594991771645836,23.40998429098444,3.3815817073734837e-121,8.918739817309434e-120,TRUE
Solyc03g026220,4305.717953232306,1.6873931977027927,0.0720989337078005,23.403857878694687,3.904012217538417e-121,1.028187057235082e-119,TRUE
Solyc10g085230,17472.401940457803,-2.05684049945995,0.08789865971669933,-23.40013495187781,4.2600769699717294e-121,1.120357581387558e-119,TRUE
Solyc07g054770,672.3107406868031,-6.35950090273321,0.2718751471733654,-23.391255025888686,5.245745922441334e-121,1.3776078184605577e-119,TRUE
Solyc11g008820,618.0688050604931,3.1962841291765254,0.13674988612688088,23.373212363854634,8.004981459703607e-121,2.099223597342816e-119,TRUE
Solyc01g097770,576.5954658034384,2.9208781091168157,0.12526291392112102,23.317979900707996,2.913254891237814e-120,7.628826875445118e-119,TRUE
Solyc07g054060,14252.324557152986,-1.802485293296708,0.07731621148134245,-23.31316109211681,3.260335718048542e-120,8.52556920410901e-119,TRUE
Solyc03g117330,557.109709827578,2.8770449476186215,0.12358190724212664,23.280470514035677,6.992335666019211e-120,1.8258537861993062e-118,TRUE
Solyc02g069800,7095.857582232075,1.6119944269166788,0.06928589913955437,23.265836872086044,9.835636029231448e-120,2.564659533693074e-118,TRUE
Solyc10g075040,1187.7904656356138,2.132832244545632,0.09168040384116917,23.263774538347764,1.0319963620995336e-119,2.6871372697557683e-118,TRUE
Solyc10g011740,4652.692624328205,1.7534828658604427,0.07545643986258746,23.238346111394637,1.866047705941415e-119,4.851987974302833e-118,TRUE
Solyc06g073850,1008.6577936546098,2.166701624352563,0.09324863583283045,23.235746078225446,1.9824852604127667e-119,5.147461376012414e-118,TRUE
Solyc12g094490,2712.7919692294954,-1.861128547926702,0.08014015432892847,-23.22342106165478,2.6410719270474815e-119,6.8477891727664105e-118,TRUE
Solyc10g081420,459.26778677807573,4.03077456081714,0.17369805254638584,23.205640487769585,3.9936901586490783e-119,1.0340282561471269e-117,TRUE
Solyc03g008010,1637.7133953301231,1.9238383465516002,0.08294178692717855,23.19504338917483,5.109119342542394e-119,1.320969632545103e-117,TRUE
Solyc10g081170,14599.20264506155,1.688792598903756,0.07285781000823482,23.17929400722968,7.366092313071939e-119,1.9018381318988968e-117,TRUE
Solyc02g088240,478.48310744375874,3.8203337360599585,0.16486991849587687,23.171805814627724,8.764874912336138e-119,2.259813401311013e-117,TRUE
Solyc06g074710,1007.1477356223269,-2.1831520339132116,0.09429659067517636,-23.151972073237722,1.3887543798622583e-118,3.575556269608949e-117,TRUE
Solyc11g071830,7099.689007991082,1.5250349959284695,0.06597402772154172,23.115687318125005,3.2199802484494117e-118,8.278726840174201e-117,TRUE
Solyc03g113980,425.6254907760411,3.646986596406783,0.15783241893859284,23.106701531487648,3.964718482023213e-118,1.0179248583105129e-116,TRUE
Solyc02g092930,2384.064308857962,1.9027004297035695,0.08238722433466958,23.094605323448057,5.245585405598985e-118,1.344903717031048e-116,TRUE
Solyc04g080700,7390.639853187556,-1.652385757664394,0.07158845967405816,-23.081733636785827,7.064808850767763e-118,1.8088075362627267e-116,TRUE
Solyc01g109890,4498.763288053691,2.026385835825629,0.08783538207246722,23.070268358983068,9.20911469886885e-118,2.354536237959751e-116,TRUE
Solyc02g067040,325.62579378174905,-3.5114887764962464,0.15233247103518793,-23.05147912742197,1.4215054079410996e-117,3.6293797103029494e-116,TRUE
Solyc06g081980,3819.4305553592885,-1.4987266235581915,0.06503170901431836,-23.046090073201203,1.6098814538558236e-117,4.1046394960099313e-116,TRUE
Solyc07g064610,2659.3090517742803,1.7425905173945604,0.07562236057966072,23.043323483123917,1.7160676227500403e-117,4.3693173281182817e-116,TRUE
Solyc09g075480,845.1944029398502,-2.5212575332068523,0.10955396143077199,-23.013841766005466,3.3879770599723274e-117,8.614271409885379e-116,TRUE
Solyc02g032850,971.044907478134,2.157816456805964,0.09381857293602257,22.999885729208838,4.673564119580924e-117,1.1866592432355818e-115,TRUE
Solyc11g010480,2236.760638629605,-1.5992960733131705,0.06956979292057333,-22.988369034518474,6.093589378158242e-117,1.5450821177749375e-115,TRUE
Solyc11g051160,11273.217829755402,-1.8049549625486832,0.07853088585179499,-22.984013779687004,6.736474927334377e-117,1.7057385480604387e-115,TRUE
Solyc08g082170,833.2760033388693,-2.2328181125233457,0.09719200257245632,-22.97326995458075,8.626864317067794e-117,2.1813981669966607e-115,TRUE
Solyc07g053980,999.743227313985,2.2057181131328076,0.09605539118955861,22.962980899010415,1.0931490926648034e-116,2.760351616821028e-115,TRUE
Solyc03g120980,10389.606215213536,-1.5478621174640337,0.06747449693014287,-22.93995787870124,1.8560936614750818e-116,4.680462246762199e-115,TRUE
Solyc09g090190,1256.972245242259,2.0266885234145313,0.08848343743210457,22.904721857914453,4.1690889581287674e-116,1.0498679769490566e-114,TRUE
Solyc02g081190,1023.6059502707611,2.3480147299283307,0.10252414024100623,22.90206700986509,4.430967891967331e-116,1.1142884098226463e-114,TRUE
Solyc06g051940,1253.13344055709,2.8343742640279626,0.12376273958473973,22.9016768175795,4.4708169416634443e-116,1.1227736043524466e-114,TRUE
Solyc03g043700,382.444811451029,3.5994486740959446,0.15736000339553133,22.873974303677226,8.438691335820426e-116,2.1163501067719906e-114,TRUE
Solyc01g096040,1594.1659151200474,-2.0389167369040573,0.0891594682935617,-22.86820206453934,9.632049787678094e-116,2.412342932518888e-114,TRUE
Solyc10g079420,2995.4493180310246,2.238697523993097,0.0979010547414302,22.866939788399595,9.914677519799166e-116,2.479748528523375e-114,TRUE
Solyc01g091630,2832.632565608658,1.827810518087786,0.08001873048897405,22.84228338688332,1.7437158271643533e-115,4.3552619634187914e-114,TRUE
Solyc04g077050,1871.9883556108575,2.138830674704128,0.0936358618926119,22.842003389225887,1.7549253617722156e-115,4.3773124729251885e-114,TRUE
Solyc07g047850,1412.250812307454,1.84955464542622,0.08097529362067889,22.84097485450666,1.7967229997086904e-115,4.475495786401742e-114,TRUE
Solyc09g064470,530.256499944332,2.9083159967853516,0.12751984801202895,22.80677119777472,3.9279484265090306e-115,9.77097103173417e-114,TRUE
Solyc06g063180,367.4365644451495,3.6881487741249,0.16184825708553763,22.787695342160497,6.0728472442601145e-115,1.5086101471788334e-113,TRUE
Solyc07g017610,14947.53604512431,-1.408650013609414,0.06186330217606025,-22.770365694357174,9.019040981189523e-115,2.237476792944764e-113,TRUE
Solyc03g083900,578.899472828116,2.6029902305662724,0.11437887969110186,22.757612573195825,1.2063785237860585e-114,2.988794663444624e-113,TRUE
Solyc02g076870,4994.459393453465,-1.8620397392383146,0.08188177521893938,-22.740588296473838,1.77829560831863e-114,4.399785756086322e-113,TRUE
Solyc04g071590,382.4041752030147,4.309310343230114,0.18950736988731076,22.739539606257082,1.821296489800892e-114,4.500120076883037e-113,TRUE
Solyc01g110440.5,23095.5808916817,1.5437173576818253,0.06788967678598579,22.738616985145068,1.8599852861622828e-114,4.5895449014122475e-113,TRUE
Solyc03g116630,2138.1203600689414,-2.556686362184632,0.11266992138854034,-22.69182698164794,5.394963527187479e-114,1.3294318300306626e-112,TRUE
Solyc02g091500,944.2976162334085,2.441839368139134,0.10779067123475802,22.653531517778898,1.2876567114657176e-113,3.1688076742803595e-112,TRUE
Solyc08g080540,936.6081741814622,2.510811270174564,0.11085221767279828,22.650077038473945,1.3926747346792838e-113,3.42266572829001e-112,TRUE
Solyc08g067030,412.6918935498249,3.3646957963630593,0.1486098698452618,22.641132785234973,1.7060276110345988e-113,4.187170303557948e-112,TRUE
Solyc08g081890,1638.7479233278198,-1.8417863623786566,0.08144295318870386,-22.614434892988537,3.125071229130497e-113,7.6597579206807905e-112,TRUE
Solyc02g079220,404.6962771180994,3.812826651744345,0.16864820680367537,22.60816598057805,3.6019721358117376e-113,8.816917945755947e-112,TRUE
Solyc01g095460,2857.876490009735,1.6817457906972484,0.07440544553742269,22.602455755088567,4.099293163227049e-113,1.0020918380266337e-111,TRUE
Solyc11g066820,1900.0014004012937,1.6769091402194822,0.07423404411508883,22.589489232456263,5.497961375226538e-113,1.3422181136891029e-111,TRUE
Solyc04g077020,13541.29294117511,2.0760076278035373,0.09195700130494781,22.57585173878257,7.485366168184942e-113,1.824979924001907e-111,TRUE
Solyc09g005090,366.728033421588,3.8969185152327097,0.17263642735803336,22.572979381407322,7.987824708280751e-113,1.944903067712915e-111,TRUE
Solyc06g068970,459.94576074888386,2.9983619494302487,0.13313108912300434,22.521876514207438,2.5340763868046796e-112,6.161895002464342e-111,TRUE
Solyc01g086970,10437.189427998468,-1.5209890226870426,0.06766949547139128,-22.476730646382208,7.01168825417496e-112,1.702719487140004e-110,TRUE
Solyc03g118810,898.2298180087512,2.614035029146892,0.11633270013877738,22.470337454804344,8.09737128864275e-112,1.9637727757139798e-110,TRUE
Solyc08g077060,630.2814423480237,-3.2102263213047437,0.14294456346151074,-22.457841302716837,1.0727475385745242e-111,2.5981973651667298e-110,TRUE
Solyc03g082500,1920.7663730517088,1.6610233362091549,0.07404821788560031,22.43164499617436,1.9335449515868394e-111,4.6768890585553773e-110,TRUE
Solyc04g005860,3557.349449190182,1.9763053383382092,0.08824767607425288,22.394984505601226,4.4046790830146135e-111,1.0640107172543711e-109,TRUE
Solyc10g045420,724.7216692737641,2.4151754202013245,0.10794334796304193,22.374472033498922,6.977887751393207e-111,1.6833925266910934e-109,TRUE
Solyc02g070940,1540.4878332078779,1.757404039315875,0.07858515986649131,22.363052290044795,9.013291157765008e-111,2.1715770819553623e-109,TRUE
Solyc10g083730,1374.7979598164186,-2.0349130469798,0.09101108669293263,-22.3589578030807,9.879278769797734e-111,2.3771044715339234e-109,TRUE
Solyc09g008460,359.55519998307443,3.922991556793325,0.17552403104649006,22.35016785681195,1.2029074134483965e-110,2.890594376656454e-109,TRUE
Solyc06g009020,13720.24413238079,1.4880083430804634,0.06661310078973752,22.338073523664992,1.576989799145731e-110,3.784569644607829e-109,TRUE
Solyc04g079960,593.2086497618568,-2.593708979112262,0.11614239388377971,-22.332146706978595,1.8006689741249973e-110,4.315736343069078e-109,TRUE
Solyc12g010020,358.14249299237565,5.015457141354814,0.2246368040168045,22.326960906101657,2.022200317857052e-110,4.840378703537264e-109,TRUE
Solyc01g094170,2788.3492625211593,-1.7147764583336602,0.07683145082456427,-22.318678613126202,2.433766037586122e-110,5.817935119498789e-109,TRUE
Solyc03g114150,891.7073290130714,2.712833004109294,0.1215581243954455,22.317167343616383,2.517422876435356e-110,6.010101913962486e-109,TRUE
Solyc01g007020,379.6513155824986,5.146855197939318,0.23063787973581795,22.315741038873302,2.5990069589162825e-110,6.196828135636579e-109,TRUE
Solyc09g082690,73680.54119567468,-1.522758873966157,0.06829361350853153,-22.297236823995668,3.9303156484457504e-110,9.358936860800288e-109,TRUE
Solyc07g007590,851.4939713429675,2.3870083759110883,0.10716100378397656,22.274972159863346,6.461796833077337e-110,1.5367038962802158e-108,TRUE
Solyc06g062780,1708.1695301622076,2.2257956442159417,0.10002092809680027,22.25329925015109,1.0479338807509887e-109,2.4889106627707268e-108,TRUE
Solyc10g085880,64596.66605384168,-2.184450444839407,0.09834434210483288,-22.212263543446472,2.6143009176415796e-109,6.2011217766458266e-108,TRUE
Solyc06g072430,8956.464987766603,2.6208035101060583,0.11800216524595132,22.209791698682228,2.762151157404387e-109,6.543379475072789e-108,TRUE
Solyc01g094220,2778.7239343881115,-1.6802178892432413,0.07565911533783388,-22.207739037665384,2.8912499075605063e-109,6.840392155815287e-108,TRUE
Solyc05g053550,4402.164665818683,-2.9595248200225455,0.13330445928239526,-22.20124394903414,3.3407668636224175e-109,7.893742577631221e-108,TRUE
Solyc02g082920,4723.539411000821,1.8517882820150728,0.08344131825263372,22.192701659008407,4.0398059300195384e-109,9.533215970673835e-108,TRUE
Solyc02g071050,391.8105512690996,5.772022496699581,0.2603755411675066,22.168067210991538,6.984576440698241e-109,1.6461213937096892e-107,TRUE
Solyc04g071870,854.9823805668453,2.2013159285842416,0.09935560737884962,22.15593046691845,9.145155545512903e-109,2.1525658693106745e-107,TRUE
Solyc02g083835,1756.1360444817794,-2.236993935678141,0.10101299892335065,-22.145604620407195,1.150077008697507e-108,2.703563382466275e-107,TRUE
Solyc06g008300,1491.6995696800893,2.077842006405463,0.09383718043435607,22.14305669445194,1.2169717664882601e-108,2.857163727120522e-107,TRUE
Solyc04g079050,394.24780861151055,3.796722143337107,0.1715574511052831,22.130907861338514,1.593369096536512e-108,3.736084706840651e-107,TRUE
Solyc08g080830,676.3365312005978,3.0416646559611142,0.13745896496710067,22.127801243731934,1.7070008853609974e-108,3.997426404533913e-107,TRUE
Solyc07g043230,463.87052726083255,3.1514055295034993,0.14249677276689154,22.11562738097121,2.2357858185666643e-108,5.229064974899617e-107,TRUE
Solyc01g112080,549.3143355370827,2.9372181103054134,0.13300795974084345,22.083025076306516,4.602276220547884e-108,1.0750145331935421e-106,TRUE
Solyc09g092767,446.0920627207352,6.182083456137137,0.28010123656037933,22.070889554264827,6.019558228878892e-108,1.4042834888512775e-106,TRUE
Solyc02g087210,2681.1102924410716,1.8648442059434565,0.08459814835971705,22.043558187751497,1.1013282147736276e-107,2.565997030695006e-106,TRUE
Solyc07g066260,1679.5138730783356,1.8025289030541212,0.08178656595097838,22.039425205045646,1.2065931000350031e-107,2.8076963237903117e-106,TRUE
Solyc06g076130,563.9811102991821,3.17878742356639,0.14452839578971874,21.994206786819664,3.272033928120125e-107,7.60427303421394e-106,TRUE
Solyc06g072460,739.4048150451581,3.6060402192136833,0.1639919750619342,21.989126101151015,3.6596759841180173e-107,8.494422173742615e-106,TRUE
Solyc12g013900,1611.7796846003127,2.4180698166237384,0.11005460407204422,21.971546188479454,5.390205601603591e-107,1.2495353035848528e-105,TRUE
Solyc10g081720,5943.201501530834,-1.4141868924355008,0.06443016745995182,-21.949141965439154,8.825135889941682e-107,2.0432301393551375e-105,TRUE
Solyc02g080070,2924.1687973214493,1.5285706809525805,0.06964329293129012,21.94856987105225,8.936882154337257e-107,2.066499429473985e-105,TRUE
Solyc09g008280,8509.42016825871,2.1025268203506027,0.09592896482547265,21.917538922428825,1.7675848945259573e-106,4.082099637697321e-105,TRUE
Solyc03g044790,710.5252947422688,2.8515270868254556,0.13015773048590196,21.90824222410915,2.1678896645365223e-106,5.000290552468618e-105,TRUE
Solyc09g066410,287.24724315248955,-4.03685878264623,0.1844025248332775,-21.89155916545094,3.1263624129567598e-106,7.201995017216055e-105,TRUE
Solyc12g006530,411.2465696980225,4.123628321573309,0.18848807069630563,21.877396836521033,4.265032503764058e-106,9.81277753650747e-105,TRUE
Solyc11g010310,1735.8157635992595,-1.838408796626879,0.08403365142528689,-21.87705479228618,4.297134266969877e-106,9.874277403713406e-105,TRUE
Solyc02g086270,1201.8991219796399,1.9760214983040962,0.09039554915729923,21.859721155801363,6.282678437303455e-106,1.4418786231329513e-104,TRUE
Solyc02g085760,514.508286443467,2.612982770874426,0.11957300842704924,21.85261377335497,7.340892099638436e-106,1.682638646728845e-104,TRUE
Solyc06g060090,4962.764441769037,1.4247443297011726,0.06521610024748062,21.846512200125186,8.390122988189323e-106,1.920742601393329e-104,TRUE
Solyc01g095300,432.53896071921974,3.3929164246065215,0.15539824695472776,21.833685328477234,1.110927332360146e-105,2.540071784922458e-104,TRUE
Solyc02g079190,899.2208275573798,-2.128745557713004,0.09763778531997537,-21.802476886758015,2.1979560492565425e-105,5.019257894842611e-104,TRUE
Solyc04g077620,501.28906495098107,-3.1367411357725707,0.14387169347023504,-21.802350831586736,2.2040177055706446e-105,5.0268557669361235e-104,TRUE
Solyc08g006880,1793.6606804582407,1.950427804452156,0.0895155079639766,21.788714031953653,2.968706380981241e-105,6.762543915932857e-104,TRUE
Solyc11g011030,337.01522246702183,4.121897438552335,0.18946052286789133,21.755969930614448,6.065031403482927e-105,1.3798697065622108e-103,TRUE
Solyc01g108630,342.1560365925666,4.064343390898886,0.18704370096237383,21.729378588998724,1.0825716720085872e-104,2.45994005519578e-103,TRUE
Solyc01g098400,286.13121535561953,-4.224802442808839,0.19455608540346309,-21.715087626519637,1.4776103329280383e-104,3.3534457716316204e-103,TRUE
Solyc10g055200,463.1854981487231,3.2235171145539425,0.14870649141942913,21.677043710633715,3.378985654122758e-104,7.659173030793916e-103,TRUE
Solyc08g075540.5,5411.130913919249,1.4676895301771375,0.06771006033713285,21.67609248713433,3.449531831525296e-104,7.80945118952334e-103,TRUE
Solyc03g025170,3814.8155296680097,1.6639745271104343,0.07679557774869536,21.667582638099272,4.149772862304577e-104,9.383182598738627e-103,TRUE
Solyc04g005550,577.1596340914759,2.517632228032995,0.11625288326388179,21.656514293226046,5.2768293978609256e-104,1.1916947766692554e-102,TRUE
Solyc02g083700,1166.2797188347797,1.9976304063118595,0.0924695929863868,21.6031058621178,1.6793609169578599e-103,3.787937636372557e-102,TRUE
Solyc11g007430,1344.6493135003982,3.387890630821365,0.1568313940637175,21.602120232668035,1.7155794891315687e-103,3.864889429988435e-102,TRUE
Solyc01g102940,715.985486835668,2.2899997910824736,0.10606100982827424,21.59134440441651,2.166191238626317e-103,4.874062856752458e-102,TRUE
Solyc03g120260,478.68407320379987,2.6696537832319014,0.12366293555697226,21.58814822895722,2.3212886081721925e-103,5.216656293891126e-102,TRUE
Solyc05g005910,762.0375430802054,2.5535506406729627,0.11840322651814231,21.5665629709989,3.701993162588266e-103,8.309370000959717e-102,TRUE
Solyc12g010410,663.0454039579189,2.476133801811295,0.11494166688318494,21.54252560412045,6.222030462202373e-103,1.3948729998373931e-101,TRUE
Solyc06g072845,4134.698365078982,-1.766236598482824,0.08199791297278536,-21.540018940104343,6.567996871538879e-103,1.4706392995066894e-101,TRUE
Solyc09g007790,1102.2040825913832,-2.0864555168852723,0.09686725289640692,-21.539327837825624,6.666713177165495e-103,1.490926865399432e-101,TRUE
Solyc05g007160,819.571911271846,2.038531470513713,0.09465865412547989,21.535605902566793,7.224370438700218e-103,1.6136768137864655e-101,TRUE
Solyc12g008960,624.36804475731185,3.3755992053333155,0.15702055424553388,21.497817413476156,1.6318392578592542e-102,3.640546247236246e-101,TRUE
Solyc10g047320,1591.370754722368,1.6460815104262763,0.07657210990000952,21.497141878103996,1.655762048359566e-102,3.6894392406053216e-101,TRUE
Solyc09g061320,544.9026919151419,2.426303230264433,0.11287268627966604,21.49592882243231,1.6996018841085227e-102,3.782540125371304e-101,TRUE
Solyc02g089120,3173.950217490332,-1.4045469087697768,0.06535217045815742,-21.491970334314395,1.850879553810261e-102,4.1142344422846465e-101,TRUE
Solyc06g060130,937.7262991044272,2.0854340630423396,0.09705348482403212,21.48747226154161,2.0391472521012462e-102,4.527251683016571e-101,TRUE
Solyc06g065560,772.4569867193754,2.5017657145830032,0.11668015596958375,21.44122703465673,5.514057206816967e-102,1.2227371970194973e-100,TRUE
Solyc05g047530,1156.807248727164,-9.539368524953975,0.4449108913145358,-21.4410766541788,5.5319036759396305e-102,1.22521669005781e-100,TRUE
Solyc06g009130,486.7060810424184,2.8263046444880753,0.13198960015567773,21.413085888240698,1.0090487166226184e-101,2.2321711862423097e-100,TRUE
Solyc07g009380,336.0568078538663,4.156536042366179,0.19412279596894993,21.411890456343002,1.0352684669789844e-101,2.287420700537821e-100,TRUE
Solyc01g009690,459.6188196248029,4.043365296484454,0.18888040609627804,21.407012935070824,1.1494834586583227e-101,2.5367292221507734e-100,TRUE
Solyc03g123610,7125.278356542632,-1.5495427501854455,0.07241023481693983,-21.399499036328795,1.3505124600184145e-101,2.976795030277999e-100,TRUE
Solyc02g093150,497.9717417411669,2.810758130807291,0.13139340928482407,21.391926323445613,1.588611105255826e-101,3.4974177183135145e-100,TRUE
Solyc02g094400,5150.256434704721,-1.92418748388915,0.09003219928220248,-21.372214599110904,2.42360350939356e-101,5.329318578131796e-100,TRUE
Solyc08g014570,414.34903250810544,3.737224561469327,0.174896507779296,21.368205740193368,2.640880599659957e-101,5.800156279993905e-100,TRUE
Solyc12g008840,3888.304463815076,-1.643412257364926,0.07693396979671081,-21.361334423629174,3.059454847199623e-101,6.711450889745903e-100,TRUE
Solyc02g068280,1316.973799742627,1.7494987660251793,0.0819289938443002,21.35384171017611,3.591652250362729e-101,7.869528405055786e-100,TRUE
Solyc07g043420,489.5057378978206,3.603415920704217,0.16876787874416302,21.351313694987375,3.791303359912387e-101,8.297086864913025e-100,TRUE
Solyc01g008220,307.90885016019473,4.366822107934046,0.2045565700612108,21.34774799277937,4.09187055631618e-101,8.944215985346057e-100,TRUE
Solyc06g005650,4832.64205175842,2.060711805015725,0.0965563606112922,21.342061692978994,4.6211379596635344e-101,1.0089118659441183e-99,TRUE
Solyc06g071990,4939.995189793881,-2.3843486253369477,0.11176657806771229,-21.333288238389315,5.5747947141643485e-101,1.215675578060299e-99,TRUE
Solyc05g009370,1991.151541727741,-1.6853601511008478,0.07902558523016277,-21.326765834029832,6.408870272513306e-101,1.3959035808010913e-99,TRUE
Solyc06g068450,2217.184823602525,-2.4889843124188955,0.11671012969229495,-21.32620637969538,6.485963138886232e-101,1.4110231997887054e-99,TRUE
Solyc12g056580,2047.20361322182,1.8561205786927626,0.08710067546681227,21.310059523017074,9.1578852904045e-101,1.989945689048533e-99,TRUE
Solyc12g019710,2194.609312077907,1.8746861809772222,0.0880068549546283,21.301592721881853,1.0972620704464252e-100,2.3814602881955887e-99,TRUE
Solyc04g082450,907.9393449673688,-2.216906175871808,0.10415527130830639,-21.28462772959058,1.5759350219841272e-100,3.4163223477752608e-99,TRUE
Solyc04g016510,1604.1285021724543,-1.5685793387094797,0.07382678723171042,-21.24675063790039,3.5328487799790824e-100,7.649512264117253e-99,TRUE
Solyc06g065260,1265.0490854469701,2.059080687671731,0.096930989520129,21.242749071948094,3.847041313876275e-100,8.320018879175009e-99,TRUE
Solyc05g046310,2486.8427013635205,1.6477996465371445,0.0775852752641842,21.238561581772473,4.205720738573632e-100,9.085048688272512e-99,TRUE
Solyc04g009990,3909.357897460914,-1.9172181059770912,0.09027654977222155,-21.237166360638064,4.332490728580217e-100,9.347908106043443e-99,TRUE
Solyc01g102350,302.92755629205374,4.000676014914909,0.18874737456213078,21.195929343101877,1.0412269215234614e-99,2.2439477723758253e-98,TRUE
Solyc07g008590,337.7467011840049,3.520429822181949,0.16622288176360261,21.178972382325817,1.4925280007819763e-99,3.2127801215895866e-98,TRUE
Solyc07g007130,2233.2573501912548,1.971696571934252,0.09310830341162983,21.176377398022424,1.5770390258226863e-99,3.390726130023209e-98,TRUE
Solyc01g008110,6509.022986308894,-1.342222740112522,0.06342877668811854,-21.161100847211305,2.1807150858679306e-99,4.683187549475487e-98,TRUE
Solyc04g072560,3819.8144735727597,1.4897583378409227,0.07043261679983888,21.15154037332787,2.6707709992359652e-99,5.728912868022724e-98,TRUE
Solyc03g097210,1611.5103541474498,-1.6182807014377754,0.07657207189922335,-21.134085330322492,3.866067448193004e-99,8.283207214467599e-98,TRUE
Solyc01g006320,367.6275221027862,3.7017119636782265,0.17525726303422798,21.121589482743875,5.037132049493032e-99,1.0779697143868498e-97,TRUE
Solyc06g065330,1025.8647324318365,-2.2532849656199203,0.1066883116451148,-21.12026079403326,5.18081638336249e-99,1.107429622969217e-97,TRUE
Solyc06g068600,596.7520029479474,-2.1894568574044024,0.10372452746897813,-21.10838112093809,6.661562169380121e-99,1.4222938137016813e-97,TRUE
Solyc12g019890,751.4506889428105,2.6992155605183057,0.12792516691029085,21.099957308722253,7.960795696973058e-99,1.6977181821050548e-97,TRUE
Solyc08g076930,5105.7333395319065,1.3598067419414697,0.06450994010302322,21.079026577452105,1.2390567576950083e-98,2.639348826964929e-97,TRUE
Solyc06g082080,692.420619804153,2.309300241973769,0.109569250113604,21.076170910902757,1.316104036495834e-98,2.800224595243393e-97,TRUE
Solyc12g096670,2722.47101533283,-1.4170906276867956,0.06730750765481179,-21.05397565683727,2.1027993775081207e-98,4.4688740990441367e-97,TRUE
Solyc07g063770,1087.2742558838384,2.1728420046906756,0.1033134474098064,21.031550675797426,3.374388036091877e-98,7.16297635883106e-97,TRUE
Solyc04g008740,9694.847750694611,-1.2513340649204472,0.059536918042400064,-21.017783688925448,4.5100677443131254e-98,9.562696118074762e-97,TRUE
Solyc03g113380,2776.171950572375,1.4287204552198316,0.06797835813225186,21.017283948521627,4.557795920949945e-98,9.652760646868991e-97,TRUE
Solyc01g096670,759.0897332338118,-2.1866443171298418,0.10406950605634926,-21.01138364148539,5.1608933556906037e-98,1.091745714127277e-96,TRUE
Solyc05g052190,1243.230332951427,-1.953451139370622,0.09297134289865931,-21.011325409163167,5.16722603624519e-98,1.091828922118337e-96,TRUE
Solyc09g005830,298.0724177326614,4.3536368140542825,0.2072985476800886,21.001771902295182,6.318456477889168e-98,1.3335497753505923e-96,TRUE
Solyc02g067080,1522.8822646562485,1.8633435990920397,0.08883566101235812,20.9751757104934,1.1055741847262416e-97,2.330707596080562e-96,TRUE
Solyc07g018010,392.2060210303445,5.827834993484935,0.27797247344774323,20.965511157278403,1.354581593206369e-97,2.85237954500718e-96,TRUE
Solyc03g121360,3223.929527838116,1.8371332919827859,0.08764351191270438,20.961429453130847,1.4758780966340202e-97,3.104241081284118e-96,TRUE
Solyc06g068880,799.1844807433232,-2.0871231908609307,0.09957277083345499,-20.960782484920948,1.4960750237602147e-97,3.143125389918175e-96,TRUE
Solyc07g049200,1347.6514108598321,-1.7822499876312317,0.08504238526995485,-20.957196602302897,1.6131226333337391e-97,3.385163626549558e-96,TRUE
Solyc11g068870,1768.367656554708,-1.9950248214198736,0.09519814377960117,-20.95655169536365,1.6351224465572623e-97,3.4274180085589685e-96,TRUE
Solyc09g082060,2265.517453368446,2.096493994656614,0.1000581171076667,20.95276280684654,1.770554106245875e-97,3.707072452746916e-96,TRUE
Solyc04g072400,5440.563407587937,-1.536868264908239,0.07343645236858024,-20.927866411555954,2.9856409934414893e-97,6.244031670356644e-96,TRUE
Solyc01g081310,5251.5908570268875,1.633808490605299,0.07813720371282379,20.909482461261412,4.389683773621038e-97,9.16994963755404e-96,TRUE
Solyc04g056320,596.2018369649545,2.333049191872504,0.11166782018502708,20.8927620151157,6.230955159290983e-97,1.3001549227383218e-95,TRUE
Solyc01g104660,1814.5538894677738,-1.8111333872116542,0.08672441483645192,-20.88377754554073,7.520463956763555e-97,1.567445452575787e-95,TRUE
Solyc04g074230,14390.016517348737,-2.233296267486982,0.10695332256164661,-20.881036829872556,7.964476554931313e-97,1.6581084089388712e-95,TRUE
Solyc07g008540,1154.5105702421506,1.8587303443526872,0.08921225577697035,20.83492148208305,2.0885707201519634e-96,4.3432347905603555e-95,TRUE
Solyc12g056790,1841.2394343219976,1.5826096850105864,0.07596249222206106,20.834093757536884,2.1249850073901244e-96,4.4139660328647066e-95,TRUE
Solyc07g019460,13460.713454027826,1.4455193880659714,0.06941309141095037,20.824881282235058,2.575635117099856e-96,5.344006812375469e-95,TRUE
Solyc01g091530,926.9856333491947,2.4575436684377916,0.11805537981616757,20.816871473918493,3.0442370942999522e-96,6.309155637487715e-95,TRUE
Solyc11g071280,931.8999783945446,-1.9613442912022896,0.09431922806098539,-20.794744947807608,4.829143899180162e-96,9.997089222818573e-95,TRUE
Solyc05g012100,1518.7588510906326,-1.875296537492374,0.09027571317904665,-20.772990558081105,7.597744823763168e-96,1.5710837243558866e-94,TRUE
Solyc08g066100,1442.236466619992,-2.0063551383823195,0.09663193519222045,-20.76285789362775,9.381799042548598e-96,1.937815862912032e-94,TRUE
Solyc02g092000,1225.56755019779,1.981554810591808,0.09545489498815514,20.759069619611402,1.0151296118412848e-95,2.094402654823607e-94,TRUE
Solyc01g073890,467.224798999625,6.856519093124874,0.3305624784054295,20.741976301119887,1.4485043910987187e-95,2.9851856750636485e-94,TRUE
Solyc06g008920,778.9471737567701,-1.94644250729765,0.09391091797685985,-20.72647727474311,1.99897783839594e-95,4.115029070910702e-94,TRUE
Solyc12g009560,6236.72527752559,-1.3906324569237962,0.06712756827879886,-20.71626445856232,2.471314302206641e-95,5.081674588083299e-94,TRUE
Solyc04g015690,565.5289260346474,2.2719406257259367,0.11001432720627538,20.651315909664007,9.499677353005375e-95,1.9512018858133836e-93,TRUE
Solyc01g107290,3487.0104468931972,2.5574396577705643,0.12388703250664736,20.643320015219032,1.1209224720134698e-94,2.2997676119446e-93,TRUE
Solyc02g090560,313.5782172002618,5.077105389998497,0.24596701232556542,20.64140773185621,1.1661622626227896e-94,2.3899176002000824e-93,TRUE
Solyc01g067300,455.8428928623585,2.7411646423090668,0.13280887655757814,20.639920413155956,1.2026040039210997e-94,2.4618562810781264e-93,TRUE
Solyc10g084880,851.8201646176755,2.0819466556273523,0.10095133256281748,20.623270666901306,1.6969004021921044e-94,3.4698687534479927e-93,TRUE
Solyc07g056170,329.50934994087277,3.8433856046842974,0.18641355876348048,20.617521762785206,1.910997726292003e-94,3.903319022491766e-93,TRUE
Solyc01g080010,2033.4943583119928,2.4437959700969047,0.11854063902994008,20.615680749617603,1.985100995375305e-94,4.0501788677008025e-93,TRUE
Solyc12g010320,36665.214960290476,-1.2975990400958652,0.06295176064516914,-20.612593306323067,2.1158652862249913e-94,4.312189751294237e-93,TRUE
Solyc03g093550,2636.23735945636,1.780816290629159,0.0864070902309886,20.609608376680367,2.2504510910298118e-94,4.581400045005651e-93,TRUE
Solyc03g114140,3201.710171008885,-1.3496447127335636,0.0654904447079581,-20.608269171969155,2.3135773157969923e-94,4.70470041994426e-93,TRUE
Solyc06g062670,967.1483427143696,1.839855850543821,0.08933310042123382,20.59545500904277,3.0144266890347994e-94,6.123116665693559e-93,TRUE
Solyc06g082010,4626.346270241249,1.4405830973938547,0.06998582639337768,20.583926369556565,3.824157158556471e-94,7.752183763114693e-93,TRUE
Solyc07g041750,5113.250059090426,1.2823302520531485,0.06229767731653934,20.58391752773589,3.8248548513001287e-94,7.752183763114693e-93,TRUE
Solyc01g059930,1807.1329969465767,1.8297855904290572,0.08889751744409355,20.58308986614598,3.890729674054535e-94,7.877013612130453e-93,TRUE
Solyc04g079120,1289.1313011585346,1.8935405527432487,0.09204368257721061,20.572194633291176,4.871110396067302e-94,9.851003565556128e-93,TRUE
Solyc04g074290,2953.4356352721998,1.9939124026536466,0.09693362166334295,20.569874192657732,5.109839818526722e-94,1.0322437954283157e-92,TRUE
Solyc07g066600,20042.20528630682,-1.2803497757487916,0.06229021667028183,-20.554588572488242,7.002130246005419e-94,1.4129545588618838e-92,TRUE
Solyc05g052520,1628.6667696348725,2.277048261331675,0.11078182822365377,20.554348107837846,7.036906745155003e-94,1.4184150953528994e-92,TRUE
Solyc10g084600,424.3730632442991,-3.6574881378784645,0.17811114535466152,-20.534863950234772,1.051083861966344e-93,2.1163279994005807e-92,TRUE
Solyc11g072600,450.68150735473387,3.496908734065306,0.17029283221704736,20.534679519618933,1.0550815485395e-93,2.1220529657332202e-92,TRUE
Solyc08g066390,365.1418512410782,2.9479310003050014,0.14359219637079576,20.52988306337071,1.1645476872133444e-93,2.3396590310429407e-92,TRUE
Solyc07g042830,1471.9900399020257,-1.6795274114421948,0.08187907538671219,-20.512290881520606,1.6722946138557024e-93,3.356090817304517e-92,TRUE
Solyc02g090970,337.037693659703,3.5972749920774025,0.1756248664327154,20.482720158853894,3.070248852415564e-93,6.154894727803196e-92,TRUE
Solyc05g055760,556.5435008873072,2.3656929876829276,0.11557930500565866,20.468136467571814,4.1415695670476176e-93,8.293515615581302e-92,TRUE
Solyc09g098100,2036.2248539257337,-2.003896591715075,0.09794163300278334,-20.46011007043478,4.882797851027698e-93,9.767189651299476e-92,TRUE
Solyc06g071580,262.5217579881379,-5.547054711396987,0.2712384683714996,-20.450840711132123,5.904876555564763e-93,1.1798841926189896e-91,TRUE
Solyc07g007040,3941.586305840433,-1.4399453805152604,0.07042653115150221,-20.44606424555593,6.512232655465473e-93,1.299830324705991e-91,TRUE
Solyc09g011870,350.70560565678267,4.6848366455080175,0.229294762933963,20.431503038110176,8.775860114858547e-93,1.7497465996902892e-91,TRUE
Solyc04g077670,388.0764572463196,3.1976049657108936,0.15670487751730533,20.40526763666162,1.5013775099121279e-92,2.9902299853428655e-91,TRUE
Solyc07g056540,905.0996256101007,1.9337187493094097,0.09484713800185723,20.387739578094017,2.148455946529713e-92,4.274357755958411e-91,TRUE
Solyc08g081160,729.0773008031416,-2.3021016888361268,0.11315451400315436,-20.34476228471055,5.166192353640696e-92,1.0267039355348857e-90,TRUE
Solyc08g082180,645.7059496656716,-2.048145736846127,0.10069356964761224,-20.340382648205132,5.648800758387285e-92,1.1214028546591086e-90,TRUE
Solyc02g078940,9708.200231557339,-1.194549452022685,0.05873734492855583,-20.337137360833296,6.035189099723755e-92,1.19681641014263e-90,TRUE
Solyc06g054620,616.5852261969327,-4.6875836808921925,0.2305984362464148,-20.327907496662707,7.284329405603955e-92,1.4429722786984642e-90,TRUE
Solyc01g112000,1997.017102862557,2.0002085659686384,0.09840744124441456,20.3257857401324,7.606155748080569e-92,1.505101841947956e-90,TRUE
Solyc10g055680,439.6821371919309,2.6081110925869386,0.12834071742276396,20.321774297050442,8.253868549659424e-92,1.6315146833160127e-90,TRUE
Solyc07g017600,412.84621652227037,3.529709975927382,0.17369917858619519,20.320821345599082,8.41565688344177e-92,1.6617080610989264e-90,TRUE
Solyc03g007310,1520.6507852815469,-2.04404078549485,0.10059518034109191,-20.319470361940233,8.650457738963967e-92,1.7062378177615303e-90,TRUE
Solyc02g091000,651.1925765075074,2.1525573151782798,0.10596883619335123,20.31311650201304,9.845459354569246e-92,1.9398615146307228e-90,TRUE
Solyc03g080090,8297.29131556985,1.3710363211807055,0.06753419494038518,20.301364699630575,1.2506305724768584e-91,2.461492699554827e-90,TRUE
Solyc03g033790,354.6382771023883,3.5649430901250803,0.17568595963372408,20.29156511742539,1.5265728634644766e-91,3.0013891924136336e-90,TRUE
Solyc06g084250,414.61087766651656,2.8239239143038133,0.13923069287892684,20.28233757882294,1.841676978780616e-91,3.6170457159106905e-90,TRUE
Solyc03g119240,284.72593863191724,3.7833298675434914,0.18654078948782263,20.281515254284194,1.8727262067134645e-91,3.6741009453589774e-90,TRUE
Solyc01g007100,756.653494017813,1.92007817392236,0.09482704173851429,20.248213365307528,3.68359404929691e-91,7.219137463563442e-90,TRUE
Solyc01g088760,949.1913975538438,-2.1976661662569184,0.10858919838077537,-20.238349661175814,4.499865770244686e-91,8.809481624537602e-90,TRUE
Solyc11g012980,263.05282524949604,4.3586756704899985,0.2154155846659492,20.23379913412075,4.935017201303714e-91,9.651108639528318e-90,TRUE
Solyc11g069530,1886.3080368617498,-1.4519725428448818,0.07177546719718693,-20.229370835802634,5.398739368303716e-91,1.054676150983286e-89,TRUE
Solyc03g121620,1204.1398987756027,2.964083681573397,0.1466370500739629,20.21374325300686,7.410875744799821e-91,1.4462221742744705e-89,TRUE
Solyc07g062700,12443.516047578581,1.5903191138713406,0.07871376181264642,20.203825573177404,9.059928755929271e-91,1.766157691625109e-89,TRUE
Solyc09g082720,7882.9795969175375,-1.4170928333466009,0.0702019975975456,-20.185933190541366,1.3014673598645154e-90,2.5344146691090453e-89,TRUE
Solyc10g007110,4906.533712046052,-2.3046620882008693,0.11418231128000168,-20.184055326654754,1.3518710820297365e-90,2.629782656185465e-89,TRUE
Solyc01g108240,409.88510326116807,6.538744641778892,0.3241651531076817,20.171028807673355,1.759404177244568e-90,3.4189351998189104e-89,TRUE
Solyc11g056620,508.9327913099726,2.8110476347370374,0.1394739886807627,20.15463715726342,2.450485916566418e-90,4.7568408241014216e-89,TRUE
Solyc04g054980,5702.602133156011,1.5057459071933512,0.0747563510935828,20.142046597598135,3.1600475990501594e-90,6.127758967651802e-89,TRUE
Solyc01g111970,4470.264961600782,1.53449761039178,0.07620751715373021,20.135777515180067,3.5864016197843354e-90,6.947188722496885e-89,TRUE
Solyc02g064830,280.82753738230406,4.266196490406968,0.21192927459015823,20.130284023560215,4.006914648980504e-90,7.753590736021958e-89,TRUE
Solyc03g006250,643.0389349257333,2.7031710291543196,0.13428421639738683,20.13022156792303,4.011967888329908e-90,7.755205645759064e-89,TRUE
Solyc03g098320,934.5748089723104,2.4382035720033794,0.12117531540448473,20.12128925651751,4.804212036694517e-90,9.276872885562532e-89,TRUE
Solyc01g099660,1055.4861995259369,2.0650058394747774,0.10267186566389803,20.11267474416689,5.715702209452144e-90,1.102536765124436e-88,TRUE
Solyc03g063750,2922.3304918472795,-1.4603812146939554,0.07261736661066184,-20.11063307381817,5.955883469216072e-90,1.1476625347442248e-88,TRUE
Solyc04g082140,2976.1867177820923,2.1899628201348773,0.108909194333061,20.108153710490555,6.261130333608002e-90,1.20521841803891e-88,TRUE
Solyc10g078440,278.2264404419538,3.5770408600362043,0.17798048944222858,20.097938101228173,7.692388036700385e-90,1.4791754108646776e-88,TRUE
Solyc09g090980,12741.984938553205,1.9708978758824758,0.09806727866022369,20.09740560570767,7.775358445077987e-90,1.4935675475012397e-88,TRUE
Solyc03g120310,1551.4261382470422,-1.5731824684685434,0.07828812257110755,-20.09477832399995,8.197979737667974e-90,1.5731050262792314e-88,TRUE
Solyc11g040150,263.2541504352257,4.031381234084765,0.2006457999040797,20.092029018359707,8.664782442547452e-90,1.6609457314009365e-88,TRUE
Solyc05g008830,6993.576677197073,-2.001796169357669,0.09963370068111384,-20.09155692976404,8.747564363499482e-90,1.6750674551480308e-88,TRUE
Solyc02g072150,1393.0123758544473,1.7432371295624147,0.08676692289483763,20.09103321176015,8.840323008834973e-90,1.6910682400771416e-88,TRUE
Solyc03g124068,1619.4185758004862,-1.6806212972931915,0.083665922968676,-20.08728569124141,9.533325275168101e-90,1.8217371988920498e-88,TRUE
Solyc03g095650,321.8374127514095,5.760736598153429,0.2868531795069184,20.082526566572323,1.0492030258724882e-89,2.0028555788799534e-88,TRUE
Solyc07g055710,406.24714692193265,2.607161517621662,0.1299522086629981,20.062464073871578,1.571027312557925e-89,2.9958708596216113e-88,TRUE
Solyc07g007170,2955.4061668422232,3.032319147561652,0.15114652928481764,20.062115629844254,1.582075531497367e-89,3.0138129010897507e-88,TRUE
Solyc02g070040,283.6374020020412,5.192238317963477,0.2589241161243202,20.05312751737064,1.8954640412777967e-89,3.6070719949078403e-88,TRUE
Solyc02g062800,1224.9169120358795,2.211686472561044,0.11030433173654024,20.050767161561836,1.9875655522883897e-89,3.778429942887018e-88,TRUE
Solyc09g010780,470.7252128741186,3.1923906926710353,0.1592569840291168,20.045530261249787,2.2081623145750268e-89,4.193455354218256e-88,TRUE
Solyc07g065700,1273.1120155890378,1.9831705217685092,0.09902562962074778,20.02684082256011,3.214120931516463e-89,6.097542320337167e-88,TRUE
Solyc06g065270,2299.459745756012,-1.4702078694912986,0.07341291476526907,-20.026556283620543,3.232534183845752e-89,6.126152154807881e-88,TRUE
Solyc10g007770,3001.7665078216473,-1.2974475537397592,0.06478875194265951,-20.025814895895035,3.281007085057853e-89,6.211612074626005e-88,TRUE
Solyc02g064980,318.168222249088,3.3883637194701755,0.16928209980143338,20.016078034503945,3.989139449874763e-89,7.544480504840305e-88,TRUE
Solyc02g082930,2087.8575118249523,1.9446514137365025,0.09723294248167795,19.999923524919986,5.515698997637605e-89,1.0420873039421592e-87,TRUE
Solyc04g081570,27880.04296768194,1.4744137189219726,0.07374443320814857,19.99355957839342,6.266219739028037e-89,1.1826685571103944e-87,TRUE
Solyc10g078530,465.29905726117084,2.5262650832409896,0.12637337969271423,19.99048446265963,6.664561091669385e-89,1.256560272288803e-87,TRUE
Solyc05g050010,264.368963982586,-3.3522262918866117,0.1677568142653648,-19.982653500941662,7.796758176862545e-89,1.4685225980047558e-87,TRUE
Solyc01g102840,1723.3235399171372,2.095023758687934,0.10484512970579826,19.98207989790939,7.886863588523588e-89,1.4839735245427752e-87,TRUE
Solyc01g109170,7362.312773035049,-1.6057229093954337,0.08040804348809735,-19.969680143170326,1.010987040992723e-88,1.9003041691788577e-87,TRUE
Solyc01g008790,370.77313487520536,2.7481126105362454,0.1377557525044234,19.949167715867272,1.524041922235125e-88,2.8617428658272015e-87,TRUE
Solyc09g090070,3919.6007813505385,1.5543700391203954,0.07797156970963012,19.93508717227246,2.0195294183040214e-88,3.788266254763554e-87,TRUE
Solyc01g099840,2915.0781953640353,2.268515579052407,0.11379878333624127,19.934444925914754,2.0456173185136135e-88,3.833290842633614e-87,TRUE
Solyc09g009760,327.4081921591602,-2.921937137041177,0.14661301126423154,-19.92958954901452,2.2540293863775062e-88,4.2195338299162624e-87,TRUE
Solyc03g065340,4168.013017492497,1.5122793081181585,0.07590810796462624,19.922500358234355,2.596937827578276e-88,4.856511504005234e-87,TRUE
Solyc05g054250,265.27493288293164,4.9799717918283966,0.24998462801812124,19.921112075208885,2.669949177221857e-88,4.987975175291606e-87,TRUE
Solyc10g012370,3740.0149771391643,-1.777495009220391,0.08932074703064348,-19.90013595173562,4.0582644639003827e-88,7.573916308617334e-87,TRUE
Solyc06g074030,3850.7702199934797,1.9731374721333095,0.09920982017858383,19.88852987115126,5.115274768090225e-88,9.536926578276125e-87,TRUE
Solyc01g096660,6524.242045518525,-1.6147692978018429,0.0811986887243981,-19.886642545209558,5.311423610396178e-88,9.892593741632516e-87,TRUE
Solyc01g099040,2296.429883718915,-1.7552175993463761,0.08828425076770392,-19.88143507005293,5.892416123087764e-88,1.0963591658979996e-86,TRUE
Solyc10g083630,19535.24643799621,-1.8405716001954657,0.09260424970417805,-19.87567099863263,6.609685250805047e-88,1.2285727397932173e-86,TRUE
Solyc09g097850,807.1420078093556,-2.2385326407410897,0.11271713420749331,-19.859736999880845,9.078472924393886e-88,1.68575320978922e-86,TRUE
Solyc08g083320,1488.1941220558851,1.5352043043261996,0.07732595947083948,19.853672878189673,1.0243294924530788e-87,1.9001260403395508e-86,TRUE
Solyc05g014280,90436.69688178912,-2.3587964883733017,0.11914534987865437,-19.7976378496992,3.1198396227369027e-87,5.781452800884323e-86,TRUE
Solyc04g079860,262.2832692719524,4.855637882201367,0.24542581540717792,19.784544157042067,4.0453914512920055e-87,7.489066570906439e-86,TRUE
Solyc06g007440,270.88889633346326,4.5182248571129975,0.22858501329006448,19.766058990838413,5.836072748027864e-87,1.0793211803520747e-85,TRUE
Solyc07g064820,278.70775625763656,3.503494195802064,0.17725402649973557,19.76538567267633,5.914462416718986e-87,1.0927192221763329e-85,TRUE
Solyc07g056270,369.281222722969,-2.6060618141185166,0.13194092808281058,-19.751731718022054,7.751377871203338e-87,1.4306584277744074e-85,TRUE
Solyc12g089160,1507.4832145343057,1.9744021665356655,0.0999956939532789,19.744871888765207,8.878975688202491e-87,1.637133501266062e-85,TRUE
Solyc08g078340,607.8945095417575,2.2164543173711437,0.11230976425758382,19.73518804907896,1.0754599978539447e-86,1.980980074203313e-85,TRUE
Solyc05g018240,1901.5161577703864,-1.6626877454093558,0.08427836724677186,-19.72852346012959,1.2270209350409998e-86,2.257890475361231e-85,TRUE
Solyc04g051500,762.7009431774159,1.8747625978890925,0.09505134442871145,19.72368312260081,1.35028321266122e-86,2.4822256298351205e-85,TRUE
Solyc12g011450,622.5821587975249,2.236342047276944,0.1134932306502448,19.704629381542066,1.967776796326054e-86,3.613750334351833e-85,TRUE
Solyc06g060870,265.1076580283017,4.811214126840188,0.2445648798284808,19.672547138470605,3.706839525870752e-86,6.800681736934334e-85,TRUE
Solyc03g025320,803.5944744463951,2.6926893823676656,0.13702452411405575,19.651149309056088,5.6518517860220256e-86,1.0358722969336281e-84,TRUE
Solyc01g111350,9083.496847718223,-1.7202069074056126,0.08755722468307345,-19.64665866959763,6.1746164048381806e-86,1.1305575036866562e-84,TRUE
Solyc02g071380,1094.214374588438,1.9771670416347846,0.10070351607862149,19.633545268579958,7.99374659347715e-86,1.4621795385859744e-84,TRUE
Solyc02g092490,332.24750608689783,2.9954462536294173,0.15258694262124872,19.631078532484352,8.391441317562269e-86,1.5333982678006677e-84,TRUE
Solyc01g080400,618.9865743020406,-2.0466628310596895,0.10431613941530436,-19.619809959717706,1.0474401000764543e-85,1.9121242661077916e-84,TRUE
Solyc02g085600,860.9611574554904,1.798653371747255,0.09168238810983714,19.618308475914002,1.0788363714472025e-85,1.9674850214597146e-84,TRUE
Solyc03g093890,327.00193747492136,5.8007484619132414,0.2959140562189237,19.602814871429157,1.463026624900657e-85,2.6654924128393237e-84,TRUE
Solyc08g008370,9672.359356125538,3.109227569368086,0.1587304317333475,19.588099997052247,1.953453998255152e-85,3.5554796881113324e-84,TRUE
Solyc04g017750,1230.0858961107606,1.856121818398641,0.09481682602796124,19.57586955981078,2.4836187817813825e-85,4.515960837337997e-84,TRUE
Solyc03g095620,2635.425636952253,-1.3668992523296013,0.06986284808720505,-19.565467050862193,3.046000841327894e-85,5.533066548036629e-84,TRUE
Solyc08g079480,362.0615740699722,-3.6244327824996394,0.185400219901719,-19.549236696811676,4.1873910431157144e-85,7.5988953154586545e-84,TRUE
Solyc03g095610,354.4805056437535,2.744422042309136,0.14039716091016416,19.547560823293338,4.327213526943727e-85,7.844888191894136e-84,TRUE
Solyc03g114910,389.44945545138955,2.8336696718960046,0.145044763331519,19.53651829138621,5.372425847168206e-85,9.730177768324447e-84,TRUE
Solyc01g096420,515.0272303487928,2.304327566737875,0.11795876228823207,19.535026665566853,5.531702134986159e-85,1.0008787435772692e-83,TRUE
Solyc09g059430,871.1412628436964,2.8054616310874945,0.1436146282706723,19.534650925670366,5.572560936840103e-85,1.007280115063241e-83,TRUE
Solyc12g056360,272.780725628876,4.1368012439899156,0.21177264736738352,19.534162203740063,5.626156367790993e-85,1.0159688851581713e-83,TRUE
Solyc12g009880,284.9291667445314,-3.8596897812312148,0.19763402487387455,-19.529480228388707,6.166383223167168e-85,1.1124300568349562e-83,TRUE
Solyc09g056450,5781.283965947149,1.2189225669444261,0.06245358842646196,19.517254294838267,7.833636597945352e-85,1.4118209958826414e-83,TRUE
Solyc07g042440,1283.3322833175314,-2.208164626497945,0.11319195953224233,-19.508140292146432,9.362667888974577e-85,1.6857387248092032e-83,TRUE
Solyc02g067750,2671.1074589316336,-11.615445031840542,0.5958061970957156,-19.49534108315851,1.2025026740107135e-84,2.162975210992069e-83,TRUE
Solyc06g069150,428.20807282083365,-2.3590576474341787,0.12109380643661044,-19.481241170406893,1.5839280943602334e-84,2.846270787744298e-83,TRUE
Solyc04g008310,1783.7742720893816,1.6123513691490028,0.08280545746178178,19.471559225346603,1.9135723942892914e-84,3.435273566818364e-83,TRUE
Solyc02g080040,406.5563723072153,2.685952489623465,0.13796478428825834,19.46839190507875,2.0356218239619048e-84,3.6508132673065064e-83,TRUE
Solyc01g073910,260.3914154788398,3.8217372672956156,0.19644719302588298,19.454272715375886,2.6812987833362665e-84,4.804124321059512e-83,TRUE
Solyc01g096930,1011.6779097772916,1.800021205623413,0.0925354792873842,19.452227615671067,2.790413281664209e-84,4.994758262593296e-83,TRUE
Solyc10g080610,6082.534883300748,-1.7278693965743688,0.08886590803545336,-19.443557543856183,3.304376570626385e-84,5.908983900566618e-83,TRUE
Solyc02g091700,2577.419318627336,-1.757936117764494,0.09048009340181719,-19.428982129335292,4.389808052501867e-84,7.842355824017669e-83,TRUE
Solyc05g008090,335.2223057509635,3.0099547771846393,0.15496619510615256,19.423299224213427,4.903618615424993e-84,8.751769029840548e-83,TRUE
Solyc01g009700,273.17998373362536,5.358936891288839,0.2760287303577124,19.4144170584854,5.829375908635534e-84,1.0393929905765956e-82,TRUE
Solyc03g082690,857.53493182379,1.9549165063228529,0.10071561293743271,19.41026271207127,6.32031099739454e-84,1.1258360180727115e-82,TRUE
Solyc02g072520,1540.4457830782626,1.6449634597075797,0.08477334547221937,19.404253194733737,7.104331715286642e-84,1.264268440678745e-82,TRUE
Solyc10g005200,346.1255333386568,2.8425404609252776,0.14657557823054349,19.39300185774705,8.842256980083587e-84,1.5720233081709534e-82,TRUE
Solyc02g005210,2031.2610306243719,-1.4968381378025735,0.07719325298415228,-19.390789737930508,9.230865654603865e-84,1.6395266022085302e-82,TRUE
Solyc04g054480,2489.4894074257354,1.4874377435201367,0.07671888901514064,19.388155415370882,9.715923197998168e-84,1.7240136693899644e-82,TRUE
Solyc01g067660,25231.59477762527,-1.2375982743011011,0.06385030630603533,-19.38280872717003,1.077995719672755e-83,1.91097351154718e-82,TRUE
Solyc05g008980,254.768947445077,4.924453177595189,0.2541962135106271,19.372645680221016,1.3133248388575635e-83,2.325900820107764e-82,TRUE
Solyc07g020870,326.0915323278276,2.9730699392885103,0.1535667477845185,19.360115273524297,1.6751022425904405e-83,2.9637540448065514e-82,TRUE
Solyc12g014250,2440.7697854634425,1.4459058365145927,0.07470161611982837,19.355750405656885,1.823200215657333e-83,3.2226816888873807e-82,TRUE
Solyc07g065980,3807.453641281907,1.4458066561395095,0.07473668868748372,19.345340040220986,2.2312784490110704e-83,3.940210540650385e-82,TRUE
Solyc01g102580,4714.070294135432,-1.4391733152963841,0.07440896784426006,-19.341396030497453,2.4086537162089005e-83,4.2493552077800596e-82,TRUE
Solyc08g081230,1387.0214850373175,2.9577150173890376,0.15311329795426243,19.31716615674073,3.852263579504532e-83,6.789660726944565e-82,TRUE
Solyc04g076780,351.80568170163997,2.8314263923961978,0.14661006712016778,19.312632809010594,4.205762209035237e-83,7.405606004664249e-82,TRUE
Solyc05g053930,306.53164987966244,3.3643442033155746,0.1743507879473326,19.296409513972865,5.757333419514601e-83,1.0127948349371953e-81,TRUE
Solyc09g090040,867.4743297358152,1.8229143249886293,0.09448618413816098,19.29291929413829,6.159508413416225e-83,1.082507104816735e-81,TRUE
Solyc03g111140,258.9182693055894,3.44857276709388,0.17879338976943276,19.28803280446256,6.770071518455146e-83,1.1886745436844405e-81,TRUE
Solyc10g006290,2370.5052518739776,-1.9233869327897364,0.09977410968067824,-19.277415142519782,8.31280255965734e-83,1.4581512352498176e-81,TRUE
Solyc09g005860,594.3190133409231,2.166594089237673,0.11239720428871357,19.2762275801128,8.505818939260996e-83,1.490585982463631e-81,TRUE
Solyc03g007210,1038.988495617819,1.6872801529559065,0.08753867751679814,19.274681784313312,8.763770163275401e-83,1.534327494395159e-81,TRUE
Solyc04g005160,4716.084505714596,1.2659933254510747,0.06571428260297187,19.265116734209336,1.0542740118638549e-82,1.8440265613789958e-81,TRUE
Solyc01g100690,1390.7456738823141,-1.9215385093532658,0.09980796587749638,-19.252356186797247,1.3488649602253302e-82,2.3570517646218865e-81,TRUE
Solyc01g087090,1477.0993069831154,-1.6327285255344606,0.08480979101483999,-19.251651324653853,1.3673436207851322e-82,2.38707291366506e-81,TRUE
Solyc11g030730,295.0202603646108,4.308895947047634,0.22384565024641764,19.24940664383802,1.42788905798336e-82,2.490406504070978e-81,TRUE
Solyc09g092690,8375.943139104354,1.3441476064333433,0.06989930420400148,19.229770907453407,2.0854732602287052e-82,3.6338630277520654e-81,TRUE
Solyc07g056570,6307.434357749557,1.3037237496119802,0.06779930157284476,19.229161943670416,2.1101042644202795e-82,3.673299876215719e-81,TRUE
Solyc05g053760,939.7929750649191,-1.8227179354432794,0.09480724514865792,-19.225513119648763,2.2638870995639446e-82,3.937278765495174e-81,TRUE
Solyc05g005280,1269.0062698972033,2.360003505495489,0.12277255066412159,19.222566385803404,2.396199367494625e-82,4.163453021989952e-81,TRUE
Solyc01g095270,1331.2229886261796,-1.5508635713295023,0.08069291605311843,-19.219327385672887,2.5505477720256822e-82,4.427452284527679e-81,TRUE
Solyc11g010330,4214.2936373053,1.2822628158546385,0.06672083629204446,19.218326494620552,2.6002195948222102e-82,4.50941856713365e-81,TRUE
Solyc01g087950,454.9433714970031,-2.580509220289884,0.1343120334468896,-19.212792436131814,2.8927927660952606e-82,5.012083828381637e-81,TRUE
Solyc10g086730,1137.2465601462209,1.628711964146488,0.08481471609920456,19.203176512923125,3.481359358190325e-82,6.02616093047201e-81,TRUE
Solyc07g049290,689.7822857076335,2.1319997911400224,0.11106248792941288,19.196398630067073,3.966594339425414e-82,6.859633465819133e-81,TRUE
Solyc01g094920,7865.445167706877,1.4292335595913723,0.07445387565470438,19.19622782593274,3.9796566124519754e-82,6.875754464915852e-81,TRUE
Solyc03g119310,330.9589749535651,2.836180775264441,0.14777242575360938,19.192895838316886,4.24322774403888e-82,7.324249353865421e-81,TRUE
Solyc04g007900,1611.69240481784,1.8056926173873413,0.09416215647166692,19.176415293023457,5.82612589468056e-82,1.004706119342521e-80,TRUE
Solyc07g005180,509.4038299027179,2.223368526141183,0.11599172684956965,19.168337143774767,6.804938952969547e-82,1.1724010569113326e-80,TRUE
Solyc06g066600,2686.389754485988,1.398780221761745,0.07302815910140717,19.153984421535174,8.965720847289271e-82,1.5432288982745192e-80,TRUE
Solyc10g011910,327.9349156748116,3.1753298117846245,0.16582623973605523,19.148536545475437,9.954504271804998e-82,1.7118208795939317e-80,TRUE
Solyc05g005950,257.55189682568937,3.426737181890937,0.17901711737411702,19.141952636459937,1.129565037629563e-81,1.9406349613779678e-80,TRUE
Solyc02g079510,782.1248525056429,3.313212697075902,0.17317519829271907,19.13214322685838,1.363514562498789e-81,2.340381718246054e-80,TRUE
Solyc01g009860,1142.2496161833706,1.7935586657975884,0.09378160515032269,19.124845036749907,1.5683881996977374e-81,2.6895224137167453e-80,TRUE
Solyc10g086220,238.66275301323796,4.161398414697932,0.2176496100643575,19.11971454241262,1.7305202179106892e-81,2.9647859427634855e-80,TRUE
Solyc01g090693,3945.4477775997775,-1.215911791918162,0.06361576016354652,-19.113373616730133,1.9541758803173308e-81,3.3448431292247196e-80,TRUE
Solyc03g043960,1798.0077676349263,-1.9836924560992626,0.10381269733794099,-19.10837987035206,2.1504203263528537e-81,3.677318777613443e-80,TRUE
Solyc01g087070,243.47726406913577,3.758630072247907,0.19673097344651957,19.105431170296495,2.275403386276691e-81,3.887429409844277e-80,TRUE
Solyc09g082940,393.1552748265242,-2.395290435193663,0.12537519377707615,-19.104978927909922,2.2952025026350326e-81,3.9176144480909746e-80,TRUE
Solyc03g115500,226.77325302251325,-3.7270652407236673,0.1950872047356156,-19.104611426334333,2.3114181420947434e-81,3.94163262580034e-80,TRUE
Solyc07g055340,862.4540856872967,-1.8196860696172767,0.09529584987135117,-19.095123996205942,2.771985780824822e-81,4.7226519563394536e-80,TRUE
Solyc03g007890,76757.8914046218,1.2354316504998244,0.06470596048164665,19.093011544898484,2.886397761429323e-81,4.913023152625485e-80,TRUE
Solyc03g117490,311.54938063589145,2.897212448142469,0.1518175748498121,19.08351158295462,3.4619846564865917e-81,5.8872954616274756e-80,TRUE
Solyc05g053860,275.48944556606324,3.964842390562192,0.2078530099936202,19.075222392419953,4.056930432376407e-81,6.892657314082764e-80,TRUE
Solyc03g025730,1412.6860843110849,2.182747714157823,0.11467741255767197,19.033806793121585,8.950796290575454e-81,1.5193212207723784e-79,TRUE
Solyc03g118430,5090.538690564148,-1.2684231004515916,0.06669858096242738,-19.01724267816311,1.2277267219536808e-80,2.082038775800232e-79,TRUE
Solyc01g007040,296.1676785335751,5.007131230645211,0.26340058903958047,19.00956732444058,1.4211982486149228e-80,2.4079158897961406e-79,TRUE
Solyc01g066570,1186.0749041096742,-1.876082016613677,0.09874230590025315,-18.999779268967497,1.7126320029178892e-80,2.899016032195171e-79,TRUE
Solyc03g045140,228.84731109108995,-5.939291117979085,0.3129040190357719,-18.98119153688496,2.439992248671586e-80,4.126437673167411e-79,TRUE
Solyc04g063230,1836.8479618499193,1.363066603366139,0.07181424595337,18.980448590258778,2.4747404612609474e-80,4.18135605692647e-79,TRUE
Solyc12g009790,667.8037707938212,1.9890070228900156,0.10481080084727856,18.977118835187877,2.636638243121078e-80,4.4508099929563613e-79,TRUE
Solyc01g102340,246.20924672396012,4.154615402889674,0.21895670231628842,18.974597986446785,2.766193255326914e-80,4.665222991988501e-79,TRUE
Solyc03g096850,2658.2747303315236,-1.6896873654683224,0.08909830922532919,-18.964303365118987,3.3645530462818246e-80,5.66916394590273e-79,TRUE
Solyc08g076060,1380.487402298094,1.839195183817393,0.09700842682251876,18.959128026911337,3.712479047565173e-80,6.249679700676793e-79,TRUE
Solyc12g095760,1290.1447136057634,1.560533551406983,0.08235565606589355,18.948711308405883,4.525300887838421e-80,7.61103442096374e-79,TRUE
Solyc01g080620,1358.936252095326,-1.4364170436445163,0.07581226281389924,-18.947027701449468,4.672401600560798e-80,7.851257643794255e-79,TRUE
Solyc12g057140,1280.6421937713033,3.4031802067629164,0.1797457679981177,18.933298094665318,6.0643968964608936e-80,1.018098704544663e-78,TRUE
Solyc08g076670,1006.4396403769917,-1.8092520592020296,0.095618101341399,-18.921648033380183,7.565159569011644e-80,1.2688898572731848e-78,TRUE
Solyc02g082900,616.3941808440414,2.266744618402053,0.11980646602533754,18.920052427910406,7.797689860234308e-80,1.306699477672628e-78,TRUE
Solyc08g060970,309.18651348905087,3.0718514970605693,0.16238569720884014,18.91700777753806,8.261348869731854e-80,1.3831363959224108e-78,TRUE
Solyc12g056510,1739.8540201728306,-2.662129385555427,0.14084420151799187,-18.90123524336469,1.1141336074211791e-79,1.8636140223133336e-78,TRUE
Solyc04g010250,1294.4474777605826,2.3439888112875424,0.12401811065101183,18.900375106370955,1.1324456743757868e-79,1.8925226210954626e-78,TRUE
Solyc07g005570,1399.72855151253,-1.6107775680330199,0.08522554754554029,-18.900172711384464,1.1367980445937987e-79,1.8980707042477566e-78,TRUE
Solyc02g080640,2123.356572164731,1.6241283272340945,0.08595659468363676,18.8947495327345,1.2598406937710954e-79,2.1016017671137974e-78,TRUE
Solyc05g008940,378.6696057439614,2.5381542632962955,0.1343572182481314,18.891089711375407,1.3502943876797325e-79,2.250449839412196e-78,TRUE
Solyc11g020040,106806.11655936019,-1.619048842600262,0.08571798439279761,-18.888088119070396,1.4292924074766712e-79,2.3799531092974315e-78,TRUE
Solyc01g087560,2140.5279044857466,-1.4514518051226974,0.07684853543592277,-18.887175882914978,1.454202315734259e-79,2.4192399248998086e-78,TRUE
Solyc06g068800,346.3500696075271,2.680922760881785,0.14202044394431265,18.877020000958428,1.762541415347347e-79,2.929547815400568e-78,TRUE
Solyc09g009770,741.8513735559535,1.9433747259858865,0.10295135675262825,18.87663054946844,1.7755831038989553e-79,2.9485586448938117e-78,TRUE
Solyc10g078430,1159.253285150076,-1.893693643720402,0.10032759036279579,-18.875103417440744,1.827657834553108e-79,3.0322954848907745e-78,TRUE
Solyc02g090890,2493.260530305343,1.4618360056085946,0.07746824173966767,18.870132750929088,2.0079347116958416e-79,3.32839168666408e-78,TRUE
Solyc06g061030,512.6777583166429,2.6497642285983125,0.1404749062482033,18.862900850892743,2.302346098525396e-79,3.8129755251524644e-78,TRUE
Solyc11g005030,1827.7977484305666,-1.6581651512856754,0.08790965774752663,-18.86215000458614,2.3352783436337082e-79,3.8640343646281243e-78,TRUE
Solyc11g013370,2757.6464929708864,-1.297146235148184,0.06887262166530804,-18.83398952709785,3.976442262769384e-79,6.573645514072805e-78,TRUE
Solyc04g007470,267.8426833197932,-3.151174547071789,0.16733146537068888,-18.831930623992335,4.134107530571854e-79,6.828149032749541e-78,TRUE
Solyc04g071750,1600.8857083498028,1.6453328534001406,0.0873757078226161,18.830552500248437,4.2431080404076256e-79,7.001890045494918e-78,TRUE
Solyc01g104030,2534.712566292266,1.5282367492816018,0.08116713948287443,18.828269161857634,4.4300485155780765e-79,7.303819001064734e-78,TRUE
Solyc02g090430,312.5817343089891,2.9999462303862696,0.15934277044687278,18.82699931708854,4.537543466632617e-79,7.474342432536504e-78,TRUE
Solyc04g076520,3163.9924763292406,-1.7507037950643807,0.09299380787540716,-18.826025464082175,4.621741002847695e-79,7.606218876933678e-78,TRUE
Solyc10g083880,249.25020164885245,4.163017781207494,0.221254502181688,18.81551670206892,5.635634435757759e-79,9.266535584305444e-78,TRUE
Solyc06g060690,1218.4899406129648,1.8650334447722567,0.09915061807214315,18.810104072323952,6.24151295119692e-79,1.025359540499133e-77,TRUE
Solyc08g081240,2450.22417018515,1.808062198016015,0.09612468239301675,18.809551854991273,6.306866247131524e-79,1.0351707341162393e-77,TRUE
Solyc05g005160,1023.7754380659073,1.6847094553833426,0.08961844814265672,18.79869033997981,7.740409209956757e-79,1.2693304416292156e-77,TRUE
Solyc06g009140,10520.090353852242,1.6357510724138224,0.08707437018937006,18.785677907935224,9.891493506171855e-79,1.6206356962919535e-77,TRUE
Solyc01g008130,315.55263630853085,2.803928576230284,0.14931391709416422,18.778749032898236,1.1270420060484813e-78,1.8449165803374205e-77,TRUE
Solyc03g007830,1040.8624802326456,-2.2241990917403998,0.11849544376363869,-18.77033429383986,1.3205192989606208e-78,2.1597069637716275e-77,TRUE
Solyc03g121840,1205.8978052033426,-1.6196424533742604,0.08633553010384776,-18.759859949039416,1.6082268248940496e-78,2.62791410862465e-77,TRUE
Solyc03g117280,3106.367907520379,-1.6577816737798918,0.08836984081187811,-18.75958651220138,1.6165210087263578e-78,2.6391212880476588e-77,TRUE
Solyc02g073580,231.3878077151758,4.117752334392227,0.21955707710779496,18.75481486925859,1.7683235357441403e-78,2.8843914425540848e-77,TRUE
Solyc04g077340,489.8218482456499,2.5761219468322074,0.1373590959592722,18.754651294414774,1.7737721165566682e-78,2.8907139023635845e-77,TRUE
Solyc12g008970,1660.4055558361927,1.5454835153852002,0.0824312620343216,18.748754747218513,1.9817720325570194e-78,3.2268304051811948e-77,TRUE
Solyc12g098520,2317.457722204186,-1.4199879220534037,0.07574893727689404,-18.74597813646882,2.0879710923113373e-78,3.396740937164541e-77,TRUE
Solyc02g067530,1346.128404443024,1.7820349627787362,0.09506342789524089,18.74574694216291,2.0970655823413093e-78,3.4085195932962233e-77,TRUE
Solyc01g088480,449.5116506211029,2.2098071876269008,0.11793764883761221,18.73708022337781,2.468042749191033e-78,4.007953167701304e-77,TRUE
Solyc01g089890,309.93955096128076,4.107662226986568,0.2192458622325802,18.735415050292175,2.5464822519070925e-78,4.1316843103978885e-77,TRUE
Solyc06g065950,803.3045733144995,2.5917091542726682,0.13844308947960127,18.720393802354003,3.376457091865985e-78,5.473493008798272e-77,TRUE
Solyc02g071620,573.6381742709567,3.5070121513247723,0.18736055567130733,18.71798543060065,3.5326124336980466e-78,5.7215871690459205e-77,TRUE
Solyc01g007990,831.2451002805888,1.7549421209439124,0.09386229462742453,18.69698719714824,5.238200139521416e-78,8.476569820847025e-77,TRUE
Solyc03g113790,1207.7278287658887,1.5392434019700658,0.08246964506709345,18.664363120731384,9.651894989761367e-78,1.56051702371841e-76,TRUE
Solyc04g051690,306.66639718357953,3.838344441327768,0.2057850454409307,18.652202997080952,1.2117968288258368e-77,1.957509763119979e-76,TRUE
Solyc01g103110,1653.6897406357325,-1.479974021692487,0.07935941688729532,-18.649003227862888,1.2865348709336757e-77,2.0764153232988375e-76,TRUE
Solyc06g074750,539.5063927940188,-2.3170475911365473,0.1244778881715598,-18.61412998863791,2.4683665958335657e-77,3.9803493974744244e-76,TRUE
Solyc05g006820,1166.5869176524902,-1.66480548199133,0.08948627150990764,-18.604032259931717,2.9802453266136687e-77,4.801564403079673e-76,TRUE
Solyc05g007070,20318.528864478332,-1.1952949334712597,0.06425459983720455,-18.602480390503697,3.067792937605764e-77,4.9382870028026934e-76,TRUE
Solyc04g070980,346.4255095418304,2.6742123052006392,0.14376750966128446,18.60095032251077,3.1566207261763684e-77,5.076829292152246e-76,TRUE
Solyc04g007060,972.1695218180826,1.7264785393694295,0.09285406956575239,18.593461196085382,3.629806336334095e-77,5.832756108464132e-76,TRUE
Solyc02g089150,917.0118632871302,-2.0011475803739653,0.10767389745310485,-18.585261866698232,4.229307017967592e-77,6.790161651641769e-76,TRUE
Solyc12g088940,291.8810825624023,3.5758092234535486,0.1924385688096903,18.581562134718432,4.531213339542468e-77,7.268524853473752e-76,TRUE
Solyc07g052780,253.7664255909392,4.9130688681301,0.26447440616692375,18.576727099367048,4.958381234793164e-77,7.946811006033369e-76,TRUE
Solyc01g108540,6203.222231812708,-5.137286708973223,0.27664972658517284,-18.5696431815977,5.657767985116667e-77,9.059821330174188e-76,TRUE
Solyc07g032380,2723.600141243519,1.472651014832763,0.07933962893915,18.561354956200027,6.60183990977778e-77,1.0562369282980412e-75,TRUE
Solyc01g056850,358.78762130172726,2.8038713369589745,0.15125850801788454,18.536949581886986,1.0395318530582067e-76,1.661714265632088e-75,TRUE
Solyc01g081270,455.7248209776008,2.347815991141479,0.12672629002987462,18.526668701403644,1.2584054078129561e-76,2.0098407134513962e-75,TRUE
Solyc10g085000,508.116999780049,2.229680609639986,0.12035733776808047,18.52550622161827,1.2858808374481372e-76,2.051939881493846e-75,TRUE
Solyc08g077480,1886.2832633243231,-1.950238125599313,0.10528761232410104,-18.522958993466418,1.3481942773794749e-76,2.1495104424169027e-75,TRUE
Solyc10g080100,430.5893947672415,2.488949638480154,0.13452306786923834,18.502028521231093,1.9884699447996617e-76,3.1675947136267056e-75,TRUE
Solyc08g075420,2743.463634618601,-1.8857217011855076,0.10193914824119901,-18.498503604559133,2.122865449454354e-76,3.3787563253090377e-75,TRUE
Solyc05g018500,909.416036568018,1.8009191698513054,0.09738519269404608,18.49274124772985,2.3623453936828806e-76,3.756660499314221e-75,TRUE
Solyc08g066770,226.89265910605369,4.195899457782676,0.22690763689288995,18.49166257794716,2.4100799244518334e-76,3.829256633638553e-75,TRUE
Solyc09g011670,370.34478922244546,2.4621870568452744,0.13318378127260574,18.487138849178447,2.6209692699275972e-76,4.1607321320448206e-75,TRUE
Solyc06g050500,1466.7914883989827,-2.780657731678099,0.15048064748903134,-18.478507223866004,3.075739363872746e-76,4.878457008289274e-75,TRUE
Solyc09g007560,2269.8141343735115,-1.507203785418119,0.08166863743265486,-18.45511120056314,4.743877380654439e-76,7.5178187834974625e-75,TRUE
Solyc05g025890,204.55156860314221,-4.09370083320857,0.22190093446427253,-18.448326245636796,5.378526645396747e-76,8.516232155239312e-75,TRUE
Solyc04g082020,3332.8032071272373,-1.913795700273968,0.10380881846958992,-18.43577191695522,6.784352271668854e-76,1.0732938709990409e-74,TRUE
Solyc02g093330,1241.8825755690243,1.662598157834055,0.0901857808227577,18.43525822658854,6.849096001898293e-76,1.0826047446508714e-74,TRUE
Solyc01g098910,2627.0135383831953,1.3222793370956099,0.07173832490147244,18.43197954387237,7.277093173898272e-76,1.149268074018659e-74,TRUE
Solyc09g014300,1927.8925166081665,-1.4055859998029614,0.07629350860470499,-18.423402272474323,8.527136034841574e-76,1.3455308302874905e-74,TRUE
Solyc07g062310,298.80092128823594,3.2191356812977054,0.17492219040465812,18.403243601344595,1.237316602105202e-75,1.950736800728982e-74,TRUE
Solyc01g067530,2471.7714139938457,-3.0614246014620377,0.1665776623174148,-18.3783621337444,1.9579151643687643e-75,3.0841777606333326e-74,TRUE
Solyc06g075170,358.5781393800415,-2.702482876318867,0.14715871691489016,-18.364409074603845,2.531905824582636e-75,3.98493362785125e-74,TRUE
Solyc01g067380,1107.3796095092812,-1.541435640278958,0.08394321313476165,-18.362838194010415,2.6062291657721815e-75,4.098401262137726e-74,TRUE
Solyc09g011270,228.36911559108455,3.5403804009061344,0.19282233108202235,18.360842237718487,2.7038100527889607e-75,4.248217111146963e-74,TRUE
Solyc05g005070,234.57945044071576,3.6786896466381966,0.20046126502652611,18.351124573375373,3.23350115149393e-75,5.076127384108704e-74,TRUE
Solyc09g075210,11217.472024579294,2.1128369882058062,0.11514060627196454,18.35005960638457,3.297504491365025e-75,5.172186438972974e-74,TRUE
Solyc04g080290,1752.1920219102858,1.6043731790516995,0.08743968042643598,18.348342208335005,3.403389670412727e-75,5.333718014594813e-74,TRUE
Solyc03g031910,1153.945295756877,1.8992601453391758,0.1035978931213264,18.332999717618762,4.513148827730449e-75,7.066883722331247e-74,TRUE
Solyc12g017230,1838.1821205243932,-1.4332368511653322,0.07820640493294444,-18.326335961795134,5.101328246602204e-75,7.981082311258578e-74,TRUE
Solyc07g007670,222.40153282592095,4.207521619642898,0.22965219586129176,18.32127754695718,5.598310181454448e-75,8.751168032795673e-74,TRUE
Solyc02g084340,1409.7903660602394,-1.3868720079147734,0.07570479823531222,-18.3194730088835,5.787049256840511e-75,9.038515419583612e-74,TRUE
Solyc08g078190,1197.77901641903,1.6789169548967058,0.09166097369055352,18.31659524548268,6.101250069881759e-75,9.52116129326285e-74,TRUE
Solyc03g083010,690.7859141394318,1.890992290350623,0.10337655190516618,18.292274751873613,9.535173411252832e-75,1.486726826285503e-73,TRUE
Solyc06g066790,1112.8472874907877,1.501908605376118,0.08222321545455784,18.2662353578981,1.5369488540327005e-74,2.3943839647189096e-73,TRUE
Solyc12g008470,447.5213300755495,-2.8234393976244063,0.15465551024610075,-18.256312970236326,1.8432582152764437e-74,2.869146127978566e-73,TRUE
Solyc02g062140,1587.7306962866494,1.406440173822048,0.07705683283042061,18.25198521871783,1.995251040665501e-74,3.1031048968319714e-73,TRUE
Solyc06g084060,904.1964074051857,-1.59930314296524,0.08767681866623725,-18.240889294277082,2.444487480791679e-74,3.798564104766985e-73,TRUE
Solyc04g072440,2324.5194801085827,-1.356459167078866,0.07437890547409204,-18.23714880493036,2.6176113539792064e-74,4.064151141908763e-73,TRUE
Solyc04g064880,313.32910967294157,2.6472688293949034,0.14517651762902023,18.23482800544683,2.7311172870312174e-74,4.23680414240463e-73,TRUE
Solyc03g096860,1489.9093646468486,-1.5498783736376336,0.08507109014415778,-18.218625986939593,3.6726159425413645e-74,5.692554710939115e-73,TRUE
Solyc01g097540,1407.3778466138947,-2.049381545896816,0.11251959906376947,-18.21355179852132,4.0293818111887716e-74,6.240280188296814e-73,TRUE
Solyc10g017980,44219.522598478856,1.5394080837808322,0.08453740806546259,18.209785691427545,4.316330543447005e-74,6.679049190251372e-73,TRUE
Solyc01g098700,2245.0953667428034,-1.3578258150299003,0.07461052255232828,-18.1988514298045,5.270121838665267e-74,8.148078196819478e-73,TRUE
Solyc08g006500,263.0485771641806,3.1057686346891593,0.17067184964154478,18.197310459880057,5.42045820079605e-74,8.37346916850704e-73,TRUE
Solyc05g005480,4242.75196297777,-1.1595848307340606,0.06373343174650319,-18.194294563428755,5.727171434409755e-74,8.839848234991984e-73,TRUE
Solyc08g076090,1843.374380799351,-1.6334644791269168,0.08981879195910727,-18.186221875157273,6.635985588558597e-74,1.023400361363026e-72,TRUE
Solyc04g079940,932.9811328955307,2.045690935074655,0.11270368326060427,18.151056610496145,1.259545643112924e-73,1.9408405328872493e-72,TRUE
Solyc11g005200,1487.3756760320487,-1.6088019032766019,0.08864804257750912,-18.148194325553792,1.3269156866670441e-73,2.0429389504187831e-72,TRUE
Solyc07g043250,527.7592256314556,2.393169982770853,0.13189086901109706,18.145077067992446,1.4043796957691712e-73,2.160394305215454e-72,TRUE
Solyc02g084640,380.78344606717553,2.9753351996771604,0.16403620893251383,18.1382831207788,1.58918542951524e-73,2.442641785182162e-72,TRUE
Solyc01g103710,2501.3302921264776,-1.4218117234997183,0.07841880855900601,-18.131003895957946,1.8141675595859955e-73,2.7861188177000295e-72,TRUE
Solyc12g096920,234.54709762073807,3.9434485657047293,0.2175266532220505,18.128576463130106,1.8960421884117198e-73,2.9094276752564813e-72,TRUE
Solyc12g006930,3295.969071189589,1.6750905327322847,0.09243292919564887,18.122227081938423,2.1280412210529146e-73,3.2627007311606115e-72,TRUE
Solyc03g007940,239.99000113088618,5.514396416303321,0.3043227056238642,18.120226701450882,2.2068386520929766e-73,3.380692911785432e-72,TRUE
Solyc06g075370,392.2840933025827,2.716292807317702,0.14992304785688207,18.117913463917173,2.3015933242039002e-73,3.5229134120599744e-72,TRUE
Solyc11g012680,391.8637057639868,2.649332214919797,0.14622761981187132,18.117864588976328,2.3036384894888347e-73,3.5231103454470257e-72,TRUE
Solyc03g097840,287.1827823440491,3.1605987494146253,0.17445405155033183,18.1170842484146,2.3365382127338306e-73,3.570455691162594e-72,TRUE
Solyc06g036290,102086.41703740245,1.1231839087800037,0.06205061520108954,18.101092231560695,3.124108836317656e-73,4.769974479902613e-72,TRUE
Solyc04g014830,215.99918082534444,3.696525438017014,0.2042607750146339,18.09708906544677,3.359602242589213e-73,5.125275354814731e-72,TRUE
Solyc01g088590,264.72423071454386,-3.7155004436450128,0.2053343442077989,-18.09488061035185,3.497009111602352e-73,5.330474170695359e-72,TRUE
Solyc01g059860,518.8203575500742,2.051917003664951,0.11340284098562554,18.094052898772116,3.549939396517442e-73,5.406672404820226e-72,TRUE
Solyc06g006100,3212.148227429665,-1.2003427872937997,0.0663804150946271,-18.082785194739717,4.355174407036625e-73,6.627580391105486e-72,TRUE
Solyc07g056670,2118.463266829994,-1.7704005092908206,0.09795022834930542,-18.074490883036056,5.0620449471385574e-73,7.696904240136318e-72,TRUE
Solyc12g056250,1305.378754692793,1.9559390388575353,0.10827123884366908,18.065176493285357,5.993001497368055e-73,9.104904671579915e-72,TRUE
Solyc07g054500,374.848303380836,2.9179201251907596,0.1615408872811541,18.06304381696419,6.229117192269361e-73,9.45581018542425e-72,TRUE
Solyc04g081260,426.38558761467874,2.2870197936397787,0.1266293317841253,18.060742810667563,6.49427991666511e-73,9.850193705285042e-72,TRUE
Solyc03g082420,85051.11974762272,-1.6599667460861562,0.09191406835283968,-18.05998554773875,6.583983104473769e-73,9.978018253053693e-72,TRUE
Solyc05g055000,1739.8858397947085,-1.3830330941337783,0.07658102874602986,-18.05973511691011,6.613919385118508e-73,1.0015130152935218e-71,TRUE
Solyc08g068330,4026.4512241536727,-1.2822447859801582,0.07118730536785482,-18.012267487219226,1.5610106346119236e-72,2.3618155140799167e-71,TRUE
Solyc08g078960,313.3791211091853,2.5937465717155628,0.1441515030261776,17.993198248127484,2.2027017499628101e-72,3.3299561076946e-71,TRUE
Solyc08g081535,466.88269626778015,2.7743959635608415,0.15425994774632037,17.985199684647373,2.5447040336720337e-72,3.843820398602547e-71,TRUE
Solyc09g008170,386.835559117742,-7.7491272438064875,0.4309162941455083,-17.982906075001715,2.6522000580684965e-72,4.002905884028996e-71,TRUE
Solyc01g089880,218.19769760655225,4.314338046619626,0.24000338753289485,17.976154799183004,2.9956088061719e-72,4.517496036411652e-71,TRUE
Solyc09g064510,511.51725130027114,2.42536196160128,0.1350688108420702,17.95649155775233,4.269562687579842e-72,6.433391056211494e-71,TRUE
Solyc10g084970,479.41826527557146,-2.424150306808939,0.13500680722366915,-17.955763540076827,4.325916743384794e-72,6.5129670346963694e-71,TRUE
Solyc06g035620,573.1575539402879,1.9295000830719715,0.10746036060297331,17.955458852411336,4.349721413771633e-72,6.5434475244978664e-71,TRUE
Solyc01g005210,2352.617155965953,-1.4109350729985366,0.07858810451251023,-17.953545027592995,4.5022600921448273e-72,6.767379172027667e-71,TRUE
Solyc03g083470,329.77036191062706,2.5761106255342234,0.14349739176962198,17.952316719944587,4.602958439577124e-72,6.913087009374694e-71,TRUE
Solyc01g109420,379.677244673485,2.3520897062578405,0.13103830566200464,17.949634607797307,4.830713916691116e-72,7.249225626982268e-71,TRUE
Solyc11g066890,1772.7087472207816,-1.4468262679054504,0.08060790757788025,-17.948937162369372,4.89175694224033e-72,7.334842403687111e-71,TRUE
Solyc09g074730,1292.0999185242008,-1.4681553159817589,0.0818109318732953,-17.945710705942876,5.184308487374209e-72,7.767167312420545e-71,TRUE
Solyc01g103990,20717.347622028163,-1.271268038160128,0.07087167860989985,-17.937603046734502,5.998745893942296e-72,8.980044443675997e-71,TRUE
Solyc07g065120,8080.840849103912,1.2476202169205548,0.06957544685377823,17.93190375826963,6.646441482645673e-72,9.941540583846657e-71,TRUE
Solyc09g074650,1277.5815240500426,-1.41270859083858,0.07878834275866003,-17.930426524719632,6.825407141371966e-72,1.0200931665027712e-70,TRUE
Solyc12g100120,758.9931535188881,1.8996002785090584,0.10596019605191889,17.927489276994947,7.195649503097675e-72,1.0745542227087292e-70,TRUE
Solyc06g051030,1626.8778655828287,1.684515223252862,0.09396808664600104,17.92646081641324,7.329965526020428e-72,1.0937236709807916e-70,TRUE
Solyc01g005160,233.19830962074008,4.557746459990985,0.2546106416963379,17.900848250588023,1.1613944317160795e-71,1.731542079337931e-70,TRUE
Solyc09g091030,12713.882656256867,1.3338283498770818,0.07451862724676586,17.89926088493492,1.1949728262452529e-71,1.7801608966666518e-70,TRUE
Solyc04g081755,234.22207539008076,3.7533251427333694,0.2098052758598285,17.889565109129936,1.4221391221893155e-71,2.11685696220293e-70,TRUE
Solyc08g082590,594.6350708400868,2.2323181795691123,0.12485676608924368,17.87903250652449,1.7179224421236462e-71,2.5550621564368112e-70,TRUE
Solyc03g007530,1449.6337615214459,1.7076433362317258,0.09551935811701223,17.877458244012114,1.7671149444330174e-71,2.626101376193384e-70,TRUE
Solyc02g062100,793.3412405385283,2.0104200075207967,0.1124662108326786,17.875769021077765,1.8214624797249184e-71,2.7046805141181886e-70,TRUE
Solyc03g120110,365.4164749991382,2.4894801358968643,0.13932809008017233,17.867754696589646,2.1028961369296416e-71,3.120059700175755e-70,TRUE
Solyc08g079110,859.2475868788677,-1.772493187119732,0.09922809994387946,-17.862814949819686,2.2975429840051824e-71,3.4061074737876825e-70,TRUE
Solyc08g078670,948.7429139070275,1.8788490221764245,0.10521546846788102,17.857155887206623,2.542698606837959e-71,3.76651317401307e-70,TRUE
Solyc12g014050,1791.8128069479894,-1.3570765609997986,0.07602724143312158,-17.84987243281173,2.8969737356737908e-71,4.2878476797819077e-70,TRUE
Solyc07g008060,1391.650282256282,1.4342769647796463,0.08039587488513229,17.840181064375592,3.445775914561099e-71,5.0960336795958714e-70,TRUE
Solyc03g080190,825.237503733732,2.9622676588722014,0.16612898072789914,17.831131244488088,4.051401389826342e-71,5.986890011991772e-70,TRUE
Solyc09g082980,2047.4328613263997,1.3637064277673971,0.07651619608016763,17.82245456032097,4.731413526679089e-71,6.986150591240296e-70,TRUE
Solyc12g099560,381.86734471106575,2.677267438047772,0.15030358888363318,17.812398612254988,5.663012557480297e-71,8.354988751537746e-70,TRUE
Solyc04g054310,2934.443998585736,-1.201238615040201,0.06767659831726783,-17.749689625486134,1.7330917347855972e-70,2.5548857546562654e-69,TRUE
Solyc08g074480,3553.492627815998,2.1628689801963144,0.12193053524473473,17.738534288027843,2.1137703465456538e-70,3.1135769455567913e-69,TRUE
Solyc01g008070,5368.443169792319,-1.3694186045943575,0.07726758204684647,-17.723067919533115,2.783116034802974e-70,4.096238756427788e-69,TRUE
Solyc10g008300,700.6811269473208,1.850806932815435,0.10445487549800696,17.71872230943159,3.0066393630640624e-70,4.421684112896533e-69,TRUE
Solyc01g088820,526.8544475075784,-2.306485011087884,0.13017445589036905,-17.718414840392114,3.023116097246389e-70,4.44236156800003e-69,TRUE
Solyc01g104500,1750.2455608526957,-1.4707747223579815,0.08300992235742867,-17.718059246279488,3.0422840453046845e-70,4.4669574764246016e-69,TRUE
Solyc10g005880,1061.7753607042641,1.7891395452827503,0.10099164077634974,17.715719157834812,3.1714817432295936e-70,4.652940852816411e-69,TRUE
Solyc04g005020,182.01423095492015,-5.540208144177184,0.31275733398998384,-17.714079070499466,3.26527794834213e-70,4.786730823315261e-69,TRUE
Solyc11g069790,35842.33890828906,-1.0012519270085165,0.0565303702615203,-17.711752503592912,3.403096310676505e-70,4.98479039674631e-69,TRUE
Solyc01g102610,4972.072702133005,1.518657657986699,0.08577927015995525,17.704250166209288,3.88824580663763e-70,5.690893524157607e-69,TRUE
Solyc09g010970,336.87746614038605,2.6588055953167578,0.1502262231469176,17.69867829744019,4.292636587068198e-70,6.277767572002759e-69,TRUE
Solyc03g007870,7158.840831948279,1.727912885164127,0.09763572551225284,17.69754745098178,4.379692324159179e-70,6.399990778618298e-69,TRUE
Solyc01g067930,2216.678449182771,1.3714659763465273,0.07750800956539199,17.694506465031186,4.622624470147119e-70,6.749619192590508e-69,TRUE
Solyc01g108490,207.6003221970452,4.666730478778801,0.2638520969988541,17.686918284371522,5.288999882829468e-70,7.716482924290009e-69,TRUE
Solyc01g108250,10574.354517213327,1.3090538617300504,0.07401883140182078,17.685416493860632,5.4318211645052976e-70,7.918570060832743e-69,TRUE
Solyc07g062580,445.25198793151105,2.264314770297572,0.12804792693091022,17.68333798577864,5.6358522698685556e-70,8.209498595641336e-69,TRUE
Solyc07g007030,2198.582474643438,1.347509760635246,0.07622216681524106,17.678712334451813,6.117751386154541e-70,8.904404095936574e-69,TRUE
Solyc03g026020,4967.488727719262,-1.8670197350104283,0.10570212934942744,-17.663028611642076,8.078624264729497e-70,1.1749157425516009e-68,TRUE
Solyc04g051820,920.2538623650701,1.6927246245058698,0.09583879441504889,17.662206988698024,8.197095054645964e-70,1.1912031493245592e-68,TRUE
Solyc10g075100,2123.9762110936044,2.8325134210185445,0.1603768912512183,17.661605727109563,8.284887597106875e-70,1.203010179286064e-68,TRUE
Solyc04g012140,251.48477403430016,-4.028865723395358,0.22822623340047885,-17.65294753090775,9.658134370388293e-70,1.4013061099514443e-68,TRUE
Solyc01g097510,558.3812376904923,2.236862224135052,0.12677878622892239,17.643821105022937,1.1351853430788212e-69,1.645750170490376e-68,TRUE
Solyc04g077390,262.82949696745027,2.907791050124733,0.16483447812560958,17.640672529134925,1.2002396288702908e-69,1.7386922850687594e-68,TRUE
Solyc03g044900,304.28550286469135,3.258550906350187,0.18473430479940547,17.639121818162025,1.2336323688559315e-69,1.7856585698172117e-68,TRUE
Solyc06g082590,248.74444602103907,3.0175473846535064,0.17112994169945733,17.633076682472073,1.3728874874621647e-69,1.9856640977196673e-68,TRUE
Solyc03g094120,232.5274683507889,3.437192586362481,0.19499033807716784,17.627502061164716,1.5151471407140552e-69,2.189697318219063e-68,TRUE
Solyc12g007310,3960.111356610807,-1.2214709365120193,0.06932958404001721,-17.61832201109101,1.7821301914253067e-69,2.5735191915924124e-68,TRUE
Solyc01g106620,3309.351872961386,1.65950969780899,0.09421401319374897,17.614255475947576,1.9149203288530137e-69,2.7631067822060403e-68,TRUE
Solyc09g065180,715.9042776839212,1.693977505446729,0.09622774332801061,17.603836969058744,2.301874722994383e-69,3.3188520025729994e-68,TRUE
Solyc04g018110,4157.265823267567,1.4495981620694645,0.08239306203897251,17.593692068196155,2.7533941878843885e-69,3.966743366448175e-68,TRUE
Solyc07g040940,2722.513980800585,-1.166351469239792,0.06635570305106639,-17.577260365129202,3.679298714618785e-69,5.296519050183017e-68,TRUE
Solyc02g084720,950.8817686498637,1.6316282057235658,0.09296097303556078,17.551754811122855,5.767031676915999e-69,8.295410275175807e-68,TRUE
Solyc07g045100,579.7279158142378,2.517513414313722,0.14345703884630456,17.548901291702446,6.064179573828288e-69,8.716013534455466e-68,TRUE
Solyc06g069190,1030.6886799388942,1.8516442746835862,0.1055659628924393,17.54016374169976,7.072332409531211e-69,1.0157084897219706e-67,TRUE
Solyc01g081300,1268.1002628356146,-1.5602364963818964,0.08900567480529409,-17.52962942862934,8.512241766622705e-69,1.2215498859939515e-67,TRUE
Solyc09g089560,1084.3330181947535,-1.546843431628242,0.08824730234032685,-17.52850671471883,8.681975563177846e-69,1.2449357002956188e-67,TRUE
Solyc03g025390,436.90070183461256,2.1622143221457826,0.12340412343045971,17.521410646899707,9.835612375049057e-69,1.4092600334413626e-67,TRUE
Solyc10g086060,1138.9979719454818,1.760205499708762,0.10047903391617341,17.51813717852072,1.0418111551261806e-68,1.4915587589318207e-67,TRUE
Solyc02g071280,1875.8382753236478,-1.3888138833603605,0.07931952537831224,-17.50910481040389,1.2209907145773262e-68,1.746729362340466e-67,TRUE
Solyc01g107090,504.46334510086825,2.6370094911046893,0.15062725499688437,17.506854859429218,1.2702101656274164e-68,1.815728886059782e-67,TRUE
Solyc07g065930,803.2952601048677,1.7020254239050028,0.09724479010401633,17.502484421884798,1.3715390533623051e-68,1.959052246927681e-67,TRUE
Solyc06g084290,1190.9786043769702,-1.661944747271469,0.09497274081217036,-17.49917642745862,1.453557442096895e-68,2.0745921163095668e-67,TRUE
Solyc07g048070,211.570003964294,4.171879417380822,0.23846271428599666,17.4948919367635,1.5670942927020789e-68,2.234902589817092e-67,TRUE
Solyc02g090350,709.9688200866843,3.2264058891720424,0.18445141180152158,17.491901296173364,1.6515420981019972e-68,2.3535115030549624e-67,TRUE
Solyc03g005730,3964.0937751067577,-1.1403966602300437,0.06521218454514126,-17.487478270884132,1.7848208798250942e-68,2.5414688020003645e-67,TRUE
Solyc06g061027,194.92920906378083,4.0249391055986905,0.23017801675788852,17.48620116851689,1.825261216872037e-68,2.5970415595788434e-67,TRUE
Solyc03g123780,780.0544272349422,1.6254874378329653,0.09310074729052024,17.459445655797403,2.9175343307020975e-68,4.147953101415055e-67,TRUE
Solyc08g078180,203.78099683574348,4.829727342022925,0.27679488043929795,17.448759653205002,3.51789119596907e-68,4.9976347647217474e-67,TRUE
Solyc01g100520,8280.672007701896,-1.0528526087511436,0.060390816039942175,-17.433985459888344,4.555728834893921e-68,6.467024183154823e-67,TRUE
Solyc04g071650,1076.9560889457962,1.523702517411869,0.08740217143041382,17.43323412307875,4.615992277970308e-68,6.547514355395692e-67,TRUE
Solyc01g111880,269.1439890804472,-2.9408170322741247,0.16881661792641495,-17.420186877313167,5.798743592873709e-68,8.218836042235728e-67,TRUE
Solyc03g114970,744.6181339170754,2.0451410247859143,0.11754494601160959,17.398800154146326,8.424918198143012e-68,1.1931839078309938e-66,TRUE
Solyc06g068090,7219.1011148051075,1.265233329365288,0.0727635607920787,17.388282205988823,1.012227967038288e-67,1.4324701091658852e-66,TRUE
Solyc03g031700,2176.5090161933895,-1.5797938824952293,0.090958185513954,-17.36835309069431,1.4327957625820534e-67,2.0260834233496837e-66,TRUE
Solyc01g110480,6269.236562470455,1.4641497375823564,0.08432531761284545,17.36310966896755,1.569855282282663e-67,2.2181898273791078e-66,TRUE
Solyc04g009030,7331.903432530754,-1.2077287797006524,0.06955812863398007,-17.362870500093656,1.576409526848677e-67,2.2257401176696797e-66,TRUE
Solyc06g074840,1213.7769682809972,1.634109274023633,0.0941300871614294,17.36011644418431,1.6538765028389764e-67,2.3333240024319956e-66,TRUE
Solyc04g079760,225.7607774228969,3.486345214315009,0.20085843101049639,17.35722616559133,1.7392582693038836e-67,2.451900672132921e-66,TRUE
Solyc07g055990,227.3407036511248,3.326774392092316,0.19176774982614198,17.347934650682365,2.0446414732443444e-67,2.8802026208927804e-66,TRUE
Solyc05g051660,603.271134849005,2.5623221987483715,0.14771466285533136,17.34643094475906,2.0988585160957256e-67,2.9543121057724137e-66,TRUE
Solyc01g094640,2444.5947402025627,-1.479660251875019,0.08531881900581835,-17.342718395740018,2.2389317697810837e-67,3.1490652428374645e-66,TRUE
Solyc06g009050,20858.475193130656,-1.2416870377616285,0.07163385111299837,-17.333802643151728,2.6145535681612937e-67,3.674567143999164e-66,TRUE
Solyc01g104600,841.5834836850923,-1.56860108063665,0.09049478801668087,-17.333606885155753,2.6234698037082336e-67,3.684281543282541e-66,TRUE
Solyc09g013150,1294.3449068561576,-1.7953318267257137,0.10360308325898697,-17.328942057040365,2.8451409352417667e-67,3.9925363215686564e-66,TRUE
Solyc12g044940,1929.3086511864526,1.352525441455094,0.07806673640791026,17.325246368542274,3.033933731801456e-67,4.254218443303293e-66,TRUE
Solyc03g082920,15805.595389334576,1.3477521615788228,0.0778258492781881,17.31753876223425,3.4687995101838444e-67,4.860285167355916e-66,TRUE
Solyc07g054810,545.0664221392103,-8.50580323266552,0.49147399580938017,-17.306720813697996,4.185855382683606e-67,5.860516336623969e-66,TRUE
Solyc01g096350,2994.26988156036,-1.131718968255375,0.0654134515000692,-17.301012900292804,4.621908639534492e-67,6.466099430788627e-66,TRUE
Solyc11g065950,1218.3381501953784,-1.5354623816045745,0.08885052058644827,-17.281411200181168,6.493950565215945e-67,9.078197204590472e-66,TRUE
Solyc02g094320,615.9057223810177,2.2801451289967285,0.13197055789086648,17.27768045719942,6.927860865895779e-67,9.677421451197728e-66,TRUE
Solyc11g008900,2227.0007037946193,-1.2080083182706023,0.06994248298196483,-17.27145315361618,7.717443629440598e-67,1.0772191817768147e-65,TRUE
Solyc01g109100,801.0615334115918,-6.0709773935593025,0.3517069733917828,-17.26146438045332,9.17542397833658e-67,1.2797558345505413e-65,TRUE
Solyc01g099640,282.76204644398496,-3.1588511563751704,0.18301007165536934,-17.26053177184521,9.324823441926138e-67,1.2996075006287202e-65,TRUE
Solyc01g094720,2417.9869231372973,-1.3789701568198507,0.07997364013656924,-17.242808436192394,1.2672796917937347e-66,1.7648789828972897e-65,TRUE
Solyc02g092450,223.49134524522233,5.641983237186367,0.3272473214219023,17.240731605293913,1.31363818111726e-66,1.8280553129052679e-65,TRUE
Solyc01g107410,1014.3029990596303,-1.6092789441071385,0.09342465421976368,-17.225420394081596,1.7117947556796157e-66,2.3803270040588788e-65,TRUE
Solyc01g109970,1185.3925674643378,-1.5579455125183919,0.09049064367936106,-17.216647480580637,1.991975932619127e-66,2.7678377603429637e-65,TRUE
Solyc01g111040,12078.503961685507,-1.0465115476193143,0.06078811482690233,-17.21572630767242,2.0239262502331703e-66,2.8101084787036533e-65,TRUE
Solyc02g079880,3491.9026898460684,-1.4058787641472374,0.08168311715409636,-17.211375044552074,2.181889194506708e-66,3.0271448349144764e-65,TRUE
Solyc04g057890,1164.796392948557,-1.872468440821842,0.10881623023683666,-17.207620928849,2.328010975412732e-66,3.2274378401970026e-65,TRUE
Solyc04g077650,6825.215492351224,-1.5367901095021985,0.08933118337710509,-17.203288386035936,2.508808030838177e-66,3.475464810165653e-65,TRUE
Solyc07g017500,1178.1248030216582,-1.536518068207833,0.08933528820928414,-17.19945274714131,2.6805111403329354e-66,3.7105298413208097e-65,TRUE
Solyc02g092840,883.6597855581606,1.8474311898869578,0.10742340498815761,17.197659952136306,2.764734293770542e-66,3.824237059622564e-65,TRUE
Solyc08g006150,1622.1371001476296,1.4508607474569193,0.08436535683399118,17.197352111149502,2.779459300531548e-66,3.841714309900108e-65,TRUE
Solyc09g011490,229.84839165121338,3.7579429480166446,0.21860322402122218,17.190702309366767,3.1173318598426016e-66,4.305477954882535e-65,TRUE
Solyc03g005760,12154.139182305044,1.9974883602068658,0.11623664055758968,17.184670432876164,3.4590710461159537e-66,4.773881609665884e-65,TRUE
Solyc07g052400,371.0342615498321,2.4031987692904204,0.13991698109261433,17.17589066404804,4.024282334209042e-66,5.54976610275805e-65,TRUE
Solyc08g067310,165.39326638922685,-5.295806634396877,0.3083815818593168,-17.172901839555436,4.236979852519829e-66,5.838710691819492e-65,TRUE
Solyc06g073280,4479.6022399770745,-1.212669819556869,0.0706861994673433,-17.15568001526404,5.699895107089872e-66,7.848776910384503e-65,TRUE
Solyc08g081550,1973.0311635568369,2.6939572104659653,0.1570861359343116,17.14955425214923,6.333641752999128e-66,8.714920385133455e-65,TRUE
Solyc07g053100,613.329900516165,-2.0526425128728314,0.11969990291527895,-17.148238744401056,6.478643106279978e-66,8.907770846876952e-65,TRUE
Solyc09g066060,450.89520188516656,-2.1749220435660686,0.12687376203982825,-17.142409971916152,7.161969223244032e-66,9.839946205597538e-65,TRUE
Solyc03g059170,857.988893066011,-1.4910232245749382,0.08700299142112365,-17.137608721496548,7.778446935249969e-66,1.0678953697587766e-64,TRUE
Solyc09g005320,283.9399995029788,2.6918009396014955,0.15714185727179003,17.129751336372458,8.903443737434351e-66,1.2214328822780275e-64,TRUE
Solyc10g007690,2183.2844155684697,1.5317292892255419,0.08942015556211957,17.12957531326883,8.930421214353121e-66,1.2242202325388026e-64,TRUE
Solyc06g068540,1626.797600930167,-1.3692249506642777,0.07993700454706336,-17.128799839605435,9.050244416340166e-66,1.2397216326794432e-64,TRUE
Solyc10g006130,3186.091911235444,1.7468982264978854,0.10198802347929714,17.128464371627846,9.102574869357342e-66,1.2459615325643784e-64,TRUE
Solyc02g070490,592.0174285891302,-1.9116662125206727,0.11162620638674679,-17.125604053024972,9.561187999532758e-66,1.3077627901444248e-64,TRUE
Solyc11g066860,278.9046386634481,2.580161853723323,0.15072537132912467,17.11829820667198,1.0839817536859196e-65,1.4815491879560045e-64,TRUE
Solyc09g097780,219.37175770449156,4.77806572239854,0.27915837708644725,17.115967545974492,1.1282531423799164e-65,1.5409121483187222e-64,TRUE
Solyc07g054760,586.606244245515,-3.1918071932080196,0.18649046241711856,-17.11512294966047,1.1447374240946767e-65,1.5622648899133216e-64,TRUE
Solyc02g089090,5255.920925232188,1.1437981252628469,0.06685461765852423,17.10873781531541,1.2773758985107044e-65,1.7419882153058072e-64,TRUE
Solyc01g111620,1548.7981708955165,1.6730209865244534,0.09781041677629754,17.10473221222259,1.3682920250127097e-65,1.8645894956122045e-64,TRUE
Solyc07g055470,364.31108849988624,2.4785337491875823,0.14497287255068514,17.096534721149588,1.5749471230749764e-65,2.144611330628688e-64,TRUE
Solyc12g013680,230.90529313475105,5.835891031554267,0.34140436849095906,17.09377960612947,1.6511646745758147e-65,2.2467328062714435e-64,TRUE
Solyc10g009210,2838.6818840844426,1.2886739766097006,0.07539045189525474,17.09333137305167,1.6639076550997994e-65,2.2623975165458294e-64,TRUE
Solyc05g055400,228.28678551312527,4.4917694636938155,0.2629352756134162,17.083175519962925,1.98041209515774e-65,2.6907550292154274e-64,TRUE
Solyc05g053010,187.1216410169128,3.9444825682283113,0.23099153638504302,17.076307772823323,2.2277757965508953e-65,3.024608749482652e-64,TRUE
Solyc12g099360,5191.575580052761,-1.2816046681399533,0.0750868688637213,-17.06829286577388,2.5556405282172186e-65,3.467183751307537e-64,TRUE
Solyc11g069330,1300.6131598139816,1.5725834588587477,0.09220522627864232,17.055252964798683,3.1948681854401042e-65,4.331214000954678e-64,TRUE
Solyc01g005080,1009.3526885758275,1.604124534186706,0.09420512457940117,17.02799652724479,5.091784637996443e-65,6.897735961701445e-64,TRUE
Solyc12g038430,227.60593119925161,5.501397341792475,0.32316957870795227,17.023252509680304,5.521640438740921e-65,7.474544638098259e-64,TRUE
Solyc10g085040,17802.45209472498,-2.0117330341662654,0.11819917525098667,-17.01985677898774,5.851357903758764e-65,7.91504873765985e-64,TRUE
Solyc01g111570,324.86231242659034,-2.5941589007941506,0.1525888200935628,-17.00097621309013,8.076369426694426e-65,1.0916757291979679e-63,TRUE
Solyc01g111260,1968.4681364780454,1.7284908910395098,0.10168633006489473,16.998262105992143,8.45907475686883e-65,1.1425655492690647e-63,TRUE
Solyc01g112290,4243.399114876265,-1.0668447908080791,0.0627783700939267,-16.99382747930386,9.123651062200754e-65,1.2314249447609136e-63,TRUE
Solyc10g012430,456.9912488912004,2.2620181121108875,0.13318474012785028,16.984063714352487,1.0775951399297905e-64,1.4533698794812426e-63,TRUE
Solyc09g082230,326.4188306013874,3.584705395819123,0.21115115010961624,16.976963629883958,1.216174403854238e-64,1.6390714124671888e-63,TRUE
Solyc10g017970,16539.419062371162,1.7238252684648427,0.10154112736182055,16.97662132824616,1.2232868883086268e-64,1.6474492943426732e-63,TRUE
Solyc01g094080,2850.540597964773,-1.1463950287594724,0.0675792345944842,-16.963717266680035,1.5239120132799237e-64,2.050810727681174e-63,TRUE
Solyc10g006870,239.32602448393683,2.951218406930616,0.17403517740705143,16.957597026651698,1.6912068681435002e-64,2.2742835301449866e-63,TRUE
Solyc08g078300,189.14137319591762,4.146442302261488,0.24452399438780778,16.9572001007204,1.702668073319872e-64,2.2880224555438017e-63,TRUE
Solyc09g008550,499.2898196946717,-2.001227983424909,0.11807081364855693,-16.949387588550493,1.9446887984140802e-64,2.61133777803112e-63,TRUE
Solyc05g012820,373.5078458411629,2.264766982811304,0.13375673937359964,16.931984088558867,2.6141773819653378e-64,3.507768088515971e-63,TRUE
Solyc12g005630,3039.9932467876715,-1.273012283343718,0.07519007132724408,-16.93059018129246,2.6768263049330566e-64,3.5892121052942655e-63,TRUE
Solyc03g113130,177.24117490309888,-3.3216864452138424,0.1962916913731261,-16.92219585035685,3.0870321223440154e-64,4.136218039726679e-63,TRUE
Solyc07g008320,6878.057115033345,1.0437768450663953,0.06168239652486574,16.92179461032488,3.1081369070484095e-64,4.1614625464144876e-63,TRUE
Solyc07g041190,940.5049584001528,-1.8042107121555053,0.1066634262074494,-16.914989292079376,3.488800580410479e-64,4.66773079109795e-63,TRUE
Solyc02g067840,1688.882131158408,-1.436728301847808,0.08495705965448326,-16.911229127878492,3.718702682636522e-64,4.971702648356887e-63,TRUE
Solyc06g061070,1982.6380073780322,-1.3652485412319044,0.08075025119700605,-16.907050083362755,3.99196807485326e-64,5.333164906978741e-63,TRUE
Solyc01g006280,5937.459259311174,-1.3629023689736566,0.08070345745440105,-16.887781663427763,5.534511648017047e-64,7.388593146368727e-63,TRUE
Solyc02g067690,1490.3897555238789,1.695255084750442,0.10040514326793445,16.884145867175324,5.886202697823984e-64,7.852399433533984e-63,TRUE
Solyc06g084770,1014.1360966741643,1.755559974571865,0.1039927842746628,16.881555646544953,6.150256325409474e-64,8.1987064561278e-63,TRUE
Solyc02g079590,2774.3432961870476,1.4031677576617487,0.08313022018322536,16.87915362871721,6.405660083844348e-64,8.532989081254394e-63,TRUE
Solyc02g092870,473.22227693048984,-2.070081322795296,0.12268832908824458,-16.872683312088903,7.147447374667168e-64,9.514230636387151e-63,TRUE
Solyc09g009840,602.2180551974487,1.8049341640471632,0.1069831960610392,16.87119314529881,7.330069494968093e-64,9.750265378147501e-63,TRUE
Solyc08g082640,268.9950532849389,6.449513868138752,0.3823418963937482,16.868446615373877,7.678929463201627e-64,1.0206924101376393e-62,TRUE
Solyc11g064920,769.5716132185805,1.8378552727831299,0.10896849603568592,16.865932261570844,8.01278398460498e-64,1.064047566348483e-62,TRUE
Solyc12g096310,1150.9079508233553,1.5266266960109423,0.09051555944929063,16.865903556241086,8.016677796837562e-64,1.064047566348483e-62,TRUE
Solyc08g077790,916.0183448272062,1.5587637731259238,0.09247635053494216,16.855809773082964,9.509663002368499e-64,1.2612996751265521e-62,TRUE
Solyc07g009443,489.7725112993009,2.0883492257927903,0.12389694001813689,16.85553513659888,9.55394160742036e-64,1.2662588937938606e-62,TRUE
Solyc02g068820,873.8620219973968,1.5070333571483046,0.08946152716155138,16.84560285257454,1.1301142117710534e-63,1.4967499679385644e-62,TRUE
Solyc09g082890,200.21437972565062,5.048896619887548,0.29978791220327894,16.841561698671867,1.210004971664165e-63,1.6014054279411336e-62,TRUE
Solyc07g040890,270.78721457144485,2.625680181745303,0.15595437192170641,16.836207599639913,1.3245824539348453e-63,1.7517841187542634e-62,TRUE
Solyc02g080440,1821.4305013699172,-1.3534848332228124,0.08039649994930391,-16.835121355734234,1.3491152288749362e-63,1.7829464595548492e-62,TRUE
Solyc03g083350,1821.3209828845143,-1.3094627534684924,0.07779807321122961,-16.83155763913547,1.432825659529962e-63,1.8908567192490517e-62,TRUE
Solyc07g053130,582.6917859841183,1.8759931100033937,0.11145665509722427,16.83159348687572,1.431958362003144e-63,1.8908567192490517e-62,TRUE
Solyc12g056620,366.3653049151673,-2.082095650108015,0.12370990846952967,-16.83046795415619,1.4594406933212204e-63,1.9245981538969868e-62,TRUE
Solyc11g068940,272.7484487044979,3.542905749540462,0.21057906216488545,16.824586989405113,1.6118175097469027e-63,2.124017296177585e-62,TRUE
Solyc02g092470,681.627109779145,1.8199468488476993,0.1082184310172664,16.817346469912543,1.821358085620197e-63,2.3984259088793755e-62,TRUE
Solyc08g066160,1004.5298095734124,-2.19899804900793,0.13077151320352393,-16.815573936087738,1.8766623256319764e-63,2.4694834310732013e-62,TRUE
Solyc07g054820,2698.5610763671693,-1.2517550566751035,0.07445632628810078,-16.811936863921694,1.995435841523079e-63,2.623898217075734e-62,TRUE
Solyc02g090930,244.4365229828237,5.759774897828179,0.3427482472201786,16.804680824897545,2.2552321769029926e-63,2.963397648892617e-62,TRUE
Solyc02g069310,1875.9857524595857,1.7014171616902434,0.10128610367364035,16.798130246696775,2.518589487314382e-63,3.3070878960928776e-62,TRUE
Solyc04g008100,821.0937522822688,3.364409477393255,0.20033114776411912,16.79424051098981,2.6892482957696376e-63,3.528654633913865e-62,TRUE
Solyc11g007510,572.3179602106038,2.040813912667073,0.12152255585349725,16.79370466111161,2.713644169843273e-63,3.558125590173244e-62,TRUE
Solyc04g011520,1031.1249210968056,-1.633093018034404,0.09727586079349959,-16.788265914204427,2.974083765913214e-63,3.896834060497691e-62,TRUE
Solyc01g067000,2552.3952212200975,2.2308462444149684,0.13306282710844816,16.765360340621623,4.3735468638515273e-63,5.7264182334887905e-62,TRUE
Solyc03g118040,23876.460565854544,0.9869975405124333,0.05889288467085451,16.75919843337014,4.8512042079847726e-63,6.347308680098511e-62,FALSE
Solyc06g071500,716.9616644184558,1.7042064379894295,0.1017000191674056,16.757188955728534,5.01794883201862e-63,6.560807494950092e-62,TRUE
Solyc11g066510,279.17965911928223,-2.7423257819657976,0.1636775576398943,-16.754439774811196,5.25536227393735e-63,6.866334376815231e-62,TRUE
Solyc09g090080,279.59989585262883,2.599935554101578,0.15541169892757833,16.729342591596946,8.01177076513935e-63,1.046025440167306e-61,TRUE
Solyc09g010870,1279.5042817662488,-1.402472452950773,0.08385173461932634,-16.72562242531746,8.528057917156728e-63,1.11264221924125e-61,TRUE
Solyc01g080910,3788.7676544041333,-1.3480497393489388,0.08065701285015883,-16.713360583453397,1.0476154244591305e-62,1.3658378970093757e-61,TRUE
Solyc04g025650,182.06484749499467,4.912611787148243,0.2940351915429177,16.70756402106104,1.1545656765074557e-62,1.504208421774384e-61,TRUE
Solyc09g059510,325.50520755381484,2.2729867644253225,0.13605260820285905,16.706675413647506,1.1718961979634306e-62,1.5257059353513982e-61,TRUE
Solyc05g009070,1473.8794736605487,1.3154807043868573,0.07877617414130696,16.698966644751966,1.3335433603365394e-62,1.7349276428214157e-61,TRUE
Solyc01g099045,174.78720876467082,-4.883230240589182,0.29247991827940323,-16.695950509409947,1.4026744511104086e-62,1.8235759854853352e-61,TRUE
Solyc10g086760,433.1013058692081,2.663061212099504,0.15953542919967734,16.692600668446943,1.4836468548281429e-62,1.9274826948625972e-61,TRUE
Solyc12g010200,273.8397752943487,-2.6689206744506104,0.159916889841215,-16.689423344217367,1.5647482110267618e-62,2.0314100539057176e-61,TRUE
Solyc09g091510,1137.0301153099258,-1.9866004391651093,0.11906498678154524,-16.685009530215872,1.6847915202548892e-62,2.1857108339340597e-61,TRUE
Solyc09g011220,962.9928051597685,-1.4108689726312025,0.08461330431183366,-16.67431598500857,2.0150482524395696e-62,2.6104744203380273e-61,TRUE
Solyc12g005870,1671.8785780029182,-1.2341837272197356,0.07401690160824054,-16.67435005253354,2.0138998372216245e-62,2.6104744203380273e-61,TRUE
Solyc07g053230,642.0584281762401,8.728027448980695,0.5234558931777419,16.673854593546533,2.0306661621684555e-62,2.628854652052304e-61,TRUE
Solyc10g085100,904.0856855119466,-1.6599887480191726,0.09960218711984005,-16.666187721579806,2.3085681491958815e-62,2.9865171208070296e-61,TRUE
Solyc05g052610,1042.2872841998114,1.5937873277198993,0.09564133440366941,16.664210486577563,2.386186067460362e-62,3.084757980177485e-61,TRUE
Solyc12g005060,2006.4112915606893,-1.775792690177577,0.10657344166262714,-16.662619339995537,2.4505317725906173e-62,3.165715079095806e-61,TRUE
Solyc05g056130,2097.672643210079,1.2149241275510207,0.07293071674248947,16.658606713557848,2.6205835120952174e-62,3.3830187291324704e-61,TRUE
Solyc06g050800,540.1683516540573,1.784168967102288,0.10714640726238588,16.65169194831815,2.941664822316052e-62,3.794850837097262e-61,TRUE
Solyc12g010440,381.88748164946725,2.279442562865159,0.13699725735753407,16.63859997515346,3.6607734403336188e-62,4.719214456777904e-61,TRUE
Solyc12g099810,411.6324062312201,-2.028213521166064,0.12190965410480968,-16.637021375045023,3.758549471636608e-62,4.841865097203627e-61,TRUE
Solyc01g011350,1753.4130892301027,-1.220365959661939,0.07336035148671209,-16.63522508998592,3.872977271968945e-62,4.985780195420526e-61,TRUE
Solyc11g045120,2110.1332864569918,-1.172038407410701,0.07047176189024279,-16.63131977934805,4.133873040154527e-62,5.317913792663448e-61,TRUE
Solyc02g079540,441.9163361728705,2.6908778611514452,0.16183885996391448,16.626895800869057,4.450630237823713e-62,5.7213941022317e-61,TRUE
Solyc06g062550,215.48063052130442,-2.947029004998257,0.1773129636140748,-16.620493758214568,4.95230781473904e-62,6.361864050199006e-61,TRUE
Solyc01g096080,373.1190997603581,-2.218439020614494,0.13355499547577196,-16.610677966118747,5.833022957027184e-62,7.488021020882034e-61,TRUE
Solyc01g103250,1220.6617871242324,1.9537381657121629,0.11775154009422496,16.59203917119707,7.957217871020901e-62,1.0207783400068195e-60,TRUE
Solyc07g066470,3677.2967238046044,-1.173199393453721,0.07072072949220316,-16.58918681803281,8.344247765683945e-62,1.0696813575771824e-60,TRUE
Solyc08g007240,572.9068191158981,2.373561543473281,0.1430912740042842,16.58774485020111,8.54698637941015e-62,1.0949076697748906e-60,TRUE
Solyc05g005940,348.96949917419624,2.313592675516268,0.13951225166095407,16.583437282188054,9.182322559444082e-62,1.1754779638597533e-60,TRUE
Solyc10g076550,230.27589668339814,2.766658657213535,0.16700798312405923,16.56602639862052,1.2266890905260066e-61,1.569257171269282e-60,TRUE
Solyc03g111310,6656.776128237547,-1.149301113792408,0.06938030107675888,-16.565236759651402,1.2428994769911342e-61,1.5888888098420044e-60,TRUE
Solyc01g105050,760.8458435172641,1.8876371493115809,0.1139795060606601,16.561197837679494,1.329212395472764e-61,1.6980480518398764e-60,TRUE
Solyc01g010660,957.162516983815,1.6103471139949375,0.09731303391101623,16.548113333589527,1.6519902255298733e-61,2.1089261330496987e-60,TRUE
Solyc03g119200,258.0415344043785,2.654441075123902,0.16043750518570193,16.54501590542349,1.739188117427074e-61,2.2187019543831993e-60,TRUE
Solyc01g088150,514.2951701820516,1.9037865943800005,0.11522621304712471,16.52216578185554,2.5410696391036357e-61,3.239423243803199e-60,TRUE
Solyc02g088100,306.77038724496623,2.766625398215725,0.1674849152931408,16.51865419266824,2.6934126535705885e-61,3.4312546646284216e-60,TRUE
Solyc08g068770,236.66791369543432,3.2820234741992595,0.19869215756751213,16.518132946863215,2.7167885583357384e-61,3.458637400823122e-60,TRUE
Solyc03g116030,448.68622674521583,2.1503301059244944,0.13019297189629828,16.516483759486512,2.7920881848541827e-61,3.5520385537836984e-60,TRUE
Solyc09g065890,184.4093285204252,4.088755613611049,0.24761299501055334,16.51268590906057,2.973494931031983e-61,3.7802045170927347e-60,TRUE
Solyc06g084540,4419.004476891567,-1.2992199437454828,0.07868270954821249,-16.512140357207592,3.0005007274974063e-61,3.8119008205656406e-60,TRUE
Solyc06g036250,253.13613997097997,-2.6420598411083818,0.1601078232265646,-16.50175355497569,3.563910081257e-61,4.524541369043331e-60,TRUE
Solyc04g074490,4086.2977125069647,1.23681229606557,0.0749581236427229,16.50004343706171,3.666287801388017e-61,4.6513021844662464e-60,TRUE
Solyc06g069850,242.1353897237231,3.671004784670459,0.22256692357325245,16.493936860578646,4.056365093537159e-61,5.142631690654731e-60,TRUE
Solyc11g011880,309.6463167346147,-2.191953836988515,0.13291652093842057,-16.491206822995572,4.2438757870016556e-61,5.376648421257853e-60,TRUE
Solyc01g096740,191.5440758206153,-3.9655251530353492,0.24047183190469587,-16.490601504657608,4.286607554172082e-61,5.427045913797892e-60,TRUE
Solyc03g112060,186.38861074859977,4.017712490930303,0.24364476667268917,16.490042227451873,4.3264700207938906e-61,5.473743867326503e-60,TRUE
Solyc05g009610,443.0099516772565,2.5215034568890227,0.15291237000588515,16.489859236319322,4.3395927337805605e-61,5.486570373114721e-60,TRUE
Solyc08g078820,3138.0811486708135,-1.3064257278096278,0.07922928228639299,-16.489177865921377,4.388805069540739e-61,5.544976191984014e-60,TRUE
Solyc03g111590,1797.9954427312168,-1.290510422339859,0.07826793356574825,-16.48836711979597,4.448086568416356e-61,5.616014793076777e-60,TRUE
Solyc01g008500,179.78435915887718,3.9428092760167175,0.23913042801061693,16.488111984818865,4.4669064856360274e-61,5.635905416983328e-60,TRUE
Solyc01g058320,230.01392182348414,3.1168564787991513,0.18904309203847133,16.487544957024156,4.50901761871423e-61,5.685135177285576e-60,TRUE
Solyc01g007980,1037.2075501287643,1.6126667603535716,0.09781157477159887,16.48748385985331,4.513578628121802e-61,5.68698532698856e-60,TRUE
Solyc06g054610,259.2174068615849,-4.381167627568606,0.2658773488229962,-16.47815297904637,5.2669505144408315e-61,6.631667897737383e-60,TRUE
Solyc05g018130,1158.872011355799,-1.4281202242897215,0.08668567796748115,-16.47469637170583,5.576784460782617e-61,7.016976642201701e-60,TRUE
Solyc04g082050,2059.5734566770057,-1.3477190410128235,0.08190730771602216,-16.45419778276013,7.8251764245877e-61,9.839276211572893e-60,TRUE
Solyc02g085350,17536.010061757726,-0.9600494445149335,0.058348276914198534,-16.45377542042401,7.879948038490062e-61,9.901372849730883e-60,FALSE
Solyc07g053720,473.14026216623984,2.1389120851763574,0.1300415954970557,16.447907125414996,8.681669316284852e-61,1.0901306491889647e-59,TRUE
Solyc06g062990,551.0806424266933,1.7221929051418634,0.10481741225489946,16.4304085370259,1.1587565621559446e-60,1.4540219714752716e-59,TRUE
Solyc12g042060,22739.246506738204,-1.1586376960943001,0.07055116980727755,-16.42265747342411,1.3167137263636532e-60,1.65110153013254e-59,TRUE
Solyc01g091370,291.43067807196724,2.437062303050882,0.1484824298646269,16.413135919669276,1.540394636919314e-60,1.9302709345935752e-59,TRUE
Solyc07g054790,453.92313802813635,-8.34593882902304,0.508578979415411,-16.410310230706603,1.6137876372412384e-60,2.020862270804202e-59,TRUE
Solyc08g061480,1073.605694518902,1.5865787829401372,0.09677272784726638,16.394895733890944,2.0799726756947455e-60,2.602868461354425e-59,TRUE
Solyc06g075340,5031.309264631975,-1.0706281208254878,0.06533985145830747,-16.385530375878524,2.4264327934302688e-60,3.034361499430519e-59,TRUE
Solyc04g071030,1508.1882755796973,1.5277041511991154,0.09324127299832283,16.38441971107146,2.4711600529406795e-60,3.0881941028693754e-59,TRUE
Solyc12g005910,1156.8160953923289,1.724058266112646,0.1052279351312218,16.384035892776033,2.4868069012163167e-60,3.105636634854589e-59,TRUE
Solyc02g080520,540.5277703757936,-1.8639133215898553,0.11376530991224394,-16.383846033800964,2.4945831974747625e-60,3.1132330562918235e-59,TRUE
Solyc08g081400,1061.7978664022987,2.2607837971878393,0.13813465350678428,16.366521649665586,3.3163402926386e-60,4.1359758208667155e-59,TRUE
Solyc12g056110,828.2596732142752,1.5481465473233609,0.09459992842995404,16.365197870838525,3.3892441287419014e-60,4.224032191095754e-59,TRUE
Solyc07g021750,1634.2777008780017,1.8959138707164784,0.11587392798300243,16.361867623876446,3.579787906907637e-60,4.4584851688809686e-59,TRUE
Solyc02g085010,254.91476614053536,2.759116218970144,0.16866094942275192,16.358951069665604,3.755406506514572e-60,4.674044536848841e-59,TRUE
Solyc08g079280,1513.2097654645981,1.323716522931462,0.08097678930811296,16.34686351782585,4.579532378740531e-60,5.695909588524166e-59,TRUE
Solyc11g010170,2295.5289522606918,1.2943518215163954,0.07927450055390982,16.327467375668732,6.294356145236506e-60,7.823471874096193e-59,TRUE
Solyc07g061950,2224.8279118081764,1.2801731181993026,0.07844562849937783,16.3192410168459,7.202551941787782e-60,8.946250834181405e-59,TRUE
Solyc08g081900,3510.7456988848,-1.1748217829750984,0.0719999360367225,-16.316983703650763,7.473831617346572e-60,9.276937651700341e-59,TRUE
Solyc06g082280,1091.813272866938,-1.4690388821636255,0.0900549647541305,-16.31269176746023,8.018017310471476e-60,9.945695831200887e-59,TRUE
Solyc01g107190,178.64412994507546,4.163927909315697,0.2553302500405979,16.308008583603492,8.656933427798529e-60,1.0730978233528009e-58,TRUE
Solyc03g059180,2257.2173703444737,-1.5906115428173484,0.09755494508644148,-16.304776158788663,9.127268819811823e-60,1.1306373498288458e-58,TRUE
Solyc12g042910,1944.7616481011678,1.2649703919380677,0.07764118424672103,16.292518000734773,1.1154069805948185e-59,1.380776196920845e-58,TRUE
Solyc03g007070,752.4832384767012,-1.6024076615695892,0.09839185639711534,-16.285978537717362,1.241277099193648e-59,1.5355583387938646e-58,TRUE
Solyc05g052270,947.3563380379487,-1.4902524481541948,0.09151039483325901,-16.285061941537702,1.2600153207382254e-59,1.5576907626853261e-58,TRUE
Solyc06g063210,281.53247347888635,2.619714514241915,0.16087927001236857,16.283729495046245,1.287758594994949e-59,1.5909184309000097e-58,TRUE
Solyc03g005570,169.56675848472318,4.398260309078742,0.27021531065641363,16.276873055025565,1.4404363996196446e-59,1.7783440116996594e-58,TRUE
Solyc12g100140,295.74638135953364,2.5421683762435285,0.15624544061864235,16.27035237750298,1.602330005578387e-59,1.9768880867481533e-58,TRUE
Solyc09g083050,177.60371664193076,4.861435367479569,0.29884262501627407,16.267543384130125,1.677541903554353e-59,2.068293280552627e-58,TRUE
Solyc02g086900,884.117049055986,1.5088570042489013,0.0927619219690573,16.265909246169052,1.7229042044294225e-59,2.122798122655903e-58,TRUE
Solyc07g008240,765.1116871988944,-9.802770911511317,0.6026728650901594,-16.265492407800423,1.7346695995755326e-59,2.1358627762221712e-58,TRUE
Solyc07g054210,5803.96384996664,-1.0695940068230356,0.06575884566114992,-16.26540119537025,1.737254754148648e-59,2.1376140659648325e-58,TRUE
Solyc03g117930,583.5045267347379,-2.03138480420679,0.12506521090859263,-16.242604873480634,2.519926434622781e-59,3.098582451349203e-58,TRUE
Solyc02g065610,188.10064678408338,3.8142236615900686,0.23489583858898266,16.23793628913172,2.719190189349275e-59,3.341368532808003e-58,TRUE
Solyc03g113620,1223.6370369165807,1.5575535782378545,0.09592199170726089,16.237710982808483,2.729194110258412e-59,3.351421197654001e-58,TRUE
Solyc03g062940,4048.651317968349,-1.270707331023671,0.07827941262465136,-16.232969671306734,2.948430619003277e-59,3.6182243036807236e-58,TRUE
Solyc03g115930,226.03019920501677,3.4335118120043977,0.21152803723365404,16.23194663415582,2.997989800577152e-59,3.676587491928605e-58,TRUE
Solyc01g098650,649.6050148669509,-2.2480145757211583,0.13858489320567544,-16.221209424210862,3.5709331364192625e-59,4.376297589786353e-58,TRUE
Solyc06g084270,1397.0955397278265,-1.3336098599911164,0.08226195660421197,-16.211744955296055,4.165709315346637e-59,5.101814413325598e-58,TRUE
Solyc01g007770,559.1389836425648,1.8009830631916348,0.11110249910828239,16.210103981876827,4.278441173034685e-59,5.236390418368616e-58,TRUE
Solyc08g067150,1300.675545373177,-1.3568555253727568,0.08370690102400814,-16.209601702774712,4.313550540252347e-59,5.275848275546167e-58,TRUE
Solyc04g079450,203.26435044870993,3.000034348063104,0.18511856974996332,16.206015161608054,4.572732555646219e-59,5.5891318198433804e-58,TRUE
Solyc02g088910,844.2850336472376,-1.6324635826400773,0.10074112717229668,-16.204539580424676,4.6838177548095705e-59,5.721104437652115e-58,TRUE
Solyc10g086150,1050.6873530263692,1.3602527204593537,0.08394477894742189,16.204137261607855,4.714568943150106e-59,5.75484202403243e-58,TRUE
Solyc09g089610,682.2455269948749,-1.6733515514122366,0.10327453423796261,-16.202944547360936,4.806920937801451e-59,5.8636780092637074e-58,TRUE
Solyc01g106280,13113.919366382766,1.4768211837540286,0.09120387301622361,16.19252708151251,5.6941221028655e-59,6.941316088658918e-58,TRUE
Solyc09g011830,735.6619057505612,-1.4905979920602495,0.09210349207092444,-16.183946542574215,6.546066315215417e-59,7.974575021378728e-58,TRUE
Solyc02g079010,446.5323929689867,1.9142398640396865,0.11828506941428371,16.183275484543355,6.617817304954525e-59,8.056644736223777e-58,TRUE
Solyc03g118340,6688.01871743067,-1.1434640638499654,0.07066519326151353,-16.181432627210143,6.818915217933486e-59,8.295970777714841e-58,TRUE
Solyc09g042740,943.7071050052192,1.5913218362000348,0.09841185938288899,16.17002103383406,8.2070324421018e-59,9.978166493595066e-58,TRUE
Solyc08g066705,189.59836717133035,-3.263815789465876,0.20185612123227342,-16.169020634802756,8.34138091129852e-59,1.0134805372928003e-57,TRUE
Solyc10g006880,7709.397652099026,-1.506524170973489,0.09318764196734719,-16.166566072155497,8.68037143037212e-59,1.0539713870840863e-57,TRUE
Solyc04g077780,1039.2398788388973,1.4392645835491078,0.08912435735739142,16.14894767518617,1.1551557717626603e-58,1.4016652509777548e-57,TRUE
Solyc02g079530,330.00967360658973,2.7528935458648007,0.17046949538728462,16.148892443252578,1.1561904810947002e-58,1.4019953571216276e-57,TRUE
Solyc05g009030,1827.9993004989399,-1.1650022401781788,0.072164465812781,-16.143710440545462,1.257491966932183e-58,1.5238282681683798e-57,TRUE
Solyc10g009340,357.2223784581859,2.611881917201759,0.1619052239665425,16.132165801774875,1.5160918651546321e-58,1.8359892461882478e-57,TRUE
Solyc07g042190,4415.025308880447,-1.1384487096962126,0.07061794939601207,-16.12123715617977,1.809501598643974e-58,2.189866220399748e-57,TRUE
Solyc08g082980,961.7615938396566,-1.596400272855741,0.09903115591940558,-16.12018215918774,1.8406590687950205e-58,2.2261076093196622e-57,TRUE
Solyc01g080690,3127.537257073238,-1.083036317070566,0.06718575763329965,-16.120028339663683,1.8452462805761123e-58,2.2301881903899193e-57,TRUE
Solyc07g063260,965.617120319838,1.5029251669387418,0.0932356660535299,16.119637801223615,1.8569441614094507e-58,2.2428518080939507e-57,TRUE
Solyc04g005420,1215.8798917879562,-1.9312182631210872,0.11981992288232214,-16.11767239257682,1.9169453766879603e-58,2.3138021575610486e-57,TRUE
Solyc08g078210,307.6584175243932,2.25752821596008,0.14014589221253435,16.108415168790593,2.2265764826944458e-58,2.685771357045407e-57,TRUE
Solyc04g080130,483.99653417747743,2.018747596288372,0.12532688291748462,16.107857702146138,2.2467377855733455e-58,2.70831348932425e-57,TRUE
Solyc05g054570,1352.2235195028709,-1.3157938186467626,0.08170373000106357,-16.10445225242023,2.3739086837251522e-58,2.8597354739789956e-57,TRUE
Solyc01g112220,657.7520427135628,1.7700429591488893,0.10991953259822183,16.103079382795002,2.4271817425375168e-58,2.921996199938911e-57,TRUE
Solyc07g056390,1798.9004262634937,-1.4241227519628494,0.08845793235501478,-16.09943522359659,2.5744372507020504e-58,3.097243454165955e-57,TRUE
Solyc02g069570,808.799715138426,-1.7810876463383822,0.11068087187523323,-16.092099891895877,2.898377330489438e-58,3.4846874078735996e-57,TRUE
Solyc11g072310,4220.520059712268,-1.20492902514307,0.07492895315240397,-16.080953682780926,3.4699579202694035e-58,4.169165780935454e-57,TRUE
Solyc10g084770,285.85749854151186,2.380016774341697,0.14803438130269986,16.077459529317398,3.6712835497996336e-58,4.4081780206379273e-57,TRUE
Solyc01g106290,438.856424441686,2.3520248054687203,0.14630346754966186,16.07634354032203,3.738004361561854e-58,4.4853612388114595e-57,TRUE
Solyc01g090790,575.1606319743163,2.152051971232103,0.13389168409499907,16.073081653862648,3.940025291720764e-58,4.7246891674952904e-57,TRUE
Solyc07g043120,591.8215799263885,1.881483967620464,0.11707512083725949,16.07074119731915,4.091645739819754e-58,4.9033066254958635e-57,TRUE
Solyc08g062360,180.02083931587453,5.201397614459116,0.32366456864386317,16.070333667514756,4.118634430877687e-58,4.932433664027656e-57,TRUE
Solyc08g074270,531.2366713168391,1.7336253637587158,0.10791492570585723,16.06474129893805,4.5074097766403965e-58,5.394512625259141e-57,TRUE
Solyc07g064440,1501.9407183879164,-1.453744280803038,0.09056345848097089,-16.052216922661998,5.515813135754253e-58,6.597084767376085e-57,TRUE
Solyc02g087110,1938.6300841401137,1.576299290807339,0.09822803681753564,16.047345970432126,5.966127039069439e-58,7.131034678752504e-57,TRUE
Solyc03g117430,8145.686784895635,-0.9965247859735004,0.06212953074212847,-16.03947066829819,6.772916555091031e-58,8.090092594687357e-57,FALSE
Solyc01g010440,2304.0531514060217,-1.4373362239684613,0.08961310100350674,-16.03935370914366,6.785683277777698e-58,8.100078941258924e-57,TRUE
Solyc07g064740,474.64708314678427,1.8626733332109737,0.11614214874487809,16.037875597622936,6.94910802794903e-58,8.289776306151006e-57,TRUE
Solyc03g019940,1992.2744171130257,-1.1385043980707967,0.07101465042320858,-16.031965112634246,7.64271765529479e-58,9.111289147683795e-57,TRUE
Solyc11g011180,443.1704333645979,2.5322378625213826,0.15798865592453706,16.02797269020948,8.14984427201162e-58,9.709564954788699e-57,TRUE
Solyc03g115740,2034.2359731826352,1.3531026181985355,0.08443050911520444,16.02622834302992,8.381808082826e-58,9.979454532810256e-57,TRUE
Solyc01g103590,694.1881933665026,2.862895451101624,0.17869573941437808,16.02106161279451,9.10818521942779e-58,1.0837266594740522e-56,TRUE
Solyc12g056740,1772.6312433475418,-1.3672120413452746,0.08536130741537881,-16.016765473052676,9.759675149361818e-58,1.1604922915311662e-56,TRUE
Solyc04g072900,3239.8055718726714,1.070388743721087,0.06683109236101752,16.016328716264457,9.828452663819893e-58,1.16791496650938e-56,TRUE
Solyc04g009300,991.1980294404741,-1.963426107219006,0.12269718376561206,-16.0022100504746,1.2331860408475851e-57,1.464448255096974e-56,TRUE
Solyc01g095150,12557.935024695611,1.708206961494839,0.10681927344793114,15.991561319947577,1.4631742125071614e-57,1.7364449030677307e-56,TRUE
Solyc02g093360,487.0946726332474,2.012990161956537,0.12594261680039673,15.983391588145848,1.6681724309589408e-57,1.9784525031173036e-56,TRUE
Solyc02g038800,1526.7333439937247,-1.2723803239587288,0.07961192390814013,-15.982283325131789,1.6981011740134836e-57,2.0126495088259104e-56,TRUE
Solyc03g111250,1418.1958034215475,-1.210823709048613,0.07577133449060566,-15.97997075264306,1.7622859119206453e-57,2.087377700956007e-56,TRUE
Solyc10g074580,1500.1090288068008,-1.314856046071237,0.08230782611695601,-15.974860570401665,1.9128163129711405e-57,2.2642177901705396e-56,TRUE
Solyc09g008010,1626.2225334036436,1.3123473567569595,0.08218463334171527,15.968281458412715,2.1256213892497193e-57,2.5144979407064084e-56,TRUE
Solyc01g108513,1692.4387491053867,1.5031835684052437,0.09414823472338778,15.966136516756498,2.1999754698696155e-57,2.600781290200202e-56,TRUE
Solyc12g005030,229.81779076182733,-2.6695028651767867,0.16721362369368736,-15.964625406760835,2.2539079531417756e-57,2.66282711456332e-56,TRUE
Solyc05g009040,183.12810769524341,5.421455868815055,0.33960608779916596,15.963953720467934,2.27830175825335e-57,2.6899178691054164e-56,TRUE
Solyc10g006770,2501.629789559254,-1.12154399420408,0.07030781548172711,-15.951910701813334,2.7631210522970317e-57,3.260234550986928e-56,TRUE
Solyc12g006320,5498.364965484196,-1.2463508611389589,0.07816718765377441,-15.944680863528255,3.102208538570324e-57,3.6579794460896895e-56,TRUE
Solyc04g045430,1260.0923344169864,-1.2778535361004795,0.08026284777512713,-15.920859669478075,4.5409464305729403e-57,5.351039630334767e-56,TRUE
Solyc06g083750,326.96357250660674,2.2427627237767065,0.14087361614685381,15.92038867972791,4.5752587782513723e-57,5.388019354298205e-56,TRUE
Solyc03g113990,3935.513666830769,-1.3665141052415268,0.08584755496039226,-15.91791526120924,4.759735773915619e-57,5.60167879205447e-56,TRUE
Solyc08g063000,425.96297943839284,1.9812413272670588,0.12448337015004593,15.91571086868046,4.9303820651678785e-57,5.798798048879149e-56,TRUE
Solyc02g082270,4108.92730271203,-1.1357637250742094,0.07139459705247203,-15.908258775373026,5.553668955077845e-57,6.527691585754221e-56,TRUE
Solyc02g065765,907.7516566143369,2.423736952744146,0.15237748927959296,15.906135244799202,5.745234115308779e-57,6.748539216723405e-56,TRUE
Solyc04g014680,491.25208433335115,1.7945014803599135,0.11284768983995445,15.901977992681589,6.139523929337117e-57,7.2070797185826445e-56,TRUE
Solyc01g065980,16162.256657761769,-1.406656376657701,0.0884661230979501,-15.900508888586025,6.285211277302381e-57,7.373391123844906e-56,TRUE
Solyc10g085200,763.081200017262,1.6020156224710345,0.10075370191180862,15.900315244727238,6.304669559711908e-57,7.391501308430103e-56,TRUE
Solyc12g055840,169.3296491872784,3.519123462451159,0.22143071861143546,15.892661526454619,7.123759012657984e-57,8.346466662185579e-56,TRUE
Solyc06g075610,785.7315922189338,1.7953996948010755,0.11298075354912203,15.891199504351576,7.291878351648423e-57,8.537999983334584e-56,TRUE
Solyc05g009910,1645.7623938071856,-1.2486648478279856,0.0785897858804463,-15.888385924953417,7.626614672484441e-57,8.924255730380743e-56,TRUE
Solyc03g026270,231.9802007092005,3.2287408580960726,0.20326777016866723,15.884175122386262,8.156384951680529e-57,9.538093165823356e-56,TRUE
Solyc06g075360,1001.3358114259814,1.3597104704402507,0.08560318915926256,15.883876334449923,8.195339752163539e-57,9.577554396949926e-56,TRUE
Solyc01g105350,148.47011418611692,-5.234733622863358,0.3296232727697827,-15.880958825742347,8.585588375138333e-57,1.0027247210938245e-55,TRUE
Solyc06g082030,493.95951501043595,-1.8302976111125633,0.11527679972887923,-15.877415190370137,9.084562117716498e-57,1.0603270184760786e-55,TRUE
Solyc10g080020,2129.006788901608,-1.2180050121246209,0.07672855235202206,-15.87420816356015,9.560988210554483e-57,1.1152261819455778e-55,TRUE
Solyc03g044220,607.6180647923609,1.95288014604273,0.12303194694796281,15.87295165595253,9.754365280789814e-57,1.1364123110354943e-55,TRUE
Solyc10g006220,233.55761116971578,-2.59904143445675,0.16374031384068136,-15.872947678514935,9.754983554447099e-57,1.1364123110354943e-55,TRUE
Solyc08g065260,486.27020976117853,-1.8790131681991953,0.1184930925212435,-15.857575561734325,1.2461231056671217e-56,1.4507587746344963e-55,TRUE
Solyc10g062160,309.37756775830684,2.1475743935377136,0.13544901828633032,15.855223025669204,1.2936752195956267e-56,1.5051665545459751e-55,TRUE
Solyc04g079660,793.0543749226485,9.439573776467935,0.595540837469005,15.850422309551893,1.3963930837609254e-56,1.6236492130788798e-55,TRUE
Solyc08g080170,434.7625504877268,1.8500778869944035,0.1167561227557723,15.845660538628477,1.506298631432469e-56,1.7503342440975397e-55,TRUE
Solyc12g056410,1447.3595114872544,1.2445027212779096,0.07855011650803362,15.843422983982839,1.5608781010672556e-56,1.8126103684093088e-55,TRUE
Solyc03g033460,155.8878745764647,4.360918460539968,0.2752772152306169,15.841915782555976,1.5987483378651103e-56,1.8554160792281767e-55,TRUE
Solyc10g086660,732.3775915332457,-1.5205561394118163,0.0959898636143709,-15.84079904020376,1.6273968170304358e-56,1.887472283121167e-55,TRUE
Solyc08g013900,493.35198749979725,1.7912257324149168,0.11308962586017353,15.838992469827668,1.674828446827398e-56,1.9412592268617942e-55,TRUE
Solyc10g084180,402.1288593582528,2.201696263974035,0.13900600261728613,15.838857477513296,1.6784274771387595e-56,1.94420493460881e-55,TRUE
Solyc02g071430,173.46927113229967,4.590374803509688,0.2898222067879684,15.838588955566022,1.6856094593041237e-56,1.951294627858168e-55,TRUE
Solyc02g065260,4162.045037337714,-13.245536433140872,0.83629188938854,-15.838413120119373,1.6903289926651297e-56,1.95552661247093e-55,TRUE
Solyc02g036470,1119.1755156162226,-1.318740538842774,0.08331202219087182,-15.82893445824033,1.9652101314355262e-56,2.2721042670553006e-55,TRUE
Solyc12g013960,564.4303719847992,1.780009684875208,0.1124686419681655,15.826719819192302,2.0356006315110467e-56,2.352007945258804e-55,TRUE
Solyc12g010690,606.1846755647356,1.7809920160206951,0.11254835482702899,15.824238557354567,2.1174523509646838e-56,2.4450456386798858e-55,TRUE
Solyc04g081910,1628.7709509343256,1.6092041690466876,0.10178531660150411,15.809786939572264,2.6636612354298177e-56,3.0738282794040386e-55,TRUE
Solyc01g086670,160.47023048530306,4.828834237172071,0.3055018767221156,15.806234282365397,2.8181622767596575e-56,3.2500801213094596e-55,TRUE
Solyc09g011410,1202.4220690474365,-1.6841034506643657,0.10656714644992651,-15.803214281013782,2.956496251217497e-56,3.407477779694749e-55,TRUE
Solyc04g009230,1723.4120353094795,-1.2521642211910375,0.07925710271679286,-15.798763495876958,3.172789406511477e-56,3.6544729110213334e-55,TRUE
Solyc03g007920,403.3683467350245,1.962241754853874,0.12422784009890665,15.795507297652389,3.340946834512839e-56,3.84574988471193e-55,TRUE
Solyc10g078190,3145.944193025275,1.3008222647141379,0.08238202972736862,15.790121571646395,3.638779648671839e-56,4.185962846153593e-55,TRUE
Solyc01g009430,2325.470258407813,-1.4888897104485368,0.09435002424908318,-15.780491020520376,4.238777312210152e-56,4.8731359180962625e-55,TRUE
Solyc07g056470,354.29540612390304,2.094402133132754,0.13272760962283042,15.779702046050383,4.292093269444504e-56,4.9313469107623954e-55,TRUE
Solyc06g082990,648.0039229075635,-1.6084041005154712,0.10197665719508725,-15.772277153961824,4.827730650956171e-56,5.543296224642554e-55,TRUE
Solyc07g065080,2176.2506494910635,1.1511648805182297,0.07299806278432401,15.769800411271147,5.02081927890547e-56,5.761405793016184e-55,TRUE
Solyc03g007230,901.8286345190953,2.04051537321615,0.12944141549874227,15.764006947498013,5.5030509401801985e-56,6.310828785610267e-55,TRUE
Solyc02g091250,249.96416815338978,3.159411305615821,0.20048252096529864,15.759036201279018,5.953397479228005e-56,6.823024056150151e-55,TRUE
Solyc04g050620,165.66637065656778,3.8592393562243976,0.24489355001141327,15.758844428710097,5.971488743092322e-56,6.839493929237766e-55,TRUE
Solyc03g005130,2221.1768104821194,1.2701365052244638,0.08060605714711282,15.757333259786645,6.115977088359406e-56,7.000623089371791e-55,TRUE
Solyc01g103440,940.5876525575359,-1.5929956390244404,0.10115520616742647,-15.748034128740764,7.084975871846632e-56,8.104736244689274e-55,TRUE
Solyc08g062610,1977.6877035275752,-1.382230227489323,0.08780905576874357,-15.74131751433023,7.878603014420226e-56,9.006987513313869e-55,TRUE
Solyc04g077470,947.3397303415654,1.396075437940431,0.08869282980106422,15.740567090618182,7.972596932406743e-56,9.108778707795721e-55,TRUE
Solyc03g118970,386.04177705692996,1.9865082519297728,0.12624987802670484,15.734734028888164,8.742329390458137e-56,9.982002558061612e-55,TRUE
Solyc09g074050,506.4523173415259,2.2118887592533496,0.14058497160903968,15.733465205687207,8.91932675951396e-56,1.0177776773441659e-54,TRUE
Solyc11g072890,1041.2185637249077,-1.632404323683472,0.10379580998384705,-15.727073414018452,9.866727023620023e-56,1.125186370193591e-54,TRUE
Solyc06g008130,6471.307733037076,-1.1261051206216666,0.07160549407219834,-15.72651840773891,9.95357388508266e-56,1.1343865389304064e-54,TRUE
Solyc02g093310,286.16236709302564,2.3813250842069293,0.15145583551770256,15.722900844771965,1.0538603404499883e-55,1.2003168920998845e-54,TRUE
Solyc05g010590,334.918969667746,2.202437828147406,0.1401881621395366,15.710583508151027,1.2799561613094489e-55,1.4569309048514924e-54,TRUE
Solyc08g061610,763.8570985457235,1.5883725697002111,0.10110422409374074,15.710249338618341,1.2867206790781637e-55,1.4637243962558097e-54,TRUE
Solyc02g079570,161.22075859355922,4.254248882276073,0.2709850470280615,15.699201594084748,1.531574883414527e-55,1.7411837403716296e-54,TRUE
Solyc02g038817,453.4855078333894,1.8155097597300989,0.1156663250111411,15.696096158974767,1.6084014950532358e-55,1.8273946034340935e-54,TRUE
Solyc09g014610,159.61400179976513,4.56889478412027,0.29113788882558217,15.693233204893678,1.682624696663925e-55,1.9105429153040722e-54,TRUE
Solyc09g010110,3200.4046356226595,-1.317928623489089,0.08400337997196275,-15.68899518006258,1.798804298073882e-55,2.041198729104455e-54,TRUE
Solyc02g093470,1356.8133493775708,1.2879826342623464,0.08210375099070202,15.687256900214049,1.8487365102003976e-55,2.0965652848250406e-54,TRUE
Solyc01g096150,619.3914376948269,-2.014579821742329,0.12845718877166434,-15.682888914245913,1.9803842230300726e-55,2.2444761511690396e-54,TRUE
Solyc01g111720,1536.8641271520303,-1.1528495964777108,0.07361336847829228,-15.660872750547648,2.8002793444764854e-55,3.171752014141173e-54,TRUE
Solyc10g085900,1412.6958605268737,-2.1296694043108237,0.13603136574702493,-15.655723168076776,3.0364197806801717e-55,3.4371000510002216e-54,TRUE
Solyc07g063480,346.3231607686961,2.0786697380642414,0.1328534279231259,15.646338755120714,3.518904291409983e-55,3.9808010823993674e-54,TRUE
Solyc09g042770,1305.9916567126952,-1.6334489267109678,0.10441234079137102,-15.644213263782717,3.638379266603309e-55,4.1134271868369393e-54,TRUE
Solyc09g018220,155.70203143728838,4.302382035110411,0.27501873217555206,15.643959962567502,3.652884224413349e-55,4.127287688837775e-54,TRUE
Solyc11g011080,1065.846137081919,1.3718177402264216,0.08772010633488062,15.638578172595516,3.975046309951639e-55,4.4885304862310184e-54,TRUE
Solyc02g088560,2110.1331699016014,-1.1198227064915356,0.07165085084732953,-15.628882187004372,4.6285148193888476e-55,5.223203678626469e-54,TRUE
Solyc01g106580,639.7623244977531,1.861721382554702,0.11912632874931445,15.628126897727602,4.683698262984923e-55,5.282234672911155e-54,TRUE
Solyc09g064940,11051.671881090711,-1.3193396116164735,0.08443027727964635,-15.626380181680718,4.813840835803485e-55,5.42567971088752e-54,TRUE
Solyc07g063350,278.29342036229843,7.042782574218375,0.4508117340774172,15.622447336317402,5.120199328407808e-55,5.767440211649554e-54,TRUE
Solyc07g007400,643.698665162202,-2.2266171864262563,0.14253380866927964,-15.621677461749886,5.1824052556195374e-55,5.833934832458907e-54,TRUE
Solyc08g079470,1114.5410927012163,-1.747005432867743,0.11185316914840472,-15.61873879988012,5.426847607235512e-55,6.10536961834825e-54,TRUE
Solyc03g006630,320.5770736155239,-2.047235547150553,0.13120340712686113,-15.603524268017463,6.888416471978905e-55,7.744939449809676e-54,TRUE
Solyc06g011450,188.06779430696477,3.03356531534745,0.19444678499962267,15.601005258859574,7.165684768406208e-55,8.051759358044701e-54,TRUE
Solyc07g063820,296.22852022689494,2.5297518968405552,0.16221439963839532,15.595113026216051,7.858421286899792e-55,8.824762279601642e-54,TRUE
Solyc08g078760,157.74705873943998,4.613636215384737,0.29587137104281613,15.593385054876055,8.073943807341208e-55,9.061252076334153e-54,TRUE
Solyc01g007220,9947.597401044275,1.488509272629882,0.09546549173811554,15.592118633958496,8.235627942472937e-55,9.237068240785844e-54,TRUE
Solyc11g065920,10307.103426009482,-1.0297096448288159,0.06608754371964078,-15.580994342853645,9.801808973273722e-55,1.098699111924944e-53,TRUE
Solyc06g035720,811.3649044593046,2.045147802119071,0.13127064189084892,15.579628260061412,1.0013537475263705e-54,1.1217480768298153e-53,TRUE
Solyc01g090220,703.0704872678341,-1.4391949492748852,0.092384104688614,-15.578382819488002,1.0210534164127379e-54,1.1431196683261486e-53,TRUE
Solyc03g082370,857.7963963422793,1.9066889286730306,0.12240004865557264,15.577517734803799,1.0349635263621442e-54,1.1579874927033048e-53,TRUE
Solyc09g075860,632.1473012509625,1.5621874682953796,0.10038120496493048,15.56254947169792,1.3078389569905086e-54,1.4624089748392044e-53,TRUE
Solyc02g088230,167.77462246955758,3.542100123017889,0.2276622663634808,15.558573581810197,1.391659118225529e-54,1.5551896395343403e-53,TRUE
Solyc01g081610,4139.304000735807,-2.146130735119629,0.13802139346608702,-15.549261467548876,1.6095109121618888e-54,1.7975479403567439e-53,TRUE
Solyc12g099760,1466.002428968882,-1.1811489850876704,0.07598837082292995,-15.543812458356479,1.7524086779212907e-54,1.9559519566622398e-53,TRUE
Solyc05g012510,2526.9812243709507,1.225389496085233,0.07884379278072859,15.541990724534868,1.8029469389000732e-54,2.011139173410197e-53,TRUE
Solyc01g105420,6529.80407301171,-1.1448177013424272,0.07368794792807738,-15.536023644732497,1.9788698523391826e-54,2.2060378711674463e-53,TRUE
Solyc12g009020,1503.8128050925886,1.4572035189258967,0.09379749035384302,15.53563441227181,1.9909219033808614e-54,2.218128324233356e-53,TRUE
Solyc04g079880,162.4655876885725,3.484690497032676,0.22431209139224753,15.5350096171994,2.0104208600585667e-54,2.238495861323842e-53,TRUE
Solyc02g068670,206.3507233408602,3.886860142316809,0.25030955331654514,15.52821332952254,2.235210497122021e-54,2.487280542893106e-53,TRUE
Solyc04g011670,228.87344426308414,2.5878142002741056,0.16680091316109968,15.51438868787692,2.772627074455417e-54,3.0834363889724094e-53,TRUE
Solyc01g096190,391.634675247951,2.3742429886386045,0.1530816594899751,15.509650186370544,2.985006682775162e-54,3.3176165567990206e-53,TRUE
Solyc02g085730,2131.632231278029,2.2802382325553516,0.14706178342196752,15.505307901867443,3.1938197110504597e-54,3.5475521298030573e-53,TRUE
Solyc06g076770,710.4150243408883,-1.5659406494163715,0.10099952581125693,-15.504435657873545,3.237487062581295e-54,3.593884340062316e-53,TRUE
Solyc10g086520,302.98362704471253,2.1258364314155833,0.13714552213923104,15.50058943417358,3.437242813465783e-54,3.8133273771841573e-53,TRUE
Solyc08g076200,3859.6788563524533,-1.1203382460801132,0.07228289854733576,-15.499354184675363,3.5039644179448285e-54,3.8850046981350896e-53,TRUE
Solyc04g007380,147.02797198319016,4.201451649028214,0.2710756702907899,15.499183842361095,3.513266039338515e-54,3.8929698373212726e-53,TRUE
Solyc03g112760,159.77325840335675,4.5303612026784155,0.2923304414964489,15.497398011262021,3.6122748196880985e-54,4.0002679524292955e-53,TRUE
Solyc03g113280,288.9136144283539,-2.819544881946756,0.1819371563353397,-15.497356003244755,3.61463694517205e-54,4.0004738689402646e-53,TRUE
Solyc05g055330,260.49184300203336,2.952352893610581,0.190546855565811,15.494104506966783,3.80221521820467e-54,4.205542861387271e-53,TRUE
Solyc01g104970,577.9870474356918,1.6820173398473244,0.10862432601246726,15.484720610871937,4.3996973984319456e-54,4.863477887875794e-53,TRUE
Solyc03g079940,3897.8008999644685,-1.0700150824231822,0.06912756898866045,-15.478847268572478,4.8203274026849806e-54,5.325245110790746e-53,TRUE
Solyc03g123760,5565.597459839396,-1.1109674681517359,0.07179065632885967,-15.475098361862024,5.1095115991937883e-54,5.641330434112878e-53,TRUE
Solyc05g008580,454.7034406590367,-1.7692605291446184,0.11436327589245127,-15.470530337102746,5.485327685013492e-54,6.052627781128633e-53,TRUE
Solyc10g006230,10387.392943495375,1.4280520812940771,0.09232997508368461,15.466830571542356,5.809790690040503e-54,6.406801574985877e-53,TRUE
Solyc04g082570,1564.4527071254718,1.250498737203683,0.08087620200287857,15.461887505043512,6.273302453208366e-54,6.913796102957397e-53,TRUE
Solyc09g057660,1041.097743713689,1.5598305215062425,0.10091136871271328,15.45743102491214,6.7226638967772e-54,7.404597388523383e-53,TRUE
Solyc12g055930,867.5291652546724,1.4418943304969631,0.09328406408934702,15.457027355882822,6.764917016516522e-54,7.446674821234923e-53,TRUE
Solyc10g052880,548.2851479641604,2.273418527483042,0.1470854658082632,15.456445781302493,6.826257392383933e-54,7.509700158240205e-53,TRUE
Solyc11g067070,875.1069066690483,-1.5636172191107596,0.10119852293708173,-15.450988549337909,7.429520443378053e-54,8.168473343936528e-53,TRUE
Solyc11g008360,1808.2390600926212,-1.4050506797195743,0.09094681837256749,-15.449146048888975,7.644958000056356e-54,8.40031457950006e-53,TRUE
Solyc01g104650,4590.555526780495,-2.1247844142950743,0.13764292627592456,-15.436931426723998,9.239258907126851e-54,1.0146075059122634e-52,TRUE
Solyc10g005030,1145.5755861824382,1.256222130893185,0.08138420273856982,15.435699910073982,9.417323152599165e-54,1.0335441881446593e-52,TRUE
Solyc08g062680,480.552206856511,1.8204251195669514,0.11797203468224082,15.430988576829158,1.0130647834820505e-53,1.1111676560113684e-52,TRUE
Solyc09g075460,903.4760139573444,-1.4545426067810467,0.09432857785885547,-15.419956918649715,1.201845134419641e-53,1.317442999763641e-52,TRUE
Solyc09g083150,670.1006477400668,-2.3355740113823904,0.15151477053274265,-15.41482723545866,1.3011835885870461e-53,1.4254861685933056e-52,TRUE
Solyc11g071690,948.6824531199286,-1.717514347037018,0.11149435624400128,-15.404495840832528,1.5267518655822142e-53,1.6716068817747376e-52,TRUE
Solyc07g062140,975.6433256821603,1.3855343885963343,0.0900053170122404,15.393917099452096,1.7980954637838082e-53,1.967523149448675e-52,TRUE
Solyc01g009230,274.14379590345425,2.4387833063825397,0.1585102206734281,15.385653341604147,2.0430381922194686e-53,2.2342160075889644e-52,TRUE
Solyc02g086680,1363.093224741917,-1.3475725478117708,0.08766987042090323,-15.370988246498738,2.5623076262228526e-53,2.8004102908950475e-52,TRUE
Solyc01g101240,8581.726646264708,1.1613015609672044,0.0755857112455963,15.364035633584953,2.8525156835766613e-53,3.115733559785488e-52,TRUE
Solyc02g092700,1025.0794231946206,1.5182996073014856,0.09883595820733511,15.361814008181538,2.9519777642861347e-53,3.2224588622845616e-52,TRUE
Solyc10g077130,241.54928275817687,2.378175430645616,0.1548123210497769,15.361667692334125,2.9586482331702983e-53,3.227823766787513e-52,TRUE
Solyc06g053450,6240.398441470568,-1.4333044697972426,0.09335551093320882,-15.353185424936509,3.3721348174107006e-53,3.676746995756875e-52,TRUE
Solyc02g088610,30845.46553626415,-0.9083474128375866,0.05917099222661119,-15.351228341056485,3.475429251124627e-53,3.787126017986012e-52,FALSE
Solyc07g005590,2167.817574773015,1.0544614008862647,0.06872324364817887,15.34359184622403,3.90950924096105e-53,4.2576130554850105e-52,TRUE
Solyc01g091840,192.57008403939992,2.7840106508759814,0.18144863058264457,15.343244211523247,3.930506214100653e-53,4.277945277312747e-52,TRUE
Solyc03g097920,857.4089867697706,1.9483350436475944,0.1269837868964314,15.343179560684122,3.9344234603972077e-53,4.279674939200111e-52,TRUE
Solyc09g014740,156.38229814435584,4.86745917567554,0.31724419305003626,15.342941753729237,3.948865854476079e-53,4.292844530031565e-52,TRUE
Solyc05g009050,289.9714840041859,2.2307590922799165,0.1453944719752831,15.342805417383016,3.9571695737022586e-53,4.299329094170722e-52,TRUE
Solyc01g008560,1265.475561920923,1.3420656213952808,0.08748615976721716,15.34031925696869,4.1116783623184747e-53,4.4645589683697886e-52,TRUE
Solyc05g007060,9931.683329672262,-1.1363213555601832,0.07408995073915518,-15.337051033557486,4.323965203377452e-53,4.692293526191718e-52,TRUE
Solyc04g064770,160.59041559948167,5.213337777887382,0.34013862352829666,15.327097298768473,5.040110733786876e-53,5.4662156707495066e-52,TRUE
Solyc02g093020,244.7368718118888,2.4547080999163495,0.16018432874313115,15.324271226635892,5.264164298720792e-53,5.705845065058037e-52,TRUE
Solyc04g005100,3929.080377977796,1.1481045479044552,0.07494323015748601,15.319656565267117,5.6515324973633925e-53,6.1221050028892896e-52,TRUE
Solyc02g032950,283.62708727365094,2.5566736031462227,0.16689779436016086,15.318798028145245,5.726671360454012e-53,6.199846856255954e-52,TRUE
Solyc05g008920,2902.039104278555,-1.1943521411835076,0.07797583587640118,-15.316952075725931,5.891614211269254e-53,6.374664158079028e-52,TRUE
Solyc01g005560,2209.7634606838724,1.046218416826169,0.06830952221808129,15.315850306873303,5.992307041768206e-53,6.479798844048526e-52,TRUE
Solyc08g006110,1081.4414143923414,1.859445504449954,0.12143345683340964,15.31246456238879,6.312586834124579e-53,6.822121326967204e-52,TRUE
Solyc02g089780,1441.8417788870686,-1.6940978653949177,0.1106563267631619,-15.309543656015268,6.602555279758366e-53,7.131302803043364e-52,TRUE
Solyc06g035940,4904.6528550501735,-1.1403738301534767,0.07454184045924614,-15.29843941506847,7.831197671525712e-53,8.453370921647514e-52,TRUE
Solyc03g115770,1814.601823107864,-1.258932108497802,0.08232967439131318,-15.291352939331377,8.73171510973489e-53,9.41990134168172e-52,TRUE
Solyc10g006660,3012.6553525735503,2.0103479685736394,0.13147276033116567,15.290984714322496,8.781228183720412e-53,9.467760568993098e-52,TRUE
Solyc02g082450,299.9915403164914,2.2424537513055345,0.1466552451103083,15.290648142989015,8.826729487574642e-53,9.511240807156193e-52,TRUE
Solyc01g090550,5298.850118427956,-1.248982818361083,0.0817210168120875,-15.2834958139721,9.851134978949746e-53,1.0608870200236274e-51,TRUE
Solyc05g015610,2919.6777257633853,-1.0555163770820706,0.06906424170887052,-15.283109623232155,9.909699269848437e-53,1.0665690964732074e-51,TRUE
Solyc04g025290,1207.3384175606425,-1.2277639342583917,0.08034762966834708,-15.280649091034343,1.029105650417981e-52,1.1069660135537593e-51,TRUE
Solyc05g018650,4767.559270787578,-1.1511218201296785,0.07534304854264068,-15.278407794691196,1.0651136759214848e-52,1.1450283452903306e-51,TRUE
Solyc05g005460,1973.1251682064092,1.3087489967044272,0.08566859982680995,15.27688090327414,1.09036002482275e-52,1.171483830293198e-51,TRUE
Solyc01g097350,2004.9452456859767,1.2131455671439737,0.07943509273307585,15.272161527153779,1.1722213368820047e-52,1.2587000488260452e-51,TRUE
Solyc01g106330,565.3921649352067,1.9688043492508378,0.12894997504864023,15.267969989976347,1.2500427664827559e-52,1.3414790529044074e-51,TRUE
Solyc04g074510,1504.9176440318925,1.2925281946101048,0.08467265213297111,15.265001887271708,1.3082404258585905e-52,1.4031145710944264e-51,TRUE
Solyc01g100200,806.8994604688409,1.4069741056844434,0.09222236299211044,15.25632243672621,1.4943647116992924e-52,1.6018021279981397e-51,TRUE
Solyc01g098600,193.12610785753986,3.4915319470694324,0.22886946649499756,15.255560300551263,1.5119161436300877e-52,1.6196710063142134e-51,TRUE
Solyc01g010640,671.097706872665,-1.76204427880434,0.11553323026107681,-15.251406671678367,1.6112417258508797e-52,1.7250702764307933e-51,TRUE
Solyc09g083360,386.9921099159127,7.823082264626084,0.5129649336592579,15.250715499829166,1.6283889993696483e-52,1.742414142922715e-51,TRUE
Solyc01g111270,445.273570158022,1.8335433851701002,0.12029647729264387,15.24187097108139,1.8645368489233457e-52,1.993937224767764e-51,TRUE
Solyc11g066660,1461.6154272529604,1.2850499188335607,0.08434617013311009,15.235427012341777,2.05778304726844e-52,2.1993154510427753e-51,TRUE
Solyc07g006060,158.27501386084296,-2.9683849053407787,0.19485375219153894,-15.23391195681411,2.1060395467626433e-52,2.2495830905367618e-51,TRUE
Solyc06g005570,1300.7479724487387,-1.3433102599178082,0.08822996611279187,-15.22510229915016,2.4098138692795996e-52,2.5725672682326876e-51,TRUE
Solyc08g048450,2231.3771170513714,-1.020155604169062,0.06701613625303651,-15.222536857648796,2.5062119291708577e-52,2.673923035052111e-51,TRUE
Solyc03g059260,5579.730022298217,0.9064302890271885,0.0595845161194795,15.212514056665407,2.9210633671870836e-52,3.1147278352088256e-51,FALSE
Solyc11g007760,779.0758935292642,-1.6102459756025969,0.1058844539845165,-15.207576891675368,3.1498791039795536e-52,3.356766815562674e-51,TRUE
Solyc10g047360,617.9082330804324,1.84038548897284,0.12104160498349016,15.204569447206726,3.2979187819106294e-52,3.5124936829584644e-51,TRUE
Solyc07g065860,1043.6335126199092,-1.8416741123088318,0.12113615478728078,-15.203339709295498,3.3604291006635234e-52,3.5769987352343687e-51,TRUE
Solyc12g042770,5129.918549003823,-1.1323274705016022,0.07450224331396285,-15.198568796510143,3.6143148138289105e-52,3.8450202096421797e-51,TRUE
Solyc07g055810,158.02062216857703,5.051251222243143,0.3324091338603883,15.19588575554806,3.76539260165969e-52,4.0034246498733425e-51,TRUE
Solyc03g111550,2838.201822345886,-2.3022200929943004,0.15157376922463614,-15.188776427287708,4.19680443343392e-52,4.459529242763916e-51,TRUE
Solyc09g010470,173.18039050269113,3.3138341927718478,0.21818832428339344,15.187953817673952,4.249796852985569e-52,4.5132302454323344e-51,TRUE
Solyc09g010940,1640.1088844584883,1.2447254457731913,0.08198467624001848,15.182415822795114,4.624315032001019e-52,4.90812836219831e-51,TRUE
Solyc04g008110,727.0835953383997,-1.8228511018246156,0.12007024909280488,-15.181538437683217,4.6865935651189815e-52,4.971358886761814e-51,TRUE
Solyc01g007030,200.2536310640445,6.113672155149038,0.403002810628871,15.170296568425611,5.562491687459544e-52,5.897075241670635e-51,TRUE
Solyc12g017280,1085.828927873193,-1.3672648292014098,0.09012838921729521,-15.17019044803963,5.57149244215183e-52,5.90321300081136e-51,TRUE
Solyc09g019980,526.1511702944846,1.7464466762238007,0.11516745187138928,15.164411887606114,6.084142966881138e-52,6.442672820286634e-51,TRUE
Solyc11g020280,1133.4603931466638,1.3314522573235759,0.0878093711341672,15.162985910572123,6.21771326880044e-52,6.580323720227893e-51,TRUE
Solyc03g117950,3544.26091044993,-1.030717278432619,0.06798808394695377,-15.160263660861716,6.480864718209259e-52,6.854875495675535e-51,TRUE
Solyc12g062250,592.6851929265171,1.8774967895540136,0.1239018218887612,15.153100744875458,7.227466432966152e-52,7.64016765021373e-51,TRUE
Solyc06g083230,194.16558395763875,2.783070854740034,0.18366480400022414,15.152989544674206,7.239707811960697e-52,7.648709695820315e-51,TRUE
Solyc02g084230,1266.3245769200198,-1.580080121525673,0.1042837622775804,-15.151736828595116,7.37904647821359e-52,7.791442355485379e-51,TRUE
Solyc01g095970,1652.1234781586697,1.5222613047480598,0.10056515681410111,15.137064893778502,9.223943171731266e-52,9.733854611132943e-51,TRUE
Solyc07g043580,262.46094461064524,2.3145372256380106,0.15298971442209056,15.128711327954534,1.0472612267187107e-51,1.1045211205261078e-50,TRUE
Solyc01g109680,537.6261282635345,-1.6119533395396997,0.10661114780708442,-15.11993232130443,1.1966552955252016e-51,1.2613597647729235e-50,TRUE
Solyc08g077120,808.2761049916634,-1.6077504725714842,0.10636038155200438,-15.116065297165022,1.2690209229106604e-51,1.3368717264106976e-50,TRUE
Solyc10g050890,1042.380265602516,1.3608195099638165,0.09005231394895895,15.111433013649377,1.361464168911522e-51,1.4334361865464206e-50,TRUE
Solyc08g077530,3081.1059850164575,-1.0477907939191022,0.06935618936190566,-15.107387005529578,1.447675252312791e-51,1.5233322360198071e-50,TRUE
Solyc07g056580,1419.3450619174655,-1.5204572331375736,0.10065040940120881,-15.106319409758038,1.4713157546021263e-51,1.5473225124056573e-50,TRUE
Solyc06g075190,406.9864490103171,2.260431229040189,0.14970222798428656,15.099516282933708,1.6312567378390494e-51,1.7145450321152226e-50,TRUE
Solyc02g092120,284.41519479999505,-2.1685346714596423,0.14362321453077032,-15.098775490748038,1.6496855474510437e-51,1.7329239667881452e-50,TRUE
Solyc07g007755,2843.5224986189005,1.2160031653796124,0.0805501944133968,15.096216393208003,1.71495819844888e-51,1.800461254259609e-50,TRUE
Solyc01g110000,207.18936417988027,2.761275750894694,0.1829626511751672,15.092018688836484,1.8276391683464327e-51,1.9176650018100725e-50,TRUE
Solyc12g099930,451.12203650758613,1.6847374865423939,0.11164720643006458,15.08983108858803,1.88925333168458e-51,1.9811833426330654e-50,TRUE
Solyc03g044270,711.1166690240283,-1.4163795777630772,0.0939586949065207,-15.074491819753671,2.3834268689709105e-51,2.4979781147258978e-50,TRUE
Solyc10g005080,871.4269373069487,-1.3344868463380641,0.08853021897621029,-15.073800356200017,2.4085093069873788e-51,2.522827725945811e-50,TRUE
Solyc10g007040,124.3132571246739,-5.21868746498819,0.3462522528627941,-15.071923494620979,2.4779240504595308e-51,2.594059101343824e-50,TRUE
Solyc09g011740,3177.9007924301254,1.2191354932362821,0.08091546769277189,15.066779294475815,2.6785599521762326e-51,2.802502424636066e-50,TRUE
Solyc12g096580,1147.1032970886747,-1.2064582165369369,0.08014466867783707,-15.053505572362129,3.2741465489140494e-51,3.4236994316659253e-50,TRUE
Solyc03g117860,1864.6968204503994,1.4181364806615604,0.09421881287442578,15.051521425467794,3.3738492850788127e-51,3.525950620102548e-50,TRUE
Solyc06g083830,3601.723710866349,-1.0224387732761762,0.0679520284252596,-15.046479067225432,3.641038455857509e-51,3.80302329170617e-50,TRUE
Solyc09g090700,3076.4622568107875,-1.1048536882416784,0.07348700241411925,-15.03468167085558,4.3513502718116154e-51,4.542355028206299e-50,TRUE
Solyc01g150176,3436.65814095955,-1.5007997354123197,0.09982503389420665,-15.034302287368607,4.376350062644503e-51,4.56585943255357e-50,TRUE
Solyc06g066000,1387.6627109439437,-1.9445387067991329,0.12934261242460965,-15.034014470154238,4.395411368623682e-51,4.583145047612544e-50,TRUE
Solyc12g056800,210.50038121091484,2.5953607026945598,0.17264477353660213,15.032952631747765,4.466451636813291e-51,4.654579389996527e-50,TRUE
Solyc01g091270,16409.045936082795,-1.7227507922234186,0.11468167330243365,-15.022023507454877,5.267482443367459e-51,5.486239646256318e-50,TRUE
Solyc03g006070,2001.244802556692,-1.1127759479653736,0.07408577856859458,-15.020101961067684,5.422424371187858e-51,5.64441830212607e-50,TRUE
Solyc03g093510,847.3075255049642,1.4472066159304195,0.09642870833806638,15.008047301190672,6.503421998725576e-51,6.765840781130293e-50,TRUE
Solyc12g100250,639.0733353553018,1.6401300678366835,0.10932403692623463,15.002465276171112,7.074218563647103e-51,7.355506779158637e-50,TRUE
Solyc06g034370,199.9873871327931,3.3746736076342927,0.22496925009836927,15.000599442629136,7.275922753318706e-51,7.560954662196595e-50,TRUE
Solyc01g110310,1216.697020520369,1.8947163767997044,0.1263145001328695,14.999991092128482,7.342917801459276e-51,7.6262631606907275e-50,TRUE
Solyc09g082860,15295.209838983586,-0.931692793198621,0.06212376867634747,-14.997364342986916,7.639312839412703e-51,7.929615354428217e-50,FALSE
Solyc05g018700,1979.9851070197456,1.056895734065152,0.07050646957076452,14.990053260352058,8.528480982425881e-51,8.847577082389106e-50,TRUE
Solyc01g087870,289.879263534432,2.4202578687009675,0.16150993957951415,14.985194564508102,9.175647178393337e-51,9.513588385809629e-50,TRUE
Solyc09g089930,152.21750655659133,5.086159233794074,0.33948472028122006,14.981997509581097,9.627925852855818e-51,9.976897460712994e-50,TRUE
Solyc05g005320,147.68017962965467,-3.8487894891341643,0.25705851311701144,-14.972425703646,1.1119054940637458e-50,1.1515582364717655e-49,TRUE
Solyc05g007930,223.50250169978125,2.479299776155193,0.16559748931570828,14.971843995946449,1.121675023213577e-50,1.1610220693544588e-49,TRUE
Solyc08g074420,1873.6162838305534,-1.2364425580394711,0.08261158867538025,-14.96693839042407,1.2075359761478942e-50,1.2491915503391524e-49,TRUE
Solyc01g079710,1108.630619164909,-1.197257906690449,0.07999639215770842,-14.966398788711896,1.2173710768007313e-50,1.2586576211939169e-49,TRUE
Solyc03g095860,631.573310898011,-2.0556681776559107,0.13737964846945447,-14.963411251652577,1.2732844954372705e-50,1.3157273119518462e-49,TRUE
Solyc05g015840,330.1678888969195,2.362740455573856,0.15793065536510703,14.96061958402964,1.3278401908822383e-50,1.371330687021808e-49,TRUE
Solyc12g094520,3235.9456130668855,1.1070510956666384,0.0740263538558017,14.954824032304748,1.4486412231231844e-50,1.4952482652820606e-49,TRUE
Solyc04g080770,1380.4394375566321,-1.2399158109892938,0.08292253981595533,-14.952699395619796,1.4956160229776405e-50,1.5428680892479216e-49,TRUE
Solyc05g054350,5592.111190386607,1.0234702395763093,0.0684817641154755,14.94515003805262,1.6751346392653088e-50,1.7270891796755e-49,TRUE
Solyc05g007895,1045.835989838485,2.4244367886355964,0.1622756052509518,14.940241848960081,1.8031961154103008e-50,1.8580803917930248e-49,TRUE
Solyc01g087980,1395.3615237703225,-2.0044166233503757,0.1341717309690489,-14.93918733009981,1.8319571696934425e-50,1.886659308149835e-49,TRUE
Solyc01g067080,472.2395513515798,-1.6214750589848592,0.10862442643229603,-14.927352090512535,2.1878280637240617e-50,2.2518949213571907e-49,TRUE
Solyc02g082740,187.10220531731878,3.494464184333864,0.23412233679439157,14.925804313164425,2.239192034127425e-50,2.303473260400921e-49,TRUE
Solyc04g082040,249.59963931779222,2.300787639208604,0.15421506814235925,14.919343919653151,2.4668694720059764e-50,2.536267421917554e-49,TRUE
Solyc04g081770,195.74743520314087,3.9110257662866776,0.2622400328655989,14.913915787568271,2.675884719487824e-50,2.7496248629594562e-49,TRUE
Solyc09g091430,157.12060410006882,-3.3338815899740224,0.2235766651075757,-14.911581172256499,2.771117773806602e-50,2.8458915103847358e-49,TRUE
Solyc09g011470,999.7718560541634,-1.6529794063355285,0.11089205128496582,-14.90620280878176,3.0035465711401013e-50,3.082869716207062e-49,TRUE
Solyc01g104270,2435.6154607753197,-1.3023906002498293,0.08738098232104197,-14.9047374572282,3.0701701348301633e-50,3.1494942850771703e-49,TRUE
Solyc04g074140,1006.1519852161997,-1.2756533721888093,0.08560516189296362,-14.901594062561577,3.218091795189915e-50,3.2993966241481435e-49,TRUE
Solyc07g054270,1299.5753706072283,-1.4712212129344777,0.0987328196766833,-14.90103511428349,3.245128073551199e-50,3.32526139220132e-49,TRUE
Solyc02g085580,397.45513793965694,1.8087084620496467,0.1215649141141007,14.878540204059165,4.543041329988064e-50,4.6526311292017045e-49,TRUE
Solyc07g019670,9125.49857763329,-0.872124762500376,0.05864928707631418,-14.870168180656165,5.148384615149625e-50,5.269641112488617e-49,FALSE
Solyc11g017000,1660.5160127803556,1.0910757531849902,0.07337461826364548,14.869934304320319,5.166401133784554e-50,5.285139234410766e-49,TRUE
Solyc02g038805,270.9068561393493,-2.1716456354219953,0.14605145239142067,-14.869045119811227,5.235473716918259e-50,5.352820541607806e-49,TRUE
Solyc02g081550,2468.0688854442556,-1.4453424327227031,0.09720833974627292,-14.868502399025072,5.278083724540401e-50,5.39338594264737e-49,TRUE
Solyc05g006560,706.4084562005637,1.4762823379947811,0.0992965157246987,14.867413294619514,5.36463565774278e-50,5.4787831831269736e-49,TRUE
Solyc10g011810,162.0577230672891,4.106649124069561,0.2762543477254509,14.86546422846116,5.523071187907991e-50,5.637457948212804e-49,TRUE
Solyc10g008160,331.9696105567314,7.76950769753198,0.5227374855042811,14.863115642140704,5.72018273304035e-50,5.83541171928306e-49,TRUE
Solyc11g005380,7472.695533938365,1.1372699326173297,0.07652177096804448,14.862044072297465,5.812428696754213e-50,5.926227217550344e-49,TRUE
Solyc07g045460,150.9226539279842,3.749227606672532,0.25227744503647226,14.861525199490183,5.857626477323777e-50,5.968999308904822e-49,TRUE
Solyc05g010570,1013.6477500441463,-1.398499332585122,0.09413301356693615,-14.856629779420334,6.301655945353361e-50,6.417913642295337e-49,TRUE
Solyc07g055670,148.9218404401575,4.5401427948875615,0.30560066040451367,14.85645609822283,6.318010323992127e-50,6.431006854149905e-49,TRUE
Solyc02g092620,1358.018595645262,-1.3209869083893933,0.08902998016912567,-14.837551416724821,8.375780054395954e-50,8.520861358049852e-49,TRUE
Solyc09g011340,479.8276048040326,1.924874312998649,0.12981052822662584,14.828337418349955,9.60833164873606e-50,9.769356233336008e-49,TRUE
Solyc02g091840,9071.160618450349,-0.9316667897346471,0.062843082967136,-14.82528777625161,1.005480800167858e-49,1.0217663653668178e-48,FALSE
Solyc03g097670,4783.465306757695,1.2609167286584035,0.0850814576071031,14.820111974117552,1.0860326322312785e-49,1.1030131424479332e-48,TRUE
Solyc04g071150,2057.917723718371,1.098540906231682,0.07417299753849446,14.81052327245584,1.2526137621721682e-49,1.2714963440094405e-48,TRUE
Solyc03g082540,1085.5732121188369,2.1295196742171627,0.1437890472442939,14.810027015473324,1.2618959209630541e-49,1.2802115184913809e-48,TRUE
Solyc03g111200,612.1179732976491,1.5489682402680507,0.1046118525430603,14.806813975791748,1.3236728972008254e-49,1.3421444494893973e-48,TRUE
Solyc02g063490,3660.4917697896117,-1.408299946357158,0.09515155651397744,-14.800598097943709,1.451858613684525e-49,1.471307436348546e-48,TRUE
Solyc02g086530,178.75394642010957,3.982321098944042,0.2691034438324023,14.798476906242168,1.4983720858624463e-49,1.5176073859178704e-48,TRUE
Solyc01g097240,11184.369964394436,0.8828415428416191,0.05965982897102281,14.797922791069706,1.5107651737799299e-49,1.529316970792756e-48,FALSE
Solyc02g087780,196.57757127763261,2.680044113697371,0.18126161887377673,14.785502470678283,1.8169626718535187e-49,1.8382622342698535e-48,TRUE
Solyc07g042180,2539.6154170116083,-0.9832878794807357,0.06650828618769736,-14.784441696568981,1.8458149104027344e-49,1.8664254949358344e-48,FALSE
Solyc05g054150,272.9306834640125,2.2906087547835337,0.1549487405920844,14.783009826544856,1.8854852736846987e-49,1.905490697424179e-48,TRUE
Solyc09g007320,879.9643713023796,-1.5763748213092683,0.10666428414784265,-14.77884405171955,2.005791111630284e-49,2.0259592310494237e-48,TRUE
Solyc09g098090,226.03030455864675,2.340978033339645,0.15845172619678594,14.774077187599172,2.1528566643156405e-49,2.1733093937459867e-48,TRUE
Solyc06g036110,1696.1368950956141,1.8877181393132925,0.12784237069064322,14.765981959778022,2.4276059526378792e-49,2.4493238324556605e-48,TRUE
Solyc05g013710,597.7733928489332,2.160346885484046,0.14631624129020032,14.764915134740669,2.4663253259491392e-49,2.4870246004894693e-48,TRUE
Solyc07g047750,331.7658630149931,-1.9486499348232635,0.13199417983338732,-14.76315044559534,2.5317270615563332e-49,2.5515755796376136e-48,TRUE
Solyc02g067060,189.90134525918762,2.7535238502832233,0.18652585251640133,14.762156629420065,2.569316171286028e-49,2.5880405028356742e-48,TRUE
Solyc03g119640,674.6899212919234,1.7305853506752482,0.11726045408321414,14.75847389646926,2.7135163622338807e-49,2.7317947035567046e-48,TRUE
Solyc02g093050,399.92511072139587,1.8212294375550873,0.12342107013740625,14.756227891457183,2.8053863271501057e-49,2.8227376492611054e-48,TRUE
Solyc07g064060,2321.1777392294075,-1.025674703745195,0.06951966570062727,-14.753734693749259,2.9109974784966525e-49,2.9273997071774597e-48,TRUE
Solyc02g031790,145.81170230043486,3.731511838425896,0.25293799070091244,14.752674472053656,2.9570988938816204e-49,2.972134989952205e-48,TRUE
Solyc01g103350,1031.3528387580964,1.4339503476515378,0.09721282744712643,14.750628958214966,3.0481072046030576e-49,3.061931953126667e-48,TRUE
Solyc01g008780,1396.9446100958921,-1.244448648372778,0.08437322948592975,-14.74933051579239,3.107318226526582e-49,3.1197067699747764e-48,TRUE
Solyc12g011370,222.37022579245536,2.4360341032849355,0.16520882812012413,14.745181180715617,3.304318293638215e-49,3.315681396940574e-48,TRUE
Solyc08g007010,1855.3466803017009,-1.5769050509375493,0.1069730918489009,-14.741137455061333,3.508256845720159e-49,3.518400741673414e-48,TRUE
Solyc10g081910,143.06843100272363,3.5725897154485136,0.2424573947518718,14.734917526869667,3.846666752955043e-49,3.8556856553747304e-48,TRUE
Solyc02g083170,1760.6135440236537,-1.460787072916329,0.09914532422188675,-14.73379692265764,3.9110025446585575e-49,3.9180359552293335e-48,TRUE
Solyc03g111850,1850.5252322467536,-1.1218398378033747,0.07618747296449166,-14.724728280805762,4.472637561920971e-49,4.47824053925889e-48,TRUE
Solyc05g013060,854.2603573130093,-1.603256205201559,0.10891627531977018,-14.720079258077057,4.7909849327036544e-49,4.794375395639155e-48,TRUE
Solyc02g071970,166.6858576585854,3.4247211542077673,0.23283545656758572,14.708761305921055,5.663461884358558e-49,5.664386279660685e-48,TRUE
Solyc02g083980,795.3802494221416,-1.7794878354799337,0.12100098785369205,-14.706390972870366,5.8653192089424606e-49,5.863086624142971e-48,TRUE
Solyc03g117210,151.54304743858143,3.466316970756334,0.23582399269083104,14.698746006309587,6.5664465276404026e-49,6.560379702044214e-48,TRUE
Solyc11g067160,4475.444726200727,-0.9237374216976764,0.06284662272201702,-14.698282607540404,6.611531608466124e-49,6.60183517427663e-48,FALSE
Solyc01g066740,345.5160844629329,1.8771458553203735,0.1277264295738989,14.696612608546378,6.776580727051951e-49,6.762968702790228e-48,TRUE
Solyc09g056160,2177.8365323302705,-1.1099862806566505,0.0755336745624511,-14.695250655903362,6.914216516043583e-49,6.896583950864307e-48,TRUE
Solyc03g093610,219.7863903387282,2.461447102535111,0.16750835391043142,14.694473708763647,6.993975817625542e-49,6.972356694978868e-48,TRUE
Solyc11g069180,222.17541500851755,2.41633769442473,0.16450729577505946,14.688331499465722,7.65761934795159e-49,7.629811190969868e-48,TRUE
Solyc07g043130,2106.260851687913,-1.0608158229058562,0.072223090910743,-14.688042418689431,7.690353264778424e-49,7.658275409882004e-48,TRUE
Solyc06g073060,2359.0701598428013,-1.0651529279709926,0.072531067075177,-14.685471631997126,7.987650765497724e-49,7.950026205855153e-48,TRUE
Solyc11g065490,1750.7111773120832,-1.368914160068155,0.09322143244027506,-14.684543288317183,8.097797187473804e-49,8.055292516089338e-48,TRUE
Solyc09g091580,1888.1684521354562,-1.2235391238039885,0.08336337426431666,-14.67717849237443,9.026915506667386e-49,8.974677542404899e-48,TRUE
Solyc05g007490,446.44339649027387,1.7224114408014481,0.11737275112072072,14.674713034798906,9.361074828848822e-49,9.301872355606913e-48,TRUE
Solyc04g005670,1711.869530005516,1.2686221414546532,0.08647407319451207,14.670549155248583,9.953620884237812e-49,9.885327537274105e-48,TRUE
Solyc06g073830,158.7820005903739,4.8311022869603795,0.3294313182643707,14.664975729731285,1.0805579265302143e-48,1.0725645984559897e-47,TRUE
Solyc08g065870,1081.9854961493006,-1.3198027955614182,0.09000725976384116,-14.663292705769338,1.10768397181638e-48,1.0988966246033737e-47,TRUE
Solyc12g006470,310.32341772438895,2.174603185388804,0.14835285614053284,14.658316947594384,1.1919090292856127e-48,1.1818157327592998e-47,TRUE
Solyc06g068210,397.232547418447,-1.8143687717475312,0.12381680733407684,-14.65365495051156,1.2765965759920834e-48,1.2651037658470333e-47,TRUE
Solyc06g030570,1228.785492757837,-1.2350743688767736,0.08429582595477024,-14.651666970313157,1.3145064208813431e-48,1.3019704490873777e-47,TRUE
Solyc06g053400,3127.208450293897,-1.3970013762692899,0.09536805327653228,-14.648525667379408,1.3767065781603697e-48,1.362843135504689e-47,TRUE
Solyc03g116110,5033.195806818536,-1.0386750839003125,0.07095554165146017,-14.638392713600515,1.5980134658988382e-48,1.5810700507867786e-47,TRUE
Solyc07g056420,15525.66784974628,-0.8753373799404471,0.05979895315001305,-14.638005079195205,1.6071489697387487e-48,1.5892533357023892e-47,FALSE
Solyc08g075020,1921.1569445328105,-1.9795926022043984,0.1352558167316655,-14.635914743184163,1.657316049850528e-48,1.637980695935605e-47,TRUE
Solyc01g005020,1593.5192526040223,1.6037859423198542,0.10958933039024453,14.634508091333503,1.6919493752376804e-48,1.671311411337683e-47,TRUE
Solyc01g010220,318.16569857249124,2.045711638870147,0.13979260571336286,14.633904478930505,1.707030991639097e-48,1.6849511454045977e-47,TRUE
Solyc03g034250,558.5189172382591,1.7772436241529634,0.1214471732309609,14.63388217997556,1.7075907000428468e-48,1.6849511454045977e-47,TRUE
Solyc07g042250,21252.562098106206,-0.9424620020330058,0.06440335011445925,-14.633741883893286,1.711116353428414e-48,1.687524244907432e-47,FALSE
Solyc01g108910,1179.374351219134,-1.2156781468258917,0.0831192011665832,-14.625719806780777,1.9252390796192508e-48,1.8976766756375705e-47,TRUE
Solyc01g068130,342.9435801665744,2.059902501509798,0.14084476017214134,14.625339977093732,1.9360137685088144e-48,1.9072744430062986e-47,TRUE
Solyc01g005060,208.66980894384537,2.4742635911534534,0.1691965191732595,14.623608117019087,1.985907489176766e-48,1.9553796129371445e-47,TRUE
Solyc01g006520,188.65248238001755,3.0140177962303207,0.20614970170346875,14.620529505134888,2.0777805452579724e-48,2.0447451693510335e-47,TRUE
Solyc11g067200,1492.7619980610416,-1.1015188474616031,0.0753444105865646,-14.619781864190807,2.100723009029757e-48,2.0662167509360094e-47,TRUE
Solyc11g011300,211.43475471311856,-3.7762685564816776,0.25843165134899193,-14.612252550219242,2.3463022674868852e-48,2.3065280525781504e-47,TRUE
Solyc07g044960,154.75491172733712,5.45517249993278,0.3733477255574547,14.611505913923882,2.3721601012329708e-48,2.3307011833760394e-47,TRUE
Solyc08g041860,3387.058968385357,1.0890394911586285,0.07454566647079684,14.609024812800596,2.4601412941009076e-48,2.4158534940949245e-47,TRUE
Solyc03g082620,439.3745367415743,1.7010424795715238,0.11643824793252545,14.608966639185924,2.4622426686899113e-48,2.4166261067019027e-47,TRUE
Solyc06g007800,1025.6708154391722,-1.338013795913018,0.09165079475535264,-14.599041933947602,2.8481976365782187e-48,2.793939015646606e-47,TRUE
Solyc08g081340,3073.3242910227136,-0.9422176170102,0.06460393985194383,-14.584522541032769,3.523786460060232e-48,3.454814213081987e-47,FALSE
Solyc10g006400,2148.7214759756316,-1.4018262182062495,0.09615878787347074,-14.578243436791487,3.8632963673713715e-48,3.785659761268013e-47,TRUE
Solyc02g065540,976.9608793885872,1.3608158436603341,0.09342216915917897,14.566305363148704,4.6011090718090895e-48,4.506243370648188e-47,TRUE
Solyc03g006080,330.2577830705297,2.4197297055130185,0.1661308287527524,14.565205769931062,4.6757453316814724e-48,4.576902365937195e-47,TRUE
Solyc07g053180,1068.3511395395085,1.4708384935904595,0.10098993739350265,14.564208390974686,4.744485327310925e-48,4.641717603616644e-47,TRUE
Solyc06g082940,909.9815469552248,1.326430545948416,0.09108531601374167,14.562506933041796,4.8640803074790525e-48,4.756190866616352e-47,TRUE
Solyc02g092990,863.3759500680786,1.3370813681559939,0.09183307852018173,14.559910107577954,5.0524196487784763e-48,4.937726230914128e-47,TRUE
Solyc08g008630,335.95272806377307,2.418055736222722,0.16617976159021408,14.550843695307814,5.768715619635407e-48,5.63476616555567e-47,TRUE
Solyc09g091670,1284.4188244793181,1.7904912115076594,0.12306897300998758,14.548680855266042,5.954013600425477e-48,5.812672969549736e-47,TRUE
Solyc11g007940,323.33732468863457,1.9526610396167494,0.13428735106946865,14.540915611676722,6.669456688720533e-48,6.507676343351888e-47,TRUE
Solyc05g050340,277.35160660642765,2.1614203699572503,0.14864443600743976,14.540876389406662,6.673279378461571e-48,6.50795197953629e-47,TRUE
Solyc12g042470,171.0092168477164,3.2619857236130856,0.2243333489669944,14.540797160269797,6.681007879676133e-48,6.5120343505878235e-47,TRUE
Solyc01g103873,1099.6181371883238,1.2863131187339447,0.08846546768216822,14.540285067562289,6.73117590442723e-48,6.5574566322779955e-47,TRUE
Solyc02g062130,3173.7226610636476,-0.9604944204914992,0.06606963482938724,-14.537607525329912,6.999655668800641e-48,6.815395665231049e-47,FALSE
Solyc10g078550,227.1419512679007,2.755832029985752,0.1895773708367977,14.53671404884171,7.091596292428597e-48,6.901260701096607e-47,TRUE
Solyc04g056390,5005.844760151506,-1.409948212472648,0.09701111628692548,-14.533882986177652,7.390931480742232e-48,7.188756265104997e-47,TRUE
Solyc01g109340,169.77161837268318,3.028826195727648,0.20844182582439844,14.530798623301635,7.731377611289194e-48,7.515912989335233e-47,TRUE
Solyc01g105630,132.66018826417698,4.771434098559805,0.328489077605762,14.525396501268965,8.36568329154756e-48,8.128242914826575e-47,TRUE
Solyc01g007110,4370.253189332855,1.115079999494205,0.07678218465425347,14.522639652874652,8.709083716133346e-48,8.457426621958759e-47,TRUE
Solyc08g065320,418.7724987775056,-1.877085210160143,0.12935128695271195,-14.511530997340328,1.0240905092219031e-47,9.939733807300023e-47,TRUE
Solyc04g011530,532.2939356821578,-1.6236409123410651,0.11196091546845127,-14.50185455833094,1.1792031072993887e-47,1.1439203546957606e-46,TRUE
Solyc07g066520,1223.3999096514294,-1.304075848162257,0.08998374956320258,-14.49234839059805,1.3543212252208419e-47,1.3131058588203976e-46,TRUE
Solyc06g083660,1212.7435028585865,-1.1558488736401797,0.07977275159670459,-14.489269211668107,1.4164173572991077e-47,1.3725883120310752e-46,TRUE
Solyc09g074230,478.3816745380012,1.9083087109034313,0.1318326490264131,14.475236028376367,1.737283637862229e-47,1.6826388363973317e-46,TRUE
Solyc08g061270,548.9439310653044,-1.8508182319528321,0.12787109569308902,-14.474093788912942,1.766383924430385e-47,1.7099228900897192e-46,TRUE
Solyc10g078860,1555.5140999954635,-1.0813297564372293,0.07472054705663668,-14.471652029228359,1.8302286291334863e-47,1.770794362597941e-46,TRUE
Solyc11g007900,710.977885212973,1.4498209328887985,0.10025238759993106,14.461709766698819,2.114785246217716e-47,2.0450340442514607e-46,TRUE
Solyc05g051530,141.63858907551807,3.6777755362156173,0.2544048001291549,14.456392074160958,2.284635276351222e-47,2.208120414572267e-46,TRUE
Solyc11g066020,1151.654743969988,1.1824125370071952,0.08180696654416326,14.453690033462774,2.3760743277143506e-47,2.295290297760006e-46,TRUE
Solyc08g005860,483.3142926906894,-1.6398877110370331,0.11347414105585944,-14.45164242512109,2.447784758507788e-47,2.3633207571244046e-46,TRUE
Solyc02g032860,1143.0717308879223,1.4665830331947973,0.10149141586007285,14.450316026892253,2.495382729209648e-47,2.408011585882465e-46,TRUE
Solyc03g096980,1469.3219616508334,1.1453019373027427,0.07928499029307001,14.445381566791324,2.6806861522199067e-47,2.5854697553126205e-46,TRUE
Solyc03g078150,764.5022787622238,1.555491008912406,0.10770766646608392,14.441785435971866,2.8242997296207147e-47,2.72255385053055e-46,TRUE
Solyc07g063460,606.4326346940765,1.6707883123064406,0.11574890290983249,14.434593074354856,3.1349041789190705e-47,3.0203848805591865e-46,TRUE
Solyc05g006440,1471.2595985928624,-1.1402565026112255,0.079014871377132,-14.430910064624005,3.306887332521106e-47,3.1844164396927966e-46,TRUE
Solyc09g064480,139.7429857746444,3.5253207530654813,0.2446598420906755,14.409069845467045,4.537805182371969e-47,4.367459301965649e-46,TRUE
Solyc01g111580,1213.5229884867263,-1.2760855018439436,0.08856698125064459,-14.408140413328768,4.599277262115419e-47,4.424307373598521e-46,TRUE
Solyc07g064180,3430.9516053948805,-1.388201281025919,0.09636902132966053,-14.405057370844725,4.809183497032095e-47,4.6238085892228554e-46,TRUE
Solyc12g045020,260.99579475917966,2.5295113926885815,0.17560819790971077,14.404289906722543,4.862900964046489e-47,4.6730114177766134e-46,TRUE
Solyc04g076340,1138.1766712771641,1.6708690762578444,0.11606814564375766,14.395586894152355,5.515469032876995e-47,5.2973284864878686e-46,TRUE
Solyc02g077710,14043.421329777333,-1.803857037391751,0.1253239207864889,-14.393557319874594,5.679772707919361e-47,5.452285205727499e-46,TRUE
Solyc04g007340,397.9678066773217,1.7964814569511285,0.12490052736469173,14.38329761175194,6.587926178755639e-47,6.320764454283137e-46,TRUE
Solyc11g072040,177.91063800882804,3.4030728602216564,0.23660771308222614,14.382763841003854,6.638941968170072e-47,6.366388638543059e-46,TRUE
Solyc04g079790,1948.61678547601,-1.1412939378092646,0.07935361618337648,-14.382380951258405,6.67577911307268e-47,6.398375778707773e-46,TRUE
Solyc10g083740,321.8177783730827,2.30346141048512,0.16018143437620136,14.38032703013023,6.876883398229585e-47,6.587688770695908e-46,TRUE
Solyc10g081260,1785.5951132381806,-1.2606256105643043,0.08766566169816742,-14.379924660862471,6.916980926956576e-47,6.622648978137642e-46,TRUE
Solyc05g009120,812.2347133955283,1.4891785989892874,0.1035781696418575,14.377340361761789,7.1801201227408415e-47,6.8710124006426276e-46,TRUE
Solyc09g065240,131.4048325971397,3.649764868294029,0.25392092165012253,14.373627996369033,7.57564855092892e-47,7.24574127532395e-46,TRUE
Solyc06g076280,941.1598787385059,1.4491552580845475,0.10083729172925532,14.371223514961903,7.843325472320336e-47,7.49786022660763e-46,TRUE
Solyc07g008190,1656.5452962574545,-1.2859384874852633,0.08948193971773577,-14.370927715041294,7.876898721826573e-47,7.526041018884505e-46,TRUE
Solyc01g102710,166.83076761865533,3.4954941133121364,0.24331595367306152,14.366070372882156,8.449116131052059e-47,8.068576718811948e-46,TRUE
Solyc03g114710,1146.4116243337262,1.9846973438626427,0.13816984677283636,14.364185748325127,8.682110651845232e-47,8.286772591530162e-46,TRUE
Solyc01g109200,674.9876648710746,1.442482730095943,0.10042671354844152,14.36353614618835,8.763893355240573e-47,8.36049047998897e-46,TRUE
Solyc09g011480,1160.476662359184,-1.4278015532260302,0.09943170068121604,-14.35962116150107,9.27326596894423e-47,8.84182823169615e-46,TRUE
Solyc04g007390,162.57330300937946,3.2338620246109593,0.22536015890978078,14.349750374047183,1.069213904824306e-46,1.0189403427882436e-45,TRUE
Solyc10g050990,957.5918563074367,-10.573418732381691,0.7369237193413645,-14.34805048999078,1.0957428348471844e-46,1.0436808566319062e-45,TRUE
Solyc12g019010,660.1397889161733,-1.4908286016008148,0.10395042140479284,-14.341727348996367,1.2003028341600116e-46,1.1426808389623767e-45,TRUE
Solyc02g094180,131.5460979385155,4.008504368833087,0.27957557070475025,14.337820571119659,1.2698084397632187e-46,1.2082240449361931e-45,TRUE
Solyc04g064870,2215.758190281514,1.555674328476584,0.10854273320164452,14.332367378169302,1.3735723226267311e-46,1.3062793588643145e-45,TRUE
Solyc06g076140,23953.785495487995,1.2253778954763457,0.08549793171509204,14.332251914113177,1.3758582622245128e-46,1.3077767546263298e-45,TRUE
Solyc01g008710.5,3137.473271366705,-1.6047663631827906,0.1120027635349193,-14.327917566806018,1.4644633767215095e-46,1.391278049316357e-45,TRUE
Solyc07g042590,1208.9075543560602,1.5560513000372327,0.10863343476452539,14.323870946455303,1.5523037469782595e-46,1.4739669308213506e-45,TRUE
Solyc12g017460,129.33463391053635,4.233237999540872,0.295688670558255,14.316537700103943,1.7250584192024558e-46,1.637157920505872e-45,TRUE
Solyc09g007100,914.1547929918299,-1.2979829375221281,0.09066842491636604,-14.315710664648776,1.7457042876069429e-46,1.6558968998492482e-45,TRUE
Solyc05g009520,338.8076836646844,2.498604320614574,0.1746111626082362,14.309533727923977,1.907881945279513e-46,1.8087980299161057e-45,TRUE
Solyc06g051920,1554.0394872495774,1.1491815728619843,0.08031937434999228,14.307650951741941,1.9602340961843196e-46,1.8574733706266157e-45,TRUE
Solyc02g021050,729.7582642625423,-1.7923639061336902,0.12528320970425535,-14.306497338029256,1.9930150706630933e-46,1.8875629079855558e-45,TRUE
Solyc04g078460,796.5561966986766,-1.5394913004328448,0.10773115466020092,-14.290121602136495,2.5216874360439013e-46,2.3870329627597856e-45,TRUE
Solyc07g066610,5415.9516367371025,-1.2575570164706,0.08800919005034295,-14.288928414762744,2.5652631809759913e-46,2.4270320666948867e-45,TRUE
Solyc07g043050,224.09887981627287,2.259818475450795,0.1581790505949003,14.286458712147887,2.6578529466457362e-46,2.5133390287134036e-45,TRUE
Solyc04g071340,352.85628467705726,1.964340074773404,0.13754773732568504,14.28115149667818,2.868226412650058e-46,2.7108794932517234e-45,TRUE
Solyc05g052980,6934.340497872602,1.03503439414693,0.07249223150196381,14.2778663686038,3.006665734935419e-46,2.8402639365528166e-45,TRUE
Solyc01g087580,147.97317945081664,3.28612305051765,0.23017195904339777,14.276817489736306,3.0522520603602625e-46,2.881846411176308e-45,TRUE
Solyc01g095390,317.4410050211071,2.0372947503755503,0.14277327599848558,14.269440384607833,3.3929032476057777e-46,3.201834722830442e-45,TRUE
Solyc01g095920,263.3664420030559,-2.5518561731690763,0.17886417065415464,-14.267005872871287,3.5134241913030444e-46,3.313867465814462e-45,TRUE
Solyc11g065520,316.7817681831857,-2.342541785718879,0.1642455898956879,-14.262433391402615,3.751417430781163e-46,3.536528545130775e-45,TRUE
Solyc01g079810,612.2941787126906,1.790674290957614,0.1256066965142727,14.256200828863767,4.101852600813589e-46,3.8649080656461404e-45,TRUE
Solyc01g107980,584.4411357830065,1.5459165260832597,0.10846308456573152,14.252927918036418,4.298731768793165e-46,4.048339452137539e-45,TRUE
Solyc04g056650,890.1820570626206,-1.3542927001936227,0.09504460066228876,-14.249022992959674,4.545966743768947e-46,4.278981395325374e-45,TRUE
Solyc03g026340,1996.2535499676262,-1.1608218819164808,0.0814693173137856,-14.24857750366905,4.575056563226442e-46,4.304158894666924e-45,TRUE
Solyc09g014900,730.5867603669631,1.574172470266638,0.11048771515170418,14.247488674240701,4.646937611970047e-46,4.3695475253629353e-45,TRUE
Solyc03g007430,1793.778744490885,-1.494714847775681,0.10491795951470234,-14.246510842275997,4.712448245730076e-46,4.428882213765644e-45,TRUE
Solyc09g007310,3584.8373669824578,-1.3567875428482323,0.09525402185449286,-14.243887202167901,4.892797623188313e-46,4.596029571132895e-45,TRUE
Solyc01g097880,7287.1503312429,-1.3157574749739702,0.09238263183039158,-14.242476631209362,4.992582702120869e-46,4.687367099749128e-45,TRUE
Solyc06g068280,1568.197951980884,-1.2661930308473168,0.08896240047266026,-14.232900912295422,5.725646911979448e-46,5.3728722400672893e-45,TRUE
Solyc02g079030,274.053452970512,2.26572971289122,0.1592012298536162,14.231860614233533,5.81147172740333e-46,5.450626773717113e-45,TRUE
Solyc01g111520,3826.0001922040246,0.9179998942086393,0.0645180420774445,14.228576451633701,6.0909055331863535e-46,5.709796859590247e-45,FALSE
Solyc05g054130,585.3302432913997,1.467216045527298,0.10312867358827557,14.227042727078203,6.2259439003800415e-46,5.833411147843339e-45,TRUE
Solyc06g063190,131.8615382946202,4.05111399722633,0.2848009984224721,14.224367258772498,6.4686778883358876e-46,6.057753724975986e-45,TRUE
Solyc12g044950,159.0993837547497,2.939188121339506,0.20667536523456478,14.221279435039076,6.760550504753986e-46,6.327861503507766e-45,TRUE
Solyc06g060120,2443.128223268831,-1.0806736065210132,0.07599193748442722,-14.22089819387053,6.79748394918455e-46,6.359193253835094e-45,TRUE
Solyc11g072820,314.42884128920593,2.0417864768197256,0.1435822060875141,14.220330864503127,6.8528170656748455e-46,6.407697666241134e-45,TRUE
Solyc03g097630,1971.2240032166185,1.0121763778734805,0.07120773064121161,14.214417012858453,7.456985175073415e-46,6.969077705814672e-45,TRUE
Solyc03g112970,128.5422328823112,3.9920870684851497,0.2808537702868453,14.214112434409902,7.489498054182268e-46,6.995906642786212e-45,TRUE
Solyc05g055940,537.6713626924012,1.6481470408510817,0.11595490270541435,14.213689998414562,7.53482552148378e-46,7.034672298701693e-45,TRUE
Solyc12g006805,968.6785395792815,1.3854793910995409,0.09748398008900212,14.212380227342061,7.677106823947071e-46,7.163870799219239e-45,TRUE
Solyc10g005770,1626.5328578469787,-1.2428588569375858,0.08749983077067311,-14.204128693631128,8.637021515928243e-46,8.055523415895936e-45,TRUE
Solyc02g069940,1185.0532668978644,-1.3601226507564783,0.0957647967713164,-14.20274147299046,8.809738986957434e-46,8.212445831502966e-45,TRUE
Solyc03g095290,1529.0649994456235,-1.2144743715205633,0.0855177592130503,-14.201428834155308,8.97633394545052e-46,8.363504658855392e-45,TRUE
Solyc09g011240,347.66315999556286,2.2037206260584554,0.15521990596328342,14.197409877182478,9.506147590432076e-46,8.852660139559921e-45,TRUE
Solyc02g083850,444.7418582525616,2.0400189734359127,0.14371675499498326,14.194719143965669,9.878139963285506e-46,9.194422630130504e-45,TRUE
Solyc07g042400,120.08919088364195,-4.127353028626761,0.2909116566247432,-14.18765090582387,1.0925769257313172e-45,1.0164393535282796e-44,TRUE
Solyc03g083730,125.8805205031133,4.753292821458145,0.33508533581893973,14.185320315021315,1.1294882341337119e-45,1.0502469503328289e-44,TRUE
Solyc02g094030,1684.7700157980953,1.5437210489765216,0.10883549620432953,14.18398503075058,1.1511925512515978e-45,1.069887394825992e-44,TRUE
Solyc09g064500,556.928116458952,-1.5163417716099694,0.10697578927850297,-14.174625696495625,1.3154264715258291e-45,1.2219042357786416e-44,TRUE
Solyc01g009010,1729.0297177122452,-1.8931699243201974,0.13360875875117326,-14.16950461942356,1.4149511424721362e-45,1.3136892349527918e-44,TRUE
Solyc08g082820,8338.103559483141,1.3720198453225834,0.09685640755899784,14.165504171593906,1.4978803164209833e-45,1.3899815172522432e-44,TRUE
Solyc09g091600,312.98110826029307,1.9207959985385454,0.13564554365722237,14.160406208348547,1.610604636698939e-45,1.4938317374589604e-44,TRUE
Solyc06g069040,273.96333917138287,2.2096776623443493,0.15612523237587775,14.153238581092785,1.7835073668580184e-45,1.653364393593089e-44,TRUE
Solyc02g079700,146.64576645065083,3.222801031658138,0.22775114470724142,14.150537139125378,1.853362188788352e-45,1.7172559030492074e-44,TRUE
Solyc06g068490,1303.060475868826,-1.4083343386645846,0.09953754628596888,-14.148774921761435,1.9003906793649073e-45,1.7599436704667552e-44,TRUE
Solyc09g015380,215.82312251078088,-2.7515577057552,0.1945344585516267,-14.144320375122515,2.0246315973342835e-45,1.8740585424872173e-44,TRUE
Solyc12g099100,2165.992942917294,1.1724959064346776,0.08298833023033632,14.128443157976356,2.5369088108954276e-45,2.347055594901391e-44,TRUE
Solyc01g091170,155.97359677911516,5.853345796311511,0.41435104510565574,14.126538029653,2.6064641020525556e-45,2.410192635212884e-44,TRUE
Solyc11g027880,303.77079909356866,2.151745515792171,0.15239982111879277,14.11908163668333,2.89742547250182e-45,2.677897056862793e-44,TRUE
Solyc02g079750,1057.253753340417,-1.1666587419993555,0.08265764552404781,-14.114347615429432,3.098702471207085e-45,2.8624848004120524e-44,TRUE
Solyc08g076010,554.4078924662404,1.4340697769346662,0.1017111564631546,14.099434386572584,3.828256786201445e-45,3.5346481416745935e-44,TRUE
Solyc01g105290,1067.0920544659339,1.4471722895280568,0.10268233417642365,14.093683213722018,4.153225561964529e-45,3.8327683486743945e-44,TRUE
Solyc07g045310,939.6317761488633,-1.3071482694667187,0.09283147037116035,-14.080874344017783,4.9789932134679426e-45,4.592515416115464e-44,TRUE
Solyc09g007800,403.54207870286064,-1.612718534163665,0.11458683672989325,-14.074204159812897,5.471739847309402e-45,5.04448313004457e-44,TRUE
Solyc06g066800,1245.635753181091,1.649526931249581,0.1172082344815366,14.073473067367338,5.5286150930300393e-45,5.094362468930888e-44,TRUE
Solyc06g063090,2012.7023266751814,1.0020923630993144,0.07125528131806165,14.063411785945837,6.373775685809282e-45,5.870196314240081e-44,TRUE
Solyc06g071490,3170.2146996793895,-1.1203493681933847,0.07967482578735573,-14.06152265940922,6.54623984928827e-45,6.02601538054413e-44,TRUE
Solyc05g054800,3872.234240984979,2.227673899848047,0.15846747435854697,14.057609669525833,6.918377826629363e-45,6.365392371718097e-44,TRUE
Solyc10g009430,216.83536324479607,-2.491947759490341,0.17727930545186213,-14.05661959887922,7.015827002038311e-45,6.451823300573799e-44,TRUE
Solyc02g085520,1242.1057040122932,-1.4383311501687048,0.10236799390505669,-14.050594285384891,7.639028893935916e-45,7.021413407861197e-44,TRUE
Solyc05g005960,142.47450596807408,3.4141516551103734,0.243164683729142,14.040491418208381,8.809960182171249e-45,8.093628087399003e-44,TRUE
Solyc02g092440,3411.3585838133745,0.9896034748594872,0.07055542976186524,14.025901028447304,1.0822876925364563e-44,9.937909416532306e-44,FALSE
Solyc09g091470,23362.034029961444,-0.9486588425693232,0.06765424276751936,-14.022163337622516,1.140832669523307e-44,1.0470258094781306e-43,FALSE
Solyc04g082920,1134.6093794547342,-1.427504950669298,0.10183525666403206,-14.017787134163417,1.2133943913100206e-44,1.1130653241243567e-43,TRUE
Solyc01g065550,607.246776033222,1.376378580155151,0.09823580484405599,14.010966595530798,1.3357449621234842e-44,1.224688261282594e-43,TRUE
Solyc06g069450,377.3845503054847,-1.7601364311799923,0.12562645196882635,-14.010874330963055,1.337481531600203e-44,1.2256691423432967e-43,TRUE
Solyc01g104180,144.2372363658763,-6.522729382153317,0.46574629796930456,-14.004897968256536,1.4548852054024958e-44,1.3325936587401135e-43,TRUE
Solyc04g076660,347.3366355630627,2.09882209724072,0.14991110174113234,14.000444749348734,1.5489833677000953e-44,1.4180757593840067e-43,TRUE
Solyc10g018140,143.33481056278765,-6.139379100411653,0.43863892282675493,-13.99643027765793,1.6389881669311333e-44,1.4997272012292197e-43,TRUE
Solyc02g082200,2823.904987931892,-1.2719645155734638,0.09092928463177495,-13.988502391989345,1.832297585602547e-44,1.6757774386135135e-43,TRUE
Solyc11g068770,487.7320101722513,1.9648310034529437,0.14055001908732348,13.97958546154446,2.0769422235530717e-44,1.898579258855103e-43,TRUE
Solyc12g094620,58954.414995641826,1.3389454703413737,0.09581419957396242,13.974394988373238,2.2340399213676438e-44,2.0411707691104075e-43,TRUE
Solyc03g114000,1080.3758537322333,1.5787677524578891,0.11298555638940976,13.973182085474676,2.272422289305258e-44,2.075208094600028e-43,TRUE
Solyc02g077450,1529.7059741826017,-1.0544174734349556,0.07549017089134653,-13.967612749911313,2.457259857089834e-44,2.24289016647877e-43,TRUE
Solyc11g065870,617.022789809898,-1.5085087309970846,0.10805494133641025,-13.96057146799613,2.7125011887920526e-44,2.4746356999287496e-43,TRUE
Solyc02g090340,124.99026652670321,4.605336210808487,0.3299092563768844,13.959402841208572,2.757344411502369e-44,2.514298726024209e-43,TRUE
Solyc03g098050,3069.83463435616,1.330071616332098,0.09528829463668945,13.958394589842646,2.7966258374285815e-44,2.5488533847025095e-43,TRUE
Solyc06g068870,2895.652097158341,-1.0512910867200265,0.07533041077520004,-13.955732829564338,2.9030235324938173e-44,2.6445134587628266e-43,TRUE
Solyc01g080890,1506.8145745980885,-1.244628812509147,0.08919067479398249,-13.954696669624473,2.94552223587028e-44,2.6805710525744235e-43,TRUE
Solyc10g006860,638.8419897502788,-1.6336262162391793,0.11706637125981492,-13.954701069648257,2.945340464004807e-44,2.6805710525744235e-43,TRUE
Solyc04g072034,425.63976590521787,1.7884367371610905,0.12822884851256475,13.94722605643493,3.2708127175750525e-44,2.9751286584454322e-43,TRUE
Solyc05g008060,359.4047992110135,1.7689385590596174,0.12683445314201802,13.946830023218661,3.2890214492269375e-44,2.990211735961365e-43,TRUE
Solyc02g078390,236.90070911451113,2.3550314754709274,0.16888517537262793,13.944571927493284,3.3947873170901167e-44,3.084843067230233e-43,TRUE
Solyc02g084980,317.6022623852348,1.9158734712855152,0.13745160300549422,13.938531304061502,3.694649568901912e-44,3.355669121794657e-43,TRUE
Solyc07g005330,5193.556943669537,1.649320471486825,0.11836562744234565,13.934116745929366,3.930324563195769e-44,3.5679583429742133e-43,TRUE
Solyc03g120560,4695.0498941991145,0.9847787300359998,0.0707118897085038,13.926635734040785,4.36433989097782e-44,3.960002972154258e-43,FALSE
Solyc08g081030,2663.3524811541365,-0.9303729786008014,0.06681860029760676,-13.923862135048712,4.5370960960004e-44,4.114723114591778e-43,FALSE
Solyc03g082530,144.35412554835588,3.311239352070639,0.23808891412584415,13.907574673218308,5.697899294885046e-44,5.164915322380267e-43,TRUE
Solyc05g054340,1050.7723840325002,-1.4649710210235176,0.10534647736627696,-13.906217442183573,5.807028783603715e-44,5.2612424903394335e-43,TRUE
Solyc05g054770,563.0674416363771,1.686077605292577,0.12127463299759675,13.90297017288017,6.076641675545311e-44,5.502803148844801e-43,TRUE
Solyc01g080280,504.0095551786058,1.5611503276453744,0.11234352064380465,13.896220437982743,6.67755215006069e-44,6.04399021046606e-43,TRUE
Solyc06g068860,2989.227267060903,0.9767620227068415,0.07030185146067679,13.893830708757244,6.904180321825467e-44,6.2460406917380695e-43,FALSE
Solyc06g076780,870.5961102839873,1.307407419840296,0.09410259100644355,13.893426374952556,6.943274850466011e-44,6.27831881830382e-43,TRUE
Solyc11g010380,1010.6578647643892,1.2902055648245752,0.09288771250154462,13.88994873571809,7.288746848934268e-44,6.5874647651897065e-43,TRUE
Solyc07g053360,131.98398893723828,3.4255616361456034,0.2466279691721175,13.889591061567563,7.325234246996432e-44,6.617188263515254e-43,TRUE
Solyc10g012240,2240.8885507273,-1.1449940202316753,0.0824606060466151,-13.885345683542617,7.772448943705234e-44,7.017727354230517e-43,TRUE
Solyc12g008430,1235.485609085152,-1.4406965552390754,0.10379451630098299,-13.880276209018097,8.342186213019093e-44,7.528444239270005e-43,TRUE
Solyc03g118090,415.5601616808241,1.7308632687901742,0.12471442466586931,13.878613267290008,8.537981539314377e-44,7.701359893877145e-43,TRUE
Solyc05g052030,266.6790540798677,-2.43976896379913,0.175847743122732,-13.874326280641013,9.064073906550536e-44,8.171891644145096e-43,TRUE
Solyc03g082830,258.76141387587364,-1.9011066576872382,0.13703153026175774,-13.873497975653798,9.16937939006455e-44,8.258731079253142e-43,TRUE
Solyc07g014670,651.1482751022345,1.9195748965679575,0.13836265871375797,13.873503981584637,9.168611470117837e-44,8.258731079253142e-43,TRUE
Solyc08g066120,746.8893277502929,-1.5851989545548726,0.11430048688871458,-13.868698180597047,9.80400087948346e-44,8.826001379409621e-43,TRUE
Solyc12g040680,1495.7714567203607,1.1594235500837429,0.08360118539547416,13.86850610549488,9.83028648592689e-44,8.845333160587078e-43,TRUE
Solyc07g043510,2551.852499474936,1.283608610159685,0.09256597664238489,13.866959078482143,1.0044570698133562e-43,9.033725202729417e-43,TRUE
Solyc09g055940,1875.0517977374675,-1.3214943610300762,0.09530142745003568,-13.866469751703404,1.0113311680276192e-43,9.091100665942163e-43,TRUE
Solyc03g079920,819.953555959778,-1.2202814879650659,0.08806912915113914,-13.855950430381677,1.1709661483902365e-43,1.0520953424172882e-42,TRUE
Solyc09g005120,3721.580467604009,0.8778281698831176,0.06341053005173623,13.843570920585325,1.3912006913342559e-43,1.249362105950055e-42,FALSE
Solyc12g098490,163.96282306538527,2.658809604461354,0.19219161421695083,13.834160326371064,1.5857733699522307e-43,1.4234019462808525e-42,TRUE
Solyc03g120770,1311.0055494440605,1.128942383717906,0.08160740136468767,13.833823462566603,1.593218991193588e-43,1.4293872481752916e-42,TRUE
Solyc08g007890,153.38226118260226,-2.934564089584908,0.21223250871410626,-13.827118698097259,1.748863912792617e-43,1.5682617223837404e-42,TRUE
Solyc05g012370,140.9114920191099,-2.738300571059132,0.1981177491887745,-13.82158126806685,1.888748093557643e-43,1.69287451018382e-42,TRUE
Solyc08g082010,2271.516870886662,-1.4951215114028045,0.10818231818442782,-13.820387069668268,1.920344784666463e-43,1.7203556616239567e-42,TRUE
Solyc01g090890,412.079773053346,-2.232435630011275,0.16153808965538655,-13.819871429542026,1.9341498741385436e-43,1.7318790616799244e-42,TRUE
Solyc07g045420,1355.8336466272272,1.2254644017792928,0.08869580007064526,13.816487373733858,2.0272329350448158e-43,1.8143438678154258e-42,TRUE
Solyc06g060340,4333.710533912086,-1.5410892284849118,0.11161380373483339,-13.80733544523002,2.301896256630625e-43,2.0591610163328847e-42,TRUE
Solyc02g084410,568.9708192482748,1.7613883961543708,0.12763369066776883,13.80034054440433,2.536515457468753e-43,2.2679359754206266e-42,TRUE
Solyc07g055630,119.1032452918131,3.8487513839380814,0.27892065870029065,13.798731875481803,2.593752160111713e-43,2.31798473307407e-42,TRUE
Solyc06g005600,496.17644409634397,-1.455972647363055,0.10558455264876389,-13.789636938714638,2.9423699122601614e-43,2.628259771480979e-42,TRUE
Solyc02g083310,351.84939512548215,1.8264999435660114,0.13253177164869184,13.781600599195189,3.2889824578361806e-43,2.9364431531035706e-42,TRUE
Solyc10g006540,2313.9191254579277,1.2516675888041253,0.09082865616579017,13.78053624969908,3.337835512812989e-43,2.9786131180602514e-42,TRUE
Solyc04g077440,1387.1761064575985,1.1013396719411312,0.07993659209539003,13.777666060955905,3.4732033698893354e-43,3.0979086632059995e-42,TRUE
Solyc01g007000,154.3287707598211,5.935888846270156,0.4308556284227636,13.776978771287515,3.506420491372533e-43,3.126019781421012e-42,TRUE
Solyc12g010790,1044.7855593348656,1.1516237621397156,0.08360220227966451,13.775040976639891,3.601786642485931e-43,3.2094834633455586e-42,TRUE
Solyc05g015850,438.47800772015023,1.810369816022808,0.13144587165356678,13.772740012665768,3.718381801204808e-43,3.3117738687765494e-42,TRUE
Solyc10g080880,129.0883022972393,-5.9024587312684895,0.42861978271167966,-13.770849991865415,3.816956514262917e-43,3.39792307998524e-42,TRUE
Solyc10g085500,130.7411983091239,4.001376274500233,0.2905959770463098,13.76955150987024,3.886181538799452e-43,3.457873921962746e-42,TRUE
Solyc08g082750,2218.5138828894046,1.1499690675496324,0.083557835684671,13.762552106894729,4.281418731794139e-43,3.80770781550903e-42,TRUE
Solyc07g062060,5758.87411287614,-1.0206095418969463,0.0741903709768838,-13.756630792626003,4.646829734995787e-43,4.1306900879317e-42,TRUE
Solyc04g014210,2555.0872003137474,-1.0650445161674165,0.07748484780160907,-13.745197240295793,5.4424531710914055e-43,4.835602544425969e-42,TRUE
Solyc01g099160,5270.8504797385895,-1.2344864587224296,0.08981560909686878,-13.744676132975945,5.4817808371566915e-43,4.868192131857559e-42,TRUE
Solyc08g068870,242.51285614392575,2.959357135704902,0.2153872060561124,13.739707152958447,5.871279295777433e-43,5.211575436710601e-42,TRUE
Solyc01g096070,615.9377999171725,-1.4130053827643307,0.10287394944049116,-13.73530801966248,6.239016737459932e-43,5.535320689417274e-42,TRUE
Solyc10g008470,474.5100922139263,-1.99224872761134,0.14507457584468525,-13.732583507562433,6.4781645736437444e-43,5.744722593212395e-42,TRUE
Solyc07g053220,1413.9937040356908,1.5060641691474919,0.10967322176504025,13.732287106273093,6.504725403476894e-43,5.76549503819266e-42,TRUE
Solyc01g081430,2597.1752688025526,-0.9221271747422914,0.06717832815544059,-13.726557359519685,7.039999005266117e-43,6.236930203075037e-42,FALSE
Solyc11g010930,142.71590928745172,3.1128353025906463,0.22683016336468564,13.72319825730581,7.37394992971976e-43,6.529639766764854e-42,TRUE
Solyc01g073950,1313.314613777918,1.473399825617523,0.10738296187076597,13.720983291471704,7.602728661816471e-43,6.72898223351816e-42,TRUE
Solyc04g011430,21703.876427058887,-1.1085736008840061,0.08080120949792807,-13.719764936345817,7.73156565750944e-43,6.839719513089318e-42,TRUE
Solyc09g009430,2745.398950402351,-0.9756556434232307,0.07119932917284669,-13.703157807213117,9.720315005625925e-43,8.594927885926954e-42,FALSE
Solyc02g093160,615.2890802210429,1.5460251647842207,0.11292801330351472,13.690360075927263,1.1593332203463203e-42,1.0246164706551156e-41,TRUE
Solyc08g007310,809.8431783521348,1.779208780397409,0.13002205836978084,13.683899506784957,1.2671100879307902e-42,1.1193313189058971e-41,TRUE
Solyc09g008560,296.7533458632207,-2.297076045914812,0.16791177527730158,-13.680255849366462,1.3322311948719588e-42,1.1762923177392518e-41,TRUE
Solyc01g088090,14832.914270894085,-0.9756852753545625,0.07132711667659278,-13.67902308148046,1.3550090396285309e-42,1.195829629164248e-41,FALSE
Solyc10g081240,3501.7012316847504,-1.4905399381027642,0.10905663105378263,-13.667577328403679,1.58587722275559e-42,1.3989050377119008e-41,TRUE
Solyc05g055910,394.85591399655226,1.6322150959544108,0.11943484273958586,13.66615518984917,1.6171686227604954e-42,1.4258230595782344e-41,TRUE
Solyc02g080530,420.02844173624663,1.7465706577656739,0.1278146516707091,13.664870458399333,1.645964282208313e-42,1.450515886856923e-41,TRUE
Solyc02g083340,145.96397106934862,3.2724563774230147,0.23949076782055964,13.664227674425131,1.6605623412788056e-42,1.462679325334369e-41,TRUE
Solyc01g100320,16499.64160366507,-0.8482344407586202,0.06208908934945271,-13.66157000603677,1.722299378509101e-42,1.5163328292688126e-41,FALSE
Solyc01g107170,4345.505224613181,0.9188897217401404,0.06726464062034658,13.660813664738283,1.7402826730223145e-42,1.531432090864969e-41,FALSE
Solyc08g067410,260.2428651555921,2.7955722581299924,0.20466862380506248,13.659017225779792,1.7837482317974018e-42,1.5689303227335712e-41,TRUE
Solyc04g050140,507.77331037594206,1.5130385793230916,0.11078728444204626,13.657150158911735,1.830067271848913e-42,1.6089013227354645e-41,TRUE
Solyc02g083810,4837.266369174362,-0.9392210273137224,0.06884342344547614,-13.642857666100577,2.2266126270584266e-42,1.9565879504404905e-41,FALSE
Solyc04g082400,2785.6310444079677,-0.9739651175198341,0.07139676569922225,-13.641585973556836,2.265787504530555e-42,1.9900607594737313e-41,FALSE
Solyc08g083110,664.4503972131555,1.5638095463736683,0.11463690522070076,13.641414545891637,2.2711205594686528e-42,1.9937922275411768e-41,TRUE
Solyc10g018300,2702.777936006295,-1.07770864860845,0.07909155533804296,-13.626089966270687,2.801954213138999e-42,2.4586312315099866e-41,TRUE
Solyc09g008020,864.5625111171581,-1.2196136738477097,0.08953124029357139,-13.622213540755356,2.9547429420266526e-42,2.5914618083624025e-41,TRUE
Solyc03g044910,1426.4770374482744,1.05964109849445,0.07778983328745252,13.621845602609998,2.9696688475654885e-42,2.603310559122383e-41,TRUE
Solyc09g083200,429.96155577352863,2.266669341274269,0.16655594634096194,13.609056842882683,3.537798333622796e-42,3.0998735351281156e-41,TRUE
Solyc05g052750,495.18562805584133,1.987382306350384,0.1461086085646744,13.6020890615126,3.89156733113592e-42,3.4082268817661563e-41,TRUE
Solyc07g006280,29777.96978238594,0.9473744348989445,0.06966458351427852,13.599082734841437,4.054869520355577e-42,3.549555542509361e-41,FALSE
Solyc01g100360,3323.2494123112906,-1.0162994719075742,0.074734338935706,-13.59882868278125,4.068977898154088e-42,3.560210409412975e-41,TRUE
Solyc03g113520,372.20170940582256,1.788241444049439,0.13161384108840213,13.587031798945192,4.7807850804111115e-42,4.1810262670407933e-41,TRUE
Solyc03g111700,1554.0346852679666,-1.1586023261064577,0.08527560786794493,-13.586561914640727,4.811568956613853e-42,4.205947319516522e-41,TRUE
Solyc01g094200,2138.489669007001,1.0927964349358534,0.08045113396376626,13.583356518355966,5.0268917793038774e-42,4.392079447668402e-41,TRUE
Solyc02g089400,424.32827012613103,1.6841433633730503,0.1240021659332938,13.581564085574318,5.151449220075714e-42,4.498769169247119e-41,TRUE
Solyc03g116760,2405.522272887587,-0.9512319149887996,0.07005431239574299,-13.57849192231317,5.3721165663570584e-42,4.689250657138737e-41,FALSE
Solyc04g076300,604.0118209593888,1.6116730006097058,0.11871641201524627,13.575823032814748,5.571433631356359e-42,4.860923799013951e-41,TRUE
Solyc01g099990,174.00072488637642,-2.405023164207744,0.17716184079658587,-13.575288862397574,5.6122011124413343e-42,4.894169499526046e-41,TRUE
Solyc12g049420,703.2143326182509,1.5143047685069753,0.11156127936288536,13.573748680142513,5.731415266334607e-42,4.995761348555196e-41,TRUE
Solyc03g058190,2876.685742781384,-0.9586923968295595,0.07063806914743734,-13.57189414150825,5.878308237580069e-42,5.121371579688835e-41,FALSE
Solyc04g008290,314.73493999906515,1.8642052340612143,0.13743214064641054,13.56455065964152,6.497662528948658e-42,5.658291343896882e-41,TRUE
Solyc01g112320,1351.4210457718136,-1.209839255186968,0.08919507706464534,-13.563968943152778,6.549413389997035e-42,5.700656550583119e-41,TRUE
Solyc08g081190,39760.933217944454,-1.1308987085456075,0.08338106977471091,-13.563015101643657,6.635158050340547e-42,5.772556102196415e-41,TRUE
Solyc05g053780,5243.565687444428,-1.2502657135419475,0.09220981874691728,-13.558921712811044,7.015987396541807e-42,6.100988472593568e-41,TRUE
Solyc06g060260,2400.8374464324856,-1.0875629565141565,0.08024904710197227,-13.552347296188985,7.673644780454188e-42,6.669721607521955e-41,TRUE
Solyc11g022390,601.6515141490933,-1.300315027376248,0.09595713314582066,-13.550999125830828,7.815899800014513e-42,6.790155294124139e-41,TRUE
Solyc11g065070,1166.200008098519,-1.320904254190336,0.09751358702409049,-13.545848271010785,8.383975502384443e-42,7.280237206439926e-41,TRUE
Solyc07g048030,726.7701983504871,1.2564622677616932,0.09277588999468397,13.542982641650628,8.717607289441971e-42,7.566372747960895e-41,TRUE
Solyc03g007670,7363.903022685213,0.8692311309951167,0.06419095591028655,13.541333333779239,8.915581638371669e-42,7.734551074005965e-41,FALSE
Solyc07g006340,738.3469122743287,-1.6191353599118457,0.11963448825493586,-13.534018354820384,9.848930849535546e-42,8.540230934293017e-41,TRUE
Solyc07g025370,423.18424286428143,1.5682661012265975,0.11591067458155456,13.529954052015874,1.0408868145647501e-41,9.021509812420463e-41,TRUE
Solyc01g104020,697.1651646651783,1.4960178531780448,0.11062955030154127,13.522768998882956,1.1477301592285048e-41,9.942848028792462e-41,TRUE
Solyc08g082900,113.01397628102379,4.021674373051569,0.29774721708437246,13.507009108037941,1.421813364739048e-41,1.2311443751294359e-40,TRUE
Solyc03g005350,968.3947547082545,-1.5105244832788598,0.1118929327917363,-13.499730908746164,1.569483411040924e-41,1.358371635836408e-40,TRUE
Solyc09g007530,2064.5788729673827,-1.0177383104382522,0.0753929788607682,-13.499112593995761,1.5827102615114146e-41,1.3691747170524394e-40,TRUE
Solyc07g063320,137.28848548197485,2.9269380431585614,0.21698903922776885,13.488875076709363,1.8185405561265532e-41,1.5724473679809233e-40,TRUE
Solyc12g008500,463.7777391436307,2.06522386634751,0.15316721077278264,13.48345939008569,1.9571090637222987e-41,1.6914685434135882e-40,TRUE
Solyc10g150145,776.8739543076651,2.68029742604416,0.1987927170292633,13.482875359310103,1.9726658537792805e-41,1.7041126123131821e-40,TRUE
Solyc03g025670,254.5055768691607,2.149480553237259,0.15950254796373534,13.476151827530474,2.160866378450212e-41,1.86581524824097e-40,TRUE
Solyc08g041770,454.88899184139854,1.6202438926086573,0.1202482998478368,13.474152188920154,2.2202093204703436e-41,1.916155302263208e-40,TRUE
Solyc04g081320,603.2968914178833,-1.7578061097888151,0.13051224934648917,-13.46851440068373,2.396391386570398e-41,2.0672389891752056e-40,TRUE
Solyc12g010180,890.941681151817,-1.1916760486349949,0.08849179686213089,-13.466514308570446,2.4621801670994355e-41,2.1229952163128014e-40,TRUE
Solyc10g084350,4117.569187352588,-1.0824683836068127,0.08041134389651719,-13.461637763446173,2.6302099660829605e-41,2.266814336919975e-40,TRUE
Solyc07g061790,2235.839700761311,-1.2652152639062308,0.09401368338261923,-13.45777782960621,2.771256852351502e-41,2.3872546727637142e-40,TRUE
Solyc12g068070,2588.3779298307504,-0.983001229858902,0.07305928727459371,-13.454842861582906,2.8835165134105713e-41,2.482795506605458e-40,FALSE
Solyc09g090460,775.5145744460987,-1.276317171573523,0.09489305196671542,-13.450059252190588,3.076257007015942e-41,2.647510887639235e-40,TRUE
Solyc05g013460,519.9999587668319,1.5503911716242456,0.11527744066406526,13.449215758895138,3.1115479003786856e-41,2.6766300913739532e-40,TRUE
Solyc06g050510,1426.9854917996913,1.238733736629055,0.09210797260326671,13.448713521951106,3.1327519276729514e-41,2.693609854369124e-40,TRUE
Solyc04g056560,1494.3051346493855,-1.3121557855024906,0.09757572464486129,-13.447563830842569,3.1818335041854963e-41,2.73453227243768e-40,TRUE
Solyc12g005220,1259.7834208822499,-1.1100117282924762,0.08256884686503398,-13.443468940614949,3.362944039366204e-41,2.88883178858266e-40,TRUE
Solyc06g073520,988.9385176054462,-1.6132211381336372,0.12001361358366565,-13.441984537937481,3.4310984121060263e-41,2.946001032683096e-40,TRUE
Solyc12g013530,1183.2880967642795,-1.170830017451736,0.08710433928524225,-13.441695638349275,3.444521678648775e-41,2.956145752502354e-40,TRUE
Solyc02g063520,462.21548015649654,1.7096281339701083,0.1271892058165827,13.441613405743981,3.448352027826743e-41,2.958052045148811e-40,TRUE
Solyc05g009840,1038.441372124081,1.2070150035972638,0.0898200728791975,13.438143222402248,3.613911498467797e-41,3.098625703187198e-40,TRUE
Solyc05g053410,749.034344220132,-1.4370236374065992,0.10693894728456578,-13.437794871709954,3.6309614394644703e-41,3.111793200078105e-40,TRUE
Solyc05g053600,1763.1008820935015,1.6839155490900717,0.125325023396041,13.436387270949963,3.7006747117768593e-41,3.1700607281730664e-40,TRUE
Solyc02g070540,272.3666861370621,2.1579820279869737,0.16064311041583834,13.43339295660333,3.8534309754786714e-41,3.299376880401696e-40,TRUE
Solyc07g055400,116.31169355044237,3.950930864229325,0.29415885363619654,13.431283183866606,3.9648121089507395e-41,3.393162988772879e-40,TRUE
Solyc12g056930,122.67174536565636,3.88074551208826,0.28897916788849026,13.429153182369676,4.080509007416412e-41,3.490553610206417e-40,TRUE
Solyc11g010390,629.3133150466452,1.8932644861948809,0.14102172148161252,13.425339488865474,4.296110588939859e-41,3.6732744630921598e-40,TRUE
Solyc04g005340,4178.136032693562,0.8428831494695697,0.06278900409090729,13.424056674783774,4.371149487074151e-41,3.735696932630596e-40,FALSE
Solyc01g005290,124.77807763906216,-4.093758698715719,0.30513415870401345,-13.416258330771651,4.85619801824843e-41,4.1483033535994844e-40,TRUE
Solyc01g009310,3218.726130196995,1.08676676246092,0.08101183400039048,13.414913708232822,4.945083618565202e-41,4.222269956343898e-40,TRUE
Solyc06g060830,171.59766413027089,2.4725247650178983,0.18441328029783285,13.40752011473739,5.463536515152197e-41,4.6627758476343e-40,TRUE
Solyc12g089220,1748.7558652028033,-1.0927929799752067,0.0815607701550053,-13.398512273711567,6.168732121665203e-41,5.262171814040438e-40,TRUE
Solyc01g111380,204.16485044209497,2.4232223369945363,0.1808960900675282,13.395659000091996,6.410450469268606e-41,5.465830750304488e-40,TRUE
Solyc08g082080,1821.1703189331745,1.134890344589295,0.08472684978674806,13.394695394030816,6.49419288221843e-41,5.534666098925424e-40,TRUE
Solyc11g073160,390.4886235807473,-1.6422172236046249,0.12261210102668291,-13.393598265209114,6.590864356428941e-41,5.6144513190098805e-40,TRUE
Solyc03g111940,118.03780653018495,4.228460198270862,0.31576120562094606,13.391322692588448,6.795958441403553e-41,5.7864800383659804e-40,TRUE
Solyc06g061190,1015.2826618100132,1.4312863735037957,0.10697364326693955,13.379803938547713,7.935642235460281e-41,6.7537458895586275e-40,TRUE
Solyc08g080360,891.6756375232893,1.6599670521652454,0.12408911991133269,13.377216740286073,8.21669802430494e-41,6.989706607163245e-40,TRUE
Solyc05g009680,139.2596900645206,2.89767024503887,0.21661937492275044,13.376782414187192,8.264841246643504e-41,7.027408725117832e-40,TRUE
Solyc07g049700,226.79555971483964,3.2290287287396344,0.24142122499833102,13.37508219818683,8.456016709805355e-41,7.186636855124913e-40,TRUE
Solyc03g081240,696.2113415350981,-1.227587017337125,0.09178501771026282,-13.374590406598179,8.512130182704005e-41,7.230983786906087e-40,TRUE
Solyc07g062970,6665.531333812532,-0.9533832491490405,0.07133242168759875,-13.36535654606533,9.637211651707161e-41,8.182949736412598e-40,FALSE
Solyc05g009350,911.8911607530044,-1.248145102938724,0.09340542867966838,-13.362661256223202,9.992663576773332e-41,8.480846469613304e-40,TRUE
Solyc06g034290,253.7704550528021,1.9498371711291236,0.14595359843886965,13.35929495390812,1.0454970136242223e-40,8.869114721483193e-40,TRUE
Solyc03g026230,128.8947330643442,4.998901456762876,0.3742922298656021,13.355611091787402,1.0985291857554938e-40,9.314696504494116e-40,TRUE
Solyc11g013520,1413.3668045214981,-1.1649710212774425,0.08722764619320443,-13.355525135885197,1.0997980113206439e-40,9.321155759385613e-40,TRUE
Solyc01g112260,433.80471591921224,2.3167379601450513,0.17357275841541064,13.34735923594886,1.2272280551938113e-40,1.0396374810427574e-39,TRUE
Solyc11g008350,1203.323566982141,-1.2741834737422926,0.0954696272030478,-13.346480038434832,1.2417947896643693e-40,1.0514930271027224e-39,TRUE
Solyc09g013100,1519.4824141369443,-1.2357538608510508,0.0926480828722919,-13.338148211382208,1.388662755716753e-40,1.175312497161191e-39,TRUE
Solyc05g048830,142.73659592335108,3.1945677996387283,0.23956491462333102,13.334873366834879,1.4510088972273663e-40,1.2275147978707167e-39,TRUE
Solyc06g035970,4454.805871222462,0.9033072518202173,0.06782796392344335,13.317622991599304,1.8283650814090197e-40,1.5460365819476546e-39,FALSE
Solyc04g009290,140.05445872500113,-3.0843237475256906,0.2316548488248234,-13.31430688013807,1.911380380315472e-40,1.6154899094868653e-39,TRUE
Solyc04g072890,5581.277394516874,-1.013374122501908,0.07618849756282946,-13.300880774899397,2.2875758334800744e-40,1.93256004351398e-39,TRUE
Solyc06g053150,128.20533730742682,3.66121191221126,0.2752782740858518,13.300039475942906,2.3134615045716863e-40,1.9535306770115436e-39,TRUE
Solyc01g087530,1236.5056576232216,-1.094457690408574,0.08229743893651813,-13.298806190710348,2.351935447029878e-40,1.9851069477846758e-39,TRUE
Solyc05g012610,1914.0744061882783,-1.133026883919525,0.08520047787329169,-13.298363016279534,2.3659156987255224e-40,1.995990284060178e-39,TRUE
Solyc02g072260,897.4980064893864,-1.2325098068893248,0.09276988554742874,-13.285666998685715,2.803491020700431e-40,2.3640630932814693e-39,TRUE
Solyc10g081850,401.0411829666768,1.5667336941351322,0.11794761703310938,13.283300956350228,2.893518475959925e-40,2.4388606209798854e-39,TRUE
Solyc10g085220,246.0099148711187,2.154125963242127,0.1622161672082211,13.27935433511436,3.050127750546872e-40,2.5696837047801627e-39,TRUE
Solyc11g008630,155.93422711976106,3.615174735823846,0.27225953054529817,13.278413903759958,3.088672522673786e-40,2.600965047380312e-39,TRUE
Solyc01g094550,1031.9309561229343,1.124557659784685,0.08471660232932984,13.274347989229383,3.260970648205544e-40,2.744799607415866e-39,TRUE
Solyc01g005220,1161.6144992615373,1.1435611634267369,0.08620134474595534,13.26616384926401,3.637295614629123e-40,3.0601558482254997e-39,TRUE
Solyc08g066570,1251.8567370891562,-1.1329546712867098,0.08543316947307517,-13.261297436047577,3.881222089887606e-40,3.2638840658007254e-39,TRUE
Solyc02g085170,90.31101938555021,-3.9874199352317965,0.30071554386374694,-13.259773286074235,3.960913923756727e-40,3.32937725927846e-39,TRUE
Solyc09g091050,7259.342756576404,-0.9594482267586538,0.0723643387147638,-13.258577965321845,4.0245492142649124e-40,3.381320301911878e-39,FALSE
Solyc09g082810,127.9035318924025,3.541899555726409,0.26735302314008846,13.248025079823067,4.632334297153185e-40,3.890187363388168e-39,TRUE
Solyc06g074120,8607.09047835325,-1.116976517148013,0.08431547701032686,-13.247585814063616,4.659522645599792e-40,3.9112330956192224e-39,TRUE
Solyc11g017420,646.7161618457673,1.4586727613719948,0.11015164845741983,13.242405191383574,4.992401873640493e-40,4.188741380334695e-39,TRUE
Solyc08g081000,1596.5882159811447,-1.0190852017772078,0.07696213846455087,-13.241383647968714,5.060779841984169e-40,4.244174992481522e-39,TRUE
Solyc06g048810,648.5747409054297,1.3161192233653807,0.09939899136083859,13.240770407695585,5.1022741479857285e-40,4.27702260202561e-39,TRUE
Solyc09g082130,826.4251712556393,-1.2290416563927555,0.09284027953466413,-13.238237352935409,5.277285957121083e-40,4.4217113833070584e-39,TRUE
Solyc01g087540,122.34629368711728,3.6026836056562552,0.2721450002039983,13.238103227895808,5.2867174405700026e-40,4.42759574988603e-39,TRUE
Solyc08g079510,627.3899363719884,2.155660991590394,0.16287192985094884,13.235313129543764,5.48675877472445e-40,4.593036728404352e-39,TRUE
Solyc10g085810,1423.5737475749984,1.1405740848629105,0.08618422248090027,13.234140217667786,5.573083557543329e-40,4.663176833787848e-39,TRUE
Solyc01g103450,26244.53177569007,-0.8424930448597121,0.0636683684566216,-13.232521349023065,5.694452753660614e-40,4.7625625555297115e-39,FALSE
Solyc08g079630,328.84503996882546,-1.6471365953472572,0.12448859499234523,-13.231224880066637,5.793543482241103e-40,4.843233735063128e-39,TRUE
Solyc03g006010,291.9666588322344,1.8659286568113056,0.14109115087541632,13.224987146493143,6.2947994944934225e-40,5.259877232148754e-39,TRUE
Solyc06g049070,928.0982987768194,1.2262587961502016,0.09272687735244997,13.224415953200458,6.342800481785089e-40,5.297578430561349e-39,TRUE
Solyc02g078900,2385.619375998565,1.1703075310578563,0.08851060239760618,13.222229872536808,6.5298966673295295e-40,5.4513665047919497e-39,TRUE
Solyc09g061620,2982.345181813547,0.8965745227624248,0.06785648186836375,13.212805882004153,7.401316846142045e-40,6.175759951053646e-39,FALSE
Solyc09g083130,358.80833611588525,1.8167674487495773,0.13750082103517028,13.212775277064566,7.404327330752454e-40,6.175759951053646e-39,TRUE
Solyc05g032850,1360.348196966844,-0.9969188774722961,0.07546346124432117,-13.21061691359031,7.619736531769789e-40,6.35254497340245e-39,FALSE
Solyc01g110270,1578.759672703923,-1.6121986044869003,0.12207925326451596,-13.206163712303017,8.084064713814372e-40,6.73659844216e-39,TRUE
Solyc05g013660,446.4884179381121,1.5256297063254485,0.11553235116380058,13.205216469302407,8.18640402206951e-40,6.818788633335017e-39,TRUE
Solyc01g007910,1378.9466277485683,1.0762313571357367,0.08150166708979875,13.205022615671679,8.207506061418797e-40,6.833269199595187e-39,TRUE
Solyc12g038400,1381.1369264114082,1.0691789260831461,0.08098349326604942,13.202430309725553,8.494945576895221e-40,7.069379110007464e-39,TRUE
Solyc08g016220,110.68970691900975,4.117764519589872,0.31202568967611094,13.196876590078835,9.144883787053006e-40,7.606805369112915e-39,TRUE
Solyc01g100660,776.671761163436,-1.6088298879827228,0.12191099786285706,-13.196757603383453,9.159336442004391e-40,7.615381357456658e-39,TRUE
Solyc08g029050,600.1581200860118,1.4620693766947646,0.11079202269875023,13.19652210583982,9.188008017898939e-40,7.635766337840695e-39,TRUE
Solyc02g065070,209.1198326771896,2.296539775799654,0.1740915736793693,13.19156193067261,9.813074778387827e-40,8.151547837826635e-39,TRUE
Solyc09g082240,379.54602331295996,1.695687640651901,0.1285768951249925,13.18812092175258,1.0271365615041173e-39,8.528388170790508e-39,TRUE
Solyc06g076350,532.7682059151388,-1.414394621937738,0.10730618439856386,-13.180923633294965,1.129988533479718e-39,9.378139598626482e-39,TRUE
Solyc06g074240,192.9197020535927,2.378991862614094,0.1805240334034545,13.178255646976751,1.170663423686604e-39,9.711329294959767e-39,TRUE
Solyc01g028810,44266.40077791405,-1.0728455377830524,0.08141157173365335,-13.178047235016923,1.1739014089488705e-39,9.733797745018983e-39,TRUE
Solyc06g071470,7414.336610303434,-0.8838475595484266,0.06707416699900805,-13.177167888816237,1.1876616824289947e-39,9.843455684441933e-39,FALSE
Solyc06g069560,1396.8450374754427,-1.2831039159593867,0.09737536885610906,-13.17688375440632,1.1921420954067233e-39,9.87613706167724e-39,TRUE
Solyc11g007850,1969.874870048943,-1.0512656565439136,0.07980278072818088,-13.17329605499171,1.250182186554056e-39,1.0352296907848293e-38,TRUE
Solyc04g074420,120.42567635203608,3.357619406345063,0.25491789504438106,13.1713758493122,1.2823919256793585e-39,1.0614232674364542e-38,TRUE
Solyc05g007810,2760.848147686483,-0.9159011726096418,0.06956210172070866,-13.166669061940917,1.3648768712574772e-39,1.1291868372784072e-38,FALSE
Solyc03g053110,895.4367521659669,1.1809531641944948,0.08969860719188291,13.165791545326945,1.3808285362054714e-39,1.1418700396340611e-38,TRUE
Solyc02g079950,5143.4883289844,1.0903088299151722,0.08283709622511437,13.162084133806404,1.4502940309404565e-39,1.1987749627148567e-38,TRUE
Solyc01g095720,162.5125770476102,-2.62824179954893,0.19972436977955585,-13.159344562958593,1.5038475402699157e-39,1.2424822172036792e-38,TRUE
Solyc08g007990,2799.7476354002365,-1.009582674363974,0.07674873266223739,-13.154388865377552,1.605765732336046e-39,1.3260912604462504e-38,TRUE
Solyc07g049630,482.86564282139494,2.2510278133596526,0.1711297332965454,13.153925796512032,1.615632988026311e-39,1.333640827071741e-38,TRUE
Solyc03g114720,1653.0287164836277,1.115966865304295,0.0848682256676801,13.149407290239632,1.7151360678417787e-39,1.4151412179145162e-38,TRUE
Solyc03g119760,1136.7845638429985,-1.2947616879192374,0.09848159356470969,-13.147245500942095,1.7648732854066925e-39,1.4555255991759186e-38,TRUE
Solyc02g083360,386.6440531893636,2.81761642597686,0.21433376519581576,13.145928843281785,1.7958662118448694e-39,1.4804219090737324e-38,TRUE
Solyc12g056220,1284.1362309802635,1.2804622740423164,0.09741947269785702,13.143802143269898,1.847073748300737e-39,1.5219523404308583e-38,TRUE
Solyc07g008600,112.36217547159363,4.908779489330688,0.3735368608540909,13.141352310202477,1.907863549030048e-39,1.5713376174650254e-38,TRUE
Solyc07g008180,558.4394006519104,1.4161404393394303,0.10777894056774984,13.139305618329441,1.9601720741237644e-39,1.61369651762728e-38,TRUE
Solyc11g015890,112.78655325098411,3.891304971341339,0.2962493654774841,13.13523478799515,2.0684886878314394e-39,1.7021050827397202e-38,TRUE
Solyc08g078390,2730.591233251285,0.9619058038515274,0.07325283577649204,13.131311486513368,2.1785061518082684e-39,1.7918334939011812e-38,FALSE
Solyc02g020890,521.356071429907,1.4685216881441714,0.11183450816643686,13.131203527614707,2.1816144047296238e-39,1.7935875492909066e-38,TRUE
Solyc04g015830,5649.437588924827,0.9659516414269194,0.07356447455448883,13.130680906467209,2.1967236830070572e-39,1.8052021218023572e-38,FALSE
Solyc06g062950,5341.985562457064,1.3870644214645809,0.10563888316990915,13.130245037081963,2.2094044577757328e-39,1.8148115347315147e-38,TRUE
Solyc06g051010,562.9272353766178,1.4883842507225866,0.11338049867276412,13.127339076346127,2.2958280925576668e-39,1.8849579198520583e-38,TRUE
Solyc11g070170,679.3716496333959,1.6972481443251923,0.12929792149950284,13.12664677546049,2.3169080866822863e-39,1.901416132030378e-38,TRUE
Solyc07g018360,8274.65588808861,-1.0629458853377456,0.08097977997437601,-13.126065366861798,2.334760100701702e-39,1.9152117327621325e-38,TRUE
Solyc04g081070,1907.4705757321908,-1.313742014665782,0.10011950055981415,-13.121739594385176,2.4719468802339188e-39,2.0268420829322093e-38,TRUE
Solyc05g024260,1555.2960887331105,1.2553224384702728,0.0956742744435372,13.120793920534089,2.5029893250732002e-39,2.0513799715925386e-38,TRUE
Solyc07g053970,231.9895113741335,2.074581349223616,0.1581177648878422,13.120482386626072,2.5133002921648664e-39,2.0589126234789098e-38,TRUE
Solyc04g078420,10652.355200827435,1.1430044562064492,0.08712176034645742,13.119620765937915,2.542038161544813e-39,2.0815272839054923e-38,TRUE
Solyc06g065400,534.4208655469317,1.42893737303713,0.10893012804090044,13.117926130598148,2.599516429811608e-39,2.1276451704909524e-38,TRUE
Solyc03g083100,459.3280489867028,2.3691177561900516,0.18070330040240193,13.110539491610531,2.8655274336922108e-39,2.344325358859097e-38,TRUE
Solyc01g106090,499.7674605279818,-1.6212752996557442,0.12371552728378774,-13.104865130928507,3.0881069435980066e-39,2.5252967057011636e-38,TRUE
Solyc04g076690,529.4970459733555,-1.6903336252325376,0.12900647470913307,-13.10270379098166,3.177335870218452e-39,2.597108283780605e-38,TRUE
Solyc11g072320,2081.7361598027546,-1.054245953348768,0.0804774113551002,-13.09989891072653,3.2969648977311913e-39,2.6936935873329996e-38,TRUE
Solyc04g054830,87.40520610079629,-4.764623803346201,0.36376042876111975,-13.098246611302281,3.369521065363532e-39,2.7517505883863974e-38,TRUE
Solyc02g094150,1212.0528293187947,-1.5898982592016873,0.12140209493599861,-13.096135285308364,3.4645488923124616e-39,2.828099568711367e-38,TRUE
Solyc05g009820,309.229560311293,2.7106689976783143,0.20700553515795156,13.09466916239699,3.532099987866339e-39,2.881961565776605e-38,TRUE
Solyc01g068290,738.9064548764113,-1.2570652062346566,0.09600087292032398,-13.094310166095667,3.5488392203156654e-39,2.8943350216088237e-38,TRUE
Solyc05g054490,1315.6262400582423,1.2095267402133245,0.09243404339651339,13.085295154998574,3.996049216133189e-39,3.257621851005606e-38,TRUE
Solyc09g065900,1381.0098704354978,-1.0424937464558621,0.07974536523758266,-13.07278163878234,4.711078321213352e-39,3.8388188288504017e-38,TRUE
Solyc07g066230,431.1053103011859,1.4765112357448336,0.11294730614151825,13.072567077384091,4.7243875916950965e-39,3.847958223222462e-38,TRUE
Solyc02g087000,270.0586444030127,1.8344272155636123,0.14034452285145652,13.070885691101799,4.829986768165258e-39,3.9322252772002635e-38,TRUE
Solyc06g065670,109.28846335755675,4.343625387447846,0.33254328058012755,13.061834777928201,5.440065067668992e-39,4.4269462655581704e-38,TRUE
Solyc05g006640,1742.0589451195815,0.9772359053564684,0.0748163611196779,13.061794114702534,5.442971998506451e-39,4.4273519579001813e-38,FALSE
Solyc07g054490,345.1449214557392,1.633612110313068,0.1250944617593719,13.059028252229401,5.644366100782875e-39,4.589136755006262e-38,TRUE
Solyc07g056510,27510.745761656402,1.1975718873988899,0.09174401382314216,13.053406293161395,6.076841694338465e-39,4.938575635146949e-38,TRUE
Solyc08g066210,772.0337042467456,1.2619661936366857,0.09668019611166087,13.052995798427807,6.1096803882654535e-39,4.963069137317005e-38,TRUE
Solyc05g050560,251.0210212541845,1.9193153518572967,0.1470616395522817,13.051094477802033,6.264097946550457e-39,5.086259388314357e-38,TRUE
Solyc10g011670,1982.4749545688296,-0.9320887988679025,0.07144110575534252,-13.046953697216521,6.613952569420136e-39,5.36795982709273e-38,FALSE
Solyc04g079030,168.51963557447877,3.359583216378217,0.257501806767021,13.046833568114941,6.624387119016547e-39,5.37405597567878e-38,TRUE
Solyc09g090180,128.20030735693382,3.3363779253706034,0.25576622529016907,13.04463840597191,6.817969552668926e-39,5.528660533158927e-38,TRUE
Solyc01g097040,457.56357015119175,1.506955724453305,0.11554267692888937,13.042416572888989,7.01963093128359e-39,5.689677046286871e-38,TRUE
Solyc02g079330,104.54166352214635,4.2210356187185125,0.3236524829328955,13.041876213857693,7.069565652198753e-39,5.727625622933877e-38,TRUE
Solyc01g103650,636.5705010082495,1.4897598459449748,0.11425448483278189,13.038961648860658,7.34505383542868e-39,5.948199324083059e-38,TRUE
Solyc01g008800,502.8985184700773,1.6684284690411402,0.12800266022156612,13.03432652222364,7.805316588279449e-39,6.318147725334263e-38,TRUE
Solyc08g076530,264.0402746794882,1.8918828210096725,0.14515641900982879,13.03340791895376,7.899881349386724e-39,6.391880230888035e-38,TRUE
Solyc06g076160,476.6041370016692,-2.1519024944954683,0.1651748568325312,-13.028026999758543,8.477140540966054e-39,6.855929369317157e-38,TRUE
Solyc10g085460,1036.1453263031203,1.260016730467568,0.09674099496857919,13.024641010533465,8.861687206870952e-39,7.16378170289836e-38,TRUE
Solyc01g105030,1566.3064297665196,1.188453993675316,0.09130889793145298,13.015752249769864,9.95570200568601e-39,8.04464483386927e-38,TRUE
Solyc09g010840,623.968579994353,1.3376341416973334,0.10277569708235731,13.015082161159619,1.0043421362157687e-38,8.11196023288861e-38,TRUE
Solyc05g015310,1111.7318599659895,-1.5382057035009837,0.11818750539956291,-13.014960408045575,1.0059442002604895e-38,8.121331679134202e-38,TRUE
Solyc09g011040,96.90639919982051,-4.612401020670856,0.3545707036943061,-13.008409811114705,1.0959905524968338e-38,8.844422443612508e-38,TRUE
Solyc08g069237,166.4451766843776,-2.6569991349629523,0.20426695678712456,-13.007483818011378,1.1093499428300036e-38,8.948301886372951e-38,TRUE
Solyc02g071880,216.36779070403676,2.1017486207630154,0.16162714720032476,13.003685687516684,1.1658609161193398e-38,9.400009307465713e-38,TRUE
Solyc04g077360,925.5359051617405,1.4603853276985703,0.11230991342237942,13.00317383565507,1.1736922371142023e-38,9.45900236513388e-38,TRUE
Solyc01g009630,1453.1612356640185,-1.270624203204888,0.09772004374392282,-13.002697855258663,1.1810216459127173e-38,9.513900489401174e-38,TRUE
Solyc05g013160,2177.8920305345446,-0.8964978245924239,0.06896163957231122,-12.99994939436412,1.2242427177956602e-38,9.857754656696285e-38,FALSE
Solyc07g017770,853.141703206261,-1.1855709348007983,0.09120428485318176,-12.999070566797371,1.2383918196534977e-38,9.967319098375765e-38,TRUE
Solyc10g079755,2525.1351164713315,1.320427050520374,0.10158327122797517,12.99846947788328,1.248162843457473e-38,1.004156566795568e-37,TRUE
Solyc06g005490,4425.577931954622,-1.0653183325787379,0.08196266137049064,-12.997605431127312,1.2623428101936413e-38,1.0151202047152103e-37,TRUE
Solyc06g072740,212.5076859334581,2.3791501929866,0.1830885054871027,12.99453609420715,1.3140213189209923e-38,1.0562157370233758e-37,TRUE
Solyc02g089620,2672.415940971569,1.099072162711272,0.08461718290428101,12.988758606565087,1.4170692272234042e-38,1.1385482344426503e-37,TRUE
Solyc01g005250,1039.011019998969,-1.0564654554781474,0.08133789270639297,-12.988601257370807,1.4199853397143423e-38,1.1403927697670928e-37,TRUE
Solyc12g036650,133.20399025413656,2.8994916665064028,0.2233158215044115,12.98381658304996,1.5115649806212155e-38,1.2134104383737908e-37,TRUE
Solyc04g039980,136.90980140116397,3.070270131066498,0.23652804441136366,12.980575469210581,1.5769129083453515e-38,1.2653160189486076e-37,TRUE
Solyc02g082340,3313.646550914974,-0.8291510075125664,0.06389588289518319,-12.976595203680521,1.6610176187038358e-38,1.3322201956645993e-37,FALSE
Solyc03g097180,4868.993156097971,0.8393003796054733,0.06470767471330348,12.97064657823222,1.795096665295228e-38,1.439130484000095e-37,FALSE
Solyc09g089780,134.30445297710617,3.2387384456902804,0.2497707453368451,12.96684462114433,1.8863717282163216e-38,1.5116465335571334e-37,TRUE
Solyc08g065190,806.1684037251705,-1.4286876185607622,0.11019199356608254,-12.965439432802103,1.9212619895025145e-38,1.5389350393474826e-37,TRUE
Solyc03g114950,1777.0788842485981,1.049023672581548,0.08091004851470808,12.965307669922522,1.9245663246923492e-38,1.5409103983806384e-37,TRUE
Solyc05g007190,709.839590348351,1.2484669259426675,0.09630140919575225,12.964160507816702,1.9535744943791803e-38,1.562844953602054e-37,TRUE
Solyc06g060400,4032.9539788447514,-1.281479312607792,0.09884787010714662,-12.964157054863461,1.9536624617187184e-38,1.562844953602054e-37,TRUE
Solyc12g014460,913.9841296591259,1.1260034571380242,0.08685861235544513,12.963636265914113,1.966975253373115e-38,1.572810181938146e-37,TRUE
Solyc02g014860,1658.68356261696,-1.0051743220235672,0.07758278728914877,-12.956151192110589,2.168582211038261e-38,1.7332629037181022e-37,TRUE
Solyc05g050630,730.4008679449149,1.2886391127492434,0.09947125894682662,12.954888943730959,2.2045490617703263e-38,1.7612440418306784e-37,TRUE
Solyc01g005980,229.30068106599307,2.268506677889338,0.1751540385836477,12.951495130989944,2.304221006047146e-38,1.8400736209454685e-37,TRUE
Solyc12g089340,1731.2398055688227,-0.9636804577364677,0.07441868177469642,-12.949442730711404,2.3666580438058454e-38,1.8891131054834067e-37,FALSE
Solyc04g080960,24224.887070910478,1.0310350444005785,0.07965651889909384,12.9435111984577,2.5567173358756725e-38,2.0399364056164274e-37,TRUE
Solyc07g006780,1889.6486761834587,-1.1085084480444496,0.08566122065148665,-12.94060999380834,2.655129103076631e-38,2.117537453442851e-37,TRUE
Solyc04g064590,152.10262526472334,3.214470187391456,0.24840891099271947,12.940237025094754,2.6680507259942777e-38,2.1269200561991677e-37,TRUE
Solyc08g079590,109.03492814976612,3.9026307844297987,0.3016094501074127,12.93935181089302,2.698970075885449e-38,2.150635756610412e-37,TRUE
Solyc03g116510,387.7987381634579,1.588214684751953,0.12279493170757357,12.933878154956433,2.898226586463186e-38,2.3084098500412802e-37,TRUE
Solyc09g005620,1754.455534039122,-1.446967332305996,0.11190016899082002,-12.930877096572582,3.013611551517597e-38,2.399273328347682e-37,TRUE
Solyc09g066100,1614.6390035357272,-1.098535799306074,0.08495673257673274,-12.930532589796563,3.0271459923930224e-38,2.4090054016519883e-37,TRUE
Solyc05g014510,171.42413007486272,2.6028809779577573,0.2014096183541737,12.923320143433553,3.324789871312704e-38,2.6447257552722387e-37,TRUE
Solyc08g065430,127.85038633958969,3.6211893688934076,0.28033755848376607,12.917246581153718,3.597874413984241e-38,2.8607147643716395e-37,TRUE
Solyc01g109180,162.49913472078657,2.975281798927654,0.2303387000262767,12.916986153817131,3.610069872495845e-38,2.8691705346342897e-37,TRUE
Solyc11g005720,567.2918055351233,2.067141050901875,0.16013403949355076,12.908817247348132,4.0141943193404193e-38,3.1889772762504293e-37,TRUE
Solyc01g086960,13410.655010860339,1.3930317980095428,0.10794701748621252,12.904773382807608,4.2305823327735593e-38,3.3594295906426066e-37,TRUE
Solyc02g077050,128.2414611848967,5.8013967770522985,0.44984073801580776,12.896557129622247,4.706592735743979e-38,3.735807178807494e-37,TRUE
Solyc07g052900,771.3103703492292,1.2406375947311226,0.0962131847561299,12.894673405477096,4.82302047324566e-38,3.826568207150409e-37,TRUE
Solyc10g049710,11668.178228536412,-0.8806624187246989,0.06830519873578624,-12.893051115058174,4.925581427619331e-38,3.9062538129390066e-37,FALSE
Solyc11g005150,1090.548813883364,2.4040085193959584,0.18645934589565882,12.892936569353958,4.932904396215626e-38,3.9103743646240554e-37,TRUE
Solyc08g082850,8291.61095137337,-0.7671662879930136,0.05958090473631699,-12.876042943426377,6.140397696085805e-38,4.865471157204541e-37,FALSE
Solyc12g019460,776.4885546026303,1.217053809524143,0.09463347295899535,12.860711664375795,7.488403422509312e-38,5.931034903747896e-37,TRUE
Solyc03g118620,2515.822394016422,0.9589484791230856,0.07457940680313928,12.85808670554779,7.74705473787172e-38,6.133251819392585e-37,FALSE
Solyc12g014490,356.02581383923774,1.6325952891327293,0.12699190334708454,12.855900621243899,7.96922495267569e-38,6.306425411323168e-37,TRUE
Solyc01g111890,726.5623266281747,1.308984578801184,0.10182059347191831,12.855794040939237,7.980217092051205e-38,6.312406661066149e-37,TRUE
Solyc05g007640,145.26895112400237,2.5625625222176396,0.1993471416828279,12.85477434281358,8.08614832086715e-38,6.393447939032293e-37,TRUE
Solyc01g005410,196.76427169489625,2.6194465515151606,0.20377477569955274,12.854616291553645,8.102692108052021e-38,6.403774248595026e-37,TRUE
Solyc01g094680,1432.7846029181765,1.022667107935785,0.07957486772749568,12.851634405952277,8.421198725665497e-38,6.6526384260381966e-37,TRUE
Solyc07g054450,1725.1916218144631,-1.7990432449884766,0.14007423604459088,-12.84349853184831,9.35493656920983e-38,7.387104765970116e-37,TRUE
Solyc02g080340,381.68506532840377,1.6099127981697665,0.12537599278710532,12.840678365781548,9.702057912083988e-38,7.657918874960925e-37,TRUE
Solyc12g005020,263.27723004966117,-8.53722747308378,0.6650015892079231,-12.837905369899023,1.005585201884971e-37,7.933765135730223e-37,TRUE
Solyc06g050930,1781.1638528035508,1.2002429358772893,0.09349567646077818,12.837416459367468,1.01195465792393e-37,7.980593083061177e-37,TRUE
Solyc03g123680,121.5090544902161,3.0434283336909913,0.23708752449393325,12.836729137002182,1.0209768690378543e-37,8.048292360001234e-37,TRUE
Solyc10g080010,356.1770313830053,1.7827843607120932,0.1389264039626375,12.832581207468312,1.0771476700751731e-37,8.48744347149246e-37,TRUE
Solyc12g007180,263.54025666642156,-2.2102230037066586,0.17224568431311765,-12.83180482878627,1.0879975876792722e-37,8.569262919583573e-37,TRUE
Solyc12g096550,3193.9530804104693,-0.93077475895609,0.07257238524150413,-12.825467371076295,1.180724283592595e-37,9.295612207829838e-37,FALSE
Solyc07g062190,1559.5792690298981,-1.100540150839329,0.08585976445448212,-12.817879921191395,1.302123813227301e-37,1.0246978620957824e-36,TRUE
Solyc12g087870,109.62743762333909,4.68161872220543,0.36537239103923963,12.81327992213468,1.3816839155753344e-37,1.0868419092863231e-36,TRUE
Solyc04g056270,5259.59102981959,0.9238805562990126,0.0721173808182686,12.810789102659388,1.4267620296071366e-37,1.1218206326034215e-36,FALSE
Solyc10g079920,422.2217722871756,1.6231330558887098,0.1268389973679712,12.796798221132708,1.7085135001453462e-37,1.3427791224100856e-36,TRUE
Solyc05g007880,379.8704389878722,-1.540616935738596,0.12039716096488107,-12.796123458326248,1.7234194599011633e-37,1.353915381682183e-36,TRUE
Solyc02g077670,11942.753942290143,0.9067242030698247,0.07086045322345466,12.795913119699055,1.7280923550473185e-37,1.357006482820797e-36,FALSE
Solyc06g005680,113.73866305852592,-3.062582320615696,0.23936235488661942,-12.79475346934305,1.754082246946578e-37,1.376827239351791e-36,TRUE
Solyc02g021260,108.57204600020067,-6.252497400999013,0.4891140465479885,-12.783311878133846,2.0322766947627617e-37,1.594508855306182e-36,TRUE
Solyc06g068720,899.1082276280861,1.233127731788931,0.09650709380356463,12.77758642591498,2.187530322151839e-37,1.71558745358862e-36,TRUE
Solyc02g089550,222.93552811857944,2.5609530496627047,0.20042739573119822,12.777460088825924,2.191085856160519e-37,1.7176431255351307e-36,TRUE
Solyc05g007020,1335.069672900838,-1.0344251554708792,0.08095975298513383,-12.777029540354757,2.20324608197542e-37,1.7264395875939534e-36,TRUE
Solyc09g092310,108.83699321655803,3.950995021999924,0.3094222691649766,12.768942043707098,2.444544683995673e-37,1.9147023828671688e-36,TRUE
Solyc09g066070,495.39835671511264,-1.9834421334304,0.15534386974609596,-12.768074702093271,2.4719335552190334e-37,1.9353302617372867e-36,TRUE
Solyc05g015520,2930.216387509954,-1.3205766997390371,0.10347393747445915,-12.762408892239167,2.658506907118853e-37,2.0805164952561036e-36,TRUE
Solyc12g009520,261.66836141492496,2.1408314762846388,0.16777170005320316,12.76038494934334,2.728493701025157e-37,2.134378710891296e-36,TRUE
Solyc12g099900,699.6714487113771,-1.6351836125742785,0.12822692246897832,-12.752264353610101,3.0281977911242422e-37,2.367816248159802e-36,TRUE
Solyc11g012450,575.9730276942157,1.2874499794326888,0.10096544931673239,12.751391571525721,3.0622956520470034e-37,2.393460075322282e-36,TRUE
Solyc08g081070,240.931164398963,1.9424712035465768,0.15235619966323427,12.74953830457956,3.1359698130635565e-37,2.450001405590623e-36,TRUE
Solyc05g055790,796.6830236184774,-1.1812625687182259,0.09265820728432168,-12.748601590073095,3.1738752289374327e-37,2.478561951298081e-36,TRUE
Solyc05g054170,2067.971303447529,0.9423110012665981,0.07392767645904824,12.746390072040004,3.2651837569610727e-37,2.548784416314879e-36,FALSE
Solyc04g076870,1428.5597528405594,-1.0922291760119662,0.08571409892308747,-12.742701489425206,3.4233216333802134e-37,2.6710917481506136e-36,TRUE
Solyc03g007380,100.61582627519574,4.20596344553053,0.33056645269723167,12.723503583658577,4.377815636614858e-37,3.414399017729781e-36,TRUE
Solyc08g015870,4653.968389932265,0.9562067923694112,0.07517700341576497,12.719405521940372,4.613567723036156e-37,3.59674365786996e-36,FALSE
Solyc10g076710,105.20834347236094,3.6568257422763226,0.2875333610173764,12.717918120309283,4.702220146843702e-37,3.664303219984221e-36,TRUE
Solyc02g091100,4988.963880022354,-0.8509438877087976,0.06693160445652574,-12.713633486277972,4.967169318480154e-37,3.869130236509351e-36,FALSE
Solyc07g062670,111.2868311767152,-6.004078085931463,0.4723725202986834,-12.710472832194082,5.172076103143715e-37,4.027034095895422e-36,TRUE
Solyc02g092760,133.13564188189454,2.7032986188189314,0.21268940771406206,12.710076387316967,5.198363760857766e-37,4.0457883579952715e-36,TRUE
Solyc06g082595,5762.52395066219,-0.8883734422012021,0.06994685035062287,-12.700692565112636,5.860873622492223e-37,4.559476927730619e-36,FALSE
Solyc04g078320,2417.1606110043344,-1.3978335348415556,0.11008704284097892,-12.697530052294443,6.102544494402772e-37,4.7454769644926465e-36,TRUE
Solyc12g013840,2109.493706737578,-0.8789458717743662,0.06924210303063252,-12.693806705806189,6.3997948329472865e-37,4.974521286007187e-36,FALSE
Solyc02g088390,507.79481065811683,-2.13777570304416,0.16844045382324743,-12.691581235511451,6.5842890783739115e-37,5.115764417909874e-36,TRUE
Solyc09g065760,401.4867652860649,1.4608239869911148,0.11510844642601548,12.690849649595794,6.646085492505119e-37,5.161596519168635e-36,TRUE
Solyc01g104060,1644.1940359252915,-1.0180534412823103,0.08026666176261273,-12.68339082411557,7.309975095435464e-37,5.6748003454134345e-36,TRUE
Solyc06g082390,2103.4677498080996,-0.9728628314535127,0.07671738290646594,-12.68112642267307,7.52427143082374e-37,5.8386948802377724e-36,FALSE
Solyc02g069910,118.84216265798483,2.91914354336031,0.23019888458793197,12.680963022847523,7.539974473135454e-37,5.848411423613884e-36,TRUE
Solyc04g005280,1025.2963317349686,-1.375162402381013,0.10844959045044443,-12.68019912910033,7.613819316992517e-37,5.903198671626885e-36,TRUE
Solyc01g096730,165.37286889930235,2.3219225163446353,0.18327948517259995,12.66875293848632,8.810388856662625e-37,6.828051363913534e-36,TRUE
Solyc02g092790,11810.026779454096,1.8751507671160328,0.14801702163758468,12.668480600206133,8.84102626780285e-37,6.848907959587854e-36,TRUE
Solyc07g005690,1627.3865451462882,0.9272221545992595,0.07321786622582294,12.663878400108866,9.375071580476348e-37,7.259559429818732e-36,FALSE
Solyc02g083820,786.9962908160873,1.1586640129836472,0.09150857023152378,12.661808725151506,9.625575245750721e-37,7.450397883900443e-36,TRUE
Solyc12g098580,109.42283109274416,3.3274397258764297,0.2628224364714261,12.660409706833331,9.798662803284723e-37,7.581179221918479e-36,TRUE
Solyc09g009710,171.16884673779822,2.3278148714359292,0.18396046067470728,12.653886943413054,1.064738809231119e-36,8.234368334074742e-36,TRUE
Solyc03g123520,1837.6631954379366,1.0141440237799793,0.08015246734772452,12.652686278269265,1.0811395452615383e-36,8.357690605779166e-36,TRUE
Solyc04g015160,364.60933861172845,1.5901152209803981,0.12567808943484404,12.652286712273503,1.0866529892179883e-36,8.396780958719747e-36,TRUE
Solyc02g070880,465.5695807144209,1.4927501770975469,0.11798833174405472,12.651676271986654,1.0951302029454164e-36,8.458730470901508e-36,TRUE
Solyc10g081470,836.0646997763192,-1.1870541909767458,0.09382894908461302,-12.651257448341287,1.1009844123510293e-36,8.50037650241452e-36,TRUE
Solyc10g006650,2711.871017407962,-1.169692229801687,0.09246273284629647,-12.6504181067858,1.1128102984924964e-36,8.588073768760521e-36,TRUE
Solyc05g010530,157.6684750386847,2.5882094927345016,0.20464735462163597,12.647168088342676,1.1598042652488575e-36,8.946991946315462e-36,TRUE
Solyc02g076680,327.36064424365856,-1.739867996460332,0.13763568472272267,-12.641111205756165,1.2527091634838266e-36,9.659627748457712e-36,TRUE
Solyc05g052790,712.6808491659004,2.012702287887599,0.15924584426717497,12.6389627129659,1.2874113235051337e-36,9.923053400417138e-36,TRUE
Solyc01g102390,454.4355812857128,1.7136324219628472,0.1355946950366848,12.637901663477528,1.3049000042067985e-36,1.0053636537021616e-35,TRUE
Solyc10g085690,750.7200935842505,-1.5027793230123863,0.11893362772467655,-12.635445094563336,1.3463016435558408e-36,1.0368271099072903e-35,TRUE
Solyc06g005520,238.70997135465723,1.9784235775728745,0.1566654915721586,12.62833032162435,1.4737213221293517e-36,1.1344815353728589e-35,TRUE
Solyc11g069400,2630.738420490684,1.0359317943517847,0.0820336503854182,12.628132351598067,1.4774331307857457e-36,1.1368628398172608e-35,TRUE
Solyc10g005700,1122.6153049112809,1.145038121588464,0.09070488001776046,12.623776376356595,1.5614975967130698e-36,1.201046456919513e-35,TRUE
Solyc02g084950,233.79949878160463,-1.9533287260102619,0.15473595996367712,-12.623624957435805,1.564503739855592e-36,1.2028553847664303e-35,TRUE
Solyc12g055830,3502.0803083980513,0.9800708148772225,0.07764039901001507,12.623206827553787,1.5728348405117363e-36,1.2087551368364236e-35,FALSE
Solyc09g083020,693.6269855972932,1.4860873674275386,0.11772750537719742,12.623110994037745,1.5747504939994e-36,1.209721618520308e-35,TRUE
Solyc05g025510,2974.36390265065,-0.9330838106414143,0.07393665771708191,-12.620043148445427,1.6373154770234894e-36,1.2572585803727153e-35,FALSE
Solyc06g008050,450.6807551947237,-1.647838120215758,0.130635965470145,-12.613969776893853,1.7685522292981832e-36,1.3574653708220668e-35,TRUE
Solyc03g121030,701.1980835196466,1.2280206779203793,0.09742915291846484,12.604242581766755,2.0008548777367954e-36,1.5351300174221832e-35,TRUE
Solyc07g052430,252.19380006505835,-2.078723896482388,0.16492578283479245,-12.603995935339372,2.007123532732603e-36,1.53929711732263e-35,TRUE
Solyc11g069470,824.8476037501634,-1.2784495255086668,0.101446468656767,-12.602208262508974,2.0531453896326233e-36,1.573935433595351e-35,TRUE
Solyc03g112070,2476.4258220759143,-1.0928361476423156,0.08673283270397766,-12.600028311910501,2.1106873489752523e-36,1.6173724692043377e-35,TRUE
Solyc02g078140,1804.9849195922825,-0.9825996882772281,0.0779893915718659,-12.599145453927273,2.1344446853432066e-36,1.6348956937776736e-35,FALSE
Solyc09g066140,639.2519061699627,-1.240813513423442,0.0985679793462756,-12.588403674832218,2.4456931231940273e-36,1.872518812314694e-35,TRUE
Solyc02g068590,2777.180639717517,-0.8613379609660635,0.0684324420539666,-12.58669039293969,2.499345826360794e-36,1.9128007629471472e-35,FALSE
Solyc07g045050,1439.9321029279308,-1.3757736890710461,0.10932162872037676,-12.584643177883901,2.5649917577679816e-36,1.9622240317540076e-35,TRUE
Solyc10g051350,692.2712576847846,1.2637195367199248,0.10045481947868226,12.579979171513035,2.7210161168699334e-36,2.080717108004159e-35,TRUE
Solyc04g008730,442.1055768525505,1.4608947933283738,0.11619852392974284,12.572404054045258,2.994767092279834e-36,2.2890978568557251e-35,TRUE
Solyc08g006820,867.3691249994188,1.1499120919717087,0.0914762583409025,12.570606984014992,3.063627074317001e-36,2.3407587908216723e-35,TRUE
Solyc01g008010,242.5033400105075,2.483958305555614,0.19769441095421034,12.56463596298099,3.30392231159449e-36,2.5233071813062534e-35,TRUE
Solyc08g016150,105.92054329198282,4.556176611677489,0.3628703080097093,12.555936683459864,3.687909886407013e-36,2.8154006412716e-35,TRUE
Solyc07g053170,5238.353692304243,0.9675348014749275,0.07707384781276365,12.553347587178605,3.810531715082196e-36,2.9078042556395183e-35,FALSE
Solyc04g008980,1337.4490224812726,-1.5197211978863652,0.12109542420195656,-12.549782189555357,3.9860494196499036e-36,3.0404791071130366e-35,TRUE
Solyc03g117270,96.46765491558712,3.9067039600741826,0.3113073260485543,12.54934796961655,4.0079667415685985e-36,3.05592918333702e-35,TRUE
Solyc10g007990,1750.26594084231,-0.957896140676352,0.07635485769761347,-12.545320226643442,4.2170614736069676e-36,3.214023261580302e-35,FALSE
Solyc06g063010,1901.7599069328558,-1.1135244023860942,0.08876082090828841,-12.545224244113703,4.222174314713936e-36,3.216586424674111e-35,TRUE
Solyc01g095930,8053.276652751436,-0.9012008473659543,0.07184833636022299,-12.543099715595938,4.33693528153515e-36,3.3026462833662247e-35,FALSE
Solyc02g094590,821.126355856069,-1.2040956337505269,0.09602463261113622,-12.539445359053472,4.541630177026549e-36,3.4570926519370207e-35,TRUE
Solyc08g079830,3108.481507769604,-0.8498489674966662,0.06778554535693627,-12.53731843598281,4.6651581340372265e-36,3.5496523997519175e-35,FALSE
Solyc02g067350,115.53513747681968,3.939664113866837,0.3142394930311963,12.537138715010988,4.6757477324849585e-36,3.5562379216496063e-35,TRUE
Solyc03g026110,711.3010708820618,-1.341519509288339,0.10702470383507186,-12.534671540466574,4.823557560055093e-36,3.6671405552726537e-35,TRUE
Solyc03g082960,954.3139021212728,-1.179968812435497,0.09414248824547203,-12.533860474972627,4.8731559130151515e-36,3.7033164592375995e-35,TRUE
Solyc06g064500,455.36430442309415,-1.6029966918480612,0.12791398357496078,-12.531833088511899,4.999362734646069e-36,3.7976564111982927e-35,TRUE
Solyc01g007740,1956.664320566325,-1.0188752809976085,0.08133111448497739,-12.527496855902598,5.2803046541964445e-36,4.009411006117028e-35,TRUE
Solyc07g007600,4694.190974839345,0.8271147140079138,0.06603743447567138,12.524937114457833,5.4534557906568304e-36,4.139177448375083e-35,FALSE
Solyc04g076050,3300.2225093626694,-1.1071176416190975,0.08842214020240953,-12.520819322906734,5.7439139775402654e-36,4.3578361803187247e-35,TRUE
Solyc01g105090,739.5868312225207,-1.2754742718708008,0.10187504973072178,-12.519986741033849,5.804484402460718e-36,4.401973464126872e-35,TRUE
Solyc05g056080,94.92521243938724,3.9362344985827264,0.31452693285166416,12.51477723352587,6.198152219990599e-36,4.698582773611843e-35,TRUE
Solyc01g111750,979.1553723185549,-1.0550503619114182,0.08432160623246222,-12.512218505453989,6.401112493235729e-36,4.850439033930437e-35,TRUE
Solyc09g061680,1321.9041839737097,-1.312764137871382,0.10496720638058152,-12.506421606684176,6.885685756888419e-36,5.215474300324673e-35,TRUE
Solyc04g056580,1653.847741689094,-0.9224983991710761,0.07376413877173899,-12.5060553072506,6.917501732366306e-36,5.237414923644555e-35,FALSE
Solyc01g102660,26652.005971214287,-1.5007758354442553,0.12000936715765233,-12.505489121301139,6.966967061911313e-36,5.272694750889899e-35,TRUE
Solyc03g120450,189.1793587195504,2.1544786630643538,0.17230126136381801,12.504137497375154,7.086478567632514e-36,5.360935617645617e-35,TRUE
Solyc04g076845,104.73777666285599,-3.4777759102203745,0.2781716667687187,-12.502265060344607,7.255413628144628e-36,5.486477528843386e-35,TRUE
Solyc10g007930,144.15196482622093,2.673484759276261,0.2141348892282361,12.485049815617492,9.008693646429385e-36,6.80949076078583e-35,TRUE
Solyc07g056210,97.53654832315438,4.2542186511676325,0.3409331986190135,12.478158971903591,9.823171826234497e-36,7.422086628921856e-35,TRUE
Solyc03g033795,119.66547086053251,5.029124583904051,0.40305141735915706,12.477625353250213,9.88921466427667e-36,7.468916728570174e-35,TRUE
Solyc01g096230,1249.1671019609223,-1.026356902859374,0.082267961221164,-12.475778998584646,1.0121150001836022e-35,7.640948685164336e-35,TRUE
Solyc07g006370,428.9147382464584,-1.9585904284257742,0.15700399734849277,-12.474780652102783,1.024880357942539e-35,7.734144343209234e-35,TRUE
Solyc08g008210,3779.5010671735913,0.8350591922291837,0.06694031234507575,12.474683236081615,1.0261345026488371e-35,7.740431088302656e-35,FALSE
Solyc02g038813,500.5183958676424,1.3819591158530125,0.11079094266338849,12.473574848548418,1.0405118435723964e-35,7.845664159307368e-35,TRUE
Solyc03g019760,493.08290453386513,1.3495174216129928,0.10825449020347523,12.466156545344575,1.142027824769958e-35,8.607584051966437e-35,TRUE
Solyc01g108020,604.1291922792959,-1.4090148224143886,0.11303614201456769,-12.465170849804833,1.1562371674949809e-35,8.711109774614849e-35,TRUE
Solyc10g080940,4590.0859012032,1.1609675943868998,0.09315174557782778,12.46318667659231,1.1853750290157532e-35,8.926976304136251e-35,TRUE
Solyc08g077110,138.87506455668745,2.7851156670919295,0.22349002265739654,12.461923955153146,1.2042970034993117e-35,9.065762414139168e-35,TRUE
Solyc01g014250,660.03067267802,-1.8013649890123118,0.14462686693576324,-12.45525832909315,1.3092685828395313e-35,9.851937928096236e-35,TRUE
Solyc06g069170,3978.1073769942122,-1.0567697539984668,0.08484749778526657,-12.454931277678417,1.3146467972200788e-35,9.888360095456919e-35,TRUE
Solyc08g006530,147.79973897395143,2.5485838238480034,0.20462957200204035,12.454621289158498,1.319764682740833e-35,9.922795158619522e-35,TRUE
Solyc02g066950,365.13548968122535,1.573116448016922,0.12636386767146354,12.449100181919924,1.414306579793728e-35,1.0629271404884752e-34,TRUE
Solyc02g092270,7882.737138367337,-0.8517471762179784,0.06842771756178151,-12.447400067800876,1.4447519895509521e-35,1.0853647659957154e-34,FALSE
Solyc01g094010,140.5389590664947,2.9482648932010176,0.23686470904446216,12.447041625975592,1.451253570796897e-35,1.0898036924819998e-34,TRUE
Solyc10g047000,1519.1922673754814,-0.9602573207190896,0.07716418971939663,-12.444338808079408,1.5012237369246588e-35,1.1268679442991426e-34,FALSE
Solyc06g009170,506.73921774611466,1.4223360471341209,0.1143131524899579,12.442453174922889,1.5370944599846715e-35,1.1533227533836006e-34,TRUE
Solyc11g013460,535.1307272273887,-1.4197460872150383,0.11415823076107687,-12.436651109164805,1.6528971522000046e-35,1.2397065829821576e-34,TRUE
Solyc05g052700,198.7876982685452,2.1129308732775325,0.17004262739339113,12.425889352963818,1.891115261191165e-35,1.4177965679639963e-34,TRUE
Solyc02g077880,12122.035977196134,-1.3381995748722897,0.10772932163870197,-12.42186950141844,1.9885950551078496e-35,1.4902708070952956e-34,TRUE
Solyc02g091890,595.7108946272722,1.6118803108692614,0.12977909048399267,12.420184984021564,2.0309135936875776e-35,1.521364490332467e-34,TRUE
Solyc07g018350,758.2797668838617,1.2268412596970981,0.09880773219133795,12.416449932494757,2.1279642747754545e-35,1.5934161818002925e-34,TRUE
Solyc02g037510,1045.8946636831145,-1.1466975292031196,0.09236001076733391,-12.415519657005996,2.1528446338701173e-35,1.6113901834053082e-34,TRUE
Solyc09g007900,11968.645118571669,1.0482934303646483,0.08444242282793459,12.414298349784678,2.1859480146587518e-35,1.635501927288231e-34,TRUE
Solyc07g065810,95.12675901820387,-3.155578676631621,0.25422309052571634,-12.412635965152086,2.2318208992481863e-35,1.6691441656175513e-34,TRUE
Solyc06g074070,103.53155363436481,3.300028105822521,0.2659406168996168,12.408890918186316,2.338698673341594e-35,1.7483650960568734e-34,TRUE
Solyc10g081530,11677.698882886949,-0.9699422019775789,0.07817736383781979,-12.406944342479234,2.3962439968205252e-35,1.7906566420142974e-34,FALSE
Solyc07g007160,468.4159913339301,1.494306286425278,0.12053030495834567,12.397764088804875,2.6871741640752077e-35,2.007245943039193e-34,TRUE
Solyc01g105450,114.32802559999759,3.3847870284553454,0.27305974344056383,12.395774586934316,2.7547095276264054e-35,2.0568572399007395e-34,TRUE
Solyc03g097290,5857.616992917355,-0.8100646682850657,0.06539869098925895,-12.386557835203618,3.0902522867159673e-35,2.3064599182582065e-34,FALSE
Solyc06g064940,2387.785669422175,1.372019853675036,0.11078691866665231,12.384312788798812,3.177953976291908e-35,2.3709548679453795e-34,TRUE
Solyc12g070090,293.95273146784774,-1.6261068772539236,0.13134998223965816,-12.379955059963132,3.355306279976708e-35,2.502255389241859e-34,TRUE
Solyc01g008810,463.86803723773215,-1.3244280147518295,0.10709879261519156,-12.366414059498597,3.97159940588605e-35,2.9606614711436843e-34,TRUE
Solyc02g091730,709.4971107778133,1.217755187694263,0.09850266966784782,12.362661761356804,4.1614515582377295e-35,3.1009308469835504e-34,TRUE
Solyc02g093820,2285.873984634164,-0.908549909906467,0.07349921482430183,-12.361355316221195,4.229647151929398e-35,3.150470161828125e-34,FALSE
Solyc10g061960,1343.4104662831655,-1.379421394877854,0.11159955416783322,-12.360456143071673,4.2772273718227137e-35,3.1846201205434165e-34,TRUE
Solyc01g008160,1405.6605271229375,-1.2908705529815763,0.10445041144873499,-12.358692848377576,4.3720824040137655e-35,3.2539267543718644e-34,TRUE
Solyc07g065790,1812.7473637716107,0.9565584154271543,0.07740386572128503,12.358018640458075,4.4089006925691657e-35,3.280000867320881e-34,FALSE
Solyc03g119750,410.067536089684,1.4607732110412228,0.11822631771136186,12.355736348040201,4.53583751543593e-35,3.3730704306738953e-34,TRUE
Solyc01g100810,788.5058134060893,-1.2057221358707801,0.09758886119570163,-12.35512046249687,4.570709703963494e-35,3.3976286489268463e-34,TRUE
Solyc01g104640,1004.3694275964692,-1.0644308266393057,0.08616672794444402,-12.35315361313937,4.6838686371585406e-35,3.478931602298402e-34,TRUE
Solyc04g072810,668.239160037982,1.4435960548557243,0.11686052802054916,12.353153620886236,4.68386818602059e-35,3.478931602298402e-34,TRUE
Solyc08g008150,93.72175681416657,4.8989775331890115,0.39684245800298196,12.34489262525483,5.190344074913737e-35,3.853557961596899e-34,TRUE
Solyc02g082700,4786.527695253349,1.3491324825874724,0.10929908632812509,12.343492776666611,5.281403892105063e-35,3.919582064940144e-34,TRUE
Solyc03g031420,655.5979626850699,1.5104359943066825,0.12243239754116914,12.336897950550899,5.73220923940306e-35,4.252429477318259e-34,TRUE
Solyc01g058190,1185.1245061831664,-1.6872256740769662,0.13677276444106296,-12.335976983224699,5.798134180465784e-35,4.299600671218334e-34,TRUE
Solyc12g096090,183.99346796013526,-1.9948495338814645,0.16174294696829572,-12.333456087408175,5.982463740207055e-35,4.434501247428479e-34,TRUE
Solyc01g102750,1749.9725436286726,-1.2079791594257967,0.09795099395752178,-12.332484956198185,6.05501680358946e-35,4.4864721443121745e-34,TRUE
Solyc09g097870,508.53769985880604,1.8281353567442942,0.14824877552152227,12.331537648881906,6.126632154225121e-35,4.537706643477857e-34,TRUE
Solyc11g068730,5724.350053476482,-0.8324191480752815,0.0675474173266115,-12.3234785432327,6.770935776092569e-35,5.012892161575099e-34,FALSE
Solyc07g018340,411.1842052417733,1.4472219088705676,0.11745300207911827,12.321710669393491,6.921037801741736e-35,5.121958047883186e-34,TRUE
Solyc12g044600,42886.039710435376,-0.7103270080409926,0.05768544224226408,-12.313800162228125,7.634209727495179e-35,5.647471928392108e-34,FALSE
Solyc01g005300,720.1709171601267,-1.4289655014778464,0.11605406873299937,-12.312928939746234,7.717086967831418e-35,5.706484703525541e-34,TRUE
Solyc06g064840,161.1862235655111,2.5217233793918927,0.20484434170170976,12.310437078432832,7.959098783085989e-35,5.883076515057086e-34,TRUE
Solyc03g059100,1208.5216647252626,-1.3383055123466479,0.10874466966463717,-12.306860800386001,8.319663101714291e-35,6.1471208520423554e-34,TRUE
Solyc07g007410,1541.243675337244,-2.031771601819692,0.1650992581146868,-12.30636421399492,8.370996159016348e-35,6.182564178031238e-34,TRUE
Solyc04g077310,177.4366434647258,2.399531802047358,0.195252607922394,12.289371330707588,1.0330629320558907e-34,7.626825654611822e-34,TRUE
Solyc01g102330,1869.8913155725957,-0.9729926432436358,0.07919523128175313,-12.286000400478871,1.0770435745876858e-34,7.948330803550955e-34,FALSE
Solyc09g008840,1054.731936060066,-1.2449870924798165,0.10136865521816904,-12.28177575997544,1.1347976698524303e-34,8.371182008385724e-34,TRUE
Solyc12g013810,700.3577470589458,-1.3057875005181256,0.10634226965765643,-12.279101289842666,1.1729395370082356e-34,8.649076417497952e-34,TRUE
Solyc05g008960,101.12833159036765,5.045563798814122,0.4109245977365177,12.27856357737267,1.1807605129154423e-34,8.70325601801306e-34,TRUE
Solyc08g068820,785.5111335740313,-1.4094681728228502,0.11481825024063506,-12.275645813003589,1.2241112093276569e-34,9.019172890208545e-34,TRUE
Solyc02g005200,2285.5413324716587,-1.2425077585415492,0.10125311124755387,-12.271304488646678,1.2915555469909208e-34,9.51228590558257e-34,TRUE
Solyc06g009070,983.3331265841106,-1.1454243133132689,0.0933557458150861,-12.269457046404643,1.3213643305049409e-34,9.727929710721797e-34,TRUE
Solyc03g112950,969.1833541236755,1.2244645278679018,0.09979828953374546,12.269393930382599,1.3223947029147457e-34,9.731618023891821e-34,TRUE
Solyc08g007830,386.58508738882273,9.002191644694479,0.7339106306103456,12.266059747912282,1.377975494587934e-34,1.0136584040420165e-33,TRUE
Solyc04g079640,2738.7304881896175,0.9070353009177222,0.07396431273118113,12.263147826632117,1.4284119717768897e-34,1.0503398910869826e-33,FALSE
Solyc02g030170,12135.37486148992,-0.9341568011216406,0.0761811473505227,-12.262309424448844,1.4432707698243235e-34,1.0608415258568788e-33,FALSE
Solyc12g009090,945.4759579920656,-1.22086714009648,0.09957292278875486,-12.261035489402717,1.4661428454035295e-34,1.0772223791787804e-33,TRUE
Solyc12g098700,4128.61674705281,-1.5435913981871172,0.1259285454972615,-12.257676701432915,1.528186995678919e-34,1.1223596301064948e-33,TRUE
Solyc07g062150,413.0875685444833,-1.5373957383933199,0.1254738765931943,-12.25271570573845,1.6246292343814234e-34,1.1925987029493937e-33,TRUE
Solyc12g094450,957.9175864046239,1.2962212969196634,0.10579074252121734,12.252691171533217,1.6251209002275096e-34,1.1925987029493937e-33,TRUE
Solyc05g055110,1415.0092162117762,-1.055791755691368,0.08618166433879619,-12.25077008887707,1.6640819307951429e-34,1.2207030380609382e-33,TRUE
Solyc01g107590,174.2309678462532,2.505605998534696,0.2046284603129726,12.24466036983542,1.794266105455265e-34,1.3156758602546524e-33,TRUE
Solyc02g084570,172.48879210293723,2.206904116172082,0.18028323584531614,12.241316314433229,1.8697541031834714e-34,1.3704820446101178e-33,TRUE
Solyc01g099690,13097.980203428971,-1.2091424333922896,0.09883361563743112,-12.234121210621305,2.0430400651974322e-34,1.4968993829623115e-33,TRUE
Solyc05g041540,489.5941335307941,1.4619267451233275,0.11954026843285309,12.22957555883778,2.160646462168806e-34,1.5824368093246676e-33,TRUE
Solyc08g066140,462.452454706239,-1.469341541573633,0.1201722195381312,-12.226965160674295,2.2311983719137125e-34,1.6334575735121377e-33,TRUE
Solyc03g098140,753.7463966235331,1.1359949382524193,0.09293530362215423,12.22350273767887,2.3283207720288034e-34,1.7038821955495818e-33,TRUE
Solyc03g114130,207.97200992377572,-2.2096513861233853,0.18079574062369716,-12.221811080840048,2.377288279685144e-34,1.739024689433028e-33,TRUE
Solyc01g028860,14163.340397994574,-0.680338116204695,0.05566985201948471,-12.220943500381022,2.402797194689951e-34,1.756985713205464e-33,FALSE
Solyc12g010390,3981.735895864283,0.8316066474635232,0.06806982686395203,12.216964340538375,2.5233216758228385e-34,1.84438259907162e-33,FALSE
Solyc04g047770,6500.134833221845,-0.7969001598042332,0.06523025237764889,-12.216726607013568,2.5307095543254e-34,1.8490474458332206e-33,FALSE
Solyc02g091860,328.09416891051,1.6450947210085078,0.1346797627628253,12.21486203465894,2.5894036749914743e-34,1.8911802843610756e-33,TRUE
Solyc02g067340,113.38292956476322,5.470780769934362,0.44802445579596245,12.210897639984733,2.718729506050113e-34,1.9848452942700248e-33,TRUE
Solyc09g090330,2235.234169367618,-1.3404615974568364,0.1097773216840862,-12.210733299855644,2.7242269195815527e-34,1.98806921249177e-33,TRUE
Solyc09g009880,1155.0452157983743,-1.2029152440159712,0.0985326146146383,-12.208295179424402,2.807094749463358e-34,2.0477310626740043e-33,TRUE
Solyc05g054410,1065.8273922412923,1.0568907978874273,0.08657592454746753,12.207675556591477,2.828550795764628e-34,2.0625644299302324e-33,TRUE
Solyc08g007770,3299.056252007611,-1.0227651969462943,0.08379041648971419,-12.206231211081821,2.8791995938870205e-34,2.098664795179425e-33,TRUE
Solyc02g068500,1376.0747032635513,-1.0519744297907478,0.0861858007440968,-12.205890305692861,2.8912849274492155e-34,2.106638558117278e-33,TRUE
Solyc07g022920,557.4776775076768,-1.3281221830203238,0.10882028898400826,-12.20472942518558,2.9328181826875445e-34,2.1360537500929132e-33,TRUE
Solyc03g059310,3113.130407205066,-0.9979162171397824,0.08178085877517097,-12.20232010381816,3.020918344189046e-34,2.1993481949000884e-33,FALSE
Solyc11g012410,957.3356828594176,-1.234188919082497,0.10114810628918759,-12.201799562652099,3.0402953110855833e-34,2.2125791252449043e-33,TRUE
Solyc05g056050,571.794809333287,1.8347926611551337,0.15040579137573726,12.19894955089551,3.1485953272585515e-34,2.2904878472890365e-33,TRUE
Solyc09g065720,2305.4365607112295,-0.9121827382505008,0.07481329144790677,-12.1927898184464,3.3959318929803275e-34,2.4694389236019528e-33,FALSE
Solyc03g046470,817.233830119729,1.0702311753902751,0.08778969955511409,12.190851327818788,3.47769205638477e-34,2.5278929645125042e-33,TRUE
Solyc12g040800,259.27305832916784,2.0025404994934006,0.16428869390963347,12.189155880652946,3.5508025620011987e-34,2.580015948508618e-33,TRUE
Solyc06g076790,149.42829117731307,-2.3444487124848137,0.19239620564101498,-12.18552468160019,3.7125626353661123e-34,2.69648514128547e-33,TRUE
Solyc11g044470,366.030564384129,1.6385699910794482,0.13447719332894698,12.184742635662495,3.748347414233043e-34,2.721400889251423e-33,TRUE
Solyc08g082480,402.3989957569378,-1.6618339136733031,0.1364837933256682,-12.176053091578058,4.169771563376874e-34,3.026170969188988e-33,TRUE
Solyc12g094390,94.66907607265541,4.651004897836979,0.382128605738403,12.171307847654193,4.419440218487357e-34,3.206099823853713e-33,TRUE
Solyc08g041870,10178.275687448982,-0.7819657850264972,0.06425279210486823,-12.17014482032525,4.4828644966609005e-34,3.2508283251328335e-33,FALSE
Solyc11g061770,1100.9904950054192,-1.0632394764873832,0.08736850791744116,-12.169596366371403,4.513086691153796e-34,3.271453968591492e-33,TRUE
Solyc01g109400,662.3436315829739,1.3261432244774105,0.10898187517871989,12.168475008368704,4.575509777999199e-34,3.314638495195112e-33,TRUE
Solyc03g115640,172.9465304229609,2.2005429172896322,0.18083986368853663,12.168461490767667,4.576267475822876e-34,3.314638495195112e-33,TRUE
Solyc08g016500,216.524053747247,1.9563914947820555,0.16079368912231032,12.167091292332342,4.653720973634006e-34,3.369411290205354e-33,TRUE
Solyc02g091140,2011.763546926765,1.1634715636831228,0.09568409016109912,12.159509085828548,5.10646291033767e-34,3.695752270895172e-33,TRUE
Solyc10g076240,1223.4253934984629,4.534561358953298,0.37292472102935526,12.159454987153707,5.109845543814008e-34,3.696745007159894e-33,TRUE
Solyc10g085820,970.7361216849249,-1.1174026163149406,0.09194154046123924,-12.153403246337989,5.502640334353064e-34,3.979348436916301e-33,TRUE
Solyc05g052715,1157.2718549180715,-1.496272651344523,0.12312622639518697,-12.152347189964823,5.574195032003941e-34,4.0295095270675756e-33,TRUE
Solyc12g094550,1087.20580576365,1.0813614652519974,0.08899527909585951,12.150773347058445,5.682551758322331e-34,4.106224409325449e-33,TRUE
Solyc06g060680,1373.5271490548214,1.289786568284163,0.10615216345636848,12.150355925758419,5.711639973823892e-34,4.125621911151458e-33,TRUE
Solyc03g120880,3267.5528747508406,-0.8854483330430164,0.07289918439276806,-12.14620356069247,6.009175853356047e-34,4.338832667409435e-33,FALSE
Solyc02g093180,108.99895743383857,5.676477510572928,0.4673648406183431,12.145709341470173,6.045598769981968e-34,4.363417439677209e-33,TRUE
Solyc06g048540,2415.813533531599,-0.8827046118478609,0.07268576397182097,-12.144119613162081,6.164252157290515e-34,4.4473095528834986e-33,FALSE
Solyc06g068960,131.73222360869158,2.9110581685152686,0.23974404961939536,12.142358374010561,6.298409288721261e-34,4.5423169068090596e-33,TRUE
Solyc02g068490,1536.3848810163545,-0.8917674795762314,0.07346670631116368,-12.138389269817072,6.611470913450493e-34,4.766222345174918e-33,FALSE
Solyc03g097100,223.0867077485421,1.915471379567007,0.15782779881927037,12.136463879600994,6.768855300516482e-34,4.8777682081299285e-33,TRUE
Solyc10g085550,399.11069699031407,1.4307904925337145,0.11789788545874344,12.135845244098103,6.820209223954601e-34,4.912848987615887e-33,TRUE
Solyc01g087680,1383.3172252538807,-1.4717495008004546,0.12127789738207043,-12.135348093675281,6.861758804392944e-34,4.9408426204917934e-33,TRUE
Solyc12g027870,1054.604660244594,-1.0131353688072309,0.0834907281087504,-12.134705155374581,6.915865731732532e-34,4.977852770025025e-33,TRUE
Solyc12g035670,1454.2363297398235,-1.111359961018883,0.09159682691712333,-12.133170966986004,7.046694743679082e-34,5.070034813035325e-33,TRUE
Solyc10g074790,6566.542708169848,0.898683454418076,0.07414674998296227,12.12033507368265,8.242147529378954e-34,5.927832473887845e-33,FALSE
Solyc03g114210,154.81367296028998,2.4362262764312748,0.2010578305187143,12.117042495415333,8.579973098104675e-34,6.168386603928754e-33,TRUE
Solyc02g093370,3010.6180737758086,0.9611548457878679,0.07937912475027181,12.10840820948428,9.532613681595724e-34,6.850587854135035e-33,FALSE
Solyc03g033510,295.39418514844834,1.8130090170415296,0.14973518791250412,12.108102593098815,9.568192601985602e-34,6.873469503802318e-33,TRUE
Solyc12g088450,371.02266540493065,-1.4584205964132944,0.12048421276965629,-12.10466137336621,9.978028672602762e-34,7.165082073767835e-33,TRUE
Solyc02g078260,6378.383515678545,-0.8025363829923177,0.06633964835550757,-12.097386749649397,1.0902685704743037e-33,7.826008251085171e-33,FALSE
Solyc12g006520,110.29682970296656,3.0396572694765527,0.25129617821733696,12.09591523054387,1.1099828360080458e-33,7.964408459928144e-33,TRUE
Solyc05g054220,1170.8847472773173,0.9626938191520306,0.07959942827050126,12.094230323872754,1.1329910511782976e-33,8.126326372926509e-33,FALSE
Solyc03g063340,4369.276076024636,-0.8011663193336903,0.06630183637750746,-12.083621858858221,1.2891356447703748e-33,9.242660123952339e-33,FALSE
Solyc03g025710,162.9527189332944,2.2462751105172947,0.18592170628176755,12.081833560160137,1.3174861912227104e-33,9.442241190349741e-33,TRUE
Solyc07g056020,4180.2750247415715,-1.1593957498676755,0.09601526891190754,-12.075118499448275,1.4295815799893151e-33,1.0241620492963204e-32,TRUE
Solyc03g117590,1496.7521866265947,-1.0049879063409541,0.0832301805542932,-12.074801468024866,1.4351018878777107e-33,1.0277163227446808e-32,TRUE
Solyc11g069290,982.8152839086766,-1.1658125789942018,0.09658011203777872,-12.070938357766423,1.5040935310467624e-33,1.0767037142224545e-32,TRUE
Solyc12g100050,368.14301278519673,-1.580295457002613,0.13092429407299372,-12.07029962003505,1.515813995863248e-33,1.0846714163469867e-32,TRUE
Solyc08g013730,716.3001990394638,1.178302362373613,0.09766134941444386,12.065186170767216,1.6129720588131933e-33,1.1537457337417484e-32,TRUE
Solyc08g066320,97.15257771899466,3.6293263953477997,0.3009712930952685,12.058712836107542,1.7448856968613236e-33,1.247617027047908e-32,TRUE
Solyc07g056340,965.8260797516493,1.026656896666992,0.08517997869732394,12.05279588428972,1.874808712872292e-33,1.3399925571046403e-32,TRUE
Solyc07g045290,2755.8682398482347,-0.8896741496180945,0.07382179417617579,-12.051646259028685,1.9011449099929575e-33,1.3582878694287033e-32,FALSE
Solyc10g076300,179.18967684671034,-2.022069005490283,0.16780130496906867,-12.050377116334209,1.930645984191527e-33,1.3788292590284707e-32,TRUE
Solyc04g058110,231.1427705545787,1.9223343766243917,0.1595279722655154,12.050139855253057,1.9362113244823126e-33,1.3822669039983828e-32,TRUE
Solyc01g057830,2510.0122021928764,-0.8100746887767956,0.06722987015646367,-12.049326986524198,1.9553995585316392e-33,1.3954235281245003e-32,FALSE
Solyc04g077860,315.0277562085916,1.8892949997406752,0.15690553304363852,12.040971169673314,2.1639301214099815e-33,1.5436370749662278e-32,TRUE
Solyc08g059710,157.46349998712208,2.5442139327465383,0.2113150847509872,12.039906832702593,2.1920306920508096e-33,1.5630760361508935e-32,TRUE
Solyc09g019970,2558.224934253885,-0.7876255182779514,0.0654470181941466,-12.034551611526199,2.3390136999720737e-33,1.6672388075450418e-32,FALSE
Solyc07g065380,910.059312674129,1.1919895426935292,0.09909781739314369,12.028413683064626,2.5195518880082386e-33,1.7952295487308314e-32,TRUE
Solyc03g111130,148.54899897898613,2.68598975677552,0.22336849305317866,12.02492670323048,2.628212296926104e-33,1.871926642944307e-32,TRUE
Solyc09g097840,154.73063708807712,2.338181524350913,0.19455315526497444,12.01821435980513,2.8506518162498165e-33,2.0295713531417652e-32,TRUE
Solyc06g048735,96.23345150480964,3.7803181621831707,0.3147534013858854,12.010412422989283,3.132787788177676e-33,2.2295794777417813e-32,TRUE
Solyc12g098960,133.58547169471277,2.628524201701983,0.21886430793141395,12.009834890601214,3.154742742559813e-33,2.2443357521856444e-32,TRUE
Solyc06g036260,1835.5958338867101,-1.1948592672205889,0.09951148233999274,-12.007250209962816,3.2548869721945466e-33,2.3146842247525087e-32,TRUE
Solyc10g006260,2797.827596867181,-1.1816617065500004,0.09845421173609653,-12.002144811411501,3.462067286129812e-33,2.4601999591168722e-32,TRUE
Solyc10g053970,1340.0386943617964,0.9854003221038231,0.08210225731469825,12.00210998251583,3.463524720771618e-33,2.4601999591168722e-32,FALSE
Solyc12g006160,1650.5174698096835,-1.062792949422087,0.08855048840211993,-12.002112790115827,3.4634072126000366e-33,2.4601999591168722e-32,TRUE
Solyc12g009180,776.7971272102078,1.2459199137408867,0.10383376276015373,11.99917907837786,3.588378624837342e-33,2.5479012846807594e-32,TRUE
Solyc10g084690,335.05409147487455,1.8983650662041252,0.15824924196431475,11.996045242556088,3.726825155136255e-33,2.645182502967945e-32,TRUE
Solyc01g100590,1531.5875248244013,0.9359958468998217,0.07802697887744175,11.995797612131128,3.7379884792196834e-33,2.652081907120627e-32,FALSE
Solyc02g091520,759.7299678574036,-1.275739853088024,0.10635461181678971,-11.995153113676531,3.7671987896472475e-33,2.6717752835681074e-32,TRUE
Solyc07g006770,403.64704827245805,2.608331326585235,0.21746127079850683,11.994463736037106,3.798694107984439e-33,2.693073420249824e-32,TRUE
Solyc02g092670,1131.078079983569,-1.1253027250078693,0.0938189573813269,-11.994406636113846,3.801314506765804e-33,2.693892235076167e-32,TRUE
Solyc12g005880,897.2909745036429,1.1355559747867507,0.09468472659379008,11.993021637570282,3.8654269087173195e-33,2.738271401269768e-32,TRUE
Solyc01g098030,2014.4671890585212,-1.2654011218121184,0.10557203059038614,-11.986139839649455,4.200267706253416e-33,2.974326704316508e-32,TRUE
Solyc04g051800,6493.881948891026,-0.9138497558524952,0.07625577198420617,-11.984007663600448,4.3097420696208805e-33,3.0506734103134633e-32,FALSE
Solyc04g072830,1499.6638679969385,-0.9973283326671595,0.08325752545460818,-11.97883707474468,4.587131137250284e-33,3.245774892073594e-32,FALSE
Solyc04g082420,10826.02494868953,-0.9547112149697471,0.07973524570421797,-11.973515683532197,4.891128553691845e-33,3.459546602636291e-32,FALSE
Solyc01g059880,1129.627028533514,1.0969825097579557,0.09161867653983698,11.973350316635209,4.900889402054724e-33,3.4651173029989227e-32,TRUE
Solyc10g081350,590.5280061470728,-2.101433857888708,0.1755562909132129,-11.970142721502143,5.094092478746836e-33,3.6003345650443324e-32,TRUE
Solyc09g011020,567.703976306237,-1.2073977124384268,0.10087026949016367,-11.969807541320842,5.1147128198698156e-33,3.613519053330777e-32,TRUE
Solyc08g079750,438.98378476846506,-1.4694351107803458,0.12277307608681387,-11.96870810454644,5.182934028310682e-33,3.6603102667089996e-32,TRUE
Solyc03g005310,304.9743369467012,-1.781717112645166,0.14889515338317635,-11.966253247075013,5.338539576399323e-33,3.768754724767617e-32,TRUE
Solyc01g009930,93.55072640238387,5.105604054198435,0.426668153620413,11.966217799186051,5.340820154237324e-33,3.7689173472301236e-32,TRUE
Solyc04g080460,565.6668539493727,1.449335265250669,0.12113704958721466,11.964425996748382,5.4573670505103015e-33,3.849684516098652e-32,TRUE
Solyc05g045650,214.04516487842562,1.902045649181718,0.15900576660013718,11.962117411533406,5.61125861352703e-33,3.9567229417900805e-32,TRUE
Solyc06g051860,1004.4800769248657,1.2318886727829792,0.10299382205104886,11.960801611696612,5.700890834372329e-33,4.0183848239366e-32,TRUE
Solyc06g009640,363.4223958938207,1.6466631242313536,0.13768641305097903,11.959517920055546,5.789705845325086e-33,4.079423631836376e-32,TRUE
Solyc12g007010,1003.5541852317446,1.0383118157278968,0.0868300486773042,11.95797804498171,5.8980600338410704e-33,4.1541776859042295e-32,TRUE
Solyc11g010470,3644.0549345482955,1.0749141580989505,0.08993756222113153,11.951782231500056,6.354765169353025e-33,4.4741343587980333e-32,TRUE
Solyc12g042360,1152.5691562276797,0.9679277245849814,0.08103692095265495,11.944280621798105,6.954950933043306e-33,4.8948263017662744e-32,FALSE
Solyc04g081300,668.4036899598196,1.2341567046091733,0.10337902318342733,11.938173399253213,7.484887646209052e-33,5.265774573297398e-32,TRUE
Solyc05g055360,1047.5024896191403,-1.0390285721757055,0.08708819637412388,-11.930762324117065,8.182075094978742e-33,5.754058395982946e-32,TRUE
Solyc02g092210,181.581258773527,2.074563421896129,0.17388814237403716,11.930447893529728,8.213040054646139e-33,5.773625825030974e-32,TRUE
Solyc08g083010,408.05081623300407,-1.464137008001777,0.12273192257883761,-11.929553267295065,8.301780453619975e-33,5.833777908214679e-32,TRUE
Solyc11g044937,111.64258561836219,2.8305245034999063,0.23747501969171944,11.919251579279285,9.394868625760972e-33,6.599383643384178e-32,TRUE
Solyc12g011340,2262.7902500316072,-0.909802378901913,0.07639860856938319,-11.908624985959719,1.0672261859985752e-32,7.493819319026665e-32,FALSE
Solyc11g010960,88.7819409507852,4.418875875157508,0.3710963364402189,11.90762462800373,1.0801049168157305e-32,7.581354977404953e-32,TRUE
Solyc04g080873,996.9295014546565,1.2979117930953732,0.10901184289717893,11.906154034287603,1.0993182359608777e-32,7.713269897583516e-32,TRUE
Solyc05g013380,1546.5359830355544,1.0783122014175504,0.09058886331924709,11.903363856299157,1.1367096043691545e-32,7.97258018203669e-32,TRUE
Solyc04g050920,348.7207106642231,1.6319179674062696,0.13710186374440822,11.902959761718252,1.1422285991422012e-32,8.008233538532069e-32,TRUE
Solyc01g008330,1619.3652404693787,-0.8764826180893415,0.0736446090840869,-11.901517694100049,1.162141710421174e-32,8.14473925378286e-32,FALSE
Solyc08g077210,2022.7392064335527,1.1056362524300938,0.09293132185779138,11.897347743767158,1.2216840765503115e-32,8.558772248180022e-32,TRUE
Solyc03g044545,1796.1413093911767,-14.492548171812953,1.218784397539028,-11.890985970181712,1.3184091913091864e-32,9.232882348128295e-32,TRUE
Solyc04g056340,178.81799241624037,2.210954566605811,0.18596308427819053,11.88921217986654,1.3467085939649425e-32,9.42747299423364e-32,TRUE
Solyc06g083670,970.0362580537571,1.0230118891252453,0.0860722972905369,11.885495349009568,1.407978819691992e-32,9.852635950665356e-32,TRUE
Solyc12g056650,17153.566620132722,-0.667331994051862,0.05614785867977542,-11.885261695513893,1.4119216727384216e-32,9.876467317332725e-32,FALSE
Solyc05g009670,180.00443956611008,2.096367950616653,0.1763873581352509,11.885023806576845,1.4159472627314188e-32,9.900859083602767e-32,TRUE
Solyc03g007270,2505.2626906437586,-1.1568121668895577,0.09737827979759009,-11.87957077588658,1.5114144303522395e-32,1.0564384590557118e-31,TRUE
Solyc09g098220,501.65356011848934,-1.209121778233381,0.10178485359779023,-11.87919160360841,1.5182854953760466e-32,1.060837790250774e-31,TRUE
Solyc09g009420,108.07796475982155,-2.8263921133572056,0.23800321959112866,-11.875436467677753,1.5880303781773448e-32,1.1091475091958257e-31,TRUE
Solyc10g008400,3787.842639545048,-0.8679327564166742,0.07309036582785809,-11.874790153066456,1.6003514026974533e-32,1.117328516361082e-31,FALSE
Solyc07g065190,70.70078317619503,-4.418059743894146,0.3721322860301377,-11.872282813795797,1.6490551570360564e-32,1.1508952525358323e-31,TRUE
Solyc10g079580,1207.6338360978912,-1.0210883222518523,0.08601745488108295,-11.870710702420599,1.6803404444204262e-32,1.1722845688721326e-31,TRUE
Solyc12g014060,1040.1448185360935,-1.0823401948818756,0.09121137662542549,-11.866285050456847,1.7716122969631336e-32,1.2354912312243278e-31,TRUE
Solyc06g084460,169.754577153337,2.1759883552304107,0.18339106074557032,11.865291287285224,1.7927744972035608e-32,1.2497752590858195e-31,TRUE
Solyc04g079190,243.03937195370756,-2.1914416380048536,0.18470623723095214,-11.864470149238809,1.810449904962963e-32,1.261618673348527e-31,TRUE
Solyc04g014820,149.6614866836902,2.4332024171169424,0.20516104062031748,11.859963323250847,1.9105879861245928e-32,1.330895754032906e-31,TRUE
Solyc09g098080,1214.9795591268273,1.7314449011398598,0.1459968621206688,11.85946653914241,1.921957257218613e-32,1.3383083431609758e-31,TRUE
Solyc05g005180,374.54934232002074,1.6987095156927898,0.14329082470249657,11.85497758994469,2.0277847057245113e-32,1.4114640759308477e-31,TRUE
Solyc08g075940,494.6925863176198,1.278321784885618,0.10788879683557406,11.848512749973668,2.190438006822021e-32,1.5241037804469798e-31,TRUE
Solyc07g053610,2202.0533553547266,-1.0272719345104455,0.08672960443435367,-11.84453614437958,2.2968567035112376e-32,1.597545091965459e-31,TRUE
Solyc06g066640,125.51996335444736,2.534298045120422,0.2140499180175576,11.839752467985267,2.4316958911383913e-32,1.6906908308168325e-31,TRUE
Solyc02g087200,406.413542776521,1.505985319652457,0.12720008970233762,11.839498880673988,2.4390592548170838e-32,1.6951692355879945e-31,TRUE
Solyc07g048080,1942.368484736458,-0.925844043938413,0.0782203041480574,-11.836364662887933,2.5319156245701635e-32,1.7590402466543203e-31,FALSE
Solyc03g117800,899.8779939653288,4.4288756022437115,0.374344913418907,11.831002488572942,2.698989194051814e-32,1.8736978230458647e-31,TRUE
Solyc11g045225,286.475305369831,-1.562508525993105,0.13206864987934341,-11.831032780456203,2.6980152807454453e-32,1.8736978230458647e-31,TRUE
Solyc06g048740,92.10664435774075,3.8676751256971724,0.3269745504556429,11.828673272300616,2.77493065100848e-32,1.9256908326722872e-31,TRUE
Solyc10g085660,671.2791194123768,-1.1834708018238669,0.10007583297451779,-11.825740207680438,2.8735847312315236e-32,1.9934003061973247e-31,TRUE
Solyc12g013580,363.1967182398239,-1.3888937755306456,0.11746460961827289,-11.82393386437125,2.9360661719010264e-32,2.0359752711450987e-31,TRUE
Solyc07g065340,1041.6906548649115,-1.3086585137727829,0.11068874192977969,-11.822869164083448,2.973524154286541e-32,2.061172493523736e-31,TRUE
Solyc07g064130,81228.11647647078,-0.6870236968134449,0.05811841730295759,-11.821101273838076,3.036772521878645e-32,2.1042212314246187e-31,FALSE
Solyc09g056340,842.830968226298,1.247550372999913,0.10557845226097963,11.816335116526336,3.214021141972689e-32,2.226200099957948e-31,TRUE
Solyc10g005370,2469.691261476336,-0.827202452213716,0.07002736230273222,-11.81256047654163,3.361654299818716e-32,2.3275815816786237e-31,FALSE
Solyc07g064420,934.0587713499289,-1.26306855209055,0.10693228884346491,-11.81185370435229,3.390036705815613e-32,2.3463495769204974e-31,TRUE
Solyc01g090430,1288.0800262474013,1.021282007159576,0.08648956542955631,11.808152834244334,3.542586337082988e-32,2.451011088994978e-31,TRUE
Solyc06g071780,275.23938023429696,2.3092459919691435,0.19560230130170622,11.805822204551946,3.642132779314078e-32,2.5189363010583407e-31,TRUE
Solyc04g015850,370.89130609856375,-1.7155619066562127,0.14535535312701572,-11.80253681580688,3.78719342034515e-32,2.61827666965795e-31,TRUE
Solyc03g043660,2293.935642029076,-0.8215224332650467,0.06963592536806973,-11.797393786652266,4.0258762634080724e-32,2.782243734971075e-31,FALSE
Solyc12g018990,2920.1379772154537,-0.921380549654113,0.07810883862705206,-11.796111244893146,4.087688416162981e-32,2.8238998930599054e-31,FALSE
Solyc03g114460,2705.714422513281,-0.7982006588158241,0.06767028078259009,-11.79543884826294,4.120470195784267e-32,2.8454772204771665e-31,FALSE
Solyc04g082270,111.0228840065575,2.8170539260626777,0.23896269811316465,11.788676426513298,4.465028758591237e-32,3.082261497152937e-31,TRUE
Solyc03g082890,911.5122085645867,-1.3173840870156321,0.11179100473809805,-11.78434785609071,4.700441989019313e-32,3.243551992647974e-31,TRUE
Solyc02g086590,418.0755316848753,1.368657501411916,0.11620576823628154,11.777879206727679,5.075402668488808e-32,3.5009803847966142e-31,TRUE
Solyc04g051360,326.4262486567877,5.252341716978707,0.4459655966996388,11.777459418055063,5.100737534837394e-32,3.5171364629750867e-31,TRUE
Solyc03g058920,1206.0324041907156,1.041941414921781,0.08857340834341,11.763591741688948,6.012115772045526e-32,4.144009157762014e-31,TRUE
Solyc08g078510,11628.877951579498,0.7262178384565707,0.06174712391181933,11.761160560185406,6.187783876831297e-32,4.263494415584323e-31,FALSE
Solyc11g073110,85.36106889200914,4.673131873343432,0.3975304435858235,11.755406280813665,6.624136332582246e-32,4.562439048402377e-31,TRUE
Solyc11g012270,169.23168015780882,2.153327651261418,0.1833239716880137,11.74602334563216,7.40209838119723e-32,5.096358597061749e-31,TRUE
Solyc04g079310,447.92248716727454,1.6299943254982134,0.13877444159709565,11.745637789922311,7.435936739662431e-32,5.11773961382308e-31,TRUE
Solyc01g096500,1644.310500938968,1.1112330188649149,0.09464062212567871,11.74160729194325,7.79900070726184e-32,5.365607410239312e-31,TRUE
Solyc06g051080,1167.8761763539483,-1.2107647508943233,0.10311798765310477,-11.741547507379703,7.804516436882306e-32,5.367393402888419e-31,TRUE
Solyc04g005060,411.91847251353533,1.4981898579181152,0.1276771248956352,11.734207354236347,8.512000478745863e-32,5.851761585668856e-31,TRUE
Solyc05g014490,619.1470086291846,1.3197521068508382,0.11255865173543507,11.725017015598823,9.488197106711623e-32,6.520430931315132e-31,TRUE
Solyc04g082470,689.4726533257094,-1.0961559965823122,0.09348898400913382,-11.724974960421203,9.492910430768766e-32,6.521232154290815e-31,TRUE
Solyc07g053920,149.05734117350536,2.6259411962553645,0.22408047285049348,11.718741766523282,1.021782915786541e-31,7.0139788427572755e-31,TRUE
Solyc10g006240,811.1141218600129,-1.136093535522855,0.09694665425942284,-11.71874928744569,1.0216922176366863e-31,7.0139788427572755e-31,TRUE
Solyc03g006570,1466.922040660046,1.0072916264892158,0.08598137460715906,11.715230549539804,1.0650112827255982e-31,7.30798895496255e-31,TRUE
Solyc10g077040,2992.2317575263037,1.3578397241131646,0.11591154551950532,11.714447581795643,1.0748956956453257e-31,7.373062527256725e-31,TRUE
Solyc07g006570,475.27520183887583,-1.792105142248747,0.153084199936308,-11.70666301939957,1.1782621120900529e-31,8.079072139705872e-31,TRUE
Solyc05g013480,5230.153773071272,-1.287024519545027,0.10994027093527467,-11.706579478076229,1.1794232983956844e-31,8.084018827146856e-31,TRUE
Solyc11g069380,10834.765428598013,-0.683265264467117,0.05836829866339668,-11.706102115592401,1.1860802472093536e-31,8.12661691556077e-31,FALSE
Solyc09g075490,992.2589147852796,-1.0329382524832518,0.08824362627507723,-11.70552816203776,1.1941335924584544e-31,8.178747328675025e-31,TRUE
Solyc06g061240,1568.0957946403287,-1.000653426279418,0.08549623773915768,-11.704063859889756,1.2149265142655237e-31,8.318061121692038e-31,TRUE
Solyc03g112830,1065.5804494491645,-0.9310525151387358,0.07957114194274398,-11.700881656426166,1.2613610474801476e-31,8.632762522646149e-31,FALSE
Solyc05g050720,354.62812491479576,-2.0021980751680433,0.17113953636493584,-11.69921408983241,1.2863933625453472e-31,8.800807288303356e-31,TRUE
Solyc02g088790,1024.8413083057792,-1.3417340963309048,0.1147092643029394,-11.696824179671102,1.3231312580064015e-31,9.048780474676964e-31,TRUE
Solyc10g079370,1572.210199526396,-0.8527381106515769,0.07290941841846227,-11.695856710271672,1.3382977791316947e-31,9.149099320854572e-31,FALSE
Solyc08g066310,164.25978266137315,2.5814570268216728,0.22076894620133444,11.693025995003229,1.3836719040078817e-31,9.455777178950517e-31,TRUE
Solyc11g066040,1228.1848389439815,-1.0440002206941361,0.0893081793534293,-11.68986120031175,1.4362113712128779e-31,9.811175636197076e-31,TRUE
Solyc10g080080,1409.319021540367,-0.9530584510605745,0.08154745525115743,-11.687163604618396,1.4825551681675805e-31,1.0124001358255807e-30,FALSE
Solyc01g080840,2204.383896114077,-0.9614537822914204,0.08227662657232104,-11.685624731421187,1.5096544178528567e-31,1.030522731652026e-30,FALSE
Solyc04g071140,7451.3954166372405,-0.7582030822315462,0.06490351070008028,-11.682004163614655,1.5753670638529985e-31,1.0749804281666545e-30,FALSE
Solyc04g082630,3229.033070440393,0.8100827686232791,0.06937725887684619,11.6764885459266,1.6809718930521342e-31,1.1466161896095504e-30,FALSE
Solyc02g092770,196.71640050666605,-1.9198004006576677,0.16442192607839048,-11.676060769062975,1.6894501006341716e-31,1.1519718545978478e-30,TRUE
Solyc01g058720,134.50418822674928,2.525444899439369,0.21629977759023025,11.675670347769406,1.6972249978454872e-31,1.156844165198131e-30,TRUE
Solyc06g062430,372.0629382449515,1.476494947094725,0.12645965727535619,11.67562034333029,1.6982233551277839e-31,1.1570956240664955e-30,TRUE
Solyc03g083250,2577.9931848160227,-0.7905266592516146,0.06774210298392284,-11.669650401010275,1.8217030056882835e-31,1.2407694091725719e-30,FALSE
Solyc04g050930,1591.2295985931323,-1.307805075344647,0.11208294205517264,-11.668190104261202,1.8532395899318616e-31,1.2617816067302744e-30,TRUE
Solyc07g049180,967.975456339092,1.0722747124487202,0.09194912671204979,11.661608443619947,2.0022386300947775e-31,1.36272316686532e-30,TRUE
Solyc02g084390,459.6524186379881,1.6598886317478059,0.14237706563133032,11.658398944995145,2.0791517222080077e-31,1.4145464881328574e-30,TRUE
Solyc11g072640,2177.004939897555,-0.975147765863619,0.08366137786745677,-11.655889380743027,2.1413287773269217e-31,1.4563095417536367e-30,FALSE
Solyc03g121400,890.3082937990584,1.257767173407388,0.10793023232443502,11.653520485590894,2.201713019676429e-31,1.496822871328099e-30,TRUE
Solyc04g007770,4730.605420151272,-1.0457766125752879,0.08977012172945693,-11.64949531567951,2.30821743532102e-31,1.5686492093717674e-30,TRUE
Solyc08g082870,315.71276846634515,-1.6752079978101917,0.14384680630125204,-11.645778178083962,2.4111070872655295e-31,1.6379667991575103e-30,TRUE
Solyc10g051340,3515.6115025773433,0.7761664750288848,0.06665506150899003,11.644524173519818,2.446834722240582e-31,1.6616240376412492e-30,FALSE
Solyc02g068930,180.2869043188833,-1.8412218569761352,0.15814483721043346,-11.642630195547492,2.501794476813271e-31,1.698319345172022e-30,TRUE
Solyc04g063350,195.3076927118348,2.0832469412844867,0.1789554436909715,11.64114875925168,2.54563574710001e-31,1.7274426703189178e-30,TRUE
Solyc02g080050,160.4768173331947,2.7026553076994233,0.2322726207720538,11.635703333074877,2.7134416969636574e-31,1.840634638940329e-30,TRUE
Solyc04g074730,2097.6341321489504,1.310788475307629,0.1126528518267942,11.635643963305874,2.7153304669282284e-31,1.8412364431405985e-30,TRUE
Solyc11g039740,587.0388281453197,1.3635891292398965,0.11723576654446288,11.631169987042659,2.861483931817972e-31,1.939626073695051e-30,TRUE
Solyc12g055850,307.80569211191096,-1.590814937235262,0.1367977759364628,-11.628953221974406,2.936767095057431e-31,1.9899222081990694e-30,TRUE
Solyc02g077060,87.2580431424018,5.023272658552351,0.4320021199182003,11.627888908284776,2.9736074851338908e-31,2.0141424612828414e-30,TRUE
Solyc05g009650,990.4675721863952,3.961887314042774,0.3407507211809693,11.626937428956037,3.006930416111538e-31,2.0359632353362213e-30,TRUE
Solyc03g110910,1447.6197155262507,-0.9790750127650597,0.08421378231961896,-11.626066254204668,3.0377658829372535e-31,2.0560843234917352e-30,FALSE
Solyc11g013010,302.1602260634619,-1.8186060232419572,0.15644432020095284,-11.624621596399002,3.0895933357387576e-31,2.0903936065839373e-30,TRUE
Solyc06g082920,1652.8893765306752,1.0192426970188504,0.0878885382626362,11.596992249126506,4.268165269746089e-31,2.886743272764619e-30,TRUE
Solyc06g064570,1647.8519566732764,-1.0966865036069438,0.09459133930527462,-11.593942021135861,4.422973257903306e-31,2.9903463552790173e-30,TRUE
Solyc05g054080,3531.904713081631,-0.76966645169938,0.06638641911945525,-11.593733506162572,4.433757276740889e-31,2.996535294791462e-30,FALSE
Solyc01g006450,590.7613370093688,-1.4500049017236025,0.1250998180887081,-11.590783454979976,4.589155200265972e-31,3.100420435372634e-30,TRUE
Solyc03g083280,2133.5997758324993,-1.4745612459860302,0.12722183444022012,-11.590473069926588,4.605816250294148e-31,3.1105334360454567e-30,TRUE
Solyc10g074570,969.0816038874663,1.0824318822744292,0.09340716914038368,11.588316959350504,4.723222470583434e-31,3.1886521732183355e-30,TRUE
Solyc03g119300,205.74919327746403,1.9273239207420332,0.1663756282724189,11.584172157632883,4.957326449161847e-31,3.345467405100669e-30,TRUE
Solyc08g068540,470.70255150483655,-1.268975047343837,0.10957933588516232,-11.580422869816495,5.178994849874588e-31,3.493778433953929e-30,TRUE
Solyc10g078740,260.75565361741525,1.980264438635293,0.17109166156082858,11.574289597574838,5.563014902499751e-31,3.751463791366578e-30,TRUE
Solyc04g082490,442.4314618981068,1.5317236363104567,0.13234328218132696,11.573867680051961,5.590448101442004e-31,3.7685811312360966e-30,TRUE
Solyc08g021820,251.60741264664063,-1.7454874620631051,0.15081598540010027,-11.573623694016884,5.606373384205486e-31,3.7779311554930146e-30,TRUE
Solyc08g067360,86.15142556960853,4.974410623776595,0.4299378528030121,11.57006900263736,5.843565587266003e-31,3.9363234221587e-30,TRUE
Solyc03g117680,2203.2159872127836,-0.8577367341837011,0.07414315315002787,-11.568657357316328,5.94049967931633e-31,4.000154051460516e-30,FALSE
Solyc02g081170,18219.313979320796,-0.8388119445532983,0.07250881495327781,-11.568413372826463,5.957414513366027e-31,4.010075100666703e-30,FALSE
Solyc06g009270,1091.1613331963806,1.0204308783325164,0.08822045501445683,11.566828556543909,6.0684557382991585e-31,4.083324371784533e-30,TRUE
Solyc03g113700,2030.4466456999469,-0.8852767540282922,0.0765389417268073,-11.566357386912099,6.101863029456736e-31,4.104301063684712e-30,FALSE
Solyc12g008600,169.54528563896122,-2.2812412896489294,0.19724124655507047,-11.565741595594705,6.145799778045955e-31,4.1323422574915435e-30,TRUE
Solyc08g067860,2591.4265009412975,-0.8813987679446732,0.0762320247010974,-11.562053761533964,6.415576939402601e-31,4.3121590814273495e-30,FALSE
Solyc01g103580,170.7325253964989,2.3105868420681617,0.1998585249906354,11.56111225266186,6.486314670382005e-31,4.3581112056152194e-30,TRUE
Solyc01g106000,2930.730533020548,0.8483421847231366,0.0733936873293789,11.55878953071148,6.664154584757713e-31,4.475964696076034e-30,FALSE
Solyc07g065030,3852.493107506752,-0.7557132697746307,0.06539155497885328,-11.556741081000718,6.82500640119917e-31,4.582326248109728e-30,FALSE
Solyc03g113100,11778.545921020972,-0.7767204516282947,0.06722007869205728,-11.554887568438268,6.973869289541369e-31,4.680563678336582e-30,FALSE
Solyc03g031850,451.0194544286424,-1.5754341564163525,0.13634868221184945,-11.554450918480814,7.009404835937362e-31,4.702696682446589e-30,TRUE
Solyc10g086410,6948.095901297206,0.8958443033221392,0.07757700663341276,11.547807039725287,7.57280811701646e-31,5.078837344586413e-30,FALSE
Solyc04g009790,304.98916618073054,1.596004862147036,0.13822006255993755,11.546839384875454,7.658532319350816e-31,5.134456587404306e-30,TRUE
Solyc01g094570,625.556322528745,1.1992896606869938,0.10392506917155567,11.539945753678072,8.297753384107787e-31,5.560977049218135e-30,TRUE
Solyc08g067770,2884.0614663753486,1.01799828774822,0.08822082601917697,11.53920603199672,8.36941551017893e-31,5.6069593776829184e-30,TRUE
Solyc02g090870,320.5007022052377,1.650016320183717,0.14302401595191844,11.536638159694919,8.622984857143459e-31,5.774729713255672e-30,TRUE
Solyc12g036330,104.21300455421111,2.976427278987265,0.2580931799566729,11.532374778314287,9.060928129730742e-31,6.0658063295280495e-30,TRUE
Solyc05g009300,378.30847556449885,-1.4717364903167072,0.12763364268839342,-11.530944814525316,9.212705999080102e-31,6.1651683429592104e-30,TRUE
Solyc05g014470,22588.525759930617,-0.8284950015878415,0.07186916151035574,-11.527823397083356,9.552839559438544e-31,6.390460321002866e-30,FALSE
Solyc01g111560,1073.9604147859359,-0.9352589130303145,0.08114088667565476,-11.526358058777861,9.7167850740480245e-31,6.497768643733169e-30,FALSE
Solyc10g081320,105.82262816221777,3.676425810325919,0.31896988904842966,11.525933752849385,9.764776733946745e-31,6.527486934550654e-30,TRUE
Solyc05g055350,1572.0698864290216,-0.8684150960604016,0.0753569211427946,-11.524025701830796,9.983513709110862e-31,6.671280716633405e-30,FALSE
Solyc10g007290,292.6291963823837,1.6218669404180759,0.14076352805360318,11.521925905412544,1.0229856851232392e-30,6.833410555821406e-30,TRUE
Solyc02g071510,995.169525654705,-0.982211513689936,0.08525088672104991,-11.52142284342259,1.0289765198473413e-30,6.870931843208745e-30,FALSE
Solyc09g064630,300.0254426532916,1.878746943663344,0.16309077948462036,11.519639243863642,1.0504989290282947e-30,7.012099423502955e-30,TRUE
Solyc01g010650,1904.7979304353132,-0.9960208133733003,0.08648722514182373,-11.516392296550185,1.0908327722717605e-30,7.278685608955272e-30,FALSE
Solyc09g007730,190.2331737210446,2.0170428965890244,0.1751767643506671,11.514328992578765,1.1172582328664967e-30,7.452307001010453e-30,TRUE
Solyc08g075810,386.6352169910971,-1.2897186399398393,0.11203582625178019,-11.511662680484283,1.1523497743341578e-30,7.683585745950244e-30,TRUE
Solyc06g074200,747.8258667247247,1.2838464688519804,0.11153699503578043,11.51049899129997,1.1680060704190652e-30,7.782332581556243e-30,TRUE
Solyc08g063080,3473.326609207448,-0.8158595335713132,0.07087958807174193,-11.51050049480434,1.1679857066376985e-30,7.782332581556243e-30,FALSE
Solyc06g071430,4015.0428282687176,-0.9827620564608528,0.08538498755350134,-11.50977571841964,1.1778432066870855e-30,7.845033213235033e-30,FALSE
Solyc06g072570,371.1477421963042,1.4293176746180385,0.12424769181553239,11.503776478520926,1.2626726910608236e-30,8.406994596077914e-30,TRUE
Solyc04g014600,16385.332681141095,-1.0784073826543288,0.0937502932858063,-11.50297609594357,1.2744393085495802e-30,8.482265680328361e-30,TRUE
Solyc10g006820,837.1164461732576,1.1783186468458247,0.10245532994340918,11.500803789287142,1.3069263311323408e-30,8.695340841551147e-30,TRUE
Solyc08g066730,2241.9457527948343,-1.2882114461256156,0.11202062515808466,-11.49977019238804,1.3226711554731608e-30,8.796911668257278e-30,TRUE
Solyc06g073110,505.49891484217267,1.2363885148824425,0.10755264242779346,11.495659120718528,1.3871809073867505e-30,9.22262083923712e-30,TRUE
Solyc01g110130,368.62353269024095,1.443542659662997,0.12564130297745746,11.489395807380294,1.4915142777956442e-30,9.912692324192815e-30,TRUE
Solyc02g067890,1200.2766470111733,-1.0061715914688016,0.08759448551004805,-11.48670016850984,1.5387813090796397e-30,1.0223135816700765e-29,TRUE
Solyc09g057580,271.81709752514234,-1.5755651996913245,0.13719669107033533,-11.483988333826465,1.587832314217357e-30,1.0545202829572859e-29,TRUE
Solyc06g060700,145.54794059313954,2.694012483314381,0.23465126383534307,11.480920406228002,1.6451973999495997e-30,1.0922233226173163e-29,TRUE
Solyc03g019650,1938.7670224827611,1.0995979369569426,0.09580009092417645,11.478046903183515,1.7007908727823558e-30,1.1287234156807959e-29,TRUE
Solyc04g014883,98.49561304735217,2.967593032203549,0.25858576774714,11.476242710718063,1.736645255514912e-30,1.1521021195283519e-29,TRUE
Solyc12g055990,687.494757768924,-1.1934283742822278,0.1040304306856712,-11.47191611546992,1.8257128053960787e-30,1.2107531926982726e-29,TRUE
Solyc03g124060,1042.1771393153126,-1.045241604894806,0.09113527398388913,-11.46912231897809,1.88562018918081e-30,1.2500308668485694e-29,TRUE
Solyc11g072940,1915.4609790669783,-0.8456251155896798,0.07373721542729524,-11.46809125743926,1.9082187286619057e-30,1.2645560522347445e-29,FALSE
Solyc04g056380,117.50378388332399,6.257959761335418,0.5457106948852235,11.467540988273324,1.9203891927747758e-30,1.2721626857938271e-29,TRUE
Solyc01g107890,98.48667773291737,2.9046322439498153,0.25333438790951773,11.465605865506301,1.96380395336145e-30,1.30045418136324e-29,TRUE
Solyc02g068920,3861.6407041226084,-0.7138412757870091,0.06226128289332157,-11.465251639772731,1.9718558927051566e-30,1.305316056017245e-29,FALSE
Solyc12g056950,641.5619969707014,-1.6323890435084816,0.1423809632038458,-11.464938898969253,1.978992065899575e-30,1.3095684358326813e-29,TRUE
Solyc08g079600,84.10898882904515,3.4756802764307033,0.3031902762785446,11.463693094291564,2.0076743853276912e-30,1.3280704651125926e-29,TRUE
Solyc09g090140,6657.6381613838885,0.9655560059738517,0.08423287714707273,11.462935123158225,2.025326743898738e-30,1.3392655227730396e-29,FALSE
Solyc09g007760,395.15089077898864,1.5071246301676557,0.13151505074564512,11.459712189766702,2.102121765458999e-30,1.3895470843017902e-29,TRUE
Solyc10g078590,1460.7156989859006,1.9228663403590245,0.16786858147391795,11.454593369860481,2.2300734423534865e-30,1.4735959773826075e-29,TRUE
Solyc11g009000,570.7604604320818,-1.1342827611055306,0.0990259881373027,-11.454394774963632,2.2351903802874083e-30,1.476446452059771e-29,TRUE
Solyc11g068460,495.1256767068256,-1.269608383790105,0.11084744833332094,-11.453654575542075,2.2543650119580237e-30,1.4885772993830586e-29,TRUE
Solyc04g054500,212.37968385079432,1.9607472919554931,0.17119843500644433,11.453067850075183,2.2696798706259986e-30,1.498151707781606e-29,TRUE
Solyc06g053750,1555.8317217422027,-0.9252469895086407,0.0808169930035737,-11.448668839580886,2.3878414560504167e-30,1.5755811014563822e-29,FALSE
Solyc03g096880,578.3974425795512,1.2704244768683945,0.1109782888866955,11.447504639087095,2.4201217957337125e-30,1.5963078209893375e-29,TRUE
Solyc04g079350,403.89860442777376,1.526562486654092,0.1334007631738908,11.44343143422789,2.5365077823004795e-30,1.6724757016509942e-29,TRUE
Solyc11g016990,685.8120138067206,-1.261652820373277,0.11026473162053872,-11.442034110372536,2.5777006132180954e-30,1.6990272632767387e-29,TRUE
Solyc09g018830,202.01001132066662,-1.9044684391631994,0.16645957780347947,-11.441026489996243,2.6078164332371425e-30,1.718261272121806e-29,TRUE
Solyc02g087720,1106.802277178599,1.121614037231303,0.09803952175239493,11.440427464181342,2.6258853997951168e-30,1.7295468041717534e-29,TRUE
Solyc05g053810,3167.0014035373542,1.215566981990381,0.10633158235605587,11.431852654275403,2.8985760809672527e-30,1.9084714934248212e-29,TRUE
Solyc03g005010,918.642541977234,-1.0787783493583118,0.09436891057315472,-11.431501569810361,2.9103209076684033e-30,1.91551841194659e-29,TRUE
Solyc02g071800,1115.7384514521168,-0.9362003878188813,0.081948037945736,-11.424317302615718,3.1613017500011125e-30,2.0799645694441823e-29,FALSE
Solyc03g117940,2172.4501088340485,-0.9645956347234732,0.08445396530457155,-11.421555296365213,3.263408931598899e-30,2.1463773305754044e-29,FALSE
Solyc01g005430,834.074121852108,1.4202173569371965,0.12434770756116928,11.421339281534896,3.271531321120536e-30,2.1509499383461665e-29,TRUE
Solyc04g081510,982.8372549099839,1.1137306522444732,0.09754144110132629,11.418025402018893,3.398681362785579e-30,2.2337489986445226e-29,TRUE
Solyc07g054730,625.5317880246753,-1.8307411000900664,0.16037309281724055,-11.41551283902942,3.498343937461487e-30,2.2984294711349003e-29,TRUE
Solyc12g094660,299.08057848812706,1.867301151035527,0.1636275956416488,11.411896286277981,3.6469096335838945e-30,2.3951818433073503e-29,TRUE
Solyc01g099110,2246.10366558098,-0.8641212385268728,0.07575034867743258,-11.407488593967495,3.836464114877427e-30,2.5187757079925618e-29,FALSE
Solyc11g073050,616.7081534043207,1.166286777488465,0.10224547149059252,11.406732840933437,3.869933676559615e-30,2.5398425839412857e-29,TRUE
Solyc09g082970,5732.972294522955,-0.8683745969031209,0.07613550301305612,-11.405646019757793,3.9185736753750905e-30,2.570847247481095e-29,FALSE
Solyc04g024780,79.50535476018788,3.7465781287124784,0.32866316641697624,11.399446337589227,4.207865629535776e-30,2.7596572910366097e-29,TRUE
Solyc08g005010,710.571734727682,1.1414340842716202,0.10015273820798731,11.396933370919951,4.3310760189274716e-30,2.838943359753284e-29,TRUE
Solyc09g010980,81.96137313465705,4.665716701509235,0.40938407756034517,11.396917851113754,4.33184797046617e-30,2.838943359753284e-29,TRUE
Solyc10g085450,596.133799670932,1.245069851768218,0.10928917331363841,11.392435444589855,4.560614374261395e-30,2.9878037791178626e-29,TRUE
Solyc12g005620,80.80734636792361,4.608908317802725,0.4045675336908386,11.392185318866316,4.573727350109315e-30,2.9953270351642157e-29,TRUE
Solyc05g013580,828.586377143492,1.456594286690627,0.12786085138168635,11.392027121283947,4.582040254063924e-30,2.9997024925376465e-29,TRUE
Solyc09g009210,639.0977914427444,-1.156277224555561,0.10153470303778149,-11.388000259628527,4.798765370576799e-30,3.140466493674379e-29,TRUE
Solyc04g010080,937.5717926337793,-1.039538224050401,0.09128482174751622,-11.387854017239025,4.80682469282677e-30,3.144621292819734e-29,TRUE
Solyc10g077120,3349.4286055204375,-1.1531167503565996,0.10127451592619062,-11.386050476874132,4.9073279100469475e-30,3.2092283518460704e-29,TRUE
Solyc01g097460,1411.8139718928708,-1.2303584208273872,0.10806458330201811,-11.385399205110433,4.944130578874508e-30,3.232146245784142e-29,TRUE
Solyc11g068820,3307.536067113198,-1.0015919288123232,0.08799316588450562,-11.382610441894439,5.1048432956478534e-30,3.336023260003359e-29,TRUE
Solyc08g075750,3706.162580237156,-1.3909018989992772,0.1222671044343967,-11.375928999329298,5.511286683225061e-30,3.6003547653776225e-29,TRUE
Solyc02g082470,3460.7446109372536,-0.8396796382122668,0.07385681682668992,-11.369020143159332,5.965347802584982e-30,3.8955946236205936e-29,FALSE
Solyc05g056220,3230.7484354305057,-1.194173837626967,0.10503997629259945,-11.368755780184825,5.983440761482552e-30,3.906022426077193e-29,TRUE
Solyc08g008110,361.6221716273788,4.704379144742902,0.4138019371004616,11.36867356810074,5.9890784369133055e-30,3.908314835135864e-29,TRUE
Solyc02g091510,2669.2375294868007,0.8793020572997001,0.07737548956899255,11.364090388283262,6.311850710056092e-30,4.1174858624187775e-29,FALSE
Solyc03g096900,211.3619342077109,1.9731889051711093,0.17372693068386916,11.357990942473512,6.768326368164332e-30,4.4136978937908804e-29,TRUE
Solyc08g075280,3351.6492862841387,-0.8281864432943128,0.07292755529793385,-11.35628967556762,6.90139061685858e-30,4.498874599635152e-29,FALSE
Solyc09g065560,584.7404879330583,1.4602541008550354,0.12864572665138058,11.35097246418612,7.3342408829679e-30,4.7793459819779833e-29,TRUE
Solyc06g082070,142.2349689173034,2.3665238562191617,0.20849384079149216,11.350569624672243,7.368111355738367e-30,4.799716196050262e-29,TRUE
Solyc08g062700,1148.6013305011968,-0.911242558576367,0.08030531457966418,-11.347226062758269,7.655293456538156e-30,4.985025136788556e-29,FALSE
Solyc09g090290,279.9274212562399,-1.4969965087644348,0.13193286643416222,-11.346653409607175,7.705581504207838e-30,5.015995212176086e-29,TRUE
Solyc07g062520,675.3848427897759,1.2188234671703104,0.10745190204818501,11.342967820371847,8.037171808467304e-30,5.229993959470953e-29,TRUE
Solyc06g084020,11591.966204257573,-1.1112891125430768,0.09800366926966354,-11.339260262646818,8.38502274484735e-30,5.454418723231735e-29,TRUE
Solyc09g005760,2248.991675853352,-1.1160536687752718,0.09847956999292311,-11.332844658597445,9.022596879954679e-30,5.867081657028895e-29,TRUE
Solyc03g097950,612.1446391173953,-1.1636730662673147,0.10270338380025615,-11.330425767962014,9.275276715246891e-30,6.029257844992348e-29,TRUE
Solyc02g091280,4151.008246861958,-1.020472304752897,0.09008513366078595,-11.327865800759847,9.550344774723542e-30,6.20586737340908e-29,TRUE
Solyc09g010640,2108.668805874432,0.8336032045986607,0.0735965375156262,11.326663355890458,9.682326645206934e-30,6.289406739181593e-29,FALSE
Solyc08g081490,198.93216077742628,1.9196326034346745,0.16950884902089175,11.324674874042016,9.904567874812239e-30,6.431496688190511e-29,TRUE
Solyc01g086730,97.5351545180171,3.3761167684457756,0.29815822290981636,11.323238834392122,1.0068206752255354e-29,6.535446494587224e-29,TRUE
Solyc02g091020,248.4753630829642,1.7996311063196435,0.1589405208Û~¶ó~ÛÊ×¬¢h­µçCƒSS“sRÃã3#cS“S3c#SƒƒbÄdÅ4P¥6öÇ–3Fs“##ÃRãC“S##333ƒ“c“2Ãã““ccƒƒs#““ƒS’Ããƒ3#C#Sƒ3“c3C“BÃãƒ“ƒs#c#“#2Ãã#sSss#“ƒ3#c3#SRÃã3#cc#S#S3rÄdÅ4P¥6öÇ–3sSSÃãCCsS3SCsCC3ÂÓãcScs#c#c“s“ÃãS“ƒs“c#33CƒCssBÂÓãƒ“C#C3ƒ“#3“2Ãã#sS“cc“3SCCCSÃã3#cƒSSs“sscCCRÄdÅ4P¥6öÇ–3&sƒƒCÃcbãC33sS#“ƒss#rÃã3#CCƒsCC“Cc#Csƒ"Ãã#“sƒSs“3c3cCƒ3“2Ããƒ“C3C#““cC#"Ãã#sS“sc3CCCS3ƒbÃã3#cƒSSs“sscCCRÄdÅ4P¥6öÇ–3fss#ÃƒbãsƒƒSCCcbÂÓãƒƒ“ssccƒ#“#“cRÃãƒs3ƒc#S#c3ÂÓãƒƒSc“““S3ƒ3“3"Ãã#sc3C3SSC#ccSCBÃã3#s#ScƒƒC#C#"ÄdÅ4P¥6öÇ–3FssC#ÃcrãS“SCC“CƒCsC‚Ãã#ƒ““3“cƒccccƒƒsBÃã#ccCCCC#3#3#Ããƒƒ“c“ƒsC3CsCrÃã#scSƒSC3ƒssC3s2Ãã3#s3ƒ“Scs#ƒ"ÄdÅ4P¥6öÇ–3s“ƒs3ÃCRãƒƒ“SƒS“c3c3ÂÓã3#SSƒ3“#cƒ3csBÃã#sƒ#ScCƒcƒCsƒ#’ÂÓãƒs33ƒcƒs3SƒÃã#scƒƒsC33#ƒƒS#ƒRÃã3#sƒsCS“crÄdÅ4P¥6öÇ–3&s“C3Ã#2ãƒ3S#3#ssBÂÓã“ƒ#SS3ƒcsSc#c3‚Ããƒ#C#3ƒ3s#“s‚ÂÓãƒcƒS#cscC#s“c’Ãã#ss“#3C3##cC2Ãã3#ƒS#sC#C3cCCrÄdÅ4P¥6öÇ–3sSsCCÃ#‚ã3#SƒCsC#cRÂÓã3ƒ33“C““#3ƒ3“RÃã3S#ƒ#c““3“sCƒbÂÓãƒcc#sCScƒƒCss“Ãã#ss#CƒScƒ#sCbÃã3#ƒCs“Cc“#32ÄdÅ4P¥6öÇ–3&scs“cÃ2ã3#cƒ“SS“CcbÃã#s“cs#sC““ƒ‚ÃãƒC3c3#ƒc#s#c"ÃãƒccSƒcC##CCcS‚Ãã#ssCC“ƒS3CSCs#ƒƒ2Ãã3#ƒC“ƒsCƒ#ccscÄdÅ4P¥6öÇ–3vs#S#3Ãc‚ãc“cC3S“3#33c"Ããs#c3“s‚ÃãSss3““ƒS33#ScRÃãƒS33C#c#Scƒ3‚Ãã#ssssCƒ“ƒƒCSƒ“BÃã3#ƒsƒ3CSCƒcS3“#2ÄdÅ4P¥6öÇ–36s3SÃ3ã“c3s“cƒSsBÃãs3ssƒs“S#2ÃãS“S“3S#Sƒ3cCRÃãƒSƒ3Scsc#C33’Ãã#ssƒC3cccS“S’Ãã3#ƒƒ#“3“C#“3s’ÄdÅ4P¥6öÇ–3vsCS##ÃcãC“3S3SƒƒsRÂÓã#3ƒs#3ƒ33sCRÃã“sƒsCƒƒCCs#S#BÂÓãƒSc#“sC“ƒs#ƒ#’Ãã#ssƒC“Cs“C“#SCsƒRÃã3#ƒƒ#“3“C#“3s’ÄdÅ4P¥6öÇ–3†sƒ“CÃsrã#s#3“sCsBÃã#ƒ3Ss“33““SsCC‚Ãã#cCƒƒSC3“S‚ÃãƒCƒCs“3“ƒccƒ#2Ãã#ss“ƒ“ƒsSc#SCBÃã3#ƒ“s33CSC33cC3SBÄdÅ4P¥6öÇ–36sCC3sÃC’ãSC#c3C““32ÂÓã#“#s3ƒƒc“SCCSS"Ãã“3SC#SC33Cs‚ÂÓãƒ3Cc#sCs“ƒc#3#"Ãã#sƒc3ssƒS#s##rÃã3#“csƒƒ33“#ƒ“’ÄdÅ4P¥6öÇ–3Fs“CÃ#SC"ãcSccƒ“s#“ÂÓã“33CSCcC“ƒSC’Ããƒcc“ƒ3ƒc3cSBÂÓãƒ33SCƒ#ƒSƒ"Ãã#sƒs“#s#C#3#“““RÃã3#“ƒƒ“cscƒ“cbÄdÅ4P¥6öÇ–3&s3#“sÃ#ƒ’ã#Cs“sSCcƒ#sBÂÓãSCS3#ƒ#SC3“‚ÃãC#sSƒ#“C3ƒS“rÂÓãƒ#S3S33“ƒ“3cBÃã#s“Cs3s#S33SrÃã33#“S3cCBÄdÅ4P¥6öÇ–3†sssC“Ã#c2ãc3ƒ##ƒc#cCRÂÓãSsC3“s3ƒcƒ"Ãã3ƒc#3SSsC#sS#CcBÂÓãƒ#SsSsCScC“rÃã#sƒ““sSc“ƒSs#ƒRÃã33#“S3cCBÄdÅ4P¥6öÇ–3sSÃ#c‚ãScƒƒ““ccCcbÂÓãcs#“3C“ƒ#C#scRÃãSCSScƒcƒ#s3“cƒbÂÓãƒ#C#sC3CsS3#‚Ãã#s“c“C#Ss3“srÃã33CScCC333C“ƒbÄdÅ4P¥6öÇ–3fssƒSÃc“’ãcssCCsCC#ÂÓãSC“csƒsƒ“s“"Ãã“3ƒ3C“ƒss3bÂÓãƒ##“#C“Css3rÃã#s“SSs3SSRÃã33##Sss3#SC3ScBÄdÅ4P¥6öÇ–3scc3Ã#bã##“CSS#sC“RÂÓã“cs##c#ƒƒCƒƒ3"Ããƒ#“ƒ#scƒƒCCRÂÓãƒ““ƒS3s“#“crÃã#ƒS3“3Cƒ““C#RÃã33#ccƒ33#sCƒ“‚ÄdÅ4P¥6öÇ–3sƒ3CÃS#bãƒ“SSs“cSƒ"Ãã#c3“ƒ3SC3“c3c"ÃãcsC##S“C“#2Ããs““#ƒƒ““3"Ãã#ƒƒSsC#ƒSƒ3cRÃã33C##“cs#ƒC"ÄdÅ4P¥6öÇ–3†s3ƒƒÃcS2ãcC“sc3cS3‚ÂÓãscSS#s“s“s33RÃã““cƒƒ#ƒScCC““CBÂÓãs“C““ƒcƒCS‚Ãã#ƒCSCC““CCƒ2Ãã33c3S#cc#33SrÄdÅ4P¥6öÇ–3vsSsCÃ“"ã“ƒsƒ“sƒSss“bÂÓã##CƒSC#s“cc3cBÃã#ƒCƒ3sCC#SƒrÂÓãsƒƒCcs3SƒS’Ãã#ƒcSƒ3S3CC32Ãã33“ƒSC3s3“BÄdÅ4P¥6öÇ–3–scC“3ÃƒcrãƒCSs#s“cƒC‚Ãã“#CcCSS3ƒ“3ƒ"ÃãƒSs#“ƒ3CS#3“rÃãsƒScccs“csƒÃã#ƒsƒ3c#33“Sc““RÃã33#CS3sCcCcs#3RÄdÅ4P¥6öÇ–3sƒS33ÃƒãCƒƒC33sCS#CBÃã#C33#3cCC3cSCBÃã##ScsSs“ssc3rÃãsƒCsƒ#SCS#CS‚Ãã#ƒƒ#3ƒ“ƒ3CS"Ãã33#csCƒ#S3c3’ÄdÅ4P¥6öÇ–3Fsƒ3cÃ33rã#33sƒcsCsBÂÓãCcsC#sƒ#CSBÃã3SC“#3C#CcCc‚ÂÓãsƒ“sƒS“cC#3S‚Ãã#ƒ“““SƒC#cƒBÃã33##Ccsƒ“C#c#“C‚ÄdÅ4P¥6öÇ–3†sc#ssÃ#ƒrã#S#ƒ“SCƒc"Ãã3sss3“Sƒ#3#C“bÃã#sƒ3“#CscSs3#"ÃãsƒSs3Sc““S3"Ãã#ƒ#“3sSC“#BÃã33##sCcƒss#3#ÄdÅ4P¥6öÇ–3FscƒRÃ#BãC#c#s33ƒcs“32ÂÓãCS“ccsCSsc“s“s‚ÃãC#csC“cS3sSCbÂÓãss##3cƒƒSCssRÃã#ƒ3ƒ3CS“S3c“bÃã33#ccSC3scc’ÄdÅ4P¥6öÇ–3&s“3Ãcã“#s#cCc3S2Ãã“cs“33ƒsƒS3cs"Ããƒ#s3ƒsSSSscs"Ããsc“3c#3S3scsbÃã#ƒS“c##3ScsbÃã33#ƒƒ33S“ƒcsrÄdÅ4P¥6öÇ–3fsƒ“Ã#sBãcƒs3ScCSSbÂÓã3“#“#“3s“sC3SCÃã#“Cs“SS#ƒ“ƒƒ‚ÂÓãsSs“ƒ“33#BÃã#ƒ##s3C#ss#c’Ãã3333s“ccC#““#rÄdÅ4P¥6öÇ–3scsSÃccBãsS#Csc“3ƒ“RÃãƒcƒ#“#ƒSS“SRÃãsSƒsƒ“3Sscs2ÃãsSc3s3sc“3“CRÃã#ƒ#ƒ“C““3#ƒ“RÃã333C3“SS#sƒSƒrÄdÅ4P¥6öÇ–3&sƒ“SÃ#ã#ƒCSƒ“#3““‚ÂÓã“ƒSScƒƒ33“ÃãƒCcSc#ƒƒSSCƒ#RÂÓãsS#ssƒScsc3SBÃã#ƒ##S3Cs#s“##2Ãã333cƒƒs#sSSRÄdÅ4P¥6öÇ–3VsCSCÃs’ãscScCs#S##bÃã#3cƒƒ#“scC3#3SBÃã##3cCSs#3ƒsrÃãsSƒC#CssC“cbÃã#ƒ##“##CcCcsCssRÃã333c3c#Sƒc3Ssc2ÄdÅ4P¥6öÇ–36s“ƒSƒÃRã3ƒƒssss“sƒBÃãSs3Ccƒ3#3#ƒ“CrÃãS33ƒsCs3#3#s#BÃãsCc#c““sSc‚Ãã#ƒ#sC“scsCSCƒbÃã33CSSSs3“C#ÄdÅ4P¥6öÇ–3&sƒƒ“S2ÃRã#ƒcƒ#“CCƒ2Ãã33ScscsC332Ãã#ƒ#“3ƒSS“s3“2Ããs#ƒ“ƒƒC#sSƒs2Ãã#ƒ33#scSSC3c“2Ãã33Cƒs“ƒ“S“ƒC2ÄdÅ4P¥6öÇ–36s“cÃ#““ãƒsSccSs#ss2ÂÓãƒ3Sc“33#ƒCc#“c#Ããss“ƒs“3ƒS“S“CÂÓãs#cSS“c““s#sCsbÃã#ƒ3C#SS#3“3srÃã33C“3sSCc“‚ÄdÅ4P¥6öÇ–3†ssccÃs’ãƒC#S3c3CS"ÂÓã“c#s#3##Cƒ#RÃãƒCCƒc3cCC3ccS3BÂÓãs#C“cSScC““RÃã#ƒ3C“sc“sS““RÃã33C“sCcCcSsƒRÄdÅ4P¥6öÇ–3sSƒS3Ã‚ã“33SS3C3sRÃãSSSƒSsS3SS3“#ƒC"ÃãSƒCsSs3#“S“c’Ããs#““C#Ssc#“‚Ãã#ƒ3csS3scs“#“crÃã33SCcsC#cc3ƒs"ÄdÅ4P¥6öÇ–3†sCC#Ãc"ã3“33#Cc33ƒCCRÂÓãCS#Sƒ3CƒSsSS‚Ãã“sC“3ƒ3#C#3#“##RÂÓãs##sCCS##“s’Ãã#ƒ3cc#s“3cSc3C2Ãã33SCcsC#cc3ƒs"ÄdÅ4P¥6öÇ–3Vs#3#ÃRãScƒs33“ƒssSCrÃãS#SCSc“3c33sC2ÃãCƒ““CCs3ƒCScSs“2ÃãsƒCcsƒ#ƒScrÃã#ƒ3sƒƒƒSccc3cScbÃã33S#SC“cCS#33s"ÄdÅ4P¥6öÇ–3vsS#Ã“CBãS##S““ƒ#SRÂÓãƒC3CS#ƒCCSSBÃãsS““s3#sSc#3ÂÓãsSCCS##ƒ““““2Ãã#ƒ3“#Ccc#s3ƒcCƒBÃã33S3“3ssc“s“cSbÄdÅ4P¥6öÇ–3fs““ƒ2Ã3bã#“s3s33ƒ#bÂÓã3ƒ#ƒC3c#Cs’Ãã3SCƒ“cƒSc“#3s3#“bÂÓãs3“ƒ#“cS“Sc2Ãã#ƒC#ScCccsC“bÃã33SC“ƒ“ƒ3cƒÄdÅ4P¥6öÇ–3Vs#cÃsƒ2ã##CƒsC“3S3rÂÓãcc““ƒS#sƒs#‚Ãã“3“s“ƒ““SƒCbÂÓãs#S“3Ccƒ2Ãã#ƒC“ƒSSsC“#CrÃã33SSƒS#cƒ"ÄdÅ4P¥6öÇ–3†s###RÃ’ã3sSƒ“c3CCCRÂÓãCs“cc3ccS#C#2ÃãCCsCS3#ƒCsSCCsRÂÓãsscSsƒ#S#3c3"Ãã#ƒC#sCsSS““SCƒ“Ãã33SsC“cc#s“rÄdÅ4P¥6öÇ–3scƒ3Ãsrã33cSCsC3ƒ“’Ãã#3““3scsc3ƒÃã##CSƒ3CSsS3"Ããs3cC#c“#3c#Ãã#ƒCCSS3s“3“3Cƒ2Ãã33S“33cS#C“3ƒ“bÄdÅ4P¥6öÇ–3&sƒƒSSÃ#3sRãƒƒC“CSSsbÃãƒC“#C““c#ƒs’Ããsc3““C“Cc#’Ããs33c3ccƒ32Ãã#ƒCCƒ#cs#ƒƒƒ#3#‚Ãã33S“CC33sCcSbÄdÅ4P¥6öÇ–3fsS3S3ÃcBã3ƒsssƒss3#’Ãã#ccƒ“3SCs#‚Ããs“SSc“##cssBÃãc“c3cS3ssCccƒrÃã#ƒCsƒSS“c3ƒc#CBÃã33c#ƒCc“S“s3srÄdÅ4P¥6öÇ–36s“s“sÃSãSs#Sc3ƒ#c#SBÂÓãC3#33Csc“ƒbÃã33“C“S3c“3“‚ÂÓãcƒ“CCC“#ƒ33rÃã#ƒSCss““SscCsBÃã33ssc#csc“C“ƒƒƒ2ÄdÅ4P¥6öÇ–3vscs“Ã###Bã33#sC““33“#RÂÓãssS33SsƒsccCSCRÃãs#c##sSƒ3ƒ##cSBÂÓãcsc#“S#Cƒ“c“bÃã#ƒScƒscc“cc“"Ãã33s3##ccS33#Cc’ÄdÅ4P¥6öÇ–3–ssSÃ#sRã3sSsc“Cƒ#S#crÂÓãCC“““SS#“s“"Ãã3Sƒ3Cƒs#ƒC“2ÂÓãccƒs#c3c3#ƒ"Ãã#ƒcSC3ƒs#ssC“RÃã33ss3SSs#ScCC#ÄdÅ4P¥6öÇ–36ssƒÃs2ãsƒsƒ3s3“S“““c"ÂÓã#S““ƒCcƒ#“3333BÃã#C3s#ƒSs“ƒƒcSsCrÂÓãccc“sScS“333#BÃã#ƒcƒC#cc#“Ss3ƒbÃã33ss33“sS“#csÄdÅ4P¥6öÇ–3vsC“SSÃ#sãs3cc#“C#rÂÓãc3cSSsƒsC3rÃãS#ƒcCcCS“c#ƒ#bÂÓãccsSCƒ““#sƒCs’Ãã#ƒcCƒCs#“S“ƒBÃã33ss33“sS“#csÄdÅ4P¥6öÇ–3vsc3ƒSÃãSs#S3s“#ƒ3’ÂÓãcCƒsCsƒ“SC#sBÃãcƒ#“##C3ƒƒ#bÂÓãccSƒc3cC#3ƒÃã#ƒccs“cCscsS32Ãã33sssCSccS3CƒbÄdÅ4P¥6öÇ–3fsS3ƒSÃC"ãƒs3Ssƒs3#ÂÓã33c#3ƒƒ“3c#SCbÃã3S3C#S3s3C“ƒC“BÂÓãccƒc#ƒƒS3“ƒ‚Ãã#ƒc33“C3“33#CCRÃã33s“c3#cƒ“c“ƒ3CrÄdÅ4P¥6öÇ–3†scƒCrÃ3RãCcsƒC“ƒCc3BÃã3CSsCƒ#3c“#‚Ãã3#Ccs#3c“Cs3#c“RÃãcCƒ“3s3cS3CbÃã#ƒc“c###CCƒ3cÃã33ƒcscScCC#CrÄdÅ4P¥6öÇ–3sc““Ã#c“SRãƒ“ƒS3“S3“#‚ÂÓãcs“CƒcCc#CƒCCBÃãc3ƒCcSCSsc“S3ÂÓãcC#C“3ƒ3cƒ#Cƒc"Ãã#ƒs#SsC3C“srÃã33ƒ“SC3#sSS#BÄdÅ4P¥6öÇ–3sƒsCÃ#“’ãsC#3S“3s3ƒCÃãC#“#“c“#Cc3cS2Ãã3C33CssS““““RÃãc3sƒ#3“3ccbÃã#ƒsC#s#“3S“bÃã33“ƒ“S#ƒsƒsbÄdÅ4P¥6öÇ–3s“CccÃ#cã#“CcSsC“#c3rÂÓãcs3“S#ƒ3SbÃãCscƒ“SssS‚ÂÓãc33ƒccSS3#ƒ"Ãã#ƒsccccCS3sc3“BÃã33“3ScSƒƒƒC#C3bÄdÅ4P¥6öÇ–3&s“#SÃc‚ã3cS#S““S#BÂÓã#scCƒs“Cƒ“#SbÃã#c“ƒSC#s“2ÂÓãc33sC33sSCcc“BÃã#ƒsc###Ss3ƒƒs“bÃã33“3ScSƒƒƒC#C3bÄdÅ4P¥6öÇ–3fsƒ3C#Ã#ãSccC#ccrÂÓãƒƒ3C3CCS2Ããsc3Ssƒƒ3ƒ3c“‚ÂÓãc3Cƒ“Cƒc#“CbÃã#ƒss3CC“SƒsbÃã33“Csƒ“c“ccCc##bÄdÅ4P¥6öÇ–3&sƒsSÃ#‚ãƒcSccssƒƒscCrÃãCƒƒsƒ3c##c“RÃã3“C3s3CCƒ#ScBÃãc#ss#cƒs3SS“BÃã#ƒsƒƒSCƒCCCSƒc3BÃã33“c3Cƒƒ“33sc32ÄdÅ4P¥6öÇ–3ssCsÃ#ã“CcC#C“Sc"ÂÓãCCSS“ƒscCcSrÃãC“S#“ƒ#“sC32ÂÓãc“CCsƒ#cC“sƒ"Ãã#ƒƒ#csS3#CC#“Ãã3CSc3cccƒs#“#rÄdÅ4P¥6öÇ–3&s“#cÃCS’ãc“#cƒ3“sSBÃã#Sƒ#ƒs3s#“bÃãcƒcC#3s“c3bÃãc#3s3S“3#c2Ãã#ƒƒSƒ#sƒs“SCbÃã3CC3SSSC3CsRÄdÅ4P¥6öÇ–3Vsƒ“Ã3‚ã#SC“cs#C“sBÂÓã3s3ƒ3S“ssSS“ƒBÃã3C“SSsss““Cs3ƒ3bÂÓãS“Sssc“c3##bÃã#ƒ“33cƒƒ#ƒssrÃã3C#ƒƒ“ƒ“#C3c#rÄdÅ4P¥6öÇ–3sccs3Ã32ãƒSc3sS#CSscSssbÂÓã3sCsC3s3““SC3CbÃã3S3ƒSS“SsƒS“ÂÓãS““C“ƒ#“#ƒrÃã#ƒ“S“ƒ“s““sCRÃã3CCCSCSC““cCbÄdÅ4P¥6öÇ–3†ss33ÃSBãcS#sCc“CcsSs#2ÂÓã#sƒs#cC“c““CS#srÃã#c3SƒSsƒƒc“cCsRÂÓãS“Ss“3“sƒrÃã#ƒ“S#sƒcƒ33““sS#BÃã3CCCSCSC““cCbÄdÅ4P¥6öÇ–3sƒsCÃrãS#c3ss#“s“RÃãsc##ƒ3ssC#ƒSCBÃãs“cƒ““sCccƒ##bÃãS“ƒ3ssCsCsCs‚Ãã#ƒ“Sc“Cƒ33“BÃã3CCCSCSC““cCbÄdÅ4P¥6öÇ–3FsssCƒÃ#’ãssCCƒ“cƒRÂÓãƒs“C3sƒƒSC3#rÃãscc#CSc3Cs"ÂÓãS“#CSs3s‚Ãã#ƒ“SƒƒcƒƒC33ƒ2Ãã3CC“#ƒCC3’ÄdÅ4P¥6öÇ–36s#ÃCs#‚ãC“3SsS#3‚ÂÓã“CsC3sƒSƒCsSs3rÃãƒ“CƒcS#ƒsÂÓãSƒƒƒcsS#““s3BÃã#ƒ“cƒ#3cƒ““3#“cBÃã3CSs““##33SsrÄdÅ4P¥6öÇ–3&sssccÃ3c“’ãCCs3ƒCC#Ss‚ÃãƒsSC“333CCBÃãƒ#s#Sc#3ƒc3‚ÃãSƒCƒ3CSƒ“sbÃã#ƒ““ƒsƒ3S#s33RÃã3C“ƒscC#ƒ#CCbÄdÅ4P¥6öÇ–3s“33Ã#2ã3#cc3“3#c3RÂÓãƒCƒƒSƒSs3#Ããƒs#ssSƒcƒccs2ÂÓãSsƒS3ƒSscƒƒBÃã#“#33C#CS“sSRÃã3C#SS“ƒ#“#crÄdÅ4P¥6öÇ–3sScÃ#‚ãCS#CSƒssScC2ÃãC#ƒ“s“S“ƒcƒ’ÃãCSS3sC33#ƒs32ÃãSsc3SS#CCƒcbÃã#“##cC#c“ccC‚Ãã3C#C““cSSccC#3’ÄdÅ4P¥6öÇ–3FssCSÃsBãSCc3##C3“SC"Ãã#“SS#“#C3Ss“#BÃã#s“#CCC“3scs“BÃãSsC3SC“ƒs“SCBÃã#“3#ƒssS3sƒc"Ãã3C###ƒ33#ƒc3c#2ÄdÅ4P¥6öÇ–3VsC##ÃsC’ãƒƒScCScƒSsSSrÃã“cs3ScC“ƒCsBÃã33sc#“sCSÃãSsCƒcCsc#ƒS32Ãã#“3#S3CcƒC##CCrÃã3C###ƒ33#ƒc3c#2ÄdÅ4P¥6öÇ–3fscS3#Ãƒƒã“ƒ#S3#Sƒ#2Ãã3s“ƒ“c#“CBÃã#3c“S“C3C#ƒCBÃãSs3S##“Csc“S3bÃã#“3Sƒ3C“ƒ#ssƒBÃã3C##3cC3#3“s3“srÄdÅ4P¥6öÇ–3scS““Ã’ãsC3ƒ“cSc“3CS#BÃãccCC#C“##“s#“rÃãc#ƒS#s###ƒ“sS"ÃãSsCƒ3ssƒCBÃã#“CCC3S“CC“#bÃã3C#3#C33#S#““’ÄdÅ4P¥6öÇ–3VsSCÃcbãCcSS3cC“cƒrÂÓã#“c#ƒ333cƒƒC3rÃã##c#sƒcsS“S##SBÂÓãSsƒcƒ#S#SƒrÃã#“Cs“c3Cc#s3SrÃã3C#33S3cƒc3ƒcbÄdÅ4P¥6öÇ–36sCSÃ‚ãCcs3Ss“S“crÃãCscccSssC3sCRÃãCS“ƒCCc3ƒc‚ÃãSc“CSsCCS#3ƒs2Ãã#“S3c3C“S“CSS3’Ãã3C#3ƒ“#3sC#S#c3BÄdÅ4P¥6öÇ–3sc“Ãc’ã3##C#c##c“S"Ãã#“SsCcCƒSS““sRÃã#s“ƒs3ƒC“CƒBÃãScs###c“ccC2Ãã#“cCs“ccƒ“#s2Ãã3C#C“3ƒ“3“#“3sRÄdÅ4P¥6öÇ–3†sƒ#33Ã‚ãS“Cƒcsƒ32Ããs#s““#ƒƒS“SƒC3RÃãcƒƒ“S3ccCƒƒS“rÃãSccc“ScssC“s3C’Ãã#“cc#CƒC“Ccc“BÃã3C#C“3ƒ“3“#“3sRÄdÅ4P¥6öÇ–3–sƒƒSÃ#’ã#SSs#Sƒs““CsBÃã3ƒƒCSƒcCC#S#2Ãã3cscƒ3csc3cs““’ÃãScS##Cƒc#“s32Ãã#“s3ƒƒ3CCCcCBÃã3C#Sc“sƒ3Sc3ÄdÅ4P¥6öÇ–3†sc“CÃRãC3C3S3cCs“CrÃãS3sƒƒ3SsƒrÃãCƒc33s3“#Cc#CƒBÃãSc#s“#csSSs"Ãã#“ƒCcCS33“CƒBÃã3C#cS““sCScC“cƒsrÄdÅ4P¥6öÇ–3Fssƒ#ÃsrãScc#CC#ScƒƒÂÓãs#s#C3cCSC3ssBÃãc3scC“Sc“#CƒBÂÓãSSS#sƒS#c“BÃã#““#Cs3“"Ãã3C33Ssccs3ÄdÅ4P¥6öÇ–3vsS#S“Ãƒãc#ssS3#c#CsÂÓã##ƒ“C“Cccƒƒƒ“ƒc2Ãã#c““#“ƒ“CsƒBÂÓãSSC““c3#3ƒc#2Ãã#““cƒssc“3ƒ“2Ãã3C33Ssccs3ÄdÅ4P¥6öÇ–3ss#Ãc#RãccsCcƒsc3c’ÂÓãScƒ“cCssCcSs"ÃãƒcC33333cÂÓãSC“ƒscCs“cƒc"Ãã#“C3C3“C“c“ƒ2Ãã3C3#“3S333ƒ#rÄdÅ4P¥6öÇ–3–sScsÃãs“ssS3cs#Cc3‚Ããc“cƒCCC3“SSsƒRÃãcSC“#sC3ccccƒBÃãSCc3ccSs#3s#32Ãã#“S“S3ƒscƒCBÃã3C3CScS“ƒ#ƒ3RÄdÅ4P¥6öÇ–3–sS“#ƒÃrãƒsƒ3s“s“rÂÓã“ƒC#CSƒCssccƒs’Ãã“33S##ƒc“3sSsrÂÓãSC#“ƒs#ƒc#"Ãã#“sC“sccSƒCCcRÃã3C3c#“c“cSRÄdÅ4P¥6öÇ–36s“ƒcÃ“rãsS#CƒC#C““C3bÂÓã#Ssƒƒ3c“ScS’Ãã#3s#S“cC3s“SSCRÂÓãSC3#cSƒSƒrÃã#“ƒc“ƒssc#3S3RÃã3C3s3“Cs3C#ƒÄdÅ4P¥6öÇ–3s#C3#Ã“"ãSSsSƒSƒs2Ããƒ3s“ƒ3ƒ#c#Sc#rÃãs“Ss“sƒsCS#s#“"ÃãS3ƒ#3c#ss“2Ãã#“#33c3s“#cƒ“ƒRÃã3CC#cssCSsƒc32ÄdÅ4P¥6öÇ–3Vss#ƒÃS"ãcƒc“3cC3sSbÃãƒ#ƒCccSs#s3#RÃãs3cƒS“C#SC##crÃãS#ssƒcC#3““#RÃã#“#CC#CSSƒƒ3#ƒrÃã3CC3scCc3ƒcƒCrÄdÅ4P¥6öÇ–3sCƒcÃsBã33csC3“cCSCcrÃã33333#ƒccCsÃã3SSCCCƒSc#RÃãSƒCSs3sS#S#’Ãã#“#ƒs33ƒ##“ƒSRÃã3CCƒS#3sSƒ33“cbÄdÅ4P¥6öÇ–3&s3ƒSsÃãƒc3CƒC#s#CCc"ÃãcCs“ƒs3ss3S“c"ÃãcS33“S“ƒc32ÃãS#33#Cc#s‚Ãã#“3cc#CsSc#ƒS2Ãã3CSs#ƒSCCS#BÄdÅ4P¥6öÇ–3s##rÃã“s“ƒC““Ss#3‚ÂÓã#Sƒ3#C##“#3C"Ãã#CSscs33“c#cscsC"ÂÓãS“#CƒSƒ“ƒCƒ‚Ãã#“3#ccƒCƒSsrÃã3CS#S3cSCCBÄdÅ4P¥6öÇ–3vssCSÃ2ã“cs#sC#ƒ##33bÃãSSCSsCC3ƒƒ3s3S"ÃãS#scCs“SCƒRÃãS3#ƒsssC2Ãã#“3#C3SsS33rÃã3CS##SCcS“#“s#sBÄdÅ4P¥6öÇ–3&s“CÃSã#sScC3“3S’ÂÓã33ƒc3ƒ33cSƒC“#ƒRÃã3#ƒcƒ“CcSC#bÂÓãS33ƒs#ccc3ƒs‚Ãã#“3Sc#cccC#ScbÃã3CSSs“CcS#ƒcC’ÄdÅ4P¥6öÇ–3–s#“Ã#c#ãSC“33ƒC3rÂÓã“sƒ3#“Cscc#S"ÃãƒcCc“c“##C3ƒRÂÓãC“ƒƒ“ƒCƒ#“cs‚Ãã#“3scƒsS“S3“#C3"Ãã3CSs““S#ss3cCƒrÄdÅ4P¥6öÇ–3&sƒ“#Ã““‚ã3“S3sScS3C"ÂÓã“S###ƒƒƒcRÃãƒcscS#c#ƒSCs“"ÂÓãC“3ƒScc3#sƒs‚Ãã#“CcSCCs“S‚Ãã3CcS3#ƒC#s#rÄdÅ4P¥6öÇ–36s“Ss3ÃcCrãC3C#“C#Ccƒƒ"ÂÓã3ƒ“3C“3ƒS3"Ãã3ss“c“sSc“c2ÂÓãCƒ“S3#CCCSS’Ãã#“C““c“CccC““"Ãã3Cc#c#C3S“CSc#rÄdÅ4P¥6öÇ–3vsSƒsÃ#ãCsss3SC“sS3ƒƒs2ÂÓãCSscS“sƒcCCcbÃãC3Sƒ“SƒsscCCc"ÂÓãCƒsSSssscsCrÃã#“C#“#“#“SSS“S3RÃã3Cc3C“““S3c3#bÄdÅ4P¥6öÇ–3&s“ƒƒ#Ã#bãSsc3ƒ#C#bÂÓãsS#ƒSC“3C3CƒcbÃãssƒƒsSƒ3“SSc3“"ÂÓãCƒsƒccSƒSC3#Ãã#“C3###CSƒ“SƒS’Ãã3Cc3SS#“s“C“2ÄdÅ4P¥6öÇ–3†sc“SÃ#ã““C“#cS#S2ÃãSCƒcssC#C“##RÃãCƒc“CccsS33rÃãCƒ3C#3sscC3crÃã#“CCƒƒ“SƒCS“C"Ãã3CcS#cƒ3Sƒs#CcbÄdÅ4P¥6öÇ–36ssƒ#ÃrãƒS3sscƒ““““““RÃãs“ƒS#sSSS3cS2Ããcƒcccsƒ3cc3“RÃãCƒ#s3ƒƒ3ƒƒSƒ#2Ãã#“CS#C3ƒSSƒ“3rÃã3CcSCssS3“3c3#2ÄdÅ4P¥6öÇ–3†sƒ#C#Ã3#"ãcs“CS“3rÃãCS##SS“C“cƒSbÃã3CC#ƒSCCCS’ÃãCƒ“S“C#S“3ƒ‚Ãã#“CSCƒs33ssS#s2Ãã3CcSc##“SƒcƒcRÄdÅ4P¥6öÇ–3sc3sRÃrãss#Cƒ3###3c‚Ããc“ƒ3ƒ#s#“crÃãccs3ssc#ƒ3S#rÃãCc“ƒs#3c#S33BÃã#“SSCcscscS’Ãã3Cs“S#33ƒƒ3cÄdÅ4P¥6öÇ–3VsSsÃcãSS##ƒsc“sC3bÃã#SCCCC33S“’ÃãScSSSƒCSƒcBÃãCcs####“ƒ33BÃã#“S#3#3#SƒS3s3bÃã3Cs3##CSS3sSbÄdÅ4P¥6öÇ–3&s“#“ÃsãcccsS3ss2Ããƒcƒƒƒƒ#3C##3RÃãsƒcsSssSCc##C’ÃãCS“c#c#cSsbÃã#“SSsƒ#“c#“3#CÃã3Csscƒ““3ƒsccRÄdÅ4P¥6öÇ–3fsS#“Ã3rãs“3sƒ#c3ƒ“ƒÃã#Ss##3“ƒ"Ãã“c“S#“ƒ#3#“ƒbÃãCSsCƒƒSs#cC3“RÃã#“Scsc“““S3SSbÃã3CsƒsS“ƒƒcc#SBÄdÅ4P¥6öÇ–36s#3“3Ã“Rã“3#Ss“c3“s"ÂÓã#3#ƒ“#cccS#ƒCBÃã###ssSc3c“ƒ#s‚ÂÓãCSC“S3ƒƒCCs“‚Ãã#“Sƒ33sc#ƒƒcs‚Ãã3Cs“c#ƒSƒc#cccbÄdÅ4P¥6öÇ–3Vs“SÃƒ#Bãc#ƒCC#ss3s‚ÂÓã“c#cCS3#ccS#SÃãƒscƒSƒ“sƒ#sC"ÂÓãCC“3“CC#“sc#2Ãã#“cS“SƒSc“c“"Ãã3Cƒ“cƒ#c####sBÄdÅ4P¥6öÇ–3sCCCƒÃSCrãƒ“3cƒcSƒ“cc2Ããs“3c“#ccSCƒsrÃãsS“cƒcsƒƒƒ3#“CC’ÃãCCsc##33###sRÃã#“c3#ƒs3ƒ“Ccƒ#CbÃã3Cƒ#sC3““c#ƒcÄdÅ4P¥6öÇ–36ss#Ã3SSbãƒ3sCSS“C2ÂÓã3cccsSS“32Ããƒ##scsƒ“3#cSBÂÓãCCSs“#““#csC‚Ãã#“cC#33cs3“#c‚Ãã3CƒSscS#ƒƒ“ccrÄdÅ4P¥6öÇ–36sƒ#cÃ##‚ãCS#cC#ƒC33BÃãS##“ƒ#“3“CCƒCrÃãC#“ƒCc##3C’ÃãC3Cs#SCSs#Cs“RÃã#“cs#“C“Sƒ““3ƒ“BÃã3Cƒ“#sSc“S#c‚ÄdÅ4P¥6öÇ–3s“c#CÃ#crãSCCƒ3CCSSCSbÂÓã3Sccc3CC#sS“cbÃãSƒ“ƒƒC“s#ƒcÂÓãC#ƒs#cƒ#cƒCBÃã#“ss#cC#scƒ2Ãã3C“#3CS3cCCs’ÄdÅ4P¥6öÇ–36s3cRÃãs3#3ƒSS3#S‚Ããc3S3ƒSSssSc“RÃãc“cc#s#3CbÃãC#“C3#cc##“CbÃã#“s3#S“3sƒs32Ãã3C“Ssƒc“sCCcS#ÄdÅ4P¥6öÇ–3fss“srÃsBãc##ƒ#3“cs3“srÂÓã#cC“C“c“SCS3cS2Ãã#SC#CCScCC“"ÂÓãC#3C“3ƒsCCc#2Ãã#“s3C“3ƒcc“RÃã3C“SƒƒsƒsƒCc‚ÄdÅ4P¥6öÇ–3&sƒSÃccã“Ss“c“#C““#2Ãã3c“SC“cC3csC“‚Ãã#SCSƒc#CƒbÃãCsC“CS#ƒsƒc’Ãã#“sS333c3S3C“C“BÃã3C“sSƒƒƒsƒ#ƒSSrÄdÅ4P¥6öÇ–3vsssSÃs3’ã“s3ss“3#3sbÃã“cSc““sc#S“rÃã“##Sƒ3CS#C33rÃãCssC33sƒsc"Ãã#“sSc3s3#cCƒsBÃã3C“sSƒƒƒsƒ#ƒSSrÄdÅ4P¥6öÇ–3†sƒ3Ãs#bãc#ƒCƒCcc“cbÂÓãcc#ƒ3c3“S‚Ãã#sc3S#S#S#2ÂÓãCCcCc3ƒƒ3“ƒbÃã#“ƒ#Cƒsc#sC“C"Ãã3SC3#Ssƒ““##bÄdÅ4P¥6öÇ–3s“#Ãc3ãƒƒƒCss3s#C3“ÂÓãC##C“C#“C3“CC‚Ãã3csSsCc“ss#3CsbÂÓãCSƒ3#cƒC“3#3RÃã#“ƒ#cc3C“##CrÃã3SSss3ƒCS““s2ÄdÅ4P¥6öÇ–3–s“ƒÃ"ãsS“sC“c““sC32ÂÓãs33#3cƒ“Ccƒ“3SRÃãsSSCC3#“ƒƒC‚ÂÓã3“#“3“c“3csƒ“rÃã#“ƒccƒ3ƒc“c#S#cBÃã3SCc3ƒC“S“#"ÄdÅ4P¥6öÇ–3sS#RÃ3rãSS3C#c#sc3ƒ3Ãã3CSc#ƒ“#““srÃã3#scs“#““#““#S2Ãã3“3“s#3ƒ#C#bÃã#“ƒccsSSS3“S#CbÃã3SCc3ƒC“S“#"ÄdÅ4P¥6öÇ–3Fsc““Ã3ãƒcCs#S“S#2ÂÓã3sC#ƒ“33“sSs’Ãã3c#“ƒ“ƒƒƒ#ƒƒSÂÓã3ƒƒ#ƒ“#3#S3c"Ãã#“ƒƒƒC3s#3CcƒCSrÃã3S#3c3C“s“ƒ3#SRÄdÅ4P¥6öÇ–3vscc33Ã#"ã#C3SCScCs“3ƒC‚ÃãCsƒƒƒsCS33cƒCrÃãCc3ScSƒc3cSBÃã3ƒc#s#cƒƒ##SC"Ãã#“ƒ“sƒƒcssCcBÃã3S3#C3C3#33#BÄdÅ4P¥6öÇ–36sƒsÃs‚ãƒS“s#s3c#C2Ãã##ccC#scS3s33’Ãã#ƒ“c#S#SC#c"Ãã3ƒSƒSsCƒ#SS‚Ãã#““ƒCScss3Ãã3S3#sCƒƒ3“ƒƒƒbÄdÅ4P¥6öÇ–3Fss#“3Ãcrã#3s“3CCS#ƒRÃãScsc“3c#“3“sRÃãS“cSS3“ccsBÃã3ƒC#3cC““C3’Ãã#““s3ƒ“Sc##s2Ãã3S3“ƒ“CCS#RÄdÅ4P¥6öÇ–3&s3c#SÃSsbãcc“S#CcƒSBÂÓã#“ScƒSs#S3#ƒS‚Ãã#Cƒ“s#3ƒC3##bÂÓã3ƒ“33##c3Cƒ“RÃã#““ƒcsCS“S“BÃã3SC“C#ƒ3cƒcSCrÄdÅ4P¥6öÇ–3Fss“ƒSÃƒ‚ã3s33S3“Scƒ#S#rÂÓã#SCSsƒ3“33c"Ãã#CCƒsCCC“ccs3“ÂÓã3s“ƒ3s#Ccc3’Ãã#““3#ƒ#Csƒ“#s#“bÃã3Sc#sS3C3ƒsƒSƒ"ÄdÅ4P¥6öÇ–3&s3cCSÃ#BãC“CS3css“S3bÂÓãCSSCSSScc3SbÃãC3ƒc#“ƒS3c#ƒ2ÂÓã3scS#ƒ#csS3Cs"Ãã#““C3sC33ƒ““3RÃã3SsCCs#S##3““‚ÄdÅ4P¥6öÇ–3sssÃƒSãsC“S3s#sbÃã““#“SS“3ƒC“#3rÃã“SCsC#3ƒƒcC“ccÃã3s#3ƒS#ƒS“csbÃã#““c#CscSsC3cƒbÃã3S“Cƒ“C3“ƒ3#“‚ÄdÅ4P¥6öÇ–3s“ÃC2ãs3#SSC“s#““"ÂÓã####S#c#ƒ33#CÃã“Sƒ“#sƒS#‚ÂÓã3cCSƒ“3cc“CbÃã#“““ƒƒƒs#“CS"Ãã3S#3S3#cƒs“ƒ“2ÄdÅ4P¥6öÇ–3†sscSsÃ“"ãSC““s3#‚ÃãSssCc““#ƒƒS3‚ÃãS###ƒ3s“3ƒc2Ãã3c#c“C3C3ƒC3’Ãã3s““Sc3ƒCc#‚Ãã3S#C3ƒcSScC“#““2ÄdÅ4P¥6öÇ–3sc#3Ãcƒ’ãSC###3SCS2Ãã“sS“ƒSS3SccƒbÃãS“c“c#3#3c32Ãã3Scƒ3Sc“Sc##bÃã33C“ƒCc#CbÃã3S#s33c3C3ƒ##C“rÄdÅ4P¥6öÇ–36sƒ#CÃ3ƒ"ã#“Scs“ƒ33“rÃãƒsƒƒS““3ƒssS‚Ããsƒ33S“sƒs3SS33bÃã3SS#ScsS#ƒƒ2Ãã3C#“c#cƒƒS“3SRÃã3S#sƒs##ƒ3ƒƒcbÄdÅ4P¥6öÇ–3Vs#“Ã#"ãƒ“3Sc#ƒ3sc‚ÃãCCc##scƒCRÃãC#SC“S“3C#s#2Ãã3SSScsƒ3#“cRÃã3Ccs3SsS#“cBÃã3S#sƒs##ƒ3ƒƒcbÄdÅ4P¥6öÇ–3sSSsÃsc"ãƒCƒCSƒCsƒÂÓã#CScs3ƒ“##C#ƒrÃãs3#“c#SC3C#C2ÂÓã3SCssSs“c3“"Ãã3Csc“sCSS#S‚Ãã3S#ƒCsƒsSc“RÄdÅ4P¥6öÇ–3ssƒ#3ÃBãC“ssC#“Cs#crÃãc3C“##““S3S3ƒBÃãc3#c#“S3“CC3RÃã3S3“3C3c“SSsRÃã3S“s““3CS“2Ãã3S#ƒC#S#ƒ33sBÄdÅ4P¥6öÇ–3&s#sssÃc"ã“ccsSS3ƒc“sbÂÓã#s“ccƒc3ƒS“s#RÃã#s#C3ƒ“c3C3“rÂÓã3CƒsC“Cƒ#sS3rÃã3s#s3SSCSCƒ‚Ãã3S3c3c#S“ƒc#bÄdÅ4P¥6öÇ–3VsCƒƒSÃ3’ã3ccƒsCccƒs’Ãã#C#3Cƒ33“SÃã#ssƒs#c“Ss#‚Ãã3CSƒCƒsS#c3ƒ#cRÃã3ƒc#ƒ#3“Sƒ3RÃã3S3#SS3SS#rÄdÅ4P¥6öÇ–3FsSCÃS"ãCƒCsƒ3ƒ“SRÂÓã#s“ƒSCCc#ƒ3CC’Ãã#sƒ#“33s#SC#sBÂÓã333CS##SCƒSBÃã3CSc“S3##CsCc"Ãã3S3ƒsSC#ƒSc3SC3RÄdÅ4P¥6öÇ–3&ssƒÃ##ã3S3##ƒ#SCcBÃãsc“s“c“ƒƒsbÃãcƒs““#s3s“’Ãã33#3Cƒs#ƒc’Ãã3SCc3#ƒ#S3RÃã3S3“Ss3Cs3cS2ÄdÅ4P¥6öÇ–3sscÃsbã3#Ssƒ“ƒƒc’ÂÓãcCcƒsCC“3RÃã“ƒ3s3cSƒ3SS3ƒs"ÂÓã3#“33ƒss#S“‚Ãã3cCCC333CsCSBÃã3SCC““S#3Csƒ‚ÄdÅ4P¥6öÇ–36s“c“#ÃCCC‚ã3ƒƒSƒcƒ#cRÃãsSc3“CS3ss33RÃãs3#csSƒƒ3S#ss‚Ãã3#3s#c3#cƒ#C“ƒrÃã3ƒ“sSƒs3SCs#bÃã3SC3#CCs3S““ÄdÅ4P¥6öÇ–3vsCsc#Ã3BãcCƒcsƒƒ“s“32ÃãssSƒƒƒSCƒ“ƒ3ƒ‚Ããs#sCCsƒ#ƒCRÃã3#sccSƒSSƒc"Ãã3#3“CSC33S“ƒRÃã3SCCcsss3SSsC#ÄdÅ4P¥6öÇ–3fsƒ3ƒÃƒ“RãCC“ƒƒ“CsCcbÃãƒ###“CCSƒcsRÃãs“sSC“SCsrÃã3CƒƒS“#3Cƒs3‚Ãã3#3sSSCƒƒ“’Ãã3SCscS#ƒs3C3RÄdÅ4P¥6öÇ–3&sƒc“Ã#Sbã##““CsƒƒSs3rÂÓã3sS#c“CcSS#C‚Ãã33cSƒ“sS3rÂÓã3sC“c#3CCssSBÃã3#cSƒ#CsSCcƒSc“BÃã3SSC“CƒssCs3bÄdÅ4P¥6öÇ–3&s3c3#Ãã“s#ƒ“3c#c‚Ããƒ#3c#CCscCSrÃãs““3cC3S#sÃã3C#sC##3cBÃã3#ƒc#“C#3ƒƒBÃã3SS33Sƒ“SS"ÄdÅ4P¥6öÇ–3vsƒ#Ãsƒ‚ãƒccSƒ“sS3"Ãã3#33Sc“CCcCcc#Ãã#ƒC3S#“SS##s"Ãã33sC3“ƒ#ƒ3C#RÃã3#ƒ3C#ƒcc3cCc#RÃã3SS33Sƒ“SS"ÄdÅ4P¥6öÇ–3sƒs“Ã#csBãSƒc###3ccBÂÓã#cSCCC“Sssc3“2Ãã##3ƒ##SScCSs“ƒc’ÂÓã3S“3“Cc3CRÃã33s##C3Ss32Ãã3SSC“SscSƒs“ƒsBÄdÅ4P¥6öÇ–3sSccÃ2ãs#333CSsCcSSBÂÓãS3S““ƒƒ#“s“"ÃãS““3S#3ƒ#ƒBÂÓã#“##“S#ƒ#C"Ãã333s#S3ƒSC3#s’Ãã3SSƒ“cƒ“sSsSc#bÄdÅ4P¥6öÇ–3VsC33SÃ“Cã#S“ƒ3#C3ƒSRÃãƒƒcsccssC3ƒrÃãƒSSc“C#“ƒs33#3bÃã#““SCC“#“#SbÃã333ƒsƒCCc3“S"Ãã3SSƒ“cƒ“sSsSc#bÄdÅ4P¥6öÇ–3–scÃ#c“Rã“cSsƒƒ#sC3bÂÓã“CCScƒƒccCƒ‚Ãã“ƒC#3C33#S#C’ÂÓã#ƒƒ“3“#3sC#BÃã33S#“S#S3c‚Ãã3Sc3SsCƒ3#s“’ÄdÅ4P¥6öÇ–3sC3sÃ2ã“CCC#“3#3#“#2ÃãSSssSƒ#C#“sÃãSCsCsS#ƒcSÃã#ƒ3s3ƒscs“cbÃã33ƒS3sss“#sbÃã3Sc33cƒCc“32ÄdÅ4P¥6öÇ–36sƒCÃS‚ã#ƒ##3“cS““c#RÃã#“cCƒs3s“S#SSCBÃã#ƒƒ#“3“3CcC#bÃã#sƒs##sC““ssƒBÃã3C““#sƒcsCSBÃã3ScSS3S“ƒ3CSƒBÄdÅ4P¥6öÇ–3†scƒ3Ã#3RãcccSSƒ“SccCrÂÓã3“c3ƒƒ3Cs#CCS“s2Ãã3Sƒs#ƒƒcc33c“"ÂÓã#sscsCsSSrÃã3Cƒ3“#C#S3rÃã3Sccc#3#s##cƒc“BÄdÅ4P¥6öÇ–3&s3ƒS“Ã“rã3ƒ“ƒs#ƒS“CRÂÓãcScC3Cƒs“Ccc‚Ããc33C#3ƒCSƒSSBÂÓã#csCS3s3"Ãã3CSScSc#sS“BÃã3SsCƒss#ƒ###“c2ÄdÅ4P¥6öÇ–3s“3ƒÃS"ãsSƒSƒsSsS3S#CRÂÓã3ƒC““ƒcC#“C“sRÃã3sSs“Sss#3BÂÓã#cc3ƒƒcSƒCcrÃã3Cc#3#scS#S“BÃã3Sss“Sƒ#SCS3s"ÄdÅ4P¥6öÇ–3fsS33sRÃã3C#cƒScS3S‚ÂÓãcscƒ“sccc‚ÃãS“S33cƒ3““c“RÂÓã#cCCC3scƒ“#’Ãã3Ccƒ#s#CSSCƒcbÃã3Ss#SC3ƒSƒsc#s"ÄdÅ4P¥6öÇ–3VsS3#Ã3‚ãƒƒC“3SƒCs’Ããs333ccCs3#CbÃãcƒccSƒƒsSscc‚Ãã#c#3ƒSC“ƒ3#“2Ãã3Css“SCSSSs3Ãã3Ss3C3c“3S#‚ÄdÅ4P¥6öÇ–3†s##cÃãCcss“c3#ƒ3ÂÓã3SSSƒƒSs#c3RÃã#“3ƒc##S#ƒs#“Ss2ÂÓã#cccC3cScÃã3Cƒ33ƒ“S#s2Ãã3Ss3SƒCCC“3SBÄdÅ4P¥6öÇ–3s“ƒÃ#“ãcsCSsƒS3SRÃãC3ssCc#““#“BÃãCƒsCSCsc3“S#rÃã#SSƒ3“cs3ccC#CrÃã3Sƒss#sƒC“BÃã3SscSsS#ƒ#3C“RÄdÅ4P¥6öÇ–3fssc#SÃSs2ã“S“““C“cCs’ÂÓã“ƒ##ssCc#“3cƒ‚Ãã“SsƒscƒcC#33C““’ÂÓã#SCcscS“Cs3S#s"Ãã3SC#SssSs3ƒS#rÃã3Ssc““ƒ#ƒC3bÄdÅ4P¥6öÇ–3vsS3SƒÃ#ƒ2ãs#ScSƒscCƒƒs#rÃã3C“#CS“CCCSRÃã3ƒs#SS“c#ƒRÃã#S#“c3sƒccÃã3S##Sc#C#“s##BÃã3Ssss3S#ccC3“rÄdÅ4P¥6öÇ–3&ssS“Ã#ãscƒƒcc3ƒ#cSBÂÓãCcC3ƒC“Ccsscs‚ÃãCS#cc“3SCƒ#3“c’ÂÓã#ScC3ƒSSSc3’Ãã3S33C““sƒ“#crÃã3SsƒSSƒS3CSƒbÄdÅ4P¥6öÇ–3sƒ##Ã‚ãsccscƒc3S2ÃãCsCcCs3ssƒS’ÃãCc#SS#s““c““scbÃã#S“c“ƒ3“3S3‚Ãã3S3ss““33“CÃã3SsƒSSƒS3CSƒbÄdÅ4P¥6öÇ–3scSÃ#CS2ãC“ccS“3rÂÓã““#“3cƒ“sCsc‚Ãã“csƒC“CSs’ÂÓã#SC3c“3S#2Ãã3S3cSSCc3cƒƒbÃã3Ssƒc3“c#ƒ#S#“cÄdÅ4P¥6öÇ–3–s“SsÃSãƒs3s3sƒrÃãSsC“ƒcSS“cC“#sBÃãS3C“##“ScƒSƒ#BÃã#3ƒ#“3C3ƒ“sBÃã3S“cCCƒƒs33#BÃã3SƒC“C#“sS“S2ÄdÅ4P¥6öÇ–36sƒ#ƒ#ÃCSBãS333#3ƒƒBÃãsƒsC““cSc#s“‚ÃãS3ƒSƒ#c33#cc“S’Ãã#3c“S“#ƒC33cRÃã3cC“ƒsc#CC’Ãã3SƒSƒCC“#CC#“c#BÄdÅ4P¥6öÇ–36s3“ÃƒRãƒCC3ƒ““3SsBÃãcC3cCscC“CcC#RÃãcc“sSss##s3‚Ãã#33c#S3ƒ“s“rÃã3cSƒCC“sC’Ãã3Sƒs“ƒ#SS###2ÄdÅ4P¥6öÇ–3†scsƒÃcRãS“S#““S3C““BÂÓã#ƒ3sC#ƒ#3SƒC#RÃã#scSs3ƒ#ƒ3sƒS2ÂÓã#33cƒcƒƒscƒ"Ãã3cc“s#scƒ“c“’Ãã3Sƒs“ƒ#SS###2ÄdÅ4P¥6öÇ–3ssƒcÃ3cãCs3cSƒ#CBÂÓãCC“cƒS3““c“CccbÃãC3“SC“csCcC#c3‚ÂÓã#3S“33“##s“‚Ãã3c#s“s“3#cƒ3rÃã3Sƒƒ#ccc“Csƒ3"ÄdÅ4P¥6öÇ–3&scCÃ#c2ã“#Sc#333SS#cRÂÓã3ss#sƒs“#ƒƒc2Ãã33““scC“ƒcSC“CBÂÓã##Cc3#ƒCSRÃã3cSc3ƒs“cC#ScBÃã3S“3Sƒ“#c“"ÄdÅ4P¥6öÇ–3vscSsCÃ3ƒBã“s33cCccsS‚ÂÓãC#SsƒƒSs3“SƒCBÃã3“S#“#ƒƒ3#BÂÓã#ƒSSƒsscsƒ3#RÃã3cƒC“ƒSs3“BÃã3S“CCs3SCcCsSscbÄdÅ4P¥6öÇ–3FscCSÃ#c‚ãƒsƒ“csƒ3#BÃãƒc3S#SCSs#C3ƒBÃãƒCSƒ3ƒ“##S#s#‚Ãã#“SC#ssC#C2Ãã3s#““#Cs33S“c3RÃã3S““SsS3SƒCC2ÄdÅ4P¥6öÇ–3&sƒƒ“Ã3#rã“#CSc33ssRÂÓãCc#cƒ3scRÃãC3sC““#CBÂÓã#3SSC3s#C#“‚Ãã3sSS““##Cƒc#sÃã3c#3CƒƒscS#’ÄdÅ4P¥6öÇ–3&scCsCÃCcrãƒ#cc3“3“##"ÂÓã“ƒ3sSCc#c“c#3bÃã“scs3Sccƒƒ3#"ÂÓã#“3ƒ3SCs#c‚Ãã3sc3cSCc“ƒƒ3CbÃã3c3ƒsCS“cS"ÄdÅ4P¥6öÇ–3sƒCCÃ#cc2ãsCƒ#ƒƒSS#bÂÓã““ƒƒC#3C#cBÃã“sSCS#Cƒ3cSÂÓã#cS“C#ƒS“3BÃã3sc“s#Sss#ƒ#cRÃã3c3Cƒ“cc“sscsBÄdÅ4P¥6öÇ–36s“cƒ#ÃSS‚ãƒsCScC3“bÃã3ƒ“#ƒs33cSƒSs“bÃã3c#C3#33“S3srÃã“ccSC#Ss#CSRÃã3sƒƒ“cS“SC3s2Ãã3cSScƒC3s“#3sBÄdÅ4P¥6öÇ–3sƒS#Ã#ƒ2ãCCƒ#“cS“"ÃãƒcsC#C#scSCS2ÃãƒSƒCs3#ƒCC“S2Ãã“Cƒc#C#SƒC“C“Ãã3s“s#ƒƒS#ƒcRÃã3cc#SCcc“““#2ÄdÅ4P¥6öÇ–36s“Ss#Ãsc2ãƒ#ƒc#Sc3rÂÓã“CƒcƒC“ƒsrÃãƒ“3“#CssC“3CRÂÓã“#ƒcSC#c3’Ãã3ƒcsSƒcCc2Ãã3cs3#ƒSssƒCSbÄdÅ4P¥6öÇ–3–ss#SÃ3sbãsc“ƒ3ƒ3sS“3’ÂÓãss“3ƒCƒ33“c"ÃãsCCSs#ƒ3#ƒ3“CbÂÓã“ƒƒc3ƒRÃã3ƒcc#s3ƒ3RÃã3cƒ3s##scrÄdÅ4P¥6öÇ–3&s#c#ÃC“2ã3Ccƒ3#c##S#RÂÓã3#C“Sƒƒ#3SrÃã#sƒ“##3c#CcS3#BÂÓãƒ3SƒƒSsSSS3“Ãã3ƒSsCCcƒ3Cs3SCrÃã3cƒ#ƒCC3“c2ÄdÅ4P¥6öÇ–3&sƒ3ScÃ““‚ã“sS3sCs#SbÃãSSSS“C“#ƒsÃã““3SCƒccS3ƒ33#BÃãƒ#CCcc#3#s2Ãã3ƒcƒƒ“SSs#SSƒRÃã3c#“s#3#“SSsrÄdÅ4P¥6öÇ–3sƒCÃ"ãs3scSƒcc3C2ÂÓã3S#S#cƒSƒ#"Ãã#“#33CC3c#S“rÂÓãss33“ƒƒSs“RÃã3ƒƒC3“#ƒ3cCrÃã3cCc3ƒƒC3Ss“sBÄdÅ4P¥6öÇ–3fsCƒS#Ã“3rãCsƒSƒ3s“s#BÃãccƒ““3sƒ#cSƒ#s"ÃãCƒ#s#c“#C###s’Ããssc“#C#““C‚Ãã3ƒsƒssCS3ƒS#s2Ãã3cCc3ƒƒC3Ss“sBÄdÅ4P¥6öÇ–36s#c3sÃ2ãƒ#“sSCSSsCc#Ss"ÃãS3##S““ƒ3ƒbÃãSScSsCSs3C“2ÃãsCSCC#“S3CSBÃã3ƒ“3s33“C#c#rÃã3cSƒ#Sc#ƒs“#“SCrÄdÅ4P¥6öÇ–3fsscSCÃss"ã““S##SCS’ÂÓãcCSƒ3SS#ƒsƒSbÃãc#CƒC#ƒCƒsc"ÂÓãsC33S#scsC“rÃã3ƒ“Cs#ScSs’Ãã3cSƒ#Sc#ƒs“#“SCrÄdÅ4P¥6öÇ–3fsc3CÃƒ’ã#cs3S#ƒƒ“sRÂÓã“““C3#Cc““#s#‚Ãã“ƒ#3cs#“s3cScBÂÓãs3ss#3ccS“rÃã3ƒ“sCccCSsƒbÃã3cS“ƒSSƒC3ƒSSrÄdÅ4P¥6öÇ–3s““CSÃRãƒc3CƒsCsƒc"ÃãSC#“csscsCSƒ“SbÃãS33ssC#S“C##CCRÃãs##3Cƒƒs3c32Ãã3“Cs#CSƒƒSSrÃã3ccS3CƒcsSCBÄdÅ4P¥6öÇ–3sS#Ãcƒãs3cc3CcƒcSSs2ÂÓã““CƒSSc3“#cƒCs2Ãã“sƒCsCCs##sƒƒ#"ÂÓãcsC“s“3“s"Ãã3“#sc“ƒƒC’Ãã3cƒsS3ƒcsC#CcRÄdÅ4P¥6öÇ–3–scs“bÃ"ãƒ#C#““ƒ3c#rÂÓãS3“ƒsC#ƒ3“#ƒSsRÃãS3“s##cSƒ3ƒc“rÂÓãcscScƒ33crÃã3“#cC“CcCS#‚Ãã3cƒsS3ƒcsC#CcRÄdÅ4P¥6öÇ–3sCÃsBãc3Sƒƒ“ƒrÂÓãSƒ3““33C“ƒ““s2ÃãSSƒsƒS3cscsS#ÂÓãcsSS3sƒƒƒc2Ãã3“SCsc“““ƒcC#2Ãã3c#s#ƒSSƒC3bÄdÅ4P¥6öÇ–3&sƒ““ÃSCRã3sc33c#cC“3RÃãsƒ#s#c3Cs#SsRÃãc#“C“c###3s2ÃãCC##3sS3“#ƒÃã33ƒ#S#Cs“‚Ãã3c3##c3SCS33ƒ"ÄdÅ4P¥6öÇ–36s“CsrÃS"ãCcsS#ssScSC#‚ÂÓ"ãƒƒs#“#c#ƒcRÃã“s“csS#“ƒs#BÂÓãC3SƒC“ƒsCCSRÃã3CCƒ“S#3ƒscBÃã3c33ƒCƒCƒƒ#cBÄdÅ4P¥6öÇ–36s“SƒSÃ3#"ãs#ƒ3S“ƒsS"Ãã#CCƒƒ“CcS2Ãã##SssS#3CSscrÃã3s“csc“s“#’Ãã3##ssS3##bÃã3c3ƒ#SccSC33c"ÄdÅ4P¥6öÇ–3sSSc#Ãƒ"ã“cƒS“SC3RÃã#33“#3sCcsSƒ##BÃã#33ss“3cS3#“BÃã#S3S“cS“s“RÃã3S#C3ƒS“32Ãã3cC3sS“ƒs#SC3C#CRÄdÅ4P¥6öÇ–3ss3cSÃs"ã“c#ƒ3C3ƒC‚ÂÓã“#ƒƒ#c#3“Ccƒ#2Ãã“ƒcƒ3Sƒ““c3RÂÓã##33“bÃã3“c#s#scƒ3sS2Ãã3cCƒs“CƒSS3Sƒ“rÄdÅ4P¥6öÇ–3FscCcƒÃƒ‚ã#3C“ƒƒ#33Ãã“C3ƒ3C##ƒ“#s3Ãã“33S“csƒƒ3Css“‚ÃãC““scS#s“C‚Ãã3““#“333“scs3RÃã3cCƒ“S“#ƒsSccs2ÄdÅ4P¥6öÇ–3sccƒ3Ãs3sbãcc3c“C“ƒC#2Ãã#“SC#cS3ƒCs3BÃã#ƒ“ƒ“#C#3c3“3BÃãCƒS“3Ss“ƒ"Ãã3##cCc3ƒ“ScRÃã3cSƒcSƒScc#2ÄdÅ4P¥6öÇ–3sƒ#ƒÃc"ãƒCcsCss“cƒbÃãƒCƒ“ssssƒ3“3bÃãƒ3“s3SSss#3#3BÃã““SƒS#C333‚Ãã3#SS3ƒsssƒCcSCBÃã3cSCSc3c3sscs2ÄdÅ4P¥6öÇ–3fs3C“Ãs"ãC“ƒCƒ#C“srÂÓã#s#Csss3c“cCÃã33ƒCCCC3BÂÓã“3ƒsƒc3#cc2Ãã3#ƒ#SƒScS#cc3RÃã3cSs“S#ƒcS“c#"ÄdÅ4P¥6öÇ–3VsS“SÃCãs“CC3“ƒsƒƒ‚ÂÓã#“ƒC#3C“3ƒ#s3s’Ãã#“Sƒc“3“c#“#3#BÂÓãƒc3#SCƒC3BÃã33S“sc33#CsRÃã3ccS#s#CS#S#“#2ÄdÅ4P¥6öÇ–3&sS#BÃC2ãSCƒ#3s3c3ƒsc"ÂÓã3CcsCƒcƒs“C3BÃã3#“sccCcCsRÂÓãƒSSC#ScsCSCc"Ãã33ƒƒCSCS#C“3CBÃã3ccs333SƒCsS“ƒ‚ÄdÅ4P¥6öÇ–3VsC#cÃ3“Rã3ƒsS3ƒcƒ3RÃãcƒ3#3Sscƒ3cSBÃãSƒƒC#s#CC3C3“RÃãƒs“3“SsCsCs“BÃã333cƒ3CsS#3ƒcbÃã3cc3c3c#3sc3rÄdÅ4P¥6öÇ–3&sC#sCÃCC2ã“S“csÂÓãsCs#c#ƒs33ƒS2ÃãsC3cSS“#ƒ“ƒSC‚ÂÓãƒ3#s3ƒƒS#Ãã33C3ƒsCS“ƒ#ƒbÃã3ccC“3c“#s“ƒ’ÄdÅ4P¥6öÇ–3FsƒsSÃƒƒBã#ƒ#C“c3rÂÓã““ScSC“CƒcSRÃã““3ƒcsƒC“ƒƒ“2ÂÓãsƒc#CC#“““#C2Ãã33S#S3s““cSsRÃã3ccC“c33S3SCrÄdÅ4P¥6öÇ–3sS3sÃsBãsCƒcƒCc““CrÃãƒc“cc“sc3cc#s3rÃãs“3ƒƒ#S3S“c3s2Ããs#3#““3C3bÃã33“#CS3##SS“cBÃã3cc“CS“Cs#ƒcRÄdÅ4P¥6öÇ–3fsscÃ3’ã3sc“#Cccc2Ãã3#cs3S3ƒ#Ãã3c“3ssSCSS3CsbÃãcscSƒC#Cs3BÃã3CCsccScC##RÃã3cscs“ƒSss#c2ÄdÅ4P¥6öÇ–3&sSsÃ"ãƒƒ3#c“ƒ33CrÂÓãSCƒsSCss“c#CÃãSCS#3#CCƒsCbÂÓãcSƒ“#3###“C#’Ãã3C3##sC#CRÃã3cs3ccSC3CCc3BÄdÅ4P¥6öÇ–3sc#3Ã‚ã33SƒCcS#sc’ÃãScSƒc#CƒS3CƒRÃãSc##3“#s#SS3C3RÃãcC3“ƒss“cs3S‚Ãã3C#Cƒ“3ƒ3“"Ãã3cs“s#333#3#cBÄdÅ4P¥6öÇ–3sƒsCsÃ#3’ã#C3C3“CS3#cÂÓãsƒ3cƒ“#“#3cƒ"Ããssƒ“c##3#csCc“ÂÓãcSscS“ƒSƒ““ƒ‚Ãã3C3ƒsƒ3C#“3#SƒSbÃã3cs3ƒƒc“Cs“CSCCbÄdÅ4P¥6öÇ–3sc“3#ÃCsBã“S3CcSS###“3cBÂÓã#““sc““3SSSBÃã#“““#ƒ“S###c#RÂÓãScss3C““c2Ãã3CS““SCScsƒ‚Ãã3csc#cƒc“3ƒ3“bÄdÅ4P¥6öÇ–3ssƒƒ3Ã#Cbã3##C#s##’Ãã“c“3“#3ssƒ#"Ãã“cCƒ#Ss33s“SƒƒsrÃãCcCcs3SC33#"Ãã3Scc“ƒCcC3“ƒCbÃã3cƒ3SS3SCSc#ƒ"ÄdÅ4P¥6öÇ–3&sƒsÃ3cBãcccƒ“##ScrÃãsƒC#ƒcc#ƒƒƒ#3"ÃãsƒSƒ3S#S#s“SrÃãCSC##SƒƒsSSrÃã3Ss3#ƒsƒCCBÃã3cƒs“3“S#s33crÄdÅ4P¥6öÇ–3–sS##2ÃãsCƒs3ƒ“SCCSsS‚ÂÓãSc3SSsƒ##ssS‚ÃãScSssS#3ƒ32ÂÓãC3ƒcCSs3CsrÃã3S“C“s3C3S3ƒRÃã3cƒ#3ƒ#sS#“c“2ÄdÅ4P¥6öÇ–3–s“CƒÃCCbã#c#ccCsRÂÓãc3SS3ScbÃãcCS3s“ccsbÂÓãC333SƒƒƒƒrÃã3S#3#C3ƒCs“CS3RÃã3cƒ#Sƒc3s##““ƒ#BÄdÅ4P¥6öÇ–3Fs3““CÃƒBãCƒ#c“CƒScƒ33"ÂÓã##SƒS“csS’Ãã##ƒSCCsscs#32ÂÓãC#cS“#s#S"Ãã3S#ƒC##S3sƒ“#BÃã3cƒ#“#CSccc#S“ƒCrÄdÅ4P¥6öÇ–3fs3cS#Ã“#RãScƒƒSS#3SsƒƒbÂÓã3CC3Ccc“c33sc2Ãã3C3ƒ3ƒ33ƒBÂÓã3c3#ccƒCS3rÃã3SSSc3ss“ccƒS#RÃã3cƒS“##ƒssSBÄdÅ4P¥6öÇ–36s“3#CÃSC‚ã33c3Cƒ“#s"ÂÓã“3cCSSƒ##C“c"Ããƒƒ“ƒƒsƒCcÂÓã3Cƒc““###c#BÃã3Sc#S“S3C##3BÃã3cƒcCƒcCsss‚ÄdÅ4P¥6öÇ–3Fsƒs#Ã#CrãCC3ƒc32Ãã3##ssCSƒs““crÃã3ƒSC“Cc“sbÃã3#33csƒ“CSS2Ãã3SsCƒ#cs“CC3CBÃã3cƒscs33#Sƒ33S“cBÄdÅ4P¥6öÇ–3fsSc“Ã‚ãC#c3SS3“ƒƒS“2Ããcsƒsƒƒ““#ƒ“‚ÃãccƒƒcsSS“ƒs3‚Ãã3CCƒ“C3#S2Ãã3Ss““ScC#““SBÃã3cƒs“3“#3c##3ƒƒ’ÄdÅ4P¥6öÇ–36sS“#SÃs3’ã3“3SC3Ãã“3#Css“#ƒƒ3SbÃã“#“s33cSs““sbÃã#“s3“ƒƒ“ccsCbÃã3Sƒs3CCS#sSScS2Ãã3cƒƒccƒ#Cc“3SsÄdÅ4P¥6öÇ–3&sCÃƒCƒã“3sScsS#‚ÃãƒscCsƒƒsS2ÃãƒCƒcƒ3scs“#"Ãã#SSSsCS#s3CS#bÃã3csS#Ss3#scƒƒbÃã3c“s“CƒCƒƒÄdÅ4P¥6öÇ–3†ssc3Ãsã3sSs#C#3s3ƒÂÓã#33#cScsCSscrÃã#3#ƒCcSc“CSC32ÂÓãƒ#CC3c“3#’Ãã3cC#“ƒ3ƒS3ƒ#3SbÃã3c“Cc“c#ScC““bÄdÅ4P¥6öÇ–3FsCcÃ‚ã33CcsS““SRÃãCC3C#ssSsS3sCRÃãCC#3ss“sSccs2Ããcccƒ“CCS#ƒ“’Ãã3cSsSS“s#CC2Ãã3c“S3c#c3C3“3c‚ÄdÅ4P¥6öÇ–3&s“SsÃ#ƒƒ’ãs#c3S33bÃãsSS3c#ccS#ƒ’ÃãsCcƒ3Cƒ’Ãã#Cccsƒ#ƒ##‚Ãã3cs#33cscC“sSsbÃã3c“scC““33##CƒCbÄdÅ4P¥6öÇ–3sSSƒ#Ã3“‚ãsƒƒC“ƒS“csbÂÓã3“3s“#ƒs#sƒ#CS’Ãã3“3Ss3s3“CƒcbÂÓãSScs“CcsC’Ãã3sC#ƒcs“cBÃã3s#ƒSc3C3srÄdÅ4P¥6öÇ–3–sS#sÃsrãsƒCC3SC3CbÂÓãƒ““#ƒƒ3“ccs#ƒC‚Ããƒ““#c##“33cSSC’ÂÓã#ƒ“CC“##c3‚Ãã3s#“cSƒ“csc3bÃã3s3ƒsCSsS““scS2ÄdÅ4P¥6öÇ–3fss33RÃBã#ƒS#sƒcCrÃãSS“3s“##3#cC#2ÃãSS#“Cƒs#ssS"Ãã“““sc“S“ƒƒcÃã3sCCsS#“ScÃã3sSCƒƒcC#C3“ÄdÅ4P¥6öÇ–3fsƒC#Ãƒ“ãƒsC#“csC"ÂÓã“#3#C#33csrÃã“#cƒs3ƒƒ“3CS’ÂÓã“““S“#s33CScSBÃã3sSscC3Sƒ3Sƒ2Ãã3sSƒcƒSS3c“c“cbÄdÅ4P¥6öÇ–3&s““#“Ãc‚ãScS3ƒCsƒScƒbÃãƒ#S#C““C#ƒƒ2Ããƒ##sƒSsCSCss3rÃã“““3“C#ss3“ƒrÃã3ssCC3CsSCS“’Ãã3sƒ3“SƒSƒ#S#rÄdÅ4P¥6öÇ–3Vs3#ÃãƒCC#C#sS3ƒ“rÂÓã“ss#cS#3cS###bÃã“s“C3SS#Scs##“bÂÓã““ƒ“3cc3ƒssrÃã3sƒC3c#Ccc3rÃã3s“#“#c3“Cƒ3"ÄdÅ4P¥6öÇ–3ss“3#Ãsãcsc“s“#C3CbÂÓãcS3#S#3#ƒSSBÃãcS33cCsƒC#ccc"ÂÓã““ƒsc33S3#“cƒSsBÃã3s““3C#SC“##cBÃã3s“ƒSCcƒcS#3SBÄdÅ4P¥6öÇ–3fsƒ#S#ÃcBã#s““#CSCC"Ããs3CSSCcSCcCrÃãsCcScScsCsbÃã““ƒCcƒs“3c33s‚Ãã3ƒS#ƒ“C#ƒCbÃã3s#ƒccS““sBÄdÅ4P¥6öÇ–3–scCƒÃ33Bã#cSCS““cbÃãS33C#C##CSC#rÃãSc“#c#3S#s3s‚Ãã““ƒƒS““C#ƒs“bÃã3ƒƒ“scssCƒCƒRÃã3s#Ss““SCS“sSsrÄdÅ4P¥6öÇ–3sƒCCCÃ32ã333ƒ#CcssC#“RÂÓãƒCCc“c“#“#ƒ“ƒ“rÃãƒCƒs3s“ƒ#c‚ÂÓã““ƒSSss3ƒc“RÃã3ƒ#3ƒ#ƒ3CCƒƒrÃã3s#Ss““SCS“sSsrÄdÅ4P¥6öÇ–3&sƒ#cÃSRãcƒƒC#S“c3#3RÂÓã#ccc3s3s#“"Ãã#cssSsScscƒ“bÂÓã““s“““3ƒƒCccSRÃã3ƒ3#33#““CC“s2Ãã3s3s3S3sƒCC#"ÄdÅ4P¥6öÇ–3fss3C#ÃSs"ãs“CCcCƒ#C“rÂÓã#C#“cƒ3Cc3bÃã#Cc3scC3#ƒs"ÂÓã““s##Ssƒs#SSsS’Ãã3ƒsS3SSSS#ƒcBÃã3sƒS#sS#s“C“ƒbÄdÅ4P¥6öÇ–3FsScSÃ"ãC3cCSSc“’ÂÓãSSCƒ“S“ƒc#SS3ÃãSScƒsC“##S“CBÂÓã““cSCssS3Csƒ32Ãã3ƒ“ƒC“S3ƒ#SSSbÃã3s#“sSss““ƒ2ÄdÅ4P¥6öÇ–3&scSÃSãƒScs#ƒ“#cs3CbÃãc#3“ƒscsScCrÃãcƒCcƒ“cC“3S#‚Ãã““c3SC“SsCRÃã3“#CƒC3sscC3RÃã3s#3ƒ##3SC“c#cRÄdÅ4P¥6öÇ–3sCc#Ã2ãƒC3csƒCsC#ƒ’ÃãSssS3s““CƒBÃãSƒ#cccS3Sc3“Ãã““Ss“#C3sccs#"Ãã3“3“C3ƒc#3CC‚Ãã3s#S“sc3#ƒ3bÄdÅ4P¥6öÇ–3VsSScÃsãCƒ#“3##“s#3rÃã“SS33CS“ƒScssbÃã“c3ƒccss33C3CSbÃã““ScSSC#“3Sc#“BÃã3“CsS“s##c“CRÃã3s#S“sc3#ƒ3bÄdÅ4P¥6öÇ–3vsCs“sÃƒcrãssƒƒssƒ3#S"Ãã“s“sƒcSS“C3“BÃã“sc##ƒS“#ƒSrÃã““ScS3CC#33“33CÃã3“CƒSSƒsƒCSƒRÃã3s#S“sc3#ƒ3bÄdÅ4P¥6öÇ–3†sssÃ2ãCCs“c#ƒcS“2ÂÓã“3Cs“Ss3#sS““rÃã“C3S#“Cs#cƒƒ2ÂÓã““SSc#Cc““3cc#BÃã3“C“sS#c“rÃã3s#Sc“SccC“ƒCSBÄdÅ4P¥6öÇ–3&s“CcÃRã“ƒS3s“SC#“CRÃãCƒ3CcsƒS3ƒƒ3"ÃãCƒSƒ#ƒc3ƒ“ƒCbÃã““SCsCSCs#bÃã3“s#“ƒc3C‚Ãã3s#ƒ#Cc#3c“SC“c3RÄdÅ4P¥6öÇ–3vsƒS#Ã#2ãc#ƒsSƒƒ#Ss#2ÂÓã##c“ƒ#cCS#ƒ333"Ãã##ƒssSƒƒS3ƒ#bÂÓã““Csc3C3ƒ3Cc32Ãã3“ƒS33##ƒc3s3RÃã3s#“C3Cƒƒc“cCƒRÄdÅ4P¥6öÇ–3VsS3“sÃ‚ã“S#s3C“C"ÂÓã“#33C3ƒ2Ãã“#ƒ3“3csCƒC#S"ÂÓã““CSSss3s3cC“rÃã3““SC#“3C“s‚Ãã3s33cS3“cCƒs“2ÄdÅ4P¥6öÇ–3fsƒC#ÃRã3csss“s“c#cƒBÃãCƒƒƒƒ“3“3SrÃãC““cƒcs“cC3“SsbÃã““C3CSsCSƒ‚Ãã3#Ss3ƒ#c“cƒCsBÃã3s3#S#““#SSCc33RÄdÅ4P¥6öÇ–3VssscÃƒ#‚ã“ƒscccsƒsBÃãssƒƒC#“““csrÃãs#c3SƒƒCbÃã““Cs3“#cs#sBÃã3#ƒcƒss“#33sC’Ãã3s3#c3sSƒccs3BÄdÅ4P¥6öÇ–3sƒC3ÃSRã““sCscc#3sbÂÓã“333#C“c“ƒS3’Ãã“3“Csƒ“Cc#“cƒ##2ÂÓã““3#CCs3c3Cƒ#2Ãã3#S“s#“sCSƒrÃã3s3ssƒCsS33ƒ3BÄdÅ4P¥6öÇ–3sCCcCÃBã3#ƒ33cƒ#CCrÃã#S#sCSƒsC3CƒC“#bÃã#S3CCsƒscCscSRÃã““3scc#ssS#sRÃã3#s3Cc“cs“sbÃã3s3ƒcCS““sCrÄdÅ4P¥6öÇ–3&sƒ##ÃS‚ã“s#33cCƒCSrÂÓã“#sSS“S3Cƒ#SÃãs3S#c““ƒ#3“"ÂÓã““#scƒ“s3###RÃã3#ƒ##“c“sƒ“3“BÃã3s3“3Cs“3#33RÄdÅ4P¥6öÇ–3&sƒCccÃCƒ‚ãƒSƒsCc3#C“ÂÓãc“Sƒ“s#s3“2ÃãsScSc#3#“CsCRÂÓã“““cCC“ƒC3’Ãã3##C3c#S#““RÃã3sC3ƒSsƒC3ƒ#3c3S2ÄdÅ4P¥6öÇ–3Fss“C3ÃSBãƒ“3ssc“rÂÓãscc#S#sƒ3“SCrÃãscsƒCƒƒCƒc3sssBÂÓã““ƒƒ““3##ƒsC’Ãã3##S#3“SS““3bÃã3sC3ƒSsƒC3ƒ#3c3S2ÄdÅ4P¥6öÇ–3sC“cSÃ#’ãsc3ƒcƒc“ƒ3#rÂÓãsCs##S3cƒ“3ƒrÃãsc##3s3CCSƒcs2ÂÓã““Cƒ3ƒ33#"Ãã3#CSSs““SS33“SBÃã3sCS“C3Sƒƒs“sc3bÄdÅ4P¥6öÇ–3FscCƒÃsbã3“3“3#3“S“SBÂÓã##SS“3““#“c#BÃã##scC3#S3Ssc“"ÂÓã“““ƒƒ“S“cs“Ãã3#c“““sCsƒCc“rÃã3sCƒ#ssS#3C#RÄdÅ4P¥6öÇ–3vsC“#sÃ#bãc#3“3sc#CCCƒBÂÓãC3#S#ƒƒ##“Cc’ÃãC3cCC“ƒc#S“C‚ÂÓã““C#3“Ss3ƒS‚Ãã3#csƒcCCSc“c“BÃã3sCƒ#ssS#3C#RÄdÅ4P¥6öÇ–3fscSƒÃ2ã#scCC3cSƒ“3s#‚ÃãS3#SCcs“3Cƒ"ÃãSƒ3“c“3csc3CBÃã““s3c3CCƒ3rÃã3#ƒCCS#s“ƒ““3BÃã3sC“Csƒ#ƒSCSrÄdÅ4P¥6öÇ–3vss#ƒÃ#"ã“s“c“ƒ“ƒ3ƒ"ÃãCƒcsCC“c3““S#scBÃãC“C#s3sC“SRÃã““Cs#SSc“s3#c’Ãã3#“C3“c3#ƒ“ƒ32Ãã3sSs33#3SS3ƒBÄdÅ4P¥6öÇ–3&sƒ“ScÃ#S‚ãƒCsƒ“ƒS“#S“BÂÓãc3c#“Ss3ƒ#cSc‚ÃãcSCcS3c##c#srÂÓã“ƒƒƒS“c3##“sƒCƒ‚Ãã3##s3ƒ#33ƒCCcBÃã3sS“CCC33sc3CSs“2ÄdÅ4P¥6öÇ–36sCSƒÃc“ãScC3C“““"Ããƒƒsc“ƒ3c3CcBÃãƒ“sc3C“c3CSCc"Ãã“ƒƒƒcS“3ƒ“CScƒbÃã3##s#ƒs3s3C3SCƒƒBÃã3sS“CCC33sc3CSs“2ÄdÅ4P¥6öÇ–3sc##cÃ3RãCƒ##c#S3CrÃã3#cC#“#Ss#“C#"Ãã3c#scScScƒs#3‚Ãã“ƒƒS#ƒsS#“3rÃã3##“#3CssCCssRÃã3sc“#CƒsCc3’ÄdÅ4P¥6öÇ–3s“CÃcrã“#c3cSƒ3C#3bÃã3c3ƒ#ƒ3S“S#33“3BÃã3C“scs“3sCRÃã“ƒƒ3Sƒc##ƒC3SbÃã3##““s“s“#cSs#C2Ãã3sc#cs“SCcc##CbÄdÅ4P¥6öÇ–3FsCcÃsã3S#ƒC“cc3c3BÃã3c3ƒc“C“ssc“RÃãCƒsCƒsscCSs’Ãã“ƒs“sSCsCC“crÃã3#3cCcS““cSS“SrÃã3sc3ssƒssCsƒrÄdÅ4P¥6öÇ–3&sƒ#ƒCÃ“c"ã#s#ƒ3S3ƒ#c2ÂÓã“#3C“c#33#“ƒBÃã“3CccCc#3cs3ÂÓã“ƒsc“C3###3S#"Ãã3#33#3sc##Sc#‚Ãã3scS3c#SC“3““ƒ‚ÄdÅ4P¥6öÇ–3Fsƒ3Ã#’ãSsC#“SSƒ#2ÃãCC33sƒƒCCcc#BÃãCcCCc“#3#3“sƒrÃã“ƒsC3SS#sCSs#rÃã3#3CCCƒC33“Cs32Ãã3sccSScs“CsSbÄdÅ4P¥6öÇ–3Fsƒ“Ã3bã#ssƒCsSsCS“3BÃã3##Csƒƒ“ƒ“c“"Ãã3#c3Cc3#3SSsƒcrÃã“ƒc“SCcsƒsRÃã3#3ccCƒcs“csS#Ãã3scƒƒƒss3sƒ#ƒBÄdÅ4P¥6öÇ–3VsS3S“ÃSãCƒCƒƒC“ƒ3‚ÃãS3sƒƒ#C“3sbÃãcCC3cCC““bÃã“ƒcS33“#CS3RÃã3#3ƒƒcSSS333S‚Ãã3ss#ƒ“###Sƒ“2ÄdÅ4P¥6öÇ–3scÃƒ3RãSC“C#33CCsBÂÓãc“cs“sƒS#“rÃãsSS33#c3cƒ3rÂÓã“ƒcC3C#CcCC‚Ãã3#3“3SƒS#C““Cƒ"Ãã3ssSS3cCSSc3#RÄdÅ4P¥6öÇ–3fss3cÃ#s"ãc“C3“3cƒsCRÃãƒs3SCSƒCƒ33#cRÃãƒƒsc3Cƒ#C““rÃã“ƒccƒS#S3Scss"Ãã3#C““CƒsC“S##S2Ãã3ss#“ƒScsƒ“c“sBÄdÅ4P¥6öÇ–3–sS“SSÃ’ãSsƒƒ#ƒ“““CBÂÓãSƒc3sSccC3c“ƒRÃãS“CScƒc“CcSS33ÂÓã“ƒcSƒ#C#csCrÃã3#Cƒƒsssƒ3rÃã3ss#“ƒScsƒ“c“sBÄdÅ4P¥6öÇ–3VsCCƒÃ3rãƒ#3“sSƒcƒ“Ãã3CƒsScC#CÃã3CcsCS3ƒS3cSCSRÃã“ƒSsC3CSs#3s3bÃã3#C#S“ƒCcScc3RÃã3ssCc333##SƒC3bÄdÅ4P¥6öÇ–36s3sƒÃ#3ãscsCCƒ#sBÃãƒsc““##3#“CCCCÃãƒƒCS3#ƒ3sS3sc“Ãã“ƒSC“ƒ###C#3’Ãã3#C3ƒ#““sCC“ƒRÃã3ssSƒc3ƒƒ33S#’ÄdÅ4P¥6öÇ–3s““ƒ3Ã3ƒRã3“cƒcc3Sc#RÃã#cSc##S3CsC33‚Ãã#ƒCcƒC“c“#CS"Ãã“ƒScƒ#CS““s“‚Ãã3#CSCCS“ƒCs“RÃã3sss#CSCsC#rÄdÅ4P¥6öÇ–3&s“sCÃƒBãS“sSc#3CSƒ3ƒÃã##“Sƒ#3ƒƒ##sRÃã#3#Scƒ“““s3c#3bÃã“ƒSƒc3CƒcC3SCsBÃã3#CS3#SCC“c33SrÃã3sss#CSCsC#rÄdÅ4P¥6öÇ–3vsCs3Ã3ƒrã3“3SƒSc3ƒC’Ãã#“cS“s“#S#ƒc“2Ãã3cccCSCcCS“"Ãã“ƒCc“CCCccCCƒsS‚Ãã3#CssCƒ3cScCbÃã3ss“cC#ƒSs“c#“ÄdÅ4P¥6öÇ–3FsCScSÃ33’ãS“s#C3#“ƒRÂÓãccC3cCSC#cS3ƒ"Ããc“S“3ss““#"ÂÓã“ƒ3“S3“#CSƒ3‚Ãã3#S3“C3cS3c#bÃã3sƒ3cS3sS3ƒCƒsCBÄdÅ4P¥6öÇ–3–scSÃ“"ã#ƒ3“SSS##3ÂÓã#s“s#ƒ3sC“SrÃã#CCs“#S3C3CÂÓã“ƒ3Sc3SS““Cs#3bÃã3#S33#33c“CƒÃã3sƒScCc3#sCsSbÄdÅ4P¥6öÇ–36s“s3#ÃcBãC#Cc“cScs“3RÂÓã#SCsƒ#C““srÃã#Sƒ#ƒƒSsS#ƒSC3bÂÓã“ƒ3C#cCsƒssc2Ãã3#S3“sSƒ3S“cSSbÃã3sƒcsƒs3#3S“ƒƒ“BÄdÅ4P¥6öÇ–3fssc3“ÃcC2ãsSc3#Cc2ÃãƒcSCcCSc#ccrÃãƒ3ƒ““c“s#ƒƒ“RÃã“ƒ#s#Sc#S“’Ãã3#SsC#Scc““ScRÃã3sƒ““S##SSSscÄdÅ4P¥6öÇ–3ss#cÃã#“SƒS#C3CƒsrÃãS“3“ƒƒ“ƒsC#3ƒ‚ÃãcSƒ“C3“css#S2Ãã“ƒC“s“3#ƒBÃã3#c3SSƒcƒƒCc‚Ãã3s“csƒcƒƒsS3sbÄdÅ4P¥6öÇ–3scÃ#bã““sC“C“S3sc2Ãã3“3Sss#ƒ#“c#ƒBÃãC#cCc33ƒCs#crÃã“ƒƒC#“S“S#S"Ãã3#ccsScc3#sC’Ãã3ƒ#ƒCƒƒscc3RÄdÅ4P¥6öÇ–3&sS#Ã#Rãc##sSƒcssCRÃãC#SCCC3cƒƒS3#SÃãC33sS#Cƒ3#Cc#3RÃã“ƒƒCc“3sSCSCcrÃã3#cccƒ##ssSssÃã3ƒ#ƒCƒƒscc3RÄdÅ4P¥6öÇ–36sC3“Ã32ãSSsƒ#CƒƒsRÂÓã3#ƒ“c3#3ƒƒ3S2Ãã3#s33C#S333sÂÓã“ƒ33#3ƒ““ƒC3CÃã3#c“##s3s3crÃã3ƒ#s3SC33ƒ3bÄdÅ4P¥6öÇ–3sScCÃƒ"ãCS3scS#scSbÃã#3s“SC3ƒƒc3ƒÃã#C#ƒ3s#css“"Ãã“s“ƒ##3SC3C3“C’Ãã3#ss3ƒSSSsC#rÃã3ƒSC“ƒSƒ#ƒsRÄdÅ4P¥6öÇ–3&sSssÃ3C"ã#sCsC#ƒƒ“RÂÓãƒ“c3SC#S“csBÃã“C“3ƒ#CC“ƒ’ÂÓã“s“c3SC#ƒ“c“sbÃã3#s#cc#SS“C#sS3bÃã3ƒc#3S#“#33CƒC2ÄdÅ4P¥6öÇ–3–sƒ#3sÃrã“ƒssƒSS“Sƒ“2ÃãCƒCƒSC““sS##sSCRÃãC“C“sC“c“#32Ãã“s“CsCs“ss“SS3S‚Ãã3#s3CSC3SC“cSƒ"Ãã3ƒc“S3sSc“ƒƒ‚ÄdÅ4P¥6öÇ–3Fsƒ#cSÃsbãSC3ƒƒ3Ssƒƒ““rÂÓãC“SSs““s“#RÃãS#ƒ“““3SCc"ÂÓã“sƒ3ƒcs3“CSCbÃã3#sƒƒSSƒ“#33“2Ãã3ƒ#“SS“c“ccBÄdÅ4P¥6öÇ–3s“S#Ã#3"ã“““sCc#cSÃãƒ3c3Cƒcƒc2Ããƒ#“ƒƒsƒƒ#cs‚Ãã“sƒƒc#3ss3CCBÃã3#s“ƒ##sƒc“S“bÃã3ƒ3ƒ3““3“##cbÄdÅ4P¥6öÇ–3sSÃsãS3ƒ#scƒ“CSs#cbÃã#S“sc“s#S##ƒ2Ãã#cSCsSSSc3CƒBÃã“scS#CCcc“#C“’Ãã3#ƒƒCc3#3c#c#SCrÃã3ƒ##“s“C3“C’ÄdÅ4P¥6öÇ–3ss#CÃS‚ãƒƒ#s#cƒ3“"ÂÓã#s33#“CcC3s’Ãã#s“ƒƒ“#3ƒSS##scBÂÓã“scSc#“cC3C33#S‚Ãã3#ƒsƒSScƒSsC#3Ãã3ƒ##“s“C3“C’ÄdÅ4P¥6öÇ–36ss“ÃsbãsSƒSsƒ33cSrÂÓãsCc“S#S#Cc#ƒs2Ããsƒ“ccsss“scBÂÓã“sc3##““ƒ“3‚Ãã3#ƒ““ƒ“s#CSScBÃã3ƒ#C“3Cƒ3C333ƒrÄdÅ4P¥6öÇ–3–ssCƒsÃ3Cãcƒc3scCscRÂÓãSƒ““c3ccsC“32Ããc#“3“##ƒƒCs#ÂÓã“sS“ss“ƒ#SccC““‚Ãã3#“sS3sS#s3ssƒ“RÃã3ƒ#SSƒƒss“ƒS#S2ÄdÅ4P¥6öÇ–36s#ƒ#Ã##BãscCccCƒS#BÃãs3sƒ“csSCS3#3cRÃãsSc33“s“3ƒsƒ"Ãã“sSƒsCS“3““S3"Ãã3#“#cƒsƒc“s“CRÃã3ƒ#S“3ƒccƒƒƒ3ƒ#RÄdÅ4P¥6öÇ–3FsC“c3ÃsBãSSsCC3“csƒCrÂÓã##cƒSSsCC#bÃãCƒ3ƒ#“3cƒ#““#bÂÓã“sSs#C“c“C““‚Ãã3#“#c““SƒCccƒSrÃã3ƒ#cc#ƒC3#c‚ÄdÅ4P¥6öÇ–3&sƒc“sÃ“c2ã3ƒƒS“CƒCS2Ããƒ#ƒ3#c3“SsƒSS“ÃãƒC“#ƒc#S3sS#ƒrÃã“sS3#cƒC#ƒ"Ãã3#“C#Cc#ƒcc#s2Ãã3ƒ#ƒcC3ƒCƒ#S##‚ÄdÅ4P¥6öÇ–3†scs#ÃƒRã3ƒs#CcSƒS#C#’ÂÓã#c33ƒ#ƒs#““#BÃã#c“ƒ#cƒSsc#“2ÂÓã“sSƒS##Scs“RÃã3#“Css#33Ss3cRÃã3ƒ#“#“#c“C“ƒbÄdÅ4P¥6öÇ–3VsSS3Ã3c"ãssCCƒ3s33rÂÓã33“s3sS“ƒ3ƒs#BÃã3s3“ccC3sSCƒ‚ÂÓã“sSs#CcC#3Ss‚Ãã3#“S#SCc#“sSSRÃã3ƒ#“c#ƒƒS3“cSBÄdÅ4P¥6öÇ–3sC“SsÃ#"ãssc##“#ƒ2ÃãccS3cƒ3cƒƒc#cRÃãsƒCs#“SS3c““BÃã“sCscS3s3“33“#‚Ãã3#“cscƒ#3Sc#ssSrÃã3ƒ3###csc"ÄdÅ4P¥6öÇ–3–sSsÃ2ã3SC#3#“CCcCRÂÓãS3cC“Cs“““ƒS“rÃãSSs“Ss#SscÂÓã“sCCS“ƒc3sCrÃã3333s“cC“ScRÃã3ƒ3S#SƒCc““C2ÄdÅ4P¥6öÇ–3&sscÃ#’ã#cSƒ#sƒ“cƒ#cs2Ãã3CScccCs#s3Ãã3SS3ƒ#S3“Cƒƒ3cBÃã“s#cCc#3sS3CRÃã33s#“cSsƒSSÃã3ƒC#ƒc3CC3ƒs“ƒBÄdÅ4P¥6öÇ–3†sscÃ“Rãs#s#ssS“bÃãƒƒ3Ccƒ#CCS“SsRÃã“ƒCSsƒƒcƒrÃã“s#SS3#c3cƒ#cÃã33ssSC“ƒ3ƒƒ#ƒÃã3ƒC3SƒƒƒC3ƒ3c#BÄdÅ4P¥6öÇ–3fsSCCÃ3‚ã3sc#3s##CCC32ÂÓã3#sSsss“S“ƒs#3BÃã33s#SCsS#ƒSCcSbÂÓã“sCCƒc#CCCcsS2Ãã333#C“#C“#c32Ãã3ƒC“#““ƒCccCS“bÄdÅ4P¥6öÇ–3&s#3“sÃ3“CBãƒ“cccss“’ÂÓãs“3“3S3C#s“3Sc2ÃãƒssSSC3“sc“cÂÓã“sƒ3#“ƒsƒƒsCƒ"Ãã33c3CS#cCsCsRÃã3ƒS#cc“ssCc“’ÄdÅ4P¥6öÇ–3&sSsƒÃC’ãƒƒ3C“3ƒ“#CƒBÃã3“cSc“c““c#s‚ÃãsC#ƒƒsƒ#C32Ãã“sS3s““ƒscRÃã33s“CC“cs3cSƒƒBÃã3ƒSC##C33s32ÄdÅ4P¥6öÇ–3ssCÃcrãƒ“cƒC3“ssS‚ÂÓã#cCs3“#s3“CSrÃã#s#ƒ“3“C“##BÂÓã“s“ƒ#“SS#cƒC2Ãã33“ƒcscS“##c“’Ãã3ƒSc#Ss#Cc#s#"ÄdÅ4P¥6öÇ–3vsS#3CÃCãƒS3#CcCC““"ÂÓãc““sS3“s#3#s#SBÃãsS#SScCcs3ƒRÂÓã“c“ƒsC3ƒS“sƒ3rÃã33#“S““3cCbÃã3ƒSsC3Cc3cƒCScbÄdÅ4P¥6öÇ–3fs33ƒSÃ#c"ãcsC#C““#“sƒ#RÃã3#3SSsSSc3“““RÃã3cCƒ3cc#ƒ“crÃã“c“s#SCSssSs“s‚Ãã33#ƒ3Sc#s“C“S32Ãã3ƒSƒSSc“c““3ÄdÅ4P¥6öÇ–36s“sSÃ#"ãsC#“#CccssrÃãCS3Sc“CCCƒ#3sÃãCcSs“#SC#“CCsBÃã“c“ƒS#3“CsC#‚Ãã33#SC“3c#ƒƒs#scbÃã3ƒc“c##C3#cCssbÄdÅ4P¥6öÇ–3vsSSsÃ3Bã33““C3c3S“SCRÂÓã3c“3C#scSCSc3bÃã3ƒ##Cƒ#ƒ““S#ƒSRÂÓã“cƒƒ3s3“#S3crÃã33#c#“cSCcCƒ#S‚Ãã3ƒc#sC#ƒcƒS“bÄdÅ4P¥6öÇ–3sƒsC#ÃcCãc“sƒƒcs3#BÃã“Ccƒss3ƒSÃãCS#3“ƒccs#ƒbÃã“cƒss#CCc“c3C“BÃã33#cSƒsSsƒ#SCcc2Ãã3ƒc#ƒC#Cƒ“CƒccBÄdÅ4P¥6öÇ–3vsSSS3Ã3SãSs#Sƒc“sCƒ"Ãã##Sƒƒc3#Sƒ“““RÃã#cS“cscCƒs##2Ãã“cƒ33“Ss3sÃã33#ƒsCƒ3SsƒCCRÃã3ƒcSsC3c#s#“RÄdÅ4P¥6öÇ–3VsSCC#ÃC#‚ã3sCC“sc#bÂÓã#3SCƒsCƒCcS#RÃã#ssC33#cs#c“2ÂÓã“cs#sC##3cSrÃã333CƒS#“C3sS#c“2Ãã3ƒsƒ“SssSs#RÄdÅ4P¥6öÇ–3&s“c3sÃ3’ãƒ3ƒ#“S“3cÂÓãcS“S3Cƒ#ƒS“cCRÃã#c3“sƒƒcCƒrÂÓã“ccsc“S#s3ƒƒ#RÃã333cS“Cs#3#c#C’Ãã3ƒs3s#ƒs33#CSCbÄdÅ4P¥6öÇ–3VsScÃc2ãS“cccCƒc“ƒBÂÓã#“““3#cƒ3ccÃã3“ss3CƒCcCBÂÓã“ccSC“sC“#c‚Ãã333ss3SS3ƒ3“##‚Ãã3ƒsCƒƒCƒsSƒSƒssBÄdÅ4P¥6öÇ–3sƒSÃ#““Bãc#3“Sƒ#3BÂÓãC3S#C3ƒ3S“rÃãs““3sƒ#SsƒSƒƒÂÓã“cc#sƒƒSScC3SÃã333“Ccƒ3ScC““#RÃã3ƒsS““sC33sƒc“BÄdÅ4P¥6öÇ–36s“ƒSÃ’ãC“C3c3CƒSƒ3CBÂÓãCs““scSC3#sƒc2ÃãC“csCSƒcƒƒCsrÂÓã“cc#S“#sS““CCrÃã333“ƒ3s“ƒ#3ƒ’Ãã3ƒsS““sC33sƒc“BÄdÅ4P¥6öÇ–36sƒ#““Ã“RãcC#“““33Cs###‚ÂÓã#“ƒs3SccSƒSCƒ32Ãã#“cƒCƒ3SCc3ƒ“rÂÓã“cc3ƒ33ss‚Ãã333“s“ƒ33s3““Ãã3ƒscCcSC##ƒ#RÄdÅ4P¥6öÇ–3†s3ƒ#ÃC2ã3ƒ“sƒƒ“s3rÂÓãccCc“S“ssrÃãcs33Cc3“Cƒ#’ÂÓã“cSƒsc#s“ccCS“RÃã33Cc“33s“#“’Ãã3ƒssCCCc3“ƒƒSSÄdÅ4P¥6öÇ–3–sScCÃc3Bã#ƒ#ƒSsC#bÂÓã“ƒƒsc33#“ƒS‚ÃãcCs#ƒ“sc3c3CRÂÓã“cS“c3#s#sC3##BÃã33C“SS“c3Sƒ3bÃã3ƒssCCCc3“ƒƒSSÄdÅ4P¥6öÇ–3scƒÃƒrã“C“cƒƒCƒ33cBÃãƒSCs“ƒƒ#“#CCBÃãƒƒCS“c#Sƒ3s“#rÃã“cScCS#CcSƒcbÃã33C#C#3sc“#Ãã3ƒsƒssƒ3c#s3#"ÄdÅ4P¥6öÇ–3fss#3Ã3ã3cC33c3c33CBÃã33ccsC“3ss“S“‚Ãã3Cƒssƒs“csCcƒs2Ãã“cSCcSsC33SC#Ãã33C3“C“c333ScRÃã3ƒs“3C3ƒssS"ÄdÅ4P¥6öÇ–3&s3“3Ãbãc““#s3C3C“ssbÃãs““C3#3“ƒS33#2Ããs3SSC#3ƒS“3ƒ“#Ãã“cS#33ƒC“Cc3ccƒÃã33CC#sc“c#S#SBÃã3ƒƒCC#S#3ƒssbÄdÅ4P¥6öÇ–3&sc##SÃ“#"ã“s3cƒƒ#3“ScsBÃã3c““#“s#ƒÃãs3ƒƒ3ƒSSS#CRÃã“cC“ƒ#s3ss#BÃã33CSƒ“3C“ƒ“ƒCƒ“rÃã3ƒƒ#s#s#““BÄdÅ4P¥6öÇ–36s“SCsÃƒãSƒ3#SCƒƒrÃãC3sƒ3ƒCs3bÃãƒCcS“Cƒcc#"Ãã“cCSƒ“cs“#“CBÃã33CsSCcSc#S2Ãã3ƒƒ3c“c#S“ƒƒƒ#2ÄdÅ4P¥6öÇ–3s3#Ãc"ã#s3CƒC“S““bÃãcC#CS##CC“ƒ#“BÃãs#ƒƒSC3C#C##RÃã“cCS3““ƒ#3#S“Ãã33Csƒƒ#“3sCsƒss"Ãã3ƒƒ3ƒ“sCsSSbÄdÅ4P¥6öÇ–3sƒ33Ãc“’ãCC3ƒƒ#Cƒ““s’ÂÓã“Csc“ƒsCƒ#Sc“BÃã“3CCCS““#c“3rÂÓã“cCc#“cCc#S3CbÃã33SCs“C3ƒSC“C2Ãã3ƒƒc#s3ƒ“cc#s3RÄdÅ4P¥6öÇ–3fsSSsÃS#’ãSs#333sS3"Ãã3ƒs33“#ƒScS3cRÃãC3ƒ“s3cs“s3#ƒrÃã“c3“3SS##sCs#rÃã33SsƒC3ƒccƒ#ƒrÃã3ƒƒcsccC3csƒRÄdÅ4P¥6öÇ–36sC3ƒ“RÃ’ã“#ƒc##scc2ÂÓã#S3ƒ3s#Cs3S‚Ãã#“SS#CcSCsss“C2ÂÓã“c3C“ƒƒsSc3#“Ãã33S#“s#Ss#cƒ#3ƒrÃã3ƒƒ“Sƒ“ƒssƒSÄdÅ4P¥6öÇ–3&sƒs3ƒÃ#bãs“S#C#c3#srÂÓã3csCScS##Ss"Ãã3ƒs3#Csƒ3S##ƒcBÂÓã“csƒsƒ3Scc33ƒ"Ãã33cSc“##Csƒ“3bÃã3ƒ“ƒssSSs##“ƒCCÄdÅ4P¥6öÇ–3–sSCƒÃ“2ãCSc“3S#SC2Ãã#Cc#ƒC3#Cƒ3“#csƒ‚Ãã#Scƒ“3ƒscCƒc2Ãã“cs#3C#C““““2Ãã33c“C#s#cs3RÃã3ƒ“ƒ“c“Csƒƒ“scBÄdÅ4P¥6öÇ–3†scSCCÃSbãƒSƒ#CC“SƒscBÃã#sss3#“ƒSƒ2Ãã#ƒƒƒƒ#“c3cS3#ƒRÃã“cC#ScC“sƒsSs’Ãã33c3C“s“S#3ƒ“2Ãã3“S#ƒƒƒcss#s’ÄdÅ4P¥6öÇ–3sSƒsÃ3’ãƒsscsƒcsc2ÃãƒCCs#ƒSS3s“"Ããƒss#“3#3ƒƒ3#C“s2Ãã“c#ƒ“3cc#CsƒrÃã33cCCs#c3“#ƒc#bÃã3“CC####sbÄdÅ4P¥6öÇ–3s#CCÃ“ƒbãs#ƒƒ“33c#CS’Ãã“CcSCS#ƒ3##c"Ãã“sƒs“33#ƒ3S“3sCrÃã“c3Cƒs“CCSS“c‚Ãã33cS3Cc3SS3##’Ãã3“#s““c3sSSsRÄdÅ4P¥6öÇ–3FsSsƒÃSCãs“ScCCC“c3‚ÂÓã3#“#3ƒcƒ#“CRÃã3ccsCc#ƒ#sC3BÂÓã“cc“S3cSSs33"Ãã33csC3S“#ƒ“sbÃã3“C3SSS“C“s33C"ÄdÅ4P¥6öÇ–3&s“ccƒÃ3bãS“CCSsc“CSSC"Ãã3c3c#ƒsC#ƒƒBÃã3ƒ“ssS“C##“Cƒ#RÃã“cCSSCƒsƒ“c"Ãã33cƒ#c“s##ƒc‚Ãã3“Scƒ#c#“s2ÄdÅ4P¥6öÇ–3†ss3ÃsBãƒcƒss“C3#bÂÓãc3scƒ#ƒ“3CRÃãcc“ƒsƒScCsCS3sbÂÓã“c3s33S““#"Ãã33cƒcs3c33ƒCc“bÃã3“S#““s3c#CcC2ÄdÅ4P¥6öÇ–3fsc3#Ãcsã“c“sSC’ÂÓã““C3#sc3ƒ“Ããcc“3c#S3ƒC#ƒ"ÂÓã“S“s#“cCC#SƒRÃã33s“3cS““S“3RÃã3“ƒSccƒ#“ƒcƒ’ÄdÅ4P¥6öÇ–3–scÃCc’ã3csc3sƒss3RÃãCssCC“SssS“3"Ãã“sSCs“S#SBÃã“S“s3##S3#3ss“"Ãã33sƒ““ƒcsS3ƒbÃã3“ƒSccƒ#“ƒcƒ’ÄdÅ4P¥6öÇ–3&sƒcSÃ3rãƒScCcƒ#C“#C2ÃãƒCsS“Cssc3Sc“bÃãƒƒ#s3#s#sCCSSRÃã“S“SƒsssSS“cc‚Ãã33s#c#sS3ƒ#3sc2Ãã3““C3#Css##bÄdÅ4P¥6öÇ–36ssCÃc“2ãsƒcSC3SCcCcrÂÓã“ccCcƒ“ƒCs’Ãã“SS#c“SCCs“Ss“2ÂÓã“S“S#Cc“SssƒbÃã33s#“CCƒSCcscRÃã3““#cCSS“““ƒccBÄdÅ4P¥6öÇ–3†sƒ3Ãbãƒ#3cƒccCƒc#2ÂÓãS“c3sScC#“RÃãS33sƒ#3##SrÂÓã“SƒcC###ƒƒ#S2Ãã33ss3“cC“3SCƒ“BÃã3“CsCƒ“cccSc#BÄdÅ4P¥6öÇ–3sƒs#ÃC’ãS3c““sƒCscBÂÓã“ƒc““c33ƒCCbÃã““Cc3“ccs“Cc“ƒS‚ÂÓã“SƒS3“33#sƒƒrÃã33sƒƒsCƒcCc“2Ãã3“Cs3ƒ3sS3RÄdÅ4P¥6öÇ–3scSÃ#sSrãƒ###ƒ““2ÃãcSƒCSC33s#S3s2ÃãcƒscSSƒsƒ##Cƒ2Ãã“SsS3Ccc“ƒCS3rÃã33ƒ#“sCSSƒ““C3BÃã3“#CsSƒcƒc#cSSbÄdÅ4P¥6öÇ–3†sc“ƒÃcSSãc3sC“33s3ÂÓãƒ33SS3C“SSCRÃãƒs#C3“C#3“SƒbÂÓã“Ss#c#Cs“ƒ“#sCbÃã33ƒC3Cs“#cSSƒƒc2Ãã3“#C“ƒ#c3s3bÄdÅ4P¥6öÇ–3fsƒCC#Ã2ã“SCc3CScBÂÓãSSS3CSSS#ƒs"ÃãS3ƒƒ3#“#s“S“#’ÂÓã“ScscC33ƒƒƒC“‚Ãã33ƒcƒscƒ#c#333BÃã3“#CsCsSs“bÄdÅ4P¥6öÇ–36s#ScÃCƒbãSSC33SSSCsCRÃãC#“#C#ƒc##‚Ãã“S“#3“Cc3““CC#‚Ãã“SScƒcƒƒc3Cƒs"Ãã33“#33Sƒ#S“ccRÃã3“3#S#SƒS“#C2ÄdÅ4P¥6öÇ–3ss“CÃRãcƒsƒC“#3cssccBÃãc#ƒCƒƒCs“ƒsCs“BÃãcSssC##“CSCc‚Ãã“SSS#3ƒSsƒ““‚Ãã33“3#ƒcsƒcCƒ““crÃã3“3“##ƒ“S““3’ÄdÅ4P¥6öÇ–3†ssScsÃ3CRãC“C“c“Cƒ3cBÃãcc3sC33“sc‚ÃãcsScƒCCƒ“#bÃã“SS#C“33“c“ƒ’Ãã33“Cc“CCS“cc#2Ãã3“3#C#3s3“sSrÄdÅ4P¥6öÇ–3†ssƒCƒÃãs#cCS#cS3c““RÂÓãƒƒ“ƒ33ƒCCsc““ƒ‚Ãã“c“#3ƒ“3#S“ƒbÂÓã“SSƒ#“#CsScsS‚Ãã33“CƒS““#s“‚Ãã3“3#C#3s3“sSrÄdÅ4P¥6öÇ–3VscCsÃC3"ãCcS3csCs3bÂÓãCCc3S“ssCCcÃã“3Ccƒcs“C“#RÂÓã“SCƒƒ#cs“c"Ãã33“cc“s3c“SS#SsBÃã3“3C333ƒSs#SCbÄdÅ4P¥6öÇ–3sCÃ##2ã“C3#“ƒsCS#rÃã“c#S3s“sS3rÃãSs3Cƒ#ƒ“cs‚Ãã“SCcCSS#““sC2Ãã33“sS“S3#“C#CsRÃã3“3SSƒCc3ƒCS"ÄdÅ4P¥6öÇ–3s““ÃƒCrãcsSsSC3SS#S‚ÂÓãSƒS“cCscƒcSbÃãcƒSCs33#scs"ÂÓã“SC#C“3c“3“CrÃã3C#ƒ33ƒsSCRÃã3“3sc3SsCs3S3bÄdÅ4P¥6öÇ–36s#scÃC’ãƒ#c“C“s3ƒRÂÓãƒSsƒ“c“Cƒ3RÃã#C#c“Sƒs#cC3bÂÓã“SC3cƒ##S3c““Ãã3CC3ƒ“#scƒCÃã3“3sc3SsCs3S3bÄdÅ4P¥6öÇ–3&sƒc#3Ãc2ãC“ƒCƒs#CSc"Ãã#3“3cƒsƒs#S“RÃã#SƒC##cs““#2Ãã“S33C3C3sCc#33C"Ãã3CCcƒ“ƒ3#ƒssRÃã3“CscC3““#ƒ‚ÄdÅ4P¥6öÇ–3ss#SÃ3#‚ãcCc3“ƒƒ““ƒ‚ÂÓãsCS3““#ƒc333RÃãsC“Cs“ƒƒƒ“cSrÂÓã“S33CCCC#s“3Cƒ2Ãã3CCSSƒ3cc#sC"Ãã3“CscC3““#ƒ‚ÄdÅ4P¥6öÇ–3–sƒC“ÃS“‚ã3S#ƒ3S3SCbÂÓãƒ“3sƒƒC#“““cbÃã“3ss#s#“Ss3#“’ÂÓã“S3Sss3sC3ss2Ãã3CSScc“SSRÃã3“C#SSs#ƒ3S3““rÄdÅ4P¥6öÇ–3&sƒcs3Ã“"ã“CCs#ssrÂÓã#ssƒC“SƒbÃã3C“3ƒ33c“C3SSbÂÓã“S#“##S“ccccC’Ãã3Cc#“#“3ƒ#SƒRÃã3“C3cƒƒ#sc#ƒƒ‚ÄdÅ4P¥6öÇ–3Fsƒ#sÃã“scƒcC3ƒcSs‚Ããc3333c#3CCC’Ããc33#cƒc##3“CCbÃã“S#s#“3ƒ3Ss#sÃã3Cs#s#Ssƒc“ƒ#BÃã3“CCSs3C#ƒƒƒ“3RÄdÅ4P¥6öÇ–3scCÃCsbãƒ3S#sƒc““crÂÓã3“c#c#SsƒSƒsSs‚Ãã“sCscSS3“"ÂÓã“Sc“#c“cƒ#C“RÃã3C#SCƒSSs#CƒCBÃã3“SC#C3C“ƒ“#3cRÄdÅ4P¥6öÇ–3vsC#“Ãs#rã#CCsC#sSSƒbÂÓãssƒ“SƒS#C“c3CS2Ããƒƒcs#C3#CCcBÂÓã“SCƒ3#3ƒ3#cS’Ãã3C3S“#33cccCCRÃã3“SC#cSS#ƒ“2ÄdÅ4P¥6öÇ–3s3#sÃrãC“sƒS###sSscSCBÃãcSS#CCS“cƒƒSs’ÃãcƒCssssƒccC#“‚Ãã“SS##c#s#cs3#s"Ãã3C33“3ssS“CSBÃã3“SC#cSS#ƒ“2ÄdÅ4P¥6öÇ–3sƒƒÃ#RãSS“SSSScCs#rÂÓãƒ#3“CCsSCc3##C’Ããƒcc3Cc3C“C““SrÂÓã“S“ƒ““sS“cƒ2Ãã3CSSsss“#ƒBÃã3“S#““SƒƒcSsCSCBÄdÅ4P¥6öÇ–3sSCS“Ãcs‚ã“S#ƒC“ƒƒC2Ãã#C3“csƒS“c“c33‚Ãã3s“Cƒs3#C"Ãã“Sƒ3cS“csCSrÃã3CSc##CCCcS#3CRÃã3“S#““SƒƒcSsCSCBÄdÅ4P¥6öÇ–3sƒc“CÃ3c2ãcc3“CCccS#“RÂÓã“ƒ“C#Cs3c’Ããcc##c#3“ƒc‚ÂÓã“S#3“#SƒSCCBÃã3CS“##3sƒcscS2Ãã3“S3“CCC#c#2ÄdÅ4P¥6öÇ–3sSCÃ#s2ã3#cƒ““CS3sƒRÃãCc“““ƒ“CS“s3BÃãSCcS3“cc“c"Ãã“SS#ƒSCƒ#“SÃã3CƒC3“Sccƒccc2Ãã3“SSsSƒƒc3C#BÄdÅ4P¥6öÇ–3&sƒ“CÃ“"ã“sSscSC“Cƒ3‚ÂÓãƒ##SS“c“““3S#ƒrÃã“s33“3SrÂÓã“Scsscs#CƒSƒ“BÃã3C##s3ƒ3#C“Ãã3“Ssc#s3cS3ƒ#“S2ÄdÅ4P¥6öÇ–3sS3RÃcrã#ƒ33#s3ƒƒ#S"Ãã##ƒƒsƒC3sc3BÃã#CS#ƒ“3“Cƒ##‚Ãã“S#Ccƒc33S#S"Ãã3C#Cƒ““ƒ3ƒƒƒsBÃã3“Ssc3S#3#ƒc2ÄdÅ4P¥6öÇ–3&sc3Ã3CRã#S“#ƒ“ƒ“#c3BÃãcƒ#c“33SƒSƒ“"Ãã##C3c#ssS““S’Ãã“Cƒ“#3sc3s““sRÃã3C#cS“3ƒs#s3C2Ãã3“cCCCSS3ƒSsCsƒ3BÄdÅ4P¥6öÇ–3FsCRÃ‚ãCƒC“SC#CS3ƒbÂÓãC#ƒ33SC3#ƒsC#RÃãCSSSc#c3ƒ“Csc2ÂÓã“CƒccS3#CSC#Ãã3C#s“3#“3Sc3S3‚Ãã3“cSsCS“SC3cBÄdÅ4P¥6öÇ–3fsS##ÃcbãcSsSCScsSRÃã##3cC“cS#ƒƒ#RÃã#333c#““3ƒ3ƒƒC‚Ãã“CƒSsƒcC““C“‚Ãã3C#ƒ3S#S“ssƒ“sÃã3“cS“ƒƒƒƒCsBÄdÅ4P¥6öÇ–3ss“cÃ2ãSs3ƒsc33cƒ2ÂÓãƒSCƒS3ƒscC3ƒRÃã“SSSsƒSSC3“ƒ“3ƒ"ÂÓã“CƒC“3#cCƒ#ƒ“ƒRÃã3C#ƒsƒ3“““s#CsSSBÃã3“cc#3Ss3SƒcÄdÅ4P¥6öÇ–3&sS32Ã"ã3ccS##33SSs"ÂÓãS#c“CƒC“C#"ÃãSSC“#3c3#SC#S‚ÂÓã“Cƒ#Sƒƒ“#c#cSC‚Ãã3C#““scs#C33##s#bÃã3“cs3cccss#ƒcbÄdÅ4P¥6öÇ–3s3sƒÃrã“S#3ƒCSSc“ƒ“rÃãs##ssscS’Ããs3ƒ“ƒ“cc3S3ƒcbÃã“Cs#C#3ƒCƒcCƒs‚Ãã3C3SS#ƒ#ƒsS"Ãã3“s3“sccS3ss3#3rÄdÅ4P¥6öÇ–3vs#cc3ÃRãƒCƒ3ccCSS3#SBÂÓãSc““S#SSs#SsrÃãS#“##SCsS3#ccRÂÓã“Cc#ƒcƒ#33ƒCcBÃã3CC#3###3SC3bÃã3“sƒCƒ3C3#SSSBÄdÅ4P¥6öÇ–3s“CƒÃCƒRã3Cc33SsCCrÃã“ƒcSc##C3‚ÃãC#sCƒ#3#“3C#’Ãã“CcSssƒ#3sC"Ãã3CC“S#sc#‚Ãã3“s“Sƒƒ3Cƒ#“c3sBÄdÅ4P¥6öÇ–3sSÃcc"ãƒScƒ“3C3Cƒ#3"Ãã3“#c““3CcƒCC“BÃãCs33Sƒc3“C3#‚Ãã“CS#SCcss#cRÃã3CCS#ƒ“cS#S“C‚Ãã3“ƒCc“#S##ƒÄdÅ4P¥6öÇ–3†sc#“Ã“#bã##“s#ƒƒ2ÂÓãSCs3c#Sƒ“Cs##’ÃãSs“#scƒc333ƒÂÓã“CS“SS33S“33SbÃã3CCcCƒƒ“3S###‚Ãã3“ƒS#cc“c“Cc‚ÄdÅ4P¥6öÇ–3–sƒc3Ãcãs“S3ƒ“SCCƒ2ÂÓã#SCc#ƒSC#ƒSc“Ãã#c“Ccs##cs3#C"ÂÓã“CC“33#Sƒ33‚Ãã3CCc“#“ƒC“C3c3bÃã3“ƒS3ccSc##ƒBÄdÅ4P¥6öÇ–3ss3Ãs#sbãS3ƒC“sC“ÂÓãs#C“S3sƒ3ƒ#rÃãscc3S3#3ƒC#2ÂÓã“CC“sSƒƒ“Cs“c32Ãã3CCs“Sc3c“rÃã3“ƒS3ccSc##ƒBÄdÅ4P¥6öÇ–36sƒ#s3ÃãS“ƒ“#3sscrÃãc3S#“ƒ3s“3“cSbÃãcs#3cS“#“s“32Ãã“CCƒc#Cc“s3S“RÃã3CCs#“sƒC#“s’Ãã3“ƒS3ƒƒccC“sssBÄdÅ4P¥6öÇ–3&s“33CÃcCBã3CSSC33“ScCƒrÂÓã#3S“SSc#“S“#Ãã3s“SCC“scƒÂÓã“CCCs3cCsCcSBÃã3CC“cS“C3Cƒƒcs2Ãã3“ƒsƒscCCCc‚ÄdÅ4P¥6öÇ–3sS“SÃ3cRã##sCSCsƒ“"ÂÓãƒcSCCc3SRÃãƒcC#3ƒC3S3‚ÂÓã“CC3#ƒsc#Ss‚Ãã3CSSsƒ3sc33RÃã3“ƒƒ“3#sccsc3bÄdÅ4P¥6öÇ–3†ss##Ãc“C‚ã#“3C#Cs3sƒCbÃã##cCccƒ“s“#3“cbÃã#“ƒcCC#sƒCc#3“2Ãã“CC“sC##ƒƒsCC2Ãã3CS“ƒsccƒC#‚Ãã3“ƒ“CcSc#SSƒcRÄdÅ4P¥6öÇ–3sssÃS"ã3cc3#sssS3#bÂÓã#sSCS#“sƒ“sRÃã#“ƒ“###C3ccSRÂÓã“C3SC#CSƒ“2Ãã3CSC#3CS#c#“#’Ãã3““#3““ssS“#s“bÄdÅ4P¥6öÇ–3Fss3“SÃƒ#"ãCCs3sSSs33ÂÓã3S#C##““C3ƒ‚Ãã#3S“SCƒ“3sS#rÂÓã“C3#“SƒCcƒƒ2Ãã3CSSsCsƒC#SCS’Ãã3““3ƒ“3C“c33BÄdÅ4P¥6öÇ–36s#S3CÃƒ3s2ãccSS#S3#3’ÂÓãc“#sCsC“ss“RÃã33cC3cƒcCƒrÂÓã“C3###s“c3SBÃã3CScƒ3c#CsS3csRÃã3““CSC“ƒS“3cSRÄdÅ4P¥6öÇ–36s#S“Ã#‚ãƒsCS“#3CSc“s3C‚Ãã33“““3ƒSSsS3sBÃã3S“SC“Sƒs“3bÃã“C3ƒƒ#ƒc3C#ƒbÃã3CScs#s##CsSs‚Ãã3““CSS33ccƒsrÄdÅ4P¥6öÇ–3s#sƒÃc"ãcƒƒ#ƒSS“sccBÃã#SC““c“CS#bÃã#cc3sCS“cC“#2Ãã“C#ƒs““ƒ#cƒsbÃã3CSss““ƒ“ƒ#S#SRÃã3““SSCC3S“rÄdÅ4P¥6öÇ–3†sƒ#3Ã#crãCƒCssSS““cscRÃã3ƒƒƒƒsS“#SCBÃãCsC3c“C“#S“RÃã“C#c“cC#c#3“ƒ‚Ãã3Ccƒ3“SCcCƒCSrÃã3“““cƒSS#Ccs3BÄdÅ4P¥6öÇ–3–sS“ScRÃã“cƒ#sƒ##3cSS#’ÃãSScSs“CC##SssBÃãS“ƒ3ƒ##C“ƒSCRÃã“C#SSSS#“c3SÃã3CccC“ƒsS#cC32Ãã3“““cƒSS#Ccs3BÄdÅ4P¥6öÇ–3fscCCsÃCsC"ãcƒ#““#“C2ÃãSC#3c3S“c#’Ãã##C#s“ƒ#s#CbÃã“CS3ƒc3“ƒ“#ƒSÃã3Cc“Cc3CS3“s“rÃãCƒƒsSs3““sccrÄdÅ4P¥6öÇ–3ssÃc’ãƒs“3Cs“ƒC3Ss‚ÂÓãcƒCc#cc“SƒrÃãsƒ“C#3##“C##BÂÓã“3“ƒƒsCc“sSC3“2Ãã3Cs#sS#ƒS#ƒSsc“’ÃãCs“ƒ“C“ƒBÄdÅ4P¥6öÇ–3ssCsÃs’ã“c“sSc“C3s“##’Ãã#CSCƒ“sS“#CC#C‚Ãã#c#CSCs“c3““c’Ãã“3“c“3cSs33cSSÃã3Cs3sSƒ“S3“3#cbÃãC#cSSScƒ“c“ƒƒBÄdÅ4P¥6öÇ–3–ssCCÃC"ãs“C“3#sS3sS‚Ããc3#“sCcs##CRÃãs3cƒ#ccC##ƒ“ƒ‚Ãã“3“cSc3S3ƒ#“RÃã3Cs3“3ƒS““ƒ#3‚ÃãC#cSSScƒ“c“ƒƒBÄdÅ4P¥6öÇ–3vscCc3Ã3‚ãƒ#ƒCƒ###c#3rÂÓãS“C“c“SCc“ƒbÃã#3C3CC#Cscƒ‚ÂÓã“3“S##3ƒ#“#“#BÃã3CsCc#cSƒ#C3“#bÃãC3“sCc333ƒƒ#3BÄdÅ4P¥6öÇ–3ss“CÃBã#ƒSƒ#sc#3“RÃãSC3ƒƒs3#“2ÃãS3c““ƒ3scCSS“#BÃã“3ƒc#C#3“s#““BÃã3Cs“#SC“s“cSÃãCƒ#ƒs3scc#cRÄdÅ4P¥6öÇ–3&sƒCSÃ#SbãƒƒC“ƒCSS’ÃãCS“ƒc“CsCCsBÃãSsCs3“ƒCƒ#C“RÃã“3cƒS3ccCƒSC“S‚Ãã3Cƒƒ33ƒ3c#CSƒ“bÃãC#ƒS#ƒ“cƒ##C#ccBÄdÅ4P¥6öÇ–36sƒ“#Ãƒ‚ãƒƒ#ƒsƒƒƒ““’ÃãscSƒ3ƒs“““CCrÃãƒ3SƒƒCcs#srÃã“3cc#3c3cC3S“3‚Ãã3Cƒ“S#CƒC3sC#BÃãC#“cCc#ƒ“#ƒ’ÄdÅ4P¥6öÇ–3vs“SÃ2ãc3#CSSSƒSs#‚Ããs“ƒƒ“Scc3cCCƒ#"ÃãƒS3Sc“Sc#ƒ“ƒ3RÃã“3S“““cC3cƒCSCBÃã3C“#s33sCƒcƒ“rÃãC33“ƒ#33c“Cs3‚ÄdÅ4P¥6öÇ–3fs“S3Ã#ƒbãƒS33C#c“cBÃãsCC#3scƒƒ“3crÃãs“C“s3sS#“ƒ‚Ãã“3S“S“cs“SbÃã3C“3“##33c“c3“SRÃãC333sC33ss“SCrÄdÅ4P¥6öÇ–3vsƒƒ“Ã“ãs“ƒSsC“3s3C‚ÂÓã“sCSsƒ##“sSƒ‚Ãã#SSSS##sƒs‚ÂÓã“3Ss“CcCS3s#‚Ãã3C“3sƒ“#“##c‚ÃãC33ƒ3Ssƒ“ƒScbÄdÅ4P¥6öÇ–3fsS’ÃcRãsCsƒ“#ccSs‚ÂÓã##cSƒƒƒ“#Sƒ#‚Ãã#3c“s#s3ccccƒ"ÂÓã“3C#C3“CƒCCs‚Ãã3S“333SCƒ3“#RÃãCC#“S“C##CƒCbÄdÅ4P¥6öÇ–3fsc#CCÃCcã“Sƒcƒ##“#3RÂÓã3“ƒ#scSsƒ##ƒÃã333c#sc#“cƒ’ÂÓã“33“S##Scƒ#cs“2Ãã3S3#ƒS#ƒƒScbÃãCCC#ccSƒ“ccBÄdÅ4P¥6öÇ–3fsSC#RÃCc"ãs“3“cƒ“ƒcSCRÂÓãSƒ#ƒCcƒ“ƒƒS"ÃãssS#3S3CÂÓã“33CCƒ3Sc“cSccbÃã3SSƒƒS##s“3Cƒ#BÃãCCs33ƒC3ƒCcRÄdÅ4P¥6öÇ–3fssSSSÃ2ã3#sSsccCC’ÂÓãƒƒ“SSsc“3Ccss““‚Ãã“S3#“SS“Sƒs3sƒ‚ÂÓã“333“C3sS3ƒc3BÃã3SsCs““CC“#ƒSS2ÃãCCƒS“““s“c#SbÄdÅ4P¥6öÇ–3–s“3#Ãã“cƒƒsS“sScƒBÃãSc“C33ƒc“ƒ“2Ããc#S##“##3“ƒ#c"Ãã“3#Sƒc“CSS#3“Ãã3S33#scscƒ’ÃãCSc3ƒSCƒ3Ss“rÄdÅ4P¥6öÇ–3sC“ssÃsbãsƒc3#C“S“ƒc‚Ãã#C#s3#ccC3cƒ3#"Ãã#c3CScc#ƒC’Ãã“3#S“sC#“#cc#’Ãã3Ss3S3“#ScCcRÃãCSƒCCCsscC3S‚ÄdÅ4P¥6öÇ–3sCs#CÃãs“ssS#SSCcƒrÃãSC““SƒSCs“cSÃãSƒ““CCCƒ3CC“#Ãã“3##SS#s#3Sc“BÃã3S#Ccc“#3“"ÃãCS3s#ƒSc““2ÄdÅ4P¥6öÇ–3sSSCSÃCCcRãƒscc“c3S“bÂÓãcS3Sƒ“s“S“scCs‚Ããsƒƒ“CcCCC“bÂÓã“3“##c#cC#rÃã3S3ƒƒ#“sƒÃãCSC“ss“3ƒ#"ÄdÅ4P¥6öÇ–3vsC“CÃ#cRãƒƒƒ“cSSC3Ãã#3#ccCCƒSƒcc“"Ãã3##c#cSSC“3C2Ãã“3cSC“33ƒ“#Ãã3SS3S#s33ƒ##CÃãCScC3ƒccCSÄdÅ4P¥6öÇ–3Vs3c3Ã3cã3“ƒCƒs3cSSRÂÓãC3S“cc##sc“S“ƒs‚ÃãSC33sSƒƒSsƒC2ÂÓã“3Cƒcƒc#3sCcrÃã3S#S“SSsƒcSƒs#rÃãCc33c#Sƒƒ3BÄdÅ4P¥6öÇ–3vsCS3SÃCS"ãsƒc“3S#Sc#’ÂÓã“ƒCSƒcsss3“ƒBÃãS“#“c3S““cSBÂÓã“#“CssƒC#Cc3cS"Ãã3S#cCCcC##“SscSbÃãCcƒsC##3scCs‚ÄdÅ4P¥6öÇ–36sƒƒ“Ãs’ãcsssC3##S#2ÂÓãƒCccSccs“Ãã“S3cCC33RÂÓã“#ƒƒ#cCSCCC“ƒBÃã3S#“s““#CCs#BÃãCs##c3#s33csc32ÄdÅ4P¥6öÇ–3vssS#Ã#ãSƒS““Sc“#ƒ2ÂÓãCƒc33CcƒCc“c3SSrÃãc#ƒ“sCC“#SSrÂÓã“#ƒs““ƒCc33s’Ãã3S#““sCsSscCÃãCs##c3#s33csc32ÄdÅ4P¥6öÇ–3–sSƒSÃ"ãCƒssƒƒ#“#“S3’Ããƒ#3CS3csSccCƒBÃãƒƒs3s3cSƒ#cƒC2Ãã“#ƒ3“scSScsS“CrÃã3S33ƒc“C#cCS“##CbÃãCscSƒS“cƒƒ32ÄdÅ4P¥6öÇ–3vscCƒ3Ã3ƒRã3“ƒ#3sS3ƒBÂÓã#C3S#SC“s#3“ƒRÃã3“sC#scc3“#"ÂÓã“#sƒsS#3ccc#s#’Ãã3S3Cs##“Cs3#rÃãCss##“s“cƒ““#‚ÄdÅ4P¥6öÇ–3sS32Ã#sBãsSƒƒSSsC3ƒ“RÂÓã3#Sƒ3#Sƒ##S3‚ÃãC3sCCs3“s“c"ÂÓã“#sC#SC3cCcSrÃã3S3“CCCSƒ3sCƒRÃãCƒ“SƒCƒC3##2ÄdÅ4P¥6öÇ–3ss“csÃãSCcCCc“s3c2ÂÓãSƒ#sƒSƒƒCssC‚ÃãSS“Sƒ3csƒss#s"ÂÓã“#S“ccs3CCcƒc2Ãã3SCCƒ“#ƒSss“2ÃãCƒƒCCsSC3“Sc#ƒ2ÄdÅ4P¥6öÇ–3†ss3“Ã3ãcS“csƒ33“3c’Ãã3CSs#3SsSƒc"Ãã3cƒSCC333ƒSƒS2Ãã“#SSƒ#3“#C“bÃã3SCc“cCCSscS2ÃãC“Ss“cscC3Cƒƒ‚ÄdÅ4P¥6öÇ–3&sƒ3SCÃ#srã“cƒ3SS3ƒS“BÃã#ƒ“C#s“““#srÃã3ƒSSSS#3“Sc“bÃã“#CscCSƒ3ƒsss’Ãã3SSƒƒS“ƒ3c“ƒ"ÃãC“CSƒƒ“Cc3“"ÄdÅ4P¥6öÇ–3&s3ƒ3sÃ#2ãC#3Cs“s3CSc“bÃãS##“cScsCsƒƒbÃãcCcƒC#C“S#ƒsƒbÃã“#Cssc3C#3cCS“C2Ãã3SSƒ##Sƒ“ssƒsbÃãC“CSƒƒ“Cc3“"ÄdÅ4P¥6öÇ–36s3“sÃS#Rã#CCs“Sƒsƒ‚ÂÓãsSsƒcssCsS"Ããsc#ƒ#Scs##S“ƒ“’ÂÓã“#CC#ƒsƒS““"Ãã3SS#c3S3Ss3ƒc‚ÃãC“c3CC3ƒ#ƒs3#c#bÄdÅ4P¥6öÇ–3&ssCÃs"ãSsCs#c#ƒ3SC‚ÂÓãSƒ3ƒ3S#S3““#3c"ÃãcC3##Ssƒ“cscC"ÂÓã“#C#c““###“Ãã3SSCs#s#ƒS“s““rÃãC“ƒSCcƒ3sÄdÅ4P¥6öÇ–3–s“#C#Ãƒãƒ#csSƒs#CS#ƒ"Ãã##s“csc#c3CCRÃã#“SS3cs3CƒrÃã“#3cSCSƒCCCsss’Ãã3SSccc#“s"ÃãCCss“S“c“ƒ2ÄdÅ4P¥6öÇ–3sƒ3CÃ‚ãssc3sSc33#SS3RÃãC##3““#ss#“S3rÃãCSƒCCƒ“sS“3S’Ãã“#“ƒc3C“ƒCcƒ‚Ãã3ScS3Sc“c##cs#SRÃãC#CC3ƒƒCSCSBÄdÅ4P¥6öÇ–36s#“ÃãcSƒ3sƒ33“c3ccBÃãSƒSƒc“3ƒ#SccsRÃãc3c#s3s“sƒCcRÃã“#ƒc3“sc3c“sƒrÃã3Ss#ƒSC“3ƒƒC2ÃãCcsC3c#SSƒ3CBÄdÅ4P¥6öÇ–3FsƒÃƒCã“CS#s#ƒss#BÃã“CSCƒcss3ccRÃã#ƒ3c3#3s3Cƒ’Ãã“#CC“C“3cCrÃã3Ss33ƒCS333CƒÃãCƒ“sƒ#s“s3SsRÄdÅ4P¥6öÇ–3&sƒƒcSÃ"ãS#ƒSSsƒ3SSsCCBÂÓãCs“Sƒƒƒs“s#c“bÃãS#SS3S3C3ÂÓã“#3ƒc#ƒ3ƒ3S‚Ãã3SsC“ƒ#CCSSCrÃãC“SCcCƒs3s“SbÄdÅ4P¥6öÇ–36s#scÃ’ãsCcƒCSCƒƒCc#bÃãSc#s3c““3SCS3C2ÃãcSCCCCƒsƒ3SSbÃã“##3C““s3Cs‚Ãã3SsCC““c“3CSCc3BÃãC“SscƒC3s#ƒS2ÄdÅ4P¥6öÇ–3vscc##ÃSS#RãC#cƒCc“sRÃãscƒsssc#cc““s#ÃãscƒcƒS##332Ãã“####ƒSs3“bÃã3SsCSs#sS3C“ÃãC“SscƒC3s#ƒS2ÄdÅ4P¥6öÇ–3fsƒ3Ãsãcƒ#3SCƒ3ƒ3’ÃãSc###s“cC#3BÃãC““#ss#Ss“BÃã““ƒcC“C##“ƒƒRÃã3SscC33Ccsƒ#"ÃãC#Cc#ƒS33#“CBÄdÅ4P¥6öÇ–3sSC“Ã3ã3S3SsƒC#cƒ2ÂÓãc3#Sc#ccƒcS‚Ãã#cSƒ““ƒCScCc3#2ÂÓã“ƒ“C“c3scss“c’Ãã3Sƒ#“S##Cƒ#cBÃãC#cs“#SSƒÄdÅ4P¥6öÇ–36s“S3Ã"ãCS““S#3#3’ÂÓãSCs3S3ƒ““3ƒCƒrÃãSƒs“ƒCc“Csƒ33#CbÂÓã“ƒcƒc3“C#sC“3"Ãã3Sƒ#S“c#ƒCƒc33ƒRÃãC#ƒCs3SSƒC#ƒRÄdÅ4P¥6öÇ–3ssƒSCÃ#C"ãsƒ“#ScCcƒ“C‚ÂÓãƒC#ƒSS““sSc"Ãã#ccc3“ss3ƒS"ÂÓã“ƒSsSsc#ƒsC“#rÃã3Sƒ3sSCCSccƒ32ÃãC#ƒCSSSs3“c#S#SbÄdÅ4P¥6öÇ–3sƒS“Ã#’ã3c#s#sƒ“ƒc“BÃã3#3cScsSsCSCS‚Ãã3S#CCC3S#S“#BÃã“ƒ3#s3SCsc“3‚Ãã3SƒCS“sCcc3CSrÃãC#“s3CC3csc#RÄdÅ4P¥6öÇ–3†sCCSÃCC’ãCSƒ“#ƒƒCC#"ÂÓã3ssc“cs#crÃã3s3Ss“c3sƒ“RÂÓã“ss3SC3“ƒ“32Ãã3SƒsSsS“c#CCs“RÃãC33ƒc3“ƒ#S2ÄdÅ4P¥6öÇ–3&sƒc33Ã#crãcSsƒ#S“rÂÓãs33“““SS“ssbÃãsss#S3#s3ƒ3“s“2ÂÓã“s3CsSs##ƒSC2Ãã3Sƒ“cS3s#“S#s"ÃãC3Sƒcƒ#cCsc2ÄdÅ4P¥6öÇ–3Fss#SÃsBãƒƒ3ss#ƒ#SbÃã#S3S3“3#Cscƒ‚Ãã##CCƒ“S#S“3#BÃã“cSss“CS3c#3s“BÃã3S“3c3ƒCScƒC#ccbÃãC3“Cs33ƒSSsƒ#RÄdÅ4P¥6öÇ–3VsSc3Ã#SBãSC3ƒ33sS“SBÃã33cSƒCSsC“rÃãC333Cccc3cS2Ãã“cCcscƒ3Ss#csRÃã3S“C#cS“ƒSBÃãC3“ƒs“ƒ#““sssƒrÄdÅ4P¥6öÇ–36s##ÃC3ã#Cƒss#SSccƒs3bÂÓã#S3#css#“#rÃã“CcsC3ƒ“Cƒ3ƒ‚ÂÓã“S“sS3#ƒCc‚Ãã3S“sƒ“S#s3ƒs“ÃãCC3CCc3Sƒ#c3"ÄdÅ4P¥6öÇ–3fsc#sÃSbãCƒs3#ƒS3CƒCÃã#3c33CS#s“S3“S‚Ãã#Ssƒ3ƒ3S#cs““ƒ2Ãã“Sƒ#Sƒ32Ãã3S“scC3s#3ƒCbÃãCC3#c“ƒsC“ƒ3rÄdÅ4P¥6öÇ–3fscSƒÃƒbãscsC“#CCs“ÂÓã##“S3#“Sƒs3rÃã##c3S3#ƒƒC##c"ÂÓã“SssƒS33#ƒ3c3rÃã3S“ƒ#CCƒƒCSc‚ÃãCC3c“ƒc##c#c#rÄdÅ4P¥6öÇ–3s“cscÃSsã3ƒƒ“S3ƒƒSc2Ãã“SCcƒ“““s“3BÃã3“Sƒ#ƒ“#ƒcRÃã“Scs33ƒ3“SSC’Ãã3S“ƒs#ƒƒ““s3ƒƒ2ÃãCC3ssƒ““ƒccƒ“ScbÄdÅ4P¥6öÇ–36ss3sÃcRãcSc##s3ssS"ÂÓãS#scSƒ#c3SSS‚ÃãccssC#cS#s3c“c2ÂÓã“ScCSsssc“cƒƒƒ"Ãã3S“ƒS#s#ƒs“C“BÃãCC3ssƒ““ƒccƒ“ScbÄdÅ4P¥6öÇ–3&sƒ#SsÃƒã“3Cƒ333“"ÂÓãƒƒ3ƒCS#ssƒƒ#"Ãã“c#sC#ƒcƒƒƒ“ƒ‚ÂÓã“SS#3SssccsCƒ"Ãã3S““ƒS##“#c#bÃãCCCCC“C#s3C2ÄdÅ4P¥6öÇ–36ssCcRÃ3BãssSC3#“SSCC“cBÂÓã33sƒC3CSS“ƒSƒ2Ãã33##3sƒƒ33#S"ÂÓã“C3Ss“3S“ƒc#C"Ãã3cS#ƒs“c“SCƒ#bÃãCSƒS“SC#ƒC“BÄdÅ4P¥6öÇ–3fsc“cÃss"ã““#ƒcCc3ƒ“srÂÓãCS#csCss“ƒC2ÃãC3“ƒ#cSƒCcsrÂÓã“3s“3sƒ#“’Ãã3cƒc“cccS3"ÃãCSCCsSƒcƒ“‚ÄdÅ4P¥6öÇ–3s“CC2Ã#ƒã““SSƒƒƒcÂÓã“sS#“sSƒƒ#ƒ“ƒƒBÃãcsƒ#CCƒscRÂÓã“33ccc““c“ƒ3SrÃã3cS#ƒƒ3CsSRÃãCSc3#CƒS#C3c“c‚ÄdÅ4P¥6öÇ–3vsS3cÃc“BãsC3sSCcƒsRÂÓã“cSSc“sc“CSS#’ÃãSsC#“sC#“ƒ3s"ÂÓã“3#cƒc“cSS’Ãã3cs“sƒƒCƒ“BÃãCSs#Scƒ#c““s3#BÄdÅ4P¥6öÇ–3sS3cÃRãc“s“3#33#cRÂÓãCcƒ“ƒCCƒcsSRÃãS#c3“ScC“#SBÂÓã“33cCC3ss3BÃã3csƒcC#ss“bÃãCSs#Scƒ#c““s3#BÄdÅ4P¥6öÇ–3†ssSCSÃã“CccƒCS#ƒ“sƒ“‚ÂÓãSsCscsssCC##ƒBÃãc#“CS3#““CS3ÂÓã“3#Ss3“#cC33bÃã3c##“sƒ#“ƒRÃãCSs3“#3SƒSBÄdÅ4P¥6öÇ–3&sƒCcÃ#’ãccCsc3s3ƒcƒ’ÂÓãC3c#““#CS“CBÃãCs“sCƒ“3ƒCSc#RÂÓã“33CCC#Cƒsƒ“RÃã3c##CC#s#ƒ#ƒ3cbÃãCSs3“#3SƒSBÄdÅ4P¥6öÇ–3sCCsCÃƒSRãs““S3CSƒ#CC"ÂÓã“sCcC“ƒCSS“CBÃãcCc“3sscSƒsS"ÂÓã“#SsSS#“CSc2Ãã3cSS“S3s3sCbÃãCcƒsc“s3SƒcCrÄdÅ4P¥6öÇ–3Vs“#S2ÃsRãƒ3Ss##ƒ3ƒSrÃã#C3sss“3SsS3ƒrÃã#cC#ƒ3sƒs#sss"Ãã“#S3#S3ƒƒƒSc"Ãã3csCcƒCS3s33"ÃãCc#csƒSc#cc#CRÄdÅ4P¥6öÇ–3sƒRÃ#c3ã“s3CSCS3bÃãƒ““cscSCcƒS"Ãã“sssSccbÃã“ƒ3#c“ccS#sBÃã3cƒScƒC#C“C““’ÃãCc3sSCSss#“c“‚ÄdÅ4P¥6öÇ–3FsSccÃ“ƒBãSC3c“CscS3ƒ‚ÂÓãƒs3“ƒs3“#c3bÃã“SƒcSS“#S“cƒcsRÂÓã“cs“Sƒsss“sRÃã3c“3sCc3S““#BÃãCcCC#SCc#SCCÄdÅ4P¥6öÇ–3VsS3sCÃsRãCSS#3“#ƒ2ÂÓãC#Ss3SS#S“s3‚ÃãSc333ScCS“#ƒƒS2ÂÓã“SS“SSs“Cƒ“ƒ"Ãã3c#c““#S“C‚ÃãCcCsCc#S#ƒ“’ÄdÅ4P¥6öÇ–3fsc#ƒÃ"ãsC“3ƒSC“CCƒrÃãcs#3cssCsSsRÃãcS“#s#“c#scÃã“S3““33SscC"Ãã3c#“scCCƒ“2ÃãCcCsCc#S#ƒ“’ÄdÅ4P¥6öÇ–3&s3“#Ã3#SãsƒScSS““’Ãã““ƒScc33CsCBÃã3s3#CcƒS“SRÃã““##ƒcƒ“c’Ãã3c#33cSS“s#C“RÃãCcƒ##CcC#cCsBÄdÅ4P¥6öÇ–3vsc##ƒÃbã3Ccsscc#SƒBÂÓãCccC3ƒ#CscsSsrÃãS#s“Sc“c#Sƒ“RÂÓã““sSC“3#3SsrÃã3c#“S3Sƒ#sc3#SƒbÃãCsScss#ƒc“cCs2ÄdÅ4P¥6öÇ–3vssƒ“Ã#c2ãC“S3s#“C“"Ããs3sCƒƒc“#3s#Ããss3cc“Sc#ssƒ‚Ãã““c3CSSƒScS“3rÃã3c3S#cc“ƒ“cBÃãCsSSS“ƒsc3SSs2ÄdÅ4P¥6öÇ–3scƒ3ƒÃRã#ƒ“CSSCsƒc"ÃãCƒ#ƒsƒSs“sƒ3cbÃãS3ƒ“#CsC3C##S’Ãã““SCSC“C33“#S"Ãã3c3c##SCssc“CRÃãCsSs“SsSsƒ3ÄdÅ4P¥6öÇ–3†scSsÃ“’ã33CCs3ƒcC“#’ÂÓã#3“s3ƒc3“3sc#rÃã##C3#““c3ƒ“’ÂÓã““3Cs#cƒ###Ãã3c3ƒC“CƒS33c2ÃãCsc“3C3#ƒ##S3ƒBÄdÅ4P¥6öÇ–3†sƒ3Ã3ãcƒƒsc#33Cs’ÂÓã“#Cc3ƒƒsSƒ3CS2ÃãsƒCƒcsc32ÂÓã““Cƒ#3CcSƒ2Ãã3c3#s“#ƒCS3bÃãCsscƒ3csc3#S3ƒ2ÄdÅ4P¥6öÇ–36s#c33Ãƒ’ãCsS3ƒs##cƒRÃãƒ“ƒƒcccs#“C#Sƒƒ‚Ãã#ƒƒƒ3#c3scsCS2Ãã““ScCƒ#rÃã3c33#3S#“ƒ#crÃãCss“s“C“#3S#CbÄdÅ4P¥6öÇ–3Fs“ÃSãcccC“ssS‚ÂÓã#33C“ƒ3Sƒcƒƒ2Ãã#3##s#ccC3#s“3‚ÂÓã“ƒ“ƒ“ƒcs##SRÃã3c33SSCsCCƒƒS"ÃãCsƒ###ƒscsƒrÄdÅ4P¥6öÇ–3s“ƒsÃcbãcc“##3ƒ’Ããsccsc“““S#“rÃãƒC3sCSsCƒs“##‚Ãã“ƒssCSSƒ3s"Ãã3c3Cc“c“#SC“2ÃãCs“cs“c#C3“ssÄdÅ4P¥6öÇ–3Vsc3Ãc“Rãc#c3ƒ3"Ããƒc“““s“3#“sSs“"Ãã“SsSs3#CsCc#rÃã“ƒcs#Sƒ#CScbÃã3c3SSsCs3“s“ÃãCs““#ƒCs“ƒƒs‚ÄdÅ4P¥6öÇ–3vsS#s#ÃSSRã##C“Sc“3‚Ãã“c#C“sƒ3Ccƒ3"ÃãS“c#SC#S3ƒS2Ãã“ƒ#cCCs3sƒ#CsrÃã3c3s3ƒcs“ƒ“CcC’ÃãCƒsC3cƒSss2ÄdÅ4P¥6öÇ–3sscSÃSSBãSC3cƒc“SRÂÓãS3cC“#ƒ“ccc“BÃãcƒSƒC3#c3Cs“cC2ÂÓã“s“C#ƒ#s““RÃã3c3“ƒC3ss“ƒ‚ÃãCƒ3C33c“s3crÄdÅ4P¥6öÇ–3&s“3#ƒÃS‚ãƒc“SSs3C“sS"Ãã#SC“cSƒ3CCƒƒƒ’Ãã#ƒƒ3ss3ƒCSsBÃã“sƒ“SC#S#c“3cƒÃã3c3“33CsCƒCC#“#BÃãCƒ3CS“ƒ“sCƒsƒƒSbÄdÅ4P¥6öÇ–3vsc#Ã##3ãƒ““#c#cƒbÂÓã3c#c#CC3CcBÃã#CScc3““c#cƒÂÓã“s#s“ƒƒS#Ss##’Ãã3cC#Sƒƒƒ3s““S3RÃãCƒc“3sƒ3ƒ3ƒSCRÄdÅ4P¥6öÇ–3fsc“sƒÃƒcbãƒ#“33cc3SrÂÓã“#s#S“ƒSCbÃã3#ƒ“CSƒ3#c3BÂÓã“sSƒCƒCcSƒbÃã3cC3#3##C“#sƒ3’ÃãCƒs3#3sc3S3SbÄdÅ4P¥6öÇ–3s3#ÃƒC2ãƒ3sƒcsSBÂÓã3s#C“Cc3“S"ÃãC33ƒƒ““3cƒc“ƒS‚ÂÓã“s3##sCs#CcSRÃã3cC33s“3S#“““bÃãCƒs3#3sc3S3SbÄdÅ4P¥6öÇ–3ss3#3Ã“‚ãsc#ccCS3CSrÂÓã##c#Cƒc“3ƒ##RÃã#C“sSc“c#3“c“ƒ"ÂÓã“SƒsSSCC#3#S‚Ãã3cS“ƒ“#S#cc#bÃãC“Cc“3C3cS"ÄdÅ4P¥6öÇ–3vs“##ÃSbãS#sƒsc“CCs#3’ÂÓã#s3#3ssƒs3SCsC3BÃã3“cSc3s“##3RÂÓã“SCƒ““S‚Ãã3cSCC3s#3CS3SccbÃãC““Ss3S#sCCbÄdÅ4P¥6öÇ–3vsSS3#ÃSsSRãcs#CcC#sÂÓãSs“#CC“cCc“CƒRÃãc3#CcC3“ƒ‚ÂÓã“C#ƒ3c#3cSƒsCÃã3cSƒCS#ƒ#SC3sRÃãC#3ƒSc##C3“SCbÄdÅ4P¥6öÇ–3FsScS2Ã3Bãƒs““ssCccbÃã3ƒ3ƒ“3ssCs#bÃãC#3““C##cCc3CƒsBÃã“3scc“sssÃã3cc##3c3s#s“SBÃãC#css“3“sCcS3srÄdÅ4P¥6öÇ–3ss3“Ã3’ã“ƒsCs3SCRÂÓã#““ƒsC33#ƒ3cc#bÃã33##S““sƒSC3s3ÂÓã“#ƒ“3#ƒ3ssSƒS2Ãã3ccSƒ#S3SSs#ÃãC#ƒC#ƒƒ““‚ÄdÅ4P¥6öÇ–3†scƒ3sÃ#CcrãS“3“CscC‚ÂÓãssƒSCƒƒ#3S3cSC2Ããƒc#ƒ#ƒ“s3ƒ“Sss“RÂÓã“#3#3scƒSS#2Ãã3ccƒƒc3#Cƒ‚ÃãC#S3ƒCScƒSccBÄdÅ4P¥6öÇ–3&sscsSÃs’ãCSs““#cS3#ƒƒÂÓã#C33#C“cscS33"Ãã#cc3csSss3“Sc’ÂÓã“##SƒS3CC“Csƒ2Ãã3cc““SCscCSrÃãC#SC“3ss3C3Cƒ2ÄdÅ4P¥6öÇ–3–sS3rÃbã“cs3S#sSS3CCc32ÃãsCC“CCCss“#ƒ2Ããs“#Ccƒ33sCƒCRÃã“#ƒScSss#c“bÃã3cs3“CcC33csCbÃãC#S“CS33ƒ33BÄdÅ4P¥6öÇ–3sƒ3cÃS‚ãCCƒc3ƒcS2ÂÓãcƒ3cc#SƒƒSSS‚ÃãsSsC“C3ƒ3C3#SƒbÂÓã“ƒƒ3Ss3“ƒÃã3csSs3sCsSƒsƒRÃãC#s3SCC#CCC2ÄdÅ4P¥6öÇ–3sscƒÃsrãs3sƒsƒƒƒ#c“c"ÂÓã3S#3sCC#C3cƒ3bÃãS#C“cC33ƒS#ƒbÂÓã“Scs“3c32Ãã3cs#ƒcC33ƒ“ƒcbÃãC#ƒSs3##CCSSbÄdÅ4P¥6öÇ–3†sƒ#“Ã3rãsSs3S3CƒS’Ãã3s3#CsSC““BÃãC““3“s33Ss“rÃã“CS#Ss#cS3Ãã3csScC3ƒ3ƒƒ#ÃãC##S“3“c#SRÄdÅ4P¥6öÇ–3vssscÃ#‚ãs““C“33"Ãã#“ƒ“##3“#c3rÃãCC#ƒ#ƒCccs#BÃã“sc3sS#333S2Ãã3cssSssSƒƒs3bÃãC###“scƒ#“#cc3ÄdÅ4P¥6öÇ–36s“s#Ãs32ã33s#c"ÂÓãƒƒSc3“Ss3s“2Ãã“ƒ3#3c33“33ƒcs“‚ÂÓã“s33sƒ33cSBÃã3cssCc#33Ccs3s#SbÃãC##3c#ƒC“s“333BÄdÅ4P¥6öÇ–3vss“cÃS“2ã#C“3#ƒc#Cƒ’ÂÓã#“c33Cƒƒ3S3‚Ãã3Sƒ3SSSsSsSSbÂÓã“ccccS#S‚Ãã3css“Cƒ3#s“cSsBÃãC##33Ssƒcƒ#3BÄdÅ4P¥6öÇ–3scƒ“Ãã3cC“cscs2ÂÓãƒS3“#“c#“3Cƒ“ƒ2Ãã#ccS3SCƒƒCCcrÂÓã“#s3#ƒc“cSÃã3cƒ3C3c#S“S“srÃãC##Sc33s#ccCsRÄdÅ4P¥6öÇ–3&sScCSÃ##ãC#ScCƒƒC3s"Ãã33s“sCC#Csƒ"ÃãCCƒ“SSƒcccSC“CÃãƒ““sSƒsc“ƒ3cc"Ãã3cƒ#C“““s‚ÃãC##ƒCCssC#“3"ÄdÅ4P¥6öÇ–3sƒÃ“Rã#3C“ƒcs##"Ããƒ“sSc33cS“3BÃã#“c“sSƒ3“#s"Ããƒ“ƒCSCCCCsSÃã3cƒ“C33CCc“#rÃãC#3SsSc#ss“srÄdÅ4P¥6öÇ–3–s“#CcÃcc’ãc“3#CcCRÃãcƒ###s##3SBÃãƒƒSƒSsss3#rÃãƒ“ƒ““33C3“CcSRÃã3c“3#cS#““ƒsBÃãC#3scS“ƒ#S3ƒ#s"ÄdÅ4P¥6öÇ–3Vsƒ#sÃ#CRãƒCC“SS“#S#RÂÓã#ƒ3“ss#CS““C‚ÃãC3#SSSƒcƒ“RÂÓãƒ“scsss““3C#c#’Ãã3c“3Sscsƒƒ“3s3bÃãC#3““sƒ“3sCsC#2ÄdÅ4P¥6öÇ–3†sƒ“CRÃ“ƒ3ã#CCSsS“C“#’Ããssƒs“ƒS#c“3bÃãƒc#c“ƒƒ3“3cbÃãƒ“cCC“c3“sC“cƒc’Ãã3s#ccSS3“#SRÃãC#Cc“cs3ƒ#ƒ#RÄdÅ4P¥6öÇ–3s##ÃBã3##ƒ“#“ScƒCƒ3BÃãSCCCSCCSCssÃãc#S3#Cƒƒƒ3Cƒ"Ããƒ“cCSs3““cc“#BÃã3sƒccC“CcBÃãC#Cc“cs3ƒ#ƒ#RÄdÅ4P¥6öÇ–3sC3SÃƒ3BãSCƒ“#33C#ƒRÂÓãƒCCs##ccsS3crÃã“C#Cccƒ##SC’ÂÓãƒ“c3#c3#3SS“bÃã3ssƒcc“sƒ“C#BÃãC#CsCS“c“sCS3ÄdÅ4P¥6öÇ–3&sƒs3Ã3s‚ãƒ#3S33s“ƒcBÂÓãƒccc#scSccƒS2Ãã“ccCs“3sC3ƒC‚ÂÓãƒ“c##s“#s3#C“’Ãã3s3C#“ƒSc3RÃãC#Css“SSƒ“cs#“2ÄdÅ4P¥6öÇ–3vscSc3ÃƒsBã“ƒss#Scs3‚ÂÓãcccS“c#3sSsSBÃãsC3scƒ33CƒS#ÂÓãƒ“c3“33S“#cc“RÃã3ssƒCSƒc#ƒ“SsÃãC#CƒsCS3“S“C3bÄdÅ4P¥6öÇ–3sCC#SÃc#BãCcSƒƒS#c#3ÂÓãƒ#C3“C“ƒ2Ãã#sSƒSs33S“ƒƒ“"ÂÓãƒ“c3ƒ33cS3#sBÃã3s#3##ƒƒs“ƒ“ƒbÃãC#CƒC#sc“#ƒ#Cs"ÄdÅ4P¥6öÇ–3vs“3SÃƒbã3c#sCcs3bÂÓãƒ#SsCS3cs“CS3BÃã“##CS“3s“cCcBÂÓãƒ“SSc3Cc“ƒ3ƒrÃã3ss3Scƒ#S3‚ÃãC#S3Scƒ““C3“sÄdÅ4P¥6öÇ–3s“ƒCƒÃ32ã“ScS“CcsCcsC2ÂÓã3#sS3c3c“CCs"Ãã3cS3Ss3sc#c“#ƒƒrÂÓãƒ“SScC#CSs#C“"Ãã3ssSssc““S33BÃãC#S3“s“SC3cƒbÄdÅ4P¥6öÇ–3s“ƒÃƒBãC“SC“#““SSBÂÓãƒ3s#CCƒsc#Ccƒ“BÃã“3ScƒSCS##“3rÂÓãƒ“Cs“33CƒcCƒ#"Ãã3sƒ“sSccScsRÃãC#SS#cC#ƒcC3CBÄdÅ4P¥6öÇ–3s“cSÃ3RãSs#““ƒ3#RÃã#c#SCSSCcS3SBÃãC#3cs3sSS32Ããƒ“Cc3s3“##ƒS#s’Ãã3s“ƒ“ScCƒƒc#ÃãC#SS“#“sƒC“ƒs#“RÄdÅ4P¥6öÇ–3&sCS“RÃBã“s3CƒsC#3ƒBÂÓãS#Sƒ3s#“3#ƒCs"ÃãScs“s33#sCƒ##2ÂÓãƒ“CS““sƒccƒ#BÃã3ss“ƒ#cC"ÃãC#SS“#“sƒC“ƒs#“RÄdÅ4P¥6öÇ–3FscC“Ã#’ãSƒ“3S#33scsssƒBÂÓã33ƒSCC#“#332Ãã3sƒ3#cs33#c2ÂÓãƒ“C“C3ƒSƒRÃã3s3#sƒsS3C#‚ÃãC#S“333ƒCsƒCcCRÄdÅ4P¥6öÇ–36scÃC#BãCC#SSC#ƒƒ“"ÃãCƒsC3SƒS“csƒcbÃãs3#c#S3ccƒƒsCbÃãƒ“3ƒc“Cƒ“ƒ#cƒS2Ãã3s3“s#3s#cƒ3"ÃãC#S“ƒs#SCCc#ÄdÅ4P¥6öÇ–3–ssSSÃ3RãCSc#3ƒ“s##ƒ2ÂÓã33#s“Cƒƒ““c#c#bÃã3s#c3ƒ““#cS3S’ÂÓãƒ“3#CC“3Sƒ“S#"Ãã3ss“SS#Sƒƒ3“2ÃãC#cCsƒscs#““Cƒ2ÄdÅ4P¥6öÇ–36s“c3SÃ2ã#ƒC“#ƒ33cSsƒ2ÂÓãS3CƒScc“Ssƒs#“BÃãS““SccCSs3cS“bÂÓãƒ“#s“Ss“SS“2Ãã3s#3S#ƒ3C3SƒSsƒRÃãC#s33#cƒ“C“RÄdÅ4P¥6öÇ–3†scs#sÃ3ãsC3c3#csƒc3ƒ"Ãã3#Css“SCC33ss“2Ãã3cC3c#ƒc#3rÃãƒ“#Scƒƒ“ƒc3Ãã3s#3ƒ“ƒƒ3Ss“c"ÃãC#sS“sƒƒs“sbÄdÅ4P¥6öÇ–3fsSS“ÃCCrãC#ƒ“S##sSCsbÃã“ƒ“Ssc33#CcC3rÃã“C“3“3S“cC““rÃãƒ““s“S“sS3“bÃã3s#CC#Ssƒƒ#ƒ#srÃãC#sƒ3Sƒ“#““cRÄdÅ4P¥6öÇ–3&sc“SÃCãC#cCS3“s"ÂÓã#sScCS3#“C“#ƒ2Ãã3“#ƒS3SS“Sƒƒ‚ÂÓãƒ“3Cc3Ss#‚Ãã3s#ƒSs##“SsSCsC“bÃãC#sS3CSƒC3s#“scbÄdÅ4P¥6öÇ–3s“##Ã#sbã33“3S“#3ƒ3BÂÓãƒCCcƒsc“CCS’Ãã#s##3“#sSc"ÂÓãƒ“Ss#c“c3bÃã3s#ƒ“ƒS#cƒ#ƒCcs2ÃãC#sSSS#cƒC#cs“3‚ÄdÅ4P¥6öÇ–3s“ccÃ3ƒãs3s“3“3C"Ãã“##3Cc3sS##ƒ‚Ãã3CSƒSCsSsscbÃãƒƒ“S3s“CƒsC“#SrÃã3s3sC3ss#3s“sRÃãC#ƒCc3Sƒs“Cs#rÄdÅ4P¥6öÇ–3VsS““ÃSRã33S#SCSƒ’Ãã#Cƒ3S3“cCSCsbÃã#ss“###Csƒƒ"Ããƒƒ“#CsS#3ƒ#3s’Ãã3s3ƒscsc#CBÃãC#ƒSƒ“Cƒ“csbÄdÅ4P¥6öÇ–3sSsSÃ#Bã“cC“#ƒSc#3CSCrÂÓã3CS“sƒƒ#S#“C3RÃã3ƒ“CSc#sS“3c#RÂÓãƒƒ“#ƒ#C3ƒscC’Ãã3s3ƒS#Cƒc3“sCS3cbÃãC#ƒSƒ“Cƒ“csbÄdÅ4P¥6öÇ–36s#C#Ãƒ2ã#33SC#ƒcrÂÓãƒƒ“#c#Cs3ƒƒƒ’Ãã##S#s3sS3“sS#“bÂÓãƒƒƒƒ3“##“ssRÃã3sCƒ“c33#ss2ÃãC#ƒƒCssS“c2ÄdÅ4P¥6öÇ–3VsS#“Ã33ãƒƒ“““S#"ÂÓãc3CsS33ƒƒC332Ãã“cc“Sƒc3CssbÂÓãƒƒƒs““s#s33#c3"Ãã3sCs##CS3CƒRÃãC#ƒƒCssS“c2ÄdÅ4P¥6öÇ–36s“s“Ã#2ãC3ƒCC#cƒs“sBÂÓã3csS#cƒCCC#cƒBÃãC3S3css3c##ƒcƒ2ÂÓãƒƒƒcƒ“ƒcC#ƒ#CBÃã3sCsCCƒ3Ss3S2ÃãC#ƒƒSs#ss#ƒ3bÄdÅ4P¥6öÇ–3VsSCsÃ#cC"ãcSƒ333“S3cƒBÃãƒCƒ#Cs33ƒCcs“rÃã“SCSƒc#cSsSBÃãƒƒƒSc3“ƒ#ƒc’Ãã3sC#3sƒsc“C“sƒCRÃãC#ƒ“3csS#“ƒ2ÄdÅ4P¥6öÇ–3&s“ƒ““Ã#C’ãCS#sscSƒ#C#bÂÓãSƒCS3“cccsC3S’Ãã33s#sc##c#Sc"ÂÓãƒƒƒ333ƒcCCCBÃã3sC3cƒ“c#3rÃãC#“ƒ#C“3#“ƒSbÄdÅ4P¥6öÇ–3&sƒƒ“SRÃ3’ãSsƒCC3ƒ3“CcÂÓã#““SƒcS3sBÃã33sCƒs3SCc3#RÂÓãƒƒsƒsc33sƒCƒCc"Ãã3sCcs#sC3CCƒrÃãC#“#s3S#ƒ#S3cÄdÅ4P¥6öÇ–3FsƒscÃ#“"ã3#3c““Csc#CRÂÓãS“S“s#cSsSs33‚Ããƒƒ“C3Cs#ƒcrÂÓãƒƒc#“CsScƒ2Ãã3sSS3ƒƒƒƒCƒ#S2ÃãC3#sC3sSCƒscbÄdÅ4P¥6öÇ–3VsS3“CÃ33ã““S#sc#sbÂÓãsc““#csƒ3c##’Ããƒcƒƒƒ#cSs33S“‚ÂÓãƒƒc“CS#s“#s“s2Ãã3sSSccS“Scƒc#2ÃãC3#“#3C3S#3“S3rÄdÅ4P¥6öÇ–3sƒCcƒÃCbãƒcssC“ƒ3s2Ãã#Sccc3s“Csc“"Ãã#ƒ“cSƒss3#3ƒ“sbÃãƒƒcS3#ƒSRÃã3sSSc“Cƒsƒc“#RÃãC3#“#3C3S#3“S3rÄdÅ4P¥6öÇ–3Vsc““Ã’ã#3“c“S#“scBÃãC3sƒcƒsS3ƒ3S3#bÃãC“CƒSSƒƒCÃãƒƒCƒC“cƒsS3#3ƒ‚Ãã3sc#3sscsS“ƒ"ÃãC33C3ƒc#ƒsƒS32ÄdÅ4P¥6öÇ–3vsS3RÃ3bãcC3“ƒ#cSCSC“bÂÓã#ƒc3sƒsƒ33cC#c2Ãã3#3““CSCScS#"ÂÓãƒƒ3ƒ““Cƒc#csCC‚Ãã3scsSCsCSs“CƒbÃãC3S“C“3ƒ#Sc3cbÄdÅ4P¥6öÇ–3&s“S3ÃC#Rã3ƒ#sSƒ“CsCc"ÂÓãC#3C#“sc#s“c2Ããƒ3##“sƒCS“sÂÓãƒƒ#“#333ƒS3“BÃã3ss#ssƒSsƒƒ##2ÃãC3#s#c#3S3#C32ÄdÅ4P¥6öÇ–3fscƒCÃƒ3‚ãCsc3ssƒcƒS#"Ããƒ33CsC3“c3bÃã“CCs“3c3#csrÃãƒƒ#sc#C“ƒ#ƒ2Ãã3sscƒSƒsScCc2ÃãC3#csSƒc“C“c#“cBÄdÅ4P¥6öÇ–3fscƒsCÃcƒ‚ã“sƒsƒCSs"ÃãƒssSCSƒsS“S##ƒbÃã““C“3ƒ#SƒƒsSc’Ããƒƒ“cƒƒƒSƒCC2Ãã3sss“3c33#3csCÃãC3#s“SccƒCs“ƒ#RÄdÅ4P¥6öÇ–3&s“ƒCc2ÃCc2ã“ƒ“cC3#ƒ#bÂÓã#SSSSƒccSS“SƒsRÃãc#ƒcƒs##csƒ32ÂÓãƒƒ“ƒƒcƒ“ƒsS3SBÃã3ssƒ#cƒ#C#ScƒRÃãC3#s3ss3S3ƒ3S#BÄdÅ4P¥6öÇ–3fsc#3#Ã‚ãCs#ƒc3“BÃãc3CƒsCCS“CsC“3RÃãs#s“sƒ“ƒCCSRÃãƒƒc3s“3sCCSC“Ãã3ss“s#c3#cCƒƒcBÃãC3#ƒc3cs##sƒS2ÄdÅ4P¥6öÇ–3&s“#Ã3ã“S“3SCcC“’ÂÓãsS3cc33ss#3BÃãƒSC“C#SCs3ƒc“ÂÓãƒƒƒƒC““s““c“Ãã3sƒ3ƒcƒS“s#“sRÃãC33#““sCCcS“c#“rÄdÅ4P¥6öÇ–3&ssCsÃ#“’ãC“#C“s3##2Ãã#sƒ“#3CS#ƒ#sbÃã#s3ƒc#s#3’Ããƒƒc##C3ƒs#“#"Ãã3sƒS##ƒSc3ƒccc2ÃãC33C3c#Sc“C#Scs2ÄdÅ4P¥6öÇ–3VsCCÃ3#ãS#C“CCscS#cbÃã3s3sC“Sccsc’ÃãSc#““SCSScƒ"ÃãƒƒC3“CSsCƒSƒbÃã3sƒc##“##“CssƒrÃãC33S#“c“#CcScS’ÄdÅ4P¥6öÇ–3sSƒsÃcRã3““ScÃãCcS3C#cC3s#s#S‚Ããc“SƒcSSƒs““2Ããƒƒ#“C“cƒ“c#s2Ãã3sƒc““S3s3cC#C3bÃãC33SƒCSS3ss#ƒ#’ÄdÅ4P¥6öÇ–3fsSSCÃ3sãSS“C3c#C“rÂÓãcC3SCc#cƒÃã3##“3#Cscƒc"ÂÓãƒƒC#C#sƒ“ScÃã3sƒsƒ#3cSƒC3ƒSrÃãC33cS#3ssƒ#cƒSc’ÄdÅ4P¥6öÇ–3scsƒ3ÃcS‚ãCs“#“csccccrÃãƒSsCCc#sƒ3ƒƒ"Ãã“Sscsƒ“ssc3##‚Ããƒs“ƒScƒcSSS2Ãã3sƒ“3cƒƒ“CC3RÃãC33ƒ##S“CSCcC3rÄdÅ4P¥6öÇ–3Vsc#Ãc2ã3s3“3#“#sBÂÓã#Sƒ“SS3csƒƒ3C3RÃã#“C3c“s3#“C#3rÂÓãƒs“c“C3#s“sc‚Ãã3s“#C“##“C##CSsrÃãC33ƒsc#“SCC#’ÄdÅ4P¥6öÇ–3sS““cRÃC"ãS#3#cs3ƒs“’ÂÓãcƒ33cCc3ƒƒcs2Ãã“#c3S“33#c“2ÂÓãƒs“SC“CC“cs#Ãã3s“sSsscƒ3#‚ÃãC33“C3S3S“CCCRÄdÅ4P¥6öÇ–36sƒÃRãSS““CsCC“SSrÃãC3“S“CS“C“csCscbÃãC“““#sƒs3ƒ33rÃãƒs“3s#cSsccCƒS‚Ãã3s“##“#scƒcS#bÃãC3CSSƒ““s#s33ÄdÅ4P¥6öÇ–3†sccSƒÃc“ãC3Ss##cs’ÂÓãsƒ“cccScC3rÃãƒ“ƒsCccc33ƒcbÂÓãƒsƒc3ƒS3SƒƒÃã3s“cCƒ“C#CCcC#bÃãC3CCSCƒs3c#3CRÄdÅ4P¥6öÇ–3&s33cÃ#rãCƒC#SCSƒC##2ÃãS3##c33ƒ“ƒ3ccCrÃãcSss“sƒƒs“CsƒBÃãƒsƒSSƒƒS“ccƒs“c"Ãã3s“cCSS#s3SCcRÃãC3CCs#Cƒ3cS“c#ƒ2ÄdÅ4P¥6öÇ–3sC“cSÃ“cbã“s3Sc“s3cÃãs33cc“cCƒ#“Ããƒ3S#CsC#CS3cSBÃãƒsƒ3cƒ3SC3CS#’Ãã3s“sC3ƒS#ScSƒrÃãC3CSc3c“s#ƒ“Cƒs2ÄdÅ4P¥6öÇ–3–sƒ3ÃC2ã“C3“3S#3CsBÃãƒc3ƒ3Scs3ƒBÃã#Ssƒcc““Sc“cBÃãƒsƒCsƒ#ƒƒƒCSc"Ãã3s““ssc3C#“SƒS"ÃãC3Cs3ScSs3S#CƒBÄdÅ4P¥6öÇ–3vsC“3ÃCsrãcC3ƒƒC#cCBÃã“sƒ#S33CCC“SbÃãCc3scS#S“#2Ããƒsscc#scs“CƒbÃã3ƒ#sScCsCc#Cs’ÃãC3C“CƒcSs3c3SCsRÄdÅ4P¥6öÇ–3s#3Ãs#"ã#SSƒ#s“rÃãs“s3sS#ƒÃã#3#“3Cscs3s"ÃãƒssS“s“ƒ3CsSrÃã3ƒc“#Sƒ“#C3bÃãC3C“cƒ“3“#CsƒrÄdÅ4P¥6öÇ–3Vs33Ã3bãsƒ3“C3CcƒC#"ÂÓãƒS“S#C“sc““2Ãã###3cC3sƒsÂÓãƒscssSc“SC““c3bÃã3ƒcƒCƒ#s3“#ccƒBÃãC3SCCCsƒSƒ3#csRÄdÅ4P¥6öÇ–3&sCCcÃs2ã3SC#C“Cs“Sc‚ÃãCs3ssSƒƒ#ƒbÃãcsƒ3ƒSS3ƒSCƒ‚ÃãƒscCSSSC3CC3rÃã3ƒƒss3S#C#ÃãC3ScSƒSss“CcƒBÄdÅ4P¥6öÇ–3sƒ3“cÃãSƒCcsƒcS3s“"Ããc“sC“SS“CcS3#3rÃã“3sƒ3#sƒS“cC#“ƒ2ÃãƒsS“sc3CS3c“’Ãã3ƒC#“sƒ#“ÃãC3SƒƒsCƒ“csSƒ"ÄdÅ4P¥6öÇ–3vsccc#ÃS“ã33CS#CscsCÂÓãƒsc##SScSƒSC2Ããƒ#C“c3C3ƒ"ÂÓãƒsSS#SƒSSs3RÃã3ƒ3SCSƒƒ“sCRÃãC3cSSSsƒs3ccRÄdÅ4P¥6öÇ–36sCCCsÃS#rãsƒs#3S3“2ÂÓãƒ““3ƒƒcSSs#SBÃãsƒ#C3#CƒsSCCbÂÓãƒsS33cS33ƒ33“crÃã3ƒ3“ƒ##S“#“c2ÃãC3c#C3Ssƒs3#3ÄdÅ4P¥6öÇ–3sS“Ã"ãƒ“c3ƒ“SS#bÂÓãs#cc3c3CC#ƒƒBÃãƒ##s#cƒ#C3S"ÂÓãƒsS3Cc#ƒCCƒ“cBÃã3ƒ3ƒSS“S#3ƒ3bÃãC3c#C3Ssƒs3#3ÄdÅ4P¥6öÇ–36sCc#SÃ3ã“SCsCSCsc“‚ÂÓã3C“3SS3S“C“ccscbÃã3““#sCcs“scCCsRÂÓãƒsC“sSS#ƒƒc“’Ãã3ƒSƒs##Cc3ss#ÃãC3cCSC“C32ÄdÅ4P¥6öÇ–3s“#Ãs2ãcC“##ƒCCƒƒ’ÂÓã#S#Cs#Sc“ƒc"Ãã#333C“cc“ƒ#ƒ3ƒRÂÓãƒsC“##C#Sc‚Ãã3ƒcs3CsƒCcbÃãC3cCƒscS#ƒƒ#bÄdÅ4P¥6öÇ–3s3SÃC‚ãSscC3ƒccs#C‚ÂÓã#CC“ƒƒ“cSccSRÃã#s““Cƒ3c3CSc"ÂÓãƒsCƒ3csCSSC#ƒs‚Ãã3ƒcc#sCC3S#csbÃãC3cC33SsS3Sc#sÄdÅ4P¥6öÇ–3sƒƒC“ÃSBã#SS3#S“CsbÂÓã#CSScC3“#c#rÃã#sSc““c“S#“s#3’ÂÓãƒsCƒC3“s“3“sSbÃã3ƒ#“CS“ƒc3Cs"ÃãC3cƒC3S#s#CC"ÄdÅ4P¥6öÇ–3sCS#3ÃC"ã“s“c3ƒ“cƒS3ƒBÂÓã3c3“3SCCc3#CƒC2ÃãCcs“CccS##CBÂÓãƒs3ƒ3SCs“3SS3‚Ãã3ƒ#Sc3CsC3C#cBÃãC3sCƒcScC#CSS’ÄdÅ4P¥6öÇ–3vssƒCÃ3S’ãcS#S3S“3ƒ3“3BÂÓãs#ƒƒC3SC#‚Ãã#ƒ3#Cc“3S#"ÂÓãƒs#s3CƒSS3#“ƒBÃã3ƒ#ƒsc3ccssSÃãC3scc“s3ƒƒ““bÄdÅ4P¥6öÇ–3&sS#ƒÃ#ãS#CS#“S#CbÂÓãc#CsS“sSsccƒRÃãƒcSCS“ƒcs3ÂÓãƒs#csƒc““#“CrÃã3ƒ#ƒC#C““scSSs’ÃãC3scs3s3Sƒ“CCSƒ‚ÄdÅ4P¥6öÇ–3ssc#Ã#“ãs#S3cCCƒS#C’Ããƒc3S#ƒ3#SSƒbÃã#CSs“ƒƒcC“3sS3cÃãƒs#3#SƒS#3rÃã3ƒ3##sC3ss2ÃãC3ƒSccS#3s“bÄdÅ4P¥6öÇ–3fss#SÃS’ãS#C3“cS33sbÂÓãs#cc#“csS#s“ƒCrÃãƒcƒC3ƒCƒcccbÂÓãƒsc“““s“C3c#RÃã3ƒ33s#SScCS#cBÃãC3ƒ“s“SCc3SCƒRÄdÅ4P¥6öÇ–3sƒcsÃ3bãS“ƒ33“3sc“’Ãã33##C#c#SƒS2Ãã3Csƒ3scCs3SSƒSCsbÃãƒssCcCƒ3““"Ãã3ƒ33C“ƒs“cscSCBÃãC3ƒ“s“SCc3SCƒRÄdÅ4P¥6öÇ–3&ssScÃCRãƒ3S3“ccCCsƒ3RÃãcS“sS“#ƒbÃã33sSC3Sss3ƒC‚ÃãƒsƒƒcƒCSCƒs#2Ãã3ƒ3c“Cs##s“ƒÃãC3ƒS3ƒ“Cƒ“ScscBÄdÅ4P¥6öÇ–3ss“3Ã3‚ã#C3#ƒs#c#ƒ’Ãã#“s#csƒSsS“#sbÃã3C33CS“sS““ƒbÃãƒssC“3ƒ“C#2Ãã3ƒ3ƒ“CsS#Ss“C2ÃãC3ƒs3c3S##“SRÄdÅ4P¥6öÇ–3&sCs#Ã##CRãsCs#scS3S3rÂÓãƒ#C“Sƒ“SCsÃã“CsS33ƒ3“33SbÂÓãƒs#c“CcsƒÃã3ƒCS3“cCƒc“CcCbÃãC3ƒ“S3scsCcscCƒ“rÄdÅ4P¥6öÇ–3FsS#“Ã#sãCCcCCcs##““s2ÂÓã#“c##ScCƒ3s3‚Ãã#“s#cƒCss“cccBÂÓãƒs33sSƒCs3c“RÃã3ƒCS“CS3c3“C#crÃãC3ƒ“S3scsCcscCƒ“rÄdÅ4P¥6öÇ–3Fsƒ“ÃcSã“#Ssƒc3ƒSsBÂÓãscƒsƒ“Cƒ“3s‚ÃãƒsC#s33“c3ƒƒƒRÂÓãƒs3cƒƒ#3BÃã3ƒC3c#“C#C3#bÃãC3ƒ“S3scsCcscCƒ“rÄdÅ4P¥6öÇ–3sƒssÃ3S2ãCƒC“#“Css2Ããc3CSss#“cƒƒ‚Ããs#Ssc#“S“c““32Ããƒc““ƒƒcsSC3“ƒ#BÃã3ƒC333CsƒsRÃãC3“c3c3ƒ##"ÄdÅ4P¥6öÇ–3†sc33RÃ3"ã#“#ƒsSC“33BÂÓã3CsSƒƒ###ScS33#crÃã3““c“SƒsƒsƒsS3RÂÓãƒc“c3sCCƒc‚Ãã3ƒCScƒSccscs2ÃãC3“#“s3Ssƒ3ƒƒsS3bÄdÅ4P¥6öÇ–3Fs“cÃ#’ãƒ3#c“Cƒc#3cbÃã3cc3“Sƒ#3c3"Ãã3cCcsƒ#ƒCS“SBÃãƒc“Cƒƒ3#ƒ#3““ƒrÃã3ƒCSƒƒ“3S“ƒ#““bÃãC3“3S“c#ƒS3Sƒc"ÄdÅ4P¥6öÇ–3&scƒsSÃcbãSCCsS#333“3rÂÓã“CCƒ“ƒ“s3CSBÃãCScS3ssS“RÂÓãƒc“SSSscƒ“3cƒ"Ãã3ƒCsc#CC3scSƒƒbÃãC3“SCƒS#ƒƒs3ƒrÄdÅ4P¥6öÇ–3s#3#RÃC“RãƒcScs“Sc3Sc"ÂÓã#ƒC#SsScCƒ#ƒRÃã3##ƒSCc3cc33RÂÓãƒcƒSƒ#sc33C3ƒ#rÃã3ƒSsSscSss3CÃãC3“ƒs#3#ƒSC“ƒ2ÄdÅ4P¥6öÇ–3sS“Ã#2ãc“3s3css#crÂÓã3SsS“C#scsƒ#Cc“rÃãC#3Cc“ƒCsC“rÂÓãƒcs#c“c3ƒƒBÃã3ƒSƒ#3c“3S33CCrÃãCCc“sc“ƒC“Cc“BÄdÅ4P¥6öÇ–3vsƒ#sÃcƒãSCC3#C#cscRÂÓã“ƒ“3ƒ##““ƒ“#3‚Ãã3ƒ“ƒ“Ss333#scSRÂÓãƒcsƒcC“cƒCS#“Ãã3ƒSƒ“Cc#“c3S##2ÃãCCsSƒ3ƒƒ3#SbÄdÅ4P¥6öÇ–3fsS33Ã‚ãc#ƒƒƒ3cc““ƒ’ÂÓãc3Cƒƒ3#33c32Ããs3#3#“sƒƒ3S“cBÂÓãƒcc“3c“SƒCcÃã3ƒS“sc“s#SCsCCbÃãCCƒƒSC#3SƒsSC2ÄdÅ4P¥6öÇ–3†sccc3Ã2ãCƒC#c“Ssƒ3#CRÃãCSsƒCscƒ3##“3RÃãS#ƒ#S“S#SS##“bÃãƒccs“sS3c#“3’Ãã3ƒcS““#cƒ3ÃãCC“3#ƒ3#S#ƒRÄdÅ4P¥6öÇ–3Vsƒ#3Ã#s2ãsC“#cc“Ss“2Ããs3s“ƒcsƒ“Cƒ##‚ÃãƒS#3ƒc3ccscƒ"ÃãƒcSsƒ“C““c“ƒS3RÃã3ƒcc“sC“CC3c’ÃãCCCƒc33S“C“s“BÄdÅ4P¥6öÇ–3†sƒ3“Ã3"ã#sƒss#SSsƒBÂÓã3#“3c3CƒcƒsƒsrÃã3ƒC#ƒSC#sƒ“‚ÂÓãƒcScCCCCƒ3#BÃã3ƒccƒsS33SC“3“’ÃãCCSCss3Cƒƒs#3rÄdÅ4P¥6öÇ–36sSsƒÃã“C3“c#c“#c3SbÃãCƒ“S“#s3Sƒ“c#sbÃãScSc3cƒcSc3“2ÃãƒcSScƒƒ3ƒ#ccÃã3ƒcs#scCCƒ#’ÃãCCScSCC#SCsCƒ3cBÄdÅ4P¥6öÇ–3Fss#“Ã#SbãCC““Sƒƒ“rÂÓãSsS#““ƒScC#c“3“bÃãccSSsƒc3“##2ÂÓãƒcC3cCcƒ#sccÃã3ƒs3ƒ““#ƒCƒbÃãCC##“Cs““s33“#RÄdÅ4P¥6öÇ–3s#sƒ#Ãrã3#ƒ3sCSCCs3’ÂÓãC3ccsS3“sSsS“bÃãSCS3cCSƒCS““rÂÓãƒcC#ƒcsCC#ScCC’Ãã3ƒsC33s#3ƒCS"ÃãCC#3s3cƒsS“ƒ“RÄdÅ4P¥6öÇ–3vsccƒÃ##bãSsC3“#SC##S‚Ããsƒ3sCƒS3ƒC’Ããƒ3sSs“c3SCBÃãƒc3“CScCC#“3cÃã3ƒscsscs3ƒ3Cs2ÃãCC#C““““Cƒ“#C3s3RÄdÅ4P¥6öÇ–3Fsƒ3CÃƒ#bã“s#sc“ƒƒsbÃãƒ3c#sƒƒ3sc“ƒCCSÃã“cƒcsSc#ƒ#cS2Ããƒc3ƒcC#CS“sc#3’Ãã3ƒscc#S3ccc#sBÃãCC#S#3c##ƒ#“SRÄdÅ4P¥6öÇ–3ss#Ã"ãS#CSƒScƒC““cC‚ÃãCcss“c3Cƒ#3Cƒ‚ÃãSCƒCSCS“Cs3cS“’Ããƒc3s“SSscƒc3SÃã3ƒssCƒ33“BÃãCC#S3“CSƒ“3SsSƒc2ÄdÅ4P¥6öÇ–3fss3SCÃ33“ã“ƒc#ƒ#ƒcc3sSBÃãS“ƒƒsS#ƒcsSƒ#S#BÃãcƒS#cCCc3#Ss2Ããƒc3s3“ss“C“C33Ãã3ƒss3ƒccc“##c2ÃãCC#SCccSCƒcs3“BÄdÅ4P¥6öÇ–3–s“ƒSƒÃƒC‚ã#C3#C#SSƒ’ÂÓãsƒs#SSS3“S3#ƒrÃã“#cƒssccbÂÓãƒc3“s“Sƒsc#srÃã3ƒƒ#ƒc3Sƒ3C##CRÃãCC#ƒS“3““3sRÄdÅ4P¥6öÇ–3&scƒsƒÃsbãs““ƒ#sS#ƒRÃãsC#ccCSS“#SƒsrÃãƒccƒS#“SSS2Ããƒc#“S#ƒ3SssƒsSRÃã3ƒƒc3C#cƒ#RÃãCC#“ƒS3Cƒs3“3“RÄdÅ4P¥6öÇ–3&s“#CÃcrãs#ƒ#CCcƒ33s2ÂÓã#3sCscC#3Cƒƒc‚Ãã#CsƒS3sCƒ#Sƒs3“BÂÓãƒc#3“C##“ƒ3CS##"Ãã3ƒƒCscCsS3ccƒrÃãCC33ƒCƒ#“C“#‚ÄdÅ4P¥6öÇ–3–ss3Ã332ã“ƒ#ScCcƒ2ÂÓãS“ƒcs#s“#““s‚Ããc“CC#CƒCSsc33ÂÓãƒc#C#CCscc“C#“’Ãã3ƒƒc“3S3“3ƒCBÃãCC3C3ƒ“cSc3“ƒcbÄdÅ4P¥6öÇ–3&sƒ3“CÃSSã#csc““C3RÂÓãƒƒƒccssss“ƒRÃã3#“ƒ“#ScSƒ2ÂÓãƒcsSssƒ3“ScƒsrÃã3ƒƒƒ#ƒScC33c3sCRÃãCC3cS3““3sSBÄdÅ4P¥6öÇ–3FsSCÃ"ãs#S“ccsS“SbÂÓãCƒ#cccƒS“CsSCSRÃãSc#s33ssCCC3SbÂÓãƒcCƒsS“#SƒCCc’Ãã3ƒƒ“c“SSs“S“ƒ"ÃãCC3s“S3ƒCCs3s“bÄdÅ4P¥6öÇ–3&s““srÃ’ãsssssssSCCS"ÂÓã3cccCƒs#C#ss##3bÃãC#c#““““Sƒ3ƒS"ÂÓãƒccSC“#S“c“2Ãã3ƒ“C3cc#Cƒ3bÃãCCC#“#“3“3ssbÄdÅ4P¥6öÇ–3vs#SS3Ãs"ã3“cSƒc“bÃã##c“Ssƒ#ss“s“3SRÃã#c3“cS“sC3#2ÃãƒS““cƒCSc#C“ss"Ãã3ƒ“ƒsC“3#cS‚ÃãCCCc“ƒ“33c“sSƒ‚ÄdÅ4P¥6öÇ–3&sC2Ã3ãcC#S3sc#C##RÂÓã3cƒS#3s“ƒ3#sBÃãC#ƒSƒsS3c“3#cBÂÓãƒS“ƒs3ƒCC“BÃã3ƒ“ƒ“S#33“3csCRÃãCCCscƒCssƒ3S“ƒc2ÄdÅ4P¥6öÇ–3sSsÃ##‚ãS“Cs3c#c“ƒ“c“rÃãcc#Cs#S“cc‚Ãã“333Sss3s3SCcbÃãƒS“ssc#CC“sCrÃã3ƒ““CCss#scƒ3“#rÃãCCCs“s3#s“sƒCRÄdÅ4P¥6öÇ–3sc#ÃcãSsƒSc“ƒƒ’ÂÓã“#ƒ3ƒcs#ƒ##’Ããƒ“CsS##3sƒs"ÂÓãƒS“Cc#3SsC#“csÃã3“ƒSCs“#3cSS‚ÃãCCC“3#ƒ#cƒscs“BÄdÅ4P¥6öÇ–3FsSCSÃ#bã#sS3S#“sC“2ÂÓã#ƒcƒ“C#ƒ3CCCBÃãCƒ“S“3#Cs3ƒ3"ÂÓãƒSƒƒc##C#sCsƒ3"Ãã3“CsƒCS“ƒƒs2ÃãCCS#ƒƒƒ#cƒ“scbÄdÅ4P¥6öÇ–36s##ÃCbã3ƒcSss##BÃãs“ccCCCSƒcsc‚Ãã“#sCCƒC“ƒ#3“cƒs’ÃãƒSƒ3ƒ3CS3ƒc3cBÃã3“cƒscCSCƒs“2ÃãCCSSS3“c“sC3SÄdÅ4P¥6öÇ–3&s“cÃC“"ãc3ƒ#3ScRÂÓãs“CSSƒC#c3“CCRÃã“#S3cs#Sc#3“’ÂÓãƒSƒ#c33s3ƒS‚Ãã3“ssƒSSSƒs3SSrÃãCCSc#“sc3c“’ÄdÅ4P¥6öÇ–3&sC“#3Ã3“Rãƒ“sƒS“s3“2ÂÓãcS“C#cSS3CC“ƒ2ÃãsS“c33sƒ3s“SSBÂÓãƒSƒ#3ccƒƒ3#ccbÃã3“scsƒCsƒ3c’ÃãCCSc#“sc3c“’ÄdÅ4P¥6öÇ–3sccƒ#Ã#’ãc“cc#cƒƒScS‚Ãã33CS#c3cSƒcƒbÃã3c#“s“#s#sSBÃãƒSsscƒ““#Cc3rÃã3“#3SC3ƒc2ÃãCCSƒ3“#sƒCS###rÄdÅ4P¥6öÇ–36sƒ#CƒÃC#‚ã3ScS“CSƒBÂÓãCƒƒSƒ“ƒCÃã33“3ƒ#C“3css2ÂÓãƒSsscs“33cs#s2Ãã3“#c“SsSc“CRÃãCCSƒ3“#sƒCS###rÄdÅ4P¥6öÇ–3Vs#ScSÃ#“bãs###c#3SbÂÓãc#Ss3sƒs“Cs2Ãã3SS“3sCsS3Sƒc“bÂÓãƒSs3“Cƒ#“s#““Ãã3“##csSs#C’ÃãCCc3ƒ#Cƒ#s3C’ÄdÅ4P¥6öÇ–3&s3c3ÃRãc3“ƒSS333##s#2ÂÓãC#Cc#““““S332ÃãC“S33sƒƒsƒƒ3CSRÂÓãƒSs#S#S“ƒ3sC#bÃã3“3S#““CsssrÃãCCcsCƒScCRÄdÅ4P¥6öÇ–3fsƒs#Ã#‚ãS3s3Cƒ3c2ÂÓãcc“S#ƒCs#ƒsƒCc"Ããsƒ#3cCcSs#C#BÂÓãƒSs#“#sSC##cBÃã3“C3ƒcC3c#cƒrÃãCCc##CSƒS###RÄdÅ4P¥6öÇ–3FsS“ÃC2ãc3SCS3CCƒRÃãsƒƒsS3“ƒ3ƒcbÃã““S3#CsccƒSc“"ÃãƒScSC3s3ƒ3csC#32Ãã3“c“s“SsS#s#3bÃãCCcC“CSsS“"ÄdÅ4P¥6öÇ–36s“3ÃCƒcrãsƒ##“ƒRÃãsS#3#ƒ“C#SC‚ÃãƒsƒSsC3s##‚ÃãƒScC“#CSC“S‚Ãã3“s#SCCsƒSsƒƒrÃãCCcC“cƒs#s3"ÄdÅ4P¥6öÇ–3sScCÃSƒRã3cssƒS33sÂÓãƒs#c“ƒ3##ƒ3‚Ãã“C#sS3#sSs3#c"ÂÓãƒSc3ƒƒCƒCs3bÃã3““#Ccs#ƒ3c"ÃãCCcc“sC“cCc“RÄdÅ4P¥6öÇ–3vsscCÃCRã#Cƒsƒ33ƒScsS2ÂÓã#ƒ“SƒCƒ3Cc3CbÃã33ƒ3S#ccc##3srÂÓãƒSScs“#scC#"Ãã3“#s“ƒ3““3#“3bÃãCCc“SƒSƒSCƒcsBÄdÅ4P¥6öÇ–3&sC3“ÃCBãcCCcSC“CccCbÃã#CSƒ#S#cƒcsCcbÃã#ƒsC33“C“sss2ÃãƒSS#C“##“#csRÃã3“#CssƒSƒ#“c#bÃãCCs##C3S“ƒc3BÄdÅ4P¥6öÇ–3VscS#Ã#ssBãcC3##CC#sBÂÓã“cCsC#sS3S3#ƒ’Ãã#ƒSsC“cCcSS“2ÂÓãƒSCƒsSS““csSS"Ãã3“#c##S#S#32ÃãCCsCCssCƒ“c##3BÄdÅ4P¥6öÇ–3Fsscƒ3Ã“SRãƒƒCS3Cƒ#3CrÃãs“3sƒCcsƒ3crÃã“#ƒSC3ƒc“Cs3"ÃãƒSCSc3c#Ccƒs33S"Ãã3“#s“#ss#3ccCƒsBÃãCCsSs3ƒƒs“Ss“ƒƒRÄdÅ4P¥6öÇ–3FsC““sÃ“ã3#ƒssƒCs#“cRÃã“ƒ3sƒSc#SC“rÃã#3ƒcS“sCsc#33CsRÃãƒSCSSc33cƒrÃã3“#ƒ#Cƒƒ“Sc#c3“bÃãCCsSƒ#sC“S##2ÄdÅ4P¥6öÇ–3&scƒ3“Ã#32ã3SsscƒScs2ÂÓãCs#ccCƒ33“S#"ÃãcCs3cscS“3“cCrÂÓãƒSCC#SƒsC3C#’Ãã3“#ƒc“cCSƒs#C33bÃãCCscS33“Cc3ƒRÄdÅ4P¥6öÇ–3&s““rÃ#ƒã#c3CsSRÂÓãcCcc#3ƒSsSCrÃã“3csSCSƒCƒ#“’ÂÓãƒS#ƒs#c“Scs3CRÃã3“3s#““Sc#‚ÃãCCƒSSƒ3s#“s“cccBÄdÅ4P¥6öÇ–3VsSbÃ#Rã3#“s3C3S#2ÂÓã3C““s“ccs#3“ƒ#bÃãCSS3##s3#“2ÂÓãƒS#Cc33C“3#Ãã3“3“Ss“3s#Sƒ#SRÃãCCƒscS3CC“bÄdÅ4P¥6öÇ–3sƒC#Ã“ƒbã“C3ƒc““SsƒS’ÂÓãƒƒc3ƒ#cccC#c“2Ãã3“ss#Sƒc33CSBÂÓãƒS#Cscƒsƒ3“ƒs"Ãã3“3“C““S3Ccc3C2ÃãCCƒscS3CC“bÄdÅ4P¥6öÇ–3fss#ÃC#"ã3#333s#sbÃãƒCCs“#CC“s‚Ãã“SSƒS#3ƒC#SS"ÃãƒS#“sƒcC3Sƒƒ3Ãã3“CcS3CS#ScCRÃãCCƒ“cC““sƒƒƒ#SbÄdÅ4P¥6öÇ–3sCÃ“c‚ãƒ#sƒcccsC3“"ÃãsssSSCcS3s3SS"Ãã“33“Cs“cCc#c"ÃãƒS##cs33cCSS’Ãã3“CcC3sƒ“CScƒsrÃãCC“Cƒƒ#C3ƒ3“BÄdÅ4P¥6öÇ–3scsC“ÃS#ã3Cs3cC#SRÂÓãƒ“cc33sc“““ƒBÃãS3CC#SC#Cs##SBÂÓãƒSss#ƒ“3S#SrÃã3“Ccsƒƒc‚ÃãCC“C“3SC3ssRÄdÅ4P¥6öÇ–36sC“#ÃRã33SCS3cRÂÓã#ƒ3sSƒ#SSSƒsƒÃã3#S““CCScƒS’ÂÓãƒS“3C#s33cƒBÃã3“CsSƒcƒCƒ3#"ÃãCC“Sc3“cc“cƒBÄdÅ4P¥6öÇ–3s“3CÃ3“ãcCCƒs##ƒ“SbÂÓã“#3“C##c##sC‚ÃãƒSsS3ƒ##cs#“s"ÂÓãƒS“C#c#ss“sS’Ãã3“Cƒ##s“CScCSRÃãCC“Sƒ3sƒs““sRÄdÅ4P¥6öÇ–36sCCƒƒÃ#ƒbãS“scƒ#ƒC#ÂÓãC3sCCcc““SsÃã3C3“cCC“SC#sCrÂÓãƒSS#CSCƒ##cC“3Ãã3“S33Sƒ3Scss’ÃãCC“ƒcC““CƒCƒBÄdÅ4P¥6öÇ–3FssC“c2Ã#2ã#SSCss##3bÂÓã33C#SS“C#Sss2Ãã3ƒƒcC3SCƒc##3BÂÓãƒSCƒcsC3##ƒ““’Ãã3“SSCS#ss#SƒC2ÃãCC“ƒcC““CƒCƒBÄdÅ4P¥6öÇ–3&s3c3cÃC“2ãƒ3“C#“sC“BÂÓãƒsS“S3S3#cs#3"Ãã3333C3ƒ3#bÂÓãƒSCCCS##sƒSc"Ãã3“S“Cs3“s“#SCRÃãCC“ƒ3C3ƒ#s“#sRÄdÅ4P¥6öÇ–3sƒ#Ã#SBãSƒ##ƒ“SS“3rÃãCSc3c#C3sC3#sBÃãs#c3ƒ3ƒS“ssƒcBÃãƒS33C“3“ƒƒƒ#rÃã3“S3ƒ“#Css3cbÃãCC“ƒScƒCc“#“s2ÄdÅ4P¥6öÇ–3fsSs“Ãƒ“bãCcCƒCC#ÂÓãsS#ƒ“ƒCS#ƒsRÃãƒƒS3ƒs3#CSƒc3bÂÓãƒC“c#c3c#C“ƒ3#‚Ãã3“SS333ƒ#“SC’ÃãCS#3sS“ƒ3“ƒScRÄdÅ4P¥6öÇ–3vsS33ƒÃCBãc#3ƒ3#c#SBÂÓã#Csc3SScCƒS33“2Ãã#“Cccsss3““RÂÓãƒC“cƒ3#ƒ“Sscƒs’Ãã3“SS3s3ƒ##s3C’ÃãCS#3sS“ƒ3“ƒScRÄdÅ4P¥6öÇ–3scc“ÃƒRãSc33Sc3CC##“BÃã3#s3“#cƒsƒC‚ÃãSc#3sS“Cƒ3S#2ÃãƒC“c3ƒ“ccs“’Ãã3“SSCcsC33““C“"ÃãCS#3sS“ƒ3“ƒScRÄdÅ4P¥6öÇ–3&sc#C3Ãscrã#3c“cCSS“sbÂÓãscS#ƒ““SƒCcƒ“‚Ãã““#Cc#CS33"ÂÓãƒC“SƒƒCƒ#ƒsSsRÃã3“Ss“#“#CƒscRÃãCSCƒ“ƒ#c“ƒ“S"ÄdÅ4P¥6öÇ–3Vsc“Ã3“ãSƒƒ3C3sƒcBÂÓã3“3“sc3#ssbÃã##SƒSSs333bÂÓãƒCƒCƒ3#cs3cC‚Ãã3“csS#sƒcCƒÃãCSƒ“s3ssƒ3SbÄdÅ4P¥6öÇ–3ssc#Ã3C2ãS“ss3SSƒS2Ãã#s#csCScC##‚Ãã3#ƒ3cc#“3ccS3BÃãƒCƒCc###3sƒs‚Ãã3“c#c###S3C33#c2ÃãCS“CC33S3sc‚ÄdÅ4P¥6öÇ–3sƒScÃsã“#33cCcSCCS3"Ãã“#c“#S3CSC“sRÃã##s3cSc333#CƒbÃãƒCssƒ3““ƒs#3#bÃã3“cƒ“Sc“##ƒCcbÃãCSccSCss2ÄdÅ4P¥6öÇ–3fss##SÃS“ã#cƒ“#ƒƒsÂÓãcCƒ33ƒƒ3“bÃã#SsCsScSc““S2ÂÓãƒCcƒC3s#C#ƒbÃã3“sƒ##CSC3#ƒcBÃãCSƒCSC#“sc#c#2ÄdÅ4P¥6öÇ–3sƒSsÃSCRã33SsCC3s33sRÂÓã“ƒƒsCCC3ƒ“"ÃãcsS#ccƒƒs3#SBÂÓãƒCcs#cC“#ƒ3#‚Ãã3“sCsSƒ“#S3““CrÃãCSƒ“ƒ3S““bÄdÅ4P¥6öÇ–3†s3sÃ"ã3Cc#cƒSccbÂÓãS“Ss#3cc““ƒBÃãc3sƒƒ3ScS2ÂÓãƒCcc#“Cs3s“"Ãã3“s##S#scsS3ƒ2ÃãCS“3ss##ƒ#3ƒ“#RÄdÅ4P¥6öÇ–3s“sÃ#rã3c#“sC3ƒs#S3ÂÓã3#C“ƒ3#sSccS‚Ãã3ƒ3“C““SC#3#"ÂÓãƒCcC3#SC##ƒRÃã3“s3###CsSs“rÃãCS#3CSƒssCƒ3bÄdÅ4P¥6öÇ–3vsccSÃ‚ã3cƒccS#“#ƒ“C#"Ãã3ƒs##ƒ#“cs##CbÃãCSssSs3ƒ#S3rÃãƒCS“ƒC“#ƒƒSÃã3“sc3s“C33c#ƒSRÃãCS#3#c“ss“3sbÄdÅ4P¥6öÇ–3†scsS“ÃC2ãƒƒ33Sƒc“CsBÂÓã#cCcƒCSC“c3S2Ãã3“ƒƒ#“##ƒCsƒ2ÂÓãƒCScc“33S3CÃã3“ssC“3“Cƒ##32ÃãCS#CSccƒ“Cƒs“2ÄdÅ4P¥6öÇ–3fs“C#ÃBãCSCCsSc““s3rÂÓã“SƒCCcCƒ3“3ƒ“BÃã#3cscScƒƒ“#“c"ÂÓãƒCSS3ssC#CS““BÃã3“sƒcƒCƒƒƒs#3RÃãCS#Sc#c“C33S3ƒbÄdÅ4P¥6öÇ–36sC3Ã#sã#C3ƒc3sscRÂÓã3SC##s“#SsbÃãc#S“ƒSCcƒ32ÂÓãƒCS3#3CSc#c#srÃã3“s“3#ssS3““2ÃãCS#cC#“sS“Sc3BÄdÅ4P¥6öÇ–3†s#“Ã“ƒã3“sƒƒƒ3Sƒƒ“BÂÓãsc3S3ssC32Ãã“Ssccc“#ƒbÂÓãƒCCCcƒ““sƒc“bÃã3“ƒCs3ƒs#CSS“ƒ2ÃãCS3#ƒ“#“#csc3‚ÄdÅ4P¥6öÇ–3&s“CSƒÃ#BãcCsƒ#ssSs‚Ãã3#S“#S“ƒs“ƒBÃã3ƒ#ƒ3ƒƒ#C3sSRÃãƒCC#S#ƒ3s“bÃã3“ƒcc#cC“c“SRÃãCS33“cƒss#ƒsCbÄdÅ4P¥6öÇ–3&sƒƒ“Ã3Rã“ƒƒ3s3s“cC“ssBÂÓãC3#ƒƒs3#ƒS#cSs“rÃãc“s“3sc3ƒƒsRÂÓãƒC3“SSc#sCbÃã3“ƒsccc““s“SSÃãCS3C#CS3#cC“C3s2ÄdÅ4P¥6öÇ–3–s“SƒÃ3cBãssƒ““#Ccƒƒ“bÃã“cC“c#“S3cƒcrÃãƒcCƒ3#s“ƒ3#‚ÃãƒC3ƒ3sscc3“sCs’Ãã3“ƒscs3Cƒ3ƒbÃãCS3CCS“3#ƒ33sƒsbÄdÅ4P¥6öÇ–3Fss“3Ãs“Bã3ƒ3sCƒsCcbÂÓãC#CS“ƒCscCc#sBÃãcƒƒ“Cƒs“ƒ“s3RÂÓãƒC3Cƒ#cCCcƒ3Ãã3“ƒ“SƒScƒ3““C“"ÃãCS3cC3SSSSc“#3S3bÄdÅ4P¥6öÇ–3sScsÃ#"ã“SSƒƒƒccCcBÃã##c“csC3scsSƒ‚ÃãCSs##ssS#3““‚ÃãƒC“ƒsCƒC3ƒCÃã3““s“C““cƒs3“BÃãCSCS3CCcCs3#“#cRÄdÅ4P¥6öÇ–3Vs#CÃ3c‚ãs“s#3cc#“#ƒRÃã“cƒsC3#ƒ“CcƒS#‚ÃãSCsƒ33cs3ƒcc2ÃãƒC#3S##ƒsc#33s’Ãã3““scƒ#3Cc“srÃãCSCS3CCcCs3#“#cRÄdÅ4P¥6öÇ–3&s3c3Ã33ãƒcccsƒƒcS“#bÂÓã“ƒCS“Cƒsc“#3bÃãcSc“ƒƒS#““3S#“BÂÓãƒC“C“C3“###3"Ãã3““ƒc#S“3CÃãCSCS3CCcCs3#“#cRÄdÅ4P¥6öÇ–3–ssƒÃS3bãƒ“#cS“ƒsƒS‚Ããƒ#sS3ƒ3#ƒSS“#Ãã“ƒCCC“Scsƒ3“32ÃãƒCcCƒ“#Cc“ƒs3rÃãCSCCcCcS3sC2ÃãCSS33C3s3CscƒcRÄdÅ4P¥6öÇ–3Fss##ÃS2ãSssƒ3C3CS3#2ÂÓãsS“3csS#3s“bÃã#3s“ƒSC#s“s2ÂÓãƒCS33sSSƒ#CS2ÃãCƒsƒCcC#SbÃãCSScƒScsS“SBÄdÅ4P¥6öÇ–3s“C“Ã#32ã3“c“3ƒScS“#BÃã#SSc““S3#“““BÃãCCs“c3“Cs#S3"Ããƒ3“SC“s3cScC3S"ÃãCƒS“““3csSƒcBÃãCScsc#sƒ#cS"ÄdÅ4P¥6öÇ–3–ssSCÃ#ãccCs33SSSs’Ãã3CsSsS3cSscRÃãCCc#S“#“S#sRÃãƒ3“C#ƒ3CƒssƒsRÃãC#33“c##C3ƒCÃãCSc3#Sƒ#“““’ÄdÅ4P¥6öÇ–3sCCƒÃCsrãssƒ#ƒ3S3ƒRÃã“3ƒ“CC3“3#ƒBÃãss#S3#C3#ƒrÃãƒ3“3#ƒ3s#C3SCC‚ÃãC#ƒScs##“ss3BÃãCScc3#c““C“#ƒBÄdÅ4P¥6öÇ–3vsCS3“Ã“rãƒ3“3S3S“bÂÓã#S#sS“SƒCS“ƒ"Ãã#ScCC#cCCS33#s“ÂÓãƒ3“#C#cS“s3#3‚ÃãC333ssCCƒ#CbÃãCScƒ“sS3#““ScBÄdÅ4P¥6öÇ–3sƒ#3Ã#’ãsCcs3ssSs#RÂÓã#“cƒC“ƒƒC“’ÃãCS#ƒ#ƒCCC##C3SbÂÓãƒ3““SC#cc#“2ÃãCCƒScs33S3#rÃãCScC3s3#“3ÄdÅ4P¥6öÇ–3&sƒ“#“ÃC’ã###“#“cCS2ÃãscƒCƒ#S“ƒsSSƒcBÃã“S“#“3Sƒ“##CrÃãƒ3“#c3#s3Cs33BÃãCCSCS3S“s“CBÃãCScC3s3#“3ÄdÅ4P¥6öÇ–3vsC“C“Ãc#‚ã“3c#sCƒ#3Ãã#ƒcc#CCS#CRÃãCCS3S3C“S3ƒC‚Ããƒ3“3c“ƒƒ###s“c’ÃãCCCƒSS3cc“cSSC2ÃãCScC3s3#“3ÄdÅ4P¥6öÇ–3VscCÃƒ#3’ãc#c“#33“#SrÂÓãc3sc3ss3CCcCcbÃãsS##SCScc“cRÂÓãƒ3ƒSC3S“333CRÃãCs#cs#“3Cƒc3““RÃãCScC#C3#c“SÄdÅ4P¥6öÇ–3FsSCsƒÃƒ"ã“Cs““Ss“#“"Ãã#sc#SCSƒ“Ãã#CccƒcCcƒ#ƒ3““’Ããƒ3ƒ33#Cƒ#SÃãCƒCC#cs3“3s2ÃãCScS#“3ƒ“ScC3bÄdÅ4P¥6öÇ–3s3“Ã#c‚ã#Cc“sSsc#rÂÓã#“ƒSc“sscs’ÃãSC“C“ƒc“3C“cƒ#BÂÓãƒ3ssSSs““cƒCscbÃãC#csƒcscsCcrÃãCScƒcƒƒc“C#C“#2ÄdÅ4P¥6öÇ–3FsSs#ÃRãƒ3S“c“SCs3“ƒbÃãcss“Sƒ3cc#sSs‚Ãã##S#C#“ƒ“ƒ3"Ããƒ3sSCƒCS3“S2ÃãC##ƒƒcCS3CssCRÃãCSc“ssƒ#cS3S3CSc2ÄdÅ4P¥6öÇ–3†scC“ÃcrãcCs#cC#CC3BÂÓã#CC“SssƒƒCc#‚Ãã#“#Sc“#cƒƒsCS3BÂÓãƒ3s#cCC#3““C“sbÃãC#CC3“SƒS3CcC2ÃãCSs#S““ƒ“CC3ÄdÅ4P¥6öÇ–3sSSÃ3#"ãSSƒs#CƒCc“#‚ÂÓã3SCƒƒc#S““SrÃã3#“Cs33#RÂÓãƒ3c#sccsc“C“ƒS"ÃãC33ƒƒSSC“ss2ÃãCSsss#SsSss““bÄdÅ4P¥6öÇ–36sS“sÃ#rãss3SCC“s3““ƒbÂÓã“3#3s3SCsc#CbÃãC#scC##“Sccc“s2ÂÓãƒ3cƒ“c“SCCƒbÃãC3CCCSƒ“ƒ“#RÃãCSss“3scssƒCSS’ÄdÅ4P¥6öÇ–3fssCƒ“Ã“ãC#3C##ƒSƒƒƒ3’Ããƒ3Sc“CCcsSS#Ãã#“Cƒsssc“ƒ“Cs"Ããƒ3cCSSc#C3C‚ÃãC3“Cƒƒ“Cs32ÃãCSss“3scssƒCSS’ÄdÅ4P¥6öÇ–3–sƒ3sÃscbãƒSc““SƒƒƒÂÓãƒs#CCƒC#SS“S3C“’ÃãC3ssC#ƒcC#sÂÓãƒ3S“CƒcCScsƒ‚ÃãC3#ƒCS#cS“32ÃãCSsƒƒ#s33c##“CRÄdÅ4P¥6öÇ–3–ss##Ã’ãSs33#sƒ##3ÂÓã3“#3S3sss3##Cs#’ÃãCc“CCSƒƒsc3ƒC#‚ÂÓãƒ3Ssƒc#Cƒ“Cs“rÃãC3#sƒ3#ƒ#s#CcbÃãCSs“3##c“3Ss#ƒcRÄdÅ4P¥6öÇ–3s““ssÃsCss2ã“ƒƒCc“ƒ#‚ÂÓãs3ƒ3ƒ“ƒC“ƒsss#"Ããƒƒ3Sƒƒƒs3CCc#RÂÓãƒ3ScCS“c“CCƒ33ÃãC33SC3sƒ“3“SrÃãCSs“cC#cC3ƒ“sbÄdÅ4P¥6öÇ–3FsSCs3Ãc2ãcC“#CS“33#srÂÓã##C#csCc3#sCC‚Ãã#cƒ3sscCCs#2ÂÓãƒ3ScC#s#Cs““ÃãC33Sc3#“#CcCcbÃãCSs“cC#cC3ƒ“sbÄdÅ4P¥6öÇ–3&scc“ÃSc"ã#ƒCC3“cƒCcrÃã“cC“c“3cC3rÃãSC3ƒ“3cC“sSc’Ããƒ3S#CCCCs#sc‚ÃãC3Sƒ#ƒs3“s3rÃãCSƒ“#3scSCc“ƒRÄdÅ4P¥6öÇ–3scsÃ3c"ãƒ“#“s“Sc“Ããcs##3c“cƒCƒbÃãƒSCsS3ƒƒccsƒÃãƒ3S#cSƒCSSC“bÃãC3s#sC3“sC#ƒbÃãCSƒ3“c“3SC“"ÄdÅ4P¥6öÇ–3&sƒƒ“ÃCrã#CC##3#ƒCcSbÂÓã#Cƒ“ƒƒ3“CsRÃã#“s3#C3ƒcCsƒS#2ÂÓãƒ3CSsCc3Ccƒ3bÃãC3“ƒ“cƒScCc“csbÃãCSƒS“ƒ3“3““S33cbÄdÅ4P¥6öÇ–3†sscsCÃƒ’ãcs3cSC3ƒSS#‚ÂÓã#ƒƒ#scSC3"Ãã#SsSSscc“cSBÂÓãƒ3CCc33cc“RÃãCC#ƒSS“#CƒÃãCSƒcCc“s“S“3RÄdÅ4P¥6öÇ–3&sscs“ÃC“rã3SCcc“#S3“ƒƒbÂÓã“3S#Cc“Csƒƒ“s2Ãã#ƒss#sƒ#CS3RÂÓãƒ33cCCccƒSƒƒ‚ÃãCCCƒ#sScS“3SCRÃãCS“““s33“#ƒƒc2ÄdÅ4P¥6öÇ–3sƒCÃ2ã#ƒƒSCcs“SsccrÂÓãc#3c#ƒƒƒ##“#s#rÃã“CsƒcC“ƒ“C““#‚ÂÓãƒ33SC3“cCc##ƒc"ÃãCCS3ƒSss“SRÃãCS“3Ssƒsscc2ÄdÅ4P¥6öÇ–3&ss#ƒÃcrãcC3ssƒ##‚ÂÓã“s3ƒCs3#SSbÃãcsCsSS“ƒsSƒ“ƒRÂÓãƒ33C“C##ƒ3s##‚ÃãCCSccSc33“SrÃãCS“3“#S“SsCCs“’ÄdÅ4P¥6öÇ–3†scSƒ3ÃCãcCCCƒS“Sc3#BÂÓã#cScS3S“c3cBÃã3ƒ““S#CC3#2ÂÓãƒ33CƒS3“c“s’ÃãCCƒC#3cCcss“bÃãCS“C#CƒC#SS#2ÄdÅ4P¥6öÇ–3†ss“cCÃ3ãc3cCS#ƒCS#3ƒbÂÓã#“3#3#ƒCC3S3“"Ãã3S#CC3c33#S“33RÂÓãƒ3“C3scƒs3ƒC“2ÃãCSCCcƒC““3SSsrÃãCcsScƒcScSsƒC2ÄdÅ4P¥6öÇ–3vsC“3cÃSSBãC3cCCCƒƒs"Ãã#cCcCsCsƒƒbÃã3sCcC“ƒ#SsC“BÃãƒ3sc#ƒ“Sƒ32ÃãCSSCC#c#c#ƒscbÃãCccC“ƒCscRÄdÅ4P¥6öÇ–3&sƒCCƒÃ#crãS#“SCƒC##ccBÂÓãSƒcƒ#ƒ3“SC#SRÃãƒC3S#3SƒSc“#bÂÓãƒ3S#ccSsS#sCs#RÃãCScscsS3S3SrÃãCc#ƒSCcccCƒCcrÄdÅ4P¥6öÇ–3–ss#ƒcÃ#"ã3“cscC“C“SrÂÓã3ƒ#s““c3C“s“#ƒC2ÃãCcC3c3“sCcc3ccrÂÓãƒ33ƒC3“33CƒcSs’ÃãCSsScS#s3cs“2ÃãCc3Cƒ#SCSss3ƒCrÄdÅ4P¥6öÇ–3sC#CCÃSã##s#3ssƒcCsRÃã##CSCSs“3ss###‚Ãã#s33C#Scc“###’Ããƒ3c##“C3“ƒ#ƒbÃãCcƒccc“c#“SƒRÃãCcƒss“ccsƒƒsbÄdÅ4P¥6öÇ–3&sƒƒCƒÃ##Bãƒ3cc#cCcƒSrÃãcSCsƒSc#S#C’Ããsƒƒc““sCc“S“‚Ããƒ3#“ccS“3CrÃãCcC#Scc“Ss“SRÃãCcCCcƒ“#S##crÄdÅ4P¥6öÇ–3&ss#ƒRÃ3ãƒcC3S#SscsBÂÓã#sSCƒCƒC3“sc3#"Ãã33#S33cSƒSRÂÓãƒ#“s3Sƒƒ“SS“SrÃãCccƒƒ33“ScBÃãCc3“sScCƒ““rÄdÅ4P¥6öÇ–36s#3Ã3rã“ƒcS#CƒCƒ33CRÃãC“CcƒƒSS3ƒS“sRÃãSSS3ccsscCS“’Ããƒ#“cCc“#ƒc#SrÃãCcs3ƒCCC“s3’ÃãCc3“ƒ“3CC#“CBÄdÅ4P¥6öÇ–36sss“#Ãs’ã#s3cScCcssSScÂÓã3s“cs“#C3cBÃãcS3S“cc3ƒc#cÂÓãƒ#“cƒcc#ƒ#sCsS32ÃãCcsS“ƒ3c#ƒ32ÃãCc3“ƒ“3CC#“CBÄdÅ4P¥6öÇ–3&s“ƒ#ÃƒBãcSC#s#cssbÂÓãƒƒ“#3“““ƒrÃã#s3#““ƒ“ƒ#RÂÓãƒ#“c“s3s#3SRÃãCsƒcƒsS3s3C‚ÃãCcS“s“#“3SS2ÄdÅ4P¥6öÇ–3vsc#ssÃ3‚ãscS“#3##3C#2Ããsƒc3cS3ƒ3CcBÃãƒSƒS“##ƒƒ#3“3’Ããƒ#“sScƒc#ƒs"ÃãCsC3SCSsScCBÃãCccƒ“sc3Cƒcs3BÄdÅ4P¥6öÇ–3&sƒ“Ãƒ’ãƒCsscccS“s2Ãã3“#ƒ3ƒ3cSSss“CrÃãCs3ƒC##ƒSsc“ƒ’Ããƒ#“S#3“ƒƒsc“"ÃãCssCsSsSC3cssrÃãCccSƒ“Cc3CƒCbÄdÅ4P¥6öÇ–3†sƒCsÃ“ã#“ƒssc3“S“ƒ2ÂÓãcCcc#ƒs##ƒ33#“#"Ããsƒ#cS“cc#“CsbÂÓãƒ#ƒ“ƒ#“##S““sS3‚ÃãCsCscƒs“ƒ2ÃãCcc3““ƒc#CƒSrÄdÅ4P¥6öÇ–3&s“CSsÃs’ã“sCs““SsSS3‚ÂÓã#ƒ3Sƒ#cƒ3##S‚Ãã#SCS#c#sSƒSCÂÓãƒ#ƒsCScCSƒ#c“s‚ÃãCs#S##ccSƒC3scbÃãCcsS“3“#ƒ““c2ÄdÅ4P¥6öÇ–3sscsÃ3BãCƒ3CscƒSƒ“cs‚Ãã#s333ƒSs“c“CrÃã3#“““cc3CS3SsƒRÃãƒ#ƒ##cSccƒ“c2ÃãCsSCS3Sƒc“#3’ÃãCc#c3““CsScS3BÄdÅ4P¥6öÇ–3†sSsÃ#“ã“Csƒ#33S##sbÃãSsCcsc“3s“‚Ããc“SCcSƒS“ss#RÃãƒ#sS33ScƒSCÃãCs“CcSCcsSCƒƒrÃãCc#Cƒ““#cc“sCsCrÄdÅ4P¥6öÇ–3&ss##Ã“‚ãS““3ƒƒ#ccC#S2ÃãCS3cSSScssrÃãsSCS“ƒs3CcCsrÃãƒ#sscs“SSCC33BÃãCƒ3s#csSc#“3CSbÃãCc#csƒSƒcccƒƒ’ÄdÅ4P¥6öÇ–3sƒSÃ#cbãc#3#“s#sc33BÃã“Cs3S“c#S#3sBÃãCc#““ƒ“ssÃãƒ#cSs#Sƒss3SC#“2ÃãCƒCs“3S“ƒC“sƒƒrÃãCc33s3“ss#ƒs"ÄdÅ4P¥6öÇ–3vs3“SSÃƒƒ"ãC“3SS“3cC3ƒrÃã“S3s3C#S3##c“"Ãã“SCCƒ“s3ƒs3SBÃãƒ#cCƒcc“““33’ÃãCƒS#ƒ3cS“3#“sBÃãCc3cC3#s“s#CbÄdÅ4P¥6öÇ–3Fss“ssÃ3ƒãS“SSSCC33bÃã3#CSƒCƒSc#"Ãã#C“3Cc33ƒ3C#c3RÃãƒ#c3“ƒccssSCS’ÃãCƒSss“ƒ#ƒƒ3sS2ÃãCc3“““CS3C33SBÄdÅ4P¥6öÇ–3scƒsÃCsã333“ccScs#"ÂÓãcc“#“Sƒ#““3bÃãC#S“3##Sss2ÂÓãƒ#csƒSscssssc’ÃãCƒsS“S“C#cƒsbÃãCc3#c“ƒ“#cS‚ÄdÅ4P¥6öÇ–3†sƒ#sCÃSSrãSCƒcC33ScƒRÃã#3Ccs3#Sc#CbÃã#3“C#3#cccƒC’Ããƒ#Sƒ““#cSSS“##2ÃãCƒƒc#3s#sC“CcRÃãCc33SS“C3s#C3“CRÄdÅ4P¥6öÇ–3sSCcsÃ#2ãCCs3sCcc3sSSƒsrÃã3S3Css“ƒscC“rÃãC#ƒcCcc“cSSƒBÃãƒ#SSc3C#SC“s3S‚ÃãC“Ssƒ“s3C“C“bÃãCc3SC3#ssc“c‚ÄdÅ4P¥6öÇ–3fs““sÃC““’ãC“3S“3sCC’Ããc“cƒ3#CS3C#CrÃãƒ3s“sƒ“Csc#3“rÃãƒ#SCsƒS“c“ƒ3srÃãC““““sƒS##ƒ##BÃãCc3Sc“3“3#S3C33RÄdÅ4P¥6öÇ–3sƒ3CsÃ33"ãC“ƒcs3##3#cƒBÂÓã3Cc3###cSbÃãc3csc3“c#SC##bÂÓãƒ#SCCcs3Sƒc2ÃãC“3ƒc##“ƒs““S2ÃãCc3SƒCS#33##sCsÄdÅ4P¥6öÇ–3ss3Ã32ãs3C““3sƒs“"ÂÓã#ƒƒ#ScCS3ƒ3“CrÃã3C“C3“c3Ss#“sS#"ÂÓãƒ#C“SƒS#c#sBÃãC“C##3Sƒ3“C“3SSrÃãCc3ƒssC#CcCs3cRÄdÅ4P¥6öÇ–36s“3S#Ãc‚ã3SC3Scc#sBÂÓãƒCCcƒc#3cƒ“sRÃã#C“CS##Sc3ss2ÂÓãƒ#C#ƒ33c“sscSCÃãC“ƒcccCScs“S#bÃãCcC3#ƒ3CsS3#s3ƒRÄdÅ4P¥6öÇ–3Vsƒ#ÃS#ãs“ƒƒcSƒƒƒs"ÃãccC“csc3S3#C3bÃãƒcƒƒcc#3sCBÃãƒ#C#“#“ƒƒ“Sƒ2ÃãC“ƒsƒcC3c“#RÃãCcC3#ƒ3CsS3#s3ƒRÄdÅ4P¥6öÇ–3Fss“33Ããs“33#3ssS“3‚ÃãCƒ#CSsCcCƒ“sc2ÃãSƒSSsS“#ƒ3c#cBÃãƒ#3ƒ“c#CSS3c“ÃãC“““ƒS3“3###rÃãCcCCCC33SƒScs‚ÄdÅ4P¥6öÇ–3–sS“3ÃcS"ãScƒ#“#3#scrÂÓãƒcƒCs“ƒƒ““s#“3"ÃãSSƒcSC#3##ƒbÂÓãƒ#3ƒ“C3Sss"ÃãCCC3s3sc“ƒscÃãCcC“c##3Cƒ“S33ÄdÅ4P¥6öÇ–36s“S#3ÃCã3ƒSƒsSSsCsS"ÃãCƒcsS“#3“3#sbÃãs#3“sS“C33ssbÃãƒ##““scc#cbÃãCSS“3C#C#Cs#bÃãCcS##3#ƒSCc“ƒ2ÄdÅ4P¥6öÇ–36sC#ƒÃ#2ã3CsssSƒ3S"ÂÓã#cc###Sƒ3Ccƒ“BÃãCs“Ccƒƒ“ss#srÂÓãƒ##SSC“#3C#“SÃãCsƒ3Ss3““cƒCBÃãCcS#Csc3ƒs33“#’ÄdÅ4P¥6öÇ–3sc#Ã#’ãcSSƒ#ScCcbÂÓã3#SS33cssc3s#bÃã3ss#S#S“3ƒsss#2ÂÓãƒ###sSCƒ#s3s‚ÃãC“#c3“SssƒSrÃãCcS3s3ccscƒss#ScRÄdÅ4P¥6öÇ–3fsƒ##Ãc“Bã#s#cSƒƒSSCƒc‚ÂÓã3ƒƒ“ƒƒC““#Sc"ÃãS“#s##ƒ“s#c3bÂÓãƒ#3cSc33ƒsÃãCC3ƒ3SsC333“#sBÃãCcS“3ƒ#SSƒ3Sc‚ÄdÅ4P¥6öÇ–3sCƒÃs32ãC#3#CƒC#C3sƒRÂÓãS“sss#C“ƒS3CRÃãs#ƒ##CCS##scRÂÓãƒ#sƒs““ƒ#ƒS"ÃãCscsSC#cSscs“2ÃãCcc#sSƒƒSS3c##“bÄdÅ4P¥6öÇ–3sƒCCÃ#s’ã“sCs“““ƒ“ƒRÂÓãc#SƒC“#rÃãsCSƒc“ƒ#s“S3ƒ2ÂÓãƒ#S#S3##“3CSc"ÃãC“cc““CCS“s#BÃãCccCcSc“ƒS““32ÄdÅ4P¥6öÇ–36sƒ#cÃ#“ãSss#cc“cc"Ãã#c#SCCS#c“c‚ÃãSCSCCCƒ3S#SSSRÃãƒ“SCC3C““cƒS“’ÃãC#CsS““3Cc3C#’ÃãCcc““CC33CC“33c2ÄdÅ4P¥6öÇ–3sC“RÃsBãc##“3Sƒc“BÃãƒCSsƒcS3CSsSSrÃã##S####s“Scc"Ããƒ“SCƒcSƒ3SÃãC#Csƒ#ƒ3s##s"ÃãCcc““CC33CC“33c2ÄdÅ4P¥6öÇ–3&s“3cCÃSbã3ƒ#s3#cs3cÃãc#ScC#ƒccƒcCcƒ2Ããsc3cƒCS3#3#Ããƒ“33ƒsssƒ#Ss‚ÃãC#cs3ScsC“sC#bÃãCcssss#Sƒ“3‚ÄdÅ4P¥6öÇ–3FsC“3cÃ3ãSSsc3Cc“s“SBÃãsscscccƒcƒcS2Ãã“Cƒ#Cs#Cc#“c#crÃãƒ““s#CS##“RÃãC#s3“Scs3“bÃãCcs###“3cS3#3bÄdÅ4P¥6öÇ–3vscScSÃs#RãS“S3SsS‚ÃãssCCCS“CbÃãƒcCcsc#sƒSƒÃãƒƒ#Scƒsƒ“S#RÃãC3#Sc3SC““cBÃãCcss3sSS“csS#cRÄdÅ4P¥6öÇ–3fsC3CÃS’ãCƒssSCƒ#sc"ÂÓãSSc“S#Sƒ3“ƒ#bÃã“C3ScC#ƒS3c#SBÂÓãƒsS“S“C““33Ss‚ÃãC3Sƒs“C“##3CC“rÃãCcƒsssc3ƒ3S#“BÄdÅ4P¥6öÇ–3fscƒCsÃ“’ãc“CSƒCcBÃã““ƒcƒ“333C#“#sSrÃã#CCC3“S3#s#s“BÃãƒscc333SS“#bÃãC3SC“CScsC3sCRÃãCcƒsssc3ƒ3S#“BÄdÅ4P¥6öÇ–3fss333Ã3ssrãcCƒSs#cCs#2ÂÓãccCcƒCc3CCcBÃãƒ“ssCCSccCC"ÂÓãƒsc#ƒƒ#cƒSCRÃãC3Sc“sSc3BÃãCcƒsssc3ƒ3S#“BÄdÅ4P¥6öÇ–3sccssÃCcãs3S““ƒcs“#CRÂÓã“33ƒcCcss3‚ÃãsssCsCCccƒcRÂÓãƒsCcsƒc33CRÃãC3ƒCCSCƒCƒC#3C3RÃãCcƒ33“3CSƒ““C3bÄdÅ4P¥6öÇ–3sƒÃ3ƒc‚ãCcS“s3Sc“2ÃãS““C“ƒƒƒ33c“RÃãs###SCcs##3ssBÃãƒssƒ“ƒ33##bÃãC3“ƒ#3C#ssrÃãCcƒ3“3ƒcCsccScC2ÄdÅ4P¥6öÇ–3sS#sÃC3bãSc#cƒc“csRÂÓã“c#“cƒƒƒS#‚Ãã#S3##Cc#ƒ3ƒÂÓãƒcCSCcƒ3ssƒ“3’ÃãCC#C#SCsƒ’ÃãCcƒs3ƒCƒS“cc’ÄdÅ4P¥6öÇ–3ssƒ2Ãƒ"ãCsƒC##“3RÂÓãC#cCƒssCS3CrÃãsCcc“SƒcscscsSbÂÓãƒcCƒ333cƒ#s“#’ÃãCC##3sc“scsƒrÃãCcƒs3ƒCƒS“cc’ÄdÅ4P¥6öÇ–36s33CsÃ“"ãsC“Cƒc“C#rÂÓãCCCƒsc3#cs“CbÃãs3S#CcC“ƒ“SBÂÓãƒScSS33ƒƒ“c3bÃãCC“ssScSc“3s2ÃãCc“SS“CCcCƒ#s’ÄdÅ4P¥6öÇ–36sƒ3CRÃBãCƒ“S#S“#ƒc“SBÃãCC“sƒs333scCƒC‚ÃãSS##ƒ“cSƒƒS#3BÃãƒC#c33#“33CC“rÃãCSC“C#sSs#cBÃãCsC#cSsƒ““3CcrÄdÅ4P¥6öÇ–3VsƒcÃ2ãCCcCcCSscÂÓãCScSƒSS“ƒƒc##‚ÃãScsCS3Ss““C#"ÂÓãƒC#CsccS“33ƒc‚ÃãCSS3ƒ3ƒsCCsRÃãCsC#cSsƒ““3CcrÄdÅ4P¥6öÇ–3scSs“ÃRã33cCs“S“SCs“"ÃãC3ƒ“#“ƒ“RÃãSS3ƒ#s##sƒ"ÃãƒCs3Cc3“3C3’ÃãCSc3S#c3#SS2ÃãCs#cƒc#ƒ3s3crÄdÅ4P¥6öÇ–3&s“ÃCCBãcs3#c3“ƒc’ÂÓãcS#CSCss3cSRÃã#3cSsC#“3sƒ#cBÂÓãƒ3“CC#33ƒ“C#ƒ2ÃãCScscƒ““C“ƒƒ’ÃãCsƒC“ƒ3“cCƒbÄdÅ4P¥6öÇ–3&s“c#“Ã#"ãs“#3SSƒ3ssC‚ÂÓã#cCƒ#c““#C##CRÃãSSC3#ƒ#c#ƒSScÂÓãƒ3sCcƒCsSƒ‚ÃãCSs“#“Cƒc#s“c2ÃãCs#ƒ3sC“3#3sCbÄdÅ4P¥6öÇ–3&sss3“RÃRãS3SC#“#ƒ“ƒ3‚ÃãCƒƒc3S“c#sCsC3‚ÃãSCss“#33SƒBÃãƒ3cƒ“3C#ss“cc2ÃãCSƒ##“C“cƒ3sC’ÃãCs#ƒƒs3cSCcƒbÄdÅ4P¥6öÇ–3&sC3cÃ#‚ãcƒsCc333sƒssBÃã33cCCc“ƒ“s3cƒ2Ãã3ƒSScƒs3#ƒC#332Ããƒ3CS““S##ss#“‚ÃãCS“SC3“ƒ3#rÃãCsCƒCsCƒ#s“ƒCbÄdÅ4P¥6öÇ–3sƒS#Ã“#Rã#3“SSC#“3“#BÃãcc#ScCS#“3CcsSbÃãsCS3“Sƒƒ3Cc3ƒrÃãƒ3Ccc#c#“33cBÃãCS“ƒ#sCƒ“sSƒBÃãCsCƒ3ƒc3#rÄdÅ4P¥6öÇ–3Vs#“Ã3BãssCCsCCsC““bÃã#c3SC“S“3CBÃã#CSƒ“#SƒcSCƒ#RÃãƒ333S3S3cƒ#ƒ32ÃãCcCCSSƒ#SrÃãCsCS“scC“3S3BÄdÅ4P¥6öÇ–3ss#SÃ#“ã3ScSS##s#sbÂÓã““CC“S##“c#‚Ãã###ƒcsS#S#cs##RÂÓãƒ3#CC3ƒƒS#’ÃãCcss“SCSƒ“3ƒcrÃãCsCc3sS#sCs3sbÄdÅ4P¥6öÇ–3sƒCÃCRã#cƒ“SSƒc#S#3RÃã#sƒƒssss3ƒscƒcSBÃã3C3“Sc3Cs#33RÃãƒ#ƒC#S3C3c33cBÃãCc3“cS3#SSƒ3c‚ÃãCsc“CCcS3ƒ“2ÄdÅ4P¥6öÇ–3ss“#ÃC3"ãƒ3SC3CCcS"ÂÓã“SScƒC3s“s3C#2ÃãscScS“CƒcS3cSBÂÓãƒ##“sC#sƒ#Sc‚ÃãCcc#“ƒc3ƒ3c3CbÃãCssCCƒCsSs#’ÄdÅ4P¥6öÇ–36sƒ#3ƒÃcCƒ’ãCsccc#ƒ3ƒ“RÂÓãS“Csƒ3sSsc3BÃãc3“cc3CƒƒcsBÂÓãƒ#c“3““ScrÃãCcsSc“ƒssscRÃãCsC#s“C##rÄdÅ4P¥6öÇ–3vssƒSÃ“Rã#C“Scsƒs“CÂÓã#3“ccC#SsbÃãCƒƒs3s#Ss"ÂÓãƒ#3cscsƒCc2ÃãCs3cƒƒc#ƒ3cC3#bÃãCss3Cƒs##ƒCrÄdÅ4P¥6öÇ–3vscCcsÃS#bãccCccS#ƒ“CsbÃãcs#“#3cs#cCƒ#‚Ããƒ#““3#cƒ3ssƒ#ƒ3rÃãƒƒssSƒ#3SÃãCsCscsƒCSC3bÃãCsƒ“cCcƒ#“RÄdÅ4P¥6öÇ–3sƒ3#Ã#ƒ"ãƒcSC#3cƒ3“SrÃãS#s“3“Sc““ƒ2Ãã3c3s3S3sCSsbÃãƒCƒS“ccs#3bÃãCscc3C3s“c#SS“CRÃãCs#sS“c“ScsrÄdÅ4P¥6öÇ–3sc“sÃ#ƒRã#Ccƒ##33S3RÃãCsc“C#sSS““"ÃãCƒSC#“S#s‚ÃãƒCC#“33s#S"ÃãCscƒSccƒƒ3SCbÃãCs#sS“c“ScsrÄdÅ4P¥6öÇ–3sCC33Ãsã3ƒC“33“ƒC"Ãã#c#s#ccCc“‚Ãã#SC#S33SS“ƒcC3crÃãƒ3s“C33ƒc#cSBÃãCss##3s#ƒBÃãCs#ƒƒ3Csc#3Sƒ3RÄdÅ4P¥6öÇ–3†s#“##Ãƒc‚ã3C“S3c“#ÂÓãss“sCC“ƒSCƒ2ÃãƒƒcS3cSCSƒCsƒ3ÂÓãƒ“ƒcC“Cscss‚ÃãCƒƒ333“3#BÃãCs#3“3scC“SscS"ÄdÅ4P¥6öÇ–3sCCsSÃ3S2ã#ƒSC#3s3RÃã“C3ƒ“#sSƒsƒSƒRÃãcSSS“Ccƒ“SC“sC’Ããƒ“ƒ“Csc33CCs“2ÃãCƒC3“3s“CsƒrÃãCs#3“3scC“SscS"ÄdÅ4P¥6öÇ–3vscCSÃ“crãs3C“3C“ÂÓãsƒƒƒC##c“C2Ãã“cSS#ƒ#S““C3SCbÂÓãƒ“s3#SscCƒsƒbÃãCƒ“CcCƒ“3“sƒsƒrÃãCs#C###SC3“ƒCƒrÄdÅ4P¥6öÇ–3&s“CSÃ#Bã#ƒcƒƒ##“c“’ÂÓãC““ƒsC“ƒ33CS#2ÃãƒSC#SScc“332ÂÓãƒƒ“ƒsƒ“sSÃãCƒSs#cc3ƒccc332ÃãCs#“33ƒC“SCc“"ÄdÅ4P¥6öÇ–3vs“sÃBãC#CƒCƒs““#CÃãccscC“ƒC“c#“#SsBÃã#c#S3ƒƒ#Sc3‚ÃãƒƒSC##ƒC##C#“BÃãCƒssƒCsCc#3ƒrÃãCs33cSC3CƒsS2ÄdÅ4P¥6öÇ–3&sƒƒSÃ2ãsSƒcs“ƒ#rÂÓãCsƒƒ“s3ccScssRÃãS“#ƒc““““ScSƒ2ÂÓãƒssccCcƒc3RÃãC“##ƒƒSs#sscC#rÃãCs3S“#S“Sc#ƒ#rÄdÅ4P¥6öÇ–3–s“#SÃ#ãs3SSƒ#rÂÓã3Cc3C##“cC#C’ÃãC#ƒss3#3SS#cCBÂÓãƒssSCƒ“S#S“sÃãC“#33cScS#SsBÃãCs3S“#S“Sc#ƒ#rÄdÅ4P¥6öÇ–3FscSSÃS’ãsƒ33C“C#33RÃã#SCsƒ33S3cC“Cƒ2Ãã3SScssƒSsCc’Ããƒs3“ƒcc33CsRÃãC“C3cƒ3s“CS3cBÃãCs3s“3csSc“ƒrÄdÅ4P¥6öÇ–3s“SÃcsrã#s#ƒcsCƒs#cbÂÓãƒ#S#s3Cc3c32Ãã##C33“###3S"ÂÓãƒsccSccƒS2ÃãC“c#s#sƒ3ƒ#BÃãCs3“S#sc#cCbÄdÅ4P¥6öÇ–3fssCSƒRÃ32ãcsSƒSCƒS3“#CBÃã3ƒ3SS“3S#S3ƒÃãCsS3#cCC““sRÃãƒc“3“SScƒ“s#Ss"ÃãC“s3s#“scƒsrÃãCsC33C“#“““‚ÄdÅ4P¥6öÇ–3sSCs3Ã#‚ã3CCc“cCsS“"ÂÓã3c“#sƒ#CCsƒs#c#2ÃãCSsc“#CS““3c““2ÂÓãƒcƒ#cCƒƒ3#sSbÃãC“scccScss“sC32ÃãCsCsƒc“cCC3BÄdÅ4P¥6öÇ–3FsCSCÃ#ã3“ccCcc3ƒ#‚Ãã3sSScC#SScRÃãsSc#sCs3“ss#ÃãƒcCƒ3ƒCSS3Cƒ#bÃãC““c3“ƒ“csscscBÃãCsC#sƒ###3scS3RÄdÅ4P¥6öÇ–3&scƒ#cÃSãƒCSc“#“33csRÂÓã##ƒCƒccCSc#3C2Ãã#s3“#C“ƒ#Sc3ƒ“2ÂÓãƒc#3sscsccC#rÃãC#Ssc“ssCcrÃãCsCC#ƒs#scƒc3cbÄdÅ4P¥6öÇ–3ssƒsSÃ#CBã3#ƒc3ƒ#Cc3CRÃã3“ƒ“ƒc3scCbÃãc#S3CcCCs#s"ÃãƒcscSƒ#C#CSBÃãC#““#Sc“SCbÃãCsCCs“3CƒsS“33ƒRÄdÅ4P¥6öÇ–3sƒƒ3“Ã3ãCS3sC#c“#rÂÓãS#3s“css3SƒƒC3BÃãƒ“ƒcCc#ƒcƒ2ÂÓãƒSƒ“3csS3sC#C“"ÃãC#3CSƒ33“C32ÃãCsCScƒS“s“S3cSRÄdÅ4P¥6öÇ–3&ssscÃ#bã#“Scc“C“ƒS“rÃãCc3Cs#sSs““‚Ããƒ3CC3“#ƒcSƒrÃãƒSƒCƒs““33c#bÃãC#33C#ccs“#““ƒrÃãCsCSs3s3S“3#cc‚ÄdÅ4P¥6öÇ–3Fss“sÃ3"ãƒ“#S#c“#s“S3‚ÂÓã#sSC3“S3c##RÃã33c“#ssC““ssBÂÓãƒCc#s“c3ƒS3ÃãC#C“#ƒ3“S“3’ÃãCsS3SS3CccS#sRÄdÅ4P¥6öÇ–3Fsƒ#ƒÃ33RãS#ƒC#3“RÃã#CCS###ƒƒCS3BÃã#s3Sc#css“S2ÃãƒC3c3CSC33“s2ÃãC#ƒsƒ3#c#"ÃãCsSCcƒC“ScS“sƒ2ÄdÅ4P¥6öÇ–3VsS3SsÃ‚ã“ƒS“Sƒ#‚ÂÓã3scƒ3cƒCc3C#ƒS2ÃãCcƒSƒcƒc3cs“cRÂÓãƒC3CCCƒƒs“cccSRÃãC#“ƒSƒ3c3rÃãCsSCcƒC“ScS“sƒ2ÄdÅ4P¥6öÇ–3FsssS#Ã#cãCc3““scSƒbÃãCcC“3sC#cƒBÃã3cƒƒƒS33S“S3RÃãƒC#CƒsC“C“##BÃãC##s#ƒƒ““ƒ“CS‚ÃãCsSSc3cS““““cRÄdÅ4P¥6öÇ–3FsSSÃ“#Rãc#sCs#C#ƒƒScBÂÓãƒsC#S“scc““3RÃãƒsSƒ““C“ƒssÂÓãƒ3ƒc“C#c#2ÃãC#S3“S“s“3bÃãCsSsCs33ƒS#CBÄdÅ4P¥6öÇ–3s3sÃãcCƒ#“##ƒS##s"ÂÓã#S#ƒ#c#CC“2Ãã33S“ƒ#“sSSSc2ÂÓãƒ#cccC#““S3#’ÃãC##csScƒƒƒ“crÃãCscCcss#3#“SsBÄdÅ4P¥6öÇ–3&ss“Ã3“RãƒCƒS#SC3c33bÂÓãƒcƒss3“C3#S2Ããƒ#ScSSSSs3sƒÂÓãƒ#CS#Cccc3CRÃãC###“#ss#“s#SRÃãCscSsƒ“#csccÄdÅ4P¥6öÇ–3FsSCSÃ“Rãss33cScƒcƒBÂÓãSƒ“SC##cCs#S3cÃãCCS#ƒƒ#CCƒ"ÂÓãƒ“scƒ3scCcÃãC##Scc3sc3cC“C3bÃãCscƒ3#33cs#CBÄdÅ4P¥6öÇ–3FsScCÃ’ãƒƒs#C#Cs3ƒBÂÓãScCSSƒ#“scsRÃãs33ƒ“S3C“cƒcRÂÓãƒ#c“ƒSCSRÃãC##SS#SSCCSCCS‚ÃãCscƒ3#33cs#CBÄdÅ4P¥6öÇ–3sSƒÃ#C‚ãsc##ƒ“#CS3"ÂÓãs3“CC“3C“cS2Ãã“##ƒcƒ“C“ssSÂÓãƒ“3““3ƒ“c3C“RÃãC##S“#ƒsc3#33CRÃãCscƒ3cC3S“Cs“RÄdÅ4P¥6öÇ–3†sƒ“Ã3Sã“#s#S#ƒ“ƒ“ƒcBÂÓã““3S3“ƒSs#sRÃã#3sCƒƒ“33#c"ÂÓãƒ3cƒ““3ccs"ÃãC##“ƒS“s“Sƒ“ƒÃãCsscƒ#sC33ScSSbÄdÅ4P¥6öÇ–3Fs“ccÃ2ã3““cCƒƒƒC#SC’ÃãCCsCsc“ƒƒ#3cbÃãSS3“S3SccCRÃãƒC3c“cC“S“"ÃãC#3CƒS#SC3sRÃãCss#ƒccsc“3CBÄdÅ4P¥6öÇ–3vsc3sÃC‚ãC“C3S3sC#“bÃã#c#S33cSsc“SC’Ãã3#sƒc33“33S#s“"Ããƒsƒs“CsƒSc3RÃãC#3#SCCs3“s#S‚ÃãCssCƒ“cSc“Sƒ3csrÄdÅ4P¥6öÇ–3&sƒ#33Ã"ã#333##“C##“3‚ÂÓãC3s#s“Ccssƒ’ÃãSCc3“3C“S“sƒ#BÂÓãƒC“3cC3#CcrÃãC#3Cs3cS“sS#“ƒRÃãCssssƒC#cCs3CBÄdÅ4P¥6öÇ–36sSƒƒcÃ“c‚ãSc3sSScC#CccbÂÓãs3c#cSƒ#“sƒcC2Ãã“C#SCcS“ScccRÂÓãƒ#“S3##“3ƒRÃãC#3SC#ƒSCscS“BÃãCsssSSc“3“3S#CBÄdÅ4P¥6öÇ–3ss“cÃ’ãSCsc3Cƒ#SƒrÂÓãS#s33“#sƒSC“C#‚Ãã““#s3S3s3SC3CRÂÓãs“““Sƒ33C#3“SSƒBÃãC#3s3C“3ƒcƒ3BÃãCss“C3#cc“ƒƒS#s“bÄdÅ4P¥6öÇ–36scSÃ3S‚ãƒsSscƒCƒƒc“S2Ãã“sCcS#CC3c#33C"Ãã3s#C“c3“#3‚Ããs““cSƒ3csccsSC"ÃãC#3“33C“SC3“#cBÃãCsƒ3ss““#S#ÄdÅ4P¥6öÇ–3Vs#“Ã#bã#ccƒs“#3““3S#s‚Ãã3s33Sƒ““CƒC3SrÃã3ƒCC“S3S3csSC32Ããs““3##c3ƒ“##CcCRÃãC#C33SSS3#ƒ‚ÃãCsƒ3###3SS3RÄdÅ4P¥6öÇ–3Vsc3“Ã’ãƒ#C3CsCƒs“C‚ÃãSS3s#ss33CcS“S‚ÃãcCCƒS“csƒƒƒC2Ããs““#SSccc3#BÃãC#CC##ƒ3“cC“bÃãCsƒ3CccC#s##3RÄdÅ4P¥6öÇ–3vsƒCSÃ3s’ãcC#sƒ3C“sS‚ÂÓãƒ#“SƒSƒc#CcƒrÃã#ƒSS3C33“BÂÓãs““C#ƒ3csCSƒRÃãC#C#ƒSc#ƒ3ƒ3s2ÃãCsƒ3S“Cc#ƒs33‚ÄdÅ4P¥6öÇ–3–ssC“Ã3’ã3S#c““ƒCCCc#BÃã#Sƒ#ƒcsC3###SRÃã3#3#s“ƒc“sƒ“csBÃãs“ƒsCCsƒ3S#cÃãC#CC3ƒC3CS“scc"ÃãCsƒSƒ““3ƒ3Ss#2ÄdÅ4P¥6öÇ–3†ssƒSsÃ#bã“ƒ#“3ƒƒsBÃã#ƒsCc“SSƒ#CC3RÃã3S“Sc““SC“cƒ“c‚Ããs“ƒSƒC3“s3c#s’ÃãC#CS3C3sss3sSbÃãCsƒccSCCS3#S#“#bÄdÅ4P¥6öÇ–3VsS##Ãs3bãCScƒS“#ƒ“RÃãs33C#“SccC33CcSbÃã“ƒƒ#ccƒ“#Ss“S’Ããs“ƒ##CS“Ccc#3“"ÃãC#CsCcs33“ƒSbÃãCsƒƒsC“Scs3C‚ÄdÅ4P¥6öÇ–3–sscƒÃSC‚ã“““CS#sƒS2ÂÓãƒC#ƒ3S3S3S3RÃãSCc“sCsCs“#ƒRÂÓãs“ƒ#ƒƒƒc##33’ÃãC#Cs“SsCC“ƒƒRÃãCsƒ“CcSƒ3SS“ƒbÄdÅ4P¥6öÇ–3s“sCCÃCãcS#3C“##C3S3rÂÓãccS33“cCSCCrÃãƒ#ƒƒcCc#C“‚ÂÓãs“cS“#3“ƒ“#“ÃãC#Ss3S3sCsSsRÃãCs““3C3ss3“SSs2ÄdÅ4P¥6öÇ–3scCÃ3BãS#3“CC“sSCc"Ãã3S#sC#ScSsS“"ÃãCC#ƒƒCs“#ƒƒs#3’Ããs“cCcCƒsss#"ÃãC#Ssc“##“ƒCcC’ÃãCs““3Sƒƒ“##cscrÄdÅ4P¥6öÇ–3&s“CCÃ“S’ãCC3cCsC#"ÂÓãƒcSCSƒ3s“3c"ÃãƒsƒSƒC“c3CC2ÂÓãs“c““C#ƒ3S#RÃãC#S“s“s“c“ƒ3bÃãCƒSSCc#3ƒSs"ÄdÅ4P¥6öÇ–3sC““Ãsbã#3CSccC#CRÃãƒƒC3C3##3CS#rÃã##s3##S3Ss2Ããs“SS““ƒ“#cCc’ÃãC#c#cCc#““SSRÃãCƒCC#ƒ3ƒ#ƒs#ƒrÄdÅ4P¥6öÇ–3FssCÃBãcCs“““s“ƒSRÂÓãSscSCƒ3#sc3C2Ãã“ƒ##c#Sƒc#C“’ÂÓãs“S#ƒƒc#“sÃãC#cS3ƒSs“s“#SƒsBÃãCƒs##33S““ÄdÅ4P¥6öÇ–3sssCÃSãƒƒsCsCs#Cs#ÂÓãƒcscSƒs#“scCBÃã“##““ScƒsC“s3bÂÓãs“C#ƒƒ3S33#s3ÃãC#s#ss“Sƒ#CS3SbÃãCƒ#C3ƒ“3cs3cBÄdÅ4P¥6öÇ–3s“3ƒÃS“’ã33“Ssƒ3ssCCÃã3##C#3S#S3“‚Ãã#c3c“Cƒ“#cc3bÃãs“3ƒƒs3““ScsBÃãC#s#cC#ƒƒ“#s“sƒ2ÃãCƒC#“S“ƒ“#ƒss’ÄdÅ4P¥6öÇ–36s#CSÃ3cbã“s3sS#sCc3“ÃãScƒs3C3ƒcscC#CÃãCSs“c##3c##3#BÃãs“3“3cscc3#3BÃãC#s#SS“Cs##ÃãCƒC#“S“ƒ“#ƒss’ÄdÅ4P¥6öÇ–3FsƒcsÃS“2ã“Cƒsss“s“cc#’ÂÓãƒ#CC3c3c“3cƒ"Ãã#33Sƒc3c“C#ƒBÂÓãs“3ƒ““#S“ƒsc“‚ÃãC#s#SCƒSssS#SBÃãCƒC#“S“ƒ“#ƒss’ÄdÅ4P¥6öÇ–3Fss#S#ÃS’ãCC“ƒ“ƒ##c#sBÂÓã#ƒ““sCs“Cƒ2Ããc#C#cc#S“sƒc3cCBÂÓãs“3scS33C3#c"ÃãC#s3cc#“csƒƒrÃãCƒSs3“#s“33cƒSrÄdÅ4P¥6öÇ–3†sSs3ÃRãƒSsƒ#3ccƒ“C“S’ÂÓã3ƒ#“CSs3CC3ƒ2ÃãCƒSCCs“cc#SC#rÂÓãs“3#S3SScS#rÃãC#sssS““CSC3"ÃãCƒƒc#CsCCƒbÄdÅ4P¥6öÇ–3–sƒ“CÃ’ãC#cSS“3“#cCƒBÂÓãC“c#S#C“s3ƒcƒ2ÃãƒƒƒcƒSCSc“ÂÓãs“###s3#C“S“S’ÃãC#ƒ##ƒ3ƒSSSƒ“‚ÃãCƒ#C“#ƒ3csƒ“3“’ÄdÅ4P¥6öÇ–3VsCSSÃc2ãƒƒ“S#cC“c“CrÃã#““cƒ#3S#“sC2Ãã#cCC““c#3ƒ3sƒrÃãs“Sƒ3ssS#S“3s’ÃãC#ƒc3C3C##srÃãCƒ#ƒc#SsS““SBÄdÅ4P¥6öÇ–3VsCcCÃSc2ã3#3ScScS#bÂÓãsƒScsC#“3““"Ãã““#Cƒ3cS#S33’ÂÓãs“SScsSSSS#“ƒ3RÃãC#ƒc“sS“ÃãCƒ#ƒc#SsS““SBÄdÅ4P¥6öÇ–3&scssÃ’ãcƒSsScSRÃãC““#“S“3SScrÃãc3ƒcC#ƒcC3#ƒ"Ããs“SsC“ƒcsSsÃãC#ƒcCs“#s#c3sÃãCƒ#ƒ3CSccC“crÄdÅ4P¥6öÇ–3&sscÃã“3“#“s““c33CrÃãCccSsCƒSC“SSƒ32ÃãSƒ“SCsƒ#Ssc3cƒcBÃãs“S33ƒC#c#3ƒ#bÃãC#“#cƒƒ3C“c“BÃãCƒ3C3sSsc#c#ƒs2ÄdÅ4P¥6öÇ–3&sc#ÃCBãS“CCCC3ƒƒs#"ÃãCCCcc3S3SSc3Sƒ‚Ããƒ#sƒC“scƒ3sƒ3bÃãs“3c##““C#rÃãC#“3c#s““sSsBÃãCƒ3C“c“ƒ#ƒ“C#2ÄdÅ4P¥6öÇ–3s“S#3ÃCcBãsC33S“#s2ÂÓãƒƒƒsCSSScƒ3C““SBÃã#Ss3csƒ##sC3#ÂÓãsƒ“Cs“sSsSsƒƒ2ÃãC#“ƒ3#“CCSC‚ÃãCƒCCƒ#3S#SCCCƒ3BÄdÅ4P¥6öÇ–3–sC3#Ãc2ã3C“SscS#CBÃãscsCC#ƒƒs“CSc“rÃã“s#ƒ#S“sCcƒ“S#"Ããsƒƒƒs““3c##’ÃãC3ƒ#ƒc3CƒC32ÃãCƒCC#ƒS3ƒƒ"ÄdÅ4P¥6öÇ–36sc“3Ã’ãSƒƒC#ƒS3ssss2ÂÓã3ccSƒ#ƒC“#Ccƒ33bÃãCcCs“ƒ“C“CƒSRÂÓãsƒƒs3C3s#C32ÃãC3#ƒS3c#3CcSƒ#RÃãCƒCC““3C“SƒCsrÄdÅ4P¥6öÇ–3fss3CSÃ#RãSs“3“3ƒ#csSSBÃãcs“33ƒCsƒƒrÃãƒc“s“““cCsBÃãsƒƒ333sƒ3BÃãC3c“ƒƒcCCCcSBÃãCƒCƒCc#ƒ“s3“CbÄdÅ4P¥6öÇ–3&ssƒƒ#ÃSãƒS3##“#s#RÃãsƒC3ƒs#“BÃã““ccƒ3“ƒsC3#2Ããsƒs3Cƒ3#S““S‚ÃãC3ss“ƒs“c##ÃãCƒS33#3S#S3css3BÄdÅ4P¥6öÇ–3–s3sƒÃ#’ãcS““sC3cƒ#rÃã3S“3cccCssCƒRÃãCSc“““ƒ“ccS3bÃãsƒs#C#scS#RÃãC3c#CSCC3Css#“rÃãCƒS3cs““sSC#ƒ3RÄdÅ4P¥6öÇ–3sƒC#RÃã##S#3#“ƒ#C3BÂÓãC“33c33ƒS“3RÃãc#cCC“ƒƒƒ3“s‚ÂÓãsƒs#33C“3cSSS"ÃãC3Ss“C##ƒsÃãCƒS3cs““sSC#ƒ3RÄdÅ4P¥6öÇ–3&sƒƒ3sÃsCãƒc“s#ƒsC“cƒ2Ããs“3ƒ3ssƒcCƒ3“cBÃã“cƒƒ“CCs#BÃãsƒc##Sc#ƒƒcsc"ÃãC3s3S3C3c##CCRÃãCƒS“ƒ3scCÄdÅ4P¥6öÇ–3&s“ƒccÃƒrã#sS“c3“SSCƒcS’Ããƒss3“SCƒ#RÃã#3sCss3“3#S#rÃãsƒS“#ƒcs#c3“c“ÃãC3“#C3“CcCSCs“’ÃãCƒcccƒSƒs#ƒ#CBÄdÅ4P¥6öÇ–3sc“c#ÃS’ãCSCsCC#“ƒ33bÃã“ScSc“3“ƒƒ#cS"Ãã#C“3ƒsƒ3sSS"ÃãsƒSsCsSƒc“s2ÃãC3#CS#“#cC3“2ÃãCƒc#cs#ƒS#ƒbÄdÅ4P¥6öÇ–3vs3“33ÃC2ãƒS“#s##“RÂÓãscƒsC3“33ƒ“cCCÃã3s3ScsCƒ3SRÂÓãsƒS#c#cs33ƒ#2ÃãC3##“““3CSc“33bÃãCƒcS#“3csƒcSƒ"ÄdÅ4P¥6öÇ–3&sc3CCÃc"ã“ƒ“#ƒ#ƒs“scbÂÓã#CS3ƒSS3#3cS“RÃã3cSs““c#ƒC"ÂÓãsƒCC#ssSƒc##SSSÃãC3#sƒ“SSsSƒ#RÃãCƒsSs“SSCSsrÄdÅ4P¥6öÇ–3VsC#ÃCS"ãcsƒCsC“CÂÓãcCC“ƒs#s“ƒSs#‚Ããƒ###c#cs3C‚ÂÓãsƒ33sƒSc3ƒ3cC#ÃãC33CCƒC3##sc#‚ÃãCƒssSƒcS#“#bÄdÅ4P¥6öÇ–3–scƒ“ÃsãCS3ƒccs3#BÃã##ƒƒ##S3“cƒc“rÃã#“#“3CCSSS#3"Ããsƒ33CSSs“ƒs“CbÃãC33C#C#Cc#Sƒc3BÃãCƒssSƒcS#“#bÄdÅ4P¥6öÇ–3Vs3S3Ã#Cc2ã#CccsssƒscrÃãcƒ“3cƒsCsÃãssc“ƒsC#SC“#c3rÃãsƒ#c#“S##sƒ’ÃãC33ƒCC“s3C“3RÃãCƒƒCƒSScCc#C#c32ÄdÅ4P¥6öÇ–3sƒSƒ“Ã"ã““S3C“SSSCCs‚ÂÓãC33““sc“Sc###“BÃãSSCccsƒC““SCSÂÓãsƒ#Sƒ33sƒC“s3rÃãC33“3#S3##C’ÃãCƒƒ“#S3sSsCƒcBÄdÅ4P¥6öÇ–3scCÃ‚ã#3C“##“3sSSCBÂÓã33sSs3cSs“S“RÃãC3#cƒ#cƒcRÂÓãsƒcƒCcCCs“#‚ÃãC3C3“““#““Sƒc#sRÃãCƒƒs3#3s3C“s#BÄdÅ4P¥6öÇ–3–s“#3ÃSãcsS“C#C3#sBÂÓã#3ssSsƒ3C“s3rÃã#s#cCs“3##sSsRÂÓãsƒSƒsc’ÃãC3CSS3ScS3sbÃãCƒƒs“scƒS#ƒƒsBÄdÅ4P¥6öÇ–3†sS“SÃ2ã“S#sƒƒSSSƒ3CsBÃãCC#ƒƒCC33“SC3SBÃãS3C3#ƒSScCƒccbÃãsƒ3ƒC#cs““#2ÃãC3Css“ƒ“s3CccSC3BÃãCƒ“ƒƒ#ScS“#SSÄdÅ4P¥6öÇ–36s#3s#ÃsãSsS“#3s3“ƒ““2Ããs“#s33ss3#“2Ãã“#3c##3ss“CC#‚Ããsƒcc#“Sƒ3ƒsÃãC3SsS##Cs3’ÃãCƒ“#““3##SSsƒ“SbÄdÅ4P¥6öÇ–3ss“ƒSÃC“ãCcss3cS3‚Ããc“ƒsss3ScC#S#2Ããƒ“Sƒsƒƒ““ƒss#Ããss““ƒ3ƒScƒƒƒrÃãC3SC3ƒƒCƒ3BÃãCƒ“sƒƒc“sSss#BÄdÅ4P¥6öÇ–3†sS#cÃ#’ãcsƒ3#ƒ3S3#ƒ3crÂÓã#ƒcƒ“#“CccSƒ’Ãã3cs“SC“3c#CS“2ÂÓãss“c“Sƒc3#s“3CrÃãC3SSc““C3C#S#CrÃãCƒ“ƒs“SƒSƒ“RÄdÅ4P¥6öÇ–3fsScÃƒ’ãSS3Sƒcs#CCrÂÓãcsSSss33s#c#SS3RÃã#C“3cSƒ3Ss“#ƒ’ÂÓãss“Scƒ#3s“#3““S’ÃãC3ScCSSsCc3C“3sRÃãCƒ““3Cs““ccc3BÄdÅ4P¥6öÇ–3sss#ÃBãC3#SccS“#Ss3ƒc"ÂÓãC““s3Sƒ#CƒcÃãSSs#csS“ƒ3ccScrÂÓãss“Cscsƒ33“S“’ÃãC3Sc“ƒ“ƒcS#SƒRÃãCƒ““cCsS#sSccCBÄdÅ4P¥6öÇ–3sƒs3Ã3C"ãƒ#3cS“ƒsƒRÂÓã““ƒ#s3c“““RÃãcsss##ƒ#ƒCs3s“BÂÓãss“3Cƒscc“ƒC2ÃãC3S“#ƒcSccscƒ#3BÃãC“sS3#CsƒCRÄdÅ4P¥6öÇ–3ssC3Ãã#3C#ƒSs““ƒ“‚ÂÓãc#CCCƒƒ#3sƒƒrÃã#ƒSSCƒ#ƒCC3sc“bÂÓãssƒsS#cS3Ssc‚ÃãC3cC“ccCc3SƒƒSSbÃãC“Cc##3ƒsS“ƒRÄdÅ4P¥6öÇ–36s#ScÃSBã#“3sScs#crÂÓã#ƒ“sscc#sscc2ÃãcCc“ccƒ#sscSCbÂÓãssƒ3ƒs#3S33RÃãC3c3Cƒƒcsc#SBÃãC“S“cccsCsCcƒbÄdÅ4P¥6öÇ–36sc#ÃCbãcSC33#s#s##‚ÂÓã3#sSSC#3ccƒ“bÃãsSƒ3“ƒ#ƒƒsS‚ÂÓãssƒ#CƒC“33cbÃãC3cC#s3“3“scÃãC“cc3CcsƒCsbÄdÅ4P¥6öÇ–36sCÃCSãS3#333C#S’ÂÓã“#Cc##ƒƒCc‚Ããƒƒ““#cs“ƒ33s“#rÂÓãssscC3#CcƒCƒƒ2ÃãC3css“3c3SSs#C‚ÃãC“#“S3scS“C"ÄdÅ4P¥6öÇ–3Vs“ƒÃ#Srãƒ“ƒCCsCƒC32ÂÓãCc“#3Cc#ƒ‚ÃãCsSSCCƒCS33ƒbÂÓãsss3s#sSS3s3#BÃãC3c“ssS3S“S“ccbÃãC“####C“cSCsƒ##2ÄdÅ4P¥6öÇ–3&sc3SÃƒ’ãc3“ssSCss’ÂÓãƒC#Scƒ“““scRÃãƒ“SC#33#ScbÂÓãsss##cƒs#“ƒscƒ"ÃãC3s#C“3S“C3c’ÃãC“#CSS#3CƒsƒƒƒCrÄdÅ4P¥6öÇ–3s“c3Ã3cRã3scsƒsƒsƒsBÂÓã“s“SsC“ƒƒƒCS3RÃã#cCC“#ssƒCcbÂÓãsssc33Cƒ3c3##S2ÃãC3sc#C33“cS3bÃãC“#SscccS“CcC“BÄdÅ4P¥6öÇ–3sƒ3ÃCRã“cc“sSc3scSBÂÓã3ƒ#C“cƒƒCCCS’ÃãC“SS33##c#SƒbÂÓãssscsS“S#C“CsRÃãC3sƒƒ“sSs“2ÃãC“#“S““CcCsSRÄdÅ4P¥6öÇ–36ssCƒÃ#CrãsCƒss#’ÂÓãcS#3S#3SCƒCsBÃãƒ3“S““SS#“##sƒ"ÂÓãssc“ƒ3S3“S“3rÃãC3ss3c3C#ƒSS2ÃãC“3ƒƒs#ƒƒC“rÄdÅ4P¥6öÇ–3FsSSƒÃBã#Css3#ƒScƒcs"ÂÓãCSƒƒcscSSrÃãS3S#SSc3““#S“RÂÓãssScs“cs#csbÃãC3s“C33“C#ssrÃãC“#SsCsƒ“cc#“3rÄdÅ4P¥6öÇ–3vsS“sÃƒbãss3#c##CbÃã#cƒ#3“#CCScbÃãSc“SC“33c3s’ÃãssSS3“S3c3#’ÃãC3ƒ3cCƒcƒCƒBÃãC“##3S“csC3ƒBÄdÅ4P¥6öÇ–3VsS“cÃ#2ãc3“3SSCSƒ3CbÃã3ccCƒƒƒs#Cs‚Ãã3“c#cCC3sccCSRÃãssC3#S3““csCC‚ÃãC3ƒsCc#s““3cCccbÃãC“#“““C“C#c#cBÄdÅ4P¥6öÇ–3†ssCscÃ3#Bãss“s#s“cs‚ÂÓãsƒS“C3cc#sssc"ÃãScSCC#sƒsRÂÓãss3ƒ#“scsƒcs“ƒ‚ÃãC3“3CccC“CƒS#2ÃãC“3#ƒ“ƒc3“Cs’ÄdÅ4P¥6öÇ–36ssc#Ã33‚ãc#ccSCcSSƒbÂÓãss“SS“cSs#CcrÃã###33CC3ƒSCC2ÂÓãss3C#scƒ#SC“#bÃãC3“#c“ccCSc##sBÃãC“3S#s#ƒ#3SC"ÄdÅ4P¥6öÇ–3&scSS#ÃCRãSsƒSƒsSS##’ÂÓã#C3ƒ“C“ƒ“ƒS“C#RÃã3c#3#SS“C“3s’ÂÓãss#S“ƒsCC3Ss"ÃãCCSSsSƒS““SSbÃãC“Cƒƒ3S“ƒ3C3s3BÄdÅ4P¥6öÇ–3ssc3cÃ#’ã#s#SSƒƒsRÃãSS3CccsS“3“Ãã3cƒ#ƒc“ssƒcƒcbÃãss#“3C“ƒƒcCCƒBÃãCCS3#“ƒC“S#“3“RÃãC“Cƒƒ3S“ƒ3C3s3BÄdÅ4P¥6öÇ–3scSƒÃ“S2ãS#s3ƒ“#SsCƒRÂÓãcc3CS““CSƒsCBÃãƒc#ƒƒ“cS“ƒCBÂÓãss#“ƒ3C3s“C3SRÃãCCS3SƒS3sbÃãC“Cƒƒ3S“ƒ3C3s3BÄdÅ4P¥6öÇ–3s“cc3ÃcãSƒS3s#CSBÃã#sƒ“c3C#ƒ“S’ÃãcCƒcƒ“3s“cs3BÃãss3CsS3c3SSbÃãCC“3scS3Sc““"ÃãC“SCSSc#sCCcrÄdÅ4P¥6öÇ–3FsSÃ#’ãƒ“3#33c“##“2ÂÓã#“#sCƒS3scSƒ3sC2Ãã3ƒ#CCƒƒƒƒ#“CbÂÓãsc““scSCƒSScS#RÃãCC33ƒƒS#“3##RÃãC“Scs#C“c““3rÄdÅ4P¥6öÇ–3–s“ƒCCÃ“’ãSs“ƒScc"ÂÓã33#3cs“ƒƒ3CcC2ÃãCsƒ“cS“cscs#’ÂÓãsc““c#cƒCs#“CrÃãCC3C“Sc#“SS#ƒRÃãC“Scƒ#3cƒ““cccƒ’ÄdÅ4P¥6öÇ–3sc““SÃ“ãc#3sSƒCcƒcRÃãSƒcƒS“ƒc“ƒScÃãsccCCCs“ƒƒcRÃãsc“S3sSƒ##3“Sƒ"ÃãCCSsƒ#“##cc3ƒSRÃãC“S“ƒ“Sƒƒƒ#“BÄdÅ4P¥6öÇ–3sSsƒCÃSC"ãƒ“ƒc#C#ƒ3c’Ãã“#cs3“C“sSs‚Ãã#C#33#s3ƒSs3“RÃãsc““sƒsSS##ƒRÃãCCƒ3S##Cs“ccBÃãC“ccssƒC3c#c"ÄdÅ4P¥6öÇ–36scƒsÃCCã#ssCs#ƒ3ScrÃãƒC“#3cƒS3“CÃãScCC3ƒ“3s3rÃãscƒƒss“sƒCCbÃãCC#C3Ss#CƒS3#SbÃãC“cƒCS33##“BÄdÅ4P¥6öÇ–3sƒS“Ã#CBã3“SƒCss#“sBÃã#ƒsC“C“scSCRÃãcƒƒSSC“3#3ƒ‚Ããscc#3Cc33C3ƒsbÃãCC3S3“ƒS#3s“c#C2ÃãC“ƒ“ƒC3#ƒCSCƒBÄdÅ4P¥6öÇ–3VsSC3Ã#‚ãcCs“ƒSCsScs3"ÂÓã#“3c“““ƒ#S’ÃãC3““cCƒcscSC“sBÂÓãscS“Cs3ƒƒs#SS’ÃãCC3ssscsSCc3ÃãC“ƒsƒc“CS##“2ÄdÅ4P¥6öÇ–3sƒ3cCÃ#c#’ãƒcCssS##CBÂÓã#S#Sc3CC3#cscƒ‚Ããc3ƒSC3sSc3“RÂÓãscCC3ƒcc“ƒs“sƒ“‚ÃãCCCcSƒsssƒs#‚ÃãC““ScSs3ƒƒ3##crÄdÅ4P¥6öÇ–3s“c#ƒÃãcƒ3“Ccs““ƒ#bÂÓãC3Cs“cƒ“s“3ƒ‚ÃãScƒƒ“CS#ƒSÂÓãscC#CCƒCs“C##BÃãCCCs#3Cƒs3ƒc#c3BÃãC““#SSs#ƒCƒ3#CBÄdÅ4P¥6öÇ–3s“#Ã“bãs“ƒ“sƒCs3CsbÃãS#S“Csƒ#3c#2Ãã““S“cƒcƒ3ƒS’ÃãscCc33CCCCsBÃãCCCsc““ssƒSƒ2ÃãC““#s“sSsc#“#SRÄdÅ4P¥6öÇ–3&sƒƒ“ÃCs‚ã3““s##CSs3#s#BÂÓã“C#3#33Cs“rÃãCcssCS3s##C2ÂÓãsc#CcCƒ3C“SSC“"ÃãCCSsƒ#c#3ƒS#ƒ“rÃãS3ƒc#cƒcsƒsCRÄdÅ4P¥6öÇ–3ss“Ã#ã##“C“ƒS3cbÂÓã3ƒs“sƒƒ3SSBÃãSsc“c#“s3Sc"ÂÓãsc##ƒc3cs“cc#’ÃãCCSƒƒ“#Cccƒ“ƒRÃãSCsSS#ƒCƒc3‚ÄdÅ4P¥6öÇ–36sƒ“RÃCCrãcSs3#sSs#“ƒ#ÂÓãccScSƒs3““srÃã#ƒS“##CsSƒƒ3ƒRÂÓãsc“s3SC“sc#sC2ÃãCCcsSs“SC33cs“RÃãScS3“cƒ3ƒ#ƒ’ÄdÅ4P¥6öÇ–3VsSsƒÃ##RãS“333S#S“2ÃãSƒcc#ƒƒs“Sc3#S#cbÃãsssC#““CCsc‚ÃãscS“cC“Cs3#rÃãCCcScs#Cc3““BÃãScƒsCƒ“ƒcƒCÄdÅ4P¥6öÇ–3&s“3ssÃ#RãcsC“33#“sCS#2ÂÓãsSsC“3CCSRÃã“3““ƒS33“s“3C"ÂÓãscss“c3##3RÃãCCcsƒ“C3cS33C3BÃãS3“3#S“sƒƒSƒƒÄdÅ4P¥6öÇ–3Vs3#cSÃ3rã“ƒc##ƒS#rÃã#cƒƒc“3“#ƒSC3#bÃã3S3SS“cCCC#ƒ’ÃãscCcC3#“Cc“RÃãCCc“ss#cS3s“c2ÃãSSs3ƒc3SC3“ÄdÅ4P¥6öÇ–3FssƒSÃs#‚ãƒ3ƒCs#s“cRÂÓãs3SƒC#cCCƒc3s"ÃãC#s“ƒ#c#ƒ33"ÂÓãsS““#Cƒ“ƒcCsc2ÃãCCs3#ƒs3#C#c3RÃãS““ƒ#ƒ3scƒC#"ÄdÅ4P¥6öÇ–3†s###Ã#C2ãsCsS#ƒC#3C‚ÂÓãSssC““S#s33RÃãsS#SCC#“sS3“32ÂÓãsS“sƒcC“Ccs“CrÃãCCs3ƒ##c“#sSSCRÃãS“csCƒ3“S#CÄdÅ4P¥6öÇ–3sÃCcRã3c#C“33SSrÂÓãc#scƒ“S3Sss#BÃãƒ#cc3s“cƒ3#“33“ÂÓãsS“3#ƒ#ƒC##ssS‚ÃãCCscSc#C3###‚ÃãS##C3ƒ#“SCSS2ÄdÅ4P¥6öÇ–3–ssÃC2ã3s3ssCƒCc"ÂÓã3Cs“Cssƒ“ƒ3#ss‚Ããssƒs“s3#C3C“‚ÂÓãsSƒ“ƒc“ƒSsSbÃãCCƒ3“S“ƒcC“c“CCRÃãS3C3SS“C‚ÄdÅ4P¥6öÇ–3s#ƒÃ3‚ã#Cc3ccSS2ÃãCsSSSS#ssÃãƒc“Sƒ“s3c#s##sRÃãsSs“CsƒCsSSƒBÃãCCƒCƒ##ƒ33#3C2ÃãS3“sc3cƒCBÄdÅ4P¥6öÇ–3sSsÃ“ãsSs3C3ƒ3SƒsBÂÓã#scss#33#SÃãS“CCC#3sCƒ#ss#‚ÂÓãsSsC#“3S“##ƒC3bÃãCCƒs“#ƒcƒsCc“rÃãS3C#csƒSS3ƒ"ÄdÅ4P¥6öÇ–3Vs#“3ÃSrã#C#sss“ƒ‚ÂÓã#css“CCƒ#c#“bÃãcsSS“CƒS#ƒ3#“ƒ#RÂÓãsScc#s3#CƒscRÃãCC“#scS#ƒ“csCƒCRÃãS3“3ƒcC3s#CS#SrÄdÅ4P¥6öÇ–3sƒƒssÃ“RãƒƒC3##3s“2ÂÓãSCc#ƒ33sƒ#ƒ2ÃãS#c3C#sƒS3#““RÂÓãsScCcsƒSƒsƒCs"ÃãCC“3c“ƒSSc“ƒ3SbÃãS3“ƒs#c“SbÄdÅ4P¥6öÇ–3sƒc#Ã33’ãCS3ƒc“““ƒC‚ÂÓã“#S#CsS3CƒcscÃã##3s#ss3ƒƒ#3#ÂÓãsScC“C#SƒC3#ƒ#RÃãCC“3S#“3S#c#SrÃãS3“ƒs#c“SbÄdÅ4P¥6öÇ–3–sƒcCÃ#Rãc3Cƒc3ScSƒ3bÃã3cCC#““3cƒ“32ÃãCCcssƒsSc“"ÃãsSc#csS#CCcs“C2ÃãCC“CƒƒƒC“scsCsBÃãSCƒCCƒSCc#s3c‚ÄdÅ4P¥6öÇ–3†sƒCÃ#Cãs#Sƒs“c“crÂÓãSƒsc3C“3#“C“SÃãssƒ#C3c3Cƒ##C‚ÂÓãsSS“c“ccsC#CSS"ÃãCS3ƒƒ3ƒ“#33bÃãSCss3cc#Ssccc3"ÄdÅ4P¥6öÇ–3&sƒSsÃSBã3ccƒ“#ƒsc“2Ãã“CCssS#cCƒSCc"Ãã#Sscc“s#ƒs#ƒ#"ÃãsSCsSSC3C3c2ÃãCS3“S“sCƒ#“s“ÃãSSC#SSƒ#‚ÄdÅ4P¥6öÇ–3vsS#Ã3"ã#C#ƒsS3c“ƒƒBÃã“S#““CSsÃã#c##C33sCƒ“2ÃãsSC3S#CCSC3Cs#bÃãCSc3scƒCCS“S‚ÃãSS#ƒ3SS3sssrÄdÅ4P¥6öÇ–3sSs3Ã#Crã3C##SƒS#c#BÂÓã“C#3CSSS3CCÃãCScCcƒSS3ƒCƒ32ÂÓãsSCc#ƒCSs““csÃãCSsSCCC3““ƒRÃãSS3ssS3“c3‚ÄdÅ4P¥6öÇ–3fs3C3#Ã“bãcS#ƒ33ss#c’Ãã“CS#sC3C#s"Ãã#Ss“S#ScSCsS#3RÃãsSCc#“sƒ#sCƒ“2ÃãCSƒCc33S####bÃãSSC3SSc3SccbÄdÅ4P¥6öÇ–3VsCCcÃ3C“ãsCCS“3s“rÂÓãSƒs333Cc“s#c2Ããssƒ“s3SC“C"ÂÓãsS3“ƒC#ƒ“S#RÃãCSƒSƒcccƒ##RÃãSSC3Ss“c#3“CSRÄdÅ4P¥6öÇ–3†scƒÃsãSsssCcBÂÓãs#C#c3SssSsRÃã“Ss#SC“#3“ƒ3RÂÓãsS3c3Cƒ333S#cƒ’ÃãCScƒS#3ƒsccc3sBÃãSScCC3#c3bÄdÅ4P¥6öÇ–36sc“sÃ#RãƒS“s3“#ƒƒbÂÓã#“cSSSs3SS#ƒbÃã3“3ccsSC“3s#c’ÂÓãsS33S#cƒ33ccBÃãCS#cC“ƒs#CƒS2ÃãSSƒ#CCƒƒ#“cCBÄdÅ4P¥6öÇ–36sCcƒÃcBãCs“scc#sSbÂÓãc“SSSƒsSC33C’Ãã“##ƒƒ3“CC3cBÂÓãsS3#C##S“S3sCc3RÃãCS3C3C“CSscƒBÃãSSƒC#ƒS##Sƒ‚ÄdÅ4P¥6öÇ–3FsscƒÃãsƒ#Sssƒ““ƒƒRÂÓãCC#ƒƒs3C2ÃãSƒƒS“#SC3Cc2ÂÓãsS3S3ƒ#3sƒcCbÃãCSCsSƒ3ƒ#s#Ss2ÃãSS“3ƒƒsS“c33bÄdÅ4P¥6öÇ–3vsSCbÃ’ã3ƒC3SsCCƒbÃãS#sƒs“csSCCC‚Ããccs“CSC““#ƒC3ƒRÃãsS#c3CCCS“s33‚ÃãCScc“c#CSC3#"ÃãSc“Cƒ#Ssƒ“CsBÄdÅ4P¥6öÇ–3vscCcCÃ#‚ãC##cs“sCc“c"Ãã3ss33sSƒsƒ#s"ÃãsSCSc333332ÃãsS#3c#cƒSsc3ƒ3’ÃãCSƒ3#“s“ƒcƒRÃãSc3C#s“cScsBÄdÅ4P¥6öÇ–3Fss3“cÃ#Crã#3S3S“#SsCbÂÓã#s#“C3“ccc“ƒbÃãcƒ“3c#“ƒ“3CC““bÂÓãsS“3c“cSsC#RÃãCS#ƒƒ““cSc“’ÃãScS“ƒs#3S3’ÄdÅ4P¥6öÇ–3VsƒƒcÃ#Crã3c“#SS#sƒc“S2ÂÓãcsC“#csC33bÃãCcc#SS#3cSsC2ÂÓãsSs3Scƒƒssƒ33’ÃãCS#ƒ#3#“cƒSSSbÃãSs3sƒ“ƒs“c“c2ÄdÅ4P¥6öÇ–3ss“sƒÃs#bã“#c“cc#ƒRÃãƒCsc3ƒ3##ƒsRÃã3“ƒsccC“#CsS#2ÃãsC“Ccs3CCcƒ“ƒÃãCS3SsSSs3s3ƒ3s2ÃãSƒ##Sƒ#SSS#BÄdÅ4P¥6öÇ–3sccÃ#Sc2ãC3csCSc“SCRÂÓãƒ#ƒ#3“ƒ3S“‚Ãã“C#csSƒ“S“c’ÂÓãsC“Cƒ3“ƒƒ#“ƒƒCRÃãCS3cScC“s“CƒÃãSƒ#CcScsSsbÄdÅ4P¥6öÇ–3s#S3Ãbã3“C“33#SsBÃã3cƒS““#Scƒ33cBÃãC““ƒsSC“CCs3BÃãsC“#Cs“#ƒsc3CCBÃãCS3s#ssSCC“css"ÃãSƒ3#ƒs3ƒCC‚ÄdÅ4P¥6öÇ–3&sƒ#ƒcÃ33Bã3#ƒ#3scs2Ãã“C3ƒƒƒcSbÃã#ScCsSƒC3“#““bÃãsC“3Sc33c“c3"ÃãCS3ƒ3ƒsƒC#ƒsC#S2ÃãSƒCCS3#ƒsC“rÄdÅ4P¥6öÇ–3fssƒSÃ“Bãs“3c#C#s#cBÃãcCSCCs#S3SsC#rÃã#“s33cSs#“CsCSS2ÃãsCƒƒ3sCƒ3s3SC2ÃãCS3“SS3ccC33“Sƒs2ÃãSƒSCC3c3#cS#bÄdÅ4P¥6öÇ–3FssCÃBãcs3C#ScCCƒ“BÃã3s“sSS33##sÃãSc#S#“SC3Sƒ“’ÃãsCƒcCcc#CCÃãCSCs3Ss33s##ƒSRÃãSƒcSSc#“c“S2ÄdÅ4P¥6öÇ–36sƒ#CÃsC’ã#“c##cC#BÃãƒcSCƒS“CCcÃãCSƒcC333c#CSC2ÃãsCƒ3SCsS#3ƒsScbÃãCSC#Cƒƒ33c“SsSbÃãSƒssC#ƒcs3C2ÄdÅ4P¥6öÇ–3fsCƒCcÃƒ‚ã#sƒƒ3CS##cƒBÂÓãs“3“s33SCC’Ãã“S#s#SƒƒCs#S#BÂÓãsCs#c““#Sƒƒ#csRÃãCSC“ƒCsscCscrÃãS“Cs3c“#ƒSC32ÄdÅ4P¥6öÇ–3sƒ3s“ÃC‚ãC#Ss33ƒ“sCÂÓãƒ3S“sc“sSsS3BÃãsƒ““##c“BÂÓãsCsCSSS#“ƒRÃãCSSSs#S#cCƒsS‚ÃãS“cC##3#C“ƒƒbÄdÅ4P¥6öÇ–36sƒ#ƒÃ#CRãCƒssS“SƒCC‚Ãã#3c3s“sƒ3CcBÃãcCƒ#“C3SCSƒ2ÃãsCc3c#“Ss“scC3ÃãCSSCCƒƒ“c“SsScBÃãS#“S“SS#ƒBÄdÅ4P¥6öÇ–3s##CÃcc"ãcƒsƒsƒ"ÃãsSƒSS#“3“cC’Ããs3SC#3ƒƒCƒ3C‚ÃãsCSc“cS#ƒC“ƒSccrÃãCSSƒSsScs#3’ÃãSCCccƒƒcƒ#CRÄdÅ4P¥6öÇ–3fsS3Ã#’ãƒS“cSc#CC3S"Ãã#ƒ#sS#Ssc“Cƒc2Ãã3s“3#S#S#CsCS"ÃãsCSC“3ƒ#s“c‚ÃãCSc#C3##3Cc“s3RÃãSc3“sSSSbÄdÅ4P¥6öÇ–3†scScÃ#CBãscS3ƒsƒ“c#2ÃãC#ƒcCCSƒ“ƒBÃã3““#3Sƒcs“cÃãsCS3#“sSsCCRÃãCScƒ3##S#C#Cs2ÃãSc3ƒcS#ƒc33C3bÄdÅ4P¥6öÇ–3sƒS#Ã#’ã##s#cScC##“C"Ãã3ƒ##3““CƒScBÃãC#s““cƒ#S3ƒ2ÃãsCCccCcƒƒSBÃãCScCsCss#““C3RÃãSCc#3““ƒ#"ÄdÅ4P¥6öÇ–3&s3#C2Ã#C"ãCsCs““C3c"ÃãcƒSSscSCcCc“BÃãƒs3s“scs3“ƒRÃãsCCSƒs“S#Ssƒc“"ÃãCScS#ƒSCSss#CsRÃãSccC“##sssSBÄdÅ4P¥6öÇ–3&sÃ#bã3#ƒCcS3ƒC‚ÃãcCCscƒ##Cƒs"Ããƒcc3ssƒCsSC#ƒ2ÃãsCC333ƒsCC#3#BÃãCScs“Ssƒ#33##"ÃãS3C3#“3##3C’ÄdÅ4P¥6öÇ–3vsƒ3SÃƒ3bãS#s#Sƒ“C3BÃãs3“ƒcc##3sSƒRÃã““CSSSSCC3Scsƒ‚ÃãsC3“cC###C3ƒbÃãCSc“#s3“ss3rÃãSCSƒ“Sc#SCC"ÄdÅ4P¥6öÇ–3†scc33Ã#bã3S“s33#S““SbÂÓã#S“CƒS#“ƒ#32ÃãC“c#3“C““cSCcs#rÂÓãsC3S“3cC3#C"ÃãCSs##3Ssƒ“ƒbÃãScCc3ƒƒ3scrÄdÅ4P¥6öÇ–3sccsÃ#C2ãƒ3ƒsCSc“#ƒ2Ãã33s“cƒ#cC“Ccc#bÃãs““cSS3cc“RÃãsC3CcCSS“s"ÃãCSs#3##ƒ#CSCC2ÃãSsSs#cCƒ3ÄdÅ4P¥6öÇ–3†ssƒcÃSCã“Sc3ƒSccS3RÂÓãc#“S3cS“3SƒcbÃãƒ3sssc3ss#CrÂÓãsC#“s“S3s3“C2ÃãCSsC“C3#“#ƒC#RÃãS#3S3ƒS#bÄdÅ4P¥6öÇ–3–sƒ#ÃSrãƒ##C3ƒCss“SBÂÓã#“#ƒS#SƒCc3’Ãã#ƒS3ƒ3ƒ#CƒSCrÂÓãsC#ƒc3cS3S“#rÃãCSsS“ƒ“#33c#ƒ““2ÃãS#ƒc#SƒcSC“S“BÄdÅ4P¥6öÇ–3VsSC“Ã#Bãƒ“SCƒ#s#sS3ƒ“BÃã3ƒCcCƒ33ƒSs3BÃãCSsscSsccSSƒ#bÃãsCƒ“ƒcCƒ“#ƒRÃãCSƒCƒsCC“3#sSƒcBÃãS#cs3C“ƒ33#RÄdÅ4P¥6öÇ–3sSƒS#ÃãƒsSƒSCCS“bÂÓãCssC3sc“cS“2ÃãSC“s““3sss3’ÂÓãsCSc#Sc3Sc“#sRÃãCSƒ3S#C#Ss“s3ƒCrÃãS#ƒcs#sƒCC#S“ÄdÅ4P¥6öÇ–3&s“#CÃS’ãCSƒ#“Sƒ3ƒbÂÓã“c3s3scC3cC“rÃã#SƒCCcc3cC“sƒsc2ÂÓãsCC“cƒƒcSCCƒ‚ÃãCSƒ3“##ƒƒSsscRÃãS#ƒƒ3SS33#ScBÄdÅ4P¥6öÇ–3s“csÃs2ã3#“s3s3CSƒ3rÂÓãƒCscS3cS#“cSrÃãC3SCCssc3#“3CÂÓãsC#scSScCƒ3#“‚ÃãCSƒS#Sss3cs“ƒ’ÃãS#““ƒSScƒƒ3ccrÄdÅ4P¥6öÇ–3FsssSÃãS“#s#cc33s##2ÂÓãCc“C“ƒC#““Sss3ƒRÃãc#33“#s#S#c3SbÂÓãsC#S3““3ƒS“rÃãCSƒcsƒC#scSs#32ÃãS33““ƒSƒ“3rÄdÅ4P¥6öÇ–3–sƒ33#Ã’ãƒsSscCSc“ƒs“‚ÃãC3s3c“#ƒ#Csc"Ãã“3C3S“SSC#“##ƒrÃãsC“ƒssC#“SƒSCBÃãCSƒsƒs#SC3c#CRÃãS33““ƒSƒ“3rÄdÅ4P¥6öÇ–3–sS“CSÃCrã“#s#ƒC3S3#ƒs’ÂÓãƒsss3#“cC#“S2Ããsss#ƒ3ƒc3ss‚ÂÓãsCScS#Cƒƒƒƒƒ3rÃãCSƒ“SsƒS#“SSÃãS33ƒs3s3Sc““ƒcBÄdÅ4P¥6öÇ–3&sƒCsÃ33"ã3ƒ““ƒƒSscCBÂÓã“3#s#ƒc3“C#“"Ãã#c3s“3#sC3"ÂÓãs3“Cƒs3#CCcƒ3ÃãCS“cCSC3ƒSBÃãSCƒssSsƒcƒBÄdÅ4P¥6öÇ–3vsCS3S2Ã3ãC“C“#“3S“BÃã#ccƒƒ“sC#CƒSCCRÃã3c3S#ssƒ3#ƒƒ’Ããs3ƒSƒƒƒ#C#C“ÃãCcSsc3ƒ#cC3BÃãSCccsCss3Cs’ÄdÅ4P¥6öÇ–3†ss“cÃ#c2ã“##S“cƒƒsS“BÂÓãƒcC3#C#ƒƒCsS“3#rÃãssƒ“cc“C“SsCRÂÓãs3s““SSsCƒbÃãCcSsCS#ƒsSƒS3CBÃãSS3ƒssCCƒSCs’ÄdÅ4P¥6öÇ–3sCC3SÃcbãCsss##c3#rÂÓãs#cC“#ƒc3#cS’Ãã“ccCƒ3s“ƒs3“’ÂÓãs3s3sS3S3“#ÃãCc“#“Sc3“ƒ3#3RÃãSSCcƒ3Sc“ƒs‚ÄdÅ4P¥6öÇ–3Fssƒ“ÃSBãƒ#“SSSCCc“#C“RÃã#CC“33Scƒs“CBÃã#s33S3““3cSC“Sƒ2Ããs3c“SCcƒsc3ccBÃãCcS#ƒcS3“SScÃãSScƒ3sƒ3S3C#SÄdÅ4P¥6öÇ–3&ssÃ3"ãs#“#Cƒ##3#ƒ“C#BÂÓã#sCsSsƒCCƒ3c3cƒ2Ãã3s#ƒs##cs“3s“#sÂÓãs3cƒcƒSC3“c#C’ÃãCc###“S3ƒSs“CSRÃãSSsSsS3sS3C"ÄdÅ4P¥6öÇ–3&s““ƒcÃbã##ƒsCccCccc‚ÂÓã3s3sS3“3cƒsS“sbÃãSs3ƒS“ss“C#“rÂÓãs3cs3ƒƒ“Cc#SRÃãCc#ƒ“S#S3SbÃãSSscsC#3Sƒ3S‚ÄdÅ4P¥6öÇ–3vsSc33Ã3RãSCS#3““c“RÃã#CSC3C#3“#cBÃã333##Sƒ3Cƒ“ƒcBÃãs3cCss“3#cCC’ÃãCcC3“ƒ“33Sƒ“ƒ’ÃãSSƒƒ#CSC#ScBÄdÅ4P¥6öÇ–3sS#SÃs’ãƒc##“cS3CSC“bÂÓãS“#ƒ“SCsƒ3SS#2Ãã#c#ccƒcCƒC3s“3"ÂÓãs3cScSC3cƒs’ÃãCcC##SCc#ƒ#BÃãSSƒƒ#CSC#ScBÄdÅ4P¥6öÇ–3&sƒ“sSÃs2ãS“ƒCƒSsS3RÃãss3ƒ“ƒc3c“CSrÃã#C“Cƒ3S““3ƒ2Ããs3Sƒscc3ƒ“cCSrÃãCcƒSsƒS3CBÃãSc#S“sc“ƒs“3sRÄdÅ4P¥6öÇ–3VsCc3ÃCrãscsƒs“s#S3RÃã##cs3C##cSc‚Ãã#ƒƒ“SsCCƒCcbÃãs3Ssƒƒ#Ss““c3ƒÃãCcƒS“Scƒs3“#“ÃãSc#ƒƒS3c#3“#ÄdÅ4P¥6öÇ–36s##ÃS2ãƒc3#SƒƒcC##srÂÓã“3S“3S3Cƒ“ƒ’Ãã#C3ƒ“sC3Sss3ÂÓãs3C“#Sƒ#CCs“ccrÃãCc#3ƒCcc“sC#SSsSBÃãScƒCCSƒ3cSCBÄdÅ4P¥6öÇ–3s““csÃC3Rã3“ƒƒƒc“‚ÃãSSSssƒc#“SsCƒCƒrÃãsSc3“s3Sc3ƒ"Ããs3CƒCc33s3sƒƒ“‚ÃãCc#C33#sƒs3"ÃãScƒccƒƒC#ƒs#3‚ÄdÅ4P¥6öÇ–3sc#CÃ"ã#Sƒs#SƒcCRÂÓãCCC3“sS33rÃãScS#S“#ƒscƒ3’ÂÓãs333cS#Sƒss#ÃãCc333Scƒscƒ“s#ÃãSsƒCCSSScSÄdÅ4P¥6öÇ–36scSÃCbãsC#C3c“ƒƒ3bÃãs“Sc#c3SƒS“ƒS"ÃãƒCCsC““C“3C3“Ããs33##3Ssssƒccs“2ÃãCc3C##ssCsCs“CbÃãSs““scC“s‚ÄdÅ4P¥6öÇ–3fsSCSƒÃ3s’ã3sSsCƒƒsC3c3rÂÓãƒsƒC“s3ƒ3sC‚Ãã#sS“c#3c“csS2ÂÓãs3#Sc#SsSƒRÃãCc3ƒ#Sc“3S“Cc2ÃãSƒ3#ƒcCSƒC“C’ÄdÅ4P¥6öÇ–3fsSscÃC“ãSC#“cSSƒSBÃã#“ScS“c3“cc3ƒBÃãC#“c#c3#“ƒ3bÃãs3#Cƒ“s“#c3s#2ÃãCc3ƒc“sSCC3CcsBÃãSƒ3CcC#CcCRÄdÅ4P¥6öÇ–3Fss##sÃcãCss#c#c#c#bÂÓã#csc#ƒc3c3CrÃã#ƒ##ƒ3#S3cs3S“bÂÓãs3##cSC“CSƒc#Cƒ‚ÃãCcCcS3Ssc#CC#ƒ2ÃãSƒCcss“C#RÄdÅ4P¥6öÇ–3vscS“SÃCsbãS#CSsCS“bÂÓãc#“C3C#scscSrÃãƒS““3cS#CssC3#3bÂÓãs3“SCs#ƒ#ƒCCC"ÃãCcC“cS3“3“ƒSƒ“rÃãSƒcCƒSs3sC#“"ÄdÅ4P¥6öÇ–3sƒsÃƒcƒRãC“Ss#SSsS3S‚ÃãS#ƒ“c3sC3SÃãs3ƒ33cƒƒ“cƒcS’Ããs3scS#cC#C#“"ÃãCcC3ƒScSƒcS#RÃãSƒsCSƒƒƒcCC“3ƒ’ÄdÅ4P¥6öÇ–3s#CsÃ3rãCƒC“ƒsCCcc3"ÂÓãsS##Ssc3ƒ3ƒS"Ãã#ƒs“C#sC3RÂÓãs3Sƒ3#scƒSsS#2ÃãCcCC##“SƒCc#s#ƒ3RÃãSƒƒ3ƒCƒ3CcS##ƒRÄdÅ4P¥6öÇ–36sC#Ã3rãsCS#3ƒSsCƒ‚ÃãƒƒSS“cCcƒ““rÃã3“3Cƒ#C3“#ƒƒc#rÃãs3Sƒ“C#Cs#sÃãCcCcƒ#S“3#3CS"ÃãS““c““#cC“c#rÄdÅ4P¥6öÇ–36sƒ#ƒÃ#ã#“sSCcƒ#c#sSBÃã3SSƒ#CC3#sCC#SrÃãCƒc““s##3ScCscRÃãs3cSƒss#SCƒs3ÃãCcC“ƒsc3SC“S3’ÃãS“CcScC#ƒs"ÄdÅ4P¥6öÇ–3&sƒSƒSÃc’ã“s“Ssƒ“SC3RÂÓãƒCcSssƒS3“cBÃã#Cs3#ss#sssSƒ2ÂÓãs#“cCSs3Sc3sBÃãCcSc“3C“SS“CbÃãS#3sCSscCSC#RÄdÅ4P¥6öÇ–3–scsÃ#bãCcs#“#cƒccƒbÃã#ƒcCCSc“3“ƒCcsbÃã3“#ScSSs#c#3RÃãs#“cscCcCƒs3“sRÃãCcSSƒƒ##ccC“c2ÃãS#3sCSscCSC#RÄdÅ4P¥6öÇ–3sƒC“3ÃC#rãC“3sCƒc#ƒ##"Ããc““sccS“s“#ƒBÃã“S“ƒ##c3S##s#RÃãs#“S3“ƒ#Cs“crÃãCcScsScS“#cCƒRÃãS#sS3333cÄdÅ4P¥6öÇ–3sc#cÃSBãscS“ƒS““C3Ããƒs#ƒ#S#csƒ3#3bÃã#ScsSƒCSScS““C3BÃãs#“C3cƒ3CSRÃãCcSsS3Cc3ƒRÃãS#3CsCs#C#C’ÄdÅ4P¥6öÇ–3&sƒSsÃBãƒ#333sScCRÃãC#scƒ3cScsc"ÃãSs“3“sƒSs“s#ƒC’Ããs#s“C#S#3s“"ÃãCcccCƒsss“#“#CrÃãS#3C“ccS3’ÄdÅ4P¥6öÇ–3sƒCsÃ#c2ãƒc33C3##cCSrÃãsCs#“Cs33#3csrÃãcC“#cƒ#3sSCc3"Ããs#sC“c3CC#3ÃãCcc“cƒ“3#c3Css“ƒBÃãS#C#“#Sƒƒcsƒƒ2ÄdÅ4P¥6öÇ–3sCS3“Ãcrã“C“3#s3#S“ƒ“"Ãã“ƒ3S#C3S#CC3ƒÃã#s#ƒSS#ƒscs3RÃãs#c“SCcSCc3S#sbÃãCcs#SScƒƒCsCs3"ÃãS#ssscc“S“#2ÄdÅ4P¥6öÇ–3s“sSÃ#CBã#cs“C#S“3s#‚ÂÓãc3cCƒ##“ƒCÃãƒC#“sCƒCSsRÂÓãs#cƒ33ss“cƒ3“c’ÃãCcs3#ssƒsc3scBÃãS#sccSsƒ#ƒ#CSrÄdÅ4P¥6öÇ–3&sƒSsÃc‚ã3C“SC“CCCƒ“‚ÂÓãsSSS““CSƒSc3’Ãã3ƒ“Ss#ƒ“CƒcSC2ÂÓãs#csCsƒc““cSS“C"ÃãCcs3ƒC##sƒs#CBÃãS#sƒ“3c#ƒC#‚ÄdÅ4P¥6öÇ–3FsƒƒsÃ#rãCCƒcƒ#sSSS“ƒC2Ãã#“s3#SƒCs#SƒsCcrÃãC“CSC#sc3S#‚Ããs#csƒ3CcCSs##sRÃãCcsCCc3“3cCs3SRÃãS#sƒ“3c#ƒC#‚ÄdÅ4P¥6öÇ–3Vs#3CÃs3"ã3css3“3ƒ““cRÂÓãs3#ƒcs3“S““S3s2ÃãƒsSƒ3c“ƒCC“2ÂÓãs#cSCcCC3ƒ3“SÃãCcsS#“Cc3cSC3ÃãS#ƒ“ccSSC“#“CbÄdÅ4P¥6öÇ–3fscS3Ã3’ãsƒƒ3““ƒ#sƒƒSbÃã#sC33s#Ssc#ƒbÃã3ss3C#sCƒc“S3BÃãs#c#“cSƒCc“#3bÃãCcssCSCc“c32ÃãS##S““S“cc##Cc’ÄdÅ4P¥6öÇ–3ssCSÃ3#ƒ‚ã33csC“##cC3sBÂÓãC“ƒcƒc#cc“#ScbÃãcƒs3ƒ“sSƒC‚ÂÓãs#SƒCƒ““ƒ3#sc"ÃãCcs“33CS#“s“ssrÃãS###ƒƒC“c“#bÄdÅ4P¥6öÇ–3scSƒÃ#"ãc“ƒƒ3Ss“#s“"ÂÓã#ssƒCS#ccƒScrÃãccCC#c“S#sc3S’ÂÓãs#ScS#C“#“ƒƒS“‚ÃãCcƒS3#ƒ#ƒcCs2ÃãS##3ƒcCcƒ3ScbÄdÅ4P¥6öÇ–3s““Ã“2ãS#ƒ““sC#3CS#RÂÓãcCƒc#ƒ“3CCS“rÃã##sC3“ƒ3#C#Cc2ÂÓãs#CƒƒScƒcs“CSCsbÃãCcƒS##c#CcSƒrÃãS##ƒsssƒs3cC33BÄdÅ4P¥6öÇ–3FsS3CÃ“C2ã3s3Ss“#ƒc3#2ÂÓãcsƒƒs33S#3““S3#BÃã“3ƒS3ƒsƒcc"ÂÓãs#3cScSc33ƒS3rÃãCc“#sccc33SbÃãS#3cƒs“cS3ƒ“SSsÄdÅ4P¥6öÇ–3&sƒcsƒÃƒ’ãs#33##Cƒ##BÃãS3sSƒs3SCC“cBÃã#“#ƒƒSƒ33CcCÃãs#3#ƒ3“ƒSsc““2ÃãCc“SSC#“CSƒCSÃãS#3ƒs“sS#c#cƒ‚ÄdÅ4P¥6öÇ–3–s“cÃCbã3Cc#sCcƒss2Ããƒ“ƒSS“s3““#RÃã#CcsSƒC“Ss3cS"Ããs#33S3“#’ÃãCc“C“C“c#ƒss#‚ÃãS#3ƒs“sS#c#cƒ‚ÄdÅ4P¥6öÇ–3fsS3Ã3ƒ2ãSC#s““ccsbÃã##CS#c“#ƒ#BÃãCCcCCc“ƒ#ƒƒS#2Ããs##s3c33cccƒ“2ÃãCc“ƒCƒƒcƒƒC#SSBÃãS#C##33““3CSrÄdÅ4P¥6öÇ–3†sƒ“3Ã#3"ã3SCcc3Cs#‚ÃãssS3SsC#c3CrÃãC“3c“3#sƒs3ccrÃãs##S3“33CSc2ÃãCc““sƒSƒs3#c#CƒbÃãS#C3CC“#3sc#’ÄdÅ4P¥6öÇ–3fss3ƒƒÃs“ã#“s““SccCrÂÓãƒ“ƒƒ#S3s#“3cS"Ãã#CCcs#Ss#cCSƒƒbÂÓãs##“ccƒ“Sƒ‚ÃãCs##“s3sƒC"ÃãS#CSƒ#S3CCSc#’ÄdÅ4P¥6öÇ–3vs#c#Ã#“rã#Sc3#s““3ƒƒ2ÂÓã“#cCƒc“C#SC3cbÃã#ƒ33##SsSƒ#C#ƒBÂÓãs#ƒƒ#“SSsC“BÃãCs3ccCCccS##rÃãS#Cs3CcssƒrÄdÅ4P¥6öÇ–3FsSCcÃ3’ãCCcCC#ƒC3ƒRÃã#s3CC“ScsCƒrÃã3#“#CC“ƒCScBÃãs#3s#S#SS“ƒS"ÃãCscƒ3CSssSC##2ÃãS#S33S“C###RÄdÅ4P¥6öÇ–3vscCCÃ#RãsS3sssC““CCBÃã#ƒssƒ##cc3Ccc2Ãã3““C#c#ƒcc“ƒƒRÃãs#ƒc##sƒ#CsRÃãCss“Ss##33ÃãS#S#sCccS“csÄdÅ4P¥6öÇ–3scSÃCc"ãs3Ccc#“cc“#BÂÓãsƒscS3C#3s#SÃã“ƒ#SsS#ƒ“c3“‚ÂÓãs#c33SS#ƒ“Ss"ÃãCs3SCCss#ƒ3ÃãS#SCsCsCsC3““ƒƒ‚ÄdÅ4P¥6öÇ–36s“ƒ3CÃc"ãscs3sssS3sBÃãƒ3c3C3sSƒScBÃãcC3“ccS#3#s#SSbÃãs#3#C#3C“sSCS3BÃãCs3#S3ƒcSsC#bÃãS#ScSS“S#“ss#rÄdÅ4P¥6öÇ–3†ssC“cÃ3ãCCsƒC#Cs“3SrÃã#S3S3CC3ƒC##bÃã3CsssScCS“ƒ“c“‚Ããs“s3##C“S#CSc#BÃãCscƒ“ƒcc“c3BÃãS#c#“ssCƒ3#ƒÄdÅ4P¥6öÇ–3vs“CÃã#3sc3“scC3ƒ"ÃãCƒCcC3“c##“ƒrÃãScsƒCC#c#cs3BÃãs“3#CS“#cƒ#’ÃãCs“C“Cƒ3C“sC“RÃãS#c#ssƒSSS“““SC"ÄdÅ4P¥6öÇ–3Vs“CÃCRãƒ“sƒS#ssƒ#‚ÂÓã#sSc#“s#S3s’Ãã3#C“#3s“Sss2ÂÓãs“Cs3C3cC3#3#’ÃãCs#sC“S“ƒ““rÃãS#cC3c3ƒƒs“3crÄdÅ4P¥6öÇ–3sc“ƒÃbãƒ“C“Cƒs‚Ãã#s#3c3#sCsrÃã3sƒs“c“3S3#CcSbÃãsƒC333sƒs#SÃãCs#SC3s#ƒ“C’ÃãS#cƒC#s“CÄdÅ4P¥6öÇ–3–ssSSÃ#2ã“ƒ“#ƒc#S“rÃãCCc3Sƒ3c“s“’ÃãCSC3ƒS#ssCc“ƒBÃãsƒ#cCCsCCc“BÃãCs#S“C#33s“S"ÃãS#c“CcCC“ƒc2ÄdÅ4P¥6öÇ–3&sC#SCRÃCãƒƒƒƒ“CC“3Ãã#3“3cS“#cSƒƒrÃã333s“S3ssƒS#bÃãsss#Ccƒc“ssbÃãCs#“#s3sƒSc3SsBÃãS#s#C““#C3“sBÄdÅ4P¥6öÇ–3&s3#3ÃRãc#C33S#ÂÓãcSsSSƒ33ƒ#s“RÃãƒCC#ƒs“Cc3BÂÓãssSC“3c3C#crÃãCs33Sƒ“3CSS3ƒs2ÃãS#s33ƒ3sCs“rÄdÅ4P¥6öÇ–3s#ÃCRãCc3SƒsSC#SRÃã#SCcSƒ“ƒƒƒBÃã#ƒc#3S3S“c“““CbÃãss#3csCCSƒ##rÃãCs3##ƒ3#ƒ“cƒbÃãS#sS##SSƒ#BÄdÅ4P¥6öÇ–3†ssƒƒÃãcC3C“sSsrÃãCS3““c“#SCcCC#SÃãc33C#cS##C3ƒBÃãscs3s“#ƒS3ƒ332ÃãCs3S3“cCs#ƒsƒbÃãS#sƒ3cC3““s#ÄdÅ4P¥6öÇ–3&scƒ#3ÃSS2ã““s“3c3sCs3’Ããƒcc“c3#ƒSSƒ’Ããscƒscs“S““cCÃãsc3SSs#3c3S3‚ÃãCs3sss#s#33"ÃãS#ƒc3SsSssCÄdÅ4P¥6öÇ–36sc3#“Ã#CãC3ƒ#S“s#3CBÂÓãs“c##ƒƒccƒ‚ÃãSs3sƒ#3ƒscƒbÂÓãsc##ScƒsS#2ÃãCs3ƒS#S3c““cc2ÃãS#ƒ#ccss#3"ÄdÅ4P¥6öÇ–3sƒ#ÃbãcCSc“s“sSs3#c2ÂÓã3c##“#3333c3rÃãSSscs3#CC#C2ÂÓãscssc“33s#ƒ2ÃãCs3ƒƒcƒcƒS33cRÃãS#ƒ#csc#3srÄdÅ4P¥6öÇ–3vs#csCÃ‚ãCCSs“Sƒc“CCCS#rÃãS#ƒSSƒsS“3ƒs3BÃãs3sƒ“sS3cSc3#3c"ÃãsSsSssC3ƒs#’ÃãCsCC“Cƒc#c3ƒcrÃãS#ƒ3sƒSƒscSSbÄdÅ4P¥6öÇ–3sƒÃ“2ãc3SC“CsS“ƒrÂÓãssCSS“CsC“sRÃãcCSSS“sS#C##“c‚ÂÓãsSSS#sƒ#SSƒCÃãCsC#cƒCcsC#ccBÃãS#ƒCƒƒcCƒ3#ƒ“SrÄdÅ4P¥6öÇ–36sSÃ3“’ãscs3C“ƒsƒRÃãƒSsƒsSs“ƒS3crÃã““33SCsC“ss#RÃãsS#3“CSc#Cs#cBÃãCsCCc#3S3ƒ##BÃãS#ƒcs#ƒ3C#ƒCc#bÄdÅ4P¥6öÇ–3s#“cÃƒ3cãƒ#c#cSscC2ÂÓãƒss“3sSSƒSCc#BÃã##ƒ#S3ccc#CƒcBÂÓãsC“#SSssssRÃãCsCcc3scƒc##cs’ÃãS#ƒƒcC#SC“##cÄdÅ4P¥6öÇ–3scCƒÃ#CBãc“C“sƒS33SS“RÂÓãC3CƒSsC#SCÃãS“““S##ƒsC#ss3rÂÓãsCc““S“ƒƒcrÃãCsCs“Cs3C“c3“S32ÃãS#ƒ“sƒƒƒSc#cƒ“2ÄdÅ4P¥6öÇ–3&sƒC#Ã33"ã33ƒSC“S“cÃãSƒƒƒs##CS3cƒSsRÃãƒCS3c3scƒ#ƒCS“ÃãsC3sƒƒ“ƒS“ƒ3rÃãCsC““33SCc“#3#RÃãS#“cƒ#ƒC“ƒƒ2ÄdÅ4P¥6öÇ–3&s3ƒƒbÃƒs2ã33#ƒcS#s“#rÃãSs#c#3#c“cƒrÃãs3CS“Cs3S#ƒBÃãsC#scsC3#ScBÃãCsS#CC##“#CSsbÃãS#“3ssƒcc“cS3S#bÄdÅ4P¥6öÇ–3&scs“Ã#s‚ã#cƒ3CCS2ÂÓãC3Sƒ“SsƒS3“cbÃãCcƒ3“s3sƒSƒƒrÂÓãs3ƒƒsƒ33Cƒ“CcsBÃãCsS#“cSCscCƒs"ÃãS#“CCc“cCCS“CÄdÅ4P¥6öÇ–3ssƒrÃcã“SƒS3#“SsBÃãsSƒC“cCscCcSbÃã#CScscƒCƒ3C3sRÃãs3s#C“cS“‚ÃãCsSƒ“S3C3ƒC33rÃãS#““sCSCs#3‚ÄdÅ4P¥6öÇ–3sƒ3S#Ã3#‚ãƒ#Sƒƒ“3#ƒƒ32ÂÓã“#ƒsss“Cs3BÃã#cC###ccƒ“s“C2ÂÓãs##sS3ƒ“ƒC2ÃãCsc3ƒSƒ#“3sƒƒbÃãS3S“sC3#c#crÄdÅ4P¥6öÇ–3&s“ÃSrãCssc3#““S3sRÃã#CSƒ#ƒcsƒCc3ƒÃã3CS3s#3ƒ3ƒC#C3rÃãsssƒS“ƒcc3ƒbÃãCsccƒƒs#SSC#ƒSrÃãS3s““#SCCsSs‚ÄdÅ4P¥6öÇ–3vsccsÃs#ã“sƒƒSCCSC“sbÂÓãcƒc#cs“s3CSss‚Ãã“cC#3“C#‚ÂÓãscSsSsCSSCrÃãCsccscƒCs“ƒ3#SƒC2ÃãS3ƒSSsƒ3#ƒ“cS’ÄdÅ4P¥6öÇ–3VsSƒCÃƒSã#c3#3c3“"ÂÓã###ƒ3C3Csc“#ƒƒ#BÃã33sSƒƒ3s##C3BÂÓãsC3##ƒScS“ccBÃãCscƒc3“ƒCCsBÃãS3“s3ƒ#c3cƒsrÄdÅ4P¥6öÇ–3&sc“sÃãSCsc“ƒƒƒ33S’ÂÓãSƒcSsƒ“Scs““BÃã##csƒsSƒS32ÂÓãscSCSCC#sCcc2ÃãCssC3csS“3““ƒƒbÃãS3“Cs3Sƒƒ“ƒcÄdÅ4P¥6öÇ–3FsS#sÃ#SSrã#cS3“#Sƒ3c“2ÃãSsss3#CCƒ#3RÃãƒ33sSs“C3ƒÃãsƒ3ƒ“3#BÃãCssƒCS#“Sƒ#ccRÃãS33ƒƒc3“3s3bÄdÅ4P¥6öÇ–3sSƒ#ƒÃs#rãcccƒscBÃãc““#ƒ##3#cscÃã“ƒCCs3ƒS3#3CBÃãsSCc#Cs“S3sS“‚ÃãCss3cSCc##ƒ3sscBÃãS3Cƒƒcccƒ““3sBÄdÅ4P¥6öÇ–36sƒ3S“Ã"ãƒ3s##s3cScƒC‚ÂÓã3“#cƒ##3“ƒ“s3RÃãSS#c““#“#ƒƒƒCbÂÓãsCƒ3sS“3CBÃãCssCSƒƒSƒcSSSC"ÃãS3SCsssS“#2ÄdÅ4P¥6öÇ–3FsS“ÃSƒBãCCSC##c"Ããƒ3s#“#csƒS“C“rÃãsƒƒƒ#cƒS“#BÃãs#“sƒ3#ScbÃãCssS#3#SC3ƒCS’ÃãS3S“““Scc#3#bÄdÅ4P¥6öÇ–3FsƒƒSÃ#sãssƒ3Sƒƒ3’Ãã“ƒCSƒ#cƒC“c““Ãã3ƒcC#cƒsƒ“#CbÃãssƒƒ“sƒsSCÃãCssc3s#3Ccc3C‚ÃãS3c“Cc3“3#c3ƒCrÄdÅ4P¥6öÇ–3vsSS“CÃƒ‚ãS“ƒsSC“Sƒ#BÂÓãS33ccCs3““Cs‚Ãã#3SsC“““RÂÓãs““sSSƒ“s#“#sRÃãCsss“#s3c##3RÃãS3sS3sc3cc“3RÄdÅ4P¥6öÇ–36scSÃãS“ƒ#“SsƒCsƒCrÂÓãCS#C#3ƒccSsÃãSsƒCSƒ#cC#S3c’ÂÓãs“ccccS#sCS3C2ÃãCss“ƒ““3sƒ#ÃãS3“#cC“Sƒ#3S“’ÄdÅ4P¥6öÇ–3sS3rÃ#3‚ã#CsCCsƒsRÂÓãScC####SCcrÃãc#“CcSscCƒ“s"ÂÓãs“cƒ“ssc““3RÃãCss“3sccƒƒsc’ÃãS3“#cC“Sƒ#3S“’ÄdÅ4P¥6öÇ–3fs“cSÃ3‚ãSCC““cƒc“bÃãcƒSs3cs3s33““rÃã“cSc“3cCƒCcCbÃãs“SsS33“ƒsƒs"ÃãCss“csS3ƒccCS#RÃãS3“33Cƒ#CS“s##2ÄdÅ4P¥6öÇ–3sCC“Ãcs2ã#C“sc“3CrÃãcS#s##“C“SC"Ãã“cSCS3CS#s3#C‚Ããs“CƒSC““S2ÃãCsƒ#Sc“sCs3cCbÃãS3“cc#Sƒ#3SrÄdÅ4P¥6öÇ–3&ssƒ##ÃƒC’ã3Cssc#ƒScrÂÓãcsCCCs“““ƒ“ƒ"Ãã“Ccsc3ƒC#"ÂÓãs“#C3sssssc#‚ÃãCsƒs3Sƒ3#ƒ3CÃãS3#“ƒ3cCC“s2ÄdÅ4P¥6öÇ–3Vs#s#Ã3ã3S3ƒCƒ3S3cƒc2Ãã#CC““s3cssƒCC“2Ãã3CSSC#s“sc##SrÃãsƒs“s#S3SC#s"ÃãCsƒCS3ƒ“#sCs3c2ÃãS3#3sCS#3C““2ÄdÅ4P¥6öÇ–36s“Sc“Ããsƒs3cCc#"ÂÓãC#ƒssc“CS3“BÃã““Cs#c33cS3C3"ÂÓãsƒS#ƒƒscCs333"ÃãCsƒc33“Sƒƒƒƒ“BÃãS3#SCS3“sS“sC"ÄdÅ4P¥6öÇ–3Vsc“Ãƒc‚ãc3SS"ÂÓã“CsscsSss“CƒC2Ãã33“scƒS3Cs3#“"ÂÓãssC3“CS#ƒCBÃãCs“3ƒc#c#2ÃãS33#csSCCƒScSC2ÄdÅ4P¥6öÇ–3&scƒsCÃs#Bãcc3S#ƒS“c‚Ããƒ#3CcC“Cs3SSSBÃãcSƒƒC##ScBÃãscƒs3#ƒCss2ÃãCs“cCS##s#3ƒC2ÃãS33ccscccSC“’ÄdÅ4P¥6öÇ–3–sSc#cÃ33"ãs“c3c#ssƒc2ÂÓãƒSS“S“CsS#sSc2Ãã#3sSSƒS#SCƒc’ÂÓãscS“S3“ƒCS2ÃãCs“ƒƒƒƒƒƒ“3crÃãS33sccƒƒCC““ƒ3ÄdÅ4P¥6öÇ–36sc“Ã"ãS33c“c“ƒS#ƒÂÓãCsƒsCcC“3sss“S"Ãã#s3s#S##“CÂÓãsc333s#Cƒ#cƒSrÃãCs““ƒc#S3cSC#sbÃãS33“S#sSƒƒc#2ÄdÅ4P¥6öÇ–3FsSC3#Ã#ãsCsScS#“S#rÃã3“ƒs““C#ƒ#3rÃãSsƒ#cƒƒSCc3cCrÃãsSƒC#cScc3S“ƒRÃãCƒ#ƒS““ƒ3sS‚ÃãS3C###c#ƒƒƒsS#rÄdÅ4P¥6öÇ–3sCÃCCbãƒ“ssc““CrÃã“cCC3s“SCƒSƒÃã3c3ƒC“s“3cc“Ccƒ"ÃãsC“Cs““cCƒƒ2ÃãCƒƒC#S““Cƒ“##“#RÃãS3Cƒ“3ƒCCc33cS2ÄdÅ4P¥6öÇ–3†ssc#ÃS“ãC3“cSCcRÃãs“CSCS“S3’ÃãCs##CƒsscBÃãsCSc3ƒCcC3“S3RÃãCƒƒ#c3c2ÃãS3SC3C#S“cRÄdÅ4P¥6öÇ–3s3CsÃ3‚ã“#3s“33#ƒSCrÂÓã#“3ƒcƒ“ƒS#C3Ããƒ3SCƒ“3SƒsS‚ÂÓãsCC33S3#c“CÃãCƒƒ3cƒS#Sc“3RÃãS3S#3““sƒ“#rÄdÅ4P¥6öÇ–36s“SC“Ã#‚ã3CcCƒcSs#SrÃã#“ƒ#3sCc3ƒƒcs"ÃãC#3Cƒƒ#C“33bÃãsCS3c“3#ƒsc2ÃãCƒ3c“cƒ3SsS3“cbÃãS3S#ƒƒssCsƒƒ3c‚ÄdÅ4P¥6öÇ–3VscCCÃS’ãS##“#s“CƒbÃãc“SCs3c3Cs#“3‚Ãã“ƒƒCsc#3“ƒ3sSƒ‚Ããs3S#Cc#3s“#“2ÃãCƒs#ƒƒs3“s33CcÃãS3Scc3333ƒc32ÄdÅ4P¥6öÇ–3fscccÃ#c3"ã“3s3#3#c‚ÃãSS3“sss““ƒscƒ“bÃãsƒsCsscCƒSƒ“#cSRÃãs3Cƒ3ƒ3“cc3‚ÃãCƒsSC#sC3scƒ3S2ÃãS3Scc3333ƒc32ÄdÅ4P¥6öÇ–3FsS#ƒÃ“Bã#scS3SƒsSSƒ‚ÂÓãC#ƒs“s#“S#“RÃã##SC“#sccCss3bÂÓãs#ƒc“#sc“CCs3ÃãCƒ#3s#“ƒƒSS’ÃãS3S“ƒ“ƒscSSƒ“rÄdÅ4P¥6öÇ–3†sCC3CRÃ“rãs#SCcƒ#C3BÃãs3CSƒ#c33ƒss“3Ãã#CcsScs““c3ƒ3“bÃãs#“S#3S“ƒs3SRÃãCƒ#ƒSCccC#ƒƒRÃãS3S“ƒ“ƒscSSƒ“rÄdÅ4P¥6öÇ–3s“3cRÃC"ãc#““s“c3SbÂÓã#ƒs#ƒ3SƒBÃã#“cS#C#Sscs“RÂÓãs#“c#sCƒS#ƒRÃãCƒ#ƒƒ##ssscBÃãS3S“ƒ“ƒscSSƒ“rÄdÅ4P¥6öÇ–3sc3ƒÃrã#“csƒƒ3cƒƒcRÂÓã3ƒƒCccCcƒ3#BÃã“sSsCƒ#“#c#2ÂÓãs#S“3“ƒƒ3sc"ÃãCƒ#3CƒS3sCrÃãS3cSc“##Cs#s‚ÄdÅ4P¥6öÇ–36sƒ#sÃSƒBãS#S#“cc3"ÂÓãc“S3cCsSS“CCS#3’Ãã““3#S3ƒSCCSCÂÓãscSssCcSƒc2ÃãCƒ#ƒ“#c#“ƒS3ƒ3srÃãS3cscCs3ccC33#rÄdÅ4P¥6öÇ–3Fsƒs“ÃƒBãC##3Cƒc#3““CrÂÓãSSc“SccCSƒ“cBÃã##“3sc3ƒ“ƒssC‚ÂÓãsSCCc3#ccbÃãCƒ#“ƒCSsƒ#ƒs“SBÃãS3cƒ3CCS“C3C3rÄdÅ4P¥6öÇ–36sCcsÃ#‚ã3S3c3CSBÃãƒƒ3sS“3cCƒS’ÃãC3ƒ#3#Cs##sS#2ÃãsCC#ƒ#sS“3C#bÃãCƒ3#cs#sƒ3#c“2ÃãS3cƒCƒƒC3ssc“cS"ÄdÅ4P¥6öÇ–3&sƒ“CÃsSbãSSCCSCƒ#rÃãcƒcSC3Sscƒ“bÃãƒcs3#CSƒ#ƒcƒBÃãs“#“ccƒ“c3’ÃãCƒ3ƒ#c3S“ccCƒ‚ÃãS3c“ƒ“cƒcSSCbÄdÅ4P¥6öÇ–3&s#sƒÃSCrã33s##S3cS“3RÃãƒ3““3““S#SssbÃã“ƒcScSCƒ3c““ƒbÃãss3CCcccsSƒsƒÃãCƒ3CcƒsC#c“’ÃãS3s#sSsSc3s‚ÄdÅ4P¥6öÇ–3s3ƒÃƒrã“s3Cƒ#sƒS#rÂÓãS3S#“##CSSS2Ãã#cƒ##s3s‚ÂÓãscc“Sƒ3#sƒ2ÃãCƒ3S“Ss3“S#ƒrÃãS3s#ƒƒc33s#S"ÄdÅ4P¥6öÇ–36s“c“3Ã3“‚ãCCc3c3C“#"ÃãcScs“CScC3s3cbÃã“3“#s33#CcS3c‚Ããc““3cc“C##cCcRÃãCƒC3##sS“ƒC#sSRÃãS3ƒS“cƒ#“33ƒ2ÄdÅ4P¥6öÇ–3VsSS“ƒÃcãC“3ƒs#scsÃãsƒ#Sc“Cƒ#2Ãã#SCƒ“ƒ“““sSS#rÃãc““C#“#SCScƒ3“’ÃãCƒCCc#sCsc“C##ÃãS3ƒ#ƒ#CCs“33cƒ‚ÄdÅ4P¥6öÇ–3s3ÃSs2ãƒSƒƒcsƒ““C3ƒbÂÓãs3C#s##cSsS“3bÃãCS#CcS3“#rÂÓãc“ƒƒ3ƒ“s3ƒ3ƒÃãCƒCcS#sSS33#3sbÃãS3ƒCcs#c“ƒCbÄdÅ4P¥6öÇ–3VsC“ƒÃSãSƒ“ƒ3c“C““RÃãƒ3CsƒCSc#ƒcCC#rÃã“Cs“scsc33sRÃãc“ƒcƒ#sCs#c#“ÃãCƒCsS3#sCƒSSÃãS3ƒCsSsS3cSS“2ÄdÅ4P¥6öÇ–3fss3sƒÃ3sbã#33#C#C#3CbÃãSsƒƒ#ƒ#c3#Sc’Ããƒ#sCCC3““CƒSC’Ããc“ƒcƒ#ccsC#Sƒ#"ÃãCƒCsS3s#3s#SrÃãS3ƒCsSsS3cSS“2ÄdÅ4P¥6öÇ–3–s“ccÃ“sã#C“C#33CSBÂÓãSs#“““#c3““ScRÃãƒ#sƒs“Cƒ3c’ÂÓãc“ƒs“##Cc““"ÃãCƒCs#sS3s“cƒ##bÃãS3ƒCsSsS3cSS“2ÄdÅ4P¥6öÇ–3FsC“SÃ#ãSC33“Ccƒ3Ss"ÂÓã#“s3#c#csBÃãC#S3Cc3c““#ƒC#bÂÓãc“ƒSc#s#ƒ#C#C“2ÃãCƒCƒ#S3C333Cc“rÃãS3ƒS##333ƒC“3RÄdÅ4P¥6öÇ–36sc““ÃCBãcSs#“scC“C32ÂÓã#3““Cs3S#csss2Ãã3c3s33“#ScS“CrÂÓãc“ƒCscƒ“#Ss3c#ƒ’ÃãCƒCƒs“3ƒ“c“Cƒ‚ÃãS3ƒSC“3sc3“CbÄdÅ4P¥6öÇ–3Fs3ÃSbã“C“s#ScscS’ÃãƒsCƒc3sBÃã#S“3c“#ƒSƒc“cbÃãc“ƒ#s#“#s#“sC2ÃãCƒSsS“CS“C“#bÃãS3ƒc#s3csrÄdÅ4P¥6öÇ–3ssƒc3Ã3#2ãƒC#s3ƒ#3C3ƒRÂÓã#ƒC3#ƒƒC#C“"ÃãCcƒ“ƒƒ“3ƒS“cc‚ÂÓãc“ƒ#ƒ#“CC##c3RÃãCƒSs“ccSCcc‚ÃãS3ƒc#s3csrÄdÅ4P¥6öÇ–36s#cÃSBãSs“CccCc"ÂÓã#CSC“c“ƒcsƒƒRÃãsƒC3333cCcc32ÂÓãc“sƒ“cƒ#ƒ3s“bÃãCƒS#Cs#ss3“ƒ33BÃãS3ƒƒSCSssƒssCC‚ÄdÅ4P¥6öÇ–3–s“#Ã3Rãƒƒ#cƒ3c##SBÃã##c3SC“scS#cBÃã3c##ƒC“SSc33sÃãc“sc“##c3S3BÃãCƒS3c“scsƒSs#2ÃãS3ƒ“cC3ƒ“#SSrÄdÅ4P¥6öÇ–3&s“sSÃ“cã“ScCc“3C“ƒCs2ÂÓãCƒ“cƒCsc3#sCcSbÃãs3##3“cccsscbÂÓãc“c3S3““c“3“3scrÃãCƒc#scSƒcssCRÃãS3“ƒcCS“3SCSbÄdÅ4P¥6öÇ–3fscccsÃ3RãCƒc3C#3SCCSSsbÃã#sc3ƒƒ#ccSScSrÃã3“csC#““3CsS’Ããc“SscƒCcSsC3C‚ÃãCƒcSsƒc3#CSsC‚ÃãSC#ƒc3“cS3’ÄdÅ4P¥6öÇ–3sSS#ÃcBãc““3s#Ss3Ããs#ƒ“3c3SCCƒ"Ãã###“#CƒS“CsCƒ‚Ããc“SssCƒ#c“#“‚ÃãCƒcSs#Sss3“Ss3‚ÃãSC#ƒc3“cS3’ÄdÅ4P¥6öÇ–3VsscƒÃSrãS“s“S3#Sƒ3ƒÂÓãƒC3“CsS“3#s3ƒ‚Ãã#cS““c3ƒsCƒ"ÂÓãc“S3CCC#3“3ssÃãCƒcƒcCsscc###“ÃãSCC“3c3Ss#ƒSRÄdÅ4P¥6öÇ–3VsccƒÃCC2ãcCSSS“CC2ÂÓãssssscCs#csƒs"Ãã“C“3ƒ3##s2ÂÓãc“Cƒ“33sƒScC‚ÃãCƒssCs“SCc““2ÃãSCƒS#“#CSSs“bÄdÅ4P¥6öÇ–3vsSc#CÃsRã3“ƒƒss#CƒCrÃãSSssScCƒ##ƒƒRÃã##3S“cS#SC“ƒs‚Ããc“C#3CSƒCSsÃãCƒsccsSƒ33cCÃãSC3“CccSSsCc"ÄdÅ4P¥6öÇ–36sS3“ÃssbãsSCC#c#3Ããc3S3c3cƒ“3c3s3‚Ãã“c3ƒcs3ƒƒsÃãc“3S#c#ƒ“sCCsBÃãCƒs“s“3333csRÃãSCc3#ƒ““ccC“3RÄdÅ4P¥6öÇ–36ssScÃRãSCs3S3CS“cƒ’ÂÓã3333sSCcS“s‚ÃãCƒs3C#Sƒƒsƒ3SSRÂÓãc“3CsC3#CS“SBÃãCƒƒ3sS“c“csƒ3’ÃãSCc3ƒCsScSCSbÄdÅ4P¥6öÇ–3&s“33“ÃS’ãƒS“Cs“css3S2ÂÓãs3Sc3##ccc“BÃãc“3cc3#sƒ"ÂÓãc“33ƒ3#“csS2ÃãCƒƒs“3#3ƒ32ÃãSCcc“#ccsCrÄdÅ4P¥6öÇ–3&s“3Ãƒ3"ãsS#33“#“3s‚ÃãSscsSS3ƒ3Cƒ3SC’Ããƒ3s“CCƒC“ƒ3ƒRÃãc“33#c“Sc#3#s“rÃãCƒƒC3“3“3ƒBÃãSCcs3Sƒ“#“SCs2ÄdÅ4P¥6öÇ–3s“ƒ“ƒÃCãSƒc“3sCCcC“cÃã##SsS3##Ssccs"Ãã3#ScCss“cSs“’Ããc“3#ƒCC3“cC33bÃãCƒƒ##ƒ“CƒsƒssSCrÃãSCss“sc“#BÄdÅ4P¥6öÇ–3vsSCsÃCRãccCScsS3“#SÂÓãCCCcc#cƒcCC“BÃãcSSC“cSc“CC“’ÂÓãc“#“cSC3cC3cbÃãCƒƒ33SsSccS3bÃãSCƒc##s33C’ÄdÅ4P¥6öÇ–3ssƒ“Ãrãƒ“##c3ƒ“‚Ãã3C#ƒssƒSc““ƒsC’ÃãC“#SS33#““““bÃãc“#ƒ“S#CS“CCbÃãCƒƒ3sS3s#3s3RÃãSCƒscsSsC“#‚ÄdÅ4P¥6öÇ–3sc“SSÃC#ã##3““c3C“rÃãƒCS3cCcC3csCbÃã##ƒƒƒ3cSsCcCcbÃãc“##C3ƒS#CccSBÃãCƒƒsƒC#CƒƒSS3rÃãSC##“sc##“‚ÄdÅ4P¥6öÇ–3Fs“sCÃ3“2ãs3ƒ“cscSC‚ÂÓãS#sS3c“C3s’ÃãsS3#3csƒ“ƒcƒÂÓãc“SSSccC3ƒC“‚ÃãCƒ“#“ƒs##SSƒBÃãSC#sCscs“#ƒcƒrÄdÅ4P¥6öÇ–3sƒ3ÃSƒrãCCƒS#S“sSbÂÓãccsC3ƒC“c3S#c2Ãã“cSSsc#s“#““3#“bÂÓãc“##cC3S3SSbÃãCƒ“C#3#S3Sƒ3c“ÃãSC#“CS3ƒ“3#3RÄdÅ4P¥6öÇ–3Vs33CÃ##SrãS#ccC#SSƒ#3BÃãS“C“ƒ““SS#c3SSBÃãƒc3C““#Sƒ‚Ããc“ƒsccƒsƒ“Sc2ÃãCƒ“cCc“#““#ƒc2ÃãSC3SSsss“C3#CÄdÅ4P¥6öÇ–3–sƒCcÃsrã3#csCc3“#2ÃãSsc3#sƒCS3sBÃã##ƒ3cS#3s33##c3#"Ããc“#cSƒ#Cƒ3#SƒrÃãC“#s3s3##BÃãSC3SCCsC3SƒCs“’ÄdÅ4P¥6öÇ–3†sƒ##CÃCbãSc“s“ƒS“c#“SbÂÓãSƒsS“c3sc“SRÃã#ƒSs3ƒsSC3ƒƒ32ÂÓãc“SC#Cƒ3“3‚ÃãC““ssc#ƒCs3cCRÃãSC3c“3SSƒc#C#3bÄdÅ4P¥6öÇ–36ss3“ÃC’ãc3sccc3CƒsƒC32Ãã#cƒSc#C#ƒ#“sc"Ãã3ƒ“C3“s3““SCƒ2Ããcƒ“c“#3sCcƒ“RÃãC“C3““Scc“CcÃãSC3“3ssSƒcbÄdÅ4P¥6öÇ–3&scƒcCÃsƒ‚ã3“3S#ƒ“ƒrÃãs#S3“###sccÃãScS#“C#““rÃãcƒ“CcƒcƒsSƒCC‚ÃãC“S3#c“3ƒ#“ƒ3RÃãSCCsC“SCsÄdÅ4P¥6öÇ–3&ssÃ3ãC3“3S33sƒCSBÂÓã#S#Csss“c3““3ÃãsCƒ3“ƒs“ƒ##crÂÓãcƒ“3ƒ##sƒcS“s#"ÃãC“Sƒ#s3#s###BÃãSCC#“ƒ##“ƒScs2ÄdÅ4P¥6öÇ–3Fs#cÃ“BãSC“3S“#sƒ“ÂÓãcƒ#ƒc“CsS3rÃã“““Ss3sƒƒSc2ÂÓãcƒ“#scƒsCc#“rÃãC“sCsCC“sCƒ2ÃãSCCs“sS#c#ƒ#“ÄdÅ4P¥6öÇ–3sSƒ#Ã3ƒƒRãS3#s3#CƒCƒrÃãS33#s##SsSCƒ#CSRÃãssCƒ“cƒ#Sss3‚ÃãcƒƒƒƒC“csƒƒRÃãC““C#3#ƒ“Cƒ#ƒƒ#bÃãSCC3Cs“s““332ÄdÅ4P¥6öÇ–3sƒSsRÃBã#cC#“##3#SƒƒrÃã3CS“Cc“CScƒSs“ƒ2ÃãS##C“ss#ƒsC3‚Ããcƒƒs“SS“3cC“cRÃãC““S“3ssC#2ÃãSCC3Cs“s““332ÄdÅ4P¥6öÇ–36s“sc“Ã3ãC#3#s#““CS‚Ãã#CCSƒ3cC3#Cc“CsrÃã3SS3CSS#ƒSCrÃãcƒƒ3Sƒs“c“CbÃãC“##s#S#“##CCCrÃãSCCSƒ333c“SCbÄdÅ4P¥6öÇ–36scÃSã“CS“ssSSs“cs‚ÂÓã#scCsSs#ƒ3SÃãsSƒƒs3Ss###“““RÂÓãcƒƒ3sCccSƒc#SscRÃãC“#cƒs3#cCSsSBÃãSCCSƒ333c“SCbÄdÅ4P¥6öÇ–3&sƒƒcSÃC’ã#ƒ#““c““3ƒBÂÓã“SCƒƒSc#s“sƒRÃã#ƒCS“3CsS3##“CBÂÓãcƒs“SCC3“sC“BÃãC“CƒsCccS“SBÃãSCCƒ#“SƒC#“#sCrÄdÅ4P¥6öÇ–36ssCÃ33Bã“33“3cs“ƒBÃã““333ƒCsCSC“BÃãCC#Scs3sƒSRÃãcƒs3#CSS#“CÃãC““““#c3ƒC#“#ƒBÃãSCS3s3ƒSC3sƒc2ÄdÅ4P¥6öÇ–3vsC“sCÃcãCc##sƒcƒ“RÃãƒcCcScCsScC2Ãã#scSsS#ƒS#SSbÃãcƒc3ƒCcsc#ssÃãC“#CsScS3#cC“ƒbÃãSCSƒS“ƒ“sC#sCCBÄdÅ4P¥6öÇ–3ss3cÃc"ãCSccssSc#"Ããs“sCƒSƒSƒ3s"Ãã#C“““ƒƒƒ#ƒ#csRÃãcƒc“sCCcCCcc#cÃãC“#cSccƒcsƒ#C2ÃãSCc#ss3##“#ƒ2ÄdÅ4P¥6öÇ–3&sƒsC3Ã#Rãƒ“cSƒc33’ÂÓãSSƒSsc#ƒ#ƒc2ÃãƒC3s#c“cCSSc“cbÂÓãcƒSƒ“cc#s3SSSÃãC“#sƒ#S“##“ƒSBÃãSCcc3ssSc##ƒƒ"ÄdÅ4P¥6öÇ–3ssƒSÃ#Bã3#ƒc3#s#3RÃã#s#3ssC#ScC’Ãã3“s3ƒƒƒcCƒsƒ2ÃãcƒSƒ“#ƒ#sSSsÃãC“#sƒc“3c“3S#cRÃãSCcc3ssSc##ƒƒ"ÄdÅ4P¥6öÇ–3sƒÃ#ã#“ssS“cbÂÓã#SSCc#cC“3ƒS‚ÃãCƒ““Sƒ“3cc“ƒrÂÓãcƒSc#“3#3ƒBÃãC“#“Ccƒ“ƒcƒ“3SRÃãSCc#Sc#3ƒCS#“cÄdÅ4P¥6öÇ–3–sS#ÃC#ƒ#rãƒs#3cC3C“s’ÂÓã#sScSSC#ƒ“CCRÃã3#cƒC#“c3sSCrÂÓãcƒSSSC3“s“cƒ“S2ÃãC“#““CCc3S#33SÃãSCc#sSSSsƒccBÄdÅ4P¥6öÇ–3&sƒƒ3Ãrã3##Cc##3c“3#2ÂÓã3ƒƒCC“ƒsC#sRÃãSccƒ33“#SC“#cÂÓãcƒS##“##C3ƒ2ÃãC“3““#““#“ss#bÃãSCcCc““3c3#S##2ÄdÅ4P¥6öÇ–3FssƒÃ#ã#S3CCSƒ#C‚ÂÓã#“CSƒ3“##ƒCƒ““c’ÃãC3##s“scSs#“S‚ÂÓãcƒCsSƒc“ccSSc‚ÃãC“3S#3#3#ƒ#“SS3"ÃãSCcs“S““ƒ#sC3"ÄdÅ4P¥6öÇ–3fssSƒ3ÃSrãcsƒccsƒsrÃã3#cƒ##cs#c“C“‚Ãã“ƒsc3ssCcƒCRÃãcƒCCccSSs#ƒ32ÃãC“3ƒƒ#“3c3“sSbÃãSCscCSCC#c‚ÄdÅ4P¥6öÇ–3sssÃ3#“"ãƒc“ƒSs3“‚ÃãSCSSs#S#cScBÃãs3sƒsC#cc#SCÃãcƒ3s3cs#s#ƒsCSrÃãC“CCC#sscCc2ÃãSCsCCƒCC3s3RÄdÅ4P¥6öÇ–3ss“#ÃCrã#ccSsC3“3C“BÃã“ssc““ƒCSS3SScBÃãC3Ss3ƒsC“ƒs“BÃãcƒ3CsssCscCC#3RÃãC“CS3Cc“CsS3C2ÃãSCss“3“ƒcsCc3rÄdÅ4P¥6öÇ–3vsƒccÃ#ƒ2ã#ƒC33ƒcC#ƒ“RÂÓã“33s“sƒsS3##3#‚Ãã3cs#3cc#C#SS“"ÂÓãcƒ#““ƒ3ssssc"ÃãC“Ccsƒs3““ƒƒ‚ÃãSCsƒcSS3“ƒƒScƒsBÄdÅ4P¥6öÇ–3vsSS3ÃS2ãscscCƒ“CCccRÃã“#CssS#3cSCsÃã#ƒ#3s#sC#3#“S#“rÃãcƒc#C3SscsCRÃãC“SCscS3sC2ÃãSCƒs“CcCcSƒCcs‚ÄdÅ4P¥6öÇ–3&sƒCssÃcRãCƒ#3csC2ÂÓãc#C#ƒsƒcsƒƒƒÃã#3ƒCc3#s#ƒs“SSS"ÂÓãcƒƒ3ƒsƒbÃãC“Sƒ#CƒS#sCƒ#RÃãSC“C#SS#“CcSrÄdÅ4P¥6öÇ–3vsc3CCÃ#3CBãSCcCƒ3“32ÃãSƒS“sSCsC3BÃãsCc“Cs“#ƒSƒc“"Ããcƒs“cƒcCcc"ÃãC“csCss3#srÃãSC“3ƒ3SC3ƒƒ““SBÄdÅ4P¥6öÇ–3&s“Ã3Rãƒccs##3ƒC3cSRÂÓãƒ#s3Sc“s##c“CbÃã#SSSc#3c#s3rÂÓãcƒccsC““ss’ÃãC“c#3ƒcsSC‚ÃãSC“3S33SCs“ƒ“CRÄdÅ4P¥6öÇ–3vsc#CÃƒrãCSS3CCS#S’ÃãCcƒCSƒ33cƒ“BÃã#SsSCS3c#CS#s“BÃãcƒS““C3#c3SRÃãC“c33S“#“3ScƒCrÃãSC“3S33SCs“ƒ“CRÄdÅ4P¥6öÇ–3–s3Ãc‚ãCCC#“Cƒ332ÃãƒCCƒc“#cƒsC##C3Ãã#C33c#ƒƒ3BÃãcƒc#SCƒ“Sƒs#CÃãC“cƒs“c#ƒƒcCBÃãSC“3S33SCs“ƒ“CRÄdÅ4P¥6öÇ–3VsScÃBãƒ3ƒS#CCs"Ãã33c3cc#Cc“#SC‚Ãã“cCs##s#cc“rÃãcƒC#cƒc““CC‚ÃãC“c#3C#S““cc“"ÃãSC“C33sƒcSƒc’ÄdÅ4P¥6öÇ–3fsSc3RÃ‚ãcC3cƒSSc#cc3““’ÃãCSc#“ccCc#2ÃãccCSsc3“SSc““"ÃãcƒCƒcs“sƒ"ÃãC“c#CC3C“sSScsRÃãSC“C33sƒcSƒc’ÄdÅ4P¥6öÇ–3&sC3RÃ#"ãƒC3SCCcs333ƒ"Ãã#ƒ#cs##Sƒ“3sS#srÃãCSCSc3Ccc#ƒscrÃãcƒ3C3scScƒ3CrÃãC“c#ƒƒ“cC#cƒ“CbÃãSC“C#“c“ccƒCƒS"ÄdÅ4P¥6öÇ–3sSsÃc2ãcc“SS##ƒ3ÃãssC#CscCƒs#SSrÃã#cƒCS“S““#SsbÃãcƒ“Sƒ#C“sc3ƒÃãC“c3ƒ3cCƒ“#sCRÃãSC“Sƒƒ#cs#3csBÄdÅ4P¥6öÇ–36s33ƒSÃ#ƒã#C“s#c#sScsBÂÓã“3S“ƒc3S#3rÃã3CSc“sC3Ss3“3ƒ#RÂÓãcsƒƒ3ƒ3ƒC“#SÃãC“s#CSSƒSƒs#SS2ÃãSSC#ƒSsSC“c3"ÄdÅ4P¥6öÇ–3†ssSSÃcbãC3C#3CCs#scBÂÓãƒSs““C3S#3c“sBÃã#s3sCc###C“3RÂÓãcsƒs#ƒsƒ“ƒcs3CBÃãC“s3“s#Cƒc“rÃãSSCc#“csScCc‚ÄdÅ4P¥6öÇ–36s3CCCÃ3ScrãCƒCc3“sSsSSrÃãCsSS“#3SCsCrÃãc“333cƒCSSƒ“cSRÃãcsƒcsSssƒSƒƒcsBÃãC“s3C33cSƒc#ƒbÃãSSCcC33sƒCCcSbÄdÅ4P¥6öÇ–36sƒ3CÃC3rãc“C“3#“C"Ããs#CScƒ3CCcrÃãcsƒs3#c3csCs2ÃãcsƒSs3CƒsrÃãC“sCC3ƒc3sCƒƒ#ƒÃãSSSC#Css#c3csbÄdÅ4P¥6öÇ–3–ssC3CÃS2ã“ƒs3C#sSSCsSbÃãƒ3SCsƒC33“crÃã#cS“cƒƒc“ƒƒ’Ããcsƒ###33#SCC3“2ÃãC“sc3C3cs““BÃãSSsc““#ƒS#2ÄdÅ4P¥6öÇ–3–s“c3Ã"ã“ƒc““#S“s##c3Ãã3cCƒ“#3C“3cƒ"ÃãS3s“#3ƒccSs3BÃãcssc3#s#“ƒƒcCcÃãC“ƒCSƒƒCS#3ScRÃãSS“cc“ƒ3ƒs3bÄdÅ4P¥6öÇ–3fsƒ##Ã3CbãScc“ccs33BÂÓãsc3ss3cSC3CrÃãSƒ“Cƒ##“cccrÂÓãcss#s3ƒ3Sc3SÃãC“ƒ#cƒ3“ƒcs“ƒrÃãSS3SSCSƒc3ƒCbÄdÅ4P¥6öÇ–3&s3#3ƒÃcRã3Cƒ#ƒƒƒƒ3CsrÂÓã#ƒS3#S“3ƒsrÃãƒcƒƒs##ccBÂÓãcsc3#s“ƒ#cƒsscSÃãC“ƒƒ3#C3ƒ###bÃãSS“Cc3CC#“#332ÄdÅ4P¥6öÇ–3Vs#ƒ“Ãsrã#3S“ƒS“3ƒ‚ÂÓã3Sƒ#“#C“#S33sBÃãcƒ####ƒ#c’ÂÓãcsc3“ccC#SƒcsÃãC““SCc#C#“3#ƒbÃãSS#Sc33#3CSRÄdÅ4P¥6öÇ–3Fsƒ#cÃ#“‚ãCs3“ƒ“C““ƒSrÃãƒC#“3s#“ƒ3#cc‚Ãã#Cc3CcC#ƒ332ÃãcsSsCsSƒcSSƒ“cƒBÃãC““#“s3sƒC#RÃãSS##ƒsSƒ#“#3SC"ÄdÅ4P¥6öÇ–3&sc3#ƒÃ3s2ãCƒ“ƒ33CscrÃãƒCSs“##ƒSCs"Ãã#S“#““#3s“CSs2ÃãcsScCs3CsccƒƒÃãC““#cƒss#sCcs32ÃãSS#3#“C“sc#sBÄdÅ4P¥6öÇ–3ss#ÃsCbãS3cScS“s3c#"ÃãcssƒcƒCSƒsƒrÃã“Cƒ3#3SC3crÃãcsC“Sc#s““3s#bÃãC““s3SC##“3RÃãSS#sss##ƒSccsRÄdÅ4P¥6öÇ–3–sSSSsÃCCBãCƒS3scC3BÂÓãCCs3ƒc3CcCS3#‚Ããcc#cCsc“C3ƒ3’ÂÓãcsCs3ƒC3s“s"ÃãC““ƒC“c3S##cBÃãSS#ƒ“c“sC#s#“BÄdÅ4P¥6öÇ–3VsSSsÃƒ‚ã#cCScS#sRÃã3c#ƒ3ƒCƒ“sCSÃãS3cƒ“##sS##sÃãcsC#sƒC3#cssƒ"ÃãS3ƒScS3“’ÃãSS3“s#c““C“ÄdÅ4P¥6öÇ–36s33SƒÃ“ƒã“cƒƒ“ƒsC33’Ããc33C3sC#Sƒ“Sc#3Ãã“3“c“Csƒ3##3ÃãcsCC#sCC3“CRÃãS##Scccss3sBÃãSS3#C“ƒ33“cSC"ÄdÅ4P¥6öÇ–3sƒ#sÃCbãSƒ““cƒƒ3bÃãsƒsSCc3c"Ããcc3s3Ss“S3c3Ããcs3SSc3##ƒs“C“rÃãSS“3C#“3s3ƒ“rÃãSS3c#ƒ#cCCs“SC‚ÄdÅ4P¥6öÇ–3&s“3CCÃCsãS##CC#3cs#“Ããs33ƒcCsCs#s“RÃã“#s“SS#ƒ3s3cbÃãcs3S3S#sƒ#ƒ#’ÃãS“3#S3Sccs3rÃãSS3“CƒcCSƒsƒSBÄdÅ4P¥6öÇ–3scccCÃ#2ãc#3cƒ“CƒsScsC‚Ãã#S“CC#s3s3sScS3bÃã3ƒSc3sƒ“sC“3"Ããcs#ƒSƒSS#Csc2ÃãSsƒ##3ƒsCRÃãSSCc3sCCs3#rÄdÅ4P¥6öÇ–3fsSC#Ã2ã“Cƒ“cƒC#CrÂÓãC“C“ƒSSC#ƒrÃãcƒcSsCs3C“s#3’ÂÓãcs#s“cs#“3cCCƒRÃãSss3cCc3cccÃãSSCc3sCCs3#rÄdÅ4P¥6öÇ–3fsƒ#“sÃƒãC3##Sc3#s"ÂÓãC##“S3ƒƒsƒƒ#CbÃã#ƒ“#CScSc“2ÂÓãcsSCc3ƒCSsc“RÃãSƒs#Sc“c3Cƒ#’ÃãSSC““3ƒS#3S“3’ÄdÅ4P¥6öÇ–3&scCcSÃ33"ãS3cCƒƒ3sSrÃã“SS“#SSƒC##‚Ãã3c#sƒƒ3C“c“#ƒcbÃãcsCc#cs33ƒ#RÃãS“#cƒS“3c#“’ÃãSSC“3S“ƒs“Ss‚ÄdÅ4P¥6öÇ–3sc“SÃ‚ãƒ#css“RÃãSSCƒsS“#SCƒ3‚Ããƒ#cCƒCcCcCSs#BÃãcsCC#“ƒc3S#cRÃãS#S“3ss#3#s“CƒbÃãSSSc3““c3sƒc‚ÄdÅ4P¥6öÇ–3–s““SÃCBã#ƒsscC“c3ƒ"ÂÓã“#scs#C#“ƒss’Ãã#ƒsScC#ƒ“s“Ccc32ÂÓãcs#S“cƒ“SSSCƒ#ÃãS#c“##S“ƒƒ#rÃãSSSsSC#Cƒ“#c#2ÄdÅ4P¥6öÇ–3VsƒsCrÃ’ã“#C“S“CSsSCƒÂÓã#“CCC#c“sssscsbÃãC3“c3S#C##ƒS3BÂÓãcc“sCCƒ#c#“#3CS’ÃãS3#Cssc“c“sbÃãSScCCƒsCCs“CcRÄdÅ4P¥6öÇ–3†sCSsSÃ2ã#ƒS#Cs“ƒC#sc2ÃãCSƒS#C3#“3bÃãS““3#sƒCCCccc3‚Ããccƒ3“ƒC3#cƒcSBÃãS3ƒƒC3ƒ“scS3bÃãSSc“cc3C“#3S2ÄdÅ4P¥6öÇ–3scsƒÃcsã“Scc#ƒs3ƒC"ÂÓãƒSSSSC3C#Ss“rÃã#ƒSƒ3s“sss“3bÂÓãccsSs3S#S#s"ÃãSCCSƒc#sƒ’ÃãSSsS““c“c3sCrÄdÅ4P¥6öÇ–3s##“ÃcBãSƒcCcs3"ÃãcSS3s3“CC##33"Ãã#Cƒ“3ƒc3sS3s#rÃãccscs“sƒS3C3ƒ2ÃãSCccCƒC#Cs#3#S"ÃãSSssc“s##c“’ÄdÅ4P¥6öÇ–3sc“cCÃ3ã#s#C“c“Cƒ“ƒrÃã#ccCsssSS“SÃã3“““S3#CsC“ScSbÃãccc#S3S#sƒ“Sƒs"ÃãSS#C“cƒc“3CcƒbÃãSSƒ3sC3ƒƒƒc#rÄdÅ4P¥6öÇ–3&s#3ÃƒRãC#“#3sƒCsC#BÃãc“3sc3“c“rÃã“#“3ƒsss“sCÃãccc33“CS“ƒSC3BÃãSS3ƒ“C3SS“cÃãSSƒC“SSCS3ƒsc“rÄdÅ4P¥6öÇ–3vsccSÃc“Rã“Cƒ33ƒ“ƒS“"ÃãCs“ƒƒ““3ƒCSƒCrÃãs“Ccƒ“ƒSƒC"ÃãccSs“Ss“#“3sCc"ÃãSSSCc3C3#3ƒSS’ÃãSSƒc3“3sƒcc32ÄdÅ4P¥6öÇ–3Fs#SƒÃsrã#sSsSS3BÂÓãccSS“#S#ƒ““3"Ãã#C“c3ssCcC3“#C’ÂÓãccSSƒCƒ“csc#SsRÃãSScscCc#s3“3’ÃãSSƒsCSS“““s“cƒ’ÄdÅ4P¥6öÇ–3–ssCÃCƒ’ã#c“S#SS“S’Ããc“SSscs“3Cc“cƒbÃãCc3S#S#“C“Css2ÃãccCsSƒCCC3“cS2ÃãSc#SS““csƒ“2ÃãSS“#“S“ƒcc3ÄdÅ4P¥6öÇ–3&sSSsÃs#‚ã3“#S3ƒ##cSrÂÓãs#ccC#“c3#SƒrÃãSsc3###CCƒcƒc‚ÂÓãccCcc“c3s“ScCsS‚ÃãSc#cƒsc3“Sƒ2ÃãSS“3#S3“3C“"ÄdÅ4P¥6öÇ–3sƒS3Ãsrãƒc3#3SƒCbÃãSsCCC#C““CC3C#rÃã#3cC“#“#sS#3#32ÃãccCcs#C3ƒBÃãSccSƒc3cc#’ÃãSS“s##C#ƒCccCƒrÄdÅ4P¥6öÇ–3s“ss3Ã#BãƒS“CC3#rÂÓãC3s#s“ssC#SSsÃãSs#3S3ƒCc““s“#bÂÓãcc3s“““SscSc“““rÃãScƒƒ3S#ƒs3“BÃãSS“ƒs#ssCsƒCÄdÅ4P¥6öÇ–3FscCƒSÃ3‚ãƒ#“Cs3cSCƒCrÂÓãƒcCƒ#C“ƒCS3“3C"Ãã33C““sƒC3bÂÓãcc3c“#ƒSCssbÃãScƒƒc“3“C“C#bÃãSS““Cƒ##SS#sSrÄdÅ4P¥6öÇ–3&ssƒSƒÃccRãcƒCƒs3“s3“ÃãcƒscSƒƒSCsCbÃã“3#“#ƒs#CS’Ããcc3#SC3ƒsc33ƒÃãSsc“S3#Ss#S3BÃãScS“ccƒƒSSS#ÄdÅ4P¥6öÇ–36sCS#Ã#Bã3ƒCScscSBÂÓã#ƒsS###scc#c‚Ããƒ3sCƒsssccsCs#’ÂÓãcc3#s3sƒ3ƒsCƒ2ÃãSsSsCCS3CS“crÃãScS“ccƒƒSSS#ÄdÅ4P¥6öÇ–36s#SScÃ#"ãSc#sCcC“C“RÃã#cCƒSSSSCCbÃã“Cc##ƒs3S‚Ããcc#cSC3scSc"ÃãSs“#“S3s3ƒ33srÃãSc“cS3sc3#ƒ2ÄdÅ4P¥6öÇ–3s““Ãs3"ãS#3sSƒ#ƒ“#“3rÃãc###SsS#C2ÃãS#Cs##“sSsÃãcccCcCCc3SƒCRÃãSƒ##Cc3#sƒcƒC3‚ÃãSc#SsScCƒScC“ÄdÅ4P¥6öÇ–3sƒsÃBã“cƒSƒSƒCS#3‚ÂÓã3ƒcS3sƒCCsC#C#ÃãSƒC3SsS3##3cS‚ÂÓãccCsC““333ƒ‚ÃãSƒ3sƒ3cc3‚ÃãSc3Sc“c#C32ÄdÅ4P¥6öÇ–36sSSÃCsrã#ccƒc3CSSbÃãscc“CScƒCC3"Ããc#ƒCs3#ƒs“Ããcc““CS“““Cs###RÃãSƒcSssccCcSsBÃãScc##CcsssRÄdÅ4P¥6öÇ–3Fs#S3Ã#S“‚ã#C3CS#ƒƒC’ÃãC“Sc“CSSC3#CcƒBÃãsC#3#3“#ƒS#‚ÃãccƒsSC#3“““3rÃãSƒc“##“S“S#c“RÃãSccs#scCƒƒ2ÄdÅ4P¥6öÇ–3VsS3#sÃ‚ãcc“#S#SSƒC‚ÂÓãCC3CCƒ#cSc#3Sƒ“BÃãcsƒScSC#C“ƒ"ÂÓãccs“sS##Cƒƒ“c’ÃãSƒsC#C“33s3sƒ’ÃãScc“C3“sCs““"ÄdÅ4P¥6öÇ–3&sCÃCS‚ãCs“CC3CSÂÓãƒ“3s3ƒ“s##cƒ’Ãã3S#SssSSs“c“BÂÓãccsCƒs#Sƒ3“bÃãSƒss3CsSc3s“2ÃãScc“C“SSscƒSsƒbÄdÅ4P¥6öÇ–36sƒƒÃ#ƒ‚ãc#ƒƒ#ƒƒ3CsBÂÓãƒ3“ƒƒCsCC#3"Ãã#sSs“#ƒ““CƒRÂÓãcc3“ƒ3S3ƒ3##“2ÃãSƒ““ƒ##ƒ#““ƒs‚ÃãSc““3CcsCccsrÄdÅ4P¥6öÇ–3VsSc“ÃSã3cssƒcs“3sƒÂÓãƒ3C3“#CCs33ÃãcCƒ3s#CsSƒ3#RÂÓãcc#s#“Csƒ#3ÃãS“sƒsƒccƒc‚ÃãSc“cCCCC3sƒ#sSRÄdÅ4P¥6öÇ–3–ssS3ÃCbãs3C3#ƒ#“332Ãã#CsSC“Sc#3“#CsÃãƒƒ“#“#3“““ƒ“SS2Ããcc#“CS3S#3c"ÃãS““C#ƒSS““Cc"ÃãSc“sScCƒƒcC#ÄdÅ4P¥6öÇ–3Fs##Ã3#"ãccC#Cccc3BÂÓãC3Sc“sCs#sƒcƒBÃãcc#CC3#ƒƒSRÂÓãcc#3cssSƒÃãS“sCCcSSs#C““RÃãSc##cS3ƒ“Cƒƒ’ÄdÅ4P¥6öÇ–36s“CSÃ3‚ã#SsccssƒƒƒCCRÂÓã#3cCCSSc3CScrÃã3#CƒcS“ss3s“rÂÓãcS“#“sSƒ##SBÃãS“sS“sS3sSbÃãSc#cCƒ#“SS#ƒ"ÄdÅ4P¥6öÇ–3fss33Ã#bã33“Ccƒs“CcRÂÓã#C######“c“sC"ÃãSS3“ƒsSCCSCsBÂÓãcS““#“CC#CC“bÃãS“ƒ3cƒc33“‚ÃãSc#ccS3S#CSsƒ3bÄdÅ4P¥6öÇ–3s“scSÃ3bãS“sƒƒ“#cƒƒ3BÃã##3##“s#CcS#‚Ãã33C3cCsC#s“C#rÃãcSƒ“3cc“S3ƒ#bÃãS““3cCscCƒS3bÃãSc#sC#3c33#SrÄdÅ4P¥6öÇ–3ss3CÃ#"ã#sss#s#scC“BÂÓã#ƒ3sCs“S#cscÃãC#“sCƒƒccSSBÂÓãcSƒƒscS3c“s2ÃãS““sƒƒ3#C“cC#ÃãSc#sSS3#CSBÄdÅ4P¥6öÇ–3&s##sÃCbã““cƒsSƒƒcsrÂÓã##ƒ“ƒcc“ƒC3“srÃãƒcSc“ƒS3ScCcƒ‚ÂÓãcSƒs#Ccs“C#“#’ÃãSs#Sƒ#3c““bÃãSc#ƒ#C“ƒcƒ3ssCcrÄdÅ4P¥6öÇ–3FssC#ƒÃcãS#SCSƒsSƒ3RÂÓãSC““#ƒC#ƒC3"ÃãsCƒ3s“cc3C#3s#2ÂÓãcSƒc“3““sS“SS"ÃãSCcc#S#csÃãSc#ƒs#“SSs“‚ÄdÅ4P¥6öÇ–3ssÃ’ãCccs##cSS#‚ÃãCcƒs#s“s##CSÃãc33ssSC3ƒScSCS2ÃãcSsscc#ƒcƒsC2ÃãScƒƒC#ss“Sƒc“"ÃãSc3C3cƒƒCCs“#C‚ÄdÅ4P¥6öÇ–3sss3Ãbã3#C#3“CsSS“rÃãS“ƒ#“#“ccs#“CCCrÃã““s#“C3#ƒ3ƒƒC#"ÃãcSscc33ƒCƒ3ss3’ÃãSsScC3ƒƒCC’ÃãSc3Csƒs3s“Cƒ#BÄdÅ4P¥6öÇ–3s“ƒƒ#Ãã##Ccc#ƒS“cc“‚ÃãC#cSƒS#s“3“CS‚Ããc#sƒCc3ƒS#CSBÃãcSs#c33ƒƒ“ƒSCc‚ÃãS3S33sSC“C’ÃãSc3cc#S3ƒsƒƒRÄdÅ4P¥6öÇ–3fsƒ“ÃCã“3C3S3“CƒcrÂÓã“CSƒ“3s“#“C"Ãã#“S“C“s#Sƒ3#CBÂÓãcSs#s#cCCSsƒ’ÃãSs#CC“##rÃãSc3cc#S3ƒsƒƒRÄdÅ4P¥6öÇ–3–sC#ccÃRãCƒ#s“3cccSsRÃã3#cƒƒ#sSSs3c#RÃãC“s3#“SS“3cƒ33bÃãcSs33#“ƒc3C“#RÃãS“s“C“##3ƒSs3ÃãSc3cc#S3ƒsƒƒRÄdÅ4P¥6öÇ–3fsƒCÃcCã#33cƒC2ÂÓãcƒCCs3S“Sƒ“"Ãã“#SƒCƒsCƒƒ‚ÂÓãcSsƒ#sc#C3C#“bÃãSc3C“3C3cc"ÃãSc3cƒCCSScScƒRÄdÅ4P¥6öÇ–3fs“ƒ#Ãc"ã#3“CC##sccSrÂÓãcsƒ“SCCS“ssCs"Ããc#cCsƒ#s3sS##2ÂÓãcScSccsCC33S#’ÃãSCS“S3ƒSCSSrÃãScCƒCSCc3#C“s"ÄdÅ4P¥6öÇ–3–s““Ã"ã#S3s#c#3s““C“S"Ãã3cC3“#CcƒC#3CS“BÃãSSc#Sc“ƒC##S3#rÃãcSSsS3cCscc#ÃãS#C“#3#3Sƒƒ“RÃãScS“C“c3#S3ƒRÄdÅ4P¥6öÇ–3†ss“s3Ããc“Sc3##ssSBÂÓã3cs““c33c“3“2ÃãSc##ƒ#“SS“scC“RÂÓãcSC33s3C““S“ÃãS#ƒ“ƒsCƒSs“BÃãScSc3“C““cCBÄdÅ4P¥6öÇ–3&sƒCs3Ã3ãCsƒ#ƒC#S#rÂÓã#3ƒcsscSƒ3ƒBÃã3S3#S“““cSsCc’ÂÓãcSC3ƒ“SCsSSrÃãS3###ƒcƒCƒc“ƒ"ÃãScSsc#3ƒ3#cC#2ÄdÅ4P¥6öÇ–3VsssÃbãƒSSccƒ3ƒ“CRÂÓã3ƒƒSc3CCC’ÃãCcC“““s3#33c3bÂÓãcS3sƒ3c3ScƒBÃãS3#“3#s#33#3Sƒ‚ÃãScS“s#scC#cRÄdÅ4P¥6öÇ–3FscCÃ3bã#Sƒ#3S3S#3cÃã3#ssc3Ccs3crÃãCssƒs“C3#SsCs3CbÃãcS3“ƒCc“#CCƒÃãS3cƒSCcCSscS#cbÃãScc3c“Ss3#ƒssbÄdÅ4P¥6öÇ–3FsscƒÃC’ã33#SCƒc“3RÃãS3ƒCs#3ƒ#““Sƒ’Ããƒ#C3S33““3bÃãcS#s#ƒƒ3S““c2ÃãS3“3S“C3C“ƒ#rÃãScccc“c#c3SCC3bÄdÅ4P¥6öÇ–3sc3ÃcCrãcsƒ#3s3cRÃã3“C#CƒC“C#S‚ÃãcSC##3#“#S#SRÃãcSsƒSss““ƒ#3bÃãSCS3“Cc#ƒ3#ƒÃãScs##S3s#c#bÄdÅ4P¥6öÇ–3&scSsÃ3#ãCCCcS3ƒScc32ÂÓãcƒcƒCC###333“S“bÃãS3s“c#cc#c32ÂÓãcSsƒƒCcCcƒBÃãSCSC#SS“CscSbÃãScs##S3s#c#bÄdÅ4P¥6öÇ–3–sSc#sÃSbã3csƒ3“s#“bÃãƒS“s“SCC‚Ãã#scc3#ƒC#c##c2ÃãcS#S“cS“3s3“S’ÃãSCƒsƒƒƒCS#33#2ÃãScsSC“#3S#sccrÄdÅ4P¥6öÇ–3–sccSÃƒ‚ãs““C#“CS3C3bÃãc3c3s#ƒC“sSCsbÃã“sscCCƒ“#3#scÃãcS“#3SS#CS“““#rÃãSS“Sƒ3cƒƒsCS“BÃãScssSC333##3S3‚ÄdÅ4P¥6öÇ–3scSÃ#CãS3“sSs“3s#RÃãC““Sc“S“#cBÃãsSs“S3sc3sRÃãcCƒcSsƒ3s#C#cƒ‚ÃãScSS“Sc#s“s“s2ÃãSc“333SS“cSCS3srÄdÅ4P¥6öÇ–3s“ƒ“#ÃCƒ“"ã“CcƒcƒsC’ÂÓãC#sSCSSƒcƒ#SC“#bÃãcS“##33S3Sscc‚ÂÓãcCƒSs#C3Ss3Cc3s"ÃãSccCsscƒSƒ##rÃãSc“3c#sƒ3Sc3“c"ÄdÅ4P¥6öÇ–3–ssS#Ã“ãcCS“Ssƒ##cS3rÃãCS“####ƒcC“"Ãã#sƒ33SS#S“cbÃãcCsƒS“#3#ƒ“#bÃãSssc3Ss#ƒsÃãSc“ƒ3CC#“#cC“#bÄdÅ4P¥6öÇ–3vs##ƒcÃƒ#Bã#“cCCSs3sƒ’ÃãS“““cCƒ3sÃã“C“s#3s#Sƒ3“RÃãcCS“C#“c#Cc“S#bÃãSƒ3c#“CƒCCƒs#rÃãSscs33#sC3s‚ÄdÅ4P¥6öÇ–3fss#CÃccBãsc#ƒƒ“#SS3SRÂÓãscƒ#CC“3cs33bÃã“ƒc3cC3“ƒcBÂÓãcCSƒccs3C#““#c"ÃãSƒ3cSccCƒc#SƒRÃãSsƒs“sS#SCc’ÄdÅ4P¥6öÇ–3s“CScÃSs2ã3“s““3sCRÂÓãsƒsc“S3ss#ss3bÃã#“3c###ƒ#s#2ÂÓãcCSCsccC3CssRÃãSƒcƒ3cƒ33s3#S"ÃãSsC33““#S3Cs“2ÄdÅ4P¥6öÇ–3–sƒ#CÃS2ã33#3ssƒ2ÃãƒC“#ssC333s“"Ãã#ƒccƒSSC“3ccRÃãcCC##C#3#c#“s2ÃãS“C33“#SƒƒSRÃãSs##“C#C3C33SBÄdÅ4P¥6öÇ–3&sƒƒÃ3RãS3S#3C33SCbÂÓã#s##ƒsS#3bÃã33sƒ##3#“sS2ÂÓãcCCƒ“SssƒsS3ÃãS“S##“3ssS“ssrÃãSs#3S“Cs#ƒC#CC"ÄdÅ4P¥6öÇ–3&scsƒ3Ãã“c##sS3s#“rÂÓã3S“ƒ#cƒ3c“c“#rÃãSSƒƒs“cCsc#“ƒ’ÂÓãcC3ƒ#css“ScCCBÃãS“cƒsscc#ƒƒCSS2ÃãSs#ScsSC##c“ÄdÅ4P¥6öÇ–3Fss3“sÃC2ãcSsCƒ#“s#cBÃãƒ3“ƒS“C“sƒ3’Ãã#c33ƒ“SSC“s“"ÃãcC3SS“s“#CbÃãS“ƒƒ“3“cC#Sƒ3ÃãSs#c“CSSsC3c#C3bÄdÅ4P¥6öÇ–3fss3SÃC‚ã“ƒC“ƒCScS2ÃãcƒCscsSƒ“c3Sc2ÃãcCsSC#ƒS#3ƒC#2ÃãcC3##Sccƒ#sCSsbÃãS#CCSs#S#CSrÃãSs#“C3“#3ƒ3ƒBÄdÅ4P¥6öÇ–3–scC#s2ÃBãss#C#S3C“‚Ãã3C#3csCS“C3cs2ÃãS3#c3sSs#ƒc““bÃãcC#cc3S3c“sSrÃãS#CC#CCcC#ƒcS“‚ÃãSs3#3SƒCC“#SC"ÄdÅ4P¥6öÇ–3Fss#SSÃC"ã““S“3C3S#s’ÂÓã#ƒ“#“Sƒscƒ“sƒ2Ãã3#CcƒS#“#rÂÓãcC3ƒ#sScCcƒs#ÃãS##sC33cC#3SS’ÃãSsCcc#33ScsCC‚ÄdÅ4P¥6öÇ–3&sƒ##“Ãc‚ãC#SCsS#CƒRÂÓãS#cC“#c“3ƒcbÃã#3C#SSc#cC#ƒ‚ÂÓãcC#SƒS#ƒ#SsBÃãS#3S“cS3CƒbÃãSsCsSƒsCS#cƒsCÄdÅ4P¥6öÇ–3s“33Ã#rã#33SSƒscc‚ÂÓã##“Cc“#s3#C3Ss‚Ãã3Ss“CcƒsCSƒ2ÂÓãcCSs3Cc#cs“S‚ÃãS#CƒSC#S3c3S‚ÃãSsC#Cc#3Sƒc#3sBÄdÅ4P¥6öÇ–3&sc3cÃ#3ãƒcC33“#“ccRÃã#C33sCc3#““s’ÃãƒsCC3sƒƒsCSBÃãcCSs3ƒCS3s3cbÃãS#CƒSC#CC#c“c’ÃãSsC#Cc#3Sƒc#3sBÄdÅ4P¥6öÇ–3Vs“sÃ#RãƒCc“#scs“3rÃã#c3CSScC#3C#3CbÃãCc3“cSsƒ3SscƒrÃãcCƒƒcƒƒ#CSC2ÃãS#cCC“3s33s3BÃãSsC3ƒ#Sƒ3ƒc3sBÄdÅ4P¥6öÇ–3fsc#“ƒÃ32ã3SsscƒSss#sRÃã##“sCƒsssSƒ“c#RÃã3SƒSC#ƒSƒS“3BÃãcCsCc““Ss3‚ÃãS#cƒssScSs3“3rÃãSsC3““CcscCSS3bÄdÅ4P¥6öÇ–3fsC#“SÃScã#“cCCc#“3c“‚ÂÓãs#“s#C#ƒ“c3C“RÃãCcƒ“s#CƒSbÂÓãc3““C#c#sƒc"ÃãS####ƒC#“c3CCÃãSsC“cƒCCcC‚ÄdÅ4P¥6öÇ–3–scSCÃƒ‚ã#33C““cc“ƒs2ÃãcCC“#3cƒs3SSSC2ÃãccSSc“ƒ“s“3Cccs2Ããc3“S““ƒssC3C2ÃãS##sCsCs#ƒ3““cÃãSsSC“ƒs#ƒ#ƒc"ÄdÅ4P¥6öÇ–3Vs3#CÃ3cã3ƒ“sƒ#ƒc‚ÂÓãsSSC3cƒC“CcC“#2Ããƒ3C“3ƒSSƒc“rÂÓãc3ƒ3sSssSSC’ÃãS#3#sCCƒ#SS“"ÃãSscC3ƒcss3S3BÄdÅ4P¥6öÇ–3&sSS#Ãƒ‚ãsSƒ#c3ƒsCcSC2ÃãCScs#C33cƒ““C‚Ãã##ƒccCs#S"Ããc3s#“#“ƒcC’ÃãS#3“ƒ#ssC##“CRÃãSscsƒƒc“S#’ÄdÅ4P¥6öÇ–3fssƒsÃ#ƒ"ã“C3CC3cS3S“CbÂÓãƒSC#ƒ““s“SC2Ãã3C3SS3cC3“ƒC2ÂÓãc3sCcc#s#sSCbÃãS#C#“33“#“ƒS“#bÃãSscƒScc““s“bÄdÅ4P¥6öÇ–36s3CSÃƒã“ccCcƒS‚Ããs“sƒƒcS33S3RÃãƒSS##3SCCrÃãc3S“3Ss3s3CSSc"ÃãS#Cƒƒ3#3sS“SS2ÃãSssc3“Sƒ“csC‚ÄdÅ4P¥6öÇ–3vsS3C“Ã3#"ã3#scƒ3ƒ““BÂÓãs““sƒcSsƒƒscƒ#“‚Ãã#Sƒs“S#SƒCSS#CrÂÓãc3Scc“cƒƒ#ƒƒBÃãS#C““sC3#S#cRÃãSsss“Ss“cc3BÄdÅ4P¥6öÇ–3ssƒƒÃs#BãSCcƒcsCcRÃãCSsCC3c“CƒcÃãcCsssSCS3c#“3rÃãc3S3cS3CCcccCSc"ÃãS#S“cCƒSc3rÃãSss“s“Ss3s3sSƒ3BÄdÅ4P¥6öÇ–3sC“ƒÃ#rã3“#C#c#33rÂÓã##ƒC#CSC3ƒSƒScƒrÃã3S“3#3#ƒ33crÂÓãc3C“c““3SscbÃãS#SCSCC3ƒcsƒS#2ÃãSsƒ#3Ss“CCCc3ƒs‚ÄdÅ4P¥6öÇ–3vssƒÃCSRãƒ33c###3s““bÂÓãcƒ“sƒcS“cS““BÃãƒcs#C3S3#sƒrÂÓãc3Cs3Cƒ“S###“’ÃãS#Sc3333#ƒƒcrÃãSsƒ3c#ƒ##3s3CrÄdÅ4P¥6öÇ–3&s“cÃcrãCSS#3sƒc‚ÃãS3s3ƒ“s#3sƒS33sBÃãƒCscƒCcCƒCCC3#‚Ããc33“““SCƒ#33#ÃãS#cƒc“C#cC#ÃãSsƒƒScƒSSƒCƒ3‚ÄdÅ4P¥6öÇ–3scCÃƒ3’ãƒ#“C“c“CC“RÃãc3“CS3CC“#cƒ3s2Ãã““3333“#bÃãc33c#ƒ3Sƒ“S#3srÃãS#c3#3C#3Cƒ“ccs‚ÃãSs“ƒƒs##3““ƒ2ÄdÅ4P¥6öÇ–3VsScÃs2ãS3sC““##ƒc"ÂÓãcS#s3Cƒƒsc“RÃã#SC““cSS“#CbÂÓãc33Cc#3“S#c33‚ÃãS#cC3#CƒCƒCCsBÃãSs“s3CcSs#"ÄdÅ4P¥6öÇ–3scƒcƒÃƒRãS#ƒCcrÃã““CC#S3#“#ƒSrÃãƒ“3CcCSc#3sƒs3’Ããc33#SC#ƒ3s“"ÃãS#cScss3s#“ƒCRÃãSs“#ƒsC“ƒ3SSSC“’ÄdÅ4P¥6öÇ–36sƒƒÃ#bã##SSƒSSSsc3ÂÓã#S3CcƒSƒƒCSC‚Ãã“s“s“csscCc‚ÂÓãc333s“3SSscRÃãS#ccCCSssƒ3“BÃãSs“33cƒ#cƒ“C“CS’ÄdÅ4P¥6öÇ–3&sscsƒÃc#‚ãC3Cc““33CBÃãcSSƒ“Sscƒ2Ãã“SSƒ3scƒ#ƒc33bÃãc333“3ssS#RÃãS#csƒsC“sc#SrÃãSs“3s#cƒ“#ƒCcbÄdÅ4P¥6öÇ–3sƒscÃƒ#rãS#ƒ“ƒƒƒƒ“rÂÓãSƒ#SsCC“ƒC"Ãã“#C#“SCc“CRÂÓãc3#ƒs“sS“c“ƒc33bÃãS#cƒ#cc###’ÃãSs“Css3csS3s’ÄdÅ4P¥6öÇ–36s3csÃC2ãc3s#ƒC“ƒƒ#2Ããƒc#Ss“Sc333c2Ããsc3CsCCCSc“S#rÃãc3#ƒƒƒƒ##ƒsccc‚ÃãS#cƒc#SCƒsSSCÃãSs“Css3csS3s’ÄdÅ4P¥6öÇ–36sc#s“Ã#ƒ‚ãƒC#ccC#ƒcCCS2ÂÓãƒ#33CccƒcCs#RÃã#“cƒSƒcs#“CcRÂÓãc3#SSƒ“ƒS33ƒƒC3rÃãS#s#css“33sÃãSs“c3C“##s#ÄdÅ4P¥6öÇ–3fss3Ãrãc#sSC““ƒ“S#RÂÓã3Csc##3ccs3CcBÃãSC“s3s3c#sss“s2ÂÓãc3#3C#c#3##““s‚ÃãS#sc3sCƒ“#ScÃãSs“s3C#ScCSC#“"ÄdÅ4P¥6öÇ–3sCscÃãCS““S““sƒ#ƒ’ÂÓã3ƒ3sS###c““3#RÃãccS3C#cC3cC3BÂÓãc3SƒcSsCs3CssÃãS#scc“#“Ccƒc2ÃãSƒ#CsS#ScS#C2ÄdÅ4P¥6öÇ–3–scCƒCÃcRãSCsscc“333bÃãScs#C““#“cSƒ"Ããƒ“ƒSƒ“33CSCc“3Ããc3#cs3c3S3SS"ÃãS#sƒcSs##ƒ“ƒ“’ÃãSƒC3sSƒs#sC#3bÄdÅ4P¥6öÇ–3sƒ#“Ã“SbãcscCCScCCBÂÓãcc“Cs3CC3#‚Ãã“ccc3sSc#csS‚ÂÓãc3“##ƒC#CcCRÃãS#s“CƒC“3Sc#CsBÃãSƒCScƒƒS“#cBÄdÅ4P¥6öÇ–3s3“#sÃ332ãƒ#C“csc“3#ƒRÃãsc33ƒ““sCCcbÃã#cscCsCS33sC2Ããc3ƒƒcsc#3#ƒ#SRÃãS#ƒCScs“3sƒ"ÃãSƒcCsS#S3S“#’ÄdÅ4P¥6öÇ–3–s“ƒ#“Ã“"ãS3“c“S3ƒc‚Ãã#“ƒ#sCSCcCcc2Ãã#Sƒ““cCc3“Sss‚Ããc3S3sS“c#3cs"ÃãS#ƒ3C#“c“S3ƒsC3"ÃãSƒƒSƒ33Ccc“’ÄdÅ4P¥6öÇ–3fsc“3cÃ3#Rã#Cƒ“csS333BÂÓãƒC33c##c“Sƒ’Ãã#“#3S““Css‚ÂÓãc33ƒƒ##S#cƒ"ÃãS#ƒc3sc3ccCƒRÃãSƒ“#ƒƒ#"ÄdÅ4P¥6öÇ–3Fsc33CÃc2ãc#““#““ƒ‚Ãã“#ss#CC3SS"Ãã3c““CSƒSC“SRÃãc#“ss3s#ƒ“c##"ÃãS#ƒƒC#c3csƒSSÃãSƒ33s“#“3#SsƒBÄdÅ4P¥6öÇ–36s#cÃ2ãCCCSƒƒS##“c2ÃãC#c“sƒ“cCrÃãcCss3SSc#s3c"Ããc#ƒƒ“cs#“3S“CsbÃãS#“CcccsC#Ccƒ3"ÃãSƒ“3CC#3ƒc#cƒ2ÄdÅ4P¥6öÇ–3vsSCƒÃc3rã3ƒsCSssS“Sƒ’ÂÓãcC#SsSC“ƒ#C“sC2Ãã###CƒSCsc‚ÂÓãc#ƒs#ƒ33CSCccS“bÃãS#“S#c“#Csƒƒƒs‚ÃãSƒ##S3Sc#ƒcc’ÄdÅ4P¥6öÇ–3sƒ3SÃ3rãSc“ƒs“SsCScrÃãƒSs#3ƒƒsC“cƒbÃã3S3S33S3“Cs32Ããc#ƒSS“ScCsƒs’ÃãS#“cs#SCSƒSscsbÃãSƒ#CSsƒSc3#cƒcBÄdÅ4P¥6öÇ–36s#cƒÃbãS3#3Cc#sƒ"ÂÓãs““s3c3#S““ssbÃã#ƒcc3CCc3Ss3c2ÂÓãc#sƒƒSCcS#c#ƒ‚ÃãS3sƒ“s3“Cƒ"ÃãSƒ#SSscCssƒsƒ’ÄdÅ4P¥6öÇ–3FsƒC3Ã‚ã#SSSCSC““sSBÃãCƒCƒCƒ#SsCÃãss#“#sƒƒ3Cs3C2Ããc#s#ƒS#S##ƒC“3‚ÃãS3Cs##sCS“C2ÃãSƒ#“SS3ScRÄdÅ4P¥6öÇ–3sSsƒSÃSc’ã“CC“c3c#s““CbÃãc3s“##ƒSScS#rÃãc3c3c33C#“crÃãc#s333##C“#ƒbÃãS3SsƒCs#ƒ“C#CRÃãSƒ3#“cS3“““c’ÄdÅ4P¥6öÇ–3fs3SCÃ#CãSCC“SC“Sc#ƒ3BÂÓãƒCC#S“““c#cs“cbÃã3CcCcƒƒ“ƒsS“ƒ’ÂÓãc#ssƒ##3s"ÃãS3cCsSS#ƒƒs#CrÃãSƒ3ss“CsS“bÄdÅ4P¥6öÇ–3fsscCcÃ““2ãƒ3#sSsc3csS"ÂÓãcC3#“sc3#Ss3RÃã#cCCƒƒscsCƒ‚ÂÓãc#cssƒS“ƒscSc2ÃãS3ƒC3sC#ƒ“C3rÃãSƒ3#S3“s3“csSRÄdÅ4P¥6öÇ–3vssSÃSsbã“S333““SƒÂÓãC#c“c#ƒCs3bÃãcƒcsc“c3sS3s3bÂÓãc#c#ccsC3SScS‚ÃãS33“““Ssc3c#SbÃãSƒ3SCCS“Ccƒƒ’ÄdÅ4P¥6öÇ–3vsC3#cÃC“"ãCCsSCsƒ“rÂÓãc“cC“#s#ƒ3csc#Ãã##s“cCc#“s“ÂÓãc#c#ƒCCƒc“C“ƒCRÃãS3#ƒ3c#3#“#C"ÃãSƒ3SCCS“Ccƒƒ’ÄdÅ4P¥6öÇ–3–sSSÃc"ãƒ“3S“sS“c“3rÃã###SCƒ3S#ƒ“CScC‚Ãã“S#Sc#Csc#ƒ3SbÃãc#c#Sƒ“ƒSScRÃãS3#3#ƒ“cc“3Sc2ÃãSƒ3SƒS“scƒ3cÄdÅ4P¥6öÇ–3s#c“Ãc"ã#“Ccc#333#ƒsC3BÂÓãSSƒSss3ƒƒc3rÃã#Cƒ“#SS“CSC3crÂÓãc#S“c3CssCc#CrÃãS333ƒ““CCƒBÃãSƒ3cc3c“SScS’ÄdÅ4P¥6öÇ–3–sSc“Ã’ãcssCƒƒ“3sSRÃã3“ƒ3Cs3“sCC#ƒC#bÃãc3cCSƒCC3s33sC2Ããc#Sƒƒs3#ƒƒCcƒrÃãS33ƒƒƒSCcƒC3’ÃãSƒ3cƒ3S3CsCsƒRÄdÅ4P¥6öÇ–36sCƒCÃCbã3c#cƒ#“ƒsBÃãƒSS“#ƒsSc3sScBÃã3cs“sƒƒSƒc3#ƒƒbÃãc#Scc“cccCSsC’ÃãS3S3c33Ss“3“ƒBÃãSƒ3ƒS3ccs“#c"ÄdÅ4P¥6öÇ–3scƒC#ÃCRã3##CSCcC’ÂÓãS3SS#Sƒc3ƒ“ƒSBÃãƒSs#C##Cscs3ccRÂÓãc#Csss33#C“Cc‚ÃãS3#c#ƒ“cc“S#“32ÃãSƒCCc3S#sƒ“sSs#’ÄdÅ4P¥6öÇ–3Fsƒ3Ãã#CScscs#SSƒ2Ãã3ƒ““CcC“ƒ"Ããc#Cc3ƒ3“sƒ3ƒBÃãc#C#s3ƒ“csc“ƒC’ÃãS3#CƒCƒ#ƒƒC#c"ÃãSƒCs3“ƒ3s“#c#ÄdÅ4P¥6öÇ–3scsÃCS2ã3#CsSCcsƒ3S’ÂÓãs#CsCc“ƒƒS3’ÃãCCSC“C#c3CƒbÂÓãc#CƒS“3c“C“rÃãS3#Sƒ333C“c#S32ÃãSƒCs3“ƒ3s“#c#ÄdÅ4P¥6öÇ–3&sScƒ3Ã#c#rãcC“ƒC“SCsÂÓãs“3#“Cc#3ss“cC2Ãã#scsSƒ3#“#ƒ#"ÂÓãc#Cs“#333#ƒc3rÃãS3#S“ƒƒS3cs3BÃãSƒCs3“ƒ3s“#c#ÄdÅ4P¥6öÇ–3&sƒsƒcÃãS###“c““cCcRÂÓãCSCSS3ƒƒƒC3BÃãs#33Ssc“c“RÂÓãc#Cc#cC“33sS’ÃãS3#Sƒs3S“ƒƒsbÃãSƒCsƒ““Ccc“#ƒ‚ÄdÅ4P¥6öÇ–3s“Ãbã#Cscƒ3“#SSS"Ãã3C“c#sScs#sS‚ÃãSS“sSsCƒ##S#BÃãc#3cS3c#ƒc“cÃãS3#ƒSs##“cƒS“CRÃãSƒSS33#“##"ÄdÅ4P¥6öÇ–3vsSC“ÃCbãƒsScC3““ƒ#CƒRÂÓãsSSSsS3s#ƒS"Ãã##ccƒ#S“Sc#ƒbÂÓãc#3cƒC#ƒ#S“3S‚ÃãS33#3“SSSsCc“SC’ÃãSƒSC3cCS#rÄdÅ4P¥6öÇ–3ssƒcÃ#“CBã33Cs#“ƒ33‚ÃãS“CcCC#SCC#ƒbÃã“SCscCCscSSƒ#ƒbÃãc##ƒ#3cƒs3c#RÃãS33C#Ssc#cƒbÃãSƒSSƒCsƒSss#ÄdÅ4P¥6öÇ–36s#S“#Ã“rã3SSCsSsƒƒ‚ÂÓã“#cs#ƒƒ“33ƒ“rÃãsSCSC3SsS“Ss"ÂÓãc##cƒ“ScS“ƒC’ÃãS33S3C“SS#3#ScsrÃãSƒSc“C“ƒS#s‚ÄdÅ4P¥6öÇ–3&s“ƒ##Ã#"ãsSS“3sCsSss2ÂÓã#C“sSCc#3ƒSƒ#“cbÃãC3S“c#ƒ##cƒS“‚ÂÓãc###sCS“#“3RÃãS33sc3C3ƒcƒ3#rÃãSƒS“c3s“s#ƒRÄdÅ4P¥6öÇ–3vsSC3ÃCs"ã#Cs#ƒƒCCc3‚Ããs“““ccs“CƒSc‚Ãã#ƒS““ƒ#CcCscC‚Ããc##S“#CCSc“ƒ2ÃãS33“3SsCƒc#ÃãSƒc#CS“3“SS#ƒ32ÄdÅ4P¥6öÇ–3sƒCÃ“rãS#sSƒ3cC#Sƒ“rÃã“333cƒCC““S#ÃãsSssssƒ“sS“sRÃãc#“““C#s3C3s"ÃãS33“C##CCc““#ƒC‚ÃãSƒc3#cS“3Sc“CrÄdÅ4P¥6öÇ–36sS33Ã#’ã3ƒ“ƒcƒ““ƒ#Sc“‚Ãã#ƒ33ƒC33“sCS2ÃãCSSs#cc##sSc“CSrÃãc#ƒ#cccÃãS3CS“S““sccS"ÃãSƒc#c3#ccƒcBÄdÅ4P¥6öÇ–3FsS#ÃƒrãSs3#ƒs3S#32Ãã““cCsc#“CcƒS2ÃãCs“Sƒ3sC3CscÃãc#SS“3#ScsScÃãS3C#3cs3CCccs“rÃãSƒc#SCS3#sƒ#‚ÄdÅ4P¥6öÇ–3Fsss3Ã3rãsC3#CsCƒ3"Ãã“cƒsSScCcS33#3ÃãSSƒc#3Sƒ#c“ƒRÃãc#SCcSSCSc3“’ÃãS3C#Cƒ“c#S"ÃãSƒc#SCS3#sƒ#‚ÄdÅ4P¥6öÇ–3Fsƒ#“CÃ3ã##Ss#ƒƒs3sRÃã##s#ss#s3CƒS“RÃã3cSsC#“33“c“ƒRÃãc#CSS3cC33ƒBÃãS3C3#c#cs3ƒc“CÃãSƒc3Cs“3“S“#RÄdÅ4P¥6öÇ–3FsSƒSÃCCRã“s33s#“#CC33BÂÓã“ƒ33ƒs##3ƒ#2ÃãSƒCsSSs“scƒcƒ2ÂÓãc#SsSƒ#3ƒC‚ÃãS3C“#sS3#“ƒsC2ÃãSƒc“3ƒƒ“#ƒRÄdÅ4P¥6öÇ–36sssÃBã#ƒS“cc3cc#SCÃã3#c#ƒƒScƒscSC“bÃãS#S“ssccS#333#"Ããc#33#s3““s“Ccc’ÃãS3S3ƒsCC#ƒ#CRÃãSƒs#Ss“s3cscC2ÄdÅ4P¥6öÇ–3s“c“#ÃCcãsCƒCc3“‚ÂÓãs#ƒ33CSCCcS#‚ÃãsCSCCs“ƒS#3“CbÂÓãc#“csƒc3CRÃãS3S“Ccs“sƒ“CƒbÃãSƒscc“#3#33SBÄdÅ4P¥6öÇ–3FsSC3Ã’ãs“cc““#SƒƒRÃã#ƒCƒSCƒsCC3“‚ÃãCS3“ƒƒ3“S#CCC2Ããc#“3scƒ3Sƒ’ÃãS3S#CS#““C#CSc2ÃãSƒsƒ#3cCƒƒcCbÄdÅ4P¥6öÇ–36sƒ#S“Ã#CRãCƒsS3s#““c#‚ÃãScSS#“ƒCCƒ“““RÃã“#sƒ3scs3SCCbÃãc“ScsS3CSs“#BÃãS3SSC#SCcCc3sCƒBÃãSƒsCs33c3ƒcCcs"ÄdÅ4P¥6öÇ–36s#S3ÃsC"ã3Sc“Sƒ3’ÂÓãcSs“cƒ““3CRÃã“ƒS3sscCSCƒcƒ"ÂÓãc“c3cƒƒ#sƒcƒ’ÃãS3SƒƒS3CSSCsC2ÃãSƒss3cƒ3C3Ss’ÄdÅ4P¥6öÇ–3sƒccÃ3C’ãCsƒCC“3ccƒ"ÂÓãSS“3#sƒ#c““BÃãsSsCCcSSsCc3SrÂÓãc“CCS“3“cc#RÃãS3Sƒƒc“ƒƒc3“rÃãSƒssCS“ƒc#bÄdÅ4P¥6öÇ–3fscCcCÃ##bã“cc#ScsC3S’ÂÓã“#ƒC“SSCS3#“SrÃãCƒ“ƒƒc#“ss““"ÂÓãc“c“c#cCcCƒRÃãS3SƒsSs3#s#CBÃãSƒssCS“ƒc#bÄdÅ4P¥6öÇ–3&sƒ#cÃBãSc#c3C“Cƒs"ÃãC#S“CcsƒScS#c2Ããcs“SScƒcSSS2Ããcƒ“#“c3sƒ“s#s’ÃãS3S“c#s3#“SCBÃãSƒssSƒ“c“CCsCƒÄdÅ4P¥6öÇ–3vs#SÃ#2ã3cs“ƒScs#3c"Ãã#SSscc3sc3SRÃãC3#ƒ3sCS#S#“rÃãcƒ“c#sƒ#c#sbÃãS3S“Cƒcƒc““"ÃãSƒssSƒ“c“CCsCƒÄdÅ4P¥6öÇ–3FsSC#S‚Ãrãs##“sCcs““c‚Ãã“CƒC#SSS33#’ÃãS3“#S3c#c““s"ÃãcƒƒSS“3S33ƒ#BÃãS3c#c“Sƒ33S‚ÃãSƒssss““C““3rÄdÅ4P¥6öÇ–36sS3bÃRã3ƒCƒƒ““3““ƒ2ÂÓã3ƒSCƒ#“#SCC#rÃãSCS“S##RÂÓãcƒscSS3ƒ““‚ÃãS3csƒCCCscccRÃãSƒsƒs3Scc3cS“ÄdÅ4P¥6öÇ–3sSSCÃ#Rã#CscccCCcsBÂÓãSƒ3C#cSc“S#ccÃãsƒCsss3##ƒ“"ÂÓãcƒcsCS#cSC#ƒ2ÃãS3csS“3Sƒ33’ÃãSƒsƒcS“SC“#RÄdÅ4P¥6öÇ–3&sƒCSSÃ“3’ãs#Ss“c##SSRÂÓãcs#“Cc33ss2Ãã“ƒsƒCcs#cƒS3‚ÂÓãcƒc“c#ƒ“sS#sbÃãS3c“S#c#S#3C3"ÃãSƒsƒcS“SC“#RÄdÅ4P¥6öÇ–3VsƒƒSÃãCsS“sSƒC“CRÃã3Cƒ““SS#c“cƒ#s3bÃãScCS3s“ƒCSƒcscbÃãcƒccSƒ3ƒƒ3s“’ÃãS3cs#ƒsƒcc#CSs’ÃãSƒsƒcS“SC“#RÄdÅ4P¥6öÇ–3s3ƒcÃ#ã3“ƒ“3ƒ#ƒ“sCsBÂÓã#scCC“##ƒCSCcÃãC3“csƒS#ƒ#sc3ÂÓãcƒS3CSSCc“3sC32ÃãS3c##3#s#3cƒ“ÃãSƒsƒ33“s3“CS#ÄdÅ4P¥6öÇ–3&sƒScÃC’ã3ƒƒscs#“C3S’ÂÓãs#s“ƒCC““ƒ"ÃãS#cƒs“SC“Sc’ÂÓãcƒ3s“3“SSCs“sc‚ÃãS3c3#S#sccS“ƒ“‚ÃãSƒs“SCSƒcCRÄdÅ4P¥6öÇ–3vs#cs3Ããc#sC“““ƒ##BÂÓã3“#cƒ“ScSCƒS#“RÃãc3S33ƒsCs3BÂÓãcƒ3#CCƒƒ“S“rÃãS3cSƒ3s3CcssÃãSƒƒcƒ3ƒSCsƒ3RÄdÅ4P¥6öÇ–3s““3Ã’ãSƒc3“cs“c“BÃã3ƒ3ccs“cƒCcc33RÃãc#sS“CcC3cƒCbÃãcƒc##3cCSBÃãS3cS3C3#“#CScBÃãSƒƒs3ƒ#CCBÄdÅ4P¥6öÇ–3†sssÃSã#sSS#cC3cSSRÃãc3#ccS3ƒSs3SÃã#3s“““sCscBÃãcs“SƒCSs3cSsbÃãS3cc#s#3ƒcSƒ“bÃãSƒƒsCƒc“CcSrÄdÅ4P¥6öÇ–3sc“Ã3ã#CcƒcƒCss3"Ãã#ss#ƒ#sS#ƒsƒ““c‚Ãã#ccƒCC“s#c3CrÃãcs“ƒcsCƒ3ƒSBÃãS3cSƒCsƒ#33s‚ÃãSƒƒsCƒc“CcSrÄdÅ4P¥6öÇ–3Fss#crÃ#‚ã“CƒCsƒ#CSBÃã#3ƒ“SccSC3#3C2Ãã3Cc3ƒCSSC3ƒ“SC"ÃãcsS“#3Cƒss#c‚ÃãS3cƒ“ƒƒ““3s“‚ÃãSƒƒ3cC3sCscsC‚ÄdÅ4P¥6öÇ–3FssƒC“Ã“cã“#ƒCƒccC“rÃãccƒSC“S“sS#C“rÃã“““3“csƒ3ScS3#rÃãcs##3#SCSSS‚ÃãS3sƒsCƒ“C“ƒ3“RÃãSƒƒS3S“SC“sc3ƒƒ‚ÄdÅ4P¥6öÇ–3VscSSÃRãcSSC#ƒS“‚ÂÓã#“SCƒC“Cc3“Ssc3bÃãCsƒ“SSCs#sCcc"ÂÓãcc“C33ƒCBÃãS3s#s##3cSƒs3s"ÃãSƒƒs33SScƒcÄdÅ4P¥6öÇ–3VsSSƒ“ÃS’ãccc“sƒƒrÃã“SC#Sc3scCcSrÃãc#SSƒ3s3Sc“C3SBÃãcc3cc3Scƒ“CCƒbÃãS3scS#“cCC##ƒ“C’ÃãSƒ“ƒS3sc3ƒC“3BÄdÅ4P¥6öÇ–3FsscCsÃS’ãs“3Ss333#3ƒbÃãƒ#cƒccCs#CsbÃãsSc“s#SƒsCCS3‚ÃãccsƒC#sƒSsƒ“bÃãS3ssscscC3CsS“"ÃãSƒ“ƒS“#SC“3ƒsbÄdÅ4P¥6öÇ–3–s33Ã"ã#3ss3CCSsCC‚ÂÓã33SsCcCC3CsBÃãSCSC#“Cƒ#ƒ‚ÂÓãcSƒ##“c“cƒ#BÃãS3ƒ“ssS#S#S3bÃãSƒ“CsSsS#S#BÄdÅ4P¥6öÇ–36s3##CÃ3Bãcs#ss#SS3ƒ#RÃã#SCƒC#3ccCc33bÃã3C“#ƒSs#C#3ÃãcScƒSCss3cS“ÃãS3ƒS3sƒ#s"ÃãSƒ“CsSccc“s“#s“"ÄdÅ4P¥6öÇ–3sScÃsbã3“cs“CSƒS3“BÂÓãCƒ“S33SS“32Ãã##ƒ“c#c#cCs3csSRÂÓãcS3c3“Cc##3“ƒ’ÃãS3ƒ3CCcs3#“SrÃãSƒ“cc“S###s3“sS"ÄdÅ4P¥6öÇ–3sscÃ#ãS3SS“3“ƒssC3rÃã#ssCs3ƒ#cc“3srÃãCSS#ƒ“3c#“s3"ÃãcSc“SC3cSRÃãS3ƒCC3c#C3‚ÃãSƒ“ssS#Ccs“s3c’ÄdÅ4P¥6öÇ–3scƒÃ“Sƒ‚ã3c3#C#“c3’ÃãC#C3C“3C“ƒ“ƒCsbÃãcƒ3Scc3Ss3Sc2ÃãcScƒ“C3ƒ#ƒCRÃãS3ƒSCSc#“ƒSƒ2ÃãSƒ“ƒƒCƒScƒs"ÄdÅ4P¥6öÇ–3sƒc“SÃ3’ãcƒ#ƒs“3ƒsBÂÓãƒƒsC“c3Ssƒ3SÃãC33#“3cc“ƒc‚ÂÓãcCCc“Sc#3Ccs‚ÃãS3ƒ“SƒSƒCSSCbÃãS“##sCƒs“ƒs2ÄdÅ4P¥6öÇ–3sƒƒ#3Ã3ãSScƒƒs3Ss“CsBÂÓã#CCS33c#3ƒ#ƒ“3bÃã3“ƒ#“S#c“c“C2ÂÓãc3““s#3“Ss‚ÃãS3“#ƒcsCƒ3#‚ÃãS“SƒcSs##ƒ3c“’ÄdÅ4P¥6öÇ–3s#3S2Ã#bãC3sSƒcƒ3“ƒccBÃã#“C#C“#3Cƒ#ƒbÃãCs“SSss#ƒ“SC’Ããc333#sCc#33SbÃãS3“cSc3Cƒ3#sC3s2ÃãS““c3C33c3#RÄdÅ4P¥6öÇ–3&s“C#ÃS‚ãS“cƒ3“sƒC““CBÃãSscscsƒ3s3C#rÃã#CsS#s“ƒ3ƒ“Ããc3###3ƒS#RÃãS3“sC#cC“c###bÃãS“##s#CSsc2ÄdÅ4P¥6öÇ–3VsC3Ã3Bãsƒc“S#ƒS3cBÂÓãs#sScSsC#sC3ƒrÃãc#“c3SC3#scBÂÓãc#“sC3Csƒc3SrÃãS3““3sSCc“ƒƒc“’ÃãS“#““cCScrÄdÅ4P¥6öÇ–36s3CcÃ#’ã#SCc3#Cs32ÂÓã““cƒ#“3##SSs’ÃãSsSsC“sS3ƒ“BÂÓãc#s“SSƒSs’ÃãSCCƒ3CS#3S#rÃãS“##ƒƒscƒsccrÄdÅ4P¥6öÇ–3vsC3SsÃ"ã#“ƒ““#C3#rÃãSS#3SS“CC“c"Ãã“ƒƒ3#c“Sƒ3SÃãc#ssS33Sc#“ÃãSC#sCSs“#s#rÃãS“##ƒƒscƒsccrÄdÅ4P¥6öÇ–3fs3csƒÃ#BãCsC3s3“ƒc2ÂÓãƒCS“ƒ#cS#3bÃãsscSƒc3#“cc3#"ÂÓãc#Cc##ƒ3s#c“RÃãSC#3“CC“3““bÃãS“CsSsC““ccSÄdÅ4P¥6öÇ–3–s33cÃ3Bã3CcCƒCC#ƒCcÂÓã3s#3SccCc3##‚Ããcsƒ#ƒcssc"ÂÓãc##CSC#“ccsƒ3"ÃãSC3sS3ƒƒC“srÃãS“S3“3ssS##ƒc’ÄdÅ4P¥6öÇ–3&sc#ƒÃsc’ã33Cƒ#ƒƒ3Sss"ÃãSCƒ“CcCsCSƒbÃãƒƒCS“#CsƒÃãc#ƒ33“C33’ÃãSCCƒ3“C33SC#c’ÃãS“c##“ƒ#sCc’ÄdÅ4P¥6öÇ–3FsƒccÃsC‚ã“CCcƒsƒ3ƒ’Ããc#33“ƒ#Ccs#ƒSsCbÃãƒSs“cSC““SC32Ããc##cƒscCc#“#rÃãSCS““sSc“Sc’ÃãS“c#s“3C3c#C"ÄdÅ4P¥6öÇ–3&s“3ƒ3ÃC3BãSccƒs3#c’ÂÓãScSSs3#SS2Ãã“#Cs“SC33sS#"ÂÓãccS“ƒƒ““s#ƒRÃãSCs“ƒcc#c“rÃãS“ƒƒ“SCCcS3Cƒs"ÄdÅ4P¥6öÇ–3ss“sÃ#ãS3s“#cSCƒBÃã#3ƒƒSSC“SSSc‚Ãã##cs“cƒ#cƒcc33BÃãc#ƒCs“S#3sSRÃãSCSC““ƒCsƒÃãS“#C##ƒ##3“#3RÄdÅ4P¥6öÇ–3sƒC3#Ã32ã#ƒ333ƒS3Cƒ3BÂÓãs“S33c“#“BÃã“#“c“3#3SƒScƒc2ÂÓãcSC#c“ƒƒS3c"ÃãSC“S“ƒsS“3SRÃãS“##c33#ScBÄdÅ4P¥6öÇ–3ss“ÃrãsCsCssSS“ScRÃãcC##ƒ##CC“#Cƒ3SRÃãS#SsƒSS3SC“cƒRÃãc“ƒƒs“Cs““bÃãSCs3ssc#C3CBÃãS“#ƒS#SCCc#C’ÄdÅ4P¥6öÇ–3&sƒ#3ÃSRãcss“#sƒcC‚Ããsc##s“c#csC“‚Ãã#s“ssS3SScsS33#ƒRÃãc“ƒScCsS3S3ƒ‚ÃãSC“Sc“#C“sC“3bÃãS“#ƒƒ##“ƒ“ccCBÄdÅ4P¥6öÇ–3fsSCÃs’ãsCcCss3ƒSc#rÃãCCc“ƒcƒCcS3#sBÃã#3s#Ccƒc3“Cssƒ‚Ããc““#cc“#sƒ3"ÃãSC“C3S“ƒ3cƒC"ÃãS“#ƒƒ##“ƒ“ccCBÄdÅ4P¥6öÇ–3fss#CCÃ#“"ãc33“#3c33#CCBÃã“3s“3“3#Csƒcƒ#rÃãS3s““c“sS“ccC#RÃãc“ƒs“3##s#sƒC#rÃãSC“CsScscC#bÃãS“#ƒƒ##“ƒ“ccCBÄdÅ4P¥6öÇ–3†sƒSÃ“ã3S“S#s2Ããc3#3S#s“s3SBÃã“ƒƒƒƒ“3#Ss3sBÃãc“#33C3“cC“2ÃãSCƒSSc“ƒsS‚ÃãS“#ƒƒ##“ƒ“ccCBÄdÅ4P¥6öÇ–3&sC#cSÃ3“"ã3“SS#ƒ““crÂÓãS“sS#Ss3ƒ3#Ss“rÃã“s“cƒS““##ƒsC’ÂÓãc““SsS#cƒCCƒ3ƒBÃãSCƒƒ““C33“SCƒƒ’ÃãS“#ƒƒ##“ƒ“ccCBÄdÅ4P¥6öÇ–3&s““cSÃc2ãsC“csƒ#3s#SbÃã“#cSCCSƒcƒRÃã3c3sc##CƒSbÃãc“ƒc#cƒSS#SÃãSC#Ccs#Sƒ““““SÃãS“3CS#s3ScSs‚ÄdÅ4P¥6öÇ–3vs“33Ã“c‚ãƒcCƒ3“SƒS2Ããs3“sSscCS“C#RÃãs#“33#sCC3rÃãcƒcS#C“c3C3ƒbÃãSC#sSCƒ#C“BÃãS“3cƒCCƒs#Sc#cÄdÅ4P¥6öÇ–36sƒ3SÃ“bãcCC#“#C#s‚ÂÓãSc“#sccsC33SS’Ãã“##CSC“3cƒ3scƒ“ÂÓãcƒ#c3SC33“sc#2ÃãSC3Cƒ#s“2ÃãS“3“33SSSsscRÄdÅ4P¥6öÇ–36s“S“ÃS“"ãƒ#cSƒCs###csRÃãSS#“C#C3“s33Ããs3sccCƒCS2Ããcs3Csƒc#s“s’ÃãSC3c#CSƒ##Cc33rÃãS“CScS#“C#ƒCƒSRÄdÅ4P¥6öÇ–3s“S33Ã#"ãƒ“s3ƒsssS““3‚Ãã3#“S3Cƒ#ƒ#SCscRÃãScScCS3““3#‚ÃãccC3#cC“sCC3ÃãSCC##sC“33ss“ÃãS“Sƒ3SsSƒ“CRÄdÅ4P¥6öÇ–3fsc#c“Ã##ãs“S#ƒ““#ÂÓãS3cc#ƒ“Cc“S#ƒsRÃãƒƒCsƒs##cc#RÂÓãccCscccƒsƒƒcs2ÃãSCC“ƒ#scƒssRÃãS“Sƒ3SsSƒ“CRÄdÅ4P¥6öÇ–3vss“CÃcCãS3CssCCC“ÂÓãsS3#33SƒsCC3BÃã#3ƒss“#c3“CBÂÓãccS3C#“s3RÃãSCCƒscCƒ#SSSbÃãS“Sƒ3SsSƒ“CRÄdÅ4P¥6öÇ–3ss“ƒ3Ã#‚ãS##SscSs“ƒsRÂÓãƒ“SƒC#3“ccƒCBÃãCs3“C##ƒssƒƒCbÂÓãcS“CS3Sƒƒss3rÃãSCCSS#S#3#Cƒ3srÃãS“SC3c“3#SsCRÄdÅ4P¥6öÇ–3FscCCCÃ#bãsc##ƒcSƒƒ3#S3‚Ãã#C3c“Sƒƒƒc“bÃãC#cCCc#cccCSÃãcSsC“Ss3sƒ#ƒCBÃãSCCcƒcC#C3sRÃãS“SSC3CCS#S“#’ÄdÅ4P¥6öÇ–3scƒcCÃ3“BãC“#ƒcc“ƒ3ƒbÃã3“##3ƒ3S#s"ÃãcCS“Ss33“ƒ#ScRÃãcScCƒc3ƒCƒS““RÃãSCCsCƒ“s#sc3’ÃãS“SSƒ3sCCcCRÄdÅ4P¥6öÇ–36sS“3Ãsrã#sS“sc33“ƒc3RÂÓã3ssS3“s“#ƒsƒ"Ãã##sS“SsCSScS3rÂÓãcSCS“SƒCSƒ“"ÃãSCCƒs3cscƒ“c“rÃãS“Scƒ3ƒ“ƒcSC‚ÄdÅ4P¥6öÇ–3sƒCsÃc2ãcsƒ“3CƒS““S“"Ãã“sc3Sƒ“ƒsSCrÃãcS“SS##3#c3S“‚ÃãcSsƒ3#3sCBÃãSCScscscCCbÃãS“S“cƒc3ƒs33S2ÄdÅ4P¥6öÇ–36s“scSÃ#Bãƒ“3scc#SSc33SrÃã#S3ƒƒc“sS“ƒSbÃãC33CCƒ3#“#’ÃãcC“S“c3c““‚ÃãSCS#3Cƒ3c3Ss‚ÃãS“cs3SSsCBÄdÅ4P¥6öÇ–3s3cCÃƒ‚ãSsCsCS“sSCcCCRÂÓã#cSƒƒƒSc32Ãã#“Cc3sƒ“s“CCBÂÓãcCc3“c“c“ƒSRÃãSCSƒ33#SS“CbÃãS“cS“ccƒsC3rÄdÅ4P¥6öÇ–3&scsÃrã#C#“ƒ#ƒ3sssRÃãs“#ƒCS3s##3rÃã3c“sCsƒ3C2Ããc3sS#sSƒ“S"ÃãSCcƒ3cC“S“sƒÃãS“csƒ3c#CCcsRÄdÅ4P¥6öÇ–3†s#3cCRÃ3"ãƒC3Cƒ#SS“BÂÓã#3#cs#cƒ““C3C2Ãã3ƒ“ƒCƒ3SC#c3s’ÂÓãc#ƒsƒ#ƒ#3“cCbÃãSCcc#“ƒƒS#“#“RÃãS“sC#SScC3“BÄdÅ4P¥6öÇ–3FsƒCSÃ“ãsC3cƒc#cƒSs"ÂÓãC3ƒ“““C#ƒ“cc32Ãã#3sScC#“3“2ÂÓãc#sC“33ƒSS3C’ÃãSCccsSCS3sS“#SCrÃãS“sC3Sƒ“cSsƒƒbÄdÅ4P¥6öÇ–3sCS#ÃCsbãccSCsCƒs#rÃãc#Cc“c#Ccƒs3c#"Ãã3cSs“3ƒcCƒ“RÃãc#cSsƒSsS#bÃãSCcs3cƒƒsƒ“cRÃãS“sC3Sƒ“cSsƒƒbÄdÅ4P¥6öÇ–3&s“c#sÃ“rã“sss“#3ƒ3ƒCrÃã3SCCCs3#sbÃãsƒC#cs“C“#“‚Ããc#cc#s““c#c“2ÃãSCcs3333sƒS#“’ÃãS“sC3Sƒ“cSsƒƒbÄdÅ4P¥6öÇ–3ssƒs“Ã““ã3“Cs“ƒC3“Ããc“3C33Sƒƒ#CCƒ3BÃãSs3s“csCCƒcÃãc#S““3CCƒC2ÃãSCcssSCc#ƒ3c#ss‚ÃãS“sCC#SC#3“ƒ“’ÄdÅ4P¥6öÇ–3FsC“3ƒÃbãƒ#ƒƒsScBÃãS#c33#“Sƒƒ“CCsSBÃãƒs3c“ƒ##ƒcCcRÃãc#C“c#C“c“BÃãSCcƒ“CƒC““3““s"ÃãS“sS3sCsSScƒƒƒS’ÄdÅ4P¥6öÇ–3&sƒ#ƒÃCƒã3“Csc“sSCsÂÓãSS“ƒcscCc#S’Ãã“#“C#ƒ“ƒƒs#ƒ3SS"ÂÓãc#3scs#3#CBÃãSCc“#sC#sSSc3CRÃãS“sS3sSSS“ƒsS2ÄdÅ4P¥6öÇ–3sSScÃ3S3Bãs3ƒ“#S3cSbÃãƒ#“ƒƒS#ƒƒc3"Ãã3c#Ssƒ#ss3#CRÃãc#3Cc“3s#CC2ÃãSCsƒcc#ƒCS3cÃãS“scsS“cccS#sCrÄdÅ4P¥6öÇ–3sƒcSÃcƒ"ã“3#3Cƒ3ssrÂÓãSc3“ƒ#“Scc3sÃã“3s3Ccƒs#SCs"ÂÓãcssScs“c“sc2ÃãSCs3s33CcSƒ“SCrÃãS“s“S3ccƒ““#“BÄdÅ4P¥6öÇ–3†ss“ccÃ#Rã33Cs###““3ƒ3’ÂÓãCcsc“cƒ#s3SbÃãsscƒ333c“#sSBÂÓãc3ƒs3Cc##2ÃãSCsSƒc3ScCSc‚ÃãS“ƒSScƒƒ#3CccbÄdÅ4P¥6öÇ–3sScÃs2ã#3ƒCscCsRÂÓãSSCs#S“c“cC"Ãã“##ƒ“ƒcƒsS“Sƒ‚ÂÓãc“c“#“3ƒ#ÃãSCssc#css“#cƒrÃãS“ƒ3S##ƒ“#C“C“ÄdÅ4P¥6öÇ–3–sƒ#s3Ã#“S2ãsƒS3C33ƒ3“3BÂÓãCscSS#cs““CscƒCbÃãs“33cc3ƒSscƒc3S"ÂÓãccsc#“s3#csS2ÃãSCƒSƒsƒcsc#CrÃãS“ƒScƒ“3c33S3RÄdÅ4P¥6öÇ–3sƒ3cÃc#bã3ƒƒ3ƒƒcc"ÃãcƒCƒ“s##““"Ãã3ƒƒCƒcSscSSCbÃãcs##s#Sƒ#C"ÃãSCƒ33“csSrÃãS“ƒScƒ“3c33S3RÄdÅ4P¥6öÇ–3s“cc#Ã#c’ãSCSSS3c“CCrÃãƒƒ333##c#“ƒ#s2Ãã3cCC“C#3s“ÃãS““s33ƒ3S#“C#ƒ’ÃãSCƒcƒ3c3ƒ“Scƒs’ÃãS““#c““33S3srÄdÅ4P¥6öÇ–3VsSc#Ã#sãC#ƒƒSCCƒ3‚ÂÓãs“S3sCs“SC#bÃã3#ƒƒ““cSSƒƒcs3‚ÂÓãS““#CSS3s“3s#CbÃãSC““S““33#c“‚ÃãS““S#cƒs3CC#2ÄdÅ4P¥6öÇ–36ssCsÃS“Rã“3“ƒƒC3Cƒs#‚ÂÓãs3“sƒsƒƒCƒ’Ãã#“cCC#c3cCS#2ÂÓãS“ƒƒSCc3S““s#rÃãSC“#s#cs#s3S3RÃãS““ssƒ“33CSsScrÄdÅ4P¥6öÇ–3–sƒ33sÃ33ãs“C“ƒƒS“CcRÂÓã“ƒC“CC“Sƒ“cbÃãSsc“ScsC3SSs’ÂÓãS“ƒc#ƒCS“#ƒ#ƒrÃãSC“C3ssSsƒƒRÃãS“““#3c33“ƒS“3c"ÄdÅ4P¥6öÇ–3vsC3CcÃ32ã“#“C3cCcƒ“RÃã##C“sScCscƒC#RÃã3scC“Sc#3ƒCBÃãS“ƒ#cc#“33ƒ##‚ÃãSC“cccC##s“‚Ããc3s#CƒSSs3#3’ÄdÅ4P¥6öÇ–3sCSsÃCBã3sCcScsCs‚ÂÓãƒ“S#ƒ3S““#"Ããcƒƒ“ccCs#“S3ƒ#sbÂÓãS“s3sƒƒC#ƒC“#‚ÃãSS#SCCscCSsS32ÃãccSƒss#3cssƒ2ÄdÅ4P¥6öÇ–3&sƒ##ƒÃãC3Sc3CCccCScÃãCƒ#scSƒS“c“ƒ#cRÃãƒƒƒS“SC“S#SbÃãS“s3Cƒ“ƒc“c#SBÃãSS#sCCCƒS332ÃãccSƒss#3cssƒ2ÄdÅ4P¥6öÇ–3Fs“3#Ã#SãsSƒsƒc3c“#RÂÓãƒ##SCc“ƒSscƒS’Ãã3sc#ƒSsC“CsSRÂÓãS“sC3““3sS3SccC"ÃãSS#3c“c#Sƒ#CrÃãccSƒss#3cssƒ2ÄdÅ4P¥6öÇ–3VsSÃrãƒƒ“csC#Sƒs2ÂÓãCC3CCCC3#c32Ãã“cCƒc“ƒ3#ƒ2ÂÓãS“sCSscsc3s“#BÃãSS##“ƒ#““#3ƒ’ÃãccSƒss#3cssƒ2ÄdÅ4P¥6öÇ–3–sssÃC2ãcc#3ƒs#3ƒsbÂÓã#33cSSs#CƒC3#‚Ãã3CSCCcƒs#cbÂÓãS“SSc#3“CSSƒs’ÃãSSSS#s3cC““’Ããc“ccS“ƒs3“ƒBÄdÅ4P¥6öÇ–3ssƒÃC#‚ãCƒ“C““ƒrÃãs“cSS#CƒCs‚Ãã3#s#SC#sƒsC“‚ÃãS“S#“C333Sc333ÃãSScCc“C3Sƒc33BÃãc#ƒSCƒC3ƒSS2ÄdÅ4P¥6öÇ–3VsSƒcÃ#3"ãs“s“cccC3#SsÃãƒCƒ“ƒS3“C#CrÃã3S#ƒsscsSƒƒSS"ÃãS“C“s“#ss#C#s#RÃãSSƒSs3#csCSC"Ããc##s“3C#S3s“BÄdÅ4P¥6öÇ–3†sc#cSÃC3Bã#sƒcc“cSCrÂÓãƒcCCs#3cScbÃã3ScS#“3S3S2ÂÓãS“CcsCSssCscSbÃãSS#c3ss#ƒSSs#sbÃãc#Ccƒƒƒ33CƒcsBÄdÅ4P¥6öÇ–3&scsc#Ãc‚ã#“33“S#cSÃãSs#ƒ3“SSS3ƒSCbÃã“c#C##ƒsCSc3ÃãS“CCCc“Cccs#3“‚ÃãSS##3#cS33“#CBÃãc#Sc#Sc#3ƒ#“3“bÄdÅ4P¥6öÇ–3fss3ƒcÃss"ãC3s“ƒc“ƒcRÃãCS3CsƒCs3ScCC2Ããsc#ƒcƒcCƒƒ“#“’ÃãS“CCCC#3s3#Cs‚ÃãSS##Ss““ƒC“srÃãc#Sc#Sc#3ƒ#“3“bÄdÅ4P¥6öÇ–3sScsÃ3ƒBãc3CƒS3#CRÂÓãsSC#ƒ33Scs3ƒ‚Ãã#c#3ƒƒc33“ƒƒbÂÓãS“3ccƒc3ƒc#Cs"ÃãSS3“sSS“S33cBÃãc3S#ƒƒs#ƒcs‚ÄdÅ4P¥6öÇ–3s““3Ã2ã#CSCSS3c“ccBÂÓã3Cc“CCsƒSsCCC’ÃãSƒS##scSCS"ÂÓãS“#ƒCC#ƒ3s33“2ÃãSS3#ƒS3cƒcS3“c’Ããc3c##ƒCCc#3bÄdÅ4P¥6öÇ–3scCÃ"ãs“C33cSscs““CrÂÓã3#sCc3cc#s#33ƒbÃãSC#csScsCSs3c‚ÂÓãS“#ƒƒƒƒ3###S‚ÃãSS3#SSSS3cs#“RÃãc3c##ƒCCc#3bÄdÅ4P¥6öÇ–3&sc#3CÃ#S2ã“c“s3CsSRÃãc3#sSSsS“C#3“#RÃãcƒ#csCC#CSC#ƒs’ÃãS“#3“cC#C3#“#RÃãSS3c3cSƒ3“CSƒcrÃãc3“sc“#ƒsC3#’ÄdÅ4P¥6öÇ–3–ssSsÃSãCSƒ“3ƒcƒ3ÃãcƒSs“C#s3##BÃã#sccƒ3“33c#sRÃãS“###3s3“CS#““‚ÃãSS3sssCcsƒ“3BÃãcCC3S#cCSCBÄdÅ4P¥6öÇ–3VsSSƒ#Ã#BãsSs#cc#S3s“2Ãã#3SSs“sCccSƒ#BÃã3ƒ“sC“cS“s#“Ssc2ÃãS“S3SS“cS3#ssƒrÃãSSCcccƒ3##C"ÃãcCCsƒcSƒƒ3S2ÄdÅ4P¥6öÇ–3fssCCcÃƒãƒ3cs3S33“‚Ããƒ“ƒS#“CC“C##C’ÃãS“s#“ƒsƒ#3S2ÃãS“Cc3ƒƒ3C3RÃãSSC#““3“3ƒ“bÃãcCC“#s33ƒscC“2ÄdÅ4P¥6öÇ–3VsS3“ƒÃSBãC3##sSs3#3s’ÃãsSC“sCsƒsÃã#“c##“#cƒC33c’ÃãS“33c3S“s2ÃãSSCCCCS#3Scc“ÃãcCss““Sc##3ƒS2ÄdÅ4P¥6öÇ–3&sƒ3#cÃS“ãsSSCs#ƒƒƒƒBÂÓãScSƒc“sS“CƒƒBÃã“Ssc“ScSsƒSsÂÓãS“ƒS“SS“s“CƒsÃãSSCcCS#CCS#BÃãcCƒSsSCccƒ“s3RÄdÅ4P¥6öÇ–3sCCSRÃ3Rã33““c#ƒSƒscƒ‚ÂÓã#S#C#3SSSs#ƒ2Ãã3Cs#ƒcƒ#S##3CCƒ’ÂÓãS“cCsƒ“#“Ccc2ÃãSSCsSc3cƒ3“S3C2ÃãcC“sc3Cƒ“Sc#“ÄdÅ4P¥6öÇ–3sCS“Ã3S"ã““#S#C“ƒcsCcRÂÓãsƒSc#3#c#S“3“crÃã333“scc#S#3#S2ÂÓãS“s#cS“CCC“‚ÃãSSSC“3sscCƒC‚ÃãcS3c“#SÄdÅ4P¥6öÇ–3vsssƒÃ#S2ãS#ƒ#“SsCCƒSbÃãSCscCƒ“Ccs#sRÃã“#ƒS#“cSsCs#2ÃãSƒ“sSCSC#sRÃãSSS3SSSs“3ScrÃãcSSSs“Sƒ#3s‚ÄdÅ4P¥6öÇ–36s“s3ÃsSRã3ss#sS“#’Ããc3ccƒ“#3C“““ƒrÃãƒc“#c“C“RÃãSƒ“C3Cc“#“crÃãSSSSc“s3c3ƒS"ÃãcSsSSSc#SSƒ3ÄdÅ4P¥6öÇ–3ss“3CÃBãScƒ3sS3c3ƒSBÃãSs“#ƒ#“Ccƒ“#SccRÃã“ƒ3“c#3“#sCSÃãSƒƒsSsSs3C#‚ÃãSSc#3“CsƒƒƒsC"Ããcc#Cƒ#“33““bÄdÅ4P¥6öÇ–3&s“ƒ“Ã“S"ã#3Cƒ#ƒCƒS3CrÃãS3C“CcsC3#33sƒrÃãƒs##ƒSC3ƒsCCS#crÃãSƒƒcss3C#ƒ“ƒC’ÃãSScsss3“Ss3c#3BÃãcc#3sS#CC3S“c"ÄdÅ4P¥6öÇ–36sS“CÃSã#csC#sSS3RÂÓã#S#ƒCƒ3sS“#Sƒ"ÃãC#“Sc3“3““ƒCs3ÂÓãSƒƒcSc3ss#ÃãSSc“cCc#“bÃãcc#Ccs#“sSsCrÄdÅ4P¥6öÇ–3–sSƒÃ32ãCƒ#ƒS#c“#cRÂÓã“S#S“ƒ#3ssCƒ“‚Ãã33#3c#cƒc“CrÂÓãSƒsCƒs“ƒ3SSC3RÃãSScƒsc#cCƒCCrÃãcs3Sƒ“#s#““c"ÄdÅ4P¥6öÇ–36sc#sCÃRã“#csc“sCCS3“CsrÃã#ƒc#sƒƒ#scƒs32ÃãCƒsC“Cƒcs“C#s““bÃãSƒs“c33cSƒ3ƒcrÃãSSs#33c##Cc#ƒrÃãcs#c“C“““#C3bÄdÅ4P¥6öÇ–3FsƒCÃ’ã3cCCCs“ƒC33cBÂÓã3sƒ“ScS“3ƒc#cƒƒ"ÃãcCc3S#“Sƒ#cc‚ÂÓãSƒc3#ƒ33S33’ÃãSSscs3cƒscssccrÃãcsƒ3#Sc3“#C“#“ÄdÅ4P¥6öÇ–36s“c3Ã’ã3CƒCƒ3C“ƒc3“s‚Ãã3S“Sc33cCS#CbÃãcC#c“3#“scc“sRÃãSƒS3sc“33scƒSrÃãSSƒ33CscS“3ƒ2ÃãcƒSsSSSSCBÄdÅ4P¥6öÇ–3ss“ÃCã#SSSccCccCRÂÓãƒcsƒsCƒ3ƒC“#““#ÃãCƒ33#““s##3BÂÓãSƒSƒSCƒs3#cSC2ÃãSSƒC“#3cc3cS2ÃãcƒcSScCC3S3RÄdÅ4P¥6öÇ–3vsSS“3ÃscãCCscsS#ƒ“"ÃãC3CC“SSsSc“#3cRÃãsC3#3S“##C“ccBÃãSƒCS““ƒSCS3s“BÃãSSƒƒcƒ3ƒSCssCBÃãcƒ“sƒƒ““sSc3rÄdÅ4P¥6öÇ–3sƒ3“3ÃSS‚ãƒCƒƒ“#3bÂÓãcC“3cƒƒC#“ƒbÃãƒsSƒcƒ#S"ÂÓãSƒCCSƒc3Cƒssƒ3"ÃãSS“##ƒCS“cƒsbÃãc“#csSƒƒs3s3RÄdÅ4P¥6öÇ–3ssC“CÃ#“CãSssƒSC#c#CC2ÃãCS3ƒs#c3#“3c’ÃãsssƒcCC“CS3ƒSrÃãSƒ33“3#““#sS“’ÃãSS“c#ƒSs3#3ss#rÃãc“sƒ3ƒƒ““cSƒ2ÄdÅ4P¥6öÇ–3vsc###Ã#CãSS“C“S“#ƒ"Ããƒ“s#SSSC#SCƒ"ÃãS#cs##“ƒss33#RÃãSƒ3ƒƒ#c#ssbÃãSS“ƒƒc“CCCs‚Ããc##3“ƒ3ss3#bÄdÅ4P¥6öÇ–3&sƒSSÃƒSrãCƒSc#ƒS3sÃãSS#C3s“ƒƒcƒ3#’Ãã“CssƒCSC#““BÃãSƒ#ƒcc3c#csCƒBÃãSS““ƒ3#cƒƒSsƒƒbÃãc“s33““cCS#BÄdÅ4P¥6öÇ–3&sƒ#S“ÃRãS“ƒc“c#Sƒ3#2ÂÓã#c3“cƒCc“““s"Ãã#c“SC3sS#sƒSBÂÓãSƒ#s3“SC3s“#ƒ2ÃãSccƒ“sƒ#“ƒcSÃãcSCSSƒsƒc3scÄdÅ4P¥6öÇ–3Vs#“ÃƒrãS#sƒƒcƒs3cBÃãSC33CCƒ3SSSRÃãƒCC“3ccSSƒ#BÃãSƒ#c#3csCsS"ÃãSccCSCS###“BÃãc“#S3s3CCS"ÄdÅ4P¥6öÇ–3fsƒ##sÃs#2ã3S#cCS#ÃãSC#Sƒ#cc#C#s2Ãã“33#“SƒSsCƒs‚ÃãSƒ#SƒƒsS3bÃãScs#Cƒ“SƒRÃãc“#S3s3CCS"ÄdÅ4P¥6öÇ–3†s#“#ÃS3Rã“csƒ3SsS#RÃãS“s#““C#c“s“3s“RÃã#SS33sss#SCƒƒ“"ÃãSƒ#C#sƒCCCc’ÃãSc#sƒS3“3ƒSBÃãc#sC3Sc“S#cBÄdÅ4P¥6öÇ–3†sSÃCãƒS3ƒCs#“CÃãƒS#““cCc3ƒ3“ƒBÃã3ƒ33“SsCcƒscs#2ÃãSƒ#ƒss#““3ÃãScSc3“3ƒ““bÃãcC“#ƒƒ#SS““BÄdÅ4P¥6öÇ–36s#3“Ã#3cãcSCcC3ƒCSBÃãCSƒc3ƒSC3“ƒsBÃãc“sSsccƒ“cs’ÃãSƒƒcƒ“##3s3RÃãSccSC“sS#S“s‚Ããcc##s#3SƒcbÄdÅ4P¥6öÇ–3ssCÃsBãC“3c3sSC‚ÃãSsƒs#3SSƒcCBÃã“ƒ#sCc#“#cSCƒ"ÃãSƒ#s#s“cSsC3ÃãScSccƒ#C#rÃãc3#S#s3SCRÄdÅ4P¥6öÇ–3VsC““cÃ3"ãsS#ccssS2Ããƒ#3#C#sƒ“SscƒbÃãCCs“s“#“ƒcrÃãSƒƒcCsC3#BÃãScƒs333“ƒ‚ÃãcCCs33cƒ#c“BÄdÅ4P¥6öÇ–3ss““ÃS’ãS“ƒ#“CCrÃãS#C#c“CCC#SCSBÃã“3CsƒCC3“33‚ÃãSƒ3#C#sSƒccƒ“ÃãScc“cSsc3ƒcrÃãcc3sƒ“ƒ“#33rÄdÅ4P¥6öÇ–3s“sÃ3ƒ“rã#SCccsscƒRÂÓãcSCccs“Cƒ“3S3“CRÃãC3S#Scc#sCcs3RÂÓãSƒ##cSCS“#sS#ÃãScss##“C3ssRÃãccƒ#ssƒssSc3#BÄdÅ4P¥6öÇ–3Fsƒ##Ã#rã#“c###3Sƒƒƒƒ2ÂÓã3ƒCs#3CCsƒƒ“3#RÃã“c#3“#S#Sƒ#s“CC2ÂÓãSƒCScss“c#‚ÃãScƒcs“Ccƒ33rÃãcc“cc“CcCSC"ÄdÅ4P¥6öÇ–3sc“SRÃc’ãs3SSƒs“#scƒRÂÓãcsƒc#ccƒsƒSCrÃã#ƒ“Cc#“Sƒ“#srÂÓãSs“sS3#ScƒS3RÃãSc#ƒ33#“ƒC“‚Ããc“C“scSss##‚ÄdÅ4P¥6öÇ–3vsScS#Ãƒ“Rãs33CƒC“srÃãC““S#scƒCSc““BÃãƒc#sCS#ƒ“SƒC‚ÃãSs“3ƒSsscssrÃãSc#33#scƒ3S3BÃãc#ƒSC#“3“#““c‚ÄdÅ4P¥6öÇ–3&sƒsÃsCbã3sƒ3cS“cCS’ÂÓã#sCƒ3c3CƒC“cCBÃãCcƒc#c#C“##ƒƒrÂÓãSs“3CsSsCRÃãSc#3s“3#sc3“3bÃãc#““ƒS#3CC33ƒ2ÄdÅ4P¥6öÇ–3s“SSÃ32ã“#ccS“c#ssc2Ãã3ƒƒcƒƒcSCƒƒ“2Ãã“cs3“3ƒ3c““2ÃãSsƒƒc“ƒƒƒcBÃãSc#cssScscc3SS"Ããc#Cƒ##SSsc33c"ÄdÅ4P¥6öÇ–3vsSƒSÃ“Rã#cCccsSsC3rÃã33“cƒ3S#ƒ“2Ãã##S#cSs3ƒƒC3cBÃãSsƒƒ#sƒScs3rÃãSc#sS3c“““S33ƒrÃãc#Cƒ##SSsc33c"ÄdÅ4P¥6öÇ–3&s“C#SÃ#S‚ãSƒ#cSsScss#RÃãsC“Scsc3sS2Ãã#ƒ#3#3“Sccccc"ÃãSsƒc#s3ƒcƒBÃãSc#ƒSs#ƒ##3ccRÃãc#c333#“CSƒ3bÄdÅ4P¥6öÇ–3&sSƒCÃCãC“S#sc“cƒRÃãƒc“SS““#“c#“cBÃã3#3#CƒS#sƒC#s#“bÃãSsƒ3cc#c#32ÃãSc3c“c##SssCrÃãc#sCƒƒC“ScS’ÄdÅ4P¥6öÇ–3ssƒCƒÃs‚ãƒC#CsS3##rÃãS3#S3“SsCC3s’Ãã“#3cc#SCƒ3“’ÃãSsƒ#“Ss33cC#ƒ"ÃãSc3#CCS3#S#Cƒ2Ããc#“S“ƒ“3CCsƒ3BÄdÅ4P¥6öÇ–3Vs“S3Ãcc‚ãƒ3cc“ƒ““SRÃãScS3C“S#ƒ“3CC#sBÃã“sƒ3S“3sCsssCBÃãSssƒSCcSc“c#cƒ2ÃãSc33c##SC3CSCbÃãc33#Cc#“3“BÄdÅ4P¥6öÇ–3–sS“Ã#3ã“ƒSCƒƒƒƒSCSƒBÃã3ƒS“cc3s““c3S3C"Ããccs“SC##3“Sss32ÃãSssƒ33Ss“ƒƒCC#"ÃãSc33scCƒ#“csRÃãc33#Cc#“3“BÄdÅ4P¥6öÇ–3&sC3ƒÃƒ#RãSCƒsSCC3S"ÂÓãS3““cƒ#c3#C‚Ããƒs3ƒsS3cCƒ#Cƒ’ÂÓãSscs3c“cs#ƒc"ÃãScCs“3Sss#s’Ããc3ƒ“c#SsC‚ÄdÅ4P¥6öÇ–36s“scCÃ3ã#Ss#ƒCCs“##BÃã#ƒc““cc“ƒCƒbÃã3c“Cƒ“3#C332ÃãSscSƒ“sƒ3Ss#C#rÃãScC#cc#33##bÃãc3ƒs#s3“CƒC“ƒ"ÄdÅ4P¥6öÇ–3–s#S#sÃƒc2ã“CSSc3“cCSRÃãScsSS#3““c“S#“RÃãƒ“sS#S“#CSS3‚ÃãSsSsSS#3###“ÃãScCsƒc3s#C33ƒrÃãcCCSCs3sCCSRÄdÅ4P¥6öÇ–36sC3ƒsÃ’ãssS#ƒSc“S33C32Ãã#Csc3“3sƒ#Sc“#"ÃãC#“Cs3CSc33#C#2ÃãSsS#c“ƒƒ3S#“sÃãScSƒƒ33C“3ƒ‚ÃãcCsss#3cS2ÄdÅ4P¥6öÇ–3sSccCÃ#"ãc3#“ƒ3cCc"ÂÓã#S“ss“333“C#‚ÃãCS#3c3#3#s#CsSRÂÓãSsC#sSC#Cc3’ÃãScSsƒCcCs#ƒ“S2ÃãcSCcƒƒscScsc’ÄdÅ4P¥6öÇ–3–sC#RÃsrãƒ#sS“C“ƒCSsÂÓã33ƒCCC“SsscBÃã#333S#“ƒSsscƒ“‚ÂÓãSs33““SS#3CsBÃãScc3sCCc#c33“2ÃãccsCcS“S“S"ÄdÅ4P¥6öÇ–3&sc“ssÃ#srã3ƒs#ƒ#ƒcc3rÃãsc#ƒS“CC#“3s#bÃã3#“cCSCSƒcscBÃãSs3ccs33S#ƒ#SÃãSccS3ƒc3““cRÃãcc#“3Cƒ#ƒs“sBÄdÅ4P¥6öÇ–3†scsÃ33BãS#cS###scrÂÓãSC“cCS“S“SsRÃãƒƒ3“CscCƒS#RÂÓãSs#“cC#“3“S3ƒ““rÃãSccccƒƒs3cscBÃãcc3#“cCCC3“ƒ#’ÄdÅ4P¥6öÇ–3Vs333Ã3‚ãƒ3S“3ssƒsƒbÃãƒ3##3#S3SS#sbÃã3“ƒc33#ƒ“S#cBÃãSs#sS“#s“3#SÃãSccƒ#cssc3SBÃãccCSC33sƒcSrÄdÅ4P¥6öÇ–3&scsRÃ3bãs33“3sƒs#cSs2Ãã#C###S#3“S#c2ÃãC##ƒccC“ƒƒ“CScbÃãSs#sSƒS“sc3C#2ÃãSccƒƒ##Cc#Cƒ‚ÃãccCSC33sƒcSrÄdÅ4P¥6öÇ–3fsƒ#ƒÃ3rãCSccS“3bÃã###ScƒsCSScBÃãsƒ3#sƒ3c“““#RÃãSs#cc#3CSs#bÃãSccƒsCsƒ#ƒs#ƒÃãccC3cSSƒ““ƒƒbÄdÅ4P¥6öÇ–3&s“Ã3BãcCs#c“ƒ3#ƒ3bÂÓã“s3S“ƒ3sƒsScÃãsCsƒc33rÂÓãSs#cƒ“C#ƒ333“"ÃãScc““S3#s““3’ÃãccC3ss“sSsSbÄdÅ4P¥6öÇ–3sƒ#c‚Ã3‚ã“#Ss#3“C#2ÃãƒC“#ƒcS333SCs‚Ãã3#Ss3ccc#3#cBÃãSs#CsC“Sƒ3#RÃãScs#Ss“C3srÃãccSscC3SsÄdÅ4P¥6öÇ–3Fsss3ÃS3ã#ƒ3“3ƒss#"ÃãC3sCSsC###cC#’ÃãscCcƒcsCcs3“RÃãSs#3#CƒCC#“3“ƒbÃãScs#3###3#3C#CrÃãccsSsS3CcƒCs2ÄdÅ4P¥6öÇ–3†ssc##ÃS3"ãScƒC3ƒ““““cBÃãC““cSsscss#sBÃãƒsCsCsc3##ƒc#csrÃãSsc3“sScc3ƒ#Ss"ÃãScƒ#C3ƒc3cs3“"Ããcsss“s“ccCSsBÄdÅ4P¥6öÇ–3&sSƒÃs’ãƒƒ3#“S“#ƒ#c2ÃãƒƒCsƒƒƒ3ƒCbÃãSS#C33#ƒ#ƒS#bÃãSs#ƒC“3C33’ÃãScƒcSƒ3s#cssrÃãcƒ“3“#3sƒbÄdÅ4P¥6öÇ–3Fss“sSÃ“‚ã##c#3“#3BÂÓã#“3ƒ#ƒscCC“c"Ãã##sSc“#C3“cSSRÂÓãSc“SsCƒccÃãScƒ“cƒC33s#ccs"ÃãcƒC“3cƒ“SC“ƒC2ÄdÅ4P¥6öÇ–3fsc“sÃC"ãS3CSC#cc3ÂÓãcsSƒscsCsSƒ‚Ãã#“CCCs“csSsCBÂÓãSc“#ƒcc“cCCsC’ÃãSc“#ssS#3##“BÃãcƒss#Cƒs3#“C#ÄdÅ4P¥6öÇ–36s3#SÃƒã“ƒC#c3C#3CC“RÂÓã3S#cC3ScSs“Ãã#3scƒ“3scƒCƒ#’ÂÓãSc“SCCSSƒƒ‚ÃãSc“#ƒs“ƒƒCC#C“RÃãcƒscssƒ“scC33‚ÄdÅ4P¥6öÇ–3&sSc#ƒRÃ#’ãSc3#3“Ccƒc’ÂÓã#3#ƒƒcsS“cSƒ“BÃãC“C3s3“ƒ“#ƒS"ÂÓãScƒs“c“ƒƒ“3“’ÃãSc“C“3“ƒ3#ƒƒƒƒrÃãcƒ“SSƒ#3##32ÄdÅ4P¥6öÇ–36ssÃS"ã3C““ƒ““c“3rÂÓã“sScc#ƒC“C“3“‚ÃãS“S“#SC3C“Cƒ“‚ÂÓãScƒcƒssCssCrÃãSc“Ss#Ssc3##sÃãc“3SCSƒc3ÄdÅ4P¥6öÇ–3&ss#“ÃCrãC“#“Cc3sS“2ÂÓãSƒc#3SƒSCƒScS‚Ãã#sƒ“c#ƒS“##cSBÂÓãScƒc#3“SSs#ƒ3’ÃãSc“c3cCSsƒbÃãc““SS“33s#SBÄdÅ4P¥6öÇ–3FsCsc“Ã3ãCs“ccs333C32Ãã#C3csCS“SCccc#C2ÃãC#“SCc““S“#cCRÃãScs#ƒ#ƒc“sSƒ3"ÃãSsS##“CƒC“ƒRÃãc““c#S3“s3‚ÄdÅ4P¥6öÇ–3&s“C“ÃBãcS#S“ƒsCcs‚Ãã#ƒ““c33Cƒc#RÃãS3s“ƒ3S33‚ÃãScc“C##C#sSƒ“rÃãSssSCs“C3C“ScrÃãc#sƒƒ#c33#C‚ÄdÅ4P¥6öÇ–3VsS#3SÃƒ"ãsƒ33ssS#C3BÃã#3#sCCsƒC“s’ÃãƒC“ƒSC##3#CSRÃãSccƒ#“#ƒ3scs2ÃãSsƒCƒƒƒCCs’Ããc##C3S#“CSCƒ#RÄdÅ4P¥6öÇ–3sCs#ÃsbãcssS3csCsCCBÂÓãSSƒs#“s“SccSBÃã“ƒc#“CCƒsƒ““CSrÂÓãScSƒs“ƒSƒS#“S"ÃãSsCƒCƒcƒsS#RÃãc#ƒ“SCSc“ƒƒssRÄdÅ4P¥6öÇ–3&s“#cƒÃ3bã#“s#3“S33#3’ÂÓã““s#SS“S##BÃã3S“sS#ƒScƒ3ƒS“rÂÓãScSSƒS#“ssCBÃãSscsSsƒC“C3#SrÃãc#3#s3SscCs“ÄdÅ4P¥6öÇ–3fsc“##Ããs“ƒƒSCsS#ƒƒ’ÂÓã3c“SSSc“Sƒ“2ÃãcS#Sc3#SSsƒ#rÂÓãScSc#cSs3ssRÃãSscCs“ssS#ƒcRÃãc#3#s3SscCs“ÄdÅ4P¥6öÇ–3ss3s3Ã3Srã#s“c“c3“s‚Ããs3““cC#C“#“CbÃã#CS“““CƒSƒ#s#ÃãScS3cƒcsCc“#‚ÃãSsƒ#33sƒƒCSƒrÃãc#3ƒS3C#SÄdÅ4P¥6öÇ–3fs3cSƒÃƒs’ãc3s“ss3’ÂÓãS““cSc#3CƒC“3bÃãcc“S“ss#““#ÂÓãScS3C#cSƒc“C3SrÃãSsƒCs#3ƒƒ3#CRÃãc#3ƒS3C#SÄdÅ4P¥6öÇ–3s3cÃSãsƒ“cSƒcssS3RÂÓãƒs3C3Sƒ“s#ƒRÃãƒ#cS“cƒCcCSs2ÂÓãScS#ƒ3#“CS#s#ÃãSsƒƒƒ“S33#‚Ããc#CScCcSƒ“#scrÄdÅ4P¥6öÇ–3Fss“3ƒÃ“"ã#SS#3C“Cc“bÃã3cƒScs“CcÃã#Cƒ3C3““SC##ÃãScCsC3ssSscƒsƒ’ÃãSs##CƒSCƒƒccbÃãc#CssƒSƒƒ3#SrÄdÅ4P¥6öÇ–3&sc3Ãrã“ƒ##C#3“sSRÂÓã#ƒSssCs““Sƒ“ssbÃãSS““ƒƒCsCcc‚ÂÓãScCss3c#S“#BÃãSs###ssCƒscƒcƒBÃãc#CssƒSƒƒ3#SrÄdÅ4P¥6öÇ–3Fsƒ#“Ãƒs2ãscsCCƒ3#ƒBÃãS#S3scƒSCCCsbÃã“3CcCscS“CRÃãScC3Cƒs“SƒSrÃãSs#SCs#Ccscs#‚Ããc#sSƒ“3Ss#SC"ÄdÅ4P¥6öÇ–3&ss“3ÃS3rã3“ƒsƒƒs“crÂÓãss“3#SƒC“c3ƒRÃã#C3sƒ#Sc#3RÂÓãScC#C3“S#s#CRÃãSs#S“33s“ScƒbÃãc#scƒsSƒS#3SBÄdÅ4P¥6öÇ–3sƒƒcÃ#bãsCƒ“ƒc“#ƒƒ#“RÂÓã#3cƒƒ3##S3sC“C‚ÃãC““3sƒƒCSs3bÂÓãScC“##ƒ3CCs“rÃãSs#c“33ƒccs2Ããc#ƒC“ƒscs3ƒ"ÄdÅ4P¥6öÇ–3fsƒ3SRÃ3#’ãCCCSS“3s3“#rÃãcƒƒ33“#cCssscc3BÃã##c“CSc3ScƒBÃãSc3sƒ3SCc“cSBÃãSs#“CSƒ#3“3ƒ33#rÃãc##ƒSscƒscSRÄdÅ4P¥6öÇ–36ssƒ3Ã#“bãsC#sccƒƒbÃãSc3CƒsC3cRÃã“s#sC3#“Sc“RÃãSc3CScS#“#c“SCÃãSs3Sƒcƒƒs3“cC‚Ããc###sS“3sSs“s3“’ÄdÅ4P¥6öÇ–3FssScÃsBãSc#Scsƒ““bÃãƒS3cƒsS#cƒ“c’ÃãSSƒ33cƒsƒcSc#"ÃãSc3ƒ#CsC“S#ÃãSs33#ƒ3cCbÃãc##CSƒ#Csƒc3"ÄdÅ4P¥6öÇ–3fsƒscÃS‚ãSsSccsCsSÃã##ƒ“s“c#“ƒ“2Ãã3sS333SƒcSsSs2ÃãSc#“3ƒcsS3“sCBÃãSs3CsccC3C“ƒƒ2Ããc##SCscCcccsrÄdÅ4P¥6öÇ–3VsS3ÃS’ãƒƒCC“##C33#rÃã3s“CCs33s33cC#"Ãã#CS#33#sCs3#S#‚ÃãSc#SC3c“C’ÃãSs3ss#CsCcs“Sc3BÃãc##ƒ3“c“CCC“RÄdÅ4P¥6öÇ–3&sƒSCSÃ3"ã#c3ƒƒcS2ÂÓã##“CSCSc3#SC#C2Ãã3“3ccsSS#ss3scrÂÓãSc#Cƒƒ3c“3cC#“’ÃãSsCc#s“CSSC##"Ããc#3s#3s#ƒC““#2ÄdÅ4P¥6öÇ–3s“cCÃc‚ãS3Ss“cc3s“2Ãã“S3c#“ƒ3#Ããc“s“CƒƒC2ÃãScCss“#cƒCC#RÃãSsSSCc#scSsbÃãc#C#Ss“c#s#“rÄdÅ4P¥6öÇ–36s“ƒ#ÃrãCs“ScƒCCƒ#sbÂÓã“C#3ƒSSƒC33bÃã“ƒ3s#sƒ#ss3ƒƒƒ"ÂÓãSS“C#ƒs#3ƒS’ÃãSsSƒs““s“sc2Ããc#Sƒ“S3S“CCBÄdÅ4P¥6öÇ–3&ss“SÃ#sãSScSSc#3#s#CBÃãs“CcScSs3““ƒRÃãC“#ƒ“CCc“3RÃãSSc“c3SƒSSscSÃãSssS“CCc#ƒ2Ããc#cƒ#“3ƒ3SS#csÄdÅ4P¥6öÇ–3sƒÃBã3cƒƒ#ƒ#CƒCbÂÓã#“#SCcSCcc3s“’ÃãS#csc#3sƒƒƒ3#’ÂÓãSSSC#c3“CC3Ss#SÃãSsƒc3C3S“c#‚Ããc#sƒ“ƒS3“3CC‚ÄdÅ4P¥6öÇ–3s“S“ÃRãCscSsc3c“rÂÓãCSSCcSssS3SCRÃãƒ#S#sss#s#ƒƒC"ÂÓãSSS#ƒƒ3#Cƒ#Ss‚ÃãSsƒƒsC“3“3C2Ããc#ƒCƒcƒ#“#"ÄdÅ4P¥6öÇ–36s“SsÃSBãc“SSƒ33cƒcS#c3RÃãƒcSC“ƒS“Cƒ#SS‚Ãã33c#scsSc#cScrÃãSSC“s3S““#33sSÃãSsƒ“#sƒSƒ3“s‚Ããc#ƒS#sƒC“C’ÄdÅ4P¥6öÇ–3ss#ÃS’ãƒ3#C33“sss’ÂÓãS“CSS“ƒ##sƒs#"Ãã#ssc3CscƒcC3"ÂÓãSSC33ƒ#s“c3BÃãSs“3Cs3SscCƒsƒs2Ããc#ƒSCSScƒSbÄdÅ4P¥6öÇ–3FsCSS“Ã#sRãS3s3c#sƒ“#cCBÂÓãs###Sƒ3Csc“rÃã#ƒCSC3cSscc#SC"ÂÓãSSC3c“ƒCC#3rÃãSs“3c“333“3CbÃãc#ƒSCSScƒSbÄdÅ4P¥6öÇ–3†scss3ÃS2ã#“sCC“sccs3cBÃãc“C“ccs3ƒc2Ãã#“ƒ“ƒƒc“ƒCC“2ÃãSSC#“C##sƒCSƒ3rÃãSs“3ssSs3ƒ2Ããc#ƒSCSScƒSbÄdÅ4P¥6öÇ–3†ssS3SÃ#ãCCCSC“sƒ#BÃã#CC“SS“sccCƒsC2ÃãCC#c3“ƒ““cS#rÃãSS3“ƒ#cƒcC3c“‚ÃãSs“S“cs3“cƒrÃãc#ƒsC33#c3ƒ3sbÄdÅ4P¥6öÇ–3FssÃ3c"ã#“cƒsƒCSƒ"ÂÓãsccSscsƒ33sSƒ3RÃã3ƒ3ƒ““3“ƒ#ƒ2ÂÓãSS3“#ƒSscc#“SrÃãSs“c#sssC#cƒ“bÃãc#ƒsC#3“S3s“ƒ3RÄdÅ4P¥6öÇ–3&s“c“Ã2ã#SsC“SS#“ScrÃã33S3#ƒsssƒs#3‚ÃãcS3ss“SS“ƒSc"ÃãSS3C3C3“#““CRÃãSs““ccƒCcs“c‚Ããc#“3S#CS33ƒc#bÄdÅ4P¥6öÇ–36sC“ÃãƒCs#3s#Ss‚Ãã3CC“#sSc“csƒsRÃãc#3#CscCCCSss3RÃãSS3C3Ss3SSscRÃãSs““cSss#“sƒbÃãc#“3S#CS33ƒc#bÄdÅ4P¥6öÇ–3fssCÃƒ3rãcCƒƒƒƒc#CrÂÓãSCcS““scSs3BÃã“ƒsƒ#SƒSCƒ#c‚ÂÓãSS3#SCS##cs#“bÃãSƒƒ“3ƒs#3cS’Ããc#“3Cƒ#““S#"ÄdÅ4P¥6öÇ–3–sC3ƒÃ3"ã“sc#Cccƒƒ##ƒ’ÂÓã#3SScc3C#ƒƒbÃãC#S“ƒsScSsSsC2ÂÓãSS#ƒ3““#ƒƒSscsCbÃãSƒ3s3#C3C“S#rÃãc#“C##3c#CccSsRÄdÅ4P¥6öÇ–3–s“#CÃcCBãSCƒ““c“C“’ÃãsscƒC““3#scƒC‚ÃãCS“sScc3css"ÃãSS#Sc3Sƒs3CsRÃãSƒSc3ƒsƒƒCss3RÃãc#“Ss““c#CS3#RÄdÅ4P¥6öÇ–3Fsc“cÃ3Rãsccc3c““ƒscRÃãƒ#csƒSsSs“c#C3#"Ãã33ƒsc3Cƒsƒ3c3"ÃãSS##““Scc“cRÃãSƒs“sccsS#3#bÃãc#“sƒƒCCSC##“ƒ#ÄdÅ4P¥6öÇ–3†sƒ3ƒÃ#2ãC33ccCCc#s"ÂÓã“33ƒ“SC33#3Ããc““ƒ#SS“c“#cbÂÓãSS#sCc3“#sCCs’ÃãSƒ“3c3ƒƒ##sSc’Ããc#““s“s#ƒ3#BÄdÅ4P¥6öÇ–36s#“sÃ32ãc3ƒƒS“#3sƒ’ÂÓã#c#3CCƒ3s#ƒC‚Ãã3cCCScCSCC#c3CcrÂÓãSScscs3s3s"ÃãSƒc“ƒsSS#3“’Ããc3ss#ƒsƒƒSBÄdÅ4P¥6öÇ–3vs#cc#ÃƒcrãC3ƒ#SCc#2ÂÓãƒc“SSs3C“SÃãSscCs“CcCc“3“bÂÓãSSCS#C“CƒCC“2ÃãSƒ3#3S#3ƒCƒ#s“‚Ããc3#Cs3SCc“ÄdÅ4P¥6öÇ–3scSSƒÃcSBãSƒc#“c3“ƒBÃãS3ƒCƒSs“sC“ƒƒÃã“ssSƒƒSC“ƒcCSrÃãSSƒ3SCƒsc#S’ÃãSƒsCcsSSCcC“3sRÃãc3ccƒsƒcƒ“CSbÄdÅ4P¥6öÇ–3scƒƒÃRãC#s##S“#CS““RÃãƒ“#ƒSCC“bÃãƒSsccc““3ƒ“c"ÃãSSCccCƒc#3C2ÃãSƒ##““cSƒCC‚Ããc3C3s3cƒCCƒC"ÄdÅ4P¥6öÇ–3&sSc#Ã3C“‚ã#Cc“SCc“2ÂÓãsCc3CcsƒcS“#ƒ‚Ãã#““#ƒ#“3“csS“2ÂÓãSC“cS“s#ƒ“3Sƒ’ÃãSƒ#SS#s“C#“ƒSS‚Ããc3Ccƒ#““Sƒ#2ÄdÅ4P¥6öÇ–3&sScSÃƒbãcSCcs#“sc3S"Ããc3“cs“S“3#“bÃã##“3cCC##sSSRÃãSCƒs#“c#s3scs’ÃãSƒ3“sƒC“#"Ããc3###cc###Cs#ÄdÅ4P¥6öÇ–36sccÃ#cBãss“cC“s"ÂÓãsCƒ3CCcSS#Scƒƒ"Ãã3ccSƒcƒcCs#“c’ÂÓãSCssC3CCS3“ƒ#bÃãSƒ3ƒcƒsc3ccC“Ããc3#ƒ“##33ƒSs“BÄdÅ4P¥6öÇ–3Fss“ƒÃ“2ãscSC3CC3C3S3‚Ãã“ƒSc#s#CcSCSBÃãccCcCSC“Sc“2ÃãSCcƒc3S“““#sS#S2ÃãSƒCCs#CCCƒ#33CC‚Ããc33C3c“SScCS#RÄdÅ4P¥6öÇ–3sƒƒ##Ãrã#C33#CS"Ãã#S33SC3Ss“#CS3sS2ÃãCc3cscƒƒSƒcs3bÃãSCcC#ƒ#sC“c“’ÃãSƒCsƒ“sc#32Ããc33sC#sC“#SSRÄdÅ4P¥6öÇ–36ssƒcÃSbãCƒ3cƒssSs“3CbÃãƒƒ“3CSCc3sbÃã33s#ƒƒƒƒƒs3c3cRÃãSCS3SCc“ƒsbÃãSƒSSC##“c“Cƒ’Ããc3CS“3#ƒ3Ss“SrÄdÅ4P¥6öÇ–3vscCƒCÃãcSƒ#cƒs##c‚ÂÓã3scƒssCƒ#s“C"Ãã#S#3ƒ#3S3sSCC“’ÂÓãSCS#3“3ƒ“CSCsrÃãSƒSSƒƒƒƒ3““sSSbÃãc3CS3CcSc“#ƒ#“"ÄdÅ4P¥6öÇ–3sƒƒSÃ“Bã#c#““ƒ33ƒCSÃãƒƒ3CcƒƒSCcsSRÃã#SCC“#C“S##ƒSƒ"ÃãSCCSs“#“##C33RÃãSƒcC#“c“#S2Ããc3C“ƒ““##“3“S’ÄdÅ4P¥6öÇ–3s3#Ãc“ãSƒcSscSƒcS3rÃãsC“C3#sSƒ#S#crÃã3S“#S3ƒƒ“Css3bÃãSCCCƒSsCƒSƒss’ÃãSƒcs#S#ƒ#““sBÃãc3S#C“CcƒsÄdÅ4P¥6öÇ–3Vs3ssÃs“’ã3#ƒ“3ƒ3ƒSrÃãCƒCSsƒ“ƒ“cscƒrÃãƒ“cSscƒ33#c"ÃãSCC“C#ƒƒƒc3"ÃãSƒc3scS“ƒssCssÃãc3S#sSƒcCSsCS3#ÄdÅ4P¥6öÇ–3sƒSÃ3ƒ#2ã3C“c#SCs“BÂÓãC3cSƒcCcSs3RÃãƒ3ƒC###CcCc“c’ÂÓãSC3#CSsS“““3BÃãSƒsCC3#c“3CC"Ããc3S“cCƒSƒ#S3#‚ÄdÅ4P¥6öÇ–3sSSCÃ#bãSCsC“3cScƒRÃã“scS#ƒscCs“‚Ãã3c3#cƒ“ƒƒs3“bÃãSC#c#“#C#“sCCƒ2ÃãSƒs3ƒSC“ƒSBÃãc3c#“3Cscƒcƒ““2ÄdÅ4P¥6öÇ–3Vs###Ã##ã3CS3cƒCƒƒc‚ÂÓãsƒC#s#“3S3C‚ÃãCCsS3ƒ“s“33c“3bÂÓãSCsSC“s##ƒ##cBÃãSƒs“ƒs“sƒS3“c2Ããc3c“ƒ“SS3s#SCrÄdÅ4P¥6öÇ–3fsS“sÃbã#cssccSSC33’Ãã#Sƒ“cCsƒCS3#CC“3rÃãCsƒ##s#3s#S"ÃãSCS#c“c3cƒ3s3s‚ÃãSƒƒCCCssC“cCrÃãc3s#CSSss#Cƒƒ“’ÄdÅ4P¥6öÇ–3vscc#sÃS“"ãCC3#cs3ƒC3"Ããc#cC3C“CS“sSc3rÃãScƒCsƒS3ƒc#c“"ÃãSCC“ƒc#3ƒ3#3‚ÃãSƒƒc3“CS“C#c“CbÃãc3s#CSSss#Cƒƒ“’ÄdÅ4P¥6öÇ–36s#S#ÃSRã#S“ƒCCSƒRÂÓã“SC3S“c““c"Ãã##sCƒ#scS‚ÂÓãSCC#ScCS#CSc’ÃãSƒƒ#C#SS““s3Ããc3sCSCSS3SsrÄdÅ4P¥6öÇ–3&s“““Ã#’ã“ƒ3ƒƒCs3SSC#SbÂÓã“SƒC3cc3sS#ƒcRÃã3c#C#“3ƒSsCs32ÂÓãSC3ƒƒcs3“c3crÃãSƒƒ“#“3cc#ƒ3ƒ#2Ããc3sssƒCƒcc2ÄdÅ4P¥6öÇ–3sss“Ã‚ã##CsC“ƒsc#sBÂÓã#cC#“3sc3Cs“2ÃãCƒ“C##3sƒC3sƒssrÂÓãSCcc“3Sƒs‚ÃãSƒ“ƒƒ“ƒ““cS“cbÃãc3ƒ#“ƒC#s#S‚ÄdÅ4P¥6öÇ–3†scssCÃs"ãcC3#“#ƒ“SRÂÓã3ƒSƒs#Sƒ3‚Ãã#CƒSsƒS#3S3ƒ“‚ÂÓãS3“S“Cc“#ƒS##ssRÃãSƒ“CscSssCS3CsÃãc3ƒ#“SƒsC#33ScrÄdÅ4P¥6öÇ–3†ssSCrÃBãs#CCcs#ƒ“##CRÂÓã#ƒ#scCscS33c3BÃãS#C3ScS#ƒcƒ“S‚ÂÓãS3“#S“ƒcƒScƒsS’ÃãSƒ“ssSSScƒS3’Ããc3ƒSƒ3Cc33“SƒRÄdÅ4P¥6öÇ–3†ss“SÃ3“s2ã“cC#ƒs#“C3"ÃãCscSƒCƒs“cs#C2ÃãƒƒC#“CSƒCsƒrÃãS3“#ƒƒs“3#CRÃãSƒ“ƒ#ƒ3S#cC#BÃãc3ƒSs3ƒ#CCƒsSBÄdÅ4P¥6öÇ–3–sSCBÃ#rãS“ƒC“Cƒ“Cƒ“‚Ãã#cCs3CcSSrÃã3sC“ƒ#S3““3ƒBÃãS3ƒƒ3#ƒcƒƒ#ccrÃãS“Sc“CcSc3RÃãc3ƒsC“3c3CSƒ‚ÄdÅ4P¥6öÇ–3sƒ3CÃ##Sã3“““cc#33bÂÓãCSsƒ#“C##3“cSƒ“BÃãƒC“c“3CƒsƒƒSS2ÂÓãS3ƒsƒc““3C3#ssBÃãS“3C3ƒs#S##S"Ããc3ƒsC“3c3CSƒ‚ÄdÅ4P¥6öÇ–3Fsss3ÃCCã3#CCƒƒ#ƒÂÓãcS#3C#ƒc3#ss‚Ãã#“S“Cs“2ÂÓãS3ƒcƒ#cs#“sƒbÃãS“Ss#ƒ#3S“#BÃãc3ƒƒ3##s3cSƒBÄdÅ4P¥6öÇ–3fsƒC#Ãscbã“3sc“3Cs"ÂÓãC“s“#33Ss“3SRÃã“##““c“sS“#C3ƒƒ2ÂÓãS3ƒSc3##cCS’ÃãS“ƒƒ33“ƒƒƒ‚Ããc3ƒƒ3##s3cSƒBÄdÅ4P¥6öÇ–3†sc#ƒcÃƒ#"ã3#ƒƒ“c“#3sbÂÓãCs#c#ƒSƒcc3ƒsRÃãƒssCSƒ“ƒƒCSRÂÓãS3ƒc3sSS“#cScƒbÃãS“3c“ccC3Cs3"Ããc3ƒƒ3##s3cSƒBÄdÅ4P¥6öÇ–3sSc#“rÃã3CC“scC“CSs"Ãã33ƒ“c3“s“C3ƒcCƒrÃãc#“S“ƒs“Ss3cc"ÃãS3ƒCSSc#c3ccc3’ÃãS“#c#S3“#csBÃãc3ƒƒCSƒ#C#ss‚ÄdÅ4P¥6öÇ–3&sSÃƒRãS#sccS“SCS333RÃãƒcS3sscSSƒSsSBÃãcsSƒ3s3C3ƒƒ#BÃãS3ƒ3“c“3S“#ccsrÃãS“3c3#c“Sƒ"Ããc3ƒ“s#Cƒ“3Cƒ‚ÄdÅ4P¥6öÇ–3sc“SƒÃãSsƒCCSsSƒsC#"Ãã3c#cSS#“c““ƒC2ÃãSsS3“ƒcCs3CC“rÃãS3cs3cƒS“#c2ÃãS“CcSC3“ƒSSS‚ÃãcCs#3##s#cƒcÄdÅ4P¥6öÇ–3fsƒ“sÃCRãc“cSSƒ#SSƒrÂÓãs3“CS““3cC“#2Ãã33ƒC##c##SC‚ÂÓãS3Ss““C#CsCƒCsrÃãS“#“ss“ƒƒcbÃãcCsƒ#“ƒSƒsƒs"ÄdÅ4P¥6öÇ–3s#CƒÃsƒRã“C“SC“ƒ3S“RÂÓãc3Sc““sCsssCcRÃãƒcsSc#sCsSS2ÂÓãS3Scc3ƒ“3SCcRÃãS“#“ƒcƒ3Sƒ“CBÃãcCsCC#3ƒSS“c“cbÄdÅ4P¥6öÇ–3&sƒScRÃ#"ãSC3“sc“ssCbÃã#ƒƒ##Sc#sSƒƒCrÃãS3ƒC3#C3ƒ3cRÃãS3ScƒcSc#css“bÃãS“#sS“3csƒcƒbÃãcCsCC#3ƒSS“c“cbÄdÅ4P¥6öÇ–3vsccCÃ2ãCƒ3S3ccƒ3ƒ3cRÃã#s333c“sCCCC#bÃãS33“#s#Sc3c3"ÃãS33“SƒCs#3ƒ#‚ÃãS“33sSƒ“333##2ÃãcC“ƒ#“S#cC3c3rÄdÅ4P¥6öÇ–36ssCsÃ#Cbã#CCsSc#s3BÃãCc“S3cƒƒSƒ3’ÃãƒcS3SSc3C“s“bÃãS33ƒ3#“s#“#cÃãS“3CSƒ#c3scC‚ÃãcC#3““sCƒ“s33rÄdÅ4P¥6öÇ–3&sƒƒ“cÃcC’ãƒ#cƒCsƒSs2ÂÓãS“s#“cssƒƒ#s#ƒbÃã“s3cScCS3sBÂÓãS33ss3CC3#s“rÃãS“3C“ƒC“c3ƒscÃãcC#CSsc3C3cS‚ÄdÅ4P¥6öÇ–3s3c“ÃsrãCƒƒƒ3CSsCS‚ÃãCs3#SCsSSs#rÃãsƒ#scScc“#c3ƒ#RÃãS33cC#CS“cƒ“rÃãS“3“S#““SƒcC"ÃãcC#C““Sss33“Sc‚ÄdÅ4P¥6öÇ–3–sS’ÃãƒS3sCCƒCCbÃã3CƒcSƒC#c3ScBÃãcSC“ƒsƒ“#3SRÃãS3#ƒƒ33ssc“#rÃãS“CcSs#sƒ33’ÃãcC#c3ƒsCSSRÄdÅ4P¥6öÇ–3&sƒ#CÃ3C‚ãCsss3Sc33S3RÃãCƒss3Sƒs““cssƒ32Ãã“Sƒs““cƒC#S“3bÃãS3#S3#S33SS"ÃãS“C3Ss#S3#“C’ÃãcC#ƒ#33c#33c3c"ÄdÅ4P¥6öÇ–3FsSCƒÃrãc““3#ƒccs“rÃã#C#3ƒCS““sssSrÃãCSS3s“Ccs3"ÃãS3#Sƒ“3ƒcSS“S“bÃãS“C3#3c““ƒcs33bÃãcC#ƒ#33c#33c3c"ÄdÅ4P¥6öÇ–3&sC3“ÃC#Bãƒ3ƒCSs#ƒ##ƒC2ÂÓãC“SSs#3CCcSCrÃã“3cƒ###ƒc3CS2ÂÓãS3#CƒcssSƒ“c3BÃãS“C3“#C#ƒS“C3#ÃãcC#ƒ#3c#sƒ#Ss3bÄdÅ4P¥6öÇ–36sss“SÃSãCc““C3#S#c#“ƒbÃãS#S#C#CsCSCSrÃã#ƒcc#Sƒ3c#cƒsbÃãS3#ƒ#“3#s#sCrÃãS“Cc3CcSsRÃãcC3SSCScS“cbÄdÅ4P¥6öÇ–3s“sÃƒS’ãƒC#cS3S#CCbÂÓãS“3ƒ“33s3rÃã“sc“““SC3sƒCc2ÂÓãS3S#sS#“sc#bÃãS“SS3#c“s3#s“‚ÃãcC3Cc#c33s“S3‚ÄdÅ4P¥6öÇ–3Vs#cƒÃRã3cSs3CsSssc‚ÂÓã#s#“#3s“BÃãSƒScƒƒs“S3ƒS’ÂÓãS3“##CC“S’ÃãS“SCs“cSC“CC3#2ÃãcC3ƒƒSsSs““#sSÄdÅ4P¥6öÇ–3&s3#sÃ#ãƒs33sƒSS“##SbÃã#3css#3c“SSCsBÃãCCc##C#ƒ##3s“ƒ#cbÃãS3c#3#CccSRÃãS“ScƒsCS33S#c‚ÃãcCCcC#C“sƒS#“3bÄdÅ4P¥6öÇ–3FsƒSÃs"ã“Ccsss“ƒs#SbÂÓã“333S3cSssS#‚Ãã##C“CCƒCcCƒSss‚ÂÓãS3Ss#“#s#ssƒ#3RÃãS“SsCsc3#sCCÃãcCCcC#C“sƒS#“3bÄdÅ4P¥6öÇ–36sƒ#3“Ãc’ãCƒƒsccsCs3ƒbÃãC33cCCCSsƒ3s#s3bÃãƒ““3““33ƒssrÃãS#“3Ss3Cƒcc3“BÃãS“cSSsSs“S“ƒS2ÃãcCC“3sSC3#c“sƒsBÄdÅ4P¥6öÇ–3†sƒ3#Ãƒãs“Cs#csƒƒ#2Ãã#“cs“#SccCBÃã#C3“s“#S“s#3#bÃãS#“#ƒsC##S#ƒ3C"ÃãS“csƒSSCSsCƒc"ÃãcCSCc“#3cƒc“cRÄdÅ4P¥6öÇ–36ss“cÃS#’ãs#s3S#c#“c#"ÂÓãcƒssƒ#3Ccƒ“#“SrÃã3ƒC#s3sƒCS‚ÂÓãS#ƒ3SCc3“32ÃãS“s#ƒCƒCCcs"ÃãcCScC3CCCC#BÄdÅ4P¥6öÇ–3&s3ƒcÃcƒ‚ãCSsS#sƒ“CsbÃãC#S33sƒƒ33s“‚ÃãƒSCcƒ3c#“cc#c2ÃãS#ƒ#333SS#““ƒrÃãS“s33ƒsƒ3ccBÃãcCSccƒƒcc“SSS2ÄdÅ4P¥6öÇ–3&ssƒ3Ã#“2ãƒC3ssƒƒƒcSBÃãƒ3CsƒCC3CÃãSCSƒSS“3“rÃãS#ƒ3“sSCc#"ÃãS“sCssC#“sS#s#rÃãcCSss“sc“Cs““sbÄdÅ4P¥6öÇ–3FsCS3CÃs“Cãc3SCC“3Cs#RÃã3s#cC##ƒsc#s#RÃãscc“cs#ƒ“3SS"ÃãS#s3csc“3#C‚ÃãS“s“ƒS##s#csCC’ÃãcCc#““3#c3s“C’ÄdÅ4P¥6öÇ–3†sƒ“Ã3SSbãSS#c333S#“crÃãC3#“3#“ƒRÃãsƒC“CS#sc3C#RÃãS#c“#C#3ƒcSSBÃãS“ƒ#Cc#c3SC‚ÃãcCcS3C“ƒ“ccsÄdÅ4P¥6öÇ–3sscÃ3ã#S3S#SSSC#3RÂÓãƒ““cƒ##C“CcƒS‚Ããc“3“CSsCsCc3S"ÂÓãS#S“s#SS“ƒ“"ÃãS“ƒ“sSƒSCSs3“bÃãcCs#c“sc#s3BÄdÅ4P¥6öÇ–3FsSS“ÃCƒrãS#“C#CƒBÃãSsC3sSs##3ƒ3sRÃã“#s“s3Ss#“#ÃãS#Sc3C##c#ccrÃãS““c3ss“ƒ3“s2ÃãcCsCSC“c“ƒcbÄdÅ4P¥6öÇ–3&sƒ33ÃCbãƒ#“C3scCƒ#Ss3‚Ãã#S33#3ScCƒƒcsCBÃãCƒ##cC#“3cCscrÃãS#S3C#Scƒƒ#“S3c"ÃãS““3CSc““sS#cbÃãcCscƒ3#C#“ƒ#sc"ÄdÅ4P¥6öÇ–3VsS#ÃCsRãCSƒ“s3sƒƒCcSrÃãcSCSSscCcƒ"Ãã#Ccƒ3sc#S33ƒbÃãS#C“3#c3ƒsSS#“C2ÃãS““c3“Cƒ#CrÃãcCsƒsƒ3ƒ33“"ÄdÅ4P¥6öÇ–3–sScRÃ2ãS#C3ƒ#CcƒcC2ÂÓã#“SsSƒ“c#3#ƒs"ÃãScCCsƒƒ3S3S"ÂÓãS#C#c#s33Sƒ3#c"Ããc“Sƒ33“Cƒ"ÃãcCƒ3C33Ss“#cƒ2ÄdÅ4P¥6öÇ–3†ssC“ÃCCRã3ƒc##c##ÂÓãccScƒ#C3SƒscÃã#s3##SƒS3ccc2ÂÓãS#C#c#3“Cƒs’Ããc#c#ƒ“cS3c“3rÃãcCƒCƒ#ƒ“#ƒCƒ3C"ÄdÅ4P¥6öÇ–3vsCccÃ’ãS3#33S3CccccBÃã3##CsC3“c“#3BÃãcS3ƒ#CcS3SSƒ"ÃãS#3“#“cƒ“CCCƒƒ#BÃãc3#sCC3“SSscbÃãcCƒSs3#“ƒSc3BÄdÅ4P¥6öÇ–3Fss#CrÃƒ3’ã#C#SCc33“c‚ÂÓãC3ƒccsssCƒcSƒ‚Ããƒ3sc“Ss3S’ÂÓãS#3cc##3ƒƒsSsbÃãcS3ScCSCSs2ÃãcCƒcƒ#s#“s““sRÄdÅ4P¥6öÇ–3fsS3ƒÃsc’ã#ccSssCbÂÓãcSƒ“Sc333Cƒ2Ãã#Sƒ3Ss33cƒ“sƒ2ÂÓãS##““ƒ“S3c3“cbÃãc“sC“ƒ3cƒCSS2ÃãcC“#Cc#s“##rÄdÅ4P¥6öÇ–3–ssÃ#rãcS3““cccS#S“SbÂÓãƒs3#“ƒ3S“ƒsƒs2Ãã3SsS“S“S““#CƒsbÂÓãS#33csS“CS"Ããc“CƒcsƒSc3CƒƒÃãcC“#Cc#s“##rÄdÅ4P¥6öÇ–3s“cƒÃC3Bã“#3S“Ccs#SRÃãc#c“““ƒsCƒƒ“"Ãã““cc3s“#ss3RÃãS##“““#CsS’ÃãcC3sƒ33C“#‚ÃãcC“#C“3cSSƒs‚ÄdÅ4P¥6öÇ–3s“ƒS3ÃCBã3S3sccCsCs#CRÃãSƒ3cC##3CCsBÃã3#ƒs#“cSScSSBÃãS##ƒs3C#“cƒrÃãcc#3C#SCS#C“’ÃãcC“#C“3cSSƒs‚ÄdÅ4P¥6öÇ–3&sscCÃ’ã“sS33ƒ“““c3cbÃã3“C#ƒc##“3SƒrÃãS“Scc#“3CcS#“2ÃãS##c3c3CcCSc3‚Ããc##s3Cc“sSƒrÃãcC“#cSCss“s#"ÄdÅ4P¥6öÇ–3s““SÃ#s"ã##Cƒ#scƒc“‚ÂÓãC3ƒSS3S3cƒ#C’Ããƒ3“c#S3sccƒSbÂÓãS##33Ccƒ3ƒsCsrÃãcC3s3#C#3SC2ÃãcC“CC“ScSc‚ÄdÅ4P¥6öÇ–3&s#CÃbãcCƒ3s3#ƒS"ÂÓãc3sƒ“csSƒƒs3‚Ãã33SS#3cCcS3#32ÂÓãS##s“scc#ssCbÃãcS“SS#“ƒƒ“C“BÃãcC“SƒC##ƒc2ÄdÅ4P¥6öÇ–36s##ÃcãscScCS#ƒccSBÂÓã3SccƒƒCc“Scs‚Ãã#S#3c#Ssc"ÂÓãS#ƒc#sCCSCƒƒƒCbÃãcscSƒ““3scS2ÃãcC“s#sc#C#C33bÄdÅ4P¥6öÇ–3sS3‚Ã’ãscs#ScsƒC#3"Ãã##sƒ“#cƒSsƒs’ÃãC3csCCCscƒc“cc’ÃãS#s“ƒcSC“C“cc"ÃãcƒS#c3sƒs’ÃãcC“s3scCc3“#c‚ÄdÅ4P¥6öÇ–3&ssƒ“Ã#bã“ƒƒsc“c“c3ƒ’ÂÓã“ƒc###C“ƒCSc2Ãã3ƒ“Sc3s#s3sC“3rÂÓãS#3ƒCƒcs3csSSbÃãc#““#3CsC3“SC’ÃãcSss3Ccs“RÄdÅ4P¥6öÇ–3s“#3Ã“#2ãƒc“ƒsss“rÂÓãScs““#S##SscbÃãƒs“c““ƒ“ƒ3SSRÂÓãS##SSSCCSC#cCCbÃãc#ƒƒscSƒC#ÃãcSc“cS3SrÄdÅ4P¥6öÇ–3ssCÃc2ãcSƒS#S#CSc#"Ãã3Cs#cƒSCc#s2Ãã#SsƒsƒSS“S#ÃãS##“##c#csSƒ3‚Ããc#ƒS“ƒƒƒ##cƒCBÃãcSsSS“#CC3“s‚ÄdÅ4P¥6öÇ–3sƒCCÃƒ2ã3“3S“##C3RÃãƒ#ssƒC3Csc’ÃãSsƒ“““#CS#ƒcCc"ÃãS#csscccC2Ããc3cƒ#CS“3S‚ÃãcSƒƒsC““3##ÄdÅ4P¥6öÇ–3&ssÃBã#S“SsSSSSrÂÓã#“C#scCCSssƒ"ÃãScc#cCsCSƒSsscC‚ÂÓãS“cs““c“#SC#3BÃãc3#ƒccS#ƒƒscs’ÃãcSCƒCSsSRÄdÅ4P¥6öÇ–3fsƒ3C3Ã3rãCƒ#sCƒCSSs2Ããcc“cSƒƒcCs“ƒ#"Ãã#ƒƒ“ƒs3C33““##bÃãS“3sSc3c““ƒ“cRÃãc3ccCƒSCcÃãcSS#s#cC“#C’ÄdÅ4P¥6öÇ–3sSCCÃcrãƒCSSsS3ƒƒCssRÂÓã#S#ƒs#3C“CsbÃã#C#“ƒS3cSscS3‚ÂÓãSƒSc“ƒ“cC3SsbÃãcCccƒC#S#c“#’ÃãcS“ScCSS#s##“‚ÄdÅ4P¥6öÇ–3FsSc“Ãƒ2ãSss#CC3CsÃãS##cCSS“““3“ƒrÃãƒC3“cRÃãSƒ#sSSSs3Ss“BÃãcC#cc#ƒsƒc’ÃãcS#c#3C3#ƒsƒ“‚ÄdÅ4P¥6öÇ–3†sss“Ãbãsƒ“ƒccSƒSs#bÂÓã#ƒ##s3c3“c3“CƒsBÃãSCCS3ssC#S3SSrÂÓãSƒ#S#ƒSƒcƒS3cRÃãcC#ƒ#“Sc3csSƒ#ÃãcS#c#3C3#ƒsƒ“‚ÄdÅ4P¥6öÇ–3vsC#c#Ãs#‚ã#ƒSc“#“C“RÂÓãc“c“Scss#S3"Ãã33s3Sc#sScƒ2ÂÓãSƒsCƒcS3sS“S#BÃãcC33c#c“s3#cScbÃãcS#ƒScc3ƒCcSƒRÄdÅ4P¥6öÇ–3&sƒ3ƒÃ“#rãsSC#Ccƒ3sƒS"ÃãCscss###““c““sƒRÃã““Sƒ3SssƒSCs"ÃãSsCcCScƒSƒcCrÃãcCƒ3“3#Cs#ƒ3RÃãcS#SsƒƒSC###RÄdÅ4P¥6öÇ–3&s“ƒC3Ã#’ãCC#ƒs“#cccS"ÂÓãƒ#C#3cc3“CS2ÃãS“CccSƒCC3SƒƒBÂÓãSscS3cS33sSrÃãcSS333cs3“’ÃãcS#ƒC3c#3“sS#SrÄdÅ4P¥6öÇ–3s3c#Ã#rãƒƒ#sSc#ƒRÂÓãsƒcsS#C“C“cc#ƒ‚ÃãS##ƒsCƒƒCs3rÂÓãScc#3Cs“3C#’ÃãcSC“#s3c##cSrÃãcS33CƒSs“ƒ#S‚ÄdÅ4P¥6öÇ–3sƒcScRÃcRã##ƒ3““csCƒBÂÓãCS“3Ssc“#3ƒsCCSrÃã#ƒ#SsCƒ“cCƒƒƒbÂÓãScCC“ƒƒ#S““3rÃãcSSC#3Cƒ#Cc3ƒbÃãcS3##s#ƒ3C##3ƒ‚ÄdÅ4P¥6öÇ–3Vsc#Ãc2ã33ƒs#sc3c#“rÃã3“3#s3#“S3“"ÃãsSs“cssc“3"ÃãSc#SscC“#sc3srÃãcScsCCscƒSC3ƒSBÃãcS3333sSƒ#CScƒrÄdÅ4P¥6öÇ–3&sƒsÃc’ã#33ƒC“##CcÂÓã3S#ƒscCcƒCSS2Ãã#c“CSƒ3#3#sCS‚ÂÓãSSƒS“#“#ƒ3cÃãcS“ƒ““ccsƒs3sBÃãcS3c3Ss“3CƒbÄdÅ4P¥6öÇ–36s#ssÃS“ãcS#S#sCcS#bÂÓãSS3S3s#““CCƒƒ“RÃãs3CSƒSƒcƒscC“‚ÂÓãSSc#cS33CC#“"ÃãccS#sCƒCs“3#RÃãcS3s3#S#Sc3Ss3"ÄdÅ4P¥6öÇ–3fsc3#SÃƒƒ’ãCSsC“cSs#BÃãCC“S#ƒƒscsc#ƒcRÃãƒs##C3ƒ#C“’ÃãSSCC““CcSSRÃãcc#3“#“#cƒrÃãcS3ƒ#s“#C3“s#‚ÄdÅ4P¥6öÇ–3&sƒƒÃS’ãƒc““cS33sC3CrÂÓãs#csC3#c“SCBÃãC3scS“ƒ#c3CsBÂÓãSS#SS3#“CƒSsS32Ããcc3sCc“ƒ3ƒC3ÃãcS3“3SC“S#ƒcƒc3rÄdÅ4P¥6öÇ–3vsƒ3Ã‚ãsSƒ3S“c32Ãã##3SS3s3#ScCcƒ2ÃãC#“cs##ƒCSS“ƒSRÃãSSs#ScSsƒc“#ÃãccC3#C3s“ssƒ‚ÃãcS3“S“C“Csc“C33RÄdÅ4P¥6öÇ–36sS#“ƒÃ3“2ã“C3CC“CSC2ÂÓãCsC3“C#ƒsc2Ãã“#3csƒ3cƒ#“S’ÂÓãSC“#ƒƒ3ƒcƒƒ““"Ããccc3ƒ“s3#SƒƒrÃãcSCcƒ3““#C“2ÄdÅ4P¥6öÇ–3ss#cÃS3bãCSƒC#3SS“3RÃãS“s#s#3ƒ““ƒ#32ÃãcSƒCscƒƒ““"ÃãSC#S3“ƒcs"Ããcscs#CCc“‚ÃãcSCcC3sƒ“#c#bÄdÅ4P¥6öÇ–3&s“3S“ÃcrãcCsSƒ#3S3RÂÓãƒs#s“S““S“SbÃãc“3SscCCc3#sBÂÓãS3ss3“Sƒ3ƒsCsÃãcsC3c“3s#cBÃãcSCƒ“ƒCSƒcƒS32ÄdÅ4P¥6öÇ–3fscS“ƒÃCƒRãs3Ss3C““33rÂÓã3“3#S#scS##srÃãscSS3CS“ccsCƒrÂÓãS3c“cƒScƒƒ““s“RÃãcsCc3“C“ƒ#cƒÃãcSC“ƒsC#cSc2ÄdÅ4P¥6öÇ–3scscÃsS"ãSss“c33ƒRÃãscs3Sc“#ScSRÃãC“CcCS“3““CcƒcBÃãS3C#ScSSS“ƒs’Ããcscs3cccSssrÃãcSS33s3CSƒ3““ÄdÅ4P¥6öÇ–3Fsƒ##Ã3#2ãS3ScC33ƒ“rÃãƒC3SSCƒ#RÃã#scƒ“CƒCƒ“cSBÃãS3“#ccC3BÃãcsƒƒcSC3CS#Sƒ"ÃãcSS#“c“sSS2ÄdÅ4P¥6öÇ–3vsc3ƒcÃ#c2ã““#SS“cƒ##crÃãc3“3s3#CcC2Ãã##s#c#Csƒ#ƒcs#bÃãSƒƒƒs#ƒcƒSbÃãcƒs#ƒƒƒsC3c##ÃãcScccCs“#ƒSƒÄdÅ4P¥6öÇ–3sc“ƒSÃcã“#“3C3SCƒCRÃã3ƒCCcsCƒcƒƒcƒ‚Ãã#scƒS#“ƒsss3bÃãScSc“ƒCc2Ããcƒ“#CƒCSs“sƒ’ÃãcSc33CSs#ƒ#ƒS"ÄdÅ4P¥6öÇ–3vss3Ãc#‚ãS“cc3cƒ#“3rÂÓãcscs#ƒCƒ#c3#ƒbÃã#“Sƒ“S“cSƒƒ3BÂÓãScScƒƒ#CRÃãc“S“Ss3sSCs#BÃãcSs#3ƒ#ƒs“S3ƒbÄdÅ4P¥6öÇ–3FsSscÃ##‚ãsƒCƒs33ƒ#cBÂÓãcƒƒƒCƒSƒCSc#"Ãã3CƒC#cs“sS3S“SsbÂÓãS#3s“#3s#’Ããc“ƒƒCsƒƒ#“CssbÃãcSs#“cƒ3“ƒƒ3CRÄdÅ4P¥6öÇ–3&sC“SƒÃS#"ãƒSƒ3s#3sc‚ÂÓãS“cCs3csccCSCRÃãc“SCCs“s“3cSSbÂÓãSC“#Ss#“"ÃãcCƒCS#S“crÃãcSsC3C#3“S#“cƒ’ÄdÅ4P¥6öÇ–3&scc“RÃ#rãƒ3“C#cSS““BÂÓãƒSƒ3ss“ƒ#ƒcC3c"Ãã3cCSC3C33#ƒS3SbÂÓãS“sƒc#cScs#S’Ããc#SS“ƒS“ƒc#2ÃãcSsScSc“SƒC#“bÄdÅ4P¥6öÇ–3fscƒ#CÃcrã#3ƒ#““3SƒC"ÃãC3S“#“sSCsCCC“‚Ãã#ƒ“cƒsc3ƒ##SSRÃãS“#S3cs3cSRÃãcSscCcƒsccƒÃãcSsƒscs33ƒ#SsS"ÄdÅ4P¥6öÇ–3vssS3Ã#ƒ2ãCSSS3ƒ“ƒ#ƒc#bÃãss##sS“SS3#BÃã3sƒ3“ss##S“ƒ‚ÃãS“##3#sScs“crÃãcS“sc#ccrÃãcSsƒscs33ƒ#SsS"ÄdÅ4P¥6öÇ–3s#3cRÃ#’ãcC“C3“ƒScc#RÂÓãƒƒC3C“SSS3CCSS"Ãã3c““sƒSCssScRÂÓãS“#3ƒ3ƒs3S2ÃãcSƒS““““sƒ3RÃãcSsƒscs33ƒ#SsS"ÄdÅ4P¥6öÇ–3&s“SƒÃ#3Sã3#c“3csCsƒRÃã3C“ƒSƒ##“cc###BÃãcƒs#3CCC#3cC““‚ÃãS“ƒ3sSS““srÃãcc“SC##sSCC#c’ÃãcSs“3“CcƒSSCSSÄdÅ4P¥6öÇ–3sƒ3#Ã##rã“CSccS“c3RÂÓã3cSSc3s“csbÃãsƒS333ccS#ƒ“3ÂÓãSƒcss3#C“sScS2Ããc“sƒCƒss3scSrÃãcSƒ#S3cSC3s#SbÄdÅ4P¥6öÇ–3vsCs“ÃãCsc##3ƒSƒ3RÃãssƒC3ƒs“#ƒ3c2Ãã3Cƒ3CƒCSs“CCRÃãSƒ3SCƒsS“cCCrÃãc#CSC#cscCbÃãcSƒC3sSSƒ#33’ÄdÅ4P¥6öÇ–36sC#SÃ#cãSƒCcs3SCC#"ÂÓãƒ#C#3S3“ƒƒScbÃãc##SCsƒssS#“““SbÂÓãSs“ƒƒ333##SSƒbÃãcCcS#SCƒCCBÃãcSƒcCƒc####3#C"ÄdÅ4P¥6öÇ–3vsc##Ã2ã#“s#ƒ##S3Ãã3#cCc3Sƒ##ƒ“bÃãcC3#SS“C33CsbÃãSsS#CcSCCccrÃãcs“S3#cs“#c3rÃãcSƒ“c“Scc“ssƒ"ÄdÅ4P¥6öÇ–3FsS3CRÃCBã3ƒS#ƒccSS#‚ÂÓãCs#cCsCCc“RÃã#“3ScsC3s#‚ÂÓãSssƒcƒcsCSC32Ããc#““cƒƒƒCsSbÃãcS“#SƒcsscC“ƒ“#’ÄdÅ4P¥6öÇ–3–s“#Ã3CBãScƒc#Sc3ƒs’ÂÓãcƒ3#c##c33ƒ“3BÃã3Cƒc“c“s“sƒ#ƒbÂÓãSccS33““c#Sc‚Ããc#C#sC3ƒcS3“#rÃãcS“Ss3“CCCS3C2ÄdÅ4P¥6öÇ–3FsCCsÃ’ãs“Ss“#33#sÃã3“csCƒƒƒ“’Ããc#SSƒS#ScS32ÃãScSƒs3CƒCs3cÃãc#C“3S#sSƒbÃãcS“cS“ccSCs32ÄdÅ4P¥6öÇ–36s““ÃƒsRãs3C3ƒs#ƒSS“BÂÓãC#cCCS“ƒƒ#c’ÃãƒC3#csCSS#“3“crÂÓãSSccƒƒ#3##s“"Ããc3ƒ“SƒCssSRÃãcc##““##ƒ3"ÄdÅ4P¥6öÇ–3&s“Ã“S"ã3#“cc“#3ƒ#“RÂÓãCS3“SS“c3ss#sbÃãƒ“ss3“ƒ“c#sc#ÂÓãSSc#C“ssSƒ3S3BÃãc3““C3cs3sS#"Ããcc##““##ƒ3"ÄdÅ4P¥6öÇ–3fss#3Ã3c2ãƒcS“cccƒCÃãS3“c“#33#3Ss““RÃãcss3ƒƒƒƒƒsƒRÃãSSCS3#ƒ“3ƒ#s’Ããc3#CC“ƒ3“sƒcRÃãcc#“C3c3cc“2ÄdÅ4P¥6öÇ–3&sS3ÃãS“#cƒ“#“ƒ“ƒ3ƒ‚ÂÓã3c“ƒ####ƒ“CcrÃãcsCSCƒ#S3“ƒS"ÂÓãSS3Sƒ“3c3CS2Ããc33s33Sc“#c#CBÃãcc3#s3#S#“#rÄdÅ4P¥6öÇ–3&sƒ3#ƒÃs#ãsC#S3ƒ3ƒ“bÂÓã3s3ƒC3cC3cscS3‚ÃãsC#““ScscCc#‚ÂÓãSC“ƒ“s#ƒCCcbÃãc3Sccc3C#cC“"ÃãccScs“s“ƒƒ“ƒSÄdÅ4P¥6öÇ–3–ssCCÃCãs“Sc3ss#sSCƒBÂÓãcC#ƒ“3C““ScC"Ãã3“3Ss#3#ƒ33#BÂÓãSCSƒSsƒ33CbÃãc3ƒS#“#SƒSÃãccƒcc#Cs“BÄdÅ4P¥6öÇ–3ssCƒÃs#2ãc#CƒCC#’ÂÓã3Ss“cS“S#S#““SBÃãs“3sc#C3#c“3"ÂÓãSCSsssCCSC#ƒ’Ããc3ƒc3Cc3S2Ããccƒcc#Cs“BÄdÅ4P¥6öÇ–3vss#SRÃ#2ãS3cSƒC#c“sƒ2ÂÓã##C“#ƒƒ#3s“c3‚ÃãCCS“s“sCcccƒbÂÓãSC3Cƒ#sCccƒƒs"ÃãcCcccssSCc‚Ããccƒ“33c“3ƒƒ3BÄdÅ4P¥6öÇ–3vsƒ“Ã#3ã###ssCS3ƒƒÂÓãƒƒsƒssS“sssbÃãc3sSƒcsƒssCS#s2ÂÓãSC33“csc#ƒRÃãcCCsƒ#“ƒ##S’Ããccƒ“33c“3ƒƒ3BÄdÅ4P¥6öÇ–3ss#ÃS’ã“ƒsCSSc“33#’ÃãC3Cƒ“sCSsc##RÃã#ƒCS3c“SS#3C3bÃãSC3#SSc##ScsÃãcCCƒsƒC3csƒCÃãccƒ“33c“3ƒƒ3BÄdÅ4P¥6öÇ–3&s““3“Ãc3‚ã3Cs“#3ScSSRÂÓãcS3“ƒ“#ƒCC3BÃã#“#Cƒ“ƒƒ##C““#"ÂÓãS3“ƒsc3##scsRÃãcC#sc“CsCƒc"Ããcc“#ƒ333“SCƒ‚ÄdÅ4P¥6öÇ–3&s3Ã3S‚ãCƒSCSSƒbÂÓãsCSssƒ3sS#BÃãCƒ“ƒ#Cs3c3bÂÓãS3s“SC#SCcBÃãcCCSC#“3#CƒSrÃãcc““C“3ƒSƒs’ÄdÅ4P¥6öÇ–3&s“3ƒÃ#RãcsCƒ#sƒSƒ“rÂÓãcƒCƒ#C“s#SCÃã#“sSc#c3S33#crÂÓãS3cs“c“CS##ƒ“‚ÃãcCC“#cƒ“ƒCC"Ããcc#SC“333cSSC‚ÄdÅ4P¥6öÇ–3Vs“##Ã#CcãCƒCSC33cS2Ãã3c3“SSƒScccs‚Ããs#3c33““Ss“#ƒ3bÃãS#“C#sSCcSc3rÃãcS#CSC3“ƒSc3’ÃãccsƒƒSƒS3CsSC32ÄdÅ4P¥6öÇ–3†sƒC3Ã#ƒrã#SSCsc#S“SRÂÓãc#S#c33ƒCcBÃã#CCcSc“3S3Cƒ#rÂÓãS#c33cƒs3ccrÃãcSSS#cƒC#ƒ3S‚Ããcc#3#Sc#c3ƒcs2ÄdÅ4P¥6öÇ–3&sƒ“#cÃ#“"ã3“3C3ƒ“3BÂÓãc“CCC3#ƒ3Sc“sSÃã3ƒ#“3#“ƒ3#ƒs#RÂÓãS#3#S“##ss"ÃãcSSsC#ScsCScBÃãcc#3#Sc#c3ƒcs2ÄdÅ4P¥6öÇ–3VsCƒƒcÃƒBãƒC“Ss“Sc#C‚Ããsscsc#CCs#ƒSBÃãS3cCS3ƒCs#ƒrÃãSc“cs“s3srÃãcS“CCs3“srÃãcc#cSƒCS#3s#scÄdÅ4P¥6öÇ–3FsScCÃC‚ãƒƒcƒ3“3“333#sÃãSC#sC“sSCSsƒbÃã3sc“cCƒ3cSCƒCrÃãS3ƒccss#c““s“Ããcc““C##ss3bÃãcc#sƒ“Ss3Cs#’ÄdÅ4P¥6öÇ–3FsS#CÃ"ã3“#““3ƒc#Sƒ’Ãã3C#cCs3“RÃãcƒ#cSCCC“CCƒS’ÃãSs“cs“S“SS““BÃãcc3SCs#cc33‚Ããcc#“ƒ3ss#S#CcbÄdÅ4P¥6öÇ–3s#ƒ“Ã3ãC““s“cƒ“c3C3‚ÂÓã“3s#c#Csƒ“3C3bÃã3ƒsCƒSs3s#c‚ÂÓãS3“3SƒcƒSSS’Ããccs“ƒ33““ƒCcS2Ããcc3C#SC#s“s32ÄdÅ4P¥6öÇ–3fs3cSCÃCãCSCCƒs#s##ÂÓãsS“ƒsƒƒSƒƒ“bÃã##3CCc#“##3#sC“BÂÓãS3“ScCScCBÃãccs“cSC““33#cRÃãcc3C#SC#s“s32ÄdÅ4P¥6öÇ–3VsƒSÃCSrã#CCcƒCC3RÃãs“ƒ#s#“#sƒ33ÃãS“cC“Cc3sccƒcs’ÃãSC3ƒ“3#3ƒ‚ÃãcscC“CSS3“SscRÃãcc3cs33C“sCSs3ÄdÅ4P¥6öÇ–3ss#SÃSC2ã“SCCS“SƒCBÂÓãS3c#ccsƒƒƒƒsc‚Ããs#cS33“C#Ccs#bÂÓãC“““CSC“S#SƒBÃãcs3ssSc#“sƒ“2Ããcc3cƒs3sƒcs“RÄdÅ4P¥6öÇ–3–ssC“Ã#S"ã“C#ƒƒCsCS#CrÂÓãs3s3“ƒS3sCS3#bÃãC3ssƒCS“sƒs“RÂÓãC“ƒ“#S“S“cscƒ“bÃãcsƒ3S3#3“Cƒs“CbÃãccC3ƒS3333ƒsC’ÄdÅ4P¥6öÇ–3sƒCÃSRãC#S3CSS““2ÃãƒƒsS“3“ƒsƒ“3Ããscs#cCSCCCCCCƒrÃãC“ƒ“C3“C#S#RÃãcsƒ#ƒcƒƒS3ƒ“rÃãccC3ƒS3333ƒsC’ÄdÅ4P¥6öÇ–3–ssCc#Ã3’ãS#ƒ3sS#ƒC#SƒbÂÓãC“ss#3Cƒ3“SBÃã33“3ƒcsƒƒ3s2ÂÓãC“ƒSƒsS3S3Sƒ#bÃãcƒs#Ss“#s#ƒÃãccCS““c3s#“3bÄdÅ4P¥6öÇ–3vsS3ÃãscS#S“3#ƒs“RÂÓã3cS##ƒSSC“bÃãc33ƒ““ƒc##cÂÓãC“ƒ#ssƒ“Sƒc3“bÃãcƒ#ƒƒcƒ3#3‚ÃãccCs“SC3ccƒsÄdÅ4P¥6öÇ–3vsc3##ÃãƒSS3“ƒ“s3"Ãã“3““S“#sC“sRÃãƒƒƒcCS3s““S2ÃãC“sƒ3ƒCƒsƒCƒC’ÃãcƒS“sƒƒcS#c“#‚ÃãccSƒƒc3s““CC"ÄdÅ4P¥6öÇ–3s#SSÃ#bã““s“#3“3Sc2Ããc“3##SsSSSƒ#BÃã3“#“s33Sc3ƒcsƒ#BÃãC“scSƒS3S3CrÃãcƒs#CsC3ccÃãccSƒcƒsƒS“scC’ÄdÅ4P¥6öÇ–3&s“ƒCÃ##c‚ã#S“ƒscƒCcBÂÓãSCcs““C“#sS"ÃãSƒ#“3C“"ÂÓãC“cƒ#cƒƒc##ƒƒ3cBÃãc“3SSCSSƒƒƒ#‚ÃãccSsƒc#3##““S#ÄdÅ4P¥6öÇ–3Fss#“ÃC‚ãC“CCƒsƒƒCƒ"ÂÓãƒCƒƒ###S#“c#cS#RÃãsƒSs#ss#“"ÂÓãC“cƒ“Cs#“ƒ“ƒ2Ããc“3#ƒs#ƒƒƒc#sRÃãccSsƒc#3##““S#ÄdÅ4P¥6öÇ–3†sc3Ãs"ãSCcSCS3ƒƒrÃã3s3cs3c“sCSƒ#‚Ãã##ƒ“3CCSSS#scsrÃãC“cƒ“ccss“#CÃãc“3#3c333CccÃãccSsƒc#3##““S#ÄdÅ4P¥6öÇ–3FsssÃSƒ’ãSccs3ccƒ‚ÃãS#ƒ3cSsƒsc3C#2ÃãcS33s3“ƒc“ƒ##“RÃãC“S“c“ƒcƒ“Cc“S"Ããc““#“3c3C#’Ããccc3s33#3ƒ#BÄdÅ4P¥6öÇ–3&sƒS“3rÃ#ãcƒsS“ƒ#3“bÂÓã“s3#“3#ƒ3cCƒ#sbÃã“c#“SCcSsCS3#3rÂÓãC“Sƒ3sSƒCsƒCsÃãc#3ƒ#c3“sƒ3rÃãccc3ssCsC“#CBÄdÅ4P¥6öÇ–3&sc3#SÃs"ãcc3CcƒCsc2ÃãƒSƒC##S#“S3“ƒbÃãcCcs“33sc#C3“2ÃãC“Sc#sSC##“C3#BÃãc#Ss#ƒSsCC32ÃãcccC“##c#CCss‚ÄdÅ4P¥6öÇ–3Vs#3scÃCRã33cƒƒScc“‚ÂÓãCsCCccCC3CcRÃã#“ƒc3sC“sscS3c‚ÂÓãC“Ccs““csSƒc“C#RÃãc#ƒ#cC““S#3BÃãccss#c#S““’ÄdÅ4P¥6öÇ–3&s3c#crÃƒRã3s#ƒssSSc‚ÂÓãsC33c#“ƒ3SƒrÃãSCSƒ3sc3CCcƒRÂÓãC“C#3c“c3#s#S3BÃãc#3ƒƒsƒ“Cƒ“ƒÃãccsCc“###ƒ“##“c2ÄdÅ4P¥6öÇ–3&sc#c“Ã#ãscƒCcsƒS’ÂÓã“S“S“#sƒS“3cbÃã3“ccƒ“CSC#cƒ“RÂÓãC“3“ƒS“ssƒƒcsrÃãc#3cƒ#Ccs"Ããccsc#cƒS“c##s’ÄdÅ4P¥6öÇ–3fsSc3ÃSbãCSs““““S3"Ãã#C#sC“ƒ3“SScRÃã#SSCSs##33sbÃãC“3s“3s“ssSC“C’Ããc#CSƒƒS“CRÃãccss#sCC#CcƒbÄdÅ4P¥6öÇ–3sƒ#cÃ“ƒRãcc“cSSC#ÂÓãC3ƒ33CcCƒ#ƒ3#rÃãƒƒƒSƒC##“C“3#rÂÓãC“3#“SScscccC‚Ããc#ƒ3scSSsS’ÃãccƒccSC3sS3sÄdÅ4P¥6öÇ–3&s“cCrÃbã#ƒSCƒ“C“3“BÂÓã#S““c#cCCSƒbÃãScsƒ##CC###rÂÓãC“#“ƒ““ƒcƒCrÃãc###Sƒs#3“###‚Ããccƒ#cc#cƒ#SCBÄdÅ4P¥6öÇ–3fsSCCSÃ#C’ã“C“#Ssƒƒ“scC2ÂÓãƒ3scC#cC“c“3s3C"ÃãssƒS3ƒSS#C#C2ÂÓãC“Cs“SCS3ƒƒ#SrÃãc#3s“C“CssƒsCsSbÃãcs#sSC3SCsS#RÄdÅ4P¥6öÇ–3VsC#sRÃ#“ã3ƒ““cssƒC"Ããcs““sc3“sS"Ãã#Sƒs#ƒcCc3““3s#rÃãC“#Sc3C“ƒ“C3rÃãc#3“S#Sc3SSƒs2Ããcs#SscCcsccc“ÄdÅ4P¥6öÇ–36sƒ#Ãc33Rãc#“3sC““‚ÂÓã3Cc3ƒ#C#SƒƒSrÃãsc“ss“c#“3“2ÂÓãCƒ““Cƒ3““s##CÃãc#CsccsSS#“2ÃãcsC3c3cƒ3cƒ2ÄdÅ4P¥6öÇ–3scƒCsÃ#ã“#cC#sS’Ãã“#cƒS#ssƒ3ƒ#bÃãƒC#33sCƒ“s3““rÃãCƒ““cCSCcsCSƒ3bÃãc#CSƒ“ƒccsCc"ÃãcsC3c3cƒ3cƒ2ÄdÅ4P¥6öÇ–3ss“cÃ3ãƒ3#ƒƒc3cC33RÃãs“C#“sS3“SsÃã3csCƒ“3SS“CSS2ÃãCƒƒc“ƒS“ƒcCC3ƒBÃãc#ScSsSs“C3bÃãcs33#S#C“#csbÄdÅ4P¥6öÇ–3†sc33Ãc‚ãSSƒs3sc33ƒ#c32Ãã#Ccƒ#scs“C#“BÃã#ScƒCƒsS“s3ƒbÃãCƒcƒƒscƒCc##rÃãc#c3C#ƒ#ƒ3#3cƒs2Ããcs#ccƒ#ss#srÄdÅ4P¥6öÇ–36sc3cÃC2ãSƒƒ#cC“S#c3ÂÓãCƒ“ƒƒs“ƒC3“c“cc"Ãã3cs“CƒƒƒcSƒ2ÂÓãCƒccccccCs33#SrÃãc#cS3s“ƒ3c“#c2Ããcs#ƒ3sCSS“c“CRÄdÅ4P¥6öÇ–3fsc“#Ã#ãSSSS#sSS32ÂÓã3#“ccC#ƒCƒ“S33rÃã##c“sSC#ƒcc3bÂÓãCƒSƒS“sƒ3sƒ“#RÃãc#ss#ƒsCCSc3sRÃãcs33s3Cƒ#s#Cc2ÄdÅ4P¥6öÇ–3&s3#Ã#Bã#ƒ#S“3#scƒsC32ÂÓã“ƒsCƒcƒc“cC“S2ÃãC“3SCc#ƒs3C#CRÂÓãCƒSC3CSS3cccƒBÃãc#s3cƒ#sScCƒsbÃãcs3cSƒCScs32ÄdÅ4P¥6öÇ–3–scSsÃCbã#S#“s“#3sCbÂÓãCsSCCS#3s#RÃã#“#cƒcS3sƒScƒ’ÂÓãCƒSƒ“csscƒÃãc#sSCƒ#Sƒ#cÃãcs3ƒC““cS3“#cbÄdÅ4P¥6öÇ–3scC“cÃ#‚ãssƒ33ss3CC3rÃã##“ƒ#sSCS#CÃãCs3“sƒ###“3“#‚ÃãCƒCƒ“CSSƒc3““2Ããc#ssSCSS“#“3“‚Ããcs3“ƒcƒCs“#3c3c2ÄdÅ4P¥6öÇ–3&s##ÃSbã#Ss#cSS“ƒ‚ÃãSƒsCCƒ3sScSs#’Ãã#3#3s3##cC#ÃãCƒC#cƒ#SSCƒ“’Ããc#ƒ#s3sCS“sRÃãcsCCCs#SS3#"ÄdÅ4P¥6öÇ–36sS““ÃƒS’ãS“S#“3ƒ##ÂÓãSƒ3ƒ“c#3“C“ƒ#RÃã#Sƒ3Sss“ƒscsÂÓãCƒC##S3cƒs33C#rÃãc#ƒ##S“3SSS#RÃãcsCCCs#SS3#"ÄdÅ4P¥6öÇ–3s3““ƒÃ#2ã3“cCsCcCƒ3BÃã3cSS3#C3cCcS3BÃãsSS#sC3“Ss3Sƒ‚ÃãCƒC“ccSCccc3#rÃãc#ƒ3s#33ssC#C33rÃãcsCS3#Css“3“ƒC’ÄdÅ4P¥6öÇ–3fsssÃS3Crãc3C“C“CbÃãCS“#““C#ƒC“3c3rÃã“C“#“S#c#ƒS2ÃãCƒ3ƒ3#C33ƒƒRÃãc#ƒSS““s#3CrÃãcsCc3SS“sƒsss’ÄdÅ4P¥6öÇ–3scSsCÃ#bã###csƒ3s“#s“BÂÓã“ƒcC“c3SƒSCSBÃãCcsss3Cƒ3c3RÂÓãCƒ3c#“Ss3ƒs#CBÃãc#ƒccscs“S33scbÃãcsCsssSc“csrÄdÅ4P¥6öÇ–3scCcÃ3cS“"ãC3cCC“Ãã3Cssss#3“RÃãc#SCc#C“ccCCRÃãCƒ3CSƒS3ƒccC“rÃãc#ƒss“#C3ƒsƒBÃãcsCƒC33ƒ#ƒsc’ÄdÅ4P¥6öÇ–3FscÃSBã#3C““Sƒ3“rÂÓãsƒSc#“ccRÃã3c“3cƒ#3ƒƒC3RÂÓãCƒ33cC“Sc“#2Ããc#ƒƒ3“3c3s#ƒÃãcsCƒscs#3ƒS#C32ÄdÅ4P¥6öÇ–36sSC#Ã‚ãsssCƒƒs#“CBÂÓã##“cccC3ƒ#“sBÃãCsCC#sc“ƒS“’ÂÓãCƒ3#ƒ#c3#ƒƒƒs“BÃãc#ƒ“Cs“###3’ÃãcsC“S3ƒ#3ƒ#“BÄdÅ4P¥6öÇ–3vscC“3Ã“ƒRãSS““c3SSC2Ãã3“cƒcƒƒ“ƒCƒƒBÃãƒ“sƒ“ƒSƒs“#ƒƒ“ÃãCƒ3Scc3sss3bÃãc#ƒ“ƒCSCƒ3sC"ÃãcsC“S3ƒ#3ƒ#“BÄdÅ4P¥6öÇ–3&sƒccÃ#cbãC“#sscSƒÂÓãss“ƒcc#ƒSscsÃãCcSƒƒ3s#C3“Cc2ÂÓãCƒ#“sS“ƒ#3“c#‚Ããc#“#s“#ƒC“s#"ÃãcsSS3“csS“s2ÄdÅ4P¥6öÇ–3VsCCCsÃs"ãc#c“S#ssc#3c"ÃãSsCƒc“CsƒÃã#3“sc3SSSsS2ÃãCƒ#ƒ#S3#sSCcƒƒsBÃãc#“#“scScCƒS“BÃãcsS#cssƒsCC“rÄdÅ4P¥6öÇ–3–sƒcSÃCbã3cƒcƒSCƒƒ“"Ãã3sc33s3“Cƒ“S#C‚Ãã#ƒS3SScscs#“srÃãCƒ#CccS#3ƒ3#3BÃãc#“S“““3“ƒ#SRÃãcsS3“ƒsS#ƒ33“SbÄdÅ4P¥6öÇ–3VsƒcÃBãƒS“#“cC3c“2ÂÓãCCscS“ƒCƒsCƒ"Ããƒ3“SsƒsƒSƒs#ÂÓãCƒ#Sƒ“cCs#ƒBÃãc#“c“ƒƒsƒ“sCbÃãcsSSc“#33ScC2ÄdÅ4P¥6öÇ–3&ssƒsƒÃ#‚ã#Cƒƒƒ3s"ÂÓãs#““Cƒ##cCC“s32ÃãScƒCSƒ#ss“CS3RÂÓãCƒ##ss3sC#bÃãc33SCcs3cCss“’ÃãcscƒccsSc##ÄdÅ4P¥6öÇ–3&s““ƒ#Ã#32ãS“3c#SCScC“2ÃãccC3CScscsSƒs3#’Ãã3ƒCS“3##ƒCS32ÃãCƒ#C“s3#cCS“C‚Ããc333“####ƒSS‚ÃãcscƒccsSc##ÄdÅ4P¥6öÇ–3†sƒ3#Ã3ƒBã“3“sS“Ss#sƒbÂÓãScScs#C#“33“sS#‚Ããsc#Sƒ3Cs#ƒc#BÂÓãCƒ“#SsCƒ##ƒs2Ããc3Sc“3#““#CƒƒbÃãcsc3cc“Sc#ƒSƒSrÄdÅ4P¥6öÇ–3–sCsƒcÃCã#ScS#ÂÓãScs333ƒCS3ƒs‚Ãã3SC##Sc3#sc’ÂÓãCƒƒƒscs“3“ƒc3SrÃãc3S“c3ƒSScC“c’Ããcsc3cc“Sc#ƒSƒSrÄdÅ4P¥6öÇ–36sssCÃ3S3‚ã#SsCS#CBÂÓãC3c““ƒƒƒcS“ÃãƒccC33#S#SSrÂÓãCƒSƒ#3CSc3sƒCS2Ããc3ƒ33cS#“ƒrÃãcscSc#SS#cs#SÄdÅ4P¥6öÇ–3ss““cÃ#ã3C3s#S“s3ƒc2ÂÓã##ƒ“c“cSƒ“cCS"ÃãCSƒsC#3##SBÂÓãCƒC3#“3ƒsscBÃãc3““c##SS“#BÃãcscc3Ccs““cƒs’ÄdÅ4P¥6öÇ–3vsc3sÃƒ’ã3SCS3cs“crÃã““S#csc33CcrÃã#cc3“s3Csƒ3Ss’ÃãCs“ƒ3ƒ3c33c#2Ããc33CscƒC#ƒ“scƒRÃãcssSC#ƒs3CcsRÄdÅ4P¥6öÇ–3Fssƒƒ#Ãs3Bãƒ“s#“c32ÃãCC3CC3“SSccscC‚Ãã“#C3#Cƒ“csSƒ‚ÃãCs“sccCsCƒcs“CBÃãc33“sc#“sƒ‚Ããcsscƒ3Cs#ccCRÄdÅ4P¥6öÇ–3vsCS3sÃCCrã3#ƒ““SCC33ƒsCBÂÓãS333C3Scc3#ƒ#BÃã3c“sccƒ“bÂÓãCsƒƒ“CCs3ƒcS“ƒBÃãc3#3sC#s#3s#’Ããcsscƒ“C““#ƒc“’ÄdÅ4P¥6öÇ–36s#S#sÃs“ã#c#C3sScCsrÂÓãCƒƒcSsS“ƒCCc#“RÃã#ƒC3Cƒ3cs‚ÂÓãCsƒcƒ#cSss3c"Ããc3#ccs3sCCcc‚Ããcssƒ333S#Ss“’ÄdÅ4P¥6öÇ–3&sscc3RÃ2ãcƒ“csS33sƒRÃã#cCCƒS#ƒƒc“3#3CbÃãSS3S#3s3s#ƒC#RÃãCssƒ#Cƒ“ƒ#ƒ2Ããc3#sssSƒ33cc“3BÃãcsƒC#“3ƒ“cSSScc’ÄdÅ4P¥6öÇ–3–scSRÃrãƒƒ“c#““#““BÂÓã3c3c#S##S“C#crÃãsSCc“#cƒƒSs“s“rÂÓãCssC“Ss“3ƒ“ƒSRÃãc33“s3S“#C‚Ããcsƒc3ƒƒCCS"ÄdÅ4P¥6öÇ–3&s““#CÃ#“"ã“CS#3s“33s#2Ããc“C#cscS“ƒƒ3bÃã#ssC3#CS3S#rÃãCssƒ#S#3SSSCƒcRÃãc33333Sƒƒƒ3C3s‚Ããcsƒ“3“S““C"ÄdÅ4P¥6öÇ–3&ssSÃ3#c"ãs“sc3C“CC32Ãã3“Sscc“3c#cÃãƒ#3#sSƒc3“CsBÃãCsc““CsCsc3sc2Ããc333cc3C“cS“S‚Ããcsƒ“Cƒ3“#ƒS2ÄdÅ4P¥6öÇ–3sSCÃs"ãƒ3C3S#C#33BÂÓã#ƒsc“ƒ#“SS#s‚Ãã#3cccƒSs3SƒS3’ÂÓãCscƒC““ƒ“sƒCSC"Ããc33C“3ƒcCƒCc“Ããcs“3ƒ“33#S3“sC’ÄdÅ4P¥6öÇ–3scÃCƒã#Sƒ#“ƒ#ss‚ÃãSc#“Cƒ3sC“3#c“SbÃãƒ3S#3“ƒ“CbÃãCscS3s3S3CsSrÃãc33c“c#cCs“’Ããcs“##ƒ3“cƒS#C‚ÄdÅ4P¥6öÇ–3fss3cÃccRãƒƒssC3Cs"ÂÓãCSSCsS“ƒCScrÃã“Ssc“Ss#cƒ3rÂÓãCsSS“s#SsC3“CCCsRÃãc3C3c3#“c3c3#c"Ããcs“ƒƒ“Csssc“c#3bÄdÅ4P¥6öÇ–3&s“#3ƒÃ“#‚ãƒcsc3SS“csÃãC#s#3SCsSƒ3“#ƒbÃãƒ“ƒscc#cccCS##BÃãCsS3SsscC#S33cRÃãc3CS3#3c“sS#Ããcs““S3Sc#sCcbÄdÅ4P¥6öÇ–3vsScsÃBãƒƒ#“ƒSc3“SS’ÃãƒS3“““c#““ƒ‚Ãã#Cƒ3Cc“S##ƒS““‚ÃãCsS3S“ccscCccbÃãc3CS3““C#C3c#rÃãcs““S3Sc#sCcbÄdÅ4P¥6öÇ–3s##Ã#ã3SCs#ƒ#cSƒSÂÓã#Sƒsƒs#ƒƒ#s‚ÃãS#“ƒsƒSƒcc##BÂÓãCsS3“ƒƒƒC“3Sƒc#rÃãc3CSscsC“ƒ3“ƒ‚Ããcs““S3Sc#sCcbÄdÅ4P¥6öÇ–3–ss#Ã#rã“ƒƒc#3ƒ3“2ÂÓãcsC“sCs“#c“#s‚ÃãC##CC“SSsSSBÂÓãCsCS3cƒ#“c3““RÃãc3S#S#3#c’ÃãcƒSCSS#SƒS“3RÄdÅ4P¥6öÇ–3&sc#SƒÃ#SBãs“##Sƒ#c#CC2Ããc3ƒSS“sc3C3BÃã3CSƒcƒ“##Sss“C‚ÃãCsCCssCCSCcSsSsrÃãc3SS“Css“CsS#ƒRÃãcƒSCcS##3CƒCrÄdÅ4P¥6öÇ–3†scsSÃsãs#scc“2ÂÓã3sS#s3ScƒS3C#RÃãsƒ3ƒCs“S#3#ƒÂÓãCsC3ƒ““33c2Ããc3S##ƒƒS#3ƒcs’ÃãcƒSƒC3ƒ3c#cRÄdÅ4P¥6öÇ–3†sƒcCÃ‚ãS3CƒSscRÂÓãC#Sc3C33ƒsCbÃãƒC“cSSƒƒcƒs‚ÂÓãCs3s3Sƒs3C3ƒSsBÃãc3Scƒƒ#ss#“s‚Ããcƒ33s#“3“s3’ÄdÅ4P¥6öÇ–3†scƒ“cÃ3ã““ScƒC#s2ÃãsC“ss#CCc“““"Ãã3c#3ƒScƒƒCSSs32ÃãCs3##s3##scS2Ããc3cSCc#S#bÃãcƒ3ƒ#c#““s‚ÄdÅ4P¥6öÇ–3sS3ÃCƒSãs3ƒCs“3Ss3"Ãã33sS3““sCsCcs’Ããc““C3ccCcC##2ÃãCs3S#3#ƒCƒSCRÃãc3cCcCs#Cs“#RÃãcƒC3cƒƒs“s3SBÄdÅ4P¥6öÇ–3VsSSc3ÃC3bã““3Cƒ#C##2ÂÓãSccc#CS“#C"Ãã“SCc33CSs“sƒ33BÂÓãCsc3ƒ#ƒ“ƒcc“CC2Ããc3sƒC““3C3#3’Ããcƒ#Ssƒsc3cCSBÄdÅ4P¥6öÇ–3ssS2Ãc’ã3Sc“Cccƒ3#sbÃã3##sc“Sƒ3““ƒbÃãcƒSSƒƒ3C3ƒC#3bÃãCsƒ3SSƒ#sSS#RÃãc3ssSƒS#cSc3CcRÃãcƒ3“#s#C#S#bÄdÅ4P¥6öÇ–3&sƒCS“ÃSBãsƒSCccƒsS3cC"ÂÓã3S“ƒ#sccsƒ2Ãã#s“3c““ƒS3CbÂÓãCsCCs#Cƒ“SC“3Ããc3ƒ3#3cCs#ƒƒBÃãcƒ3cSs#C#3““CC‚ÄdÅ4P¥6öÇ–3fsSC#CÃCã#s#““#s#33ccƒBÃãCCc#s3Cƒƒ3SrÃã3sƒ“3ƒSSSƒ‚ÃãCc“s3###3ƒssSÃãc3ƒSCc3CC#ccƒ‚Ããcƒ3ƒScS3c#“s#SrÄdÅ4P¥6öÇ–3Fss#cÃCCrã#sƒSCCƒƒbÃãS3ƒCC“3#ss"ÃãsCC33cCss#BÃãCcƒ“3csC#“3SCsBÃãc3“CƒS3ƒS3ƒccrÃãcƒC3ƒScCCCSs3CrÄdÅ4P¥6öÇ–3–scS“Ã3ãsS“c““"ÂÓãc#SC#ƒCƒCCs3cBÃã#ƒCƒc3ƒƒƒcSs“’ÂÓãCcƒ“SCccCC“cƒRÃãc3“#sSƒ“ƒ#RÃãcƒC3ƒScCCCSs3CrÄdÅ4P¥6öÇ–3Vs33Ã3ãsƒ###ssCƒsRÃãcƒScCƒ#SCSS‚ÃãCc##ƒ#s3“cS’ÃãCcƒƒSc““SsS“c"Ããc3“sƒS“ƒƒ“sRÃãcƒCCcƒ#ƒS#srÄdÅ4P¥6öÇ–3s“ss“ÃC#2ã“ƒ““3sƒC#BÃãScS“S““#3S“’Ãã#ƒ##sc“s“32ÃãCcƒC#3ccs“ƒ“c“BÃãc3“CƒcS“cC33“rÃãcƒCc“ƒcS3“SSsrÄdÅ4P¥6öÇ–3&s“##Ã“S’ãc“ccssC#ƒ"ÂÓãC#C#ƒCƒCSCcbÃã“#ƒƒCsƒc#3ÂÓãCcƒC3cSs3ƒ##‚Ããc3“cƒƒcssƒ3#ÃãcƒCƒs33#csƒ#‚ÄdÅ4P¥6öÇ–3sCS#Ã#bã“cSS#ss3S3SrÂÓãsssssSƒ3#SSS#‚Ãã3ƒ3ƒccƒ“#“Ss“#rÂÓãCcs3c“#3#ƒssƒBÃãcC#Ccss3“s3CcBÃãcƒSC3#SsSS“ƒ#S’ÄdÅ4P¥6öÇ–3vsSCÃ32ãƒscsƒCCCs3S“bÃãS#sCCC3ƒCcCc’Ãã3#CsS“S“ƒSs#BÃãCcccCC#SCc3#c2ÃãcCsSCC“c#cSc"ÃãcƒS“CScSƒcCƒ‚ÄdÅ4P¥6öÇ–3†sSÃãC##“C#3“ƒcSRÂÓã#s33CsCƒS““sƒ#3RÃãSƒc33s#“c“s3ƒ2ÂÓãCcc3Scƒs3sƒ3#ƒRÃãcC“csS3Cc3“’Ããcƒc#scCc“3ƒƒS"ÄdÅ4P¥6öÇ–36s“scÃ“#"ãcsƒs“3SC““ÃãC“C#CCCƒC33sBÃãƒs“sC3“c“#CƒbÃãCcc#ƒƒ#ƒcƒC#2ÃãcC“3SCC3SCbÃãcƒc3CSSƒCS#csSRÄdÅ4P¥6öÇ–3&sSc3Ã#CBãs33Sƒ“ssC“CS"Ããc#s3ƒ“Cc#ƒ“S2Ãã3Cc3sS“ScssƒCCsRÃãCcS“ƒ3ƒSscCSccRÃãcC##sSS##“C#"Ããcƒc3#sc#CsS“s‚ÄdÅ4P¥6öÇ–3sS3ÃS2ãSCsCƒ“##“c2ÂÓã3cC“c“ƒ“#SSS“3ƒbÃã#“3cCs3““CcSC’ÂÓãCcCƒ3#“Sƒ3CSCrÃãcC#Sƒ3SC“#S“"Ããcƒsc“c##ƒCsbÄdÅ4P¥6öÇ–3&scƒcÃrãƒ“cssSs2Ãã#3ƒS#3cCCCscrÃãCcC“cC3c33cs2ÃãCcC3“SS“S“#3BÃãcC#3cCcSs3ƒ“3RÃãcƒsCcSƒSƒs#3CÄdÅ4P¥6öÇ–3&scƒÃ33Rãss“#ƒ3###“‚ÃãS3#sƒ“#CcCSCC“ÃãCƒ#s3s3CSsC3"ÃãCc3““#CCƒs““33C"ÃãcC#cS3SSs3ƒ“cs"Ããcƒss33“cSCSBÄdÅ4P¥6öÇ–3VsS#sÃRãsƒ“ss“SC3CSs#rÃã#3“SƒSƒS#Cƒƒ##‚ÃãScs“sS3Cƒ#c“sSrÃãCc3Ccc“cSC#C3ƒSBÃãcC3#“cƒƒ3cssC‚Ããcƒƒ“cs“#ƒc#3s2ÄdÅ4P¥6öÇ–3sCS#SÃ3rã3#CƒsƒcCccƒ2ÂÓãƒ“CƒsCCƒc“RÃãsCƒS#“c#S“C#bÂÓãCc#“S3c#c3S“"ÃãcC33“ƒ“#3ƒ3s"ÃãcƒƒCSƒS#“#sc3bÄdÅ4P¥6öÇ–3–ssC“3ÃscbãCƒsc3ƒCSCƒ3RÃãSSsC3#3#“C3Ss’Ãã#CS“ƒ#c3SƒsSbÃãCc#sS3SccS3“SC’ÃãcC3SCscCCsÃãcƒƒSc3s“#“Cs3CÄdÅ4P¥6öÇ–3vscc“Ã#ã3ƒ“#s333ccscRÃã“ssSccƒsc##c“Cƒ2ÃãC#ƒƒsS3“#C“SRÃãCc“S3ƒs“3sc3bÃãcCCC3“S#s“"Ããcƒ“3ssCsScbÄdÅ4P¥6öÇ–3&sCCsÃ#CãƒCCƒCƒsS3SbÃãsCscCCS“S“2ÃãS#c#ƒ“SCƒ“ÃãCcs““c“S3Ssc’ÃãcCC##C“c“cƒcCC"Ããcƒ“#S3cC“s#cbÄdÅ4P¥6öÇ–36scCcÃ#c‚ãsCScC“#ƒSBÂÓã3#ƒ“csS“ccc#33“2Ããs3#ƒƒscƒSc"ÂÓãCc3scƒCscS3rÃãcCCS#ƒ#cCc#3#BÃãcƒ“C““sCs#“cƒÄdÅ4P¥6öÇ–36s“CcÃ#SBãSs3““cC“S’ÂÓãc#c““#ssCCC3BÃã3SsCc#Cƒ3C“sƒRÂÓãCc####“ƒƒc#3ƒ2ÃãcCCc3“#““3Cc#CbÃãcƒ“SsƒƒS“S#s“RÄdÅ4P¥6öÇ–3†sSƒ#ÃRã#ƒSS#“c3“cbÃã#c3c33“sSCƒc#SƒBÃãSs#“sS#ƒC3ss‚ÃãCcCCcƒC3ƒÃãcCSC3C3c#3ƒc“#‚Ããc“3ƒƒcƒ33SƒRÄdÅ4P¥6öÇ–3†s#“sÃc‚ã““sccƒ#c#“32ÃãC3c“3##““sSs“CbÃã“C““ƒsCƒ“csc2ÃãCS““3S“c3SCsRÃãcCSSc#ƒsc#ƒSC#3’Ããc“CƒS“c“3#33rÄdÅ4P¥6öÇ–36s“s#CÃ32ãcƒ“#ScS‚Ããƒƒ3s#ƒscsƒc3c2Ãã“##3cƒSƒsscƒƒrÃãCS“CsC“ƒ“#ƒBÃãcCSƒ“3sS#ssS“SbÃãc“s““cssS#3c3‚ÄdÅ4P¥6öÇ–3sS#Ã#3ãs#scS3Sc3rÂÓãc“sƒ#3“33CSc“ƒbÃã3#sƒS“SCƒ#bÂÓãCS“##SCc#“““"ÃãcCcs#Scc3#33C"Ããc““Ss#3S#Cs3rÄdÅ4P¥6öÇ–36s“CCÃ#rãs3s#3CƒƒSRÂÓã“33c“#CƒSc“ƒCCRÃãC#c“ƒS#Cs‚ÂÓãCSƒSSSƒ3c3S3#RÃãcCcSS3SsS3c“’Ããc“C#CCs#ƒ3S"ÄdÅ4P¥6öÇ–3&ssƒ3ÃCccRãC““s3SCssƒ"Ãã3#33S3ƒCcC“SCRÃãsSsƒƒ3csc“cRÃãCSsSƒs#c#CSC“#BÃãcCs#Cƒ““s#3“3SC’Ããc“##c“Ss#scÄdÅ4P¥6öÇ–3&sC3#Ã#sC’ãsCScSs#3ƒ#"ÂÓãC3S#ƒ“C“cscSss"Ãã“S33sS“S3#“#crÂÓãCSsSSS#3Css“"ÃãcCs#s#ƒ“cRÃãc“##c“Ss#scÄdÅ4P¥6öÇ–3–s“ƒSÃC“S‚ã“ƒƒ“SCC““s‚Ãã3#SssSSƒS3ScS3SSbÃãs#cS3ssc“Sc33’ÃãCSs3#CcS“#rÃãcCsSsSƒsSSsCsrÃãc“#3“s33CS“cƒ‚ÄdÅ4P¥6öÇ–3&ssSsÃCsS’ãs33ssc3cCƒ“bÃã3c“#ƒsSƒ#ƒ‚Ããsƒ“ccsS“CS3“#bÃãCSs3S3C#C#ƒSRÃãcCscCScC#“SƒcSbÃãc“#C3cS3sCc“rÄdÅ4P¥6öÇ–3Fs“3SÃs‚ã“ƒsC3s“‚ÂÓã3“Csƒ““ƒC#cc33‚Ããƒccc333Sƒƒ2ÂÓãCSSƒCC3SSSsƒ#rÃãcCƒS“Sƒ“3#3rÃãc“33cƒc3““#3ÄdÅ4P¥6öÇ–3vsS3cSÃcsãc3c3“cc#“C2ÂÓã#s“cƒ3#S#c“BÃãc#c3c#3ƒs‚ÂÓãCSSsC“CcsS#33RÃãcCƒcS3cc#3ƒSCrÃãc“33ss“CS3cCbÄdÅ4P¥6öÇ–36s3#“RÃ‚ãsCCsƒCs#ƒS“sc‚Ãã#“SsS“ss“333ƒbÃãcS#cƒsCƒ##“#cBÃãCSCƒ#cƒs#ƒ#“3‚ÃãcC“#33s“ccƒ3#‚Ããc“CƒSCs#3cCƒ‚ÄdÅ4P¥6öÇ–36scƒCÃãc“SC“cSc#"Ãã“CcƒCƒSCCSƒbÃã#ƒ“SS3###s“c2ÃãCS33Cƒ3ƒ#3“c#sƒbÃãcSCScSCCcS#3’Ããc“S#c““SS#3cScS"ÄdÅ4P¥6öÇ–3FssssSÃ"ã“sCCc3ƒs#S“rÃã3##S#CS3ƒC3c““BÃãsscSs3s3CSc2ÃãCS#SS#s3CSscRÃãcSƒsƒ“#C3s#BÃãc“Scsƒs#ccS32ÄdÅ4P¥6öÇ–3vsccS3ÃCRãcSƒC“ƒ#Cc#2ÂÓã“c““Cƒ33sC#“#2Ãã#CssƒC#SƒƒƒS3“ƒRÂÓãCScCsCCƒƒcSbÃãcSSSCc##CScBÃãc“c3csCS3“CsƒBÄdÅ4P¥6öÇ–3Fs#c3Ã#ãCs#CS“cScSsbÃã#Cc“sCsS3bÃãCS3cƒcƒ“sƒS#C"ÃãCS““3#sc“cs3’ÃãcS““C3“CS#“ƒc"Ããc“cs“sCS““s2ÄdÅ4P¥6öÇ–3sƒcsCÃ3c"ãc#cc#ƒcscS"Ãã3Cƒs“cƒSƒ3CCsBÃãssCcSs““3cS3C’ÃãCS#Scƒ3#sCƒ#bÃãcS#S#Sƒ3ccsƒSbÃãc“s3#Cƒ3Cs“C#’ÄdÅ4P¥6öÇ–3FsSScÃc"ãc#“ƒCS““ccBÂÓãs##CC#ƒCS3ƒ#’ÃãcS#c“3“s“bÂÓãCScS3“sccBÃãcS#cccsƒƒsssscs‚Ããc“s3“CCƒc#“CƒsrÄdÅ4P¥6öÇ–3†sƒ#c“RÃ#“rãs“SƒS“SS3S“bÂÓãccƒ3ƒSSSCs#Ccs"ÃãCƒS“3cS“cCcs‚ÂÓãCSƒSC3S#c“sbÃãcS#cCƒƒSC3C#S“SRÃãc“s3“CCƒc#“CƒsrÄdÅ4P¥6öÇ–3sc#ÃSsBã3sc3#ƒ’Ãã3sƒ#ƒccC3“CsƒrÃãƒ#Csƒƒ“3csƒSCSBÃãCC“cC3Ccs#C#BÃãcS#““SsscCc“C#‚Ããc“ssS3“s#3c32ÄdÅ4P¥6öÇ–36s#sƒÃCbã“ƒcs3s#cCC#‚ÂÓãssS“#c33cƒƒsBÃãSsCcƒssSssSƒC‚ÂÓãCC“3SC#Cƒ“#ƒƒ3’ÃãcS3sc3C“33sRÃãc“sƒ33#ƒ#ss#ƒ‚ÄdÅ4P¥6öÇ–3fss3“CÃ’ã#s33CsCSs3#bÂÓã#cƒCs“CSs“"ÃãCƒ#S““SCƒcc“cbÂÓãCC“333“3s“3s2ÃãcS3“3ƒƒCCc32Ããc“sƒ33#ƒ#ss#ƒ‚ÄdÅ4P¥6öÇ–36s“c“cÃsƒ"ã3C#CƒC“s3ÃãsscS#C3ƒCƒ33’Ããs#ƒSs“3c3sCcBÃãCC“#CSCƒ#33““c’ÃãcS3#SCSƒƒS“ƒBÃãc“sƒc#3sC“cRÄdÅ4P¥6öÇ–3–ss3sÃS‚ã#SCS3“CCsSCbÂÓãS“Cccs“C3CƒsCrÃã3#Cƒcc#ƒS33RÂÓãCCƒƒS#c3Cc3CsBÃãcS3S3ƒ“SSSC#cƒBÃãc“ƒƒ#ƒ“Cƒ“csbÄdÅ4P¥6öÇ–3ss##ÃcƒBãs#C#C##“#ÂÓãC“C33sƒ3ƒ3“sBÃã#SƒsƒcCs3s2ÂÓãCCƒƒƒ#sS“#ƒ#SBÃãcS3Scs#cs3ƒ#3’Ããc“ƒƒ#ƒ“Cƒ“csbÄdÅ4P¥6öÇ–3vsƒ#3Ã#2ã3“3ƒƒS#3C‚ÂÓãScSS#“3Cc“ƒ#Ãã#3SS“#SCƒ3SssRÂÓãCCƒCcc#sC3cƒ"ÃãcS3ƒcs#“C3ƒs‚Ããc“ƒ33“CcCCS3ƒ2ÄdÅ4P¥6öÇ–3–ssC“#ÃC‚ãCcsSƒ3#csSs’ÂÓã#ƒ3CCS3#ƒSsbÃã#ƒc#ƒs“cƒ““cc“rÂÓãCCƒ3C3“##SSCscRÃãcS3“33S3s3#s3RÃãc“ƒC#3““3ss2ÄdÅ4P¥6öÇ–3FsSs3Ã3crãs#ƒS3s#“3ScbÂÓãSƒc33ƒC#c3BÃã3C“c“cSCƒ#3cƒ#‚ÂÓãCCƒ#“C“sss##“2ÃãcSCS“sCSS3sRÃãc“ƒC3ƒ“3“3Csƒ“bÄdÅ4P¥6öÇ–3vsS““Ã3“Bã#“ƒƒ“#s33“2ÂÓã3ƒcƒ3Cc#sƒ3ƒRÃãƒcsSS#ƒ##3s““3rÂÓãCCƒ3#“3#““s‚ÃãcSCSs“#“ƒ“s#rÃãc“ƒC3ƒ“3“3Csƒ“bÄdÅ4P¥6öÇ–3sSs#Ãƒrã3ƒ#cƒƒsCcrÂÓã“C“Sƒc“#Ccc#Ãã#Cc#c#Sc#ƒS3bÂÓãCCƒ#c333sƒcÃãcSCc##C3#CƒrÃãc“ƒC3ƒ“3“3Csƒ“bÄdÅ4P¥6öÇ–3&sc##ƒÃ#c2ã#s“ƒS“‚ÂÓãC3CSSƒ3CSSCs“RÃã“#3Ccƒs“cƒsBÂÓãCCss#CS3sc#333bÃãcSC3S##ƒscc3sÃãc“ƒsƒcƒ#Sƒ“cSÄdÅ4P¥6öÇ–3sC“Ã3ãƒ“sS#S3#ƒc#CRÃãs“ƒs#3ƒCCs#’ÃãC“cS3C#3#ƒ’ÃãCCsSCsƒ3#3s“s#c2ÃãcSCCs“SS“ƒƒBÃãc“ƒsc#s“s“#rÄdÅ4P¥6öÇ–3VsC#3Ã3CRãs“C3“3C3srÃãC3cS#sSC“cS#Ãã“#3“S“ƒ#3“ÃãCCsSƒƒcCcc3cƒRÃãcSCCS“ss#rÃãc“ƒsc#s“s“#rÄdÅ4P¥6öÇ–3sc““3Ã"ã#CSƒ#“ƒbÃã#SS#sCƒcssƒSc“RÃãSs#ƒsc“C#cSs2ÃãCCScS““#““#S“ƒSƒRÃãcSSƒC#“3###Ããssss#cScc3#‚ÄdÅ4P¥6öÇ–3FsSs““Ã##rãc#3ƒss#“2ÂÓãCC#s3cSsƒ“3ƒ’Ãã““S3c“““ƒcƒrÂÓãCCCs“““ƒƒƒcSbÃãcScCsƒC“CC2Ããsƒs3S“#3s#sRÄdÅ4P¥6öÇ–3&sƒcsCÃbãCS““CCscƒ#Ããc#ƒS#ƒ#3“#bÃã#c###SC#S#C2ÃãCCCs“3“#scs#S’ÃãcSc“3CS3ƒ#“srÃãs#3“S3c3bÄdÅ4P¥6öÇ–3&sƒ“cÃCƒ"ãCsƒ#3cƒc##2ÂÓãS#ƒsS#ƒs3scS“2ÃãSCs#s“S“s"ÂÓãCCCSƒSC““S“ƒC‚ÃãcSc“#s“SsƒSSC“BÃãs#3“S3c3bÄdÅ4P¥6öÇ–3ssc“Ãs2ã#cƒ“CSScƒ3#rÂÓãc#S“c“scCCSsC"Ãã#c“#“SsCS3sƒbÂÓãCC3ƒsC#SSsCs3BÃãcSs33S#sC##sc3BÃãs3“#cS3s3ƒ“ƒ‚ÄdÅ4P¥6öÇ–3†sCSSÃSsrã#33#“sƒ“sCc‚ÂÓãSƒƒCs#ƒc3#3SCSbÃã3#c33“CScƒ“C3SRÂÓãCC3cƒ#C3ƒc“CCsC2ÃãcSs#s#Cs“3c“#3BÃãsS#3SC#s##rÄdÅ4P¥6öÇ–3fscS#CÃ3ƒ‚ãcS3sCC3SƒBÂÓãS##C“Cƒ“ƒ#ssC‚ÃãsƒS3S“SCscccBÂÓãCC3Cƒ#C“c3S##BÃãcSsCcsƒCs“cCS‚Ããsc3SƒC“3“BÄdÅ4P¥6öÇ–3fs3SCSÃSãsƒ#“##3SÃã#ƒƒ“SƒS3ƒƒccƒbÃãcS“sS“S3C“““C“RÃãCC3#C#ƒƒ“#3#s3’ÃãcSscs“sc“CcCƒ2ÃãssƒsCƒƒCÄdÅ4P¥6öÇ–3FsscÃCsBãSc#ScC““cbÂÓãS3CSccs##SC“RÃãcScS“#“ƒs’ÂÓãCC#SSc“cCS“2ÃãcSƒ3s“S3S#ScscbÃãs#SS“C#3SC“sBÄdÅ4P¥6öÇ–3Fsƒ#ƒsÃC2ãc3c3cƒcƒc“BÃã#s3SsCsCsSrÃã#ƒƒSsscC“sRÃãCC#S#cƒcscrÃãcSƒCSCSSS#ƒs2Ããs#S“S3sC#Cs““rÄdÅ4P¥6öÇ–3fss3cCÃ’ã3“#CƒCsS““ƒ“S2ÂÓã“3#sCs3c33cBÃãC3sC##cc3s“CbÂÓãCCcƒ3CƒCs3ƒcrÃãcSƒsƒ#cS3cC“3bÃãs#ƒ3“#sSƒs3S“’ÄdÅ4P¥6öÇ–3†scSÃƒ“’ãC3cs““ƒBÂÓã3sƒ“ƒƒ“##sSS3bÃãƒC##SCCƒ#cs3cCBÂÓãCCSSc“##ƒs#ƒ“rÃãcSƒƒ3cCscCSc#"Ããs#“#Cƒcc“SSc"ÄdÅ4P¥6öÇ–3&sƒƒ#Ã3S2ãC“sƒCƒsCs2Ããc3s#cc#sCƒcC33bÃãCCSC3c3ƒ###CRÃãCCƒƒS“ƒsCcCƒ“bÃãcS“#“ƒsS“##ƒ2Ããs33sc“SC3“CcBÄdÅ4P¥6öÇ–3scƒ3SÃ"ãs3ƒS“c3cc2Ãã#C3S#3#C“C“CSRÃãSS#sCc3ƒ““c#2ÃãCCSc“ƒƒsCcƒ"ÃãcS“S#CCcƒ#Scƒ‚Ããs3Ssc“s33sƒbÄdÅ4P¥6öÇ–3Vss#ÃCsRã3cCSs“ƒCbÂÓãS#S#CCƒsƒ“C“‚Ãã“#3CCSƒƒSssCBÂÓãCCS#sCCƒBÃãcS“Scc“c““S“S‚Ããs3SƒcS3#c“#ScrÄdÅ4P¥6öÇ–3&s“#“Ãƒ’ã#C#SSƒcC3ƒ3bÂÓã“#“ƒSS3“sSÃã#3ƒ#ƒ“ccSs"ÂÓãCC3““#ssss“c#2ÃãcS“cCs“CƒCC#S3BÃãs3c#s33“CrÄdÅ4P¥6öÇ–3†ssSc“ÃCcsRã“ƒC“CƒSCSRÂÓãcc#cssƒ3#s“ƒ’ÃãC“SS###s#bÂÓãCC33cs“3“ƒ2ÃãcS“ƒC“cC#CCƒc“2Ããs3s“3C3S#ƒCƒCrÄdÅ4P¥6öÇ–3s#SÃƒ#ãs3c#C““CCc"ÃãCƒCS#3SƒssSCs3RÃãsc3CC#3“3ÃãC3“ss“C#cC“3bÃãcc##“#C3#CÃãsC#““c#“SS32ÄdÅ4P¥6öÇ–3fsSSsÃc#BãSsSsC“ƒccSbÃãCSC“#C“CcCcSSBÃã3C“sCSƒsSC3SBÃãC3“SS3SS“ƒs3Css"Ããcc#cCƒ#SSs#"ÃãsCSsƒ#Sƒƒ“SBÄdÅ4P¥6öÇ–36ssC3Ãrãss#c“S33#3ƒÃã33“SC##scscsC2Ããc“CSƒƒ“SCs“cbÃãC3“3#scƒsƒcCBÃãccC#“#sC3sC“ƒBÃãsC#“cƒ#3ƒS“#2ÄdÅ4P¥6öÇ–3&sC“#ƒÃRã“ƒ3ss3S#CcbÂÓãƒ“C“C“Sccc#sƒC#"Ãã#3ƒ#C#sS#CS#crÂÓãC3“sƒ“ƒƒsƒCS3SRÃãcccC3#“ƒ#““‚ÃãsCCC#sc“C#ƒ“rÄdÅ4P¥6öÇ–36sƒÃ#‚ãsCƒC“Ssc“ÂÓãSsc3cc3cc32Ãã3S“sSCCSƒCrÂÓãC3ƒ“cc3cS“CS3RÃãcccƒccC““sƒ2ÃãsCCƒ““sƒc#ƒ#SBÄdÅ4P¥6öÇ–36sc3#Ã’ã“C#Sc3“SRÃã“sƒ“sƒ#c#CƒCS‚Ãã##ScSƒ3ccƒ#sSC#’ÃãC3sƒsƒsƒ#sƒcÃãccCsCSƒƒC“cc‚ÃãsS#ƒƒS#SC#S‚ÄdÅ4P¥6öÇ–3&s3ƒ“ÃCƒBãcCSƒCS##“3SÂÓãCcƒƒc“SS“ƒƒC“ƒ#ƒBÃãs#s3Scc#SSBÂÓãC3s33CS#3cƒs#cScbÃãccƒcƒscCCcS#3rÃãsSccƒ33SSScƒc3’ÄdÅ4P¥6öÇ–3–ss3Ãs3rã#S33CcSScSrÃãC“““#“SC3CƒƒbÃã“cs#“c3Cƒc“RÃãC3s#c#Ssss#cbÃãcc#“CC3ƒƒs“bÃãsSƒƒCSC#Cc3c’ÄdÅ4P¥6öÇ–3FssC“ƒÃsƒrãCC“#ScSCs#2ÂÓãC3“3S“““3#cs“rÃãSs3ƒs“rÂÓãC3cƒcC“““s#ƒc2Ããcc##“#Sc#ss"ÃãsS“ƒS3“sSC“’ÄdÅ4P¥6öÇ–3sSƒCÃCSbãcsC“3sC"ÃãCC“ƒc“3“##3C33bÃã#“cSCCC#Cc32ÃãC3c“#“ƒƒƒSSCCBÃãcc#sCCScs“Cc“ƒrÃãsS“ƒS3“sSC“’ÄdÅ4P¥6öÇ–3VsSC#ÃCcrãSsƒƒ“s#ƒ“#BÂÓãCSS““S“SC3C#3BÃãCSS#cƒ“3ƒƒƒ"ÂÓãC3c33sscc“C“CÃãcc#S“cƒƒs“#3“2Ããsc#sS#S3cs’ÄdÅ4P¥6öÇ–3sC#“#Ã"ãƒ“#ƒCƒƒƒc“#CBÃã##“csSs#ƒc“CƒC"ÃãS#cs#3c#sƒ“332ÃãC3cCS““Cc3ƒ“RÃãcc#ƒ33Sƒ“ƒ“cs"ÃãscCS““Ccc“c2ÄdÅ4P¥6öÇ–36s3sÃSƒã3C#SScS’ÂÓãCc3#“3##3C“ccRÃãSƒ#S#“c3cs“RÂÓãC3S“3Cƒ#ScsƒssBÃãcc#ƒƒCcƒc3c#2ÃãscSC“##SC3S‚ÄdÅ4P¥6öÇ–3&scs#3ÃS2ãscƒCCCC#ƒ“CRÂÓãsSSsCsC“C3SrÃãs3“#ƒƒsS#C3S#2ÂÓãC3CSƒ“ƒc3SRÃãcc3““SsCCC##s’ÃãssS#cSCSC“#rÄdÅ4P¥6öÇ–3&ss#cÃS#"ãCsc#3#scSSBÃã33cccCƒsSc“C3BÃãssCs3cSS3#cCSC"ÃãC3CSScsSc33S“3SSRÃãcc3ƒƒCƒ“CCsƒ#S‚ÃãssS#cSCSC“#rÄdÅ4P¥6öÇ–3vssc#Ã#Rã#ƒ3CC“CsC3srÂÓãs#““c#sss#2Ãã3“cƒccƒS#csƒsƒbÂÓãC33cCcCs3c“c3#RÃãccCSCSƒ3“S3c3bÃãsƒS###s“3SS‚ÄdÅ4P¥6öÇ–3†sccƒSÃ#BãCc3c“3sƒSC"ÃãcCƒƒS3#C“SƒbÃã3“3ƒS3ƒSsCBÃãC33Cƒ33ƒ3S#BÃãccCscssc3“ƒ“‚Ããsƒ#“3#s“3CCcrÄdÅ4P¥6öÇ–3fs3CÃs2ãc3CSC3SSCÃãCSsC#ƒ3sCsCƒSBÃã“3sƒSCsccƒs“3RÃãC3#c3c3#cS#cbÃãccS#ƒ3Cs#cC3ÃãsƒƒScsƒ#“ƒCSrÄdÅ4P¥6öÇ–3&sƒƒSÃcbãcc3Scccƒ#C#rÂÓãC“c“s33#3cC“#BÃã#cc#“3ƒCc“ƒSrÂÓãC3ƒc#c#ScscS3RÃãccSƒC##Sc3ScsrÃãs“CCSC3ƒ"ÄdÅ4P¥6öÇ–3&scCÃSrã“ss““sCS#CS"ÂÓãcƒƒ#cs“ƒsCc#3‚ÃãS“CC#s“#S“S“RÂÓãC3cs““C“sss’ÃãccS“s“ƒƒc3s“s“3BÃãs“CsSS3S“ƒ“bÄdÅ4P¥6öÇ–3&sCƒÃ3#BãCscc3sS““s2ÃãSsssƒS#CsƒsC3BÃã33ƒCƒ#s3s“c3csƒ‚ÃãC3css“c#“ƒs#CRÃãccS“s““cƒccSC#2Ããs“CsSS3S“ƒ“bÄdÅ4P¥6öÇ–3s#cÃCãc#3s“sƒ#bÂÓãCƒC3“#cC“CRÃã3C3“ƒCSc#s“ƒbÂÓãC3S#cCS“ƒs“CcbÃãcccƒ“c“s“c#srÃãs“SScƒƒƒCs##"ÄdÅ4P¥6öÇ–3&sƒ“Ã3CrãcS“Ccc3C#ƒ2ÂÓãSSc“cSssCƒcRÃã#ƒ“ƒScccCC“csrÂÓãC3#ƒSƒs“cRÃãccc3s##S““##CÃãs“sS#33ccƒCƒRÄdÅ4P¥6öÇ–3VsS#“#ÃSƒãSƒ#sSc#3ScrÃã3C3sS““sSSƒc3bÃãs“sS““cƒc#s““’ÃãC3“3C“SS“3C“bÃãcccSƒƒsCsƒS‚Ããs““#SCs#s“CCCBÄdÅ4P¥6öÇ–3Vs33#ÃC#ã3ƒ#s3ssScCSƒ2ÃãS“#3“C3C3Sc“3sRÃãƒ##ƒsc#scC3#"ÃãC3ƒƒCCƒC“cbÃãcccccsƒCSSRÃãs““s#3SCƒs#“RÄdÅ4P¥6öÇ–3VsSS3Ã#Ccãƒsc“CScc3cBÂÓãCc#c3ƒcss“cssBÃãsCC“CCCsC#ss‚ÂÓãC3ScCCS“ƒssBÃãcccsƒS3“#C“CsBÃãsc3“ƒ“SS#cÄdÅ4P¥6öÇ–3sCs#Ã#c2ãssScSs33“33ccRÂÓãSs#C#“33“cBÃã3#cƒC““3ƒS#ƒ3SrÂÓãC3S#ScCƒSCcƒC#rÃãcccƒ3333csss’Ããsc3“ƒ“SS#cÄdÅ4P¥6öÇ–3Vsƒƒ#Ãrã“ƒ3C3##s##C“2Ãã#ƒCssSs#csS#“#3RÃãCƒC3S“ƒs#S3SƒƒS2ÃãC3CcccC33#Sƒ#2ÃãcccƒSc##c#“S“C"Ããs#“S#c“sS3’ÄdÅ4P¥6öÇ–3VsSScÃCc2ãƒCC#cCs“rÃãCƒƒ3sccCsCbÃã“s3Cƒ3ƒCCScsS"ÃãC3#CSSscSc3#CbÃãccssSC3“ƒ33“RÃãs#Ss##3S3BÄdÅ4P¥6öÇ–3&sƒ3ÃCSRã3“ƒs“S#CcBÂÓãCs3#cƒsƒsCƒS3‚Ãã“Ss3ƒ#Csƒ“CBÂÓãC3CSSCCCƒ3ƒ#RÃãccsƒ“ssCƒsscƒbÃãs#ƒs3S““33“S"ÄdÅ4P¥6öÇ–3FsSƒÃ“CRã###3s““#sRÂÓãSC##S“sƒsc“ssrÃã#c#3C3cs#ƒSƒƒ’ÂÓãC#“SS““3Cƒ3CSƒ“RÃãccsSSƒ#3sScC32Ããsc““ƒC3s“#bÄdÅ4P¥6öÇ–36sscSÃcRãscs“sC“Cc3ÂÓãscc“scS33s##c’Ããss“S“#sc“3CcBÂÓãC#“CsƒcSCSƒcRÃãccsSsC“ScƒCƒs#SRÃãss#c3#c“S3#‚ÄdÅ4P¥6öÇ–3sƒ3SÃC‚ã#cs3Ccƒs#Sƒ“srÃãCc3ssCs#sƒCCc“SrÃãƒ#ƒ#ƒ3cSƒ32ÃãC#ƒ3#3ssC3SSsCbÃãccƒC3“ƒƒ#ccsƒRÃãsS“sƒ“3rÄdÅ4P¥6öÇ–3vsSÃã“C“##ƒ3ƒ3#BÂÓã#33#sc#“3sCCƒC“rÃãSCCƒCcƒ3s“ÂÓãC#ƒC““3“ssƒ3‚ÃãccƒSC“S“““ccBÃãsccƒsCs3ƒ2ÄdÅ4P¥6öÇ–3fsƒC3ÃSRã“##cc3"ÃãSƒS3#sƒS##33"Ãã3s#c333sss#“3CBÃãC#cC#cCSC“SccScBÃãcc“s“s#sscScƒ#"Ããs#“c3SSS#ƒs“2ÄdÅ4P¥6öÇ–3s##RÃs#Rã“ƒ“C#cS#Cƒ#2ÂÓãS“Cc3#sssccCÃã#3CSƒS3s‚ÂÓãC#cSS“Sss“sBÃãcc“““Cƒ3c#c3bÃãs33#s#ƒssC‚ÄdÅ4P¥6öÇ–3Fsƒ“ƒÃS’ã#ƒ“SƒCS3c3sBÂÓã3“ƒS“3Sƒ“ƒbÃã#cssSs#scsCs"ÂÓãC#SS3s3“S#3SSƒSBÃãcsCCC“cs##C"Ããs3SsSƒ“C“#Cs’ÄdÅ4P¥6öÇ–3FscCÃ##’ã3#SsS#cCScRÂÓãCCS3ccSS32Ãã“CC“ƒ3SsCcƒS#BÂÓãC#3ssƒs“sƒcbÃãcsssc“cƒc3ƒ2ÃãsC“C3s#s“ƒBÄdÅ4P¥6öÇ–3–sƒƒÃ“bã“s3ƒ3ƒC#‚Ãã“ƒccCsSS#s“C"Ãã#3#“C“scS3#Csƒs"ÃãC#3cƒCc#S3“crÃãcsƒS3ƒ#cCC#“sÃãsC“ƒCS““#3#“Ss’ÄdÅ4P¥6öÇ–3sƒƒcsÃ3’ãC#ScSsssC3RÃãscƒS“#s“#s‚ÃãcSCƒ3S3CcS“cRÃãC#33sc3Sc3sƒSSc2Ããcs##c“#Cƒcc“’ÃãsSƒ“ƒS““Cƒ2ÄdÅ4P¥6öÇ–3FssƒƒCÃ3‚ãC33“s3csCsS2ÂÓãCsƒ#3#ƒ3cc32Ãã#“S#c#3cCƒcssrÂÓãC#33“CCƒS3ƒ3#32Ããcs#sCcss#“ƒc“rÃãsSƒ“ƒS““Cƒ2ÄdÅ4P¥6öÇ–3Vscc“Ã#ã#c“csCCsƒ33C"ÂÓãƒCCc““Cc33ƒS#CBÃãC3Ss“#s#Sƒ“ssscRÂÓãC#3#““ƒ#SC“#3cƒÃãcs#scS#S“““SsRÃãsS“““““ƒSƒrÄdÅ4P¥6öÇ–3sCƒÃ“RãSss#cSsC"ÂÓã33“###Sƒ3Ss“#SRÃãƒ#C#sc“sƒS3ÂÓãC##“cƒCƒ“##“ƒcbÃãcs#3ƒSC3cSCbÃãsS3ccc#““ƒ"ÄdÅ4P¥6öÇ–3Fsƒs3Ã#ƒbã“Cs3#33ccRÃã3sS#““c“CC3“SsBÃãƒƒƒ#sƒ#3#rÃãC##c#ƒs3Cƒs#“sRÃãcs#Sccƒ3ƒc#CbÃãsSS3ƒsCS#CSSBÄdÅ4P¥6öÇ–3Vs33“ÃCã3#CCƒ“ssrÃãƒ#c3“cc#CrÃãC#c#“c33#“#C“SRÃãC##S3ƒƒs#3sbÃãcs#c3##“ƒSC##2ÃãsSSCƒ“sCƒƒCbÄdÅ4P¥6öÇ–3&s“““CÃCs"ã“scCSC#S“rÃãCsS#C#cCs“CÃã3SccCcƒƒc#"ÃãC##SƒSS#SS#“RÃãcs#cCcSƒ“3“ƒ3ÃãsSSCƒ“sCƒƒCbÄdÅ4P¥6öÇ–3&sƒCsÃã#3Ss#3ƒƒ33S#s‚Ãã#3c“#C““s“SSƒs’ÃãScƒ3s“ƒSsSCSRÃãC#c“c#“cs3#C“bÃãcs3#CcssƒScS“BÃãsc3sƒCCcƒ#SÄdÅ4P¥6öÇ–3FsƒCRÃ3rãC“sSC#“#S#rÂÓãc#ƒsSss#“ƒCccbÃãC“Cƒc#S“ƒCƒ#bÂÓãC#CSc“3sƒƒC3S#bÃãcs3C#CC“S“Cc“SÃãsc#ƒ##s#S3C#"ÄdÅ4P¥6öÇ–3&ss“Ã#Cs’ãƒƒ#ssC"Ãã#“S“#“3#C“““2Ããsƒƒs“ƒssc’ÃãC##“ss3Scsƒ#ƒRÃãcsC#cs“c3ƒ3“#srÃãssCc“ƒ#SsbÄdÅ4P¥6öÇ–3vscSÃ##2ã““s3ƒScc“BÂÓã3S“s“3##s#SSC‚ÃãƒScCC“sc3Ss#ƒ2ÂÓãC#sSS#“ss#SsBÃãcsCCs#c3ƒCƒ““S"Ããss3“sSCsƒ3#3RÄdÅ4P¥6öÇ–3–sƒ3“Ã“Bãsƒ“SS#s’Ãã#“3s“ƒsƒ3SCbÃã#cƒƒS33sS“ƒƒrÃãC““s3“33Sƒ“scRÃãcsCSCSsS33ss‚Ããss3“sSCsƒ3#3RÄdÅ4P¥6öÇ–3ss“ƒÃ3bã“Cc3Ccƒ#sc33RÂÓãC3“cCcsƒc#ccbÃã“cScC3“CccS3RÂÓãC“cc“Ss3SC##C#RÃãcsCs#cƒSscs3ƒSCRÃãssSCsC3ƒƒBÄdÅ4P¥6öÇ–3–ss“Ã3ƒ‚ã“Sƒ“ƒsss“rÂÓãCs“C3Scc“ƒrÃã##ƒCC“CCc“#c“2ÂÓãC“Csƒs3ƒƒRÃãcsC“33ƒC#3##’ÃãsscS“3ccƒSsc‚ÄdÅ4P¥6öÇ–3sscsÃƒ‚ãssCCSsC“ƒ#ÂÓã3“s#cCCCSSC“ccBÃã“CsC#CCS3ƒCC“ƒ"ÂÓãC“3“ƒ“#C#SRÃãcsC“ƒ“ccsƒ##“#bÃãsssC3ƒƒƒc’ÄdÅ4P¥6öÇ–3VsCƒ#Ã#rãSs#ƒ#sƒC3sSƒSS2ÃãcS“ƒ3“ƒ#s3BÃã3ƒCCc#SScCsƒbÃãCsssƒsƒ3ƒc#SBÃãcsc3“3Ss#BÃãsƒƒSC“C“#“3sƒ"ÄdÅ4P¥6öÇ–3&s3ScÃSrã“CcCssS“CccCCbÂÓãCSs3““SÃã#c3SCC“C“3Cs3"ÂÓãCsSC“CsCS#sCcbÃãcsc#scƒScs3c“3BÃãsƒ“ƒcc“cs##ƒ2ÄdÅ4P¥6öÇ–3VsSssÃ#sBãCSs#ƒ“cƒ“c#BÃãSS3#ss3c“ƒƒƒ"Ãã3ƒSsC“SSs33rÃãCs3S##“#S3sƒƒbÃãcscC#sCc3s#SS#rÃãs““s““s“SƒƒÄdÅ4P¥6öÇ–36sSsÃC’ã#cssƒCs#S’ÂÓãsSc3S“SSScc“2Ãã#ƒ#cc3ƒSƒ“s3SrÂÓãCS“Ss#C3#scÃãcssCs#scc“sC3Ããs#sCs“#SS2ÄdÅ4P¥6öÇ–3VsC333ÃSBã##“S“cCƒ#C"ÃãcsSƒSCscC#ccCrÃã3ƒcsss“cssS3RÃãCScC“S33###sÃãcsscs#S3“scCrÃãs#3CC“3CƒC3ÄdÅ4P¥6öÇ–3†sƒ#SsÃ#ƒ"ãcsƒ““CscSsBÂÓãs#cS“CƒSsbÃãsc3Ss3“S“#ƒC‚ÂÓãCS“CcC““#S“C"Ããcss“““CS3#ƒƒsbÃãs#cS#C#“3C3C“RÄdÅ4P¥6öÇ–3Fs“3ÃCãcSCƒcCƒcc“#ƒRÂÓãCc#cƒC#CCcS“ƒRÃãS#CSC3s##ƒƒBÂÓãCCƒC3““ƒsƒc3rÃãcsƒ#ƒS#ƒƒcCS““"Ããs#“3CsC3c‚ÄdÅ4P¥6öÇ–3sƒcsÃ##C2ãc3s3cƒÃã3#ƒcS“cƒsSƒc‚Ããsscssc3“cc#S33’ÃãCC3“#SSCƒss’ÃãcsƒSƒccsccƒ#ƒccÃãs#“#C“3CSc“bÄdÅ4P¥6öÇ–3†sS#“ÃSƒ"ãs“csS33BÂÓãC#scSC#S“C3ƒƒ‚Ãã33##“333s#"ÂÓãC3“Cs“ƒsƒS3“sRÃãcsƒ“sCc3c“Cƒ3bÃãs#Sƒ“#C#CSÄdÅ4P¥6öÇ–3fsS333ÃCs‚ãS““C#sƒ3cbÂÓã3s#c3c3ƒƒ3CccbÃã“S#cCcS3s#rÂÓãC3ƒc3cƒ3#BÃãcs“#CcSsƒ“#C2Ããs#Sc“cCs“bÄdÅ4P¥6öÇ–3&sccÃCCãScƒS“#““#2ÂÓãCCƒCƒ3#c““ƒSrÃãcS“#s“s“C3ccÂÓãC3Sƒs“ƒs“S“’Ããcs“ƒCc3SsSC“2Ããs#c“s“CS##Ccs‚ÄdÅ4P¥6öÇ–3scssÃ3ãC3c“ƒCs#“SƒS2ÂÓãCS“C“3cC“cSBÃã3SC#ccSƒCS“bÂÓãC“#3##““#C#“2Ããcƒ3“sƒ#C#“C3ƒcbÃãs##“C“s#ScƒƒrÄdÅ4P¥6öÇ–3fsc3sÃC#2ãCScs“ƒSS“‚Ãã3S#ƒcSSs3sSccƒ2ÃãsSS#ScƒsSƒƒÃãCSc3CcC##s‚Ããcƒ“Ssƒ“SCc“c3BÃãs#3S3C““Cc“c"ÄdÅ4P¥6öÇ–3&s“#ƒÃ3CC2ãsƒ#CCcCsƒrÂÓãS#Sc3ƒ“sƒcƒƒc‚Ãã#c“cscC#ƒSbÂÓãC“ccCSC“ccscBÃãcƒ“sC3#C3CSSRÃãs#3c“C3sc“#cÄdÅ4P¥6öÇ–3fsc#ÃC2ãC“ƒ“sƒ3#RÂÓã#ƒ“ssCcsS3cCSBÃãsCCSs#SƒCcƒ"ÂÓãCC“cCƒƒƒsRÃãcƒCCƒC#CCC3sBÃãs#3“33ScSƒ“RÄdÅ4P¥6öÇ–3FsscÃ3#bãS“CcCSC3C‚ÂÓã3ss#cƒcSƒƒ“ƒ2Ãã“3cc#sƒ“33sƒ2ÂÓãC#Cƒ#“S##CC“ƒ"Ããcƒc#3ƒcSCcƒ3BÃãs#CƒC“ƒ#3SsS“ÄdÅ4P¥6öÇ–3†sƒ3ƒÃCrãsS3S“sSC3BÃãC““#scSƒ“Cc“#BÃã““C3cC“CCƒ#sS‚ÃãC3#3ƒC33‚Ããcƒsƒƒ“#Css3RÃãs#C33S#cC3sS’ÄdÅ4P¥6öÇ–3–s“#ƒÃ#ãcC““cCcƒƒcrÃãsCƒ#s#CscC“sSRÃãƒ#C“#c“33sƒSc"ÃãC““C“S#sƒ“ƒrÃãcƒƒC3#Cƒc““S‚Ããs#C#3C3ƒS3sssrÄdÅ4P¥6öÇ–3fss#ƒsÃ"ã“S3ssC#“#S“2ÂÓã###cCcƒ“““c3Cc"ÃãSC3“sc3Ccc3RÂÓãC“33s“#3SscRÃãcƒ##“s3“ƒSƒƒÃãs#CcSƒ#ccCƒccs‚ÄdÅ4P¥6öÇ–3vsCss#Ã33‚ãc“3SSs#S“s#bÂÓã3#3“““s#“ƒƒs“#Ããs“S““ƒcsc3“srÂÓãC“#“ssSSCs#S#cBÃãcƒ#3#c#s3ƒ#‚Ããs#CcSƒ#ccCƒccs‚ÄdÅ4P¥6öÇ–3vscCCƒÃ‚ãƒ“3CsƒCSƒ“ƒ“RÃãsc33CSS3cC“rÃãC3CC“#ƒ##3CCbÃãCƒs#sSsCƒscSRÃãcƒ#sSsƒ““c“c“"Ããs#Sƒcs3C33C2ÄdÅ4P¥6öÇ–3scsSÃ#CbãSccC“ssBÃãS3CcC#s“ƒ#ƒ3RÃã#S##ccSscCÃãCƒ33csC#3CSs““rÃãcƒ3#cCcƒs#3SSbÃãs#S3#3S#c“#ƒS3BÄdÅ4P¥6öÇ–3ssSÃS#‚ãs“sc#s#’ÃãC33Cƒ#cƒs#c“c"Ããcƒ3“ƒ“ƒsBÃãCƒ#ScƒS#SBÃãcƒ3ƒ“cC33333#rÃãs#S3Cƒs#cC““ƒSrÄdÅ4P¥6öÇ–3sCSCÃ3rãS3s“sS“SƒCBÃã#“C#Ssscƒƒ“s32Ãã3sCCs#s3ssS“ƒ2ÃãCsss“CcC#CS“sbÃãcƒ3Cƒƒ#sƒSƒ#cBÃãs#Ss#““#s3CRÄdÅ4P¥6öÇ–3sƒCSCÃ“bãSC“s“#SCS“"Ããƒc“#sscs3sSƒcbÃã#33sƒƒ3c#“#sƒ“2ÃãCs3ƒCƒ“#SSƒ““s’Ããcƒ3s#S3#S3C#BÃãs#S“3“ƒSƒ32ÄdÅ4P¥6öÇ–3&sCCƒÃƒrãƒ#s##3“SscSRÂÓã33“3##C#cs“C‚Ããƒ#S3Cƒƒ3“ƒcS#BÂÓãCs#ƒ3s3S3s3c3ƒBÃãcƒ3s““cs3cc#Ããs#S“scs“3CScƒ2ÄdÅ4P¥6öÇ–3fsssSÃ“ã#s“#c““sS2ÃãCc#c3CsSCSsRÃã“““33SC3Scc3“BÃãCcSC#3c“““C3‚ÃãcƒC3CC3#“CC3#Ããs#cS3#sƒ#33ƒ"ÄdÅ4P¥6öÇ–3scCƒ“Ã#s"ãc#c#“CC“C“2ÂÓã3cƒƒ#“s3CCCCRÃã“ƒ#CsC“sƒ“sc’ÂÓãCc“CsS#ƒs“c“rÃãcƒCcs#“ƒ“ƒcscsRÃãs#cƒ#ƒCƒSsc3“‚ÄdÅ4P¥6öÇ–3†sC3sÃs"ãC3Ccsccs‚ÂÓã3s“Ss3S“3s3“BÃãsSƒ3cC3s#cSsRÂÓãCc#“cccc“ƒcbÃãcƒCs33“ss3c3’Ããs#cƒC“C#3#S#s"ÄdÅ4P¥6öÇ–36sc#cÃ3rã#CcScCC“ƒSCbÃã#CƒS#3c3Ss“SBÃã3ss“Csƒ#sscSrÃãCSsCs3S3SS3bÃãcƒC“#ƒ#CSC3ƒ‚Ããs#ss“s“csS3SbÄdÅ4P¥6öÇ–3fs3SÃ3#Bã#3S3ƒS3Css#“rÂÓãCƒ“Sss3Csƒ#"Ãã#sc““ƒc#ƒscbÂÓãCS3ssCƒccsS#bÃãcƒS#SssÃãs#s#S3csƒcSBÄdÅ4P¥6öÇ–3s3CCÃƒ2ãcsCsSSsCƒ#BÂÓãC#“c““Sƒ“ƒ#S2Ããcs“ƒ#scs“c3‚ÂÓãCS3ƒ#ƒ#3sCbÃãcƒS#S“ss““S“Ããs#s#cScccs“cc’ÄdÅ4P¥6öÇ–3&sc“ÃCƒRã“““ScƒCCCcƒRÃãS#csƒS#c“cSS2Ãã3#sSƒs““sc##rÃãCC3c#ss#SBÃãcƒS“CssS3sSsSÃãs#s“c#C##s3S“ƒ‚ÄdÅ4P¥6öÇ–36scS3S2Ã#ãCc33ƒC“s“S3#‚ÃãcƒSSƒ33ƒSSC“sS2ÃãCs3#3ƒ33CSS#bÃãC3“cSc#ƒc"Ããcƒc#ƒC3#Sƒƒ#3bÃãs#ƒ#sS#S“#ƒ“Sƒ’ÄdÅ4P¥6öÇ–3vsC#s#Ã#’ãCSSƒss“s3ƒBÃãSƒS3s##“ƒƒs‚Ãã3“#Scs#“#CCƒc2ÃãC3ƒCs#sS“SƒSBÃãcƒc3#S3#S##“#CBÃãs#ƒ#s“CC33Cƒ“RÄdÅ4P¥6öÇ–3s##Ã‚ãcCcsCcsc“ƒCrÃã3#s3ƒccƒ3S#RÃãs“3C#CS““““33‚ÃãC3CSCSSƒcƒcCrÃãcƒcc3ƒSsƒc“Ããs#ƒSC3ƒsƒC3RÄdÅ4P¥6öÇ–3sƒsSÃsRã“ƒ3sCCCƒ3ccC"Ãã“s“#cC#““S#C‚Ãã#C#ƒ#33S3#ss#3"ÃãC3#ƒsCƒƒcS‚Ããcƒcs3csCS3cbÃãs#ƒc3##SSs#s‚ÄdÅ4P¥6öÇ–36sC3sCÃBã““scs3c“CS’ÂÓã#CC3cc##sc#S#“CBÃãS“s“cCSs#C3#2ÂÓãC#sCSSc#““ƒRÃãcƒƒCCƒSS#cC"Ããs33C#CS“S#’ÄdÅ4P¥6öÇ–3†sscSƒÃ“"ãƒ““ƒCƒcSC332Ããc“cScS3s#ƒƒSBÃãS#3ƒ3#ƒ3“S3ƒBÃãC“ƒ“#s3Cc“RÃãcƒƒC#ƒc““s#3cCbÃãs33C#CS“S#’ÄdÅ4P¥6öÇ–3sC“ÃCsRãƒ“3ƒ3“S3S3RÂÓãCcs3#““#3SC“SrÃãccCs#Sscssƒƒ"ÂÓãCc#ƒ#“CssC###BÃãcƒƒc“3ƒSCc3‚Ããs3SCcƒƒ###ƒ’ÄdÅ4P¥6öÇ–3sCScsÃ#c‚ãSSsSC#c“3RÃãSSƒsCCƒcSSƒ’Ãã3“#“SSsS#ScS3bÃãCcC3ƒCsScc3rÃãcƒƒcƒCsc“sRÃãs3SCcƒƒ###ƒ’ÄdÅ4P¥6öÇ–3sCs#sÃsS‚ã“S“sS“SCsrÂÓãCCƒCsc3s3cƒ3“CBÃã“ssƒsƒS3“ƒs2ÂÓãCCS#CƒcSCC2Ããcƒƒƒ#3c“s3cCc2Ããs3c3SSC3333#CS"ÄdÅ4P¥6öÇ–3fsƒ333ÃrãcS3C3s“Sc3“bÃãsc“#SCsƒC“BÃãCC““33S#333RÃãC3#csS“sƒƒSs“RÃãcƒƒ“Sƒcƒc#“32Ããs3c“###SSƒcS2ÄdÅ4P¥6öÇ–3vsscsÃcãƒ3“Cƒc#sC#“3"ÂÓã“ƒS“sssSS#CbÃã#““CScccSSƒS##rÂÓãCssc#3c““Ss#bÃãcƒ“““3S3#““ƒ“bÃãs3ƒC3csC3c#S3’ÄdÅ4P¥6öÇ–3†sscCcÃƒs’ãsƒCs#ƒssCrÃãS3ƒSC“#c#s#c"Ãã3CcC“sC““ƒ#2Ãã3“““SscCssCc#’Ããcƒ“ƒsscƒ3#ƒ““’Ããs3ƒ“S##3sc3rÄdÅ4P¥6öÇ–3VsSssÃC3bãƒssƒ#“#SRÃãCSs###““c3“BÃãCC3sc#Sƒ#CcBÃã3““Cs#ƒ#s“cƒ“‚Ããcƒ“SCS“s“Ccsƒ’Ããs3#3#“ƒƒS#Sƒƒ’ÄdÅ4P¥6öÇ–3&ssSsRÃã““cccs3ƒcC33ƒBÂÓã#CsssS3c“#RÃãS3c“csS3“CRÂÓã3““3#s“ƒ#C“C#BÃãcƒ“cS#33sS#S#RÃãs3333cs#ScƒSbÄdÅ4P¥6öÇ–3†ssƒ3sÃSRãS3“CC“Cƒ3’ÂÓãSSc#“3ssCbÃã#“SSsƒ3ƒ““‚ÂÓã3““#33s“#SCbÃãcƒ“s#3S3#3cSS“2Ããs333cƒscSƒ#3‚ÄdÅ4P¥6öÇ–3sƒcCÃ#Cã##cƒ“Cƒ#S3ƒbÂÓãCƒƒCcc#c#ƒC#sBÃã##CSC#c3“c“s#"ÂÓã3“ƒƒ““ƒ33C3CSCRÃãcƒ““s#ƒCC#“CƒÃãs3SS“C“#“#‚ÄdÅ4P¥6öÇ–3scƒ#Ã’ãCƒCc3#SSCsSrÂÓã#3“SƒC“ƒC#csCƒ"Ããc##ScsS3cBÂÓã3“ƒC“Ccssc#ƒ2Ããc“#cSc3#scC#"Ããs3ƒ#s#sS33c3#rÄdÅ4P¥6öÇ–3fss3#ÃƒrãScScCC“SSbÃãcCcC3s#“C“ƒƒs3Ããc##“Sƒƒ#SS#SBÃã3“ƒ3sƒƒ#ƒ#S“ƒbÃãc“C3#Scƒc#rÃãs3“3“ccƒCsCcbÄdÅ4P¥6öÇ–3†sS#Ã#C2ãcsƒ3ssC“SbÂÓãc#ccƒ“3ƒ“c3#bÃãSsC#S33SS3cSbÂÓã3“ƒ3sCƒS““sSƒRÃãc“SCc3C33c3srÃãs3““ƒ#3C#cS“BÄdÅ4P¥6öÇ–3sSC"Ãsbãs3Scƒ#C“ƒ“bÂÓã“CCƒc#“Cc#RÃã#3s3S3SS3s##RÂÓã3“ƒc33SS3Cƒsƒ#RÃãc“S“ssSƒSsƒcÃãs3““ƒ#3C#cS“BÄdÅ4P¥6öÇ–36s““cÃ#ãcƒss“C“ƒcCbÃãss3C“sc3Cƒ“C“rÃãCCSSs3#“ƒs“s2Ãã3“ƒ#CC“cs#ƒ3rÃãc“c##ƒcC#sRÃãs3##Ssc#Scs#S2ÄdÅ4P¥6öÇ–3fssƒCÃrã“Cƒs“S“#C“#rÂÓãsSs““#“CƒsC#BÃãCC““3C#sccbÂÓã3“sƒS##ƒƒCCScRÃãc“scc3“S“#ƒCsƒ"Ããs3#Csc#sS““#bÄdÅ4P¥6öÇ–3sc“S#Ãcƒ’ãcƒ##““S3SBÃãCsCs##cSC“SBÃãƒCC“Sscƒ33C2Ãã3“s3ƒ“cS#C333BÃãc“ƒs“c3##ƒ2Ããs3#C3sC3sƒ“SscrÄdÅ4P¥6öÇ–36sCCÃ3s‚ãSƒ#ƒ“s3C“RÃãS“cc3CC““CƒscBÃãS#“#scssCS"Ãã3“c“cccS#ƒ“Ããc“3“cSss3ƒSsƒ2Ããs3#s3C#sƒcSc“BÄdÅ4P¥6öÇ–36s#33Ã2ã#cƒ3SCƒs3"ÂÓã##s3ƒC#S“Css2ÃãSs3S“cscs“srÂÓã3“c“#3sƒS“C#s#2Ããc““c33#ƒssC32Ããs33#ƒƒc3#ssCrÄdÅ4P¥6öÇ–3sScs“Ã"ã3ƒ#C#ƒCrÂÓã#3““CS#cc####sÃãccS“3ccƒ3sc“bÂÓã3“SScsc#cs“BÃãc“#C#ƒ3S3s3SƒRÃãs33cƒS3s#3S33s’ÄdÅ4P¥6öÇ–36sCCs#ÃS‚ãCC3ƒ“sCC#SSRÂÓãc##sc#ƒ3ƒsCcc’ÃãSsCS3#3Cs“cSrÂÓã3“SS##c“SƒcssCRÃãc“#CSssS3#cƒ#“‚Ããs33cƒS3s#3S33s’ÄdÅ4P¥6öÇ–3†sscCÃ3ƒbã#3#c“Cc3RÂÓãCs“3ƒC#“ƒ#Scƒ32Ãã##C##cs33‚ÂÓã3“SS3ƒ“SsSrÃãc“#CSs#c#Cƒ2Ããs33cƒS3s#3S33s’ÄdÅ4P¥6öÇ–3fscc3Ã““RãS“s“ƒ“#sCCC“"ÂÓãC3Cƒscs3cSc3ƒ#SRÃãƒC3cs3c#’ÂÓã3“Ccƒ#c3c3S33BÃãc“3ssCs3#c3Ããs3C3##“3#sssrÄdÅ4P¥6öÇ–3&sc#c3Ã3"ãC3s#S##S“SBÃã3CSƒƒƒ3““cscrÃã33“SsSS“csS“##rÃã3“CƒS“CCsƒs#"Ããc“3CC3scƒ#c3#SÃãs3CcCS“SƒcSbÄdÅ4P¥6öÇ–3Fssƒ“SÃCãƒ#S“#S3SBÃã3““scs“Sƒ33s"Ãã33#Ss“SCc3RÃã3“3“c“SCssSƒ“"Ããc“3c3S##csCƒ3BÃãs3Css#ƒcc#Cƒ“RÄdÅ4P¥6öÇ–3&ssƒÃcã#3“c“ƒ“cSscbÂÓãc“cccS“ƒsC3’Ãã#s###3ƒcƒ#“SrÂÓã3“#“S3CC““S3ƒbÃãc“C3SSSsSC#sC“SBÃãs3SSƒ3cCƒs#S“rÄdÅ4P¥6öÇ–3FsS3Ã3ƒã#s“s“Cc3’ÃãScsƒ#S#sS3ƒRÃã#ƒ“sƒ“cC“#cSS3RÃã3“#“#cSƒCC"Ããc“C3sssƒSS“s3ccbÃãs3SSƒ3cCƒs#S“rÄdÅ4P¥6öÇ–3–scS“CÃ#rãSƒSCcSS#SRÂÓãs##ƒC3##S#C32ÃãC3ƒ“ƒ3sCƒcÂÓã3“#S#“ƒc3ssc#3BÃãc“Cccs#SSSCc“3"Ããs3Sss#S3#ƒ“S“ÄdÅ4P¥6öÇ–3fssS“3ÃSRã##3“c“ƒCs3C"ÃãCƒƒƒ#sC3“‚Ãã#Sc“cSC““sScs#BÃã3“#3S“ƒs33ƒ#SCcBÃãc“Cs“#““ƒ3#ƒrÃãs3Sƒc3##““s“C#BÄdÅ4P¥6öÇ–3scƒ“ÃcãSƒC3c3#S‚ÂÓãc#sssS#SCc#ƒ3RÃãcCƒssƒ“cCbÂÓã3“##ScScRÃãc“C“ƒ#CcƒC“#S##‚Ããs3c#SƒscC#Cs2ÄdÅ4P¥6öÇ–3s#ƒ“3Ãss2ãs#scS“Cc“"ÂÓã3“3“ƒ#CƒS“cƒ#2Ãã33CC33cc“rÂÓã3““ssƒCsƒ“c3"Ããc“SsCSƒScC“##"Ããs3cscs3CC#cCRÄdÅ4P¥6öÇ–36sƒ3cÃC3rãSCCCcC“c#3"ÂÓãC“#s3#ƒ“ƒƒsBÃã#Ss“CC#“SC3“ƒc2ÂÓã3“c“Sc#ƒ33CƒCÃãc“S#ƒ3#SCCSC“RÃãs3c#SScSscc3“ÄdÅ4P¥6öÇ–3Vs3“Ã#ãƒƒs“s3#sSSƒ#CRÂÓãcSS“#3s#c3s‚ÃãC#3C33ScS“C“BÂÓã3“s3#SRÃãc“SsCS#SCS“Csƒ‚Ããs3cs#“sc“ƒ#ƒ2ÄdÅ4P¥6öÇ–3†s#3C“RÃãc3S3ƒƒc###C2Ãã#SCƒƒ“3#Sc2ÃãcC3ss3C3SC“2Ãã3“““ssCS#ScScSRÃãc“Ss“ƒ“#Cƒ“““s2Ããs3cscCc#cCcs“2ÄdÅ4P¥6öÇ–3FscÃCCBãCCs#c3“3sC’ÂÓãC#33#sc“sSC“cCSbÃãsc3s“CS#cBÂÓã3“cC“3ƒ#srÃãc“cc3#3““CCRÃãs3c“S3ƒcƒ“s3SrÄdÅ4P¥6öÇ–3ssSƒÃcrãsƒsƒS“#S#“ScrÃã““ƒsCCcƒ3’Ãã#SSScssƒ“ƒ3#RÃã3“S“ccc#“crÃãc“cS#sS“#s3C"Ããs3sc##“c““ƒsBÄdÅ4P¥6öÇ–3&sƒCc#ÃCBãC##“#Cc33C#2ÃãC#“S#C“sSCcc“2ÃãC“3ƒ#3“#cs32Ãã3ƒ““Csc“#“sSsBÃãc“cSsS##c3#“cCbÃãs3sC##ƒs3S2ÄdÅ4P¥6öÇ–3&ssƒ#ƒRÃ3’ã3cssƒ“Ccs#SbÃã3ƒSƒ#ScƒCss"Ãã3SSCƒCs3CCcCrÃã3ƒ“sC#““SÃãc“cs#s“3SS#CcrÃãs3sS3ƒs3ƒc3c‚ÄdÅ4P¥6öÇ–3&sSc"ÃS2ãC#ƒ3CS#c#rÃã##s3sƒsCs#ssƒRÃã#c#SƒscCcs3ƒSRÃã3ƒ“C“3#3“s“rÃãc“c“CC“““Sc2Ããs3sc3“Cs#Csc##ƒ"ÄdÅ4P¥6öÇ–36sc“#Ã"ãs##3c3#c“ƒ“ƒ#‚ÂÓã#ƒ3#sCs#ccbÃãSSc3sCs“ƒ3cS’ÂÓã3ƒ“S“sƒ3CCSSÃãc“cƒ““sCƒc#cS3‚Ããs3sc3“Cs#Csc##ƒ"ÄdÅ4P¥6öÇ–3–sS“cÃ#Srã“s#ƒ#“c“cs“#‚Ãã3ƒ3“ƒ““ƒs“3BÃã“sccSS3SscƒS3#CrÃã3ƒ““cCScCƒƒbÃãc“s#Cƒ#Cƒs“sss"Ããs3s“sSS3CC3ssS’ÄdÅ4P¥6öÇ–3FsssÃ3Bãs#CSƒc#S3#ƒCCƒRÃã#ƒSƒcSC“S“Cs“bÃã33ssƒS““Csƒ#CBÃã3ƒƒs3“cCsƒ“3rÃãc“sCc“C3SScBÃãs3ƒCCƒCcCS3ƒbÄdÅ4P¥6öÇ–3–sSs“#Ã3Sãcs““c#C“ƒSRÂÓãS#sC“cS#c#“#SbÃã3CS“3ƒƒ“#ƒC"ÂÓã3ƒs“C3“c3c“cccS2Ããc“ƒSsS#cC“#crÃãs3ƒs#C“Cs“sƒC’ÄdÅ4P¥6öÇ–3&s“CÃ#ƒ32ã#Css#ƒCc3bÂÓã3sƒ#C##ƒBÃãƒ“s#s“#Ccƒs“SBÂÓã3ƒss“s#cC“#bÃãc“ƒ##3“ƒScsssScrÃãs3ƒƒSƒS“S“C#Sc#‚ÄdÅ4P¥6öÇ–36sƒ3#Ã#rãcSS“#““#RÃãCsCcc“ƒ#CsCS#‚Ãã3ƒC#3“333C#3cRÃã3ƒsc3ƒSS3ƒƒ“‚Ããc“ƒ#ƒ3S3SC“c33C"Ããs3ƒƒs“sƒc#“C3BÄdÅ4P¥6öÇ–3&sscsÃ#"ãcCs3sSSsCs#ƒ2ÃãcSsSc##ƒcsrÃãC#cS“SSccCS#CCbÃã3ƒs3sC#ƒCS#33RÃãc“ƒs#ƒC““#sCƒ"Ããs3“3s3SSƒs#SccRÄdÅ4P¥6öÇ–3VsSc#ÃcBãScCSC“““##“"ÂÓãcCSsS3c“ƒs“srÃãcc“3S333“CƒssrÂÓã3ƒc“#3SC33Sƒc‚Ããc“ƒƒ#ƒC“ƒ3cCS‚Ããs3“3sccCc#RÄdÅ4P¥6öÇ–3Fs#cÃ’ãc3#sc#Cƒ33ƒbÃã#CCc#S33CSS3SrÃãc3#3s#ƒ“csƒs’Ãã3ƒcƒ3sS3cs“sƒ"Ããc“ƒƒscsc“scS#“cÃãs3“3s“#3““ƒ3Sc2ÄdÅ4P¥6öÇ–3&ss“CÃsS2ãƒSSc“Scs3ÂÓãSSƒs“CC“sC#3bÃãCC3ƒsƒ“SCc‚ÂÓã3ƒcc#sƒsC3RÃãc““Sƒc3ƒ““s#2Ããs3“C“3#sCƒc“CrÄdÅ4P¥6öÇ–3&ss#cRÃ’ãc3ƒCCƒ#CrÂÓã#3“ƒcsss3Cs“ƒƒS2Ããc#Cƒ#3#CSCSCrÂÓã3ƒcSƒ#scc33#“2Ããc““cSƒ3SCcs“rÃãs3“C“3#sCƒc“CrÄdÅ4P¥6öÇ–3fssC“ƒÃ““ã3C3CC#3CrÃã#3ƒ#C“cSsc“ScSc“"Ããcs3C3333ƒ3srÃã3ƒS“#““cSccƒ#CRÃãc““SC“cƒ““3SBÃãs3““c#cc“3S#C‚ÄdÅ4P¥6öÇ–3vsS3ƒÃS’ã3ƒCƒcƒ#ƒCÂÓãsS3ƒCS3“3S“CcRÃãƒSCƒ#“sCSc#S3’ÂÓã3ƒScƒsCC#sCƒss’Ããc““s#ƒc3ƒƒƒ“"ÃãsC“CƒC#sƒ““rÄdÅ4P¥6öÇ–3&s3cSÃ3ãƒcss3ƒsBÃã3cƒ33“#ƒ“C“scBÃã3SS3ƒCC“ƒƒ33csrÃã3ƒSCSƒss#sƒ3s2Ããc“““3cs33c“cc’ÃãsC#ƒsC“cC#“s“2ÄdÅ4P¥6öÇ–3VsSSCƒÃcS"ã#Cs3C“ƒC3#ƒ’ÂÓã3c##ƒCsCsCS’Ãã“3S“Sc#“##CcC"ÂÓã3ƒCƒssCƒ3#3s“ƒ‚Ããs3#ƒƒ“Csƒ3rÃãsCcSƒ“Ss##3C3RÄdÅ4P¥6öÇ–3–sƒ#Ãƒ“2ãS3C““S3BÂÓãSCSSSƒcƒScCSBÃãCƒsS#C“cƒSS“‚ÂÓã3ƒCC“cƒc““ƒ3##Sc2Ããsc#S3C#Sƒ3‚ÃãsC“CSCƒC3cCs"ÄdÅ4P¥6öÇ–36s#3ƒÃS‚ã3s3#“#Cc“##BÃãCss#sCScƒRÃã#““SCcC3ƒC““"Ãã3ƒ3SCsS##cƒ#3BÃãscSS#s3“CC“’ÃãsC“#CC3cCcƒ3s3bÄdÅ4P¥6öÇ–3†sCƒ#CÃ##bãs#ƒƒƒƒsS3#S‚ÃãSSSC“Cs“SC#ƒrÃãCC“#c“ƒs##3s#“"Ãã3ƒ#“s“sSCsCcbÃãss3Cƒs3s#s#RÃãsC#ƒCccs33sS"ÄdÅ4P¥6öÇ–3s#ƒ#Ã3ƒãCSSC33“ƒ“SsbÂÓãC#CSSƒS“#c3ƒ“c"Ãã“Cc3#ƒC3Cc’ÂÓã3ƒ#cs#Cƒ“ƒƒCC“RÃãs“cC#sc#cCSRÃãsC##ƒCƒƒƒcbÄdÅ4P¥6öÇ–3&sc#ÃƒãCscƒ#SSCS‚Ããc““s“Scs3#ccsBÃãS“ƒCS“ƒƒƒ#Ãã3ƒcC#S33SSscrÃãs#sSC“3“csƒÃãsC3cc“SC3CS“2ÄdÅ4P¥6öÇ–3&ss“cCÃC2ãsc#SCcSS#3SbÃãCS#C“#“SƒCƒCCƒbÃãƒsCCccs“ƒcc##RÃã3ƒsCƒS3ƒƒsRÃãs3Cƒ#sc3SCc"ÃãsC33ƒCs“ƒ#s“C"ÄdÅ4P¥6öÇ–3Fss“#“Ã3"ãƒƒƒ#cc#“CƒCrÃãS3cS3ƒC“ssS“’Ãã3“3#sCS“cSbÃã3ƒƒcƒ#Css3#sSRÃãs33SsSƒC“RÃãsC3S3cs#ƒ“SsCrÄdÅ4P¥6öÇ–3&ssscÃSãs3cƒSƒCc33#“3bÃãcc#3ƒ#cS“SƒccrÃãs3“CsS3SsSc2Ãã3ƒs“CsCSƒ#SƒsCbÃãs33SS“ƒ##SƒsBÃãsC3Sƒƒc#cSs3"ÄdÅ4P¥6öÇ–3s3#ScrÃsãC““s3Cƒ3ƒƒ3s’ÂÓã““sƒssƒc3##RÃã#c“33#“cƒ#“S2ÂÓã3s“sƒ““S“cS#“3RÃãsCcCCcƒcS“ÃãsCC3#sS3##C3#’ÄdÅ4P¥6öÇ–3–s“#Ã“‚ãSs3ƒƒ“#"ÃãSSSC“c“3ccS‚ÃãCc3#Cƒ33#ƒBÃã3s“cC“cƒ#“#’ÃãsC#ƒC3s“scS2ÃãsCC33s“ƒcS#ƒ3S“2ÄdÅ4P¥6öÇ–36s“sƒSÃsRã3S#3Cs“““CrÂÓãƒcƒƒSƒsS#sCbÃã##““csƒ“C3bÂÓã3s“##““cSs#“sc‚ÃãsCSsC#3##sƒ’ÃãsCCcsƒ3Sc“ƒƒ3RÄdÅ4P¥6öÇ–3vsCCƒÃsc2ãS#cƒƒ“#S#“"ÂÓã#“S##“CC“s#S““sƒ‚Ããssƒsscc“SS““ƒÂÓã3s““3ƒC##sCSCrÃãsCcƒsƒƒC#scBÃãsCCcƒƒC3#cS“2ÄdÅ4P¥6öÇ–3sc#Ã3ãcCSCs#cCCƒ“rÃã3SC#CCCs#c#s3"Ãã3SsC##SsSc"Ãã3sƒƒ“c“#cScS#3BÃãsCscƒ#“Scsc’ÃãsCCsSCƒcCcSc2ÄdÅ4P¥6öÇ–3†sCcÃsRã#“C#ƒƒs“ƒ“bÃãƒƒƒ“Cƒ3cCƒ3#BÃã#3CSs““#3sS“c#RÃã3sƒ“3sScS3s#“S3rÃãsCs3CS3#“S3ƒrÃãsCCsSCƒcCcSc2ÄdÅ4P¥6öÇ–3s“CƒÃRãssSCCS“s“ƒ#SBÃãscƒscCsCcC"ÃãCccƒ“ƒc“““ƒ#ƒsBÃã3sƒcƒS#33#S3“SÃãsC“#c##CC3#3‚ÃãsCCƒsCc“C#S2ÄdÅ4P¥6öÇ–3fsSCSÃcãC“SC3c3cS3BÃãƒS3ƒcc“#c3S2Ãã#ƒsS3“#sc3c“3“S2Ãã3ssCCs333#cc2ÃãsSƒC3css#ƒ#CrÃãsCSƒ3s#“3c#SbÄdÅ4P¥6öÇ–3fsssCÃcRã3C3C3ss“SsbÂÓãƒ“3ƒ“#3#3S2Ãã#3cs##“#CCcc’ÂÓã3ss#cƒƒ“ƒS“#cbÃãsS“s3sƒ33cC3"ÃãsCS“#3cS#ÄdÅ4P¥6öÇ–3–s“3cÃ#2ãssS#3ScƒcbÂÓãSSSCSƒCS33"ÃãC3CcS3#s“c“sƒ‚ÂÓã3sc“ƒcS“ƒ3SSRÃãscsc“#Sc“#ssbÃãsCcc“scS#S#SÄdÅ4P¥6öÇ–3&ss“ƒcÃã#s33ssSS#ƒ2ÂÓã#33#3s3“c“#“S2Ããc##SC3“3cS#32ÂÓã3sC“Cc“3“C33C#CRÃãssc“““#ƒs3s3RÃãsCsc3s“3“scSs#rÄdÅ4P¥6öÇ–3†sss3#ÃC"ã“ƒ3C#sƒ3ƒ#RÃãc#ƒ“C3sCcscrÃã3##3#“c“ƒ‚Ãã3sCƒSs3“#“#rÃãsssccSƒ#s“33s’ÃãsCsccS3ƒƒSCCc"ÄdÅ4P¥6öÇ–3&sƒc##Ã“#rãs“33ƒCSCcC‚ÂÓã3CCƒSƒS“cƒcscBÃã“#33S“ƒƒscƒ#3BÂÓã3sCsƒƒsC#3Cs“BÃãssƒsc““ccƒ“’ÃãsCss3“S#“#CÄdÅ4P¥6öÇ–3fss#cƒÃc2ã“c“3“C“sƒ3bÃã“3#“cC3““ƒC#crÃã#C“C#3ScCscSsBÃã3sC#“sƒƒ#sS“cÃãsƒ3ƒ#SCc#“CcÃãsCƒ##“ccsƒ“C#"ÄdÅ4P¥6öÇ–36scS#SÃ#csã“CScƒcc##“bÃãC3cCƒcS3C“csC‚Ããcƒ#“ƒƒ33“S"Ãã3s3c#“sssScc3bÃãsƒcs“ƒ#ƒS“SƒrÃãsCƒSs“CC#ƒSÄdÅ4P¥6öÇ–3fscCCCÃ#sbãƒCCsƒ“C##ƒ#2ÂÓãCssCC“3Ccc#C’Ãã#cCCCsSƒ#CsS‚ÂÓã3s3##s3ƒ#sƒ##ƒ2Ããsƒ““sSscSC“#SRÃãsCƒs“3ccsƒƒ“cbÄdÅ4P¥6öÇ–3&s“SƒCÃS#rãcSSsSƒS“““C’ÂÓã3“s##s“CS3ƒcs’ÃãcSSC“CCcC“ƒ#’ÂÓã3s#sssC3“s“C“C2Ããs“3C“SSƒcS2ÃãsC“ƒC“ƒ“ScbÄdÅ4P¥6öÇ–3FscS“Ãã#ssScS“ss“Cƒ“ÂÓã#S““cƒ#cCSSs“‚ÃãSS#ƒ#“s3c#CsÂÓã3s#cC3c3CC#“crÃãs“C3scS“ƒ“s“#"ÃãsC“s#3c33ƒ“ƒ#SRÄdÅ4P¥6öÇ–3–ss#“3Ã#rã3sc##cƒ#Sc33"Ãã3S3C“C““CSRÃã3c#ƒ“3ƒƒS3CS3RÃã3s#“#SS#“sS3BÃãs“sC“C“SsS3ƒSrÃãsC“CSƒcsƒ#S#ƒ‚ÄdÅ4P¥6öÇ–3fsCƒƒ“Ãss"ã#ƒ“SCS3CBÃã3C33C#sC“3“#sRÃã“#3#“c“scsc“SC2Ãã3s“3333#c#c“ƒCrÃãs““C#CƒcsScƒ“"ÃãsC“c“3CCSƒss2ÄdÅ4P¥6öÇ–3scÃ3“bã“3CƒCSC3SSS“sBÂÓãCCS3CCcsCccs’Ãã“ss3sƒ““cc3ss‚ÂÓã3sƒ3cC#Css##‚Ããsƒ##ƒS““c3‚ÃãsC“cSc#3Sƒ““ÄdÅ4P¥6öÇ–3fsƒ3ƒsÃ#Csbã““CSS#ssSS#RÃã33ss“Ss#“sƒ“C2Ãã““S3CCSCƒCSrÃã3s3c#33ƒcs3BÃãsC33cƒ3CcbÃãsS333S#ƒƒc"ÄdÅ4P¥6öÇ–3&sc#ÃC#3Rãƒ“““3#cƒCsbÂÓã3ƒc3ƒƒ3“#““3s2ÃãC#Cƒsc3s#sƒsbÂÓã3sccƒSCC3#ƒ3““bÃãsƒƒCC#““c“2ÃãsSCƒCS““33“CRÄdÅ4P¥6öÇ–3fsƒ#Ã3rãC3Cs3SCcƒbÃãcccS#ssƒ“3CrÃã3CcccCƒSs#“SrÃã3sSsƒ““sSScbÃãs“Ss#“#ƒsƒƒ3rÃãsSSƒ3Sƒscƒ3#‚ÄdÅ4P¥6öÇ–3–s““sÃ‚ãƒ#C“SƒSS“C3s2ÂÓãcƒƒ#c#c3#3ƒC#rÃãCSc3““#cƒ“c3cBÂÓã3s##“#s#cƒ#3SRÃãs#ccs3C#3s’ÃãsSsC3ƒCcSƒ#‚ÄdÅ4P¥6öÇ–3FssÃ3rãsƒƒ3ƒsCsS“3CRÂÓãƒScƒS“c“ƒcSc3BÃã3#scCCƒ#cCS3#BÂÓã3c“scsS###c"ÃãsS“ƒs““css#2ÃãsSƒcs#SC“bÄdÅ4P¥6öÇ–3vs#ccCÃs’ãc33c“ssS33crÃãƒ#ScS3“3Sss"Ãã##3C#CS“s3CCƒ2Ãã3c“#s“ƒƒc#3“#’Ããs““c3ccC2ÃãsS3cSƒƒcƒ#s#rÄdÅ4P¥6öÇ–3vscC#ÃSbãcƒcs#ƒƒ“#Cs“rÂÓãc#333C““3C“bÃãcƒsCC“ssC“cC“ƒ“"ÂÓã3c“#sCsS3CCƒRÃãs“#3C“sSSƒ“"ÃãsS3cSƒƒcƒ#s#rÄdÅ4P¥6öÇ–3&scƒ“Ãc’ã3ƒSC3##ƒrÃãC#S3sS3ƒSrÃãƒsƒc3ƒ#s#““c"Ãã3cƒƒccSScCc’Ããs##3ƒCSƒC“#c3‚ÃãsScCs33S“#c3rÄdÅ4P¥6öÇ–36scsrÃRã“ƒcssƒ“s#ƒS“rÂÓãƒCƒs#ƒƒƒ3ƒs“C#RÃã#3#csƒc#“bÂÓã3cƒSƒ“s3ƒ33ƒc"Ããs#CC#3csSƒ’ÃãsSƒ#Cs#s3ƒs““sBÄdÅ4P¥6öÇ–3&s“C##Ã“ãS3“SSsC33s2ÂÓãƒ3##ƒ3c3ƒS“cSbÃã##S“ƒC“SS3SSƒ‚ÂÓã3cƒ#c#s3C#C3ScBÃãs#css33cs3Cƒ"ÃãsS#3ƒƒSs#3ƒƒs‚ÄdÅ4P¥6öÇ–3vss#3ÃS’ãc#“ƒ3S3CS"Ãã3c“ƒCcsccC#3S“’ÃãCsssƒs“SS#2Ãã3cƒ3scCƒs3#rÃãs#sƒƒCsSc“#ÃãsS#c#sScƒƒs“’ÄdÅ4P¥6öÇ–3–sSC“Ã3bãsc###sƒƒCcCRÂÓãS“Ss3“#s3#ƒ3srÃã3ƒC#cS#3#“c#“CBÂÓã3cƒƒs3SsSSƒbÃãs#sƒCs#“ƒÃãsS#c#sScƒƒs“’ÄdÅ4P¥6öÇ–3&sc#“rÃ"ã3“ccSƒSC#c"ÂÓãƒcSCcSC#Ss#BÃã#33ƒs3c““Cs32ÂÓã3cs“SCƒSs#S3CCs"Ããs#“cƒ“SCCCRÃãsS#CCS“cSƒ“Sƒ“ÄdÅ4P¥6öÇ–3fssCCSÃcBã“s#c##ƒC’ÂÓã3Cs“#c“sƒCƒc“Cs"Ãã“CSs#“3#SsccƒƒÂÓã3csƒ“#scc““sCsBÃãs#“S3“3sC3#‚ÃãsS#S#sc3#SBÄdÅ4P¥6öÇ–3vsSC3sÃ#ƒ2ã#CƒsCS##sƒ33BÂÓãSSsƒC#c#Cƒ“CBÃãSCC“CS3#3cSƒ"ÂÓã3csƒ3S#sccs#S“bÃãs#““c“sƒS#BÃãsS#S#3“c3S3SƒBÄdÅ4P¥6öÇ–3&s“ƒ“ƒÃCC"ã#c3ƒ“C#ScsrÂÓã3##“SsSƒcssCƒ#sRÃãƒsƒs333“SCƒc“’ÂÓã3csSƒCscC3““S2Ããs3#3#3#CSCC“rÃãsS#3Sƒ3ƒcC#ƒcƒ’ÄdÅ4P¥6öÇ–3fsccSCÃSãcƒ“3sƒ3s#3ƒ3BÂÓã“ƒ3#““ƒ3ƒC33‚Ãã#cs“3ƒ#c3s#RÂÓã3cs3“3CSƒ“CcCbÃãs3Sƒ“cc“3SCc#ÃãsS#c“#SSƒ#3#cƒ‚ÄdÅ4P¥6öÇ–3s33ÃrãcƒCcS“ƒ““sSsrÃã#s#S3cSCsSs“SÃãsCCS“#ƒcC3c#CBÃã3cc#“ƒ3s#SsBÃãsC3SS3ƒs##3c#ÃãsS3CSccƒ3ƒrÄdÅ4P¥6öÇ–36sc3SÃã33“ƒs“Sƒc"Ãã#3“SCƒ“S#ƒƒ#33sRÃãcSC“cƒƒccCsS“#3rÃã3cSsC“s#cc##‚ÃãsCSSƒ3c“C3cSCCRÃãsS3c#sCS#“sCƒs‚ÄdÅ4P¥6öÇ–3–s“CCÃS‚ãSƒ3sCsCsC#cBÂÓã“SCsscƒcbÃã33C#3c“3Cƒ3S3bÂÓã3cSS3Sscƒ““S#’ÃãsCs#ƒssƒcs#s‚ÃãsS3sc3“S“C#sSÄdÅ4P¥6öÇ–36scSCÃsbãsƒ3““#“##ƒ“bÂÓãƒ““SƒƒC“cƒ#3bÃã#CCcƒscSs3sCC"ÂÓã3cC#“Ss#Sƒ#BÃãsSscscƒƒ##ƒcC2ÃãsSCƒc#ƒ“SƒSÄdÅ4P¥6öÇ–3sƒ“cÃãƒCcƒc“cS“BÃã##3S““3ScS3SBÃãcscccƒ“sƒ#3#"Ãã3c#cƒSCCccSc’Ããscƒƒ“ƒSS#ƒƒs#‚ÃãsSS“Sc3ƒ#ss‚ÄdÅ4P¥6öÇ–3fsƒ#cÃs’ãS“Cs“c“#s#cBÃãSƒ#3“ƒCssƒ3CS’ÃãcccSƒ33CƒSs‚Ãã3c#S3Cc#ScƒƒbÃãsc“sSƒƒ#scs#c‚ÃãsSc3cSsƒsBÄdÅ4P¥6öÇ–3s“ƒ#SÃ3cbã““SccsC‚ÂÓã#“ƒcC3c3#3ScS‚Ããƒ#333sc“#“3Cƒ“3’ÂÓã3c#c#“Ss#cRÃãss3CSsScC3bÃãsSc3CC#cc#ƒ“"ÄdÅ4P¥6öÇ–3sSs“Ã#SrãS#Ssƒc3CbÃã3ccsCƒƒƒ3C3SBÃã3S#3ssS3#C“3"Ãã3cƒ#3“ƒcSSCrÃãssC“#C“C3Ccs“ÃãsScCcc3sƒ33ÄdÅ4P¥6öÇ–3&scƒ#sÃ#Cãccƒƒ“sƒs“ScrÂÓãSc3C3““#cS#’ÃãSSƒC3sSSƒ#ƒ2ÂÓã3c33ƒ“##33#“BÃãssƒCcƒccS“rÃãsScs““CcSs“ƒrÄdÅ4P¥6öÇ–3ssCÃCãƒc3ƒcSƒ#C‚ÃãcS#ƒcƒ“sSS3“sRÃãƒsS#ƒ#“ƒ3c“3#cBÃã3cS““ƒsCCƒ#3cÃãss“s“ƒSc3“cSSbÃãsScƒSSsSS‚ÄdÅ4P¥6öÇ–3fssc“cÃ“BãC#C#Cc#CssCC“rÃãc#SScC“3##““3"Ããccƒ3“3cSC#cc2Ãã3cCsC3Ss#““2Ããss“ƒ“#3Cscƒs#‚ÃãsScƒSSsSS‚ÄdÅ4P¥6öÇ–3&sÃ3sRã#S3ccCc#ccS2ÂÓã#ss#“SCccƒƒƒ3c#2ÃãsscSScC“3“#‚ÂÓã3S“ƒC““3#S“srÃãsƒ“ccƒSs3SsbÃãsSsƒC3“sSƒ3sƒ"ÄdÅ4P¥6öÇ–3–s“cÃcsbã#sƒCƒ3“3sCBÃãCS#ccs3cƒ“c332ÃãSCCcsƒscSs3ƒScBÃã3S“sC#c#ƒ““3’Ããs“cƒCƒSC“C’ÃãsSs“SƒSs“ƒCSrÄdÅ4P¥6öÇ–3vscC3“Ãrã#cCC#3C#Cƒ#ƒ““‚ÃãcCCc3“c#c““#Ss’ÃãCSssƒcSƒcs“bÃã3S“#S3C##c#s#C’Ããs“CSSC“CS“SsÃãsSƒ#scSƒC“RÄdÅ4P¥6öÇ–3FsSƒ“ÃBãC#3ƒccƒ3rÂÓãC3ƒss3“SƒcS“C#Ãã####“ƒSSC#“#s"ÂÓã3Sƒ“sCCcƒCCCcrÃãs“cCƒ“#ƒs““#ÃãsSƒ3“Cc3CC#csRÄdÅ4P¥6öÇ–3&s“cccÃ3‚ãƒCSccc“ƒS“"ÂÓãS#3ƒCC32Ãã3ƒ3Cƒc“ƒc“Cƒ#bÂÓã3SƒC3Ss3“sƒscbÃãs#s#sc#ƒCcS‚ÃãsSƒssS3s#C“CrÄdÅ4P¥6öÇ–3†ssCcsÃƒ"ã“#cSS3“#3ƒ3ÃãƒCƒCcc“3Sƒ"Ãã##sCs““ƒsSƒC#“SBÃã3SƒƒsC#3C3C“ƒsBÃãs##3#cƒssƒ3BÃãsSƒ“#sƒc“s““3CBÄdÅ4P¥6öÇ–3&s“3ƒ“Ã#"ã#3#cs#3sƒs“BÃãsc#cc3“ƒƒS““CrÃãCscC““SƒSS“33c2Ãã3Sƒƒ3ssƒssC“cSBÃãs##ƒcs“C3ƒ#c‚ÃãsSƒ“cSƒsƒ3csCrÄdÅ4P¥6öÇ–36s“sscÃ"ãSƒ“C“ƒ““ScSsÂÓã#Sƒ3ƒ33C3cC3RÃãSsS3S3s33ƒSsrÂÓã3SsssƒsC3ƒCCCrÃãs#SCsƒƒcCSrÃãsS“c“C#CSc"ÄdÅ4P¥6öÇ–3s#SsÃCãCScƒƒ3“s“rÃãƒcsssSs#3ƒC33rÃã33ƒsc3c“#3“cÃã3Ssc3ƒccƒ3sCSS2Ããs#cCƒcs“3#c"ÃãsS“#33ƒC“Sƒc‚ÄdÅ4P¥6öÇ–3&sC#SÃSãS#3SSS#‚Ããcsc3“CC#s3C3rÃãCcƒƒc#ccSsSs#c2Ãã3SsSCCƒsc3S#sBÃãs#cƒ3“ƒƒ#“cCsBÃãsS“#c3CCƒ#Cs#rÄdÅ4P¥6öÇ–3&ssƒc3Ã#ãCSs3“S“ƒCsRÂÓãSƒCcS“CsCƒ##2Ããc3C3#“c“Cƒ“ƒ33RÂÓã3Ss3s33“#C3#3RÃãs#ƒ##“3ccc#ÃãsS“3S“““3“3ÄdÅ4P¥6öÇ–3fsƒ#ƒÃS#Rãsƒ3Sc3CƒƒccrÃãCSS#““ƒC33#3CCRÃã#s“ƒsScƒ“#SrÃã3SSsSƒ#cƒ“““BÃãs###s#“#S33"ÃãscSƒ#S3sƒc“#C"ÄdÅ4P¥6öÇ–3sc“3Ãc"ãs“#ƒCsƒ33rÃã3CC“sCƒƒ3s3#"Ãã“s#CSSSS“RÃã3SSSS3“scCCRÃãs##ss#“cSƒCC“RÃãscs#s“ƒsCssbÄdÅ4P¥6öÇ–3†scƒsÃcrãƒ#Csƒƒ#Ss#c2Ãã“c#scS##“sƒcs‚Ãã#sƒ#3S#CS3#CcBÃã3SSSS““cc3Sc3sBÃãs##Cs#s#ƒS“#cƒS’Ããsc“s3ƒs3“ƒƒRÄdÅ4P¥6öÇ–3sƒc3ÃcãSƒ3#S3#CcSƒ2ÂÓã3c##ƒs“s#BÃãƒ“3sSccsƒCƒƒRÂÓã3S3c“Sc3ƒC“ƒ3S2Ããs#3SsƒC““#"Ããsc#ƒ#SCƒCsƒƒ2ÄdÅ4P¥6öÇ–3Fs“cSÃƒSBã“33“3C#ƒ#sÂÓã3S33““ScƒS33ƒSBÃãc“3Cs“ƒss‚ÂÓã3S3SCcƒƒ#CcCbÃãs#3“s#CsSS#cCƒ"Ããsc#CS#ƒ3Cs“CssbÄdÅ4P¥6öÇ–3†sc#sƒÃã3““3#cƒccS“s#‚Ãã#sCcSCƒsƒc3rÃãcScƒsSƒ#3Sƒ3RÃã3S3ƒ#c“s3cCc2Ããs#CCcccScS3“2Ããsc#CS#ƒ3Cs“CssbÄdÅ4P¥6öÇ–3–sSƒcÃã“#CsCC“cCƒ“ƒ’Ãã#“33s3s““ƒCcÃãƒ3#CsCC##Cƒc’Ãã3S#“csc3C“SrÃãs#CS3#s#s““"Ããsc#Sc3cc#3““ƒ2ÄdÅ4P¥6öÇ–3s“SÃ#Rã#S3cCc3c3S3ƒ2ÂÓã3cƒc#s#S3bÃã3sS3SS#S#BÂÓã3S#sCSS33#ƒ’Ããs#C3““CSScCƒC2Ããsc#cC3“CcSS“c3c’ÄdÅ4P¥6öÇ–3Vs#3sCÃ3#bã“c#S#sS#cc"ÂÓã#CCƒƒ3s#SS“sSÃãc“Cƒ3ƒcs#3#’ÂÓã3S#s3sS“ƒS“3“S‚Ããs#C3SC33S3Cs’Ããsc#cC3“CcSS“c3c’ÄdÅ4P¥6öÇ–3VsS#SÃ#Cã#CƒCƒ3ƒ3“rÃãSƒCS#3“CCS““CBÃãCs#“#33Sc3Sc"Ãã3S#3Ccƒc3Cs3ƒBÃãs#CSsƒCcsCc#csRÃãsc#ƒƒ##3“SSS2ÄdÅ4P¥6öÇ–3&s“ƒC#Ã“s’ãScC3c“Scƒ3s‚Ãã3ƒsc“ss3CSCƒsbÃãSscCS3ccrÃã3Sƒss#sS“#SƒSBÃãs#C“33#S3#rÃãsc3#“ƒ#ƒƒC3CRÄdÅ4P¥6öÇ–3&s“CC“Ã“RãSCc“3ƒƒSƒSCbÂÓãs#ƒ“SC#sCsS“"Ãã3C“SsSCCc#S3c"ÂÓã3SScsƒs3s3ƒSsRÃãs#Sc#3c“cƒ“bÃãsc3C“cs#C3SsC"ÄdÅ4P¥6öÇ–3&sƒ“#ƒÃƒƒ‚ãsƒ3Cc#“#SÃã3#S“#CSssc“3CƒBÃã“#s“CcCC#3s#3RÃã3S#33“SS““#"Ããs#SC#ƒcƒC““32Ããsc3c#“ccCCss2ÄdÅ4P¥6öÇ–3†sƒ“Ãƒ3ãcsƒ#sSs3SBÃã3#CC3sCCcS“2Ãã“#Sƒcc“3#SC“3’Ãã3ScCcsƒcsƒ#cs#ƒbÃãs#SƒS33Sc#cCCcbÃãscCC“S“sS3ƒƒBÄdÅ4P¥6öÇ–3vscSs#ÃcbãcCSƒcSCsCCbÂÓãƒ“S“C#3s#ƒSSCrÃã#Scs#CSsƒC“SbÂÓã3C“ƒsƒCc3##cRÃãs#cC#““#sss“#BÃãscCc#sc“Cƒ#ƒRÄdÅ4P¥6öÇ–3ssƒc#Ãs3#2ãS#ƒSSs#ƒ3"ÂÓãSCcƒcCƒc#SC3‚ÃãSCs“c#CC“#3Sƒ#rÂÓã3C“S3csƒƒSC“CsrÃãs#ccƒc“C33cSs3rÃãscCƒ3“Cc3sC“sCBÄdÅ4P¥6öÇ–3&sƒcƒÃS“bã“c3S#CSS“’ÂÓã3333“ƒsCSscsBÃã“SCs#3Ss##“2ÂÓã3C“#s#C3#cCsÃãs#c““3ƒsc“ScBÃãscSƒscƒ#cƒ"ÄdÅ4P¥6öÇ–3&s3cCcÃs’ã3c#ƒƒS“#Sc“bÃãS#sc“ƒS3ss#“S3RÃãSss“#“SS“Ãã3C“3c3S“3bÃãs#ss“ƒ“cCcssÃãscScCSƒ#3#“c’ÄdÅ4P¥6öÇ–3&s3ƒCS2Ã“2ãƒsC“SccCC‚ÂÓãs#“CC#ssƒ“CC#C2Ãã#“ƒSSS#3“#S#cbÂÓã3Cƒsc“ƒsS3s3#BÃãs#s3““cS“#“ƒbÃãscS3c3s3S“c#“BÄdÅ4P¥6öÇ–3scs3Ã‚ãs“3sƒ“sS“3“s"Ãã#SS##ƒ#333cs3#C2Ããs3S3ƒs“3S#ƒc#cBÃã3CƒcCƒ#S#S##“‚Ããs#s3ƒc##3CrÃãscS3“Ccsƒc#3ƒƒrÄdÅ4P¥6öÇ–3fs“c#Ãƒrãs#ss3s“bÂÓãsC3SsSS“Cs33#2Ãã#33SsCSSc#“"ÂÓã3CƒScS“C#3"Ããs#sCSS“S““ƒcs3BÃãscSC#“s3CsccƒƒbÄdÅ4P¥6öÇ–3FsƒCCÃ3C#bã#cƒCSCsCRÂÓã#““S“SCCSCs3ƒCƒ2Ããƒ3SS“3CC#“c#S2ÂÓã3Cƒ#sƒs3ƒ“CƒrÃãs#scƒCccSC““cSS‚ÃãscSc#cSSs3SÄdÅ4P¥6öÇ–3&sƒC3Ãcs’ã“““#C3CC3S2Ãã3““s“c#ss3CCRÃãC“““C#3S#ƒs“CBÃã3CscCSscScs3c‚Ããs#ƒc#3Cc#C3s‚Ããscc#“S##““ƒS’ÄdÅ4P¥6öÇ–3–sƒ#ÃSCbã#3s3#CcC3SRÂÓã3cS“ƒƒc#sSSƒ3#bÃãS#ƒ3ƒC3sC“#cC’ÂÓã3Csc#ƒc“ƒƒƒ3rÃãs#ƒ#C“3#“sƒsbÃãscc#“S##““ƒS’ÄdÅ4P¥6öÇ–3&sƒ“ÃãcS#c““3“##Cc“2Ãã##cƒ“ScSSƒƒ3#bÃãSƒ3cC3C3S#ƒ3ƒ"Ãã3Cs#ƒSS3ƒ#Cscs2Ããs#ƒ3ssƒ#“S#rÃãscc##3ccc##sc3bÄdÅ4P¥6öÇ–3fscƒ#“ÃSãcSCCsC3c#c#cRÂÓã“sƒSƒƒ3S3‚Ãã#s““CCƒ3“c3#“Cs2ÂÓã3Cc“#CƒƒsƒƒRÃãs#ƒcSccƒSrÃãsccCcs“Scccscc2ÄdÅ4P¥6öÇ–3fscƒscÃ“Bãs““ƒC3c3rÃã3CS3Ccc##“#BÃã““s“ƒƒ#Ss#SC2Ãã3CcC#sƒ“##cS’Ããs#“3SSsscSƒƒc2Ããscssc“cS“cC"ÄdÅ4P¥6öÇ–36s#CcÃc2ãƒ3ƒ“#“ccSc’ÃãS#ƒcCƒ#Sss2ÃãCƒc33CsCssC2Ãã3CSS#ƒƒccSsSC“c2Ããs3SCccScƒC‚ÃãscsƒSc3ƒccc#S3s’ÄdÅ4P¥6öÇ–3sc“CCÃcSbãCƒ3c“S3c“CbÃã3ƒƒcC3ƒs“#c#sÃã“#Cƒ““C3CccBÃã3CCsSSsC“sc““s“RÃãs3#sƒ#3ƒƒ3sÃãscƒCsCcƒƒ“32ÄdÅ4P¥6öÇ–3–sS““cÃSc2ã“cs##““ƒ3ƒc"Ãã#cCSccCCƒc3SC“"ÃãscƒS#sƒƒ3Cƒ#S“rÃã3CC#S“CCC3#ƒsRÃãs3cSsSs#ss“C“bÃãscƒC#cCsSC““#RÄdÅ4P¥6öÇ–3&sƒcÃ#rã33sc3sƒCcrÂÓã#Ccƒ#ƒƒc“3cc"Ãã3c#Ssc3ƒ#3Ss“bÂÓã3C3csC3“SS“3sƒc2Ããs3“c“333cBÃãscƒƒcsƒƒƒ‚ÄdÅ4P¥6öÇ–3–s“ƒSÃsrãc3Scƒ#s3#bÂÓãSƒScC#3c3ƒƒ32Ããc“#3sƒ3cƒScs“3BÂÓã3C3c3s3ssƒ‚Ããs3“c#S3CÃãscƒƒcsƒƒƒ‚ÄdÅ4P¥6öÇ–3scs#cÃ#ƒ2ãSC#3c“#SƒcƒBÂÓã3#ƒCSsCcC#3C#’Ãã“Sc3s“SSCscCs‚ÂÓã3C3C3ƒ3SCCSSCrÃãs3#cƒs#S“3sCÃãscƒ“33ƒcƒCcƒbÄdÅ4P¥6öÇ–3sƒSCÃ3ãƒsSscCCcc3RÃã#“cƒs3cCS3##SCƒ‚Ãã3ssƒ3C“3cs#“ƒ“‚Ãã3C3#3ƒC“S“CCccRÃãs3C“3css3SS‚Ããsc“#ssCc3c#33BÄdÅ4P¥6öÇ–3†sƒ3SÃCƒbãc“3#Cc“#“2ÂÓãCc#ƒS#C33cSSRÃã3S#ƒsCs““ƒƒRÂÓã3C#scScscccc##rÃãs3ssCsC“ƒƒSS"Ããsc“3SsCc###ƒ“3rÄdÅ4P¥6öÇ–3&sƒCScÃ‚ã3sƒƒssSCƒc“cBÃãcc“##S“3“#32ÃãƒSSS#Scƒc“#““3RÃã3CcƒSc3cCsS’Ããs3#S“3C3ƒ“3ƒcÃãsss“CsCSsƒCƒ‚ÄdÅ4P¥6öÇ–3&sƒ#c3RÃCã3cƒsc“ccSS““bÂÓãC““Cƒƒƒ3Ccs"Ãã3Cƒ#3C#ƒ3cC2ÂÓã3CSsƒ#Cc#ƒc#RÃãs3#s#3S3c#ƒ3BÃãss#cCS3S“Sc3SRÄdÅ4P¥6öÇ–3&sƒ#CƒÃƒ‚ãƒ“3c““ccc““ÃãC“Scc““C3SsCƒCbÃã##sS“3#C“sCÃã3CS#SCSƒ3ƒSS#rÃãs33Ccƒ“C3C32Ããss““ƒ#Cs““cC#BÄdÅ4P¥6öÇ–3Vs“s#Ã3’ãCcCSccSs“"ÃãsƒCCC3“S#’Ãã#3CSc“3##s###crÃã3C3c“sSc3ƒ#sÃãs33Ssƒc3“ƒSs#ƒ‚ÃãssssScs#ƒC“S2ÄdÅ4P¥6öÇ–3s3CÃSƒ#ãs“C“SSs3SÂÓã##3s3#SCsCssrÃãc#SSscCƒs#bÂÓã33“sc“sC#CC3CƒRÃãs3C3C3“scCƒ’ÃãssC3sƒssCƒSSc‚ÄdÅ4P¥6öÇ–3†sƒSƒÃ“"ãC3C“ƒ“s“CBÃãƒƒƒCƒ3C33ƒƒƒ‚Ãã#3ƒcsƒcCc“RÃã33“sCcss3sƒSC3RÃãs3CCs#3C#“Sc“CbÃãssC3sƒssCƒSSc‚ÄdÅ4P¥6öÇ–3–sSscCÃs3ã3sS“Ss3CcRÃã3Csƒ#Ss““SsƒSbÃãS“Sƒ33c“#ƒC2Ãã33“scs“cSssCcBÃãs3C3cs33ƒ#sƒ‚ÃãssC3sƒssCƒSSc‚ÄdÅ4P¥6öÇ–3&sS“3ÃS’ã“sSS3cC3“ss#rÃãC#3c3CS#3#ƒƒBÃã#CC“CSS““3“sS2Ãã33“cs3sc#ƒ“C3sRÃãs3C####3C#cRÃãssCSS3cCcƒsRÄdÅ4P¥6öÇ–3&sƒCsÃƒ2ãCSscS“RÂÓã33“ƒc“#ƒCBÃã“s“#3cCccsc’ÂÓã33ƒ#3Sƒsc3bÃãs3Sƒ“ƒ3CS##RÃãss#SS#ƒCƒs#‚ÄdÅ4P¥6öÇ–3sS3ÃCƒ2ãs3cƒC“cS“ƒRÂÓãSCC###“#“#S3cbÃãcSSs#C“CCÂÓã33ƒC“SScSCƒccrÃãs3S3S“sCsssS2Ããss#cscC3ƒ“#C3#SRÄdÅ4P¥6öÇ–3&sƒƒ“SrÃrãƒcSƒƒCS3#cƒ#rÂÓãcsƒc3C3ƒscC“‚ÃãCs“#ccc3ccc“3bÂÓã33sSsCCss3sSƒ3"Ããs3Scƒ3“3ƒcc#2Ããss#“ƒ#C#3s2ÄdÅ4P¥6öÇ–3ssƒC“Ã#SBãsSsƒ3#Ss“BÃãSscsƒSs3#ƒCs3rÃãc“3cC#“ScSC2Ãã33c“S“SƒCSsCRÃãs3cCssc“C#sƒc#BÃãss3C“##ss“SBÄdÅ4P¥6öÇ–3sCcÃ#“‚ãs#ccƒ“ƒ3c#ScrÂÓãCcs#CssSS#3csrÃã3ƒcsS3ƒ3S#ƒ“ss2ÂÓã33c“3CSc“CsC#CbÃãs3ccƒSsSssƒbÃãss3C“##ss“SBÄdÅ4P¥6öÇ–3sC#SÃ#"ãs3““S#3##bÃãS#3cƒc3SsS3ccrÃãCS#ssS#sCc3ƒƒc“"Ãã33cS#SCcsSCCƒƒsRÃãs3cCssccC##Ããss3cƒ#3s#3ssƒ3ÄdÅ4P¥6öÇ–3scS“ÃC#ãss#ƒS3ƒ3#S“ÃãCCƒcƒ#ScsCrÃã#3ƒ3SC“cSs“Ãã33c3S#“C3SCc’Ããs3cc33ƒsƒC“sbÃãss3ƒSƒsCcs“Sƒ"ÄdÅ4P¥6öÇ–3VsCc#sÃ#2ãsƒSS3“CcƒRÂÓãScsƒsƒcSSc““‚ÃãCcC3Csc3#sCSC3"ÂÓã33c#CƒcsSSƒcsCRÃãs3csscsccsSc3’Ããss3“ƒ3ƒ“c3“SÄdÅ4P¥6öÇ–3†ssS““ÃSBã“cccCcCCC““BÂÓãƒ“CsSCs“Cs“ƒÃã#ccC##C3c#CSBÂÓã33SƒC“ƒ“““ƒsS2Ããs3c““#3ƒ“sƒSsRÃãssCƒs“csc#ccÄdÅ4P¥6öÇ–3fss#SÃCS"ãƒs“cƒ“cs2ÂÓãC3““sCccƒƒCƒS2Ãã#3CSSƒsScS#c"ÂÓã33S3S##csc“#“BÃãs3s3S“3sSs3C#3"ÃãssCC3cSs“SƒscBÄdÅ4P¥6öÇ–36sScSÃSC"ãƒ3CS“““ƒ‚Ãã#cCc#s3“sSCc#ssRÃãsssssCCsƒcCS‚Ãã33Cƒƒ##33S###c“BÃãs3ss3“#c3#ƒs3bÃãssCsS“ssS3#3“cbÄdÅ4P¥6öÇ–3†scƒÃƒ2ã3“CsSƒ“s#2Ããsƒsc#C“s“’Ãã#3SSs#“S#Ss3Cc32Ãã33C33ƒSƒs““Cc2Ããs3ƒ#C#s3sSs#CbÃãssSCc#“SCƒ‚ÄdÅ4P¥6öÇ–3FsS““ÃC’ãƒsCsƒ“3Ss3#SrÂÓã“c#ƒCs3ss“3S“32Ãã#ƒƒcCƒCccS2ÂÓã33C#SCcS3#SsƒrÃãs3ƒ“#s#SS##RÃãssSs3ƒ“3ƒ##S"ÄdÅ4P¥6öÇ–3VsS#ÃƒSƒ‚ã#“S#“#“Cƒƒ2Ãã#3ƒS3ccƒScSsBÃãs3“cC3ƒ#sS“rÃã33CSS3C3#S#SBÃãs3ƒ33ss“s#3cƒ“RÃãssS#cCsCcCS“Sƒ"ÄdÅ4P¥6öÇ–3sƒƒsÃC“rãƒ““3sC‚Ãã#s3ƒS“#3SSSƒs3"Ããƒ“ƒƒSCSsCSÃã33C#3ScS3#SSBÃãs3ƒ3c3CC3C#“2ÃãssS#cCsCcCS“Sƒ"ÄdÅ4P¥6öÇ–3ss#CcÃCsã#ƒS#CS“#ƒ“cbÃãC#SCC3sC#S#ƒ“BÃã#3cƒ3cƒSƒsC33#“BÃã333SCsƒscƒƒ#CSBÃãs3ƒs#sScCCs3sBÃãssSS“Scs3“c“ƒbÄdÅ4P¥6öÇ–3FsScs3Ã#2ã#ƒcCCSCcCC’Ãã3s#3cc3““SƒS#bÃãCcsccƒcƒ‚Ãã333Cc3“sCƒ3“3Ããs3ƒƒ#ƒs#ss#’ÃãssScCCcCSrÄdÅ4P¥6öÇ–3sÃcsRã#c3S“#s#“##’ÂÓã3sc““cc3sSƒ“c‚Ãã“##ƒc3#33cCbÂÓã333CƒcCcSCs3CbÃãs3ƒƒƒ#ƒ“s#s3ƒ"ÃãssScCCcCSrÄdÅ4P¥6öÇ–3ssc““RÃ#2ã#ScƒCC##Cƒc2ÃãSsSC3“cƒS#s#ƒC’Ããs#““3C“ƒƒ#S"Ãã33#s“ƒs“Cc#SCbÃãs3“#ƒcc3#Sc3s#2ÃãsscScssSƒ#S#ÄdÅ4P¥6öÇ–3vsScScÃ2ãSƒ“s“#““ƒƒƒCBÃãsƒ#ƒƒ““SƒƒRÃãS3c3c“3CcƒSsC’Ãã33#3“ƒsƒsC““rÃãs3“Sƒƒc“S3sCS“rÃãssc3#“CCc#“CSƒƒÄdÅ4P¥6öÇ–3sC3#Ãsc2ã#ƒƒC““#C#ÂÓã3SCS“ƒ#333cƒcBÃã““3Cs#Sƒ3csbÂÓã33##ScSc##cSƒsƒsBÃãs3“c“SS3csSc#“bÃãssc3“s3C##S3“3bÄdÅ4P¥6öÇ–3VsƒCƒÃc"ã##Ss“#cƒƒ#“bÂÓãƒcCS“CCƒc#SSSRÃã#c#ƒcƒ“sc““““RÂÓã33#c“sƒ33CRÃãs3“sccSCcƒBÃãsscC#sƒSc3sCcc‚ÄdÅ4P¥6öÇ–3&s#3cÃC#’ãCƒC“#“sƒƒ“RÂÓã3s#ƒ3ƒC3cƒ##s"Ãã##ƒ““sƒƒƒC#c“ƒbÂÓã33#3s“ƒƒCC##2Ããs3“ƒcS#CssƒCSC“‚ÃãsscCƒcƒ3C“S#ƒ2ÄdÅ4P¥6öÇ–3sc3sÃsS‚ã3ƒƒCC#sS2Ãã3#s“cS3sssSsS‚Ãã“Cc“CCSCC#ƒ#rÃã33ƒcƒC““c3#cÃãs3“““C33“ƒ#Cs"ÃãsscSss“C““3C#SÄdÅ4P¥6öÇ–3Vsc#3Ã3Cã#3#“#Cs#sC’ÂÓã3“ƒsSc3“SƒSc“rÃã“3C3ƒ“3#cRÂÓã33s#3Ss#cCc3c#rÃãsC“s“““#C#“C‚ÃãssccC#3“sS3ƒs"ÄdÅ4P¥6öÇ–3†sccSCÃ3"ãsCs3sC32ÃãC33ƒ““cCscc‚Ãã#“ƒS3ƒCss““rÃã33CCƒCC#S3#s#32ÃãsC3sc#s33SC’ÃãsscsƒcCc3“sccs#bÄdÅ4P¥6öÇ–3–sS3Ã3#’ãC3c3ƒC#S#CS"Ãã3#c““C3#ƒSScs#rÃã“ƒccc333CS3ƒ“"Ãã33C#“ƒs““SCcC“3BÃãsC3“s“ƒ#sSÃãsscsƒcCc3“sccs#bÄdÅ4P¥6öÇ–3&s3ƒÃcs"ãƒcsS3“ƒs2Ãã3cS33S““#c3##bÃãcCS##S“S3S#RÃã33ƒcƒss3#"ÃãsC#Sƒscs“3“C‚Ããssss#s#“3“Ss#SbÄdÅ4P¥6öÇ–36s“cCÃ‚ãc33ƒ“CSs“cc’Ãã##c333sC3sSS#cBÃãcsCccƒ3Cc#S#ssÃã33s3“cs#CSRÃãsC3CCs3ƒsƒCbÃãsssss3“S“SÄdÅ4P¥6öÇ–3FsS“Ãcbã““3ƒ“SC“SÂÓã33cs“C#sScC3csRÃã#ss“SS3C““2ÂÓã3#““3ƒ3#“RÃãsCCCcSƒ#3ScS#CBÃãsssƒ3SSc3ƒC3s’ÄdÅ4P¥6öÇ–36s##sÃ3bãƒ3#cCc##ƒRÂÓã3SsCC3ccƒ3“#RÃã3CS“3CSs#cC#’ÂÓã3#“s“#SccƒC“CÃãsCSScsC#Ss3s"Ããsss“cc“33SS33ƒbÄdÅ4P¥6öÇ–3sscÃ#CBã33s#ƒ“CƒScRÂÓãCcCss“3““SsC‚ÃãCssCsSSS“BÂÓã3#“s3#“ƒ3ƒ3“rÃãsCc#3“ScsƒcÃãsss“#3#ƒ33ƒbÄdÅ4P¥6öÇ–3Fsƒ#33Ã“’ã“s“ƒ3#3sƒƒrÃã#cƒsƒSc“Cc#sCƒƒ2Ããƒ“33CSCs##3#’Ãã3#ƒs3cCsƒ“CC"ÃãsC#sƒ3“cCSC’Ããss“CSƒssCCÄdÅ4P¥6öÇ–36s“#Ãs"ãƒ3ss#s“cC3ƒRÂÓãƒSSƒ##3Cƒ##2Ãã#cSƒC“s33c“"ÂÓã3#ss##s3sSCsC“bÃãsC33csƒCCsss#’Ããss“3ƒc3#S#SCCRÄdÅ4P¥6öÇ–3sƒSsÃƒbãssc3#“CSsƒ"ÂÓãsƒ3“Cc#s““Ãã#“#S“#Sƒ#ƒƒsC‚ÂÓã3#ss#C#s“3““SSrÃãsC3#CC3ƒcBÃãss“3ƒc3#S#SCCRÄdÅ4P¥6öÇ–3ss3#SÃ#3’ãccscccbÃã#sƒcs#s#3csƒ3cƒRÃãƒS“3CSƒC#’Ãã3#sC“CcsCc3#ÃãsC3#“c““scsCS3rÃãss“S“ƒƒc“3cc2ÄdÅ4P¥6öÇ–3s““ƒcÃs“‚ã#ScsCC33“3"ÂÓã3SCƒsƒ“#3#2Ããƒ3ƒ#c#ss“cƒ’ÂÓã3#sC#33SC##“BÃãsC33Cssƒ#3“‚Ããss“SƒS“#3c#S3rÄdÅ4P¥6öÇ–3†s3“SÃ3bãƒ#ƒ““cC“ƒ#ƒS’Ãã#S#ƒ3S“ƒ3CsC2Ãã3Cs#“cSsƒc#ScsbÃã3#cS#“SCsSƒcs“‚ÃãsCC#3sc““C#cRÃãsƒƒ3CSSC#C#bÄdÅ4P¥6öÇ–3s“SÃ3‚ãc““cCc#“ƒ“‚ÂÓã“ƒ##SScsƒScbÃã3SCc3“cS#C2ÂÓã3#Sc“cs#“sƒƒ’ÃãsCCcS3ƒ#S3cƒƒbÃãsƒsCƒ3“ƒs#sc’ÄdÅ4P¥6öÇ–36ssC“Ã#3"ãs#ƒss#“Cs“BÂÓãCC3#3ƒ“CSSsRÃã3cƒ#ƒ““Scƒ“srÂÓã3#Scƒcc“#ƒS2ÃãsCCccCCcC“S’ÃãsƒsCƒ3“ƒs#sc’ÄdÅ4P¥6öÇ–3–sƒ“cÃ#ss2ã#ƒ#3s#3““rÃã3sC3C#scC3#3“BÃã3sS#sƒƒs“#3C“crÃã3#ScCƒCs“C3c#“rÃãsCCc“33Cs#S2ÃãsƒsCƒ3“ƒs#sc’ÄdÅ4P¥6öÇ–3†s#3SsÃsãc33S“cC#3#ƒÂÓãƒsƒSƒ3CC“##ƒcBÃã#c“scSSSCsƒsƒsBÂÓã3#SC““C#“3#BÃãsCCƒ#C#csCSCbÃãsƒƒ#“Sƒ3#cs3s’ÄdÅ4P¥6öÇ–3sSsS#ÃccãC“CsSƒCcC#Ãã3ssƒc3#Cƒ#S2Ãã“CccsSsS3sƒ“#bÃã3#S#3SSCSsCCƒrÃãsCSƒsS“S33RÃãsƒ3#c3“s3ƒ‚ÄdÅ4P¥6öÇ–3ssƒÃ“sRãS#cCs#CCSC2ÂÓã3Sc“3CC#ƒ3Cc"Ãã“SsSc“c“Cƒ#c2ÂÓã3#Sss#SƒcC“3RÃãsCSCsSƒcScBÃãsƒ3#c3“s3ƒ‚ÄdÅ4P¥6öÇ–3†scSÃƒ2ãSƒCcSSƒ#sƒƒ‚Ãã#c3“CcƒƒC“bÃãƒ#cCƒ“##CcCÃã3#3cc3S3CscSrÃãsCc“S“3“ƒbÃãsƒ#Cscƒ“CsSƒ#SBÄdÅ4P¥6öÇ–3–sS#ƒÃC#rãS#ƒC3SƒcrÂÓãCCSS#c“3ƒƒƒbÃã#Scsƒ“ƒƒ33“SRÂÓã3#3CcS3#ƒCrÃãsCc3C#ƒs3ScCC3"Ããsƒ##SsƒƒC“ƒC3"ÄdÅ4P¥6öÇ–3s#S#ÃSBãƒCSƒ#“SSRÃã“#“sƒcCC3ƒ"Ãã#ƒsSsƒCc3#sƒRÃã3#3s#3s“ƒSccRÃãsCcScCc“s###scRÃãsƒ#CCSss3#S#SsBÄdÅ4P¥6öÇ–3fsSCcSÃbã“C33S“3ssƒbÃã#c3CCcs“sSc““c3‚Ããƒs##Cs“ScSCÃã3##3scƒ““s#“bÃãsCscsƒƒƒƒS#bÃãsƒ33#Ssscƒƒ3ÄdÅ4P¥6öÇ–3fs3CÃssbã##“Cƒcc“Cc’ÂÓã#ssCCcCs#c3ScƒRÃãƒc#“333ƒSƒ#sbÂÓã3###ss3C“SƒCƒ“#2ÃãsCs3SS“#ssS33SCbÃãsƒ3ƒSs#cƒ#scƒBÄdÅ4P¥6öÇ–3ss#ƒÃC’ãƒCS“SC#BÂÓã“cCs#Cc3s3cƒ#c"Ãã#““c3ƒCC#SSƒrÂÓã3#“c#“3“S“#ƒcssbÃãsCsCƒsss#sSC"Ããsƒ3#s“3sc“S##BÄdÅ4P¥6öÇ–3scc#cÃ3"ã#S#S3S3bÂÓãC#ƒsƒ“#c“#C"Ãã33#“sC3##“ƒRÂÓã3#cs“SSsƒ““CSbÃãsCsc“SSS3S#““rÃãsƒ3CS##cCSSCBÄdÅ4P¥6öÇ–3fsS#ƒRÃãƒcS#ƒCC“sc3“‚Ããs“3sC3c#“3#RÃãSSƒcS#CCƒƒ3CsBÃã3#“ƒ33cƒCsCC3bÃãsCƒ###““CƒSs#“"Ããsƒ3“c#“SS3c#2ÄdÅ4P¥6öÇ–3&sƒSccÃ#bãs3CSƒ3#Cc3BÃãsCSƒƒc“#c3Sƒ‚Ãã3cscsSCƒCSCsBÃã3“Cc3ƒ33“3sƒ‚ÃãsC“3sCƒ3SsSsrÃãsƒS##3“s“ƒS#’ÄdÅ4P¥6öÇ–3s#3s"Ã‚ãƒ#3“ssc3s’ÃãcSCƒcs3S“S3CCc’ÃãSƒ#Sc“S#“sƒ’Ãã3“3#C#sƒ#c#cƒBÃãsC“C“s#ƒ###‚ÃãsƒS#Sƒcc##‚ÄdÅ4P¥6öÇ–3Vs#3ƒÃ“Cs‚ãscS##“““S3"ÂÓã##“cS3Cc“sSsBÃãs#3c“S“3cc3C’ÂÓã3ƒƒ“3ƒ333CCCÃãsC“ƒs#c““ƒƒBÃãsƒSCƒSccScƒ“ƒƒrÄdÅ4P¥6öÇ–3scƒCÃbãc“c“c33ccƒRÂÓã“sc#Sscc#s3Ããc#ƒ3“3C#““ƒcrÂÓã3ƒcC““CC3#33ƒ“‚ÃãsC““““sS“c““#SBÃãsƒSc3CcS#“s3SRÄdÅ4P¥6öÇ–3ssS"ÃCrã“Sƒ“SC3#C“s#bÂÓã““3scSsScSƒSssÃã3#“3c“33’ÂÓã3sSc3CSSƒcƒbÃãsSƒs“3SC“ƒ“ÃãsƒcCSSCƒS#C“ƒÄdÅ4P¥6öÇ–3FssÃ#C“rãc“ccsS3#‚ÂÓã#ƒ#3SSS3ssSƒBÃãc“C“##sc“Cs#ÂÓã3cSƒsƒS“#3c"ÃãsS“Sƒ3C“CƒcCƒÃãsƒscCsCsS“ƒs2ÄdÅ4P¥6öÇ–3ssƒÃ#Cbãcƒƒs3cSƒƒ“RÂÓãSSc3cƒ“cƒSbÃãsc#“ƒcccƒS#s"ÂÓã3S“3#ƒ3s“CƒrÃãsS#S3SCc“scrÃãsƒscS“Ss“#Cƒc"ÄdÅ4P¥6öÇ–3sƒƒÃCƒBãƒCC##“ss"Ãã33ƒ“CCC“c3ccs‚Ããscc#s3SSƒS“3"Ãã3SCƒSƒc“ƒƒƒ“#"ÃãsS#3“#ssƒC#“c“ƒ’Ããsƒs“c““CSs33ƒcRÄdÅ4P¥6öÇ–3&sƒcsÃC"ãƒSccC3SCƒS“SRÃã“sss“ssCSCCSRÃã3ƒ“sCS33#3SCCSsrÃã3C“CcSCcƒSÃãsS33s3cƒS“3C’Ããsƒƒ“S##scscCbÄdÅ4P¥6öÇ–3Fs#S#Ã#RãCƒs#C#ƒ“s##sC‚ÃãS#ScsSc3S#33rÃãCƒCc3ƒ“c3“S#ƒs3bÃã33“c3Scc“ƒ““c#RÃãsS3SCƒs3“cƒ3c#’Ããsƒ““c#““SccRÄdÅ4P¥6öÇ–3ssSÃ3Csã3“sc#S3“ƒc2ÂÓã“ƒSc““3“3SƒSsBÃãc333ƒcC3CSCS#RÂÓã33C“SS“sscSSrÃãsS3“C##3“s“s“CBÃãsƒ“Cs“3“s#c“sbÄdÅ4P¥6öÇ–3–ssSÃSã“#c3“CCƒ"Ãã“c3#sc#Ccs#sBÃã3SsCScƒƒ#ssC“BÃã33##ƒ3ƒ3SCsƒRÃãsSC#3#“cƒs‚Ããsƒ“S“ccc““C#C‚ÄdÅ4P¥6öÇ–3&ss#SÃSs’ãCsScƒƒCS“’Ãã3“#C3ƒSc“SrÃã“ƒsc#Cƒs“#cC3sRÃã3#ƒ“cS3cƒ“SCbÃãsSC3S“#ƒc3cs“c’Ããsƒ“ƒCCc#“ƒ“SSbÄdÅ4P¥6öÇ–36s“ƒsSÃ3cBã3cƒ#s“csC#sBÃãCƒ#3ƒSCSCSƒcccBÃãSC3c3“3S3#CS“CrÃã3#C“ƒSCƒ3“c’ÃãsSCcccsƒ#Sƒ“3rÃãs“scSƒc#CSRÄdÅ4P¥6öÇ–3sƒcCÃƒ2ãƒc#C3ƒcƒ‚ÂÓã#ssƒƒ#c“ƒs“““rÃãƒƒ“C3sscSƒc“ƒƒBÂÓã3S3“3ƒccsssƒ#2ÃãsSS3“c#ccCsƒ“C32Ããs“ƒƒ“#ƒƒc2ÄdÅ4P¥6öÇ–3FsSs“sÃCBã3SƒSsccccÂÓã3ƒ“scCCs#RÃã###“s“#sscssrÂÓã3Cc33“cSƒC2ÃãsSSCC““#ƒsc3“3C"Ããs“ƒ#3s33#3ƒbÄdÅ4P¥6öÇ–3Fs“ƒ3Ã33Bã“Cƒ“#S3“s3"ÃãC#sCSSSs“#Ãã3s##cƒƒ“ƒ“#ƒS3BÃã3#cS“#sC33#SCBÃãsSSS“ƒCcsS3sƒbÃãs““#cƒCƒSsƒrÄdÅ4P¥6öÇ–3&s“3CÃSs‚ãScssccS“srÂÓã33ƒs““ss#Cs3ƒ3BÃã“cƒCƒSsƒs#bÂÓã33Cc“S“SCCcBÃãsSc#“s#CS““#“ƒrÃãs“Sss“3C#C“3bÄdÅ4P¥6öÇ–3FsƒsÃ“sãƒCC#cƒ"Ãã#““3#33SsS3SC32Ãã“cCCSScSs“C“S3cBÃã33SCsCS#ƒ#c3CrÃãsSc#“#3Ss3S3’Ããs“Sss“3C#C“3bÄdÅ4P¥6öÇ–3–sC#csÃ#BãS#CcSSScsc2Ãã#“ssC“ScC3s#RÃãCSsƒ“Cscƒ33Sƒ“bÃã3C3“SCC3ss32ÃãsSc##cs#cc#CbÃãs“Sss“3C#C“3bÄdÅ4P¥6öÇ–3Fss“SÃSã3cS#ƒ33Sc#ƒbÂÓã“s3#ƒƒC“SÃã#“#sSS#Sss3ƒs““3RÂÓã3““#sC“3ƒƒ“’ÃãsSccc3c#ƒscƒ’Ããs“ƒcƒ““cƒ"ÄdÅ4P¥6öÇ–3fscCCSÃ3ƒ‚ãSƒs“SC3S#3BÃã3s###CSS#“3“SsSÃã#C#C3“ƒC#SrÃã3“ƒ“3sC3ƒcS3“rÃãsScc“ƒ3sC3ƒ3CbÃãs“ƒCsSss“cc#“RÄdÅ4P¥6öÇ–3Fss#sCÃ#bãƒƒ“Cs#ƒƒcCRÂÓã#cƒƒ3#S#scS32Ãã3ƒ““cƒ3“Cs“s3ƒbÂÓã3“3S#“S3ƒs#3rÃãsSsS3S3cSS#cc’Ããs“#s3c#s3S3C3rÄdÅ4P¥6öÇ–3sÃrã“cc3Cƒc#3Sƒc“"ÂÓã#SS“#C#ccƒccc’Ããƒ#sS#sSC3ƒccƒS’ÂÓã3“#c3sS#33c“c3RÃãsSs#“s33#33BÃãs“#ƒcCs3c3Cƒ“"ÄdÅ4P¥6öÇ–36s3sSÃsS"ã#C3SƒcCc2Ãã#cƒ“Cc#SsƒS’Ããƒc“s3“#ss“cC#C‚Ãã3“##3SƒSC3#s“ƒRÃãsSsSCS3“ƒBÃãs“#ƒcCs3c3Cƒ“"ÄdÅ4P¥6öÇ–3sss2Ãrã“c#ƒSccC“ƒ"ÂÓãCcS3s#sccsrÃãCsS“c“““3#SC“ƒ2ÂÓã3ƒ3sc#S#c#cSƒRÃãsSss““Ss3ƒ“c’Ããs“#ƒ“3“C3“SRÄdÅ4P¥6öÇ–36sƒ333ÃC“ã3#C##C#ƒ32Ãã#s3#3c#3#sSrÃãƒƒƒ#C“CsSCCS‚Ãã3sSƒccƒsƒCCS“’ÃãsSƒ3“c“c333#Ããs“33““ƒS3CC’ÄdÅ4P¥6öÇ–3Vs#ƒÃƒ“’ãsƒsC“#c“CC‚ÂÓã3SS33“CCƒc"Ãã““S#sCCƒ“#ƒ32ÂÓã3c“ƒCS“sƒc3ƒsSBÃãsSƒƒSS“Ss#SSC“Ããs“3ƒ3333cc3sC3rÄdÅ4P¥6öÇ–3vsSƒsÃ#’ãS3#ƒc““S#SBÂÓãSƒ#“““ƒ’Ãã3CSƒc3#s#SSBÂÓã3cc3#cƒC“ssSbÃãsS“##“s#3##cc3’Ããs“Ccƒ3s3sCSs3BÄdÅ4P¥6öÇ–3s“Ã“2ã“##ƒs“C“S332Ããcƒƒ3“Cc#3SsRÃã##Cc“C3s3#S3C3BÃã3c3#3#C#“3#3ƒbÃãsS“3SƒSCCc#S3’Ããs“C#c“S“Ccƒ“cS‚ÄdÅ4P¥6öÇ–3sc#Ãcã“S““““#CcRÃãScC“SsS3ƒ‚Ããcs33CƒC#c“’Ãã3Ssccss3Ssƒc“3‚ÃãsS“sƒ###ƒCSƒC‚Ããs“CccsSC#Csc33ÄdÅ4P¥6öÇ–3VsS3CCÃã#SC#3sssSƒ"ÂÓãCƒC##CCsSCC“rÃã3C3SS““33“s#s“2ÂÓã3SSƒCs“S#Scƒ2Ããsc#CSCS“3ƒ3“ƒRÃãs“Scƒ3#S2ÄdÅ4P¥6öÇ–3†s3cƒÃ#rã#““3S“3““RÂÓã#CC#C#scSsC#“RÃãCƒs3S“33“3““RÂÓã3C“cSC3ƒ3#ƒƒbÃãscC3s3c““CCcÃãs“S#c##c“#ss#BÄdÅ4P¥6öÇ–3FsƒƒƒÃbãSƒ#s#scƒCSSRÃã#“sC““3C3Csc3rÃã“sc“C3SC#S“C’Ãã3CS#Ssƒ#“S“‚Ããscs3ƒscsScC3RÃãs“SC33Cc“s##crÄdÅ4P¥6öÇ–3fsSCScÃ“ã#Cƒ#ƒcCC2Ãã33““Cs#cƒSƒƒ3C’Ããc#3ƒ3CƒCSSscRÃã3CSCsSƒssc’ÃãscsssƒSsS#Ããs“SC33Cc“s##crÄdÅ4P¥6öÇ–3†sS#bÃ"ãƒsCƒsSsSs“s“s’ÂÓãssƒcCccƒ“cÃãSƒ3scSc#“#ƒƒsc“2ÂÓã3CSƒCSs#SS3#CSBÃãsccƒ#Ss3s33CRÃãs“SC33Cc“s##crÄdÅ4P¥6öÇ–3&ss“CÃBãƒcƒs#S3S#rÃãs#cccCcCS3“3“‚ÃãScSƒCsC#3s“C#‚Ãã3C#c33sSSs“ƒ’Ããsc“#s#CS3ƒsƒ“’Ããs“SS“3S3c3ƒ#BÄdÅ4P¥6öÇ–3vsS“SÃ3“ãƒCSƒ3S“CSrÂÓã3S3#sC3ccS3c3C3bÃãcsS#ccs#cƒbÂÓã3Cƒsƒ““CC3CbÃãscc“ƒcSs“Cc"Ããs“ScƒƒCCCSSƒrÄdÅ4P¥6öÇ–3VscCcÃsc‚ãcs#CƒcCSSRÃã33“““ƒSc#C#RÃã““ƒ“ƒ3S#S“C3’Ãã33ccƒCƒ33##S“ƒcbÃãsc3ƒCsC3cC3"Ããs“Ss3c#ƒS3CsC“#rÄdÅ4P¥6öÇ–3vsS#ƒÃãƒcCSsCsƒscC3"ÂÓã“CƒSƒ#“css#RÃãcCsCs#““s“cC’ÂÓã33c#“cC“ƒs“BÃãscCccƒc“S#RÃãs“Ss3c#ƒS3CsC“#rÄdÅ4P¥6öÇ–3†scs“Ã33ƒã#3##sS3CrÂÓã3#cs#CƒƒƒƒC#CS2Ãã““cs“C3ƒ#‚ÂÓã33cCSC#s#“3ƒ#2Ããsc3“ƒC3c“ƒ3rÃãs“Ss3c#ƒS3CsC“#rÄdÅ4P¥6öÇ–3–s“sCÃ“cRãSƒ“33#sƒs“s2ÂÓã3Cƒ#cccS3ƒ#cC"ÃãCccƒC#s#sƒS3ÂÓã33s#S33ƒs’Ããsc3Cs#sC3Cc2Ããs“Ss3c#ƒS3CsC“#rÄdÅ4P¥6öÇ–3ssSÃ3Rãc3#ccC3Ccs#bÃã“S“CSS““"Ãã3“3cc“#“3#C“C#“RÃã33sƒ3“33#SƒCCcbÃãsc#“#S#sS3rÃãs“Ss3c#ƒS3CsC“#rÄdÅ4P¥6öÇ–3sƒ#3Ã#Rã3S33C#SCSc“sRÂÓã3#ƒs3ƒ#SSƒsCC“bÃãC3sSƒcC“C3#“3’ÂÓã33cSƒssssCs“rÃãsc3“3#3scSS“"Ããs“Ss3c#ƒS3CsC“#rÄdÅ4P¥6öÇ–3&s““#Ã3BãccƒC““C3ƒ#bÂÓãƒcC#ƒcCCCSC"Ãã33SC#“#3cSC#ss’ÂÓã33csCƒcc“#sƒsƒ2Ããsc3sScsS“33c‚Ããs“Ss3c#ƒS3CsC“#rÄdÅ4P¥6öÇ–3ss#ƒÃrã“SsSCƒs#C“sbÃãS#“S3C33sC“3"ÃãSC#Csc“sS#cc3BÃã333C“sƒ#ƒSc‚Ããscc#33cs“3CcRÃãs“S“3“SCCCS“#BÄdÅ4P¥6öÇ–3sSƒsÃS2ãsƒ“3“cSc“3#bÂÓã“3“cSs##3ƒc3“’Ãã3cƒC3ss#S’ÂÓã33Cƒ#“ƒ#3sCƒ"ÃãscƒS3SCCSSƒƒS"Ããs“cƒs#SScc#c2ÄdÅ4P¥6öÇ–3fssc3ÃCSRã3S“S“cƒSSbÃãS#3Sc3s3c3“cRÃãcSS#scsc3c##rÃã3#ƒ3ƒC3s#3ƒ"Ããsc#3#“#Cs“cRÃãs“c#3“sC“#cRÄdÅ4P¥6öÇ–3sƒCÃ#rãs3#3#ƒscÃã3c“ƒsS3ƒssS"Ãã3s3ƒ3Scs3cs“cCRÃã3#CSƒsc#ƒ“c“SbÃãsc#3#3cCc#cC3rÃãs“cCƒscƒs#ƒƒs"ÄdÅ4P¥6öÇ–3sSc“ÃSãsSƒ3C3c““Sƒ"ÃãScCcSCC3ƒƒscƒrÃãƒcƒ3SC##“SSs’Ãã3###cƒSc“ƒScSrÃãsc#Cƒ3ƒCƒƒ#BÃãs“cc3###3s’ÄdÅ4P¥6öÇ–3vsCS“Ã3Bã##C#sss#“ƒSbÃãsc““cƒ3C3#“c3#‚Ãã3Ssƒs##CScS#ƒbÃã3“CS3cssƒCCƒBÃãsc3CScSC“3C“3RÃãs“sc#SSC“ƒSsBÄdÅ4P¥6öÇ–3Fsƒ3Ã#Rãs“s#3ƒƒcCCc"ÃãS“Ccss3#“ƒcsSC‚Ãã“ƒ#“#S3#“SCs2Ãã3Sƒscƒc3sSsRÃãscCScS3ccC#2Ããs“ƒƒ3““csC33#BÄdÅ4P¥6öÇ–3fss#“3Ã#s’ãC#““SƒCƒcC“bÃãCƒ#cSC#3ƒCbÃã3cSs3s#Cc##"Ãã3s“cƒs#3C3rÃãscCcC3#sS33cRÃãs“ƒ#c3ScSssBÄdÅ4P¥6öÇ–3fsc#CƒÃcƒrãCƒCc3csƒƒS’Ãã#“ƒ##C#3CcccC2Ãã““SƒCssƒs33cƒ3rÃã#““CcscƒC“sS3s"ÃãscCSƒ3##C“SC33c2Ããs“ƒcC3ƒcsSS3ƒRÄdÅ4P¥6öÇ–36s3#CÃCcbãsCs““ƒƒ“rÂÓã#S#3“#ƒcsS3ƒSBÃãƒC3S“s“3“CrÂÓã#““ƒs3“SCc3c‚ÃãscCƒs33c33#cƒ#’Ããs“ƒ“S3c#S#s‚ÄdÅ4P¥6öÇ–3&s#Ãƒ3’ã“ƒSSCCcÂÓã3#s3c3s“#BÃãCCC#S3cCcCÂÓã#“ƒs“““##3SBÃãscS“#sƒs“33sBÃãs““ƒS#Cs##sSrÄdÅ4P¥6öÇ–3sS3ÃcBã#Ss3#ƒc“CRÃãCƒƒ#cc#3sƒ“3’Ããc3cCsS“#C“3ƒ“"Ãã#“ƒ3#ƒ#ƒƒScCbÃãscSCS#ƒ““CSsSÃãs““3“Cc##cc#3BÄdÅ4P¥6öÇ–3s“ScÃSSã“c3ss"Ãã#ƒC3ccCƒS“““3"Ãã“C3C3S3ƒSC“S32Ãã#“ƒ33SSc“ƒ3CCBÃãscSCsS#ss“‚Ããs““3“Cc##cc#3BÄdÅ4P¥6öÇ–3sSÃ#Sƒ2ãSc33ScsCs#CBÃã3scs“cCSƒÃãcSC#CSC#c“C3ƒ2Ãã#“ƒc3cƒƒc3ssCCRÃãscSSsƒ#3C#s“scrÃãs““C#3“C3c3“ƒÄdÅ4P¥6öÇ–3sc#SÃ#rãCscƒ“33##ƒ"ÃãS“C3ƒScSs‚Ãã3s“#“#Sƒ3“3ƒs3bÃã#“ƒCs#ƒ“scRÃãscSS““SSƒƒS‚Ããs““C#3“C3c3“ƒÄdÅ4P¥6öÇ–3Fs#CSÃ3c’ã3s#SƒCƒ#3‚ÃãC3ƒsc“3#“ƒBÃãCCcSs““C“CC‚Ãã#“sƒs3ƒƒCs3c3CCsBÃãscSs““C#c#Sƒƒ"Ããs““S“c##“c#RÄdÅ4P¥6öÇ–36sSsÃRãSSC3“ƒcƒCS3s’ÂÓãs3ƒ#ƒƒ“cƒcƒ#c2ÃãSƒSSCsƒ“SSSS"ÂÓã#“sc##Cƒssƒ“#‚ÃãscS““##SC“S3cCC2Ããs““sS###cSC’ÄdÅ4P¥6öÇ–3Fssc3cÃS’ãsƒ“c3csƒC#rÃã3CcC“3C#cc“RÃã#C“ƒ#s“C“#‚Ãã#“sCS#S#3cCSrÃãscc##“ccCBÃãs““s“csScScCƒSÄdÅ4P¥6öÇ–3sC#Ãƒs2ãcC“#s“#“2Ãã#““##s3ƒS3“S‚ÃãSsss“#cc“3SbÃã#“sSs““S3CSSrÃãsccƒ3C3C3#ƒ“3‚Ããs““s“csScScCƒSÄdÅ4P¥6öÇ–3Vs3#ÃS‚ãƒ“sScsC““CsRÃãCs#S#ƒ3ƒ#sCSRÃãSƒcCƒƒcÃã#“cƒ“ƒsScƒ“CS#’ÃãsccSC3ƒ3csssccbÃãƒ“cs#3cc““RÄdÅ4P¥6öÇ–3&sscÃ#‚ã3“CCcssÂÓãC“cƒSSscS3CcbÃãcscccc#“s“S2ÂÓã#“csc##csƒ“3bÃãscccCƒS333“32Ããƒ#“Sƒ#3cCCRÄdÅ4P¥6öÇ–3fssc#CÃC’ãSSc#“cƒs#CssRÃãƒsCSC3C3ƒsssRÃã#s#ƒCsS#c3ƒRÃã#“csssSs3C“ƒC’ÃãscccCS3#CcCSS3rÃãƒ#“Sƒ#3cCCRÄdÅ4P¥6öÇ–3ssSÃ#CãSS#ss##ssRÂÓãCC““C3cCscs33sbÃã3cSƒc“3CcƒƒSrÂÓã#“cS#“#C#3““rÃãsccƒCC“c3C3#BÃãƒ3cC“S3c“ƒC‚ÄdÅ4P¥6öÇ–3&s“3SÃS#bãScƒ#SC3ƒƒs2ÂÓãC“3s“S“ƒCS’Ãã3ƒ“SsSc3CC3RÂÓã#“Ss3c“ccƒS“#BÃãscsC3“c3sƒ“ƒcsrÃãƒ“3Sƒ#ƒ3“c“’ÄdÅ4P¥6öÇ–3–scc#ÃƒbãƒccƒCcCcc###rÃãCƒ“#sScƒƒs“bÃãcSCSƒS#““ScÃã#“Scs“ƒƒƒƒƒCCƒrÃãscsCƒ3SCc“sS#2Ããƒ“C#“3c“Cs"ÄdÅ4P¥6öÇ–3ss3cÃ#RãƒSsƒSƒ33#cbÂÓãƒƒCcs3SS##32Ãã3cƒ““csƒ“###scsc2ÂÓã#“C“cc#““#3Ssc’Ããscƒ“c#C3ƒsSRÃãƒCS“sƒCƒS33ÄdÅ4P¥6öÇ–3vscC#cÃƒBã“s3#Cƒƒ3#“cc’Ããc#ƒ“ƒcCƒ“RÃã#ƒ3ss##ƒsccs2Ãã#“Cc#“3Cs“cS#“’Ããscƒ#ssCC#33sRÃãƒcƒ##ƒc“3s#rÄdÅ4P¥6öÇ–3–ssSC3Ã“cbãSCCSSCƒ’Ãã3cC3C“s“cCSCScbÃã##3s3Scƒs3cs“BÃã#“CS3cScƒCs#ScrÃãscƒ3Cs“#CccSsC“ÃãƒssCCcC3Ss#‚ÄdÅ4P¥6öÇ–3VsS33cÃscã“#sƒ“css‚Ãã#c3ƒ3S3s“CcCC"Ããƒ“sS#CCs32Ãã#“C“cƒ3sC“#cSRÃãscƒcƒCCƒ33CcS“ƒ‚Ããƒ#c3“CcS#SƒRÄdÅ4P¥6öÇ–3scSsÃrã3ScsƒSSS3“c2ÃãC#csƒ#CCcsSs#“"ÃãCƒcSƒƒ33“srÃã#“3SS#ƒcsSssSrÃãsc“#ƒ3ccCCC‚Ããƒ#C33“#“ƒ“sƒsS"ÄdÅ4P¥6öÇ–3sS“sÃ3ãs“S3#SS2ÂÓãC3Cs“#SCƒBÃã3C#3sƒƒ#csSƒcBÂÓã#“333“#Ssƒƒ#s‚Ããsc“#ƒ#sscc““sCbÃãƒ#SC“S#CcCcrÄdÅ4P¥6öÇ–3ssc#cÃ33"ãSƒScƒc33sƒC“BÂÓã3cS3CsccRÃã#CCsccsƒCSSC“’ÂÓã#“3#SC“3S3CcƒÃãsc“3#s#“cCƒƒƒsC"Ããƒ#SSC3sƒƒSbÄdÅ4P¥6öÇ–3†sccƒcÃãCƒ3“““ss3cBÃãs##s3S#cS3s"ÃãSƒss#“Cƒcƒcs#CrÃã#“3s#ƒ33#S“‚Ããsc“C3#sC3“CRÃãƒ#cƒ#S#3“2ÄdÅ4P¥6öÇ–3sƒCSÃ"ã3ƒ#cSs3CsbÂÓãs3CSƒ“C“C““rÃãSƒsƒƒ#CC3csSRÂÓã#“3sc#3#Cc“cSRÃãsc“Cc3ƒƒ3#cƒƒ"Ããƒ#cƒ#S#3“2ÄdÅ4P¥6öÇ–3s“C3Ã‚ãSSƒc3#ƒsbÂÓã“#Sc#3scsbÃãcSs“3“3ƒ#csƒ“#"ÂÓã#“#Sƒ#3“ƒSCSScSbÃãsc“ƒC3“CS3CƒBÃãƒ#“Ss#“c“CsSBÄdÅ4P¥6öÇ–3vsCsƒcÃƒC2ãC““C“#“scRÂÓã3“c3“3c#csC“cbÃãS“3ƒCSCS“ƒ#2ÂÓã#“#3S3ƒƒc#ƒƒƒBÃãssc3ƒƒCC#SRÃãƒ3C“CS“C“Cƒ‚ÄdÅ4P¥6öÇ–3&s“cscÃ#c3Bãƒƒƒ#Sc3ƒ3C3rÂÓã3cc#3sCCCsƒ“SsrÃã#S#333S#s##BÂÓã#“#3C3CSCCSSRÃãss#C3s3S3cCrÃãƒ3C“CS“C“Cƒ‚ÄdÅ4P¥6öÇ–36sƒ3ÃCrãs“cƒcCsS#3ƒBÃã#CS#cƒsƒ“s“SRÃãs3C3sƒcSsSƒs“"Ãã#“#ƒsSCs#c#3c#RÃãss#“cƒsc““ƒ‚Ããƒ3csc##sS“bÄdÅ4P¥6öÇ–3vs##ssÃC‚ãs3C3#s#ScRÂÓãS3#“c#sSƒsc#SBÃãƒ#CSSƒ#3ss3RÂÓã#“#Sc3“ƒCsÃãss#c#“C“cs“2Ããƒ3csc##sS“bÄdÅ4P¥6öÇ–3–scS33ÃsS2ãcCs3S3C#“#‚Ãã3cC3s#ƒƒC“ƒ3s2Ããƒ#“sC33“ƒc#CRÃã#“#“#sƒSCc3CbÃãss3“##ssS3Cƒ“’Ããƒ3csc##sS“bÄdÅ4P¥6öÇ–3VsSScÃ“2ãCccsC#“3s32Ãã#ƒ“ccsCsSsc’Ããs#“s“C#“ƒCsbÃã#“#“3ƒ#“S“s32Ããss#s“CC““c“rÃãƒ333S###cƒ3#bÄdÅ4P¥6öÇ–3fsS“Ã3sS"ã#ƒScCƒ“C3ƒ“s2Ãã#scSC“s#ccƒC3RÃãsC3S3““3“ssƒ3SbÃã#“ƒSS“C##S#“#SbÃãss3“cssS3ƒS3BÃãƒ3##ƒ““s33SÄdÅ4P¥6öÇ–3VsSCsÃ"ã#ƒ““##SS#c3“#rÂÓãsSC3“C3cc#s3#“‚Ãã#SƒSSC3Cƒcƒc#sBÂÓã#“ssC3c#ƒ332ÃãssCS“C#S3ƒ#ScRÃãƒ3#3Sƒ#3#BÄdÅ4P¥6öÇ–3Fss“3#Ãƒ“bãc#ƒCss‚ÂÓã##s#“C“Sƒc“‚Ããsc“sSs3ccCcc3bÂÓã#“3sSC#S#3"ÃãssscCC#S3C3ssƒ‚Ããƒ3S#Cc#“s“#C‚ÄdÅ4P¥6öÇ–3–sc3“Ãrã3“Ccc3Cƒ#C2ÂÓãƒ#s#s““ss3#“S’Ããc#sCscƒsc#SCƒ#bÂÓã#“#s#scsC#cRÃãssƒ“SƒCc33SÃãƒ3Sƒs“ccCƒccƒ"ÄdÅ4P¥6öÇ–36sSsCÃ##ãƒsc##SCS#bÃãCSC“#“SsS“bÃãSC“ƒC3S“s#3ƒS‚Ãã#“#ƒƒc#C3c“cRÃãss#“#CSCss#‚Ããƒ3cCƒƒs“C’ÄdÅ4P¥6öÇ–3vsS3C“rÃ2ã3“3sƒ#ƒ3sƒS3#RÂÓãSƒCƒccs3ƒ“sBÃãSC#ƒCc3sS“C“BÂÓã#“ƒSƒ3s#SCƒCRÃãss“ƒScsc3“#ƒsSrÃãƒ3cCƒƒs“C’ÄdÅ4P¥6öÇ–3–sSS“ÃCƒ‚ãc#“ƒCƒSSCScSSrÂÓãCsƒƒ#scC““ƒsBÃãcS#s3SƒcC3cƒ“rÂÓã#ƒ“sƒ“CCƒ##cRÃãss#3#csc3SC3ÃãƒCcCSƒscSccRÄdÅ4P¥6öÇ–3sS3“Ã“2ãS#“cƒsS3BÃãƒ#ƒsƒc#“CC3C3RÃã#ƒc#3CCCs3ƒƒs’Ãã#ƒ“C3cCC“###2Ããss##cS#“ƒccCcS2ÃãƒCƒ3ƒƒsƒƒsCCS32ÄdÅ4P¥6öÇ–36ssƒ#Ã“"ã3“S“ccssC#RÃãc#3C3CsS##S’Ãã#ƒ#3Sc#SccSƒ33‚Ãã#ƒ“#“ƒCƒ3#C2Ããss#3SƒSccS#SbÃãƒCƒCCƒcscsc‚ÄdÅ4P¥6öÇ–3†sƒ#CSÃ#2ãƒ#sSC“#ƒ“rÂÓãC#3#SCSCsC“3“ƒ#BÃãCc#s“#“SSsC“’ÂÓã#ƒ“3CsSƒS3C3"Ããss#3Ss#sS“c#CRÃãƒCƒCCƒcscsc‚ÄdÅ4P¥6öÇ–3sƒS“Ãƒ"ãƒscSsCsrÂÓã#“#CsC3sƒbÃãs#SSƒ3#SCrÂÓã#ƒ“ƒƒs“SSsSCRÃãss#Sƒs““ƒCc#rÃãƒC“ccƒ#SCS#S#RÄdÅ4P¥6öÇ–36sƒ#ƒCÃrãsCssSƒSsƒCC#ƒrÃã333“ƒs“C#3BÃãCc#S33ƒC3#Sc““C3rÃã#ƒƒ#3ƒƒƒsccCrÃãss3cCC“Cƒ“‚ÃãƒSS“33s“#3sCC‚ÄdÅ4P¥6öÇ–3s“Sc“Ã3‚ã3ss3c#S3c3’Ãã“3CC3c3C3c#RÃã3#Cc#SƒƒC“SƒsSƒRÃã#ƒsscSss“##Ããss3S3C3“##sc"ÃãƒS“#ƒ“C“cS33ÄdÅ4P¥6öÇ–36s###ÃƒBã““cƒ3ss2Ããc3cScC“Cs#s“2Ãã####ƒCS“scs“C#"Ãã#ƒcCs“cCƒ#“cS3BÃãssCSccc#“#c3S#RÃãƒcƒcS3“#csCrÄdÅ4P¥6öÇ–3&sSc“Ãc3’ãc“sƒcCƒcsc"Ãã3#ƒƒCS“Ccƒs#C‚ÃãCssCsS#“s#3S‚Ãã#ƒcCƒcƒcC3#sRÃãssCSS#S3CCƒbÃãƒcƒcS3“#csCrÄdÅ4P¥6öÇ–3sƒ3ƒÃ3ã““##Cƒ#C#ƒ#S#3BÃãsc“#c#3“CƒsSRÃã3S#s3ƒC33C#S3’Ãã#ƒScssC3cCS“rÃãssS#SSCc““3#’ÃãƒsCS3S#Sccc“2ÄdÅ4P¥6öÇ–36s#“CÃƒ#BãCSƒ3“Cƒ“C“BÂÓã#Css3““#3C#ƒSc3‚ÃãƒcƒSC3sCƒcSC#s’ÂÓã#ƒS#3S33sƒ#ƒS“bÃãssSCcCC““s#CÃãƒssc3Sƒ33#“s#"ÄdÅ4P¥6öÇ–3Fss“Ãc"ã#Scc#c3ƒsÂÓã3“Cscc#33SBÃãSƒcsƒƒSS#s‚ÂÓã#ƒCC#“cSsc“scBÃãsscƒ3CS“sÃãƒƒ3Ss3ƒSs3S3‚ÄdÅ4P¥6öÇ–3Fssƒƒ“Ã#‚ãcC3“cCƒCcƒrÂÓãCSs“3s3cc3crÃãcƒ#3#cssSƒcBÂÓã#ƒC#ƒsƒ“ƒƒsƒCsrÃãsscƒ“sS“3CcScÃãƒƒC#Cs#ƒ3“S“RÄdÅ4P¥6öÇ–36s3C3“"Ã3’ã“SCcSCscC3CrÃã“CsS#ƒ“S#CscrÃã333ƒsc““S“##SBÃã#ƒ3ƒc#“C“c‚ÃãsscSc3cc“3cƒ#sÃãƒƒscƒ#s#“ssSÄdÅ4P¥6öÇ–3fssS#Ã#crãs#ƒ“Ccs“cssrÂÓã#sS#Cc“S#ƒ3CBÃã“s“ƒC#ƒƒcƒ“##rÂÓã#ƒ3CcSSScs#“s#Ããsscƒ““ƒcsƒCc"Ããƒƒ“ƒ“CCcc33#SRÄdÅ4P¥6öÇ–3VsSCƒÃ#Crã3Cƒ3#“C’Ãã#ss3“cCs3“3"Ãã“sƒ#“333ccc#Ãã#ƒ3ƒccƒSCSƒCCRÃãsss33s3C#cc#"Ããƒ“cc#ƒC#ÄdÅ4P¥6öÇ–3&s“#ƒ#Ã#2ã#ƒ“csS3cSƒ#c2ÂÓã3#3“CcsSƒs“c’ÃãCss#ƒcƒS#““rÂÓã#ƒ#CcC“sƒs#CCsBÃãsssSƒscs“##3’Ããƒ“c“sƒƒ“Sƒc“RÄdÅ4P¥6öÇ–3VsS#ƒÃcc"ãc3sCSS3ƒS3CSrÂÓãS“#C##“3SCccS“bÃã#“33C3cCc“#S2ÂÓã#ƒ“cScƒ3ƒscsBÃãsss“s#“s“C#s’ÃãƒS#S#“Cƒsc2ÄdÅ4P¥6öÇ–36sScƒÃS3bãSCs33#3CSsƒsRÃã#3“#c33“#3#s3RÃãƒC“c“sssCSƒƒCÃã#ƒsc#3“ScC#cbÃãssƒ#ccƒ##s“"Ããƒ#s“Sc“c3ƒbÄdÅ4P¥6öÇ–3VsSCÃS#2ãƒc“#Cƒs3‚Ãã#ƒ3sƒ“33s3##s3bÃãsƒccss“3"Ãã#ƒs“#3ƒSƒ““332Ããssƒ#sc#CsrÃãƒ#s“Sc“c3ƒbÄdÅ4P¥6öÇ–3fss33Ã3scRã##““sC3“CsRÃã3CCCƒS#ƒc#S"Ããc3ScƒCss‚Ãã#ƒcƒC3ƒ“Sc#sCs2ÃãssƒƒSS#S3#“C2Ããƒ3cs#S3CC‚ÄdÅ4P¥6öÇ–3&sSƒ3Ãc’ãccss“#C#CƒRÂÓãCsƒƒ##c#ss“CBÃãs3S3S“sSSƒS"ÂÓã#ƒcssCsSccƒbÃãssƒ#C“cCcs3cRÃãƒSsCC#3sƒrÄdÅ4P¥6öÇ–3ssƒÃ3c‚ãS#“#“#CSBÃã3CSCƒc3sC33ƒCCSbÃã##ƒƒ3ƒs“c#Ssc2Ãã#ƒCƒƒ3#sƒƒ33#2ÃãssƒS“c#Cs“csCcÃãƒCs“ccs#ƒbÄdÅ4P¥6öÇ–3s#SCÃ3Rã#ƒƒSC“ƒcƒ3C’ÂÓã3sS“ssc#c“ƒ“ScRÃã33sƒsS“ƒ#cCƒ‚ÂÓã#ƒ#ƒ#3sCsSÃãssƒc“CC#ƒƒ#ƒBÃãƒS#ƒ#cC“#sƒ‚ÄdÅ4P¥6öÇ–3s3ÃSãSƒ#“S#3C3c#"ÂÓãS##sƒcS“#S2Ããs“3ƒsƒ“#“sCcrÂÓã#ƒS#“SC3S3ƒƒ2Ããss““cS“33Ss“ƒrÃãƒƒc“SCCƒCCcSƒÄdÅ4P¥6öÇ–3–sCsƒsÃsrãsSCcCS#’ÃãcC3“s#“C3csCCbÃã##“S“ƒƒ3Sc3cƒ2Ãã#ƒCsƒ3ccCcSsRÃãss“S#CC#“s"Ããƒƒc“SCCƒCCcSƒÄdÅ4P¥6öÇ–3–sS“SsRÃ#BãcCScSCƒcc“SsƒsrÂÓã3“ScC#ƒ“###CCÃãCcs3“3“s““Cs2ÂÓã#ƒsc“3ƒ#3Ããss“3Cccc“C#cƒs2Ããƒc“33sSss32ÄdÅ4P¥6öÇ–3sC“3cÃã3“3Cƒ“S##ƒs’ÂÓã#ƒS“3“s3ƒ#Sccs#BÃãsƒS“csC#css’ÂÓã#ƒ“c#“3Scs"Ããss“Cs#cS“SSSbÃãƒƒcCƒSCScC’ÄdÅ4P¥6öÇ–3s3sSÃCS"ã3c3sCcc“ƒCrÃã3#S“Scƒs“ƒ#CbÃãƒ3Cƒ#c#S#SsÃã#s““#CƒC#S#cbÃãss“SCCc““C#SSbÃãƒƒ3cCCƒC32ÄdÅ4P¥6öÇ–3s“ƒcÃSsRãc3#ƒC“‚Ãã#ƒs#3c3cƒ#"Ãã#cƒƒ33“sCSc2Ãã#s“c“3“SCSs3S#sBÃãss“s#3cƒCƒ3SsbÃãƒ3#3csƒsC#RÄdÅ4P¥6öÇ–3&sƒƒCsÃãcCƒCs3CSS‚ÃãcC33“C“ƒC3““SbÃãSƒs“CCsSƒCCc3“CrÃã#s“SCcƒcƒ3Sƒƒ2Ããss“ƒC““#ƒSsƒCbÃãƒC“3“sSC3#RÄdÅ4P¥6öÇ–3–s“sƒcÃ’ã3CSC3sSCcCc’Ããƒ#ssScc“#ƒC3s#‚ÃãcSCScCcCscC#"Ãã#s“#Ss##sƒƒƒ3rÃãsƒCsC#ƒ#scƒsRÃãƒScƒ“SSCS“Cƒ“’ÄdÅ4P¥6öÇ–3†sc#“SÃcBã“scS3CƒS#3‚Ããc“ƒcc“c#S3SsS“BÃã#ScCsƒ3cSCs3ƒRÃã#s“ƒ#ƒ3ƒSƒ3ƒ’Ããsƒƒ#Sƒ“SRÃãƒcc##Sc##3“ƒƒ"ÄdÅ4P¥6öÇ–3†ss#ƒÃSbãC33CCscc#S#‚ÂÓã“SsS3sƒ#3C“#Ãã3CS##“CSƒƒC“ScbÂÓã#sƒccƒ“cscCsSbÃãsƒC““SCƒsCsƒBÃãƒ“CsC3ƒƒc“#crÄdÅ4P¥6öÇ–3s##RÃ2ã3ƒs33“scCsBÃã##3ƒss3ƒƒCC3bÃãsc#ƒsSƒ###ScsC“RÃã#sƒCCcS“sCSs2Ããsƒs#““3#3s#ƒBÃãƒ###“s““S#bÄdÅ4P¥6öÇ–3s3“Ã“ã““3ƒc““““"ÂÓãSƒCCc“C#c3#“3“ƒRÃã#SCS3“##S2ÂÓã#sƒs“ƒCc“cs““BÃãsƒƒsCƒƒ“CSCsƒ3rÃãƒ##CS“s3cƒ3crÄdÅ4P¥6öÇ–3vsC3cÃsrãcƒ3#S#s#3“c"Ãã#3s#SCcss3ƒ3C2ÃãƒS3c“c3cs“cCC‚Ãã#ss“CS“CCƒsƒsRÃãsƒss“##c#Cs’Ããƒ#C“CC“cSSc"ÄdÅ4P¥6öÇ–3FsC“cÃƒbãcS“cc““ƒcBÂÓãcC#scssƒƒC“3c"Ãã#3#Scƒ3CCscSRÂÓã#ssSsƒ3#““3CrÃãsƒ33c##c3“s"Ããƒ#c33ƒsCS“3#cS"ÄdÅ4P¥6öÇ–3ssSSÃãS““ƒƒ#Sƒ“ƒ##“2Ããcc““ƒCCC““rÃãS“ƒ“CƒƒsSs“#‚Ãã#ss3#c“c#ƒƒ"ÃãsƒS3C#s3ScS“3c2Ããƒ#s“3ƒsS“33S3‚ÄdÅ4P¥6öÇ–3sSƒs3Ã3#S‚ãCcc3CCC3##RÃãs“cssCCccc3“C‚ÃãcSS3#“C##Ssƒ2Ãã#sc#3ƒ#CsS2Ããsƒ#3“Cc3s3ScsBÃãƒ3cC##ƒƒcS#ƒc‚ÄdÅ4P¥6öÇ–3FsscSsÃ"ã#ƒc“Ss#“3“2ÃãSc“Sƒccs##SssBÃã#3#“C3#sC#Cc2Ãã#sS“3CcCSs3ƒ““c3BÃãsƒ#S“ƒ#c3ƒCcs#RÃãƒ3ƒƒ3C##3cc2ÄdÅ4P¥6öÇ–3sc“sÃã#cs#c3#sRÂÓã#3CC3ƒssCscƒ3rÃãƒSsc3333ScsCSRÂÓã#sS##33#3‚Ããsƒ3SCƒƒ3#ccƒ2ÃãƒC3C#sSssƒrÄdÅ4P¥6öÇ–3scS#cÃƒc’ãSƒ#sscCs’ÂÓã3CcSsscƒ#s#Cƒ"Ãã#ƒ#SCSCCs#C#s2ÂÓã#sCƒ“sSScƒS3ƒ2Ããsƒ3Ccƒ3ƒ##“3“BÃãƒCc#““s3ƒCCC"ÄdÅ4P¥6öÇ–36sCÃc’ã###S#sccBÃãƒ###cs#ƒ3“ƒ’Ãã#““3csƒS3C“SCRÃã#sCcs3““#cC3CƒÃãsƒ3Sccs3sSsCSƒ"ÃãƒCcsscƒcƒƒc#2ÄdÅ4P¥6öÇ–36s“Ã2ã“C3#3“ssƒBÃãSSC3ƒcCƒ3SSBÃã#“cC“#3““c#S2Ãã#sCC3cƒsS“cS“ƒRÃãsƒ3ssCC3“3cC2ÃãƒCƒCs##CcƒC3"ÄdÅ4P¥6öÇ–3VsssSÃ#3’ã3ssss“3s#bÃã3cs##“#“s3#c3SBÃã3Cƒ3C“ƒƒ#ccCRÃã#s3ƒ“ƒƒ33ƒ“3ƒbÃãsƒC#3s#s““3CÃãƒS#33sC“c‚ÄdÅ4P¥6öÇ–3ssÃ3rã3c#c3ƒC##Sc3RÂÓã3CSscSsÃã#c“3CsScs“BÂÓã#s3ƒƒƒSc33““SRÃãsƒC#3Ss#ScC#"ÃãƒS#33sC“c‚ÄdÅ4P¥6öÇ–3sc“CÃs3"ãsCƒ“#sCCS2ÂÓã#“Cs##ƒcƒscccƒƒbÃãssCS3S#cSƒ3ƒ3rÂÓã#s3S3cS#3S3bÃãsƒCCCƒ3s#3csRÃãƒSCS#cƒ“sBÄdÅ4P¥6öÇ–3VsS““Ã3c‚ãs3C#c“333Cƒ‚Ãã###S3c3CCccsScC2Ããƒ##ƒCc“#3##“"Ãã#s33c“#Ccs#“3#bÃãsƒCSc“3“3###CC"ÃãƒSCƒ“3ccSSsc#BÄdÅ4P¥6öÇ–3sc3“ÃƒBãcC“3c#ƒS3s3‚ÂÓãcC“3S3#“sƒ3S“rÃã#3sc3“CƒSs#C“BÂÓã#s3#S3“#3c3ssRÃãsƒCcc333cc“sc"ÃãƒSS3s3“ƒ“ƒS#ÄdÅ4P¥6öÇ–3VsS##Ã“#‚ã3#“Sc#SBÂÓã#c“#c#ƒCCCƒ##2ÃãsSƒ“ƒƒ3ƒ#C"ÂÓã#s#“Sƒ3ƒcsƒ##2ÃãsƒCƒ“cƒ“CSs"ÃãƒSs3ƒ#3ƒ#cƒ2ÄdÅ4P¥6öÇ–3&scs#ƒÃ‚ãc“sSc3“CcBÂÓã3#“#s3ScC3ccSRÃãCƒsSSc3ƒƒCC3CƒRÂÓã#s#cC“#3sƒ2ÃãsƒS#““S3ƒScs3SÃãƒS“33#ƒƒSƒ3#s‚ÄdÅ4P¥6öÇ–3ss3“3Ã3rãƒ3“#cs“c3“RÂÓãSCS“3C3cC#sSsSRÃã#SC#“SsSSCssCcBÂÓã#s###ccssccS33rÃãsƒSCCss33CCƒC3’Ããƒc#s3ƒ“ƒss#“2ÄdÅ4P¥6öÇ–3s“#“Ãc“Rã3cC3#ƒS3cSrÃã3ƒCc#ccs#ƒƒsrÃãC###SCCcCc"Ãã#ss3cSSƒS#SCbÃãsƒSƒ#CS“C#scbÃãƒcSc#ƒSsSƒCc3ÄdÅ4P¥6öÇ–3&sƒ“Ã‚ãƒ#ƒScƒ“3s#sSÂÓãsCccCƒC33ƒBÃãc3ƒ3#3sSS“#3c"ÂÓã#s#3c33C““3“2Ããsƒc#“#cƒƒƒcSsrÃãƒc“cC##SCƒƒ#bÄdÅ4P¥6öÇ–36s“ƒÃãcsCC#csC3C“c#bÂÓãCS“Sc““#3“cS2ÃãS3ƒCƒcƒƒSsS“C32ÂÓã#sCƒcc3S#S3bÃãsƒc3S3cCƒS#S3C‚Ããƒs##CƒcsƒC‚ÄdÅ4P¥6öÇ–3fscƒCÃ3“rãCsC3ƒ“cƒsƒ3“BÂÓãCc3Cc3“ƒScbÃãS##“c“scc3“CC3CBÂÓã#c““sCƒ3#ƒCcƒ#C2Ããsƒss“c3ƒC““cbÃãƒsƒ3##“#ƒ3srÄdÅ4P¥6öÇ–3s#“ÃSã#cCccC“S“‚ÂÓã#“3ccScSscc3s‚Ããƒ“sƒCccscc3BÂÓã#c“Cs3CƒcScscRÃãsƒsScc““#s#SƒBÃãƒƒƒƒCc3#3ƒC#bÄdÅ4P¥6öÇ–3FsS“Ã#’ãƒcƒcCƒscsBÂÓãCƒ#C“SCsƒ3“C’Ããsƒ3“##ƒ“3S#S"ÂÓã#c“#“ƒ#Sƒƒs3srÃãsƒsscƒ##“Ss“CS2Ããƒƒ3S##““#sCƒ2ÄdÅ4P¥6öÇ–3–sƒSÃCsãs#SScCs33CBÃã3“ƒ“C“CƒbÃã#C#cSCƒsC“3““RÃã#cƒc##ƒ#3332Ããsƒƒ##C“sS#3SsÃãƒƒssCsƒs#CcbÄdÅ4P¥6öÇ–3&sƒ“SÃC#’ãcCƒ3sC3cbÃã3#sƒc#ƒcs3sCss2Ãã###3Cc3#S2Ãã#cƒ#“#sCSc33ƒƒsRÃãsƒƒCs3““3cS“s2Ããƒƒ““ƒ33“ƒÄdÅ4P¥6öÇ–3–sS“ccÃ’ã3C3#33s#“s3’Ãã“#“SC3Cƒ3““sc‚Ããs3#“Cƒ“s“c“rÃã#cƒƒSƒƒsc“ccs2ÃãsƒƒSSc#3ss“S“3"Ããƒ“3“ƒSs“CBÄdÅ4P¥6öÇ–3ss“ƒƒÃ3’ãs3ƒƒS3#CC““BÃã#css“#scSBÃãsSS“ƒSƒ#C33rÃã#csC33ƒƒ#“SBÃãsƒ“C3ƒ#sss#3sC"Ããƒ“ƒSCCc3SS“ƒ#2ÄdÅ4P¥6öÇ–3&s3ƒSƒÃãs#3ccsƒ3C“s3Ããs3ƒS“c#3#CƒsrÃãcS“#cSCSƒSbÃã#cs“scC“ƒS“c“2Ããsƒ“3“CS#s“Sƒ‚Ããƒ“ƒSCCc3SS“ƒ#2ÄdÅ4P¥6öÇ–3†sc#3Ã#’ã#ss###s“S3‚ÂÓãSS“c3ƒƒ“sƒsS##“BÃã#“ƒCC3ƒƒsSS#3##bÂÓã#cccsScS““CcbÃãsƒ“sƒ“#ƒƒsrÃãƒ#““Ss“ƒc3CÄdÅ4P¥6öÇ–3fssCssÃƒC‚ã3ƒssc#2ÂÓã#“cs3cCsƒ“#ƒSsƒ"ÃãSƒ3SScƒ“crÂÓã#cS“3ƒc3Scsc3Ããs“#“s#ƒƒccs"Ããƒ#cCƒs3ƒsCCBÄdÅ4P¥6öÇ–3s“cSSÃ32ãƒccc3CS“ƒ3rÃã3Sƒs“S#S3scBÃã3SsSCc33cscs"Ãã#cSsS“3sS#c33‚Ããs“C#CS3SƒSc“cbÃãƒ#s3“c#SsC“#rÄdÅ4P¥6öÇ–3fsƒ33Ã#2ã#3ƒ3s#ƒC#c"ÂÓã#Cs“3ƒ“3#cCbÃãCS“c3#SS3ƒC#““srÂÓã#cC#“csCƒCC“"Ããs“SS#cSƒ#ƒCSCrÃãƒ#ƒc3CCc“ƒ“CRÄdÅ4P¥6öÇ–3s“SsÃ#crãCssCC3#“c2ÂÓãC“ƒ“cc#sCƒ“ƒ#Ããƒ“#“CS3sƒs“C2ÂÓã#c3S“#S3S“cC2Ããs“#“3“3CC#sBÃãƒ##3ƒƒcSc“’ÄdÅ4P¥6öÇ–3vsCSƒÃ3bã“#“cCSS“ƒ##cbÃã““##33“ƒƒ“#RÃã3C“c3S“ƒs3c"Ãã#c#“#SSƒc““#s#Ããs“#cs“ƒs#C“’Ããƒ##ƒcs3sS“““crÄdÅ4P¥6öÇ–3scƒÃ#2ãScs#“c“cƒCƒCrÂÓãS33CcC##s#32ÃãCs“C“Sc“ƒ"ÂÓã#c#3S#cSƒcrÃãs“3sƒ3“3Sƒ3ƒrÃãƒ#33“#CC“#ƒƒ#RÄdÅ4P¥6öÇ–3&s“““ÃSc"ã“Cƒƒƒ#“3cRÂÓã#33CsƒcCSs“SbÃãƒ##s#s#“#“sCRÂÓã#S“sƒ“SC“C#sSƒRÃãs“S#cS#CCƒ“ƒ“’Ããƒ#S#ƒS3“#ƒ#s2ÄdÅ4P¥6öÇ–36s“3CƒÃƒ‚ãC#cc3cCC“cCƒ’ÂÓã##“s3c#CSC#2ÃãƒCƒCƒSS3Cc3“’ÂÓã#S“S“sƒSs3ss2Ããs“S#3C#ƒ3S“cCbÃãƒ#SCSCc3ƒ3cƒ“2ÄdÅ4P¥6öÇ–3VsSƒcRÃs2ãSC“s“sss“ƒÃãcssƒ#CSs3Sƒs3’Ãã#c#Sc“s3#“SSC2Ãã#Sƒ###SƒsC“ƒ"Ããs“c#C3#ss#S3s‚Ããƒ#cCSCsSC““cSƒÄdÅ4P¥6öÇ–3fs“3“Ã#Rã““Ccs3sƒSBÃã3“ƒ“sƒ“#S“c#c“RÃãSC#ƒsCƒƒ#CƒƒƒSsrÃã#Sƒƒƒ#S“SscS’Ããs“c33ƒs“#SCc“Sƒ"Ããƒ#cCc#Ss#ƒ#3rÄdÅ4P¥6öÇ–3fs3SÃs‚ãS3cSƒ“3#ƒ#“ƒbÃãCSCScCSƒ33#BÃãsCCSCCc#3“cSc“"Ãã#Sƒ3CScC33ƒ“sbÃãs“c3ƒ3C##ƒƒSCRÃãƒ#cCc#Ss#ƒ#3rÄdÅ4P¥6öÇ–3scSC#ÃSrã“3Sƒsƒ#3ƒƒrÃãs3ccSsSƒ““S“2Ãã#sS#SssSCC#ƒ“bÃã#Sƒsƒƒ“ƒƒCcc“32Ããs“c3Ccc3cCsSBÃãƒ#cCc#Ss#ƒ#3rÄdÅ4P¥6öÇ–3sssSÃCbã3#ssƒS#3S2ÂÓãs3ƒCSs##SSscrÃã#ƒC#SCC#ƒ“C3ƒcRÂÓã#SsCcScCccRÃãs“cƒ##S3cS“3BÃãƒ#cƒc“#CcƒSCRÄdÅ4P¥6öÇ–36sƒƒcÃS“ã#S3#“s#“cƒ"ÂÓã#s3SSƒCsC3“ƒƒrÃãc#s3s“S3ƒsCs“RÂÓã#SsC###“#ƒs#ƒs2Ããs“cƒcƒ#ƒ#3ƒcCÃãƒ#cƒsCC2ÄdÅ4P¥6öÇ–3sc#cÃC#ãcSc““Sƒ#“RÂÓã““S“cC“s3sƒCƒƒrÃãssS“csƒsCCs3CcbÂÓã#Ss###ƒƒ“Cs3BÃãs“ss#c#ƒs3#’Ããƒ#c“CCs“##S#RÄdÅ4P¥6öÇ–3–sƒ#3ƒÃbãs#c3##sSsƒ“SÂÓãSƒ3“sSC3#c#"Ãã“scsCC#SCCC3ƒBÂÓã#Ss“3##“sSbÃãs“s#“c3ƒcs#"Ããƒ#c“CCs“##S#RÄdÅ4P¥6öÇ–3fsƒ#CÃ’ãCƒsCSSƒRÃãSC3ƒcCCƒS3c2ÃãCCƒ““3ƒ#“ƒƒ“ss#RÃã#Ss“#cCCSScsRÃãs“sss33c3S3ƒ2Ããƒ#c“sƒC3c“CSƒ“"ÄdÅ4P¥6öÇ–3&ss“#3ÃCSbã3“CS3CsƒS“BÃã#3Cƒ##ƒsS#3ccrÃã“SC“C#SCCCBÃã#ScCƒc“SƒScƒƒ3“BÃãs“sSsCƒƒ““sc#““BÃãƒ#sCcC33SCS“SCRÄdÅ4P¥6öÇ–3s“csÃ3ãs3S“C3#c3ccsRÂÓã“##c““sƒcƒS#ƒsBÃã3c#3C“sƒc#ƒcSbÂÓã#SCs“CCƒcS#“rÃãs“ƒƒƒƒ3scCccƒRÃãƒ#ƒs#SS33CSƒ"ÄdÅ4P¥6öÇ–36s333#ÃCs2ã““ƒcCSs’ÂÓã3CsC#ƒCcsƒ#3ƒ"Ãã3c3ƒ“#3““BÂÓã#SCs33SC“cs3“RÃãs“ƒ“#“#ƒcs#“ƒ3s’Ããƒ#ƒs#s“c“c3“c“BÄdÅ4P¥6öÇ–3vsCsc“Ã3#ãs#3“3#Cc3SBÂÓã3SscC#csc3#“C2Ãã#C#SCƒ#““c33RÂÓã#SC#c3ƒsSSs3C2Ããs““3“s“ƒcsƒbÃãƒ#“cs#“#cSS#“bÄdÅ4P¥6öÇ–3fss3#Ãã“ƒCSC3CS3cƒ"ÂÓãCƒ33CCSƒ3ÃãSƒS#SScs3SƒƒCrÂÓã#S3ƒC#““C3C3BÃãƒƒCC#SCC“#ƒÃãƒ#““3c#ccSS“#bÄdÅ4P¥6öÇ–3sƒSCÃ#SRãs3sc3ƒsC3CC“RÃã#Cc3Sƒ#ƒCSCCCRÃã“sS33“ƒSCsSÃã#S#S33S#ƒ#3““33BÃãƒc#ƒs#S3c“#"Ããƒ33S##sƒCSc“ÄdÅ4P¥6öÇ–3sCS3#ÃSrãsSc#ƒS33sC“RÂÓãsS“ƒ3ƒs“s“#‚Ãã3s3ƒS3s33ƒSƒ‚ÂÓã#Sƒsƒ#“Cs“RÃãƒƒcSC““ƒC##bÃãƒ3ƒƒƒƒƒ“C3#bÄdÅ4P¥6öÇ–3fsss3Ã3bã3CSs3#CS#3bÃãƒ#3cs#S#C“ƒ’Ãã3#ƒC333CssBÃã#S“#sƒCCRÃãƒƒCƒ“ƒ“ƒc3ƒ"Ããƒ3Csc#CƒSS“#ÄdÅ4P¥6öÇ–3VsCƒcÃ##Rã#Ss3Ss#crÂÓãCS“Cƒ“ƒƒ3sbÃãc3ccC“sƒ#“3"ÂÓã#ScCcSs3cc3s’Ããƒ##CƒSCƒ33CbÃãƒ3sCsƒCCScSƒƒcbÄdÅ4P¥6öÇ–3&scssÃ’ã“ƒssSƒƒs“cbÂÓãcSScsCs##3SBÃãcc#s3Sss#sbÂÓã#SCc#S3S““sƒ"Ããƒ###“cs3CƒS#sBÃãƒ3ƒ##ƒ“3““s3“3bÄdÅ4P¥6öÇ–3fscs“CÃs’ãccƒcSs3sC"Ãã3###ƒcSsS“ƒ3cBÃã#“#CC#Sc3SrÃã#C“#“ƒCƒ“c3ƒC“2Ããƒ3#“ƒ““SCCs2Ããƒ3#s“3S“CcSƒ“#bÄdÅ4P¥6öÇ–3&s“sÃbã3#““ƒCS’ÃãSScc3Cc3“c3ƒbÃã##“sc#ƒSs“##““SrÃã#C“##ƒcƒƒs“SccBÃãƒ3#cSsC#32Ããƒ3#ƒ3#3sCsƒCrÄdÅ4P¥6öÇ–3VsS3sÃsC3’ãƒSƒ“cccss3#BÂÓã“sSCƒ3’Ãã3cSscc““ƒCƒ#’ÂÓã#Cƒ“ƒƒc##c#CsCBÃãƒ33c“Sƒ#S“3c“rÃãƒ3#ƒc3“#Cc“#rÄdÅ4P¥6öÇ–3vsCC“3ÃCã“SSs“c#C"ÂÓã3S#Scsc“3CScrÃã#““###ƒsƒ“ÂÓã#CƒSSCs“SS#3#3C#bÃãƒ3sSs“ScCc“BÃãƒ33cCƒS3ƒc3cBÄdÅ4P¥6öÇ–3ss#3Ã3Rãcƒ#S“CÂÓã3SSss#sC#C#C’ÃãC#CƒcsS“#3cCC2ÂÓã#CƒC“C“##“S‚ÃãƒCƒsC3SSC#CC"Ããƒ33CC#““ƒ#SS"ÄdÅ4P¥6öÇ–3&sc#“Ã“CRãƒCC#C“3S‚Ãã3SS#3SsSssS“"ÃãCƒƒcƒ#S“Ccƒ2Ãã#CsƒccsCƒcƒsC#ƒbÃãƒC#3sSs“CSs“BÃãƒ33c##cs3#SCbÄdÅ4P¥6öÇ–3&s“CcCÃBã“Ccs“SCC33SS’ÂÓã“““cS#C“##3S3BÃãCƒC#ƒ#s#ssbÂÓã#Cscc3CƒscCc#RÃãƒC3“cCs3Cƒ“s3“2Ããƒ33sCC3S“SƒcƒBÄdÅ4P¥6öÇ–3&sc3#“ÃcRãSƒsCS3ƒ‚ÃãCSSC#3CƒCC#CÃãƒCC333cCS3“ƒcRÃã#Cs3ƒ“3cƒ3c“3c"ÃãƒCccCCCC“3SbÃãƒ33“cƒ#c3ƒSrÄdÅ4P¥6öÇ–3–ssS#Ãƒ#’ã#S“3C3srÂÓã#cCS3#3##“s“ƒCbÃãs““c#c“ƒsCsƒ’ÂÓã#Cc““CSC“3s“S‚ÃãƒC“#CCƒssSƒS‚Ããƒ3Cƒcs#SS3C’ÄdÅ4P¥6öÇ–3&sƒ#s3ÃcsBã#c#sc“CCCbÂÓã#CCƒsCSs#Ss3bÃã““#3SƒS3sc3c’ÂÓã#CcsS33scc#c‚ÃãƒS#ƒSSC“S“rÃãƒ3C33sƒƒscƒ3cBÄdÅ4P¥6öÇ–3vscSc“Ãs3ã““CS#ss3ƒ#SbÂÓã#SCCC#ƒ3ƒsC“srÃã3cs##Sssscƒƒ3RÂÓã#Ccc3ƒ#ƒc“#ƒ#c2ÃãƒS“3“C3SScƒs2Ããƒ3C33sƒƒscƒ3cBÄdÅ4P¥6öÇ–3sƒS“ƒÃCbãsCƒ#sssc#ƒ3crÂÓãC3#Cs“s“ccƒc#sCbÃãsCC3c“ƒ#CCcccbÂÓã#CccC“S#c“cs“c"ÃãƒSs“CsSSs3CC3bÃãƒ3C33sƒƒscƒ3cBÄdÅ4P¥6öÇ–3s“ƒSÃ3CbãCS“sCƒ3c#ƒCƒ3bÂÓã#“SCƒcscƒ33c2ÃãscsCCƒcSCƒS32ÂÓã#CcC“sc3Cc#bÃãƒS#“s3ƒCƒSRÃãƒ3C3CCSScs3#CÄdÅ4P¥6öÇ–3&sƒC“Ã’ã3Cs3Scƒsc#sƒrÂÓãScc333ƒ#C#CCsC#‚Ããc3S3cS3#cƒ#C“#“2ÂÓã#CcS#C“3s“S“ƒc‚ÃãƒS#sS“#ƒ“ƒcRÃãƒ3C3CCSScs3#CÄdÅ4P¥6öÇ–3&sƒ3Ã3‚ãc“cCCccS“cƒ‚ÃãC3c3ƒc3ƒCscc’Ããss“CsSƒƒcc#rÃã#CS#s“#ƒ“c#scƒsrÃãƒc#Cƒc“c###CRÃãƒ3S#sCcCƒSƒc#ÄdÅ4P¥6öÇ–3&ss“ƒ#ÃrãScSC##“ƒcs“bÃãCc“““ccSs’ÃãCSSCcƒ#ƒ“ƒC#SBÃã#C#SSCSS3“3s#cRÃãƒƒ3SC“#c3ƒƒRÃãƒ3sC3sSC“sCc2ÄdÅ4P¥6öÇ–3sssÃ3S#rã#3“ƒc“Cƒ’Ããccƒƒ33ƒ#c“#bÃãcƒƒccCSƒsC3crÃã#C#3#ƒƒƒ#S3“Sƒ‚ÃãƒƒS#S33SSƒ#“#cbÃãƒ3sS“C“sCCsC"ÄdÅ4P¥6öÇ–3†scsÃCãƒCScSSCSCƒBÃãCC3#c“Sƒ“sC3cƒ"ÃãccƒSsƒCC3#SSsrÃã#C#3ƒ##C““#“c"ÃãƒƒS33S“cSc“ƒƒRÃãƒ3sS“C“sCCsC"ÄdÅ4P¥6öÇ–3†scƒ3ÃS‚ãSƒs3scsCbÃãcss#cCs#CSƒ3Ãã#s“ƒ3S#33c3ƒssBÃã#C“s3#Ccƒscƒ“S"Ããƒƒƒƒ“3##SƒrÃãƒ3ss3ƒs#“sƒCc"ÄdÅ4P¥6öÇ–3Fsƒ3sÃRãcƒ“c#“sccrÃã#sC“CS3“33C3#’ÃãCsc3#“CC““RÃã#Cƒs“CsSc#bÃãƒ“SCSC“ss#SsBÃãƒ3ƒCSS#CS#CcSrÄdÅ4P¥6öÇ–3fsc“3SÃ’ãS##3cƒs##“CrÂÓãCƒƒ3CCƒS“S#c#BÃãCscss“““#CcC3RÂÓã#C“Sc“ƒ#33ƒCÃãƒ“SƒƒCSsCscƒrÃãƒ3ƒCSS#CS#CcSrÄdÅ4P¥6öÇ–3vsC#“SÃcRãƒcSs3sƒCC“CbÃãS“33#ss““c#“ƒBÃã#CSC3c3“CSsCsCRÃã#C“S3SssƒScS2Ããƒ“S“C#css3CrÃãƒ3ƒCSS#CS#CcSrÄdÅ4P¥6öÇ–3&sƒƒsÃ3S"ã##ƒc“S3“SsbÂÓã#ƒ#cCƒ“Scc#bÃãcC#Cs#S“ƒcSs"ÂÓã#Ccs“3ƒ“33Cs2Ããƒ“ƒ“C“#ƒ###"Ããƒ3ƒS“C3#Cs##‚ÄdÅ4P¥6öÇ–3fs“ƒ3Ã#ã33“s#sCcSSs2Ãã“““sC#ƒSccCsC"ÃãCSss“CsSS“SC3crÃã#CCS#cSƒsSc“c‚Ããƒ““ƒ#C“Cs’Ããƒ3ƒcsssCCC“33CBÄdÅ4P¥6öÇ–3fssC#SÃ3Bã#cƒ“““sc#sCRÂÓã#sss#cƒƒCc3BÃãƒc3“ƒƒCƒS“#rÂÓã#CCƒƒCCƒƒRÃãƒ““SsS“sS3#"Ããƒ3ƒcsssCCC“33CBÄdÅ4P¥6öÇ–3VsƒSsÃ#c2ãS#3S3#c’ÃãSƒ#cC3C“Cƒs‚ÃãcSƒƒSCCSSc“3C3Ãã#C##sƒSCCC"ÃãƒcS3#s3cƒ“#RÃãƒ3ƒƒ#s3Scsc’ÄdÅ4P¥6öÇ–36sS“Ãrãcƒ3ƒssƒ#“3s“RÃã#Cƒƒ“#CSsccScƒrÃã3C##ƒSCƒs#“C““"Ãã#3““sS#3cs#CCBÃãƒ3C“Cs3c3ƒCc“Ããƒ3ƒ“cCSC“3#c2ÄdÅ4P¥6öÇ–3VsCƒscÃSãSƒƒƒsSC##CsrÃã#CSc“csS““Sƒ2Ãã##3S#ƒs3“#SCCrÃã#3“s##C“cCC3sƒ“bÃãƒSCs3ScS3“ƒƒbÃãƒ3“#“#3CSCC2ÄdÅ4P¥6öÇ–3&sCƒÃs3"ã““3SC“Sƒ#3ƒ2ÂÓã3ccs3ƒSc3C#3RÃãS3ƒCs3ƒ“‚ÂÓã#3“S3“ƒƒ##s#C3BÃãƒcƒc“sCƒƒ#3s#BÃãƒ3“#“C3#s3SbÄdÅ4P¥6öÇ–3fsS3sÃ“2ãcs3#ƒCSƒ#ƒÃãSSc#CƒS#ƒ##rÃã#S“ƒc“ssCSc3ƒ#rÃã#3ƒs“#CcCScSss#BÃãƒ3#3#“cSs#c‚Ããƒ3“ƒ3ƒS#“sS#"ÄdÅ4P¥6öÇ–36s“ƒ33ÃSãcƒc#Cƒ##C33#"ÃãC33#c#ScsrÃãc“3ƒ#3“cs2Ãã#3ƒ##SSƒCƒ“CCrÃãƒsC#3“S3cc"ÃãƒCƒC#sCƒSsC‚ÄdÅ4P¥6öÇ–3vsSc3SÃs2ãSs#SC3#C#RÂÓã#ss3cCSc3Cƒ#rÃãƒCs3ccc#“#ƒs3cBÂÓã#3ƒƒC#“3cC#2Ããƒsƒ“#Cc“ƒs#cRÃãƒC#s“ƒCC“’ÄdÅ4P¥6öÇ–3s“3Ãsã3Ssc#3sS#c“"ÂÓãcC33#S““c“““SÃã#S3ƒSsC“csSc2ÂÓã#3ƒc““c#ƒc##RÃãƒƒ3CC3Css3c3’ÃãƒC#s“ƒCC“’ÄdÅ4P¥6öÇ–3sCÃsBãƒ““sS“Cc#rÂÓãc3“Sƒsƒ““s#C3RÃã#SCcƒSsCc3c2ÂÓã#3sc“ƒScS3CCcSƒbÃãƒ#C“C#“C3‚ÃãƒCCc33csSƒC‚ÄdÅ4P¥6öÇ–3VscƒÃ‚ãS“#3SCSSSCS“bÃãƒsSƒ#S#ƒSƒCc3"ÃãscƒsCC““CCƒ2Ãã#3sSccC“SCccÃãƒ##s33“33cCCBÃãƒCS“ccc#3CRÄdÅ4P¥6öÇ–3s“CRÃ“’ãƒ3“ss#C“c2ÂÓãC“##ƒ“C#“#cC“bÃã#c3ƒcs““#s#sƒcRÂÓã#3sC#“3sƒ#CCscc#2Ããƒ#3#3scs““ƒCRÃãƒCS33ƒc3s#““SRÄdÅ4P¥6öÇ–3†s#3#sÃãc“sSC“SbÃãCƒƒS“Ssc#sCrÃã#Sƒ#“ƒ#S““s#2Ãã#3s3ƒƒsCS#SCCbÃãƒ#3SS#Sƒccƒƒ’ÃãƒCS33ƒc3s#““SRÄdÅ4P¥6öÇ–3†ssƒSÃCcbã#3ƒSƒ#ƒƒ3CBÂÓã#cSsƒc3ƒrÃã“S“ƒƒsS##ƒ3ƒ"ÂÓã#3s3s“s“###C“c2Ããƒ#3cƒ##S“#ƒcƒCbÃãƒCS33ƒc3s#““SRÄdÅ4P¥6öÇ–3sƒ2Ã3rãcScs3SccS“ƒBÂÓãsCS“c3#sS##bÃã3CcS###ƒscCSÂÓã#3ssSSƒCCSc“cbÃãƒ#S“ƒSSS“cCcÃãƒCs#CCC#C“ƒ““3RÄdÅ4P¥6öÇ–3Vs#ssÃBã“3ƒ“ƒc“ƒRÂÓã##“#sC3ƒsƒ“S“ƒrÃã“cs3cƒSCƒSƒƒ“S‚ÂÓã#3sƒ#C#ƒ“cc#bÃãƒ#cS3“cCƒc“S2ÃãƒCs3sCƒ“sƒ“2ÄdÅ4P¥6öÇ–3Vs#3sSÃ#3"ã3sCƒƒ“3ƒ“Ãã“3sCc3#SSS###‚Ããƒƒ“c33“S3ƒC33rÃã#3csƒƒ33#ƒS#csbÃãƒ#ƒ#3ƒƒ3s‚ÃãƒCƒc3SS#c#CC2ÄdÅ4P¥6öÇ–36scSSÃ3crã3S3cƒ#Cs“bÃã#s“s3CSs“sC##CBÃãƒ3sSS33“33BÃã#3SsS3cs##S“cSrÃãƒ3c#3ƒc“cƒS3c“bÃãƒCcC3SS3“3ƒ“crÄdÅ4P¥6öÇ–3sƒccÃBã##“ƒcCƒƒsBÂÓã#C“scC“3SCs#ScsBÃãccƒcSC“ƒCscƒCrÂÓã#3SCsCsƒ#““3sssRÃãƒ3ƒC#Cƒƒ““cƒSÃãƒCƒ#C3ssƒ3cRÄdÅ4P¥6öÇ–3sƒƒÃ“ãSCsSsC“S3#BÃã##““CSsSƒsc““#RÃã“sss#“ƒSs“ƒsbÃã#3Sƒ33#“3CcC3“"ÃãƒCccCCCC3ƒSRÃãƒC#ccƒ#3#3csBÄdÅ4P¥6öÇ–3Fss#ÃS2ã#ƒScsS##Cs‚ÂÓãcSCCsƒ3CCcSs’Ãã#scS#sScsSsƒbÂÓã#3SsC3C3#SSrÃãƒCS“C#ƒ3ƒ“ƒbÃãƒC#Ccƒƒƒ“cƒ#c’ÄdÅ4P¥6öÇ–3†sƒcsÃ#ã3sS“cƒCcC“2Ãã3S3CCƒcƒs3css3bÃãSCs3S#“33"Ãã#3C““Cc#sc3s“3SRÃãƒC##“3Cƒ"ÃãƒC#c333S“#3Sc‚ÄdÅ4P¥6öÇ–3†sCÃ“ã“ƒsSƒ“Cƒs3#ƒrÂÓã3“csƒc3SC3#s#33RÃãc“ƒC“ƒ“CCSSƒrÂÓã#33c###SsƒcsCss2ÃãƒS#sƒ#CcSƒ3#cbÃãƒC3scƒsSƒƒS3RÄdÅ4P¥6öÇ–3&sc“sÃ3ãSc33#s#s“scC2Ãã“#3cS“cƒ3“SCÃã3ƒsSCƒSsƒƒƒ3ƒ#BÃã#333cCS3ƒSs“s‚ÃãƒScSSCCƒcƒcsRÃãƒC3Cc3#ƒcc3BÄdÅ4P¥6öÇ–3VsS3#ƒÃ#Cbã“#SScƒccs“s"Ããƒc“3Cƒƒs3scBÃãƒ#c3C#C3C““SÃã#3#“ssC3sƒsƒcrÃãƒSƒ33CSs#Cs#"ÃãƒC3S“cSsƒcCÄdÅ4P¥6öÇ–3vsc##SÃ#“crãƒ#CcƒsƒSƒ"ÃãsccSƒcCƒsC“CrÃãsSƒ““sss“33c3CÃã#3#sS#Cccc“3cs#2ÃãƒS“S3c#SsƒSƒƒ"ÃãƒC3cs#c“cs3sSRÄdÅ4P¥6öÇ–3sS#C“Ã3ã3“3csSSsƒ3cƒrÂÓãCsS3#CS3ƒc‚ÃãsC“ƒ#SsS#sC“"ÂÓã#3#c“cCc3sC#C#ƒ‚ÃãƒS““ss“ƒ“CC32ÃãƒC3cs#c“cs3sSRÄdÅ4P¥6öÇ–3sƒs3sÃ#c2ãƒƒC3Cƒs“ƒCƒcRÃã33““#ƒ3s#ƒCbÃãCccCCsC“ƒ333ƒRÃã#3ƒ3“sS“ƒ“2Ããƒssƒsƒ#ƒƒC2ÃãƒCCƒ3ƒ3Cc3ƒs3#“rÄdÅ4P¥6öÇ–3FsSƒ3Ã“’ã#s“ƒ“CsSSc#"ÂÓãCƒcsSscSƒ3“ƒ“bÃã#cSc“ƒS“ƒCc#RÂÓã#3c3#scƒsƒ#bÃãƒs#cSs#ss““RÃãƒCCƒƒsƒ3ƒƒc“’ÄdÅ4P¥6öÇ–3&sscs3Ãbã#CsSƒ““s“sC’Ããc3ƒ“ƒƒƒ“sBÃãCƒ3s““#ƒcsc“CrÃã#3sSCsssC“CSS#rÃãƒsSS3SCscÃãƒCSƒƒsCC“CCcBÄdÅ4P¥6öÇ–3&s3cƒSÃãƒ#ƒSƒƒSrÂÓãCss“3ScsCCrÃãcC#c3CC3sSBÂÓã#3C3“C3S3ƒƒrÃãƒsssS####2ÃãƒCS3C#SCƒC333‚ÄdÅ4P¥6öÇ–3†scƒƒCÃ#S‚ãƒ#ƒƒsS3ccRÃã3SCCCƒC#c“C‚ÃãS#3#ƒ#Cƒss“Sc"Ãã#3S#ƒ#csbÃãƒƒS#c““C#ƒ3SrÃãƒCSSSƒss#sc#sSBÄdÅ4P¥6öÇ–3vssc3Ãs32ã“C#c###C2ÂÓã#CƒCC#S3ƒ#3S##rÃãƒss3cƒCsccƒ’ÂÓã##“cSCCƒs“ƒSsBÃãƒƒ3c3c3ƒ#c33ƒ2ÃãƒCSƒ3#cscSsc3BÄdÅ4P¥6öÇ–3vsc#“3Ã‚ã3cCs#ƒC#3#ƒc2ÃãCSƒc3S“3#c3scBÃãc3Sc#s3ƒ3ccSƒRÃã##“Csƒƒƒƒ#Sƒ#"ÃãƒƒC“cs33“3Cs‚ÃãƒCS“##c“sccƒSSRÄdÅ4P¥6öÇ–3&sƒƒ“3Ã##“2ã“#s#“33“bÃã#Cƒs#sc“3cCS#c"ÃãƒSƒsƒCCsSc#ƒ2Ãã##“S#ƒcCccƒ3sRÃãƒƒƒ#“ƒ3“##ccrÃãƒCc#“#“3““ƒ‚ÄdÅ4P¥6öÇ–3ssCsSÃcBãSssSc3SCsC"ÂÓãSCS3sCSSCCSssƒRÃã#3ƒ“c“csƒc#Cƒ‚ÂÓã##ƒ#“C3ƒCsc“bÃãƒ“CsSƒs“SSSc“2ÃãƒCcƒ3“3CCC#C“sÄdÅ4P¥6öÇ–3vsScÃ3’ã“#ccƒ3“#3BÃã3cSCcC3“c#cScbÃãcCCCƒC“cCc3“BÃã##sss“S#sc33cS"Ããƒ“ƒscC#“css“BÃãƒCsC“csCCƒs2ÄdÅ4P¥6öÇ–3†sss“cÃC“BãƒƒS#sSs“3“rÂÓã#sc“Scc#sSƒ’Ãã#Sc3cCsCSƒ#sƒ2ÂÓã##sƒ#ƒC“C#cƒ3ss“"Ããƒ“ss“Ss3“3ƒ#C2ÃãƒCsC“csCCƒs2ÄdÅ4P¥6öÇ–3scÃSsBã3CƒƒCSSƒsS“"Ããc33cSSƒ#SCSs2Ããscƒƒ““Sƒsƒ“cRÃã##sƒƒ“sC“S3scBÃãƒ“s3ƒss3CS33“"ÃãƒCsC“csCCƒs2ÄdÅ4P¥6öÇ–3†scs#ÃC3’ãƒƒcC“cs#SbÃã#Sƒs3csƒCƒCSƒ2Ãã#sCccSs#“CscBÃã##sc“#s#“ƒ#C#s2Ããƒ“ƒƒSCSc#ƒC“2ÃãƒCssƒS3##‚ÄdÅ4P¥6öÇ–3s#SCÃƒ2ãCcS3C“s#rÂÓã3““33sS“SSC““rÃãsSCCs3S“ƒƒ’ÂÓã##sS#“ƒƒSsssSrÃãƒ#333#ƒs“ScssBÃãƒCsss#ƒ“ScS“’ÄdÅ4P¥6öÇ–3s3ÃSBã33#c“3ƒƒCSbÂÓãC3cS“sSCƒ3sBÃã“ƒ“CƒCcƒS“ss2ÂÓã##s3#ƒƒS“SCSC3BÃãƒ#cƒSSsSS3ss"ÃãƒCs#c“3sƒcsC3CS‚ÄdÅ4P¥6öÇ–3&s“#S#RÃã“3cCC“s3CCs’ÃãCS##Sƒƒƒ#SSBÃãc3“sscC“C3“sS"Ãã##sSC“C“cS3CCBÃãƒ#Cc“3CS“ƒ’ÃãƒCsCs#“#C3“ƒ‚ÄdÅ4P¥6öÇ–3Fsƒ#Ãbã#SSƒsc3CSBÃã#Sccc3Sƒ3“S“’ÃãS3S“CCcƒ3ƒCS"Ãã##cƒ#ƒsSC3ƒ“3SsRÃãƒ#SSc“3ƒ#“ScSrÃãƒCsSsS#“s3C#ƒrÄdÅ4P¥6öÇ–36s#SÃ#Cã“ƒsCSS#s“#CBÂÓã33cƒƒ“#ƒSS“sRÃãC“##Sƒ“sS3“3BÂÓã##SscS#S#ƒsC“s3C2Ããƒ#3ƒC3SCƒƒ#’ÃãƒCƒ3ScCSC3#“’ÄdÅ4P¥6öÇ–3†s#3SÃ#s"ãƒ3#3#SsCs“BÂÓã#“““3S#“3“s33bÃã3#ƒcƒ“#““CsƒSƒ2ÂÓã##Ss3ssƒsSCC3#‚Ããƒ#CSC“ƒSs#"ÃãƒCƒ3ScCSC3#“’ÄdÅ4P¥6öÇ–3sƒSCÃ’ãc#csC“ƒ#ƒ“sRÂÓãCc3“33CC“BÃãc#“SssƒSS3sSBÂÓã##SScccCc3#CrÃãƒ#SC#ƒ#C“S““sBÃãƒCƒCScc#c#33"ÄdÅ4P¥6öÇ–3†sscCÃ3ãCSc3#s3CSsƒC‚ÂÓãsƒCCsƒcs“##scÃã3Cs“ssS3#s““"ÂÓã##SCƒ#s#Sƒs“3sbÃãƒ#c3scc#SCƒssbÃãƒCƒCcS“3ƒSCCÄdÅ4P¥6öÇ–36s33sCÃ#2ãCc#ƒ“###“##"ÂÓã“C“Sss##c##RÃãCcc#ƒsSCC“s#bÂÓã##SC#S#ƒ“““bÃãƒ#“cƒƒc““#3sRÃãƒCƒs“CSƒ3sS“ccrÄdÅ4P¥6öÇ–3–ssƒsÃ3cCãƒ33ƒSC“bÂÓãSƒCC3“c“ƒ#cscrÃãsCssCcSƒcCƒ"ÂÓã##CƒSs“s“c’Ããƒ###33C“3#s#ƒ2ÃãƒCƒ“c“#s3“33#‚ÄdÅ4P¥6öÇ–3–s“ƒ3“Ã3RãƒSsƒs#33CbÃã#sƒ#ƒSC#3ƒ#3cBÃã#3ƒCsS3“Cc“S3‚Ãã##CsssS3crÃãƒ####ccCCsSƒS#2ÃãƒCƒ“Scc3cƒ“#‚ÄdÅ4P¥6öÇ–3sƒ3#ÃC33"ã“cCc#cS#s2ÂÓãƒC““C3C“ƒ#3RÃãƒ#3cCc“c#3c“#BÂÓã##CC“sCCSssCs“3bÃãƒ##3sCcƒ“ƒsƒƒ“CRÃãƒC“#3Sƒ3#ƒƒ“ƒsrÄdÅ4P¥6öÇ–3sƒƒcSÃ#cBãS3##“C3‚Ãã3ƒƒ3ƒcsC3ƒS“SbÃãs#“sƒs3ƒ#c33RÃã##CS#S“3ƒCƒs3#c"Ããƒ##3CƒsC3##ss#RÃãƒC“#3Sƒ3#ƒƒ“ƒsrÄdÅ4P¥6öÇ–3VscCSÃC’ãC“ƒ#C3CCcCsbÂÓãc33ƒ#“c#SS3C2Ãã#ƒƒƒc“S“““c#RÂÓã##CC33CƒC#c"Ããƒ##C#cƒcs#cbÃãƒC“#CC#SS“33bÄdÅ4P¥6öÇ–36sc3ƒÃsãc3s33#cCC32Ããƒ#ƒC33CCc#s#CBÃãƒC“ƒ“##c“Cc“S#RÃã##C3S#Ccs#ƒsScbÃãƒ##CƒCsƒ#cccBÃãƒC“Cƒsc3C3“S#"ÄdÅ4P¥6öÇ–3s“csƒÃ“ã3“sc3“C“"ÂÓã#“33Ccs“Sƒs’Ãã3S#3cƒscCƒ“SrÂÓã##3ƒcc3C##“"Ããƒ##“3ƒ“ƒC“3ƒ3rÃãƒC“C#cƒ#s###“ƒ‚ÄdÅ4P¥6öÇ–36sƒsÃS#‚ãccCCS#C“ƒRÂÓã#“c“3Sƒ3““CCS‚Ãã3#sSƒ#c“ƒSsƒ“BÂÓã##3cccSCsƒsC#s#‚Ããƒ#3csssC3sƒBÃãƒC“C“ScC3“““3ƒRÄdÅ4P¥6öÇ–3Vs#Sc#RÃ#ã“S#SCcƒcƒ“RÃãƒs33SSC“3ss"ÃãCƒ3“ƒs““Csƒ33#rÃã##3SC#Sƒ“33cc’Ããƒ#3C3sSc““#ƒ2ÃãƒC“Ssƒ3#csƒs“BÄdÅ4P¥6öÇ–3s#SÃ#3c‚ãCCƒScCƒsc’ÃãS#ƒ3““3SS“sSsRÃãcsc3Cc“c#cBÃã##33C“SsCccCsBÃãƒ#33cCCSc#“c2ÃãƒC“cCcSSCCscScs"ÄdÅ4P¥6öÇ–3vsSCcÃcbãCs#Sƒs“CSÃã#3CsSCScSs"Ãã“C“3C“CC#c“2Ãã##333ƒCs#ƒƒSƒSRÃãƒ#3#“sccC##33SBÃãƒC“cCcSSCCscScs"ÄdÅ4P¥6öÇ–3&sCSÃS‚ãƒcCsC““##C2ÃãC#ƒC#c33#sCss“#bÃã“#CC#Cs““#“ƒ‚Ãã###c#S#ƒSsss“c2Ããƒ#3ƒ#sSSSCS3#RÃãƒSCSƒccƒCs"ÄdÅ4P¥6öÇ–3VssC3ÃãC“cƒ3ƒƒ3scSbÃãCS#3sSs3#3##3cRÃã#3ƒcƒcƒC#s#cc’Ãã##ƒ“ScCS“s3#SRÃãƒ#C3“S#cc#cƒ2ÃãƒSccS#Cs#3RÄdÅ4P¥6öÇ–3vs3##CÃC’ãƒ#3#“ƒ3#"ÂÓã3ƒc#““#cCSsss"ÃãsC##““#c3ƒ#S‚ÂÓã##ƒSC#S3sC3RÃãƒ#CC#s3C3ƒc3ƒ“2ÃãƒSccS#Cs#3RÄdÅ4P¥6öÇ–3†sss“Ã’ãcc3SCsS“3cS’ÃãSsƒ“ƒcCCsCcSÃãs#c“Ssc“3#“2Ãã##Scc3“sssƒ“c2Ããƒ#CcSCC3c#ƒsRÃãƒSƒCƒCƒcc“““bÄdÅ4P¥6öÇ–3ss#CÃ#“"ã3CSs#S“ƒCc#rÃã3ƒƒƒ33ƒ3ƒsc3CC‚ÃãCC#cƒƒC“s#s3#c2Ãã##3C##cƒcCBÃãƒ#ScSƒcCCc#C““"ÃãƒS##ƒ#“cCcSC#2ÄdÅ4P¥6öÇ–3vssccÃc’ãs##ccS“CC#rÂÓãsCc“ƒƒS““s#RÃã3“##3“C#“‚ÂÓã##c“333#c3sSƒbÃãƒ#S33##3#sCscS’ÃãƒSCSC#ƒ3Cƒs#’ÄdÅ4P¥6öÇ–3Fsƒ“SÃcRã3sSScSscc“bÃã3c#“3SsS“c3“C“‚ÃãcC“3SSsCCScƒ“2Ãã##S#3CCƒ““ƒ“‚Ããƒ#Sƒ33ƒƒ33css3bÃãƒS“#C3ƒ#3“s“ÄdÅ4P¥6öÇ–3ssƒ3Ãƒ#rãCc#S3s3“3BÂÓã“sss3sscsrÃãƒ““33#c#s“ƒ3#SS2ÂÓã#“ƒ3sƒs#cs#“3bÃãƒ#S““sC##“3c3SÃãƒS#CS“3c#c#2ÄdÅ4P¥6öÇ–3fssc“sÃƒrãƒcs33cS“3ÃãC3css#“#C“#ƒ“ÃãcS“ƒ#ƒCS3“S“Ãã#“S#ƒCS“#C#rÃãƒ#c#S#Sc“#sc“’ÃãƒS##c3SƒSSs#BÄdÅ4P¥6öÇ–3sƒƒSÃƒRãs#“sCSsc#CS‚Ãã3CccCc3CSC#cc2ÃãSƒSC“SCSrÃã#“3ƒCSc#sS3Ããƒ#cC“ƒS“C“c‚ÃãƒS#3csS“ƒCƒ##2ÄdÅ4P¥6öÇ–3FsSsƒcÃ2ãƒ#“3##ƒCc3“C“‚ÃãCcƒsCSƒsƒ“’ÃãS#3Sc“CCScƒSS2Ãã#“c3#3SS3#BÃãƒ#ccƒ3ƒ““3S#‚ÃãƒS#S#CƒCssS3#’ÄdÅ4P¥6öÇ–3&s“ƒsCÃsCSbãcƒCSC3"Ãã##3s3CScƒƒ“SSBÃã#scC#sCs3c3Sƒ‚Ãã#ƒ“cƒƒs#CC#ƒsBÃãƒ#ccsC#“s#c##"ÃãƒS#SS#s“s#C““bÄdÅ4P¥6öÇ–3sƒcÃƒSã#“3ƒ“3“c‚ÃãccsS3sC“CÃãsSƒ“ƒss3ƒSSSrÃã#ƒƒƒ33C#cC#ƒbÃãƒ#cs““3SCC“Cc3’ÃãƒS#c33“3SCc“#SSbÄdÅ4P¥6öÇ–3Vs““ƒÃ3sbã#3ss“3C32ÂÓãc“3cS3C#ƒcC##rÃãssC“C##cSSƒcsbÂÓã#ƒSc#“3S“ƒSCScbÃãƒ#c““S#sSC3c‚ÃãƒS#sƒ3#C#cƒ“s"ÄdÅ4P¥6öÇ–3ssc#“Ã3ã#Cc3s3“#cS2Ãã33s“##scCƒ3c“2Ãã3ƒs3CCcSScrÃã#ƒ#ss“#3#3scSRÃãƒ#s##S“sS#3#‚ÃãƒS#“cC3ƒC““ƒ“cBÄdÅ4P¥6öÇ–3sƒS3ÃƒãSsSc#C#SSbÂÓã#CsScƒƒ#Scs"Ãã3cS3ƒƒ#ƒƒƒC‚ÂÓã#sƒ#ƒCc3s“#csrÃãƒ#sSc#sccCsƒ’ÃãƒS3#ssS“““sSccCrÄdÅ4P¥6öÇ–3&sƒS3Ã3ãS“Ssƒ3s3sC#Ããss3#SCC3#CcƒƒBÃã3SCCs3cS3ƒc#cBÃã#sS“s3“ƒCcsƒsƒ“2Ããƒ#ssC#ƒcCssc’ÃãƒS3CS3s333#c3rÄdÅ4P¥6öÇ–3&scS3ÃS’ã##S#c3CCSCSÂÓãScsCƒ3s#SC3#3RÃã#c“SSS#“c3#3rÂÓã#s33ScS3sS“ScrÃãƒ#s“Ccss33“Cƒ3ÃãƒS3SsssƒsƒS“ƒc’ÄdÅ4P¥6öÇ–3sƒSƒÃƒrãSƒCc“ccƒ##c"Ãã##ƒ3#“#SSƒ#C2ÃãS“###3#SS#bÃã#sC3SCC3sƒƒC’Ããƒ#ƒsCC##C“s2ÃãƒS3scCS“s“cS’ÄdÅ4P¥6öÇ–36sƒ3#“ÃƒãSƒc3“#“s3“c2ÃãS3C“#s“sSCSS32Ãã#Ccs#““s#cs“c3’Ãã#cƒs#cC#3“"Ããƒ#ƒ3Sƒs3S“ƒcC’ÃãƒS3ƒSƒƒCS#cs“c"ÄdÅ4P¥6öÇ–3&sSc#ƒÃ#2ãƒc3ƒccS“ƒ"ÂÓãƒSsƒ#ƒssƒC““SBÃã3“Sc#3#sScCCÂÓã#cƒCcƒ#SC““sƒ‚Ããƒ#ƒ33##sSCSƒ’ÃãƒS3ƒSƒƒCS#cs“c"ÄdÅ4P¥6öÇ–3fsƒ33Ãs3sRãCscƒ#“C“3sbÃãCCSs“#ƒS“3s3#S‚ÃãccsCsS“CSCCSƒ2Ãã#ccS“ƒsC3“CsbÃãƒ#ƒSSC“#SS3s‚ÃãƒS3“s#Ccs3“ƒSBÄdÅ4P¥6öÇ–36sƒ3#CÃs2ãƒƒSS“S#ƒ#’ÂÓã#s#sSSƒ#sC3#32ÃãC3cƒƒƒC33rÂÓã#c33“ccssc“S"Ããƒ#ƒs#ƒ““3SCƒcCƒ‚ÃãƒSCCCs##“#‚ÄdÅ4P¥6öÇ–3&sssSÃccrã3S3Sc#c#“BÃã#Cc#“ss#Cƒ“bÃãC““ƒCc3ƒ#“CsrÃã#Ss“3“3SSSÃãƒ#“Cƒ“SCSC3#’ÃãƒSCS#“cC#3c3CS2ÄdÅ4P¥6öÇ–3&sc“3Ã#“ãS“CSs#c#“rÃã3#ƒScc“ƒ3C““3RÃãS#ScC“CC#““c“3bÃã#S3ccCcC“#CbÃãƒ#“CƒccC#CSS#rÃãƒSCsscc“3CCs332ÄdÅ4P¥6öÇ–3&sC3ÃCãScCS#3CccsRÂÓã#SsS3ƒ##ƒCƒScrÃã“Ssƒƒƒc3ƒCRÂÓã#S3ƒS3#“SsCS#“ƒ‚Ããƒ#“Ccc“c“ƒ“CBÃãƒSCsscc“3CCs332ÄdÅ4P¥6öÇ–3scƒ#CÃƒcãS3ƒC“ƒccCsbÃã##sscƒ#ƒ“ssC‚Ãã“3S“#SsƒS“s’Ãã#SSƒ#sc“ƒS3sRÃãƒ#“s#ƒƒ#““sbÃãƒSC“sc3sCcs“‚ÄdÅ4P¥6öÇ–3&sƒ3CÃScrã#Ss“sƒc“3ÂÓã##ƒS#C“S“c##C“rÃãccS“#ƒ#3“3#c“srÂÓã#C#Sc#ccS3s“#“RÃãƒ33Cs##c#“ƒ3ƒrÃãƒSSSs#s#33#Cƒ3‚ÄdÅ4P¥6öÇ–3Fss#ƒcÃ2ãcScƒ“ƒ#3““ƒ#2ÂÓãC##cscSƒsCSsS#’Ãã“s““sssƒsc3“2ÂÓã#3CscsCC“#S#CcRÃãƒ3“SSSsƒ““C3ÃãƒScSScc“ƒs“bÄdÅ4P¥6öÇ–3–ssS#“Ã#Sƒ2ãsƒS3Sƒ#ss2Ããs““3#“ƒCsC#cSBÃãƒC3S#CS“c33ƒ#ƒ"Ãã#33#C3s#cC"Ããƒ3ƒC3“#33Scƒ“"ÃãƒSc#3c3CcsCC“#rÄdÅ4P¥6öÇ–3ss3CÃ2ãƒcƒss3CRÃãc#Cc##SCSƒ“bÃãSCSCƒCsƒSC“sCSBÃã#3#SC“SSc“ƒ2Ããƒ33sscS3Cs3BÃãƒSc3ƒSSƒ““’ÄdÅ4P¥6öÇ–3&s3c#Ãbãc3CCCScC3SC3#BÂÓã““ƒ#ƒCss“Cccs’ÃãCcƒcSCSc““SsC2ÂÓã#3sƒSSsc#C"Ããƒ33ƒSScƒ##‚ÃãƒSc3ƒSSƒ““’ÄdÅ4P¥6öÇ–3&s“ƒsƒÃ’ã3C#“sCCs#srÂÓãC#c3ƒSSS##Ããccsƒ“S“#ccCcÂÓã##cssƒcC#3s#2Ããƒ3#Sƒƒ3ssSCs#32ÃãƒSs“c3C3“csƒƒÄdÅ4P¥6öÇ–3sƒ“ƒÃ#3bã“CSCcsS#ƒ"Ãã3C#cS#CcSC#Sc3RÃãc“#sC3Ss3ƒ#2Ãã#cs3“ƒcSCcrÃãƒ3#CSS3CSc“ƒcsÃãƒSsCS#ƒ“c##RÄdÅ4P¥6öÇ–3ss#sCÃ#ƒ2ãs#ƒSsS#’Ãã#c“33C““##C“C3BÃã#s3S““ƒ3s3#“ƒ“#bÃã#CsS3cc##cƒƒRÃãƒ3#Sc3S#CCCcsÃãƒSsCs3“3c“Cc’ÄdÅ4P¥6öÇ–3s““CÃ##BãCc“#ƒC“#C2ÂÓãƒCƒsCƒcƒSc‚Ããƒs3ƒ##s3CS#“Sc"ÂÓã#cc#Scƒs#sSƒs3RÃãƒ33SSƒC“ƒ“#ÃãƒSƒCsƒC““S3rÄdÅ4P¥6öÇ–36s““Ã3#Bã“33“S“sSÃã3333#ƒ3SS3S#3rÃãC3ƒcC#ƒ3CCƒ#2Ãã#c3ƒ3“cssScSBÃãƒ33c“CCƒS3ƒs"ÃãƒSƒCsƒC““S3rÄdÅ4P¥6öÇ–3VsSCCcÃ3“ãc#S#s3C3RÂÓã#CsCƒSC#ƒCƒSS#rÃãƒ#ƒcC3CC3ƒRÂÓã#“c“c33c““Cƒs"Ããƒ33“CcƒS#Ssƒ"ÃãƒSƒsSc“##ƒCS“2ÄdÅ4P¥6öÇ–3VsSCcÃbãc“3“Sƒƒs“sC#2ÃãC3ƒ3ƒcSc3s“rÃãC“csƒs3ƒƒC“33’Ãã#“CscSƒC#c#bÃãƒ3C33““ƒ3##“RÃãƒSƒ“C#Cc“#Sccc2ÄdÅ4P¥6öÇ–3†sƒscRÃ“Bã3S#ScscSc3Cc#"ÂÓãCc“3##Sssc#ƒc3#3bÃã##CS##SSCsC3cBÂÓã#“C“cƒCƒs““rÃãƒ3CCc#c““sSs3rÃãƒS“ƒsCƒ3Ssscƒ"ÄdÅ4P¥6öÇ–3Fsƒ3ÃƒrãCƒ“3CS“3ƒcÃãcScCss“ƒƒCCsRÃãs“S“sCƒƒ““’Ãã#ƒ3ScsCƒS#cSs#3RÃãƒ3C“SC#CƒS3SS“bÃãƒS“cƒ“3S#“#“ƒ"ÄdÅ4P¥6öÇ–3sS#RÃ3ã3ƒƒ“sc“s3ƒƒÂÓãss3ƒƒSS““ƒS3C‚Ãã3s3“##3sƒCS##RÂÓã#ƒƒcS#“cSssC‚Ããƒ3Sƒ33#cCsSs“"ÃãƒS“s3ƒƒƒƒ“ccSbÄdÅ4P¥6öÇ–3FssC#SÃ#sBãƒƒcƒ33SsRÂÓã#ƒ3s““C#cs#3s‚Ãã3c333““cCCƒc3‚ÂÓã#ƒcCƒ#“ƒsCs"Ããƒ3S#cƒsƒsSƒ"ÃãƒS“s3ƒƒƒƒ“ccSbÄdÅ4P¥6öÇ–3vsc3CSÃ#s2ãsSScC#css“CÂÓã#““c3S#SsƒRÃã3“ssƒ#Scs““sÂÓã#ƒSC#s#SƒƒS#SrÃãƒ3S3ƒƒCcsbÃãƒS“s3ƒƒƒƒ“ccSbÄdÅ4P¥6öÇ–3FscCCƒÃc2ãC3s3s3#“sScRÃãSƒCCC#“33#cC3bÃã#CCs#“3C#CS“rÃã#sscCƒsCƒs#"Ããƒ3SC3sCsƒ“ƒcSBÃãƒS““s3C3#S#RÄdÅ4P¥6öÇ–3sƒcCCÃ#ã3“cSs3ƒSsC2Ãã“ƒƒC#333S“cƒCCRÃãCss3#ƒ#ƒC33“#RÃã#scsC3#CC’Ããƒ3Sƒs“s3CsÃãƒcCCSƒsCC#cSBÄdÅ4P¥6öÇ–3VsS#ÃC3’ã3ƒƒ3“3ƒsssSRÃã#CƒCCSs3ƒcCƒs“‚Ãã#3#ƒ“C#ƒ#2Ãã#c“ƒC#cƒC#s“cCRÃãƒ3c##CCCC3##2ÃãƒcS3cC3“c“sS"ÄdÅ4P¥6öÇ–36s“s“ÃCCbã#3s“S3sCc2ÂÓã“CC3c#ƒƒccs3“’Ãã“3“ƒSsS#ƒ"ÂÓã#cƒƒss“S3s“ƒƒSRÃãƒ3c“sCƒƒ“Css’ÃãƒcS#s##“#cBÄdÅ4P¥6öÇ–3scƒƒÃ#“ãƒSƒC“SSCcc“ƒ2Ãã#SCS“#3sc3SC#s"Ãã#3sscƒ3c#cƒ"Ãã#cƒScCƒ#SƒƒƒsBÃãƒ3c###CCƒƒCsrÃãƒcS#s##“#cBÄdÅ4P¥6öÇ–3Fss##Ã#cBãc#CC#S3Cƒ#"ÂÓã3“Cƒ3ƒcCCƒC##“ƒ‚ÃãS#““C“#s3c33RÂÓã#c3C“ƒ###S"Ããƒ3cscC“ƒS#CBÃãƒc##sƒ“3ƒ3CS2ÄdÅ4P¥6öÇ–3fsƒ3#Ã“RãSƒSc3Cs“C#BÃã3sSscS33c#ƒCBÃãS“Ss#CscS3CbÃã#S“#ƒ33“c#cC2Ããƒ3cƒCcƒƒƒC“33c"ÃãƒcS“cc“ƒ“S3s32ÄdÅ4P¥6öÇ–3&sC#“Ãsƒã3SCsC#3““ƒ‚ÂÓã##“#ƒ“S#3sS3rÃã3sSc3Cs“C"ÂÓã#S###cc“C“333’Ããƒ3s3“ƒ#sS3s#cRÃãƒccsƒss#“33“3ÄdÅ4P¥6öÇ–3Fss“3Ãcc‚ã#Ss“ƒ“#3“"Ãã“ƒƒc#33c#3Ãã“3SC3scCc#C3RÃã#SCc“3Sƒ“3cssc"Ããƒ3sS3SCSCCs#ƒ3rÃãƒcsssS“sC33#2ÄdÅ4P¥6öÇ–3FsC“s“RÃ‚ãƒs3Ssccs"Ãã“ƒƒƒ3scSC#sƒƒ"ÃãCƒcsC3c3cC33##2Ãã#C#s#3“#C#S32Ããƒ3ƒCƒCs“#“Cƒ2Ããƒc#3CcC3SC33ƒSRÄdÅ4P¥6öÇ–3fss#sÃbãƒscS“3“C##ƒ2Ãã“3“CSC3#ssccSÃãCScSsSƒC#CBÃã#Cƒs3cƒ“#ccRÃãƒ3ƒ#ƒSCƒCƒCSCcrÃãƒc#CCc“CƒSƒ3CC"ÄdÅ4P¥6öÇ–3vscSCÃbãcCƒsssƒs#cSÃã3sƒƒSƒCCs#“#’Ããƒc3c3c““cCsS#’Ãã#3#ƒcCScCƒS#rÃãƒ3ƒ“Ccƒ3scsrÃãƒc3C#33SƒC3c#3"ÄdÅ4P¥6öÇ–3&sƒScÃS#Rãs“s####rÃã#sSCƒ3ƒ3C#S#BÃã33sƒcCCsƒƒ3ƒrÃã##“3Ss#33ƒ3SC“RÃãƒ3“ƒS#s“cScc#Ããƒc3#scCC“2ÄdÅ4P¥6öÇ–3sc“#Ãrãs33s“S“S“CC2ÂÓã“sCSc““C“Sƒc“S‚ÃãCƒS“#3cs#C##BÂÓã##sƒSC“ƒcC#c““2Ããƒ3“3#“cSCƒ3BÃãƒc33CƒƒS3ƒSCcRÄdÅ4P¥6öÇ–3&sƒ#“Ã3rã“sƒS3C##cCƒRÂÓãcsCƒ3Sscƒs#ƒ2Ãã33S3#ScsƒsSbÂÓã##3ƒSs#ƒC3#’ÃãƒCS#3#ƒ3#sS’ÃãƒcCSCC3CS“cssRÄdÅ4P¥6öÇ–3s“ƒ3SÃ“sbãsƒ#c#3rÃãsS33C3##3‚ÃãƒCcS#ƒCƒ#3“cS3RÃã#“CCcƒC3ƒbÃãƒCsCƒƒcƒƒ““CBÃãƒcCs3#sƒSsC3’ÄdÅ4P¥6öÇ–3fsSCCÃƒs‚ãCscSsƒrÂÓãs“#Ccc3##“ScbÃãƒ“3#“C““Ss3ƒs“rÂÓã#cSsƒ#cCCSc#“bÃãƒC“cc3ƒSS“ƒ‚ÃãƒcC“CC3sc3S’ÄdÅ4P¥6öÇ–3vsc3sÃ#ƒãCcs“C3SC#CcBÂÓã#“cCcs3c“cƒS33cS2ÃãCs“s“s#Cs#C‚ÂÓã#3SSƒcƒSƒ##RÃãƒC##ƒƒ#sCSs“rÃãƒcS“SSs#S3“"ÄdÅ4P¥6öÇ–3s“cÃc2ãSS3c“sƒSsS3"ÂÓã“3#cssƒƒ#SRÃã“cSs33S3c“3#3‚ÂÓã#s““s#3sCBÃãƒC3Cccc“Ss’ÃãƒcS#ƒ3cSƒS“3CBÄdÅ4P¥6öÇ–3&ssƒ3SÃ’ã3Ccc3“Sc3#S3bÂÓã3“C33ƒ##3C3“cc"Ãã“Sƒ“ƒ3ƒ#ƒS3ƒSBÂÓã““3CSƒƒCssƒC‚ÃãƒC##CSS#3ss3ƒC"ÃãƒcSƒSscSscƒCS#bÄdÅ4P¥6öÇ–3sc3cÃCrãcc“SCC#3CƒrÃãƒcScc“sccƒsrÃã“3ƒ#CCS“Sc“RÃã“ƒƒCscS3SƒScƒ"ÃãƒC#3ƒs3cC““cƒ2Ããƒccƒ###sc#ssBÄdÅ4P¥6öÇ–36sƒ#cÃ2ãsc#ssƒ#“#C3’ÂÓã3sSs3#Csc33CRÃãƒ“#“#c“Cc#ƒSSbÂÓã“ƒCƒ#c“sƒ3#3"ÃãƒC#ccsC#S“#ƒ##‚ÃãƒccC#s“S##ƒCBÄdÅ4P¥6öÇ–3Vs#3sÃ“sbãs“#ƒƒ#Sƒ“‚Ãã##3“sCc3cƒƒScBÃãc#ƒ3#sC#C3s3bÃã“s“3sCƒƒ“s“2ÃãƒC3“ƒC“s“cƒ3SBÃãƒccsSc“S“CC“c‚ÄdÅ4P¥6öÇ–3vss“Ã“sBãcCs#3scƒBÂÓã3cCs3C“csSrÃãcƒ“C#“sSCCs3‚ÂÓã“s“Sc#3#“3“#SSBÃãƒC3ƒ3c“c“#sSBÃãƒccsSc“S“CC“c‚ÄdÅ4P¥6öÇ–3†sS##Ã‚ãs#ƒCS“#3ƒƒÃã3sƒƒS3c#3sScSRÃã“C“#S3S“c#"Ãã“sƒ“333Cs#s’ÃãƒC3#ƒsScS3“c#ƒbÃãƒccsSc“S“CC“c‚ÄdÅ4P¥6öÇ–3†sCcÃCbãS#333ScscsRÂÓã#CS““cS“#“SsÃãC3##CCƒƒ“s#BÂÓã“s##3CS3ƒ3CsRÃãƒC3cSC3S“C3ƒ#bÃãƒcs#C#S#Sƒ#CC3’ÄdÅ4P¥6öÇ–3fsC3cÃsBãc33scƒ#sƒBÃãCcC#Cs#33ƒc"Ãã#3Ss“3cS“sC“ƒbÃã“c“SC“ƒS“c“3ÃãƒC3“C“cc#SÃãƒcsCCƒS“ƒssCs3bÄdÅ4P¥6öÇ–3sƒƒsRÃãS“CScsƒcc““c2ÂÓãsƒCSƒ“SsCbÃãS““SSs“ƒ3sSÂÓã“cS3s3SsS“CCRÃãƒCC#cC#s#“C’Ããƒcss#3#cC#ScCcRÄdÅ4P¥6öÇ–3sƒsƒƒÃ“’ãƒ3#ƒC#3#SsbÃãCC#ƒsCSƒc3csRÃã#cSCcc#c#CcC2Ãã“Sss“CSsƒ“sSSCBÃãƒCCsƒ#sƒ“Cc“ƒcÃãƒcƒ#ScƒC“cS#sCsbÄdÅ4P¥6öÇ–3&sƒ“#ƒÃCãc““CS3sƒ“#32ÂÓã#SC#s#“#Scccs2Ãã3“c3C“s“#ÂÓã“SCSƒ#c“c3S“s‚ÃãƒCS3C#3SscSCs‚ÃãƒcƒCƒCC#S#SbÄdÅ4P¥6öÇ–3†sccS#ÃsBãCCS##ccsƒCBÂÓãSS“CƒSƒScs33SbÃã#cƒƒƒ“CccƒrÂÓã“SCƒƒs3#SCƒS3rÃãƒCS3SscC3ƒCs’ÃãƒcƒCƒCC#S#SbÄdÅ4P¥6öÇ–3fscccSÃ2ã3“Ss3c“C#CC"Ãã#c3S“c“CsCccC"ÃãS#S“sSCCsSsSc“Ãã“S3CS#Sccc3s2ÃãƒCS#ƒsc3CC“ƒC“CÃãƒcƒc3#ƒsƒsƒCƒÄdÅ4P¥6öÇ–3fssSÃ##2ãCƒC“CcC3“RÂÓãS#ƒc#s#scC“s3rÃãsƒ3ƒcCsƒSCcƒÂÓã“S#3csCS3CS‚ÃãƒCS3sCCSƒSS#3#‚Ããƒcƒcsc“S3S3S‚ÄdÅ4P¥6öÇ–3FsSSCÃ“3’ã3CƒCscSsS“‚ÃãƒSs#33ƒ#SbÃã“S3S#Cƒ#“ƒ#ƒbÃã“C“3Ss3“cCsƒ#bÃãƒCc#cSsCss#sS2Ããƒc“3s3c#3#sc“#‚ÄdÅ4P¥6öÇ–3FsscƒÃ33rãƒs#CSS3CsbÂÓã#3CCCscCScSC“‚Ãã“##Ccƒ##“c#C"ÂÓã“3ƒsSc3C3333rÃãƒCc#ss#333Cƒ#s2Ããƒc“CC“#S#s##‚ÄdÅ4P¥6öÇ–3†sS3’Ã#"ãs#sSC3s#c“c2Ããss“#ƒƒCs#C‚ÃãC““C“3Ssc“3BÃã“3ƒSsC“ƒ3Sƒ“c"ÃãƒCc#ƒsCc3sC#cRÃãƒc“CC“#S#s##‚ÄdÅ4P¥6öÇ–3&sC##ÃS2ãC“S“ƒ3c"ÂÓãS3S““C#S“s“3“sbÃã#scCƒ“CƒƒSs#“33bÂÓã“3ƒSc“#c“ƒ33#3srÃãƒCc#ƒs“s3sÃãƒc“CC“#S#s##‚ÄdÅ4P¥6öÇ–3Vs#c3Ã3‚ãƒ#33cSCcCCC“ƒBÂÓãcS3“csƒSSs#SrÃã33“3ss#ƒcƒ3CC3“ÂÓã“#c“cC##C““#“#‚ÃãƒCs“cs33CS“ƒS’Ããƒs#“““Cc“#3ƒCc‚ÄdÅ4P¥6öÇ–36sCS#Ããƒ3CSS#ƒ3“sƒcRÂÓã#3CscC“ƒCc3SC3ÃãcC3S33“ƒssbÂÓã“#S““#3Cs#sSs“rÃãƒCs#s#ƒCC3scsÃãƒs3#“C“ƒC“3ƒ#BÄdÅ4P¥6öÇ–3vs#cƒÃƒrãƒSCC###“ƒcCÂÓãSC#CScCSc3"Ããsƒscs#ScccC#2ÂÓã“##C3CS“#sSSBÃãƒCsSSƒ#“C“#C“cRÃãƒsScsC#“#cS#sBÄdÅ4P¥6öÇ–3Fsƒ#s“Ãc3"ã3#s3C#sƒ“RÂÓã“scƒ#s#SƒS3sS#"Ãã#“S“#s3“#’ÂÓã“#s“ƒSƒC3#ƒRÃãƒCssC#ƒ##ss“RÃãƒscs“sc#“3Cs"ÄdÅ4P¥6öÇ–3vsSƒÃs3“‚ãcƒsƒƒ3“#sbÃã#ƒssSƒC#ƒSc3bÃãcssCcCsSƒ“SSSSBÃã““ƒ#C“#cƒcSrÃãƒCssSS““CƒcsCÃãƒscs“sc#“3Cs"ÄdÅ4P¥6öÇ–3s#3Ã3“bã33CcS“3#ƒccrÂÓã“#3ƒSƒƒc“CSscC‚Ããs““ƒcC#S###3"ÂÓã“ƒsCƒ“#ssC33cbÃãƒCƒc#Cc#3CcssRÃãƒsS##s““sƒƒ"ÄdÅ4P¥6öÇ–3sCcÃCRãcss#ƒcSC#"ÂÓãcSCs3#Sc#cÃã3“““ƒ##CsSƒCbÂÓãƒ“cƒCc“#s3“sc#‚ÃãƒC“SSc#cC“ƒBÃãƒs#C3#ScsƒcsSÄdÅ4P¥6öÇ–3&s“3sSÃCRã3#ƒC#c“‚Ãã##sC#S#CsSÃã“sCcscc#CƒCC“srÃãƒ“cƒ#3S#3###ÃãƒC“c#Sƒcs3ƒ32Ããƒs#CC“#“cƒS3CbÄdÅ4P¥6öÇ–3VsS3csÃ##bãC3C33sSƒCsbÂÓã3ssSCS3CS“C“S2Ããs#sSsscc“ssSƒc’ÂÓãƒ“#cScC#s3C2ÃãƒC“ƒƒCc#3s3#cƒrÃãƒs#csc“ƒ3“C2ÄdÅ4P¥6öÇ–3fsccSƒÃ’ã“sC“sCcsƒcS“RÃãscƒƒ#3cCƒ3C’Ããc“Cs#s“3##3BÃãƒƒ“ƒƒ#SC3CƒSÃãƒSss3#ssc‚Ããƒs#ƒSccccƒcƒrÄdÅ4P¥6öÇ–36ss3CÃbãC33#S“#C#sSRÂÓã“cƒ#“Ssƒ3Sƒ‚ÃãScCcc3Ccs‚ÂÓãƒƒS“c3s“S#ƒ#RÃãƒSC#ƒ““ƒ#ƒc"Ããƒs3S“#sƒ3bÄdÅ4P¥6öÇ–3s“s3Ã#ccã#ƒCCsccs“csÂÓã#Sƒ3ƒSS“ssc"ÃãccsC“cS3cCƒ#s#BÂÓãƒƒS#3cSs““SBÃãƒSCccSSs“sSccSRÃãƒs3###3CsCcƒ#2ÄdÅ4P¥6öÇ–3Fs3“ƒCRÃ2ã#ƒƒ3c#S“ƒcsBÂÓã##s3SSs3“3c3#ÃãcSS3ccCƒ““3rÂÓãƒƒ3ƒc#3#3ƒS#3rÃãƒSSs3ƒ“CCCSƒc‚Ããƒs3ƒ3cc#c3ƒ#“2ÄdÅ4P¥6öÇ–3s“3“ÃcrãCƒS#ƒc#SSC##2ÃãCCƒS3S3ccCssBÃã#3ƒ33SSccƒƒƒ“C‚Ããƒƒ333S#Sƒ3Sƒ‚ÃãƒSƒSSc“3s##"Ããƒs3CƒƒSSscC#“#RÄdÅ4P¥6öÇ–3sƒCSÃ#rã3#“#SCcƒs2ÂÓã3CsCƒ3sƒ3“C“sc3BÃãƒS33sCƒ#S3ƒCCbÂÓãƒsC“#ƒS3ƒƒ#3C““bÃãƒS#sC##cƒ#"Ããƒs3ƒS“sSCƒÄdÅ4P¥6öÇ–3Fsc3Ãc’ã“ScSSS3crÃã33ss#“ss3##3c#3bÃãƒcScCc“sCs“3“bÃãƒc“CSƒ##sSsrÃãƒSs3CSS2ÃãƒsC“C#ss#332ÄdÅ4P¥6öÇ–3vsC#33ÃSRã#CCsƒ#C##C#"ÃãCscCs#“SƒsscRÃã#SCsSC##cs#“crÃãƒcƒƒsƒc#s#ƒs3BÃãƒSsCƒSSScƒ3cRÃãƒsC“C#ss#332ÄdÅ4P¥6öÇ–3&sS’Ãs’ã“#ƒcC3“#cRÂÓãCS“cSS#CCƒ3RÃã#CcSsS#“c#sSCÂÓãƒcCcs“C3cc“‚ÃãƒS#sƒSCc3CrÃãƒsCCƒC33sSCƒs32ÄdÅ4P¥6öÇ–3&sssÃs‚ãcƒcs3cƒƒ“S‚ÂÓãCS3Ccc#SSC“Ãã#CS“3#Cc#ƒsƒ2ÂÓãƒcCC“#“s“ss3ƒ"ÃãƒS##s##cscS#ƒ’ÃãƒsCCƒS#s“3ƒC““#"ÄdÅ4P¥6öÇ–3FsSsƒÃrãc“CƒsC#s3Scƒs"Ããƒƒ““sƒSSƒ3#‚ÃãCsss“3Cƒ#C“###3cBÃãƒCSs““3cscS““ƒbÃãƒS3SSƒS#3csc3‚ÃãƒsS“S#3#ƒCƒCc‚ÄdÅ4P¥6öÇ–3&sƒ“#Ã3ã3C“ƒS#c3ƒc3"Ããc#ScS3sCS“SÃã33“csCcƒCcS3CRÃãƒC#CsC#Cƒc‚ÃãƒS3““s3“S#“C#“BÃãƒsc3ccsc“SsSsCÄdÅ4P¥6öÇ–3sCCSCÃ#"ã3sƒsƒs#“3RÂÓãSSCsCƒcsSSSSbÃãƒC“#SC#CS3cC’ÂÓãƒ3ƒS#S3c“#s#"ÃãƒSCs3Cƒ3cCcƒ"ÃãƒssCC#s“c“#3"ÄdÅ4P¥6öÇ–3–sƒCÃƒsBãSSc##ƒ3ccbÂÓã##sc3““#ƒcS#“SÃã#CcsS“S33“CBÂÓãƒ#csCƒs#““ƒRÃãƒSSS3csccS"Ããƒss#“#cc#“#cC2ÄdÅ4P¥6öÇ–36scCS"Ã#Bã“cƒ#CC###Cc’ÃãsS3c“s#ƒScRÃãC#Sss##s3“cRÃãƒ#CCC#3ƒSSssSS3RÃãƒSS#3C““##ƒ"ÃãƒssC#ƒscsƒS“CRÄdÅ4P¥6öÇ–3Vs#cÃCc#ã3#s#scsSSs“RÃã#ƒS#ScsCS3sc3RÃãSCƒ“Sc#sS#sƒ"ÃãƒsScc#SS“CcSsbÃãƒSSss3s#ƒ3sSƒ#rÃãƒss“333“ƒS“cbÄdÅ4P¥6öÇ–36scC“ÃsRã“#“SSs“S#3c3‚Ãã3C“#Sƒ##“C“3"Ãã“3#ƒsƒccs“s#3RÃãƒcƒ“cCc#C“c3"ÃãƒScc#ƒs“C3c2ÃãƒsƒsC3S#ƒsC#3s2ÄdÅ4P¥6öÇ–36sSƒÃ32ãSƒƒCs“#ƒcCcƒÂÓãS“s“ƒ#CsCs#Ãã3#ƒ#c3SƒcSs’ÂÓãƒS#sS“ss“ƒccBÃãƒSscc“c#S#Ããƒs“Sƒs#SsCƒƒBÄdÅ4P¥6öÇ–36sS“SÃCrãc3cC3ƒcƒsC‚ÂÓãS3sƒcc#Cc#ƒ“SBÃã#“ƒcC##3ƒCCs3#BÂÓãƒ3ƒcS#“3SsCRÃãƒSss#ƒ##33sCbÃãƒs“Sƒs#SsCƒƒBÄdÅ4P¥6öÇ–3FsCÃƒãƒc3#3sscSBÂÓã#s“3ƒsƒ3cƒ“SS“ÃãSS3cƒScƒƒ“3cƒƒrÂÓãs“sssSƒ#sƒ3RÃãƒSs33scs#s#BÃãƒs“#ƒcCƒC“sc2ÄdÅ4P¥6öÇ–3Vs“cÃ3ƒc"ã#sC33SCCƒsRÂÓãC“c“C“c“Cc#ƒrÃãƒ3#c#“Scc“ƒ##rÂÓãs“sƒ“3s#C#Sƒ2ÃãƒSs3s“#s#S3’Ããƒs“#ƒcCƒC“sc2ÄdÅ4P¥6öÇ–3&sƒ##3Ã3“ã“s“““ƒ3##c3‚ÂÓãc“3sss3csss“RÃã“CSSƒcss3C“‚ÂÓãs“#CCƒC#Cƒƒ2ÃãƒSsƒ3““Ss3Ccƒ’Ããƒs“cCc“““3c#3cÄdÅ4P¥6öÇ–3fss#sÃã3“#C“#“scS“ƒRÃã#c33ccCcC#C#c2Ããc#ƒ3“3ƒƒs“cCrÃãs“#CSCsscsrÃãƒSssCƒƒ#sƒ3S2Ããƒs“cCc“““3c#3cÄdÅ4P¥6öÇ–3sc#ÃC‚ã“SS“cCsƒssƒ“bÃãC“##cscSc““3c’Ãã#sCƒ3ƒcSsCC3ƒCBÃãs“S““S“332ÃãƒSsƒSCS##c’Ããƒs“cCc“““3c#3cÄdÅ4P¥6öÇ–3sssÃSƒrãs3S““SCSCBÃãcscS3SsƒcSƒs‚Ããc#3s#“sC3sCssƒ’Ããs“Cc3S#ƒSsƒ33BÃãƒSs“3SC3cÃãƒs“cCc“““3c#3cÄdÅ4P¥6öÇ–3ss##ƒÃS"ãS#C“CsCC“ƒbÂÓãCƒS3#sc“CC#c‚Ãã#sƒ“s##ƒ#ƒ#ƒsBÂÓãs““#CSCCSƒBÃãƒSs“##S“C#sS##sRÃãƒs“cCc“““3c#3cÄdÅ4P¥6öÇ–3–sSƒRÃSbãCƒ#ƒsƒ“C3CRÂÓãSS#“cSSs#Ãã#ƒsc#ƒCSSCSsƒs"ÂÓãsƒc3c#C#SC"ÃãƒSƒ##sC3C3Cc3RÃãƒs““CC“3CSSSƒ‚ÄdÅ4P¥6öÇ–3Vs#c3ÃCƒãSSƒ#Sc3ƒ3#bÃã““ƒ3ƒsƒsScbÃãsc#3sƒc3sS’ÃãsƒC“c#ƒ3ƒ3C2ÃãƒSƒ3333cCscƒcCRÃãƒs““sc3S“332ÄdÅ4P¥6öÇ–3fsc3#“Ãsbã“SCs“S##“bÂÓãsSc“C3sS“3ƒS3ƒbÃã“ƒc3“CCsCCCc“‚ÂÓãsƒƒƒ“#ƒs3ƒ3CRÃãƒSƒSƒ#“Sc3ƒsÃãƒƒs3“ƒ“cSCbÄdÅ4P¥6öÇ–3vsSS“Ã#bãƒsC3cCSƒ#‚ÃãsScƒs3S3Cc“sƒ’ÃãC#sƒS“C#“Ss“c“CƒbÃãscƒ“ss3ƒsCC“BÃãƒS“Sƒƒs3scCƒ3BÃãƒƒSƒsC3ƒ“#s3ƒ‚ÄdÅ4P¥6öÇ–3Vs3SsÃC"ãCss““s#cƒ“#32ÂÓãSCsc3Cc“s#CƒRÃã3ƒ##sƒSƒƒbÂÓãsSCc3CS3sss"ÃãƒcsSSS3s#Cc“2Ããƒƒ##cCS““3C“BÄdÅ4P¥6öÇ–3sSƒcÃ“ã3#3ƒsƒ“cs#“ƒBÂÓãCc33“c“Ccs“S#Ãã#3###CcCc““cc3RÂÓãsC“s“ƒs“Ssc“’Ããƒc“SCS#“sCÃãƒƒ#cCƒ3“S“S’ÄdÅ4P¥6öÇ–3†sssCsÃ#bã3ƒ“3CSS#CC"Ãã3#Scc3S33SsbÃãƒCS#“s#cƒ“#C’ÃãsC#c#c#ƒ“s“SS“bÃãƒccS“csS“ƒ"Ããƒƒ333#ƒs#ccSRÄdÅ4P¥6öÇ–3vscCÃ"ãƒCSS3#ƒS2Ãã#33S““S3crÃãssƒ3s3c#S3s3BÃãs3ƒ3#ƒƒSC3"Ããƒc##3#csƒ#““2Ããƒƒ3CCc“CƒCS3BÄdÅ4P¥6öÇ–3VsS#CsÃ##BãSc3cccC#“‚ÂÓãC#CcsƒC“CCƒ2Ããƒ3s““c“sc“S‚ÂÓãs#33Scss“Ccƒ2Ããƒc3sCccC#sSS"ÃãƒƒCSƒsCSc#ƒsS2ÄdÅ4P¥6öÇ–36s“s“Ã#c’ãSCcs3#s#bÃãCƒS#ƒ3ƒ3Cs#3c"ÃãcsS#CSCC“SƒCs2Ããs#ss“3c3C“s#BÃãƒcC#3#ƒ#S#3SC’ÃãƒƒSCcCC3ƒ#c3ÄdÅ4P¥6öÇ–3vs##sƒÃ#s"ãCƒ33#c3cS#rÃã#ƒcCcCCS“ƒ“#ƒsBÃã#ssc#ƒƒcS#sss#BÃãs3CSS3#cS“S#BÃãƒcCs“csCssSC2ÃãƒƒSCcCC3ƒ#c3ÄdÅ4P¥6öÇ–36sc3#ÃcsãcSs#ƒ#“ƒcÃãS“ƒ“##ƒSsSSsRÃã“3ƒƒƒsC3sCc“crÃãsC#Sƒ#cƒƒ#Cƒ2ÃãƒcCcsS#ƒ3SƒS#ÃãƒƒS“cƒ3C“Ss“S“2ÄdÅ4P¥6öÇ–3fsS33ƒRÃ3#ãƒssƒSƒSƒ“BÂÓã##SScƒ#ƒƒ“#c2Ãã#“CS#“sC33#C’ÂÓãs3scS#c“Css“rÃãƒcCsC3c#c#ScSƒbÃãƒƒS“cƒ3C“Ss“S“2ÄdÅ4P¥6öÇ–3sSCsRÃ3Rã#S“#ƒC3cƒSCƒ2ÃãSCss“c3#c#s#CRÃã3##“““3#sS32Ããc“S““3“C#sƒSƒ"ÃãƒcS3#S“ƒ“““C"ÃãƒƒcSCCsƒƒƒ#c"ÄdÅ4P¥6öÇ–3vsS#3ƒÃ3ã“3C3SS3sSc#SsƒRÂÓãS“3S3““s33C“3c#bÃã3SƒccS3CsSS"ÂÓãcƒcsSƒ“sƒsCC3Sc2ÃãƒccSSssƒ###CbÃãƒƒs“ƒ“CC3ƒÄdÅ4P¥6öÇ–3&sSc“cÃCBãccSc“ƒsssƒƒBÂÓãCƒ“3ƒcS#33C#ƒ#2Ãã#“Sc3cCCƒ3“ƒ“CrÂÓãcƒs#ƒCƒ3s3S#RÃãƒcccƒSC3C“sS"Ããƒƒs“ƒ“CC3ƒÄdÅ4P¥6öÇ–3Fss#S3ÃrãC“3“csccƒS#‚ÂÓã3#CCsCSCc3Scƒ#“bÃã“#“#ccSCƒ#3“S‚ÂÓãcƒSSƒ“#Cc#32ÃãƒccCcc3“s#sC“#rÃãƒƒsSS“csSc“““SÄdÅ4P¥6öÇ–3scs3ÃrãCs3“ƒ““CSƒ33rÃã3CS#C#Scs3BÃãsƒ#c““3“C#C#s“bÃãcs“CsSƒsC3RÃãƒccc#CSs#CCsS‚Ããƒƒscsƒ3cCCc"ÄdÅ4P¥6öÇ–3Vs#cCcÃ3ãƒ33CSƒSsƒ33rÂÓãƒ“3S“S#CccsƒccbÃãS3Cƒ““ƒƒ3ScrÂÓãcsSƒc##scƒ““‚Ããƒcs3#3“##cs#sRÃãƒƒƒ3CC“sƒ#“SC3#bÄdÅ4P¥6öÇ–3fsscSÃ3#RãSƒCƒC“SSS3rÂÓãCCSƒ3SS3Sc3c“#BÃãƒSsScƒCsƒƒ“2ÂÓãcc3ƒs3SC3c#s32ÃãƒcsƒS#c3S#“3cbÃãƒƒƒƒ3cC““c#S“3ÄdÅ4P¥6öÇ–3&sƒƒcƒÃBãsƒSc3ƒ##ƒsRÃã3S3c#Sƒc#ƒBÃãƒ“SSs3Sƒ“ƒSs‚Ããcc#Cƒssƒƒ#ƒc‚Ããƒcs“c##“3“C3sCrÃãƒƒƒƒ“ƒcsƒSC“#CrÄdÅ4P¥6öÇ–3†ssCccÃ32ãc3“CCS“ƒ3c3BÂÓãc“#C“#SƒS“CCsBÃã3cccssSsC3c2ÂÓãccScSƒƒccƒ‚Ããƒcƒ33s#ss“c#Ããƒƒƒ“#3C#ƒ“ƒ#CBÄdÅ4P¥6öÇ–3&s3##Ã#2ãƒs““##SC#’ÂÓãS“Cƒƒs3ƒss‚Ãã“3ƒCƒ“ccC#bÂÓãcSƒ#ƒƒ3##ƒ“3‚Ããƒcƒ3C#s#ƒ3ƒcBÃãƒƒ“Sƒc33#3"ÄdÅ4P¥6öÇ–3&ssscƒÃ“#rãƒ#“#“scsCsS"ÃãCcC33SSssSC3‚ÃãƒƒCCcsƒ““C#2ÃãcSSSƒ3SCƒ##ƒsÃãƒcƒSCS##“Cc#cÃãƒƒ“3cCCs#“sƒ“‚ÄdÅ4P¥6öÇ–3&sƒS#ƒÃ#3ãss“sc#s#ƒssrÂÓã3ƒ3S““3sƒ3#C““bÃã#3“s“cs#sC3Cc2ÂÓãcS3S“Cs“SScSƒBÃãƒcƒccCS““CS’Ããƒƒ“3cscC“sƒ“s‚ÄdÅ4P¥6öÇ–3†sƒCÃSã3CS#cs#Sc“ÃãCS“S3Cc#3ƒcBÃã#ssc3Ss3“s3#ƒ#rÃãcS3ccƒ#scc“C“RÃãƒcƒcSSƒCƒ3cc2Ããƒƒ“3cscC“sƒ“s‚ÄdÅ4P¥6öÇ–3&sƒ““Ãƒ3‚ãƒsS3#3#cCS‚ÃãCSs“3cSƒ3C“ƒSbÃãƒƒ#CcƒcCƒƒ#ƒ3SƒÃãcS#““S“C3sƒSrÃãƒcƒsssƒ#“Cƒc"Ããƒƒ“C3scsccS“C’ÄdÅ4P¥6öÇ–3&s3ÃC#ssRã“c“33sS“’Ãã#c3C“#s3csc#3rÃãS““ƒSc3C“sCsSC2ÃãcCs3CscC“Ss‚Ããƒc“SScSscc#‚Ããƒƒ“ssCƒsƒ#S“33bÄdÅ4P¥6öÇ–3VsS3CÃs#Bãs““C“CssSBÂÓãsCsSc##““cCƒ33bÃãcsc“s#3ƒSrÂÓãc3cscƒ#ƒƒSƒ#S“2Ããƒc““ƒSSS“CC3cS"Ããƒ“SsC“#c“ƒCCÄdÅ4P¥6öÇ–3scƒÃ#cc’ã“#“3SccS##BÂÓãƒƒsƒc“ƒ#“#“c"Ããccƒƒ3“#C33#“ccBÂÓãc#sƒsSCCSc3C#“ƒBÃãƒscƒSsSCC“ƒƒBÃãƒ“#C##3ƒ“C“#rÄdÅ4P¥6öÇ–3FssssÃ#‚ã“#cƒƒC#s#rÃãs3CsƒS#s#’ÃãC3ƒƒsc3“3C3BÃãc#S“3sƒ“c#s3#2Ããƒsƒ3ƒƒ3cccSSSÃãƒ“3C“#ssSs“ÄdÅ4P¥6öÇ–3&s3ƒSÃrãCƒ#“#c#c#ƒ3“RÃãSc#3#S“ƒs3sƒcBÃã3Csƒ3“CC“cƒS3“BÃãc“csCƒSsCÃãƒs33CSƒƒcc3S“"Ããƒ“ƒ3c“s3c3“BÄdÅ4P¥6öÇ–3VscC#ÃSs2ã#ssccSCs“#3‚Ããs3#3“cSC3s“"ÃãsScs“Cc“3ƒRÃãcƒ#“SC#SƒC‚ÃãƒsCCƒƒc#ƒ“rÃãƒ“ƒcS##3ƒCƒÄdÅ4P¥6öÇ–3sc“#3Ã#’ãCC#“sCc#c‚ÂÓã#“c#cSƒscc33ScrÃãƒ3c33s3#CC‚ÂÓãc33SCCs“3ƒ“2Ããƒsƒ#“Csc#ScsSbÃãƒ“##CcSCSScSƒbÄdÅ4P¥6öÇ–3scÃ3’ã#Cƒ3CƒSc3S“ƒ#‚Ãã#ƒ#sƒ#3C#ƒScƒc’ÃãsSS#ƒ3Csc#ƒcs“#"Ããc3SsCc“3ƒ#bÃãƒs#ƒc“ƒ“S#“BÃãƒ“##C3cƒC“’ÄdÅ4P¥6öÇ–3VscÃ#‚ãS“Cƒ“c“cSBÂÓã3#3Cƒcƒs3S“CBÃãƒ#SƒsCS3S“3SsC"ÂÓãcƒƒ##“3s“CSrÃãƒs##3“ss##Cc2Ããƒ“##C3cƒC“’ÄdÅ4P¥6öÇ–3sccCcÃS"ã““csƒSsc“#BÂÓã#ƒc#S“sc3sƒC3“BÃãssSs3c“cSSSC3BÂÓãc#cs#ƒssc‚Ããƒs“3S“c33css‚Ããƒ“##C3cƒC“’ÄdÅ4P¥6öÇ–3&s3s“Ãcƒ’ã3s#cCccSƒ“ƒBÂÓã#SCsƒ3“c“S#C“#rÃãSƒS“ƒ#c“CCƒ2ÂÓãc“SCsS##s“3s2Ããƒs“3“CCCsc#3“BÃãƒ“##C3cƒC“’ÄdÅ4P¥6öÇ–3sc“ÃSBã3Scs3ƒs“CrÂÓã3CCC3“SSCCCs’Ããƒ“cƒC3S“c33"ÂÓãcC““ƒ““cS#“cSC2Ããƒs#Cƒs3ccs‚Ããƒ“#Sƒ“#ƒ3“cscc2ÄdÅ4P¥6öÇ–36sƒCÃC2ã#“CCsss#ƒƒBÃãC“#sƒc3ƒS“sbÃã3cƒs#s#SSs“ccƒbÃãcS#s“ƒC3s3CBÃãƒs#CƒSs3““ƒsƒ"Ããƒ“#Sƒ“#ƒ3“cscc2ÄdÅ4P¥6öÇ–3vsCsƒÃsRã3#c“C##Ss32Ãã3cƒƒ“S#s“S3C#BÃã##““#3C“3“C“#rÃãc3ScS“#CS33ssBÃãƒs#ssC#csƒ3#‚Ããƒ“#ƒ3#“c##c“sSbÄdÅ4P¥6öÇ–3&ssƒ“ƒÃ#sã#“3ƒSSs“rÂÓã#3CCƒsƒcCC"Ãã33SCc#“cccc3c3bÂÓãS“c3s3s“3SS‚Ããƒs3“3#3““S2Ããƒ“3#“S#cƒcs#BÄdÅ4P¥6öÇ–3vsS#“CÃ33SRã3C3S3S3ƒ##rÂÓã#SssSSƒC“sƒƒbÃãs“S##SC3CCsƒ"ÂÓãS““3“sCc3ƒ3SrÃãƒs3ScSƒc“#c2Ããƒ“3C“#Cƒ3cCcS“RÄdÅ4P¥6öÇ–3Vs#cSSÃcbãcs3SCS““3bÃã#ƒsCC#scƒ#“S3cƒRÃãƒscsSƒ3“cS“2ÃãS“#3Cc“ƒC“3"Ããƒs3cS“S#ƒc3rÃãƒ“3Sƒ“S“#3S3ÄdÅ4P¥6öÇ–3fss3CÃ#ãCCScS“3SC“rÂÓã#cssƒ3““#SCCƒsBÃãc“c3ƒ“3cƒsCcÂÓãSsƒSS#c“3SC“bÃãƒsCSsƒCS“#Cc“’Ããƒ“CCssƒCƒ3SCCC’ÄdÅ4P¥6öÇ–3–sCSÃS#ã##3CcƒSƒ““BÃãsss3#c#S#CCs‚Ãã#sS#Cƒs3#s3cRÃãSsc3ss““CƒSC"ÃãƒsCsCssCs““s3“RÃãƒ“Cc#“C“S“rÄdÅ4P¥6öÇ–3s“CÃCBã#3ƒ““Scs“S##CbÂÓãCƒCs3ƒSs#C“#RÃã3ƒ3ƒccƒcƒ“C#BÂÓãSs3S“C3ƒ#ƒbÃãƒsC“csSƒ#3s3“rÃãƒ“Ccsƒ3cƒ##3ƒ#sRÄdÅ4P¥6öÇ–3VscsÃãsCSsSC3#ƒC3CrÂÓã“C3CC#c333“scC"ÃãS“ƒ#Sƒc3s3#bÂÓãSs3c#sSSSC“ƒbÃãƒsC“c33“SsƒC#‚Ããƒ“Ccsƒ3cƒ##3ƒ#sRÄdÅ4P¥6öÇ–3&s“““Ã#3ãƒsƒS“C3’ÂÓã33“C#s“C2ÃãsSSƒCCƒ#“3#ƒ“’ÂÓãSs3cCSC#SSSs"ÃãƒsC“SsSSs#Scs““Ããƒ“Ccsƒ3cƒ##3ƒ#sRÄdÅ4P¥6öÇ–36ss3sÃ3##rã#s“SCs“#“S’ÂÓãs##s“c“SC“3RÃãcƒ3sCƒ3C#SƒS#“SrÂÓãScƒ##CS“s##c#3SrÃãƒsS3ƒCssScC#3bÃãƒ“SSS#CS3#3CÄdÅ4P¥6öÇ–3s#ƒÃSrã3sc3ƒƒSSƒRÃã#s“#33Sc3SSƒ2Ããs#3sƒcSCCƒCCS"ÃãScsc#“ƒscsSC"ÃãƒsSCƒ#C“Sƒ“’Ããƒ“S#ƒ33s“Ss2ÄdÅ4P¥6öÇ–3&sC“S3Ã#"ã3“C#c#rÂÓã3C“CcScS““Sc2Ãã##3ss3sƒsƒ#3“c‚ÂÓãSc#ƒ3SSCCƒScBÃãƒsSƒcƒs“CsSS“BÃãƒ“SCSS3C“##2ÄdÅ4P¥6öÇ–3sƒs#ÃScs’ãcS3ƒƒScS"ÂÓã#ƒCƒƒƒCS“S#‚Ããƒ#cscSƒ“sSrÂÓãSS33c#ƒCs##cbÃãƒscSSc33CƒsS3CBÃãƒ“c3c“3ƒsc“ƒbÄdÅ4P¥6öÇ–3&s##3Ã‚ãsƒcƒ3CCs#S#BÃã#S3#sCsƒ#C#cRÃãƒ#33SsSƒsscBÃãSC33sƒCCcCss‚Ããƒss3C33ƒ3#s3BÃãƒ“cƒSƒ333c3“SRÄdÅ4P¥6öÇ–3vscSSSÃ2ã#cscscRÂÓã3C3Sc“#C“S3rÃã#3s“c3“sƒƒ"ÂÓãSC3“C#C3SCCCSrÃãƒssC““ƒ#“s““‚Ããƒ“c“cƒ3cC#3“s#"ÄdÅ4P¥6öÇ–3vsƒsÃc“ã“CƒCC“cssƒ“bÃãcCcccS“S“3““BÃãC“cCCs##CssBÃãS3ƒ3#Cc3cCƒ#‚ÃãƒsssC3SƒCS3“ƒc2Ããƒ“scscSsƒ#ƒ#S‚ÄdÅ4P¥6öÇ–3Vsc“ƒÃ#bãc##c3ƒsS““cƒ‚Ãã#cƒƒƒ3CCc#S“"Ããs3Ccƒ““Sc#‚ÃãS3scCSƒ3ss3#RÃãƒsƒ33s“ƒSSCcCs‚Ããƒ“ss#S#“sS’ÄdÅ4P¥6öÇ–3sƒƒ33Ã’ãƒ3Cc#sSƒ3“2ÂÓã“#s3ƒS3“S3CbÃãS“Scsƒ#c“ƒC3bÂÓãS#ƒc“cC333rÃãƒsƒSs“Sss“S““s"Ããƒ“sƒC“Cs#sCrÄdÅ4P¥6öÇ–3vscCÃc"ã3S“ƒƒ“#cSC3S‚Ãã3sS#3S“##“ƒ##3BÃã#CS“CSs3SCƒ“3RÃãSS“s##“SCs3“rÃãƒs““#“3ƒc3sBÃãƒ““#SCsCcC##rÄdÅ4P¥6öÇ–36s“33ÃC“BãssC“#ƒ2ÃãS#c33cS3“#ccSRÃã3““scC“ScCƒ"ÃãSccSCCƒsSrÃãƒƒ#C3ƒƒsscƒSs"Ããƒ““S#3#3#C3Cc32ÄdÅ4P¥6öÇ–3VsƒCcÃ“32ãScscƒ“3C‚ÂÓã3ƒ“Sƒ#3ƒ#3RÃãs3“ƒ33C##Sƒ2ÂÓãSScƒsƒƒsƒSc““‚Ããƒƒ3###3cCs3C2Ããƒ““SS3s3“3C3s’ÄdÅ4P¥6öÇ–36s“ƒC#Ãcbã““Ccc#SƒsscBÂÓã#C3ƒ“Ss#sc3#S2Ããccs#cs#CSSScbÂÓãSCSc##sscc3bÃãƒƒC3csc3ScÃãƒ““Ss3C#ƒ#ScScÄdÅ4P¥6öÇ–3FscCƒ3ÃƒbãcƒsSCCccRÂÓã##cSƒ#Scsscc“RÃãScCSs#3#sC2ÂÓãSCs3“S3c“C"ÃãƒƒC3“ƒƒccBÃãƒ““Ss3C#ƒ#ScScÄdÅ4P¥6öÇ–3s“C“cÃƒ’ã#33cC#CƒSSrÃã#ƒS3c33#“S3‚ÃãƒScSSC3s“#3CS‚ÃãSc“ss#C“CƒRÃãƒƒsSss#ƒSC““RÃãƒ““ƒS3sccs“ƒ"ÄdÅ4P¥6öÇ–3s“sÃ#“ãcCsƒ#S#ƒc’Ããƒs33scCC#rÃã#C“““cS#ƒ“Cc“RÃãC“sscs#“ccC3cƒrÃãƒƒ“Csc“#s3S"Ããƒ“““ƒS##c#s#CRÄdÅ4P¥6öÇ–3–s“ƒ“Ã‚ãCƒSsSCs3Css3’Ããcc“3“3##S“ƒ#’ÃãCCsƒƒScC#sƒsƒ#3CRÃãC“CSc#sS“#SSsRÃãƒƒ“3cƒSS3CsrÃã““3SCƒ3CCBÄdÅ4P¥6öÇ–3fsscsÃ#"ãcsCCsSƒƒs3CCSs‚ÂÓãSs““sSSsƒC3“3BÃã3“#cCs“sc3“#rÂÓãCƒc“cS#s“3“BÃãƒƒƒccƒS3sssc‚Ãã“ƒ#S“#Sƒƒ“S#’ÄdÅ4P¥6öÇ–3VsCS3ÃsSrãƒScS“ƒ33“#"Ãã3sCsƒ#sss3cS2Ããƒƒƒ3S“3#s“3c#Cc’ÃãCƒ3CcSss#“33rÃãƒƒ##3CC3sS"Ãã““sc#“““Cƒs’ÄdÅ4P¥6öÇ–3vsSC3CÃcã#Sc#s“ƒsRÃãCSCS#“#s#sƒSCbÃã3cCSScCc“sRÃãCƒ33cCc“SC“ƒƒs2Ããƒƒ#ss#sccs“3ƒ‚Ãã““sc#“““Cƒs’ÄdÅ4P¥6öÇ–3s3S“RÃ"ãcƒ“C3ƒSƒ“SƒccbÂÓãsƒ3ScC“cSƒsƒ#RÃãS3C#ƒ#C3c3CsRÂÓãCccSsCC3cƒ#SrÃãƒƒ3C#Css###RÃã“##C“3sS“###“SrÄdÅ4P¥6öÇ–3ss““Ã33rãccCSsCc33"ÂÓãc““##cs3CSƒsrÃãcC#ƒCSS#Cƒs“‚ÂÓãCS“CCsCCcsSCSBÃãƒƒ3“cS“CsC3RÃã“#cs#s“Cƒ#s3cÄdÅ4P¥6öÇ–3VsCÃCBã“csc#S3sS#C#rÂÓãC3ƒS#CSc“S“3CcbÃã3Sƒ3ƒ#ccSScc#’ÂÓãCSƒƒ3CCcCcSƒC2ÃãƒƒC33““c#3ƒrÃã“#cs#s“Cƒ#s3cÄdÅ4P¥6öÇ–3Vs3““ÃC“crãCSs#CƒSss’ÂÓã“CƒS3“Cƒ“S#BÃãcC““3#3Ssƒs#S‚ÂÓãCS“CC3SC3SSSƒs2Ããƒƒ3“cS3“ƒ3s’Ãã“#cs#s“Cƒ#s3cÄdÅ4P¥6öÇ–3–s“S#ÃãSSC#3s“#cCs‚Ããƒ“#c#ƒS3cƒC3ƒ#BÃãcƒS“ccccc2ÃãCSƒƒ“ƒc#“s#3#“2ÃãƒƒCƒ33CCS“3‚Ãã“#cs#s“Cƒ#s3cÄdÅ4P¥6öÇ–3†ssSssÃSCbãƒsƒcs#sƒCCRÃãS““ƒ“#S3“cS3BÃãC#cC“ƒC“C#SS"ÃãCC“3S3sC““C3‚ÃãƒƒCsƒs33CSƒ“3RÃã“3C#Ssc“ƒsS“rÄdÅ4P¥6öÇ–3sƒs#Ã3“bãƒ#cSS#S#cscrÃãƒC“c#CS“#Cc“CÃã#ƒ“#3ƒ3s“CƒsBÃãCC3“sc“S“s“3#ÃãƒƒSƒcC3cƒSƒ3#BÃã“3ssƒ““##bÄdÅ4P¥6öÇ–3sCsc3Ã##ã“3“s333“CCS2Ãã#3“S#“#ƒs3“c"Ããƒcc#csSƒ#“#3s#crÃãC3ƒSCS3SƒS3CS‚Ããƒƒc###c“3ƒS#ƒs2Ãã“Csss“C““c3“2ÄdÅ4P¥6öÇ–3FssCScÃS‚ãƒ#ƒSSƒ3“C#sCbÂÓãCsc#ƒ3sƒC3“SCrÃã#“#ƒcSƒsƒ3sc"ÂÓãC#c#“c“S3SCƒ2ÃãƒƒcSƒ#cCcsc#SsSRÃã“S“Ss3ƒCSS#ƒÄdÅ4P¥6öÇ–3FsS33Ã3crãc#c#3CƒsC3rÃãsCc#Sc3““CCSsRÃã“ccƒƒƒƒ#ƒ#3ƒƒRÃãC#CCC“#CcS“cSÃãƒƒcs#ƒSƒ#sƒS#cÃã“S“3ƒƒƒCS“C‚ÄdÅ4P¥6öÇ–36s#3Ã3ãcC33c#ƒCƒ‚ÂÓãcƒcS“SƒSC33cS32Ãã##Sƒ“s“C3ƒC#rÂÓãC33C33“33ƒCƒ#‚ÃãƒƒƒC##S#scCcrÃã“cƒsC#CsCC#crÄdÅ4P¥6öÇ–3&ss“sƒÃC3Bãc#3C3##ƒ“2Ãã3“sCƒ#SccC“#‚ÃãƒsCƒ#ƒCs#S#"ÃãCcsssƒCssƒ3"Ããƒƒƒcƒ3“S#’Ãã“sC“SC33ƒC#2ÄdÅ4P¥6öÇ–36scSÃ##ã3Cc##cCBÂÓãƒss#“ƒ““s3CS’Ãã#“ƒcsCƒs#CCC‚ÂÓã3““cƒ3S#ƒssCSbÃãƒƒƒcƒC““C“CSc3Ãã“s3“#SC““RÄdÅ4P¥6öÇ–3sc3ƒÃC"ã#cS“#ccCcs3bÂÓãsS“#S“s“c3SScS2Ãã#Ss3c“CC““CƒBÂÓã3““SƒS#“c“#3cRÃãƒƒƒs#cCsScCs3‚Ãã“s3“#SC““RÄdÅ4P¥6öÇ–3&sƒscÃƒ"ãsCSC“c3cC#2ÂÓã#C“ƒƒ“s“SsS“rÃãs#c3“SscC#““#BÂÓã3“S“Cƒ##ƒc"Ããƒƒƒ“ƒ3csC“3““c’Ãã“s#C3“ƒS“c3rÄdÅ4P¥6öÇ–3VsSC#Ã#BãS““#csCs##ƒ’ÂÓãS““#ƒCs3SS#SbÃãC#“ƒSc3SCCCsRÂÓã3“3sƒsS#ƒS3srÃãƒƒ“Sƒc#c“ƒS"Ãã“s3cC#ƒ“3ssC3#rÄdÅ4P¥6öÇ–3VsScƒÃs2ãc“ƒƒƒƒbÃã3Cs3S333sCCc#"Ãã“CC“ƒ“ssCc’Ãã3“#Sƒ3S3ccƒ“##CRÃãƒƒ“#CS““ƒS#SbÃã“sCƒ3’ÄdÅ4P¥6öÇ–3†sSC3ÃCRãC3ScsSS“c3cƒBÃãCCS#s“3cC#sS3CBÃã3“ƒ3“C““c“ƒ“RÃã3“3c#ƒs3ƒSSƒƒrÃãƒƒ“3C#CS3“ƒ3“cRÃã“sCS“SCsC##’ÄdÅ4P¥6öÇ–3fsƒCSƒÃSRãCƒsƒc“ƒ“#CCRÃã3cCsƒSSCƒ““RÃã#cC“C““##ssrÃã3scSSƒss#csS"Ããƒ“S#3“s33SsƒRÃã“ƒS“3“3sƒ3#ss“"ÄdÅ4P¥6öÇ–3s“sÃ3Rãƒs3S““S3Cs3BÃãCCS#scSc“"Ãã3“ƒc“Sc“CS#“ss’Ãã3sc3ƒ#S“Sc3#Ããƒ“SS3S3c#SCc“’Ãã“ƒS“3“3sƒ3#ss“"ÄdÅ4P¥6öÇ–3sƒs“Ãs’ã3ƒ3CƒS“Cƒ“SRÂÓã##c“scSCS#crÃãcCCs#SCcSC“3cSBÂÓã3sCs3CCcCSc#“#rÃãƒ“cS“3s#3Sc2Ãã“ƒc#“ƒƒ#sƒƒ“ÄdÅ4P¥6öÇ–3&sss#ƒÃC#RãƒƒCscC#“s2ÃãS“CSƒ3“CcCbÃãccSƒ3“CScsS2Ãã3s#“c#S“C#“C#cBÃãƒ“s“cc#c“ƒ#CƒÃã“ƒc#“ƒƒ#sƒƒ“ÄdÅ4P¥6öÇ–36sƒCÃ#ƒƒãSC“Sƒ3c3BÂÓã##3““ƒs3Sƒ#RÃãsC3#SƒCsƒƒc##RÂÓã3s#s3sCS3s#crÃãƒ“ƒCCSC3ƒ““s3’Ãã“ƒc#“ƒƒ#sƒƒ“ÄdÅ4P¥6öÇ–3VsSc#CÃSC32ãsSCS“SS2ÂÓãc#S33cC“S‚ÃãƒCScccsS#3C#bÂÓã3sC3cC#3“SSs3bÃãƒ“s3ƒCƒ#cSƒ3C’Ãã“ƒc#“ƒƒ#sƒƒ“ÄdÅ4P¥6öÇ–3s#sƒsÃcsãƒ“#3ƒƒƒSSC“ƒ"ÂÓãcc#3ƒ““C“CScSc"Ãã##3cS3Cƒ#ƒ3‚ÂÓã3s#CccS#S“ƒ33BÃãƒ“ƒ3Sƒ3ƒ“c##"Ãã“ƒc#“ƒƒ#sƒƒ“ÄdÅ4P¥6öÇ–3Fs“SsÃ3Sbãscƒ#ƒ#33c#3CÂÓãcSSC“sCC#ccC‚Ãã#s“3ƒC“####ƒ#s2ÂÓã3sS““3C“csƒ3BÃãƒ“““Cƒƒ3cƒ“ƒ#Ãã“ƒs3s3cCcs3#"ÄdÅ4P¥6öÇ–3&s3S#SÃcRã#S#s““S“SSBÂÓã3CƒC“3s3c#cSBÃã“ƒ#csC3SS2ÂÓã3cs“ƒƒƒs3SSbÃãƒ““S3S“ƒ“s#RÃã“ƒƒ“ScS#SScƒCrÄdÅ4P¥6öÇ–3&sƒC#ÃCbãcs“SS“SS“c2Ãã3ƒSSSƒCC#Cƒ#ƒrÃã#ƒ#C#cƒsscƒs2Ãã3cS#s“#“#ssRÃãƒ“C3“S“ƒ#“C“ƒBÃã““sSC3ƒƒS“’ÄdÅ4P¥6öÇ–3&sc3Ã"ã3sC“ƒs3c3SsÂÓã#ƒCCCcƒ#csS#3S"Ãã#ƒ3Ss3“ƒsƒSrÂÓã3cSCcs#Cc#“ƒcbÃãƒ“3ƒ““###Ãã““sSC3ƒƒS“’ÄdÅ4P¥6öÇ–3FsssC#ÃCC2ãƒ##ƒcSƒSƒ#SbÃãc##cC“#““c#SSc2Ãã“S3sƒƒc3#3“33‚Ãã3SsCC3ƒ3ss#ƒ2Ããƒ“##3CƒƒcSƒ“#BÃã““Sƒƒss“ccSCcbÄdÅ4P¥6öÇ–3&sƒCC“Ã#s’ãs“CSss3ƒsƒbÃã““33ss#3Csƒƒ#CC’Ããs3#s#Csscƒ“cS#BÃã3SSsS3#“cƒcs3Ããƒ“#Ss##c#S#crÃã““c3c3s“3s3#3ƒRÄdÅ4P¥6öÇ–36sc3c“Ãã#ƒƒ3Cƒc#cCÃã#“#S#S“ƒƒCSÃã#Ss“cƒƒc#3#’Ãã3SScƒƒƒS#S"Ããƒ“#c“cC“#3#srÃã““c3c3s“3s3#3ƒRÄdÅ4P¥6öÇ–3sScCƒÃS"ã3“ƒƒ“#3ƒc#ƒbÂÓã3sc“3“cƒsCƒƒsRÃã#s3“#sc“Cƒƒ3BÂÓã3S3#S#Cs3C““##"Ããƒ“#3SCs#“C3sSbÃã““ssS#““CCSBÄdÅ4P¥6öÇ–3fsƒ#cÃ#’ã##Sc###RÂÓãCcCS“cƒCC“#bÃã3CCcS##3cƒsCƒƒ“2ÂÓã3CsssƒsCs#CCƒ‚Ããƒ“#sƒƒƒC3ƒ3ƒ3bÃã“cccSƒƒCcsc3‚ÄdÅ4P¥6öÇ–3&scC““Ã#s’ã#ƒcC3#ƒ#sScSrÂÓãccƒ“SSSS“ssƒbÃã#3“3S“#ƒ#“cCƒ“BÂÓã3CS“ƒƒƒ“ƒCsSsCRÃãƒ“#“#“cS#c#scS2Ãã“#cCc#““#RÄdÅ4P¥6öÇ–3FsƒƒsÃ“ã#s3S##3CSs‚Ãã3#SƒcƒScSc“SSRÃã#3#c“SC3#SSƒÃã3C333“#ƒSc“cBÃãƒ“3C3#“cssBÃã“C#Sc“S“SSbÄdÅ4P¥6öÇ–3Fss#ÃS3"ã#ƒƒ“#Cc“#RÂÓãSC“#ccCSs2Ãã“ƒƒssƒsCƒscbÂÓã3CƒcC#S3ƒƒsCSbÃãƒ“333ƒScƒƒ3#bÃã“CsCs3#s#ƒcCÄdÅ4P¥6öÇ–3VsS“SÃ#C‚ãS3CcCSSC“2ÃãSs““sƒ3c“cBÃãsƒƒ3s33#c3ƒSƒ3Ãã3C““#““3ƒScbÃãƒ“3#CSC“ƒSC3’Ãã“CsCs3#s#ƒcCÄdÅ4P¥6öÇ–3&sC#ÃSrãƒ#S#ƒsƒSccC’ÂÓãCSC#“c“sƒ“scbÃã33ƒsƒƒcƒs3srÂÓã3C“c3“csCsscbÃãƒ“33#cc3ƒ#sc3“‚Ãã“CsCs3#s#ƒcCÄdÅ4P¥6öÇ–3s“CƒƒÃCbãSc3SCC“c’Ãã#S“SSC“S3RÃã“3S3#s3#scƒBÃã33c“s“c#3cCSƒrÃãƒ“3cCc3S3cCs#s‚Ãã“s3ƒC“S3S’ÄdÅ4P¥6öÇ–3–sƒƒÃSC#bãCc“ss#3#‚ÂÓãsCƒ#C3“sSSc2Ããƒ#c“s##s“"ÂÓã3#C“SCCcƒ3“s2Ããƒ“CS“#CC“cCsSs2Ãã“cS#C#cCsrÄdÅ4P¥6öÇ–3sSCSÃ3ccãSc3scS33“sRÃã“S3##CS#ƒCCRÃãss3sƒƒ“ƒCsc2Ãã3ƒCc“Sƒ“CƒSbÃãƒ“Ssƒ3sSƒsc“ScbÃã“#s3ƒsS3c3#2ÄdÅ4P¥6öÇ–3sccƒÃ“c’ãSƒ3Scs#CS3BÂÓã#S“3ƒC3““32Ãã“ScsƒSCc““cc“C‚ÂÓã3ccS“ƒscSccSSrÃãƒ“c3“S3“S#sscSbÃã“#““SCsƒccƒS2ÄdÅ4P¥6öÇ–3VsSSÃ3C2ã#Sscc“ƒ““RÃã#CSC#s#3SSbÃãS3C3“3sc3cCƒC“‚Ãã3cC“ƒSSs3““C#‚Ããƒ“cS“3ƒsSs““C‚Ãã“#““SCsƒccƒS2ÄdÅ4P¥6öÇ–3s“s“sÃ#ãSSc#ƒCS“sS“Sƒ‚ÂÓãccC#c#3“SsSCrÃãS“sƒSsSC“ScBÂÓã3CSscS3“Sƒ“sBÃãƒ“c#C3ƒSSCcCRÃã“3“3C3sC#cS"ÄdÅ4P¥6öÇ–3vsS3#Ã’ãcccƒ##ƒsC3c2ÂÓãc““Sc3#“cƒs"ÃãCsSCC“C3CSsRÂÓã33“csSƒ#ƒ“33bÃãƒ“c#S3s#Sƒ"Ãã“3“3C3sC#cS"ÄdÅ4P¥6öÇ–36sC33Ãss’ã33c#cs“cS3#"ÂÓã##sC33#S““ƒS"Ãã“C3ƒC““cCss#rÂÓã3C##SC“ƒc3‚Ããƒ“cS33#s3“3‚Ãã“33ƒ#ƒƒ3cscs"ÄdÅ4P¥6öÇ–3ss3cÃ#Rãs3Ccsc“CrÃã#s“sCSCƒ3ccƒcrÃãS“““3ƒ“SC#sCSCrÃã#““ƒ“3s#3“3CSrÃãƒ“cSsS3“cc“bÃã“33ƒ#ƒƒ3cscs"ÄdÅ4P¥6öÇ–3sS##Ã#ƒã#Cƒs“SC“CS“RÃãCcƒC“ScsSc3ƒÃãƒƒccCSsscSs#“‚Ãã#“3S#“Cƒƒ3SBÃãƒ“ssƒ3sc#CScS2Ãã“3sƒ##ƒƒ3Cs3RÄdÅ4P¥6öÇ–3s#ƒ#Ã3C"ã“s“ƒs3CcCƒRÃãS3#s3cƒƒ#“3CbÃã“cSCC33sÃã#ƒC#c#cC“cs#ƒ2Ããƒ“sƒcƒs##ss2Ãã“CCƒ#C3Ccs#’ÄdÅ4P¥6öÇ–3s3CÃS“ã#3“SsC“csƒCrÂÓã3#SSc3ƒCsCƒs‚Ãã333#3#sCC#cbÂÓã#ƒ#ƒcs“ƒ“ƒ“3"Ããƒ“s“#ccƒ3#S2Ãã“CSC#3“c3CÄdÅ4P¥6öÇ–3–sƒ3ƒÃ#3#’ãC3“Cs“Cc“rÃãƒ“ccSsS#“s““Cc‚Ããs#ƒc#“3##C“RÃã#ƒSC“Cƒ3ƒ3#2Ããƒ“ƒSC“3c#cc2Ãã“CcsCC#C3sSCƒrÄdÅ4P¥6öÇ–36s#SÃ"ãsC#3sScƒcC’Ãã#S#ScsCS“#3Ãã“sƒ3#SCS#“Ssƒ3RÃã#sc3cSƒ““3““#s‚Ããƒ“ƒC3cSs33c33“RÃã“C“c“sƒS#C"ÄdÅ4P¥6öÇ–36sƒc“Ã“3Bã3s3CSCsCs#ƒrÃã##sCCƒ33csSƒ32ÃãƒƒƒSsc“cCcCCRÃã#sCc3#S“sSs3Ããƒ“ƒSscs#3C3sCƒ’Ãã“Sc#“CrÄdÅ4P¥6öÇ–3sCCƒsÃcS‚ãC#“s“Sƒc#CbÂÓã###“ƒs#SÃã“S“#S#SƒCƒSÂÓã#sScC#s3c““ƒRÃãƒ“ƒS3cs#3C3SÃã“Sc#“CrÄdÅ4P¥6öÇ–3sc“3ÃSbãc#C#3cS“CrÂÓã#S#ccsSƒssƒscCRÃã“ƒC3ƒs#SCscrÂÓã#s3SS“ƒ3ƒ“C#2Ããƒ“ƒcc#“CSSƒS“sRÃã“S3“3Cc3#scsÄdÅ4P¥6öÇ–3scƒ3CÃSrãƒ3ƒs#cc3ƒcS#SbÂÓã3c3“SCƒ“c“‚Ãã#ƒs“SScSSc3sCS‚ÂÓã#c3ssSscƒ“ƒC#bÃãƒ““C333ƒ#c“ƒƒC"Ãã“Ss##C#c3SCrÄdÅ4P¥6öÇ–3&sC#SCÃ3’ãCc““ƒs#3ƒƒ‚ÂÓãC3sc“C3“Sƒ3ƒÃã3CSƒ#ssccC“3c“SbÂÓã#c3ƒ3SScss3CƒrÃãƒ““C#ƒ3#c#3s’Ãã“Ss##C#c3SCrÄdÅ4P¥6öÇ–3VsSC“sÃ3SRãc“##“ƒs“3rÃã#3s3c#C#3SsRÃãƒ#333ƒƒSƒcSsrÃã#csƒ““##cS2Ããƒ““S“ƒcƒƒsc““rÃã“Sƒ3##s“Cs#CbÄdÅ4P¥6öÇ–3sssÃ3s‚ã“c““#ƒs#c“ƒ’Ãã““#CCcs“#ƒ#sSBÃãSƒscƒC““#c#S#BÃã#SCsCƒssS3SC32Ãã“Csc#cc3ƒcrÃã“c3Cƒsc3“Ss3“’ÄdÅ4P¥6öÇ–3&sSs3Ã“Rãƒƒ3ƒ#s3sss“rÂÓã#sSCscƒ33SSC#‚Ãã##C###“Sc#Ss33’ÂÓã#CC“#s#CC3ssrÃã“““Sƒ#S“CS#CbÃã“sSSC#ƒ3“cBÄdÅ4P¥6öÇ–3&scsÃc’ãƒ3#“ƒƒƒ“ƒ‚Ãã““#sccƒƒƒSS2ÃãccS“3SS“S#S#2Ãã#3cƒC“#SS“““3‚Ãã“ScCsSƒ3sƒSbÃã“scƒ“ƒcCcss#rÄdÅ4P¥6öÇ–3sƒSÃCSãs3C#S“ƒCƒ32Ãã3ƒ###cSSc“ssC3s’Ãã#3S3C3SƒsS#3ƒBÃã#3ssSC3SC“CC’Ãã“#CSc“SCS#ƒ3Ãã“ƒ#ss“#3“SS‚ÄdÅ4P¥6öÇ–36sS3ÃC“Bã#3“33Ss##C‚ÂÓãSS#C##3#S3s“bÃã#3SCcCc3C“3sc2ÂÓã##cCSSƒ3ƒ3Cƒs"Ãã“#3ƒssSc##sC3"Ãã“ƒ3sC#S#CƒC3#‚ÄdÅ4P¥6öÇ–3sCSÃ#Rã“S““ssƒƒƒ“S#BÂÓãCcCSCƒc33“CBÃã3sc#SSSƒcc#SbÂÓã##cSc3ScCS“RÃã“#3s“#cccSc#"Ãã“ƒ3sC#S#CƒC3#‚ÄdÅ4P¥6öÇ–3&sƒƒCCÃC3rãCs#CcSs33SÂÓã3c““sƒcƒssSCcƒrÃã3S#csƒ#cCcrÂÓã#sCƒSs““cc2Ãã“3c3#3#ƒs#ss3‚Ãã““Sƒ““c3CsC#"ÄdÅ4P¥6öÇ–3–sƒ#SÃ"ãC3ƒS3cs#“3ƒrÃãcƒcc“sc“ƒ3BÃãSc3CS#CcƒCƒƒ3ƒ2Ãã#“sSsscsCƒƒrÃã“3sC33“cƒsSrÃã““c##S3SSCƒSrÄdÅ4P¥6öÇ–3s““sÃ“"ãc3#ƒƒ“ƒS“sc3"ÃãsƒcCC““ss“RÃãCss3#sƒcƒ#C“bÃã#cSƒ##sCS“bÃã“3““S“##“cS"Ãã““ƒSƒ3Ccs3SrÄdÅ4P¥6öÇ–3FsSCCÃ‚ã“Ccƒ“cCs33sSs’ÂÓãƒ3CSS#ƒcS#sSC#Ããc“#CS“cCC#BÂÓã#S##C“ss##2Ãã“Cc“33cƒcCc’Ãã““ƒƒ“sscS2ÄdÅ4P¥6öÇ–3Fss#ccÃsƒãssc“S3c#S“S‚ÂÓã““SScSCscƒ33BÃãcS“s#ƒcsCS3sccrÂÓã##sƒss“3c“ƒ3RÃã“C3ƒCss“#ƒƒ"Ãã“#ƒCC“s“ƒsSSbÄdÅ4P¥6öÇ–3&sSƒcÃ“s2ã3c3“ƒsƒƒSc“RÃã3sSS3cS##ssBÃã“S3Cc3ƒS#Cs3rÃã“3sC#CC#s#ƒ“3RÃã“S3ƒcs#sSBÃã“#sS“#ƒ““S#CCÄdÅ4P¥6öÇ–3sc#ÃcRãƒ“c33S““sbÂÓã33ƒccS3CCS3s#3rÃã#Scsss3SsƒCSÂÓãƒcC3#ƒ#cSƒS3Ãã“SSSs“s#“CcsSRÃã“##C3c#3ƒs’ÄdÅ4P¥6öÇ–3sÃcrã#“#cCCs3ƒS2Ãã#3S3s#CSƒ’ÃãC““sc33“3c““#‚Ããs#“##ssS“RÃã“cc#“#ƒC““3ƒ3BÃã“###ƒ#CCcsS“BÄdÅ4P¥6öÇ–3&ss##sÃ#3bãs#Sss“ƒ3SccSS‚ÂÓãs3s#ƒƒSC#s#c‚ÃãCcC#sƒsSsCSƒRÂÓãcƒcSc#ƒ#RÃã“s33C#“ƒSSbÃã“##c##ƒ3ccC2ÄdÅ4P¥6öÇ–3&ssc3#Ã#RãƒS“#C3##SS3#S2ÃãCƒccSSSCs3S3CCÃãCs“3“CC3ƒƒcrÃãccSsscSs#ƒ3RÃã“s3cƒS3ƒSRÃã“##c“cccƒƒS“#CbÄdÅ4P¥6öÇ–3s““sÃ#S’ãsCScsS““bÃãCC3c“#ƒƒƒ#c’Ãã“ƒ3SCƒs#cC#ƒ‚Ããc3s#S“C#ƒs‚Ãã“sCscC“ƒCÃã“##“C3ƒ3ƒ“3CCRÄdÅ4P¥6öÇ–3fsƒ#ƒƒÃ#rã“““#“#ssC3C“#rÃãCSƒC3Ssƒ“C3’Ãã3SscƒC#C#scC‚ÃãcsSc“s#3c#ƒSsRÃã“sS“#SC“3“C“s“RÃã“#3Sƒ#cƒcƒCƒÄdÅ4P¥6öÇ–3Vs#c3ƒÃCSbã3sScƒƒƒsRÃãSscƒS#scƒS32Ãã3#cSƒ3cƒ#s“RÃãSsƒ33c3S“SS"Ãã“sƒ#C#3ƒSsƒcƒbÃã“#3#C#SƒSc#cƒ#’ÄdÅ4P¥6öÇ–3sƒs““Ãs3‚ãƒ##scSsccc‚ÂÓã3ƒsCSƒs#s#“bÃã“ƒ3ƒ“3Ss33#ÂÓãS#c“3c3c“ƒC‚Ãã“ƒC#3sscS“ss“"Ãã“#3ƒ““Sc##ÄdÅ4P¥6öÇ–3vsCsƒCÃcbã“S33s#s“3S"Ãã3CCC#Cs33“scSBÃã#““cssƒ““#CC2ÃãC“3CC“3““#C3BÃã“ƒC“s3s3s#SsbÃã“#3ƒ#Cƒƒc#sC2ÄdÅ4P¥6öÇ–3&s#C“Ã#Bã##“sccsS3SsSBÂÓã#sS3ƒ“c33cBÃãsC“Sƒ3SƒS“"ÂÓãCsƒ3ƒ3SSS33BÃã“ƒc“3“##“SƒcSÃã“#3ƒ“s“ƒSCCC3sRÄdÅ4P¥6öÇ–36sCSSÃ3sbãƒc“ƒ3cC“c“s2ÂÓãss33S#cƒƒ“SRÃã#cƒSƒ##“SCS#’ÂÓãCcS#“ƒ#ƒcC2Ãã“ƒs#s3Ccsƒƒ2Ãã“#3“SƒcƒcC“CBÄdÅ4P¥6öÇ–3vsCSSÃcƒRãƒƒ333Cƒsƒ’ÂÓã3SccS#sƒss3rÃã““#3#CscSS’ÂÓãCsC“#Cƒ“ƒ3C’Ãã““ƒC“ƒƒcSbÃã“#C#ƒc##ƒ“ƒ3sS2ÄdÅ4P¥6öÇ–3VscsÃ#ƒBãs3cƒ“CSCS3rÃãS#ccSCCcƒsRÃã33“CƒS“##ƒ#"Ãã3“Ss“#ƒ3sSC3"Ãã““#scCcC“#CBÃã“#CCs#CSƒcSccƒBÄdÅ4P¥6öÇ–3fscSS#Ã#"ãCƒ#Cc33“’ÂÓãsƒ#c3“#ƒccs“cBÃãc“#ƒc3S##““SC““RÂÓã#“ScCCCCƒcC“#BÃã“cS3#C#sS#sBÃã“#Sc3CcC“cs3’ÄdÅ4P¥6öÇ–3&scCƒÃ###ãCscCcC3#3bÂÓãƒCC#s#CCƒ#“Cs‚ÃãsS#S“s“c##“CSƒ“ÂÓã#s#Cc3“ƒc3sbÃã“cƒcssScsRÃã“#SsC3“SƒCƒ#“ƒ3bÄdÅ4P¥6öÇ–36sSƒCsÃ#CBã#SSƒs#3cc“s‚ÃãSscsS3#cCss“ƒ’ÃãCs#SscSC“ƒc"Ãã#CC“C3“ccScSbÃã“sƒsssƒ##3sRÃã“#Ss“SC“ƒS3csrÄdÅ4P¥6öÇ–3vscS““Ã#"ã“3ƒc#ƒS##sc3SBÂÓãCSCcc#“scccC“ÃãCScS#sCs3C‚ÂÓãsCsc“sc#“2Ãã“ƒ#“S“sC#ƒRÃã“#cs“SC3ccCƒ’ÄdÅ4P¥6öÇ–3ssS“Ãs2ãScSS“3“CsbÃã“ƒ3ƒS#Cƒ3“c’Ããƒ33CcƒsSsC#cBÃãc#SƒcS3“ƒsƒBÃã““3C“c33“CcsRÃã“#cƒSSSsCCscƒbÄdÅ4P¥6öÇ–3&s#“ÃCbã#cSCcc#sc3"Ãã3ScSsc#ƒCcS#ƒBÃã3#3S3C#ƒ##Ãã#C“ƒ3S“3rÃã“##3“Sƒs#ƒcc3Ãã“#ssCCC33#c“c"ÄdÅ4P¥6öÇ–3sCC3CÃsãc“sc3#“sS"ÂÓã3““sS#3#C#SsS"Ãã#ƒCc“ss3S#BÂÓã#s3ƒCsSSCƒ3BÃã“#3ƒ3S3C“#ƒSrÃã“#s3csƒ“#“3‚ÄdÅ4P¥6öÇ–3Fsƒ3ÃRãcƒ3C“##s3SÂÓã3CƒsSs3cc“#rÃã##ƒ3C#3ƒ#C32ÂÓã“#C#sc#S“##ƒBÃã“3““C3cC#SrÃã“#ss“ssssCc3“"ÄdÅ4P¥6öÇ–3–sS#ÃCãCc3sƒsc3S"Ãã3“c#SC3#cs“SrÃã3c3c3SCCS3BÃãƒ“S“cS#ccSsScrÃã“3#3CC“33Sƒ#“SrÃã“#s“sCcccCƒcCC‚ÄdÅ4P¥6öÇ–3†sSsƒÃƒsrãC#“Sƒƒ3SSCbÂÓã“cCc3c#s“ƒ3C3"Ããƒƒc3c“ƒcCSSCC‚ÂÓãƒssccƒƒ3ƒsBÃã“33s“cc“sC#C““bÃã“#ƒsƒƒS“cCƒcc’ÄdÅ4P¥6öÇ–3s““#ƒÃƒƒbãƒƒ3sscƒS#bÃãcccC“ƒcs3rÃã“#sCƒ“3#ƒ“C#bÃãƒS3“3ƒƒ“ƒ“32Ãã“3““S#cC3C3Cc2Ãã“#ƒcCSS3#s3“ÄdÅ4P¥6öÇ–3sƒƒcƒÃ’ãs3SCƒ“Cc#bÃãC“Cƒ“c3C#ƒS#"ÃãCS“3Sƒ#3ƒ“BÃãss3SC“ƒcS“ƒ“2Ãã“C#SS“S#ƒ3ƒS"Ãã“#ƒƒs33#““#cƒRÄdÅ4P¥6öÇ–3s“Ãƒrãc3C3ƒ““sc#3RÂÓãSsƒSCƒCC3sÃãCsCSS#3““csCsRÂÓãcc3Cs33Sc“ƒ‚Ãã“Ssƒsc#c#’Ãã“#“cC3SSsC3C‚ÄdÅ4P¥6öÇ–36s#“ÃsãSƒ3#ƒ“ƒ#“‚ÂÓãƒ“CsƒC3Cs#3Sc2Ããƒ3“cC#3C3cS2ÂÓãcScs3C3sSS##ƒ"Ãã“S3###c“S“s3bÃã“#“cCc“CcscCbÄdÅ4P¥6öÇ–3&sS’Ã#bã“CsSC“#CsS3bÃãCs333Cs##S#’Ãã3“3ƒS#c#“3ƒƒcrÃãS“cƒƒ##sƒ2Ãã“Sc#cCc##“sc‚Ãã“3ƒ#s3c#C3#RÄdÅ4P¥6öÇ–3vsC“ƒÃ#"ãscSs#ƒcƒCbÂÓãCscC“#ƒ#sSsSBÃãCSc“Ssc3C#rÂÓãSss#3sSS“Scc2Ãã“Ssc#“SC“cSS"Ãã“3ƒC#3“#c#"ÄdÅ4P¥6öÇ–3–sScBÃ‚ãƒ##CsCC#3CscrÂÓãc“#CcSc“3ƒ3s#2ÃãcSSƒƒ#““cs“RÂÓãScS3css3C3SsSrÃã“SƒSs3Ccƒ3SsS‚Ãã“3##ƒ#ƒ3sS3‚ÄdÅ4P¥6öÇ–3&s3ƒ3Ãss’ã33sSsC““ƒC’ÃãCƒƒC#“ƒƒÃã““cC3c“CsC#ÃãSSc“CCCC3#c32Ãã“c33c#3S3SCsƒ"Ãã“3cSssƒ“3Cc3’ÄdÅ4P¥6öÇ–3VsS#C“ÃC’ãSCcScSc“"ÂÓã“#S“c#S“c3BÃãƒƒSCCsƒ3C“cBÂÓãCssƒ#sC“C“S3RÃã“ccscSccc#CcrÃã“3ƒƒss“#csSÄdÅ4P¥6öÇ–3fs3Ss“Ã##2ãC#ƒSsƒc3sBÂÓãCSs##S##CC“#332Ãã3“#ƒSSs“S#3#rÂÓãCc#CC#“s“ƒ“RÃã“ccs3ƒ3cS33#sÃã“3“3C“ƒƒ“CCbÄdÅ4P¥6öÇ–3vss#SÃ3Rã#33c##ƒƒƒ“cCƒbÂÓã3S#“ƒ#S3“’Ãã33s#CC“ƒƒƒ#“csÂÓãCcs##ƒc3Sƒ‚Ãã“sscs#SƒCC3‚Ãã“3#c“##“ƒs’ÄdÅ4P¥6öÇ–36sCCƒÃCBãssSScCS3#“#3ƒRÃã“s##SsSs#cƒ““BÃã“C#s“S##3C3"Ãã3Sc“scƒC#Cs#"Ãã“sSsƒ#3#3“BÃã“3cSSCƒ3"ÄdÅ4P¥6öÇ–3†sSCRÃS‚ãƒScƒ#C#3ƒ#RÂÓãCCƒcS33scc##bÃãC3C“ssS“CS3s“BÂÓã3CCc“s##sss"Ãã“sƒCƒ3ƒ#S"Ãã“3“CSs3s3c“sBÄdÅ4P¥6öÇ–3scscCÃ33bãƒ3C3S#cƒ“RÃãC3#““ƒcC#ƒ3ƒ3’Ãã3“cƒC3c“#C3ƒbÃã#S“#sC#csƒC‚Ãã“ƒ#ƒƒ#s#3C#CbÃã“3##ƒSC#sS3c“CBÄdÅ4P¥6öÇ–3sƒcC#ÃS“ãscCCS3ssCÃãƒSCSs33cS‚ÃãSsCƒc#cccCSbÃã#cCssƒc#““#S"Ãã“ƒ#Cƒ#S3#CCs2Ãã“3##ƒSC#sS3c“CBÄdÅ4P¥6öÇ–36s33““ÃSbãSssC3ƒ#SRÃã“#“cSƒƒƒrÃãs#3S3S##SC#S‚ÃãcSc“SsSƒc#S3‚Ãã““#ƒ“cs“SSc“C’Ãã“3#“ƒS“CcC#ƒc#RÄdÅ4P¥6öÇ–3FsSc3SÃss’ã#CcSC3CC#S‚ÂÓãcSƒs33#3s“sCRÃãC3“sScC#3cs#“ÂÓãS““SsCcC“RÃã““ƒcƒS#CC#sBÃã“3#“ƒsCc#Sc#ScRÄdÅ4P¥6öÇ–3sS3ÃSãsS33C3cS3“#ƒ#RÂÓã33c#ƒ“cƒ##RÃã33s#3ƒ#3ƒC3“ÂÓã3SCƒ#“ƒ“cSÃã““#cƒƒSss#3C’Ãã“33#c3sC3“ssCÄdÅ4P¥6öÇ–3FscCcCÃBãCƒC#cc“C3“3"ÂÓãSCcCs#3ƒ3cScC“CBÃãSC#scƒcCS33’ÂÓã“sƒSs“CCSRÃã““ScsCsss“CCÃã“33##3C“ƒCss‚ÄdÅ4P¥6öÇ–3sc3Ãc#RãcsƒSS3“sbÃãSCCC“s“cCcSS“‚ÃãC““C33c#c##“ccBÃãS3ƒSC#BÃã““SCcCcSƒ3“SƒRÃã“33##3C“ƒCss‚ÄdÅ4P¥6öÇ–3sƒÃSs2ã“cc“C#“C“#3#‚Ããsƒs3#3s3ƒSc‚Ããssƒ##cccC33333“RÃãcƒCs#ƒcSSS#3’Ãã““Ccs#3#“s3‚Ãã“33##3C“ƒCss‚ÄdÅ4P¥6öÇ–3scscÃC#rã#sCC3Ss#“c2Ããsƒs“#c3Cc#“s“’Ããcs“3c3C#C“’ÃãcSsƒcsCRÃã““S3s3cCƒƒÃã“33##3C“ƒCss‚ÄdÅ4P¥6öÇ–3FscCSCRÃc‚ãƒ3ƒSC3###“2ÂÓã33cƒƒ3ƒ“ƒ“3C2Ãã3“C#“3sssƒ#ƒƒÂÓãƒcSsc#“CCscBÃã““cc3“##ƒsBÃã“33#cc“CSSSc#2ÄdÅ4P¥6öÇ–3vs#ccRÃsbãcCƒ33#“ssS“’Ãã3ƒ33c3#c##CBÃã3ssƒƒCƒ3s3SRÃã3#“ƒ#sƒSƒS“RÃã“#ƒ#Cƒ“s#cc3Ãã“33cC#“““CSsSbÄdÅ4P¥6öÇ–3–ssÃ#2ãƒC“C#s“c3ƒSBÂÓãCc“C3““cƒCƒcƒcbÃãCc3S3““ƒ3SssSCs2ÂÓã““cSSc“CsscƒƒcsrÃã“#cscsSƒsc2Ãã“3C3CC““ƒ“#“3’ÄdÅ4P¥6öÇ–3ssƒ#Ããƒ“ƒ““c“ƒ“sCsÃãSCCSCƒ#3ƒccƒCsRÃãSCc“CCssƒƒS#3“#Ãã““SccSƒSsC“cscÃã“#c“3#ƒC“#cBÃã“3CS“C“ss“ccC’ÄdÅ4P¥6öÇ–3&s3ƒƒÃ#"ã3Ss3ƒs#Cs3cBÂÓãC#3c#“#cSCcs‚ÃãCs““Ss#CBÂÓã“ƒs3CSƒccs“’Ãã“#3C“C#cCcs“ƒcrÃã“3Css3ƒ3SSS3ƒ2ÄdÅ4P¥6öÇ–3vsƒs#ÃsCƒBã“CscƒScSƒSCbÂÓãC3c##“ƒ“CssSrÃãc#S#ƒ##sS’ÂÓã“ƒCƒCCƒ3csƒ“"Ãã“#SScƒCSƒ“rÃã“3C“#cƒ3sCC#3‚ÄdÅ4P¥6öÇ–36s“S#Ã##Rã3ƒ#sƒ“#“BÂÓãssƒ#3CcCcCsC“ƒsRÃãs“#3c““#ƒS"ÂÓã“ƒ#s“33ƒC3Ãã“#sS“ƒ3#“ƒCc"Ãã“3Sƒc“cƒSccc"ÄdÅ4P¥6öÇ–3Fssc#ÃS’ãs“SƒC3C3ƒ3crÂÓãƒScC“Ssc“sc##"Ããƒ“CCCCccs#ƒbÂÓã“ƒ#3cCCsƒÃã“#“##CsSSS““cRÃã“3S#3Sc“s##S’ÄdÅ4P¥6öÇ–3fss#Ã#cãcƒƒCcsC3“rÃãsƒcCscsC#3ccS’Ããƒ#cc#““Sƒ“3’Ãã“sSC“Ssƒ“CSS“BÃã“###“3sƒ3S#c“BÃã“3SS#“3CS#cC##RÄdÅ4P¥6öÇ–3s““s“Ã3s“rãssƒsCcƒ#2ÂÓãƒ##ƒcƒ3S#ƒ“BÃãƒCss3S“33srÂÓã“sCSScS3#ƒc2Ãã“##3cC“ƒC#c#CÃã“3SSCS“ƒ“SƒCƒBÄdÅ4P¥6öÇ–3–s“ƒsÃcCã“ƒsSS#sƒS‚ÂÓãCCS““S3#cCSSS2ÃãCƒscCsƒs2ÂÓã“s“C3“Cƒs“sC‚Ãã“##Ss###c“sCƒ2Ãã“3SsC3Sƒ#CƒScÄdÅ4P¥6öÇ–36sCCcÃ“2ã3C#3cCƒs3c‚ÂÓã3s#“Cƒ“cC##bÃã3cƒƒsS3CsSRÂÓã“cƒ#cc3#sc#Ss2Ãã“##ƒƒ3ƒƒƒSSBÃã“3S“cƒ#3#“ScSC‚ÄdÅ4P¥6öÇ–36sSSrÃã3CCSCS3#3#ÂÓãSsc“Sc““3CsrÃãc33“SS“Sƒsc3cBÂÓã“Scƒ#S“CcC3C2Ãã“#3ƒ#3s“sƒSCƒBÃã“3cƒsSs#“SCs“ƒ2ÄdÅ4P¥6öÇ–36s##Ã#rã“c3Cs“3333ss"ÂÓã3ccs#3##C““C#CSBÃã3ƒC##Cƒs“sc#3rÂÓã“SCCC“ƒ#“Cssƒ32Ãã“#3“cC3“#c#S3#bÃã“3c“SƒCc“cSƒcRÄdÅ4P¥6öÇ–3fsƒ#“ƒÃS"ãs“ƒ“3“cCrÃãsƒCcsSCS#cCSS"Ããƒ#SsƒCscc“sS‚Ãã“S#c“3ccCc3#ƒ‚Ãã“#C#“sS“Sƒ3C#S‚Ãã“3s#CscS3cs#CRÄdÅ4P¥6öÇ–3sc3cÃ‚ã##S“C“CcCsSsBÃãƒ“cc3sssSCcsƒƒRÃã“Css#cs3“sƒCƒRÃã“Cccsƒ#s#c#S“Ãã“#Cc#sc#csƒc#"Ãã“3sS3##SccScC2ÄdÅ4P¥6öÇ–3FssccÃ32ãCcSS##cc32ÃãCcC#S3Sƒƒ3cƒ3rÃãSC“3“ƒƒsc3s“sBÃã“CSCS“##c“bÃã“#Csƒ33c3c3#RÃã“3sScsc#C“CcƒBÄdÅ4P¥6öÇ–3&s3ƒƒBÃ“rã3“#“33CC3“3‚ÂÓãS#“#CsSC“#3##bÃãc“c#ƒc#ƒCRÂÓã“CC“cC#s#sc32Ãã“#CssSƒ33S#BÃã“3sSssC“ƒcBÄdÅ4P¥6öÇ–3s“cÃ3#ã3ƒ“ss“C#C##2ÂÓãC“#c#c#“CC“BÃãSs“ƒƒ“#S3ƒS3c#3bÂÓã“C3#scsC“‚Ãã“#CƒC“C3#CsrÃã“3sc3cssƒC3ƒ’ÄdÅ4P¥6öÇ–3†sSCƒÃ3"ãs#ƒs“#3SsƒsSBÂÓãc3#ƒ“c3Cƒ#c"ÃãsCsƒSƒƒ3#33“2ÂÓã“Cƒ#C3CsS#sBÃã“#SCCs#3“ƒsS#2Ãã“3ssCccs3“#cSbÄdÅ4P¥6öÇ–3FsƒCsÃs3’ã“Ccs#3##C#"ÂÓã3ƒ““CCƒ#SCCc2ÃãCc“cCSCƒ33#S“3rÂÓã“3“c“c3SCCS“BÃã“#Sƒ3c#s“scÃã“3sƒ3S3ƒ#C3cC‚ÄdÅ4P¥6öÇ–36s“33Ã"ã33s#ƒƒScScƒƒ2ÃãS#ƒsƒc“CcS“ssRÃãSSCƒ#S3“sƒ3CcsÃã“3sSs3“ƒs##cbÃã“#S3#SƒSSs“S‚Ãã“3s“CCS3CcCRÄdÅ4P¥6öÇ–3†sƒsCÃ2ãs“#C““S#cƒ“SccbÂÓãC“s“cC3sCcsƒssbÃãS33C#Sc““SCCƒbÂÓã“33C#“#ƒƒƒcrÃã“#Sc3#C#ƒ#sscsrÃã“3ƒƒsƒ#SC#“ÄdÅ4P¥6öÇ–3Fssc3sÃSRãƒ“ƒ3C“sCS“sRÂÓã#3#c#sScs##ƒCCS‚Ãã#Scƒƒ“C“"ÂÓã“#csC3cS3Cƒ3’Ãã“#cc##c#ƒc3scS"Ãã“3ƒcs#CCƒ“C#"ÄdÅ4P¥6öÇ–3fsc#CÃs"ãccSc3CCsCƒbÃãSƒƒ#Ss“c‚Ããc3ƒsc##CSƒcCRÃã“##Ss33ƒSc#“rÃã“#cC“3Sƒ#c“SCSBÃã“3ƒ“ScCscc“SƒSRÄdÅ4P¥6öÇ–3scs#Ãs’ã“ƒ“Cc““cBÃã#sC#scCCS“s3ƒSrÃã##Ss“C#“#c#ƒcbÃã“ƒ“c#3#ƒ3#“#bÃã“#csƒCƒCScC“#2Ãã“3““SCcƒC3ƒ’ÄdÅ4P¥6öÇ–36s“ƒC3ÃsãC“Ss#Sƒ3“RÂÓã#3#ƒsss3Sƒ#““c#ƒ‚Ãã#Sc#“3ƒS3cƒsSRÂÓã““#“#Sc“Sƒs“BÃã“#sSSCc3ƒS“3SCc’Ãã“3““#ƒc“C“““bÄdÅ4P¥6öÇ–3&sƒSÃs’ãƒƒcScƒ#C33#SÂÓã“ƒs33ƒSsC#"Ãã#“ƒc#“S##C3‚ÂÓã“3ScCCƒ33csSBÃã“#ƒs“C#sCcss“"Ãã“CS“CCƒS#C#sRÄdÅ4P¥6öÇ–3VsSsCÃCã3CƒCƒ“““sRÂÓãscCCc#CƒsSC#BÃã3C#scƒ3ƒ“s’ÂÓãƒ“S#Ss#CC3#SBÃã“#ƒccƒ#Cs“ƒ3"Ãã“C“S#ƒS#ƒ#SƒrÄdÅ4P¥6öÇ–3&s““Ã’ã“cSS3c“#3bÃãc#s“S#S“ƒsƒcsÃãs#SSCCc#Ss3BÃãƒ“3scsC“#bÃã“#ƒsƒ33“ƒƒƒCƒc‚Ãã“Cs3C#“#ccbÄdÅ4P¥6öÇ–3–scCcRÃ#"ã“3S3#CC3s3BÃã3sCs“ƒ3sƒƒ3CƒScrÃãC#c#“ccSS“BÃãƒ“C3SƒsSc2Ãã“#ƒ“““SS#S“’Ãã“CƒCC#CSƒƒƒ‚ÄdÅ4P¥6öÇ–3sS3srÃCSRã3ƒcƒ“““3rÂÓã3#33ƒssC“S#cƒbÃãCƒs#sC#“‚ÂÓãƒƒ“ƒCS#SC#s“ƒRÃã“#““C#ƒ#C“ƒrÃã“C##ƒƒScSs"ÄdÅ4P¥6öÇ–3ss#“Ãcãs3Csscs#““BÃã#“sSƒS#cS3Cc3c“rÃã#CƒcC#ƒcC“C#sÃãƒƒ3ƒ3##3“3cƒSÃã“#“Ss#S“#cS32Ãã“Cccƒ#“3#ÄdÅ4P¥6öÇ–3–sS3cÃ3sbãCƒs“s#3“s#3BÂÓãSscƒS“CS’Ãã#3“3#3SCs3s’ÂÓãƒsƒ“C3#cc“RÃã“3#ƒ3sc33“‚Ãã“C#s3ƒs3C#C“bÄdÅ4P¥6öÇ–3&s3cSÃƒãƒ“sCcƒ“cSSBÃã#3“C#ƒC#Cc3ƒrÃã#s#s###CcƒsƒS‚Ããƒscƒs33cCs3C3sbÃã“3#SƒS#“s#"Ãã“C#sSC#SSƒCscBÄdÅ4P¥6öÇ–3sccSÃ#ƒs‚ãs“#“#“3332ÂÓãcscS#sc3Cc#BÃãs“##c“ScS“#RÂÓãƒs##CsC#Ccs‚Ãã“3cSCc#3s“#ƒ"Ãã“C#SCc#CC3cRÄdÅ4P¥6öÇ–3&sƒ3sƒRÃS"ã#3Cƒƒ“3ƒ3sCcbÃã#CCScC“3Cƒ#cƒCBÃã#ƒƒ“S3#ƒ#c3#RÃãƒscc#cScS3“C’Ãã“3cƒƒsƒcSCC““BÃã“C#SCc#CC3cRÄdÅ4P¥6öÇ–3FssCcrÃBãƒƒsCCCssS#““2ÃãSsƒ3c3ƒsc#cbÃãSƒƒSƒSƒS“#cSƒ3’Ããƒc“c33s3S“bÃã“3s##CC#3cƒSs‚Ãã“C#SCc#CC3cRÄdÅ4P¥6öÇ–3fscs““Ãcƒ"ãccs3ƒS“CS“’Ããƒ3scC“ƒS3“SSbÃã“sƒC“CsS3ƒBÃãƒc#ƒSSƒcCbÃã“3#C3ƒ#CCsƒ“sbÃã“C#“sC3sss3BÄdÅ4P¥6öÇ–3†ssƒ““ÃS‚ã“c33SƒSS#2Ããsƒ3#ƒcƒcƒSScs#SBÃã#cc#ƒS“S#ƒ#c"Ããƒc33“s#ƒ“cS#3Ãã“3##Csƒ3S#ƒ2Ãã“C#“sC3sss3BÄdÅ4P¥6öÇ–3–ssCÃ#ãCCƒ3ƒ““sƒ“ƒ#BÂÓãC3ƒS“sScƒƒ3S"ÃãCcƒ3ƒƒ#S3ss3BÂÓãƒc#3S“3c333CƒcbÃã“3#sƒƒƒ#ƒSƒ“rÃã“C#“sC3sss3BÄdÅ4P¥6öÇ–3FsC“s#ÃƒBã#cs3C3c3#"ÂÓã#ƒ#S#sc3‚ÃãCƒƒsc#C#cs3sBÂÓãƒcSƒ#cƒC3ƒ2Ãã“3C##C“s“bÃã“C33Sƒƒ##“CRÄdÅ4P¥6öÇ–3ss“c“Ã“’ãSƒs“s3c32Ãã3csƒ“cCSƒ“ÃãSƒsC“3ƒƒS#ƒƒƒ‚Ããƒc#“cCCS“ƒS"Ãã“33c“Cc33ssSs‚Ãã“C33Sƒƒ##“CRÄdÅ4P¥6öÇ–3vsSC#Ã“#2ãSsƒs#cScƒRÂÓã““#3CSƒ#CSSc"ÃãcssC#s3#ƒS3CBÂÓãƒSc33SƒS“33RÃã“3sSssS“cƒC#’Ãã“C3333ƒcSc“sbÄdÅ4P¥6öÇ–3VsSC“3Ã3ãc##3ƒC3cƒ“RÃã3scssc#ƒƒ“#“2Ãã3S3“3C33“3ƒƒ“crÃãƒScC“s3ƒCS“rÃã“3#3#ƒ“#3C3##‚Ãã“C3c#ƒScCs33CCÄdÅ4P¥6öÇ–3Fss#SCÃC’ã3S3ƒCƒC#S“s3cBÃã#Cƒ##3ƒ#Cƒ#ƒ#S2Ãã#ƒ#SƒCƒ“cƒ#bÃãƒC“ƒ#CCsƒ3csC‚Ãã“3##sS3C“c33c‚Ãã“C3s#3CCCS#cSÄdÅ4P¥6öÇ–3ss#s#Ã#C2ãƒss3sCsSSbÃã#C#ssƒ##cƒbÃãCcC3S3cSƒƒƒ#SS"ÃãƒCƒCcCsSSƒƒ’Ãã“3#3ƒs#ƒ33#CSsÃã“C3sƒCsƒ#“RÄdÅ4P¥6öÇ–3&sƒƒ#ƒÃ#rãCSs“scCcS3ƒrÃã3Cƒ#ƒc“sCsBÃãScƒƒ3ss“CsS““"ÃãƒCƒc“#3SƒsCS2Ãã“3#““sCsƒ“#3“2Ãã“CC#c3ƒ“3C3C#SRÄdÅ4P¥6öÇ–3–s“#Ã#S‚ã“#s“““#3CRÂÓãs“#s#S“c“CSS’ÃãƒS#Sc“##bÂÓãƒ3“ƒƒ3“#SƒS“RÃã“33c“3CC#3C““RÃã“CS#ƒ3ƒ“s3SBÄdÅ4P¥6öÇ–36sCc3CÃCc‚ã“cƒSs“C##c3ƒBÃã“CcSSss““3ƒ“"ÃãS#3“33ƒ“SS“2Ããƒ##“##c#3ScS3RÃã“3CCC3ƒƒƒ“rÃã“CScƒ3c“#sƒ“c2ÄdÅ4P¥6öÇ–3VsC#RÃCSã“CS3ss“ƒcÃã33ƒcƒ3“sS##ƒS2Ãã3c““Cƒ“3cSƒƒC‚Ããƒ#3ƒSs“SRÃã“3CS3cƒƒ3“ƒsƒÃã“CSs#“3ƒcCsƒƒbÄdÅ4P¥6öÇ–3s#ÃCCƒ2ãssSƒccsS“BÂÓãƒƒsƒSS##ƒsCcS3sBÃãƒ#sccsƒ#bÂÓãƒ#““SSC3ƒCSsbÃã“3CCƒƒ#sƒcC3RÃã“CSs#“3ƒcCsƒƒbÄdÅ4P¥6öÇ–36s“3Ãsc’ãƒc“S““3ss“"Ããsƒ3Cc3“cCbÃã“Ssƒ33“#S33##ƒRÃãƒsƒ““#Sƒ#RÃã“3Cƒ3ssScCbÃã“CS“#ƒ#cs“3cc"ÄdÅ4P¥6öÇ–3&sC#“Ã#3ãCCS3cCsƒscrÃãs#ScƒSC#“C#Cs2Ããƒƒ#sC#“sC#s3s‚Ããƒs3CcCsc#“SCBÃã“3CƒSss#cS“cBÃã“CS“#ƒ#cs“3cc"ÄdÅ4P¥6öÇ–3&s“ƒCcrÃ3“RãCS#Cccc#RÃãCsƒ#ƒSSCSsƒ#’ÃãCcSs3ƒC“S3ƒssbÃãƒc#sC3ƒCc“ƒS#rÃã“3C“c#c“#““ƒ3s2Ãã“CS“sCƒ“#“ƒ“C#2ÄdÅ4P¥6öÇ–3Fsc3CÃsãs3ƒCƒC“s“srÂÓã#33cƒcCs3ƒ#bÃã#ƒ3“c33ƒ“c“RÂÓãƒ#cscccC3cƒrÃã“3S3Ccƒ3#ƒSRÃã“Cc3c#c##“CcScRÄdÅ4P¥6öÇ–36sSÃƒC’ãcs“#ƒƒƒ3rÂÓãsSc##“3ƒC33s“s"Ãã“3CC3“C#ƒ##"ÂÓãƒ“s3““3CCc2Ãã“3SSScccS3““ƒBÃã“CcC3#s3C#ƒCs"ÄdÅ4P¥6öÇ–3VsScCÃC"ã3“c“CCƒC"ÂÓã#S#33c“ƒ3c"Ãã3“#s#sSCƒsBÂÓãƒCƒ#ƒƒSs3s3rÃã“3SƒSCCss“#“ƒ2Ãã“Ccs#“3s#SsbÄdÅ4P¥6öÇ–3&sƒc3#Ã3RãcCSC“s3s#S’ÂÓã“CSƒ#ccssScsÃã#C#CCc“Cƒ“BÂÓãƒ3Sƒƒ“ƒcccÃã“3S“S#3sƒ“s“3ccrÃã“CcscsƒsCCsƒ“#2ÄdÅ4P¥6öÇ–3ssÃCS"ãccCCCsƒSCC"Ãã“SƒC3cƒ#cs“BÃãCƒ333ƒ3““scÃãƒ“3ƒ#SSsc3CÃã“3cƒSƒ“ƒ#33ƒ"Ãã“CcƒSƒ3CSS3ƒC2ÄdÅ4P¥6öÇ–3scCÃC2ã##3ƒ“sc#ƒsS#bÂÓã#Cƒc3s“ƒCcƒƒ#CS‚Ãã3#“c3c3ƒSƒrÂÓãs“CCcC#3#3C“cs’Ãã“3ccssSCs#ƒCc#’Ãã“Cs3ƒsSs“C#ƒRÄdÅ4P¥6öÇ–3&s#CÃbã#CsCs#CSs33S‚Ãã3s“S3ƒ3S3““CC#BÃãCssSc#cCSc3SCs’Ããs“3“3S3#c“cS3c3RÃã“3cs“c#ScSssC’Ãã“Cs3ƒsSs“C#ƒRÄdÅ4P¥6öÇ–36s#SCÃãƒ#33CsC“3SCRÂÓãS3###c3Csƒ“ƒSsƒbÃãcsS3#s3cC3#SS3rÂÓãsƒƒ3#“#ƒrÃã“3sƒ3cCC#sƒ##BÃã“Csƒ#ƒ3#ƒcƒ3BÄdÅ4P¥6öÇ–3scc“cÃSRãCSSCƒsƒSc3sBÃãC##“ƒSƒ“C““Ããƒc“33sS“c“s"ÃãsƒsCsc“SC“S#BÃã“3s#333ss#3CC‚Ãã“Csƒ#ƒ3#ƒcƒ3BÄdÅ4P¥6öÇ–3sS“sÃ“ãs“#c3c#Cƒ3sbÂÓã3cscs#“3“###SC2ÃãsCsScƒs#srÂÓãsƒS“CC3CcƒSC3BÃã“3s3SSCCS“ss3bÃã“CsƒsC#CCƒ#sCBÄdÅ4P¥6öÇ–3sscÃ“Bã3C3cS#S“bÂÓãcCsƒ3s33ƒSƒ“2Ããƒ3s“CƒcƒCƒ#C2ÂÓãssƒƒC3#c“#3s‚Ãã“3s“#ccƒ3“CƒRÃã“Cƒ3“#““csƒ#3‚ÄdÅ4P¥6öÇ–3&sc#cÃ“ãƒsƒ3“c“S#2ÃãƒC3sc“ƒS#SsSƒ“rÃãƒc#cƒCƒ##3“’ÃãsscsS““S#ƒCs’Ãã“3ƒƒSsƒ“CSCsSRÃã“CƒSƒ3“S“#sRÄdÅ4P¥6öÇ–3ss#3ÃS"ãSC“C3“c3#3“##BÂÓã#Cs3CCSS#SSScbÃã#s“3“sSC3SCbÂÓãsc“S3Scs“cƒSƒS"Ãã“3ƒccCƒ3CcS##bÃã“C“3s#s3C#3bÄdÅ4P¥6öÇ–3Fss3ÃCƒrãcsƒ“##3SS“’ÂÓãs#CSs#3sƒrÃã3“ƒ3“s3sƒSsRÂÓãsccscc“3CCcbÃã“3ƒƒƒƒ#sƒcs“2Ãã“C“#sƒ3Cs#3bÄdÅ4P¥6öÇ–3s##Ã#’ã“ƒS#C3#ƒssbÃã#ƒsSSs“sƒcc3S“2Ãã3scS3SsC#ƒ3“C2Ããsc3s3ƒcsSƒSc#“SBÃã“3“#cS“SCS3ƒBÃã“C“3““#sƒ3S3#‚ÄdÅ4P¥6öÇ–3Vsc“cRÃ2ãcs#S333ƒS3sƒ’ÃãC“s3s#cs“#c“CcƒRÃãcSs“sƒcSƒ3sRÃãsSc“#Cƒ“c3“#SbÃã“3“cc3ƒsS“ƒcÃã“C“ƒ“C“SS“3#sƒ"ÄdÅ4P¥6öÇ–3fssCCÃCcrãsS#33“3rÃãcS3ƒ“c3“sScRÃãCƒcƒC“c#S#ƒc2ÃãsSSs3ƒƒ#CS"Ãã“3“ƒsSs#““3’Ãã“C“““SƒccSCƒS#BÄdÅ4P¥6öÇ–3Fssc32ÃCã“s“3Sƒcƒ##bÂÓã3s#C3c3#csbÃãCs#cs##3c#ƒBÂÓãsCCccC3sS3“CScƒÃã“Cc3“#CS“S“2Ãã“SsscCCs“#sƒss"ÄdÅ4P¥6öÇ–3–sƒãRÃ#““Rãss3sC““3bÂÓãssƒ#ƒSsS“ccsBÃãCSCCSc#3“scc‚ÂÓãsC3S#c“ƒC##Ãã“C“#ƒ#ƒscC3S‚Ãã“ScS3SsCƒrÄdÅ4P¥6öÇ–3vsC#ƒÃ3bãc“ƒScc#sC#“s3RÂÓã#3sC““#S3CS#2Ãã3##c#CS#S2ÂÓãs3“#c“3CcSc’Ãã“CcƒS#3s33‚Ãã“SSscs#“3“ÄdÅ4P¥6öÇ–36ssƒÃ#c"ãsscCcs“c#2ÂÓã“S3c“S“scs#3#c"Ãã#“#333“SƒC3#BÂÓãs3sS“3ƒScƒc“Ãã“C#ƒCCSC“cƒCrÃã“Sƒƒ#ƒ#cS“s2ÄdÅ4P¥6öÇ–3Fsƒ#ƒÃ#“’ãC“ƒcƒƒCCs‚ÃãCsƒ33cCC“C3SsrÃãcSƒCs#““scc"Ããs33ƒSSsss#3CCssRÃã“CC““#“3“SƒCsBÃã“SC3cSƒ#“CBÄdÅ4P¥6öÇ–36s##“Ã3ãS3ƒ3cscSƒ2ÂÓãccCs3“SssSƒCs‚Ããƒ3#Sƒ#c“3#Ccs2ÂÓãs#ƒs“cCsS#sSs#‚Ãã“C“ƒ“Ss“s#2Ãã“Ss“3cccƒc“C"ÄdÅ4P¥6öÇ–3VsS#3ÃSSã3SC##s#c“32ÃãS“SSc##ƒ“RÃãƒ#sC33c#S##’Ããs#c##ƒ3#sCC#SS’Ãã“C#CcSƒƒSS“#rÃã“S“S3c“ƒ“ƒ3ƒ3‚ÄdÅ4P¥6öÇ–3–s3“Ã3s‚ãƒƒ3#ƒSC#3SrÂÓãCsc3CCc#“ssBÃã“SsSc3cSsCccbÂÓãs#ƒ3ƒCƒsS‚Ãã“C#S3Ssƒƒ#ƒc3“bÃã“S#3#cƒƒsc“SƒCbÄdÅ4P¥6öÇ–3&sƒ3SÃ3crãC3c#“ƒs’Ããƒc3s3c#cSS#3bÃã“S33sƒc“s3C“s‚Ããs“ss#S#ƒs““3#“"Ãã“C#c#Cccsƒ’Ãã“S#3S“cC3s3#c’ÄdÅ4P¥6öÇ–36sƒcƒÃSƒBãSSs#ƒS#sÃãs3SS33“c3#SbÃã3“#3“CCScrÃãss“ssccSSƒSBÃã“C3ScC#s#“cSƒSrÃã“S3#c#csƒS#“ƒ2ÄdÅ4P¥6öÇ–36s#“Ã#C2ã#3sƒ#ScSs"Ãã“ƒSc#Cc#S33Cs#RÃã3“S#3SCsScCC‚ÃãscCsƒ3ƒS“C“’Ãã“C3cƒ3cS#cCc#Ãã“S33#“Cƒ#3#3c2ÄdÅ4P¥6öÇ–3s#ÃãcƒSƒc“ƒ“ƒCÂÓãCsƒ##3sScƒs33RÃãS“ƒ3#3Cƒ““3‚ÂÓãc“ƒcc33SS#“#Ãã“CC3s3Cs3#C#RÃã“S3ƒC“#“CCC“ƒBÄdÅ4P¥6öÇ–3VsƒcÃscãCSs#3Scs“3Ããƒs#scƒC3S#sRÃãc“Ss#3cS“sƒc2Ããc“ƒcC#3s#ƒ##‚Ãã“CC3sƒ#cC3#ƒ2Ãã“S3ƒC“#“CCC“ƒBÄdÅ4P¥6öÇ–3†ss“ƒÃ‚ã3ƒ“““c3ScS"ÃãS#“c#3ƒ#ƒS##“RÃãsSƒƒcs“#SC#c““C‚Ããc“s“3SƒCcsBÃã“CC3S“scsƒ“3SSCbÃã“S3ƒSS#S3Csƒ#C’ÄdÅ4P¥6öÇ–3s“cSƒÃcC’ãss3cƒSƒ3SƒcBÂÓãc#ƒcc3ƒsƒS“cRÃãƒccCSC3s3cccsrÂÓãc“3“c##c33“Cs‚Ãã“CCcsC#3#c3c“bÃã“SC#CSS“33s3“"ÄdÅ4P¥6öÇ–3fsc“c“Ã“‚ã#S“3ƒscƒSBÂÓãc3“C“Cc33SSRÃã“#cSs““CcssBÂÓãc“ƒ3ƒ#3ƒ2Ãã“CC“ƒ3CsCc“Cc"Ãã“SC3ƒƒ3ƒ““c32ÄdÅ4P¥6öÇ–3fssCCsÃ’ã“ƒcƒ““Sƒ“#Sƒ‚ÂÓã3#3C“ƒccC“CBÃãC3“33cƒ3s“ƒ“#ƒÂÓãcƒƒSSƒc#s#cSƒ#"Ãã“CSC3S3CƒSƒSc’Ãã“SCCC“““ƒ“ƒCC“bÄdÅ4P¥6öÇ–3sƒC“#Ã#ƒBã33S“Sc3#cƒ#SrÂÓã“ƒ#“CCS#ƒccƒSBÃã33ƒƒCcSC3Cƒcƒ2ÂÓãcƒSƒƒCsc“S33c““‚Ãã“CS3s“3#S#3BÃã“SCc#C“ƒs“ƒcrÄdÅ4P¥6öÇ–3s3ssÃS2ã#3S““cƒƒ3cCbÂÓã“ƒcƒ#ƒ““3scRÃã#“##cƒC3ssƒ’ÂÓãcƒ#ƒ3“3csc“csccRÃã“CSSS“cƒƒ“CSBÃã“SCscS“3ccS“ƒ“bÄdÅ4P¥6öÇ–3fss“SÃ3rãc#CCƒƒSSƒ3S32Ãã#ƒSƒ#CC3Sc#3BÃã3SS3C3c#3#C3RÃãcƒ#cƒS3ƒ3#ƒƒRÃã“CSSs#sS##ƒ3"Ãã“SCscS“3ccS“ƒ“bÄdÅ4P¥6öÇ–3Vss“ÃSrã“ƒS“S“C"Ãã3ƒƒƒ3#s“c##3“SbÃãs#SSCƒ3S3“ƒbÃãccS3S3ƒ#css#RÃã“Cc“sc“CS“Cc3RÃã“Sc3CCƒ“c‚ÄdÅ4P¥6öÇ–3fsscÃsãSS“ƒ#ƒ33CƒRÃãsC##ƒSƒSC#CBÃã#ccCSss3cCc3“2ÃãcS3“Cs#“sSsƒsSÃã“CsƒS“s#s3S“c2Ãã“Sc“c“sSƒScC33#RÄdÅ4P¥6öÇ–3†sC#3ÃScBãC“Ss“cC###C"ÃãcsƒSƒs“c3sscsÃãCSsS3Cƒƒ#SSƒ“ÃãcC“3ƒ““Ss#CBÃã“Cƒ##ƒ##ƒSSC"Ãã“Ss#ƒ“##cSSSCSRÄdÅ4P¥6öÇ–3&sƒCƒ#ÃCRã3CC3ƒC3c“ƒcÃãSC3s“s“3C“Css“’Ããƒ3“C3ƒC“#3C3"ÃãcCsƒ3ƒ#ccƒ““sCbÃã“Cƒ3Ccƒƒ#ƒC#ƒ"Ãã“Ss3SSccs3CƒƒsCÄdÅ4P¥6öÇ–3&sƒƒs#ÃSS‚ãs“c“sƒBÂÓãCsƒc“ƒƒ#ƒCCSSSÃãsCC#33“ƒ3“‚ÂÓãcCcS##““3“ƒƒ‚Ãã“CƒCS“cƒcƒcc‚Ãã“Ss3Scƒ33ƒsCBÄdÅ4P¥6öÇ–3vscCsÃSrã3S#“S“s##C“SRÃãcC““““csƒ“CƒcBÃã#SS#CC“#S2ÃãcCcSSƒcSCSƒc‚Ãã“CƒCSCC“s3s‚Ãã“Ss3Scƒ33ƒsCBÄdÅ4P¥6öÇ–3scS“3Ã‚ã3csCƒC3ss3s2ÃãC#“CƒsƒS“#ƒsC‚ÃãcsSƒScscC#ƒ3sBÃãc3“ƒ#CS“3“““RÃã“C“C““Sc“cScRÃã“Ss“sc3CƒCƒSƒ"ÄdÅ4P¥6öÇ–3&s““3sÃ“Bã“#3#SS#ƒC#RÃãCCƒ###ƒ“c#rÃãS“““Sƒcsc2Ããc3s“Cc3ScsSrÃã“C“s“#s“#ƒc#rÃã“SƒS#cs“SsS#rÄdÅ4P¥6öÇ–3&sCCc#Ã#ãƒ#3Ss“CcsBÂÓã#sSS3c3“ssSƒBÃãC3“#3C“cSs“#2ÂÓãc#s#“ccƒ“s“ƒ“SBÃã“C““ƒssCƒ#SsÃã“SƒsC3c#c“CCsÄdÅ4P¥6öÇ–3–sss#Ã’ãsc““ƒƒc“ƒCc2Ãã3ƒs3SC““C3“"Ããc““##3s33scs#“RÃãc#Cƒ3ƒSƒsssC#S2Ãã“SssSSc“ƒ3s“bÃã“SƒƒƒƒS“C“#“3SBÄdÅ4P¥6öÇ–3–s3ƒÃ3“bãcss3#3C“ƒ#SBÃãƒ#S3ƒƒ“Sc#3“crÃãsC#“c“S33ƒƒC‚Ããc#ƒƒss3##CSsbÃã“SCsc#sScƒcs’Ãã“S“3s#SCsƒ“SRÄdÅ4P¥6öÇ–3sƒsÃ#Cs‚ã#Sƒ““Csƒ#3““BÃãC33s##S“ƒƒc“s3S’Ããs3#ƒ“s““33“SCRÃãcƒS“CCCSƒ“RÃã“SS3sSc#“ƒƒBÃã“c3S“3“cƒscÄdÅ4P¥6öÇ–36sƒ3SSÃS2ãCCS“#Cƒscs“2ÂÓãcCC“Ss“3BÃã#csCƒcsCSC3“#BÂÓãS““ƒC#CSƒsƒƒbÃã“S#cƒƒ#cƒssÃã“cs3“#“3Cs3ƒBÄdÅ4P¥6öÇ–3Vs“3cÃ#Ssãs“Sƒ“cƒs3bÂÓãCCC#SsC“3““#ÃãsCƒssƒ#“sƒCC"ÂÓãS“3#CSƒS3C#sBÃã“S#c“3Sƒ#3Sƒssc2Ãã“c#cSƒ##S3#2ÄdÅ4P¥6öÇ–3Fss##cÃC#‚ãSSSƒS3ƒSc3RÃãSCs#“ƒ“““sS’ÃãƒCƒ“Sƒƒ3#cscRÃãSƒ“SCs3“#sCc‚Ãã“S#“ƒƒcƒSCc#’Ãã“cCƒsC#ƒƒc“BÄdÅ4P¥6öÇ–3fsSsÃ“bãSƒS“CC##ƒ#‚ÂÓã3#3Sc3##“#bÃã##C#SSSCsc33ƒ“c’ÂÓãSƒ““““c3cC“sbÃã“S#“S#ƒ#c“Cƒ2Ãã“cCƒsC#ƒƒc“BÄdÅ4P¥6öÇ–3fssC3sÃ3rãSCCcCƒƒ3s#S#‚Ãã#SSsC““S3CS“‚Ãã3C#cCCs“sCcC#C#sbÃãSƒƒ#3“3C#s3"Ãã“S3“#3CCsƒ“S"Ãã“cCcc33ƒ“‚ÄdÅ4P¥6öÇ–3s“C#Ãc#bãc3ƒSSC3S##“BÃãS“c#CS“CCƒ33SrÃã“#s#cSSC“‚ÃãSƒcƒSssSc“CC3sbÃã“S3#SS“33cSCƒ‚Ãã“cSs#ƒCSSSCƒ"ÄdÅ4P¥6öÇ–3&s3ƒƒ#Ã#“"ãcƒSSsƒC#c##“’Ãã“C#SCs““ƒs‚ÃãSsƒ“sSƒSCCsbÃãSƒ“#sƒSƒCS“sBÃã“S3S“c#csc333“#’Ãã“cƒc33ƒCs“Sƒcc2ÄdÅ4P¥6öÇ–3sƒS“cÃ#’ãcƒCS3“sSƒssƒ‚Ãã##S3S#Ss“C#“RÃã3“#“cƒ“““Sƒ’ÃãSscSsCSCsSS#ƒRÃã“SC#Cƒ3CsS3#c2Ãã“c##3“Cƒ“#3C“"ÄdÅ4P¥6öÇ–3s“cCCÃcrã#3s“ƒ“c3c32ÂÓã3“Cc3C33#ƒS3BÃã#CSccSCc#ccCÂÓãScsƒ3#s“C“#CCs"Ãã“SCssƒ33S3SƒSsRÃã“c#ƒƒ“sƒƒcrÄdÅ4P¥6öÇ–3&ssssÃsrãƒƒC3cccsS3BÂÓã33CS#Cƒ“““#cBÃã#3c#ƒc3sƒ3S“3"ÂÓãScC“sƒs3“sss‚Ãã“SC“CSsCSƒsS"Ãã“c3cc#sC“s#c“ÄdÅ4P¥6öÇ–3fscSÃS2ãcccƒ“CcCcÂÓãcCƒƒScc##SƒbÃã#“3cS“ssƒƒs’ÂÓãSCƒs3#c#“c#s’Ãã“Sc#C3CS#SS"Ãã“cC3“S#“3CCcSrÄdÅ4P¥6öÇ–3&s““#Ã“CrãCƒCsS“C““BÃã3ssƒ3c3ƒCCcBÃãcƒƒ#CƒCƒS3ƒ“bÃãSCƒ3C3cc“sƒcSbÃã“Sc#“Sc#C3ScBÃã“cC3#cc#33‚ÄdÅ4P¥6öÇ–3&sSSÃs’ãScCSsC3“ÂÓã“3sƒ““CsƒS3bÃãs#Scs3S“#“3RÂÓãSC3C“#ƒS“ƒC#sRÃã“SccScƒƒcSs3s“bÃã“cCc3#“c#s“##3‚ÄdÅ4P¥6öÇ–3fss#s“ÃcSã#sƒƒ“C33“bÂÓãC“cƒc#c“3ƒS3sRÃã“S“##cScSrÂÓãSC#Cs“c““c“Cƒ"Ãã“Scs3sc#C#“3sBÃã“cCccC3ƒC#cƒ2ÄdÅ4P¥6öÇ–3scCsÃC#Sãs3C“s3“C3"Ãã3S3“#S3CƒƒscƒBÃãcC““c3S“cS2ÃãSCS##“Css“sƒS“BÃã“Scƒ“3C““ƒ“Sc‚Ãã“cCscSs““SSs3"ÄdÅ4P¥6öÇ–3Fss#sÃCã“ƒ#ƒ##3sCsBÂÓãCSƒ#“sS32ÃãƒCƒcSCS“ƒcs3"ÂÓãS3#3“cc“33#S“cbÃã“SsSC“Cƒƒcƒ#rÃã“cS3#cScsBÄdÅ4P¥6öÇ–3Vss#SÃ“ãƒ#3cs#ƒSÂÓãcc33SsSc##ƒs“3’Ãã#CSsƒsc###3Sƒ"ÂÓãS3#sS3cccss3cCRÃã“SsS#s“c“SCƒ2Ãã“cS3#cScsBÄdÅ4P¥6öÇ–36s3ƒÃ3RãCSc3Cc3ƒ“SbÂÓã“cssC“c““SCsc2Ããƒƒ““C“#3ƒ2ÂÓãS33sS#ƒCS“““#"Ãã“Ssc##33333sS"Ãã“cS3Cs3C#ƒCSÄdÅ4P¥6öÇ–3sCCSSbÃ"ãSƒ#csCcS““3ƒs"Ãã3sscScƒ“S#cbÃãcs“#ƒC“ƒ#3CbÃãS#sS#s3Cƒƒ“Cs’Ãã“Ss“ccs3sSƒ“ƒ“rÃã“cSc3S“3CCs##2ÄdÅ4P¥6öÇ–3&scƒ“ÃSRãSs33C“3ƒSsSRÂÓãC33scS“Ss3CC“rÃã#s#ƒC3cs#cs#Sc3"ÂÓãS#S#3s#Cs#ƒCssCRÃã“Sƒ3“ƒ##““s"Ãã“cScsc“#s“c“ScÄdÅ4P¥6öÇ–3sc“SÃ2ã“3c3ƒcCƒSƒRÃã#S“S“cƒ#S3s“3ƒ‚ÃãC“C#S“Cƒcscƒ#s3RÃãS#S##3sSƒCƒc3##RÃã“Sƒ#CccSƒ“ƒS“2Ãã“cScsc“#s“c“ScÄdÅ4P¥6öÇ–3&sssƒcÃ’ãCcS“SC“ccsc3CrÃã3Sƒ#SSS““3ƒ#bÃãcƒSC#SS33S#S#c2ÃãS##cscƒCS32Ãã“Sƒ3SCSS#3#C“2Ãã“cSƒ#ƒScC##ƒcScRÄdÅ4P¥6öÇ–3FsSCS#Ãsã3S3“3ƒ33#“ƒ“rÂÓã“C“sCss““scƒbÃã##ƒƒ##ƒC#““Sƒ#3rÂÓãS#ƒCSS3SSss"Ãã“Sƒ3ƒcs3c#‚Ãã“cSƒC#3CsCc3C“2ÄdÅ4P¥6öÇ–3ss33ÃbãC“s““ƒC#s3s“ƒBÂÓã#ƒscsSCsc#RÃãSSƒSƒcƒsS3#3csS2ÂÓãSC““cƒSCC3c3rÃã“Sƒ“#sC3ssSSC"Ãã“cc33“3c#3“cƒ“RÄdÅ4P¥6öÇ–3–sCÃ“c’ãCss#s#ƒc#sRÂÓãcc3scs#3#’Ããƒc3ƒ#sS#s“SƒBÂÓãS33“3#“sc““Ãã“S“SS#ƒsƒs“RÃã“cc3c#S3S#sS2ÄdÅ4P¥6öÇ–3sƒScÃSc‚ã“CSC3sCc3sƒSÂÓãScs3sc#“ƒ#C““"ÃãCsƒƒSƒ"ÂÓãS3S“3sCsSC3C“RÃã“S“3“Sc33SCÃã“cc3c#S3S#sS2ÄdÅ4P¥6öÇ–3Vs#cSÃƒ#’ãScƒC33“SrÃã3ƒ##3ƒc3ƒ““CsrÃãsCSC“cƒscCsS#2ÃãS“ƒ“Sccƒ“Cƒ“cBÃã“S“333ƒ3““CÃã“ccSƒ““csƒƒ#SSSbÄdÅ4P¥6öÇ–3&s3“ÃcBãƒ“CSs““ƒ“RÃãƒC3CS#cƒ3sS#ƒ‚ÃãcsCC“#scSƒ3SSSRÃãS3S##“ccc“3csSBÃã“S“ƒCcC“ƒƒc3srÃã“cs#c#CS3S“‚ÄdÅ4P¥6öÇ–3&s“cSÃ3bãS“3cccƒSƒsSsRÂÓãS“S#S##Cc333#’Ãã3s####Ssscs"ÂÓãS3““3#“3ƒ2Ãã“S“ƒcsCc3SC#ƒ#"Ãã“cs#c#CS3S“‚ÄdÅ4P¥6öÇ–3Fsƒs“Ã#sãs##c“s“ƒssbÃãcƒ“ƒC“3C“sS2Ãã3sSS““ss“C33C"ÃãSCƒ“ƒ3ssƒƒƒ##bÃã“c3ccSƒƒCƒ#’Ãã“csSƒCƒS“#rÄdÅ4P¥6öÇ–36s##3sÃCƒãSC“CC#Csƒƒ#CrÃãSC#cc3C##3c3‚ÃãƒS3S“ccc“c3C#rÃãC“““3#“c“SCs3BÃã“c#ss““C3ƒ3#“"Ãã“csssƒ“#3SbÄdÅ4P¥6öÇ–3&scC“Ã33Rãc3c“3#ƒƒrÂÓãc#C#3CƒC##sC#bÃã#SC#ƒC#CS“CSƒ’ÂÓãC“scS3CS“ƒs3ccCBÃã“c3“3ƒ#Cscs#rÃã“cs3sƒCcƒScrÄdÅ4P¥6öÇ–3VsCcÃc’ãƒƒSS#s#cs"ÂÓãs“##ƒ“ƒS#ƒCS32ÃãS“S#Scs“SscssC“bÂÓãC“ccS3Cƒs3sƒ2Ãã“c3ƒ“s“csc#‚Ãã“cs3#““ccs#cSs#bÄdÅ4P¥6öÇ–3vsC#scÃCã3S“ƒ3#csSS3sBÂÓãcSƒƒSC#SSCƒCƒcRÃã33CCƒ##C3ssSC2ÂÓãC“cSccƒƒc“3c’Ãã“cC3cc#““ssc’Ãã“cs3#““ccs#cSs#bÄdÅ4P¥6öÇ–3fsc“#ƒÃ“’ã3Cƒ3sC#c#RÃãC““3S#ƒƒƒcCBÃã##CscSS3“ScsrÃãCƒƒC3#33C3Cs“ƒSBÃã“cCcSCs##srÃã“csƒ“#3#“ƒs“SbÄdÅ4P¥6öÇ–3†ssƒÃs"ã3c3C3Sc3S“““‚Ãã#s#Ss#3“C“‚Ãã#C“#cc#ƒ#CsCcBÃãCƒSƒ3#ƒ3ƒcƒ3#3bÃã“c#SCS“#sƒs#Ãã“cƒCCSc#33“““’ÄdÅ4P¥6öÇ–3vsC3S“Ã3cƒãƒscƒCsS3bÂÓãC#scCC3“CBÃãƒƒsƒC##csƒc3s3RÂÓãCƒ“S3ƒSƒ3CC#rÃã“ccC##3S##“ƒ"Ãã“cƒ3ƒ33ƒ“cƒ3“bÄdÅ4P¥6öÇ–3scsÃ’ãs3“3##ƒ#CbÃã#ƒC#“Cc3ssC“C#rÃãS“3c#c“ƒSssƒ2ÃãCsƒ“#3“##C#CSrÃã“cƒ##SCs“ssrÃã“cƒC“#ƒ“s#cSrÄdÅ4P¥6öÇ–36s#“ƒÃ#3‚ã33sSsS“3CC#rÂÓã3sC#ƒsS“#cSSCS2ÃãsƒCs#S3Sƒs#3“#’ÂÓãCscƒcSƒƒC3ƒs“ƒ#cBÃã“c“cc##ƒƒc#BÃã“cƒcC““S#S“#3’ÄdÅ4P¥6öÇ–3sƒsÃ“s’ãcSCs““SSSSc#bÂÓãcScS3ssƒƒcc#s“RÃã3sƒcC#3ƒ3ƒ#sS2ÂÓãCsS“C“sC““#CsBÃã“c#3“cScS#CC#Ãã“cƒc#cƒ#3sc2ÄdÅ4P¥6öÇ–3fss#cÃ"ãƒƒCƒ3s#S#ƒcbÃã#ss#“c“C“ƒ#3bÃãSƒƒ3c“CcsC“ScRÃãCs33s“3S#““3##"Ãã“c#CcS“3“cC#BÃã“cƒ“C#Cc##c““"ÄdÅ4P¥6öÇ–3†sSc3ÃsS‚ãS#SƒC3ss#S’ÂÓãCsssss“#3sSCƒ3’Ããc##3##Sscc““rÂÓãCsSScCC#C3CcbÃã“c#S##sC“#ƒ’Ãã“cƒ“ƒCcc“C“cƒcÄdÅ4P¥6öÇ–3fs“ƒÃ“bã3ƒc“SS“s#rÃãcCS#ssƒsCCcƒ2Ãã#Sc3sƒC“sƒƒC2ÃãCcssc#3s“CƒƒCBÃã“c#c“cSƒsƒC“"Ãã“c“#33““sƒ‚ÄdÅ4P¥6öÇ–3vsC“S“Ãƒ"ã3S#ƒC3#cc#RÂÓãƒ3Scƒ3s“ƒ##cs3CbÃãs“SƒCCcC3cs“‚ÂÓãCcS3C33cc###“2Ãã“c#ƒƒC3“33###sBÃã“c“#cC#S3ssC“ƒs’ÄdÅ4P¥6öÇ–3vsscƒÃ“‚ã#cSCCc3cs‚ÂÓãC#ƒCSsScsƒs“RÃãƒ“cƒ3#ƒcSC3C’ÂÓãCc3S#c“Cs““cBÃã“c3#ƒ#CCsCsC#3‚Ãã“c“cSCc#Sc3"ÄdÅ4P¥6öÇ–36sƒ#SsÃ33Rã#ƒ““Cƒ3#SC’ÃãC“#CSc“““S3ƒbÃãƒ##sc“SC#s3#rÃãCS3“#S#“3sƒ#ƒS2Ãã“c3s“CCSccƒs2Ãã“ssCs3c#ƒBÄdÅ4P¥6öÇ–3&sƒcƒÃãSsc“C“#Sc#2ÂÓã#S3C3C33cssCC‚ÃãSƒCscSƒƒƒSƒ2ÂÓãC3SƒCcSs#3#sc““BÃã“cS#3SSC“ƒcSSbÃã“sCs3cC3““CbÄdÅ4P¥6öÇ–3fss3cSÃ3s‚ã““##3s#ƒcsbÂÓãS“3#scCCƒCsƒ‚Ããƒc“s33““S“S‚ÂÓãC33SsS“CS““c2Ãã“cSS“333ƒ“Sƒ2Ãã“sssƒ#sSSsc3‚ÄdÅ4P¥6öÇ–3VsS#ƒcÃ"ã#c3“C#33CcCsBÂÓã“c“#3##“SCsC"Ãã##“SC3“C#ƒ‚ÂÓãC###“cSC33s3“bÃã“cc3Sc#33“3#sBÃã“s#CS“cƒ3“rÄdÅ4P¥6öÇ–3&scƒSƒÃ#3’ã“Cs3#3“3SS“RÃãccƒcS#“ƒs“RÃãS“#S“#CCƒ3BÃãC“cƒƒ#ƒC3“ƒ“rÃã“ccS#3SS““S“c2Ãã“s#cs“ƒ3“S3c’ÄdÅ4P¥6öÇ–3&s“#S#Ãã“#s#3CrÂÓã#3ƒs3#3S“sc““c"ÃãSs3#“33ƒ#ƒrÂÓãCSCCCS““ƒ“s“2Ãã“ccƒcƒSccScSƒ’Ãã“s#ƒ“3sC3CS"ÄdÅ4P¥6öÇ–3†scC#Ã3“Rã“cƒ#CcSSƒ#CscBÂÓãC““cccsCscƒs32Ãã#CSƒC#sSCSScrÂÓãCCƒS#ƒ3ƒCcs3CbÃã“cc“#ƒSS“#ƒ33’Ãã“s#ƒ“3sC3CS"ÄdÅ4P¥6öÇ–3fscƒSÃ2ã3ssSCCCƒsrÃã“C#C“c#ScsC#SƒRÃã##ƒsƒs#“CS3ƒƒ3"ÃãC“cCƒs“s3“SCRÃã“cs3“#S3Cƒ“SsRÃã“s3cssS#SC#ƒBÄdÅ4P¥6öÇ–3s“SÃCBãƒcC#“C“SsbÂÓãCS““CƒSSs3C#3Ãã#ƒ3S#ƒS“s#BÂÓãCss“““ƒƒSRÃã“csCs“sc3S3##32Ãã“s33ScCƒS#s#c“bÄdÅ4P¥6öÇ–3sccsÃ’ãƒ3ƒS“#3CCcƒcBÃã#S3“#SƒCS“3csC"Ããc#c#““ƒ#S““rÃãCSC“C#33#CC’Ãã“cscSSC“““3#c’Ãã“s3C#s#C“C33#ÄdÅ4P¥6öÇ–3&scCSÃcsbãƒ“3CCs““ƒc2ÂÓã#“#SSƒ“ƒcrÃãsCSSS“sC3C“#‚ÂÓãCcS#c3s#SbÃã“csc#ƒ#3cSSs3C"Ãã“s3C#s#C“C33#ÄdÅ4P¥6öÇ–36sƒ“ÃCãs#ƒ“sScS3bÃã#c#ƒs###sC#sSÃã3##ss#“#SSRÃãCCCcS3“SS“3S2Ãã“cssC##3CcƒsBÃã“s3Cc“3ss33“’ÄdÅ4P¥6öÇ–3–sSs“Ã33’ãƒS33Sƒ#C3#2ÃãSc3S“c“s3cScƒCBÃãCc3#c333CsÃãCsSƒC#3#Scs2Ãã“cƒ3#cc3#SC“cBÃã“s3sssS##3s’ÄdÅ4P¥6öÇ–3fsSCC3Ã2ã3#3c33“sCRÂÓã#3s#ƒƒc#ƒ“CS“ƒbÃãS“SS#ƒcsCCS##rÂÓã3“ƒCS3ƒ3ƒ“Cƒ“BÃã“cƒ#ccc“#s“cC“2Ãã“s3ƒ3“sc3#“CSRÄdÅ4P¥6öÇ–3vs#cSÃCBãs3sSSs3sbÃãc#cS#sc3#cƒC2ÃãCcSSssccC“s#2Ãã3“ccS“c#ƒSƒƒ32Ãã“cƒ3c#ƒƒ“S33BÃã“s3“##“ƒS“cƒ"ÄdÅ4P¥6öÇ–36scssÃã“ƒCƒ“CCƒcBÂÓã##c“3Cƒƒ#S3sc3C#‚ÃãSƒ3“S##c“ƒ‚ÂÓã3ƒ“#33c3C“3#CÃã“cƒ“c#ƒc“#cBÃã“sCCs3#cc“S““sSRÄdÅ4P¥6öÇ–3vsSCÃcCbãC#33c3ƒ“2ÃãCscCSSs“3‚Ãã3sC#ƒC##Cc#Ãã3ƒc3##“#cSSs#ƒRÃã“c“ƒCC3Scs#SBÃã“sCcCS3CCƒ3SƒcrÄdÅ4P¥6öÇ–36sS“ÃcSRãsccsSC“cCƒ#"Ãã3cCs#CSSC“3s"Ãã“Sc3s#s3s#“rÃã3ƒ3ccSƒcS“C3sBÃã“c“3“SCs3““CrÃã“sCss#ƒs““ccSbÄdÅ4P¥6öÇ–3fsC3sÃ#rã3C3#S“#ƒcSsÃãScsƒ“cC#33CsCrÃãCƒCƒ#sƒ3c"Ãã3ƒ3C#3ƒ3#ƒ##s‚Ãã“c“CCc“ƒcC#SCC‚Ãã“sCss#ƒs““ccSbÄdÅ4P¥6öÇ–3VsS3c“Ã#ã#Sss#““ƒs##S"ÂÓãƒ#3ƒ“ƒsSCs#ƒsrÃãCƒs#csc3cc3ƒs"ÂÓã3sƒƒƒ#ccCc3S3ƒ#RÃã“c“sscss#“scƒ33"Ãã“sSƒ#sSC#cC‚ÄdÅ4P¥6öÇ–3ss#ÃSSBãC#S##3ƒCRÃãCs“ssS“#3sbÃã#sƒ3cScSSsSs“‚Ãã3sS3Cƒ#Sƒ#SscS2Ãã“sc#3ƒ3S#3CsÃã“sS33s#“CCc“rÄdÅ4P¥6öÇ–3FsC“ccÃ#ãssSƒ“c#Sƒ“bÂÓãSs“CsC3c#c##c"ÃãSSCƒ#ƒƒ#Cƒ#3s"ÂÓã3s#CƒscƒcS#3C3RÃã“s#“#CƒƒCcs#3RÃã“sSC“#SCs3’ÄdÅ4P¥6öÇ–3s“ƒ“3ÃSrã###cSscƒsSSBÂÓãƒ3S“ƒƒSc““2Ãã#“#SsC#S“#“cc’ÂÓã3s#ƒƒ“sƒScS#2Ãã“sCcsSS#cc“#BÃã“sScSC““3#c"ÄdÅ4P¥6öÇ–3sƒs“Ã3‚ã“C“sS3#CBÂÓãssƒCƒ“sC“c#RÃã3CƒsC##3S3csRÂÓã3c33c3C3ssS3“#bÃã“sC33sƒƒc“ƒ’Ãã“scƒCsCS#Ss2ÄdÅ4P¥6öÇ–3†sc“Ã3crãc“SS“#3ƒCs#RÃãCc3#scsƒ3sccsCcRÃã#ƒ3cScSCscC3BÃã3cƒCSC“cƒsCc#ƒRÃã“s3S#SCƒSScBÃã“scs““#Sscss"ÄdÅ4P¥6öÇ–3–sSCSrÃSbãc3SSƒ3#S#scRÂÓã#Cƒ#3SC32Ãã3CCsc#SƒCSƒ“RÂÓã3c#sƒ3c““s“cRÃã“s#ƒ33“ƒ“RÃã“sc#s3C3csS’ÄdÅ4P¥6öÇ–3vsc“3Ã#’ã###Cƒƒ“sƒ“’ÃãsSƒƒS#SScƒ3‚ÃãC“3s“C3#SS“#c“bÃã3ScSS3SCCSssƒbÃã“sS“cƒ“CCs““"Ãã“scS3s#scs3sS’ÄdÅ4P¥6öÇ–3†s#“#ÃCcã#“ƒs3“s#CRÃã#3ƒcS3ss#3ƒ3ƒ#bÃãsc3#CssS"Ãã33s“s#C3“ƒ3c2Ãã“s33ƒƒcC##“C“Ãã“ss“33S3ƒ“Cƒ’ÄdÅ4P¥6öÇ–3s“SÃ3bãcƒƒƒcC“rÂÓãC#Cs#“sCCSscCRÃã#CƒSCcSS“c“Sc#RÂÓã33scscƒcƒ3S#ƒ2Ãã“s3c#Cc3“3“CbÃã“ss“33S3ƒ“Cƒ’ÄdÅ4P¥6öÇ–3sƒS3CÃƒrãCssCƒc’ÂÓãsƒscC3#cSCcC“rÃã#Cc#Sc#“ƒCbÂÓã33C“#SSScCC#CsbÃã“s3#ƒ#ƒC#“c3“scbÃã“sƒs3SS#3s2ÄdÅ4P¥6öÇ–3Fsƒ““ÃC’ãC““3c“##“csBÃãCcs#C#3C“s“‚Ãã3C3#S#ƒƒCCcsBÃã333SSC“S“SCBÃã“s3C3C“#Cƒ##S’Ãã“sƒscSSS“cS“ÄdÅ4P¥6öÇ–3sƒCcÃsãc“S#cs3S#C#2ÂÓã3cSSS#ƒCSƒ3ƒsbÃã“#““ƒSCcSSS#‚ÂÓã3#“c3Sƒs“CC#“rÃã“s3s3c#CCƒc33’Ãã“sƒ3ƒs“Cƒ3c#s‚ÄdÅ4P¥6öÇ–3fsƒC3ÃcRãƒcc#3“S#c“ƒS‚Ããs“cScƒ3c3cC“#bÃã#CC#C#SscSC“##2Ãã3#c3ƒƒ““3scƒRÃã“s3“ƒ#SC“sƒ“3#c’Ãã“sƒc3“s“cSƒSÄdÅ4P¥6öÇ–3†sc3ƒÃ"ãƒcS3#cSSS3“““BÃã#C3CsSSC“C#“ƒssBÃãsS#Cs3ƒS“CcrÃã3#3Sc#Ss“Ss3#3sBÃã“sCƒs“CS3CrÃã“sƒsccƒCc“3“s“#BÄdÅ4P¥6öÇ–36s“s3ƒÃãCs3sS#c#“c3#‚Ãã#c#sƒSSCC3c“S“BÃãcsC#S#CsCs#3ƒ’Ãã3#scs“cs‚Ãã“sCCƒ#3S2Ãã“sƒ“3s#SƒƒSSC#rÄdÅ4P¥6öÇ–3fs3ScÃƒ’ã3s3Cc“ƒ#C2ÃãsCƒCSC#cccRÃã##C##3##scS2Ãã3ƒs“SS“c“CSsS‚Ãã“sCScƒ““3SC3sSrÃã“s“CssSƒcCbÄdÅ4P¥6öÇ–3–ss#cSÃSƒ‚ãS#ƒƒsSsSƒSCcrÃã3SSSƒ3CcCsRÃãCsƒ#sCSsƒ#C’Ãã3“s#3Sƒccs#cs#2Ãã“sS#“Sƒ3cƒ3#"Ãã“s“sS3s3###CRÄdÅ4P¥6öÇ–3&sƒc“Ã3CBã“c#ƒ#ssSƒ“2ÃãCScCsƒS3ƒsƒS’Ãã3#3cSCSƒCƒ2Ãã3ƒ3CcCs3CS“3S#"Ãã“sSCC“#C"Ãã“s“ssƒ#SC’ÄdÅ4P¥6öÇ–3&s“c#Ã2ãCSSSƒ#s“sss’Ããs“ƒSS3ccs#’ÃãSƒCc33S#“CƒrÃã3cS3Cƒ#““#“BÃã“sSSCƒ3“Cƒ##ƒRÃã“s“ƒcS“#CC#ƒƒ#ÄdÅ4P¥6öÇ–3&scc“CÃ#sãssCƒS3CSc2ÂÓã##sƒ##SSƒS“sBÃãsSSS3CSƒc#2ÂÓã#“sSscC““3“SrÃã“sc#c3scSS#bÃã“ƒS#sCsSS3#“c#’ÄdÅ4P¥6öÇ–3VsCScsRÃbãC“3cC#C#s“SRÂÓã3ssCCƒ#“#3sRÃãCc33cƒS“3sS‚ÂÓã#“c#“cS#c“S#“ƒ2Ãã“sc3c““SsƒƒCsBÃã“ƒSƒ3“cs#CsCƒ2ÄdÅ4P¥6öÇ–3fscÃCsc’ãss3CƒƒS‚Ãã“3SC#SsS#ScƒƒcRÃãccc##“3s“3Sc33’Ãã#“SCSc#S“““cCRÃã“scƒ#C3C“#s“33’Ãã“ƒ“ƒcs#Sc3scrÄdÅ4P¥6öÇ–3vsscÃ3##ãCCcc3Cƒ#2ÂÓã“cƒSƒƒ#“c#ƒc“BÃãcƒScsCcsCcssƒCbÂÓã#ƒs#3s“3#c3BÃã“ss“Sc“Cc3s‚Ãã“ƒ#Sc#Cs“ƒSs‚ÄdÅ4P¥6öÇ–3sSCS2ÃãC““CC““Cc“cBÃãsƒ#ƒ3C#“ƒ“3sƒRÃãc#ƒc“c3sc#“SbÃã#ƒ3SsS“3ccƒs“CrÃã“ss3sc“CƒSsSsƒ#RÃã“ƒC3CCCƒ33C“ƒs2ÄdÅ4P¥6öÇ–3sccs“Ãs"ã#CS“#Cƒ3Cc32ÃãCCC#S#sc“CƒSCRÃãcC““s“#S#cC#2Ãã#ssSCsƒCcCs#cs‚Ãã“ssƒSss#ƒcƒ#cÃã“ƒƒc3S“#Sc“C’ÄdÅ4P¥6öÇ–3vsSƒCÃã“C“C#ccƒbÃãs##3ƒc3CƒƒcƒC3"ÃãcCCScsƒcCBÃã#c“cƒƒ3##3SrÃã“sƒS3CSSs“#ƒ“ƒÃã“ƒ#Cƒ“S#ƒSCC3ƒ’ÄdÅ4P¥6öÇ–3–sSÃBãƒ##Sscƒ“sc““‚ÃãSsscS““3“C#‚Ãã“CCCScC3C“#’Ãã#cS“CSCC#ƒ#ƒ3SƒÃã“sƒsƒ3#CsS3sCsbÃã“ƒ#c3cƒc#s3“3bÄdÅ4P¥6öÇ–3&scc“Ãrãc“ƒ“““#3#sCc‚Ãã3“cƒ3C3#“CƒS‚ÃãC“c3#“C#C3ƒScbÃã#cSƒƒ#3SCc#SCƒ"Ãã“sƒsƒƒS“ƒƒ33’Ãã“ƒ#c3cƒc#s3“3bÄdÅ4P¥6öÇ–3&sƒSƒÃ##Rã“3c#“sc##2ÂÓã#3“csccs#CS“S2Ããsƒ““#s#3ss33bÂÓã#ccCsCCCSss3C"Ãã“s“cCC3cƒ3c“““"Ãã“ƒ#“S“cƒƒrÄdÅ4P¥6öÇ–36sS“3cÃãCss#sƒSC3rÂÓãc3SCS3c#CSBÃãc#Cƒ3C“SS#ƒÂÓã#cCs3c3ƒSsCƒ2Ãã“s“#S3ScS##C3Sc"Ãã“ƒ#“S“cƒƒrÄdÅ4P¥6öÇ–3†ssSS#ÃSƒ’ã“ƒ#33cSƒƒRÂÓã#cƒƒ““CƒCC#rÃã33s3#C“3ƒcBÂÓã#c#cS3C3“#ƒCC"Ãã“s“#3css3ƒSC"Ãã“ƒ#“S“cƒƒrÄdÅ4P¥6öÇ–3&s“c##Ãc3rãS#““CƒscC2ÂÓã#cssƒƒCƒc“ƒ““3sbÃã3#“cc#SSƒC“C’ÂÓã#S““3SCS33c#c’Ãã“s“#cC#3C#c#2Ãã“ƒ#“S“cƒƒrÄdÅ4P¥6öÇ–36s33“ƒÃSs‚ã3#“#C#ƒcRÂÓã3ƒCsSScSc#C##sbÃã“CCS3ƒ#SS#3S3RÂÓã#Sƒ#Ss3#C“3#3sRÃã“s“3“c33s#“ƒƒs‚Ãã“ƒ#“sƒ“s#sƒSRÄdÅ4P¥6öÇ–3&s““33Ã“SRãC3Ss“sSBÃãƒ3“ss“csCCCƒs"Ãã3#s#S“#SSƒƒcsBÃã#Scc“““sc3ss‚Ãã“s“S#ss3ƒ“s“SCBÃã“ƒ3Ssƒ#Cc“CSCBÄdÅ4P¥6öÇ–3&s“cÃ"ãC3Sss3“ƒsccBÃã3cS##cScsS#C#‚ÃãS3CC3SƒS3CCsSSRÃã#SSCSƒ“SCcƒ3"Ãã“s“c#sC“#S“sRÃã“ƒ3“c#ƒ““3#SSÄdÅ4P¥6öÇ–36scÃãc“CCCc#“ƒ#c‚ÃãS3cC“3“#cc3C"Ãã#cƒ3S““ƒs#ScRÃã#Cƒ33cSSS#3ƒssc3RÃã“ƒƒscCcC3““"Ãã“ƒ3c#c“3CS33BÄdÅ4P¥6öÇ–3&s“CsÃsSãC#“#SSƒ3SC“CÂÓã#ƒccSƒ3s“c“scbÃãƒ“S3c“s#c“#“s3RÂÓã#CC#ƒCssƒ#sCbÃã“ƒSc#SsS“rÃã“ƒ3ƒƒs“ƒ3s#S2ÄdÅ4P¥6öÇ–3&sƒ3C3ÃCs2ã#C#c#Cccs“#3BÂÓã#S#“CC“C3“cs““c#bÃãC#“sccCsCsSSƒ"ÂÓã#C#S##SCƒSCs33BÃã“ƒcSC#ƒC#ƒcƒ"Ãã“ƒ3“sCSsƒ3scƒ‚ÄdÅ4P¥6öÇ–36s33c3ÃcƒrãS#“3c“Cs3S#sBÂÓã#ƒcƒ#ƒ3###c“3rÃãƒc3#SƒSCcƒ3scƒrÂÓã#Cs3ƒSc“S#SÃã“ƒs3“3cSSƒs3BÃã“ƒ3“s“Ss3#sCC3RÄdÅ4P¥6öÇ–3fssÃ#rãSƒ#Sc3“3#3ÂÓãCC“ƒs3Ccc3#SSrÃãƒC“#cƒScscƒ#“#rÂÓã#3ƒCc##Cc““Sƒ2Ãã“ƒ“sS#cƒc3c‚Ãã“ƒCƒsSC3cƒƒSS’ÄdÅ4P¥6öÇ–3sSÃ#Rã#C#SCCsCcCƒ“3s"Ããƒƒ“ƒ33ss3#cs"Ãã3sƒC3#SScƒS#sbÃã#3S3ƒScSssScCBÃã“ƒ##cƒ#S3S#‚Ãã“ƒC3ƒc#C#ƒssrÄdÅ4P¥6öÇ–3sƒcÃccBã“s3#Sc#“2ÂÓã#33Sss3cCccƒs2ÃãSc3#ƒSƒC##cSbÂÓã##““ƒcSSƒ3ScÃã“ƒcS3CƒSCƒsc#‚Ãã“ƒCsSƒ3Cƒs#C#S2ÄdÅ4P¥6öÇ–3VsCCSSRÃCãcƒcscCScCSs‚Ããƒ#“#3c“3“sss“Ãã3csS““csC“3““Ãã##SSs#Csc“csCC#2Ãã“ƒ#3CCcS3sC“‚Ãã“ƒSCSs#scsƒbÄdÅ4P¥6öÇ–3–ss#cƒÃ’ãSsCcscc“CSsRÃãSC“#3SƒƒƒCcCÃã##3scS“#c3sS3CsRÃã##ScCƒƒ#CCs’Ãã“ƒ““sCSccS‚Ãã“ƒSCSs#scsƒbÄdÅ4P¥6öÇ–36sSSsÃ#2ã#3Sƒ#CcC3S“bÂÓãƒ“C“ƒS#ƒscRÃã3“cc“ƒsƒ“sCcSBÂÓã##CscCƒ“sƒC3ƒsrÃã“ƒ#csƒcSc“cSSCRÃã“ƒSC“#cc#CSƒBÄdÅ4P¥6öÇ–3scƒ3ƒÃ#rãc“#CsS3c#3"ÂÓãƒsƒsSCƒ#3#s3BÃã3“#sSC3cc‚ÂÓã##3sc“s#s“#C“3bÃã“ƒ#Cs#SƒccƒCbÃã“ƒSCƒCƒ#ƒ#‚ÄdÅ4P¥6öÇ–3&sƒ#sÃ3C’ã3cƒ3#c#s#“3"ÂÓã#“cs“#s““sC#‚Ãã33cCs3SC3Ssƒ"ÂÓã###sC“ƒccSs"Ãã“ƒ##ƒsS3CS3S"Ãã“ƒS#ssSCS“##RÄdÅ4P¥6öÇ–3&sƒSSÃ#2ãSƒCsCcƒ“c#C‚Ãã“##3ƒc3S“3‚ÃãCc“C“3“cC“cCCÃã##Ss#c#cƒcs“sBÃã“ƒ#3SScCs“cCS"Ãã“ƒSC#3C#ƒ3ƒ“rÄdÅ4P¥6öÇ–3sƒSÃsBã#“SƒSC#BÂÓãSc3cƒƒcScSSS"Ãã#3#ccSCsƒsƒS32ÂÓã#sc3“ss3“ƒcs3bÃã“ƒ#c3c##“3#Sc#3rÃã“ƒS3c““C3CsC“ÄdÅ4P¥6öÇ–3–s““Ã#‚ãSƒ#3Sc##““SsbÂÓãƒ#cScC“3#“srÃã3ƒ3“3S“3csSsrÂÓã#S#ƒ“c3CCc#3S‚Ãã“ƒ#ƒ#3c““ScSSCCbÃã“ƒSSCscSs33#RÄdÅ4P¥6öÇ–3†scÃ#"ãcCSƒ3Cc#ƒSS"ÂÓã3scSCcSC3ScSbÃãS3cƒCccƒ#33rÂÓã#ssCƒc““#“2Ãã“ƒ3Cs“S#3sCrÃã“ƒcsS#cs#Cc3CÄdÅ4P¥6öÇ–3sƒƒsÃ32ã#sC“sss“RÂÓãss““cƒ#c#“cS33Ãã3ssS33#3CCCcbÂÓã“ƒ“SƒsƒsS‚Ãã“ƒCƒ#ccS“#Cƒ3rÃã“ƒsCCƒs“ƒsC#“2ÄdÅ4P¥6öÇ–3sSc"ÃBãƒc##sCCc"Ããƒcs“C#33s#CBÃãS#CSƒCs“#3#BÃãcC#ƒ#sS3s33SrÃã“ƒcƒ“#ƒCScSc“#“‚Ãã“ƒ“C##S#“Sƒs"ÄdÅ4P¥6öÇ–36s33BÃ3BãsC“#ƒƒS“#CSsBÂÓãSS#S3“#ƒ“C“c3CBÃã33ƒ3ƒ“s#“ƒ“ccBÂÓãc3#ƒ“CCsC#CBÃã“ƒc“s““““S#“BÃã“ƒ“CCsƒ“sCcc#3ÄdÅ4P¥6öÇ–36sƒ33Ã“2ãcƒ##Cs33"ÂÓã3“ssƒ#S###cRÃã#ScSS33ƒ3C#cbÂÓãSƒc“S“C“s#“cSbÃã“ƒs33ƒC#s#c#“Ãã“ƒ“sCCCS#Sc"ÄdÅ4P¥6öÇ–3†ss3CÃ#3ƒbã“#3ƒsƒ3SbÃã33“#c33c“CC#‚Ããƒ#Cƒƒƒs3SRÃãSƒ33cƒCƒ#S3c“bÃã“ƒs3ƒ3#ƒ3#cSs#2Ãã“ƒ“sCCCS#Sc"ÄdÅ4P¥6öÇ–3&sScC“Ãrã#Css3ScS#C3“srÃãscsSS“c3sBÃãCƒcsc#ƒ#3ƒ3BÃãSsS“Cƒ“ssCSc‚Ãã“ƒsC#c3#3C#S3srÃã“ƒ“sCCCS#Sc"ÄdÅ4P¥6öÇ–3vss#cÃs2ã3Ccs333SsSCcrÃã3c#3ƒCƒ““csCBÃã#C33SsC#SC“cƒbÃãCƒCcCs##c3cSRÃã“ƒƒSCccC““C3“"Ãã““CsC“C3“RÄdÅ4P¥6öÇ–3&sCC3ƒÃc2ã“c3“ƒSs“C’Ãã3c“ƒcS“cS#c“S#“‚Ãã#SƒƒCƒ#“###c“2ÃãCsCc“Cs“ƒƒ##C‚Ãã“ƒƒ#3CcC3CC3’Ãã““CC3sƒ##C#‚ÄdÅ4P¥6öÇ–3sƒC3ÃRãƒS3sc“ƒS“SBÂÓã3#ƒ#cƒC#ƒ#“sss2Ãã##c“3ƒCcs“S3c"ÂÓãCƒcC“““C"Ãã“ƒƒcƒSƒƒc#S“2Ãã““ƒCƒƒ#c“cS“rÄdÅ4P¥6öÇ–3sSSCcÃ"ã3ƒSsS#C3Ããs#cCsSƒ33#sRÃãS3CC####c#“cCcbÃã3S33#Sƒ3cSCƒ2Ãã“ƒ“##c#3Sc3““3RÃã““#“CCC3##CSSrÄdÅ4P¥6öÇ–3&s3ƒcÃSãSscCcƒsƒ#S#ƒBÃã##SSƒƒsƒ3csCBÃãcs3Sƒ3SS3Cc#SRÃã3Cs“C3CcScSrÃã“ƒ“#CS3Cscƒcs‚Ãã““#“CCC3##CSSrÄdÅ4P¥6öÇ–3ss33ÃSRã#3#ƒCƒcSƒ3ScRÂÓãs“3SSƒcƒs“"Ãã#““Sƒ3“sc“CCBÂÓã3S3ƒCcƒ“‚Ãã“ƒ“SScCCc3#ƒ#rÃã““S#c3“cC3s"ÄdÅ4P¥6öÇ–3s##ÃBãƒs““ƒ3S“s3cRÂÓãcc#s““#3cƒƒ2ÃãS3ƒ#ƒSs“ƒSc“bÂÓã##“c3“S“s#c"Ãã“““3s3Sc“c“C#rÃã““#3cccssSSƒcsBÄdÅ4P¥6öÇ–3sƒccÃsBã3C3sSS3ƒ#c#3"Ãã“SSss3scƒc“s“3bÃãc#3Cc#Cscs2Ãã#Cc“3Css“#sbÃã““3ƒƒsƒcc#‚Ãã““##C#ƒ##3“SsbÄdÅ4P¥6öÇ–3sCCÃƒ"ã#s“3ƒsCS3ƒƒ“BÂÓãƒCC3c#sc#CS2ÃãS#“cSsccss33bÂÓã#SSƒS“CSS“3rÃã““3ƒs#ssƒ##sRÃã““##C#ƒ##3“SsbÄdÅ4P¥6öÇ–3ssC“ÃCC"ãCS###ƒSsSrÃã#“““Sc#“css#SrÃãƒCCcsSsƒ“3ƒcCrÃã““S““C3c33ƒ32Ãã““C33#ƒScƒscbÃã““##C#ƒ##3“SsbÄdÅ4P¥6öÇ–3&s3#Ã’ãS#3S“ƒc#3sC#‚ÃãS“#ƒc#C#Sc#ÃãSC#SScƒcS“ÃãsSs#SSS#ƒ3cBÃã““c“3#33#“ƒsbÃã““##3ƒS““s#c32ÄdÅ4P¥6öÇ–3–sƒ3#Ã#3ãScƒc3“ƒCC"ÂÓãSsƒsSƒCS#“CBÃã33c3#Css“bÂÓãƒcsƒcS#ss“sBÃã““Sssƒsƒ“cƒBÃã““##3ƒS““s#c32ÄdÅ4P¥6öÇ–3sƒ#3Ã3#bãCCsCs#S“3ƒƒ’ÃãCƒCc3C“csSS“3sSbÃã#SSC“sCc#ƒ#ScS’Ããƒ#Ss3C“#CƒS“‚Ãã““ScSsc3s#BÃã““##3ƒS““s#c32ÄdÅ4P¥6öÇ–3fsCƒcÃbã##s33sƒS3SCƒ‚ÂÓ’ã3cc#SSsCScSFRÓBÃãƒ##S33CC#3“sƒCBÂÓã3ƒcƒ#S3ƒsC“#C‚Ãã“““Cƒ#CC3Ssc2Ãã““#CƒScSs“SBÄdÅ4P¥6öÇ–3–ss#cÃrã““ccƒccC333sBÃãSCscCƒ#sƒs#““S‚ÃãCS“SscS“S““ƒ“bÃã#ƒC“S“#Cc“crÃã““c3#““c“"Ãã““#SsS3ƒ““#Cƒ"ÄdÅ4P¥6öÇ–3scs“Ãƒ#‚ã#s#cƒc““SbÃãCsCsS““ssS3s’Ãã#ƒS3Sƒƒ“cSSSC3RÃã“ccSS“#ƒCCƒ‚Ãã““SSc33#RÃã““#c“33C“cc2ÄdÅ4P¥6öÇ–3FsSƒ3ÃãssS#“sƒSs#rÃ‚ã““S3ƒƒƒ#cC3#3ƒRÓBÃãƒ##ƒS3sccC#ƒ‚Ãã“3“ScCƒS3“BÃã““#sss3“Cs3cSrÃã““#cƒs3“CcSCBÄdÅ4P¥6öÇ–3†ssÃãS#cSsƒ“cCRÂÓãƒ3ssSss“3#c#RÃã##cCcS“CS“33rÂÓã““C“ƒC3Sƒ“#ƒ2Ãã““#sC3CSC3Ãã““C“S3#s“sC“s2ÄdÅ4P¥6öÇ–3fss3C3Ãsc’ã3ƒSƒ“3ƒSs#rÂÓã3#cCsc3“#Scc‚ÃãSC#S“sƒCC“C"ÂÓãƒcsssƒ“csS‚Ãã““33#s““S33RÃã““CC33S3Cƒ“S#‚ÄdÅ4P¥6öÇ–36s#ƒÃSãssƒ##ƒ33ƒ“ƒ‚Ã‚ã“Sc3“#s“#VRÓBÃãc““C““c3cƒccC“Ããƒ3ssƒ3#33ssscSrÃã““33#S“#“3ss3rÃã““CScSSSƒcSƒs3‚ÄdÅ4P¥6öÇ–3VsS#c“Ã#“bã#3S#c#ƒ32ÂÓ‚ãs“S#ss“s##CCfRÓBÃã#S3c“S3ƒ“3ƒ’ÂÓãs#ƒ3##S““sƒRÃã““C3“##ScSSƒ’Ãã““SSƒ3s#“#ƒ#““bÄdÅ4P¥6öÇ–3FssccÃ3s‚ãC#SCSs“s3#CBÂÓã#C3ƒ#ƒ““sc3sS32Ãã“3S“##“C“sbÂÓãcS3CSCC“ƒ3“c#RÃã““CsƒcScs#cs2Ãã““Sƒs3Ss##Sc2ÄdÅ4P¥6öÇ–3vsSCCƒÃ#RãƒƒS3“C“““rÃã#3sc3S3SscCS3"ÃãƒƒC#sSS####s#2ÃãcScƒ#Cƒsƒ3sC‚Ãã““CsS“33ƒƒ“SƒCƒ’Ãã““Sƒs3Ss##Sc2ÄdÅ4P¥6öÇ–3&sƒƒ“SÃ#2ã3C3“ƒ#ƒ3ƒ2ÂÓã#ƒƒs“c#Ss“ƒ3“bÃãCc3#ƒsCc33cƒRÂÓãc##3s“Sc#ƒCƒCrÃã““S3Ccc3ƒCBÃã““cc3cScsƒsSBÄdÅ4P¥6öÇ–3VsS#CcÃ“ãsSs“s#c3SSSsrÃ’ã#“#3cSsSC“fRÓBÃãS3sS“SsCsss"ÃãS““s“3S#33crÃã““S##cc“C“##2Ãã““c“SSs#SCCsÄdÅ4P¥6öÇ–3vscc“Ãƒ"ã#c#CCcƒ“S“‚ÃRãSsS“cs#RÓBÃãƒss3#“ƒƒScBÃãSƒsƒ#CC3cs33SCBÃã““S3“ƒccS“#Cs’Ãã““c““CS33C“CSbÄdÅ4P¥6öÇ–3&s3#ÃC‚ãCƒCCCc#S3BÂÓ‚ã#Ccƒcsƒc#–RÓBÃãC“sƒ#cCƒƒcs#"ÂÓãSƒS#c3“cC“ƒc’Ãã““S33#3“ƒSs3#’Ãã““c““CS33C“CSbÄdÅ4P¥6öÇ–3vsS3cRÃcScRãƒSSC3cÂÓBãCSCSƒ3sC3“s“36RÓBÃãssSc#s“3##C‚ÂÓãSsC3“Ss“cƒCcƒCƒRÃã““SCscs“3SSÃã““c#3S3C#ƒ‚ÄdÅ4P¥6öÇ–3†ssSSƒÃsRã#cƒ“sS“S##ƒC’ÃãS“cƒƒCScCcc“SRÃã#ƒsSScƒS33s3ÃãSccSsCc#3#ƒ“’Ãã““SCs“Cs#cƒ#"Ãã““c#3ƒ#SCcccCrÄdÅ4P¥6öÇ–3fsƒ3SSÃcã3c#“c“sCs#cCSRÃã3ƒ3sc#Cc““ƒrÃã#SssCƒS#CCSS“2ÃãS3cS““ƒ##s““BÃã““SsƒSs“3#C3’Ãã““cC#3##S#S#C‚ÄdÅ4P¥6öÇ–3†scƒS#ÃãƒS3sƒ“ƒ“3Ss"ÂÓã3sSc#ssSsSC“S#sRÃãs#C“33“S“3S“SRÂÓãS#s#s3“#C“ScrÃã““Ss“3SSƒ#C3rÃã““cCCC3“c#ƒCBÄdÅ4P¥6öÇ–36s“CƒÃC3bãS“sƒ3“s“sSS"ÂÓRãƒ#ƒsS#ƒƒC–RÓBÃã#CcSsc#Ccc3’ÂÓãCƒƒC3“ƒc#’Ãã““cc“3Sc#33cc‚Ãã““ccƒ“cScSCSBÄdÅ4P¥6öÇ–3vss3SÃc‚ãƒ#SScsc““sS"ÂÓã#3C#3ccƒ#s“ƒbÃã#3#Cc3cc3sSƒ‚ÂÓãCƒc#sƒs#sScCCcRÃã““c#s#Cc#““2Ãã““ccƒ“cScSCSBÄdÅ4P¥6öÇ–3sCCÃ33rãS“sƒcc3“ƒ2ÃRãSƒ#c“3“CCƒ6RÓBÃãƒ33s“33SCSc#“ƒBÃãCsc##ƒƒ3CsCsScRÃã““c#33sS3cSRÃã““ccƒ“cScSCSBÄdÅ4P¥6öÇ–3vsSc#ÃƒBãƒs#“ƒ#ƒc2Ã‚ãsSC#cC#C#“#S“FRÓBÃã““ƒSƒSsc#crÃãCSƒs3#ƒSs3ƒ3SbÃã““c3CC3ƒƒƒSS3"Ãã““cssƒCC#SCrÄdÅ4P¥6öÇ–3fs“#“ÃCbãcS3ccƒsS"Ãã#sS“cS#cCs"Ãã##sƒ#“S“s#“CBÃãCC“S“3ƒ#ƒcS‚Ãã““cC3CCc3C“c"Ãã““cs“3SS3Sƒ‚ÄdÅ4P¥6öÇ–3s3“cÃSRã33#C“ƒC##“CÂÓrãCcs“CcƒsCcfRÓBÃãscƒC“#s3s‚ÂÓãC3cƒs#ƒscƒ#ƒbÃã““cS#S3sƒƒƒ#Ss2Ãã““cƒCSƒ“c“3c3sƒ‚ÄdÅ4P¥6öÇ–3sƒ3ƒÃ3#2ãC3S“ccCscCBÂÓ2ã#Csƒ“#“3ƒS3fRÓBÃã#3S““#““scƒCSÂÓã#S#ƒ3cƒƒs3c#ScRÃã““s“ƒ#s#ƒsƒscrÃã““ƒ#SC#cƒssSƒbÄdÅ4P¥6öÇ–3sƒcÃCãSs3ƒCsƒC#“#RÃrãƒ#scC3CSSƒvRÓBÃã3“#“SScCSƒc2Ãã#CS#ƒ3cCƒ#3‚Ãã““ƒC3C“CSs““c32Ãã““ƒ#csƒCcC“cRÄdÅ4P¥6öÇ–3s“ƒ“Ã3S“’ãsc“ƒ“SS“#CrÂÓã#CccSƒ#3Sƒ#sC3VRÓBÃãcC#ƒCc3S“c3ÂÓã“3“#sƒs#3S#S2Ãã““ƒCS#cƒC3CS“bÃã““ƒS#Sc3ƒ“##C‚ÄdÅ4P¥6öÇ–3&s“CcÃ#Bãƒ3##ƒC3##BÂÓBãc##3ssCs3ƒVRÓBÃã#“3ƒC#cC#Sƒ“SBÂÓã“S“cC“ƒCS3“RÃã““ƒCs3#“CsRÃã““ƒS#Sc3ƒ“##C‚ÄdÅ4P¥6öÇ–3vsc33Ã#"ã#s3ccCsbÃãƒ““##3csC#3FRÓBÃã“cs“ScƒcƒS#ƒ#Ãã“c#ƒ#c#ƒsS#Sƒ‚Ãã““ƒC3CCƒSScs“sc’Ãã““ƒS#Sc3ƒ“##C‚ÄdÅ4P¥6öÇ–3–sƒCÃCCã#ƒ#333CsscSÂÓ’ã#ƒ“3ƒsScƒcC6RÓRÃãCƒs“s““33Sc‚ÂÓ‚ãcS#CC#C3#†RÓBÃã“““3cC3ccS#SrÃã“““3cC3ccS#SrÄdÅ4P¥6öÇ–3&s“c“cÃ#ãƒ“#“ƒC3cƒ#’Ã"ãS#“cssSc2Ãã#S##ƒcSc#C##‚Ã"ãCccƒ#c“““c#crÄäÄäÄdÅ4P