gene_id,source_sheet,source_row,source_file
Solyc00g017880,overlap_2or3reps_FDR0.05_IT (5),6,108118_Supplemental_Dataset1.xls
Solyc00g017890,overlap_2or3reps_FDR0.05_IT (5),7,108118_Supplemental_Dataset1.xls
Solyc00g017900,overlap_2or3reps_FDR0.05_IT (5),8,108118_Supplemental_Dataset1.xls
Solyc00g017910,overlap_2or3reps_FDR0.05_IT (5),9,108118_Supplemental_Dataset1.xls
Solyc00g020940,overlap_2or3reps_FDR0.05_IT (5),10,108118_Supplemental_Dataset1.xls
Solyc00g020950,overlap_2or3reps_FDR0.05_IT (5),11,108118_Supplemental_Dataset1.xls
Solyc00g020960,overlap_2or3reps_FDR0.05_IT (5),12,108118_Supplemental_Dataset1.xls
Solyc00g023250,overlap_2or3reps_FDR0.05_IT (5),13,108118_Supplemental_Dataset1.xls
Solyc00g023260,overlap_2or3reps_FDR0.05_IT (5),14,108118_Supplemental_Dataset1.xls
Solyc00g024020,overlap_2or3reps_FDR0.05_IT (5),15,108118_Supplemental_Dataset1.xls
Solyc00g024030,overlap_2or3reps_FDR0.05_IT (5),18,108118_Supplemental_Dataset1.xls
Solyc00g024040,overlap_2or3reps_FDR0.05_IT (5),21,108118_Supplemental_Dataset1.xls
Solyc00g024680,overlap_2or3reps_FDR0.05_IT (5),24,108118_Supplemental_Dataset1.xls
Solyc00g024690,overlap_2or3reps_FDR0.05_IT (5),30,108118_Supplemental_Dataset1.xls
Solyc00g025520,overlap_2or3reps_FDR0.05_IT (5),36,108118_Supplemental_Dataset1.xls
Solyc00g025530,overlap_2or3reps_FDR0.05_IT (5),39,108118_Supplemental_Dataset1.xls
Solyc00g025540,overlap_2or3reps_FDR0.05_IT (5),42,108118_Supplemental_Dataset1.xls
Solyc00g025550,overlap_2or3reps_FDR0.05_IT (5),47,108118_Supplemental_Dataset1.xls
Solyc00g025650,overlap_2or3reps_FDR0.05_IT (5),51,108118_Supplemental_Dataset1.xls
Solyc00g026860,overlap_2or3reps_FDR0.05_IT (5),53,108118_Supplemental_Dataset1.xls
Solyc00g026870,overlap_2or3reps_FDR0.05_IT (5),54,108118_Supplemental_Dataset1.xls
Solyc00g026880,overlap_2or3reps_FDR0.05_IT (5),56,108118_Supplemental_Dataset1.xls
Solyc00g026890,overlap_2or3reps_FDR0.05_IT (5),58,108118_Supplemental_Dataset1.xls
Solyc00g026900,overlap_2or3reps_FDR0.05_IT (5),60,108118_Supplemental_Dataset1.xls
Solyc00g026910,overlap_2or3reps_FDR0.05_IT (5),61,108118_Supplemental_Dataset1.xls
Solyc00g026920,overlap_2or3reps_FDR0.05_IT (5),63,108118_Supplemental_Dataset1.xls
Solyc00g028090,overlap_2or3reps_FDR0.05_IT (5),64,108118_Supplemental_Dataset1.xls
Solyc00g028100,overlap_2or3reps_FDR0.05_IT (5),67,108118_Supplemental_Dataset1.xls
Solyc00g028110,overlap_2or3reps_FDR0.05_IT (5),70,108118_Supplemental_Dataset1.xls
Solyc00g028120,overlap_2or3reps_FDR0.05_IT (5),73,108118_Supplemental_Dataset1.xls
Solyc00g028550,overlap_2or3reps_FDR0.05_IT (5),76,108118_Supplemental_Dataset1.xls
Solyc00g028560,overlap_2or3reps_FDR0.05_IT (5),77,108118_Supplemental_Dataset1.xls
Solyc00g028960,overlap_2or3reps_FDR0.05_IT (5),78,108118_Supplemental_Dataset1.xls
Solyc00g029060,overlap_2or3reps_FDR0.05_IT (5),79,108118_Supplemental_Dataset1.xls
Solyc00g029070,overlap_2or3reps_FDR0.05_IT (5),80,108118_Supplemental_Dataset1.xls
Solyc00g029080,overlap_2or3reps_FDR0.05_IT (5),81,108118_Supplemental_Dataset1.xls
Solyc00g031020,overlap_2or3reps_FDR0.05_IT (5),82,108118_Supplemental_Dataset1.xls
Solyc00g031030,overlap_2or3reps_FDR0.05_IT (5),83,108118_Supplemental_Dataset1.xls
Solyc00g031040,overlap_2or3reps_FDR0.05_IT (5),85,108118_Supplemental_Dataset1.xls
Solyc00g031050,overlap_2or3reps_FDR0.05_IT (5),88,108118_Supplemental_Dataset1.xls
Solyc00g031060,overlap_2or3reps_FDR0.05_IT (5),90,108118_Supplemental_Dataset1.xls
Solyc00g031390,overlap_2or3reps_FDR0.05_IT (5),92,108118_Supplemental_Dataset1.xls
Solyc00g031490,overlap_2or3reps_FDR0.05_IT (5),94,108118_Supplemental_Dataset1.xls
Solyc00g031500,overlap_2or3reps_FDR0.05_IT (5),97,108118_Supplemental_Dataset1.xls
Solyc00g031710,overlap_2or3reps_FDR0.05_IT (5),99,108118_Supplemental_Dataset1.xls
Solyc00g031720,overlap_2or3reps_FDR0.05_IT (5),100,108118_Supplemental_Dataset1.xls
Solyc00g035010,overlap_2or3reps_FDR0.05_IT (5),101,108118_Supplemental_Dataset1.xls
Solyc00g035020,overlap_2or3reps_FDR0.05_IT (5),103,108118_Supplemental_Dataset1.xls
Solyc00g036740,overlap_2or3reps_FDR0.05_IT (5),105,108118_Supplemental_Dataset1.xls
Solyc00g036750,overlap_2or3reps_FDR0.05_IT (5),106,108118_Supplemental_Dataset1.xls
Solyc00g036760,overlap_2or3reps_FDR0.05_IT (5),107,108118_Supplemental_Dataset1.xls
Solyc00g042120,overlap_2or3reps_FDR0.05_IT (5),108,108118_Supplemental_Dataset1.xls
Solyc00g042130,overlap_2or3reps_FDR0.05_IT (5),109,108118_Supplemental_Dataset1.xls
Solyc00g042140,overlap_2or3reps_FDR0.05_IT (5),110,108118_Supplemental_Dataset1.xls
Solyc00g055940,overlap_2or3reps_FDR0.05_IT (5),111,108118_Supplemental_Dataset1.xls
Solyc00g055950,overlap_2or3reps_FDR0.05_IT (5),113,108118_Supplemental_Dataset1.xls
Solyc00g055960,overlap_2or3reps_FDR0.05_IT (5),115,108118_Supplemental_Dataset1.xls
Solyc00g055970,overlap_2or3reps_FDR0.05_IT (5),117,108118_Supplemental_Dataset1.xls
Solyc00g055980,overlap_2or3reps_FDR0.05_IT (5),118,108118_Supplemental_Dataset1.xls
Solyc00g065510,overlap_2or3reps_FDR0.05_IT (5),119,108118_Supplemental_Dataset1.xls
Solyc00g065610,overlap_2or3reps_FDR0.05_IT (5),121,108118_Supplemental_Dataset1.xls
Solyc00g065620,overlap_2or3reps_FDR0.05_IT (5),124,108118_Supplemental_Dataset1.xls
Solyc00g065630,overlap_2or3reps_FDR0.05_IT (5),127,108118_Supplemental_Dataset1.xls
Solyc00g071580,overlap_2or3reps_FDR0.05_IT (5),130,108118_Supplemental_Dataset1.xls
Solyc00g071590,overlap_2or3reps_FDR0.05_IT (5),131,108118_Supplemental_Dataset1.xls
Solyc00g071600,overlap_2or3reps_FDR0.05_IT (5),132,108118_Supplemental_Dataset1.xls
Solyc00g088090,overlap_2or3reps_FDR0.05_IT (5),133,108118_Supplemental_Dataset1.xls
Solyc00g088190,overlap_2or3reps_FDR0.05_IT (5),134,108118_Supplemental_Dataset1.xls
Solyc00g088200,overlap_2or3reps_FDR0.05_IT (5),135,108118_Supplemental_Dataset1.xls
Solyc00g088210,overlap_2or3reps_FDR0.05_IT (5),137,108118_Supplemental_Dataset1.xls
Solyc00g088310,overlap_2or3reps_FDR0.05_IT (5),138,108118_Supplemental_Dataset1.xls
Solyc00g090630,overlap_2or3reps_FDR0.05_IT (5),139,108118_Supplemental_Dataset1.xls
Solyc00g090640,overlap_2or3reps_FDR0.05_IT (5),142,108118_Supplemental_Dataset1.xls
Solyc00g090650,overlap_2or3reps_FDR0.05_IT (5),146,108118_Supplemental_Dataset1.xls
Solyc00g090660,overlap_2or3reps_FDR0.05_IT (5),150,108118_Supplemental_Dataset1.xls
Solyc00g095450,overlap_2or3reps_FDR0.05_IT (5),153,108118_Supplemental_Dataset1.xls
Solyc00g095460,overlap_2or3reps_FDR0.05_IT (5),155,108118_Supplemental_Dataset1.xls
Solyc00g099460,overlap_2or3reps_FDR0.05_IT (5),157,108118_Supplemental_Dataset1.xls
Solyc00g099470,overlap_2or3reps_FDR0.05_IT (5),159,108118_Supplemental_Dataset1.xls
Solyc00g099570,overlap_2or3reps_FDR0.05_IT (5),161,108118_Supplemental_Dataset1.xls
Solyc00g110060,overlap_2or3reps_FDR0.05_IT (5),163,108118_Supplemental_Dataset1.xls
Solyc00g110070,overlap_2or3reps_FDR0.05_IT (5),164,108118_Supplemental_Dataset1.xls
Solyc00g112710,overlap_2or3reps_FDR0.05_IT (5),165,108118_Supplemental_Dataset1.xls
Solyc00g112810,overlap_2or3reps_FDR0.05_IT (5),166,108118_Supplemental_Dataset1.xls
Solyc00g123030,overlap_2or3reps_FDR0.05_IT (5),167,108118_Supplemental_Dataset1.xls
Solyc00g123040,overlap_2or3reps_FDR0.05_IT (5),168,108118_Supplemental_Dataset1.xls
Solyc00g127550,overlap_2or3reps_FDR0.05_IT (5),169,108118_Supplemental_Dataset1.xls
Solyc00g127560,overlap_2or3reps_FDR0.05_IT (5),170,108118_Supplemental_Dataset1.xls
Solyc00g127660,overlap_2or3reps_FDR0.05_IT (5),171,108118_Supplemental_Dataset1.xls
Solyc00g130690,overlap_2or3reps_FDR0.05_IT (5),172,108118_Supplemental_Dataset1.xls
Solyc00g130700,overlap_2or3reps_FDR0.05_IT (5),175,108118_Supplemental_Dataset1.xls
Solyc00g130800,overlap_2or3reps_FDR0.05_IT (5),178,108118_Supplemental_Dataset1.xls
Solyc01g005140,overlap_2or3reps_FDR0.05_IT (5),181,108118_Supplemental_Dataset1.xls
Solyc01g005600,overlap_2or3reps_FDR0.05_IT (5),182,108118_Supplemental_Dataset1.xls
Solyc01g005610,overlap_2or3reps_FDR0.05_IT (5),186,108118_Supplemental_Dataset1.xls
Solyc01g005900,overlap_2or3reps_FDR0.05_IT (5),190,108118_Supplemental_Dataset1.xls
Solyc01g005910,overlap_2or3reps_FDR0.05_IT (5),192,108118_Supplemental_Dataset1.xls
Solyc01g006540,overlap_2or3reps_FDR0.05_IT (5),194,108118_Supplemental_Dataset1.xls
Solyc01g006830,overlap_2or3reps_FDR0.05_IT (5),195,108118_Supplemental_Dataset1.xls
Solyc01g007030,overlap_2or3reps_FDR0.05_IT (5),197,108118_Supplemental_Dataset1.xls
Solyc01g007040,overlap_2or3reps_FDR0.05_IT (5),203,108118_Supplemental_Dataset1.xls
Solyc01g007200,overlap_2or3reps_FDR0.05_IT (5),209,108118_Supplemental_Dataset1.xls
Solyc01g007210,overlap_2or3reps_FDR0.05_IT (5),210,108118_Supplemental_Dataset1.xls
Solyc01g007770,overlap_2or3reps_FDR0.05_IT (5),211,108118_Supplemental_Dataset1.xls
Solyc01g007890,overlap_2or3reps_FDR0.05_IT (5),219,108118_Supplemental_Dataset1.xls
Solyc01g008080,overlap_2or3reps_FDR0.05_IT (5),220,108118_Supplemental_Dataset1.xls
Solyc01g008510,overlap_2or3reps_FDR0.05_IT (5),226,108118_Supplemental_Dataset1.xls
Solyc01g008910,overlap_2or3reps_FDR0.05_IT (5),232,108118_Supplemental_Dataset1.xls
Solyc01g009000,overlap_2or3reps_FDR0.05_IT (5),233,108118_Supplemental_Dataset1.xls
Solyc01g009010,overlap_2or3reps_FDR0.05_IT (5),234,108118_Supplemental_Dataset1.xls
Solyc01g009590,overlap_2or3reps_FDR0.05_IT (5),235,108118_Supplemental_Dataset1.xls
Solyc01g009600,overlap_2or3reps_FDR0.05_IT (5),236,108118_Supplemental_Dataset1.xls
Solyc01g010490,overlap_2or3reps_FDR0.05_IT (5),237,108118_Supplemental_Dataset1.xls
Solyc01g010870,overlap_2or3reps_FDR0.05_IT (5),238,108118_Supplemental_Dataset1.xls
Solyc01g016510,overlap_2or3reps_FDR0.05_IT (5),243,108118_Supplemental_Dataset1.xls
Solyc01g060240,overlap_2or3reps_FDR0.05_IT (5),245,108118_Supplemental_Dataset1.xls
Solyc01g065530,overlap_2or3reps_FDR0.05_IT (5),246,108118_Supplemental_Dataset1.xls
Solyc01g065720,overlap_2or3reps_FDR0.05_IT (5),247,108118_Supplemental_Dataset1.xls
Solyc01g066740,overlap_2or3reps_FDR0.05_IT (5),249,108118_Supplemental_Dataset1.xls
Solyc01g067660,overlap_2or3reps_FDR0.05_IT (5),253,108118_Supplemental_Dataset1.xls
Solyc01g067670,overlap_2or3reps_FDR0.05_IT (5),254,108118_Supplemental_Dataset1.xls
Solyc01g068000,overlap_2or3reps_FDR0.05_IT (5),256,108118_Supplemental_Dataset1.xls
Solyc01g068170,overlap_2or3reps_FDR0.05_IT (5),257,108118_Supplemental_Dataset1.xls
Solyc01g079170,overlap_2or3reps_FDR0.05_IT (5),259,108118_Supplemental_Dataset1.xls
Solyc01g080870,overlap_2or3reps_FDR0.05_IT (5),260,108118_Supplemental_Dataset1.xls
Solyc01g081080,overlap_2or3reps_FDR0.05_IT (5),262,108118_Supplemental_Dataset1.xls
Solyc01g081540,overlap_2or3reps_FDR0.05_IT (5),264,108118_Supplemental_Dataset1.xls
Solyc01g081550,overlap_2or3reps_FDR0.05_IT (5),265,108118_Supplemental_Dataset1.xls
Solyc01g081610,overlap_2or3reps_FDR0.05_IT (5),266,108118_Supplemental_Dataset1.xls
Solyc01g086870,overlap_2or3reps_FDR0.05_IT (5),275,108118_Supplemental_Dataset1.xls
Solyc01g086960,overlap_2or3reps_FDR0.05_IT (5),280,108118_Supplemental_Dataset1.xls
Solyc01g087190,overlap_2or3reps_FDR0.05_IT (5),283,108118_Supplemental_Dataset1.xls
Solyc01g087970,overlap_2or3reps_FDR0.05_IT (5),284,108118_Supplemental_Dataset1.xls
Solyc01g087990,overlap_2or3reps_FDR0.05_IT (5),290,108118_Supplemental_Dataset1.xls
Solyc01g088100,overlap_2or3reps_FDR0.05_IT (5),292,108118_Supplemental_Dataset1.xls
Solyc01g088590,overlap_2or3reps_FDR0.05_IT (5),294,108118_Supplemental_Dataset1.xls
Solyc01g088650,overlap_2or3reps_FDR0.05_IT (5),296,108118_Supplemental_Dataset1.xls
Solyc01g090810,overlap_2or3reps_FDR0.05_IT (5),304,108118_Supplemental_Dataset1.xls
Solyc01g091420,overlap_2or3reps_FDR0.05_IT (5),305,108118_Supplemental_Dataset1.xls
Solyc01g091630,overlap_2or3reps_FDR0.05_IT (5),306,108118_Supplemental_Dataset1.xls
Solyc01g091770,overlap_2or3reps_FDR0.05_IT (5),309,108118_Supplemental_Dataset1.xls
Solyc01g092960,overlap_2or3reps_FDR0.05_IT (5),313,108118_Supplemental_Dataset1.xls
Solyc01g094200,overlap_2or3reps_FDR0.05_IT (5),317,108118_Supplemental_Dataset1.xls
Solyc01g094480,overlap_2or3reps_FDR0.05_IT (5),321,108118_Supplemental_Dataset1.xls
Solyc01g094490,overlap_2or3reps_FDR0.05_IT (5),323,108118_Supplemental_Dataset1.xls
Solyc01g094640,overlap_2or3reps_FDR0.05_IT (5),325,108118_Supplemental_Dataset1.xls
Solyc01g094690,overlap_2or3reps_FDR0.05_IT (5),327,108118_Supplemental_Dataset1.xls
Solyc01g094790,overlap_2or3reps_FDR0.05_IT (5),328,108118_Supplemental_Dataset1.xls
Solyc01g094820,overlap_2or3reps_FDR0.05_IT (5),329,108118_Supplemental_Dataset1.xls
Solyc01g095010,overlap_2or3reps_FDR0.05_IT (5),331,108118_Supplemental_Dataset1.xls
Solyc01g095080,overlap_2or3reps_FDR0.05_IT (5),332,108118_Supplemental_Dataset1.xls
Solyc01g095190,overlap_2or3reps_FDR0.05_IT (5),333,108118_Supplemental_Dataset1.xls
Solyc01g095200,overlap_2or3reps_FDR0.05_IT (5),335,108118_Supplemental_Dataset1.xls
Solyc01g095350,overlap_2or3reps_FDR0.05_IT (5),337,108118_Supplemental_Dataset1.xls
Solyc01g095360,overlap_2or3reps_FDR0.05_IT (5),338,108118_Supplemental_Dataset1.xls
Solyc01g095510,overlap_2or3reps_FDR0.05_IT (5),339,108118_Supplemental_Dataset1.xls
Solyc01g095580,overlap_2or3reps_FDR0.05_IT (5),340,108118_Supplemental_Dataset1.xls
Solyc01g095630,overlap_2or3reps_FDR0.05_IT (5),341,108118_Supplemental_Dataset1.xls
Solyc01g095710,overlap_2or3reps_FDR0.05_IT (5),350,108118_Supplemental_Dataset1.xls
Solyc01g095730,overlap_2or3reps_FDR0.05_IT (5),354,108118_Supplemental_Dataset1.xls
Solyc01g095890,overlap_2or3reps_FDR0.05_IT (5),356,108118_Supplemental_Dataset1.xls
Solyc01g095900,overlap_2or3reps_FDR0.05_IT (5),360,108118_Supplemental_Dataset1.xls
Solyc01g096050,overlap_2or3reps_FDR0.05_IT (5),362,108118_Supplemental_Dataset1.xls
Solyc01g096080,overlap_2or3reps_FDR0.05_IT (5),366,108118_Supplemental_Dataset1.xls
Solyc01g096100,overlap_2or3reps_FDR0.05_IT (5),367,108118_Supplemental_Dataset1.xls
Solyc01g096350,overlap_2or3reps_FDR0.05_IT (5),368,108118_Supplemental_Dataset1.xls
Solyc01g096460,overlap_2or3reps_FDR0.05_IT (5),369,108118_Supplemental_Dataset1.xls
Solyc01g096500,overlap_2or3reps_FDR0.05_IT (5),373,108118_Supplemental_Dataset1.xls
Solyc01g096620,overlap_2or3reps_FDR0.05_IT (5),375,108118_Supplemental_Dataset1.xls
Solyc01g096650,overlap_2or3reps_FDR0.05_IT (5),377,108118_Supplemental_Dataset1.xls
Solyc01g096660,overlap_2or3reps_FDR0.05_IT (5),378,108118_Supplemental_Dataset1.xls
Solyc01g097880,overlap_2or3reps_FDR0.05_IT (5),379,108118_Supplemental_Dataset1.xls
Solyc01g098010,overlap_2or3reps_FDR0.05_IT (5),381,108118_Supplemental_Dataset1.xls
Solyc01g098020,overlap_2or3reps_FDR0.05_IT (5),382,108118_Supplemental_Dataset1.xls
Solyc01g098030,overlap_2or3reps_FDR0.05_IT (5),383,108118_Supplemental_Dataset1.xls
Solyc01g098090,overlap_2or3reps_FDR0.05_IT (5),384,108118_Supplemental_Dataset1.xls
Solyc01g098110,overlap_2or3reps_FDR0.05_IT (5),390,108118_Supplemental_Dataset1.xls
Solyc01g098390,overlap_2or3reps_FDR0.05_IT (5),392,108118_Supplemental_Dataset1.xls
Solyc01g098740,overlap_2or3reps_FDR0.05_IT (5),396,108118_Supplemental_Dataset1.xls
Solyc01g099190,overlap_2or3reps_FDR0.05_IT (5),398,108118_Supplemental_Dataset1.xls
Solyc01g099200,overlap_2or3reps_FDR0.05_IT (5),400,108118_Supplemental_Dataset1.xls
Solyc01g099290,overlap_2or3reps_FDR0.05_IT (5),402,108118_Supplemental_Dataset1.xls
Solyc01g099510,overlap_2or3reps_FDR0.05_IT (5),404,108118_Supplemental_Dataset1.xls
Solyc01g099710,overlap_2or3reps_FDR0.05_IT (5),405,108118_Supplemental_Dataset1.xls
Solyc01g099720,overlap_2or3reps_FDR0.05_IT (5),408,108118_Supplemental_Dataset1.xls
Solyc01g099740,overlap_2or3reps_FDR0.05_IT (5),411,108118_Supplemental_Dataset1.xls
Solyc01g099750,overlap_2or3reps_FDR0.05_IT (5),413,108118_Supplemental_Dataset1.xls
Solyc01g100350,overlap_2or3reps_FDR0.05_IT (5),415,108118_Supplemental_Dataset1.xls
Solyc01g100460,overlap_2or3reps_FDR0.05_IT (5),417,108118_Supplemental_Dataset1.xls
Solyc01g100810,overlap_2or3reps_FDR0.05_IT (5),423,108118_Supplemental_Dataset1.xls
Solyc01g101120,overlap_2or3reps_FDR0.05_IT (5),429,108118_Supplemental_Dataset1.xls
Solyc01g101260,overlap_2or3reps_FDR0.05_IT (5),437,108118_Supplemental_Dataset1.xls
Solyc01g102280,overlap_2or3reps_FDR0.05_IT (5),438,108118_Supplemental_Dataset1.xls
Solyc01g102310,overlap_2or3reps_FDR0.05_IT (5),441,108118_Supplemental_Dataset1.xls
Solyc01g102500,overlap_2or3reps_FDR0.05_IT (5),442,108118_Supplemental_Dataset1.xls
Solyc01g102580,overlap_2or3reps_FDR0.05_IT (5),444,108118_Supplemental_Dataset1.xls
Solyc01g103370,overlap_2or3reps_FDR0.05_IT (5),448,108118_Supplemental_Dataset1.xls
Solyc01g103910,overlap_2or3reps_FDR0.05_IT (5),449,108118_Supplemental_Dataset1.xls
Solyc01g104030,overlap_2or3reps_FDR0.05_IT (5),450,108118_Supplemental_Dataset1.xls
Solyc01g104050,overlap_2or3reps_FDR0.05_IT (5),453,108118_Supplemental_Dataset1.xls
Solyc01g104130,overlap_2or3reps_FDR0.05_IT (5),459,108118_Supplemental_Dataset1.xls
Solyc01g104580,overlap_2or3reps_FDR0.05_IT (5),460,108118_Supplemental_Dataset1.xls
Solyc01g104850,overlap_2or3reps_FDR0.05_IT (5),461,108118_Supplemental_Dataset1.xls
Solyc01g104980,overlap_2or3reps_FDR0.05_IT (5),465,108118_Supplemental_Dataset1.xls
Solyc01g104990,overlap_2or3reps_FDR0.05_IT (5),466,108118_Supplemental_Dataset1.xls
Solyc01g105290,overlap_2or3reps_FDR0.05_IT (5),467,108118_Supplemental_Dataset1.xls
Solyc01g105400,overlap_2or3reps_FDR0.05_IT (5),469,108118_Supplemental_Dataset1.xls
Solyc01g105650,overlap_2or3reps_FDR0.05_IT (5),475,108118_Supplemental_Dataset1.xls
Solyc01g105660,overlap_2or3reps_FDR0.05_IT (5),476,108118_Supplemental_Dataset1.xls
Solyc01g106280,overlap_2or3reps_FDR0.05_IT (5),477,108118_Supplemental_Dataset1.xls
Solyc01g106290,overlap_2or3reps_FDR0.05_IT (5),478,108118_Supplemental_Dataset1.xls
Solyc01g106490,overlap_2or3reps_FDR0.05_IT (5),479,108118_Supplemental_Dataset1.xls
Solyc01g106500,overlap_2or3reps_FDR0.05_IT (5),485,108118_Supplemental_Dataset1.xls
Solyc01g106570,overlap_2or3reps_FDR0.05_IT (5),491,108118_Supplemental_Dataset1.xls
Solyc01g106700,overlap_2or3reps_FDR0.05_IT (5),494,108118_Supplemental_Dataset1.xls
Solyc01g106970,overlap_2or3reps_FDR0.05_IT (5),498,108118_Supplemental_Dataset1.xls
Solyc01g107360,overlap_2or3reps_FDR0.05_IT (5),499,108118_Supplemental_Dataset1.xls
Solyc01g107380,overlap_2or3reps_FDR0.05_IT (5),502,108118_Supplemental_Dataset1.xls
Solyc01g107400,overlap_2or3reps_FDR0.05_IT (5),504,108118_Supplemental_Dataset1.xls
Solyc01g107410,overlap_2or3reps_FDR0.05_IT (5),508,108118_Supplemental_Dataset1.xls
Solyc01g107830,overlap_2or3reps_FDR0.05_IT (5),510,108118_Supplemental_Dataset1.xls
Solyc01g107840,overlap_2or3reps_FDR0.05_IT (5),512,108118_Supplemental_Dataset1.xls
Solyc01g107850,overlap_2or3reps_FDR0.05_IT (5),514,108118_Supplemental_Dataset1.xls
Solyc01g107980,overlap_2or3reps_FDR0.05_IT (5),516,108118_Supplemental_Dataset1.xls
Solyc01g108020,overlap_2or3reps_FDR0.05_IT (5),517,108118_Supplemental_Dataset1.xls
Solyc01g108030,overlap_2or3reps_FDR0.05_IT (5),518,108118_Supplemental_Dataset1.xls
Solyc01g108280,overlap_2or3reps_FDR0.05_IT (5),519,108118_Supplemental_Dataset1.xls
Solyc01g108340,overlap_2or3reps_FDR0.05_IT (5),520,108118_Supplemental_Dataset1.xls
Solyc01g108350,overlap_2or3reps_FDR0.05_IT (5),524,108118_Supplemental_Dataset1.xls
Solyc01g108420,overlap_2or3reps_FDR0.05_IT (5),528,108118_Supplemental_Dataset1.xls
Solyc01g108430,overlap_2or3reps_FDR0.05_IT (5),529,108118_Supplemental_Dataset1.xls
Solyc01g108490,overlap_2or3reps_FDR0.05_IT (5),530,108118_Supplemental_Dataset1.xls
Solyc01g108500,overlap_2or3reps_FDR0.05_IT (5),534,108118_Supplemental_Dataset1.xls
Solyc01g108530,overlap_2or3reps_FDR0.05_IT (5),542,108118_Supplemental_Dataset1.xls
Solyc01g108540,overlap_2or3reps_FDR0.05_IT (5),546,108118_Supplemental_Dataset1.xls
Solyc01g108790,overlap_2or3reps_FDR0.05_IT (5),550,108118_Supplemental_Dataset1.xls
Solyc01g108840,overlap_2or3reps_FDR0.05_IT (5),553,108118_Supplemental_Dataset1.xls
Solyc01g109310,overlap_2or3reps_FDR0.05_IT (5),555,108118_Supplemental_Dataset1.xls
Solyc01g109440,overlap_2or3reps_FDR0.05_IT (5),559,108118_Supplemental_Dataset1.xls
Solyc01g109450,overlap_2or3reps_FDR0.05_IT (5),561,108118_Supplemental_Dataset1.xls
Solyc01g109700,overlap_2or3reps_FDR0.05_IT (5),565,108118_Supplemental_Dataset1.xls
Solyc01g109750,overlap_2or3reps_FDR0.05_IT (5),566,108118_Supplemental_Dataset1.xls
Solyc01g109760,overlap_2or3reps_FDR0.05_IT (5),571,108118_Supplemental_Dataset1.xls
Solyc01g109920,overlap_2or3reps_FDR0.05_IT (5),576,108118_Supplemental_Dataset1.xls
Solyc01g109930,overlap_2or3reps_FDR0.05_IT (5),584,108118_Supplemental_Dataset1.xls
Solyc01g110480,overlap_2or3reps_FDR0.05_IT (5),592,108118_Supplemental_Dataset1.xls
Solyc01g111400,overlap_2or3reps_FDR0.05_IT (5),594,108118_Supplemental_Dataset1.xls
Solyc01g111640,overlap_2or3reps_FDR0.05_IT (5),598,108118_Supplemental_Dataset1.xls
Solyc01g112050,overlap_2or3reps_FDR0.05_IT (5),599,108118_Supplemental_Dataset1.xls
Solyc02g021220,overlap_2or3reps_FDR0.05_IT (5),600,108118_Supplemental_Dataset1.xls
Solyc02g031680,overlap_2or3reps_FDR0.05_IT (5),601,108118_Supplemental_Dataset1.xls
Solyc02g031840,overlap_2or3reps_FDR0.05_IT (5),603,108118_Supplemental_Dataset1.xls
Solyc02g036350,overlap_2or3reps_FDR0.05_IT (5),604,108118_Supplemental_Dataset1.xls
Solyc02g037500,overlap_2or3reps_FDR0.05_IT (5),607,108118_Supplemental_Dataset1.xls
Solyc02g062380,overlap_2or3reps_FDR0.05_IT (5),609,108118_Supplemental_Dataset1.xls
Solyc02g062390,overlap_2or3reps_FDR0.05_IT (5),611,108118_Supplemental_Dataset1.xls
Solyc02g062560,overlap_2or3reps_FDR0.05_IT (5),613,108118_Supplemental_Dataset1.xls
Solyc02g062690,overlap_2or3reps_FDR0.05_IT (5),621,108118_Supplemental_Dataset1.xls
Solyc02g063230,overlap_2or3reps_FDR0.05_IT (5),625,108118_Supplemental_Dataset1.xls
Solyc02g063360,overlap_2or3reps_FDR0.05_IT (5),629,108118_Supplemental_Dataset1.xls
Solyc02g064680,overlap_2or3reps_FDR0.05_IT (5),632,108118_Supplemental_Dataset1.xls
Solyc02g064730,overlap_2or3reps_FDR0.05_IT (5),633,108118_Supplemental_Dataset1.xls
Solyc02g064740,overlap_2or3reps_FDR0.05_IT (5),636,108118_Supplemental_Dataset1.xls
Solyc02g064810,overlap_2or3reps_FDR0.05_IT (5),639,108118_Supplemental_Dataset1.xls
Solyc02g064820,overlap_2or3reps_FDR0.05_IT (5),640,108118_Supplemental_Dataset1.xls
Solyc02g064960,overlap_2or3reps_FDR0.05_IT (5),641,108118_Supplemental_Dataset1.xls
Solyc02g065240,overlap_2or3reps_FDR0.05_IT (5),649,108118_Supplemental_Dataset1.xls
Solyc02g065670,overlap_2or3reps_FDR0.05_IT (5),651,108118_Supplemental_Dataset1.xls
Solyc02g067250,overlap_2or3reps_FDR0.05_IT (5),652,108118_Supplemental_Dataset1.xls
Solyc02g067810,overlap_2or3reps_FDR0.05_IT (5),656,108118_Supplemental_Dataset1.xls
Solyc02g067980,overlap_2or3reps_FDR0.05_IT (5),658,108118_Supplemental_Dataset1.xls
Solyc02g068190,overlap_2or3reps_FDR0.05_IT (5),659,108118_Supplemental_Dataset1.xls
Solyc02g068340,overlap_2or3reps_FDR0.05_IT (5),663,108118_Supplemental_Dataset1.xls
Solyc02g068590,overlap_2or3reps_FDR0.05_IT (5),664,108118_Supplemental_Dataset1.xls
Solyc02g069270,overlap_2or3reps_FDR0.05_IT (5),666,108118_Supplemental_Dataset1.xls
Solyc02g069280,overlap_2or3reps_FDR0.05_IT (5),667,108118_Supplemental_Dataset1.xls
Solyc02g069370,overlap_2or3reps_FDR0.05_IT (5),671,108118_Supplemental_Dataset1.xls
Solyc02g069380,overlap_2or3reps_FDR0.05_IT (5),672,108118_Supplemental_Dataset1.xls
Solyc02g069420,overlap_2or3reps_FDR0.05_IT (5),673,108118_Supplemental_Dataset1.xls
Solyc02g069920,overlap_2or3reps_FDR0.05_IT (5),675,108118_Supplemental_Dataset1.xls
Solyc02g070890,overlap_2or3reps_FDR0.05_IT (5),677,108118_Supplemental_Dataset1.xls
Solyc02g071050,overlap_2or3reps_FDR0.05_IT (5),678,108118_Supplemental_Dataset1.xls
Solyc02g071120,overlap_2or3reps_FDR0.05_IT (5),682,108118_Supplemental_Dataset1.xls
Solyc02g071180,overlap_2or3reps_FDR0.05_IT (5),683,108118_Supplemental_Dataset1.xls
Solyc02g071190,overlap_2or3reps_FDR0.05_IT (5),684,108118_Supplemental_Dataset1.xls
Solyc02g071520,overlap_2or3reps_FDR0.05_IT (5),685,108118_Supplemental_Dataset1.xls
Solyc02g071530,overlap_2or3reps_FDR0.05_IT (5),686,108118_Supplemental_Dataset1.xls
Solyc02g071730,overlap_2or3reps_FDR0.05_IT (5),687,108118_Supplemental_Dataset1.xls
Solyc02g071780,overlap_2or3reps_FDR0.05_IT (5),692,108118_Supplemental_Dataset1.xls
Solyc02g071840,overlap_2or3reps_FDR0.05_IT (5),693,108118_Supplemental_Dataset1.xls
Solyc02g071850,overlap_2or3reps_FDR0.05_IT (5),694,108118_Supplemental_Dataset1.xls
Solyc02g071860,overlap_2or3reps_FDR0.05_IT (5),695,108118_Supplemental_Dataset1.xls
Solyc02g071910,overlap_2or3reps_FDR0.05_IT (5),696,108118_Supplemental_Dataset1.xls
Solyc02g071920,overlap_2or3reps_FDR0.05_IT (5),697,108118_Supplemental_Dataset1.xls
Solyc02g072080,overlap_2or3reps_FDR0.05_IT (5),698,108118_Supplemental_Dataset1.xls
Solyc02g072130,overlap_2or3reps_FDR0.05_IT (5),702,108118_Supplemental_Dataset1.xls
Solyc02g072190,overlap_2or3reps_FDR0.05_IT (5),703,108118_Supplemental_Dataset1.xls
Solyc02g076710,overlap_2or3reps_FDR0.05_IT (5),705,108118_Supplemental_Dataset1.xls
Solyc02g076720,overlap_2or3reps_FDR0.05_IT (5),711,108118_Supplemental_Dataset1.xls
Solyc02g076800,overlap_2or3reps_FDR0.05_IT (5),717,108118_Supplemental_Dataset1.xls
Solyc02g076820,overlap_2or3reps_FDR0.05_IT (5),723,108118_Supplemental_Dataset1.xls
Solyc02g076900,overlap_2or3reps_FDR0.05_IT (5),724,108118_Supplemental_Dataset1.xls
Solyc02g077070,overlap_2or3reps_FDR0.05_IT (5),727,108118_Supplemental_Dataset1.xls
Solyc02g077240,overlap_2or3reps_FDR0.05_IT (5),731,108118_Supplemental_Dataset1.xls
Solyc02g077710,overlap_2or3reps_FDR0.05_IT (5),732,108118_Supplemental_Dataset1.xls
Solyc02g077920,overlap_2or3reps_FDR0.05_IT (5),734,108118_Supplemental_Dataset1.xls
Solyc02g078030,overlap_2or3reps_FDR0.05_IT (5),739,108118_Supplemental_Dataset1.xls
Solyc02g078150,overlap_2or3reps_FDR0.05_IT (5),741,108118_Supplemental_Dataset1.xls
Solyc02g078240,overlap_2or3reps_FDR0.05_IT (5),743,108118_Supplemental_Dataset1.xls
Solyc02g078380,overlap_2or3reps_FDR0.05_IT (5),745,108118_Supplemental_Dataset1.xls
Solyc02g078390,overlap_2or3reps_FDR0.05_IT (5),747,108118_Supplemental_Dataset1.xls
Solyc02g078400,overlap_2or3reps_FDR0.05_IT (5),749,108118_Supplemental_Dataset1.xls
Solyc02g078410,overlap_2or3reps_FDR0.05_IT (5),750,108118_Supplemental_Dataset1.xls
Solyc02g078460,overlap_2or3reps_FDR0.05_IT (5),754,108118_Supplemental_Dataset1.xls
Solyc02g078590,overlap_2or3reps_FDR0.05_IT (5),755,108118_Supplemental_Dataset1.xls
Solyc02g078600,overlap_2or3reps_FDR0.05_IT (5),756,108118_Supplemental_Dataset1.xls
Solyc02g078610,overlap_2or3reps_FDR0.05_IT (5),757,108118_Supplemental_Dataset1.xls
Solyc02g079440,overlap_2or3reps_FDR0.05_IT (5),758,108118_Supplemental_Dataset1.xls
Solyc02g079590,overlap_2or3reps_FDR0.05_IT (5),759,108118_Supplemental_Dataset1.xls
Solyc02g079740,overlap_2or3reps_FDR0.05_IT (5),763,108118_Supplemental_Dataset1.xls
Solyc02g079750,overlap_2or3reps_FDR0.05_IT (5),764,108118_Supplemental_Dataset1.xls
Solyc02g079760,overlap_2or3reps_FDR0.05_IT (5),768,108118_Supplemental_Dataset1.xls
Solyc02g080110,overlap_2or3reps_FDR0.05_IT (5),770,108118_Supplemental_Dataset1.xls
Solyc02g080590,overlap_2or3reps_FDR0.05_IT (5),776,108118_Supplemental_Dataset1.xls
Solyc02g082270,overlap_2or3reps_FDR0.05_IT (5),777,108118_Supplemental_Dataset1.xls
Solyc02g082510,overlap_2or3reps_FDR0.05_IT (5),779,108118_Supplemental_Dataset1.xls
Solyc02g082670,overlap_2or3reps_FDR0.05_IT (5),781,108118_Supplemental_Dataset1.xls
Solyc02g083380,overlap_2or3reps_FDR0.05_IT (5),783,108118_Supplemental_Dataset1.xls
Solyc02g083410,overlap_2or3reps_FDR0.05_IT (5),784,108118_Supplemental_Dataset1.xls
Solyc02g083750,overlap_2or3reps_FDR0.05_IT (5),786,108118_Supplemental_Dataset1.xls
Solyc02g083760,overlap_2or3reps_FDR0.05_IT (5),787,108118_Supplemental_Dataset1.xls
Solyc02g083840,overlap_2or3reps_FDR0.05_IT (5),788,108118_Supplemental_Dataset1.xls
Solyc02g083880,overlap_2or3reps_FDR0.05_IT (5),789,108118_Supplemental_Dataset1.xls
Solyc02g083990,overlap_2or3reps_FDR0.05_IT (5),793,108118_Supplemental_Dataset1.xls
Solyc02g084000,overlap_2or3reps_FDR0.05_IT (5),796,108118_Supplemental_Dataset1.xls
Solyc02g084420,overlap_2or3reps_FDR0.05_IT (5),799,108118_Supplemental_Dataset1.xls
Solyc02g084600,overlap_2or3reps_FDR0.05_IT (5),800,108118_Supplemental_Dataset1.xls
Solyc02g084740,overlap_2or3reps_FDR0.05_IT (5),801,108118_Supplemental_Dataset1.xls
Solyc02g084950,overlap_2or3reps_FDR0.05_IT (5),803,108118_Supplemental_Dataset1.xls
Solyc02g085030,overlap_2or3reps_FDR0.05_IT (5),804,108118_Supplemental_Dataset1.xls
Solyc02g085340,overlap_2or3reps_FDR0.05_IT (5),810,108118_Supplemental_Dataset1.xls
Solyc02g085350,overlap_2or3reps_FDR0.05_IT (5),812,108118_Supplemental_Dataset1.xls
Solyc02g085600,overlap_2or3reps_FDR0.05_IT (5),814,108118_Supplemental_Dataset1.xls
Solyc02g085630,overlap_2or3reps_FDR0.05_IT (5),815,108118_Supplemental_Dataset1.xls
Solyc02g085750,overlap_2or3reps_FDR0.05_IT (5),819,108118_Supplemental_Dataset1.xls
Solyc02g086300,overlap_2or3reps_FDR0.05_IT (5),824,108118_Supplemental_Dataset1.xls
Solyc02g086460,overlap_2or3reps_FDR0.05_IT (5),825,108118_Supplemental_Dataset1.xls
Solyc02g086970,overlap_2or3reps_FDR0.05_IT (5),827,108118_Supplemental_Dataset1.xls
Solyc02g087000,overlap_2or3reps_FDR0.05_IT (5),828,108118_Supplemental_Dataset1.xls
Solyc02g087760,overlap_2or3reps_FDR0.05_IT (5),829,108118_Supplemental_Dataset1.xls
Solyc02g087890,overlap_2or3reps_FDR0.05_IT (5),830,108118_Supplemental_Dataset1.xls
Solyc02g087900,overlap_2or3reps_FDR0.05_IT (5),831,108118_Supplemental_Dataset1.xls
Solyc02g087970,overlap_2or3reps_FDR0.05_IT (5),838,108118_Supplemental_Dataset1.xls
Solyc02g088090,overlap_2or3reps_FDR0.05_IT (5),841,108118_Supplemental_Dataset1.xls
Solyc02g088190,overlap_2or3reps_FDR0.05_IT (5),843,108118_Supplemental_Dataset1.xls
Solyc02g088260,overlap_2or3reps_FDR0.05_IT (5),845,108118_Supplemental_Dataset1.xls
Solyc02g088270,overlap_2or3reps_FDR0.05_IT (5),847,108118_Supplemental_Dataset1.xls
Solyc02g088290,overlap_2or3reps_FDR0.05_IT (5),849,108118_Supplemental_Dataset1.xls
Solyc02g088300,overlap_2or3reps_FDR0.05_IT (5),851,108118_Supplemental_Dataset1.xls
Solyc02g088380,overlap_2or3reps_FDR0.05_IT (5),853,108118_Supplemental_Dataset1.xls
Solyc02g088390,overlap_2or3reps_FDR0.05_IT (5),854,108118_Supplemental_Dataset1.xls
Solyc02g088910,overlap_2or3reps_FDR0.05_IT (5),855,108118_Supplemental_Dataset1.xls
Solyc02g089060,overlap_2or3reps_FDR0.05_IT (5),856,108118_Supplemental_Dataset1.xls
Solyc02g089350,overlap_2or3reps_FDR0.05_IT (5),858,108118_Supplemental_Dataset1.xls
Solyc02g089630,overlap_2or3reps_FDR0.05_IT (5),864,108118_Supplemental_Dataset1.xls
Solyc02g089640,overlap_2or3reps_FDR0.05_IT (5),866,108118_Supplemental_Dataset1.xls
Solyc02g089840,overlap_2or3reps_FDR0.05_IT (5),867,108118_Supplemental_Dataset1.xls
Solyc02g089850,overlap_2or3reps_FDR0.05_IT (5),868,108118_Supplemental_Dataset1.xls
Solyc02g090120,overlap_2or3reps_FDR0.05_IT (5),869,108118_Supplemental_Dataset1.xls
Solyc02g090160,overlap_2or3reps_FDR0.05_IT (5),874,108118_Supplemental_Dataset1.xls
Solyc02g090400,overlap_2or3reps_FDR0.05_IT (5),876,108118_Supplemental_Dataset1.xls
Solyc02g090510,overlap_2or3reps_FDR0.05_IT (5),882,108118_Supplemental_Dataset1.xls
Solyc02g090620,overlap_2or3reps_FDR0.05_IT (5),886,108118_Supplemental_Dataset1.xls
Solyc02g090680,overlap_2or3reps_FDR0.05_IT (5),888,108118_Supplemental_Dataset1.xls
Solyc02g090810,overlap_2or3reps_FDR0.05_IT (5),890,108118_Supplemental_Dataset1.xls
Solyc02g090820,overlap_2or3reps_FDR0.05_IT (5),892,108118_Supplemental_Dataset1.xls
Solyc02g090850,overlap_2or3reps_FDR0.05_IT (5),894,108118_Supplemental_Dataset1.xls
Solyc02g091500,overlap_2or3reps_FDR0.05_IT (5),900,108118_Supplemental_Dataset1.xls
Solyc02g091840,overlap_2or3reps_FDR0.05_IT (5),903,108118_Supplemental_Dataset1.xls
Solyc02g091930,overlap_2or3reps_FDR0.05_IT (5),904,108118_Supplemental_Dataset1.xls
Solyc02g092140,overlap_2or3reps_FDR0.05_IT (5),910,108118_Supplemental_Dataset1.xls
Solyc02g092490,overlap_2or3reps_FDR0.05_IT (5),915,108118_Supplemental_Dataset1.xls
Solyc02g092550,overlap_2or3reps_FDR0.05_IT (5),916,108118_Supplemental_Dataset1.xls
Solyc02g092560,overlap_2or3reps_FDR0.05_IT (5),917,108118_Supplemental_Dataset1.xls
Solyc02g092640,overlap_2or3reps_FDR0.05_IT (5),919,108118_Supplemental_Dataset1.xls
Solyc02g092730,overlap_2or3reps_FDR0.05_IT (5),923,108118_Supplemental_Dataset1.xls
Solyc02g092740,overlap_2or3reps_FDR0.05_IT (5),925,108118_Supplemental_Dataset1.xls
Solyc02g092750,overlap_2or3reps_FDR0.05_IT (5),927,108118_Supplemental_Dataset1.xls
Solyc02g092790,overlap_2or3reps_FDR0.05_IT (5),929,108118_Supplemental_Dataset1.xls
Solyc02g092800,overlap_2or3reps_FDR0.05_IT (5),931,108118_Supplemental_Dataset1.xls
Solyc02g092820,overlap_2or3reps_FDR0.05_IT (5),932,108118_Supplemental_Dataset1.xls
Solyc02g093020,overlap_2or3reps_FDR0.05_IT (5),936,108118_Supplemental_Dataset1.xls
Solyc02g093030,overlap_2or3reps_FDR0.05_IT (5),938,108118_Supplemental_Dataset1.xls
Solyc02g093150,overlap_2or3reps_FDR0.05_IT (5),940,108118_Supplemental_Dataset1.xls
Solyc02g093290,overlap_2or3reps_FDR0.05_IT (5),946,108118_Supplemental_Dataset1.xls
Solyc02g093500,overlap_2or3reps_FDR0.05_IT (5),947,108118_Supplemental_Dataset1.xls
Solyc02g093510,overlap_2or3reps_FDR0.05_IT (5),948,108118_Supplemental_Dataset1.xls
Solyc02g093520,overlap_2or3reps_FDR0.05_IT (5),949,108118_Supplemental_Dataset1.xls
Solyc02g093830,overlap_2or3reps_FDR0.05_IT (5),950,108118_Supplemental_Dataset1.xls
Solyc02g093840,overlap_2or3reps_FDR0.05_IT (5),952,108118_Supplemental_Dataset1.xls
Solyc02g094030,overlap_2or3reps_FDR0.05_IT (5),954,108118_Supplemental_Dataset1.xls
Solyc02g094170,overlap_2or3reps_FDR0.05_IT (5),956,108118_Supplemental_Dataset1.xls
Solyc02g094180,overlap_2or3reps_FDR0.05_IT (5),958,108118_Supplemental_Dataset1.xls
Solyc02g094190,overlap_2or3reps_FDR0.05_IT (5),960,108118_Supplemental_Dataset1.xls
Solyc03g005020,overlap_2or3reps_FDR0.05_IT (5),961,108118_Supplemental_Dataset1.xls
Solyc03g006010,overlap_2or3reps_FDR0.05_IT (5),963,108118_Supplemental_Dataset1.xls
Solyc03g006920,overlap_2or3reps_FDR0.05_IT (5),966,108118_Supplemental_Dataset1.xls
Solyc03g007050,overlap_2or3reps_FDR0.05_IT (5),972,108118_Supplemental_Dataset1.xls
Solyc03g007310,overlap_2or3reps_FDR0.05_IT (5),978,108118_Supplemental_Dataset1.xls
Solyc03g007700,overlap_2or3reps_FDR0.05_IT (5),985,108118_Supplemental_Dataset1.xls
Solyc03g007770,overlap_2or3reps_FDR0.05_IT (5),987,108118_Supplemental_Dataset1.xls
Solyc03g007990,overlap_2or3reps_FDR0.05_IT (5),993,108118_Supplemental_Dataset1.xls
Solyc03g008000,overlap_2or3reps_FDR0.05_IT (5),995,108118_Supplemental_Dataset1.xls
Solyc03g019650,overlap_2or3reps_FDR0.05_IT (5),997,108118_Supplemental_Dataset1.xls
Solyc03g025170,overlap_2or3reps_FDR0.05_IT (5),999,108118_Supplemental_Dataset1.xls
Solyc03g025180,overlap_2or3reps_FDR0.05_IT (5),1000,108118_Supplemental_Dataset1.xls
Solyc03g025250,overlap_2or3reps_FDR0.05_IT (5),1001,108118_Supplemental_Dataset1.xls
Solyc03g025260,overlap_2or3reps_FDR0.05_IT (5),1008,108118_Supplemental_Dataset1.xls
Solyc03g025720,overlap_2or3reps_FDR0.05_IT (5),1015,108118_Supplemental_Dataset1.xls
Solyc03g025970,overlap_2or3reps_FDR0.05_IT (5),1023,108118_Supplemental_Dataset1.xls
Solyc03g026020,overlap_2or3reps_FDR0.05_IT (5),1024,108118_Supplemental_Dataset1.xls
Solyc03g026220,overlap_2or3reps_FDR0.05_IT (5),1025,108118_Supplemental_Dataset1.xls
Solyc03g026250,overlap_2or3reps_FDR0.05_IT (5),1027,108118_Supplemental_Dataset1.xls
Solyc03g026270,overlap_2or3reps_FDR0.05_IT (5),1029,108118_Supplemental_Dataset1.xls
Solyc03g031420,overlap_2or3reps_FDR0.05_IT (5),1030,108118_Supplemental_Dataset1.xls
Solyc03g031890,overlap_2or3reps_FDR0.05_IT (5),1031,108118_Supplemental_Dataset1.xls
Solyc03g031920,overlap_2or3reps_FDR0.05_IT (5),1035,108118_Supplemental_Dataset1.xls
Solyc03g031980,overlap_2or3reps_FDR0.05_IT (5),1036,108118_Supplemental_Dataset1.xls
Solyc03g033330,overlap_2or3reps_FDR0.05_IT (5),1038,108118_Supplemental_Dataset1.xls
Solyc03g034070,overlap_2or3reps_FDR0.05_IT (5),1039,108118_Supplemental_Dataset1.xls
Solyc03g034080,overlap_2or3reps_FDR0.05_IT (5),1043,108118_Supplemental_Dataset1.xls
Solyc03g034140,overlap_2or3reps_FDR0.05_IT (5),1047,108118_Supplemental_Dataset1.xls
Solyc03g044300,overlap_2or3reps_FDR0.05_IT (5),1050,108118_Supplemental_Dataset1.xls
Solyc03g044910,overlap_2or3reps_FDR0.05_IT (5),1058,108118_Supplemental_Dataset1.xls
Solyc03g063600,overlap_2or3reps_FDR0.05_IT (5),1059,108118_Supplemental_Dataset1.xls
Solyc03g078380,overlap_2or3reps_FDR0.05_IT (5),1060,108118_Supplemental_Dataset1.xls
Solyc03g080020,overlap_2or3reps_FDR0.05_IT (5),1062,108118_Supplemental_Dataset1.xls
Solyc03g081240,overlap_2or3reps_FDR0.05_IT (5),1066,108118_Supplemental_Dataset1.xls
Solyc03g082370,overlap_2or3reps_FDR0.05_IT (5),1067,108118_Supplemental_Dataset1.xls
Solyc03g082400,overlap_2or3reps_FDR0.05_IT (5),1076,108118_Supplemental_Dataset1.xls
Solyc03g082550,overlap_2or3reps_FDR0.05_IT (5),1082,108118_Supplemental_Dataset1.xls
Solyc03g082660,overlap_2or3reps_FDR0.05_IT (5),1090,108118_Supplemental_Dataset1.xls
Solyc03g083090,overlap_2or3reps_FDR0.05_IT (5),1093,108118_Supplemental_Dataset1.xls
Solyc03g083100,overlap_2or3reps_FDR0.05_IT (5),1095,108118_Supplemental_Dataset1.xls
Solyc03g083340,overlap_2or3reps_FDR0.05_IT (5),1096,108118_Supplemental_Dataset1.xls
Solyc03g093060,overlap_2or3reps_FDR0.05_IT (5),1100,108118_Supplemental_Dataset1.xls
Solyc03g096920,overlap_2or3reps_FDR0.05_IT (5),1101,108118_Supplemental_Dataset1.xls
Solyc03g097810,overlap_2or3reps_FDR0.05_IT (5),1102,108118_Supplemental_Dataset1.xls
Solyc03g097920,overlap_2or3reps_FDR0.05_IT (5),1104,108118_Supplemental_Dataset1.xls
Solyc03g098280,overlap_2or3reps_FDR0.05_IT (5),1110,108118_Supplemental_Dataset1.xls
Solyc03g098290,overlap_2or3reps_FDR0.05_IT (5),1111,108118_Supplemental_Dataset1.xls
Solyc03g098320,overlap_2or3reps_FDR0.05_IT (5),1112,108118_Supplemental_Dataset1.xls
Solyc03g098630,overlap_2or3reps_FDR0.05_IT (5),1114,108118_Supplemental_Dataset1.xls
Solyc03g111970,overlap_2or3reps_FDR0.05_IT (5),1116,108118_Supplemental_Dataset1.xls
Solyc03g112060,overlap_2or3reps_FDR0.05_IT (5),1118,108118_Supplemental_Dataset1.xls
Solyc03g112300,overlap_2or3reps_FDR0.05_IT (5),1122,108118_Supplemental_Dataset1.xls
Solyc03g112340,overlap_2or3reps_FDR0.05_IT (5),1124,108118_Supplemental_Dataset1.xls
Solyc03g112940,overlap_2or3reps_FDR0.05_IT (5),1126,108118_Supplemental_Dataset1.xls
Solyc03g112980,overlap_2or3reps_FDR0.05_IT (5),1128,108118_Supplemental_Dataset1.xls
Solyc03g112990,overlap_2or3reps_FDR0.05_IT (5),1129,108118_Supplemental_Dataset1.xls
Solyc03g113710,overlap_2or3reps_FDR0.05_IT (5),1130,108118_Supplemental_Dataset1.xls
Solyc03g113870,overlap_2or3reps_FDR0.05_IT (5),1134,108118_Supplemental_Dataset1.xls
Solyc03g113880,overlap_2or3reps_FDR0.05_IT (5),1135,108118_Supplemental_Dataset1.xls
Solyc03g114070,overlap_2or3reps_FDR0.05_IT (5),1136,108118_Supplemental_Dataset1.xls
Solyc03g114340,overlap_2or3reps_FDR0.05_IT (5),1142,108118_Supplemental_Dataset1.xls
Solyc03g114360,overlap_2or3reps_FDR0.05_IT (5),1144,108118_Supplemental_Dataset1.xls
Solyc03g114370,overlap_2or3reps_FDR0.05_IT (5),1145,108118_Supplemental_Dataset1.xls
Solyc03g114730,overlap_2or3reps_FDR0.05_IT (5),1146,108118_Supplemental_Dataset1.xls
Solyc03g115500,overlap_2or3reps_FDR0.05_IT (5),1151,108118_Supplemental_Dataset1.xls
Solyc03g115670,overlap_2or3reps_FDR0.05_IT (5),1152,108118_Supplemental_Dataset1.xls
Solyc03g115770,overlap_2or3reps_FDR0.05_IT (5),1153,108118_Supplemental_Dataset1.xls
Solyc03g115870,overlap_2or3reps_FDR0.05_IT (5),1155,108118_Supplemental_Dataset1.xls
Solyc03g115920,overlap_2or3reps_FDR0.05_IT (5),1156,108118_Supplemental_Dataset1.xls
Solyc03g115930,overlap_2or3reps_FDR0.05_IT (5),1157,108118_Supplemental_Dataset1.xls
Solyc03g116510,overlap_2or3reps_FDR0.05_IT (5),1158,108118_Supplemental_Dataset1.xls
Solyc03g116530,overlap_2or3reps_FDR0.05_IT (5),1159,108118_Supplemental_Dataset1.xls
Solyc03g116630,overlap_2or3reps_FDR0.05_IT (5),1160,108118_Supplemental_Dataset1.xls
Solyc03g116750,overlap_2or3reps_FDR0.05_IT (5),1162,108118_Supplemental_Dataset1.xls
Solyc03g116870,overlap_2or3reps_FDR0.05_IT (5),1164,108118_Supplemental_Dataset1.xls
Solyc03g116880,overlap_2or3reps_FDR0.05_IT (5),1168,108118_Supplemental_Dataset1.xls
Solyc03g117030,overlap_2or3reps_FDR0.05_IT (5),1172,108118_Supplemental_Dataset1.xls
Solyc03g117070,overlap_2or3reps_FDR0.05_IT (5),1173,108118_Supplemental_Dataset1.xls
Solyc03g117280,overlap_2or3reps_FDR0.05_IT (5),1174,108118_Supplemental_Dataset1.xls
Solyc03g117290,overlap_2or3reps_FDR0.05_IT (5),1175,108118_Supplemental_Dataset1.xls
Solyc03g117300,overlap_2or3reps_FDR0.05_IT (5),1179,108118_Supplemental_Dataset1.xls
Solyc03g117590,overlap_2or3reps_FDR0.05_IT (5),1183,108118_Supplemental_Dataset1.xls
Solyc03g117810,overlap_2or3reps_FDR0.05_IT (5),1184,108118_Supplemental_Dataset1.xls
Solyc03g117820,overlap_2or3reps_FDR0.05_IT (5),1186,108118_Supplemental_Dataset1.xls
Solyc03g117870,overlap_2or3reps_FDR0.05_IT (5),1188,108118_Supplemental_Dataset1.xls
Solyc03g118060,overlap_2or3reps_FDR0.05_IT (5),1190,108118_Supplemental_Dataset1.xls
Solyc03g118070,overlap_2or3reps_FDR0.05_IT (5),1191,108118_Supplemental_Dataset1.xls
Solyc03g118080,overlap_2or3reps_FDR0.05_IT (5),1192,108118_Supplemental_Dataset1.xls
Solyc03g118290,overlap_2or3reps_FDR0.05_IT (5),1194,108118_Supplemental_Dataset1.xls
Solyc03g118800,overlap_2or3reps_FDR0.05_IT (5),1196,108118_Supplemental_Dataset1.xls
Solyc03g118810,overlap_2or3reps_FDR0.05_IT (5),1198,108118_Supplemental_Dataset1.xls
Solyc03g119230,overlap_2or3reps_FDR0.05_IT (5),1200,108118_Supplemental_Dataset1.xls
Solyc03g119300,overlap_2or3reps_FDR0.05_IT (5),1201,108118_Supplemental_Dataset1.xls
Solyc03g119390,overlap_2or3reps_FDR0.05_IT (5),1202,108118_Supplemental_Dataset1.xls
Solyc03g119740,overlap_2or3reps_FDR0.05_IT (5),1203,108118_Supplemental_Dataset1.xls
Solyc03g120390,overlap_2or3reps_FDR0.05_IT (5),1204,108118_Supplemental_Dataset1.xls
Solyc03g120450,overlap_2or3reps_FDR0.05_IT (5),1213,108118_Supplemental_Dataset1.xls
Solyc03g120500,overlap_2or3reps_FDR0.05_IT (5),1214,108118_Supplemental_Dataset1.xls
Solyc03g120550,overlap_2or3reps_FDR0.05_IT (5),1216,108118_Supplemental_Dataset1.xls
Solyc03g120710,overlap_2or3reps_FDR0.05_IT (5),1222,108118_Supplemental_Dataset1.xls
Solyc03g120910,overlap_2or3reps_FDR0.05_IT (5),1224,108118_Supplemental_Dataset1.xls
Solyc03g121050,overlap_2or3reps_FDR0.05_IT (5),1225,108118_Supplemental_Dataset1.xls
Solyc03g121400,overlap_2or3reps_FDR0.05_IT (5),1229,108118_Supplemental_Dataset1.xls
Solyc03g121880,overlap_2or3reps_FDR0.05_IT (5),1230,108118_Supplemental_Dataset1.xls
Solyc03g121890,overlap_2or3reps_FDR0.05_IT (5),1232,108118_Supplemental_Dataset1.xls
Solyc03g122300,overlap_2or3reps_FDR0.05_IT (5),1233,108118_Supplemental_Dataset1.xls
Solyc03g123550,overlap_2or3reps_FDR0.05_IT (5),1234,108118_Supplemental_Dataset1.xls
Solyc03g123570,overlap_2or3reps_FDR0.05_IT (5),1235,108118_Supplemental_Dataset1.xls
Solyc04g005020,overlap_2or3reps_FDR0.05_IT (5),1236,108118_Supplemental_Dataset1.xls
Solyc04g005030,overlap_2or3reps_FDR0.05_IT (5),1238,108118_Supplemental_Dataset1.xls
Solyc04g005640,overlap_2or3reps_FDR0.05_IT (5),1240,108118_Supplemental_Dataset1.xls
Solyc04g005670,overlap_2or3reps_FDR0.05_IT (5),1242,108118_Supplemental_Dataset1.xls
Solyc04g005760,overlap_2or3reps_FDR0.05_IT (5),1246,108118_Supplemental_Dataset1.xls
Solyc04g005800,overlap_2or3reps_FDR0.05_IT (5),1248,108118_Supplemental_Dataset1.xls
Solyc04g007210,overlap_2or3reps_FDR0.05_IT (5),1250,108118_Supplemental_Dataset1.xls
Solyc04g007500,overlap_2or3reps_FDR0.05_IT (5),1251,108118_Supplemental_Dataset1.xls
Solyc04g007530,overlap_2or3reps_FDR0.05_IT (5),1252,108118_Supplemental_Dataset1.xls
Solyc04g007720,overlap_2or3reps_FDR0.05_IT (5),1254,108118_Supplemental_Dataset1.xls
Solyc04g009560,overlap_2or3reps_FDR0.05_IT (5),1258,108118_Supplemental_Dataset1.xls
Solyc04g009570,overlap_2or3reps_FDR0.05_IT (5),1259,108118_Supplemental_Dataset1.xls
Solyc04g009640,overlap_2or3reps_FDR0.05_IT (5),1260,108118_Supplemental_Dataset1.xls
Solyc04g009790,overlap_2or3reps_FDR0.05_IT (5),1261,108118_Supplemental_Dataset1.xls
Solyc04g011520,overlap_2or3reps_FDR0.05_IT (5),1262,108118_Supplemental_Dataset1.xls
Solyc04g014850,overlap_2or3reps_FDR0.05_IT (5),1264,108118_Supplemental_Dataset1.xls
Solyc04g015520,overlap_2or3reps_FDR0.05_IT (5),1269,108118_Supplemental_Dataset1.xls
Solyc04g024960,overlap_2or3reps_FDR0.05_IT (5),1273,108118_Supplemental_Dataset1.xls
Solyc04g040190,overlap_2or3reps_FDR0.05_IT (5),1274,108118_Supplemental_Dataset1.xls
Solyc04g040200,overlap_2or3reps_FDR0.05_IT (5),1276,108118_Supplemental_Dataset1.xls
Solyc04g053120,overlap_2or3reps_FDR0.05_IT (5),1278,108118_Supplemental_Dataset1.xls
Solyc04g054260,overlap_2or3reps_FDR0.05_IT (5),1280,108118_Supplemental_Dataset1.xls
Solyc04g054380,overlap_2or3reps_FDR0.05_IT (5),1282,108118_Supplemental_Dataset1.xls
Solyc04g054410,overlap_2or3reps_FDR0.05_IT (5),1283,108118_Supplemental_Dataset1.xls
Solyc04g054980,overlap_2or3reps_FDR0.05_IT (5),1284,108118_Supplemental_Dataset1.xls
Solyc04g055080,overlap_2or3reps_FDR0.05_IT (5),1285,108118_Supplemental_Dataset1.xls
Solyc04g057930,overlap_2or3reps_FDR0.05_IT (5),1286,108118_Supplemental_Dataset1.xls
Solyc04g064610,overlap_2or3reps_FDR0.05_IT (5),1288,108118_Supplemental_Dataset1.xls
Solyc04g064860,overlap_2or3reps_FDR0.05_IT (5),1293,108118_Supplemental_Dataset1.xls
Solyc04g071150,overlap_2or3reps_FDR0.05_IT (5),1295,108118_Supplemental_Dataset1.xls
Solyc04g071300,overlap_2or3reps_FDR0.05_IT (5),1299,108118_Supplemental_Dataset1.xls
Solyc04g071310,overlap_2or3reps_FDR0.05_IT (5),1300,108118_Supplemental_Dataset1.xls
Solyc04g071610,overlap_2or3reps_FDR0.05_IT (5),1301,108118_Supplemental_Dataset1.xls
Solyc04g071750,overlap_2or3reps_FDR0.05_IT (5),1302,108118_Supplemental_Dataset1.xls
Solyc04g071780,overlap_2or3reps_FDR0.05_IT (5),1304,108118_Supplemental_Dataset1.xls
Solyc04g072570,overlap_2or3reps_FDR0.05_IT (5),1313,108118_Supplemental_Dataset1.xls
Solyc04g072620,overlap_2or3reps_FDR0.05_IT (5),1314,108118_Supplemental_Dataset1.xls
Solyc04g072640,overlap_2or3reps_FDR0.05_IT (5),1319,108118_Supplemental_Dataset1.xls
Solyc04g072930,overlap_2or3reps_FDR0.05_IT (5),1324,108118_Supplemental_Dataset1.xls
Solyc04g073950,overlap_2or3reps_FDR0.05_IT (5),1326,108118_Supplemental_Dataset1.xls
Solyc04g074180,overlap_2or3reps_FDR0.05_IT (5),1327,108118_Supplemental_Dataset1.xls
Solyc04g074850,overlap_2or3reps_FDR0.05_IT (5),1328,108118_Supplemental_Dataset1.xls
Solyc04g076410,overlap_2or3reps_FDR0.05_IT (5),1330,108118_Supplemental_Dataset1.xls
Solyc04g076420,overlap_2or3reps_FDR0.05_IT (5),1332,108118_Supplemental_Dataset1.xls
Solyc04g076680,overlap_2or3reps_FDR0.05_IT (5),1334,108118_Supplemental_Dataset1.xls
Solyc04g076930,overlap_2or3reps_FDR0.05_IT (5),1336,108118_Supplemental_Dataset1.xls
Solyc04g076940,overlap_2or3reps_FDR0.05_IT (5),1339,108118_Supplemental_Dataset1.xls
Solyc04g077050,overlap_2or3reps_FDR0.05_IT (5),1342,108118_Supplemental_Dataset1.xls
Solyc04g077220,overlap_2or3reps_FDR0.05_IT (5),1343,108118_Supplemental_Dataset1.xls
Solyc04g078050,overlap_2or3reps_FDR0.05_IT (5),1344,108118_Supplemental_Dataset1.xls
Solyc04g078060,overlap_2or3reps_FDR0.05_IT (5),1345,108118_Supplemental_Dataset1.xls
Solyc04g078100,overlap_2or3reps_FDR0.05_IT (5),1346,108118_Supplemental_Dataset1.xls
Solyc04g078110,overlap_2or3reps_FDR0.05_IT (5),1347,108118_Supplemental_Dataset1.xls
Solyc04g078390,overlap_2or3reps_FDR0.05_IT (5),1351,108118_Supplemental_Dataset1.xls
Solyc04g078660,overlap_2or3reps_FDR0.05_IT (5),1354,108118_Supplemental_Dataset1.xls
Solyc04g078810,overlap_2or3reps_FDR0.05_IT (5),1358,108118_Supplemental_Dataset1.xls
Solyc04g078840,overlap_2or3reps_FDR0.05_IT (5),1359,108118_Supplemental_Dataset1.xls
Solyc04g079120,overlap_2or3reps_FDR0.05_IT (5),1366,108118_Supplemental_Dataset1.xls
Solyc04g079520,overlap_2or3reps_FDR0.05_IT (5),1368,108118_Supplemental_Dataset1.xls
Solyc04g079530,overlap_2or3reps_FDR0.05_IT (5),1369,108118_Supplemental_Dataset1.xls
Solyc04g079750,overlap_2or3reps_FDR0.05_IT (5),1370,108118_Supplemental_Dataset1.xls
Solyc04g079760,overlap_2or3reps_FDR0.05_IT (5),1372,108118_Supplemental_Dataset1.xls
Solyc04g079940,overlap_2or3reps_FDR0.05_IT (5),1374,108118_Supplemental_Dataset1.xls
Solyc04g080240,overlap_2or3reps_FDR0.05_IT (5),1375,108118_Supplemental_Dataset1.xls
Solyc04g080250,overlap_2or3reps_FDR0.05_IT (5),1376,108118_Supplemental_Dataset1.xls
Solyc04g080790,overlap_2or3reps_FDR0.05_IT (5),1377,108118_Supplemental_Dataset1.xls
Solyc04g080960,overlap_2or3reps_FDR0.05_IT (5),1378,108118_Supplemental_Dataset1.xls
Solyc04g081240,overlap_2or3reps_FDR0.05_IT (5),1379,108118_Supplemental_Dataset1.xls
Solyc04g081250,overlap_2or3reps_FDR0.05_IT (5),1380,108118_Supplemental_Dataset1.xls
Solyc04g081290,overlap_2or3reps_FDR0.05_IT (5),1382,108118_Supplemental_Dataset1.xls
Solyc04g081420,overlap_2or3reps_FDR0.05_IT (5),1384,108118_Supplemental_Dataset1.xls
Solyc04g081450,overlap_2or3reps_FDR0.05_IT (5),1385,108118_Supplemental_Dataset1.xls
Solyc04g081890,overlap_2or3reps_FDR0.05_IT (5),1387,108118_Supplemental_Dataset1.xls
Solyc04g081900,overlap_2or3reps_FDR0.05_IT (5),1388,108118_Supplemental_Dataset1.xls
Solyc04g082020,overlap_2or3reps_FDR0.05_IT (5),1389,108118_Supplemental_Dataset1.xls
Solyc04g082200,overlap_2or3reps_FDR0.05_IT (5),1390,108118_Supplemental_Dataset1.xls
Solyc04g082420,overlap_2or3reps_FDR0.05_IT (5),1396,108118_Supplemental_Dataset1.xls
Solyc04g082480,overlap_2or3reps_FDR0.05_IT (5),1402,108118_Supplemental_Dataset1.xls
Solyc04g082510,overlap_2or3reps_FDR0.05_IT (5),1407,108118_Supplemental_Dataset1.xls
Solyc04g082560,overlap_2or3reps_FDR0.05_IT (5),1411,108118_Supplemental_Dataset1.xls
Solyc04g082570,overlap_2or3reps_FDR0.05_IT (5),1413,108118_Supplemental_Dataset1.xls
Solyc04g082580,overlap_2or3reps_FDR0.05_IT (5),1415,108118_Supplemental_Dataset1.xls
Solyc04g082590,overlap_2or3reps_FDR0.05_IT (5),1416,108118_Supplemental_Dataset1.xls
Solyc04g082770,overlap_2or3reps_FDR0.05_IT (5),1417,108118_Supplemental_Dataset1.xls
Solyc04g082780,overlap_2or3reps_FDR0.05_IT (5),1419,108118_Supplemental_Dataset1.xls
Solyc05g005240,overlap_2or3reps_FDR0.05_IT (5),1421,108118_Supplemental_Dataset1.xls
Solyc05g005250,overlap_2or3reps_FDR0.05_IT (5),1425,108118_Supplemental_Dataset1.xls
Solyc05g005500,overlap_2or3reps_FDR0.05_IT (5),1429,108118_Supplemental_Dataset1.xls
Solyc05g005510,overlap_2or3reps_FDR0.05_IT (5),1430,108118_Supplemental_Dataset1.xls
Solyc05g005700,overlap_2or3reps_FDR0.05_IT (5),1431,108118_Supplemental_Dataset1.xls
Solyc05g006960,overlap_2or3reps_FDR0.05_IT (5),1434,108118_Supplemental_Dataset1.xls
Solyc05g006970,overlap_2or3reps_FDR0.05_IT (5),1438,108118_Supplemental_Dataset1.xls
Solyc05g007060,overlap_2or3reps_FDR0.05_IT (5),1442,108118_Supplemental_Dataset1.xls
Solyc05g007070,overlap_2or3reps_FDR0.05_IT (5),1444,108118_Supplemental_Dataset1.xls
Solyc05g007150,overlap_2or3reps_FDR0.05_IT (5),1445,108118_Supplemental_Dataset1.xls
Solyc05g007660,overlap_2or3reps_FDR0.05_IT (5),1447,108118_Supplemental_Dataset1.xls
Solyc05g007670,overlap_2or3reps_FDR0.05_IT (5),1449,108118_Supplemental_Dataset1.xls
Solyc05g007770,overlap_2or3reps_FDR0.05_IT (5),1451,108118_Supplemental_Dataset1.xls
Solyc05g007780,overlap_2or3reps_FDR0.05_IT (5),1452,108118_Supplemental_Dataset1.xls
Solyc05g008110,overlap_2or3reps_FDR0.05_IT (5),1458,108118_Supplemental_Dataset1.xls
Solyc05g008190,overlap_2or3reps_FDR0.05_IT (5),1461,108118_Supplemental_Dataset1.xls
Solyc05g008250,overlap_2or3reps_FDR0.05_IT (5),1462,108118_Supplemental_Dataset1.xls
Solyc05g008580,overlap_2or3reps_FDR0.05_IT (5),1464,108118_Supplemental_Dataset1.xls
Solyc05g008600,overlap_2or3reps_FDR0.05_IT (5),1466,108118_Supplemental_Dataset1.xls
Solyc05g008610,overlap_2or3reps_FDR0.05_IT (5),1470,108118_Supplemental_Dataset1.xls
Solyc05g008930,overlap_2or3reps_FDR0.05_IT (5),1474,108118_Supplemental_Dataset1.xls
Solyc05g009110,overlap_2or3reps_FDR0.05_IT (5),1482,108118_Supplemental_Dataset1.xls
Solyc05g009120,overlap_2or3reps_FDR0.05_IT (5),1485,108118_Supplemental_Dataset1.xls
Solyc05g009150,overlap_2or3reps_FDR0.05_IT (5),1488,108118_Supplemental_Dataset1.xls
Solyc05g009450,overlap_2or3reps_FDR0.05_IT (5),1492,108118_Supplemental_Dataset1.xls
Solyc05g009460,overlap_2or3reps_FDR0.05_IT (5),1495,108118_Supplemental_Dataset1.xls
Solyc05g009520,overlap_2or3reps_FDR0.05_IT (5),1498,108118_Supplemental_Dataset1.xls
Solyc05g009550,overlap_2or3reps_FDR0.05_IT (5),1499,108118_Supplemental_Dataset1.xls
Solyc05g009790,overlap_2or3reps_FDR0.05_IT (5),1505,108118_Supplemental_Dataset1.xls
Solyc05g009820,overlap_2or3reps_FDR0.05_IT (5),1511,108118_Supplemental_Dataset1.xls
Solyc05g009980,overlap_2or3reps_FDR0.05_IT (5),1515,108118_Supplemental_Dataset1.xls
Solyc05g012020,overlap_2or3reps_FDR0.05_IT (5),1520,108118_Supplemental_Dataset1.xls
Solyc05g012500,overlap_2or3reps_FDR0.05_IT (5),1525,108118_Supplemental_Dataset1.xls
Solyc05g012660,overlap_2or3reps_FDR0.05_IT (5),1528,108118_Supplemental_Dataset1.xls
Solyc05g012790,overlap_2or3reps_FDR0.05_IT (5),1529,108118_Supplemental_Dataset1.xls
Solyc05g013570,overlap_2or3reps_FDR0.05_IT (5),1533,108118_Supplemental_Dataset1.xls
Solyc05g015510,overlap_2or3reps_FDR0.05_IT (5),1536,108118_Supplemental_Dataset1.xls
Solyc05g015980,overlap_2or3reps_FDR0.05_IT (5),1537,108118_Supplemental_Dataset1.xls
Solyc05g016310,overlap_2or3reps_FDR0.05_IT (5),1538,108118_Supplemental_Dataset1.xls
Solyc05g024010,overlap_2or3reps_FDR0.05_IT (5),1540,108118_Supplemental_Dataset1.xls
Solyc05g024260,overlap_2or3reps_FDR0.05_IT (5),1541,108118_Supplemental_Dataset1.xls
Solyc05g050010,overlap_2or3reps_FDR0.05_IT (5),1549,108118_Supplemental_Dataset1.xls
Solyc05g050970,overlap_2or3reps_FDR0.05_IT (5),1551,108118_Supplemental_Dataset1.xls
Solyc05g050990,overlap_2or3reps_FDR0.05_IT (5),1553,108118_Supplemental_Dataset1.xls
Solyc05g051190,overlap_2or3reps_FDR0.05_IT (5),1555,108118_Supplemental_Dataset1.xls
Solyc05g051470,overlap_2or3reps_FDR0.05_IT (5),1556,108118_Supplemental_Dataset1.xls
Solyc05g051660,overlap_2or3reps_FDR0.05_IT (5),1558,108118_Supplemental_Dataset1.xls
Solyc05g051780,overlap_2or3reps_FDR0.05_IT (5),1559,108118_Supplemental_Dataset1.xls
Solyc05g052040,overlap_2or3reps_FDR0.05_IT (5),1561,108118_Supplemental_Dataset1.xls
Solyc05g052550,overlap_2or3reps_FDR0.05_IT (5),1567,108118_Supplemental_Dataset1.xls
Solyc05g052570,overlap_2or3reps_FDR0.05_IT (5),1568,108118_Supplemental_Dataset1.xls
Solyc05g052630,overlap_2or3reps_FDR0.05_IT (5),1569,108118_Supplemental_Dataset1.xls
Solyc05g052640,overlap_2or3reps_FDR0.05_IT (5),1570,108118_Supplemental_Dataset1.xls
Solyc05g052700,overlap_2or3reps_FDR0.05_IT (5),1571,108118_Supplemental_Dataset1.xls
Solyc05g052790,overlap_2or3reps_FDR0.05_IT (5),1573,108118_Supplemental_Dataset1.xls
Solyc05g052860,overlap_2or3reps_FDR0.05_IT (5),1576,108118_Supplemental_Dataset1.xls
Solyc05g053060,overlap_2or3reps_FDR0.05_IT (5),1578,108118_Supplemental_Dataset1.xls
Solyc05g053070,overlap_2or3reps_FDR0.05_IT (5),1579,108118_Supplemental_Dataset1.xls
Solyc05g053080,overlap_2or3reps_FDR0.05_IT (5),1580,108118_Supplemental_Dataset1.xls
Solyc05g053290,overlap_2or3reps_FDR0.05_IT (5),1581,108118_Supplemental_Dataset1.xls
Solyc05g053620,overlap_2or3reps_FDR0.05_IT (5),1583,108118_Supplemental_Dataset1.xls
Solyc05g053630,overlap_2or3reps_FDR0.05_IT (5),1585,108118_Supplemental_Dataset1.xls
Solyc05g054410,overlap_2or3reps_FDR0.05_IT (5),1586,108118_Supplemental_Dataset1.xls
Solyc05g054720,overlap_2or3reps_FDR0.05_IT (5),1587,108118_Supplemental_Dataset1.xls
Solyc05g054730,overlap_2or3reps_FDR0.05_IT (5),1588,108118_Supplemental_Dataset1.xls
Solyc05g055240,overlap_2or3reps_FDR0.05_IT (5),1589,108118_Supplemental_Dataset1.xls
Solyc05g055630,overlap_2or3reps_FDR0.05_IT (5),1591,108118_Supplemental_Dataset1.xls
Solyc05g055990,overlap_2or3reps_FDR0.05_IT (5),1592,108118_Supplemental_Dataset1.xls
Solyc05g056000,overlap_2or3reps_FDR0.05_IT (5),1593,108118_Supplemental_Dataset1.xls
Solyc06g005160,overlap_2or3reps_FDR0.05_IT (5),1594,108118_Supplemental_Dataset1.xls
Solyc06g005970,overlap_2or3reps_FDR0.05_IT (5),1595,108118_Supplemental_Dataset1.xls
Solyc06g006100,overlap_2or3reps_FDR0.05_IT (5),1599,108118_Supplemental_Dataset1.xls
Solyc06g008300,overlap_2or3reps_FDR0.05_IT (5),1603,108118_Supplemental_Dataset1.xls
Solyc06g009290,overlap_2or3reps_FDR0.05_IT (5),1604,108118_Supplemental_Dataset1.xls
Solyc06g009370,overlap_2or3reps_FDR0.05_IT (5),1609,108118_Supplemental_Dataset1.xls
Solyc06g009380,overlap_2or3reps_FDR0.05_IT (5),1610,108118_Supplemental_Dataset1.xls
Solyc06g011470,overlap_2or3reps_FDR0.05_IT (5),1614,108118_Supplemental_Dataset1.xls
Solyc06g011580,overlap_2or3reps_FDR0.05_IT (5),1615,108118_Supplemental_Dataset1.xls
Solyc06g035570,overlap_2or3reps_FDR0.05_IT (5),1619,108118_Supplemental_Dataset1.xls
Solyc06g035690,overlap_2or3reps_FDR0.05_IT (5),1621,108118_Supplemental_Dataset1.xls
Solyc06g035700,overlap_2or3reps_FDR0.05_IT (5),1625,108118_Supplemental_Dataset1.xls
Solyc06g035840,overlap_2or3reps_FDR0.05_IT (5),1631,108118_Supplemental_Dataset1.xls
Solyc06g035850,overlap_2or3reps_FDR0.05_IT (5),1632,108118_Supplemental_Dataset1.xls
Solyc06g036170,overlap_2or3reps_FDR0.05_IT (5),1633,108118_Supplemental_Dataset1.xls
Solyc06g036260,overlap_2or3reps_FDR0.05_IT (5),1634,108118_Supplemental_Dataset1.xls
Solyc06g051500,overlap_2or3reps_FDR0.05_IT (5),1635,108118_Supplemental_Dataset1.xls
Solyc06g051510,overlap_2or3reps_FDR0.05_IT (5),1637,108118_Supplemental_Dataset1.xls
Solyc06g051690,overlap_2or3reps_FDR0.05_IT (5),1639,108118_Supplemental_Dataset1.xls
Solyc06g051800,overlap_2or3reps_FDR0.05_IT (5),1641,108118_Supplemental_Dataset1.xls
Solyc06g051870,overlap_2or3reps_FDR0.05_IT (5),1642,108118_Supplemental_Dataset1.xls
Solyc06g053200,overlap_2or3reps_FDR0.05_IT (5),1644,108118_Supplemental_Dataset1.xls
Solyc06g053210,overlap_2or3reps_FDR0.05_IT (5),1646,108118_Supplemental_Dataset1.xls
Solyc06g053220,overlap_2or3reps_FDR0.05_IT (5),1648,108118_Supplemental_Dataset1.xls
Solyc06g053840,overlap_2or3reps_FDR0.05_IT (5),1650,108118_Supplemental_Dataset1.xls
Solyc06g053940,overlap_2or3reps_FDR0.05_IT (5),1655,108118_Supplemental_Dataset1.xls
Solyc06g053950,overlap_2or3reps_FDR0.05_IT (5),1657,108118_Supplemental_Dataset1.xls
Solyc06g053960,overlap_2or3reps_FDR0.05_IT (5),1659,108118_Supplemental_Dataset1.xls
Solyc06g054020,overlap_2or3reps_FDR0.05_IT (5),1667,108118_Supplemental_Dataset1.xls
Solyc06g054670,overlap_2or3reps_FDR0.05_IT (5),1669,108118_Supplemental_Dataset1.xls
Solyc06g059720,overlap_2or3reps_FDR0.05_IT (5),1673,108118_Supplemental_Dataset1.xls
Solyc06g059760,overlap_2or3reps_FDR0.05_IT (5),1675,108118_Supplemental_Dataset1.xls
Solyc06g059800,overlap_2or3reps_FDR0.05_IT (5),1677,108118_Supplemental_Dataset1.xls
Solyc06g060080,overlap_2or3reps_FDR0.05_IT (5),1678,108118_Supplemental_Dataset1.xls
Solyc06g060090,overlap_2or3reps_FDR0.05_IT (5),1683,108118_Supplemental_Dataset1.xls
Solyc06g061020,overlap_2or3reps_FDR0.05_IT (5),1688,108118_Supplemental_Dataset1.xls
Solyc06g062670,overlap_2or3reps_FDR0.05_IT (5),1696,108118_Supplemental_Dataset1.xls
Solyc06g062960,overlap_2or3reps_FDR0.05_IT (5),1698,108118_Supplemental_Dataset1.xls
Solyc06g063060,overlap_2or3reps_FDR0.05_IT (5),1700,108118_Supplemental_Dataset1.xls
Solyc06g063300,overlap_2or3reps_FDR0.05_IT (5),1704,108118_Supplemental_Dataset1.xls
Solyc06g064870,overlap_2or3reps_FDR0.05_IT (5),1707,108118_Supplemental_Dataset1.xls
Solyc06g065710,overlap_2or3reps_FDR0.05_IT (5),1708,108118_Supplemental_Dataset1.xls
Solyc06g065890,overlap_2or3reps_FDR0.05_IT (5),1710,108118_Supplemental_Dataset1.xls
Solyc06g065900,overlap_2or3reps_FDR0.05_IT (5),1714,108118_Supplemental_Dataset1.xls
Solyc06g065980,overlap_2or3reps_FDR0.05_IT (5),1718,108118_Supplemental_Dataset1.xls
Solyc06g066420,overlap_2or3reps_FDR0.05_IT (5),1720,108118_Supplemental_Dataset1.xls
Solyc06g066470,overlap_2or3reps_FDR0.05_IT (5),1723,108118_Supplemental_Dataset1.xls
Solyc06g066700,overlap_2or3reps_FDR0.05_IT (5),1724,108118_Supplemental_Dataset1.xls
Solyc06g066710,overlap_2or3reps_FDR0.05_IT (5),1725,108118_Supplemental_Dataset1.xls
Solyc06g066790,overlap_2or3reps_FDR0.05_IT (5),1726,108118_Supplemental_Dataset1.xls
Solyc06g068180,overlap_2or3reps_FDR0.05_IT (5),1728,108118_Supplemental_Dataset1.xls
Solyc06g068190,overlap_2or3reps_FDR0.05_IT (5),1729,108118_Supplemental_Dataset1.xls
Solyc06g068490,overlap_2or3reps_FDR0.05_IT (5),1730,108118_Supplemental_Dataset1.xls
Solyc06g068500,overlap_2or3reps_FDR0.05_IT (5),1732,108118_Supplemental_Dataset1.xls
Solyc06g068520,overlap_2or3reps_FDR0.05_IT (5),1737,108118_Supplemental_Dataset1.xls
Solyc06g068600,overlap_2or3reps_FDR0.05_IT (5),1739,108118_Supplemental_Dataset1.xls
Solyc06g068730,overlap_2or3reps_FDR0.05_IT (5),1743,108118_Supplemental_Dataset1.xls
Solyc06g068740,overlap_2or3reps_FDR0.05_IT (5),1748,108118_Supplemental_Dataset1.xls
Solyc06g068900,overlap_2or3reps_FDR0.05_IT (5),1753,108118_Supplemental_Dataset1.xls
Solyc06g069050,overlap_2or3reps_FDR0.05_IT (5),1757,108118_Supplemental_Dataset1.xls
Solyc06g069720,overlap_2or3reps_FDR0.05_IT (5),1758,108118_Supplemental_Dataset1.xls
Solyc06g071230,overlap_2or3reps_FDR0.05_IT (5),1760,108118_Supplemental_Dataset1.xls
Solyc06g071350,overlap_2or3reps_FDR0.05_IT (5),1762,108118_Supplemental_Dataset1.xls
Solyc06g072100,overlap_2or3reps_FDR0.05_IT (5),1765,108118_Supplemental_Dataset1.xls
Solyc06g072110,overlap_2or3reps_FDR0.05_IT (5),1766,108118_Supplemental_Dataset1.xls
Solyc06g072360,overlap_2or3reps_FDR0.05_IT (5),1767,108118_Supplemental_Dataset1.xls
Solyc06g072650,overlap_2or3reps_FDR0.05_IT (5),1768,108118_Supplemental_Dataset1.xls
Solyc06g072850,overlap_2or3reps_FDR0.05_IT (5),1770,108118_Supplemental_Dataset1.xls
Solyc06g072880,overlap_2or3reps_FDR0.05_IT (5),1772,108118_Supplemental_Dataset1.xls
Solyc06g072890,overlap_2or3reps_FDR0.05_IT (5),1776,108118_Supplemental_Dataset1.xls
Solyc06g073180,overlap_2or3reps_FDR0.05_IT (5),1780,108118_Supplemental_Dataset1.xls
Solyc06g073440,overlap_2or3reps_FDR0.05_IT (5),1781,108118_Supplemental_Dataset1.xls
Solyc06g073460,overlap_2or3reps_FDR0.05_IT (5),1787,108118_Supplemental_Dataset1.xls
Solyc06g073740,overlap_2or3reps_FDR0.05_IT (5),1789,108118_Supplemental_Dataset1.xls
Solyc06g073970,overlap_2or3reps_FDR0.05_IT (5),1790,108118_Supplemental_Dataset1.xls
Solyc06g074290,overlap_2or3reps_FDR0.05_IT (5),1792,108118_Supplemental_Dataset1.xls
Solyc06g074300,overlap_2or3reps_FDR0.05_IT (5),1793,108118_Supplemental_Dataset1.xls
Solyc06g074650,overlap_2or3reps_FDR0.05_IT (5),1794,108118_Supplemental_Dataset1.xls
Solyc06g074660,overlap_2or3reps_FDR0.05_IT (5),1796,108118_Supplemental_Dataset1.xls
Solyc06g074710,overlap_2or3reps_FDR0.05_IT (5),1798,108118_Supplemental_Dataset1.xls
Solyc06g074740,overlap_2or3reps_FDR0.05_IT (5),1800,108118_Supplemental_Dataset1.xls
Solyc06g074910,overlap_2or3reps_FDR0.05_IT (5),1802,108118_Supplemental_Dataset1.xls
Solyc06g075160,overlap_2or3reps_FDR0.05_IT (5),1803,108118_Supplemental_Dataset1.xls
Solyc06g075170,overlap_2or3reps_FDR0.05_IT (5),1807,108118_Supplemental_Dataset1.xls
Solyc06g075370,overlap_2or3reps_FDR0.05_IT (5),1808,108118_Supplemental_Dataset1.xls
Solyc06g075380,overlap_2or3reps_FDR0.05_IT (5),1812,108118_Supplemental_Dataset1.xls
Solyc06g075510,overlap_2or3reps_FDR0.05_IT (5),1816,108118_Supplemental_Dataset1.xls
Solyc06g075740,overlap_2or3reps_FDR0.05_IT (5),1818,108118_Supplemental_Dataset1.xls
Solyc06g076040,overlap_2or3reps_FDR0.05_IT (5),1819,108118_Supplemental_Dataset1.xls
Solyc06g076110,overlap_2or3reps_FDR0.05_IT (5),1820,108118_Supplemental_Dataset1.xls
Solyc06g076120,overlap_2or3reps_FDR0.05_IT (5),1821,108118_Supplemental_Dataset1.xls
Solyc06g076230,overlap_2or3reps_FDR0.05_IT (5),1822,108118_Supplemental_Dataset1.xls
Solyc06g076240,overlap_2or3reps_FDR0.05_IT (5),1823,108118_Supplemental_Dataset1.xls
Solyc06g076250,overlap_2or3reps_FDR0.05_IT (5),1824,108118_Supplemental_Dataset1.xls
Solyc06g076260,overlap_2or3reps_FDR0.05_IT (5),1825,108118_Supplemental_Dataset1.xls
Solyc06g076320,overlap_2or3reps_FDR0.05_IT (5),1828,108118_Supplemental_Dataset1.xls
Solyc06g076340,overlap_2or3reps_FDR0.05_IT (5),1830,108118_Supplemental_Dataset1.xls
Solyc06g076450,overlap_2or3reps_FDR0.05_IT (5),1831,108118_Supplemental_Dataset1.xls
Solyc06g076770,overlap_2or3reps_FDR0.05_IT (5),1833,108118_Supplemental_Dataset1.xls
Solyc06g082080,overlap_2or3reps_FDR0.05_IT (5),1835,108118_Supplemental_Dataset1.xls
Solyc06g082180,overlap_2or3reps_FDR0.05_IT (5),1836,108118_Supplemental_Dataset1.xls
Solyc06g082210,overlap_2or3reps_FDR0.05_IT (5),1841,108118_Supplemental_Dataset1.xls
Solyc06g082430,overlap_2or3reps_FDR0.05_IT (5),1842,108118_Supplemental_Dataset1.xls
Solyc06g082540,overlap_2or3reps_FDR0.05_IT (5),1846,108118_Supplemental_Dataset1.xls
Solyc06g083130,overlap_2or3reps_FDR0.05_IT (5),1851,108118_Supplemental_Dataset1.xls
Solyc06g083230,overlap_2or3reps_FDR0.05_IT (5),1855,108118_Supplemental_Dataset1.xls
Solyc06g083240,overlap_2or3reps_FDR0.05_IT (5),1867,108118_Supplemental_Dataset1.xls
Solyc06g083250,overlap_2or3reps_FDR0.05_IT (5),1879,108118_Supplemental_Dataset1.xls
Solyc06g083660,overlap_2or3reps_FDR0.05_IT (5),1891,108118_Supplemental_Dataset1.xls
Solyc06g083830,overlap_2or3reps_FDR0.05_IT (5),1892,108118_Supplemental_Dataset1.xls
Solyc06g083980,overlap_2or3reps_FDR0.05_IT (5),1894,108118_Supplemental_Dataset1.xls
Solyc06g083990,overlap_2or3reps_FDR0.05_IT (5),1895,108118_Supplemental_Dataset1.xls
Solyc06g084130,overlap_2or3reps_FDR0.05_IT (5),1896,108118_Supplemental_Dataset1.xls
Solyc06g084290,overlap_2or3reps_FDR0.05_IT (5),1900,108118_Supplemental_Dataset1.xls
Solyc06g084300,overlap_2or3reps_FDR0.05_IT (5),1904,108118_Supplemental_Dataset1.xls
Solyc07g005440,overlap_2or3reps_FDR0.05_IT (5),1908,108118_Supplemental_Dataset1.xls
Solyc07g005760,overlap_2or3reps_FDR0.05_IT (5),1909,108118_Supplemental_Dataset1.xls
Solyc07g005980,overlap_2or3reps_FDR0.05_IT (5),1910,108118_Supplemental_Dataset1.xls
Solyc07g006280,overlap_2or3reps_FDR0.05_IT (5),1912,108118_Supplemental_Dataset1.xls
Solyc07g006370,overlap_2or3reps_FDR0.05_IT (5),1919,108118_Supplemental_Dataset1.xls
Solyc07g006880,overlap_2or3reps_FDR0.05_IT (5),1920,108118_Supplemental_Dataset1.xls
Solyc07g006890,overlap_2or3reps_FDR0.05_IT (5),1921,108118_Supplemental_Dataset1.xls
Solyc07g006940,overlap_2or3reps_FDR0.05_IT (5),1923,108118_Supplemental_Dataset1.xls
Solyc07g006950,overlap_2or3reps_FDR0.05_IT (5),1924,108118_Supplemental_Dataset1.xls
Solyc07g007140,overlap_2or3reps_FDR0.05_IT (5),1925,108118_Supplemental_Dataset1.xls
Solyc07g007390,overlap_2or3reps_FDR0.05_IT (5),1926,108118_Supplemental_Dataset1.xls
Solyc07g007930,overlap_2or3reps_FDR0.05_IT (5),1928,108118_Supplemental_Dataset1.xls
Solyc07g008100,overlap_2or3reps_FDR0.05_IT (5),1930,108118_Supplemental_Dataset1.xls
Solyc07g008110,overlap_2or3reps_FDR0.05_IT (5),1931,108118_Supplemental_Dataset1.xls
Solyc07g008840,overlap_2or3reps_FDR0.05_IT (5),1933,108118_Supplemental_Dataset1.xls
Solyc07g009150,overlap_2or3reps_FDR0.05_IT (5),1935,108118_Supplemental_Dataset1.xls
Solyc07g009160,overlap_2or3reps_FDR0.05_IT (5),1939,108118_Supplemental_Dataset1.xls
Solyc07g009530,overlap_2or3reps_FDR0.05_IT (5),1943,108118_Supplemental_Dataset1.xls
Solyc07g017540,overlap_2or3reps_FDR0.05_IT (5),1945,108118_Supplemental_Dataset1.xls
Solyc07g017740,overlap_2or3reps_FDR0.05_IT (5),1946,108118_Supplemental_Dataset1.xls
Solyc07g018340,overlap_2or3reps_FDR0.05_IT (5),1947,108118_Supplemental_Dataset1.xls
Solyc07g039410,overlap_2or3reps_FDR0.05_IT (5),1951,108118_Supplemental_Dataset1.xls
Solyc07g039420,overlap_2or3reps_FDR0.05_IT (5),1952,108118_Supplemental_Dataset1.xls
Solyc07g041170,overlap_2or3reps_FDR0.05_IT (5),1953,108118_Supplemental_Dataset1.xls
Solyc07g041190,overlap_2or3reps_FDR0.05_IT (5),1955,108118_Supplemental_Dataset1.xls
Solyc07g042390,overlap_2or3reps_FDR0.05_IT (5),1957,108118_Supplemental_Dataset1.xls
Solyc07g044980,overlap_2or3reps_FDR0.05_IT (5),1963,108118_Supplemental_Dataset1.xls
Solyc07g045160,overlap_2or3reps_FDR0.05_IT (5),1965,108118_Supplemental_Dataset1.xls
Solyc07g047700,overlap_2or3reps_FDR0.05_IT (5),1966,108118_Supplemental_Dataset1.xls
Solyc07g047800,overlap_2or3reps_FDR0.05_IT (5),1971,108118_Supplemental_Dataset1.xls
Solyc07g047970,overlap_2or3reps_FDR0.05_IT (5),1972,108118_Supplemental_Dataset1.xls
Solyc07g047980,overlap_2or3reps_FDR0.05_IT (5),1974,108118_Supplemental_Dataset1.xls
Solyc07g049690,overlap_2or3reps_FDR0.05_IT (5),1976,108118_Supplemental_Dataset1.xls
Solyc07g051840,overlap_2or3reps_FDR0.05_IT (5),1982,108118_Supplemental_Dataset1.xls
Solyc07g052170,overlap_2or3reps_FDR0.05_IT (5),1983,108118_Supplemental_Dataset1.xls
Solyc07g052430,overlap_2or3reps_FDR0.05_IT (5),1985,108118_Supplemental_Dataset1.xls
Solyc07g052480,overlap_2or3reps_FDR0.05_IT (5),1989,108118_Supplemental_Dataset1.xls
Solyc07g052960,overlap_2or3reps_FDR0.05_IT (5),1991,108118_Supplemental_Dataset1.xls
Solyc07g053460,overlap_2or3reps_FDR0.05_IT (5),1993,108118_Supplemental_Dataset1.xls
Solyc07g053470,overlap_2or3reps_FDR0.05_IT (5),1994,108118_Supplemental_Dataset1.xls
Solyc07g053550,overlap_2or3reps_FDR0.05_IT (5),1995,108118_Supplemental_Dataset1.xls
Solyc07g053610,overlap_2or3reps_FDR0.05_IT (5),1999,108118_Supplemental_Dataset1.xls
Solyc07g054000,overlap_2or3reps_FDR0.05_IT (5),2000,108118_Supplemental_Dataset1.xls
Solyc07g054010,overlap_2or3reps_FDR0.05_IT (5),2001,108118_Supplemental_Dataset1.xls
Solyc07g054020,overlap_2or3reps_FDR0.05_IT (5),2002,108118_Supplemental_Dataset1.xls
Solyc07g054030,overlap_2or3reps_FDR0.05_IT (5),2003,108118_Supplemental_Dataset1.xls
Solyc07g054060,overlap_2or3reps_FDR0.05_IT (5),2004,108118_Supplemental_Dataset1.xls
Solyc07g054440,overlap_2or3reps_FDR0.05_IT (5),2014,108118_Supplemental_Dataset1.xls
Solyc07g054450,overlap_2or3reps_FDR0.05_IT (5),2016,108118_Supplemental_Dataset1.xls
Solyc07g054770,overlap_2or3reps_FDR0.05_IT (5),2020,108118_Supplemental_Dataset1.xls
Solyc07g055560,overlap_2or3reps_FDR0.05_IT (5),2024,108118_Supplemental_Dataset1.xls
Solyc07g055920,overlap_2or3reps_FDR0.05_IT (5),2025,108118_Supplemental_Dataset1.xls
Solyc07g056130,overlap_2or3reps_FDR0.05_IT (5),2026,108118_Supplemental_Dataset1.xls
Solyc07g056370,overlap_2or3reps_FDR0.05_IT (5),2028,108118_Supplemental_Dataset1.xls
Solyc07g056390,overlap_2or3reps_FDR0.05_IT (5),2030,108118_Supplemental_Dataset1.xls
Solyc07g056520,overlap_2or3reps_FDR0.05_IT (5),2031,108118_Supplemental_Dataset1.xls
Solyc07g056570,overlap_2or3reps_FDR0.05_IT (5),2032,108118_Supplemental_Dataset1.xls
Solyc07g062530,overlap_2or3reps_FDR0.05_IT (5),2037,108118_Supplemental_Dataset1.xls
Solyc07g062550,overlap_2or3reps_FDR0.05_IT (5),2039,108118_Supplemental_Dataset1.xls
Solyc07g062560,overlap_2or3reps_FDR0.05_IT (5),2040,108118_Supplemental_Dataset1.xls
Solyc07g062740,overlap_2or3reps_FDR0.05_IT (5),2041,108118_Supplemental_Dataset1.xls
Solyc07g062760,overlap_2or3reps_FDR0.05_IT (5),2047,108118_Supplemental_Dataset1.xls
Solyc07g063000,overlap_2or3reps_FDR0.05_IT (5),2048,108118_Supplemental_Dataset1.xls
Solyc07g063340,overlap_2or3reps_FDR0.05_IT (5),2050,108118_Supplemental_Dataset1.xls
Solyc07g063590,overlap_2or3reps_FDR0.05_IT (5),2051,108118_Supplemental_Dataset1.xls
Solyc07g063610,overlap_2or3reps_FDR0.05_IT (5),2052,108118_Supplemental_Dataset1.xls
Solyc07g063620,overlap_2or3reps_FDR0.05_IT (5),2055,108118_Supplemental_Dataset1.xls
Solyc07g063870,overlap_2or3reps_FDR0.05_IT (5),2058,108118_Supplemental_Dataset1.xls
Solyc07g064130,overlap_2or3reps_FDR0.05_IT (5),2059,108118_Supplemental_Dataset1.xls
Solyc07g064410,overlap_2or3reps_FDR0.05_IT (5),2060,108118_Supplemental_Dataset1.xls
Solyc07g064420,overlap_2or3reps_FDR0.05_IT (5),2061,108118_Supplemental_Dataset1.xls
Solyc07g064620,overlap_2or3reps_FDR0.05_IT (5),2062,108118_Supplemental_Dataset1.xls
Solyc07g064680,overlap_2or3reps_FDR0.05_IT (5),2063,108118_Supplemental_Dataset1.xls
Solyc07g065260,overlap_2or3reps_FDR0.05_IT (5),2064,108118_Supplemental_Dataset1.xls
Solyc07g065860,overlap_2or3reps_FDR0.05_IT (5),2068,108118_Supplemental_Dataset1.xls
Solyc07g065960,overlap_2or3reps_FDR0.05_IT (5),2069,108118_Supplemental_Dataset1.xls
Solyc07g065970,overlap_2or3reps_FDR0.05_IT (5),2074,108118_Supplemental_Dataset1.xls
Solyc07g065990,overlap_2or3reps_FDR0.05_IT (5),2079,108118_Supplemental_Dataset1.xls
Solyc07g066000,overlap_2or3reps_FDR0.05_IT (5),2081,108118_Supplemental_Dataset1.xls
Solyc07g066010,overlap_2or3reps_FDR0.05_IT (5),2085,108118_Supplemental_Dataset1.xls
Solyc07g066020,overlap_2or3reps_FDR0.05_IT (5),2091,108118_Supplemental_Dataset1.xls
Solyc07g066160,overlap_2or3reps_FDR0.05_IT (5),2095,108118_Supplemental_Dataset1.xls
Solyc07g066170,overlap_2or3reps_FDR0.05_IT (5),2100,108118_Supplemental_Dataset1.xls
Solyc08g005610,overlap_2or3reps_FDR0.05_IT (5),2105,108118_Supplemental_Dataset1.xls
Solyc08g005760,overlap_2or3reps_FDR0.05_IT (5),2107,108118_Supplemental_Dataset1.xls
Solyc08g005770,overlap_2or3reps_FDR0.05_IT (5),2111,108118_Supplemental_Dataset1.xls
Solyc08g006670,overlap_2or3reps_FDR0.05_IT (5),2113,108118_Supplemental_Dataset1.xls
Solyc08g006680,overlap_2or3reps_FDR0.05_IT (5),2115,108118_Supplemental_Dataset1.xls
Solyc08g007190,overlap_2or3reps_FDR0.05_IT (5),2117,108118_Supplemental_Dataset1.xls
Solyc08g008370,overlap_2or3reps_FDR0.05_IT (5),2118,108118_Supplemental_Dataset1.xls
Solyc08g014000,overlap_2or3reps_FDR0.05_IT (5),2119,108118_Supplemental_Dataset1.xls
Solyc08g014130,overlap_2or3reps_FDR0.05_IT (5),2124,108118_Supplemental_Dataset1.xls
Solyc08g016220,overlap_2or3reps_FDR0.05_IT (5),2126,108118_Supplemental_Dataset1.xls
Solyc08g016430,overlap_2or3reps_FDR0.05_IT (5),2128,108118_Supplemental_Dataset1.xls
Solyc08g048280,overlap_2or3reps_FDR0.05_IT (5),2129,108118_Supplemental_Dataset1.xls
Solyc08g048290,overlap_2or3reps_FDR0.05_IT (5),2130,108118_Supplemental_Dataset1.xls
Solyc08g060810,overlap_2or3reps_FDR0.05_IT (5),2131,108118_Supplemental_Dataset1.xls
Solyc08g061020,overlap_2or3reps_FDR0.05_IT (5),2132,108118_Supplemental_Dataset1.xls
Solyc08g061060,overlap_2or3reps_FDR0.05_IT (5),2137,108118_Supplemental_Dataset1.xls
Solyc08g061270,overlap_2or3reps_FDR0.05_IT (5),2140,108118_Supplemental_Dataset1.xls
Solyc08g061480,overlap_2or3reps_FDR0.05_IT (5),2142,108118_Supplemental_Dataset1.xls
Solyc08g062820,overlap_2or3reps_FDR0.05_IT (5),2144,108118_Supplemental_Dataset1.xls
Solyc08g062860,overlap_2or3reps_FDR0.05_IT (5),2146,108118_Supplemental_Dataset1.xls
Solyc08g063040,overlap_2or3reps_FDR0.05_IT (5),2148,108118_Supplemental_Dataset1.xls
Solyc08g065410,overlap_2or3reps_FDR0.05_IT (5),2150,108118_Supplemental_Dataset1.xls
Solyc08g065610,overlap_2or3reps_FDR0.05_IT (5),2152,108118_Supplemental_Dataset1.xls
Solyc08g065840,overlap_2or3reps_FDR0.05_IT (5),2153,108118_Supplemental_Dataset1.xls
Solyc08g065940,overlap_2or3reps_FDR0.05_IT (5),2154,108118_Supplemental_Dataset1.xls
Solyc08g065950,overlap_2or3reps_FDR0.05_IT (5),2155,108118_Supplemental_Dataset1.xls
Solyc08g066280,overlap_2or3reps_FDR0.05_IT (5),2156,108118_Supplemental_Dataset1.xls
Solyc08g066290,overlap_2or3reps_FDR0.05_IT (5),2157,108118_Supplemental_Dataset1.xls
Solyc08g066440,overlap_2or3reps_FDR0.05_IT (5),2158,108118_Supplemental_Dataset1.xls
Solyc08g066690,overlap_2or3reps_FDR0.05_IT (5),2159,108118_Supplemental_Dataset1.xls
Solyc08g066700,overlap_2or3reps_FDR0.05_IT (5),2160,108118_Supplemental_Dataset1.xls
Solyc08g066870,overlap_2or3reps_FDR0.05_IT (5),2161,108118_Supplemental_Dataset1.xls
Solyc08g067340,overlap_2or3reps_FDR0.05_IT (5),2163,108118_Supplemental_Dataset1.xls
Solyc08g067410,overlap_2or3reps_FDR0.05_IT (5),2168,108118_Supplemental_Dataset1.xls
Solyc08g068350,overlap_2or3reps_FDR0.05_IT (5),2171,108118_Supplemental_Dataset1.xls
Solyc08g068460,overlap_2or3reps_FDR0.05_IT (5),2172,108118_Supplemental_Dataset1.xls
Solyc08g068640,overlap_2or3reps_FDR0.05_IT (5),2174,108118_Supplemental_Dataset1.xls
Solyc08g069040,overlap_2or3reps_FDR0.05_IT (5),2175,108118_Supplemental_Dataset1.xls
Solyc08g075210,overlap_2or3reps_FDR0.05_IT (5),2177,108118_Supplemental_Dataset1.xls
Solyc08g075220,overlap_2or3reps_FDR0.05_IT (5),2182,108118_Supplemental_Dataset1.xls
Solyc08g075290,overlap_2or3reps_FDR0.05_IT (5),2187,108118_Supplemental_Dataset1.xls
Solyc08g075320,overlap_2or3reps_FDR0.05_IT (5),2188,108118_Supplemental_Dataset1.xls
Solyc08g075450,overlap_2or3reps_FDR0.05_IT (5),2196,108118_Supplemental_Dataset1.xls
Solyc08g075540,overlap_2or3reps_FDR0.05_IT (5),2200,108118_Supplemental_Dataset1.xls
Solyc08g075550,overlap_2or3reps_FDR0.05_IT (5),2204,108118_Supplemental_Dataset1.xls
Solyc08g075570,overlap_2or3reps_FDR0.05_IT (5),2208,108118_Supplemental_Dataset1.xls
Solyc08g076130,overlap_2or3reps_FDR0.05_IT (5),2212,108118_Supplemental_Dataset1.xls
Solyc08g076140,overlap_2or3reps_FDR0.05_IT (5),2213,108118_Supplemental_Dataset1.xls
Solyc08g076330,overlap_2or3reps_FDR0.05_IT (5),2214,108118_Supplemental_Dataset1.xls
Solyc08g076480,overlap_2or3reps_FDR0.05_IT (5),2215,108118_Supplemental_Dataset1.xls
Solyc08g076870,overlap_2or3reps_FDR0.05_IT (5),2217,108118_Supplemental_Dataset1.xls
Solyc08g077000,overlap_2or3reps_FDR0.05_IT (5),2218,108118_Supplemental_Dataset1.xls
Solyc08g077020,overlap_2or3reps_FDR0.05_IT (5),2219,108118_Supplemental_Dataset1.xls
Solyc08g077060,overlap_2or3reps_FDR0.05_IT (5),2220,108118_Supplemental_Dataset1.xls
Solyc08g077070,overlap_2or3reps_FDR0.05_IT (5),2221,108118_Supplemental_Dataset1.xls
Solyc08g077780,overlap_2or3reps_FDR0.05_IT (5),2222,108118_Supplemental_Dataset1.xls
Solyc08g078300,overlap_2or3reps_FDR0.05_IT (5),2227,108118_Supplemental_Dataset1.xls
Solyc08g078340,overlap_2or3reps_FDR0.05_IT (5),2231,108118_Supplemental_Dataset1.xls
Solyc08g078460,overlap_2or3reps_FDR0.05_IT (5),2233,108118_Supplemental_Dataset1.xls
Solyc08g078870,overlap_2or3reps_FDR0.05_IT (5),2235,108118_Supplemental_Dataset1.xls
Solyc08g079020,overlap_2or3reps_FDR0.05_IT (5),2251,108118_Supplemental_Dataset1.xls
Solyc08g079440,overlap_2or3reps_FDR0.05_IT (5),2252,108118_Supplemental_Dataset1.xls
Solyc08g079480,overlap_2or3reps_FDR0.05_IT (5),2254,108118_Supplemental_Dataset1.xls
Solyc08g079550,overlap_2or3reps_FDR0.05_IT (5),2257,108118_Supplemental_Dataset1.xls
Solyc08g079670,overlap_2or3reps_FDR0.05_IT (5),2259,108118_Supplemental_Dataset1.xls
Solyc08g079790,overlap_2or3reps_FDR0.05_IT (5),2264,108118_Supplemental_Dataset1.xls
Solyc08g079800,overlap_2or3reps_FDR0.05_IT (5),2265,108118_Supplemental_Dataset1.xls
Solyc08g080040,overlap_2or3reps_FDR0.05_IT (5),2266,108118_Supplemental_Dataset1.xls
Solyc08g080080,overlap_2or3reps_FDR0.05_IT (5),2273,108118_Supplemental_Dataset1.xls
Solyc08g080090,overlap_2or3reps_FDR0.05_IT (5),2277,108118_Supplemental_Dataset1.xls
Solyc08g080120,overlap_2or3reps_FDR0.05_IT (5),2278,108118_Supplemental_Dataset1.xls
Solyc08g080410,overlap_2or3reps_FDR0.05_IT (5),2280,108118_Supplemental_Dataset1.xls
Solyc08g080420,overlap_2or3reps_FDR0.05_IT (5),2284,108118_Supplemental_Dataset1.xls
Solyc08g080500,overlap_2or3reps_FDR0.05_IT (5),2288,108118_Supplemental_Dataset1.xls
Solyc08g080630,overlap_2or3reps_FDR0.05_IT (5),2290,108118_Supplemental_Dataset1.xls
Solyc08g080640,overlap_2or3reps_FDR0.05_IT (5),2294,108118_Supplemental_Dataset1.xls
Solyc08g080670,overlap_2or3reps_FDR0.05_IT (5),2298,108118_Supplemental_Dataset1.xls
Solyc08g080680,overlap_2or3reps_FDR0.05_IT (5),2300,108118_Supplemental_Dataset1.xls
Solyc08g080960,overlap_2or3reps_FDR0.05_IT (5),2302,108118_Supplemental_Dataset1.xls
Solyc08g081010,overlap_2or3reps_FDR0.05_IT (5),2308,108118_Supplemental_Dataset1.xls
Solyc08g081030,overlap_2or3reps_FDR0.05_IT (5),2309,108118_Supplemental_Dataset1.xls
Solyc08g081040,overlap_2or3reps_FDR0.05_IT (5),2319,108118_Supplemental_Dataset1.xls
Solyc08g081180,overlap_2or3reps_FDR0.05_IT (5),2329,108118_Supplemental_Dataset1.xls
Solyc08g081230,overlap_2or3reps_FDR0.05_IT (5),2333,108118_Supplemental_Dataset1.xls
Solyc08g081330,overlap_2or3reps_FDR0.05_IT (5),2339,108118_Supplemental_Dataset1.xls
Solyc08g081340,overlap_2or3reps_FDR0.05_IT (5),2342,108118_Supplemental_Dataset1.xls
Solyc08g081710,overlap_2or3reps_FDR0.05_IT (5),2345,108118_Supplemental_Dataset1.xls
Solyc08g081890,overlap_2or3reps_FDR0.05_IT (5),2351,108118_Supplemental_Dataset1.xls
Solyc08g082170,overlap_2or3reps_FDR0.05_IT (5),2353,108118_Supplemental_Dataset1.xls
Solyc08g083130,overlap_2or3reps_FDR0.05_IT (5),2359,108118_Supplemental_Dataset1.xls
Solyc09g005080,overlap_2or3reps_FDR0.05_IT (5),2365,108118_Supplemental_Dataset1.xls
Solyc09g005320,overlap_2or3reps_FDR0.05_IT (5),2367,108118_Supplemental_Dataset1.xls
Solyc09g005440,overlap_2or3reps_FDR0.05_IT (5),2369,108118_Supplemental_Dataset1.xls
Solyc09g005450,overlap_2or3reps_FDR0.05_IT (5),2370,108118_Supplemental_Dataset1.xls
Solyc09g005460,overlap_2or3reps_FDR0.05_IT (5),2371,108118_Supplemental_Dataset1.xls
Solyc09g005730,overlap_2or3reps_FDR0.05_IT (5),2372,108118_Supplemental_Dataset1.xls
Solyc09g007670,overlap_2or3reps_FDR0.05_IT (5),2374,108118_Supplemental_Dataset1.xls
Solyc09g008000,overlap_2or3reps_FDR0.05_IT (5),2380,108118_Supplemental_Dataset1.xls
Solyc09g008010,overlap_2or3reps_FDR0.05_IT (5),2381,108118_Supplemental_Dataset1.xls
Solyc09g008130,overlap_2or3reps_FDR0.05_IT (5),2382,108118_Supplemental_Dataset1.xls
Solyc09g008140,overlap_2or3reps_FDR0.05_IT (5),2387,108118_Supplemental_Dataset1.xls
Solyc09g008170,overlap_2or3reps_FDR0.05_IT (5),2392,108118_Supplemental_Dataset1.xls
Solyc09g008320,overlap_2or3reps_FDR0.05_IT (5),2394,108118_Supplemental_Dataset1.xls
Solyc09g009590,overlap_2or3reps_FDR0.05_IT (5),2395,108118_Supplemental_Dataset1.xls
Solyc09g009760,overlap_2or3reps_FDR0.05_IT (5),2396,108118_Supplemental_Dataset1.xls
Solyc09g010180,overlap_2or3reps_FDR0.05_IT (5),2399,108118_Supplemental_Dataset1.xls
Solyc09g010210,overlap_2or3reps_FDR0.05_IT (5),2400,108118_Supplemental_Dataset1.xls
Solyc09g010630,overlap_2or3reps_FDR0.05_IT (5),2403,108118_Supplemental_Dataset1.xls
Solyc09g010880,overlap_2or3reps_FDR0.05_IT (5),2409,108118_Supplemental_Dataset1.xls
Solyc09g010890,overlap_2or3reps_FDR0.05_IT (5),2410,108118_Supplemental_Dataset1.xls
Solyc09g010930,overlap_2or3reps_FDR0.05_IT (5),2411,108118_Supplemental_Dataset1.xls
Solyc09g011060,overlap_2or3reps_FDR0.05_IT (5),2415,108118_Supplemental_Dataset1.xls
Solyc09g014260,overlap_2or3reps_FDR0.05_IT (5),2416,108118_Supplemental_Dataset1.xls
Solyc09g014270,overlap_2or3reps_FDR0.05_IT (5),2418,108118_Supplemental_Dataset1.xls
Solyc09g014310,overlap_2or3reps_FDR0.05_IT (5),2420,108118_Supplemental_Dataset1.xls
Solyc09g015830,overlap_2or3reps_FDR0.05_IT (5),2421,108118_Supplemental_Dataset1.xls
Solyc09g015840,overlap_2or3reps_FDR0.05_IT (5),2422,108118_Supplemental_Dataset1.xls
Solyc09g018320,overlap_2or3reps_FDR0.05_IT (5),2423,108118_Supplemental_Dataset1.xls
Solyc09g018330,overlap_2or3reps_FDR0.05_IT (5),2424,108118_Supplemental_Dataset1.xls
Solyc09g037040,overlap_2or3reps_FDR0.05_IT (5),2425,108118_Supplemental_Dataset1.xls
Solyc09g037050,overlap_2or3reps_FDR0.05_IT (5),2427,108118_Supplemental_Dataset1.xls
Solyc09g056390,overlap_2or3reps_FDR0.05_IT (5),2429,108118_Supplemental_Dataset1.xls
Solyc09g059430,overlap_2or3reps_FDR0.05_IT (5),2431,108118_Supplemental_Dataset1.xls
Solyc09g061280,overlap_2or3reps_FDR0.05_IT (5),2435,108118_Supplemental_Dataset1.xls
Solyc09g063010,overlap_2or3reps_FDR0.05_IT (5),2437,108118_Supplemental_Dataset1.xls
Solyc09g064280,overlap_2or3reps_FDR0.05_IT (5),2438,108118_Supplemental_Dataset1.xls
Solyc09g065030,overlap_2or3reps_FDR0.05_IT (5),2442,108118_Supplemental_Dataset1.xls
Solyc09g065520,overlap_2or3reps_FDR0.05_IT (5),2444,108118_Supplemental_Dataset1.xls
Solyc09g066210,overlap_2or3reps_FDR0.05_IT (5),2445,108118_Supplemental_Dataset1.xls
Solyc09g066410,overlap_2or3reps_FDR0.05_IT (5),2449,108118_Supplemental_Dataset1.xls
Solyc09g066440,overlap_2or3reps_FDR0.05_IT (5),2451,108118_Supplemental_Dataset1.xls
Solyc09g072530,overlap_2or3reps_FDR0.05_IT (5),2452,108118_Supplemental_Dataset1.xls
Solyc09g072540,overlap_2or3reps_FDR0.05_IT (5),2454,108118_Supplemental_Dataset1.xls
Solyc09g072550,overlap_2or3reps_FDR0.05_IT (5),2456,108118_Supplemental_Dataset1.xls
Solyc09g074270,overlap_2or3reps_FDR0.05_IT (5),2458,108118_Supplemental_Dataset1.xls
Solyc09g074490,overlap_2or3reps_FDR0.05_IT (5),2460,108118_Supplemental_Dataset1.xls
Solyc09g075820,overlap_2or3reps_FDR0.05_IT (5),2463,108118_Supplemental_Dataset1.xls
Solyc09g075830,overlap_2or3reps_FDR0.05_IT (5),2464,108118_Supplemental_Dataset1.xls
Solyc09g075840,overlap_2or3reps_FDR0.05_IT (5),2465,108118_Supplemental_Dataset1.xls
Solyc09g082460,overlap_2or3reps_FDR0.05_IT (5),2471,108118_Supplemental_Dataset1.xls
Solyc09g082470,overlap_2or3reps_FDR0.05_IT (5),2474,108118_Supplemental_Dataset1.xls
Solyc09g082670,overlap_2or3reps_FDR0.05_IT (5),2475,108118_Supplemental_Dataset1.xls
Solyc09g089580,overlap_2or3reps_FDR0.05_IT (5),2476,108118_Supplemental_Dataset1.xls
Solyc09g090610,overlap_2or3reps_FDR0.05_IT (5),2479,108118_Supplemental_Dataset1.xls
Solyc09g090620,overlap_2or3reps_FDR0.05_IT (5),2485,108118_Supplemental_Dataset1.xls
Solyc09g090640,overlap_2or3reps_FDR0.05_IT (5),2491,108118_Supplemental_Dataset1.xls
Solyc09g090790,overlap_2or3reps_FDR0.05_IT (5),2493,108118_Supplemental_Dataset1.xls
Solyc09g091260,overlap_2or3reps_FDR0.05_IT (5),2494,108118_Supplemental_Dataset1.xls
Solyc09g091290,overlap_2or3reps_FDR0.05_IT (5),2495,108118_Supplemental_Dataset1.xls
Solyc09g092260,overlap_2or3reps_FDR0.05_IT (5),2496,108118_Supplemental_Dataset1.xls
Solyc09g092420,overlap_2or3reps_FDR0.05_IT (5),2500,108118_Supplemental_Dataset1.xls
Solyc09g092500,overlap_2or3reps_FDR0.05_IT (5),2501,108118_Supplemental_Dataset1.xls
Solyc09g092680,overlap_2or3reps_FDR0.05_IT (5),2502,108118_Supplemental_Dataset1.xls
Solyc09g092690,overlap_2or3reps_FDR0.05_IT (5),2503,108118_Supplemental_Dataset1.xls
Solyc09g098070,overlap_2or3reps_FDR0.05_IT (5),2504,108118_Supplemental_Dataset1.xls
Solyc09g098460,overlap_2or3reps_FDR0.05_IT (5),2505,108118_Supplemental_Dataset1.xls
Solyc10g006880,overlap_2or3reps_FDR0.05_IT (5),2506,108118_Supplemental_Dataset1.xls
Solyc10g007310,overlap_2or3reps_FDR0.05_IT (5),2507,108118_Supplemental_Dataset1.xls
Solyc10g007720,overlap_2or3reps_FDR0.05_IT (5),2508,108118_Supplemental_Dataset1.xls
Solyc10g008350,overlap_2or3reps_FDR0.05_IT (5),2510,108118_Supplemental_Dataset1.xls
Solyc10g008400,overlap_2or3reps_FDR0.05_IT (5),2511,108118_Supplemental_Dataset1.xls
Solyc10g008470,overlap_2or3reps_FDR0.05_IT (5),2513,108118_Supplemental_Dataset1.xls
Solyc10g008500,overlap_2or3reps_FDR0.05_IT (5),2515,108118_Supplemental_Dataset1.xls
Solyc10g008510,overlap_2or3reps_FDR0.05_IT (5),2516,108118_Supplemental_Dataset1.xls
Solyc10g008730,overlap_2or3reps_FDR0.05_IT (5),2517,108118_Supplemental_Dataset1.xls
Solyc10g009110,overlap_2or3reps_FDR0.05_IT (5),2520,108118_Supplemental_Dataset1.xls
Solyc10g009420,overlap_2or3reps_FDR0.05_IT (5),2521,108118_Supplemental_Dataset1.xls
Solyc10g009430,overlap_2or3reps_FDR0.05_IT (5),2522,108118_Supplemental_Dataset1.xls
Solyc10g012240,overlap_2or3reps_FDR0.05_IT (5),2523,108118_Supplemental_Dataset1.xls
Solyc10g019090,overlap_2or3reps_FDR0.05_IT (5),2524,108118_Supplemental_Dataset1.xls
Solyc10g024490,overlap_2or3reps_FDR0.05_IT (5),2526,108118_Supplemental_Dataset1.xls
Solyc10g039280,overlap_2or3reps_FDR0.05_IT (5),2530,108118_Supplemental_Dataset1.xls
Solyc10g039340,overlap_2or3reps_FDR0.05_IT (5),2535,108118_Supplemental_Dataset1.xls
Solyc10g044450,overlap_2or3reps_FDR0.05_IT (5),2536,108118_Supplemental_Dataset1.xls
Solyc10g050860,overlap_2or3reps_FDR0.05_IT (5),2537,108118_Supplemental_Dataset1.xls
Solyc10g050940,overlap_2or3reps_FDR0.05_IT (5),2540,108118_Supplemental_Dataset1.xls
Solyc10g050950,overlap_2or3reps_FDR0.05_IT (5),2547,108118_Supplemental_Dataset1.xls
Solyc10g054670,overlap_2or3reps_FDR0.05_IT (5),2554,108118_Supplemental_Dataset1.xls
Solyc10g055720,overlap_2or3reps_FDR0.05_IT (5),2555,108118_Supplemental_Dataset1.xls
Solyc10g074940,overlap_2or3reps_FDR0.05_IT (5),2557,108118_Supplemental_Dataset1.xls
Solyc10g076580,overlap_2or3reps_FDR0.05_IT (5),2558,108118_Supplemental_Dataset1.xls
Solyc10g076600,overlap_2or3reps_FDR0.05_IT (5),2559,108118_Supplemental_Dataset1.xls
Solyc10g076610,overlap_2or3reps_FDR0.05_IT (5),2565,108118_Supplemental_Dataset1.xls
Solyc10g077010,overlap_2or3reps_FDR0.05_IT (5),2571,108118_Supplemental_Dataset1.xls
Solyc10g077020,overlap_2or3reps_FDR0.05_IT (5),2572,108118_Supplemental_Dataset1.xls
Solyc10g078340,overlap_2or3reps_FDR0.05_IT (5),2573,108118_Supplemental_Dataset1.xls
Solyc10g078430,overlap_2or3reps_FDR0.05_IT (5),2574,108118_Supplemental_Dataset1.xls
Solyc10g078570,overlap_2or3reps_FDR0.05_IT (5),2576,108118_Supplemental_Dataset1.xls
Solyc10g078610,overlap_2or3reps_FDR0.05_IT (5),2581,108118_Supplemental_Dataset1.xls
Solyc10g079050,overlap_2or3reps_FDR0.05_IT (5),2583,108118_Supplemental_Dataset1.xls
Solyc10g079130,overlap_2or3reps_FDR0.05_IT (5),2584,108118_Supplemental_Dataset1.xls
Solyc10g079370,overlap_2or3reps_FDR0.05_IT (5),2591,108118_Supplemental_Dataset1.xls
Solyc10g079570,overlap_2or3reps_FDR0.05_IT (5),2593,108118_Supplemental_Dataset1.xls
Solyc10g079870,overlap_2or3reps_FDR0.05_IT (5),2595,108118_Supplemental_Dataset1.xls
Solyc10g080020,overlap_2or3reps_FDR0.05_IT (5),2613,108118_Supplemental_Dataset1.xls
Solyc10g080030,overlap_2or3reps_FDR0.05_IT (5),2623,108118_Supplemental_Dataset1.xls
Solyc10g080470,overlap_2or3reps_FDR0.05_IT (5),2633,108118_Supplemental_Dataset1.xls
Solyc10g080480,overlap_2or3reps_FDR0.05_IT (5),2639,108118_Supplemental_Dataset1.xls
Solyc10g080560,overlap_2or3reps_FDR0.05_IT (5),2645,108118_Supplemental_Dataset1.xls
Solyc10g080770,overlap_2or3reps_FDR0.05_IT (5),2647,108118_Supplemental_Dataset1.xls
Solyc10g080950,overlap_2or3reps_FDR0.05_IT (5),2653,108118_Supplemental_Dataset1.xls
Solyc10g080960,overlap_2or3reps_FDR0.05_IT (5),2655,108118_Supplemental_Dataset1.xls
Solyc10g081460,overlap_2or3reps_FDR0.05_IT (5),2657,108118_Supplemental_Dataset1.xls
Solyc10g081530,overlap_2or3reps_FDR0.05_IT (5),2659,108118_Supplemental_Dataset1.xls
Solyc10g081540,overlap_2or3reps_FDR0.05_IT (5),2660,108118_Supplemental_Dataset1.xls
Solyc10g081650,overlap_2or3reps_FDR0.05_IT (5),2661,108118_Supplemental_Dataset1.xls
Solyc10g081720,overlap_2or3reps_FDR0.05_IT (5),2666,108118_Supplemental_Dataset1.xls
Solyc10g083190,overlap_2or3reps_FDR0.05_IT (5),2674,108118_Supplemental_Dataset1.xls
Solyc10g083400,overlap_2or3reps_FDR0.05_IT (5),2676,108118_Supplemental_Dataset1.xls
Solyc10g083580,overlap_2or3reps_FDR0.05_IT (5),2682,108118_Supplemental_Dataset1.xls
Solyc10g084070,overlap_2or3reps_FDR0.05_IT (5),2683,108118_Supplemental_Dataset1.xls
Solyc10g084340,overlap_2or3reps_FDR0.05_IT (5),2685,108118_Supplemental_Dataset1.xls
Solyc10g084370,overlap_2or3reps_FDR0.05_IT (5),2693,108118_Supplemental_Dataset1.xls
Solyc10g084600,overlap_2or3reps_FDR0.05_IT (5),2695,108118_Supplemental_Dataset1.xls
Solyc10g084610,overlap_2or3reps_FDR0.05_IT (5),2699,108118_Supplemental_Dataset1.xls
Solyc10g084630,overlap_2or3reps_FDR0.05_IT (5),2701,108118_Supplemental_Dataset1.xls
Solyc10g084640,overlap_2or3reps_FDR0.05_IT (5),2702,108118_Supplemental_Dataset1.xls
Solyc10g084990,overlap_2or3reps_FDR0.05_IT (5),2703,108118_Supplemental_Dataset1.xls
Solyc10g085000,overlap_2or3reps_FDR0.05_IT (5),2704,108118_Supplemental_Dataset1.xls
Solyc10g085270,overlap_2or3reps_FDR0.05_IT (5),2707,108118_Supplemental_Dataset1.xls
Solyc10g085280,overlap_2or3reps_FDR0.05_IT (5),2709,108118_Supplemental_Dataset1.xls
Solyc10g085680,overlap_2or3reps_FDR0.05_IT (5),2711,108118_Supplemental_Dataset1.xls
Solyc10g085690,overlap_2or3reps_FDR0.05_IT (5),2712,108118_Supplemental_Dataset1.xls
Solyc10g085820,overlap_2or3reps_FDR0.05_IT (5),2713,108118_Supplemental_Dataset1.xls
Solyc10g085830,overlap_2or3reps_FDR0.05_IT (5),2717,108118_Supplemental_Dataset1.xls
Solyc10g085880,overlap_2or3reps_FDR0.05_IT (5),2721,108118_Supplemental_Dataset1.xls
Solyc10g085890,overlap_2or3reps_FDR0.05_IT (5),2722,108118_Supplemental_Dataset1.xls
Solyc11g005130,overlap_2or3reps_FDR0.05_IT (5),2723,108118_Supplemental_Dataset1.xls
Solyc11g005140,overlap_2or3reps_FDR0.05_IT (5),2724,108118_Supplemental_Dataset1.xls
Solyc11g005380,overlap_2or3reps_FDR0.05_IT (5),2725,108118_Supplemental_Dataset1.xls
Solyc11g005390,overlap_2or3reps_FDR0.05_IT (5),2733,108118_Supplemental_Dataset1.xls
Solyc11g005450,overlap_2or3reps_FDR0.05_IT (5),2740,108118_Supplemental_Dataset1.xls
Solyc11g005730,overlap_2or3reps_FDR0.05_IT (5),2742,108118_Supplemental_Dataset1.xls
Solyc11g006130,overlap_2or3reps_FDR0.05_IT (5),2744,108118_Supplemental_Dataset1.xls
Solyc11g007770,overlap_2or3reps_FDR0.05_IT (5),2745,108118_Supplemental_Dataset1.xls
Solyc11g008140,overlap_2or3reps_FDR0.05_IT (5),2746,108118_Supplemental_Dataset1.xls
Solyc11g008350,overlap_2or3reps_FDR0.05_IT (5),2754,108118_Supplemental_Dataset1.xls
Solyc11g008910,overlap_2or3reps_FDR0.05_IT (5),2756,108118_Supplemental_Dataset1.xls
Solyc11g009000,overlap_2or3reps_FDR0.05_IT (5),2757,108118_Supplemental_Dataset1.xls
Solyc11g010380,overlap_2or3reps_FDR0.05_IT (5),2760,108118_Supplemental_Dataset1.xls
Solyc11g010490,overlap_2or3reps_FDR0.05_IT (5),2761,108118_Supplemental_Dataset1.xls
Solyc11g010630,overlap_2or3reps_FDR0.05_IT (5),2765,108118_Supplemental_Dataset1.xls
Solyc11g010830,overlap_2or3reps_FDR0.05_IT (5),2766,108118_Supplemental_Dataset1.xls
Solyc11g010840,overlap_2or3reps_FDR0.05_IT (5),2767,108118_Supplemental_Dataset1.xls
Solyc11g010870,overlap_2or3reps_FDR0.05_IT (5),2768,108118_Supplemental_Dataset1.xls
Solyc11g010880,overlap_2or3reps_FDR0.05_IT (5),2769,108118_Supplemental_Dataset1.xls
Solyc11g011440,overlap_2or3reps_FDR0.05_IT (5),2770,108118_Supplemental_Dataset1.xls
Solyc11g011750,overlap_2or3reps_FDR0.05_IT (5),2771,108118_Supplemental_Dataset1.xls
Solyc11g011850,overlap_2or3reps_FDR0.05_IT (5),2775,108118_Supplemental_Dataset1.xls
Solyc11g011930,overlap_2or3reps_FDR0.05_IT (5),2777,108118_Supplemental_Dataset1.xls
Solyc11g012150,overlap_2or3reps_FDR0.05_IT (5),2778,108118_Supplemental_Dataset1.xls
Solyc11g012290,overlap_2or3reps_FDR0.05_IT (5),2779,108118_Supplemental_Dataset1.xls
Solyc11g012320,overlap_2or3reps_FDR0.05_IT (5),2783,108118_Supplemental_Dataset1.xls
Solyc11g012430,overlap_2or3reps_FDR0.05_IT (5),2785,108118_Supplemental_Dataset1.xls
Solyc11g013170,overlap_2or3reps_FDR0.05_IT (5),2788,108118_Supplemental_Dataset1.xls
Solyc11g013330,overlap_2or3reps_FDR0.05_IT (5),2789,108118_Supplemental_Dataset1.xls
Solyc11g022460,overlap_2or3reps_FDR0.05_IT (5),2793,108118_Supplemental_Dataset1.xls
Solyc11g039470,overlap_2or3reps_FDR0.05_IT (5),2795,108118_Supplemental_Dataset1.xls
Solyc11g051160,overlap_2or3reps_FDR0.05_IT (5),2799,108118_Supplemental_Dataset1.xls
Solyc11g064900,overlap_2or3reps_FDR0.05_IT (5),2800,108118_Supplemental_Dataset1.xls
Solyc11g065000,overlap_2or3reps_FDR0.05_IT (5),2801,108118_Supplemental_Dataset1.xls
Solyc11g065070,overlap_2or3reps_FDR0.05_IT (5),2803,108118_Supplemental_Dataset1.xls
Solyc11g065490,overlap_2or3reps_FDR0.05_IT (5),2805,108118_Supplemental_Dataset1.xls
Solyc11g065500,overlap_2or3reps_FDR0.05_IT (5),2806,108118_Supplemental_Dataset1.xls
Solyc11g065530,overlap_2or3reps_FDR0.05_IT (5),2807,108118_Supplemental_Dataset1.xls
Solyc11g066040,overlap_2or3reps_FDR0.05_IT (5),2809,108118_Supplemental_Dataset1.xls
Solyc11g068450,overlap_2or3reps_FDR0.05_IT (5),2813,108118_Supplemental_Dataset1.xls
Solyc11g069350,overlap_2or3reps_FDR0.05_IT (5),2820,108118_Supplemental_Dataset1.xls
Solyc11g069430,overlap_2or3reps_FDR0.05_IT (5),2822,108118_Supplemental_Dataset1.xls
Solyc11g069790,overlap_2or3reps_FDR0.05_IT (5),2825,108118_Supplemental_Dataset1.xls
Solyc11g072600,overlap_2or3reps_FDR0.05_IT (5),2827,108118_Supplemental_Dataset1.xls
Solyc11g072660,overlap_2or3reps_FDR0.05_IT (5),2829,108118_Supplemental_Dataset1.xls
Solyc11g072710,overlap_2or3reps_FDR0.05_IT (5),2830,108118_Supplemental_Dataset1.xls
Solyc11g072890,overlap_2or3reps_FDR0.05_IT (5),2832,108118_Supplemental_Dataset1.xls
Solyc12g005860,overlap_2or3reps_FDR0.05_IT (5),2838,108118_Supplemental_Dataset1.xls
Solyc12g005870,overlap_2or3reps_FDR0.05_IT (5),2840,108118_Supplemental_Dataset1.xls
Solyc12g006850,overlap_2or3reps_FDR0.05_IT (5),2842,108118_Supplemental_Dataset1.xls
Solyc12g006880,overlap_2or3reps_FDR0.05_IT (5),2853,108118_Supplemental_Dataset1.xls
Solyc12g006890,overlap_2or3reps_FDR0.05_IT (5),2854,108118_Supplemental_Dataset1.xls
Solyc12g006970,overlap_2or3reps_FDR0.05_IT (5),2855,108118_Supplemental_Dataset1.xls
Solyc12g007180,overlap_2or3reps_FDR0.05_IT (5),2857,108118_Supplemental_Dataset1.xls
Solyc12g007190,overlap_2or3reps_FDR0.05_IT (5),2858,108118_Supplemental_Dataset1.xls
Solyc12g008800,overlap_2or3reps_FDR0.05_IT (5),2859,108118_Supplemental_Dataset1.xls
Solyc12g009020,overlap_2or3reps_FDR0.05_IT (5),2863,108118_Supplemental_Dataset1.xls
Solyc12g009050,overlap_2or3reps_FDR0.05_IT (5),2867,108118_Supplemental_Dataset1.xls
Solyc12g009060,overlap_2or3reps_FDR0.05_IT (5),2869,108118_Supplemental_Dataset1.xls
Solyc12g010160,overlap_2or3reps_FDR0.05_IT (5),2871,108118_Supplemental_Dataset1.xls
Solyc12g010310,overlap_2or3reps_FDR0.05_IT (5),2872,108118_Supplemental_Dataset1.xls
Solyc12g010320,overlap_2or3reps_FDR0.05_IT (5),2873,108118_Supplemental_Dataset1.xls
Solyc12g011340,overlap_2or3reps_FDR0.05_IT (5),2874,108118_Supplemental_Dataset1.xls
Solyc12g011420,overlap_2or3reps_FDR0.05_IT (5),2876,108118_Supplemental_Dataset1.xls
Solyc12g013760,overlap_2or3reps_FDR0.05_IT (5),2878,108118_Supplemental_Dataset1.xls
Solyc12g013770,overlap_2or3reps_FDR0.05_IT (5),2879,108118_Supplemental_Dataset1.xls
Solyc12g013840,overlap_2or3reps_FDR0.05_IT (5),2880,108118_Supplemental_Dataset1.xls
Solyc12g014510,overlap_2or3reps_FDR0.05_IT (5),2881,108118_Supplemental_Dataset1.xls
Solyc12g017530,overlap_2or3reps_FDR0.05_IT (5),2882,108118_Supplemental_Dataset1.xls
Solyc12g039100,overlap_2or3reps_FDR0.05_IT (5),2886,108118_Supplemental_Dataset1.xls
Solyc12g044240,overlap_2or3reps_FDR0.05_IT (5),2888,108118_Supplemental_Dataset1.xls
Solyc12g044940,overlap_2or3reps_FDR0.05_IT (5),2890,108118_Supplemental_Dataset1.xls
Solyc12g044990,overlap_2or3reps_FDR0.05_IT (5),2892,108118_Supplemental_Dataset1.xls
Solyc12g055770,overlap_2or3reps_FDR0.05_IT (5),2896,108118_Supplemental_Dataset1.xls
Solyc12g056460,overlap_2or3reps_FDR0.05_IT (5),2900,108118_Supplemental_Dataset1.xls
Solyc12g056640,overlap_2or3reps_FDR0.05_IT (5),2906,108118_Supplemental_Dataset1.xls
Solyc12g056760,overlap_2or3reps_FDR0.05_IT (5),2907,108118_Supplemental_Dataset1.xls
Solyc12g056770,overlap_2or3reps_FDR0.05_IT (5),2915,108118_Supplemental_Dataset1.xls
Solyc12g057060,overlap_2or3reps_FDR0.05_IT (5),2923,108118_Supplemental_Dataset1.xls
Solyc12g087950,overlap_2or3reps_FDR0.05_IT (5),2929,108118_Supplemental_Dataset1.xls
Solyc12g088200,overlap_2or3reps_FDR0.05_IT (5),2930,108118_Supplemental_Dataset1.xls
Solyc12g088370,overlap_2or3reps_FDR0.05_IT (5),2931,108118_Supplemental_Dataset1.xls
Solyc12g088420,overlap_2or3reps_FDR0.05_IT (5),2935,108118_Supplemental_Dataset1.xls
Solyc12g088430,overlap_2or3reps_FDR0.05_IT (5),2939,108118_Supplemental_Dataset1.xls
Solyc12g088750,overlap_2or3reps_FDR0.05_IT (5),2943,108118_Supplemental_Dataset1.xls
Solyc12g089240,overlap_2or3reps_FDR0.05_IT (5),2947,108118_Supplemental_Dataset1.xls
Solyc12g094460,overlap_2or3reps_FDR0.05_IT (5),2951,108118_Supplemental_Dataset1.xls
Solyc12g094530,overlap_2or3reps_FDR0.05_IT (5),2952,108118_Supplemental_Dataset1.xls
Solyc12g096070,overlap_2or3reps_FDR0.05_IT (5),2956,108118_Supplemental_Dataset1.xls
Solyc12g096500,overlap_2or3reps_FDR0.05_IT (5),2957,108118_Supplemental_Dataset1.xls
Solyc12g096570,overlap_2or3reps_FDR0.05_IT (5),2958,108118_Supplemental_Dataset1.xls
Solyc12g096670,overlap_2or3reps_FDR0.05_IT (5),2959,108118_Supplemental_Dataset1.xls
Solyc12g098330,overlap_2or3reps_FDR0.05_IT (5),2960,108118_Supplemental_Dataset1.xls
Solyc12g098340,overlap_2or3reps_FDR0.05_IT (5),2961,108118_Supplemental_Dataset1.xls
Solyc12g098360,overlap_2or3reps_FDR0.05_IT (5),2962,108118_Supplemental_Dataset1.xls
Solyc12g098370,overlap_2or3reps_FDR0.05_IT (5),2964,108118_Supplemental_Dataset1.xls
Solyc12g098710,overlap_2or3reps_FDR0.05_IT (5),2966,108118_Supplemental_Dataset1.xls
Solyc12g098740,overlap_2or3reps_FDR0.05_IT (5),2970,108118_Supplemental_Dataset1.xls
Solyc12g099120,overlap_2or3reps_FDR0.05_IT (5),2971,108118_Supplemental_Dataset1.xls
Solyc12g099130,overlap_2or3reps_FDR0.05_IT (5),2973,108118_Supplemental_Dataset1.xls
Solyc12g099270,overlap_2or3reps_FDR0.05_IT (5),2975,108118_Supplemental_Dataset1.xls
Solyc12g099280,overlap_2or3reps_FDR0.05_IT (5),2979,108118_Supplemental_Dataset1.xls
Solyc12g099340,overlap_2or3reps_FDR0.05_IT (5),2983,108118_Supplemental_Dataset1.xls
Solyc12g099760,overlap_2or3reps_FDR0.05_IT (5),2984,108118_Supplemental_Dataset1.xls
Solyc12g099770,overlap_2or3reps_FDR0.05_IT (5),2985,108118_Supplemental_Dataset1.xls
Solyc12g099810,overlap_2or3reps_FDR0.05_IT (5),2986,108118_Supplemental_Dataset1.xls
Solyc12g099890,overlap_2or3reps_FDR0.05_IT (5),2988,108118_Supplemental_Dataset1.xls
Solyc12g099900,overlap_2or3reps_FDR0.05_IT (5),2990,108118_Supplemental_Dataset1.xls
Solyc12g100180,overlap_2or3reps_FDR0.05_IT (5),2996,108118_Supplemental_Dataset1.xls
