gene_id,effect_source_a,effect_source_b,same_direction,minimum_absolute_effect,effect_GSE267238,effect_GSE128739,all_four_measured,matching_direction_count,all_four_same_direction,minimum_absolute_effect_percentile,mean_absolute_effect_percentile,evidence_scope,candidate_rank,gene_name,gene_biotype,gene_description,tf_family
Solyc02g065260,0.6795538039434523,0.7152855282738095,True,0.6795538039434523,7.924250517492633,8.84211821453818,True,4,True,0.9310344827586207,0.9670950465875607,cross_cohort_expression_replication_only,1,Solyc02g065260.4,protein_coding,Methylesterase 1 (AHRD V3.3 *** A0A2G3D300_CAPCH) && sp|Q6RYA0|SABP2_TOBAC Salicylic acid-binding protein 2 OS=Nicotiana tabacum OX=4097 GN=SABP2 PE=1 SV=1 && PF00561:alpha/beta hydrolase fold,Abhydrolase_1
Solyc11g010960,-0.7101585751488095,-0.8292120070684524,True,0.7101585751488095,-3.644282612750649,-5.823975914385177,True,4,True,0.8914549653579676,0.9394585689256989,cross_cohort_expression_replication_only,2,Solyc11g010960.2,protein_coding,Alcohol dehydrogenase (AHRD V3.3 *** A0A1Y1I027_KLENI) && sp|Q6V4H0|10HGO_CATRO 8-hydroxygeraniol dehydrogenase OS=Catharanthus roseus OX=4058 GN=10HGO PE=1 SV=1 && PF00107:Zinc-binding dehydrogenase|PF08240:Alcohol dehydrogenase GroES-like domain,ADH_N
Solyc01g095080,0.6965680803571429,0.6522739955357142,True,0.6522739955357142,5.506721048269272,7.7747675747508005,True,4,True,0.8879310344827587,0.9506998088715457,cross_cohort_expression_replication_only,3,Solyc01g095080.3,protein_coding,1-aminocyclopropane-1-carboxylic acid synthase-2 && sp|P18485|1A12_SOLLC 1-aminocyclopropane-1-carboxylate synthase 2 OS=Solanum lycopersicum OX=4081 GN=ACS2 PE=1 SV=2 && PF00155:Aminotransferase class I and II,Aminotran_1_2
Solyc12g088220,0.7594459170386907,0.6761823381696428,True,0.6761823381696428,3.468836311257699,8.582970004530107,True,4,True,0.8729792147806005,0.9380723899020467,cross_cohort_expression_replication_only,4,Solyc12g088220.2,protein_coding,"SlBCAT1 && sp|Q9M439|BCAT2_ARATH Branched-chain-amino-acid aminotransferase 2, chloroplastic OS=Arabidopsis thaliana OX=3702 GN=BCAT2 PE=1 SV=1 && PF01063:Amino-transferase class IV",-
Solyc10g084600,0.6166178385416667,0.719366164434524,True,0.6166178385416667,3.47519746249349,5.965043851604818,True,4,True,0.8663793103448276,0.905821951899339,cross_cohort_expression_replication_only,5,Solyc10g084600.2,protein_coding,Plant protein 1589 of Uncharacterized protein function (AHRD V3.3 *-* A0A061EZD3_THECC) && - && PF09713:Plant protein 1589 of unknown function (A_thal_3526),-
Solyc08g005770,0.8120465959821429,0.6924525669642858,True,0.6924525669642858,3.3671073328306154,6.9468963341499785,True,4,True,0.8614318706697459,0.9389571055984709,cross_cohort_expression_replication_only,6,Solyc08g005770.3,protein_coding,alcohol acyl transferase && sp|Q3ZPN4|ACMAT_VITLA Methanol O-anthraniloyltransferase OS=Vitis labrusca OX=103355 GN=AMAT PE=1 SV=1 && PF02458:Transferase family,-
Solyc11g006250,-0.6651088169642858,-0.7680431547619048,True,0.6651088169642858,-3.3366136802125035,-6.004401423928874,True,4,True,0.8521939953810623,0.9210226367763,cross_cohort_expression_replication_only,7,Solyc11g006250.2,protein_coding,GDSL-motif lipase/hydrolase family protein 2 && sp|Q8LB81|GDL79_ARATH GDSL esterase/lipase At5g33370 OS=Arabidopsis thaliana OX=3702 GN=At5g33370 PE=2 SV=1 && PF00657:GDSL-like Lipase/Acylhydrolase,Lipase_GDSL
Solyc03g120570,0.5961914062500001,0.6704101562500002,True,0.5961914062500001,6.1021483695105445,7.714324803635738,True,4,True,0.8405172413793104,0.9303413932467945,cross_cohort_expression_replication_only,8,Solyc03g120570.3,protein_coding,Protein NRT1/ PTR FAMILY 1.1 (AHRD V3.3 *** A0A2G2WPC3_CAPBA) && sp|Q9M817|PTR6_ARATH Protein NRT1/ PTR FAMILY 1.2 OS=Arabidopsis thaliana OX=3702 GN=NPF1.2 PE=1 SV=1 && PF00854:POT family,-
Solyc05g014000,-0.5887858072916667,-0.6497977120535715,True,0.5887858072916667,-3.81795885391331,-6.836881555260241,True,4,True,0.8297413793103449,0.8993962530859282,cross_cohort_expression_replication_only,9,Solyc05g014000.5,protein_coding,Pectate lyase (AHRD V3.11 *** tr_A0A2G3B8Z4_A0A2G3B8Z4_CAPCH) && sp|Q9FXD8|PLY5_ARATH Probable pectate lyase 5 OS=Arabidopsis thaliana OX=3702 GN=At1g67750 PE=2 SV=2 && PF00544:Pectate lyase,-
Solyc01g080410,0.6901739211309523,0.5958775111607144,True,0.5958775111607144,4.367315306291384,5.96612489953244,True,4,True,0.8211206896551724,0.9085569801704229,cross_cohort_expression_replication_only,10,Solyc01g080410.3,protein_coding,Peptide-methionine (R)-S-oxide reductase (AHRD V3.3 *** A0A1U8FLP0_CAPAN) && sp|Q9ZS91|MSRB5_ARATH Peptide methionine sulfoxide reductase B5 OS=Arabidopsis thaliana OX=3702 GN=MSRB5 PE=1 SV=1 && -,-
Solyc08g007240,-0.6346726190476192,-0.5856701078869047,True,0.5856701078869047,-4.337475058477518,-5.585352854642931,True,4,True,0.8038793103448276,0.8836953492076134,cross_cohort_expression_replication_only,11,Solyc08g007240.4,protein_coding,Nudix hydrolase 8 (AHRD V3.3 *** A0A1U8EVF7_CAPAN) && sp|Q8L7W2|NUDT8_ARATH Nudix hydrolase 8 OS=Arabidopsis thaliana OX=3702 GN=NUDT8 PE=2 SV=2 && PF18290:Nudix hydrolase domain|PF00293:NUDIX domain,NUDIX
Solyc03g121180,-0.7310500372023809,-0.8839343843005952,True,0.7310500372023809,-4.999171560723785,-4.551554026301019,True,4,True,0.7758620689655172,0.9284549952217888,cross_cohort_expression_replication_only,12,Solyc03g121180.4,protein_coding,GDSL esterase/lipase (AHRD V3.3 *** A0A2G3D0P9_CAPCH) && sp|Q9LU14|APG2_ARATH GDSL esterase/lipase APG OS=Arabidopsis thaliana OX=3702 GN=APG PE=2 SV=1 && PF00657:GDSL-like Lipase/Acylhydrolase,Lipase_GDSL
Solyc09g014350,-0.6325218563988095,-0.6600864955357142,True,0.6325218563988095,-2.9241481651490813,-5.357454505753417,True,4,True,0.7736720554272517,0.859366289718882,cross_cohort_expression_replication_only,13,Solyc09g014350.3,protein_coding,Glycerol-3-phosphate acyltransferase && sp|O80437|GPAT6_ARATH Glycerol-3-phosphate 2-O-acyltransferase 6 OS=Arabidopsis thaliana OX=3702 GN=GPAT6 PE=1 SV=1 && PF12710:haloacid dehalogenase-like hydrolase|PF01553:Acyltransferase,Acyltransferase
Solyc08g005630,0.6587611607142858,0.5572567894345238,True,0.5572567894345238,4.4889218423214325,6.695936312962971,True,4,True,0.7693965517241379,0.9011295990284304,cross_cohort_expression_replication_only,14,Solyc08g005630.3,protein_coding,Long-chain-alcohol oxidase (AHRD V3.3 *** R9R6I9_SOLLC) && sp|O65709|FAO4A_ARATH Long-chain-alcohol oxidase FAO4A OS=Arabidopsis thaliana OX=3702 GN=FAO4A PE=3 SV=2 && PF00732:GMC oxidoreductase|PF05199:GMC oxidoreductase,-
Solyc08g081220,-0.7006370907738095,-0.5556873139880951,True,0.5556873139880951,-3.4587353673244294,-5.089015235611079,True,4,True,0.7672413793103449,0.8615251951102971,cross_cohort_expression_replication_only,15,Solyc08g081220.1,protein_coding,Cytochrome P450 (AHRD V3.3 *** A0A200Q5S5_9MAGN) && sp|B3RFJ6|86A22_PETHY Cytochrome P450 86A22 OS=Petunia hybrida OX=4102 GN=CYP86A22 PE=1 SV=1 && PF00067:Cytochrome P450,p450
Solyc08g066240,0.5690976097470238,0.6887381417410714,True,0.5690976097470238,6.204198571301354,9.397889584913257,True,4,True,0.7650862068965517,0.9196041052799235,cross_cohort_expression_replication_only,16,Solyc08g066240.3,protein_coding,histidine decarboxylase && sp|P54772|DCHS_SOLLC Histidine decarboxylase OS=Solanum lycopersicum OX=4081 GN=HDC PE=2 SV=1 && PF00282:Pyridoxal-dependent decarboxylase conserved domain,-
Solyc04g080250,0.5977957589285716,0.5458635602678571,True,0.5458635602678571,3.693957890889605,5.011926076978184,True,4,True,0.7521551724137931,0.8372036015768097,cross_cohort_expression_replication_only,17,Solyc04g080250.3,protein_coding,Deoxyuridine 5'-triphosphate nucleotidohydrolase (AHRD V3.3 *** A0A2G3AX44_CAPCH) && sp|Q9STG6|DUT_ARATH Deoxyuridine 5'-triphosphate nucleotidohydrolase OS=Arabidopsis thaliana OX=3702 GN=DUT PE=1 SV=1 && PF00692:dUTPase,-
Solyc10g018140,0.5970865885416666,0.5479329427083335,True,0.5479329427083335,3.731319020386039,4.395741468972952,True,4,True,0.7521551724137931,0.8141126463327227,cross_cohort_expression_replication_only,18,Solyc10g018140.2,protein_coding,Dihydroflavonol-4-reductase (AHRD V3.3 *** A0A2K3N028_TRIPR) && sp|Q40316|VESTR_MEDSA Vestitone reductase OS=Medicago sativa OX=3879 PE=1 SV=1 && PF01073:3-beta hydroxysteroid dehydrogenase/isomerase family,-
Solyc10g007600,-0.8172781808035714,-0.8639206659226192,True,0.8172781808035714,-2.7836811953855864,-6.5314850436108784,True,4,True,0.74364896073903,0.9229812057019988,cross_cohort_expression_replication_only,19,Solyc10g007600.3,protein_coding,glycolate oxidase && sp|Q9LRR9|GLO1_ARATH (S)-2-hydroxy-acid oxidase GLO1 OS=Arabidopsis thaliana OX=3702 GN=GLO1 PE=1 SV=1 && PF01070:FMN-dependent dehydrogenase,FMN_dh
Solyc07g051950,0.5867164248511905,0.8015078590029763,True,0.5867164248511905,3.18229015688415,4.3015358940490005,True,4,True,0.7413793103448276,0.8458603766823285,cross_cohort_expression_replication_only,20,Solyc07g051950.3,protein_coding,S-type anion channel SLAH1 (AHRD V3.3 *** A0A2G2WD71_CAPBA) && sp|Q5E930|SLAH1_ARATH S-type anion channel SLAH1 OS=Arabidopsis thaliana OX=3702 GN=SLAH1 PE=2 SV=1 && PF03595:Voltage-dependent anion channel,C4dic_mal_tran
Solyc02g091920,-0.5726376488095238,-0.531436011904762,True,0.531436011904762,-3.8128682439649664,-5.156414106900648,True,4,True,0.7306034482758621,0.8228490582941785,cross_cohort_expression_replication_only,21,Solyc02g091920.3,protein_coding,xyloglucan endotransglucosylase-hydrolase 7 && sp|Q8LER3|XTH7_ARATH Probable xyloglucan endotransglucosylase/hydrolase protein 7 OS=Arabidopsis thaliana OX=3702 GN=XTH7 PE=2 SV=2 && PF00722:Glycosyl hydrolases family 16|PF06955:Xyloglucan endo-transglycosylase (XET) C-terminus,-
Solyc07g053540,-0.6821172805059526,-0.6541341145833334,True,0.6541341145833334,-3.6756969729893316,-4.207279972673825,True,4,True,0.7219827586206896,0.8614107171298877,cross_cohort_expression_replication_only,22,Solyc07g053540.1,protein_coding,Fasciclin-like arabinogalactan protein 9 (AHRD V3.3 *** A0A1U8HBV4_CAPAN) && sp|Q9ZWA8|FLA9_ARATH Fasciclin-like arabinogalactan protein 9 OS=Arabidopsis thaliana OX=3702 GN=FLA9 PE=2 SV=1 && PF02469:Fasciclin domain,-
Solyc05g014280,0.6077008928571428,0.6886160714285716,True,0.6077008928571428,5.283472934745711,4.169859220566397,True,4,True,0.7198275862068966,0.8703424882535638,cross_cohort_expression_replication_only,23,Solyc05g014280.4,protein_coding,"small heat shock protein 1 && sp|P09886|HS21C_PEA Small heat shock protein, chloroplastic OS=Pisum sativum OX=3888 GN=HSP21 PE=2 SV=1 && PF00011:Hsp20/alpha crystallin family",-
Solyc10g083400,0.5841820126488095,0.5149972098214286,True,0.5149972098214286,3.8292770217515835,6.2144230688561315,True,4,True,0.7112068965517241,0.8466331030500917,cross_cohort_expression_replication_only,24,Solyc10g083400.1,protein_coding,Cytochrome P450 (AHRD V3.3 *** A0A200Q6A4_9MAGN) && sp|Q9ZUX1|C94C1_ARATH Cytochrome P450 94C1 OS=Arabidopsis thaliana OX=3702 GN=CYP94C1 PE=1 SV=1 && PF00067:Cytochrome P450,p450
Solyc02g088270,0.543829055059524,0.5993187313988096,True,0.543829055059524,3.1420014542034775,6.101444122605265,True,4,True,0.7025862068965517,0.8241157820339253,cross_cohort_expression_replication_only,25,Solyc02g088270.3,protein_coding,hypothetical protein (DUF1997) (AHRD V3.3 *** AT5G39530.1) && - && PF09366:Protein of unknown function (DUF1997),-
Solyc08g066260,0.5417945498511906,0.7811976841517859,True,0.5417945498511906,5.288573553979156,7.256720823971442,True,4,True,0.6961206896551724,0.9097129589073824,cross_cohort_expression_replication_only,26,Solyc08g066260.3,protein_coding,Serine decarboxylase (AHRD V3.3 *** A0A2G2VBA7_CAPBA) && sp|P54772|DCHS_SOLLC Histidine decarboxylase OS=Solanum lycopersicum OX=4081 GN=HDC PE=2 SV=1 && PF00282:Pyridoxal-dependent decarboxylase conserved domain,-
Solyc02g089080,-0.7334333147321428,-0.6714564732142858,True,0.6714564732142858,-2.7123482829642125,-4.069030931378574,True,4,True,0.6896551724137931,0.8213795094369675,cross_cohort_expression_replication_only,27,Solyc02g089080.2,protein_coding,Protein RALF-like 27 (AHRD V3.3 --* A0A2G3D352_CAPCH) && - && -,-
Solyc06g083070,-0.6175595238095238,-0.4965645926339286,True,0.4965645926339286,-3.946578776780579,-4.304859138509203,True,4,True,0.6896551724137931,0.8046458150832204,cross_cohort_expression_replication_only,28,Solyc06g083070.3,protein_coding,Fimbrin-2 (AHRD V3.3 *** A0A2G2WN11_CAPBA) && sp|O50064|FIMB2_ARATH Fimbrin-2 OS=Arabidopsis thaliana OX=3702 GN=FIM2 PE=2 SV=1 && PF00307:Calponin homology (CH) domain,CH
Solyc02g067750,0.6055152529761905,0.6274239676339286,True,0.6055152529761905,2.5108001285894725,8.525706883046531,True,4,True,0.6812933025404158,0.8486638428764832,cross_cohort_expression_replication_only,29,Solyc02g067750.4,protein_coding,"Carbonic anhydrase (AHRD V3.3 *** A0A2G3D3J4_CAPCH) && sp|P27141|CAHC_TOBAC Carbonic anhydrase, chloroplastic OS=Nicotiana tabacum OX=4097 PE=2 SV=1 && PF00484:Carbonic anhydrase",-
Solyc03g112760,-0.5820428757440476,-0.4886067708333334,True,0.4886067708333334,-4.351671668217468,-4.482801617700886,True,4,True,0.6810344827586207,0.7991434060683285,cross_cohort_expression_replication_only,30,Solyc03g112760.3,protein_coding,transmembrane protein (AHRD V3.3 *** AT3G48200.1) && - && -,-
Solyc10g080390,-0.5476539248511906,-0.5706263950892856,True,0.5476539248511906,-3.448671666443518,-4.02434372930599,True,4,True,0.6702586206896551,0.758577138249582,cross_cohort_expression_replication_only,31,Solyc10g080390.2,protein_coding,serine/threonine-protein kinase Nek6-like isoform X1 (AHRD V3.3 *** A0A2I4G4E6_9ROSI) && sp|Q9LT35|NEK6_ARATH Serine/threonine-protein kinase Nek6 OS=Arabidopsis thaliana OX=3702 GN=NEK6 PE=3 SV=1 && PF00069:Protein kinase domain,Pkinase
Solyc08g067030,-0.5807989211309523,-0.4809105282738095,True,0.4809105282738095,-5.980909615612755,-7.21833385174739,True,4,True,0.665948275862069,0.8591821294895278,cross_cohort_expression_replication_only,32,Solyc08g067030.3,protein_coding,DUF642 domain-containing protein (AHRD V3.3 *** A0A1Q3BRG3_CEPFO) && - && PF04862:Protein of unknown function (DUF642),-
Solyc07g054860,-0.6162458147321428,-0.4806082589285714,True,0.4806082589285714,-3.6495169870121256,-5.707239780107055,True,4,True,0.6637931034482759,0.8338936947519312,cross_cohort_expression_replication_only,33,Solyc07g054860.1,protein_coding,Tyrosine/DOPA decarboxylase 3 (AHRD V3.3 *** A0A2G2Z3G9_CAPAN) && sp|P93082|TDC1_CAMAC Tryptophan decarboxylase TDC1 OS=Camptotheca acuminata OX=16922 GN=TDC1 PE=1 SV=1 && PF00282:Pyridoxal-dependent decarboxylase conserved domain,-
Solyc10g079050,0.5567452566964286,0.6250058128720238,True,0.5567452566964286,2.404651226399554,4.613756163750938,True,4,True,0.6628175519630485,0.7648423190252449,cross_cohort_expression_replication_only,34,Solyc10g079050.2,protein_coding,BHLH transcription factor o95 && sp|Q66GR3|BH130_ARATH Transcription factor bHLH130 OS=Arabidopsis thaliana OX=3702 GN=BHLH130 PE=1 SV=1 && PF00010:Helix-loop-helix DNA-binding domain,HLH
Solyc01g108490,-0.7807965959821428,-0.6170247395833335,True,0.6170247395833335,-5.26453947622009,-3.9403610105257183,True,4,True,0.6594827586206896,0.8676099486342279,cross_cohort_expression_replication_only,35,Solyc01g108490.3,protein_coding,Carboxypeptidase (AHRD V3.3 *** A0A1U8E723_CAPAN) && sp|A0A0C3VJP4|SCP1_MEDTR Serine carboxypeptidase 1 OS=Medicago truncatula OX=3880 GN=SCP1 PE=1 SV=3 && PF00450:Serine carboxypeptidase,Peptidase_S10
Solyc01g074030,-0.5633486793154763,-0.5866292317708334,True,0.5633486793154763,-4.389978620265569,-3.932434602886037,True,4,True,0.6551724137931034,0.7905998646173449,cross_cohort_expression_replication_only,36,Solyc01g074030.3,protein_coding,Beta-glucosidase (AHRD V3.3 *** Q43014_PRUAV) && sp|Q75W17|FURH_VIBFR Furcatin hydrolase OS=Viburnum furcatum OX=237940 PE=1 SV=1 && PF00232:Glycosyl hydrolase family 1,Glyco_hydro_1
Solyc01g107730,-0.6377766927083334,-0.7871849423363096,True,0.6377766927083334,-3.315176566915776,-3.924474080003175,True,4,True,0.6508620689655172,0.8439366488811022,cross_cohort_expression_replication_only,37,Solyc01g107730.3,protein_coding,"D-type cyclin-2 && sp|Q9SN11|CCD33_ARATH Cyclin-D3-3 OS=Arabidopsis thaliana OX=3702 GN=CYCD3-3 PE=2 SV=1 && PF00134:Cyclin, N-terminal domain|PF02984:Cyclin, C-terminal domain",Cyclin_C
Solyc03g013340,-0.643705822172619,-0.5516183035714286,True,0.5516183035714286,-2.257947374741154,-4.974505956909459,True,4,True,0.6397228637413395,0.7854695090387831,cross_cohort_expression_replication_only,38,Solyc03g013340.3,protein_coding,NOD26-like intrinsic protein 2.1 && sp|Q19KC1|NIP21_MAIZE Aquaporin NIP2-1 OS=Zea mays OX=4577 GN=NIP2-1 PE=2 SV=2 && PF00230:Major intrinsic protein,-
Solyc01g088400,0.5799153645833333,0.4628789992559525,True,0.4628789992559525,4.928992731057497,5.912107314943392,True,4,True,0.6379310344827587,0.8335502608107033,cross_cohort_expression_replication_only,39,Solyc01g088400.4,protein_coding,ECERIFERUM 1 && sp|F4HVY0|CER1_ARATH Very-long-chain aldehyde decarbonylase CER1 OS=Arabidopsis thaliana OX=3702 GN=CER1 PE=1 SV=1 && PF12076:WAX2 C-terminal domain|PF04116:Fatty acid hydroxylase superfamily,-
Solyc02g088100,-0.5166596912202381,-0.6494373139880951,True,0.5166596912202381,-3.142675335262241,-5.883446559260582,True,4,True,0.6293103448275862,0.8155722405829418,cross_cohort_expression_replication_only,40,Solyc02g088100.3,protein_coding,expansin precursor 5 && sp|Q9LDR9|EXP10_ARATH Expansin-A10 OS=Arabidopsis thaliana OX=3702 GN=EXPA10 PE=2 SV=1 && PF03330:Lytic transglycolase|PF01357:Pollen allergen,-
Solyc08g082620,-0.5614943731398809,-0.4617978050595239,True,0.4617978050595239,-2.97330678379367,-3.8337947546283275,True,4,True,0.6271551724137931,0.6967279206816915,cross_cohort_expression_replication_only,41,Solyc08g082620.3,protein_coding,"3-oxoacyl-[acyl-carrier-protein] synthase (AHRD V3.3 *** O82520_CAPCH) && sp|P52410|KASC1_ARATH 3-oxoacyl-[acyl-carrier-protein] synthase I, chloroplastic OS=Arabidopsis thaliana OX=3702 GN=KAS1 PE=1 SV=2 && PF00109:Beta-ketoacyl synthase, N-terminal domain|PF02801:Beta-ketoacyl synthase, C-terminal domain",ketoacyl-synt
Solyc01g094700,-0.5732073102678573,-0.45166015625,True,0.45166015625,-3.9841468143919125,-4.280042042347814,True,4,True,0.6163793103448276,0.7643134805287888,cross_cohort_expression_replication_only,42,Solyc01g094700.5,protein_coding,Glycerol-3-phosphate acyltransferase && sp|Q9LMM0|GPAT4_ARATH Glycerol-3-phosphate 2-O-acyltransferase 4 OS=Arabidopsis thaliana OX=3702 GN=GPAT4 PE=1 SV=1 && PF12710:haloacid dehalogenase-like hydrolase|PF01553:Acyltransferase,Acyltransferase
Solyc04g064620,-0.5682779947916667,-0.4871070498511904,True,0.4871070498511904,-3.522239349191449,-3.777581466809467,True,4,True,0.6142241379310345,0.7357176276180617,cross_cohort_expression_replication_only,43,Solyc04g064620.4,protein_coding,Bidirectional sugar transporter SWEET (AHRD V3.3 *** M1CBD4_SOLTU) && sp|Q8L9J7|SWET1_ARATH Bidirectional sugar transporter SWEET1 OS=Arabidopsis thaliana OX=3702 GN=SWEET1 PE=1 SV=1 && PF03083:Sugar efflux transporter for intercellular exchange,-
Solyc03g117300,-0.5705450148809523,-0.5435384114583334,True,0.5435384114583334,-2.741727232180284,-3.75103001309293,True,4,True,0.6056034482758621,0.716430576570837,cross_cohort_expression_replication_only,44,Solyc03g117300.4,protein_coding,Nodulin-like && - && PF06813:Nodulin-like,-
Solyc10g075070,-0.6411830357142858,-0.4461844308035715,True,0.4461844308035715,-4.079275684272923,-5.364239580882151,True,4,True,0.603448275862069,0.8268906287329776,cross_cohort_expression_replication_only,45,Solyc10g075070.3,protein_coding,Non-specific lipid-transfer protein (AHRD V3.3 *** K4D1U9_SOLLC) && sp|Q03461|NLTP2_TOBAC Non-specific lipid-transfer protein 2 OS=Nicotiana tabacum OX=4097 PE=3 SV=1 && PF00234:Protease inhibitor/seed storage/LTP family,-
Solyc12g098600,-0.515415736607143,-0.4423828125000001,True,0.4423828125000001,-2.791012179171085,-3.78969161398211,True,4,True,0.5991379310344828,0.6466189177351278,cross_cohort_expression_replication_only,46,Solyc12g098600.1,protein_coding,Glycosyltransferase (AHRD V3.3 *** A0A2I4GJH4_9ROSI) && sp|K4CWS6|U75C1_SOLLC UDP-glycosyltransferase 75C1 OS=Solanum lycopersicum OX=4081 GN=UGT75C1 PE=1 SV=1 && PF00201:UDP-glucoronosyl and UDP-glucosyl transferase,UDPGT
Solyc02g038740,0.5063011532738096,0.4803176153273807,True,0.4803176153273807,3.133017293710603,5.342299635634145,True,4,True,0.5948275862068966,0.7389093234849089,cross_cohort_expression_replication_only,47,Solyc02g038740.4,protein_coding,3-hydroxy-3-methylglutaryl coenzyme A reductase (AHRD V3.3 *** A0A2G2XB84_CAPBA) && sp|P48022|HMDH2_SOLLC 3-hydroxy-3-methylglutaryl-coenzyme A reductase 2 OS=Solanum lycopersicum OX=4081 GN=HMG2 PE=3 SV=1 && PF00368:Hydroxymethylglutaryl-coenzyme A reductase,-
Solyc08g081790,0.5942499069940477,0.7487211681547619,True,0.5942499069940477,2.0450165685621347,5.636375140061769,True,4,True,0.5935334872979214,0.8261850959624114,cross_cohort_expression_replication_only,48,Solyc08g081790.3,protein_coding,Dirigent protein (AHRD V3.3 *** K4CPH5_SOLLC) && sp|Q1ZZU9|DIR_SINHE Dirigent protein OS=Sinopodophyllum hexandrum OX=93608 GN=DIR PE=2 SV=1 && PF03018:Dirigent-like protein,-
Solyc08g007850,0.5057779947916667,0.6783737909226191,True,0.5057779947916667,3.096317739841403,6.672570251303256,True,4,True,0.5926724137931034,0.8218448873138489,cross_cohort_expression_replication_only,49,Solyc08g007850.1,protein_coding,Unknown protein && sp|O82752|DTX49_ARATH Protein DETOXIFICATION 49 OS=Arabidopsis thaliana OX=3702 GN=DTX49 PE=2 SV=1 && -,-
Solyc01g108730,0.5173572358630951,0.7613234747023809,True,0.5173572358630951,2.0375435188714195,4.037819594203551,True,4,True,0.5889145496535797,0.7172717408616709,cross_cohort_expression_replication_only,50,Solyc01g108730.3,protein_coding,Methyl esterase 1 (AHRD V3.11 *-* tr_A0A2U1LMY0_A0A2U1LMY0_ARTAN) && sp|O80476|MES2_ARATH Methylesterase 2 OS=Arabidopsis thaliana OX=3702 GN=MES2 PE=1 SV=1 && -,-
Solyc04g071800,-0.5704868861607142,-0.4368896484374999,True,0.4368896484374999,-4.636866208697077,-6.245060330321941,True,4,True,0.5883620689655172,0.8177323903002309,cross_cohort_expression_replication_only,51,Solyc04g071800.3,protein_coding,Cytochrome P450 (AHRD V3.3 *-* A0A200Q069_9MAGN) && sp|A0A1D6F9Y9|C92C6_MAIZE Trimethyltridecatetraene synthase OS=Zea mays OX=4577 GN=CYP92C6 PE=1 SV=1 && PF00067:Cytochrome P450,p450
Solyc02g063150,-0.5658714657738096,-0.4826776413690475,True,0.4826776413690475,-4.47743753024011,-3.6168760395809314,True,4,True,0.5818965517241379,0.7399918869953014,cross_cohort_expression_replication_only,52,Solyc02g063150.3,protein_coding,"RuBP carboxylase small subunit && sp|P08706|RBS1_SOLLC Ribulose bisphosphate carboxylase small subunit, chloroplastic 1 OS=Solanum lycopersicum OX=4081 GN=RBCS1 PE=2 SV=2 && PF12338:Ribulose-1,5-bisphosphate carboxylase small subunit|PF00101:Ribulose bisphosphate carboxylase, small chain",-
Solyc12g096870,-0.5050223214285715,-0.5674700055803572,True,0.5050223214285715,-2.4372391442499035,-3.790792114261197,True,4,True,0.5818965517241379,0.6620099844708132,cross_cohort_expression_replication_only,53,Solyc12g096870.1,protein_coding,Glycosyltransferase (AHRD V3.3 *** A0A193AUF6_PUNGR) && sp|A0A193AU77|GGT24_PUNGR Gallate 1-beta-glucosyltransferase 84A24 OS=Punica granatum OX=22663 GN=UGT84A24 PE=1 SV=1 && PF00201:UDP-glucoronosyl and UDP-glucosyl transferase,UDPGT
Solyc11g008630,-0.5546758742559526,-0.4361862909226192,True,0.4361862909226192,-3.142264345530906,-4.786824193812807,True,4,True,0.5797413793103449,0.7395638388946405,cross_cohort_expression_replication_only,54,Solyc11g008630.3,protein_coding,HXXXD-type acyl-transferase family protein (AHRD V3.3 *** A0A2U1LG13_ARTAN) && sp|A0A2R6Q326|AT16_ACTCC Alcohol acyltransferase 16 OS=Actinidia chinensis var. chinensis OX=1590841 GN=AT16 PE=1 SV=2 && PF02458:Transferase family,-
Solyc02g062390,0.5019414992559526,0.6453159877232144,True,0.5019414992559526,2.4666295191629475,5.159745931741488,True,4,True,0.5754310344827587,0.748294029226726,cross_cohort_expression_replication_only,55,Solyc02g062390.3,protein_coding,abscisic acid and environmental stress-inducible protein TAS14 (AHRD V3.3 *-* A0A1U8FJ72_CAPAN) && - && PF00257:Dehydrin,-
Solyc07g022900,-0.5523042224702381,-0.8055361793154763,True,0.5523042224702381,-2.220577745838757,-3.6028000513810507,True,4,True,0.5754310344827587,0.7320904176953094,cross_cohort_expression_replication_only,56,Solyc07g022900.4,protein_coding,"Chlorophyll a-b binding protein && sp|Q9C639|LHCA5_ARATH Photosystem I chlorophyll a/b-binding protein 5, chloroplastic OS=Arabidopsis thaliana OX=3702 GN=LHCA5 PE=1 SV=1 && PF00504:Chlorophyll A-B binding protein",-
Solyc03g118510,-0.5152064732142858,-0.4494396391369049,True,0.4494396391369049,-1.9494199074835175,-4.031713725433383,True,4,True,0.5704387990762124,0.6178252170104325,cross_cohort_expression_replication_only,57,Solyc03g118510.3,protein_coding,Ovary receptor kinase 27 (AHRD V3.3 *** S4WIQ7_SOLCH) && sp|Q9LP77|Y1848_ARATH Probable inactive receptor kinase At1g48480 OS=Arabidopsis thaliana OX=3702 GN=RKL1 PE=1 SV=1 && PF08263:Leucine rich repeat N-terminal domain|PF00069:Protein kinase domain|PF13855:Leucine rich repeat,Pkinase
Solyc01g104850,-0.5013718377976191,-0.6465715680803573,True,0.5013718377976191,-2.829183832950114,-4.4853599187648925,True,4,True,0.5700431034482759,0.7423704159034802,cross_cohort_expression_replication_only,58,Solyc01g104850.3,protein_coding,Carboxypeptidase (AHRD V3.3 *** A0A1U8HG02_CAPAN) && sp|Q9FH05|SCP42_ARATH Serine carboxypeptidase-like 42 OS=Arabidopsis thaliana OX=3702 GN=SCPL42 PE=2 SV=1 && PF00450:Serine carboxypeptidase,Peptidase_S10
Solyc02g055440,-0.5231468563988095,-0.4325358072916667,True,0.4325358072916667,-3.093535676814139,-3.6784228406167934,True,4,True,0.5689655172413793,0.655819463247591,cross_cohort_expression_replication_only,59,Solyc02g055440.4,protein_coding,"E3 ubiquitin-protein ligase%2C putative (DUF177) (AHRD V3.3 *** AT3G19800.2) && sp|Q9C5M1|YCED2_ARATH Large ribosomal RNA subunit accumulation protein YCED homolog 2, chloroplastic OS=Arabidopsis thaliana OX=3702 GN=At3g19800 PE=2 SV=1 && PF02620:Large ribosomal RNA subunit accumulation protein YceD",-
Solyc02g087840,-0.5917271205357142,-0.4322916666666667,True,0.4322916666666667,-3.0553209176676104,-4.119467199788811,True,4,True,0.5668103448275862,0.7294412479095326,cross_cohort_expression_replication_only,60,Solyc02g087840.3,protein_coding,Leucine zipper && sp|Q8LC03|ATB13_ARATH Homeobox-leucine zipper protein ATHB-13 OS=Arabidopsis thaliana OX=3702 GN=ATHB-13 PE=2 SV=2 && PF00046:Homeodomain|PF02183:Homeobox associated leucine zipper,Homeobox
Solyc09g011470,0.5013020833333334,0.4423014322916667,True,0.4423014322916667,2.139875979703298,4.231629102515022,True,4,True,0.5668103448275862,0.6266400215019511,cross_cohort_expression_replication_only,61,Solyc09g011470.3,protein_coding,Plant/T7H20-70 protein (AHRD V3.3 *-* G7L5L0_MEDTR) && - && -,-
Solyc01g097770,-0.4983258928571429,-0.6242036365327382,True,0.4983258928571429,-4.528057592988333,-4.120449004997435,True,4,True,0.5646551724137931,0.7729354145098353,cross_cohort_expression_replication_only,62,Solyc01g097770.4,protein_coding,phototropin 2 && sp|P93025|PHOT2_ARATH Phototropin-2 OS=Arabidopsis thaliana OX=3702 GN=PHOT2 PE=1 SV=2 && PF00069:Protein kinase domain|PF13426:PAS domain,Pkinase
Solyc11g018500,-0.5460263206845238,-0.4305478050595239,True,0.4305478050595239,-1.976711921480375,-3.551261121310657,True,4,True,0.5646551724137931,0.6038937445249661,cross_cohort_expression_replication_only,63,Solyc11g018500.3,protein_coding,Beta-galactosidase (AHRD V3.3 *** A0A2G2ZPF3_CAPAN) && sp|Q8GX69|BGA16_ARATH Beta-galactosidase 16 OS=Arabidopsis thaliana OX=3702 GN=BGAL16 PE=2 SV=2 && PF01301:Glycosyl hydrolases family 35|PF17834:Beta-sandwich domain in beta galactosidase,-
Solyc01g097290,-0.5502174014136905,-0.465704055059524,True,0.465704055059524,-1.9289995371571134,-4.79089224781432,True,4,True,0.5635103926096998,0.6872138050489767,cross_cohort_expression_replication_only,64,Solyc01g097290.4,protein_coding,auxin-regulated IAA16 && sp|O24407|IAA16_ARATH Auxin-responsive protein IAA16 OS=Arabidopsis thaliana OX=3702 GN=IAA16 PE=1 SV=1 && PF02309:AUX/IAA family,-
Solyc10g024420,0.5718877883184524,0.4846888950892857,True,0.4846888950892857,1.9117777902677773,5.487873702536788,True,4,True,0.558891454965358,0.7280849327068567,cross_cohort_expression_replication_only,65,Solyc10g024420.3,protein_coding,ABC transporter C family member 9 (AHRD V3.3 *** A0A2G2VSW8_CAPBA) && sp|Q9M1C7|AB9C_ARATH ABC transporter C family member 9 OS=Arabidopsis thaliana OX=3702 GN=ABCC9 PE=2 SV=2 && PF00005:ABC transporter|PF00664:ABC transporter transmembrane region,ABC_membrane
Solyc05g026240,-0.4960356212797618,-0.6025390625,True,0.4960356212797618,-2.5365649479928227,-4.969240719725556,True,4,True,0.5560344827586207,0.7314383909373258,cross_cohort_expression_replication_only,66,Solyc05g026240.3,protein_coding,Leucine-rich repeat receptor-like protein kinase family (AHRD V3.3 *** A0A0K9Q1P6_ZOSMR) && sp|Q9LJ64|PLRX1_ARATH Pollen-specific leucine-rich repeat extensin-like protein 1 OS=Arabidopsis thaliana OX=3702 GN=PEX1 PE=1 SV=1 && PF08263:Leucine rich repeat N-terminal domain|PF13855:Leucine rich repeat,LRRNT_2
Solyc07g042390,-0.5619187127976191,-0.516630626860119,True,0.516630626860119,-1.8841236746458279,-3.8107142208977143,True,4,True,0.5542725173210161,0.6601198534681851,cross_cohort_expression_replication_only,67,Solyc07g042390.3,protein_coding,Plant invertase/pectin methylesterase inhibitor superfamily protein (AHRD V3.3 *** A0A061GSW0_THECC) && sp|Q84WE4|PMEI3_ARATH Pectinesterase inhibitor 3 OS=Arabidopsis thaliana OX=3702 GN=PMEI3 PE=2 SV=1 && PF04043:Plant invertase/pectin methylesterase inhibitor,-
Solyc12g006470,-0.6501697358630951,-0.4769228980654762,True,0.4769228980654762,-3.960073039032924,-3.4732758738928955,True,4,True,0.5474137931034483,0.7567318029784185,cross_cohort_expression_replication_only,68,Solyc12g006470.2,protein_coding,viroid RNA-binding protein && sp|Q84P53|GATP2_SOLLC Gamma aminobutyrate transaminase 2 OS=Solanum lycopersicum OX=4081 GN=GABA-TP2 PE=1 SV=1 && PF00202:Aminotransferase class-III,Aminotran_3
Solyc04g072850,-0.5227167038690477,-0.4167364211309524,True,0.4167364211309524,-3.711285050659539,-4.767070962757145,True,4,True,0.5431034482758621,0.7257120032651111,cross_cohort_expression_replication_only,69,Solyc04g072850.5,protein_coding,Beta-D-xylosidase (AHRD V3.11 *** tr_H1AC33_H1AC33_SOLLC) && sp|Q9SGZ5|BXL7_ARATH Probable beta-D-xylosidase 7 OS=Arabidopsis thaliana OX=3702 GN=BXL7 PE=2 SV=2 && PF14310:Fibronectin type III-like domain|PF01915:Glycosyl hydrolase family 3 C-terminal domain|PF00933:Glycosyl hydrolase family 3 N terminal domain,Glyco_hydro_3_C
Solyc06g065670,-0.494349888392857,-0.4271298363095238,True,0.4271298363095238,-3.0117754670559034,-3.442202625680824,True,4,True,0.5431034482758621,0.6107524687425341,cross_cohort_expression_replication_only,70,Solyc06g065670.4,protein_coding,Pleiotropic drug resistance protein 4 (AHRD V3.3 *** A0A2G2WKR5_CAPBA) && sp|O81016|AB32G_ARATH ABC transporter G family member 32 OS=Arabidopsis thaliana OX=3702 GN=ABCG32 PE=1 SV=1 && PF08370:Plant PDR ABC transporter associated|PF01061:ABC-2 type transporter|PF14510:ABC-transporter N-terminal|PF00005:ABC transporter,ABC2_membrane
Solyc04g077640,0.5630580357142858,0.5432710193452381,True,0.5432710193452381,1.820010700381422,3.546296032431987,True,4,True,0.535796766743649,0.649035398582464,cross_cohort_expression_replication_only,71,Solyc04g077640.4,protein_coding,Serine carboxypeptidase (AHRD V3.3 *** A0A2K3MSK4_TRIPR) && sp|Q9C7Z9|SCP18_ARATH Serine carboxypeptidase-like 18 OS=Arabidopsis thaliana OX=3702 GN=SCPL18 PE=2 SV=2 && PF00450:Serine carboxypeptidase,Peptidase_S10
Solyc03g031860,0.4908621651785714,0.461065383184524,True,0.461065383184524,3.1360776346466324,6.162408549576807,True,4,True,0.5280172413793104,0.7308660010352791,cross_cohort_expression_replication_only,72,Solyc03g031860.3,protein_coding,"Phytoene synthase 1 && sp|P08196|PSY1_SOLLC Phytoene synthase 1, chloroplastic OS=Solanum lycopersicum OX=4081 GN=PSY1 PE=1 SV=2 && PF00494:Squalene/phytoene synthase",-
Solyc09g066060,0.6534656343005953,0.4892054966517858,True,0.4892054966517858,2.2002988188470445,3.38718179299261,True,4,True,0.5280172413793104,0.6877550868041731,cross_cohort_expression_replication_only,73,Solyc09g066060.4,protein_coding,homeobox-leucine zipper protein ROC8 (AHRD V3.11 *** tr_A0A2I4EBE3_A0A2I4EBE3_9ROSI) && sp|Q9M9P4|HDG8_ARATH Homeobox-leucine zipper protein HDG8 OS=Arabidopsis thaliana OX=3702 GN=HDG8 PE=2 SV=2 && PF01852:START domain|PF00046:Homeodomain,START
Solyc12g040640,-0.8142206101190474,-0.4090401785714286,True,0.4090401785714286,-2.8888695946429883,-4.875201432868446,True,4,True,0.5258620689655172,0.7795477622043482,cross_cohort_expression_replication_only,74,Solyc12g040640.2,protein_coding,Beta-glucosidase (AHRD V3.3 *** B6TW65_MAIZE) && sp|Q9LV33|BGL44_ARATH Beta-glucosidase 44 OS=Arabidopsis thaliana OX=3702 GN=BGLU44 PE=2 SV=1 && PF00232:Glycosyl hydrolase family 1,Glyco_hydro_1
Solyc10g054840,-0.5256696428571429,-0.405459449404762,True,0.405459449404762,-2.8928909639898546,-4.794709035172327,True,4,True,0.5237068965517241,0.6949958190650634,cross_cohort_expression_replication_only,75,Solyc10g054840.2,protein_coding,X-intrinsic protein 1.1 && sp|Q9ATN0|PIP16_MAIZE Aquaporin PIP1-6 OS=Zea mays OX=4577 GN=PIP1-6 PE=2 SV=1 && PF00230:Major intrinsic protein,-
Solyc05g055400,-0.496640159970238,-0.4050292968750001,True,0.4050292968750001,-4.822210691822259,-5.799165530522323,True,4,True,0.521551724137931,0.7396845385044198,cross_cohort_expression_replication_only,76,Solyc05g055400.5,protein_coding,Cytochrome P450 (AHRD V3.11 *** tr_A0A200Q2G7_A0A200Q2G7_9MAGN) && sp|P37124|C77A2_SOLME Cytochrome P450 77A2 OS=Solanum melongena OX=4111 GN=CYP77A2 PE=2 SV=1 && PF00067:Cytochrome P450,p450
Solyc03g118120,-0.4890950520833333,-0.4740862165178572,True,0.4740862165178572,-2.777971956076981,-4.089918635177064,True,4,True,0.5172413793103449,0.65246849366887,cross_cohort_expression_replication_only,77,Solyc03g118120.3,protein_coding,Transferring glycosyl group transferase (AHRD V3.3 *** A0A2K3L539_TRIPR) && sp|Q67YC9|Y4141_ARATH Uncharacterized protein At4g14100 OS=Arabidopsis thaliana OX=3702 GN=At4g14100 PE=2 SV=1 && -,-
Solyc08g075490,-0.6520879836309526,-0.4034598214285715,True,0.4034598214285715,-4.294327217572813,-3.4196830482186016,True,4,True,0.5129310344827587,0.7219416958668472,cross_cohort_expression_replication_only,78,Solyc08g075490.5,protein_coding,"9-cis-epoxycarotenoid dioxygenase (AHRD V3.11 *** tr_A0A193PR95_A0A193PR95_9LILI) && sp|O49675|CCD4_ARATH Probable carotenoid cleavage dioxygenase 4, chloroplastic OS=Arabidopsis thaliana OX=3702 GN=CCD4 PE=1 SV=1 && PF03055:Retinal pigment epithelial membrane protein",RPE65
Solyc01g058270,-0.4870954241071428,-0.5111955915178572,True,0.4870954241071428,-1.9241686164517198,-3.5602244053441376,True,4,True,0.5107758620689655,0.5874985068089511,cross_cohort_expression_replication_only,79,Solyc01g058270.3,protein_coding,O-acetyltransferase family protein (AHRD V3.3 *** A0A2U1M4H7_ARTAN) && sp|Q0WW17|RWA2_ARATH Protein REDUCED WALL ACETYLATION 2 OS=Arabidopsis thaliana OX=3702 GN=RWA2 PE=1 SV=1 && PF07779:10 TM Acyl Transferase domain found in Cas1p,-
Solyc02g077790,0.5277506510416666,0.3982747395833331,True,0.3982747395833331,3.0938241229065113,5.134184459541009,True,4,True,0.5064655172413793,0.7145864856255475,cross_cohort_expression_replication_only,80,Solyc02g077790.1,protein_coding,Unknown protein && - && -,-
Solyc05g018510,-0.5817173549107144,-0.4850725446428572,True,0.4850725446428572,-2.0721930677537546,-3.2402308438634724,True,4,True,0.5043103448275862,0.6458051286135224,cross_cohort_expression_replication_only,81,Solyc05g018510.3,protein_coding,ABC transporter-like (AHRD V3.3 *** A0A200PN89_9MAGN) && sp|O81016|AB32G_ARATH ABC transporter G family member 32 OS=Arabidopsis thaliana OX=3702 GN=ABCG32 PE=1 SV=1 && PF00005:ABC transporter|PF14510:ABC-transporter N-terminal|PF08370:Plant PDR ABC transporter associated|PF01061:ABC-2 type transporter,ABC2_membrane
Solyc02g081600,-0.5266229538690477,-0.609956287202381,True,0.5266229538690477,-1.668986919762712,-3.4283180721039974,True,4,True,0.5011547344110855,0.6376809249820816,cross_cohort_expression_replication_only,82,Solyc02g081600.4,protein_coding,Zinc transporter protein (AHRD V3.3 *-* A5BDR3_VITVI) && sp|A3BI11|ZIP8_ORYSJ Zinc transporter 8 OS=Oryza sativa subsp. japonica OX=39947 GN=ZIP8 PE=2 SV=1 && PF02535:ZIP Zinc transporter,-
Solyc01g099660,0.5013718377976191,0.3955659412202382,True,0.3955659412202382,2.132906052432889,5.182512737233454,True,4,True,0.5,0.6381854991239946,cross_cohort_expression_replication_only,83,Solyc01g099660.4,protein_coding,Heat shock protein 70 family (AHRD V3.3 *** A0A200QCN5_9MAGN) && sp|Q39043|BIP2_ARATH Heat shock 70 kDa protein BIP2 OS=Arabidopsis thaliana OX=3702 GN=BIP2 PE=1 SV=2 && PF00012:Hsp70 protein,HSP70
Solyc01g080680,-0.6652599516369049,-0.4937395368303572,True,0.4937395368303572,-1.6435444151535854,-5.478795778219966,True,4,True,0.4942263279445728,0.750172961296488,cross_cohort_expression_replication_only,84,Solyc01g080680.4,protein_coding,Sugar transporter ERD6 (AHRD V3.11 *** tr_A0A0M8KTC8_A0A0M8KTC8_NICAT) && sp|Q8LBI9|EDL16_ARATH Sugar transporter ERD6-like 16 OS=Arabidopsis thaliana OX=3702 GN=At5g18840 PE=2 SV=2 && PF00083:Sugar (and other) transporter,Sugar_tr
Solyc07g063350,-0.5208449590773809,-0.3929966517857143,True,0.3929966517857143,-4.873623891377865,-4.770243012038757,True,4,True,0.49137931034482757,0.7289858246396432,cross_cohort_expression_replication_only,85,Solyc07g063350.3,protein_coding,COP1-interacting protein 7 (AHRD V3.3 *** CIP7_ARATH) && sp|O80386|CIP7_ARATH COP1-interacting protein 7 OS=Arabidopsis thaliana OX=3702 GN=CIP7 PE=1 SV=1 && -,-
Solyc09g075810,-0.5164039248511905,-0.7499476841517858,True,0.5164039248511905,-1.7918720145054845,-3.100195177417307,True,4,True,0.4827586206896552,0.6499586883809828,cross_cohort_expression_replication_only,86,Solyc09g075810.3,protein_coding,Mavicyanin (AHRD V3.3 *** A0A2G3CT63_CAPCH) && sp|P80728|MAVI_CUCPE Mavicyanin OS=Cucurbita pepo OX=3663 PE=1 SV=1 && PF02298:Plastocyanin-like domain,Cu_bind_like
Solyc07g055050,-0.4804571242559524,-0.4578799293154762,True,0.4578799293154762,-1.7548896408924541,-3.4018287983252873,True,4,True,0.48060344827586204,0.5388130126622601,cross_cohort_expression_replication_only,87,Solyc07g055050.3,protein_coding,"ATP synthase protein I-related protein (AHRD V3.3 *** A0A2U1Q771_ARTAN) && sp|O82279|CG160_ARATH Protein CONSERVED ONLY IN THE GREEN LINEAGE 160, chloroplastic OS=Arabidopsis thaliana OX=3702 GN=CGL160 PE=1 SV=1 && -",-
Solyc06g035580,-0.573428199404762,-0.3794759114583334,True,0.3794759114583334,-3.179144220497211,-5.543610266917698,True,4,True,0.47629310344827586,0.7499166301664411,cross_cohort_expression_replication_only,88,Solyc06g035580.3,protein_coding,Glucose-methanol-choline (GMC) oxidoreductase family protein (AHRD V3.3 *** A0A1P8BHC1_ARATH) && sp|Q9S746|HTH_ARATH Protein HOTHEAD OS=Arabidopsis thaliana OX=3702 GN=HTH PE=1 SV=1 && PF05199:GMC oxidoreductase|PF00732:GMC oxidoreductase,-
Solyc01g107890,-0.4799223400297619,-0.6803443545386905,True,0.4799223400297619,-4.012737490431873,-5.379293698737808,True,4,True,0.47413793103448276,0.8004511925619175,cross_cohort_expression_replication_only,89,Solyc01g107890.3,protein_coding,"Filament-like plant protein 7 (AHRD V3.3 *** A0A314KPZ1_NICAT) && sp|Q9SLN1|FPP7_ARATH Filament-like plant protein 7 OS=Arabidopsis thaliana OX=3702 GN=FPP7 PE=3 SV=2 && PF05911:Filament-like plant protein, long coiled-coil",-
Solyc05g011960,0.5136486235119048,0.3781156994047619,True,0.3781156994047619,2.7439681597333423,4.611464901686356,True,4,True,0.47413793103448276,0.6528915644660349,cross_cohort_expression_replication_only,90,Solyc05g011960.4,protein_coding,DnaJ domain-containing protein (AHRD V3.3 *-* A0A1Q3CHH1_CEPFO) && - && -,-
Solyc05g051010,-0.4959658668154761,-0.4228922526041667,True,0.4228922526041667,-2.5693274302787312,-3.07285176867328,True,4,True,0.47413793103448276,0.5687614477980409,cross_cohort_expression_replication_only,91,Solyc05g051010.4,protein_coding,Dihydroflavonol-4-reductase (AHRD V3.3 *** A0A2K3N028_TRIPR) && sp|Q40316|VESTR_MEDSA Vestitone reductase OS=Medicago sativa OX=3879 PE=1 SV=1 && PF01370:NAD dependent epimerase/dehydratase family,Epimerase
Solyc09g083390,0.5057082403273812,0.4367327008928572,True,0.4367327008928572,1.5805603331210663,3.772558068862745,True,4,True,0.47344110854503463,0.5655585529983276,cross_cohort_expression_replication_only,92,Solyc09g083390.3,protein_coding,zinc knuckle (CCHC-type) family protein (AHRD V3.3 *-* AT5G43630.4) && - && PF03126:Plus-3 domain,-
Solyc06g069430,0.5056733630952381,0.4534563337053571,True,0.4534563337053571,1.857102339326576,3.071576056798733,True,4,True,0.47198275862068967,0.5571332225053754,cross_cohort_expression_replication_only,93,Solyc06g069430.3,protein_coding,FRUITFULL-like MADS-box 1 && sp|Q42429|AGL8_SOLTU Agamous-like MADS-box protein AGL8 homolog OS=Solanum tuberosum OX=4113 PE=2 SV=1 && PF01486:K-box region|PF00319:SRF-type transcription factor (DNA-binding and dimerisation domain),K-box
Solyc09g083190,-0.7066476004464286,-0.7682291666666667,True,0.7066476004464286,-2.2192949304362424,-3.0541323571350407,True,4,True,0.4676724137931034,0.7579139125587322,cross_cohort_expression_replication_only,94,Solyc09g083190.3,protein_coding,"NAD(P)H dehydrogenase 18 (AHRD V3.3 *** A0A0F7CYQ9_9ROSI) && sp|Q9FG89|PNSB5_ARATH Photosynthetic NDH subunit of subcomplex B 5, chloroplastic OS=Arabidopsis thaliana OX=3702 GN=PNSB5 PE=2 SV=1 && -",-
Solyc06g051800,0.5537225632440477,0.376127697172619,True,0.376127697172619,3.0751962921685587,4.793132963492278,True,4,True,0.4676724137931034,0.7069276598709884,cross_cohort_expression_replication_only,95,Solyc06g051800.3,protein_coding,expansin  1 && sp|Q852A1|EXPA7_ORYSJ Expansin-A7 OS=Oryza sativa subsp. japonica OX=39947 GN=EXPA7 PE=2 SV=1 && PF01357:Pollen allergen|PF03330:Lytic transglycolase,-
Solyc03g113350,-0.4808407738095238,-0.6374453590029763,True,0.4808407738095238,-3.0406947898458254,-3.0426779810598763,True,4,True,0.46551724137931033,0.6533556980170423,cross_cohort_expression_replication_only,96,Solyc03g113350.3,protein_coding,Zinc finger protein (AHRD V3.3 *** A0A200QF78_9MAGN) && sp|F4HVS0|BTSL2_ARATH Zinc finger protein BRUTUS-like At1g74770 OS=Arabidopsis thaliana OX=3702 GN=At1g74770 PE=2 SV=1 && PF05495:CHY zinc finger|PF14599:Zinc-ribbon|PF01814:Hemerythrin HHE cation binding domain|PF13639:Ring finger domain,zf-CHY
Solyc05g012510,-0.4895600818452379,-0.5676560174851191,True,0.4895600818452379,-1.5330017033965841,-4.071485959183017,True,4,True,0.45727482678983833,0.6121635342836664,cross_cohort_expression_replication_only,97,Solyc05g012510.3,protein_coding,"Alpha-1 && sp|P53535|PHSL2_SOLTU Alpha-1,4 glucan phosphorylase L-2 isozyme, chloroplastic/amyloplastic OS=Solanum tuberosum OX=4113 GN=STP-1 PE=1 SV=1 && PF00343:Carbohydrate phosphorylase",-
Solyc01g110000,-0.6554478236607143,-0.695341564360119,True,0.6554478236607143,-4.254381870797254,-2.9433053685088537,True,4,True,0.45689655172413796,0.8086488114199251,cross_cohort_expression_replication_only,98,Solyc01g110000.3,protein_coding,Beta-galactosidase (AHRD V3.3 *** A0A2G3BW46_CAPCH) && sp|Q9SCV9|BGAL3_ARATH Beta-galactosidase 3 OS=Arabidopsis thaliana OX=3702 GN=BGAL3 PE=2 SV=1 && PF01301:Glycosyl hydrolases family 35|PF17834:Beta-sandwich domain in beta galactosidase,-
Solyc03g113930,0.5889950706845237,0.4749465215773809,True,0.4749465215773809,1.5250618176680701,4.06434431991558,True,4,True,0.45265588914549654,0.6562674205622363,cross_cohort_expression_replication_only,99,Solyc03g113930.3,protein_coding,22.0 kDa class IV heat shock protein (AHRD V3.3 *** A0A2G3ATG3_CAPCH) && sp|P30236|HSP41_SOYBN 22.0 kDa class IV heat shock protein OS=Glycine max OX=3847 GN=HSP22.0 PE=3 SV=1 && PF00011:Hsp20/alpha crystallin family,-
Solyc06g009190,-0.4758765811011905,-0.393798828125,True,0.393798828125,-4.233325295074509,-5.08167279577591,True,4,True,0.4525862068965517,0.6836102373178307,cross_cohort_expression_replication_only,100,Solyc06g009190.5,protein_coding,Pectinesterase (AHRD V3.11 *** tr_A0A2G3C3P4_A0A2G3C3P4_CAPCH) && sp|P85076|PME_ACTDE Pectinesterase OS=Actinidia deliciosa OX=3627 PE=1 SV=1 && PF01095:Pectinesterase|PF04043:Plant invertase/pectin methylesterase inhibitor,-
Solyc05g010320,-0.5304129464285715,-0.5325520833333335,True,0.5304129464285715,-1.6199458534616578,-2.8830693434239913,True,4,True,0.4482758620689655,0.5851094011308433,cross_cohort_expression_replication_only,101,Solyc05g010320.4,protein_coding,Chalcone-flavonone isomerase family protein (AHRD V3.3 *** A0A193AUW5_SOLME) && sp|Q33DL3|CFI_TOBAC Chalcone--flavanone isomerase OS=Nicotiana tabacum OX=4097 GN=CHI PE=2 SV=1 && PF02431:Chalcone-flavanone isomerase,-
Solyc02g021680,0.4929315476190475,0.3617117745535714,True,0.3617117745535714,3.0729728412831356,4.087188406675878,True,4,True,0.44612068965517243,0.6228373616309628,cross_cohort_expression_replication_only,102,Solyc02g021680.3,protein_coding,WRKY transcription factor 35 && sp|Q9SA80|WRK14_ARATH Probable WRKY transcription factor 14 OS=Arabidopsis thaliana OX=3702 GN=WRKY14 PE=2 SV=2 && PF03106:WRKY DNA -binding domain,WRKY
Solyc07g061970,-0.4752720424107143,-0.392426990327381,True,0.392426990327381,-1.6439251560835282,-3.3540701380049125,True,4,True,0.44396551724137934,0.48889688022616873,cross_cohort_expression_replication_only,103,Solyc07g061970.3,protein_coding,60S ribosomal protein L18a-like protein (AHRD V3.3 *-* A0A2G2WEP8_CAPBA) && sp|Q8L9S1|R18AL_ARATH 60S ribosomal protein L18a-like protein OS=Arabidopsis thaliana OX=3702 GN=At1g29970 PE=2 SV=2 && -,-
Solyc05g005960,-0.5015811011904763,-0.4392147972470238,True,0.4392147972470238,-1.5180518440135273,-4.563101782627818,True,4,True,0.44341801385681295,0.5979234689814446,cross_cohort_expression_replication_only,104,Solyc05g005960.3,protein_coding,Protein NRT1/ PTR FAMILY 1.2 (AHRD V3.3 *** A0A1J3DU78_NOCCA) && sp|Q9M817|PTR6_ARATH Protein NRT1/ PTR FAMILY 1.2 OS=Arabidopsis thaliana OX=3702 GN=NPF1.2 PE=1 SV=1 && PF00854:POT family,-
Solyc01g006540,0.47509765625,0.5625581287202381,True,0.47509765625,4.841703659024453,7.177959685272603,True,4,True,0.4418103448275862,0.789830871227204,cross_cohort_expression_replication_only,105,Solyc01g006540.4,protein_coding,"lipoxygenase C && sp|O24370|LOX21_SOLTU Linoleate 13S-lipoxygenase 2-1, chloroplastic OS=Solanum tuberosum OX=4113 GN=LOX2.1 PE=1 SV=1 && PF00305:Lipoxygenase",Lipoxygenase
Solyc01g104900,-0.5545247395833333,-0.6293364025297619,True,0.5545247395833333,-2.338777643316368,-2.859120471982595,True,4,True,0.4418103448275862,0.6736319881341084,cross_cohort_expression_replication_only,106,Solyc01g104900.3,protein_coding,NAC domain-containing protein (AHRD V3.3 *** A0A2U1K9C2_ARTAN) && sp|Q8GWK6|NC104_ARATH NAC domain-containing protein 104 OS=Arabidopsis thaliana OX=3702 GN=NAC104 PE=2 SV=1 && PF02365:No apical meristem (NAM) protein,NAM
Solyc02g092220,-0.4811662946428571,-0.562715076264881,True,0.4811662946428571,-2.2057086596184154,-2.8434220959512118,True,4,True,0.4396551724137931,0.583267798837302,cross_cohort_expression_replication_only,107,Solyc02g092220.1,protein_coding,Unknown protein && - && -,-
Solyc04g074110,-0.6375674293154763,-0.5970517113095237,True,0.5970517113095237,-1.5153575470907512,-3.0748309016552553,True,4,True,0.4387990762124711,0.6576523552600143,cross_cohort_expression_replication_only,108,Solyc04g074110.4,protein_coding,"Carbohydrate esterase && sp|Q8L9J9|CAES_ARATH Probable carbohydrate esterase At4g34215 OS=Arabidopsis thaliana OX=3702 GN=At4g34215 PE=1 SV=2 && PF03629:Carbohydrate esterase, sialic acid-specific acetylesterase",-
Solyc05g011970,0.4735863095238096,0.3768368675595238,True,0.3768368675595238,2.592490925452143,4.600793582189155,True,4,True,0.4375,0.599588377000876,cross_cohort_expression_replication_only,109,Solyc05g011970.3,protein_coding,Cytochrome (AHRD V3.3 *** A0A1U8EZV2_CAPAN) && sp|H2DH17|C7A22_PANGI Cytochrome P450 CYP749A22 OS=Panax ginseng OX=4054 PE=2 SV=1 && PF00067:Cytochrome P450,p450
Solyc03g115640,-0.5256231398809523,-0.6774960472470237,True,0.5256231398809523,-1.5136995493386305,-3.852355159684648,True,4,True,0.43648960739030024,0.6608465397786096,cross_cohort_expression_replication_only,110,Solyc03g115640.3,protein_coding,"DUF538 domain-containing protein (AHRD V3.3 *** A0A1Q3AZJ7_CEPFO) && sp|Q9M015|Y5161_ARATH Uncharacterized protein At5g01610 OS=Arabidopsis thaliana OX=3702 GN=At5g01610 PE=1 SV=1 && PF04398:Protein of unknown function, DUF538",-
Solyc01g108880,0.4735630580357143,0.3986235119047619,True,0.3986235119047619,3.473934001450287,7.27671658380934,True,4,True,0.4353448275862069,0.7010419984868997,cross_cohort_expression_replication_only,111,Solyc01g108880.4,protein_coding,2-oxoglutarate (2OG) and Fe(II)-dependent oxygenase superfamily protein (AHRD V3.3 *** A0A2U1MKU7_ARTAN) && sp|Q9FFF6|JOX2_ARATH Jasmonate-induced oxygenase 2 OS=Arabidopsis thaliana OX=3702 GN=JOX2 PE=1 SV=1 && PF14226:non-haem dioxygenase in morphine synthesis N-terminal|PF03171:2OG-Fe(II) oxygenase superfamily,2OG-FeII_Oxy
Solyc10g051120,0.4945242745535713,0.5199730282738095,True,0.4945242745535713,1.492844122511666,3.8441843435124747,True,4,True,0.4295612009237875,0.5836834036792228,cross_cohort_expression_replication_only,112,Solyc10g051120.3,protein_coding,Mitochondrial pyruvate carrier (AHRD V3.3 *** A0A2G2WMA1_CAPBA) && sp|Q949R9|MPC1_ARATH Mitochondrial pyruvate carrier 1 OS=Arabidopsis thaliana OX=3702 GN=MPC1 PE=3 SV=1 && PF03650:Mitochondrial pyruvate carriers,-
Solyc10g047030,0.4718075706845238,0.5847981770833335,True,0.4718075706845238,3.0488056210883627,5.461424690414002,True,4,True,0.42887931034482757,0.7310190531177829,cross_cohort_expression_replication_only,113,Solyc10g047030.3,protein_coding,LEXYL1 && sp|A5JTQ3|XYL2_MEDSV Beta-xylosidase/alpha-L-arabinofuranosidase 2 OS=Medicago sativa subsp. varia OX=36902 GN=Xyl2 PE=2 SV=1 && PF00933:Glycosyl hydrolase family 3 N terminal domain|PF14310:Fibronectin type III-like domain|PF01915:Glycosyl hydrolase family 3 C-terminal domain,Glyco_hydro_3_C
Solyc04g076220,0.5775320870535714,0.3503185453869046,True,0.3503185453869046,2.0674046661733096,4.0757649683719555,True,4,True,0.42887931034482757,0.6290253942024369,cross_cohort_expression_replication_only,114,Solyc04g076220.3,protein_coding,AT-hook motif nuclear-localized protein (AHRD V3.3 *** A0A1U8GD78_CAPAN) && sp|Q9LTA2|AHL17_ARATH AT-hook motif nuclear-localized protein 17 OS=Arabidopsis thaliana OX=3702 GN=AHL17 PE=2 SV=1 && PF03479:Plants and Prokaryotes Conserved (PCC) domain,-
Solyc08g080630,0.4701334635416666,0.5340983072916667,True,0.4701334635416666,2.324372233182018,5.007281984564685,True,4,True,0.4224137931034483,0.6655115174802898,cross_cohort_expression_replication_only,115,Solyc08g080630.4,protein_coding,Ethylene-responsive proteinase inhibitor 1 (AHRD V3.3 *** A0A1U8G7N9_CAPAN) && sp|P20076|IER1_SOLLC Ethylene-responsive proteinase inhibitor 1 OS=Solanum lycopersicum OX=4081 PE=3 SV=1 && PF00280:Potato inhibitor I family,-
Solyc02g070890,0.5818684895833335,0.3439650762648809,True,0.3439650762648809,3.238227411954153,4.628646163307263,True,4,True,0.41810344827586204,0.7161269610575774,cross_cohort_expression_replication_only,116,Solyc02g070890.3,protein_coding,Flagellin Sensing 2 && sp|Q9FL28|FLS2_ARATH LRR receptor-like serine/threonine-protein kinase FLS2 OS=Arabidopsis thaliana OX=3702 GN=FLS2 PE=1 SV=1 && PF13855:Leucine rich repeat|PF08263:Leucine rich repeat N-terminal domain|PF00069:Protein kinase domain,Pkinase
Solyc02g070790,-0.468226841517857,-0.4514915829613095,True,0.4514915829613095,-1.5227601707369112,-2.7503225146113586,True,4,True,0.41379310344827586,0.4735779843911762,cross_cohort_expression_replication_only,117,Solyc02g070790.3,protein_coding,"3-oxoacyl-[acyl-carrier-protein] synthase (AHRD V3.3 *** A0A2I4EJY8_9ROSI) && sp|P52410|KASC1_ARATH 3-oxoacyl-[acyl-carrier-protein] synthase I, chloroplastic OS=Arabidopsis thaliana OX=3702 GN=KAS1 PE=1 SV=2 && PF02801:Beta-ketoacyl synthase, C-terminal domain|PF00109:Beta-ketoacyl synthase, N-terminal domain",ketoacyl-synt
Solyc10g018780,-0.4772251674107143,-0.3610200427827381,True,0.3610200427827381,-1.4136933821210491,-4.2225370368945985,True,4,True,0.4110854503464203,0.5090213625866051,cross_cohort_expression_replication_only,118,Solyc10g018780.3,protein_coding,Squamosa promoter binding protein 8a && sp|Q8GXL3|SPL8_ARATH Squamosa promoter-binding-like protein 8 OS=Arabidopsis thaliana OX=3702 GN=SPL8 PE=1 SV=2 && PF03110:SBP domain,SBP
Solyc01g108400,0.5456659226190477,0.3414190383184524,True,0.3414190383184524,2.646150185756663,4.674176744265963,True,4,True,0.40948275862068967,0.6601260750975552,cross_cohort_expression_replication_only,119,Solyc01g108400.3,protein_coding,CDPK-related protein kinase (AHRD V3.3 *** A0A2G3AU42_CAPCH) && sp|Q9SCS2|CAMK5_ARATH CDPK-related kinase 5 OS=Arabidopsis thaliana OX=3702 GN=CRK5 PE=2 SV=1 && PF00069:Protein kinase domain,Pkinase
Solyc08g061560,-0.577090308779762,-0.4344308035714286,True,0.4344308035714286,-1.8311250396335885,-2.707107459977211,True,4,True,0.4051724137931034,0.5791080174404715,cross_cohort_expression_replication_only,120,Solyc08g061560.3,protein_coding,Receptor protein kinase (AHRD V3.3 *** A0A0U5BM22_RORAQ) && sp|Q42371|ERECT_ARATH LRR receptor-like serine/threonine-protein kinase ERECTA OS=Arabidopsis thaliana OX=3702 GN=ERECTA PE=1 SV=1 && PF00069:Protein kinase domain|PF08263:Leucine rich repeat N-terminal domain|PF13855:Leucine rich repeat,Pkinase
Solyc07g041640,-0.5654761904761906,-0.3939557756696428,True,0.3939557756696428,-1.3931530526942988,-3.347928373443571,True,4,True,0.40415704387990764,0.5450047782113563,cross_cohort_expression_replication_only,121,Solyc07g041640.4,protein_coding,Growth-regulating factor 5 (AHRD V3.11 *** tr_A0A2G3BVB3_A0A2G3BVB3_CAPCH) && sp|A2XA73|GRF1_ORYSI Growth-regulating factor 1 OS=Oryza sativa subsp. indica OX=39946 GN=GRF1 PE=2 SV=1 && PF08879:WRC|PF08880:QLQ,-
Solyc08g007890,0.5513160342261907,0.3379138764880952,True,0.3379138764880952,3.5027087433847535,4.385018755743898,True,4,True,0.40086206896551724,0.6887269053117783,cross_cohort_expression_replication_only,122,Solyc08g007890.3,protein_coding,"Aldehyde dehydrogenase family 2 member mitochondrial-like (AHRD V3.3 *-* A0A2K3PGY0_TRIPR) && sp|Q8S528|AL2B7_ARATH Aldehyde dehydrogenase family 2 member B7, mitochondrial OS=Arabidopsis thaliana OX=3702 GN=ALDH2B7 PE=1 SV=2 && -",-
Solyc02g078570,-0.4928966703869048,-0.4106794084821429,True,0.4106794084821429,-1.3820008449912988,-3.947714140142952,True,4,True,0.3972286374133949,0.5324968145257626,cross_cohort_expression_replication_only,123,Solyc02g078570.3,protein_coding,Epoxide hydrolase (AHRD V3.3 *** A0A2U1MDJ4_ARTAN) && sp|I6YGS0|EPHA_MYCTU Epoxide hydrolase A OS=Mycobacterium tuberculosis (strain ATCC 25618 / H37Rv) OX=83332 GN=ephA PE=1 SV=1 && PF00561:alpha/beta hydrolase fold,Abhydrolase_1
Solyc10g083670,-0.4623325892857143,-0.7171049572172619,True,0.4623325892857143,-4.3025038249938055,-5.926328051725235,True,4,True,0.39439655172413796,0.8011828561758381,cross_cohort_expression_replication_only,124,Solyc10g083670.3,protein_coding,Glucomannan 4-beta-mannosyltransferase 2 (AHRD V3.3 *** A0A2G3BGF1_CAPCH) && sp|Q9LZR3|CSLA9_ARATH Glucomannan 4-beta-mannosyltransferase 9 OS=Arabidopsis thaliana OX=3702 GN=CSLA9 PE=1 SV=1 && PF13641:Glycosyltransferase like family 2,-
Solyc02g070020,0.5411667596726191,0.3343447730654763,True,0.3343447730654763,2.622011484296114,5.896768049297161,True,4,True,0.39439655172413796,0.6816392251333918,cross_cohort_expression_replication_only,125,Solyc02g070020.1,protein_coding,UDP-Glycosyltransferase superfamily protein (AHRD V3.3 *** A0A2U1N3R1_ARTAN) && sp|Q9LTA3|U91C1_ARATH UDP-glycosyltransferase 91C1 OS=Arabidopsis thaliana OX=3702 GN=UGT91C1 PE=1 SV=1 && PF00201:UDP-glucoronosyl and UDP-glucosyl transferase,UDPGT
Solyc02g005110,-0.6477108909970238,-0.4979829334077381,True,0.4979829334077381,-1.5079104297202264,-2.669330502192578,True,4,True,0.39439655172413796,0.6053122760213426,cross_cohort_expression_replication_only,126,Solyc02g005110.3,protein_coding,MADS-box protein SOC1 (AHRD V3.3 --* XP_025887600.1) && sp|K4D3V7|U76E1_SOLLC UDP-glycosyltransferase 76E1 OS=Solanum lycopersicum OX=4081 GN=UGT76E1 PE=1 SV=1 && -,-
Solyc06g048470,-0.4863048735119047,-0.4782075427827381,True,0.4782075427827381,-1.6320189923287747,-2.650521068336932,True,4,True,0.3922413793103448,0.5124880544716095,cross_cohort_expression_replication_only,127,Solyc06g048470.4,protein_coding,COP1-Interacting protein-related (AHRD V3.3 *** A0A2R4QNN9_9POAL) && sp|O80386|CIP7_ARATH COP1-interacting protein 7 OS=Arabidopsis thaliana OX=3702 GN=CIP7 PE=1 SV=1 && -,-
Solyc12g011450,-0.4740164620535715,-0.3330194382440475,True,0.3330194382440475,-3.3625243981213124,-4.61221429313585,True,4,True,0.3879310344827586,0.6188368539460062,cross_cohort_expression_replication_only,128,Solyc12g011450.2,protein_coding,"Chlorophyll a-b binding protein && sp|P27489|CB23_SOLLC Chlorophyll a-b binding protein 13, chloroplastic OS=Solanum lycopersicum OX=4081 GN=CAB13 PE=1 SV=1 && PF00504:Chlorophyll A-B binding protein",-
Solyc07g065540,-0.460600353422619,-0.4526715959821428,True,0.4526715959821428,-2.4326215930576076,-4.9042097506545606,True,4,True,0.38146551724137934,0.6247946862307876,cross_cohort_expression_replication_only,129,Solyc07g065540.1,protein_coding,Fasciclin-like arabinogalactan protein (AHRD V3.3 *** A0A2R6P548_ACTCH) && sp|Q9FM65|FLA1_ARATH Fasciclin-like arabinogalactan protein 1 OS=Arabidopsis thaliana OX=3702 GN=FLA1 PE=1 SV=1 && PF02469:Fasciclin domain,-
Solyc08g081940,-0.5038713727678571,-0.4266299293154763,True,0.4266299293154763,-1.3183453782626549,-3.6216733282078883,True,4,True,0.3787528868360277,0.5241063251572828,cross_cohort_expression_replication_only,130,Solyc08g081940.3,protein_coding,Leucine-rich repeat protein kinase family protein (AHRD V3.3 *** A0A2U1NUU3_ARTAN) && sp|Q9SUQ3|Y4374_ARATH Probable inactive receptor kinase At4g23740 OS=Arabidopsis thaliana OX=3702 GN=At4g23740 PE=1 SV=1 && PF08263:Leucine rich repeat N-terminal domain|PF13855:Leucine rich repeat|PF00069:Protein kinase domain,Pkinase
Solyc04g012060,-0.4752952938988095,-0.3250267392113095,True,0.3250267392113095,-1.3426665997225533,-2.6074680203822256,True,4,True,0.3771551724137931,0.397066875049773,cross_cohort_expression_replication_only,131,Solyc04g012060.3,protein_coding,"Ribonucleoside-diphosphate reductase (AHRD V3.3 *** A0A1U8FDK5_CAPAN) && sp|Q9SJ20|RIR1_ARATH Ribonucleoside-diphosphate reductase large subunit OS=Arabidopsis thaliana OX=3702 GN=RNR1 PE=1 SV=1 && PF03477:ATP cone domain|PF00317:Ribonucleotide reductase, all-alpha domain|PF02867:Ribonucleotide reductase, barrel domain",Ribonuc_red_lgC
Solyc02g065280,0.4888974144345238,0.6909760974702381,True,0.4888974144345238,1.293026246387383,4.976878378373835,True,4,True,0.3741339491916859,0.6646541769530939,cross_cohort_expression_replication_only,132,Solyc02g065280.3,protein_coding,Methylesterase 1 (AHRD V3.3 *** A0A2G3D300_CAPCH) && sp|Q6RYA0|SABP2_TOBAC Salicylic acid-binding protein 2 OS=Nicotiana tabacum OX=4097 GN=SABP2 PE=1 SV=1 && PF12697:Alpha/beta hydrolase family,-
Solyc07g056540,-0.5067313058035715,-0.3231956845238093,True,0.3231956845238093,-2.5799889072052746,-2.8296921863740883,True,4,True,0.3706896551724138,0.5256965736242734,cross_cohort_expression_replication_only,133,Solyc07g056540.3,protein_coding,glycolate oxidase X92888 && sp|Q9LRR9|GLO1_ARATH (S)-2-hydroxy-acid oxidase GLO1 OS=Arabidopsis thaliana OX=3702 GN=GLO1 PE=1 SV=1 && PF01070:FMN-dependent dehydrogenase,FMN_dh
Solyc04g016330,-0.4580194382440477,-0.4822591145833333,True,0.4580194382440477,-1.531822168703219,-3.280683937135877,True,4,True,0.3577586206896552,0.49897840845743413,cross_cohort_expression_replication_only,134,Solyc04g016330.3,protein_coding,"Glycerol-3-phosphate dehydrogenase [NAD(+)] (AHRD V3.3 *** A0A2G3CDF8_CAPCH) && sp|Q8S0G4|GPDH1_ORYSJ Probable glycerol-3-phosphate dehydrogenase [NAD(+)] 1, cytosolic OS=Oryza sativa subsp. japonica OX=39947 GN=Os01g0939600 PE=2 SV=1 && PF01210:NAD-dependent glycerol-3-phosphate dehydrogenase N-terminus|PF07479:NAD-dependent glycerol-3-phosphate dehydrogenase C-terminus",NAD_Gly3P_dh_C
Solyc06g053620,0.4576241629464285,0.738164992559524,True,0.4576241629464285,2.5170083039591917,4.417567370596702,True,4,True,0.35560344827586204,0.688180646253086,cross_cohort_expression_replication_only,135,Solyc06g053620.5,protein_coding,Phosphoenolpyruvate carboxylase kinase 2 (AHRD V3.11 *** tr_Q84JP7_Q84JP7_SOLLC) && sp|Q9SPK4|PPCK1_ARATH Phosphoenolpyruvate carboxylase kinase 1 OS=Arabidopsis thaliana OX=3702 GN=PPCK1 PE=1 SV=1 && PF00069:Protein kinase domain,Pkinase
Solyc12g099430,-0.4562639508928572,-0.4362327938988095,True,0.4362327938988095,-2.1792707314644275,-4.562221915038165,True,4,True,0.35129310344827586,0.5825361352233814,cross_cohort_expression_replication_only,136,Solyc12g099430.2,protein_coding,Alpha/beta-Hydrolases superfamily protein (AHRD V3.3 *** A0A2U1MWY4_ARTAN) && sp|I6YGS0|EPHA_MYCTU Epoxide hydrolase A OS=Mycobacterium tuberculosis (strain ATCC 25618 / H37Rv) OX=83332 GN=ephA PE=1 SV=1 && PF12697:Alpha/beta hydrolase family,-
Solyc06g006090,-0.5230654761904763,-0.3123837425595238,True,0.3123837425595238,-1.6182508773666047,-4.430393359780219,True,4,True,0.35129310344827586,0.5602863442701282,cross_cohort_expression_replication_only,137,Solyc06g006090.1,protein_coding,josephin protein-like protein (AHRD V3.3 *-* AT1G07300.2) && - && -,-
Solyc03g071570,-0.4904552641369047,-0.4963843936011904,True,0.4904552641369047,-1.2728723367013,-2.4192517644130134,True,4,True,0.35129310344827586,0.4829651787847416,cross_cohort_expression_replication_only,138,Solyc03g071570.3,protein_coding,Pectate lyase (AHRD V3.3 *** A0A2G2X594_CAPBA) && sp|Q9SCP2|PLY12_ARATH Probable pectate lyase 12 OS=Arabidopsis thaliana OX=3702 GN=At3g53190 PE=2 SV=2 && PF00544:Pectate lyase,-
Solyc06g009770,-0.4699474516369047,-0.6510300409226191,True,0.4699474516369047,-1.2444629412526789,-3.9315972672452455,True,4,True,0.3510392609699769,0.577522746276977,cross_cohort_expression_replication_only,139,Solyc06g009770.1,protein_coding,hypothetical protein (AHRD V3.3 *** AT3G62650.2) && - && -,-
Solyc12g015850,-0.4688778831845238,-0.4357503255208333,True,0.4357503255208333,-2.5307145424582878,-2.4085375522288017,True,4,True,0.34913793103448276,0.508839691008999,cross_cohort_expression_replication_only,140,Solyc12g015850.1,protein_coding,Nucleotide/sugar transporter family protein (AHRD V3.3 *** A0A2K3L035_TRIPR) && sp|Q9FG70|NSTU2_ARATH Nucleotide-sugar uncharacterized transporter 2 OS=Arabidopsis thaliana OX=3702 GN=At5g55950 PE=2 SV=1 && PF03151:Triose-phosphate Transporter family,-
Solyc02g084600,-0.4756440662202381,-0.3119768415178571,True,0.3119768415178571,-2.0416862467786085,-3.938621726551637,True,4,True,0.34698275862068967,0.5109525563430757,cross_cohort_expression_replication_only,141,Solyc02g084600.4,protein_coding,Leucine-rich repeat receptor-like protein kinase family protein (AHRD V3.3 *-* A0A061DFG6_THECC) && - && -,-
Solyc08g005610,0.4896647135416666,0.3112211681547618,True,0.3112211681547618,2.0811869260141345,4.65911337517404,True,4,True,0.3448275862068966,0.5688734371267022,cross_cohort_expression_replication_only,142,Solyc08g005610.3,protein_coding,Cytochrome P450 (AHRD V3.3 *** A0A200R6R4_9MAGN) && sp|K4CI52|ABAH2_SOLLC Abscisic acid 8'-hydroxylase CYP707A2 OS=Solanum lycopersicum OX=4081 GN=CYP707A2 PE=2 SV=1 && PF00067:Cytochrome P450,p450
Solyc06g035610,-0.4531482514880953,-0.590611049107143,True,0.4531482514880953,-2.8607878342863216,-3.87490775979118,True,4,True,0.3426724137931034,0.6398846261049613,cross_cohort_expression_replication_only,143,Solyc06g035610.3,protein_coding,"RNA-binding protein (AHRD V3.3 *-* Q941H9_TOBAC) && sp|Q9FIU6|ORRM2_ARATH Organelle RRM domain-containing protein 2, mitochondrial OS=Arabidopsis thaliana OX=3702 GN=ORRM2 PE=1 SV=1 && PF00076:RNA recognition motif. (a.k.a. RRM, RBD, or RNP domain)",RRM_1
Solyc01g109790,-0.5250186011904763,-0.341738746279762,True,0.341738746279762,-1.2121681612919675,-4.057989675300553,True,4,True,0.3418013856812933,0.5234891395237716,cross_cohort_expression_replication_only,144,Solyc01g109790.3,protein_coding,ADP-glucose pyrophosphorylase large subunit 1 && sp|Q00081|GLGL1_SOLTU Glucose-1-phosphate adenylyltransferase large subunit 1 (Fragment) OS=Solanum tuberosum OX=4113 GN=AGPS1 PE=1 SV=1 && PF00483:Nucleotidyl transferase,-
Solyc08g016310,-0.4680524553571429,-0.8300141834077381,True,0.4680524553571429,-2.6192498281015735,-2.3913487639937534,True,4,True,0.34051724137931033,0.6142515131002628,cross_cohort_expression_replication_only,145,Solyc08g016310.3,protein_coding,LOW QUALITY PROTEIN_ LRR receptor-like serine/threonine-protein kinase GSO1 (AHRD V3.3 *** A0A1U8F7A0_CAPAN) && sp|Q9LNV9|RLP1_ARATH Receptor-like protein 1 OS=Arabidopsis thaliana OX=3702 GN=RLP1 PE=2 SV=2 && PF13855:Leucine rich repeat,-
Solyc07g005390,-0.5202752976190477,-0.4339250837053571,True,0.4339250837053571,-1.2090640126309697,-3.494276974590556,True,4,True,0.3371824480369515,0.5244895775264793,cross_cohort_expression_replication_only,146,Solyc07g005390.3,protein_coding,Aldehyde dehydrogenase 11A3 (AHRD V3.3 *** A0A2H1ZE23_ARATH) && sp|P93338|GAPN_NICPL NADP-dependent glyceraldehyde-3-phosphate dehydrogenase OS=Nicotiana plumbaginifolia OX=4092 GN=GAPN PE=2 SV=1 && PF00171:Aldehyde dehydrogenase family,Aldedh
Solyc12g098340,-0.7895856584821428,-0.3064429873511903,True,0.3064429873511903,-1.540436660301995,-4.119450688205408,True,4,True,0.33620689655172414,0.6224391773512782,cross_cohort_expression_replication_only,147,Solyc12g098340.2,protein_coding,Pectinesterase (AHRD V3.3 *** A0A2G2VIL1_CAPBA) && sp|Q4PSN0|PME29_ARATH Probable pectinesterase 29 OS=Arabidopsis thaliana OX=3702 GN=PME29 PE=2 SV=1 && PF01095:Pectinesterase,-
Solyc03g123830,-0.452450706845238,-0.3210391090029763,True,0.3210391090029763,-3.365869532050633,-5.2168399695245355,True,4,True,0.33620689655172414,0.6080995659791352,cross_cohort_expression_replication_only,148,Solyc03g123830.5,protein_coding,"D-3-phosphoglycerate dehydrogenase (AHRD V3.11 *** tr_A0A1U8G334_A0A1U8G334_CAPAN) && sp|O04130|SERA2_ARATH D-3-phosphoglycerate dehydrogenase 2, chloroplastic OS=Arabidopsis thaliana OX=3702 GN=PGDH2 PE=1 SV=2 && PF01842:ACT domain|PF00389:D-isomer specific 2-hydroxyacid dehydrogenase, catalytic domain|PF02826:D-isomer specific 2-hydroxyacid dehydrogenase, NAD binding domain",2-Hacid_dh_C
Solyc12g013710,-0.4703543526785715,-0.6973005022321428,True,0.4703543526785715,-3.4077033021822265,-2.362989667211835,True,4,True,0.33405172413793105,0.6400040813888668,cross_cohort_expression_replication_only,149,Solyc12g013710.2,protein_coding,"light dependent NADH_protochlorophyllide oxidoreductase 1 && sp|Q9SDT1|POR_DAUCA Protochlorophyllide reductase, chloroplastic OS=Daucus carota OX=4039 GN=POR1 PE=2 SV=1 && PF00106:short chain dehydrogenase",adh_short
Solyc12g006520,-0.5703590029761905,-0.3063732328869047,True,0.3063732328869047,-2.7303079695416326,-3.901543386124328,True,4,True,0.33405172413793105,0.6210256231583977,cross_cohort_expression_replication_only,150,Solyc12g006520.3,protein_coding,Terpene cyclase/mutase family member (AHRD V3.11 *** tr_A0A2G3BN05_A0A2G3BN05_CAPCH) && sp|E7DN64|DAMS_SOLLC Delta-amyrin synthase OS=Solanum lycopersicum OX=4081 GN=TTS2 PE=1 SV=1 && PF13243:Squalene-hopene cyclase C-terminal domain|PF13249:Squalene-hopene cyclase N-terminal domain,-
Solyc05g053310,-0.596923828125,-0.5834495907738095,True,0.5834495907738095,-1.1831911427217348,-3.7544910606223274,True,4,True,0.3302540415704388,0.6445247172891614,cross_cohort_expression_replication_only,151,Solyc05g053310.3,protein_coding,Stress responsive A/B Barrel domain containing protein (AHRD V3.3 *** A0A1Y1IK97_KLENI) && sp|Q9LUV2|POP3_ARATH Stress-response A/B barrel domain-containing protein HS1 OS=Arabidopsis thaliana OX=3702 GN=HS1 PE=1 SV=1 && PF07876:Stress responsive A/B Barrel Domain,-
Solyc12g006530,-0.4797595796130952,-0.3040597098214286,True,0.3040597098214286,-2.871830696071334,-3.0797486776971863,True,4,True,0.3297413793103448,0.5100740622760214,cross_cohort_expression_replication_only,152,Solyc12g006530.2,protein_coding,Terpene cyclase/mutase family member (AHRD V3.3 *** A0A2G3BN05_CAPCH) && sp|E7DN63|BAMS_SOLLC Beta-amyrin synthase OS=Solanum lycopersicum OX=4081 GN=TTS1 PE=1 SV=1 && PF13243:Squalene-hopene cyclase C-terminal domain|PF13249:Squalene-hopene cyclase N-terminal domain,-
Solyc02g077330,-0.450590587797619,-0.393159412202381,True,0.393159412202381,-2.518810148701376,-3.839544265347354,True,4,True,0.3275862068965517,0.5346631858724218,cross_cohort_expression_replication_only,153,Solyc02g077330.3,protein_coding,GDSL esterase/lipase (AHRD V3.3 *** A0A2G3D5Q8_CAPCH) && sp|Q9FJ41|GDL85_ARATH GDSL esterase/lipase At5g45950 OS=Arabidopsis thaliana OX=3702 GN=At5g45950 PE=2 SV=1 && PF00657:GDSL-like Lipase/Acylhydrolase,Lipase_GDSL
Solyc05g007770,0.4496023995535715,0.3172142392113096,True,0.3172142392113096,2.020891545529768,4.07629609699695,True,4,True,0.3254310344827586,0.4903241220036633,cross_cohort_expression_replication_only,154,Solyc05g007770.3,protein_coding,NAC domain TF && sp|K4BWV2|NAP1_SOLLC NAC domain-containing protein 1 OS=Solanum lycopersicum OX=4081 GN=NAP1 PE=2 SV=1 && PF02365:No apical meristem (NAM) protein,NAM
Solyc10g080210,0.8924153645833334,0.3023158482142857,True,0.3023158482142857,7.98899153519736,11.482954634990604,True,4,True,0.3232758620689655,0.8302801724137931,cross_cohort_expression_replication_only,155,Solyc10g080210.2,protein_coding,polygalacturonase && sp|P05117|PGLR_SOLLC Polygalacturonase-2 OS=Solanum lycopersicum OX=4081 GN=PG2 PE=1 SV=1 && PF00295:Glycosyl hydrolases family 28,-
Solyc03g118100,0.5835077194940477,0.3692859468005952,True,0.3692859468005952,1.1625058808707767,4.672462283034833,True,4,True,0.3210161662817552,0.6007281795014733,cross_cohort_expression_replication_only,156,Solyc03g118100.4,protein_coding,NAD(P)-binding Rossmann-fold superfamily protein (AHRD V3.3 *** A0A2U1N555_ARTAN) && sp|Q8K354|CBR3_MOUSE Carbonyl reductase [NADPH] 3 OS=Mus musculus OX=10090 GN=Cbr3 PE=1 SV=1 && PF00106:short chain dehydrogenase,adh_short
Solyc07g049440,-0.4472423735119048,-0.6409795851934524,True,0.4472423735119048,-1.5646085603224664,-3.5250597649897784,True,4,True,0.32004310344827586,0.553319985864458,cross_cohort_expression_replication_only,157,Solyc07g049440.3,protein_coding,GDSL esterase/lipase (AHRD V3.3 *** A0A2G2Z2Z1_CAPAN) && sp|Q9SJB4|GDL34_ARATH GDSL esterase/lipase At2g04570 OS=Arabidopsis thaliana OX=3702 GN=At2g04570 PE=2 SV=1 && PF00657:GDSL-like Lipase/Acylhydrolase,Lipase_GDSL
Solyc11g011210,0.4472423735119048,0.3557593936011904,True,0.3557593936011904,2.9811124718677044,3.7594115617374166,True,4,True,0.32004310344827586,0.5376302809190093,cross_cohort_expression_replication_only,158,Solyc11g011210.2,protein_coding,Gibberellin-regulated protein 12 (AHRD V3.3 *** A0A1U8GMV5_CAPAN) && sp|P47926|RSI1_SOLLC Protein RSI-1 OS=Solanum lycopersicum OX=4081 GN=RSI-1 PE=2 SV=1 && PF02704:Gibberellin regulated protein,-
Solyc12g009800,-0.5350399925595238,-0.3046526227678571,True,0.3046526227678571,-2.6883624703415916,-2.2713971979613663,True,4,True,0.3168103448275862,0.513651499163813,cross_cohort_expression_replication_only,159,Solyc12g009800.3,protein_coding,"Purple acid phosphatase (AHRD V3.3 *** M1AD80_SOLTU) && sp|Q949Y3|PPA26_ARATH Bifunctional purple acid phosphatase 26 OS=Arabidopsis thaliana OX=3702 GN=PAP26 PE=1 SV=1 && PF00149:Calcineurin-like phosphoesterase|PF16656:Purple acid Phosphatase, N-terminal domain|PF14008:Iron/zinc purple acid phosphatase-like protein C",Metallophos
Solyc10g047240,-0.5831240699404762,-0.5927443731398809,True,0.5831240699404762,-1.14246467466406,-3.883000363460249,True,4,True,0.3117782909930716,0.646371296886199,cross_cohort_expression_replication_only,160,Solyc10g047240.2,protein_coding,annexin 9 && sp|P51074|ANX4_FRAAN Annexin-like protein RJ4 OS=Fragaria ananassa OX=3747 PE=2 SV=2 && PF00191:Annexin,-
Solyc07g043500,-0.4798177083333333,-0.2914399646577381,True,0.2914399646577381,-1.8683194456885008,-2.7376939754919163,True,4,True,0.3103448275862069,0.43594334833160786,cross_cohort_expression_replication_only,161,Solyc07g043500.1,protein_coding,"Glycosyltransferase (AHRD V3.3 *** C5NN15_CATRO) && sp|F8WKW8|UGT9_GARJA Beta-D-glucosyl crocetin beta-1,6-glucosyltransferase OS=Gardenia jasminoides OX=114476 GN=UGT94E5 PE=1 SV=1 && PF00201:UDP-glucoronosyl and UDP-glucosyl transferase",UDPGT
Solyc03g097440,0.4449986049107143,0.5171130952380953,True,0.4449986049107143,2.480808431112292,4.650005682512391,True,4,True,0.30603448275862066,0.6255649239468026,cross_cohort_expression_replication_only,162,Solyc03g097440.3,protein_coding,11-beta-hydroxysteroid dehydrogenase 1A (AHRD V3.3 *** A0A2G3A0G7_CAPAN) && sp|Q93W57|HSDA_SESIN 11-beta-hydroxysteroid dehydrogenase A OS=Sesamum indicum OX=4182 GN=SOP2 PE=1 SV=1 && PF00106:short chain dehydrogenase,adh_short
Solyc06g068900,0.5066615513392856,0.3365129743303572,True,0.3365129743303572,1.1243735219766906,4.283580665575354,True,4,True,0.3002309468822171,0.5077085987895198,cross_cohort_expression_replication_only,163,Solyc06g068900.4,protein_coding,"Nudix hydrolase 17 && sp|Q9ZU95|NUD17_ARATH Nudix hydrolase 17, mitochondrial OS=Arabidopsis thaliana OX=3702 GN=NUDT17 PE=2 SV=1 && PF00293:NUDIX domain",NUDIX
Solyc01g086920,-0.5659877232142858,-0.2870221819196425,True,0.2870221819196425,-6.208009448799463,-6.941664408420616,True,4,True,0.2995689655172414,0.7574659552440869,cross_cohort_expression_replication_only,164,Solyc01g086920.3,protein_coding,Leucine-rich repeat receptor-like protein (AHRD V3.3 *** H6V789_MALDO) && sp|Q00874|DR100_ARATH DNA damage-repair/toleration protein DRT100 OS=Arabidopsis thaliana OX=3702 GN=DRT100 PE=2 SV=2 && PF08263:Leucine rich repeat N-terminal domain|PF13855:Leucine rich repeat,LRRNT_2
Solyc02g079490,0.4438244047619047,0.5022088913690474,True,0.4438244047619047,1.17199714282794,6.309984769051181,True,4,True,0.2995689655172414,0.5695939018077566,cross_cohort_expression_replication_only,165,Solyc02g079490.3,protein_coding,HXXXD-type acyl-transferase family protein (AHRD V3.3 *** Q9MAP9_ARATH) && sp|A1XWY7|CFAT_PETHY Coniferyl alcohol acyltransferase OS=Petunia hybrida OX=4102 GN=CFAT PE=1 SV=1 && PF02458:Transferase family,-
Solyc12g013700,0.4827125186011905,0.2854933965773809,True,0.2854933965773809,3.209866814422983,6.279740476436578,True,4,True,0.2974137931034483,0.6444289041968623,cross_cohort_expression_replication_only,166,Solyc12g013700.2,protein_coding,stem-specific protein TSJT1-like (AHRD V3.3 *** A0A2I4H4H1_9ROSI) && sp|P24805|TSJT1_TOBAC Stem-specific protein TSJT1 OS=Nicotiana tabacum OX=4097 GN=TSJT1 PE=2 SV=1 && PF12481:Aluminium induced protein,-
Solyc12g009930,-0.4828287760416667,-0.5043654668898809,True,0.4828287760416667,-2.40388473471912,-2.179307351253248,True,4,True,0.2974137931034483,0.5390494345783229,cross_cohort_expression_replication_only,167,Solyc12g009930.3,protein_coding,Glycosyltransferase (AHRD V3.3 *** A0A288W8G2_GARJA) && sp|P56725|ZOX_PHAVU Zeatin O-xylosyltransferase OS=Phaseolus vulgaris OX=3885 GN=ZOX1 PE=2 SV=1 && PF00201:UDP-glucoronosyl and UDP-glucosyl transferase,UDPGT
Solyc08g014010,0.443545386904762,0.6043759300595237,True,0.443545386904762,1.2590036150128197,2.3718611184188756,True,4,True,0.2974137931034483,0.4574876065142948,cross_cohort_expression_replication_only,168,Solyc08g014010.4,protein_coding,Transmembrane protein (AHRD V3.3 *** Q1PDF2_ARATH) && - && -,-
Solyc08g014130,0.478701636904762,0.3422154017857142,True,0.3422154017857142,1.1127006985300758,5.400903007200999,True,4,True,0.2956120092378753,0.5162521402405034,cross_cohort_expression_replication_only,169,Solyc08g014130.3,protein_coding,Isopropylmalate synthase (AHRD V3.3 *** K4CJ46_SOLLC) && sp|O04973|LEU1A_SOLPN 2-isopropylmalate synthase A OS=Solanum pennellii OX=28526 GN=IPMSA PE=2 SV=1 && PF08502:LeuA allosteric (dimerisation) domain|PF00682:HMGL-like,HMGL-like
Solyc10g054080,-0.4431268601190477,-0.6099911644345238,True,0.4431268601190477,-2.4644263557719994,-3.5570243558942902,True,4,True,0.2952586206896552,0.5957770068487697,cross_cohort_expression_replication_only,170,Solyc10g054080.3,protein_coding,"Kinesin-related protein 11 (AHRD V3.3 *** A0A2G3BDZ7_CAPCH) && sp|Q8W5R5|KN7D_ARATH Kinesin-like protein KIN-7D, mitochondrial OS=Arabidopsis thaliana OX=3702 GN=KIN7D PE=2 SV=1 && PF13920:Zinc finger, C3HC4 type (RING finger)|PF00225:Kinesin motor domain",Kinesin
Solyc10g080980,-0.4530203683035715,-0.5470842633928572,True,0.4530203683035715,-1.1886939869772202,-2.17325850737943,True,4,True,0.2952586206896552,0.4306624293222904,cross_cohort_expression_replication_only,171,Solyc10g080980.2,protein_coding,WAT1-related protein (AHRD V3.3 *** K4D2Y5_SOLLC) && sp|Q9FL41|WTR38_ARATH WAT1-related protein At5g07050 OS=Arabidopsis thaliana OX=3702 GN=At5g07050 PE=2 SV=1 && PF00892:EamA-like transporter family,DUF6
Solyc12g011310,0.7006603422619049,0.2817266555059524,True,0.2817266555059524,2.886036767180262,4.11636948751963,True,4,True,0.29310344827586204,0.6792936708608744,cross_cohort_expression_replication_only,172,Solyc12g011310.2,protein_coding,"Glutathione S-transferase-like protein (AHRD V3.3 *** A0A2K3N2T5_TRIPR) && sp|P49332|GSTXC_TOBAC Probable glutathione S-transferase parC OS=Nicotiana tabacum OX=4097 GN=PARC PE=2 SV=1 && PF02798:Glutathione S-transferase, N-terminal domain|PF13410:Glutathione S-transferase, C-terminal domain",GST_N
Solyc11g006670,-0.4424874441964286,-0.5124453590029763,True,0.4424874441964286,-2.140299987799288,-2.5353445965768593,True,4,True,0.29094827586206895,0.4952130783626662,cross_cohort_expression_replication_only,173,Solyc11g006670.1,protein_coding,"ovate family protein 29 && sp|Q9FMC8|OPF13_ARATH Transcription repressor OFP13 OS=Arabidopsis thaliana OX=3702 GN=OFP13 PE=1 SV=1 && PF04844:Transcriptional repressor, ovate",-
Solyc08g063090,-0.5506068638392857,-0.2806745256696428,True,0.2806745256696428,-1.2516141761315251,-4.456143924615425,True,4,True,0.28879310344827586,0.5317639065859681,cross_cohort_expression_replication_only,174,Solyc08g063090.2,protein_coding,Fatty acid desaturase (AHRD V3.3 *** A0A2U1LPJ3_ARTAN) && sp|O04353|DES6_BOROF Acyl-lipid (9-3)-desaturase OS=Borago officinalis OX=13363 PE=1 SV=1 && PF00173:Cytochrome b5-like Heme/Steroid binding domain|PF00487:Fatty acid desaturase,-
Solyc08g066430,0.4588681175595239,0.3976004464285713,True,0.3976004464285713,1.521483293249461,2.1196601239924435,True,4,True,0.28879310344827586,0.4024187206339094,cross_cohort_expression_replication_only,175,Solyc08g066430.1,protein_coding,Polyketide cyclase/dehydrase and lipid transport superfamily protein (AHRD V3.3 *** A0A2U1M5K6_ARTAN) && - && PF10604:Polyketide cyclase / dehydrase and lipid transport,-
Solyc02g070800,-0.4417782738095237,-0.3186616443452381,True,0.3186616443452381,-1.471729864376285,-3.1246863632967634,True,4,True,0.28879310344827586,0.3907183244405511,cross_cohort_expression_replication_only,176,Solyc02g070800.2,protein_coding,DUF561 domain-containing protein (AHRD V3.3 *** A0A1Q3DH97_CEPFO) && sp|Q1XDB4|YCF23_PYRYE Uncharacterized protein ycf23 OS=Pyropia yezoensis OX=2788 GN=ycf23 PE=3 SV=1 && PF04481:Protein of unknown function (DUF561),-
Solyc11g072310,0.5053129650297619,0.2777855282738095,True,0.2777855282738095,2.3537075079657974,4.0524701218116395,True,4,True,0.28448275862068967,0.551941894958987,cross_cohort_expression_replication_only,177,Solyc11g072310.2,protein_coding,gibberellin 20-oxidase-3 && sp|Q39110|GAOX1_ARATH Gibberellin 20 oxidase 1 OS=Arabidopsis thaliana OX=3702 GN=GA20OX1 PE=2 SV=2 && PF14226:non-haem dioxygenase in morphine synthesis N-terminal|PF03171:2OG-Fe(II) oxygenase superfamily,2OG-FeII_Oxy
Solyc09g083130,-0.4467657180059524,-0.5917445591517858,True,0.4467657180059524,-1.7146257971567929,-2.0901813320281395,True,4,True,0.28448275862068967,0.4821240144939078,cross_cohort_expression_replication_only,178,Solyc09g083130.3,protein_coding,Acylamino-acid-releasing enzyme (AHRD V3.3 *** A0A1J3E2A0_NOCCA) && sp|Q84LM4|AARE_ARATH Acylamino-acid-releasing enzyme OS=Arabidopsis thaliana OX=3702 GN=AARE PE=1 SV=1 && PF00326:Prolyl oligopeptidase family,-
Solyc12g098490,-0.4973725818452381,-0.5026216052827381,True,0.4973725818452381,-1.0652504479545568,-3.9185417691659756,True,4,True,0.2840646651270208,0.5483868559369276,cross_cohort_expression_replication_only,179,Solyc12g098490.2,protein_coding,Serine hydroxymethyltransferase (AHRD V3.3 *** A0A2G3CI35_CAPCH) && sp|O23254|GLYC4_ARATH Serine hydroxymethyltransferase 4 OS=Arabidopsis thaliana OX=3702 GN=SHM4 PE=1 SV=1 && PF00464:Serine hydroxymethyltransferase,SHMT
Solyc07g007750,-0.4411737351190477,-0.5875069754464286,True,0.4411737351190477,-4.812866061826369,-5.392961713596781,True,4,True,0.2801724137931034,0.7342580333678428,cross_cohort_expression_replication_only,180,Solyc07g007750.3,protein_coding,Defensin protein (AHRD V3.3 *** B1N678_SOLLC) && sp|P20346|DF322_SOLTU Defensin-like protein P322 OS=Solanum tuberosum OX=4113 PE=2 SV=1 && -,-
Solyc06g064900,0.4585309709821429,0.3652576264880952,True,0.3652576264880952,1.0515855312960083,2.253106616148233,True,4,True,0.279445727482679,0.35272781118101454,cross_cohort_expression_replication_only,181,Solyc06g064900.3,protein_coding,Unknown protein && - && -,-
Solyc10g085830,0.4408017113095237,0.3498767671130953,True,0.3498767671130953,1.1425168385928677,2.4244419635167684,True,4,True,0.27801724137931033,0.34306935374691405,cross_cohort_expression_replication_only,182,Solyc10g085830.2,protein_coding,O-methyltransferase && sp|I1M2U5|NAMT1_SOYBN Nicotinate N-methyltransferase 1 OS=Glycine max OX=3847 GN=NANMT1 PE=1 SV=1 && PF00891:O-methyltransferase domain,-
Solyc04g082120,0.4406273251488096,0.3382917131696428,True,0.3382917131696428,2.2775789863794813,2.8273874094402456,True,4,True,0.27370689655172414,0.4374863124153859,cross_cohort_expression_replication_only,183,Solyc04g082120.3,protein_coding,"Prolyl oligopeptidase (AHRD V3.3 *** H2D7F1_COFAR) && sp|Q9QUR6|PPCE_MOUSE Prolyl endopeptidase OS=Mus musculus OX=10090 GN=Prep PE=1 SV=1 && PF02897:Prolyl oligopeptidase, N-terminal beta-propeller domain|PF00326:Prolyl oligopeptidase family",-
Solyc04g081300,-0.4848865327380952,-0.3068266369047618,True,0.3068266369047618,-1.0125408937198568,-5.6140959545717095,True,4,True,0.27251732101616627,0.5056293302540416,cross_cohort_expression_replication_only,184,Solyc04g081300.4,protein_coding,Endoglucanase (AHRD V3.3 *** A0A2G3CQE2_CAPCH) && sp|Q9FXI9|GUN2_ARATH Endoglucanase 2 OS=Arabidopsis thaliana OX=3702 GN=At1g19940 PE=2 SV=1 && PF00759:Glycosyl hydrolase family 9,-
Solyc03g098740,0.5283551897321428,0.2682582310267858,True,0.2682582310267858,1.9113611403596544,3.324973496809503,True,4,True,0.27155172413793105,0.5055248068806244,cross_cohort_expression_replication_only,185,Solyc03g098740.1,protein_coding,Biotic cell death-associated protein (AHRD V3.3 *** Q850R9_NICGU) && sp|P24924|ITRY_ACACO Trypsin inhibitor OS=Acacia confusa OX=3809 GN=ACTI PE=1 SV=2 && PF00197:Trypsin and protease inhibitor,-
Solyc03g006760,-0.4897693452380953,-0.4777367001488096,True,0.4777367001488096,-1.8322452689937454,-2.011607387480555,True,4,True,0.27155172413793105,0.499405212232221,cross_cohort_expression_replication_only,186,Solyc03g006760.4,protein_coding,NBS-LRR resistance protein (AHRD V3.3 *** A0A2K3PMF0_TRIPR) && - && -,-
Solyc07g043420,-0.4394531250000001,-0.4466785249255951,True,0.4394531250000001,-2.533916279203314,-2.514796698479662,True,4,True,0.27155172413793105,0.48247740304212794,cross_cohort_expression_replication_only,187,Solyc07g043420.3,protein_coding,2-oxoglutarate-dependent dioxygenase 2 && sp|P24397|HY6H_HYONI Hyoscyamine 6-dioxygenase OS=Hyoscyamus niger OX=4079 GN=H6H PE=1 SV=1 && PF03171:2OG-Fe(II) oxygenase superfamily|PF14226:non-haem dioxygenase in morphine synthesis N-terminal,2OG-FeII_Oxy
Solyc09g007940,-0.4393136160714285,-0.3568173363095238,True,0.3568173363095238,-1.460615934534426,-4.293217248578139,True,4,True,0.26939655172413796,0.4671497969260174,cross_cohort_expression_replication_only,188,Solyc09g007940.3,protein_coding,Adenosine kinase (AHRD V3.3 *** A0A2G2VXW7_CAPBA) && sp|Q9LZG0|ADK2_ARATH Adenosine kinase 2 OS=Arabidopsis thaliana OX=3702 GN=ADK2 PE=1 SV=1 && PF00294:pfkB family carbohydrate kinase,PfkB
Solyc12g010050,-0.4918619791666666,-0.4615652901785714,True,0.4615652901785714,-1.2762128181596395,-1.9941159139859503,True,4,True,0.26939655172413796,0.45121495978338777,cross_cohort_expression_replication_only,189,Solyc12g010050.2,protein_coding,DNA-3-methyladenine glycosylase I (AHRD V3.3 *** A0A2I0WS59_9ASPA) && sp|Q7VG78|GUAA_HELHP Probable GMP synthase [glutamine-hydrolyzing] OS=Helicobacter hepaticus (strain ATCC 51449 / 3B1) OX=235279 GN=guaA PE=3 SV=1 && PF03352:Methyladenine glycosylase,-
Solyc10g078740,-0.4612978980654762,-0.2788783482142858,True,0.2788783482142858,-0.982987419309711,-4.0975764043820355,True,4,True,0.2678983833718245,0.4107245958429562,cross_cohort_expression_replication_only,190,Solyc10g078740.2,protein_coding,"Enoyl-[acyl-carrier-protein] reductase [NADH] (AHRD V3.3 *** B6TFF6_MAIZE) && sp|Q6Z0I4|FABI1_ORYSJ Enoyl-[acyl-carrier-protein] reductase [NADH] 1, chloroplastic OS=Oryza sativa subsp. japonica OX=39947 GN=Os08g0327400 PE=2 SV=1 && PF13561:Enoyl-(Acyl carrier protein) reductase",-
Solyc10g081010,-0.4390752883184524,-0.3456333705357144,True,0.3456333705357144,-3.0846232479913795,-3.114716741946667,True,4,True,0.2672413793103448,0.49629813052480687,cross_cohort_expression_replication_only,191,Solyc10g081010.3,protein_coding,Hydroxyproline-rich glycoprotein family protein (AHRD V3.3 *** Q0WVC6_ARATH) && - && -,-
Solyc01g100930,-0.4387207031249999,-0.5687430245535715,True,0.4387207031249999,-2.197732194896961,-3.744660822257548,True,4,True,0.2650862068965517,0.5691820299434578,cross_cohort_expression_replication_only,192,Solyc01g100930.3,protein_coding,GDSL esterase/lipase (AHRD V3.3 *** A0A1U8GQF3_CAPAN) && sp|O80522|GDL2_ARATH GDSL esterase/lipase At1g09390 OS=Arabidopsis thaliana OX=3702 GN=At1g09390 PE=2 SV=1 && PF00657:GDSL-like Lipase/Acylhydrolase,Lipase_GDSL
Solyc06g050840,-0.4380696614583333,-0.5967552548363096,True,0.4380696614583333,-3.40676503551435,-2.6819269640738184,True,4,True,0.2629310344827586,0.5877025762522896,cross_cohort_expression_replication_only,193,Solyc06g050840.4,protein_coding,Transcription factor SCREAM2 (AHRD V3.11 *** tr_A0A2I0WJV6_A0A2I0WJV6_9ASPA) && sp|Q9LPW3|SCRM2_ARATH Transcription factor SCREAM2 OS=Arabidopsis thaliana OX=3702 GN=SCRM2 PE=1 SV=1 && -,-
Solyc03g114360,0.4378255208333335,0.3109479631696428,True,0.3109479631696428,1.1581547808051633,2.2646897420019663,True,4,True,0.2607758620689655,0.3092025364338616,cross_cohort_expression_replication_only,194,Solyc03g114360.4,protein_coding,Poly [ADP-ribose] polymerase (AHRD V3.3 *** A0A2I4EPD4_9ROSI) && sp|Q9FJJ3|SRO5_ARATH Probable inactive poly [ADP-ribose] polymerase SRO5 OS=Arabidopsis thaliana OX=3702 GN=SRO5 PE=1 SV=1 && PF12174:RCD1-SRO-TAF4 (RST) plant domain,-
Solyc04g064870,0.4672386532738096,0.2749720982142857,True,0.2749720982142857,0.9441675028333307,2.1082680526097577,True,4,True,0.2586605080831409,0.3087384028828542,cross_cohort_expression_replication_only,195,Solyc04g064870.3,protein_coding,Pathogen-related protein (AHRD V3.3 *** A0A1U8GE43_CAPAN) && sp|P16273|PRPX_HORVU Pathogen-related protein OS=Hordeum vulgare OX=4513 PE=2 SV=2 && -,-
Solyc05g006740,-0.4374534970238095,-0.6022251674107142,True,0.4374534970238095,-1.9925190068960918,-3.546506747698297,True,4,True,0.25862068965517243,0.5592510651429482,cross_cohort_expression_replication_only,196,Solyc05g006740.5,protein_coding,"Glutathione S-transferase (AHRD V3.11 *** tr_A0A200QY01_A0A200QY01_9MAGN) && sp|Q9FUS8|GSTUH_ARATH Glutathione S-transferase U17 OS=Arabidopsis thaliana OX=3702 GN=GSTU17 PE=2 SV=1 && PF00043:Glutathione S-transferase, C-terminal domain|PF02798:Glutathione S-transferase, N-terminal domain",GST_N
Solyc02g083670,-0.5515718005952382,-0.2731061662946428,True,0.2731061662946428,-2.1097661093240827,-1.863771213796523,True,4,True,0.25646551724137934,0.46708011467707256,cross_cohort_expression_replication_only,197,Solyc02g083670.4,protein_coding,Histidine kinase 1 (AHRD V3.3 *** A0A2G3AA52_CAPAN) && sp|Q9SXL4|AHK1_ARATH Histidine kinase 1 OS=Arabidopsis thaliana OX=3702 GN=AHK1 PE=1 SV=2 && PF13639:Ring finger domain,-
Solyc02g023950,-0.4840959821428572,-0.2563534691220238,True,0.2563534691220238,-1.5483188797412966,-2.248359400289682,True,4,True,0.25646551724137934,0.38163723421199336,cross_cohort_expression_replication_only,198,Solyc02g023950.3,protein_coding,Leucine-rich receptor-like protein kinase family protein (AHRD V3.3 *** A0A061G8R7_THECC) && sp|C0LGQ9|GHR1_ARATH LRR receptor-like serine/threonine-protein kinase GHR1 OS=Arabidopsis thaliana OX=3702 GN=GHR1 PE=1 SV=2 && PF13855:Leucine rich repeat|PF08263:Leucine rich repeat N-terminal domain|PF07714:Protein tyrosine kinase,Pkinase_Tyr
Solyc07g007350,-0.4365931919642857,-0.4200497581845239,True,0.4200497581845239,-1.2160134629236783,-2.2961737133247384,True,4,True,0.25646551724137934,0.3683552998327626,cross_cohort_expression_replication_only,199,Solyc07g007350.1,protein_coding,Sterile alpha motif (SAM) domain protein (AHRD V3.3 *** Q1G3Q5_ARATH) && - && -,-
Solyc02g085380,-0.5693359375,-0.2945963541666667,True,0.2945963541666667,-1.0774731887388618,-1.8263135336474645,True,4,True,0.2543103448275862,0.4073002110376682,cross_cohort_expression_replication_only,200,Solyc02g085380.3,protein_coding,Protein LIKE COV 2 (AHRD V3.3 *** A0A2G2ZPX7_CAPAN) && sp|F4IQJ6|LCV3_ARATH Protein LIKE COV 3 OS=Arabidopsis thaliana OX=3702 GN=LCV3 PE=2 SV=1 && PF04367:Protein of unknown function (DUF502),-
Solyc08g069010,-0.6010393415178571,-0.349365234375,True,0.349365234375,-1.006471700656868,-1.8105258002589832,True,4,True,0.2521551724137931,0.4495562733933265,cross_cohort_expression_replication_only,201,Solyc08g069010.4,protein_coding,Pentatricopeptide repeat-containing protein (AHRD V3.3 *** A0A2G3DE83_CAPCH) && sp|Q8VYD6|PP374_ARATH Pentatricopeptide repeat-containing protein At5g10690 OS=Arabidopsis thaliana OX=3702 GN=CBSPPR1 PE=2 SV=1 && PF13041:PPR repeat family,-
Solyc01g109920,0.6038876488095237,0.580264136904762,True,0.580264136904762,0.9090232625428221,2.8091841737216026,True,4,True,0.2517321016166282,0.5801744047145019,cross_cohort_expression_replication_only,202,Solyc01g109920.3,protein_coding,late embryogenesis abundant protein (AHRD V3.11 *-* tr_A0A1U8E8Y4_A0A1U8E8Y4_CAPAN) && - && PF00257:Dehydrin,-
Solyc06g054320,-0.4802362351190476,-0.2493722098214286,True,0.2493722098214286,-1.0888784620229397,-4.5110158188955065,True,4,True,0.2478448275862069,0.4466706816914868,cross_cohort_expression_replication_only,203,Solyc06g054320.1,protein_coding,Dirigent protein (AHRD V3.3 *** K4C6B8_SOLLC) && sp|Q9SS03|DIR21_ARATH Dirigent protein 21 OS=Arabidopsis thaliana OX=3702 GN=DIR21 PE=3 SV=1 && PF03018:Dirigent-like protein,-
Solyc07g049290,-0.434384300595238,-0.5990164620535714,True,0.434384300595238,-2.8231031081074818,-4.323120763263361,True,4,True,0.2435344827586207,0.6418469280082822,cross_cohort_expression_replication_only,204,Solyc07g049290.3,protein_coding,Protein NRT1/ PTR FAMILY 6.4 (AHRD V3.3 *** A0A2G2Z2Y2_CAPAN) && sp|Q9LVE0|PTR33_ARATH Protein NRT1/ PTR FAMILY 6.4 OS=Arabidopsis thaliana OX=3702 GN=NPF6.4 PE=1 SV=1 && PF00854:POT family,-
Solyc07g063600,-0.4616582961309524,-0.2448614211309523,True,0.2448614211309523,-2.5943773328114137,-3.2681728408509914,True,4,True,0.2435344827586207,0.4633122959305567,cross_cohort_expression_replication_only,205,Solyc07g063600.3,protein_coding,"Chlorophyll a-b binding protein && sp|P27489|CB23_SOLLC Chlorophyll a-b binding protein 13, chloroplastic OS=Solanum lycopersicum OX=4081 GN=CAB13 PE=1 SV=1 && PF00504:Chlorophyll A-B binding protein",-
Solyc02g065350,-0.4933965773809524,-0.7088448660714286,True,0.4933965773809524,-0.8729843165471305,-2.9949154776532376,True,4,True,0.24249422632794457,0.5471537289957793,cross_cohort_expression_replication_only,206,Solyc02g065350.3,protein_coding,B3 domain-containing protein (AHRD V3.3 *** A0A1Q3D977_CEPFO) && sp|Q2R9D2|Y1176_ORYSJ B3 domain-containing protein Os11g0197600 OS=Oryza sativa subsp. japonica OX=39947 GN=Os11g0197600 PE=2 SV=1 && PF02362:B3 DNA binding domain,B3
Solyc10g044680,-0.5735444568452381,-0.6422642299107143,True,0.5735444568452381,-1.125087596218476,-1.719883164571642,True,4,True,0.2413793103448276,0.5524670004778212,cross_cohort_expression_replication_only,207,Solyc10g044680.2,protein_coding,R2R3MYB transcription factor 55 && sp|Q8VZQ2|MYB61_ARATH Transcription factor MYB61 OS=Arabidopsis thaliana OX=3702 GN=MYB61 PE=2 SV=1 && PF00249:Myb-like DNA-binding domain,Myb_DNA-binding
Solyc12g055810,-0.434907459077381,-0.2447742280505954,True,0.2447742280505954,-1.603304892220196,-2.7319295475388614,True,4,True,0.2413793103448276,0.3436143684797324,cross_cohort_expression_replication_only,208,Solyc12g055810.1,protein_coding,P-loop containing nucleoside triphosphate hydrolases superfamily protein (AHRD V3.3 *** A0A1P8B3B9_ARATH) && sp|Q9FKM3|AATPK_ARATH AAA-ATPase At5g57480 OS=Arabidopsis thaliana OX=3702 GN=At5g57480 PE=3 SV=1 && PF14363:Domain associated at C-terminal with AAA|PF00004:ATPase family associated with various cellular activities (AAA),AAA
Solyc03g078440,-0.507754371279762,-0.457182384672619,True,0.457182384672619,-2.9810642821243625,-1.7137628410811874,True,4,True,0.23706896551724138,0.5626455861272598,cross_cohort_expression_replication_only,209,Solyc03g078440.3,protein_coding,Cinnamyl alcohol dehydrogenase (AHRD V3.3 *** C1IC54_GOSHI) && sp|P42734|CADH9_ARATH Probable cinnamyl alcohol dehydrogenase 9 OS=Arabidopsis thaliana OX=3702 GN=CAD9 PE=2 SV=2 && PF00107:Zinc-binding dehydrogenase|PF08240:Alcohol dehydrogenase GroES-like domain,ADH_N
Solyc01g080280,-0.6291736421130953,-0.6098109654017856,True,0.6098109654017856,-0.8546251236768603,-2.880500100311427,True,4,True,0.23556581986143188,0.6019949032412201,cross_cohort_expression_replication_only,210,Solyc01g080280.3,protein_coding,"chloroplast glutamine synthetase && sp|O22506|GLNA2_DAUCA Glutamine synthetase, chloroplastic OS=Daucus carota OX=4039 GN=GLN2 PE=2 SV=1 && PF00120:Glutamine synthetase, catalytic domain|PF03951:Glutamine synthetase, beta-Grasp domain",-
Solyc02g090930,-0.4324311755952381,-0.7506452287946429,True,0.4324311755952381,-3.7685552629982544,-3.531509663175575,True,4,True,0.23275862068965517,0.665444323883093,cross_cohort_expression_replication_only,211,Solyc02g090930.3,protein_coding,Lipase (AHRD V3.3 *** A0A200QYW4_9MAGN) && sp|F4JFU8|OBL1_ARATH Triacylglycerol lipase OBL1 OS=Arabidopsis thaliana OX=3702 GN=OBL1 PE=1 SV=1 && PF01764:Lipase (class 3),Lipase_3
Solyc02g063030,-0.6543433779761905,-0.6905633835565478,True,0.6543433779761905,-1.2323546344014429,-1.698319101404619,True,4,True,0.23275862068965517,0.6049626204507447,cross_cohort_expression_replication_only,212,Solyc02g063030.4,protein_coding,Mental retardation GTPase activating protein (AHRD V3.3 *** A0A1I9LSH4_ARATH) && - && -,-
Solyc08g082250,-0.4323381696428571,-0.3069893973214286,True,0.3069893973214286,-0.824507941386841,-3.1026151416898484,True,4,True,0.22632794457274827,0.32005181372939395,cross_cohort_expression_replication_only,213,Solyc08g082250.3,protein_coding,endo-beta-1 && sp|Q42059|GUN6_ARATH Endoglucanase 6 OS=Arabidopsis thaliana OX=3702 GN=At1g64390 PE=2 SV=2 && PF09478:Carbohydrate binding domain CBM49|PF00759:Glycosyl hydrolase family 9,-
Solyc03g093360,-0.4320242745535715,-0.5904889787946428,True,0.4320242745535715,-1.6212054479594684,-5.8158696881658845,True,4,True,0.22629310344827586,0.6099324579915585,cross_cohort_expression_replication_only,214,Solyc03g093360.3,protein_coding,"PLAT/LH2 domain (AHRD V3.3 *** A0A200QDT2_9MAGN) && sp|O65660|PLAT1_ARATH PLAT domain-containing protein 1 OS=Arabidopsis thaliana OX=3702 GN=PLAT1 PE=1 SV=1 && PF06232:Embryo-specific protein 3, (ATS3)",-
Solyc02g070940,-0.5336216517857142,-0.2236211867559523,True,0.2236211867559523,-3.0100963591352095,-3.940696703463346,True,4,True,0.22629310344827586,0.5897009636059568,cross_cohort_expression_replication_only,215,Solyc02g070940.1,protein_coding,"Chlorophyll a-b binding protein && sp|P07370|CB2B_SOLLC Chlorophyll a-b binding protein 1B, chloroplastic OS=Solanum lycopersicum OX=4081 GN=CAB1B PE=3 SV=1 && PF00504:Chlorophyll A-B binding protein",-
Solyc11g072040,-0.4448474702380953,-0.2188255673363094,True,0.2188255673363094,-1.0680965997176222,-2.8799190794982032,True,4,True,0.22198275862068967,0.3140504300390221,cross_cohort_expression_replication_only,216,Solyc11g072040.2,protein_coding,GDSL esterase/lipase (AHRD V3.3 *** A0A2K3NP63_TRIPR) && sp|Q9SF78|GDL29_ARATH GDSL esterase/lipase At1g71691 OS=Arabidopsis thaliana OX=3702 GN=At1g71691 PE=2 SV=1 && PF00657:GDSL-like Lipase/Acylhydrolase,Lipase_GDSL
Solyc05g041430,-0.4406854538690476,-0.3224400111607143,True,0.3224400111607143,-0.8037167037749944,-2.590984976356359,True,4,True,0.22170900692840648,0.3102763896631361,cross_cohort_expression_replication_only,217,Solyc05g041430.3,protein_coding,PTB domain engulfment adapter (AHRD V3.3 *** A0A1P8B0D8_ARATH) && - && -,-
Solyc03g117630,0.431489490327381,0.3295724051339286,True,0.3295724051339286,2.0314574955686857,3.518995393826059,True,4,True,0.21982758620689655,0.43436678744923146,cross_cohort_expression_replication_only,218,Solyc03g117630.1,protein_coding,Heat shock 70 kDa protein (AHRD V3.3 *** A0A1U8FVW2_CAPAN) && sp|P09189|HSP7C_PETHY Heat shock cognate 70 kDa protein OS=Petunia hybrida OX=4102 GN=HSP70 PE=2 SV=1 && PF00012:Hsp70 protein,HSP70
Solyc09g075140,-0.4647739955357142,-0.3699893043154762,True,0.3699893043154762,-1.128576192805494,-1.5730225227759445,True,4,True,0.21982758620689655,0.3478027693716652,cross_cohort_expression_replication_only,219,Solyc09g075140.3,protein_coding,"Alpha/beta-Hydrolases superfamily protein (AHRD V3.3 *** A0A2U1LF81_ARTAN) && sp|Q9C942|CSE_ARATH Caffeoylshikimate esterase OS=Arabidopsis thaliana OX=3702 GN=CSE PE=1 SV=1 && PF12146:Serine aminopeptidase, S33",-
Solyc06g071290,-0.7240513392857143,-0.6972307477678571,True,0.6972307477678571,-0.8022775724448317,-3.1758929838616985,True,4,True,0.21939953810623555,0.6529102293541451,cross_cohort_expression_replication_only,220,Solyc06g071290.3,protein_coding,"Aldehyde dehydrogenase (AHRD V3.3 *** A0A0K9R405_SPIOL) && sp|O04895|BADH_AMAHP Betaine aldehyde dehydrogenase, chloroplastic OS=Amaranthus hypochondriacus OX=28502 GN=BADH4 PE=3 SV=1 && PF00171:Aldehyde dehydrogenase family",Aldedh
Solyc06g074260,-0.4311755952380952,-0.3870907738095239,True,0.3870907738095239,-4.534575163164272,-6.7900199333346665,True,4,True,0.21767241379310345,0.6555170920602055,cross_cohort_expression_replication_only,221,Solyc06g074260.4,protein_coding,senescence regulator (Protein of unknown function%2C DUF584) (AHRD V3.3 *** AT3G15040.1) && - && PF04520:Senescence regulator,-
Solyc02g078950,-0.4782947358630952,-0.2163085937499999,True,0.2163085937499999,-2.186992333899603,-2.8172258783970863,True,4,True,0.21767241379310345,0.4312124213586048,cross_cohort_expression_replication_only,222,Solyc02g078950.4,protein_coding,Beta-galactosidase (AHRD V3.3 *** A0A2G3A8L8_CAPAN) && sp|Q10NX8|BGAL6_ORYSJ Beta-galactosidase 6 OS=Oryza sativa subsp. japonica OX=39947 GN=Os03g0255100 PE=1 SV=2 && PF02140:Galactose binding lectin domain|PF17834:Beta-sandwich domain in beta galactosidase|PF01301:Glycosyl hydrolases family 35,-
Solyc03g026210,-0.4304082961309524,-0.3300258091517858,True,0.3300258091517858,-2.0753053044928924,-2.3577596002626366,True,4,True,0.21551724137931033,0.3834900354384009,cross_cohort_expression_replication_only,223,Solyc03g026210.4,protein_coding,"Dihydrodipicolinate reductase-like protein (AHRD V3.3 *** A0A0F7GZT6_9ROSI) && sp|Q9FJ82|DAPB3_ARATH Dihydrodipicolinate reductase-like protein CRR1, chloroplastic OS=Arabidopsis thaliana OX=3702 GN=DAPB3 PE=2 SV=1 && PF05173:Dihydrodipicolinate reductase, C-terminus|PF01113:Dihydrodipicolinate reductase, N-terminus",DapB_N
Solyc02g092120,0.4562523251488096,0.3858584449404761,True,0.3858584449404761,0.7222995973834031,2.837973059693914,True,4,True,0.21478060046189376,0.3705054949430596,cross_cohort_expression_replication_only,224,Solyc02g092120.3,protein_coding,phytosulfokines-like (AHRD V3.3 *** A0A2I4HMI7_9ROSI) && sp|Q9M2Y0|PSK3_ARATH Phytosulfokines 3 OS=Arabidopsis thaliana OX=3702 GN=PSK3 PE=2 SV=2 && -,-
Solyc08g013670,-0.4298037574404761,-0.52197265625,True,0.4298037574404761,-3.0632134333856285,-4.167943441504443,True,4,True,0.21336206896551724,0.6147168909771442,cross_cohort_expression_replication_only,225,Solyc08g013670.3,protein_coding,"Photosystem I reaction center subunit N && sp|P49107|PSAN_ARATH Photosystem I reaction center subunit N, chloroplastic OS=Arabidopsis thaliana OX=3702 GN=PSAN PE=1 SV=2 && PF05479:Photosystem I reaction centre subunit N (PSAN or PSI-N)",-
Solyc06g074000,-0.6530412946428571,-0.3751511346726191,True,0.3751511346726191,-0.7208452722128393,-5.283661817314865,True,4,True,0.21247113163972287,0.616156576013379,cross_cohort_expression_replication_only,226,Solyc06g074000.1,protein_coding,Eukaryotic aspartyl protease family protein && sp|Q766C2|NEP2_NEPGR Aspartic proteinase nepenthesin-2 OS=Nepenthes gracilis OX=150966 GN=nep2 PE=1 SV=1 && PF14543:Xylanase inhibitor N-terminal|PF14541:Xylanase inhibitor C-terminal,-
Solyc11g010200,-0.4297572544642857,-0.5423700241815476,True,0.4297572544642857,-1.2275419610365423,-3.5831709780445946,True,4,True,0.20905172413793102,0.4680705980727881,cross_cohort_expression_replication_only,227,Solyc11g010200.3,protein_coding,14-3-3 family protein AF079104 && sp|P93784|14335_SOLTU 14-3-3-like protein 16R OS=Solanum tuberosum OX=4113 PE=2 SV=1 && PF00244:14-3-3 protein,-
Solyc06g084030,-0.5620233444940477,-0.3894566127232142,True,0.3894566127232142,-0.6865601482716466,-2.4683686130010742,True,4,True,0.20785219399538107,0.4495923588436729,cross_cohort_expression_replication_only,228,Solyc06g084030.3,protein_coding,Methyltransferase type 11 (AHRD V3.3 *** A0A200QEQ4_9MAGN) && sp|Q562C4|MET7B_RAT Methyltransferase-like protein 7B OS=Rattus norvegicus OX=10116 GN=Mettl7b PE=1 SV=1 && PF08241:Methyltransferase domain,Methyltransf_11
Solyc12g015630,-0.5481538318452381,-0.6541283017113096,True,0.5481538318452381,-0.6685861321689197,-2.5926583550915216,True,4,True,0.20554272517321015,0.5470753364657164,cross_cohort_expression_replication_only,229,Solyc12g015630.2,protein_coding,transmembrane protein (AHRD V3.3 *** AT5G55570.1) && - && PF08792:A2L zinc ribbon domain,-
Solyc10g079410,-0.4292689732142857,-0.5174386160714286,True,0.4292689732142857,-3.8123644204813716,-3.4128816774757156,True,4,True,0.20474137931034483,0.5911294497093256,cross_cohort_expression_replication_only,230,Solyc10g079410.2,protein_coding,triacylglycerol lipase SDP1-like (AHRD V3.3 *** A0A2I4ECT5_9ROSI) && sp|Q9LZA6|SDP1_ARATH Triacylglycerol lipase SDP1 OS=Arabidopsis thaliana OX=3702 GN=SDP1 PE=1 SV=1 && PF01734:Patatin-like phospholipase|PF11815:Domain of unknown function (DUF3336),-
Solyc07g049300,-0.5483049665178572,-0.2078218005952382,True,0.2078218005952382,-3.2575751051575343,-4.751442839589153,True,4,True,0.2025862068965517,0.6434284661941546,cross_cohort_expression_replication_only,231,Solyc07g049300.3,protein_coding,Endoglucanase (AHRD V3.3 *** A0A2G2WCY0_CAPBA) && sp|O48766|GUN11_ARATH Endoglucanase 11 OS=Arabidopsis thaliana OX=3702 GN=At2g32990 PE=2 SV=1 && PF00759:Glycosyl hydrolase family 9,-
Solyc07g066150,-0.4292573474702381,-0.5712076822916667,True,0.4292573474702381,-1.646933255383387,-3.9524409304536015,True,4,True,0.2025862068965517,0.5385044198455045,cross_cohort_expression_replication_only,232,Solyc07g066150.1,protein_coding,"Photosystem I reaction center subunit V && sp|Q9S7N7|PSAG_ARATH Photosystem I reaction center subunit V, chloroplastic OS=Arabidopsis thaliana OX=3702 GN=PSAG PE=1 SV=1 && PF01241:Photosystem I psaG / psaK",-
Solyc06g050870,0.7149948846726191,0.4130394345238096,True,0.4130394345238096,1.210668042385691,1.4913836536030585,True,4,True,0.2025862068965517,0.5078255654216771,cross_cohort_expression_replication_only,233,Solyc06g050870.3,protein_coding,Hypoxia-responsive family protein (AHRD V3.3 *** B6THW4_MAIZE) && - && -,-
Solyc06g084050,-0.4283621651785714,-0.7844122023809523,True,0.4283621651785714,-1.9387596019693318,-4.007470746721975,True,4,True,0.20043103448275862,0.6043168153221311,cross_cohort_expression_replication_only,234,Solyc06g084050.4,protein_coding,"Photosystem II reaction center W protein && sp|Q39194|PSBW_ARATH Photosystem II reaction center W protein, chloroplastic OS=Arabidopsis thaliana OX=3702 GN=PSBW PE=1 SV=2 && PF07123:Photosystem II reaction centre W protein (PsbW)",-
Solyc07g056510,0.434023902529762,0.2076357886904762,True,0.2076357886904762,3.2022363786398724,4.515033209919369,True,4,True,0.20043103448275862,0.5129248128533885,cross_cohort_expression_replication_only,235,Solyc07g056510.3,protein_coding,"Glutathione S-transferase-like protein (AHRD V3.3 *** A0A2K3N2T5_TRIPR) && sp|P25317|GSTXA_TOBAC Probable glutathione S-transferase parA OS=Nicotiana tabacum OX=4097 GN=PARA PE=2 SV=1 && PF02798:Glutathione S-transferase, N-terminal domain|PF13410:Glutathione S-transferase, C-terminal domain",GST_N
Solyc10g005210,-0.699311755952381,-0.4195033482142857,True,0.4195033482142857,-0.6306297746371011,-4.04686609380736,True,4,True,0.19861431870669746,0.5916794417456399,cross_cohort_expression_replication_only,236,Solyc10g005210.4,protein_coding,DNA-3-methyladenine glycosylase I (AHRD V3.3 *** B6TPB7_MAIZE) && sp|Q7VG78|GUAA_HELHP Probable GMP synthase [glutamine-hydrolyzing] OS=Helicobacter hepaticus (strain ATCC 51449 / 3B1) OX=235279 GN=guaA PE=3 SV=1 && PF03352:Methyladenine glycosylase,-
Solyc12g011410,-0.4282226562499999,-0.6523030598958333,True,0.4282226562499999,-1.7619694401088684,-3.1661072014252674,True,4,True,0.19827586206896552,0.5264979194871386,cross_cohort_expression_replication_only,237,Solyc12g011410.1,protein_coding,Unknown protein && - && -,-
Solyc02g072440,-0.4600016276041667,-0.1994047619047619,True,0.1994047619047619,-0.9415466876016922,-3.3230832423798504,True,4,True,0.1961206896551724,0.33671707016007013,cross_cohort_expression_replication_only,238,Solyc02g072440.4,protein_coding,Receptor-like protein kinase (AHRD V3.3 *** A0A2R6Q6W2_ACTCH) && sp|Q1MX30|XA21_ORYSI Receptor kinase-like protein Xa21 OS=Oryza sativa subsp. indica OX=39946 GN=XA21 PE=1 SV=1 && PF00069:Protein kinase domain|PF13855:Leucine rich repeat|PF08263:Leucine rich repeat N-terminal domain,Pkinase
Solyc12g014570,-0.6231282552083335,-0.3428722563244048,True,0.3428722563244048,-1.3092694967642708,-1.4165863660603757,True,4,True,0.1939655172413793,0.4653393027793263,cross_cohort_expression_replication_only,239,Solyc12g014570.2,protein_coding,Glycerophosphodiester phosphodiesterase GDPDL4 (AHRD V3.3 *** A0A2G2Z5P4_CAPAN) && sp|Q9FJ62|GPDL4_ARATH Glycerophosphodiester phosphodiesterase GDPDL4 OS=Arabidopsis thaliana OX=3702 GN=GDPDL4 PE=1 SV=1 && PF03009:Glycerophosphoryl diester phosphodiesterase family,-
Solyc06g082460,-0.4273158482142856,-0.5394403366815478,True,0.4273158482142856,-1.3604226700339817,-3.6100256265648705,True,4,True,0.19181034482758622,0.4752690232539619,cross_cohort_expression_replication_only,240,Solyc06g082460.1,protein_coding,"ovate family protein 14 && sp|Q9LVL4|OFP3_ARATH Transcription repressor OFP3 OS=Arabidopsis thaliana OX=3702 GN=OFP3 PE=1 SV=1 && PF13724:DNA-binding domain|PF04844:Transcriptional repressor, ovate",-
Solyc01g096740,0.4270135788690477,0.3527890159970238,True,0.3527890159970238,0.9758118984959543,3.535947417759984,True,4,True,0.1896551724137931,0.3616558493270685,cross_cohort_expression_replication_only,241,Solyc01g096740.4,protein_coding,Protein ZINC INDUCED FACILITATOR-LIKE 1 (AHRD V3.3 *** A0A1J3IH30_NOCCA) && sp|Q94BZ1|ZIFL1_ARATH Protein ZINC INDUCED FACILITATOR-LIKE 1 OS=Arabidopsis thaliana OX=3702 GN=ZIFL1 PE=2 SV=1 && PF07690:Major Facilitator Superfamily,MFS_1
Solyc05g014300,0.4428478422619046,0.7418736049107143,True,0.4428478422619046,0.5723011204613954,2.827814695238873,True,4,True,0.18706697459584296,0.46756415744206414,cross_cohort_expression_replication_only,242,Solyc05g014300.1,protein_coding,Unknown protein && - && -,-
Solyc08g075080,-0.5056849888392858,-0.1953066871279762,True,0.1953066871279762,-1.4488939823651046,-2.2842320521185386,True,4,True,0.1853448275862069,0.3770942004459664,cross_cohort_expression_replication_only,243,Solyc08g075080.3,protein_coding,RING/U-box superfamily protein (AHRD V3.3 *** F4KD57_ARATH) && sp|Q91XF4|RN167_MOUSE E3 ubiquitin-protein ligase RNF167 OS=Mus musculus OX=10090 GN=Rnf167 PE=2 SV=1 && PF13639:Ring finger domain,-
Solyc09g065670,-0.4256184895833335,-0.3639090401785714,True,0.3639090401785714,-1.6229867607870774,-2.5370680513741846,True,4,True,0.1853448275862069,0.3729020665764116,cross_cohort_expression_replication_only,244,Solyc09g065670.3,protein_coding,Protein indeterminate-domain 12 (AHRD V3.3 *** A0A2G2X5Z0_CAPBA) && sp|O22759|IDD12_ARATH Protein indeterminate-domain 12 OS=Arabidopsis thaliana OX=3702 GN=IDD12 PE=2 SV=2 && -,-
Solyc06g072650,0.5408296130952381,0.3630777994791667,True,0.3630777994791667,0.5712677283775006,1.451380168759764,True,4,True,0.18475750577367206,0.380241100581349,cross_cohort_expression_replication_only,245,Solyc06g072650.1,protein_coding,Small auxin up-regulated RNA61 && - && PF02519:Auxin responsive protein,Auxin_inducible
Solyc12g017250,0.4254324776785714,0.2179129464285712,True,0.2179129464285712,1.3909768947889765,2.6175395836192106,True,4,True,0.18318965517241378,0.29712137652305487,cross_cohort_expression_replication_only,246,Solyc12g017250.2,protein_coding,"photosystem II 10 kDa polypeptide && sp|Q40519|PSBR_TOBAC Photosystem II 10 kDa polypeptide, chloroplastic OS=Nicotiana tabacum OX=4097 GN=PSBR PE=2 SV=1 && PF04725:Photosystem II 10 kDa polypeptide PsbR",-
Solyc03g063730,0.4466029575892856,0.2655145554315476,True,0.2655145554315476,0.561772178125584,2.5682632335054283,True,4,True,0.18244803695150116,0.28375856096201324,cross_cohort_expression_replication_only,247,Solyc03g063730.4,protein_coding,Protein DETOXIFICATION (AHRD V3.3 *** A0A191UP89_GLYSO) && sp|Q8W488|DTX21_ARATH Protein DETOXIFICATION 21 OS=Arabidopsis thaliana OX=3702 GN=DTX21 PE=1 SV=1 && PF01554:MatE,MatE
Solyc07g051820,-0.4252929687499999,-0.574311755952381,True,0.4252929687499999,-4.947684877465799,-5.030539939048729,True,4,True,0.1810344827586207,0.699429352154177,cross_cohort_expression_replication_only,248,Solyc07g051820.3,protein_coding,Cellulose synthase (AHRD V3.3 *** A0A200PYU7_9MAGN) && sp|Q339N5|CSLH1_ORYSJ Cellulose synthase-like protein H1 OS=Oryza sativa subsp. japonica OX=39947 GN=CSLH1 PE=2 SV=2 && PF03552:Cellulose synthase,-
Solyc03g121600,-0.4621698288690476,-0.1911737351190476,True,0.1911737351190476,-1.4724298811236451,-3.6833103598040027,True,4,True,0.1810344827586207,0.39776120888747313,cross_cohort_expression_replication_only,249,Solyc03g121600.4,protein_coding,Glucose-methanol-choline (GMC) oxidoreductase family protein (AHRD V3.3 *** A0A2U1MMK8_ARTAN) && sp|Q9S746|HTH_ARATH Protein HOTHEAD OS=Arabidopsis thaliana OX=3702 GN=HTH PE=1 SV=1 && PF00732:GMC oxidoreductase|PF05199:GMC oxidoreductase,-
Solyc03g115000,-0.4250837053571428,-0.2937825520833333,True,0.2937825520833333,-2.068925723818799,-2.7599436898201137,True,4,True,0.1788793103448276,0.3769087958907382,cross_cohort_expression_replication_only,250,Solyc03g115000.3,protein_coding,protein LONGIFOLIA 1-like (AHRD V3.3 *** A0A2I4EZQ4_9ROSI) && sp|Q9S823|LNG2_ARATH Protein LONGIFOLIA 2 OS=Arabidopsis thaliana OX=3702 GN=LNG2 PE=1 SV=1 && PF14383:DUF761-associated sequence motif|PF14309:Domain of unknown function (DUF4378),-
Solyc09g074630,-0.5143345424107143,-0.186796642485119,True,0.186796642485119,-3.173192887039737,-4.848915511554071,True,4,True,0.17672413793103448,0.6135634008919328,cross_cohort_expression_replication_only,251,Solyc09g074630.3,protein_coding,BTB domain-containing protein/NPH3 domain-containing protein (AHRD V3.3 *** A0A1Q3CT76_CEPFO) && sp|Q9SA69|Y1301_ARATH BTB/POZ domain-containing protein At1g03010 OS=Arabidopsis thaliana OX=3702 GN=At1g03010 PE=2 SV=1 && PF03000:NPH3 family,-
Solyc01g105050,-0.4246535528273811,-0.664306640625,True,0.4246535528273811,-3.0437364277326604,-4.663922821504125,True,4,True,0.17456896551724138,0.6684804790156884,cross_cohort_expression_replication_only,252,Solyc01g105050.3,protein_coding,"Chlorophyll a-b binding protein && sp|P27525|CB4B_SOLLC Chlorophyll a-b binding protein CP24 10B, chloroplastic OS=Solanum lycopersicum OX=4081 GN=CAP10B PE=3 SV=1 && PF00504:Chlorophyll A-B binding protein",-
Solyc12g006140,-0.4598679315476192,-0.1820242745535713,True,0.1820242745535713,-1.8071986765751005,-3.6247871426998803,True,4,True,0.17456896551724138,0.4161610555865254,cross_cohort_expression_replication_only,253,Solyc12g006140.2,protein_coding,"Cab-5 gene encoding chlorophyll a/b-binding protein && sp|P12062|CB26_PETSP Chlorophyll a-b binding protein 37, chloroplastic OS=Petunia sp. OX=4104 GN=CAB37 PE=3 SV=1 && PF00504:Chlorophyll A-B binding protein",-
Solyc05g005920,-0.4241768973214285,-0.4295363653273809,True,0.4241768973214285,-2.2589741251579603,-4.418457394127883,True,4,True,0.1724137931034483,0.5333529107270845,cross_cohort_expression_replication_only,254,Solyc05g005920.4,protein_coding,protein NRT1/ PTR FAMILY 1.2-like (AHRD V3.3 *** A0A2I4HMB7_9ROSI) && sp|Q9M817|PTR6_ARATH Protein NRT1/ PTR FAMILY 1.2 OS=Arabidopsis thaliana OX=3702 GN=NPF1.2 PE=1 SV=1 && PF00854:POT family,-
Solyc07g062670,0.5576753162202381,0.4162481398809524,True,0.4162481398809524,0.5286498909624975,4.804298304448347,True,4,True,0.17090069284064666,0.568587242175679,cross_cohort_expression_replication_only,255,Solyc07g062670.1,protein_coding,Unknown protein && - && -,-
Solyc01g066740,-0.4236886160714286,-0.450288318452381,True,0.4236886160714286,-2.7956482645115805,-2.6267127720856442,True,4,True,0.16810344827586207,0.47909283666480845,cross_cohort_expression_replication_only,256,Solyc01g066740.3,protein_coding,Transducin/WD40 repeat-like superfamily protein (AHRD V3.3 *-* A0A2U1LEC3_ARTAN) && sp|C6L7U1|LIN1_LOTJA Putative E3 ubiquitin-protein ligase LIN-1 OS=Lotus japonicus OX=34305 GN=CERBERUS PE=2 SV=2 && -,-
Solyc11g012880,-0.5070219494047621,-0.5819208054315477,True,0.5070219494047621,-0.8506017197050133,-1.227839741969833,True,4,True,0.16810344827586207,0.4494778808632635,cross_cohort_expression_replication_only,257,Solyc11g012880.2,protein_coding,EamA-like transporter family protein (AHRD V3.3 *** A0A2U1L2E6_ARTAN) && sp|Q9SFE9|GONS5_ARATH GDP-mannose transporter GONST5 OS=Arabidopsis thaliana OX=3702 GN=GONST5 PE=2 SV=1 && PF03151:Triose-phosphate Transporter family,-
Solyc07g054800,0.8856026785714286,0.404727027529762,True,0.404727027529762,0.507235563627375,1.90210469042831,True,4,True,0.16166281755196305,0.4838424285259218,cross_cohort_expression_replication_only,258,Solyc07g054800.1,protein_coding,Wound induced protein (AHRD V3.3 *** Q04129_SOLLC) && - && -,-
Solyc10g050110,-0.4230608258928571,-0.7660086495535714,True,0.4230608258928571,-5.667600427565053,-5.3940468299985325,True,4,True,0.16163793103448276,0.7524625209046747,cross_cohort_expression_replication_only,259,Solyc10g050110.1,protein_coding,Leucine-rich repeat family protein (AHRD V3.3 *** G3CHK6_PONTR) && sp|Q8W3M4|Y4744_ARATH Uncharacterized protein At4g06744 OS=Arabidopsis thaliana OX=3702 GN=At4g06744 PE=2 SV=1 && -,-
Solyc05g010700,-0.6749035063244048,-0.4563743954613095,True,0.4563743954613095,-0.5615199351857906,-1.2092367049690207,True,4,True,0.16163793103448276,0.4728363661702636,cross_cohort_expression_replication_only,260,Solyc05g010700.1,protein_coding,Unknown protein && sp|Q9C9B0|U89B1_ARATH Flavonol 3-O-glucosyltransferase UGT89B1 OS=Arabidopsis thaliana OX=3702 GN=UGT89B1 PE=1 SV=2 && -,-
Solyc03g122350,0.5268089657738096,0.1588309151785715,True,0.1588309151785715,2.6668972837440705,2.6730278533263623,True,4,True,0.15948275862068967,0.48613447678585653,cross_cohort_expression_replication_only,261,Solyc03g122350.3,protein_coding,Cytochrome P450 (AHRD V3.3 *** Q43795_TOBAC) && sp|A0A1D6F9Y9|C92C6_MAIZE Trimethyltridecatetraene synthase OS=Zea mays OX=4577 GN=CYP92C6 PE=1 SV=1 && PF00067:Cytochrome P450,p450
Solyc10g083440,-0.4662504650297619,-0.1584007626488094,True,0.1584007626488094,-0.5458789154406709,-2.928930990519108,True,4,True,0.15732758620689655,0.2970740921398423,cross_cohort_expression_replication_only,262,Solyc10g083440.3,protein_coding,Glycosyltransferase (AHRD V3.11 *** tr_A0A2G3BGM7_A0A2G3BGM7_CAPCH) && sp|Q43641|UFOG_SOLME Anthocyanidin 3-O-glucosyltransferase OS=Solanum melongena OX=4111 GN=GT PE=2 SV=1 && PF00201:UDP-glucoronosyl and UDP-glucosyl transferase,UDPGT
Solyc07g007550,-0.4223749069940478,-0.2091587611607142,True,0.2091587611607142,-1.520265168011813,-2.198679551700908,True,4,True,0.15732758620689655,0.2779189396352632,cross_cohort_expression_replication_only,263,Solyc07g007550.3,protein_coding,"Heparanase-like protein 3 (AHRD V3.3 *** A0A2G2WBB8_CAPBA) && sp|Q9FZP1|HPSE3_ARATH Heparanase-like protein 3 OS=Arabidopsis thaliana OX=3702 GN=At5g34940 PE=2 SV=2 && PF03662:Glycosyl hydrolase family 79, N-terminal domain",-
Solyc01g079240,-0.58251953125,-0.1984514508928571,True,0.1984514508928571,-0.45168761392498613,-2.817372779966017,True,4,True,0.15704387990762125,0.39594200445966393,cross_cohort_expression_replication_only,264,Solyc01g079240.3,protein_coding,Long chain acyl-CoA synthetase 1 (AHRD V3.3 *** A0A2G3AKT2_CAPAN) && sp|O22898|LACS1_ARATH Long chain acyl-CoA synthetase 1 OS=Arabidopsis thaliana OX=3702 GN=LACS1 PE=2 SV=1 && PF00501:AMP-binding enzyme,AMP-binding
Solyc02g014430,0.4222877139136905,0.3246605282738096,True,0.3246605282738096,2.8438170333688113,4.595935961706294,True,4,True,0.15517241379310345,0.5174628693159193,cross_cohort_expression_replication_only,265,Solyc02g014430.3,protein_coding,Equilibrative nucleotide transporter like (AHRD V3.3 *** A0A2R6QTM2_ACTCH) && sp|Q9M0Y3|ENT3_ARATH Equilibrative nucleotide transporter 3 OS=Arabidopsis thaliana OX=3702 GN=ENT3 PE=1 SV=1 && PF01733:Nucleoside transporter,-
Solyc10g054900,-0.7546851748511905,-0.708158947172619,True,0.708158947172619,-0.44014413686758047,-1.3528673708505927,True,4,True,0.15473441108545036,0.5602353269092936,cross_cohort_expression_replication_only,266,Solyc10g054900.2,protein_coding,Proline-rich protein (AHRD V3.3 *** Q9M6T7_NICGL) && - && PF01190:Pollen proteins Ole e I like,-
Solyc12g017530,0.4520786830357142,0.1543666294642859,True,0.1543666294642859,1.6975784565383911,4.064215592634017,True,4,True,0.15301724137931033,0.41958544039181334,cross_cohort_expression_replication_only,267,Solyc12g017530.1,protein_coding,Unknown protein && - && -,-
Solyc11g010690,-0.4220842633928572,-0.19873046875,True,0.19873046875,-2.9521464733804645,-2.836410951764733,True,4,True,0.15086206896551724,0.3890384845106315,cross_cohort_expression_replication_only,268,Solyc11g010690.3,protein_coding,Nucleobase-ascorbate transporter 11 (AHRD V3.3 *-* A0A2G2Y5P1_CAPAN) && sp|Q6SZ87|NAT11_ARATH Nucleobase-ascorbate transporter 11 OS=Arabidopsis thaliana OX=3702 GN=NAT11 PE=2 SV=1 && PF00860:Permease family,-
Solyc03g116510,0.4512765066964285,0.152582077752976,True,0.152582077752976,1.3842013908794848,2.9349518216143977,True,4,True,0.15086206896551724,0.3331819403519949,cross_cohort_expression_replication_only,269,Solyc03g116510.1,protein_coding,DUF761 domain-containing protein (AHRD V3.3 *** A0A1Q3BDS4_CEPFO) && - && -,-
Solyc03g118060,0.4217471168154762,0.3779994419642857,True,0.3779994419642857,2.724266878690722,4.94912342257901,True,4,True,0.14870689655172414,0.5460948076769929,cross_cohort_expression_replication_only,270,Solyc03g118060.3,protein_coding,NFU1 iron-sulfur cluster protein (AHRD V3.3 *** AT5G07330.1) && - && -,-
Solyc03g120290,-0.4852353050595238,-0.3336704799107144,True,0.3336704799107144,-0.43378707082479784,-1.190586660002251,True,4,True,0.14780600461893764,0.2993437425340447,cross_cohort_expression_replication_only,271,Solyc03g120290.3,protein_coding,To encode a PR protein && - && -,-
Solyc11g008720,0.4217006138392857,0.3188534691220238,True,0.3188534691220238,3.348959410201991,5.609049462533541,True,4,True,0.14655172413793102,0.5676129350163255,cross_cohort_expression_replication_only,272,Solyc11g008720.3,protein_coding,Beta-glucosidase (AHRD V3.3 *** A0A2G2VEH4_CAPBA) && sp|Q9FIW4|BGL42_ARATH Beta-glucosidase 42 OS=Arabidopsis thaliana OX=3702 GN=BGLU42 PE=2 SV=1 && PF00232:Glycosyl hydrolase family 1,Glyco_hydro_1
Solyc09g011590,0.5085914248511905,0.1936616443452381,True,0.1936616443452381,0.4145807774836255,1.4948419120888734,True,4,True,0.14318706697459585,0.2847191805367524,cross_cohort_expression_replication_only,273,Solyc09g011590.4,protein_coding,"Glutathione S-transferase-like protein (AHRD V3.3 *** A8DUB0_SOLLC) && sp|P32111|GSTX1_SOLTU Probable glutathione S-transferase OS=Solanum tuberosum OX=4113 GN=PRP1 PE=2 SV=1 && PF02798:Glutathione S-transferase, N-terminal domain|PF00043:Glutathione S-transferase, C-terminal domain",GST_N
Solyc04g015390,-0.4921758742559524,-0.1450776599702381,True,0.1450776599702381,-1.0580528381865952,-2.0696300765053826,True,4,True,0.1400862068965517,0.30912414390379866,cross_cohort_expression_replication_only,274,Solyc04g015390.2,protein_coding,GDSL esterase/lipase (AHRD V3.3 *** AT1G11320.1) && - && -,-
Solyc12g094640,-0.4572870163690476,-0.551397414434524,True,0.4572870163690476,-2.3460618833760916,-1.0505670010013923,True,4,True,0.13577586206896552,0.4764722863741339,cross_cohort_expression_replication_only,275,Solyc12g094640.4,protein_coding,"Glyceraldehyde-3-phosphate dehydrogenase (AHRD V3.11 *** tr_A0A2G2YA75_A0A2G2YA75_CAPAN) && sp|P12859|G3PB_PEA Glyceraldehyde-3-phosphate dehydrogenase B, chloroplastic OS=Pisum sativum OX=3888 GN=GAPB PE=1 SV=2 && PF00044:Glyceraldehyde 3-phosphate dehydrogenase, NAD binding domain|PF02800:Glyceraldehyde 3-phosphate dehydrogenase, C-terminal domain",-
Solyc01g108860,-0.4916643415178572,-0.1404041108630953,True,0.1404041108630953,-0.8245589764938214,-2.0360953666586465,True,4,True,0.13577586206896552,0.2920731464521781,cross_cohort_expression_replication_only,276,Solyc01g108860.3,protein_coding,2-oxoglutarate (2OG) and Fe(II)-dependent oxygenase superfamily protein (AHRD V3.3 *** A0A2U1MKU7_ARTAN) && sp|Q9FFF6|JOX2_ARATH Jasmonate-induced oxygenase 2 OS=Arabidopsis thaliana OX=3702 GN=JOX2 PE=1 SV=1 && PF03171:2OG-Fe(II) oxygenase superfamily|PF14226:non-haem dioxygenase in morphine synthesis N-terminal,2OG-FeII_Oxy
Solyc03g116370,-0.4634486607142856,-0.2571905226934524,True,0.2571905226934524,-0.30931089538324447,-3.1458139425705776,True,4,True,0.13394919168591224,0.32120281516285737,cross_cohort_expression_replication_only,277,Solyc03g116370.3,protein_coding,Microtubule-associated protein RP/EB family member 1C (AHRD V3.3 *** A0A2G3B798_CAPCH) && sp|Q9FJJ5|EB1B_ARATH Microtubule-associated protein RP/EB family member 1B OS=Arabidopsis thaliana OX=3702 GN=EB1B PE=1 SV=1 && PF03271:EB1-like C-terminal motif|PF00307:Calponin homology (CH) domain,CH
Solyc02g087870,-0.4198172433035713,-0.4388950892857143,True,0.4198172433035713,-2.8527770824212717,-2.826896743896855,True,4,True,0.1336206896551724,0.4782081209683841,cross_cohort_expression_replication_only,278,Solyc02g087870.3,protein_coding,ABC transporter (AHRD V3.3 *** A0A200QEZ6_9MAGN) && sp|Q9LJX0|AB19B_ARATH ABC transporter B family member 19 OS=Arabidopsis thaliana OX=3702 GN=ABCB19 PE=1 SV=1 && PF00664:ABC transporter transmembrane region|PF00005:ABC transporter,ABC_membrane
Solyc01g090730,-0.4216192336309524,-0.2517903645833333,True,0.2517903645833333,-0.6508593823260121,-1.0463986390498063,True,4,True,0.1336206896551724,0.1828126244325874,cross_cohort_expression_replication_only,279,Solyc01g090730.3,protein_coding,Squamosa promoter binding protein 8b && sp|Q8GXL3|SPL8_ARATH Squamosa promoter-binding-like protein 8 OS=Arabidopsis thaliana OX=3702 GN=SPL8 PE=1 SV=2 && PF03110:SBP domain,SBP
Solyc09g092580,-0.5211937313988095,-0.1361316499255952,True,0.1361316499255952,-1.2547958294981179,-2.626489787313038,True,4,True,0.1314655172413793,0.37932403241220036,cross_cohort_expression_replication_only,280,Solyc09g092580.4,protein_coding,Cytochrome (AHRD V3.3 *** A0A2G2ZTD7_CAPAN) && sp|O65782|C83B1_ARATH Cytochrome P450 83B1 OS=Arabidopsis thaliana OX=3702 GN=CYP83B1 PE=1 SV=1 && PF00067:Cytochrome P450,p450
Solyc06g061170,0.4193754650297618,0.3407156808035714,True,0.3407156808035714,1.170016875127856,3.704966096842443,True,4,True,0.1314655172413793,0.36477537429322293,cross_cohort_expression_replication_only,281,Solyc06g061170.3,protein_coding,Mitochondrial carnitine/acylcarnitine carrier-like protein (AHRD V3.3 *** A0A2G2ZAG7_CAPAN) && sp|Q93XM7|MCAT_ARATH Mitochondrial carnitine/acylcarnitine carrier-like protein OS=Arabidopsis thaliana OX=3702 GN=BOU PE=1 SV=1 && PF00153:Mitochondrial carrier protein,Mito_carr
Solyc05g056170,-0.4347679501488095,-0.4166317894345239,True,0.4166317894345239,-0.2963287943214,-1.5306514736260162,True,4,True,0.12933025404157045,0.2823325635103926,cross_cohort_expression_replication_only,282,Solyc05g056170.3,protein_coding,Phenylalanine ammonia-lyase (AHRD V3.3 *** A0A2G2WVC6_CAPBA) && sp|Q50EX7|PAL1_PETHY Phenylalanine ammonia-lyase 1 OS=Petunia hybrida OX=4102 GN=PAL1 PE=1 SV=1 && PF00221:Aromatic amino acid lyase,-
Solyc02g069670,-0.419096447172619,-0.4639834449404763,True,0.419096447172619,-3.289046576946109,-3.785605546836033,True,4,True,0.12931034482758622,0.5594153161583181,cross_cohort_expression_replication_only,283,Solyc02g069670.4,protein_coding,"alpha-glucosidase (AHRD V3.3 *** A0A2I4FA71_9ROSI) && sp|O04893|AGLU_SPIOL Alpha-glucosidase OS=Spinacia oleracea OX=3562 PE=1 SV=1 && PF16863:N-terminal barrel of NtMGAM and CtMGAM, maltase-glucoamylase|PF01055:Glycosyl hydrolases family 31|PF13802:Galactose mutarotase-like",Glyco_hydro_31
Solyc08g077550,-0.421566917782738,-0.1356375558035714,True,0.1356375558035714,-0.8093331871500408,-1.933268769507839,True,4,True,0.12931034482758622,0.18962530859281673,cross_cohort_expression_replication_only,284,Solyc08g077550.3,protein_coding,Novel plant snare && sp|Q944A9|NPS11_ARATH Novel plant SNARE 11 OS=Arabidopsis thaliana OX=3702 GN=NPSN11 PE=1 SV=2 && PF03908:Sec20,-
Solyc09g092430,-0.418701171875,-0.6249302455357142,True,0.418701171875,-3.5115496109111044,-4.241208196723032,True,4,True,0.1271551724137931,0.6499723759655969,cross_cohort_expression_replication_only,285,Solyc09g092430.3,protein_coding,Selenium-binding protein (AHRD V3.3 *** A0A200Q5C9_9MAGN) && sp|O23264|SEBP1_ARATH Selenium-binding protein 1 OS=Arabidopsis thaliana OX=3702 GN=SBP1 PE=1 SV=1 && PF05694:56kDa selenium binding protein (SBP56),-
Solyc07g008620,0.4923386346726192,0.1347772507440475,True,0.1347772507440475,2.214583834750817,3.247066758413506,True,4,True,0.1271551724137931,0.45130206259456873,cross_cohort_expression_replication_only,286,Solyc07g008620.1,protein_coding,EIX receptor 1 && sp|Q6JN47|EIX1_SOLLC Receptor-like protein EIX1 OS=Solanum lycopersicum OX=4081 GN=EIX1 PE=2 SV=2 && PF08263:Leucine rich repeat N-terminal domain|PF13855:Leucine rich repeat,LRRNT_2
Solyc12g096570,0.5442475818452381,0.1345912388392856,True,0.1345912388392856,1.8226706589688937,4.403925012531791,True,4,True,0.125,0.5311168571314805,cross_cohort_expression_replication_only,287,Solyc12g096570.1,protein_coding,auxin-regulated gene involved in organ size (AHRD V3.3 -** AT3G59900.1) && - && -,-
Solyc10g006880,0.418398902529762,0.2078915550595237,True,0.2078915550595237,1.261881103114943,4.981020308051665,True,4,True,0.125,0.3842888926495182,cross_cohort_expression_replication_only,288,Solyc10g006880.3,protein_coding,NAC domain protein && sp|Q9LD44|NAC56_ARATH NAC transcription factor 56 OS=Arabidopsis thaliana OX=3702 GN=NAC056 PE=2 SV=1 && PF02365:No apical meristem (NAM) protein,NAM
Solyc10g086710,0.497802734375,0.1334054129464285,True,0.1334054129464285,1.1257396099200832,1.3709275879582583,True,4,True,0.12284482758620689,0.29334609182129484,cross_cohort_expression_replication_only,289,Solyc10g086710.3,protein_coding,PAR1 (AHRD V3.3 *** A0A200R4T9_9MAGN) && - && PF06521:PAR1 protein,-
Solyc12g088700,-0.4182942708333333,-0.590547107514881,True,0.4182942708333333,-2.9746706176602014,-3.5311100764405365,True,4,True,0.1206896551724138,0.5674561499561998,cross_cohort_expression_replication_only,290,Solyc12g088700.1,protein_coding,Glycosyltransferase (AHRD V3.3 *** A0A2U1PZD4_ARTAN) && sp|Q5H861|GT4A_SOLAA Nuatigenin 3-beta-glucosyltransferase OS=Solanum aculeatissimum OX=267265 GN=GT4A PE=1 SV=1 && PF00201:UDP-glucoronosyl and UDP-glucosyl transferase,UDPGT
Solyc10g076710,-0.4454171316964286,-0.1329520089285713,True,0.1329520089285713,-2.850142168012169,-4.332559966262192,True,4,True,0.1206896551724138,0.48355747790077247,cross_cohort_expression_replication_only,291,Solyc10g076710.3,protein_coding,"Phosphoinositide phospholipase C (AHRD V3.3 *** O49950_SOLTU) && sp|Q39033|PLCD2_ARATH Phosphoinositide phospholipase C 2 OS=Arabidopsis thaliana OX=3702 GN=PLC2 PE=1 SV=1 && PF00388:Phosphatidylinositol-specific phospholipase C, X domain|PF00387:Phosphatidylinositol-specific phospholipase C, Y domain|PF00168:C2 domain|PF09279:Phosphoinositide-specific phospholipase C, efhand-like",PI-PLC-X
Solyc11g006020,-0.5436314174107144,-0.3347574869791666,True,0.3347574869791666,-2.0312197159463374,-0.9517872401481015,True,4,True,0.1206896551724138,0.4504920064505853,cross_cohort_expression_replication_only,292,Solyc11g006020.2,protein_coding,"NADH dehydrogenase-like complex O (AHRD V3.3 *-* A0A0F7GY98_9ASPA) && sp|Q9S829|NDHO_ARATH NAD(P)H-quinone oxidoreductase subunit O, chloroplastic OS=Arabidopsis thaliana OX=3702 GN=ndhO PE=2 SV=1 && PF11910:Cyanobacterial and plant NDH-1 subunit O",-
Solyc03g045070,-0.4207124255952381,-0.1287144252232143,True,0.1287144252232143,-2.5116048701080973,-1.3780242587879363,True,4,True,0.11853448275862069,0.2813532790475432,cross_cohort_expression_replication_only,293,Solyc03g045070.1,protein_coding,ammonium transporter AF118858 && sp|Q9FVN0|AMT13_SOLLC Ammonium transporter 1 member 3 OS=Solanum lycopersicum OX=4081 GN=AMT1-3 PE=2 SV=1 && PF00909:Ammonium Transporter Family,Ammonium_transp
Solyc07g065290,0.4181780133928571,0.2135300409226191,True,0.2135300409226191,0.9617332661309606,3.0819893725104928,True,4,True,0.11853448275862069,0.2684060683284224,cross_cohort_expression_replication_only,294,Solyc07g065290.3,protein_coding,"Zinc finger transcription factor 51 && sp|Q9SJ41|C3H18_ARATH Zinc finger CCCH domain-containing protein 18 OS=Arabidopsis thaliana OX=3702 GN=At2g05160 PE=2 SV=1 && PF00076:RNA recognition motif. (a.k.a. RRM, RBD, or RNP domain)|PF12872:OST-HTH/LOTUS domain",RRM_1
Solyc10g051020,0.5265183221726191,0.4501255580357143,True,0.4501255580357143,1.0966368664762598,0.916522496056249,True,4,True,0.11637931034482758,0.42084718682806405,cross_cohort_expression_replication_only,295,Solyc10g051020.2,protein_coding,Cytochrome P450 (AHRD V3.3 *** A0A2U1MAN7_ARTAN) && sp|H2DH21|C7A29_PANGI Cytochrome P450 CYP72A219 OS=Panax ginseng OX=4054 PE=2 SV=1 && PF00067:Cytochrome P450,p450
Solyc04g064940,-0.4763532366071429,-0.1272147042410715,True,0.1272147042410715,-0.37043021770308304,-1.2582820547689446,True,4,True,0.11637931034482758,0.22106444612566695,cross_cohort_expression_replication_only,296,Solyc04g064940.3,protein_coding,Receptor-like protein kinase 2 (AHRD V3.3 *** A0A314KW93_NICAT) && sp|Q9LHP4|RGI1_ARATH LRR receptor-like serine/threonine-protein kinase RGI1 OS=Arabidopsis thaliana OX=3702 GN=RGI1 PE=1 SV=1 && PF13855:Leucine rich repeat|PF00069:Protein kinase domain,Pkinase
Solyc08g078870,0.4613676525297618,0.4264787946428571,True,0.4264787946428571,0.2541835736747142,3.1407798346919247,True,4,True,0.11547344110854503,0.38662698096679143,cross_cohort_expression_replication_only,297,Solyc08g078870.3,protein_coding,Bifunctional inhibitor/lipid-transfer protein/seed storage 2S albumin superfamily protein (AHRD V3.3 *** A0A2U1PU47_ARTAN) && sp|P14009|14KD_DAUCA 14 kDa proline-rich protein DC2.15 OS=Daucus carota OX=4039 PE=2 SV=1 && PF14547:Hydrophobic seed protein,-
Solyc03g005780,-0.4838285900297619,-0.1472923642113096,True,0.1472923642113096,-2.9939969879321575,-0.8976375227386263,True,4,True,0.11422413793103449,0.38545980329696583,cross_cohort_expression_replication_only,298,Solyc03g005780.3,protein_coding,"Chlorophyll a-b binding protein && sp|P07369|CB2G_SOLLC Chlorophyll a-b binding protein 3C, chloroplastic OS=Solanum lycopersicum OX=4081 GN=CAB3C PE=3 SV=1 && PF00504:Chlorophyll A-B binding protein",-
Solyc06g072700,-0.4180152529761904,-0.3691057477678571,True,0.3691057477678571,-1.732178505345718,-2.3949681617257714,True,4,True,0.11422413793103449,0.3582787489049932,cross_cohort_expression_replication_only,299,Solyc06g072700.3,protein_coding,Heavy metal-associated isoprenylated plant protein (AHRD V3.3 *-* A0A2R6PUZ2_ACTCH) && sp|Q9C5D3|HIP7_ARATH Heavy metal-associated isoprenylated plant protein 7 OS=Arabidopsis thaliana OX=3702 GN=HIPP07 PE=1 SV=1 && PF00403:Heavy-metal-associated domain,HMA
Solyc03g122130,0.4178931826636906,0.4302804129464287,True,0.4178931826636906,1.8213917343443868,2.7012587225511067,True,4,True,0.11206896551724138,0.4039231106155929,cross_cohort_expression_replication_only,300,Solyc03g122130.3,protein_coding,Peroxisomal (S)-2-hydroxy-acid oxidase GLO4 (AHRD V3.3 *** A0A2G3D0F6_CAPCH) && sp|Q9LJH5|GLO4_ARATH Peroxisomal (S)-2-hydroxy-acid oxidase GLO4 OS=Arabidopsis thaliana OX=3702 GN=GLO4 PE=2 SV=1 && PF01070:FMN-dependent dehydrogenase,FMN_dh
Solyc10g050980,0.7902599516369049,0.1175130208333333,True,0.1175130208333333,0.4339670149574675,2.2887239112242463,True,4,True,0.10991379310344827,0.39151593732579437,cross_cohort_expression_replication_only,301,Solyc10g050980.1,protein_coding,Unknown protein && - && -,-
Solyc09g005560,0.5317499069940477,0.3167550223214285,True,0.3167550223214285,0.9446507184016023,0.8506488842446117,True,4,True,0.10775862068965517,0.3508028390539142,cross_cohort_expression_replication_only,302,Solyc09g005560.4,protein_coding,Trihelix transcription factor GT-3b (AHRD V3.3 *-* A0A1U8EDU3_CAPAN) && sp|Q9SDW0|TGT3A_ARATH Trihelix transcription factor GT-3a OS=Arabidopsis thaliana OX=3702 GN=GT-3A PE=1 SV=1 && PF13837:Myb/SANT-like DNA-binding domain,-
Solyc07g049370,-0.4176897321428571,-0.1602783203125,True,0.1602783203125,-1.26358739173294,-2.2484486543046303,True,4,True,0.10775862068965517,0.23669815640678504,cross_cohort_expression_replication_only,303,Solyc07g049370.2,protein_coding,"Glucan endo-1 && sp|Q9ZU91|E133_ARATH Glucan endo-1,3-beta-glucosidase 3 OS=Arabidopsis thaliana OX=3702 GN=At2g01630 PE=2 SV=2 && PF07983:X8 domain|PF00332:Glycosyl hydrolases family 17",Glyco_hydro_17
Solyc02g089140,0.7799944196428571,0.1736828031994048,True,0.1736828031994048,0.23023212639817045,1.360387216228094,True,4,True,0.10623556581986143,0.3589942362825516,cross_cohort_expression_replication_only,304,Solyc02g089140.3,protein_coding,B12D protein (AHRD V3.3 *** A0A2U1M961_ARTAN) && - && -,-
Solyc11g020330,0.4442545572916668,0.1151646205357143,True,0.1151646205357143,1.3686421924545762,3.688851299591077,True,4,True,0.10560344827586207,0.34869121804571157,cross_cohort_expression_replication_only,305,Solyc11g020330.1,protein_coding,leer-sHSP small heat shock protein && sp|P19244|HSP41_PEA 22.7 kDa class IV heat shock protein OS=Pisum sativum OX=3888 GN=HSP22.7 PE=2 SV=1 && PF00011:Hsp20/alpha crystallin family,-
Solyc10g080540,-0.4162713913690477,-0.1376371837797618,True,0.1376371837797618,-1.2793519022396207,-0.9876126648085318,True,4,True,0.10560344827586207,0.18455094767858565,cross_cohort_expression_replication_only,306,Solyc10g080540.2,protein_coding,Homeobox-leucine zipper protein HOX27 (AHRD V3.3 *** A0A2G3BH29_CAPCH) && sp|P46665|HAT14_ARATH Homeobox-leucine zipper protein HAT14 OS=Arabidopsis thaliana OX=3702 GN=HAT14 PE=2 SV=3 && PF00046:Homeodomain|PF02183:Homeobox associated leucine zipper,Homeobox
Solyc02g083450,-0.4221772693452383,-0.2097051711309523,True,0.2097051711309523,-0.229320819438245,-1.7594175787478021,True,4,True,0.10392609699769054,0.17899876562873296,cross_cohort_expression_replication_only,307,Solyc02g083450.3,protein_coding,Eukaryotic aspartyl protease family protein (AHRD V3.3 *** A0A2U1LT79_ARTAN) && sp|Q8VYV9|APF1_ARATH Aspartyl protease family protein 1 OS=Arabidopsis thaliana OX=3702 GN=APF1 PE=2 SV=1 && PF14541:Xylanase inhibitor C-terminal|PF14543:Xylanase inhibitor N-terminal,-
Solyc02g092110,0.4161551339285715,0.3801153273809524,True,0.3801153273809524,1.3772241954055588,2.400267911047672,True,4,True,0.10344827586206896,0.3309496197340129,cross_cohort_expression_replication_only,308,Solyc02g092110.3,protein_coding,Phytosulfokines 3 (AHRD V3.3 *** A0A2I0WHI7_9ASPA) && sp|Q9M2Y0|PSK3_ARATH Phytosulfokines 3 OS=Arabidopsis thaliana OX=3702 GN=PSK3 PE=2 SV=2 && -,-
Solyc02g092580,0.4799572172619048,0.2201276506696428,True,0.2201276506696428,0.22359346396419827,1.074616764816684,True,4,True,0.10161662817551963,0.2360722604921558,cross_cohort_expression_replication_only,309,Solyc02g092580.3,protein_coding,Peroxidase (AHRD V3.3 *** K4BD54_SOLLC) && sp|Q9SZE7|PER51_ARATH Peroxidase 51 OS=Arabidopsis thaliana OX=3702 GN=PER51 PE=2 SV=1 && PF00141:Peroxidase,-
Solyc02g065530,-0.4160039992559524,-0.154936290922619,True,0.154936290922619,-0.5269320704712022,-3.7054490156257383,True,4,True,0.10129310344827586,0.25604866807358445,cross_cohort_expression_replication_only,310,Solyc02g065530.5,protein_coding,Hexosyltransferase (AHRD V3.11 *** tr_A0A2G2XBK6_A0A2G2XBK6_CAPBA) && sp|Q0GXS4|NFP_MEDTR Serine/threonine receptor-like kinase NFP OS=Medicago truncatula OX=3880 GN=NFP PE=1 SV=1 && PF07714:Protein tyrosine kinase,Pkinase_Tyr
Solyc05g007120,-0.4149576822916666,-0.2926141648065476,True,0.2926141648065476,-2.763048348057318,-4.612757880116499,True,4,True,0.09913793103448276,0.48536548339571556,cross_cohort_expression_replication_only,311,Solyc05g007120.4,protein_coding,Leucine-rich repeat protein kinase family protein (AHRD V3.3 *** A0A2U1LJE3_ARTAN) && sp|Q9M9S4|Y1143_ARATH Probable LRR receptor-like serine/threonine-protein kinase At1g14390 OS=Arabidopsis thaliana OX=3702 GN=At1g14390 PE=1 SV=1 && PF00069:Protein kinase domain|PF13855:Leucine rich repeat,Pkinase
Solyc02g083700,-0.4260602678571427,-0.1145542689732144,True,0.1145542689732144,-1.577689835321583,-1.7369115045178725,True,4,True,0.09913793103448276,0.25140359958588837,cross_cohort_expression_replication_only,312,Solyc02g083700.4,protein_coding,Alpha-mannosidase (AHRD V3.3 *** A0A1U8FVM7_CAPAN) && sp|C0HJB3|MANA_CANEN Alpha-mannosidase OS=Canavalia ensiformis OX=3823 PE=1 SV=1 && PF01074:Glycosyl hydrolases family 38 N-terminal domain|PF17677:Glycosyl hydrolases family 38 C-terminal beta sandwich domain|PF07748:Glycosyl hydrolases family 38 C-terminal domain|PF09261:Alpha mannosidase middle domain,-
Solyc07g063850,0.4414760044642857,0.1690266927083333,True,0.1690266927083333,0.20656272834822081,0.9240535618268398,True,4,True,0.09699769053117784,0.16649080194313928,cross_cohort_expression_replication_only,313,Solyc07g063850.3,protein_coding,IAA-amido synthetase 3-9 && sp|Q9LSQ4|GH36_ARATH Indole-3-acetic acid-amido synthetase GH3.6 OS=Arabidopsis thaliana OX=3702 GN=GH3.6 PE=1 SV=1 && PF03321:GH3 auxin-responsive promoter,-
Solyc10g024430,0.5172991071428572,0.1998291015625,True,0.1998291015625,1.1186718849212194,0.7302666906964395,True,4,True,0.09482758620689655,0.3056226108943219,cross_cohort_expression_replication_only,314,Solyc10g024430.1,protein_coding,Unknown protein && - && -,-
Solyc07g017600,-0.41455078125,-0.289608909970238,True,0.289608909970238,-1.2606037306175,-2.611396252162521,True,4,True,0.09482758620689655,0.28618997371983756,cross_cohort_expression_replication_only,315,Solyc07g017600.3,protein_coding,Pectinesterase (AHRD V3.3 *** A0A1U8F5L9_CAPAN) && sp|Q43062|PME_PRUPE Pectinesterase/pectinesterase inhibitor PPE8B OS=Prunus persica OX=3760 PE=2 SV=1 && PF01095:Pectinesterase|PF04043:Plant invertase/pectin methylesterase inhibitor,-
Solyc03g117690,-0.4142833891369048,-0.2362699962797619,True,0.2362699962797619,-1.726834776840976,-2.2923576342205867,True,4,True,0.09051724137931035,0.290352243768416,cross_cohort_expression_replication_only,316,Solyc03g117690.3,protein_coding,Eukaryotic aspartyl protease family protein (AHRD V3.3 *** A0A2U1P524_ARTAN) && sp|Q8S9J6|ASPA_ARATH Aspartyl protease family protein At5g10770 OS=Arabidopsis thaliana OX=3702 GN=At5g10770 PE=2 SV=1 && PF14543:Xylanase inhibitor N-terminal|PF14541:Xylanase inhibitor C-terminal,-
Solyc06g005300,0.414155505952381,0.3120930989583333,True,0.3120930989583333,0.6007761704421991,1.5596056529980529,True,4,True,0.08836206896551724,0.21171458150832204,cross_cohort_expression_replication_only,317,Solyc06g005300.5,protein_coding,UPA23 (AHRD V3.11 *** tr_C8YZB5_C8YZB5_CAPAN) && - && PF07795:Protein of unknown function (DUF1635),-
Solyc08g006310,-0.4141206287202382,-0.3672456287202381,True,0.3672456287202381,-2.4716409209334023,-2.634654660225832,True,4,True,0.08620689655172414,0.40246600501712193,cross_cohort_expression_replication_only,318,Solyc08g006310.3,protein_coding,Cellulose synthase-like C4 && sp|Q9SB75|CSLC5_ARATH Probable xyloglucan glycosyltransferase 5 OS=Arabidopsis thaliana OX=3702 GN=CSLC5 PE=1 SV=1 && PF13632:Glycosyl transferase family group 2,-
Solyc04g015640,-0.4276646205357144,-0.1186058407738095,True,0.1186058407738095,-0.5539112974119583,-0.6638885382548867,True,4,True,0.08620689655172414,0.14247904555228158,cross_cohort_expression_replication_only,319,Solyc04g015640.1,protein_coding,Disease resistance protein rga3-like (AHRD V3.3 *** A0A2K3NCR1_TRIPR) && sp|Q7XA39|RGA4_SOLBU Putative disease resistance protein RGA4 OS=Solanum bulbocastanum OX=147425 GN=RGA4 PE=2 SV=1 && PF18052:Rx N-terminal domain|PF00931:NB-ARC domain,NB-ARC
Solyc11g044910,0.4937686011904761,0.4049711681547619,True,0.4049711681547619,0.16455885990953156,1.5222098046877242,True,4,True,0.08545034642032333,0.34086689694990846,cross_cohort_expression_replication_only,320,Solyc11g044910.2,protein_coding,Beta-D-xylosidase 4 (AHRD V3.3 *** A0A2G2VN32_CAPBA) && sp|Q9FGY1|BXL1_ARATH Beta-D-xylosidase 1 OS=Arabidopsis thaliana OX=3702 GN=BXL1 PE=1 SV=1 && PF01915:Glycosyl hydrolase family 3 C-terminal domain|PF00933:Glycosyl hydrolase family 3 N terminal domain|PF14310:Fibronectin type III-like domain,Glyco_hydro_3_C
Solyc02g083380,0.4128882998511906,0.2732398623511903,True,0.2732398623511903,1.788834904819736,4.843688874693506,True,4,True,0.08405172413793104,0.42847614876164686,cross_cohort_expression_replication_only,321,Solyc02g083380.3,protein_coding,Big1 (AHRD V3.3 *-* AT2G17710.1) && - && -,-
Solyc03g082560,-0.4128766741071427,-0.5278087797619048,True,0.4128766741071427,-1.9670136452543523,-2.3792111272960694,True,4,True,0.08189655172413793,0.43036379111252687,cross_cohort_expression_replication_only,322,Solyc03g082560.3,protein_coding,"Aldo-keto reductase/ oxidoreductase (AHRD V3.3 *** B6TN73_MAIZE) && sp|Q56Y42|PLR1_ARATH Pyridoxal reductase, chloroplastic OS=Arabidopsis thaliana OX=3702 GN=PLR1 PE=1 SV=1 && PF00248:Aldo/keto reductase family",Aldo_ket_red
Solyc04g016200,-0.4273623511904763,-0.0930873325892855,True,0.0930873325892855,-0.8629827568663719,-1.582665109254426,True,4,True,0.08189655172413793,0.1844688221709007,cross_cohort_expression_replication_only,323,Solyc04g016200.1,protein_coding,Glycosyltransferase (AHRD V3.3 *** A0A0A1WDL8_NICAT) && sp|P56725|ZOX_PHAVU Zeatin O-xylosyltransferase OS=Phaseolus vulgaris OX=3885 GN=ZOX1 PE=2 SV=1 && PF00201:UDP-glucoronosyl and UDP-glucosyl transferase,UDPGT
Solyc11g040150,-0.4128534226190476,-0.6010858444940477,True,0.4128534226190476,-2.305190660264652,-3.069259908192551,True,4,True,0.07974137931034483,0.507029196862308,cross_cohort_expression_replication_only,324,Solyc11g040150.2,protein_coding,Heparan-alpha-glucosaminide N-acetyltransferase-like protein (DUF1624) (AHRD V3.3 *** B3H4C1_ARATH) && sp|Q3UDW8|HGNAT_MOUSE Heparan-alpha-glucosaminide N-acetyltransferase OS=Mus musculus OX=10090 GN=Hgsnat PE=1 SV=2 && PF07786:Protein of unknown function (DUF1624),-
Solyc11g072080,-0.4712495349702381,-0.0913725353422619,True,0.0913725353422619,-0.8296107567642051,-2.066334454344764,True,4,True,0.07974137931034483,0.2538574102094449,cross_cohort_expression_replication_only,325,Solyc11g072080.1,protein_coding,F-box/kelch-repeat protein (AHRD V3.3 *-* A0A2G3BAF6_CAPCH) && sp|Q6NPN5|FK113_ARATH F-box/kelch-repeat protein At5g26960 OS=Arabidopsis thaliana OX=3702 GN=At5g26960 PE=2 SV=1 && PF01344:Kelch motif|PF00646:F-box domain,Kelch_1
Solyc10g049230,0.5885184151785715,0.0899716331845238,True,0.0899716331845238,1.3964865852406558,1.392354447542343,True,4,True,0.07758620689655173,0.37586231783069207,cross_cohort_expression_replication_only,326,Solyc10g049230.1,protein_coding,disease resistance protein RGA2-like (AHRD V3.3 *-* XP_010321233.1) && - && -,-
Solyc09g092130,-0.5697660900297621,-0.4378545851934524,True,0.4378545851934524,-1.0203967525339093,-0.5858571401459285,True,4,True,0.07543103448275862,0.42808169745958435,cross_cohort_expression_replication_only,327,Solyc09g092130.3,protein_coding,Sucrose phosphate synthase (AHRD V3.3 *** A0A0B5L7E2_LILDA) && sp|O04933|SPSA2_CRAPL Probable sucrose-phosphate synthase 2 OS=Craterostigma plantagineum OX=4153 GN=SPS2 PE=2 SV=1 && PF00862:Sucrose synthase|PF05116:Sucrose-6F-phosphate phosphohydrolase|PF00534:Glycosyl transferases group 1,Glycos_transf_1
Solyc11g012860,-0.4114699590773809,-0.3482607886904763,True,0.3482607886904763,-1.1701511781407699,-3.0172816003109326,True,4,True,0.07543103448275862,0.3217105001194553,cross_cohort_expression_replication_only,328,Solyc11g012860.3,protein_coding,"coiled-coil protein && sp|Q8LLE5|FPP_SOLLC Filament-like plant protein (Fragment) OS=Solanum lycopersicum OX=4081 GN=FPP PE=1 SV=1 && PF05911:Filament-like plant protein, long coiled-coil",-
Solyc02g078340,0.5232863653273809,0.4720633370535714,True,0.4720633370535714,0.12476190844518194,1.7314782455799969,True,4,True,0.07390300230946882,0.4058679919566775,cross_cohort_expression_replication_only,329,Solyc02g078340.4,protein_coding,Heat stress transcription factor B-2b (AHRD V3.3 *** A0A2G3D674_CAPCH) && sp|Q10KX8|HFB4D_ORYSJ Heat stress transcription factor B-4d OS=Oryza sativa subsp. japonica OX=39947 GN=HSFB4D PE=3 SV=1 && PF00447:HSF-type DNA-binding,HSF_DNA-bind
Solyc01g109500,-0.4112723214285714,-0.3327287946428571,True,0.3327287946428571,-1.9308626464376895,-0.6982842860520864,True,4,True,0.07327586206896551,0.27830841363382974,cross_cohort_expression_replication_only,330,Solyc01g109500.4,protein_coding,BURP domain-containing protein (AHRD V3.3 *-* A0A1Q3C0F5_CEPFO) && sp|Q9XI99|USPL1_ARATH BURP domain protein USPL1 OS=Arabidopsis thaliana OX=3702 GN=USPL1 PE=2 SV=1 && PF03181:BURP domain,-
Solyc06g075720,0.4203869047619047,0.0821649460565475,True,0.0821649460565475,0.15786902366800046,0.7604861654380194,True,4,True,0.07327586206896551,0.09783263319264156,cross_cohort_expression_replication_only,331,Solyc06g075720.3,protein_coding,"protein yippee-like (AHRD V3.3 *** XP_025887510.1) && - && PF03226:Yippee zinc-binding/DNA-binding /Mis18, centromere assembly",-
Solyc10g044510,-0.4226306733630953,-0.4345238095238096,True,0.4226306733630953,-0.1240043578738006,-0.7600465427497013,True,4,True,0.07159353348729793,0.22587252130285898,cross_cohort_expression_replication_only,332,Solyc10g044510.2,protein_coding,MLO-like protein (AHRD V3.3 *** K4CZH6_SOLLC) && sp|O23693|MLO4_ARATH MLO-like protein 4 OS=Arabidopsis thaliana OX=3702 GN=MLO4 PE=2 SV=2 && PF03094:Mlo family,-
Solyc12g041950,-0.4320010230654761,-0.2652762276785714,True,0.2652762276785714,-0.8631818420242716,-0.5448115850788795,True,4,True,0.07112068965517242,0.2006711893764434,cross_cohort_expression_replication_only,333,Solyc12g041950.3,protein_coding,O-methyltransferase (AHRD V3.3 *-* G4XGX0_VITVI) && sp|B6VJS4|ROMT_VITVI Trans-resveratrol di-O-methyltransferase OS=Vitis vinifera OX=29760 GN=ROMT PE=1 SV=2 && PF00891:O-methyltransferase domain,-
Solyc05g015370,0.4659946986607143,0.5508393787202381,True,0.4659946986607143,0.11829068993853059,4.091247180129731,True,4,True,0.06928406466512702,0.48391584375248864,cross_cohort_expression_replication_only,334,Solyc05g015370.3,protein_coding,DNA-binding HORMA (AHRD V3.3 *-* A0A200QG98_9MAGN) && sp|F4HRV8|ASY1_ARATH Meiosis-specific protein ASY1 OS=Arabidopsis thaliana OX=3702 GN=ASY1 PE=1 SV=1 && PF02301:HORMA domain,HORMA
Solyc01g109180,-0.4111095610119048,-0.6201927548363096,True,0.4111095610119048,-1.9813900077630169,-2.1826233031510034,True,4,True,0.06896551724137931,0.450376284144302,cross_cohort_expression_replication_only,335,Solyc01g109180.4,protein_coding,Long chain acyl-CoA synthetase 4 (AHRD V3.3 *** A0A2G2Y3Y7_CAPAN) && sp|M4ISH1|CCL6_HUMLU Probable CoA ligase CCL6 OS=Humulus lupulus OX=3486 GN=CCL6 PE=2 SV=1 && PF00501:AMP-binding enzyme,AMP-binding
Solyc12g055970,-0.4757486979166667,-0.1211751302083333,True,0.1211751302083333,-1.8139574573821198,-0.4995174947002502,True,4,True,0.06896551724137931,0.29119962968861984,cross_cohort_expression_replication_only,336,Solyc12g055970.3,protein_coding,Endoglucanase (AHRD V3.3 *** A0A2G3B3J7_CAPCH) && sp|Q42059|GUN6_ARATH Endoglucanase 6 OS=Arabidopsis thaliana OX=3702 GN=At1g64390 PE=2 SV=2 && PF09478:Carbohydrate binding domain CBM49|PF00759:Glycosyl hydrolase family 9,-
Solyc02g065780,-0.4109119233630952,-0.5167178199404763,True,0.4109119233630952,-4.335674003236089,-6.4943866521023415,True,4,True,0.0668103448275862,0.6686783268296568,cross_cohort_expression_replication_only,337,Solyc02g065780.1,protein_coding,Protein RALF-like 27 (AHRD V3.3 *** A0A2G3D352_CAPCH) && - && -,-
Solyc03g118370,-0.4230724516369048,-0.1150716145833334,True,0.1150716145833334,-1.7558027700772683,-0.46577446327058547,True,4,True,0.0668103448275862,0.21342055228159593,cross_cohort_expression_replication_only,338,Solyc03g118370.3,protein_coding,Carboxypeptidase (AHRD V3.3 *** A0A2G3CZU5_CAPCH) && sp|Q93Y09|SCP45_ARATH Serine carboxypeptidase-like 45 OS=Arabidopsis thaliana OX=3702 GN=SCPL45 PE=2 SV=1 && PF00450:Serine carboxypeptidase,Peptidase_S10
Solyc02g090960,-0.5336565290178571,-0.4366571335565478,True,0.4366571335565478,-0.11333292272459436,-1.8890576231104448,True,4,True,0.06466512702078522,0.3976317989965756,cross_cohort_expression_replication_only,339,Solyc02g090960.1,protein_coding,Protein RALF-like 34 (AHRD V3.3 *** A0A2G2XHD5_CAPBA) && sp|Q9FHA6|RLF34_ARATH Protein RALF-like 34 OS=Arabidopsis thaliana OX=3702 GN=RALFL34 PE=2 SV=1 && PF05498:Rapid ALkalinization Factor (RALF),-
Solyc03g083440,0.540283203125,0.0750325520833333,True,0.0750325520833333,1.3335295739961106,2.5890566786779003,True,4,True,0.06465517241379311,0.37705438201799796,cross_cohort_expression_replication_only,340,Solyc03g083440.4,protein_coding,"Glutamate synthase (AHRD V3.3 *** A0A2U1PKW7_ARTAN) && sp|Q9LV03|GLUT1_ARATH Glutamate synthase 1 [NADH], chloroplastic OS=Arabidopsis thaliana OX=3702 GN=GLT1 PE=1 SV=2 && PF00310:Glutamine amidotransferases class-II|PF04898:Glutamate synthase central domain|PF07992:Pyridine nucleotide-disulphide oxidoreductase|PF01493:GXGXG motif|PF01645:Conserved region in glutamate synthase|PF14691:Dihydroprymidine dehydrogenase domain II, 4Fe-4S cluster",GATase_2
Solyc11g008810,-0.4108770461309524,-0.0774100167410714,True,0.0774100167410714,-2.767792790963423,-3.612512632325793,True,4,True,0.06465517241379311,0.36309802301505134,cross_cohort_expression_replication_only,341,Solyc11g008810.2,protein_coding,"Beta-hexosaminidase (AHRD V3.3 *** M1BC44_SOLTU) && sp|Q8L7S6|HEXO3_ARATH Beta-hexosaminidase 3 OS=Arabidopsis thaliana OX=3702 GN=HEXO3 PE=1 SV=1 && PF00728:Glycosyl hydrolase family 20, catalytic domain|PF14845:beta-acetyl hexosaminidase like",Glyco_hydro_20
Solyc06g083580,-0.4104817708333332,-0.7416178385416666,True,0.4104817708333332,-3.5154804957742534,-6.656827383529922,True,4,True,0.0625,0.715743708688381,cross_cohort_expression_replication_only,342,Solyc06g083580.4,protein_coding,Pectate lyase (AHRD V3.3 *** A0A2G3CC63_CAPCH) && sp|Q9M8Z8|PLY8_ARATH Probable pectate lyase 8 OS=Arabidopsis thaliana OX=3702 GN=At3g07010 PE=2 SV=1 && PF00544:Pectate lyase,-
Solyc02g085950,-0.6267903645833333,-0.2941196986607143,True,0.2941196986607143,-0.10000742731311225,-0.5734725919071362,True,4,True,0.06235565819861432,0.3323992593772398,cross_cohort_expression_replication_only,343,Solyc02g085950.5,protein_coding,"Ribulose bisphosphate carboxylase small chain (AHRD V3.11 *** tr_A0A2G2XBI7_A0A2G2XBI7_CAPBA) && sp|P05349|RBS4_SOLLC Ribulose bisphosphate carboxylase small subunit, chloroplastic 4 OS=Solanum lycopersicum OX=4081 GN=RBCS4 PE=3 SV=1 && PF00101:Ribulose bisphosphate carboxylase, small chain|PF12338:Ribulose-1,5-bisphosphate carboxylase small subunit",-
Solyc07g055690,0.7942243303571429,0.0738467261904761,True,0.0738467261904761,0.8940994736617416,0.41141735867168844,True,4,True,0.0603448275862069,0.33983410647447637,cross_cohort_expression_replication_only,344,Solyc07g055690.1,protein_coding,Lectin-domain receptor-like kinase (AHRD V3.3 *** G4XXY5_NICAT) && sp|O81905|SD18_ARATH Receptor-like serine/threonine-protein kinase SD1-8 OS=Arabidopsis thaliana OX=3702 GN=SD18 PE=1 SV=1 && PF01453:D-mannose binding lectin|PF00954:S-locus glycoprotein domain,B_lectin
Solyc10g054670,0.4100399925595238,0.4104817708333335,True,0.4100399925595238,0.6249640777201471,1.0260746535859524,True,4,True,0.0603448275862069,0.2284943159194075,cross_cohort_expression_replication_only,345,Solyc10g054670.3,protein_coding,Unknown protein && - && -,-
Solyc07g008430,-0.5496070498511905,-0.3211728050595239,True,0.3211728050595239,-0.09788774353478927,-2.1527566255406123,True,4,True,0.06004618937644342,0.35930034044755915,cross_cohort_expression_replication_only,346,Solyc07g008430.2,protein_coding,methionyl-tRNA synthetase (AHRD V3.3 *** AT5G10695.1) && - && -,-
Solyc02g071000,-0.5093470982142858,-0.069365001860119,True,0.069365001860119,-1.5153977524255717,-1.2230062827219896,True,4,True,0.05818965517241379,0.3187900672931433,cross_cohort_expression_replication_only,347,Solyc02g071000.1,protein_coding,"Chlorophyll a-b binding protein && sp|P07370|CB2B_SOLLC Chlorophyll a-b binding protein 1B, chloroplastic OS=Solanum lycopersicum OX=4081 GN=CAB1B PE=3 SV=1 && PF00504:Chlorophyll A-B binding protein",-
Solyc09g089750,0.4216889880952381,0.2894170851934524,True,0.2894170851934524,0.9313293421201875,0.37593024026591665,True,4,True,0.05818965517241379,0.1901267719200446,cross_cohort_expression_replication_only,348,Solyc09g089750.1,protein_coding,1-aminocyclopropane-1-carboxylate oxidase-like protein 1 (AHRD V3.3 *-* A0A2G2W184_CAPBA) && sp|P10967|ACCH3_SOLLC 1-aminocyclopropane-1-carboxylate oxidase homolog OS=Solanum lycopersicum OX=4081 GN=ACO3 PE=2 SV=1 && -,-
Solyc12g042010,-0.4081682477678572,-0.251034691220238,True,0.251034691220238,-2.470423575691308,-2.9734449499721283,True,4,True,0.05603448275862069,0.3598627757426137,cross_cohort_expression_replication_only,349,Solyc12g042010.1,protein_coding,transcription factor IBH1-like (AHRD V3.3 *** A0A2I4G0N0_9ROSI) && - && -,-
Solyc04g054740,-0.5145670572916667,-0.0689697265624999,True,0.0689697265624999,-1.3527835580458567,-1.6804791651942734,True,4,True,0.05603448275862069,0.3232907939794537,cross_cohort_expression_replication_only,350,Solyc04g054740.3,protein_coding,myo-inositol-1-phosphate synthase && sp|Q9LW96|INO1_TOBAC Inositol-3-phosphate synthase OS=Nicotiana tabacum OX=4097 PE=2 SV=1 && PF07994:Myo-inositol-1-phosphate synthase|PF01658:Myo-inositol-1-phosphate synthase,-
Solyc07g043460,-0.4239095052083333,-0.2813953218005953,True,0.2813953218005953,-1.503344234038849,-0.30281668866563627,True,4,True,0.05603448275862069,0.2372780122640758,cross_cohort_expression_replication_only,351,Solyc07g043460.3,protein_coding,Cytochrome P450 (AHRD V3.3 *** A0A200PQ40_9MAGN) && sp|A0A0S2IHL2|C7A39_KALSE Cytochrome P450 72A397 OS=Kalopanax septemlobus OX=228393 GN=CYP72A397 PE=1 SV=1 && PF00067:Cytochrome P450,p450
Solyc07g017950,-0.4732491629464286,-0.4146786644345239,True,0.4146786644345239,-0.07927163947596089,-2.3215831275599337,True,4,True,0.05542725173210162,0.33767146810543924,cross_cohort_expression_replication_only,352,Solyc07g017950.3,protein_coding,"Ribulose bisphosphate carboxylase small chain (AHRD V3.3 *** A0A1Q3CZK4_CEPFO) && sp|Q02980|RBS_MALSP Ribulose bisphosphate carboxylase small subunit, chloroplastic OS=Malus sp. OX=3751 GN=RBCS PE=2 SV=1 && PF00101:Ribulose bisphosphate carboxylase, small chain",-
Solyc03g120890,-0.4080984933035714,-0.6122116815476191,True,0.4080984933035714,-2.30724408851169,-2.7079242770902137,True,4,True,0.05172413793103448,0.4898263916540575,cross_cohort_expression_replication_only,353,Solyc03g120890.3,protein_coding,GATA transcription factor (AHRD V3.3 *** K4BMN8_SOLLC) && sp|P69781|GAT12_ARATH GATA transcription factor 12 OS=Arabidopsis thaliana OX=3702 GN=GATA12 PE=2 SV=1 && PF00320:GATA zinc finger,GATA
Solyc02g085910,0.4859793526785715,0.0597040085565476,True,0.0597040085565476,1.4489316501834564,4.570231125757161,True,4,True,0.05172413793103448,0.4396327745480608,cross_cohort_expression_replication_only,354,Solyc02g085910.5,protein_coding,LOB domain-containing protein (AHRD V3.11 *** tr_A0A2U1NKN8_A0A2U1NKN8_ARTAN) && sp|Q9M886|LBD41_ARATH LOB domain-containing protein 41 OS=Arabidopsis thaliana OX=3702 GN=LBD41 PE=2 SV=1 && PF03195:Lateral organ boundaries (LOB) domain,-
Solyc02g078040,-0.4080636160714285,-0.3559221540178572,True,0.3559221540178572,-2.6974068753873035,-3.2580834524238846,True,4,True,0.04956896551724138,0.4301771422314247,cross_cohort_expression_replication_only,355,Solyc02g078040.3,protein_coding,Pistil-specific extensin-like protein (AHRD V3.3 *-* A0A2G3A881_CAPAN) && sp|P93013|AGP30_ARATH Non-classical arabinogalactan protein 30 OS=Arabidopsis thaliana OX=3702 GN=AGP30 PE=2 SV=1 && PF01190:Pollen proteins Ole e I like,-
Solyc07g054750,0.6946265811011906,0.0449160621279761,True,0.0449160621279761,0.1452338882793432,1.054496615859268,True,4,True,0.04956896551724138,0.3025354384008919,cross_cohort_expression_replication_only,356,Solyc07g054750.1,protein_coding,Wound-responsive family protein (AHRD V3.3 *-* A0A2U1LJB1_ARTAN) && - && -,-
Solyc09g011610,0.4930594308035715,0.1150251116071428,True,0.1150251116071428,0.7034114409125154,0.19650964871657384,True,4,True,0.04956896551724138,0.2260317950147328,cross_cohort_expression_replication_only,357,Solyc09g011610.4,protein_coding,Glutathione S-transferase (AHRD V3.11 *-* tr_C0LF68_C0LF68_CAPAN) && sp|Q03663|GSTX2_TOBAC Probable glutathione S-transferase OS=Nicotiana tabacum OX=4097 PE=2 SV=1 && -,-
Solyc11g007540,-0.40771484375,-0.5330403645833333,True,0.40771484375,-1.6893965249295444,-3.9068705499422656,True,4,True,0.04741379310344827,0.4836246714979693,cross_cohort_expression_replication_only,358,Solyc11g007540.2,protein_coding,Cytochrome P450 (AHRD V3.3 *** A0A346CEB0_TANCI) && sp|P37123|C77A1_SOLME Cytochrome P450 77A1 (Fragment) OS=Solanum melongena OX=4111 GN=CYP77A1 PE=2 SV=1 && PF00067:Cytochrome P450,p450
Solyc10g011950,-0.6425548735119048,-0.3592064267113095,True,0.3592064267113095,-1.1953248149776208,-0.18639456814700356,True,4,True,0.04741379310344827,0.43016221032093654,cross_cohort_expression_replication_only,359,Solyc10g011950.4,protein_coding,chromodomain-helicase-DNA-binding protein 5-like (AHRD V3.11 *-* XP_010326988.1) && - && -,-
Solyc12g013680,0.5868443080357143,0.0435209728422618,True,0.0435209728422618,0.5985122095166568,0.6281517920801923,True,4,True,0.04741379310344827,0.2854906625786414,cross_cohort_expression_replication_only,360,Solyc12g013680.3,protein_coding,receptor-like protein 12 (AHRD V3.3 *** A0A1S3Y203_TOBAC) && sp|Q9C637|RLP6_ARATH Receptor-like protein 6 OS=Arabidopsis thaliana OX=3702 GN=RLP6 PE=3 SV=1 && PF13855:Leucine rich repeat,-
Solyc09g061890,-0.5695917038690477,-0.7366420200892857,True,0.5695917038690477,-0.05018182005217425,-1.6264235899456672,True,4,True,0.046189376443418015,0.49861630962809583,cross_cohort_expression_replication_only,361,Solyc09g061890.3,protein_coding,Pectate lyase (AHRD V3.3 *** A0A2G2VZE8_CAPBA) && sp|Q93WF1|PLY20_ARATH Probable pectate lyase 20 OS=Arabidopsis thaliana OX=3702 GN=At5g48900 PE=2 SV=1 && PF00544:Pectate lyase,-
Solyc07g056670,0.4076915922619048,0.1707124255952381,True,0.1707124255952381,3.614919053062997,4.546346025232718,True,4,True,0.04525862068965517,0.4690536155132595,cross_cohort_expression_replication_only,362,Solyc07g056670.3,protein_coding,gibberellin 2-oxidase 2 && sp|Q9SQ80|G2OX1_PEA Gibberellin 2-beta-dioxygenase 1 OS=Pisum sativum OX=3888 GN=GA2OX1 PE=1 SV=1 && PF14226:non-haem dioxygenase in morphine synthesis N-terminal|PF03171:2OG-Fe(II) oxygenase superfamily,2OG-FeII_Oxy
Solyc03g031880,0.4601469494047618,0.0424979073660714,True,0.0424979073660714,0.264519804326664,0.20340003654696603,True,4,True,0.04525862068965517,0.1496737377558334,cross_cohort_expression_replication_only,363,Solyc03g031880.3,protein_coding,Lysine-specific histone demethylase 1 (AHRD V3.3 *** B6SV76_MAIZE) && sp|Q8H191|PAO4_ARATH Probable polyamine oxidase 4 OS=Arabidopsis thaliana OX=3702 GN=PAO4 PE=1 SV=1 && PF01593:Flavin containing amine oxidoreductase,Amino_oxidase
Solyc04g009530,-0.4075753348214286,-0.2433500744047619,True,0.2433500744047619,-0.2971418800293266,-2.670135545207043,True,4,True,0.04310344827586207,0.20262975830214225,cross_cohort_expression_replication_only,364,Solyc04g009530.4,protein_coding,"Glutathione S-transferase (AHRD V3.3 *** A0A200QHH9_9MAGN) && sp|Q9M2W2|GSTL2_ARATH Glutathione S-transferase L2, chloroplastic OS=Arabidopsis thaliana OX=3702 GN=GSTL2 PE=2 SV=1 && PF13410:Glutathione S-transferase, C-terminal domain|PF13417:Glutathione S-transferase, N-terminal domain",-
Solyc10g076240,0.4798525855654761,0.0408179873511903,True,0.0408179873511903,0.4728645647888544,0.2387804479305799,True,4,True,0.04310344827586207,0.18207971649279286,cross_cohort_expression_replication_only,365,Solyc10g076240.3,protein_coding,Peroxidase (AHRD V3.3 *** K4D1W6_SOLLC) && sp|P22195|PER1_ARAHY Cationic peroxidase 1 OS=Arachis hypogaea OX=3818 GN=PNC1 PE=1 SV=2 && PF00141:Peroxidase,-
Solyc02g078620,-0.4331868489583335,-0.5008661179315477,True,0.4331868489583335,-0.0280603244310638,-1.221190158901956,True,4,True,0.04157043879907621,0.2840995062514932,cross_cohort_expression_replication_only,366,Solyc02g078620.1,protein_coding,"Dof zinc finger protein DOF5.3 (AHRD V3.3 *** A0A2G3D6D4_CAPCH) && sp|Q84TE9|DOF53_ARATH Dof zinc finger protein DOF5.3 OS=Arabidopsis thaliana OX=3702 GN=DOF5.3 PE=2 SV=1 && PF02701:Dof domain, zinc finger",zf-Dof
Solyc10g086320,-0.4069591703869047,-0.2155064174107143,True,0.2155064174107143,-1.6929065139525674,-0.7700734202933095,True,4,True,0.040948275862068964,0.2158830731862706,cross_cohort_expression_replication_only,367,Solyc10g086320.2,protein_coding,Phosphatidylinositol 4-phosphate 5-kinase (AHRD V3.3 *** K4D464_SOLLC) && sp|Q8L850|PI5K9_ARATH Phosphatidylinositol 4-phosphate 5-kinase 9 OS=Arabidopsis thaliana OX=3702 GN=PIP5K9 PE=1 SV=2 && PF02493:MORN repeat|PF01504:Phosphatidylinositol-4-phosphate 5-Kinase,PIP5K
Solyc12g006660,-0.4128476097470239,-0.040800548735119,True,0.040800548735119,-1.034254086586647,-1.2546498320653865,True,4,True,0.040948275862068964,0.14202113363064425,cross_cohort_expression_replication_only,368,Solyc12g006660.2,protein_coding,testis- and ovary-specific PAZ domain protein (AHRD V3.3 *** AT5G20120.2) && - && -,-
Solyc05g047530,0.4293387276785714,0.0383998325892857,True,0.0383998325892857,1.559077954589339,2.0794791176762835,True,4,True,0.03879310344827586,0.24805511865891536,cross_cohort_expression_replication_only,369,Solyc05g047530.3,protein_coding,trans-cinnamate 4-monooxygenase && sp|H2DH22|C7A10_PANGI Cytochrome P450 CYP73A100 OS=Panax ginseng OX=4054 PE=2 SV=1 && PF00067:Cytochrome P450,p450
Solyc02g088500,-0.406005859375,-0.3233003162202381,True,0.3233003162202381,-1.4114670751168847,-2.4901169352705823,True,4,True,0.036637931034482756,0.2940043402086486,cross_cohort_expression_replication_only,370,Solyc02g088500.1,protein_coding,Glycosyltransferase (AHRD V3.3 *** A0A2I4FYE0_9ROSI) && sp|A0A0M4KE44|CGT_MANIN UDP-glycosyltransferase 13 OS=Mangifera indica OX=29780 GN=CGT PE=1 SV=1 && PF00201:UDP-glucoronosyl and UDP-glucosyl transferase,UDPGT
Solyc11g066670,-0.4058430989583333,-0.2430478050595239,True,0.2430478050595239,-1.3352910940638099,-2.8072667083602063,True,4,True,0.034482758620689655,0.26825674922354065,cross_cohort_expression_replication_only,371,Solyc11g066670.1,protein_coding,Glycosyltransferase (AHRD V3.3 *** A0A288W8G2_GARJA) && sp|P56725|ZOX_PHAVU Zeatin O-xylosyltransferase OS=Phaseolus vulgaris OX=3885 GN=ZOX1 PE=2 SV=1 && PF00201:UDP-glucoronosyl and UDP-glucosyl transferase,UDPGT
Solyc01g068490,0.4456961495535715,0.1026553199404762,True,0.1026553199404762,0.02502638856959072,1.0517812638342,True,4,True,0.03233256351039261,0.1433202098431154,cross_cohort_expression_replication_only,372,Solyc01g068490.5,protein_coding,RING-type E3 ubiquitin transferase (AHRD V3.11 *** tr_A0A200RD53_A0A200RD53_9MAGN) && - && PF05804:Kinesin-associated protein (KAP),-
Solyc10g078160,-0.4584205264136907,-0.0360979352678571,True,0.0360979352678571,-1.8140787176204012,-2.5689640808284677,True,4,True,0.032327586206896554,0.32410458310105916,cross_cohort_expression_replication_only,373,Solyc10g078160.2,protein_coding,Hydroxyproline-rich glycoprotein family protein (AHRD V3.3 *** B3H693_ARATH) && - && -,-
Solyc12g055840,-0.4056803385416667,-0.5042724609375,True,0.4056803385416667,-2.590327880056996,-4.9917051063262585,True,4,True,0.03017241379310345,0.5704549753125746,cross_cohort_expression_replication_only,374,Solyc12g055840.2,protein_coding,"Glucan endo-1 && sp|Q8L868|E1311_ARATH Glucan endo-1,3-beta-glucosidase 11 OS=Arabidopsis thaliana OX=3702 GN=At1g32860 PE=2 SV=1 && PF00332:Glycosyl hydrolases family 17",Glyco_hydro_17
Solyc03g112030,0.4331403459821429,0.0359293619791666,True,0.0359293619791666,0.1348967272818724,1.7113823765167162,True,4,True,0.03017241379310345,0.1440531177829099,cross_cohort_expression_replication_only,375,Solyc03g112030.3,protein_coding,Cytochrome P450 71A6 (AHRD V3.3 *** A0A2G3CY66_CAPCH) && sp|O04164|C71A6_NEPRA Cytochrome P450 71A6 (Fragment) OS=Nepeta racemosa OX=54731 GN=CYP71A6 PE=2 SV=1 && PF00067:Cytochrome P450,p450
Solyc12g008480,0.46484375,0.0951102120535713,True,0.0951102120535713,0.024082180305532136,0.442719204534527,True,4,True,0.03002309468822171,0.14543680815481405,cross_cohort_expression_replication_only,376,Solyc12g008480.3,protein_coding,RING/U-box superfamily protein (AHRD V3.3 *-* O80757_ARATH) && - && PF13639:Ring finger domain,-
Solyc03g031630,0.649053664434524,0.0335286458333333,True,0.0335286458333333,0.20978477827211714,0.6987240938063843,True,4,True,0.028017241379310345,0.28021472087281996,cross_cohort_expression_replication_only,377,Solyc03g031630.3,protein_coding,Calcium-binding EF-hand family protein-like (AHRD V3.3 *** Q6ZFI7_ORYSJ) && - && PF13499:EF-hand domain pair,-
Solyc10g006720,0.4055175781249999,0.0765787760416666,True,0.0765787760416666,1.4678216327419846,0.7290891956578452,True,4,True,0.028017241379310345,0.1525331986143187,cross_cohort_expression_replication_only,378,Solyc10g006720.4,protein_coding,G-type lectin S-receptor-like serine/threonine-protein kinase (AHRD V3.3 *** A0A2G3C305_CAPCH) && sp|O81832|Y4729_ARATH G-type lectin S-receptor-like serine/threonine-protein kinase At4g27290 OS=Arabidopsis thaliana OX=3702 GN=At4g27290 PE=3 SV=4 && PF01453:D-mannose binding lectin|PF08276:PAN-like domain|PF00954:S-locus glycoprotein domain|PF07714:Protein tyrosine kinase|PF11883:Domain of unknown function (DUF3403),Pkinase_Tyr
Solyc08g076520,-0.4046921502976189,-0.4011579241071429,True,0.4011579241071429,-1.5688906157278042,-2.9391202975064,True,4,True,0.023706896551724137,0.3645115772079318,cross_cohort_expression_replication_only,379,Solyc08g076520.3,protein_coding,ribosome maturation factor (AHRD V3.3 *** AT2G35470.1) && - && -,-
Solyc05g053640,-0.5072777157738095,-0.0379754929315476,True,0.0379754929315476,-0.2422779521262535,-0.027615932492698465,True,4,True,0.023706896551724137,0.19423926893366247,cross_cohort_expression_replication_only,380,Solyc05g053640.1,protein_coding,Unknown protein && - && -,-
Solyc06g069380,-0.4364536830357142,-0.0302501860119047,True,0.0302501860119047,-0.557892731365665,-1.3336258678235888,True,4,True,0.023706896551724137,0.15814261965437604,cross_cohort_expression_replication_only,381,Solyc06g069380.4,protein_coding,O-fucosyltransferase (AHRD V3.3 *** A0A2P5EBU6_TREOI) && sp|Q4V398|RRT1_ARATH Rhamnogalacturonan I rhamnosyltransferase 1 OS=Arabidopsis thaliana OX=3702 GN=RRT1 PE=1 SV=1 && PF10250:GDP-fucose protein O-fucosyltransferase,-
Solyc12g049520,-0.4551478794642858,-0.3038446335565475,True,0.3038446335565475,-0.8889566159730814,-0.02625740634680876,True,4,True,0.021551724137931036,0.23580846340686468,cross_cohort_expression_replication_only,382,Solyc12g049520.2,protein_coding,COP1-interacting protein-like protein (AHRD V3.3 *-* F4IDB4_ARATH) && sp|O80386|CIP7_ARATH COP1-interacting protein 7 OS=Arabidopsis thaliana OX=3702 GN=CIP7 PE=1 SV=1 && -,-
Solyc02g067320,-0.4037969680059524,-0.460414341517857,True,0.4037969680059524,-1.6174473862459207,-1.4953833841954915,True,4,True,0.01939655172413793,0.3334158736163096,cross_cohort_expression_replication_only,383,Solyc02g067320.3,protein_coding,Zinc-finger homeodomain protein 10 (AHRD V3.3 *** A0A2G3D3J7_CAPCH) && sp|Q9LHF0|ZHD9_ARATH Zinc-finger homeodomain protein 9 OS=Arabidopsis thaliana OX=3702 GN=ZHD9 PE=1 SV=1 && PF04770:ZF-HD protein dimerisation region,ZF-HD_dimer
Solyc08g066330,-0.4037737165178571,-0.0240885416666666,True,0.0240885416666666,-2.0737963579506418,-4.10184167162287,True,4,True,0.017241379310344827,0.33711525443975476,cross_cohort_expression_replication_only,384,Solyc08g066330.3,protein_coding,LEY17225 cyclin-dependent protein kinase A-1 && sp|Q38772|CDC2A_ANTMA Cell division control protein 2 homolog A OS=Antirrhinum majus OX=4151 GN=CDC2A PE=2 SV=2 && PF00069:Protein kinase domain,Pkinase
Solyc03g121720,-0.4033551897321428,-0.7121930803571429,True,0.4033551897321428,-1.1487393898539509,-2.210770984329703,True,4,True,0.015086206896551725,0.3942932726765947,cross_cohort_expression_replication_only,385,Solyc03g121720.2,protein_coding,"Glyoxylate reductase 2 (AHRD V3.3 *** A0A1P8AS42_ARATH) && sp|F4I907|GLYR2_ARATH Glyoxylate/succinic semialdehyde reductase 2, chloroplastic OS=Arabidopsis thaliana OX=3702 GN=GLYR2 PE=1 SV=1 && PF14833:NAD-binding of NADP-dependent 3-hydroxyisobutyrate dehydrogenase|PF03446:NAD binding domain of 6-phosphogluconate dehydrogenase",NAD_binding_2
Solyc07g016170,-0.408144996279762,-0.0192347935267857,True,0.0192347935267857,-1.6399422775503596,-1.973875570247063,True,4,True,0.015086206896551725,0.20703093891853147,cross_cohort_expression_replication_only,386,Solyc07g016170.4,protein_coding,L-arabinokinase-like (AHRD V3.3 *** A0A2I4GNX5_9ROSI) && sp|O23461|ARAK_ARATH L-arabinokinase OS=Arabidopsis thaliana OX=3702 GN=ARA1 PE=1 SV=1 && PF00288:GHMP kinases N terminal domain,GHMP_kinases
Solyc08g044260,-0.5851585751488095,-0.0140845889136905,True,0.0140845889136905,-1.1346458314278762,-1.0997653552363031,True,4,True,0.01293103448275862,0.3225180676116907,cross_cohort_expression_replication_only,387,Solyc08g044260.4,protein_coding,Fatty acid hydroxylase superfamily (AHRD V3.3 *** A0A2U1L8N4_ARTAN) && sp|F4HVY0|CER1_ARATH Very-long-chain aldehyde decarbonylase CER1 OS=Arabidopsis thaliana OX=3702 GN=CER1 PE=1 SV=1 && PF12076:WAX2 C-terminal domain|PF04116:Fatty acid hydroxylase superfamily,-
Solyc09g015000,0.4029366629464286,0.3393729073660715,True,0.3393729073660715,2.1822243813066304,1.1959335489250762,True,4,True,0.010775862068965518,0.29863074380823446,cross_cohort_expression_replication_only,388,Solyc09g015000.4,protein_coding,Class I heat shock protein (AHRD V3.3 *** A0A2K3KSJ8_TRIPR) && sp|P27880|HSP12_MEDSA 18.2 kDa class I heat shock protein OS=Medicago sativa OX=3879 GN=HSP18.2 PE=2 SV=1 && PF00011:Hsp20/alpha crystallin family,-
Solyc11g005990,0.4026343936011904,0.1517043340773808,True,0.1517043340773808,0.7893094743208611,3.461129905977798,True,4,True,0.008620689655172414,0.22991906904515408,cross_cohort_expression_replication_only,389,Solyc11g005990.2,protein_coding,Transcriptional corepressor SEUSS (AHRD V3.3 *-* A0A2G2ZPK0_CAPAN) && sp|Q8W234|SEUSS_ARATH Transcriptional corepressor SEUSS OS=Arabidopsis thaliana OX=3702 GN=SEU PE=1 SV=1 && PF01803:LIM-domain binding protein,-
Solyc03g112130,-0.4025646391369048,-0.5844959077380952,True,0.4025646391369048,-1.842181373467481,-3.2274615884194584,True,4,True,0.00646551724137931,0.46334464840328105,cross_cohort_expression_replication_only,390,Solyc03g112130.1,protein_coding,DUF868 domain-containing protein (AHRD V3.3 *** A0A1Q3BAU9_CEPFO) && - && PF05910:Plant protein of unknown function (DUF868),-
Solyc06g069730,-0.4872581845238095,-0.0077078683035713,True,0.0077078683035713,-0.28003864042303733,-0.6175670725811272,True,4,True,0.00646551724137931,0.1815396790634706,cross_cohort_expression_replication_only,391,Solyc06g069730.3,protein_coding,"Chlorophyll a-b binding protein && sp|P27521|CA4_ARATH Chlorophyll a-b binding protein 4, chloroplastic OS=Arabidopsis thaliana OX=3702 GN=LHCA4 PE=1 SV=1 && PF00504:Chlorophyll A-B binding protein",-
Solyc00g060810,0.9264322916666669,0.8376929873511905,True,0.8376929873511905,,4.224159202202058,False,3,False,0.7262931034482759,0.9073275862068965,cross_cohort_expression_replication_only,,,,,
Solyc03g007780,0.7007649739583335,0.8116455078125,True,0.7007649739583335,0.0,0.7855990513904358,True,3,False,0.013856812933025405,0.5142400653022219,cross_cohort_expression_replication_only,,Solyc03g007780.1,protein_coding,Ovule Secreted Protein && - && -,-
Solyc05g005550,-0.6761997767857144,-0.666131882440476,True,0.666131882440476,0.0,-6.799389441880658,True,3,False,0.013856812933025405,0.7028176515091185,cross_cohort_expression_replication_only,,Solyc05g005550.4,protein_coding,BURP domain (AHRD V3.3 *-* A0A200QH65_9MAGN) && sp|P93217|GP2_SOLLC Polygalacturonase non-catalytic subunit AroGP2 OS=Solanum lycopersicum OX=4081 GN=GP2 PE=3 SV=1 && PF03181:BURP domain,-
Solyc05g012020,0.6180710565476191,0.7530459449404764,True,0.6180710565476191,,6.82321830679572,False,3,False,0.8706896551724138,0.9360632183908045,cross_cohort_expression_replication_only,,,,,
Solyc01g099040,0.5985979352678573,0.673921130952381,True,0.5985979352678573,,6.012422201062636,False,3,False,0.8491379310344828,0.8987068965517242,cross_cohort_expression_replication_only,,,,,
Solyc08g061020,-0.5768926711309526,-0.6725609188988095,True,0.5768926711309526,,-0.8000300059631784,False,3,False,0.10560344827586207,0.6020114942528736,cross_cohort_expression_replication_only,,,,,
Solyc02g083680,-0.6186058407738096,-0.5623837425595238,True,0.5623837425595238,,-1.5333528712976654,False,3,False,0.21551724137931033,0.619971264367816,cross_cohort_expression_replication_only,,,,,
Solyc03g007930,-0.7803838820684526,-0.5523681640625,True,0.5523681640625,0.0030925709971788007,-3.234831927111484,True,3,False,0.02771362586605081,0.5683508202596161,cross_cohort_expression_replication_only,,Solyc03g007930.4,protein_coding,Unknown protein && sp|A7PZL3|PGLR_VITVI Probable polygalacturonase OS=Vitis vinifera OX=29760 GN=GSVIVT00026920001 PE=1 SV=1 && -,-
Solyc09g072560,-0.7235979352678571,-0.545503162202381,True,0.545503162202381,-0.26200099442297775,1.0959866652386743,True,3,False,0.12009237875288684,0.49392395675718725,cross_cohort_expression_replication_only,,Solyc09g072560.5,protein_coding,11S globulin seed storage protein 2 (AHRD V3.11 *** tr_A0A2G2X5V4_A0A2G2X5V4_CAPBA) && sp|Q9XHP0|11S2_SESIN 11S globulin seed storage protein 2 OS=Sesamum indicum OX=4182 PE=1 SV=1 && PF00190:Cupin,-
Solyc12g008430,0.75732421875,0.5326567150297619,True,0.5326567150297619,,5.011934192178671,False,3,False,0.7349137931034483,0.853448275862069,cross_cohort_expression_replication_only,,,,,
Solyc00g156980,-0.5230887276785715,-0.5757475353422621,True,0.5230887276785715,,-1.2033001437115562,False,3,False,0.15948275862068967,0.533764367816092,cross_cohort_expression_replication_only,,,,,
Solyc10g080900,0.5162179129464286,0.6056082589285716,True,0.5162179129464286,,6.28991953795126,False,3,False,0.625,0.8053160919540231,cross_cohort_expression_replication_only,,,,,
Solyc11g022590,-0.5130208333333333,-0.7310442243303571,True,0.5130208333333333,2.6088723510658216,-1.727285570976878,True,3,False,0.2435344827586207,0.6287603527912717,cross_cohort_expression_replication_only,,Solyc11g022590.1,protein_coding,trypsin inhibitor-like protein precursor && sp|P13087|MIRA_SYNDU Miraculin OS=Synsepalum dulcificum OX=3743 PE=1 SV=3 && PF00197:Trypsin and protease inhibitor,-
Solyc05g015380,0.5041852678571429,0.5013311476934523,True,0.5013311476934523,0.0,3.683372519725845,True,3,False,0.013856812933025405,0.47059782392291155,cross_cohort_expression_replication_only,,Solyc05g015380.2,protein_coding,DNA-binding HORMA (AHRD V3.3 *-* A0A200R484_9MAGN) && sp|F4HRV8|ASY1_ARATH Meiosis-specific protein ASY1 OS=Arabidopsis thaliana OX=3702 GN=ASY1 PE=1 SV=1 && -,-
Solyc12g015690,-0.4782249813988095,-0.6336379278273809,True,0.4782249813988095,,-5.223663994522372,False,3,False,0.45905172413793105,0.7341954022988505,cross_cohort_expression_replication_only,,,,,
Solyc09g031880,-0.5175083705357144,-0.4629545665922618,True,0.4629545665922618,0.0,0.0,True,2,False,0.007543103448275862,0.32431549633670465,cross_cohort_expression_replication_only,,Solyc09g031880.3,protein_coding,Galacturonokinase (AHRD V3.3 *** A0A2G2WB90_CAPBA) && sp|Q8VYG2|GALAK_ARATH Galacturonokinase OS=Arabidopsis thaliana OX=3702 GN=GALAK PE=1 SV=1 && -,-
Solyc12g070080,0.4626232328869048,0.605654761904762,True,0.4626232328869048,,3.3533194232050128,False,3,False,0.39655172413793105,0.5876436781609194,cross_cohort_expression_replication_only,,,,,
Solyc04g054990,-0.452241443452381,-0.4857933407738096,True,0.452241443452381,,-4.033813732755875,False,3,False,0.33405172413793105,0.5617816091954023,cross_cohort_expression_replication_only,,,,,
Solyc05g025600,-0.4415341331845238,-0.5233909970238095,True,0.4415341331845238,0.0,-3.855162400910145,True,3,False,0.013856812933025405,0.4156409273711874,cross_cohort_expression_replication_only,,Solyc05g025600.1,protein_coding,Photosystem II reaction center X protein (AHRD V3.3 *** A0A2G3CGE7_CAPCH) && - && PF06596:Photosystem II reaction centre X protein (PsbX),-
Solyc01g008680,0.4362676711309524,0.443388439360119,True,0.4362676711309524,,2.130391059386277,False,3,False,0.2521551724137931,0.3814655172413793,cross_cohort_expression_replication_only,,,,,
Solyc03g033730,-0.4183175223214286,-0.4631173270089286,True,0.4183175223214286,,-0.6602703344799736,False,3,False,0.08405172413793104,0.28304597701149425,cross_cohort_expression_replication_only,,,,,
Solyc04g070970,-0.6566685267857144,-0.4162713913690475,True,0.4162713913690475,0.2613041079429861,-3.810056200576543,True,3,False,0.11778290993071594,0.5493810723102652,cross_cohort_expression_replication_only,,Solyc04g070970.4,protein_coding,ABC transporter G family member 27 (AHRD V3.3 *** A0A2G3CMS7_CAPCH) && sp|Q93YS4|AB22G_ARATH ABC transporter G family member 22 OS=Arabidopsis thaliana OX=3702 GN=ABCG22 PE=1 SV=1 && PF01061:ABC-2 type transporter|PF00005:ABC transporter,ABC2_membrane
Solyc05g054330,-0.4040411086309525,-0.4235897972470238,True,0.4040411086309525,,-3.4342843944372365,False,3,False,0.021551724137931036,0.3714080459770115,cross_cohort_expression_replication_only,,,,,
Solyc01g099630,-0.4528459821428573,-0.4036574590773811,True,0.4036574590773811,,-5.594061044475826,False,3,False,0.33836206896551724,0.5862068965517241,cross_cohort_expression_replication_only,,,,,
Solyc05g054090,-0.4586123511904759,-0.3979259672619047,True,0.3979259672619047,0.1738616625582452,-1.7198711148769918,True,3,False,0.09006928406466513,0.3005345623954766,cross_cohort_expression_replication_only,,Solyc05g054090.3,protein_coding,induced stolen tip protein TUB8-like (AHRD V3.3 *** XP_004239829.1) && - && -,-
Solyc12g088350,0.4234444754464286,0.3899507068452382,True,0.3899507068452382,,0.14006720126167485,False,3,False,0.036637931034482756,0.2298850574712644,cross_cohort_expression_replication_only,,,,,
Solyc05g015360,0.4064418247767857,0.3638974144345238,True,0.3638974144345238,,3.2440531565302466,False,3,False,0.03879310344827586,0.33189655172413796,cross_cohort_expression_replication_only,,,,,
Solyc06g053950,0.4723772321428572,0.3536958240327381,True,0.3536958240327381,,2.3572351757499796,False,3,False,0.3297413793103448,0.3979885057471264,cross_cohort_expression_replication_only,,,,,
Solyc06g051150,0.5607910156250001,0.3338506789434524,True,0.3338506789434524,0.0,0.0262078488169646,True,3,False,0.013856812933025405,0.2917185135780839,cross_cohort_expression_replication_only,,Solyc06g051150.1,protein_coding,Pentatricopeptide repeat-containing protein (AHRD V3.3 *-* A0A2U1NNB9_ARTAN) && sp|Q9C7V5|PP104_ARATH Putative pentatricopeptide repeat-containing protein At1g64310 OS=Arabidopsis thaliana OX=3702 GN=PCMP-E65 PE=3 SV=1 && PF13041:PPR repeat family,-
Solyc04g071590,0.5196242559523809,0.3322986421130952,True,0.3322986421130952,0.3161752809367497,-0.14725910408615528,True,3,False,0.04310344827586207,0.30022845823046906,cross_cohort_expression_replication_only,,Solyc04g071590.3,protein_coding,Abscisic acid stress ripening 3 && sp|P37220|ASR3_SOLLC Abscisic stress-ripening protein 3 OS=Solanum lycopersicum OX=4081 GN=ASR3 PE=3 SV=2 && PF02496:ABA/WDS induced protein,-
Solyc11g071980,-0.4297688802083333,-0.3155459449404761,True,0.3155459449404761,,-0.14164275304992288,False,3,False,0.03879310344827586,0.20114942528735635,cross_cohort_expression_replication_only,,,,,
Solyc11g056680,-0.5428059895833333,-0.3035539899553572,True,0.3035539899553572,0.09764210925231342,-5.084541583640723,True,3,False,0.057736720554272515,0.48533935255236127,cross_cohort_expression_replication_only,,Solyc11g056680.1,protein_coding,Leucine-rich repeat receptor-like protein (AHRD V3.3 *** H6V788_MALDO) && sp|Q00874|DR100_ARATH DNA damage-repair/toleration protein DRT100 OS=Arabidopsis thaliana OX=3702 GN=DRT100 PE=2 SV=2 && PF13855:Leucine rich repeat|PF08263:Leucine rich repeat N-terminal domain,LRRNT_2
Solyc03g078150,-0.4049479166666667,-0.2991303943452381,True,0.2991303943452381,0.4364259629921192,-1.0447477989253997,True,3,False,0.02586206896551724,0.15771830453133712,cross_cohort_expression_replication_only,,Solyc03g078150.3,protein_coding,Amino acid transporter family protein (AHRD V3.3 *** S8E0T7_9LAMI) && sp|O80668|AVT1A_ARATH Amino acid transporter AVT1A OS=Arabidopsis thaliana OX=3702 GN=AVT1A PE=2 SV=2 && PF01490:Transmembrane amino acid transporter protein,Aa_trans
Solyc11g042940,-0.4112025669642857,-0.2895856584821429,True,0.2895856584821429,,-2.230447724514775,False,3,False,0.07112068965517242,0.22772988505747124,cross_cohort_expression_replication_only,,,,,
Solyc06g048440,-0.7476981026785714,-0.2870977492559524,True,0.2870977492559524,0.02591585168321136,0.3934181605770878,True,2,False,0.03464203233256351,0.3410958529107271,cross_cohort_expression_replication_only,,Solyc06g048440.3,protein_coding,DNA-directed RNA polymerase subunit beta'' (AHRD V3.3 *-* A0A1W5HN85_9ORYZ) && - && PF07172:Glycine rich protein family,-
Solyc07g062550,-0.4413713727678571,-0.2854236421130952,True,0.2854236421130952,,-3.8702872189809896,False,3,False,0.2823275862068966,0.4051724137931035,cross_cohort_expression_replication_only,,,,,
Solyc12g100270,0.4584960937500001,0.2771112351190475,True,0.2771112351190475,-1.4241596518984971,1.5785375075384476,True,3,False,0.22198275862068967,0.3199435573783547,cross_cohort_expression_replication_only,,Solyc12g100270.2,protein_coding,Fatty acid hydroxylase superfamily (AHRD V3.3 *** A0A2U1L8N4_ARTAN) && sp|F4HVY0|CER1_ARATH Very-long-chain aldehyde decarbonylase CER1 OS=Arabidopsis thaliana OX=3702 GN=CER1 PE=1 SV=1 && PF04116:Fatty acid hydroxylase superfamily|PF12076:WAX2 C-terminal domain,-
Solyc11g065350,-0.4015997023809525,-0.2727864583333332,True,0.2727864583333332,0.1782373540170985,-1.0940788727724944,True,3,False,0.0021551724137931034,0.1281593433941228,cross_cohort_expression_replication_only,,Solyc11g065350.2,protein_coding,ABC transporter G family member 12 (AHRD V3.3 *** A0A2G3B9R8_CAPCH) && sp|Q8RWI9|AB15G_ARATH ABC transporter G family member 15 OS=Arabidopsis thaliana OX=3702 GN=ABCG15 PE=2 SV=2 && PF01061:ABC-2 type transporter|PF00005:ABC transporter,ABC2_membrane
Solyc05g050290,0.4821893601190475,0.2630208333333331,True,0.2630208333333331,,0.10890644367694353,False,3,False,0.032327586206896554,0.26221264367816094,cross_cohort_expression_replication_only,,,,,
Solyc04g053010,-0.4585425967261905,-0.2624976748511905,True,0.2624976748511905,0.0,-0.0823438779931572,True,3,False,0.013856812933025405,0.16833489288842876,cross_cohort_expression_replication_only,,Solyc04g053010.1,protein_coding,Auxin-responsive protein SAUR65 (AHRD V3.3 *** A0A2G2Y5L8_CAPAN) && sp|F4I1H5|SAU63_ARATH Auxin-responsive protein SAUR63 OS=Arabidopsis thaliana OX=3702 GN=SAUR63 PE=2 SV=1 && PF02519:Auxin responsive protein,Auxin_inducible
Solyc07g008210,-0.5699753534226191,-0.2620035807291667,True,0.2620035807291667,,-4.287007487167074,False,3,False,0.2607758620689655,0.5905172413793103,cross_cohort_expression_replication_only,,,,,
Solyc11g064910,0.4247058686755953,0.2521623883928572,True,0.2521623883928572,,0.0,False,2,False,0.007543103448275862,0.14619252873563218,cross_cohort_expression_replication_only,,,,,
Solyc07g056700,0.40576171875,0.2464773995535711,True,0.2464773995535711,0.041323663133855826,-0.8855517574861129,True,3,False,0.032327586206896554,0.10795273552600143,cross_cohort_expression_replication_only,,Solyc07g056700.2,protein_coding,Unknown protein && - && -,-
Solyc05g014920,0.4830438523065475,0.2351422991071428,True,0.2351422991071428,0.0,0.0,True,2,False,0.007543103448275862,0.18746204806084257,cross_cohort_expression_replication_only,,Solyc05g014920.1,protein_coding,Protein FAR1-related sequence 5-like (AHRD V3.3 *-* A0A2K3LK03_TRIPR) && sp|Q9LKR4|FRS10_ARATH Putative protein FAR1-RELATED SEQUENCE 10 OS=Arabidopsis thaliana OX=3702 GN=FRS10 PE=2 SV=2 && -,-
Solyc02g080160,-0.6037481398809524,-0.2290678478422619,True,0.2290678478422619,,-3.7388391683394433,False,3,False,0.23060344827586207,0.5617816091954023,cross_cohort_expression_replication_only,,,,,
Solyc05g009650,0.4614315941220238,0.2283586774553571,True,0.2283586774553571,,0.14320376559489356,False,3,False,0.040948275862068964,0.21910919540229887,cross_cohort_expression_replication_only,,,,,
Solyc04g080540,0.4178408668154761,0.2144252232142857,True,0.2144252232142857,-0.4024523327349012,2.5157406840677057,True,3,False,0.10991379310344827,0.20655560643465798,cross_cohort_expression_replication_only,,Solyc04g080540.2,protein_coding,DNA polymerase epsilon catalytic subunit A (AHRD V3.3 *** AT1G19530.2) && - && -,-
Solyc11g007250,-0.5276343936011907,-0.1976667131696428,True,0.1976667131696428,,-0.9712390956982762,False,3,False,0.125,0.3283045977011494,cross_cohort_expression_replication_only,,,,,
Solyc09g059170,-0.5386788504464285,-0.1954055059523809,True,0.1954055059523809,0.8803234091271626,-2.3933762656114648,True,3,False,0.1875,0.3656190272358047,cross_cohort_expression_replication_only,,Solyc09g059170.3,protein_coding,Glycosyltransferase (AHRD V3.3 *** A4GRT2_9SOLA) && sp|Q43716|UFOG_PETHY Anthocyanidin-3-O-glucoside rhamnosyltransferase OS=Petunia hybrida OX=4102 GN=RT PE=2 SV=1 && PF00201:UDP-glucoronosyl and UDP-glucosyl transferase,UDPGT
Solyc09g098340,0.4146902901785714,0.1905517578125001,True,0.1905517578125001,-0.24134650212537245,0.16673391960231498,True,3,False,0.04525862068965517,0.10799379827984391,cross_cohort_expression_replication_only,,Solyc09g098340.3,protein_coding,aspartic proteinase-like protein 2 (AHRD V3.3 *** A0A2G2ZT59_CAPAN) && sp|Q4V3D2|ASP36_ARATH Aspartic proteinase 36 OS=Arabidopsis thaliana OX=3702 GN=A36 PE=1 SV=1 && PF14543:Xylanase inhibitor N-terminal|PF14541:Xylanase inhibitor C-terminal,-
Solyc12g044540,0.4031808035714286,0.1727062406994047,True,0.1727062406994047,0.0,0.0,True,2,False,0.007543103448275862,0.05114739288842876,cross_cohort_expression_replication_only,,Solyc12g044540.4,protein_coding,zinc finger BED domain-containing protein RICESLEEPER 2-like (AHRD V3.11 *-* tr_A0A2I4HS67_A0A2I4HS67_9ROSI) && sp|Q9SUK9|P2C55_ARATH Probable protein phosphatase 2C 55 OS=Arabidopsis thaliana OX=3702 GN=At4g16580 PE=2 SV=2 && -,-
Solyc04g077620,0.6313709077380951,0.1596505301339286,True,0.1596505301339286,-0.2040846140930367,1.9123524907876603,True,3,False,0.09468822170900693,0.3507194692203552,cross_cohort_expression_replication_only,,Solyc04g077620.1,protein_coding,Uncharacterized conserved protein UCP031279 (AHRD V3.3 -** AT1G10140.1) && - && -,-
Solyc12g049030,0.4318033854166667,0.1491350446428571,True,0.1491350446428571,-0.5212699946121462,2.042141961381069,True,3,False,0.14655172413793102,0.20209220952456797,cross_cohort_expression_replication_only,,Solyc12g049030.1,protein_coding,Fatty acid desaturase (AHRD V3.3 *** A0A200QRI1_9MAGN) && sp|Q8GZC3|FAD2_VERFO Delta(12)-fatty-acid desaturase FAD2 OS=Vernicia fordii OX=73154 GN=FAD2 PE=1 SV=1 && PF11960:Domain of unknown function (DUF3474)|PF00487:Fatty acid desaturase,-
Solyc12g098790,0.4589320591517857,0.1485537574404761,True,0.1485537574404761,-0.026280858490805598,0.0,True,2,False,0.007543103448275862,0.14072267958111015,cross_cohort_expression_replication_only,,Solyc12g098790.1,protein_coding,Unknown protein && - && -,-
Solyc09g091670,0.6064569382440477,0.1441708519345238,True,0.1441708519345238,-0.602751013997891,1.4648352321506255,True,3,False,0.13793103448275862,0.347529017679382,cross_cohort_expression_replication_only,,Solyc09g091670.3,protein_coding,Pleiotropic drug resistance protein (AHRD V3.3 *** C8CA13_CUCSA) && sp|Q949G3|PDR1_NICPL Pleiotropic drug resistance protein 1 OS=Nicotiana plumbaginifolia OX=4092 GN=PDR1 PE=1 SV=1 && PF08370:Plant PDR ABC transporter associated|PF14510:ABC-transporter N-terminal|PF00005:ABC transporter|PF01061:ABC-2 type transporter,ABC2_membrane
Solyc09g011720,-0.4460914248511904,-0.116240001860119,True,0.116240001860119,0.0,-3.432542900403716,True,3,False,0.013856812933025405,0.24322713426773912,cross_cohort_expression_replication_only,,Solyc09g011720.3,protein_coding,DUF3527 domain-containing protein (AHRD V3.3 *** A0A1Q3BBP6_CEPFO) && - && PF12043:Domain of unknown function (DUF3527),-
Solyc08g080490,-0.4811546688988095,-0.1136823381696429,True,0.1136823381696429,-0.42506645063526327,1.1100123689406969,True,3,False,0.09698275862068965,0.21956378912160548,cross_cohort_expression_replication_only,,Solyc08g080490.3,protein_coding,2S albumin (AHRD V3.3 *-* B6EU55_BEREX) && - && PF00234:Protease inhibitor/seed storage/LTP family,-
Solyc02g083840,0.6903948102678572,0.1069859095982143,True,0.1069859095982143,0.0,0.11700386028660595,True,3,False,0.013856812933025405,0.27016678944015293,cross_cohort_expression_replication_only,,Solyc02g083840.1,protein_coding,Unknown protein && - && -,-
Solyc08g066360,-0.4181663876488095,-0.1004057384672619,True,0.1004057384672619,0.2787459889331738,-0.8909952644910495,True,3,False,0.09051724137931035,0.11091920840965198,cross_cohort_expression_replication_only,,Solyc08g066360.3,protein_coding,"Malic enzyme (AHRD V3.3 *** A0A2G2W5J3_CAPBA) && sp|P34105|MAOX_POPTR NADP-dependent malic enzyme OS=Populus trichocarpa OX=3694 PE=2 SV=3 && PF00390:Malic enzyme, N-terminal domain|PF03949:Malic enzyme, NAD binding domain",Malic_M
Solyc09g025210,-0.6277204241071428,-0.0986211867559523,True,0.0986211867559523,-0.5218804282967306,1.3861267613319164,True,3,False,0.08836206896551724,0.3309023353508004,cross_cohort_expression_replication_only,,Solyc09g025210.3,protein_coding,alcohol dehydrogenase-2 && sp|Q2TPW5|JUGR4_JUGRE 11S globulin seed storage protein Jug r 4 OS=Juglans regia OX=51240 PE=1 SV=1 && PF00190:Cupin,-
Solyc12g100250,0.5559663318452382,0.0978597005208332,True,0.0978597005208332,-0.6462167728267615,1.1873132242408233,True,3,False,0.08620689655172414,0.294304222744286,cross_cohort_expression_replication_only,,Solyc12g100250.3,protein_coding,Fatty acid desaturase (AHRD V3.3 *** A0A200QRI1_9MAGN) && sp|Q8GZC3|FAD2_VERFO Delta(12)-fatty-acid desaturase FAD2 OS=Vernicia fordii OX=73154 GN=FAD2 PE=1 SV=1 && PF00487:Fatty acid desaturase|PF11960:Domain of unknown function (DUF3474),-
Solyc10g005010,-0.4022158668154763,-0.084623790922619,True,0.084623790922619,-0.05119959867893753,0.011869028722240868,True,3,False,0.004310344827586207,0.03583160786812136,cross_cohort_expression_replication_only,,Solyc10g005010.5,protein_coding,NAC domain-containing protein (AHRD V3.11 *** tr_A0A2K3MP41_A0A2K3MP41_TRIPR) && sp|Q84WP6|NAC43_ARATH NAC domain-containing protein 43 OS=Arabidopsis thaliana OX=3702 GN=NAC043 PE=2 SV=2 && PF02365:No apical meristem (NAM) protein,NAM
Solyc05g025690,0.5882917131696429,0.0797642299107142,True,0.0797642299107142,,1.5088198882985024,False,3,False,0.07112068965517242,0.3685344827586207,cross_cohort_expression_replication_only,,,,,
Solyc10g009260,0.5907389322916666,0.0746489025297619,True,0.0746489025297619,-0.06837506287090962,1.3859728155056477,True,3,False,0.050808314087759814,0.2837150095564227,cross_cohort_expression_replication_only,,Solyc10g009260.1,protein_coding,Unknown protein && - && -,-
Solyc01g081290,-0.4340122767857143,-0.0628080822172619,True,0.0628080822172619,0.16585285073038314,1.229282120815399,True,2,False,0.05387931034482758,0.13778047105200286,cross_cohort_expression_replication_only,,Solyc01g081290.4,protein_coding,Pentatricopeptide repeat-containing protein (AHRD V3.3 *** A0A2G3ALT8_CAPAN) && sp|Q9SS60|PP210_ARATH Pentatricopeptide repeat-containing protein At3g03580 OS=Arabidopsis thaliana OX=3702 GN=PCMP-H23 PE=2 SV=1 && PF00069:Protein kinase domain|PF13041:PPR repeat family|PF14432:DYW family of nucleic acid deaminases,Pkinase
Solyc09g031740,0.4792015438988096,0.0363653273809523,True,0.0363653273809523,,0.0,False,2,False,0.007543103448275862,0.16918103448275865,cross_cohort_expression_replication_only,,,,,
Solyc04g016000,0.414399646577381,0.032528831845238,True,0.032528831845238,-0.07271042904271297,1.6305015174932023,True,3,False,0.02586206896551724,0.10002513538265509,cross_cohort_expression_replication_only,,Solyc04g016000.3,protein_coding,Heat shock transcription factor protein 8 (AHRD V3.3 *** A0A1W6LWG5_FRAAN) && sp|O22230|HSFB3_ARATH Heat stress transcription factor B-3 OS=Arabidopsis thaliana OX=3702 GN=HSFB3 PE=1 SV=1 && PF00447:HSF-type DNA-binding,HSF_DNA-bind
Solyc07g064720,0.4542759486607142,0.0240536644345238,True,0.0240536644345238,0.2326314610227242,-0.02623240229128021,True,3,False,0.01939655172413793,0.1230414310743012,cross_cohort_expression_replication_only,,Solyc07g064720.3,protein_coding,Gdsl esterase/lipase (AHRD V3.3 *** A0A2P4JQK3_QUESU) && sp|Q9FIA1|GDL87_ARATH GDSL esterase/lipase At5g55050 OS=Arabidopsis thaliana OX=3702 GN=At5g55050 PE=2 SV=1 && PF00657:GDSL-like Lipase/Acylhydrolase,Lipase_GDSL
Solyc01g095640,0.4359886532738096,0.0205136253720238,True,0.0205136253720238,-0.13817346637170802,-0.07979516005830684,True,2,False,0.017241379310344827,0.09344514016086644,cross_cohort_expression_replication_only,,Solyc01g095640.2,protein_coding,MYB-like transcription factor TCL1 (AHRD V3.3 *** A0A1U8HLQ3_CAPAN) && sp|Q8GV05|TRY_ARATH Transcription factor TRY OS=Arabidopsis thaliana OX=3702 GN=TRY PE=1 SV=1 && -,-
Solyc08g077210,0.4087495349702381,0.0104341052827381,True,0.0104341052827381,,0.9664784296909583,False,3,False,0.010775862068965518,0.0639367816091954,cross_cohort_expression_replication_only,,,,,
Solyc02g064830,0.4680757068452381,0.0086611793154762,True,0.0086611793154762,-0.11816059233846765,0.6013192734423355,True,3,False,0.008620689655172414,0.14174364896073904,cross_cohort_expression_replication_only,,Solyc02g064830.4,protein_coding,Indole-3-acetic acid-amido synthetas 3-3 && sp|O82333|GH31_ARATH Probable indole-3-acetic acid-amido synthetase GH3.1 OS=Arabidopsis thaliana OX=3702 GN=GH3.1 PE=2 SV=1 && PF03321:GH3 auxin-responsive promoter,-
Solyc02g087470,0.4490443638392858,0.0049700055803571,True,0.0049700055803571,-0.026280858490805598,-0.06687930950087614,True,2,False,0.004310344827586207,0.09788862785697221,cross_cohort_expression_replication_only,,Solyc02g087470.4,protein_coding,CLAVATA3/ESR-RELATED 26 (AHRD V3.3 --* AT1G69970.2) && - && -,-
Solyc04g071090,0.4323962983630952,0.0007207961309523,True,0.0007207961309523,,1.4682799432501956,False,3,False,0.0021551724137931034,0.14439655172413793,cross_cohort_expression_replication_only,,,,,
