gene_id,binding_replicates,source_peak_count,max_peak_score,min_peak_fdr,replicate_ids,admitted_binding
Solyc00g055940,3,8,3.97564,0.0,GSM989347;GSM989348;GSM989349,True
Solyc00g055950,3,5,3.97564,0.0,GSM989347;GSM989348;GSM989349,True
Solyc00g055960,3,5,3.97564,0.0,GSM989347;GSM989348;GSM989349,True
Solyc00g028090,3,3,3.761136,0.0,GSM989347;GSM989348;GSM989349,True
Solyc00g028100,3,3,3.761136,0.0,GSM989347;GSM989348;GSM989349,True
Solyc00g028110,3,3,3.761136,0.0,GSM989347;GSM989348;GSM989349,True
Solyc00g028120,3,3,3.761136,0.0,GSM989347;GSM989348;GSM989349,True
Solyc00g055970,3,4,3.761136,0.0,GSM989347;GSM989348;GSM989349,True
Solyc00g055980,3,3,3.761136,0.0,GSM989347;GSM989348;GSM989349,True
Solyc00g031020,3,9,3.516912,0.00047,GSM989347;GSM989348;GSM989349,True
Solyc00g031060,3,9,3.516912,0.00047,GSM989347;GSM989348;GSM989349,True
Solyc00g088080,3,3,3.364003,0.01439,GSM989347;GSM989348;GSM989349,True
Solyc00g088090,3,6,3.364003,0.0,GSM989347;GSM989348;GSM989349,True
Solyc00g088190,3,3,3.364003,0.01439,GSM989347;GSM989348;GSM989349,True
Solyc00g088200,3,6,3.364003,0.0,GSM989347;GSM989348;GSM989349,True
Solyc00g088210,3,6,3.364003,0.0,GSM989347;GSM989348;GSM989349,True
Solyc00g088310,3,6,3.364003,0.0,GSM989347;GSM989348;GSM989349,True
Solyc00g031040,3,6,3.287548,0.01119,GSM989347;GSM989348;GSM989349,True
Solyc00g090630,3,7,3.267872,0.00619,GSM989347;GSM989348;GSM989349,True
Solyc00g090640,3,7,3.267872,0.00619,GSM989347;GSM989348;GSM989349,True
Solyc00g090650,3,5,3.267872,0.00619,GSM989347;GSM989348;GSM989349,True
Solyc00g090660,3,5,3.267872,0.00619,GSM989347;GSM989348;GSM989349,True
Solyc00g036740,3,3,3.082898,0.0,GSM989347;GSM989348;GSM989349,True
Solyc00g036750,3,3,3.082898,0.0,GSM989347;GSM989348;GSM989349,True
Solyc00g036760,3,3,3.082898,0.0,GSM989347;GSM989348;GSM989349,True
Solyc00g065610,3,6,3.082898,0.01439,GSM989347;GSM989348;GSM989349,True
Solyc00g065620,3,6,3.082898,0.01439,GSM989347;GSM989348;GSM989349,True
Solyc00g065630,3,3,3.082898,0.01439,GSM989347;GSM989348;GSM989349,True
Solyc00g026860,3,8,3.058184,0.0,GSM989347;GSM989348;GSM989349,True
Solyc00g026870,3,7,3.058184,0.0,GSM989347;GSM989348;GSM989349,True
Solyc00g026880,3,7,3.058184,0.0,GSM989347;GSM989348;GSM989349,True
Solyc00g026890,3,7,3.058184,0.0,GSM989347;GSM989348;GSM989349,True
Solyc00g026900,3,5,3.058184,0.0,GSM989347;GSM989348;GSM989349,True
Solyc00g026910,3,7,3.058184,0.0,GSM989347;GSM989348;GSM989349,True
Solyc00g026920,3,8,3.058184,0.0,GSM989347;GSM989348;GSM989349,True
Solyc00g042120,3,4,2.98173,0.01654,GSM989347;GSM989348;GSM989349,True
Solyc00g042140,3,4,2.98173,0.01654,GSM989347;GSM989348;GSM989349,True
Solyc00g025520,3,9,2.905275,0.01754,GSM989347;GSM989348;GSM989349,True
Solyc00g025540,3,6,2.905275,0.01754,GSM989347;GSM989348;GSM989349,True
Solyc00g025550,3,9,2.905275,0.01754,GSM989347;GSM989348;GSM989349,True
Solyc00g025650,3,9,2.905275,0.01754,GSM989347;GSM989348;GSM989349,True
Solyc00g127540,3,4,2.897924,0.00541,GSM989347;GSM989348;GSM989349,True
Solyc00g127550,3,4,2.897924,0.00541,GSM989347;GSM989348;GSM989349,True
Solyc00g127560,3,3,2.897924,0.00541,GSM989347;GSM989348;GSM989349,True
Solyc00g127660,3,4,2.897924,0.00541,GSM989347;GSM989348;GSM989349,True
Solyc00g017880,3,3,2.836266,0.03175,GSM989347;GSM989348;GSM989349,True
Solyc00g017890,3,3,2.836266,0.03175,GSM989347;GSM989348;GSM989349,True
Solyc00g017900,3,3,2.836266,0.03175,GSM989347;GSM989348;GSM989349,True
Solyc00g017910,3,3,2.836266,0.03175,GSM989347;GSM989348;GSM989349,True
Solyc00g017920,3,3,2.836266,0.03175,GSM989347;GSM989348;GSM989349,True
Solyc00g017930,3,3,2.836266,0.03175,GSM989347;GSM989348;GSM989349,True
Solyc00g035010,3,5,2.836266,0.02831,GSM989347;GSM989348;GSM989349,True
Solyc00g035020,3,5,2.836266,0.02831,GSM989347;GSM989348;GSM989349,True
Solyc00g031030,3,4,2.828821,0.01119,GSM989347;GSM989348;GSM989349,True
Solyc00g031380,3,4,2.828821,0.03158,GSM989347;GSM989348;GSM989349,True
Solyc00g031390,3,6,2.828821,0.03158,GSM989347;GSM989348;GSM989349,True
Solyc00g031490,3,5,2.828821,0.03158,GSM989347;GSM989348;GSM989349,True
Solyc09g005440,3,3,2.796486,0.0,GSM989347;GSM989348;GSM989349,True
Solyc09g005450,3,3,2.796486,0.0,GSM989347;GSM989348;GSM989349,True
Solyc09g005460,3,3,2.796486,0.0,GSM989347;GSM989348;GSM989349,True
Solyc00g028960,3,3,2.774608,0.01761,GSM989347;GSM989348;GSM989349,True
Solyc00g029060,3,3,2.774608,0.01761,GSM989347;GSM989348;GSM989349,True
Solyc00g029070,3,3,2.774608,0.01761,GSM989347;GSM989348;GSM989349,True
Solyc00g029080,3,3,2.774608,0.01761,GSM989347;GSM989348;GSM989349,True
Solyc00g095450,3,5,2.774608,0.01161,GSM989347;GSM989348;GSM989349,True
Solyc00g095460,3,5,2.774608,0.01161,GSM989347;GSM989348;GSM989349,True
Solyc00g130690,3,3,2.774608,0.01439,GSM989347;GSM989348;GSM989349,True
Solyc00g130700,3,3,2.774608,0.01439,GSM989347;GSM989348;GSM989349,True
Solyc00g130800,3,3,2.774608,0.01439,GSM989347;GSM989348;GSM989349,True
Solyc00g023250,3,3,2.651293,0.03815,GSM989347;GSM989348;GSM989349,True
Solyc00g023270,3,3,2.651293,0.03815,GSM989347;GSM989348;GSM989349,True
Solyc00g024680,3,4,2.651293,0.00929,GSM989347;GSM989348;GSM989349,True
Solyc00g024690,3,4,2.651293,0.00929,GSM989347;GSM989348;GSM989349,True
Solyc00g112600,3,3,2.651293,0.0019,GSM989347;GSM989348;GSM989349,True
Solyc00g112710,3,3,2.651293,0.0019,GSM989347;GSM989348;GSM989349,True
Solyc00g112810,3,3,2.651293,0.0019,GSM989347;GSM989348;GSM989349,True
Solyc01g102280,3,4,2.515342,0.0,GSM989347;GSM989348;GSM989349,True
Solyc03g114360,3,3,2.447484,0.0,GSM989347;GSM989348;GSM989349,True
Solyc00g025500,3,6,2.446548,0.01754,GSM989347;GSM989348;GSM989349,True
Solyc00g025530,3,3,2.446548,0.03154,GSM989347;GSM989348;GSM989349,True
Solyc00g042130,3,3,2.446548,0.01754,GSM989347;GSM989348;GSM989349,True
Solyc02g091930,3,3,2.428922,0.0,GSM989347;GSM989348;GSM989349,True
Solyc01g094640,3,3,2.345338,0.0,GSM989347;GSM989348;GSM989349,True
Solyc00g028530,3,4,2.293638,0.03175,GSM989347;GSM989348;GSM989349,True
Solyc12g099890,3,6,2.246265,0.0,GSM989347;GSM989348;GSM989349,True
Solyc12g099900,3,6,2.246265,0.0,GSM989347;GSM989348;GSM989349,True
Solyc04g071300,3,3,2.23815,0.0,GSM989347;GSM989348;GSM989349,True
Solyc04g071310,3,3,2.23815,0.0,GSM989347;GSM989348;GSM989349,True
Solyc07g054000,3,3,2.212848,0.00877,GSM989347;GSM989348;GSM989349,True
Solyc07g054010,3,3,2.212848,0.00877,GSM989347;GSM989348;GSM989349,True
Solyc07g054020,3,3,2.212848,0.00877,GSM989347;GSM989348;GSM989349,True
Solyc07g054030,3,3,2.212848,0.00877,GSM989347;GSM989348;GSM989349,True
Solyc01g109750,3,5,2.204198,0.0,GSM989347;GSM989348;GSM989349,True
Solyc01g109760,3,5,2.204198,0.0,GSM989347;GSM989348;GSM989349,True
Solyc09g082460,3,5,2.201924,0.0,GSM989347;GSM989348;GSM989349,True
Solyc03g044300,3,5,2.186419,0.0,GSM989347;GSM989348;GSM989349,True
Solyc03g112340,3,4,2.186419,0.0,GSM989347;GSM989348;GSM989349,True
Solyc03g007770,3,3,2.18305,0.0,GSM989347;GSM989348;GSM989349,True
Solyc01g107410,3,3,2.180173,0.0,GSM989347;GSM989348;GSM989349,True
Solyc04g005800,3,3,2.122422,0.0,GSM989347;GSM989348;GSM989349,True
Solyc04g071610,3,4,2.122422,0.0,GSM989347;GSM989348;GSM989349,True
Solyc10g006880,3,4,2.105208,0.0,GSM989347;GSM989348;GSM989349,True
Solyc02g077920,3,4,2.062586,0.0,GSM989347;GSM989348;GSM989349,True
Solyc02g089620,3,3,2.062586,0.0,GSM989347;GSM989348;GSM989349,True
Solyc02g089630,3,3,2.062586,0.0,GSM989347;GSM989348;GSM989349,True
Solyc04g082410,3,3,2.058106,0.0,GSM989347;GSM989348;GSM989349,True
Solyc04g082420,3,3,2.058106,0.0,GSM989347;GSM989348;GSM989349,True
Solyc05g053050,3,3,2.05798,0.01425,GSM989347;GSM989348;GSM989349,True
Solyc05g053060,3,3,2.05798,0.01425,GSM989347;GSM989348;GSM989349,True
Solyc05g053080,3,3,2.05798,0.01425,GSM989347;GSM989348;GSM989349,True
Solyc08g080040,3,3,2.004679,0.0,GSM989347;GSM989348;GSM989349,True
Solyc08g080050,3,3,2.004679,0.0,GSM989347;GSM989348;GSM989349,True
Solyc08g068460,3,3,1.997676,0.0,GSM989347;GSM989348;GSM989349,True
Solyc04g082510,3,3,1.993988,0.0,GSM989347;GSM989348;GSM989349,True
Solyc03g026220,3,3,1.99062,0.0,GSM989347;GSM989348;GSM989349,True
Solyc02g092820,3,4,1.990367,0.0,GSM989347;GSM989348;GSM989349,True
Solyc08g065940,3,3,1.966077,0.00898,GSM989347;GSM989348;GSM989349,True
Solyc08g065950,3,3,1.966077,0.00898,GSM989347;GSM989348;GSM989349,True
Solyc01g091630,3,3,1.954666,0.0,GSM989347;GSM989348;GSM989349,True
Solyc06g065890,3,5,1.953379,0.0,GSM989347;GSM989348;GSM989349,True
Solyc06g065900,3,5,1.953379,0.0,GSM989347;GSM989348;GSM989349,True
Solyc04g071780,3,4,1.953295,0.00059,GSM989347;GSM989348;GSM989349,True
Solyc02g069410,3,3,1.922897,0.0,GSM989347;GSM989348;GSM989349,True
Solyc02g069420,3,3,1.922897,0.0,GSM989347;GSM989348;GSM989349,True
Solyc02g069430,3,3,1.922897,0.0,GSM989347;GSM989348;GSM989349,True
Solyc01g067670,3,3,1.913077,0.00059,GSM989347;GSM989348;GSM989349,True
Solyc05g024260,3,4,1.908309,0.0,GSM989347;GSM989348;GSM989349,True
Solyc05g016310,3,3,1.902283,0.00183,GSM989347;GSM989348;GSM989349,True
Solyc05g053290,3,4,1.902283,0.00183,GSM989347;GSM989348;GSM989349,True
Solyc05g053300,3,3,1.902283,0.00183,GSM989347;GSM989348;GSM989349,True
Solyc03g117810,3,4,1.896965,0.00047,GSM989347;GSM989348;GSM989349,True
Solyc03g117820,3,4,1.896965,0.00047,GSM989347;GSM989348;GSM989349,True
Solyc01g098390,3,3,1.871489,0.0,GSM989347;GSM989348;GSM989349,True
Solyc02g063360,3,5,1.86426,0.00059,GSM989347;GSM989348;GSM989349,True
Solyc03g115670,3,3,1.860088,0.0,GSM989347;GSM989348;GSM989349,True
Solyc03g115680,3,3,1.860088,0.0,GSM989347;GSM989348;GSM989349,True
Solyc03g006010,3,4,1.859635,0.0,GSM989347;GSM989348;GSM989349,True
Solyc09g014260,3,3,1.856727,0.00308,GSM989347;GSM989348;GSM989349,True
Solyc09g014270,3,3,1.856727,0.00308,GSM989347;GSM989348;GSM989349,True
Solyc02g084600,3,3,1.855427,0.0,GSM989347;GSM989348;GSM989349,True
Solyc06g051690,3,3,1.854716,0.00085,GSM989347;GSM989348;GSM989349,True
Solyc01g067660,3,3,1.849844,0.0,GSM989347;GSM989348;GSM989349,True
Solyc07g006280,3,4,1.835863,0.0,GSM989347;GSM989348;GSM989349,True
Solyc01g104030,3,3,1.816811,0.0,GSM989347;GSM989348;GSM989349,True
Solyc06g073440,3,5,1.816076,0.0,GSM989347;GSM989348;GSM989349,True
Solyc05g006960,3,3,1.803896,0.0,GSM989347;GSM989348;GSM989349,True
Solyc05g006970,3,3,1.803896,0.0,GSM989347;GSM989348;GSM989349,True
Solyc05g009450,3,4,1.796055,0.00387,GSM989347;GSM989348;GSM989349,True
Solyc05g009460,3,4,1.796055,0.00387,GSM989347;GSM989348;GSM989349,True
Solyc10g078340,3,4,1.794043,0.0,GSM989347;GSM989348;GSM989349,True
Solyc10g081720,3,5,1.790998,0.0,GSM989347;GSM989348;GSM989349,True
Solyc02g093150,3,5,1.78493,0.0,GSM989347;GSM989348;GSM989349,True
Solyc03g082550,3,5,1.778781,0.00183,GSM989347;GSM989348;GSM989349,True
Solyc03g082560,3,5,1.778781,0.00183,GSM989347;GSM989348;GSM989349,True
Solyc03g114730,3,4,1.778781,0.0019,GSM989347;GSM989348;GSM989349,True
Solyc06g053950,3,5,1.772439,0.0,GSM989347;GSM989348;GSM989349,True
Solyc06g053960,3,3,1.772439,0.0,GSM989347;GSM989348;GSM989349,True
Solyc06g074710,3,3,1.772439,0.0,GSM989347;GSM989348;GSM989349,True
Solyc08g063040,3,4,1.772132,0.0,GSM989347;GSM989348;GSM989349,True
Solyc08g080090,3,3,1.772132,0.0,GSM989347;GSM989348;GSM989349,True
Solyc04g078100,3,5,1.768685,0.0,GSM989347;GSM989348;GSM989349,True
Solyc04g078110,3,5,1.768685,0.0,GSM989347;GSM989348;GSM989349,True
Solyc11g005390,3,7,1.762949,0.0,GSM989347;GSM989348;GSM989349,True
Solyc03g119220,3,3,1.762188,0.00059,GSM989347;GSM989348;GSM989349,True
Solyc03g119230,3,3,1.762188,0.00059,GSM989347;GSM989348;GSM989349,True
Solyc03g119240,3,3,1.762188,0.00059,GSM989347;GSM989348;GSM989349,True
Solyc01g095710,3,3,1.750745,0.00047,GSM989347;GSM989348;GSM989349,True
Solyc01g098740,3,4,1.750745,0.00047,GSM989347;GSM989348;GSM989349,True
Solyc01g098750,3,4,1.750745,0.00047,GSM989347;GSM989348;GSM989349,True
Solyc04g082580,3,3,1.749826,0.00183,GSM989347;GSM989348;GSM989349,True
Solyc04g082590,3,3,1.749826,0.00183,GSM989347;GSM989348;GSM989349,True
Solyc06g060090,3,4,1.740213,0.0,GSM989347;GSM989348;GSM989349,True
Solyc07g006370,3,3,1.739239,0.00059,GSM989347;GSM989348;GSM989349,True
Solyc10g079370,3,3,1.728156,0.0,GSM989347;GSM989348;GSM989349,True
Solyc07g052960,3,4,1.725271,0.02632,GSM989347;GSM989348;GSM989349,True
Solyc06g009350,3,3,1.72357,0.03815,GSM989347;GSM989348;GSM989349,True
Solyc01g096620,3,3,1.717712,0.00085,GSM989347;GSM989348;GSM989349,True
Solyc01g096630,3,3,1.717712,0.00085,GSM989347;GSM989348;GSM989349,True
Solyc01g096640,3,3,1.717712,0.00085,GSM989347;GSM989348;GSM989349,True
Solyc02g037500,3,4,1.709098,0.0041,GSM989347;GSM989348;GSM989349,True
Solyc02g062690,3,3,1.709098,0.01435,GSM989347;GSM989348;GSM989349,True
Solyc05g007150,3,3,1.708954,0.00059,GSM989347;GSM989348;GSM989349,True
Solyc08g080630,3,3,1.707691,0.00047,GSM989347;GSM989348;GSM989349,True
Solyc08g080640,3,3,1.707691,0.00047,GSM989347;GSM989348;GSM989349,True
Solyc08g080650,3,3,1.707691,0.00047,GSM989347;GSM989348;GSM989349,True
Solyc01g107980,3,4,1.705134,0.00554,GSM989347;GSM989348;GSM989349,True
Solyc01g094490,3,4,1.702693,0.00707,GSM989347;GSM989348;GSM989349,True
Solyc01g099750,3,3,1.702693,0.02184,GSM989347;GSM989348;GSM989349,True
Solyc01g109930,3,4,1.702693,0.01897,GSM989347;GSM989348;GSM989349,True
Solyc08g078450,3,3,1.701412,0.00237,GSM989347;GSM989348;GSM989349,True
Solyc08g078460,3,3,1.701412,0.00237,GSM989347;GSM989348;GSM989349,True
Solyc03g005020,3,3,1.697928,0.00162,GSM989347;GSM989348;GSM989349,True
Solyc05g007660,3,3,1.695513,0.0,GSM989347;GSM989348;GSM989349,True
Solyc05g009550,3,3,1.695513,0.0,GSM989347;GSM989348;GSM989349,True
Solyc07g047970,3,3,1.695352,0.00237,GSM989347;GSM989348;GSM989349,True
Solyc07g047980,3,3,1.695352,0.00237,GSM989347;GSM989348;GSM989349,True
Solyc07g055560,3,3,1.695352,0.0,GSM989347;GSM989348;GSM989349,True
Solyc10g024490,3,3,1.687735,0.00085,GSM989347;GSM989348;GSM989349,True
Solyc10g080030,3,4,1.687735,0.0,GSM989347;GSM989348;GSM989349,True
Solyc10g085880,3,4,1.687735,0.0,GSM989347;GSM989348;GSM989349,True
Solyc10g085890,3,3,1.687735,0.0,GSM989347;GSM989348;GSM989349,True
Solyc02g092730,3,3,1.686751,0.0019,GSM989347;GSM989348;GSM989349,True
Solyc02g092740,3,3,1.686751,0.0019,GSM989347;GSM989348;GSM989349,True
Solyc02g092750,3,3,1.686751,0.0019,GSM989347;GSM989348;GSM989349,True
Solyc02g092760,3,3,1.686751,0.0019,GSM989347;GSM989348;GSM989349,True
Solyc06g072870,3,3,1.685268,0.01811,GSM989347;GSM989348;GSM989349,True
Solyc06g072880,3,3,1.685268,0.01811,GSM989347;GSM989348;GSM989349,True
Solyc06g072890,3,3,1.685268,0.01811,GSM989347;GSM989348;GSM989349,True
Solyc06g072900,3,3,1.685268,0.01811,GSM989347;GSM989348;GSM989349,True
Solyc06g072910,3,3,1.685268,0.01811,GSM989347;GSM989348;GSM989349,True
Solyc10g008730,3,4,1.681916,0.0,GSM989347;GSM989348;GSM989349,True
Solyc08g083130,3,3,1.677384,0.00686,GSM989347;GSM989348;GSM989349,True
Solyc08g083140,3,3,1.677384,0.00686,GSM989347;GSM989348;GSM989349,True
Solyc03g118810,3,3,1.657501,0.0019,GSM989347;GSM989348;GSM989349,True
Solyc03g118820,3,5,1.657501,0.0019,GSM989347;GSM989348;GSM989349,True
Solyc01g099290,3,4,1.651646,0.0,GSM989347;GSM989348;GSM989349,True
Solyc07g006880,3,4,1.650259,0.00541,GSM989347;GSM989348;GSM989349,True
Solyc08g082170,3,3,1.64325,0.00183,GSM989347;GSM989348;GSM989349,True
Solyc04g076410,3,3,1.640053,0.00183,GSM989347;GSM989348;GSM989349,True
Solyc04g076420,3,3,1.640053,0.00183,GSM989347;GSM989348;GSM989349,True
Solyc02g092140,3,4,1.631412,0.00421,GSM989347;GSM989348;GSM989349,True
Solyc02g092150,3,4,1.631412,0.00421,GSM989347;GSM989348;GSM989349,True
Solyc02g090800,3,3,1.62627,0.00162,GSM989347;GSM989348;GSM989349,True
Solyc02g090810,3,3,1.62627,0.00162,GSM989347;GSM989348;GSM989349,True
Solyc01g106280,3,3,1.625298,0.00439,GSM989347;GSM989348;GSM989349,True
Solyc01g106290,3,3,1.625298,0.00439,GSM989347;GSM989348;GSM989349,True
Solyc09g075830,3,4,1.603867,0.0,GSM989347;GSM989348;GSM989349,True
Solyc10g079870,3,3,1.603348,0.0,GSM989347;GSM989348;GSM989349,True
Solyc10g080470,3,3,1.603348,0.0,GSM989347;GSM989348;GSM989349,True
Solyc10g080480,3,3,1.603348,0.0,GSM989347;GSM989348;GSM989349,True
Solyc02g083380,3,3,1.585546,0.00702,GSM989347;GSM989348;GSM989349,True
Solyc02g083390,3,3,1.585546,0.00702,GSM989347;GSM989348;GSM989349,True
Solyc06g061020,3,5,1.584237,0.00421,GSM989347;GSM989348;GSM989349,True
Solyc01g016500,3,3,1.580368,0.00387,GSM989347;GSM989348;GSM989349,True
Solyc01g016510,3,3,1.580368,0.00387,GSM989347;GSM989348;GSM989349,True
Solyc01g016530,3,3,1.580368,0.00387,GSM989347;GSM989348;GSM989349,True
Solyc01g092960,3,4,1.580368,0.00554,GSM989347;GSM989348;GSM989349,True
Solyc01g106570,3,3,1.580368,0.01023,GSM989347;GSM989348;GSM989349,True
Solyc05g009110,3,3,1.571548,0.00237,GSM989347;GSM989348;GSM989349,True
Solyc05g007060,3,3,1.571451,0.00805,GSM989347;GSM989348;GSM989349,True
Solyc05g007070,3,3,1.571451,0.00805,GSM989347;GSM989348;GSM989349,True
Solyc07g054060,3,3,1.571302,0.0041,GSM989347;GSM989348;GSM989349,True
Solyc03g112980,3,3,1.555511,0.01119,GSM989347;GSM989348;GSM989349,True
Solyc03g112990,3,3,1.555511,0.01119,GSM989347;GSM989348;GSM989349,True
Solyc08g066690,3,5,1.554649,0.00949,GSM989347;GSM989348;GSM989349,True
Solyc08g066700,3,5,1.554649,0.00949,GSM989347;GSM989348;GSM989349,True
Solyc02g088260,3,5,1.553726,0.01439,GSM989347;GSM989348;GSM989349,True
Solyc02g088270,3,5,1.553726,0.01439,GSM989347;GSM989348;GSM989349,True
Solyc01g095630,3,3,1.547903,0.00898,GSM989347;GSM989348;GSM989349,True
Solyc07g042390,3,3,1.54599,0.00105,GSM989347;GSM989348;GSM989349,True
Solyc04g005020,3,3,1.543579,0.00308,GSM989347;GSM989348;GSM989349,True
Solyc09g075840,3,3,1.541347,0.0,GSM989347;GSM989348;GSM989349,True
Solyc03g121880,3,3,1.53622,0.00619,GSM989347;GSM989348;GSM989349,True
Solyc02g094170,3,3,1.518076,0.0041,GSM989347;GSM989348;GSM989349,True
Solyc02g094180,3,3,1.518076,0.0041,GSM989347;GSM989348;GSM989349,True
Solyc08g014000,3,4,1.513737,0.00707,GSM989347;GSM989348;GSM989349,True
Solyc04g073950,3,3,1.511273,0.01238,GSM989347;GSM989348;GSM989349,True
Solyc01g080870,3,3,1.497191,0.01595,GSM989347;GSM989348;GSM989349,True
Solyc01g099720,3,3,1.497191,0.01372,GSM989347;GSM989348;GSM989349,True
Solyc08g075210,3,3,1.474557,0.00619,GSM989347;GSM989348;GSM989349,True
Solyc08g075220,3,3,1.474557,0.00619,GSM989347;GSM989348;GSM989349,True
Solyc05g009980,3,3,1.459295,0.00877,GSM989347;GSM989348;GSM989349,True
Solyc01g107830,3,3,1.455602,0.00464,GSM989347;GSM989348;GSM989349,True
Solyc01g107840,3,3,1.455602,0.00464,GSM989347;GSM989348;GSM989349,True
Solyc01g107850,3,3,1.455602,0.00464,GSM989347;GSM989348;GSM989349,True
Solyc02g093520,3,3,1.437196,0.01702,GSM989347;GSM989348;GSM989349,True
Solyc01g088650,3,3,1.43181,0.0,GSM989347;GSM989348;GSM989349,True
Solyc05g013570,3,3,1.424129,0.00541,GSM989347;GSM989348;GSM989349,True
Solyc07g063600,3,3,1.405902,0.01761,GSM989347;GSM989348;GSM989349,True
Solyc07g063610,3,3,1.405902,0.01761,GSM989347;GSM989348;GSM989349,True
Solyc07g063620,3,3,1.405902,0.01761,GSM989347;GSM989348;GSM989349,True
Solyc12g096060,3,3,1.398482,0.00421,GSM989347;GSM989348;GSM989349,True
Solyc12g096070,3,3,1.398482,0.00421,GSM989347;GSM989348;GSM989349,True
Solyc12g099130,3,5,1.398482,0.00421,GSM989347;GSM989348;GSM989349,True
Solyc07g063580,3,3,1.387718,0.02184,GSM989347;GSM989348;GSM989349,True
Solyc07g063590,3,3,1.387718,0.02184,GSM989347;GSM989348;GSM989349,True
Solyc05g012500,3,3,1.384459,0.0,GSM989347;GSM989348;GSM989349,True
Solyc03g097920,3,3,1.365815,0.02961,GSM989347;GSM989348;GSM989349,True
Solyc05g009790,3,3,1.364681,0.01435,GSM989347;GSM989348;GSM989349,True
Solyc09g010630,3,3,1.35261,0.01215,GSM989347;GSM989348;GSM989349,True
Solyc02g076900,3,3,1.348614,0.02138,GSM989347;GSM989348;GSM989349,True
Solyc02g076910,3,3,1.348614,0.02138,GSM989347;GSM989348;GSM989349,True
Solyc12g056630,3,3,1.294367,0.01595,GSM989347;GSM989348;GSM989349,True
Solyc12g056640,3,3,1.294367,0.01595,GSM989347;GSM989348;GSM989349,True
Solyc07g062740,3,3,1.288325,0.01032,GSM989347;GSM989348;GSM989349,True
Solyc07g062750,3,3,1.288325,0.01032,GSM989347;GSM989348;GSM989349,True
Solyc07g008110,3,3,1.2752,0.01593,GSM989347;GSM989348;GSM989349,True
Solyc07g008120,3,3,1.2752,0.01593,GSM989347;GSM989348;GSM989349,True
Solyc08g080120,3,3,1.145531,0.0,GSM989347;GSM989348;GSM989349,True
Solyc00g031050,2,3,3.516912,0.00047,GSM989347;GSM989349,True
Solyc00g099460,2,2,3.267872,0.0,GSM989347;GSM989348,True
Solyc00g099470,2,2,3.267872,0.0,GSM989347;GSM989348,True
Solyc00g099570,2,2,3.267872,0.0,GSM989347;GSM989348,True
Solyc00g020940,2,2,2.828821,0.02256,GSM989348;GSM989349,True
Solyc00g020950,2,2,2.828821,0.02256,GSM989348;GSM989349,True
Solyc00g020960,2,2,2.828821,0.02256,GSM989348;GSM989349,True
Solyc00g123030,2,2,2.774608,0.02408,GSM989348;GSM989349,True
Solyc00g123040,2,2,2.774608,0.02408,GSM989348;GSM989349,True
Solyc00g110060,2,2,2.589635,0.02961,GSM989347;GSM989348,True
Solyc00g110070,2,2,2.589635,0.02961,GSM989347;GSM989348,True
Solyc00g071580,2,3,2.527977,0.02726,GSM989348;GSM989349,True
Solyc00g071590,2,2,2.527977,0.03324,GSM989348;GSM989349,True
Solyc00g071600,2,2,2.527977,0.03324,GSM989348;GSM989349,True
Solyc00g024020,2,2,2.343003,0.0,GSM989348;GSM989349,True
Solyc00g024030,2,2,2.343003,0.0,GSM989348;GSM989349,True
Solyc00g024050,2,2,2.343003,0.0,GSM989348;GSM989349,True
Solyc00g024150,2,2,2.343003,0.0,GSM989348;GSM989349,True
Solyc00g031710,2,2,2.343003,0.01754,GSM989348;GSM989349,True
Solyc00g031720,2,2,2.343003,0.01754,GSM989348;GSM989349,True
Solyc00g031730,2,2,2.343003,0.01754,GSM989348;GSM989349,True
Solyc00g028550,2,2,2.293638,0.04612,GSM989347;GSM989349,True
Solyc00g028560,2,2,2.293638,0.04612,GSM989347;GSM989349,True
Solyc00g112820,2,2,2.293638,0.0019,GSM989347;GSM989349,True
Solyc04g082480,2,3,2.251053,0.0,GSM989347;GSM989349,True
Solyc02g064810,2,2,2.136373,0.01754,GSM989348;GSM989349,True
Solyc02g064820,2,2,2.136373,0.01754,GSM989348;GSM989349,True
Solyc06g064870,2,2,2.126927,0.0,GSM989347;GSM989349,True
Solyc06g083660,2,2,2.126927,0.0,GSM989347;GSM989349,True
Solyc07g066010,2,4,2.125737,0.0,GSM989347;GSM989349,True
Solyc07g066020,2,4,2.125737,0.0,GSM989347;GSM989349,True
Solyc03g098290,2,2,2.121153,0.0,GSM989347;GSM989349,True
Solyc00g028420,2,2,2.096371,0.03175,GSM989347;GSM989348,True
Solyc00g028520,2,2,2.096371,0.03175,GSM989347;GSM989348,True
Solyc00g028540,2,2,2.096371,0.03175,GSM989347;GSM989348,True
Solyc02g069370,2,2,2.091572,0.0,GSM989347;GSM989349,True
Solyc02g090680,2,2,2.057837,0.0,GSM989347;GSM989349,True
Solyc09g082670,2,2,2.044643,0.0,GSM989347;GSM989349,True
Solyc08g077060,2,2,2.029897,0.0,GSM989347;GSM989348,True
Solyc08g077070,2,2,2.029897,0.0,GSM989347;GSM989348,True
Solyc02g031680,2,3,2.024102,0.0,GSM989347;GSM989349,True
Solyc02g082270,2,2,2.022921,0.0,GSM989347;GSM989349,True
Solyc01g088660,2,2,2.015008,0.0,GSM989347;GSM989349,True
Solyc01g098110,2,3,2.015008,0.0,GSM989347;GSM989349,True
Solyc06g076320,2,3,1.998022,0.0,GSM989347;GSM989349,True
Solyc01g105660,2,2,1.996255,0.00183,GSM989347;GSM989349,True
Solyc03g096920,2,3,1.99062,0.0,GSM989347;GSM989349,True
Solyc03g115770,2,4,1.99062,0.0,GSM989347;GSM989349,True
Solyc10g050860,2,2,1.979524,0.0,GSM989347;GSM989349,True
Solyc04g080790,2,2,1.961632,0.0,GSM989347;GSM989349,True
Solyc02g062670,2,2,1.956632,0.0,GSM989347;GSM989349,True
Solyc01g081540,2,2,1.948942,0.0,GSM989347;GSM989349,True
Solyc01g081550,2,2,1.948942,0.0,GSM989347;GSM989349,True
Solyc10g079050,2,2,1.948103,0.0,GSM989347;GSM989349,True
Solyc02g078460,2,2,1.94359,0.00085,GSM989347;GSM989349,True
Solyc10g019090,2,2,1.940895,0.01504,GSM989348;GSM989349,True
Solyc03g120450,2,2,1.940489,0.0,GSM989347;GSM989349,True
Solyc09g072530,2,3,1.932866,0.0,GSM989348;GSM989349,True
Solyc09g072540,2,3,1.932866,0.0,GSM989348;GSM989349,True
Solyc09g072550,2,3,1.932866,0.0,GSM989348;GSM989349,True
Solyc04g080240,2,2,1.929474,0.0,GSM989347;GSM989348,True
Solyc04g080250,2,2,1.929474,0.0,GSM989347;GSM989348,True
Solyc02g089640,2,3,1.922897,0.0,GSM989347;GSM989349,True
Solyc02g093020,2,2,1.922897,0.0,GSM989347;GSM989349,True
Solyc12g010300,2,2,1.919536,0.0,GSM989347;GSM989349,True
Solyc12g010320,2,2,1.919536,0.0,GSM989347;GSM989349,True
Solyc01g090810,2,3,1.913077,0.00387,GSM989347;GSM989349,True
Solyc02g062560,2,2,1.903925,0.00929,GSM989347;GSM989349,True
Solyc02g071830,2,2,1.903314,0.01707,GSM989348;GSM989349,True
Solyc02g071840,2,2,1.903314,0.01707,GSM989348;GSM989349,True
Solyc02g071850,2,2,1.903314,0.01707,GSM989348;GSM989349,True
Solyc02g083840,2,2,1.903314,0.0,GSM989347;GSM989348,True
Solyc06g073180,2,3,1.901344,0.0,GSM989347;GSM989349,True
Solyc07g054440,2,2,1.90028,0.0,GSM989347;GSM989349,True
Solyc03g120550,2,4,1.900062,0.00181,GSM989347;GSM989349,True
Solyc04g024960,2,2,1.889091,0.02412,GSM989347;GSM989348,True
Solyc09g098460,2,2,1.887363,0.0,GSM989347;GSM989349,True
Solyc01g100810,2,2,1.882877,0.0,GSM989347;GSM989349,True
Solyc08g075320,2,2,1.881943,0.00554,GSM989347;GSM989349,True
Solyc08g081030,2,2,1.881943,0.01504,GSM989347;GSM989349,True
Solyc08g081040,2,2,1.881943,0.01504,GSM989347;GSM989349,True
Solyc08g081050,2,2,1.881943,0.01504,GSM989347;GSM989349,True
Solyc11g013170,2,2,1.874909,0.0,GSM989347;GSM989349,True
Solyc01g087990,2,4,1.871489,0.00421,GSM989347;GSM989349,True
Solyc01g009000,2,2,1.857483,0.03715,GSM989348;GSM989349,True
Solyc01g009010,2,2,1.857483,0.03715,GSM989348;GSM989349,True
Solyc01g098010,2,2,1.857483,0.02138,GSM989347;GSM989348,True
Solyc01g098020,2,2,1.857483,0.02138,GSM989347;GSM989348,True
Solyc01g098030,2,2,1.857483,0.02138,GSM989347;GSM989348,True
Solyc09g089580,2,2,1.855907,0.0,GSM989347;GSM989348,True
Solyc02g077070,2,4,1.855427,0.0,GSM989347;GSM989349,True
Solyc12g098710,2,3,1.854509,0.0,GSM989347;GSM989349,True
Solyc10g008350,2,2,1.85384,0.0,GSM989347;GSM989349,True
Solyc01g091760,2,2,1.849844,0.0,GSM989347;GSM989349,True
Solyc01g091770,2,2,1.849844,0.0,GSM989347;GSM989349,True
Solyc01g091780,2,2,1.849844,0.0,GSM989347;GSM989349,True
Solyc01g101260,2,2,1.849844,0.0,GSM989347;GSM989349,True
Solyc04g081900,2,2,1.831214,0.0019,GSM989347;GSM989349,True
Solyc01g086870,2,3,1.8299,0.0,GSM989347;GSM989349,True
Solyc01g086880,2,3,1.8299,0.0,GSM989347;GSM989349,True
Solyc03g118050,2,2,1.827455,0.0,GSM989347;GSM989349,True
Solyc03g118060,2,2,1.827455,0.0,GSM989347;GSM989349,True
Solyc03g118070,2,2,1.827455,0.0,GSM989347;GSM989349,True
Solyc03g119300,2,2,1.827455,0.0,GSM989347;GSM989349,True
Solyc02g067250,2,2,1.824595,0.00047,GSM989347;GSM989349,True
Solyc09g074490,2,2,1.824451,0.0,GSM989347;GSM989349,True
Solyc12g009050,2,2,1.824107,0.0,GSM989347;GSM989349,True
Solyc02g021220,2,2,1.821692,0.00059,GSM989347;GSM989349,True
Solyc02g093840,2,3,1.821692,0.00059,GSM989347;GSM989349,True
Solyc01g086960,2,2,1.816811,0.0,GSM989347;GSM989349,True
Solyc01g096080,2,2,1.816811,0.0,GSM989347;GSM989349,True
Solyc06g035840,2,2,1.816076,0.0,GSM989348;GSM989349,True
Solyc06g035850,2,2,1.816076,0.0,GSM989348;GSM989349,True
Solyc10g079570,2,2,1.814315,0.00707,GSM989347;GSM989349,True
Solyc12g039100,2,2,1.812114,0.01811,GSM989348;GSM989349,True
Solyc05g009820,2,2,1.803896,0.0,GSM989347;GSM989349,True
Solyc07g065960,2,3,1.803655,0.0,GSM989347;GSM989349,True
Solyc04g072570,2,2,1.800843,0.0,GSM989347;GSM989349,True
Solyc05g052550,2,2,1.796055,0.0,GSM989348;GSM989349,True
Solyc05g052570,2,2,1.796055,0.0,GSM989348;GSM989349,True
Solyc03g116530,2,2,1.794822,0.0,GSM989347;GSM989349,True
Solyc03g116540,2,2,1.794822,0.0,GSM989347;GSM989349,True
Solyc03g117070,2,2,1.794822,0.0,GSM989347;GSM989349,True
Solyc03g121890,2,3,1.794822,0.0,GSM989347;GSM989348,True
Solyc03g123540,2,2,1.794822,0.0,GSM989347;GSM989349,True
Solyc03g123550,2,2,1.794822,0.0,GSM989347;GSM989349,True
Solyc03g123560,2,2,1.794822,0.0,GSM989347;GSM989349,True
Solyc11g010870,2,3,1.793392,0.01439,GSM989347;GSM989349,True
Solyc11g010880,2,3,1.793392,0.01439,GSM989347;GSM989349,True
Solyc09g075820,2,2,1.792995,0.0,GSM989347;GSM989349,True
Solyc10g081750,2,2,1.790998,0.0,GSM989347;GSM989349,True
Solyc10g081760,2,2,1.790998,0.0,GSM989347;GSM989349,True
Solyc01g106690,2,2,1.788312,0.00702,GSM989347;GSM989349,True
Solyc01g106700,2,2,1.788312,0.00702,GSM989347;GSM989349,True
Solyc01g109450,2,2,1.788312,0.00541,GSM989347;GSM989349,True
Solyc02g078380,2,2,1.787956,0.0,GSM989347;GSM989349,True
Solyc02g087760,2,2,1.787956,0.00047,GSM989347;GSM989349,True
Solyc01g066740,2,2,1.783778,0.00059,GSM989347;GSM989349,True
Solyc09g005720,2,2,1.779363,0.0,GSM989347;GSM989348,True
Solyc09g005730,2,2,1.779363,0.0,GSM989347;GSM989348,True
Solyc03g120500,2,2,1.778781,0.00707,GSM989347;GSM989349,True
Solyc06g053940,2,3,1.772439,0.0,GSM989347;GSM989349,True
Solyc06g084290,2,3,1.772439,0.0,GSM989347;GSM989349,True
Solyc06g084300,2,4,1.772439,0.0,GSM989347;GSM989349,True
Solyc10g085000,2,2,1.772121,0.00047,GSM989347;GSM989349,True
Solyc03g111960,2,3,1.762188,0.00059,GSM989347;GSM989349,True
Solyc03g111970,2,3,1.762188,0.00059,GSM989347;GSM989349,True
Solyc03g119390,2,2,1.762188,0.00059,GSM989347;GSM989349,True
Solyc08g006670,2,2,1.759208,0.01777,GSM989347;GSM989349,True
Solyc08g006680,2,2,1.759208,0.01777,GSM989347;GSM989349,True
Solyc08g075450,2,2,1.759208,0.0,GSM989347;GSM989349,True
Solyc01g068170,2,2,1.750745,0.00047,GSM989347;GSM989349,True
Solyc04g054380,2,2,1.749826,0.00464,GSM989347;GSM989349,True
Solyc01g096460,2,2,1.746723,0.00387,GSM989347;GSM989349,True
Solyc01g111390,2,2,1.746723,0.00702,GSM989347;GSM989349,True
Solyc01g111400,2,2,1.746723,0.00702,GSM989347;GSM989349,True
Solyc11g012280,2,3,1.745906,0.0,GSM989347;GSM989349,True
Solyc11g012290,2,3,1.745906,0.0,GSM989347;GSM989349,True
Solyc02g093290,2,2,1.745265,0.01702,GSM989347;GSM989349,True
Solyc01g106810,2,2,1.74139,0.01053,GSM989347;GSM989348,True
Solyc01g106820,2,2,1.74139,0.01053,GSM989347;GSM989348,True
Solyc08g065840,2,2,1.739912,0.00059,GSM989347;GSM989349,True
Solyc06g005970,2,2,1.738796,0.00484,GSM989347;GSM989349,True
Solyc06g009380,2,2,1.738796,0.01425,GSM989347;GSM989349,True
Solyc03g033330,2,3,1.738354,0.00464,GSM989347;GSM989349,True
Solyc03g034060,2,2,1.738354,0.00929,GSM989347;GSM989349,True
Solyc03g034070,2,2,1.738354,0.00929,GSM989347;GSM989349,True
Solyc07g064620,2,2,1.736702,0.0041,GSM989347;GSM989349,True
Solyc04g007210,2,3,1.736527,0.0,GSM989347;GSM989349,True
Solyc04g071750,2,2,1.736527,0.0,GSM989347;GSM989349,True
Solyc10g050940,2,2,1.729928,0.01032,GSM989347;GSM989349,True
Solyc03g112300,2,2,1.729555,0.00047,GSM989347;GSM989349,True
Solyc03g115490,2,2,1.729555,0.00047,GSM989347;GSM989349,True
Solyc03g115500,2,2,1.729555,0.00047,GSM989347;GSM989349,True
Solyc03g115510,2,2,1.729555,0.00047,GSM989347;GSM989349,True
Solyc06g009360,2,2,1.72357,0.03815,GSM989347;GSM989348,True
Solyc02g077710,2,2,1.720486,0.00183,GSM989347;GSM989348,True
Solyc08g005770,2,5,1.718296,0.0,GSM989347;GSM989349,True
Solyc08g068640,2,2,1.718296,0.0019,GSM989347;GSM989349,True
Solyc08g076320,2,2,1.718296,0.01868,GSM989347;GSM989349,True
Solyc08g076330,2,2,1.718296,0.01868,GSM989347;GSM989349,True
Solyc01g095900,2,4,1.717712,0.00085,GSM989347;GSM989349,True
Solyc01g096090,2,2,1.717712,0.0,GSM989347;GSM989349,True
Solyc01g096100,2,2,1.717712,0.0,GSM989347;GSM989349,True
Solyc01g102580,2,2,1.717712,0.0,GSM989347;GSM989349,True
Solyc11g065000,2,2,1.711874,0.0,GSM989347;GSM989349,True
Solyc04g007530,2,2,1.709133,0.01868,GSM989347;GSM989349,True
Solyc05g053620,2,3,1.708954,0.00059,GSM989347;GSM989349,True
Solyc06g053200,2,5,1.707987,0.00047,GSM989347;GSM989349,True
Solyc06g053210,2,3,1.707987,0.00047,GSM989347;GSM989349,True
Solyc06g066790,2,2,1.707987,0.00047,GSM989347;GSM989349,True
Solyc06g074290,2,2,1.707987,0.00047,GSM989347;GSM989349,True
Solyc07g005980,2,2,1.707031,0.00047,GSM989347;GSM989349,True
Solyc07g052480,2,2,1.707031,0.00047,GSM989347;GSM989349,True
Solyc02g072190,2,2,1.7056,0.0041,GSM989347;GSM989349,True
Solyc01g105290,2,2,1.705134,0.00421,GSM989347;GSM989349,True
Solyc04g078840,2,4,1.704369,0.00047,GSM989347;GSM989349,True
Solyc01g100300,2,2,1.702693,0.01161,GSM989347;GSM989348,True
Solyc01g109920,2,2,1.702693,0.03509,GSM989348;GSM989349,True
Solyc09g037040,2,2,1.702,0.01714,GSM989348;GSM989349,True
Solyc09g037050,2,2,1.702,0.01714,GSM989348;GSM989349,True
Solyc09g009590,2,3,1.698627,0.0,GSM989347;GSM989349,True
Solyc03g117030,2,3,1.697928,0.0,GSM989347;GSM989349,True
Solyc05g007780,2,2,1.695513,0.00162,GSM989347;GSM989349,True
Solyc10g076600,2,2,1.687735,0.01707,GSM989347;GSM989349,True
Solyc02g087890,2,4,1.686751,0.0019,GSM989347;GSM989349,True
Solyc02g091500,2,2,1.686751,0.0019,GSM989347;GSM989349,True
Solyc09g066210,2,3,1.686117,0.0019,GSM989347;GSM989349,True
Solyc09g090610,2,3,1.686117,0.00541,GSM989347;GSM989349,True
Solyc09g090620,2,3,1.686117,0.00541,GSM989347;GSM989349,True
Solyc01g010490,2,2,1.684679,0.00183,GSM989347;GSM989349,True
Solyc01g097880,2,3,1.684679,0.00183,GSM989347;GSM989349,True
Solyc11g013330,2,3,1.684646,0.0,GSM989347;GSM989349,True
Solyc11g072710,2,2,1.684646,0.0,GSM989347;GSM989349,True
Solyc06g068890,2,2,1.675761,0.00085,GSM989347;GSM989349,True
Solyc06g068900,2,2,1.675761,0.00085,GSM989347;GSM989349,True
Solyc12g088370,2,2,1.674489,0.00085,GSM989347;GSM989349,True
Solyc11g022460,2,3,1.671115,0.00237,GSM989347;GSM989349,True
Solyc02g088290,2,2,1.670255,0.02408,GSM989348;GSM989349,True
Solyc02g088300,2,2,1.670255,0.02408,GSM989348;GSM989349,True
Solyc04g082570,2,2,1.668439,0.00387,GSM989347;GSM989349,True
Solyc02g087970,2,4,1.665935,0.00237,GSM989347;GSM989349,True
Solyc03g026020,2,2,1.664289,0.00183,GSM989347;GSM989349,True
Solyc03g098630,2,2,1.664289,0.00183,GSM989347;GSM989349,True
Solyc03g098640,2,2,1.664289,0.00183,GSM989347;GSM989349,True
Solyc01g091420,2,3,1.663546,0.00308,GSM989347;GSM989349,True
Solyc06g072850,2,4,1.661516,0.0,GSM989347;GSM989349,True
Solyc03g120390,2,3,1.657501,0.00308,GSM989347;GSM989349,True
Solyc11g008910,2,2,1.654016,0.0,GSM989347;GSM989349,True
Solyc11g069790,2,2,1.654016,0.00059,GSM989347;GSM989349,True
Solyc02g071780,2,2,1.653016,0.00237,GSM989347;GSM989349,True
Solyc01g095200,2,2,1.651646,0.0019,GSM989347;GSM989349,True
Solyc01g106480,2,2,1.651646,0.0,GSM989347;GSM989349,True
Solyc01g106490,2,3,1.651646,0.0,GSM989347;GSM989349,True
Solyc01g106500,2,3,1.651646,0.0,GSM989347;GSM989349,True
Solyc09g010930,2,2,1.644992,0.00308,GSM989347;GSM989349,True
Solyc09g018330,2,2,1.644992,0.01707,GSM989348;GSM989349,True
Solyc09g092260,2,2,1.644992,0.00668,GSM989347;GSM989349,True
Solyc06g051800,2,2,1.643535,0.00183,GSM989347;GSM989349,True
Solyc06g071350,2,3,1.643535,0.0,GSM989347;GSM989349,True
Solyc06g074910,2,2,1.643535,0.00183,GSM989347;GSM989349,True
Solyc07g054450,2,4,1.642615,0.00183,GSM989347;GSM989349,True
Solyc04g081250,2,2,1.640053,0.00183,GSM989347;GSM989349,True
Solyc08g076130,2,2,1.636472,0.0019,GSM989347;GSM989349,True
Solyc08g076140,2,2,1.636472,0.0019,GSM989347;GSM989349,True
Solyc09g090780,2,2,1.635715,0.00085,GSM989347;GSM989349,True
Solyc09g090790,2,2,1.635715,0.00085,GSM989347;GSM989349,True
Solyc03g113880,2,2,1.631656,0.0019,GSM989347;GSM989349,True
Solyc02g069280,2,2,1.62627,0.00308,GSM989347;GSM989349,True
Solyc02g071520,2,2,1.62627,0.00554,GSM989347;GSM989349,True
Solyc02g071530,2,2,1.62627,0.00554,GSM989347;GSM989349,True
Solyc08g066280,2,2,1.625794,0.03349,GSM989347;GSM989348,True
Solyc08g066290,2,2,1.625794,0.03349,GSM989347;GSM989348,True
Solyc01g095330,2,2,1.625298,0.02961,GSM989348;GSM989349,True
Solyc01g095350,2,2,1.625298,0.02961,GSM989348;GSM989349,True
Solyc01g095360,2,2,1.625298,0.02961,GSM989348;GSM989349,True
Solyc11g008350,2,2,1.623386,0.00047,GSM989347;GSM989349,True
Solyc06g036170,2,2,1.622876,0.01439,GSM989347;GSM989349,True
Solyc01g007890,2,2,1.621957,0.00484,GSM989347;GSM989349,True
Solyc01g065530,2,2,1.621957,0.01654,GSM989347;GSM989349,True
Solyc01g104130,2,2,1.621957,0.01161,GSM989347;GSM989349,True
Solyc01g104850,2,2,1.621957,0.00898,GSM989347;GSM989349,True
Solyc02g065240,2,2,1.619281,0.00105,GSM989347;GSM989349,True
Solyc02g085340,2,2,1.619281,0.00308,GSM989347;GSM989349,True
Solyc02g092800,2,3,1.619281,0.00308,GSM989347;GSM989349,True
Solyc01g008910,2,2,1.618613,0.00237,GSM989347;GSM989349,True
Solyc01g060240,2,2,1.618613,0.00752,GSM989347;GSM989349,True
Solyc01g105400,2,4,1.618613,0.0,GSM989347;GSM989349,True
Solyc01g107360,2,3,1.618613,0.00752,GSM989347;GSM989349,True
Solyc01g110480,2,2,1.618613,0.00237,GSM989347;GSM989349,True
Solyc03g006920,2,2,1.617074,0.01707,GSM989347;GSM989349,True
Solyc03g063600,2,2,1.617074,0.00237,GSM989347;GSM989349,True
Solyc03g116870,2,2,1.617074,0.0,GSM989347;GSM989349,True
Solyc03g116880,2,2,1.617074,0.0,GSM989347;GSM989349,True
Solyc05g056000,2,2,1.612805,0.00181,GSM989347;GSM989349,True
Solyc07g053610,2,2,1.612652,0.00707,GSM989347;GSM989349,True
Solyc07g062550,2,2,1.612652,0.00707,GSM989347;GSM989349,True
Solyc07g062560,2,2,1.612652,0.00707,GSM989347;GSM989349,True
Solyc07g062570,2,2,1.612652,0.00707,GSM989347;GSM989349,True
Solyc06g076110,2,3,1.611308,0.0019,GSM989347;GSM989349,True
Solyc06g076120,2,3,1.611308,0.0019,GSM989347;GSM989349,True
Solyc06g076260,2,2,1.611308,0.0,GSM989347;GSM989349,True
Solyc06g076270,2,2,1.611308,0.0,GSM989347;GSM989349,True
Solyc07g007140,2,2,1.610407,0.0019,GSM989347;GSM989349,True
Solyc07g053470,2,2,1.610407,0.0019,GSM989347;GSM989349,True
Solyc05g015730,2,2,1.608966,0.04654,GSM989347;GSM989348,True
Solyc04g054260,2,2,1.607895,0.0019,GSM989347;GSM989349,True
Solyc04g073940,2,2,1.607895,0.0019,GSM989347;GSM989349,True
Solyc04g077050,2,2,1.607895,0.0,GSM989347;GSM989349,True
Solyc04g079180,2,2,1.607895,0.0019,GSM989347;GSM989349,True
Solyc04g079190,2,2,1.607895,0.0019,GSM989347;GSM989349,True
Solyc09g009760,2,2,1.603867,0.00541,GSM989347;GSM989349,True
Solyc10g039280,2,3,1.603348,0.01593,GSM989347;GSM989349,True
Solyc10g084340,2,2,1.603348,0.01714,GSM989347;GSM989349,True
Solyc03g006640,2,2,1.599023,0.00237,GSM989347;GSM989349,True
Solyc03g031920,2,2,1.599023,0.00237,GSM989347;GSM989349,True
Solyc03g114340,2,2,1.599023,0.00237,GSM989347;GSM989349,True
Solyc08g048290,2,3,1.595561,0.00237,GSM989347;GSM989349,True
Solyc08g062820,2,2,1.595561,0.01654,GSM989347;GSM989349,True
Solyc03g025170,2,2,1.59345,0.02961,GSM989348;GSM989349,True
Solyc03g025180,2,2,1.59345,0.02961,GSM989348;GSM989349,True
Solyc12g089240,2,2,1.592806,0.01654,GSM989347;GSM989349,True
Solyc12g099270,2,2,1.592806,0.01654,GSM989347;GSM989349,True
Solyc12g099280,2,2,1.592806,0.01654,GSM989347;GSM989349,True
Solyc12g096500,2,2,1.590222,0.00541,GSM989347;GSM989348,True
Solyc04g076930,2,2,1.587052,0.03421,GSM989348;GSM989349,True
Solyc04g076940,2,2,1.587052,0.03421,GSM989348;GSM989349,True
Solyc02g031840,2,2,1.586604,0.01439,GSM989347;GSM989349,True
Solyc02g068590,2,2,1.586604,0.00707,GSM989347;GSM989349,True
Solyc02g084740,2,2,1.586604,0.01702,GSM989347;GSM989349,True
Solyc02g085630,2,2,1.586604,0.01504,GSM989347;GSM989349,True
Solyc01g096350,2,2,1.58558,0.00105,GSM989347;GSM989349,True
Solyc01g109700,2,3,1.58558,0.00308,GSM989347;GSM989349,True
Solyc02g071050,2,2,1.585546,0.00387,GSM989347;GSM989349,True
Solyc02g085750,2,3,1.585546,0.00181,GSM989347;GSM989349,True
Solyc02g085760,2,2,1.585546,0.00181,GSM989347;GSM989349,True
Solyc02g092560,2,2,1.585546,0.00387,GSM989347;GSM989349,True
Solyc06g075510,2,3,1.584237,0.00526,GSM989347;GSM989349,True
Solyc06g082170,2,2,1.584237,0.01811,GSM989347;GSM989349,True
Solyc06g082180,2,2,1.584237,0.01811,GSM989347;GSM989349,True
Solyc01g099190,2,2,1.580368,0.01714,GSM989347;GSM989349,True
Solyc01g104950,2,2,1.580368,0.01702,GSM989347;GSM989349,True
Solyc06g082080,2,3,1.579082,0.00237,GSM989347;GSM989349,True
Solyc08g078340,2,4,1.578809,0.00237,GSM989347;GSM989349,True
Solyc07g052170,2,2,1.578198,0.00237,GSM989347;GSM989349,True
Solyc07g066160,2,2,1.578198,0.00237,GSM989347;GSM989349,True
Solyc03g025970,2,2,1.576647,0.00619,GSM989347;GSM989349,True
Solyc03g120910,2,2,1.576647,0.01654,GSM989347;GSM989349,True
Solyc04g077220,2,2,1.575737,0.00237,GSM989347;GSM989349,True
Solyc04g081420,2,3,1.575737,0.00237,GSM989347;GSM989349,True
Solyc04g081430,2,3,1.575737,0.00237,GSM989347;GSM989349,True
Solyc04g081890,2,3,1.575737,0.0,GSM989347;GSM989349,True
Solyc04g082190,2,5,1.575737,0.0,GSM989347;GSM989349,True
Solyc04g082200,2,5,1.575737,0.0,GSM989347;GSM989349,True
Solyc04g082210,2,5,1.575737,0.0,GSM989347;GSM989349,True
Solyc09g074270,2,2,1.572803,0.0019,GSM989347;GSM989349,True
Solyc05g015970,2,2,1.571451,0.00421,GSM989347;GSM989349,True
Solyc05g015980,2,2,1.571451,0.00421,GSM989347;GSM989349,True
Solyc11g010830,2,3,1.571324,0.01439,GSM989347;GSM989348,True
Solyc11g010840,2,3,1.571324,0.01439,GSM989347;GSM989348,True
Solyc07g017740,2,2,1.571302,0.00707,GSM989347;GSM989349,True
Solyc07g045160,2,2,1.571302,0.01161,GSM989347;GSM989349,True
Solyc03g117870,2,2,1.56639,0.00105,GSM989347;GSM989348,True
Solyc09g008000,2,3,1.562742,0.00421,GSM989347;GSM989349,True
Solyc09g008010,2,3,1.562742,0.00421,GSM989347;GSM989349,True
Solyc09g010170,2,2,1.562742,0.01023,GSM989347;GSM989349,True
Solyc09g010180,2,2,1.562742,0.01023,GSM989347;GSM989349,True
Solyc09g092420,2,2,1.562742,0.01714,GSM989347;GSM989349,True
Solyc09g092430,2,2,1.562742,0.01714,GSM989347;GSM989349,True
Solyc11g065530,2,2,1.562126,0.0,GSM989347;GSM989349,True
Solyc10g050950,2,3,1.561154,0.01702,GSM989347;GSM989349,True
Solyc10g078560,2,2,1.561154,0.01435,GSM989347;GSM989349,True
Solyc10g078570,2,2,1.561154,0.01435,GSM989347;GSM989349,True
Solyc10g078580,2,2,1.561154,0.01435,GSM989347;GSM989349,True
Solyc10g078600,2,3,1.561154,0.01161,GSM989347;GSM989349,True
Solyc10g078610,2,3,1.561154,0.01161,GSM989347;GSM989349,True
Solyc10g079130,2,2,1.561154,0.01435,GSM989347;GSM989349,True
Solyc08g066440,2,2,1.554649,0.00898,GSM989347;GSM989349,True
Solyc08g080500,2,3,1.554649,0.01439,GSM989347;GSM989349,True
Solyc01g094690,2,2,1.552547,0.00387,GSM989347;GSM989349,True
Solyc01g106170,2,2,1.552547,0.00526,GSM989347;GSM989349,True
Solyc12g005860,2,3,1.551965,0.00181,GSM989347;GSM989349,True
Solyc12g005870,2,3,1.551965,0.00181,GSM989347;GSM989349,True
Solyc02g082670,2,2,1.551811,0.00421,GSM989347;GSM989349,True
Solyc02g090400,2,2,1.551811,0.00421,GSM989347;GSM989349,True
Solyc05g008190,2,2,1.550718,0.0,GSM989347;GSM989348,True
Solyc05g012660,2,2,1.550718,0.00237,GSM989347;GSM989349,True
Solyc11g010630,2,2,1.548838,0.00585,GSM989347;GSM989349,True
Solyc11g039470,2,2,1.548838,0.0041,GSM989347;GSM989349,True
Solyc02g080110,2,3,1.546939,0.00668,GSM989347;GSM989349,True
Solyc06g005160,2,2,1.546856,0.00308,GSM989347;GSM989349,True
Solyc06g083830,2,2,1.546856,0.00308,GSM989347;GSM989349,True
Solyc08g065410,2,2,1.546588,0.0,GSM989347;GSM989349,True
Solyc08g075290,2,2,1.546588,0.00308,GSM989347;GSM989349,True
Solyc04g064860,2,3,1.546358,0.00541,GSM989347;GSM989349,True
Solyc04g064870,2,3,1.546358,0.00541,GSM989347;GSM989349,True
Solyc04g081240,2,2,1.546358,0.00805,GSM989347;GSM989349,True
Solyc07g041190,2,2,1.54599,0.00308,GSM989347;GSM989349,True
Solyc06g084320,2,3,1.545597,0.00707,GSM989347;GSM989349,True
Solyc04g054410,2,2,1.543579,0.00308,GSM989347;GSM989349,True
Solyc09g007670,2,2,1.541347,0.00237,GSM989347;GSM989349,True
Solyc01g005140,2,2,1.53878,0.01775,GSM989347;GSM989349,True
Solyc01g007210,2,2,1.53878,0.00162,GSM989347;GSM989349,True
Solyc01g098090,2,2,1.53878,0.00484,GSM989347;GSM989349,True
Solyc01g108280,2,2,1.53878,0.00541,GSM989347;GSM989349,True
Solyc01g112050,2,2,1.53878,0.00464,GSM989347;GSM989349,True
Solyc03g078380,2,3,1.53622,0.01714,GSM989347;GSM989349,True
Solyc03g082400,2,2,1.53622,0.0307,GSM989347;GSM989349,True
Solyc03g083090,2,2,1.53622,0.00464,GSM989347;GSM989349,True
Solyc03g082370,2,2,1.533757,0.00181,GSM989347;GSM989349,True
Solyc03g117950,2,2,1.533757,0.00387,GSM989347;GSM989349,True
Solyc05g015510,2,2,1.530097,0.00619,GSM989347;GSM989349,True
Solyc07g041170,2,2,1.529952,0.01775,GSM989347;GSM989349,True
Solyc07g054750,2,3,1.529952,0.01775,GSM989347;GSM989349,True
Solyc07g054760,2,3,1.529952,0.01775,GSM989347;GSM989349,True
Solyc07g054770,2,2,1.529952,0.01775,GSM989347;GSM989349,True
Solyc07g065860,2,2,1.529952,0.00694,GSM989347;GSM989349,True
Solyc09g010210,2,3,1.521618,0.00387,GSM989347;GSM989349,True
Solyc09g056390,2,2,1.521618,0.01702,GSM989347;GSM989349,True
Solyc09g092500,2,2,1.521618,0.00308,GSM989347;GSM989349,True
Solyc09g092510,2,2,1.521618,0.00308,GSM989347;GSM989349,True
Solyc12g017530,2,2,1.520089,0.0019,GSM989347;GSM989349,True
Solyc12g088200,2,2,1.520089,0.0,GSM989347;GSM989349,True
Solyc01g095580,2,2,1.519514,0.00421,GSM989347;GSM989349,True
Solyc01g105390,2,2,1.519514,0.00421,GSM989347;GSM989349,True
Solyc05g005240,2,2,1.51907,0.00308,GSM989347;GSM989349,True
Solyc05g005250,2,2,1.51907,0.00308,GSM989347;GSM989349,True
Solyc05g008580,2,2,1.51907,0.00105,GSM989347;GSM989349,True
Solyc05g012020,2,2,1.51907,0.00308,GSM989347;GSM989349,True
Solyc10g012240,2,2,1.518961,0.01161,GSM989347;GSM989349,True
Solyc10g080550,2,3,1.518961,0.01811,GSM989347;GSM989349,True
Solyc10g080560,2,3,1.518961,0.01811,GSM989347;GSM989349,True
Solyc10g080960,2,2,1.518961,0.00541,GSM989347;GSM989349,True
Solyc10g080970,2,2,1.518961,0.00541,GSM989347;GSM989349,True
Solyc10g081530,2,2,1.518961,0.01439,GSM989347;GSM989349,True
Solyc10g081650,2,2,1.518961,0.00308,GSM989347;GSM989349,True
Solyc10g081660,2,2,1.518961,0.00308,GSM989347;GSM989349,True
Solyc10g084060,2,2,1.518961,0.00387,GSM989347;GSM989349,True
Solyc10g084070,2,2,1.518961,0.00387,GSM989347;GSM989349,True
Solyc10g084980,2,2,1.518961,0.00707,GSM989347;GSM989349,True
Solyc10g084990,2,2,1.518961,0.00707,GSM989347;GSM989349,True
Solyc02g063230,2,2,1.518076,0.00541,GSM989347;GSM989349,True
Solyc02g076700,2,2,1.518076,0.00541,GSM989347;GSM989349,True
Solyc02g076710,2,2,1.518076,0.00541,GSM989347;GSM989349,True
Solyc02g079590,2,2,1.518076,0.0041,GSM989347;GSM989349,True
Solyc02g080590,2,2,1.518076,0.00541,GSM989347;GSM989349,True
Solyc02g086290,2,2,1.518076,0.00541,GSM989347;GSM989349,True
Solyc02g086300,2,2,1.518076,0.00541,GSM989347;GSM989349,True
Solyc02g086970,2,2,1.518076,0.00541,GSM989347;GSM989349,True
Solyc02g086980,2,2,1.518076,0.00541,GSM989347;GSM989349,True
Solyc02g087000,2,2,1.518076,0.00541,GSM989347;GSM989349,True
Solyc02g090120,2,3,1.518076,0.00541,GSM989347;GSM989349,True
Solyc02g094190,2,2,1.518076,0.01435,GSM989347;GSM989349,True
Solyc06g069040,2,2,1.51463,0.00387,GSM989347;GSM989349,True
Solyc06g069050,2,2,1.51463,0.00387,GSM989347;GSM989349,True
Solyc08g008370,2,2,1.514368,0.00387,GSM989347;GSM989349,True
Solyc08g061270,2,2,1.514368,0.00387,GSM989347;GSM989349,True
Solyc08g076480,2,2,1.514368,0.00387,GSM989347;GSM989349,True
Solyc08g076870,2,2,1.514368,0.00387,GSM989347;GSM989349,True
Solyc08g077000,2,2,1.514368,0.00387,GSM989347;GSM989349,True
Solyc08g080410,2,2,1.514368,0.00702,GSM989347;GSM989349,True
Solyc08g080420,2,2,1.514368,0.00702,GSM989347;GSM989349,True
Solyc04g079940,2,2,1.511422,0.00387,GSM989347;GSM989349,True
Solyc04g081290,2,2,1.511422,0.00526,GSM989347;GSM989349,True
Solyc04g081440,2,2,1.511422,0.00387,GSM989347;GSM989349,True
Solyc04g081450,2,2,1.511422,0.00387,GSM989347;GSM989349,True
Solyc12g006880,2,2,1.511124,0.00464,GSM989347;GSM989349,True
Solyc12g006890,2,2,1.511124,0.00464,GSM989347;GSM989349,True
Solyc12g006900,2,2,1.511124,0.00464,GSM989347;GSM989349,True
Solyc12g056760,2,2,1.511124,0.00237,GSM989347;GSM989349,True
Solyc12g056770,2,2,1.511124,0.00237,GSM989347;GSM989349,True
Solyc09g010880,2,2,1.509891,0.00308,GSM989347;GSM989349,True
Solyc09g010890,2,2,1.509891,0.00308,GSM989347;GSM989349,True
Solyc09g065520,2,2,1.509891,0.00308,GSM989347;GSM989349,True
Solyc01g099510,2,2,1.509205,0.01161,GSM989347;GSM989348,True
Solyc11g011930,2,2,1.508079,0.01775,GSM989347;GSM989349,True
Solyc11g011940,2,2,1.508079,0.01775,GSM989347;GSM989349,True
Solyc11g065490,2,2,1.508079,0.01775,GSM989347;GSM989349,True
Solyc02g064960,2,2,1.507274,0.01714,GSM989347;GSM989349,True
Solyc02g069270,2,2,1.507274,0.01714,GSM989347;GSM989349,True
Solyc02g071730,2,2,1.507274,0.01714,GSM989347;GSM989349,True
Solyc02g078230,2,2,1.507274,0.00707,GSM989347;GSM989349,True
Solyc02g078240,2,2,1.507274,0.00707,GSM989347;GSM989349,True
Solyc02g079740,2,2,1.507274,0.01714,GSM989347;GSM989349,True
Solyc06g068490,2,5,1.506957,0.00693,GSM989347;GSM989349,True
Solyc06g068500,2,4,1.506957,0.00693,GSM989347;GSM989349,True
Solyc06g083130,2,2,1.506957,0.00619,GSM989347;GSM989349,True
Solyc04g079530,2,2,1.505665,0.01439,GSM989347;GSM989349,True
Solyc03g007700,2,2,1.501123,0.00421,GSM989347;GSM989349,True
Solyc01g007770,2,2,1.497191,0.01439,GSM989347;GSM989349,True
Solyc01g095080,2,2,1.497191,0.01811,GSM989347;GSM989349,True
Solyc01g106970,2,2,1.497191,0.01119,GSM989347;GSM989349,True
Solyc01g108780,2,2,1.497191,0.00541,GSM989347;GSM989349,True
Solyc01g108790,2,2,1.497191,0.00541,GSM989347;GSM989349,True
Solyc01g108800,2,2,1.497191,0.00541,GSM989347;GSM989349,True
Solyc01g111640,2,2,1.497191,0.01372,GSM989347;GSM989349,True
Solyc01g111650,2,2,1.497191,0.01372,GSM989347;GSM989349,True
Solyc03g025720,2,2,1.495793,0.00686,GSM989347;GSM989349,True
Solyc03g113710,2,2,1.495793,0.02184,GSM989347;GSM989349,True
Solyc10g084630,2,2,1.495036,0.0,GSM989348;GSM989349,True
Solyc10g084640,2,2,1.495036,0.0,GSM989348;GSM989349,True
Solyc06g011470,2,2,1.493761,0.01991,GSM989347;GSM989348,True
Solyc12g006850,2,2,1.489688,0.00237,GSM989347;GSM989349,True
Solyc12g011420,2,2,1.489688,0.00237,GSM989347;GSM989349,True
Solyc12g011430,2,2,1.489688,0.00237,GSM989347;GSM989349,True
Solyc12g013840,2,2,1.489688,0.00237,GSM989347;GSM989349,True
Solyc12g099810,2,2,1.489688,0.00237,GSM989347;GSM989349,True
Solyc05g050010,2,4,1.488743,0.00898,GSM989347;GSM989349,True
Solyc05g051470,2,2,1.488743,0.00702,GSM989347;GSM989349,True
Solyc05g054730,2,2,1.488743,0.01161,GSM989347;GSM989349,True
Solyc07g063000,2,2,1.488602,0.00805,GSM989347;GSM989349,True
Solyc07g064680,2,2,1.488602,0.01439,GSM989347;GSM989349,True
Solyc07g065990,2,2,1.488602,0.0,GSM989347;GSM989349,True
Solyc07g066000,2,2,1.488602,0.0,GSM989347;GSM989349,True
Solyc01g005900,2,2,1.486482,0.00541,GSM989347;GSM989349,True
Solyc01g005910,2,2,1.486482,0.00541,GSM989347;GSM989349,True
Solyc01g102310,2,2,1.486482,0.0041,GSM989347;GSM989349,True
Solyc01g104570,2,2,1.486482,0.00541,GSM989347;GSM989349,True
Solyc01g104580,2,2,1.486482,0.00541,GSM989347;GSM989349,True
Solyc02g069910,2,2,1.484341,0.00619,GSM989347;GSM989349,True
Solyc02g069920,2,2,1.484341,0.00619,GSM989347;GSM989349,True
Solyc02g090160,2,2,1.484341,0.00619,GSM989347;GSM989349,True
Solyc08g080080,2,2,1.482147,0.00421,GSM989347;GSM989349,True
Solyc07g005430,2,2,1.481574,0.00421,GSM989347;GSM989349,True
Solyc07g008100,2,2,1.481574,0.00421,GSM989347;GSM989349,True
Solyc07g008840,2,2,1.481574,0.00421,GSM989347;GSM989349,True
Solyc09g005080,2,2,1.480493,0.00162,GSM989347;GSM989349,True
Solyc09g005090,2,2,1.480493,0.00162,GSM989347;GSM989349,True
Solyc09g014310,2,2,1.480493,0.01702,GSM989347;GSM989349,True
Solyc04g057930,2,2,1.479264,0.00478,GSM989347;GSM989349,True
Solyc04g076680,2,2,1.479264,0.00162,GSM989347;GSM989349,True
Solyc09g090640,2,2,1.478434,0.00181,GSM989347;GSM989349,True
Solyc09g098070,2,2,1.478434,0.00181,GSM989347;GSM989349,True
Solyc09g098080,2,2,1.478434,0.00181,GSM989347;GSM989349,True
Solyc10g083180,2,2,1.476788,0.00387,GSM989347;GSM989349,True
Solyc10g083190,2,2,1.476788,0.00387,GSM989347;GSM989349,True
Solyc10g039340,2,2,1.476768,0.02102,GSM989347;GSM989349,True
Solyc10g044450,2,2,1.476768,0.01702,GSM989347;GSM989349,True
Solyc10g076570,2,2,1.476768,0.02102,GSM989347;GSM989349,True
Solyc10g076580,2,2,1.476768,0.02102,GSM989347;GSM989349,True
Solyc08g005610,2,2,1.474557,0.00619,GSM989347;GSM989348,True
Solyc08g062680,2,2,1.474557,0.01316,GSM989347;GSM989348,True
Solyc08g062690,2,2,1.474557,0.01316,GSM989347;GSM989348,True
Solyc08g060810,2,3,1.472825,0.00619,GSM989347;GSM989349,True
Solyc08g061060,2,2,1.472825,0.01032,GSM989347;GSM989349,True
Solyc08g066870,2,2,1.472825,0.01702,GSM989347;GSM989349,True
Solyc08g079540,2,2,1.472825,0.00898,GSM989347;GSM989349,True
Solyc08g079550,2,2,1.472825,0.00898,GSM989347;GSM989349,True
Solyc08g079560,2,2,1.472825,0.00898,GSM989347;GSM989349,True
Solyc12g088750,2,2,1.470283,0.0,GSM989347;GSM989349,True
Solyc11g012320,2,2,1.470236,0.00105,GSM989347;GSM989349,True
Solyc03g026270,2,2,1.46849,0.0041,GSM989347;GSM989349,True
Solyc03g026280,2,2,1.46849,0.0041,GSM989347;GSM989349,True
Solyc03g116750,2,2,1.46849,0.0041,GSM989347;GSM989349,True
Solyc03g117590,2,2,1.46849,0.00541,GSM989347;GSM989349,True
Solyc03g118290,2,2,1.46849,0.00541,GSM989347;GSM989349,True
Solyc03g121050,2,2,1.46849,0.00541,GSM989347;GSM989349,True
Solyc06g009290,2,4,1.468317,0.00898,GSM989347;GSM989349,True
Solyc06g009300,2,4,1.468317,0.00898,GSM989347;GSM989349,True
Solyc06g066420,2,3,1.468317,0.00619,GSM989347;GSM989349,True
Solyc06g072360,2,2,1.468317,0.01714,GSM989347;GSM989349,True
Solyc06g073970,2,2,1.468317,0.00694,GSM989347;GSM989349,True
Solyc06g073980,2,2,1.468317,0.00694,GSM989347;GSM989349,True
Solyc06g083230,2,2,1.468317,0.00694,GSM989347;GSM989349,True
Solyc06g083240,2,2,1.468317,0.00694,GSM989347;GSM989349,True
Solyc06g083250,2,2,1.468317,0.00694,GSM989347;GSM989349,True
Solyc02g064730,2,3,1.467609,0.01372,GSM989347;GSM989349,True
Solyc02g064740,2,3,1.467609,0.01372,GSM989347;GSM989349,True
Solyc02g084000,2,3,1.467609,0.00805,GSM989347;GSM989349,True
Solyc11g010490,2,2,1.46732,0.01119,GSM989347;GSM989349,True
Solyc11g069350,2,2,1.46732,0.00181,GSM989347;GSM989349,True
Solyc04g005630,2,2,1.464971,0.01439,GSM989347;GSM989349,True
Solyc04g005640,2,2,1.464971,0.01439,GSM989347;GSM989349,True
Solyc04g055080,2,2,1.464971,0.01811,GSM989347;GSM989349,True
Solyc05g052040,2,3,1.455776,0.0,GSM989347;GSM989349,True
Solyc01g005600,2,2,1.455602,0.01376,GSM989347;GSM989349,True
Solyc01g005610,2,2,1.455602,0.01376,GSM989347;GSM989349,True
Solyc01g065720,2,2,1.455602,0.01702,GSM989347;GSM989349,True
Solyc01g095730,2,2,1.455602,0.03008,GSM989347;GSM989349,True
Solyc01g108020,2,2,1.455602,0.01027,GSM989347;GSM989349,True
Solyc01g108840,2,2,1.455602,0.02102,GSM989347;GSM989349,True
Solyc03g031890,2,2,1.455366,0.00831,GSM989347;GSM989349,True
Solyc03g044910,2,2,1.455366,0.01439,GSM989347;GSM989349,True
Solyc01g009590,2,2,1.453449,0.00619,GSM989347;GSM989349,True
Solyc01g100460,2,2,1.453449,0.00484,GSM989347;GSM989349,True
Solyc01g100480,2,2,1.453449,0.00484,GSM989347;GSM989349,True
Solyc01g103910,2,2,1.453449,0.00619,GSM989347;GSM989349,True
Solyc01g108350,2,3,1.453449,0.00619,GSM989347;GSM989349,True
Solyc02g036350,2,2,1.450606,0.00707,GSM989347;GSM989349,True
Solyc02g072080,2,3,1.450606,0.00707,GSM989347;GSM989349,True
Solyc02g078030,2,2,1.450606,0.00707,GSM989347;GSM989349,True
Solyc02g086460,2,2,1.450606,0.00707,GSM989347;GSM989349,True
Solyc06g035690,2,2,1.450178,0.00541,GSM989347;GSM989349,True
Solyc06g051500,2,2,1.450178,0.00541,GSM989347;GSM989349,True
Solyc06g051510,2,2,1.450178,0.00541,GSM989347;GSM989349,True
Solyc06g074740,2,3,1.450178,0.00541,GSM989347;GSM989349,True
Solyc08g016420,2,3,1.449926,0.00541,GSM989347;GSM989349,True
Solyc08g016430,2,3,1.449926,0.00541,GSM989347;GSM989349,True
Solyc08g068350,2,2,1.449926,0.00541,GSM989347;GSM989349,True
Solyc08g077780,2,2,1.449926,0.00541,GSM989347;GSM989349,True
Solyc07g007390,2,4,1.449366,0.00541,GSM989347;GSM989349,True
Solyc07g007920,2,2,1.449366,0.00957,GSM989347;GSM989349,True
Solyc07g007930,2,2,1.449366,0.00957,GSM989347;GSM989349,True
Solyc07g047800,2,2,1.449366,0.00541,GSM989347;GSM989349,True
Solyc07g063340,2,3,1.449366,0.00541,GSM989347;GSM989349,True
Solyc05g005700,2,2,1.447389,0.00999,GSM989347;GSM989349,True
Solyc05g008250,2,2,1.447389,0.01702,GSM989347;GSM989349,True
Solyc05g052630,2,2,1.447389,0.02102,GSM989347;GSM989349,True
Solyc07g009530,2,2,1.447252,0.00707,GSM989347;GSM989349,True
Solyc07g009540,2,2,1.447252,0.00707,GSM989347;GSM989349,True
Solyc07g062530,2,2,1.447252,0.01023,GSM989347;GSM989349,True
Solyc07g064410,2,2,1.447252,0.00707,GSM989347;GSM989349,True
Solyc07g064420,2,2,1.447252,0.00707,GSM989347;GSM989349,True
Solyc04g074850,2,2,1.447106,0.00957,GSM989347;GSM989349,True
Solyc10g074940,2,2,1.445367,0.00421,GSM989347;GSM989349,True
Solyc09g008170,2,2,1.439368,0.01504,GSM989347;GSM989349,True
Solyc09g008180,2,2,1.439368,0.01504,GSM989347;GSM989349,True
Solyc03g031980,2,2,1.435857,0.00619,GSM989347;GSM989349,True
Solyc10g008400,2,2,1.434574,0.01702,GSM989347;GSM989349,True
Solyc10g081460,2,3,1.434574,0.00554,GSM989347;GSM989349,True
Solyc08g061020,2,2,1.431913,0.01595,GSM989347;GSM989349,True
Solyc08g069040,2,2,1.431913,0.01702,GSM989347;GSM989349,True
Solyc08g079430,2,2,1.431913,0.00898,GSM989347;GSM989349,True
Solyc08g079440,2,2,1.431913,0.00898,GSM989347;GSM989349,True
Solyc08g081890,2,2,1.431913,0.00898,GSM989347;GSM989349,True
Solyc06g075160,2,2,1.429677,0.00619,GSM989347;GSM989349,True
Solyc12g088420,2,2,1.429442,0.01593,GSM989347;GSM989349,True
Solyc12g088430,2,2,1.429442,0.01593,GSM989347;GSM989349,True
Solyc12g088440,2,2,1.429442,0.01593,GSM989347;GSM989349,True
Solyc12g096570,2,2,1.429442,0.00484,GSM989347;GSM989349,True
Solyc12g098360,2,2,1.429442,0.02102,GSM989347;GSM989349,True
Solyc12g098370,2,2,1.429442,0.02102,GSM989347;GSM989349,True
Solyc12g098740,2,2,1.429442,0.02102,GSM989347;GSM989349,True
Solyc12g099340,2,2,1.429442,0.00999,GSM989347;GSM989349,True
Solyc12g099350,2,2,1.429442,0.00999,GSM989347;GSM989349,True
Solyc02g078600,2,2,1.427944,0.00805,GSM989347;GSM989349,True
Solyc02g078610,2,2,1.427944,0.00805,GSM989347;GSM989349,True
Solyc02g082510,2,4,1.427944,0.00805,GSM989347;GSM989349,True
Solyc02g082520,2,4,1.427944,0.00805,GSM989347;GSM989349,True
Solyc11g007770,2,3,1.426562,0.00898,GSM989347;GSM989349,True
Solyc11g064900,2,2,1.426562,0.00421,GSM989347;GSM989349,True
Solyc04g011520,2,2,1.424277,0.02102,GSM989347;GSM989349,True
Solyc04g014850,2,2,1.424277,0.02102,GSM989347;GSM989349,True
Solyc04g051680,2,2,1.424277,0.00805,GSM989347;GSM989349,True
Solyc04g053120,2,3,1.424277,0.01761,GSM989347;GSM989349,True
Solyc05g052790,2,4,1.424129,0.00541,GSM989347;GSM989349,True
Solyc01g087970,2,2,1.420416,0.01504,GSM989347;GSM989349,True
Solyc01g096500,2,2,1.420416,0.00707,GSM989347;GSM989349,True
Solyc01g101120,2,2,1.420416,0.00464,GSM989347;GSM989349,True
Solyc06g063050,2,2,1.417951,0.00619,GSM989347;GSM989349,True
Solyc06g063060,2,2,1.417951,0.00619,GSM989347;GSM989349,True
Solyc06g072650,2,2,1.417951,0.00484,GSM989347;GSM989349,True
Solyc06g076450,2,2,1.417951,0.00619,GSM989347;GSM989349,True
Solyc06g076460,2,2,1.417951,0.00619,GSM989347;GSM989349,True
Solyc08g079480,2,3,1.417706,0.00619,GSM989347;GSM989349,True
Solyc02g068340,2,2,1.416871,0.00898,GSM989347;GSM989349,True
Solyc02g071180,2,3,1.416871,0.00898,GSM989347;GSM989349,True
Solyc02g071190,2,3,1.416871,0.00898,GSM989347;GSM989349,True
Solyc02g087900,2,2,1.416871,0.00898,GSM989347;GSM989349,True
Solyc02g087910,2,2,1.416871,0.00898,GSM989347;GSM989349,True
Solyc02g092490,2,2,1.416871,0.00898,GSM989347;GSM989349,True
Solyc09g011060,2,2,1.415522,0.00541,GSM989347;GSM989349,True
Solyc09g059430,2,2,1.415522,0.00541,GSM989347;GSM989349,True
Solyc03g019650,2,2,1.41494,0.0078,GSM989347;GSM989349,True
Solyc03g026250,2,2,1.41494,0.02102,GSM989347;GSM989349,True
Solyc03g116630,2,2,1.41494,0.00668,GSM989347;GSM989349,True
Solyc03g116640,2,2,1.41494,0.00668,GSM989347;GSM989349,True
Solyc01g008080,2,2,1.414014,0.02408,GSM989347;GSM989349,True
Solyc01g068000,2,2,1.414014,0.02138,GSM989347;GSM989349,True
Solyc01g079170,2,2,1.414014,0.00693,GSM989347;GSM989349,True
Solyc01g095890,2,2,1.414014,0.00949,GSM989347;GSM989349,True
Solyc01g109310,2,2,1.414014,0.01161,GSM989347;GSM989349,True
Solyc10g083400,2,2,1.413946,0.0041,GSM989347;GSM989349,True
Solyc05g052860,2,2,1.406035,0.0192,GSM989347;GSM989349,True
Solyc07g056570,2,4,1.405902,0.01161,GSM989347;GSM989349,True
Solyc03g122300,2,2,1.403754,0.01504,GSM989347;GSM989348,True
Solyc03g080010,2,2,1.403224,0.00464,GSM989347;GSM989349,True
Solyc03g080020,2,2,1.403224,0.00464,GSM989347;GSM989349,True
Solyc12g096670,2,2,1.398482,0.00585,GSM989347;GSM989349,True
Solyc12g099760,2,2,1.398482,0.00421,GSM989347;GSM989349,True
Solyc12g099770,2,2,1.398482,0.00421,GSM989347;GSM989349,True
Solyc09g066410,2,2,1.398243,0.02408,GSM989347;GSM989349,True
Solyc09g082470,2,2,1.398243,0.00619,GSM989347;GSM989349,True
Solyc10g009430,2,2,1.392381,0.02579,GSM989347;GSM989349,True
Solyc06g059740,2,2,1.391037,0.02456,GSM989347;GSM989349,True
Solyc06g076770,2,2,1.391037,0.01702,GSM989347;GSM989349,True
Solyc08g065610,2,2,1.391002,0.01439,GSM989347;GSM989349,True
Solyc08g080660,2,2,1.391002,0.01376,GSM989347;GSM989349,True
Solyc08g080670,2,2,1.391002,0.01376,GSM989347;GSM989349,True
Solyc08g080680,2,2,1.391002,0.01376,GSM989347;GSM989349,True
Solyc08g080960,2,2,1.391002,0.01238,GSM989347;GSM989349,True
Solyc12g010160,2,2,1.3886,0.00541,GSM989347;GSM989349,True
Solyc12g044940,2,2,1.3886,0.00541,GSM989347;GSM989349,True
Solyc02g071110,2,2,1.388279,0.02184,GSM989347;GSM989349,True
Solyc02g071120,2,2,1.388279,0.02184,GSM989347;GSM989349,True
Solyc02g072120,2,2,1.388279,0.02102,GSM989347;GSM989349,True
Solyc02g072130,2,2,1.388279,0.02102,GSM989347;GSM989349,True
Solyc02g090840,2,2,1.388279,0.01761,GSM989347;GSM989349,True
Solyc02g090850,2,2,1.388279,0.01761,GSM989347;GSM989349,True
Solyc02g092530,2,2,1.388279,0.01439,GSM989347;GSM989349,True
Solyc02g092550,2,2,1.388279,0.01439,GSM989347;GSM989349,True
Solyc02g092630,2,2,1.388279,0.02102,GSM989347;GSM989349,True
Solyc02g092640,2,2,1.388279,0.02102,GSM989347;GSM989349,True
Solyc01g107400,2,2,1.387383,0.00898,GSM989347;GSM989349,True
Solyc01g108490,2,2,1.387383,0.01238,GSM989347;GSM989349,True
Solyc11g005450,2,2,1.385803,0.01439,GSM989347;GSM989349,True
Solyc11g005720,2,2,1.385803,0.02138,GSM989347;GSM989349,True
Solyc11g005730,2,2,1.385803,0.02138,GSM989347;GSM989349,True
Solyc11g010380,2,2,1.385803,0.00541,GSM989347;GSM989349,True
Solyc11g012150,2,2,1.385803,0.00949,GSM989347;GSM989349,True
Solyc11g012160,2,2,1.385803,0.00949,GSM989347;GSM989349,True
Solyc11g012420,2,2,1.385803,0.01023,GSM989347;GSM989349,True
Solyc11g012430,2,2,1.385803,0.01023,GSM989347;GSM989349,True
Solyc06g006100,2,2,1.385725,0.00464,GSM989347;GSM989349,True
Solyc06g076040,2,2,1.385725,0.00464,GSM989347;GSM989349,True
Solyc08g074560,2,2,1.385485,0.00707,GSM989347;GSM989349,True
Solyc08g074570,2,2,1.385485,0.00707,GSM989347;GSM989349,True
Solyc08g077020,2,3,1.385485,0.00464,GSM989347;GSM989349,True
Solyc08g078870,2,3,1.385485,0.00707,GSM989347;GSM989348,True
Solyc07g006890,2,4,1.38495,0.00707,GSM989347;GSM989349,True
Solyc07g044980,2,2,1.38495,0.00707,GSM989347;GSM989349,True
Solyc07g056520,2,2,1.38495,0.00707,GSM989347;GSM989349,True
Solyc09g063010,2,2,1.384066,0.00619,GSM989347;GSM989349,True
Solyc09g091290,2,2,1.384066,0.00702,GSM989347;GSM989349,True
Solyc09g091300,2,2,1.384066,0.00702,GSM989347;GSM989349,True
Solyc04g005760,2,2,1.383584,0.01439,GSM989347;GSM989349,True
Solyc04g005770,2,2,1.383584,0.01439,GSM989347;GSM989349,True
Solyc04g009640,2,2,1.383584,0.01119,GSM989347;GSM989349,True
Solyc04g009790,2,3,1.383584,0.00707,GSM989347;GSM989349,True
Solyc04g078390,2,2,1.383584,0.02138,GSM989347;GSM989349,True
Solyc04g079750,2,2,1.383584,0.01761,GSM989347;GSM989349,True
Solyc04g079760,2,2,1.383584,0.01761,GSM989347;GSM989349,True
Solyc02g071910,2,2,1.383136,0.01161,GSM989347;GSM989349,True
Solyc02g091840,2,2,1.383136,0.01161,GSM989347;GSM989349,True
Solyc04g078660,2,2,1.38279,0.00464,GSM989347;GSM989349,True
Solyc11g009000,2,3,1.378347,0.00541,GSM989347;GSM989349,True
Solyc11g068450,2,2,1.378347,0.00541,GSM989347;GSM989349,True
Solyc03g114150,2,2,1.374513,0.00898,GSM989347;GSM989349,True
Solyc01g088100,2,2,1.372425,0.01439,GSM989347;GSM989349,True
Solyc01g099200,2,2,1.372425,0.01593,GSM989347;GSM989349,True
Solyc01g109430,2,2,1.372425,0.02184,GSM989347;GSM989349,True
Solyc01g109440,2,2,1.372425,0.02184,GSM989347;GSM989349,True
Solyc03g112940,2,2,1.370591,0.00898,GSM989347;GSM989349,True
Solyc03g117290,2,2,1.370591,0.01238,GSM989347;GSM989349,True
Solyc03g117300,2,2,1.370591,0.01238,GSM989347;GSM989349,True
Solyc05g050970,2,2,1.364681,0.01702,GSM989347;GSM989349,True
Solyc05g055230,2,2,1.364681,0.02726,GSM989347;GSM989349,True
Solyc05g055240,2,2,1.364681,0.02726,GSM989347;GSM989349,True
Solyc05g055630,2,2,1.364681,0.01161,GSM989347;GSM989349,True
Solyc07g005760,2,2,1.364552,0.00693,GSM989347;GSM989349,True
Solyc07g018340,2,2,1.364552,0.00694,GSM989347;GSM989349,True
Solyc07g053550,2,3,1.364552,0.01945,GSM989347;GSM989349,True
Solyc09g008130,2,2,1.357118,0.00694,GSM989347;GSM989349,True
Solyc09g008140,2,2,1.357118,0.00694,GSM989347;GSM989349,True
Solyc09g064280,2,2,1.357118,0.02579,GSM989347;GSM989349,True
Solyc09g064290,2,2,1.357118,0.02579,GSM989347;GSM989349,True
Solyc09g066440,2,2,1.357118,0.01161,GSM989347;GSM989349,True
Solyc01g088590,2,2,1.35435,0.01161,GSM989347;GSM989349,True
Solyc01g094780,2,3,1.35435,0.01161,GSM989347;GSM989349,True
Solyc01g094790,2,3,1.35435,0.01161,GSM989347;GSM989349,True
Solyc06g068170,2,2,1.353499,0.00898,GSM989347;GSM989348,True
Solyc06g068180,2,2,1.353499,0.00898,GSM989347;GSM989348,True
Solyc06g068190,2,2,1.353499,0.00898,GSM989347;GSM989348,True
Solyc06g075370,2,2,1.353499,0.00898,GSM989347;GSM989349,True
Solyc06g075380,2,2,1.353499,0.00898,GSM989347;GSM989349,True
Solyc06g076230,2,2,1.353499,0.01238,GSM989347;GSM989349,True
Solyc06g076240,2,2,1.353499,0.01238,GSM989347;GSM989349,True
Solyc06g076250,2,2,1.353499,0.01238,GSM989347;GSM989349,True
Solyc08g067320,2,2,1.353265,0.00898,GSM989347;GSM989349,True
Solyc08g067330,2,2,1.353265,0.00898,GSM989347;GSM989349,True
Solyc08g067340,2,2,1.353265,0.00898,GSM989347;GSM989349,True
Solyc07g005440,2,2,1.352741,0.00898,GSM989347;GSM989349,True
Solyc07g051840,2,2,1.352741,0.01253,GSM989347;GSM989349,True
Solyc07g064130,2,2,1.352741,0.00898,GSM989347;GSM989349,True
Solyc06g035570,2,2,1.352397,0.00805,GSM989347;GSM989349,True
Solyc06g035700,2,2,1.352397,0.00694,GSM989347;GSM989349,True
Solyc06g066700,2,2,1.352397,0.02102,GSM989347;GSM989349,True
Solyc06g066710,2,2,1.352397,0.02102,GSM989347;GSM989349,True
Solyc06g072100,2,3,1.352397,0.00805,GSM989347;GSM989349,True
Solyc06g072110,2,3,1.352397,0.00805,GSM989347;GSM989349,True
Solyc04g040190,2,2,1.350632,0.00554,GSM989347;GSM989349,True
Solyc04g040200,2,2,1.350632,0.00554,GSM989347;GSM989349,True
Solyc10g084610,2,2,1.350188,0.00898,GSM989347;GSM989349,True
Solyc10g084620,2,2,1.350188,0.00898,GSM989347;GSM989349,True
Solyc10g085820,2,3,1.350188,0.00554,GSM989347;GSM989349,True
Solyc10g085830,2,2,1.350188,0.00554,GSM989347;GSM989349,True
Solyc10g085840,2,3,1.350188,0.00554,GSM989347;GSM989349,True
Solyc08g007190,2,2,1.35009,0.02726,GSM989347;GSM989349,True
Solyc08g079790,2,2,1.35009,0.0192,GSM989347;GSM989349,True
Solyc08g079810,2,2,1.35009,0.0192,GSM989347;GSM989349,True
Solyc08g083040,2,2,1.35009,0.01053,GSM989347;GSM989349,True
Solyc08g083050,2,2,1.35009,0.01053,GSM989347;GSM989349,True
Solyc08g083060,2,2,1.35009,0.01053,GSM989347;GSM989349,True
Solyc02g067810,2,3,1.349401,0.01439,GSM989347;GSM989349,True
Solyc02g076820,2,2,1.349401,0.01032,GSM989347;GSM989349,True
Solyc02g078400,2,3,1.349401,0.01439,GSM989347;GSM989349,True
Solyc02g083760,2,3,1.349401,0.01439,GSM989347;GSM989349,True
Solyc02g083770,2,3,1.349401,0.01439,GSM989347;GSM989349,True
Solyc02g092790,2,2,1.349401,0.00694,GSM989347;GSM989349,True
Solyc02g093500,2,2,1.349401,0.01439,GSM989347;GSM989349,True
Solyc02g093510,2,2,1.349401,0.01439,GSM989347;GSM989349,True
Solyc02g078410,2,3,1.348614,0.02138,GSM989347;GSM989349,True
Solyc02g078430,2,3,1.348614,0.02138,GSM989347;GSM989349,True
Solyc02g085350,2,2,1.348614,0.01897,GSM989347;GSM989349,True
Solyc02g088190,2,2,1.348614,0.01053,GSM989347;GSM989349,True
Solyc02g089350,2,2,1.348614,0.02685,GSM989347;GSM989349,True
Solyc12g008800,2,2,1.347759,0.02726,GSM989347;GSM989349,True
Solyc12g009020,2,3,1.347759,0.01119,GSM989347;GSM989349,True
Solyc12g009030,2,3,1.347759,0.01119,GSM989347;GSM989349,True
Solyc12g055770,2,2,1.347759,0.00619,GSM989347;GSM989349,True
Solyc11g069430,2,3,1.347717,0.00484,GSM989347;GSM989349,True
Solyc11g072890,2,2,1.347717,0.00619,GSM989347;GSM989349,True
Solyc04g064610,2,2,1.34289,0.02831,GSM989347;GSM989349,True
Solyc04g072930,2,2,1.34289,0.01119,GSM989347;GSM989349,True
Solyc04g074180,2,2,1.34289,0.00999,GSM989347;GSM989349,True
Solyc04g078060,2,2,1.34289,0.00805,GSM989347;GSM989349,True
Solyc03g082660,2,2,1.337958,0.01027,GSM989347;GSM989349,True
Solyc03g097810,2,2,1.337958,0.00668,GSM989347;GSM989349,True
Solyc03g114070,2,2,1.337958,0.01161,GSM989347;GSM989349,True
Solyc03g007050,2,2,1.334086,0.02138,GSM989347;GSM989349,True
Solyc03g083340,2,2,1.334086,0.02726,GSM989347;GSM989349,True
Solyc03g117280,2,2,1.334086,0.02138,GSM989347;GSM989349,True
Solyc03g120710,2,2,1.334086,0.02579,GSM989347;GSM989349,True
Solyc01g007030,2,2,1.330836,0.01053,GSM989347;GSM989349,True
Solyc01g007040,2,2,1.330836,0.01053,GSM989347;GSM989349,True
Solyc01g008510,2,2,1.330836,0.03154,GSM989347;GSM989349,True
Solyc01g008520,2,2,1.330836,0.03154,GSM989347;GSM989349,True
Solyc01g100350,2,2,1.330836,0.02714,GSM989347;GSM989349,True
Solyc01g107380,2,2,1.330836,0.03154,GSM989347;GSM989349,True
Solyc01g108500,2,2,1.330836,0.02817,GSM989347;GSM989349,True
Solyc01g108530,2,3,1.330836,0.0,GSM989347;GSM989349,True
Solyc01g108540,2,2,1.330836,0.0,GSM989347;GSM989349,True
Solyc01g108560,2,2,1.330836,0.0,GSM989347;GSM989349,True
Solyc05g005500,2,2,1.329187,0.00898,GSM989347;GSM989349,True
Solyc05g005510,2,2,1.329187,0.00898,GSM989347;GSM989349,True
Solyc05g005520,2,2,1.329187,0.00898,GSM989347;GSM989349,True
Solyc05g050990,2,2,1.329187,0.01238,GSM989347;GSM989349,True
Solyc05g007770,2,2,1.323327,0.03154,GSM989347;GSM989349,True
Solyc07g009160,2,2,1.323202,0.03154,GSM989347;GSM989349,True
Solyc07g056130,2,2,1.323202,0.03154,GSM989347;GSM989349,True
Solyc07g056370,2,2,1.323202,0.03154,GSM989347;GSM989349,True
Solyc07g065290,2,2,1.323202,0.00805,GSM989347;GSM989349,True
Solyc01g010870,2,2,1.321317,0.0188,GSM989347;GSM989349,True
Solyc01g094820,2,3,1.321317,0.01439,GSM989347;GSM989349,True
Solyc06g075170,2,2,1.321273,0.01161,GSM989347;GSM989349,True
Solyc09g061280,2,2,1.321154,0.00898,GSM989347;GSM989349,True
Solyc09g091260,2,2,1.321154,0.00554,GSM989347;GSM989349,True
Solyc10g080770,2,2,1.319683,0.00898,GSM989347;GSM989349,True
Solyc10g085250,2,2,1.319683,0.00929,GSM989347;GSM989349,True
Solyc10g085270,2,2,1.319683,0.00929,GSM989347;GSM989349,True
Solyc10g085280,2,2,1.319683,0.00929,GSM989347;GSM989349,True
Solyc04g007500,2,3,1.318474,0.01161,GSM989347;GSM989349,True
Solyc04g078810,2,2,1.318474,0.01161,GSM989347;GSM989349,True
Solyc09g015830,2,2,1.315994,0.01702,GSM989347;GSM989349,True
Solyc09g015840,2,2,1.315994,0.01702,GSM989347;GSM989349,True
Solyc09g065030,2,2,1.315994,0.03154,GSM989347;GSM989349,True
Solyc02g079440,2,2,1.315666,0.01702,GSM989347;GSM989349,True
Solyc02g079450,2,2,1.315666,0.01702,GSM989347;GSM989349,True
Solyc02g079760,2,2,1.315666,0.00805,GSM989347;GSM989349,True
Solyc02g085030,2,2,1.315666,0.00949,GSM989347;GSM989349,True
Solyc02g088910,2,2,1.315666,0.01702,GSM989347;GSM989349,True
Solyc02g089060,2,2,1.315666,0.01702,GSM989347;GSM989349,True
Solyc06g053220,2,2,1.313757,0.02138,GSM989347;GSM989349,True
Solyc06g054670,2,2,1.313757,0.01702,GSM989347;GSM989349,True
Solyc06g059720,2,2,1.313757,0.02138,GSM989347;GSM989349,True
Solyc06g059800,2,2,1.313757,0.01702,GSM989347;GSM989349,True
Solyc06g062670,2,3,1.313757,0.02408,GSM989347;GSM989349,True
Solyc06g065980,2,2,1.313757,0.02184,GSM989347;GSM989349,True
Solyc05g008600,2,2,1.309624,0.0192,GSM989347;GSM989348,True
Solyc05g008610,2,2,1.309624,0.0192,GSM989347;GSM989348,True
Solyc08g005760,2,2,1.309178,0.00694,GSM989347;GSM989349,True
Solyc08g014130,2,2,1.309178,0.02817,GSM989347;GSM989349,True
Solyc08g062860,2,2,1.309178,0.02817,GSM989347;GSM989349,True
Solyc08g081010,2,2,1.309178,0.03154,GSM989347;GSM989349,True
Solyc08g081710,2,2,1.309178,0.01897,GSM989347;GSM989349,True
Solyc02g064660,2,2,1.308949,0.02138,GSM989347;GSM989349,True
Solyc02g064680,2,2,1.308949,0.02138,GSM989347;GSM989349,True
Solyc02g068190,2,2,1.308949,0.01914,GSM989347;GSM989349,True
Solyc02g077240,2,2,1.308949,0.02138,GSM989347;GSM989349,True
Solyc02g083750,2,4,1.308949,0.02726,GSM989347;GSM989349,True
Solyc02g084420,2,3,1.308949,0.00877,GSM989347;GSM989349,True
Solyc02g084430,2,3,1.308949,0.00877,GSM989347;GSM989349,True
Solyc02g088090,2,2,1.308949,0.00999,GSM989347;GSM989349,True
Solyc02g088380,2,2,1.308949,0.01119,GSM989347;GSM989349,True
Solyc02g090510,2,3,1.308949,0.02579,GSM989347;GSM989349,True
Solyc10g077020,2,2,1.307994,0.02184,GSM989347;GSM989349,True
Solyc12g006970,2,2,1.307277,0.00707,GSM989347;GSM989349,True
Solyc12g011340,2,2,1.306918,0.02184,GSM989347;GSM989349,True
Solyc12g087950,2,2,1.306918,0.02138,GSM989347;GSM989349,True
Solyc03g007310,2,2,1.305325,0.00694,GSM989347;GSM989349,True
Solyc03g098320,2,2,1.305325,0.01439,GSM989347;GSM989349,True
Solyc03g115910,2,3,1.305325,0.00694,GSM989347;GSM989349,True
Solyc03g115920,2,3,1.305325,0.00694,GSM989347;GSM989349,True
Solyc03g115930,2,3,1.305325,0.00694,GSM989347;GSM989349,True
Solyc03g116460,2,2,1.305325,0.00694,GSM989347;GSM989349,True
Solyc03g116470,2,2,1.305325,0.00694,GSM989347;GSM989349,True
Solyc03g116480,2,2,1.305325,0.00694,GSM989347;GSM989349,True
Solyc11g011430,2,2,1.304285,0.02579,GSM989347;GSM989349,True
Solyc11g011440,2,2,1.304285,0.02579,GSM989347;GSM989349,True
Solyc11g072660,2,2,1.304285,0.01702,GSM989347;GSM989349,True
Solyc04g007720,2,2,1.302196,0.03154,GSM989347;GSM989349,True
Solyc04g015520,2,2,1.302196,0.00999,GSM989347;GSM989349,True
Solyc04g054980,2,2,1.302196,0.02817,GSM989347;GSM989349,True
Solyc04g071150,2,2,1.302196,0.03154,GSM989347;GSM989349,True
Solyc04g079120,2,2,1.302196,0.01119,GSM989347;GSM989349,True
Solyc05g009150,2,2,1.297539,0.01161,GSM989347;GSM989349,True
Solyc05g024010,2,2,1.297539,0.00668,GSM989347;GSM989349,True
Solyc05g024020,2,2,1.297539,0.00668,GSM989347;GSM989349,True
Solyc03g007980,2,2,1.293659,0.01119,GSM989347;GSM989349,True
Solyc03g007990,2,2,1.293659,0.01119,GSM989347;GSM989349,True
Solyc03g008000,2,2,1.293659,0.01119,GSM989347;GSM989349,True
Solyc03g025260,2,2,1.293659,0.03154,GSM989347;GSM989349,True
Solyc03g081240,2,2,1.293659,0.01034,GSM989347;GSM989349,True
Solyc03g093060,2,2,1.293659,0.01914,GSM989347;GSM989349,True
Solyc01g006830,2,2,1.289248,0.01372,GSM989347;GSM989349,True
Solyc01g081080,2,2,1.289248,0.03017,GSM989347;GSM989349,True
Solyc01g094200,2,2,1.289248,0.02721,GSM989347;GSM989349,True
Solyc01g095010,2,2,1.289248,0.03177,GSM989347;GSM989349,True
Solyc01g095020,2,2,1.289248,0.03177,GSM989347;GSM989349,True
Solyc01g096050,2,2,1.289248,0.02088,GSM989347;GSM989349,True
Solyc01g100110,2,2,1.289248,0.03815,GSM989347;GSM989349,True
Solyc01g104980,2,2,1.289248,0.03177,GSM989347;GSM989349,True
Solyc01g104990,2,2,1.289248,0.03177,GSM989347;GSM989349,True
Solyc06g008300,2,2,1.289047,0.01439,GSM989347;GSM989349,True
Solyc06g083980,2,2,1.289047,0.01032,GSM989347;GSM989349,True
Solyc06g083990,2,2,1.289047,0.01032,GSM989347;GSM989349,True
Solyc08g075540,2,2,1.288824,0.01439,GSM989347;GSM989349,True
Solyc07g055920,2,2,1.288325,0.01032,GSM989347;GSM989349,True
Solyc01g103370,2,2,1.288284,0.01702,GSM989347;GSM989349,True
Solyc04g082770,2,2,1.286316,0.00694,GSM989347;GSM989349,True
Solyc08g078300,2,2,1.285512,0.00877,GSM989347;GSM989348,True
Solyc05g008930,2,2,1.281973,0.00693,GSM989347;GSM989349,True
Solyc05g052690,2,2,1.281973,0.03177,GSM989347;GSM989349,True
Solyc05g052700,2,2,1.281973,0.03177,GSM989347;GSM989349,True
Solyc05g052710,2,2,1.281973,0.03177,GSM989347;GSM989349,True
Solyc05g054410,2,2,1.281973,0.02088,GSM989347;GSM989349,True
Solyc02g085600,2,3,1.281931,0.02138,GSM989347;GSM989349,True
Solyc07g017540,2,2,1.281851,0.00693,GSM989347;GSM989349,True
Solyc07g017550,2,2,1.281851,0.00693,GSM989347;GSM989349,True
Solyc07g064250,2,2,1.281851,0.01034,GSM989347;GSM989349,True
Solyc07g064260,2,2,1.281851,0.01034,GSM989347;GSM989349,True
Solyc06g036260,2,2,1.275117,0.02831,GSM989347;GSM989349,True
Solyc06g051860,2,2,1.275117,0.02138,GSM989347;GSM989349,True
Solyc06g051870,2,2,1.275117,0.02138,GSM989347;GSM989349,True
Solyc06g051880,2,2,1.275117,0.02138,GSM989347;GSM989349,True
Solyc06g051890,2,2,1.275117,0.02138,GSM989347;GSM989349,True
Solyc06g051900,2,2,1.275117,0.02138,GSM989347;GSM989349,True
Solyc06g062960,2,2,1.275117,0.01023,GSM989347;GSM989349,True
Solyc06g063300,2,2,1.275117,0.01761,GSM989347;GSM989349,True
Solyc06g068720,2,2,1.275117,0.01119,GSM989347;GSM989349,True
Solyc06g068730,2,2,1.275117,0.01119,GSM989347;GSM989349,True
Solyc06g068740,2,2,1.275117,0.01119,GSM989347;GSM989349,True
Solyc06g068750,2,2,1.275117,0.01119,GSM989347;GSM989349,True
Solyc06g069720,2,2,1.275117,0.02726,GSM989347;GSM989349,True
Solyc06g069730,2,2,1.275117,0.02726,GSM989347;GSM989349,True
Solyc06g073460,2,2,1.275117,0.02726,GSM989347;GSM989349,True
Solyc06g074650,2,2,1.275117,0.01761,GSM989347;GSM989349,True
Solyc06g074660,2,2,1.275117,0.01761,GSM989347;GSM989349,True
Solyc03g123570,2,2,1.272692,0.01702,GSM989347;GSM989349,True
Solyc10g009110,2,2,1.270781,0.03815,GSM989347;GSM989348,True
Solyc02g067980,2,2,1.269284,0.01897,GSM989347;GSM989349,True
Solyc02g083410,2,2,1.269284,0.03154,GSM989347;GSM989349,True
Solyc02g084940,2,2,1.269284,0.03154,GSM989347;GSM989349,True
Solyc02g084950,2,2,1.269284,0.03154,GSM989347;GSM989349,True
Solyc02g089840,2,2,1.269284,0.01119,GSM989347;GSM989349,True
Solyc02g089850,2,2,1.269284,0.01119,GSM989347;GSM989349,True
Solyc02g090620,2,2,1.269284,0.03154,GSM989347;GSM989349,True
Solyc08g079020,2,2,1.268266,0.01023,GSM989347;GSM989349,True
Solyc08g079670,2,3,1.268266,0.01119,GSM989347;GSM989349,True
Solyc08g079680,2,3,1.268266,0.01119,GSM989347;GSM989349,True
Solyc08g081180,2,2,1.268266,0.03177,GSM989347;GSM989349,True
Solyc08g081340,2,2,1.268266,0.01595,GSM989347;GSM989349,True
Solyc12g098320,2,3,1.266077,0.01034,GSM989347;GSM989349,True
Solyc12g098340,2,3,1.266077,0.01034,GSM989347;GSM989349,True
Solyc12g099120,2,2,1.266077,0.00805,GSM989347;GSM989349,True
Solyc10g007310,2,2,1.265801,0.0,GSM989347;GSM989349,True
Solyc10g008470,2,2,1.265801,0.03125,GSM989347;GSM989349,True
Solyc10g008500,2,2,1.265801,0.01372,GSM989347;GSM989349,True
Solyc10g008510,2,2,1.265801,0.01372,GSM989347;GSM989349,True
Solyc10g055720,2,2,1.265801,0.02579,GSM989347;GSM989349,True
Solyc10g083570,2,2,1.265801,0.02138,GSM989347;GSM989349,True
Solyc10g083580,2,2,1.265801,0.02138,GSM989347;GSM989349,True
Solyc10g084370,2,2,1.265801,0.02138,GSM989347;GSM989349,True
Solyc11g011850,2,2,1.263526,0.02579,GSM989347;GSM989349,True
Solyc11g011860,2,2,1.263526,0.02579,GSM989347;GSM989349,True
Solyc11g051160,2,2,1.263526,0.02138,GSM989347;GSM989349,True
Solyc04g005670,2,2,1.261503,0.01595,GSM989347;GSM989349,True
Solyc04g082010,2,2,1.261503,0.03862,GSM989347;GSM989349,True
Solyc04g082020,2,2,1.261503,0.03862,GSM989347;GSM989349,True
Solyc09g092680,2,2,1.258242,0.00694,GSM989347;GSM989349,True
Solyc09g092690,2,2,1.258242,0.00694,GSM989347;GSM989349,True
Solyc08g081230,2,2,1.256603,0.00805,GSM989347;GSM989349,True
Solyc01g087190,2,2,1.255251,0.01991,GSM989347;GSM989349,True
Solyc01g104050,2,2,1.255251,0.00972,GSM989347;GSM989349,True
Solyc04g009560,2,2,1.254158,0.01702,GSM989347;GSM989349,True
Solyc04g009580,2,2,1.254158,0.01702,GSM989347;GSM989349,True
Solyc03g034130,2,2,1.253232,0.03567,GSM989347;GSM989349,True
Solyc03g034140,2,2,1.253232,0.03567,GSM989347;GSM989349,True
Solyc03g118080,2,2,1.253232,0.02579,GSM989347;GSM989349,True
Solyc01g006540,2,2,1.247659,0.02579,GSM989347;GSM989349,True
Solyc01g081610,2,2,1.247659,0.01376,GSM989347;GSM989349,True
Solyc01g095510,2,2,1.247659,0.04612,GSM989347;GSM989349,True
Solyc12g009060,2,2,1.246473,0.01027,GSM989347;GSM989349,True
Solyc12g013760,2,2,1.246473,0.00668,GSM989347;GSM989349,True
Solyc12g013770,2,2,1.246473,0.00668,GSM989347;GSM989349,True
Solyc05g007010,2,2,1.240619,0.02138,GSM989347;GSM989349,True
Solyc05g051780,2,2,1.240619,0.03815,GSM989347;GSM989349,True
Solyc05g053630,2,2,1.240619,0.03125,GSM989347;GSM989349,True
Solyc05g053640,2,2,1.240619,0.03125,GSM989347;GSM989349,True
Solyc07g006950,2,2,1.240501,0.01991,GSM989347;GSM989349,True
Solyc07g039410,2,2,1.240501,0.02579,GSM989347;GSM989349,True
Solyc07g039420,2,2,1.240501,0.02579,GSM989347;GSM989349,True
Solyc07g052420,2,2,1.240501,0.03175,GSM989347;GSM989349,True
Solyc07g052430,2,2,1.240501,0.03175,GSM989347;GSM989349,True
Solyc07g052440,2,2,1.240501,0.03175,GSM989347;GSM989349,True
Solyc07g056390,2,2,1.240501,0.03125,GSM989347;GSM989349,True
Solyc07g063870,2,2,1.240501,0.03815,GSM989347;GSM989349,True
Solyc03g119740,2,2,1.240058,0.02138,GSM989347;GSM989349,True
Solyc01g108420,2,2,1.238322,0.03312,GSM989348;GSM989349,True
Solyc01g108430,2,2,1.238322,0.03312,GSM989348;GSM989349,True
Solyc06g011580,2,2,1.236477,0.03154,GSM989347;GSM989349,True
Solyc06g065650,2,2,1.236477,0.03154,GSM989347;GSM989349,True
Solyc06g073740,2,2,1.236477,0.02579,GSM989347;GSM989349,True
Solyc09g005320,2,2,1.233744,0.02138,GSM989347;GSM989349,True
Solyc02g078150,2,2,1.229618,0.03862,GSM989347;GSM989349,True
Solyc02g078160,2,2,1.229618,0.03862,GSM989347;GSM989349,True
Solyc02g079750,2,2,1.229618,0.01595,GSM989347;GSM989349,True
Solyc02g083880,2,2,1.229618,0.03175,GSM989347;GSM989349,True
Solyc08g007850,2,2,1.227354,0.04083,GSM989347;GSM989349,True
Solyc08g061480,2,2,1.227354,0.03125,GSM989347;GSM989349,True
Solyc08g067410,2,2,1.227354,0.00999,GSM989347;GSM989349,True
Solyc08g075560,2,2,1.227354,0.01372,GSM989347;GSM989349,True
Solyc08g075570,2,2,1.227354,0.01372,GSM989347;GSM989349,True
Solyc12g014510,2,3,1.225236,0.01702,GSM989347;GSM989349,True
Solyc12g057060,2,2,1.225236,0.01439,GSM989347;GSM989349,True
Solyc12g057070,2,2,1.225236,0.01439,GSM989347;GSM989349,True
Solyc12g094460,2,2,1.225236,0.02721,GSM989347;GSM989349,True
Solyc12g094520,2,2,1.225236,0.03517,GSM989347;GSM989349,True
Solyc12g094530,2,2,1.225236,0.03517,GSM989347;GSM989349,True
Solyc12g094540,2,2,1.225236,0.03517,GSM989347;GSM989349,True
Solyc12g100180,2,2,1.225236,0.02184,GSM989347;GSM989349,True
Solyc11g005130,2,2,1.225197,0.01439,GSM989347;GSM989349,True
Solyc11g005140,2,2,1.225197,0.01439,GSM989347;GSM989349,True
Solyc11g072600,2,2,1.225197,0.01439,GSM989347;GSM989349,True
Solyc06g065710,2,2,1.224594,0.02138,GSM989347;GSM989349,True
Solyc07g062760,2,2,1.223909,0.02138,GSM989347;GSM989349,True
Solyc10g054670,2,2,1.223608,0.02579,GSM989347;GSM989349,True
Solyc11g006130,2,2,1.222767,0.01702,GSM989347;GSM989349,True
Solyc11g065070,2,2,1.222767,0.01702,GSM989347;GSM989349,True
Solyc04g072620,2,2,1.220809,0.02721,GSM989347;GSM989349,True
Solyc04g072640,2,2,1.220809,0.02184,GSM989347;GSM989349,True
Solyc02g065670,2,2,1.214461,0.03175,GSM989347;GSM989349,True
Solyc02g065680,2,2,1.214461,0.03175,GSM989347;GSM989349,True
Solyc02g070890,2,2,1.214461,0.01376,GSM989347;GSM989349,True
Solyc02g078590,2,2,1.214461,0.01372,GSM989347;GSM989349,True
Solyc03g031420,2,2,1.212805,0.04379,GSM989347;GSM989349,True
Solyc03g083100,2,2,1.212805,0.02579,GSM989347;GSM989349,True
Solyc03g083110,2,2,1.212805,0.02579,GSM989347;GSM989349,True
Solyc03g115870,2,2,1.212805,0.03175,GSM989347;GSM989349,True
Solyc03g116510,2,2,1.212805,0.04612,GSM989347;GSM989349,True
Solyc03g116520,2,2,1.212805,0.04612,GSM989347;GSM989349,True
Solyc03g121400,2,2,1.207425,0.02579,GSM989347;GSM989349,True
Solyc01g096000,2,2,1.206071,0.04054,GSM989347;GSM989349,True
Solyc05g008110,2,2,1.199265,0.03312,GSM989347;GSM989349,True
Solyc05g008130,2,2,1.199265,0.03312,GSM989347;GSM989349,True
Solyc05g051660,2,2,1.199265,0.00877,GSM989347;GSM989349,True
Solyc06g009370,2,2,1.197837,0.03815,GSM989347;GSM989349,True
Solyc06g060510,2,2,1.197837,0.01761,GSM989347;GSM989349,True
Solyc06g060520,2,2,1.197837,0.01761,GSM989347;GSM989349,True
Solyc06g066470,2,2,1.197837,0.01053,GSM989347;GSM989349,True
Solyc06g068510,2,2,1.197837,0.01761,GSM989347;GSM989349,True
Solyc06g068520,2,2,1.197837,0.01761,GSM989347;GSM989349,True
Solyc06g068530,2,2,1.197837,0.01761,GSM989347;GSM989349,True
Solyc06g075740,2,2,1.197837,0.03175,GSM989347;GSM989349,True
Solyc06g082210,2,2,1.197837,0.03177,GSM989347;GSM989349,True
Solyc06g082540,2,2,1.197837,0.02721,GSM989347;GSM989349,True
Solyc06g084120,2,2,1.197837,0.0,GSM989347;GSM989349,True
Solyc06g084130,2,2,1.197837,0.0,GSM989347;GSM989349,True
Solyc09g008320,2,2,1.19533,0.02138,GSM989347;GSM989349,True
Solyc10g085680,2,2,1.193999,0.02138,GSM989347;GSM989349,True
Solyc10g085690,2,2,1.193999,0.02138,GSM989347;GSM989349,True
Solyc07g049690,2,2,1.191701,0.02579,GSM989347;GSM989349,True
Solyc02g062380,2,2,1.189953,0.04612,GSM989347;GSM989349,True
Solyc02g062390,2,2,1.189953,0.04612,GSM989347;GSM989349,True
Solyc02g076800,2,3,1.189953,0.03517,GSM989347;GSM989349,True
Solyc02g094030,2,2,1.189953,0.04612,GSM989347;GSM989349,True
Solyc12g044240,2,2,1.184394,0.01376,GSM989347;GSM989349,True
Solyc12g044990,2,2,1.184394,0.04054,GSM989347;GSM989349,True
Solyc12g056460,2,2,1.184394,0.01761,GSM989347;GSM989349,True
Solyc11g006280,2,2,1.182008,0.01023,GSM989347;GSM989349,True
Solyc11g007490,2,2,1.182008,0.03815,GSM989347;GSM989349,True
Solyc11g007500,2,2,1.182008,0.03815,GSM989347;GSM989349,True
Solyc11g007510,2,2,1.182008,0.03815,GSM989347;GSM989349,True
Solyc11g066040,2,2,1.182008,0.04054,GSM989347;GSM989349,True
Solyc10g078430,2,2,1.181414,0.02088,GSM989347;GSM989349,True
Solyc04g080540,2,2,1.180115,0.04054,GSM989347;GSM989349,True
Solyc04g080960,2,2,1.180115,0.04054,GSM989347;GSM989349,True
Solyc01g102500,2,2,1.164482,0.03815,GSM989347;GSM989349,True
Solyc10g007720,2,2,1.162578,0.02579,GSM989347;GSM989349,True
Solyc10g007730,2,2,1.162578,0.02579,GSM989347;GSM989349,True
Solyc08g016210,2,2,1.159941,0.03175,GSM989347;GSM989349,True
Solyc08g016220,2,2,1.159941,0.03175,GSM989347;GSM989349,True
Solyc06g068600,2,2,1.159197,0.03517,GSM989347;GSM989349,True
Solyc06g068610,2,2,1.159197,0.03517,GSM989347;GSM989349,True
Solyc06g082430,2,2,1.159197,0.03567,GSM989347;GSM989349,True
Solyc05g012790,2,2,1.157911,0.01053,GSM989347;GSM989349,True
Solyc07g047700,2,2,1.157801,0.01761,GSM989347;GSM989349,True
Solyc07g065250,2,2,1.157801,0.00877,GSM989347;GSM989349,True
Solyc07g065260,2,2,1.157801,0.00877,GSM989347;GSM989349,True
Solyc12g006240,2,2,1.155268,0.02138,GSM989347;GSM989349,True
Solyc11g008140,2,2,1.141249,0.03314,GSM989347;GSM989349,True
Solyc11g011750,2,2,1.141249,0.00899,GSM989347;GSM989349,True
Solyc05g009520,2,2,1.139303,0.00693,GSM989347;GSM989349,True
Solyc05g051190,2,2,1.139303,0.03175,GSM989347;GSM989349,True
Solyc10g084600,2,2,1.139221,0.0358,GSM989347;GSM989349,True
Solyc06g071230,2,2,1.127916,0.03815,GSM989347;GSM989349,True
Solyc09g091040,2,2,1.11037,0.0358,GSM989347;GSM989349,True
Solyc03g112060,2,2,1.109526,0.04217,GSM989347;GSM989349,True
Solyc12g007180,2,2,1.102712,0.02753,GSM989347;GSM989349,True
Solyc12g007190,2,2,1.102712,0.02753,GSM989347;GSM989349,True
Solyc06g053840,2,2,1.09569,0.01897,GSM989347;GSM989349,True
Solyc06g054020,2,2,1.081918,0.04379,GSM989347;GSM989349,True
Solyc06g059760,2,2,1.081918,0.02721,GSM989347;GSM989349,True
Solyc01g096650,2,2,1.081305,0.04217,GSM989347;GSM989349,True
Solyc01g096660,2,2,1.081305,0.04217,GSM989347;GSM989349,True
Solyc01g096670,2,2,1.081305,0.04217,GSM989347;GSM989349,True
Solyc11g005370,2,2,1.072047,0.03815,GSM989347;GSM989349,True
Solyc11g005380,2,2,1.072047,0.03815,GSM989347;GSM989349,True
Solyc06g076330,2,2,1.004638,0.01593,GSM989347;GSM989349,True
Solyc06g076340,2,2,1.004638,0.01593,GSM989347;GSM989349,True
Solyc00g135040,1,1,3.134639,0.01811,GSM989349,False
Solyc00g135050,1,1,3.134639,0.01811,GSM989349,False
Solyc00g135060,1,1,3.134639,0.01811,GSM989349,False
Solyc00g112700,1,1,2.651293,0.04654,GSM989348,False
Solyc00g020970,1,1,2.589635,0.02961,GSM989348,False
Solyc00g020980,1,1,2.589635,0.02961,GSM989348,False
Solyc00g020990,1,1,2.589635,0.02961,GSM989348,False
Solyc00g286010,1,1,2.446548,0.02817,GSM989349,False
Solyc00g286020,1,1,2.446548,0.02817,GSM989349,False
Solyc00g286030,1,1,2.446548,0.02817,GSM989349,False
Solyc09g061790,1,1,2.436954,0.02632,GSM989348,False
Solyc00g185750,1,1,2.404661,0.04593,GSM989348,False
Solyc00g185850,1,1,2.404661,0.04593,GSM989348,False
Solyc00g021490,1,1,2.370093,0.03017,GSM989349,False
Solyc00g021500,1,1,2.370093,0.03017,GSM989349,False
Solyc00g021510,1,1,2.370093,0.03017,GSM989349,False
Solyc00g033860,1,3,2.370093,0.03177,GSM989349,False
Solyc00g033870,1,3,2.370093,0.03177,GSM989349,False
Solyc00g033880,1,3,2.370093,0.03177,GSM989349,False
Solyc00g033890,1,2,2.370093,0.03177,GSM989349,False
Solyc00g034000,1,3,2.370093,0.03177,GSM989349,False
Solyc00g033990,1,1,2.293638,0.04612,GSM989349,False
Solyc00g090120,1,1,2.293638,0.03517,GSM989349,False
Solyc00g090130,1,1,2.293638,0.03517,GSM989349,False
Solyc00g025510,1,1,2.281345,0.04785,GSM989348,False
Solyc00g104320,1,1,2.217184,0.04054,GSM989349,False
Solyc00g104330,1,1,2.217184,0.04054,GSM989349,False
Solyc10g054890,1,1,2.130426,0.01504,GSM989348,False
Solyc10g054900,1,1,2.130426,0.01504,GSM989348,False
Solyc01g098530,1,1,2.089668,0.01215,GSM989348,False
Solyc01g098540,1,1,2.089668,0.01215,GSM989348,False
Solyc08g075180,1,1,2.041695,0.01215,GSM989348,False
Solyc08g075190,1,1,2.041695,0.01215,GSM989348,False
Solyc07g063850,1,1,1.996904,0.0,GSM989347,False
Solyc09g072520,1,1,1.932866,0.0,GSM989349,False
Solyc12g009000,1,1,1.919536,0.01053,GSM989349,False
Solyc11g028270,1,1,1.874909,0.01974,GSM989349,False
Solyc03g077870,1,1,1.859025,0.02541,GSM989348,False
Solyc03g077880,1,1,1.859025,0.02541,GSM989348,False
Solyc03g077890,1,1,1.859025,0.02541,GSM989348,False
Solyc01g066020,1,1,1.857483,0.03715,GSM989348,False
Solyc02g088050,1,1,1.855427,0.0,GSM989347,False
Solyc02g088060,1,1,1.855427,0.0,GSM989347,False
Solyc02g088070,1,1,1.855427,0.0,GSM989347,False
Solyc00g014990,1,1,1.849739,0.04986,GSM989348,False
Solyc11g028090,1,1,1.834151,0.01425,GSM989349,False
Solyc05g052560,1,1,1.796055,0.0,GSM989348,False
Solyc10g008380,1,1,1.794043,0.03715,GSM989348,False
Solyc11g012960,1,1,1.762949,0.03947,GSM989348,False
Solyc11g012970,1,1,1.762949,0.03947,GSM989348,False
Solyc06g082780,1,1,1.761872,0.04421,GSM989348,False
Solyc06g082790,1,1,1.761872,0.04421,GSM989348,False
Solyc10g050930,1,1,1.756667,0.04184,GSM989348,False
Solyc10g084890,1,1,1.756667,0.04184,GSM989348,False
Solyc01g112000,1,1,1.750745,0.00047,GSM989347,False
Solyc03g093590,1,1,1.745208,0.04421,GSM989348,False
Solyc07g005490,1,2,1.725271,0.04421,GSM989348,False
Solyc01g095590,1,1,1.717712,0.0,GSM989347,False
Solyc11g028120,1,1,1.711874,0.03509,GSM989349,False
Solyc07g063110,1,1,1.707031,0.00047,GSM989347,False
Solyc01g100310,1,1,1.702693,0.04386,GSM989348,False
Solyc03g120840,1,1,1.696922,0.00085,GSM989347,False
Solyc02g088580,1,1,1.686751,0.0019,GSM989347,False
Solyc02g088590,1,1,1.686751,0.0019,GSM989347,False
Solyc05g054780,1,1,1.683802,0.04595,GSM989348,False
Solyc05g054790,1,1,1.683802,0.04595,GSM989348,False
Solyc00g015760,1,1,1.682001,0.03509,GSM989349,False
Solyc00g015770,1,1,1.682001,0.03509,GSM989349,False
Solyc10g006470,1,1,1.681916,0.04595,GSM989348,False
Solyc10g006480,1,1,1.681916,0.04595,GSM989348,False
Solyc10g006490,1,1,1.681916,0.04595,GSM989348,False
Solyc11g056650,1,1,1.671115,0.01811,GSM989349,False
Solyc03g113980,1,1,1.669329,0.04386,GSM989348,False
Solyc02g063100,1,1,1.665935,0.01868,GSM989349,False
Solyc02g063110,1,1,1.665935,0.01868,GSM989349,False
Solyc01g089980,1,1,1.663995,0.04654,GSM989348,False
Solyc09g055630,1,1,1.663318,0.04654,GSM989348,False
Solyc09g055640,1,1,1.663318,0.04654,GSM989348,False
Solyc02g092120,1,2,1.653016,0.0,GSM989347,False
Solyc02g092130,1,2,1.653016,0.0,GSM989347,False
Solyc05g014160,1,1,1.646384,0.04386,GSM989348,False
Solyc09g082060,1,1,1.635715,0.00085,GSM989347,False
Solyc03g113890,1,1,1.631656,0.0019,GSM989347,False
Solyc02g014570,1,1,1.631412,0.02961,GSM989348,False
Solyc02g014580,1,2,1.631412,0.01754,GSM989348,False
Solyc02g014600,1,2,1.631412,0.01754,GSM989348,False
Solyc02g014610,1,2,1.631412,0.01754,GSM989348,False
Solyc04g054910,1,1,1.627745,0.02778,GSM989349,False
Solyc01g110430,1,2,1.625298,0.0,GSM989348,False
Solyc01g110440,1,2,1.625298,0.0,GSM989348,False
Solyc01g110450,1,2,1.625298,0.0,GSM989348,False
Solyc04g008750,1,1,1.624618,0.04654,GSM989348,False
Solyc04g008760,1,1,1.624618,0.04654,GSM989348,False
Solyc04g008770,1,1,1.624618,0.04654,GSM989348,False
Solyc04g051580,1,1,1.624618,0.04654,GSM989348,False
Solyc04g051590,1,1,1.624618,0.04654,GSM989348,False
Solyc07g066390,1,1,1.612753,0.04654,GSM989348,False
Solyc07g066400,1,1,1.612753,0.04654,GSM989348,False
Solyc06g051930,1,2,1.611308,0.0019,GSM989347,False
Solyc05g052420,1,1,1.608966,0.04654,GSM989348,False
Solyc09g074600,1,1,1.603867,0.01654,GSM989349,False
Solyc09g074610,1,1,1.603867,0.01654,GSM989349,False
Solyc02g069800,1,1,1.586604,0.02778,GSM989349,False
Solyc01g108400,1,1,1.58558,0.00308,GSM989347,False
Solyc07g054270,1,1,1.578198,0.00237,GSM989347,False
Solyc09g089940,1,1,1.562742,0.0117,GSM989349,False
Solyc08g066310,1,1,1.554649,0.01714,GSM989349,False
Solyc08g066320,1,1,1.554649,0.01714,GSM989349,False
Solyc02g079380,1,1,1.551811,0.00421,GSM989347,False
Solyc02g079390,1,1,1.551811,0.00421,GSM989347,False
Solyc02g085940,1,1,1.551811,0.0,GSM989347,False
Solyc02g085950,1,1,1.551811,0.0,GSM989347,False
Solyc05g014280,1,2,1.550718,0.0,GSM989347,False
Solyc12g006230,1,1,1.550491,0.00183,GSM989347,False
Solyc11g072700,1,1,1.548838,0.01714,GSM989349,False
Solyc01g096760,1,1,1.547903,0.04306,GSM989348,False
Solyc01g096770,1,1,1.547903,0.04306,GSM989348,False
Solyc01g096780,1,1,1.547903,0.04306,GSM989348,False
Solyc10g083720,1,1,1.53963,0.00237,GSM989347,False
Solyc03g116370,1,2,1.533757,0.00387,GSM989347,False
Solyc03g116380,1,2,1.533757,0.00387,GSM989347,False
Solyc03g120400,1,1,1.533757,0.00387,GSM989347,False
Solyc06g024290,1,1,1.532062,0.04306,GSM989348,False
Solyc05g010450,1,1,1.530097,0.01775,GSM989349,False
Solyc00g024010,1,1,1.529092,0.0,GSM989349,False
Solyc09g092030,1,1,1.521618,0.01775,GSM989349,False
Solyc09g092040,1,1,1.521618,0.01775,GSM989349,False
Solyc01g098400,1,1,1.519514,0.00421,GSM989347,False
Solyc10g085440,1,1,1.518961,0.01811,GSM989349,False
Solyc10g085450,1,1,1.518961,0.01811,GSM989349,False
Solyc02g089990,1,2,1.518076,0.00541,GSM989347,False
Solyc07g041020,1,1,1.513782,0.00387,GSM989347,False
Solyc12g017250,1,1,1.511124,0.01775,GSM989349,False
Solyc09g065600,1,1,1.509891,0.00478,GSM989347,False
Solyc01g099520,1,1,1.509205,0.04593,GSM989348,False
Solyc09g030420,1,1,1.508591,0.04593,GSM989348,False
Solyc03g114830,1,1,1.495793,0.01775,GSM989349,False
Solyc11g008870,1,1,1.494674,0.04593,GSM989348,False
Solyc12g099920,1,1,1.489688,0.00237,GSM989347,False
Solyc05g007000,1,1,1.488743,0.01811,GSM989349,False
Solyc02g079430,1,1,1.484341,0.00619,GSM989347,False
Solyc06g053450,1,1,1.482404,0.00421,GSM989347,False
Solyc07g006630,1,1,1.481574,0.00421,GSM989347,False
Solyc10g084080,1,1,1.476788,0.00387,GSM989347,False
Solyc02g089810,1,1,1.476039,0.01754,GSM989348,False
Solyc03g032130,1,1,1.46849,0.00541,GSM989347,False
Solyc03g117570,1,1,1.46849,0.00541,GSM989347,False
Solyc03g120760,1,1,1.46849,0.00541,GSM989347,False
Solyc11g064850,1,1,1.46732,0.01811,GSM989349,False
Solyc04g049800,1,1,1.464971,0.01811,GSM989349,False
Solyc11g030610,1,1,1.456349,0.04167,GSM989348,False
Solyc11g030620,1,1,1.456349,0.04167,GSM989348,False
Solyc05g007230,1,1,1.455776,0.00162,GSM989347,False
Solyc06g024240,1,1,1.455459,0.04167,GSM989348,False
Solyc06g024250,1,1,1.455459,0.04167,GSM989348,False
Solyc06g024260,1,1,1.455459,0.04167,GSM989348,False
Solyc03g031880,1,1,1.455366,0.02456,GSM989349,False
Solyc01g073750,1,1,1.453449,0.00484,GSM989347,False
Solyc01g098600,1,1,1.453449,0.00619,GSM989347,False
Solyc01g110370,1,1,1.453449,0.00619,GSM989347,False
Solyc02g069240,1,1,1.450606,0.01215,GSM989347,False
Solyc02g090890,1,3,1.450606,0.00707,GSM989347,False
Solyc08g079700,1,1,1.449926,0.00541,GSM989347,False
Solyc07g041340,1,1,1.449366,0.00541,GSM989347,False
Solyc05g007020,1,1,1.447389,0.02102,GSM989349,False
Solyc05g007030,1,1,1.447389,0.02102,GSM989349,False
Solyc05g015640,1,1,1.447389,0.02572,GSM989349,False
Solyc07g007120,1,1,1.447252,0.02102,GSM989349,False
Solyc09g098420,1,1,1.446978,0.00421,GSM989347,False
Solyc03g112580,1,1,1.441693,0.04167,GSM989348,False
Solyc09g007280,1,1,1.439368,0.02102,GSM989349,False
Solyc02g014590,1,1,1.437196,0.01754,GSM989348,False
Solyc03g116670,1,1,1.435857,0.00619,GSM989347,False
Solyc03g116680,1,1,1.435857,0.00619,GSM989347,False
Solyc08g079450,1,1,1.431913,0.0355,GSM989349,False
Solyc02g031710,1,1,1.427944,0.01811,GSM989349,False
Solyc02g032250,1,1,1.427944,0.01811,GSM989349,False
Solyc02g082450,1,1,1.427944,0.01811,GSM989349,False
Solyc04g076810,1,1,1.424277,0.02102,GSM989349,False
Solyc05g006760,1,1,1.424129,0.00541,GSM989347,False
Solyc05g008090,1,1,1.424129,0.00541,GSM989347,False
Solyc05g055080,1,1,1.424129,0.00541,GSM989347,False
Solyc05g026480,1,1,1.421877,0.04167,GSM989348,False
Solyc01g067090,1,1,1.420416,0.00464,GSM989347,False
Solyc01g095430,1,1,1.420416,0.00707,GSM989347,False
Solyc01g095440,1,1,1.420416,0.00707,GSM989347,False
Solyc01g109120,1,1,1.420416,0.00707,GSM989347,False
Solyc01g109650,1,1,1.420416,0.01108,GSM989347,False
Solyc01g111580,1,1,1.420416,0.00464,GSM989347,False
Solyc06g005150,1,1,1.417951,0.00619,GSM989347,False
Solyc08g007380,1,1,1.417706,0.00619,GSM989347,False
Solyc07g042550,1,1,1.417158,0.00619,GSM989347,False
Solyc02g072530,1,1,1.416871,0.00898,GSM989347,False
Solyc02g085140,1,1,1.416871,0.00898,GSM989347,False
Solyc02g089660,1,1,1.416871,0.00898,GSM989347,False
Solyc09g011540,1,1,1.415522,0.00541,GSM989347,False
Solyc09g011550,1,1,1.415522,0.00541,GSM989347,False
Solyc09g011560,1,1,1.415522,0.00541,GSM989347,False
Solyc04g008250,1,1,1.414948,0.00619,GSM989347,False
Solyc04g055090,1,1,1.414948,0.00619,GSM989347,False
Solyc04g082050,1,1,1.414948,0.00619,GSM989347,False
Solyc03g006060,1,1,1.41494,0.02102,GSM989349,False
Solyc03g019830,1,1,1.41494,0.02572,GSM989349,False
Solyc03g082620,1,1,1.41494,0.02102,GSM989349,False
Solyc03g082630,1,1,1.41494,0.02102,GSM989349,False
Solyc03g082970,1,1,1.41494,0.02102,GSM989349,False
Solyc03g082980,1,1,1.41494,0.02102,GSM989349,False
Solyc03g120690,1,1,1.41494,0.02102,GSM989349,False
Solyc03g120700,1,1,1.41494,0.02102,GSM989349,False
Solyc01g099040,1,1,1.414014,0.03545,GSM989349,False
Solyc10g009120,1,2,1.413946,0.00541,GSM989347,False
Solyc10g080230,1,1,1.413946,0.00541,GSM989347,False
Solyc10g080240,1,1,1.413946,0.00541,GSM989347,False
Solyc05g056400,1,1,1.406035,0.02408,GSM989349,False
Solyc12g005980,1,1,1.405313,0.04167,GSM989348,False
Solyc12g005990,1,1,1.405313,0.04167,GSM989348,False
Solyc08g076090,1,1,1.398939,0.02359,GSM989348,False
Solyc09g064720,1,1,1.398243,0.02408,GSM989349,False
Solyc00g007300,1,1,1.39359,0.02138,GSM989347,False
Solyc05g013220,1,1,1.392481,0.00619,GSM989347,False
Solyc10g024430,1,1,1.392381,0.02831,GSM989349,False
Solyc06g076790,1,1,1.391037,0.01619,GSM989349,False
Solyc06g076800,1,1,1.391037,0.01619,GSM989349,False
Solyc12g005740,1,1,1.3886,0.02408,GSM989349,False
Solyc12g005750,1,1,1.3886,0.02408,GSM989349,False
Solyc12g005760,1,1,1.3886,0.02408,GSM989349,False
Solyc12g096040,1,1,1.3886,0.02408,GSM989349,False
Solyc02g005090,1,1,1.388279,0.02102,GSM989349,False
Solyc02g072220,1,1,1.388279,0.02102,GSM989349,False
Solyc01g099620,1,2,1.387383,0.00898,GSM989347,False
Solyc01g101130,1,1,1.387383,0.00898,GSM989347,False
Solyc01g102750,1,1,1.387383,0.00898,GSM989347,False
Solyc01g108620,1,1,1.387383,0.00898,GSM989347,False
Solyc01g110610,1,1,1.387383,0.00898,GSM989347,False
Solyc08g077180,1,1,1.385485,0.00707,GSM989347,False
Solyc08g077190,1,1,1.385485,0.00707,GSM989347,False
Solyc08g081400,1,1,1.385485,0.00707,GSM989347,False
Solyc07g006600,1,1,1.38495,0.00707,GSM989347,False
Solyc07g032100,1,1,1.38495,0.01108,GSM989347,False
Solyc07g043580,1,1,1.38495,0.00707,GSM989347,False
Solyc07g052470,1,1,1.38495,0.01108,GSM989347,False
Solyc07g053740,1,1,1.38495,0.01504,GSM989347,False
Solyc02g081230,1,1,1.383136,0.01027,GSM989347,False
Solyc02g081240,1,1,1.383136,0.01027,GSM989347,False
Solyc02g081320,1,1,1.383136,0.01161,GSM989347,False
Solyc02g081330,1,1,1.383136,0.01161,GSM989347,False
Solyc02g088630,1,1,1.383136,0.01161,GSM989347,False
Solyc02g092240,1,1,1.383136,0.01161,GSM989347,False
Solyc04g080270,1,1,1.38279,0.00707,GSM989347,False
Solyc04g080280,1,1,1.38279,0.00707,GSM989347,False
Solyc11g006410,1,1,1.378347,0.00541,GSM989347,False
Solyc03g110940,1,1,1.374513,0.02632,GSM989349,False
Solyc01g007190,1,1,1.372425,0.02726,GSM989349,False
Solyc01g094320,1,1,1.372425,0.02726,GSM989349,False
Solyc01g101140,1,1,1.372425,0.02726,GSM989349,False
Solyc03g114550,1,1,1.370591,0.00898,GSM989347,False
Solyc03g114560,1,1,1.370591,0.00898,GSM989347,False
Solyc03g114570,1,1,1.370591,0.00898,GSM989347,False
Solyc03g117390,1,1,1.370591,0.00898,GSM989347,False
Solyc12g095790,1,1,1.36808,0.00541,GSM989347,False
Solyc07g043110,1,1,1.364552,0.02831,GSM989349,False
Solyc07g065190,1,1,1.364552,0.02726,GSM989349,False
Solyc05g055020,1,1,1.360834,0.00707,GSM989347,False
Solyc02g089520,1,1,1.35951,0.03421,GSM989348,False
Solyc02g089530,1,1,1.35951,0.03421,GSM989348,False
Solyc09g008150,1,1,1.357118,0.0307,GSM989349,False
Solyc09g008160,1,1,1.357118,0.0307,GSM989349,False
Solyc09g059130,1,1,1.357118,0.02757,GSM989349,False
Solyc00g179240,1,1,1.356916,0.01119,GSM989347,False
Solyc01g094580,1,1,1.354415,0.03421,GSM989348,False
Solyc01g079810,1,1,1.35435,0.00668,GSM989347,False
Solyc01g080380,1,1,1.35435,0.01161,GSM989347,False
Solyc01g102340,1,1,1.35435,0.01161,GSM989347,False
Solyc01g103090,1,1,1.35435,0.01161,GSM989347,False
Solyc01g103100,1,1,1.35435,0.01161,GSM989347,False
Solyc01g107080,1,1,1.35435,0.01161,GSM989347,False
Solyc01g107090,1,2,1.35435,0.01161,GSM989347,False
Solyc01g107100,1,2,1.35435,0.01161,GSM989347,False
Solyc01g107110,1,2,1.35435,0.01161,GSM989347,False
Solyc01g111750,1,1,1.35435,0.01161,GSM989347,False
Solyc01g111760,1,1,1.35435,0.01161,GSM989347,False
Solyc06g065210,1,1,1.353499,0.01253,GSM989347,False
Solyc08g006460,1,1,1.353265,0.00898,GSM989347,False
Solyc08g080950,1,1,1.353265,0.01238,GSM989347,False
Solyc08g081070,1,1,1.353265,0.00898,GSM989347,False
Solyc07g056410,1,1,1.352741,0.00898,GSM989347,False
Solyc07g056420,1,1,1.352741,0.00898,GSM989347,False
Solyc07g063150,1,1,1.352741,0.00898,GSM989347,False
Solyc07g063750,1,1,1.352741,0.00898,GSM989347,False
Solyc07g065790,1,1,1.352741,0.00898,GSM989347,False
Solyc09g066010,1,1,1.35261,0.00707,GSM989347,False
Solyc10g007070,1,1,1.351104,0.00707,GSM989347,False
Solyc10g011660,1,2,1.351104,0.00694,GSM989347,False
Solyc10g079490,1,1,1.351104,0.00707,GSM989347,False
Solyc10g079500,1,1,1.351104,0.00707,GSM989347,False
Solyc04g057860,1,1,1.350632,0.00898,GSM989347,False
Solyc04g057870,1,1,1.350632,0.00898,GSM989347,False
Solyc10g008450,1,1,1.350188,0.03154,GSM989349,False
Solyc10g051030,1,1,1.350188,0.03154,GSM989349,False
Solyc08g082310,1,1,1.35009,0.02757,GSM989349,False
Solyc08g082320,1,1,1.35009,0.02757,GSM989349,False
Solyc02g083270,1,1,1.349401,0.00694,GSM989347,False
Solyc02g083280,1,1,1.349401,0.00694,GSM989347,False
Solyc02g086930,1,1,1.349401,0.01439,GSM989347,False
Solyc02g093440,1,1,1.349401,0.01439,GSM989347,False
Solyc02g090750,1,1,1.348614,0.02408,GSM989349,False
Solyc12g014480,1,1,1.347759,0.02726,GSM989349,False
Solyc12g014490,1,1,1.347759,0.02726,GSM989349,False
Solyc11g008070,1,1,1.347717,0.00619,GSM989347,False
Solyc11g008080,1,1,1.347717,0.00619,GSM989347,False
Solyc11g008960,1,1,1.347717,0.00619,GSM989347,False
Solyc11g066620,1,1,1.347717,0.00619,GSM989347,False
Solyc11g008200,1,1,1.345044,0.02726,GSM989349,False
Solyc04g007260,1,1,1.34289,0.02726,GSM989349,False
Solyc04g007270,1,1,1.34289,0.02726,GSM989349,False
Solyc04g011360,1,2,1.34289,0.02831,GSM989349,False
Solyc04g011370,1,2,1.34289,0.02831,GSM989349,False
Solyc04g079140,1,1,1.34289,0.02726,GSM989349,False
Solyc03g007950,1,1,1.337958,0.01373,GSM989347,False
Solyc03g007960,1,1,1.337958,0.01373,GSM989347,False
Solyc03g031430,1,1,1.337958,0.01161,GSM989347,False
Solyc03g031440,1,1,1.337958,0.01161,GSM989347,False
Solyc03g082520,1,1,1.337958,0.01161,GSM989347,False
Solyc03g097930,1,1,1.337958,0.01161,GSM989347,False
Solyc03g097940,1,1,1.337958,0.01161,GSM989347,False
Solyc03g098690,1,1,1.337958,0.01161,GSM989347,False
Solyc03g118830,1,1,1.337958,0.01161,GSM989347,False
Solyc03g118840,1,1,1.337958,0.01161,GSM989347,False
Solyc03g123790,1,1,1.337958,0.01161,GSM989347,False
Solyc12g088920,1,1,1.337679,0.00484,GSM989347,False
Solyc03g044380,1,1,1.334086,0.02757,GSM989349,False
Solyc01g081410,1,1,1.330836,0.03154,GSM989349,False
Solyc01g081420,1,1,1.330836,0.03154,GSM989349,False
Solyc01g094950,1,2,1.330836,0.03154,GSM989349,False
Solyc01g094960,1,1,1.330836,0.03154,GSM989349,False
Solyc01g109660,1,1,1.330836,0.03154,GSM989349,False
Solyc05g012440,1,1,1.329187,0.00898,GSM989347,False
Solyc05g018220,1,1,1.329187,0.00898,GSM989347,False
Solyc05g018230,1,1,1.329187,0.00898,GSM989347,False
Solyc05g053510,1,1,1.329187,0.00554,GSM989347,False
Solyc01g088700,1,1,1.321317,0.01439,GSM989347,False
Solyc01g090950,1,1,1.321317,0.01439,GSM989347,False
Solyc01g095470,1,2,1.321317,0.01439,GSM989347,False
Solyc01g097920,1,1,1.321317,0.01032,GSM989347,False
Solyc01g102420,1,1,1.321317,0.01439,GSM989347,False
Solyc01g110310,1,1,1.321317,0.0188,GSM989347,False
Solyc06g035970,1,1,1.321273,0.00668,GSM989347,False
Solyc06g073290,1,1,1.321273,0.01161,GSM989347,False
Solyc06g083460,1,1,1.321273,0.01161,GSM989347,False
Solyc09g018230,1,1,1.321154,0.00898,GSM989347,False
Solyc09g065640,1,1,1.321154,0.00898,GSM989347,False
Solyc08g005440,1,1,1.321044,0.01161,GSM989347,False
Solyc08g008150,1,1,1.321044,0.01161,GSM989347,False
Solyc08g078670,1,1,1.321044,0.01161,GSM989347,False
Solyc07g045000,1,1,1.320533,0.01161,GSM989347,False
Solyc07g066220,1,1,1.320533,0.00668,GSM989347,False
Solyc10g007490,1,1,1.319683,0.00898,GSM989347,False
Solyc10g085850,1,2,1.319683,0.00554,GSM989347,False
Solyc04g058150,1,1,1.318474,0.01161,GSM989347,False
Solyc04g077350,1,1,1.318474,0.01161,GSM989347,False
Solyc04g077360,1,1,1.318474,0.01161,GSM989347,False
Solyc04g078400,1,1,1.318474,0.01027,GSM989347,False
Solyc04g082600,1,1,1.318474,0.01161,GSM989347,False
Solyc04g082610,1,1,1.318474,0.01161,GSM989347,False
Solyc11g068950,1,1,1.317087,0.00707,GSM989347,False
Solyc09g010420,1,1,1.315994,0.02947,GSM989349,False
Solyc09g010430,1,1,1.315994,0.02947,GSM989349,False
Solyc09g013150,1,1,1.315994,0.03154,GSM989349,False
Solyc09g014250,1,1,1.315994,0.03154,GSM989349,False
Solyc09g074230,1,1,1.315994,0.03154,GSM989349,False
Solyc09g090920,1,1,1.315994,0.03154,GSM989349,False
Solyc09g090930,1,1,1.315994,0.03154,GSM989349,False
Solyc02g068910,1,1,1.315666,0.01702,GSM989347,False
Solyc02g070290,1,1,1.315666,0.01702,GSM989347,False
Solyc02g070300,1,1,1.315666,0.01702,GSM989347,False
Solyc02g076860,1,1,1.315666,0.00686,GSM989347,False
Solyc02g076870,1,1,1.315666,0.00686,GSM989347,False
Solyc02g078880,1,1,1.315666,0.00686,GSM989347,False
Solyc02g078890,1,1,1.315666,0.00686,GSM989347,False
Solyc02g080410,1,1,1.315666,0.01702,GSM989347,False
Solyc02g080420,1,1,1.315666,0.01702,GSM989347,False
Solyc02g082690,1,1,1.315666,0.01702,GSM989347,False
Solyc02g086820,1,1,1.315666,0.01702,GSM989347,False
Solyc02g088340,1,1,1.315666,0.00805,GSM989347,False
Solyc02g089980,1,1,1.315666,0.01702,GSM989347,False
Solyc02g090820,1,2,1.315666,0.01702,GSM989347,False
Solyc02g090830,1,1,1.315666,0.01702,GSM989347,False
Solyc06g083350,1,1,1.313757,0.02408,GSM989349,False
Solyc06g083360,1,1,1.313757,0.02408,GSM989349,False
Solyc06g084310,1,1,1.313757,0.02408,GSM989349,False
Solyc06g084330,1,1,1.313757,0.02408,GSM989349,False
Solyc07g022790,1,1,1.312706,0.02392,GSM989348,False
Solyc02g021050,1,1,1.308949,0.02726,GSM989349,False
Solyc02g091100,1,1,1.308949,0.02726,GSM989349,False
Solyc02g093110,1,1,1.308949,0.02726,GSM989349,False
Solyc02g093980,1,1,1.308949,0.02726,GSM989349,False
Solyc10g074730,1,1,1.307994,0.03862,GSM989349,False
Solyc12g011310,1,2,1.307277,0.00707,GSM989347,False
Solyc12g011320,1,2,1.307277,0.00707,GSM989347,False
Solyc12g011330,1,2,1.307277,0.00707,GSM989347,False
Solyc12g089160,1,1,1.307277,0.01108,GSM989347,False
Solyc12g096300,1,1,1.306918,0.03154,GSM989349,False
Solyc12g096310,1,1,1.306918,0.03154,GSM989349,False
Solyc03g098750,1,1,1.305325,0.01439,GSM989347,False
Solyc03g116450,1,1,1.305325,0.00694,GSM989347,False
Solyc03g119370,1,1,1.305325,0.00694,GSM989347,False
Solyc03g120930,1,1,1.305325,0.01032,GSM989347,False
Solyc03g123850,1,1,1.305325,0.01439,GSM989347,False
Solyc03g123860,1,1,1.305325,0.01439,GSM989347,False
Solyc11g011400,1,2,1.304285,0.03154,GSM989349,False
Solyc11g011410,1,1,1.304285,0.03154,GSM989349,False
Solyc04g054810,1,1,1.302196,0.03154,GSM989349,False
Solyc04g079950,1,1,1.302196,0.02817,GSM989349,False
Solyc04g081550,1,1,1.302196,0.03154,GSM989349,False
Solyc04g082700,1,1,1.302196,0.03154,GSM989349,False
Solyc04g082710,1,1,1.302196,0.03154,GSM989349,False
Solyc05g010810,1,1,1.297539,0.00668,GSM989347,False
Solyc03g006110,1,1,1.293659,0.03154,GSM989349,False
Solyc03g006120,1,1,1.293659,0.03154,GSM989349,False
Solyc03g025450,1,1,1.293659,0.03154,GSM989349,False
Solyc03g025460,1,1,1.293659,0.03154,GSM989349,False
Solyc03g111610,1,1,1.293659,0.03154,GSM989349,False
Solyc03g122120,1,1,1.293659,0.03154,GSM989349,False
Solyc03g122130,1,1,1.293659,0.03154,GSM989349,False
Solyc09g014910,1,1,1.289698,0.01161,GSM989347,False
Solyc09g014920,1,1,1.289698,0.01161,GSM989347,False
Solyc09g014930,1,1,1.289698,0.01161,GSM989347,False
Solyc09g090050,1,1,1.289698,0.01161,GSM989347,False
Solyc09g090060,1,1,1.289698,0.01161,GSM989347,False
Solyc09g090200,1,1,1.289698,0.01161,GSM989347,False
Solyc09g091430,1,1,1.289698,0.00668,GSM989347,False
Solyc01g005560,1,1,1.289248,0.03862,GSM989349,False
Solyc01g009830,1,1,1.289248,0.03862,GSM989349,False
Solyc01g079750,1,1,1.289248,0.03862,GSM989349,False
Solyc01g079760,1,1,1.289248,0.03862,GSM989349,False
Solyc01g081030,1,1,1.289248,0.03862,GSM989349,False
Solyc01g095300,1,1,1.289248,0.03177,GSM989349,False
Solyc01g095910,1,2,1.289248,0.03216,GSM989349,False
Solyc01g095920,1,2,1.289248,0.03216,GSM989349,False
Solyc01g095930,1,2,1.289248,0.03216,GSM989349,False
Solyc01g095940,1,2,1.289248,0.03216,GSM989349,False
Solyc01g095950,1,2,1.289248,0.03216,GSM989349,False
Solyc01g100200,1,1,1.289248,0.03177,GSM989349,False
Solyc01g104650,1,1,1.289248,0.0386,GSM989349,False
Solyc06g048810,1,1,1.289047,0.01439,GSM989347,False
Solyc06g065330,1,1,1.289047,0.01439,GSM989347,False
Solyc08g076400,1,1,1.288824,0.01439,GSM989347,False
Solyc08g076410,1,1,1.288824,0.01439,GSM989347,False
Solyc08g077150,1,2,1.288824,0.01439,GSM989347,False
Solyc08g080100,1,1,1.288824,0.01439,GSM989347,False
Solyc07g045480,1,1,1.288325,0.01439,GSM989347,False
Solyc07g056670,1,1,1.288325,0.00694,GSM989347,False
Solyc07g064660,1,1,1.288325,0.01439,GSM989347,False
Solyc07g064670,1,1,1.288325,0.01439,GSM989347,False
Solyc01g006820,1,1,1.288284,0.01702,GSM989347,False
Solyc01g080200,1,1,1.288284,0.01702,GSM989347,False
Solyc01g090910,1,1,1.288284,0.00949,GSM989347,False
Solyc10g005480,1,1,1.288262,0.01161,GSM989347,False
Solyc10g018000,1,1,1.288262,0.01161,GSM989347,False
Solyc10g051120,1,2,1.288262,0.01161,GSM989347,False
Solyc10g074880,1,1,1.288262,0.00668,GSM989347,False
Solyc10g078310,1,1,1.288262,0.01027,GSM989347,False
Solyc10g083140,1,2,1.288262,0.01161,GSM989347,False
Solyc11g017470,1,1,1.286457,0.00554,GSM989347,False
Solyc11g066380,1,1,1.286457,0.00898,GSM989347,False
Solyc11g069270,1,1,1.286457,0.00898,GSM989347,False
Solyc04g009370,1,1,1.286316,0.01439,GSM989347,False
Solyc04g009380,1,1,1.286316,0.01439,GSM989347,False
Solyc04g014760,1,1,1.286316,0.01439,GSM989347,False
Solyc04g014770,1,1,1.286316,0.01439,GSM989347,False
Solyc04g054780,1,1,1.286316,0.01439,GSM989347,False
Solyc04g074710,1,1,1.286316,0.01439,GSM989347,False
Solyc00g130190,1,1,1.283569,0.03815,GSM989347,False
Solyc00g130290,1,1,1.283569,0.03815,GSM989347,False
Solyc00g280110,1,1,1.283569,0.03815,GSM989347,False
Solyc02g071100,1,1,1.281931,0.02138,GSM989347,False
Solyc02g079010,1,1,1.281931,0.02138,GSM989347,False
Solyc02g090900,1,1,1.281931,0.02138,GSM989347,False
Solyc02g092000,1,1,1.281931,0.02138,GSM989347,False
Solyc02g093170,1,1,1.281931,0.01991,GSM989347,False
Solyc07g005190,1,1,1.281851,0.03862,GSM989349,False
Solyc07g005200,1,1,1.281851,0.03862,GSM989349,False
Solyc12g100350,1,1,1.276875,0.00898,GSM989347,False
Solyc07g005480,1,1,1.2752,0.04541,GSM989348,False
Solyc06g083430,1,1,1.275117,0.0307,GSM989349,False
Solyc06g083440,1,1,1.275117,0.0307,GSM989349,False
Solyc06g083890,1,1,1.275117,0.02726,GSM989349,False
Solyc09g065670,1,1,1.274869,0.03862,GSM989349,False
Solyc03g006070,1,1,1.272692,0.01702,GSM989347,False
Solyc03g006080,1,1,1.272692,0.01702,GSM989347,False
Solyc03g082500,1,1,1.272692,0.01702,GSM989347,False
Solyc03g114310,1,1,1.272692,0.01702,GSM989347,False
Solyc03g117420,1,1,1.272692,0.01702,GSM989347,False
Solyc03g118450,1,1,1.272692,0.00805,GSM989347,False
Solyc03g118470,1,1,1.272692,0.00805,GSM989347,False
Solyc03g119430,1,1,1.272692,0.00805,GSM989347,False
Solyc03g119440,1,1,1.272692,0.00805,GSM989347,False
Solyc02g064690,1,1,1.269284,0.03154,GSM989349,False
Solyc02g069930,1,1,1.269284,0.03154,GSM989349,False
Solyc02g077780,1,1,1.269284,0.03154,GSM989349,False
Solyc08g007830,1,1,1.268266,0.03177,GSM989349,False
Solyc08g078030,1,1,1.268266,0.03177,GSM989349,False
Solyc08g078040,1,1,1.268266,0.03177,GSM989349,False
Solyc08g078050,1,1,1.268266,0.03177,GSM989349,False
Solyc08g078510,1,1,1.268266,0.03862,GSM989349,False
Solyc08g078520,1,1,1.268266,0.03862,GSM989349,False
Solyc08g082280,1,1,1.268266,0.03177,GSM989349,False
Solyc12g014110,1,1,1.266077,0.03862,GSM989349,False
Solyc12g096470,1,1,1.266077,0.03862,GSM989349,False
Solyc12g096480,1,1,1.266077,0.03862,GSM989349,False
Solyc05g054670,1,1,1.265892,0.00694,GSM989347,False
Solyc10g006160,1,1,1.265801,0.04612,GSM989349,False
Solyc10g077030,1,1,1.265801,0.03517,GSM989349,False
Solyc10g077040,1,1,1.265801,0.03517,GSM989349,False
Solyc10g080010,1,1,1.265801,0.03517,GSM989349,False
Solyc10g080020,1,1,1.265801,0.03517,GSM989349,False
Solyc11g007590,1,1,1.263526,0.03177,GSM989349,False
Solyc04g005380,1,1,1.261503,0.03862,GSM989349,False
Solyc04g014570,1,1,1.261503,0.03862,GSM989349,False
Solyc04g025840,1,1,1.261503,0.03862,GSM989349,False
Solyc04g025850,1,1,1.261503,0.03862,GSM989349,False
Solyc04g025860,1,1,1.261503,0.03862,GSM989349,False
Solyc04g078090,1,1,1.261503,0.03017,GSM989349,False
Solyc04g081590,1,1,1.261503,0.03862,GSM989349,False
Solyc09g065760,1,1,1.258242,0.01439,GSM989347,False
Solyc09g065910,1,1,1.258242,0.01439,GSM989347,False
Solyc09g065920,1,1,1.258242,0.01439,GSM989347,False
Solyc10g083220,1,2,1.256841,0.01439,GSM989347,False
Solyc10g083230,1,2,1.256841,0.01439,GSM989347,False
Solyc10g083990,1,1,1.256841,0.01439,GSM989347,False
Solyc10g084000,1,1,1.256841,0.01439,GSM989347,False
Solyc06g005650,1,1,1.256821,0.01702,GSM989347,False
Solyc06g065020,1,1,1.256821,0.02105,GSM989347,False
Solyc06g068790,1,1,1.256821,0.00949,GSM989347,False
Solyc06g068800,1,1,1.256821,0.00949,GSM989347,False
Solyc06g071990,1,1,1.256821,0.01702,GSM989347,False
Solyc06g072090,1,1,1.256821,0.00805,GSM989347,False
Solyc08g080310,1,1,1.256603,0.00949,GSM989347,False
Solyc07g043290,1,1,1.256117,0.00805,GSM989347,False
Solyc07g043300,1,1,1.256117,0.00805,GSM989347,False
Solyc07g053910,1,1,1.256117,0.01702,GSM989347,False
Solyc07g054430,1,1,1.256117,0.01702,GSM989347,False
Solyc07g065220,1,1,1.256117,0.00805,GSM989347,False
Solyc07g065230,1,1,1.256117,0.00805,GSM989347,False
Solyc07g065280,1,1,1.256117,0.00805,GSM989347,False
Solyc11g010570,1,1,1.255827,0.01161,GSM989347,False
Solyc11g071530,1,1,1.255827,0.01161,GSM989347,False
Solyc11g071540,1,1,1.255827,0.01161,GSM989347,False
Solyc01g008700,1,1,1.255251,0.02138,GSM989347,False
Solyc01g008710,1,1,1.255251,0.02138,GSM989347,False
Solyc01g065690,1,1,1.255251,0.02138,GSM989347,False
Solyc01g090700,1,1,1.255251,0.02138,GSM989347,False
Solyc01g090710,1,1,1.255251,0.02138,GSM989347,False
Solyc01g091200,1,2,1.255251,0.02138,GSM989347,False
Solyc01g100670,1,1,1.255251,0.02138,GSM989347,False
Solyc01g100680,1,1,1.255251,0.02138,GSM989347,False
Solyc01g100690,1,1,1.255251,0.02138,GSM989347,False
Solyc01g111560,1,1,1.255251,0.02138,GSM989347,False
Solyc04g008230,1,1,1.254158,0.00805,GSM989347,False
Solyc04g012170,1,1,1.254158,0.01702,GSM989347,False
Solyc04g054890,1,1,1.254158,0.01702,GSM989347,False
Solyc04g071140,1,1,1.254158,0.01702,GSM989347,False
Solyc04g077590,1,1,1.254158,0.01702,GSM989347,False
Solyc04g082140,1,1,1.254158,0.01702,GSM989347,False
Solyc04g082150,1,1,1.254158,0.01702,GSM989347,False
Solyc03g019960,1,1,1.253232,0.03862,GSM989349,False
Solyc03g034380,1,1,1.253232,0.03862,GSM989349,False
Solyc03g082930,1,1,1.253232,0.03862,GSM989349,False
Solyc03g082940,1,1,1.253232,0.03862,GSM989349,False
Solyc03g083400,1,1,1.253232,0.0386,GSM989349,False
Solyc03g096960,1,1,1.253232,0.03862,GSM989349,False
Solyc03g098240,1,1,1.253232,0.03862,GSM989349,False
Solyc03g114030,1,1,1.253232,0.03177,GSM989349,False
Solyc03g115520,1,1,1.253232,0.03862,GSM989349,False
Solyc03g115530,1,1,1.253232,0.03862,GSM989349,False
Solyc03g118480,1,1,1.253232,0.03862,GSM989349,False
Solyc03g118490,1,1,1.253232,0.03862,GSM989349,False
Solyc03g123710,1,1,1.253232,0.03862,GSM989349,False
Solyc03g123720,1,1,1.253232,0.03862,GSM989349,False
Solyc03g123730,1,1,1.253232,0.03862,GSM989349,False
Solyc02g065170,1,1,1.248196,0.02579,GSM989347,False
Solyc02g069290,1,1,1.248196,0.01119,GSM989347,False
Solyc02g076850,1,1,1.248196,0.02579,GSM989347,False
Solyc02g079230,1,1,1.248196,0.0078,GSM989347,False
Solyc02g083610,1,1,1.248196,0.02579,GSM989347,False
Solyc02g083620,1,1,1.248196,0.02579,GSM989347,False
Solyc02g087710,1,1,1.248196,0.01119,GSM989347,False
Solyc02g087730,1,1,1.248196,0.01119,GSM989347,False
Solyc02g090980,1,1,1.248196,0.02579,GSM989347,False
Solyc01g068250,1,1,1.247659,0.03517,GSM989349,False
Solyc01g068500,1,1,1.247659,0.04612,GSM989349,False
Solyc01g090270,1,1,1.247659,0.04612,GSM989349,False
Solyc01g099600,1,1,1.247659,0.04612,GSM989349,False
Solyc01g099610,1,1,1.247659,0.04612,GSM989349,False
Solyc00g104210,1,1,1.246896,0.04728,GSM989347,False
Solyc00g104310,1,1,1.246896,0.04728,GSM989347,False
Solyc00g300730,1,1,1.246896,0.04728,GSM989347,False
Solyc12g007220,1,1,1.246473,0.01161,GSM989347,False
Solyc12g010830,1,1,1.246473,0.01161,GSM989347,False
Solyc12g010840,1,1,1.246473,0.01161,GSM989347,False
Solyc12g043120,1,1,1.246473,0.01161,GSM989347,False
Solyc05g012040,1,1,1.240619,0.04612,GSM989349,False
Solyc07g042080,1,1,1.240501,0.04612,GSM989349,False
Solyc07g052060,1,1,1.240501,0.04612,GSM989349,False
Solyc03g071700,1,1,1.240058,0.02138,GSM989347,False
Solyc06g009320,1,1,1.236477,0.03154,GSM989349,False
Solyc06g009340,1,1,1.236477,0.03154,GSM989349,False
Solyc06g050980,1,1,1.236477,0.03154,GSM989349,False
Solyc06g069420,1,1,1.236477,0.03154,GSM989349,False
Solyc06g071100,1,1,1.236477,0.03154,GSM989349,False
Solyc06g074380,1,1,1.236477,0.03154,GSM989349,False
Solyc06g074950,1,1,1.236477,0.03154,GSM989349,False
Solyc06g083840,1,1,1.236477,0.03154,GSM989349,False
Solyc06g083850,1,1,1.236477,0.03154,GSM989349,False
Solyc05g009330,1,1,1.234245,0.00949,GSM989347,False
Solyc05g009340,1,1,1.234245,0.00949,GSM989347,False
Solyc05g009350,1,1,1.234245,0.00949,GSM989347,False
Solyc05g013060,1,1,1.234245,0.01702,GSM989347,False
Solyc05g053500,1,1,1.234245,0.01702,GSM989347,False
Solyc09g005310,1,1,1.233744,0.04612,GSM989349,False
Solyc09g064530,1,1,1.233744,0.04612,GSM989349,False
Solyc02g021230,1,1,1.229618,0.0386,GSM989349,False
Solyc02g063160,1,1,1.229618,0.03862,GSM989349,False
Solyc02g064860,1,1,1.229618,0.03177,GSM989349,False
Solyc02g064870,1,1,1.229618,0.03177,GSM989349,False
Solyc02g068120,1,1,1.229618,0.0386,GSM989349,False
Solyc02g068130,1,1,1.229618,0.0386,GSM989349,False
Solyc02g071430,1,1,1.229618,0.03862,GSM989349,False
Solyc02g084370,1,1,1.229618,0.03862,GSM989349,False
Solyc02g092650,1,1,1.229618,0.03862,GSM989349,False
Solyc02g092660,1,1,1.229618,0.03862,GSM989349,False
Solyc02g093770,1,1,1.229618,0.03862,GSM989349,False
Solyc02g093780,1,1,1.229618,0.03862,GSM989349,False
Solyc02g094360,1,1,1.229618,0.03862,GSM989349,False
Solyc08g065210,1,1,1.227354,0.03125,GSM989349,False
Solyc08g068070,1,1,1.227354,0.04612,GSM989349,False
Solyc08g078990,1,1,1.227354,0.03517,GSM989349,False
Solyc09g008560,1,1,1.226786,0.00949,GSM989347,False
Solyc09g011660,1,1,1.226786,0.01702,GSM989347,False
Solyc09g011670,1,1,1.226786,0.01702,GSM989347,False
Solyc09g014370,1,1,1.226786,0.01702,GSM989347,False
Solyc09g014380,1,1,1.226786,0.01702,GSM989347,False
Solyc09g066360,1,1,1.226786,0.01702,GSM989347,False
Solyc09g082050,1,1,1.226786,0.00805,GSM989347,False
Solyc09g089930,1,1,1.226786,0.01702,GSM989347,False
Solyc11g005660,1,1,1.226399,0.03993,GSM989348,False
Solyc11g005670,1,1,1.226399,0.03993,GSM989348,False
Solyc10g005910,1,1,1.22542,0.01702,GSM989347,False
Solyc10g005920,1,1,1.22542,0.01702,GSM989347,False
Solyc10g006140,1,1,1.22542,0.00805,GSM989347,False
Solyc10g008410,1,1,1.22542,0.01702,GSM989347,False
Solyc10g017980,1,1,1.22542,0.01702,GSM989347,False
Solyc10g083320,1,1,1.22542,0.01702,GSM989347,False
Solyc10g083330,1,1,1.22542,0.01702,GSM989347,False
Solyc12g044260,1,1,1.225236,0.04612,GSM989349,False
Solyc12g044270,1,1,1.225236,0.04612,GSM989349,False
Solyc12g097060,1,1,1.225236,0.03517,GSM989349,False
Solyc11g005560,1,1,1.225197,0.01439,GSM989347,False
Solyc11g011110,1,1,1.225197,0.01439,GSM989347,False
Solyc11g011120,1,1,1.225197,0.01439,GSM989347,False
Solyc11g011990,1,1,1.225197,0.01439,GSM989347,False
Solyc11g066360,1,1,1.225197,0.01439,GSM989347,False
Solyc11g069950,1,1,1.225197,0.01032,GSM989347,False
Solyc06g008610,1,1,1.224594,0.02138,GSM989347,False
Solyc08g007810,1,1,1.224382,0.02138,GSM989347,False
Solyc08g067100,1,1,1.224382,0.02138,GSM989347,False
Solyc08g079630,1,1,1.224382,0.02138,GSM989347,False
Solyc08g079640,1,1,1.224382,0.02138,GSM989347,False
Solyc08g080180,1,1,1.224382,0.00972,GSM989347,False
Solyc07g026650,1,1,1.223909,0.02138,GSM989347,False
Solyc07g066170,1,1,1.223909,0.02138,GSM989347,False
Solyc07g066180,1,1,1.223909,0.02138,GSM989347,False
Solyc10g009420,1,1,1.223608,0.04054,GSM989349,False
Solyc11g005780,1,1,1.222767,0.04612,GSM989349,False
Solyc11g006720,1,1,1.222767,0.03125,GSM989349,False
Solyc11g013490,1,1,1.222767,0.04612,GSM989349,False
Solyc11g064930,1,1,1.222767,0.04612,GSM989349,False
Solyc01g096510,1,1,1.222218,0.02579,GSM989347,False
Solyc01g096520,1,1,1.222218,0.02579,GSM989347,False
Solyc01g096750,1,1,1.222218,0.01119,GSM989347,False
Solyc01g097790,1,1,1.222218,0.02579,GSM989347,False
Solyc01g100320,1,1,1.222218,0.02579,GSM989347,False
Solyc01g100330,1,1,1.222218,0.02579,GSM989347,False
Solyc04g076080,1,1,1.222,0.02138,GSM989347,False
Solyc04g076090,1,1,1.222,0.02138,GSM989347,False
Solyc04g005520,1,1,1.220809,0.04612,GSM989349,False
Solyc04g005530,1,1,1.220809,0.04612,GSM989349,False
Solyc04g005540,1,1,1.220809,0.04612,GSM989349,False
Solyc04g009900,1,1,1.220809,0.04612,GSM989349,False
Solyc12g099500,1,1,1.216072,0.01439,GSM989347,False
Solyc02g081540,1,1,1.214461,0.01372,GSM989347,False
Solyc02g081550,1,1,1.214461,0.01372,GSM989347,False
Solyc02g088610,1,1,1.214461,0.01372,GSM989347,False
Solyc02g088620,1,1,1.214461,0.01372,GSM989347,False
Solyc02g089110,1,1,1.214461,0.03175,GSM989347,False
Solyc02g089120,1,1,1.214461,0.03175,GSM989347,False
Solyc02g090990,1,1,1.214461,0.03175,GSM989347,False
Solyc02g094230,1,1,1.214461,0.03175,GSM989347,False
Solyc02g094240,1,1,1.214461,0.03175,GSM989347,False
Solyc02g094250,1,1,1.214461,0.03175,GSM989347,False
Solyc03g083620,1,1,1.212805,0.03517,GSM989349,False
Solyc03g116320,1,1,1.212805,0.04612,GSM989349,False
Solyc03g118540,1,1,1.212805,0.03517,GSM989349,False
Solyc04g082900,1,1,1.209018,0.03993,GSM989348,False
Solyc04g082910,1,1,1.209018,0.03993,GSM989348,False
Solyc04g082920,1,1,1.209018,0.03993,GSM989348,False
Solyc03g019860,1,1,1.207425,0.02579,GSM989347,False
Solyc03g078370,1,1,1.207425,0.02579,GSM989347,False
Solyc03g113420,1,1,1.207425,0.01119,GSM989347,False
Solyc03g115230,1,1,1.207425,0.01119,GSM989347,False
Solyc03g117850,1,1,1.207425,0.02579,GSM989347,False
Solyc03g117860,1,1,1.207425,0.02579,GSM989347,False
Solyc03g119000,1,1,1.207425,0.02579,GSM989347,False
Solyc03g120470,1,1,1.207425,0.0078,GSM989347,False
Solyc03g120530,1,1,1.207425,0.02579,GSM989347,False
Solyc03g121570,1,1,1.207425,0.02579,GSM989347,False
Solyc03g121900,1,1,1.207425,0.02579,GSM989347,False
Solyc03g121910,1,1,1.207425,0.02579,GSM989347,False
Solyc03g121920,1,1,1.207425,0.02579,GSM989347,False
Solyc03g121990,1,1,1.207425,0.00999,GSM989347,False
Solyc01g007050,1,1,1.206071,0.04054,GSM989349,False
Solyc01g007060,1,1,1.206071,0.04054,GSM989349,False
Solyc01g079360,1,1,1.206071,0.04054,GSM989349,False
Solyc01g079370,1,1,1.206071,0.04054,GSM989349,False
Solyc01g095990,1,1,1.206071,0.04054,GSM989349,False
Solyc01g109130,1,1,1.206071,0.04054,GSM989349,False
Solyc05g005690,1,1,1.202597,0.01991,GSM989347,False
Solyc05g006650,1,1,1.202597,0.02138,GSM989347,False
Solyc05g010630,1,1,1.202597,0.02138,GSM989347,False
Solyc05g010640,1,1,1.202597,0.02138,GSM989347,False
Solyc05g052030,1,1,1.202597,0.01023,GSM989347,False
Solyc07g064760,1,1,1.200189,0.03993,GSM989348,False
Solyc07g064770,1,1,1.200189,0.03993,GSM989348,False
Solyc07g064780,1,1,1.200189,0.03993,GSM989348,False
Solyc07g062400,1,1,1.199151,0.04267,GSM989349,False
Solyc06g007770,1,1,1.197837,0.03862,GSM989349,False
Solyc06g036640,1,1,1.197837,0.03862,GSM989349,False
Solyc06g066210,1,1,1.197837,0.03862,GSM989349,False
Solyc06g066220,1,1,1.197837,0.03862,GSM989349,False
Solyc06g073960,1,1,1.197837,0.03862,GSM989349,False
Solyc06g075720,1,1,1.197837,0.03862,GSM989349,False
Solyc06g082840,1,1,1.197837,0.03862,GSM989349,False
Solyc06g082850,1,1,1.197837,0.03862,GSM989349,False
Solyc09g007760,1,1,1.19533,0.00972,GSM989347,False
Solyc09g007770,1,1,1.19533,0.00972,GSM989347,False
Solyc09g008930,1,1,1.19533,0.00972,GSM989347,False
Solyc09g011480,1,1,1.19533,0.02138,GSM989347,False
Solyc09g074210,1,2,1.19533,0.02138,GSM989347,False
Solyc09g090100,1,1,1.19533,0.02138,GSM989347,False
Solyc09g091530,1,1,1.19533,0.01023,GSM989347,False
Solyc11g010220,1,1,1.194567,0.00805,GSM989347,False
Solyc11g010230,1,1,1.194567,0.00805,GSM989347,False
Solyc11g066320,1,1,1.194567,0.02105,GSM989347,False
Solyc11g066610,1,1,1.194567,0.01702,GSM989347,False
Solyc09g047890,1,1,1.192619,0.04054,GSM989349,False
Solyc09g047900,1,1,1.192619,0.04054,GSM989349,False
Solyc06g043080,1,1,1.192368,0.02579,GSM989347,False
Solyc06g074460,1,1,1.192368,0.02579,GSM989347,False
Solyc06g074470,1,1,1.192368,0.02579,GSM989347,False
Solyc06g074480,1,1,1.192368,0.02579,GSM989347,False
Solyc08g005490,1,1,1.192162,0.00999,GSM989347,False
Solyc08g075990,1,1,1.192162,0.02579,GSM989347,False
Solyc08g076000,1,1,1.192162,0.02579,GSM989347,False
Solyc08g076450,1,1,1.192162,0.01914,GSM989347,False
Solyc08g076460,1,1,1.192162,0.01914,GSM989347,False
Solyc08g080400,1,1,1.192162,0.02579,GSM989347,False
Solyc08g081610,1,1,1.192162,0.00999,GSM989347,False
Solyc07g054560,1,1,1.191701,0.02579,GSM989347,False
Solyc02g070010,1,1,1.189953,0.04612,GSM989349,False
Solyc02g070020,1,1,1.189953,0.04612,GSM989349,False
Solyc02g070440,1,1,1.189953,0.04612,GSM989349,False
Solyc02g071090,1,1,1.189953,0.03517,GSM989349,False
Solyc02g077660,1,1,1.189953,0.03517,GSM989349,False
Solyc02g083180,1,1,1.189953,0.04612,GSM989349,False
Solyc02g083190,1,1,1.189953,0.04612,GSM989349,False
Solyc02g091660,1,1,1.189953,0.04612,GSM989349,False
Solyc04g007890,1,1,1.189843,0.01914,GSM989347,False
Solyc04g025890,1,1,1.189843,0.02579,GSM989347,False
Solyc04g025900,1,1,1.189843,0.02579,GSM989347,False
Solyc04g055170,1,1,1.189843,0.01119,GSM989347,False
Solyc04g055180,1,1,1.189843,0.01119,GSM989347,False
Solyc04g077420,1,1,1.189843,0.02579,GSM989347,False
Solyc04g077430,1,1,1.189843,0.02579,GSM989347,False
Solyc04g079310,1,1,1.189843,0.02579,GSM989347,False
Solyc04g079340,1,2,1.189843,0.02579,GSM989347,False
Solyc04g079360,1,1,1.189843,0.02579,GSM989347,False
Solyc04g079540,1,1,1.189843,0.01119,GSM989347,False
Solyc04g079550,1,1,1.189843,0.01119,GSM989347,False
Solyc04g081360,1,1,1.189843,0.02579,GSM989347,False
Solyc04g081370,1,1,1.189843,0.02579,GSM989347,False
Solyc01g010010,1,1,1.189185,0.03175,GSM989347,False
Solyc01g010020,1,1,1.189185,0.03175,GSM989347,False
Solyc01g066570,1,1,1.189185,0.03175,GSM989347,False
Solyc01g067550,1,1,1.189185,0.03175,GSM989347,False
Solyc01g079160,1,1,1.189185,0.00693,GSM989347,False
Solyc01g080400,1,1,1.189185,0.03175,GSM989347,False
Solyc01g091690,1,1,1.189185,0.03175,GSM989347,False
Solyc01g091740,1,1,1.189185,0.03175,GSM989347,False
Solyc01g094800,1,1,1.189185,0.01372,GSM989347,False
Solyc01g095370,1,1,1.189185,0.03175,GSM989347,False
Solyc01g098730,1,1,1.189185,0.03175,GSM989347,False
Solyc01g099570,1,1,1.189185,0.03175,GSM989347,False
Solyc01g100130,1,1,1.189185,0.03175,GSM989347,False
Solyc01g100570,1,1,1.189185,0.01372,GSM989347,False
Solyc01g100580,1,1,1.189185,0.01372,GSM989347,False
Solyc01g103390,1,1,1.189185,0.03175,GSM989347,False
Solyc01g103400,1,1,1.189185,0.03175,GSM989347,False
Solyc01g104670,1,1,1.189185,0.01372,GSM989347,False
Solyc01g107180,1,1,1.189185,0.03175,GSM989347,False
Solyc01g110120,1,1,1.189185,0.03175,GSM989347,False
Solyc06g008310,1,1,1.187348,0.04979,GSM989348,False
Solyc08g079750,1,1,1.186442,0.04054,GSM989349,False
Solyc12g005960,1,1,1.18567,0.00805,GSM989347,False
Solyc12g006980,1,1,1.18567,0.01053,GSM989347,False
Solyc12g056510,1,1,1.18567,0.01702,GSM989347,False
Solyc12g089140,1,1,1.18567,0.01702,GSM989347,False
Solyc12g096550,1,1,1.18567,0.01702,GSM989347,False
Solyc12g096560,1,1,1.18567,0.01702,GSM989347,False
Solyc12g099170,1,1,1.18567,0.01702,GSM989347,False
Solyc12g099180,1,1,1.18567,0.01702,GSM989347,False
Solyc12g099590,1,1,1.184394,0.03312,GSM989349,False
Solyc12g099600,1,1,1.184394,0.03312,GSM989349,False
Solyc12g100310,1,1,1.184394,0.03312,GSM989349,False
Solyc12g100320,1,1,1.184394,0.03312,GSM989349,False
Solyc12g100330,1,1,1.184394,0.03312,GSM989349,False
Solyc10g081110,1,1,1.181414,0.04709,GSM989349,False
Solyc02g069180,1,1,1.180726,0.03815,GSM989347,False
Solyc02g069560,1,1,1.180726,0.03815,GSM989347,False
Solyc02g069570,1,1,1.180726,0.03815,GSM989347,False
Solyc02g077870,1,1,1.180726,0.01761,GSM989347,False
Solyc02g077880,1,1,1.180726,0.01761,GSM989347,False
Solyc02g083700,1,1,1.180726,0.03815,GSM989347,False
Solyc02g086490,1,1,1.180726,0.03815,GSM989347,False
Solyc02g086500,1,1,1.180726,0.03815,GSM989347,False
Solyc02g086940,1,1,1.180726,0.03815,GSM989347,False
Solyc02g086950,1,1,1.180726,0.03815,GSM989347,False
Solyc02g090610,1,1,1.180726,0.01761,GSM989347,False
Solyc02g091730,1,1,1.180726,0.03815,GSM989347,False
Solyc02g091740,1,1,1.180726,0.03815,GSM989347,False
Solyc03g007430,1,2,1.174792,0.03175,GSM989347,False
Solyc03g058150,1,1,1.174792,0.03175,GSM989347,False
Solyc03g078400,1,1,1.174792,0.03175,GSM989347,False
Solyc03g083030,1,1,1.174792,0.03175,GSM989347,False
Solyc03g096860,1,1,1.174792,0.01945,GSM989347,False
Solyc03g111290,1,1,1.174792,0.03175,GSM989347,False
Solyc03g112090,1,1,1.174792,0.03175,GSM989347,False
Solyc03g114850,1,1,1.174792,0.03175,GSM989347,False
Solyc03g116830,1,1,1.174792,0.03175,GSM989347,False
Solyc03g116840,1,1,1.174792,0.03175,GSM989347,False
Solyc03g117360,1,1,1.174792,0.03175,GSM989347,False
Solyc03g097680,1,1,1.172379,0.04054,GSM989349,False
Solyc01g006220,1,1,1.164482,0.03314,GSM989349,False
Solyc01g006230,1,1,1.164482,0.03314,GSM989349,False
Solyc01g009320,1,1,1.164482,0.04687,GSM989349,False
Solyc01g096220,1,1,1.164482,0.04687,GSM989349,False
Solyc01g102960,1,1,1.164482,0.04687,GSM989349,False
Solyc01g102970,1,1,1.164482,0.04687,GSM989349,False
Solyc01g109980,1,1,1.164482,0.04687,GSM989349,False
Solyc01g109990,1,1,1.164482,0.04687,GSM989349,False
Solyc11g006290,1,1,1.163937,0.01023,GSM989347,False
Solyc11g010700,1,1,1.163937,0.02138,GSM989347,False
Solyc11g071740,1,3,1.163937,0.02138,GSM989347,False
Solyc11g071750,1,3,1.163937,0.02138,GSM989347,False
Solyc11g072470,1,1,1.163937,0.01991,GSM989347,False
Solyc09g005140,1,1,1.163874,0.01914,GSM989347,False
Solyc09g005150,1,1,1.163874,0.01914,GSM989347,False
Solyc09g007100,1,1,1.163874,0.01119,GSM989347,False
Solyc09g008350,1,1,1.163874,0.02579,GSM989347,False
Solyc09g008460,1,1,1.163874,0.00999,GSM989347,False
Solyc09g008470,1,1,1.163874,0.00999,GSM989347,False
Solyc09g082210,1,1,1.163874,0.02579,GSM989347,False
Solyc09g082980,1,1,1.163874,0.01914,GSM989347,False
Solyc09g097870,1,2,1.163874,0.02409,GSM989347,False
Solyc07g039300,1,1,1.162683,0.04979,GSM989348,False
Solyc10g009260,1,1,1.162578,0.01119,GSM989347,False
Solyc10g009380,1,1,1.162578,0.02579,GSM989347,False
Solyc10g009390,1,1,1.162578,0.02579,GSM989347,False
Solyc10g079080,1,1,1.162578,0.02579,GSM989347,False
Solyc10g079090,1,1,1.162578,0.02579,GSM989347,False
Solyc10g079920,1,1,1.162578,0.01119,GSM989347,False
Solyc10g081140,1,1,1.162578,0.00999,GSM989347,False
Solyc10g081150,1,1,1.162578,0.00999,GSM989347,False
Solyc10g084240,1,1,1.162578,0.02579,GSM989347,False
Solyc06g008230,1,1,1.160142,0.03175,GSM989347,False
Solyc06g050510,1,1,1.160142,0.03175,GSM989347,False
Solyc06g064840,1,1,1.160142,0.03175,GSM989347,False
Solyc06g068550,1,1,1.160142,0.03175,GSM989347,False
Solyc06g074010,1,1,1.160142,0.03175,GSM989347,False
Solyc06g075610,1,1,1.160142,0.03175,GSM989347,False
Solyc08g005010,1,1,1.159941,0.03175,GSM989347,False
Solyc08g005020,1,1,1.159941,0.03175,GSM989347,False
Solyc08g005920,1,1,1.159941,0.00693,GSM989347,False
Solyc08g005930,1,1,1.159941,0.00693,GSM989347,False
Solyc08g005940,1,1,1.159941,0.00693,GSM989347,False
Solyc08g007790,1,1,1.159941,0.03175,GSM989347,False
Solyc08g023440,1,1,1.159941,0.03175,GSM989347,False
Solyc08g074470,1,1,1.159941,0.00693,GSM989347,False
Solyc08g075010,1,1,1.159941,0.01372,GSM989347,False
Solyc08g076950,1,1,1.159941,0.01376,GSM989347,False
Solyc08g077120,1,1,1.159941,0.03175,GSM989347,False
Solyc08g077140,1,1,1.159941,0.03175,GSM989347,False
Solyc08g081000,1,1,1.159941,0.03175,GSM989347,False
Solyc08g082930,1,1,1.159941,0.03175,GSM989347,False
Solyc08g082940,1,1,1.159941,0.03175,GSM989347,False
Solyc07g006590,1,1,1.159493,0.01372,GSM989347,False
Solyc07g051950,1,1,1.159493,0.01372,GSM989347,False
Solyc07g062660,1,1,1.159493,0.01372,GSM989347,False
Solyc07g062670,1,1,1.159493,0.01372,GSM989347,False
Solyc06g007620,1,1,1.159197,0.04612,GSM989349,False
Solyc06g051750,1,1,1.159197,0.04612,GSM989349,False
Solyc06g061180,1,1,1.159197,0.03125,GSM989349,False
Solyc06g064500,1,1,1.159197,0.04612,GSM989349,False
Solyc06g065090,1,1,1.159197,0.04612,GSM989349,False
Solyc06g065100,1,1,1.159197,0.04612,GSM989349,False
Solyc06g065180,1,1,1.159197,0.04612,GSM989349,False
Solyc06g066000,1,1,1.159197,0.03517,GSM989349,False
Solyc06g066010,1,1,1.159197,0.03517,GSM989349,False
Solyc06g068060,1,1,1.159197,0.04612,GSM989349,False
Solyc06g068070,1,1,1.159197,0.04612,GSM989349,False
Solyc06g070950,1,1,1.159197,0.04612,GSM989349,False
Solyc06g070960,1,1,1.159197,0.04612,GSM989349,False
Solyc06g073470,1,1,1.159197,0.04612,GSM989349,False
Solyc06g073480,1,1,1.159197,0.04612,GSM989349,False
Solyc06g075830,1,1,1.159197,0.04612,GSM989349,False
Solyc06g075840,1,1,1.159197,0.04612,GSM989349,False
Solyc06g083260,1,1,1.159197,0.04612,GSM989349,False
Solyc06g083270,1,1,1.159197,0.04612,GSM989349,False
Solyc06g083280,1,1,1.159197,0.04612,GSM989349,False
Solyc06g083310,1,1,1.159197,0.04612,GSM989349,False
Solyc06g083320,1,1,1.159197,0.04612,GSM989349,False
Solyc05g054070,1,1,1.157911,0.04687,GSM989349,False
Solyc05g054080,1,1,1.157911,0.04687,GSM989349,False
Solyc07g008170,1,1,1.157801,0.03314,GSM989349,False
Solyc04g015340,1,1,1.157685,0.01372,GSM989347,False
Solyc04g050040,1,1,1.157685,0.03175,GSM989347,False
Solyc04g072750,1,1,1.157685,0.01372,GSM989347,False
Solyc04g072760,1,1,1.157685,0.01372,GSM989347,False
Solyc04g079710,1,1,1.157685,0.01372,GSM989347,False
Solyc01g008600,1,1,1.156152,0.03815,GSM989347,False
Solyc01g014060,1,1,1.156152,0.01858,GSM989347,False
Solyc01g080420,1,1,1.156152,0.01761,GSM989347,False
Solyc01g095700,1,1,1.156152,0.03815,GSM989347,False
Solyc01g100240,1,1,1.156152,0.01761,GSM989347,False
Solyc01g108360,1,1,1.156152,0.01761,GSM989347,False
Solyc01g108650,1,1,1.156152,0.03815,GSM989347,False
Solyc12g036180,1,1,1.155268,0.02138,GSM989347,False
Solyc12g036190,1,1,1.155268,0.02138,GSM989347,False
Solyc12g036200,1,1,1.155268,0.02138,GSM989347,False
Solyc12g056890,1,1,1.155268,0.02138,GSM989347,False
Solyc12g094380,1,1,1.155268,0.02138,GSM989347,False
Solyc09g075490,1,1,1.151494,0.04687,GSM989349,False
Solyc02g062460,1,1,1.150288,0.04054,GSM989349,False
Solyc02g086450,1,1,1.150288,0.03312,GSM989349,False
Solyc02g024020,1,1,1.146991,0.02184,GSM989347,False
Solyc02g065070,1,1,1.146991,0.04728,GSM989347,False
Solyc02g067060,1,1,1.146991,0.02184,GSM989347,False
Solyc02g067840,1,1,1.146991,0.00877,GSM989347,False
Solyc02g068200,1,1,1.146991,0.02184,GSM989347,False
Solyc02g068210,1,1,1.146991,0.02184,GSM989347,False
Solyc02g068220,1,1,1.146991,0.02184,GSM989347,False
Solyc02g083460,1,1,1.146991,0.04728,GSM989347,False
Solyc02g087740,1,1,1.146991,0.02184,GSM989347,False
Solyc02g090350,1,2,1.146991,0.03567,GSM989347,False
Solyc08g076310,1,1,1.145531,0.04687,GSM989349,False
Solyc08g080860,1,1,1.145531,0.04687,GSM989349,False
Solyc08g080870,1,1,1.145531,0.04687,GSM989349,False
Solyc12g006250,1,1,1.143553,0.04687,GSM989349,False
Solyc12g010060,1,1,1.143553,0.04687,GSM989349,False
Solyc12g010070,1,1,1.143553,0.04687,GSM989349,False
Solyc12g010380,1,1,1.143553,0.04687,GSM989349,False
Solyc12g010390,1,1,1.143553,0.04687,GSM989349,False
Solyc12g087820,1,1,1.143553,0.04687,GSM989349,False
Solyc12g087830,1,1,1.143553,0.04687,GSM989349,False
Solyc03g007020,1,1,1.142159,0.01761,GSM989347,False
Solyc03g033550,1,1,1.142159,0.01595,GSM989347,False
Solyc03g083910,1,1,1.142159,0.03815,GSM989347,False
Solyc03g115420,1,1,1.142159,0.03815,GSM989347,False
Solyc03g115440,1,1,1.142159,0.03815,GSM989347,False
Solyc03g116360,1,1,1.142159,0.03815,GSM989347,False
Solyc03g123520,1,1,1.142159,0.03815,GSM989347,False
Solyc03g123780,1,1,1.142159,0.03815,GSM989347,False
Solyc04g057990,1,1,1.139422,0.04687,GSM989349,False
Solyc04g080190,1,1,1.139422,0.04687,GSM989349,False
Solyc04g080200,1,1,1.139422,0.04687,GSM989349,False
Solyc04g082340,1,1,1.139422,0.04687,GSM989349,False
Solyc05g005740,1,1,1.139303,0.03175,GSM989347,False
Solyc05g005790,1,1,1.139303,0.01372,GSM989347,False
Solyc05g005800,1,1,1.139303,0.01372,GSM989347,False
Solyc05g007490,1,2,1.139303,0.00693,GSM989347,False
Solyc05g007500,1,2,1.139303,0.00693,GSM989347,False
Solyc05g009360,1,1,1.139303,0.03175,GSM989347,False
Solyc05g012030,1,1,1.139303,0.03175,GSM989347,False
Solyc05g012480,1,1,1.139303,0.03175,GSM989347,False
Solyc05g012560,1,1,1.139303,0.03175,GSM989347,False
Solyc05g014120,1,1,1.139303,0.01376,GSM989347,False
Solyc05g051560,1,1,1.139303,0.03175,GSM989347,False
Solyc05g051570,1,1,1.139303,0.03175,GSM989347,False
Solyc05g055780,1,2,1.139303,0.02721,GSM989347,False
Solyc05g055790,1,2,1.139303,0.02721,GSM989347,False
Solyc05g055880,1,1,1.139303,0.03175,GSM989347,False
Solyc05g055890,1,1,1.139303,0.03175,GSM989347,False
Solyc05g056010,1,1,1.139303,0.03175,GSM989347,False
Solyc05g056020,1,1,1.139303,0.03175,GSM989347,False
Solyc05g056140,1,1,1.139303,0.03175,GSM989347,False
Solyc04g058070,1,1,1.133455,0.04986,GSM989348,False
Solyc11g010270,1,1,1.133307,0.00999,GSM989347,False
Solyc11g010280,1,1,1.133307,0.00999,GSM989347,False
Solyc11g011220,1,1,1.133307,0.02579,GSM989347,False
Solyc11g020670,1,1,1.133307,0.00999,GSM989347,False
Solyc11g069520,1,1,1.133307,0.02579,GSM989347,False
Solyc09g005690,1,1,1.132418,0.01372,GSM989347,False
Solyc09g066220,1,1,1.132418,0.03175,GSM989347,False
Solyc09g089610,1,1,1.132418,0.01372,GSM989347,False
Solyc03g006550,1,1,1.131952,0.04687,GSM989349,False
Solyc03g112390,1,1,1.131952,0.04687,GSM989349,False
Solyc03g112840,1,1,1.131952,0.03314,GSM989349,False
Solyc03g113030,1,1,1.131952,0.03314,GSM989349,False
Solyc03g123760,1,1,1.131952,0.04687,GSM989349,False
Solyc10g006720,1,1,1.131157,0.03175,GSM989347,False
Solyc10g044940,1,1,1.131157,0.03175,GSM989347,False
Solyc10g044950,1,1,1.131157,0.03175,GSM989347,False
Solyc10g044960,1,1,1.131157,0.03175,GSM989347,False
Solyc10g055660,1,1,1.131157,0.00693,GSM989347,False
Solyc10g080850,1,2,1.131157,0.03175,GSM989347,False
Solyc10g086020,1,1,1.131157,0.01372,GSM989347,False
Solyc10g086030,1,1,1.131157,0.01372,GSM989347,False
Solyc10g086180,1,2,1.131157,0.03175,GSM989347,False
Solyc06g053740,1,1,1.127916,0.03815,GSM989347,False
Solyc06g066370,1,1,1.127916,0.00585,GSM989347,False
Solyc06g066380,1,1,1.127916,0.00585,GSM989347,False
Solyc06g066430,1,1,1.127916,0.00899,GSM989347,False
Solyc06g068980,1,1,1.127916,0.00899,GSM989347,False
Solyc06g069160,1,1,1.127916,0.01595,GSM989347,False
Solyc06g069180,1,1,1.127916,0.01595,GSM989347,False
Solyc06g069430,1,1,1.127916,0.0,GSM989347,False
Solyc06g073000,1,1,1.127916,0.01761,GSM989347,False
Solyc06g073010,1,1,1.127916,0.01761,GSM989347,False
Solyc06g073020,1,1,1.127916,0.01761,GSM989347,False
Solyc06g073420,1,1,1.127916,0.03815,GSM989347,False
Solyc06g074760,1,1,1.127916,0.03815,GSM989347,False
Solyc06g074810,1,1,1.127916,0.01761,GSM989347,False
Solyc06g082560,1,1,1.127916,0.03815,GSM989347,False
Solyc08g062220,1,1,1.127721,0.01761,GSM989347,False
Solyc08g062230,1,1,1.127721,0.01761,GSM989347,False
Solyc08g075970,1,1,1.127721,0.01761,GSM989347,False
Solyc08g077200,1,1,1.127721,0.01858,GSM989347,False
Solyc08g078000,1,1,1.127721,0.03815,GSM989347,False
Solyc08g080290,1,1,1.127721,0.03815,GSM989347,False
Solyc07g017220,1,1,1.127285,0.03815,GSM989347,False
Solyc07g040690,1,1,1.127285,0.03815,GSM989347,False
Solyc07g042490,1,1,1.127285,0.01858,GSM989347,False
Solyc07g043160,1,1,1.127285,0.03815,GSM989347,False
Solyc07g053720,1,1,1.127285,0.03815,GSM989347,False
Solyc07g063430,1,1,1.127285,0.03815,GSM989347,False
Solyc07g063440,1,1,1.127285,0.03815,GSM989347,False
Solyc04g009810,1,1,1.125527,0.03815,GSM989347,False
Solyc04g053130,1,1,1.125527,0.01761,GSM989347,False
Solyc04g076010,1,1,1.125527,0.01761,GSM989347,False
Solyc12g019710,1,1,1.124866,0.02579,GSM989347,False
Solyc12g019720,1,1,1.124866,0.02579,GSM989347,False
Solyc12g056310,1,1,1.124866,0.01119,GSM989347,False
Solyc12g056320,1,1,1.124866,0.01119,GSM989347,False
Solyc12g056590,1,1,1.124866,0.02579,GSM989347,False
Solyc01g097250,1,1,1.123119,0.02184,GSM989347,False
Solyc01g100660,1,1,1.123119,0.00877,GSM989347,False
Solyc01g107810,1,1,1.123119,0.04728,GSM989347,False
Solyc01g107820,1,1,1.123119,0.04728,GSM989347,False
Solyc01g109170,1,2,1.123119,0.02184,GSM989347,False
Solyc01g109910,1,1,1.123119,0.04728,GSM989347,False
Solyc01g110150,1,1,1.123119,0.04728,GSM989347,False
Solyc01g112090,1,1,1.123119,0.04728,GSM989347,False
Solyc05g052730,1,1,1.116557,0.03843,GSM989349,False
Solyc02g021320,1,1,1.113256,0.02721,GSM989347,False
Solyc02g069970,1,1,1.113256,0.02721,GSM989347,False
Solyc02g083520,1,1,1.113256,0.02721,GSM989347,False
Solyc02g090190,1,1,1.113256,0.02721,GSM989347,False
Solyc02g093130,1,1,1.113256,0.02088,GSM989347,False
Solyc02g021470,1,1,1.110623,0.03314,GSM989349,False
Solyc02g071040,1,1,1.110623,0.03314,GSM989349,False
Solyc02g071080,1,1,1.110623,0.04687,GSM989349,False
Solyc09g007750,1,1,1.11037,0.03843,GSM989349,False
Solyc09g091050,1,1,1.11037,0.03843,GSM989349,False
Solyc03g031700,1,1,1.109526,0.04728,GSM989347,False
Solyc03g031710,1,1,1.109526,0.04728,GSM989347,False
Solyc03g031790,1,1,1.109526,0.04728,GSM989347,False
Solyc03g031800,1,1,1.109526,0.04728,GSM989347,False
Solyc03g093760,1,1,1.109526,0.04728,GSM989347,False
Solyc03g097740,1,1,1.109526,0.04728,GSM989347,False
Solyc03g111730,1,1,1.109526,0.04728,GSM989347,False
Solyc03g113480,1,1,1.109526,0.02184,GSM989347,False
Solyc03g113490,1,1,1.109526,0.02184,GSM989347,False
Solyc03g113920,1,1,1.109526,0.04728,GSM989347,False
Solyc03g114790,1,1,1.109526,0.04728,GSM989347,False
Solyc03g115140,1,1,1.109526,0.02184,GSM989347,False
Solyc03g115850,1,1,1.109526,0.04728,GSM989347,False
Solyc03g119820,1,1,1.109526,0.01852,GSM989347,False
Solyc03g119830,1,1,1.109526,0.01852,GSM989347,False
Solyc03g122270,1,1,1.109526,0.04728,GSM989347,False
Solyc05g006380,1,1,1.107656,0.03815,GSM989347,False
Solyc05g006390,1,1,1.107656,0.03815,GSM989347,False
Solyc05g012450,1,1,1.107656,0.03815,GSM989347,False
Solyc05g013400,1,1,1.107656,0.03815,GSM989347,False
Solyc05g013410,1,1,1.107656,0.03815,GSM989347,False
Solyc05g019980,1,1,1.107656,0.03815,GSM989347,False
Solyc05g052300,1,1,1.107656,0.01595,GSM989347,False
Solyc05g052310,1,1,1.107656,0.01595,GSM989347,False
Solyc11g006770,1,1,1.102677,0.03175,GSM989347,False
Solyc11g007140,1,1,1.102677,0.0,GSM989347,False
Solyc11g007390,1,1,1.102677,0.01372,GSM989347,False
Solyc11g007760,1,1,1.102677,0.01372,GSM989347,False
Solyc11g008890,1,1,1.102677,0.03175,GSM989347,False
Solyc11g008900,1,1,1.102677,0.03175,GSM989347,False
Solyc11g065820,1,1,1.102677,0.03175,GSM989347,False
Solyc11g071630,1,1,1.102677,0.03175,GSM989347,False
Solyc11g072870,1,1,1.102677,0.03175,GSM989347,False
Solyc09g007080,1,1,1.100962,0.01761,GSM989347,False
Solyc09g009190,1,1,1.100962,0.03815,GSM989347,False
Solyc09g009310,1,1,1.100962,0.03815,GSM989347,False
Solyc09g009320,1,1,1.100962,0.03815,GSM989347,False
Solyc09g009330,1,1,1.100962,0.03815,GSM989347,False
Solyc09g011080,1,1,1.100962,0.00585,GSM989347,False
Solyc09g011090,1,1,1.100962,0.00585,GSM989347,False
Solyc09g018170,1,1,1.100962,0.03815,GSM989347,False
Solyc09g065660,1,1,1.100962,0.01858,GSM989347,False
Solyc10g007500,1,1,1.099736,0.03815,GSM989347,False
Solyc10g007510,1,1,1.099736,0.03815,GSM989347,False
Solyc10g007560,1,1,1.099736,0.03815,GSM989347,False
Solyc10g007570,1,1,1.099736,0.03815,GSM989347,False
Solyc10g008490,1,1,1.099736,0.03815,GSM989347,False
Solyc10g009550,1,1,1.099736,0.03815,GSM989347,False
Solyc10g047960,1,1,1.099736,0.03815,GSM989347,False
Solyc10g055760,1,1,1.099736,0.01761,GSM989347,False
Solyc10g055770,1,1,1.099736,0.01761,GSM989347,False
Solyc10g079120,1,1,1.099736,0.03815,GSM989347,False
Solyc10g081730,1,1,1.099736,0.01761,GSM989347,False
Solyc10g083920,1,1,1.099736,0.03815,GSM989347,False
Solyc10g086680,1,1,1.099736,0.03815,GSM989347,False
Solyc10g086690,1,1,1.099736,0.03815,GSM989347,False
Solyc04g051800,1,1,1.098728,0.03843,GSM989349,False
Solyc04g076140,1,1,1.098728,0.03843,GSM989349,False
Solyc06g008870,1,1,1.09569,0.04728,GSM989347,False
Solyc06g009110,1,1,1.09569,0.04728,GSM989347,False
Solyc06g059750,1,1,1.09569,0.04728,GSM989347,False
Solyc08g076030,1,1,1.0955,0.04728,GSM989347,False
Solyc08g076180,1,1,1.0955,0.02184,GSM989347,False
Solyc08g076190,1,1,1.0955,0.02184,GSM989347,False
Solyc07g008930,1,1,1.095076,0.04728,GSM989347,False
Solyc07g048040,1,1,1.095076,0.04728,GSM989347,False
Solyc07g051850,1,1,1.095076,0.04728,GSM989347,False
Solyc07g052990,1,1,1.095076,0.04728,GSM989347,False
Solyc07g053000,1,1,1.095076,0.04728,GSM989347,False
Solyc07g063100,1,1,1.095076,0.00877,GSM989347,False
Solyc07g065400,1,1,1.095076,0.04728,GSM989347,False
Solyc07g065410,1,1,1.095076,0.04728,GSM989347,False
Solyc07g066600,1,1,1.095076,0.04728,GSM989347,False
Solyc07g066610,1,1,1.095076,0.04728,GSM989347,False
Solyc07g066620,1,1,1.095076,0.04728,GSM989347,False
Solyc12g014350,1,1,1.094464,0.03175,GSM989347,False
Solyc12g017480,1,1,1.094464,0.03175,GSM989347,False
Solyc04g049450,1,1,1.093369,0.04728,GSM989347,False
Solyc04g051360,1,1,1.093369,0.04728,GSM989347,False
Solyc04g071490,1,1,1.093369,0.04728,GSM989347,False
Solyc04g071540,1,1,1.093369,0.01897,GSM989347,False
Solyc04g072510,1,1,1.093369,0.01897,GSM989347,False
Solyc04g074290,1,1,1.093369,0.04728,GSM989347,False
Solyc04g081540,1,1,1.093369,0.04728,GSM989347,False
Solyc01g104970,1,1,1.090086,0.02721,GSM989347,False
Solyc01g109180,1,1,1.090086,0.02721,GSM989347,False
Solyc01g109190,1,1,1.090086,0.02721,GSM989347,False
Solyc01g109210,1,1,1.090086,0.02721,GSM989347,False
Solyc01g109220,1,1,1.090086,0.02721,GSM989347,False
Solyc06g068540,1,1,1.081918,0.04687,GSM989349,False
Solyc06g075330,1,1,1.081918,0.04687,GSM989349,False
Solyc02g063250,1,1,1.079521,0.03567,GSM989347,False
Solyc02g068540,1,1,1.079521,0.03567,GSM989347,False
Solyc02g072150,1,1,1.079521,0.01053,GSM989347,False
Solyc02g076790,1,2,1.079521,0.03567,GSM989347,False
Solyc02g078440,1,1,1.079521,0.02714,GSM989347,False
Solyc02g079260,1,1,1.079521,0.03567,GSM989347,False
Solyc02g079270,1,1,1.079521,0.03567,GSM989347,False
Solyc02g092910,1,1,1.079521,0.03567,GSM989347,False
Solyc02g093640,1,1,1.079521,0.03567,GSM989347,False
Solyc02g093660,1,1,1.079521,0.03567,GSM989347,False
Solyc02g093670,1,1,1.079521,0.03567,GSM989347,False
Solyc02g093680,1,1,1.079521,0.03567,GSM989347,False
Solyc03g005030,1,1,1.076893,0.01034,GSM989347,False
Solyc03g005050,1,1,1.076893,0.01034,GSM989347,False
Solyc03g032200,1,1,1.076893,0.02721,GSM989347,False
Solyc03g118340,1,1,1.076893,0.02721,GSM989347,False
Solyc05g007090,1,1,1.076008,0.02184,GSM989347,False
Solyc05g007100,1,1,1.076008,0.02184,GSM989347,False
Solyc05g009370,1,1,1.076008,0.04728,GSM989347,False
Solyc05g012130,1,1,1.076008,0.01897,GSM989347,False
Solyc05g012140,1,1,1.076008,0.01897,GSM989347,False
Solyc05g015460,1,1,1.076008,0.04728,GSM989347,False
Solyc05g041910,1,1,1.076008,0.04728,GSM989347,False
Solyc05g051240,1,1,1.076008,0.04728,GSM989347,False
Solyc05g056030,1,1,1.076008,0.04728,GSM989347,False
Solyc11g017270,1,1,1.072047,0.03815,GSM989347,False
Solyc11g069190,1,1,1.072047,0.01761,GSM989347,False
Solyc11g071760,1,1,1.072047,0.03815,GSM989347,False
Solyc02g078390,1,1,1.070958,0.03843,GSM989349,False
Solyc09g005230,1,1,1.069506,0.04728,GSM989347,False
Solyc09g005240,1,1,1.069506,0.04728,GSM989347,False
Solyc09g007680,1,1,1.069506,0.04728,GSM989347,False
Solyc09g007910,1,1,1.069506,0.04728,GSM989347,False
Solyc09g008360,1,1,1.069506,0.02184,GSM989347,False
Solyc09g008370,1,1,1.069506,0.02184,GSM989347,False
Solyc09g011110,1,1,1.069506,0.01897,GSM989347,False
Solyc09g064890,1,1,1.069506,0.04728,GSM989347,False
Solyc09g072630,1,1,1.069506,0.04728,GSM989347,False
Solyc09g074550,1,1,1.069506,0.04728,GSM989347,False
Solyc09g082940,1,1,1.069506,0.04728,GSM989347,False
Solyc09g059170,1,1,1.069245,0.04217,GSM989349,False
Solyc09g059180,1,1,1.069245,0.04217,GSM989349,False
Solyc09g063140,1,1,1.069245,0.04217,GSM989349,False
Solyc09g063150,1,1,1.069245,0.04217,GSM989349,False
Solyc09g075200,1,1,1.069245,0.04217,GSM989349,False
Solyc09g075210,1,1,1.069245,0.04217,GSM989349,False
Solyc10g005340,1,1,1.068315,0.04728,GSM989347,False
Solyc10g005350,1,1,1.068315,0.04728,GSM989347,False
Solyc10g006870,1,1,1.068315,0.01897,GSM989347,False
Solyc10g007040,1,1,1.068315,0.04728,GSM989347,False
Solyc10g017850,1,1,1.068315,0.01852,GSM989347,False
Solyc10g017970,1,1,1.068315,0.04728,GSM989347,False
Solyc10g018160,1,1,1.068315,0.04728,GSM989347,False
Solyc10g038190,1,1,1.068315,0.04728,GSM989347,False
Solyc10g076670,1,1,1.068315,0.04728,GSM989347,False
Solyc10g076680,1,1,1.068315,0.04728,GSM989347,False
Solyc10g078590,1,1,1.068315,0.01897,GSM989347,False
Solyc10g079070,1,1,1.068315,0.04728,GSM989347,False
Solyc10g082030,1,1,1.068315,0.04728,GSM989347,False
Solyc10g082040,1,1,1.068315,0.04728,GSM989347,False
Solyc10g082050,1,1,1.068315,0.04728,GSM989347,False
Solyc12g008490,1,1,1.064063,0.03815,GSM989347,False
Solyc12g019060,1,1,1.064063,0.03815,GSM989347,False
Solyc12g019700,1,1,1.064063,0.01761,GSM989347,False
Solyc12g057050,1,1,1.064063,0.03815,GSM989347,False
Solyc12g088220,1,1,1.064063,0.03815,GSM989347,False
Solyc12g099250,1,1,1.064063,0.03815,GSM989347,False
Solyc12g099360,1,1,1.064063,0.03815,GSM989347,False
Solyc08g076390,1,1,1.063707,0.04217,GSM989349,False
Solyc00g009110,1,1,1.063529,0.04612,GSM989347,False
Solyc06g066330,1,1,1.063464,0.02721,GSM989347,False
Solyc06g071550,1,2,1.063464,0.01034,GSM989347,False
Solyc06g071560,1,1,1.063464,0.01034,GSM989347,False
Solyc06g072310,1,1,1.063464,0.02721,GSM989347,False
Solyc06g073110,1,1,1.063464,0.01034,GSM989347,False
Solyc06g076140,1,1,1.063464,0.0,GSM989347,False
Solyc08g075960,1,1,1.063279,0.02409,GSM989347,False
Solyc08g076690,1,1,1.063279,0.02721,GSM989347,False
Solyc08g076860,1,1,1.063279,0.02721,GSM989347,False
Solyc08g079070,1,1,1.063279,0.02721,GSM989347,False
Solyc07g049360,1,1,1.062868,0.02721,GSM989347,False
Solyc07g051960,1,1,1.062868,0.01034,GSM989347,False
Solyc12g056100,1,1,1.061871,0.04217,GSM989349,False
Solyc12g056110,1,1,1.061871,0.04217,GSM989349,False
Solyc04g005740,1,1,1.061211,0.02721,GSM989347,False
Solyc04g078030,1,1,1.061211,0.01034,GSM989347,False
Solyc04g078040,1,1,1.061211,0.01034,GSM989347,False
Solyc04g078050,1,1,1.061211,0.01034,GSM989347,False
Solyc04g079770,1,1,1.061211,0.02088,GSM989347,False
Solyc04g079780,1,1,1.061211,0.02088,GSM989347,False
Solyc04g081180,1,1,1.061211,0.02088,GSM989347,False
Solyc04g081190,1,1,1.061211,0.02088,GSM989347,False
Solyc04g081200,1,1,1.061211,0.02088,GSM989347,False
Solyc11g010540,1,1,1.059731,0.04217,GSM989349,False
Solyc04g024430,1,1,1.058035,0.04217,GSM989349,False
Solyc01g008960,1,1,1.057054,0.03567,GSM989347,False
Solyc01g079150,1,1,1.057054,0.03567,GSM989347,False
Solyc01g081060,1,1,1.057054,0.02714,GSM989347,False
Solyc01g094560,1,1,1.057054,0.03567,GSM989347,False
Solyc01g094570,1,1,1.057054,0.03567,GSM989347,False
Solyc01g095000,1,1,1.057054,0.03567,GSM989347,False
Solyc01g097060,1,1,1.057054,0.02753,GSM989347,False
Solyc01g097070,1,1,1.057054,0.02753,GSM989347,False
Solyc01g109160,1,1,1.057054,0.02753,GSM989347,False
Solyc03g097990,1,1,1.051098,0.04217,GSM989349,False
Solyc03g098000,1,1,1.051098,0.04217,GSM989349,False
Solyc02g020910,1,1,1.045786,0.04379,GSM989347,False
Solyc02g062890,1,1,1.045786,0.0358,GSM989347,False
Solyc02g062900,1,1,1.045786,0.0358,GSM989347,False
Solyc02g067040,1,1,1.045786,0.04379,GSM989347,False
Solyc02g084630,1,1,1.045786,0.03459,GSM989347,False
Solyc02g085720,1,1,1.045786,0.04379,GSM989347,False
Solyc02g089950,1,1,1.045786,0.04379,GSM989347,False
Solyc02g089960,1,1,1.045786,0.04379,GSM989347,False
Solyc02g092720,1,1,1.045786,0.04379,GSM989347,False
Solyc05g006520,1,1,1.044361,0.02088,GSM989347,False
Solyc05g006530,1,1,1.044361,0.02088,GSM989347,False
Solyc05g009060,1,1,1.044361,0.02721,GSM989347,False
Solyc05g009070,1,1,1.044361,0.02721,GSM989347,False
Solyc05g010520,1,1,1.044361,0.02721,GSM989347,False
Solyc05g050830,1,1,1.044361,0.02721,GSM989347,False
Solyc05g053860,1,1,1.044361,0.02088,GSM989347,False
Solyc03g080090,1,1,1.04426,0.01053,GSM989347,False
Solyc03g098730,1,1,1.04426,0.03567,GSM989347,False
Solyc03g112850,1,1,1.04426,0.03567,GSM989347,False
Solyc03g112860,1,1,1.04426,0.03567,GSM989347,False
Solyc03g114840,1,1,1.04426,0.03567,GSM989347,False
Solyc03g118720,1,1,1.04426,0.03567,GSM989347,False
Solyc03g119250,1,1,1.04426,0.03567,GSM989347,False
Solyc03g119990,1,1,1.04426,0.02714,GSM989347,False
Solyc06g071360,1,1,1.043278,0.03843,GSM989349,False
Solyc06g071370,1,1,1.043278,0.03843,GSM989349,False
Solyc06g071380,1,1,1.043278,0.03843,GSM989349,False
Solyc11g005150,1,1,1.041417,0.02184,GSM989347,False
Solyc11g010810,1,1,1.041417,0.01852,GSM989347,False
Solyc11g031950,1,1,1.041417,0.04728,GSM989347,False
Solyc09g091560,1,1,1.03805,0.02721,GSM989347,False
Solyc10g079280,1,1,1.036894,0.02409,GSM989347,False
Solyc12g005650,1,1,1.033661,0.04728,GSM989347,False
Solyc12g008660,1,1,1.033661,0.04728,GSM989347,False
Solyc12g019490,1,1,1.033661,0.04728,GSM989347,False
Solyc12g019500,1,1,1.033661,0.04728,GSM989347,False
Solyc12g036450,1,1,1.033661,0.02184,GSM989347,False
Solyc12g088350,1,1,1.033661,0.02184,GSM989347,False
Solyc12g088360,1,1,1.033661,0.02184,GSM989347,False
Solyc12g096280,1,1,1.033661,0.02184,GSM989347,False
Solyc12g096290,1,1,1.033661,0.02184,GSM989347,False
Solyc12g099210,1,1,1.033661,0.04728,GSM989347,False
Solyc02g080810,1,1,1.031293,0.04217,GSM989349,False
Solyc02g080820,1,1,1.031293,0.04217,GSM989349,False
Solyc06g061000,1,1,1.031237,0.03567,GSM989347,False
Solyc06g066460,1,1,1.031237,0.01053,GSM989347,False
Solyc06g068230,1,1,1.031237,0.0,GSM989347,False
Solyc06g074220,1,1,1.031237,0.02753,GSM989347,False
Solyc06g074230,1,1,1.031237,0.02753,GSM989347,False
Solyc06g074240,1,1,1.031237,0.02753,GSM989347,False
Solyc06g075190,1,1,1.031237,0.03567,GSM989347,False
Solyc08g048500,1,1,1.031059,0.03567,GSM989347,False
Solyc08g077250,1,1,1.031059,0.03567,GSM989347,False
Solyc08g077260,1,1,1.031059,0.03567,GSM989347,False
Solyc08g079470,1,1,1.031059,0.03567,GSM989347,False
Solyc07g008290,1,1,1.03066,0.03567,GSM989347,False
Solyc07g008300,1,1,1.03066,0.03567,GSM989347,False
Solyc04g016190,1,1,1.029053,0.03567,GSM989347,False
Solyc04g078650,1,1,1.029053,0.03567,GSM989347,False
Solyc04g078830,1,1,1.029053,0.02753,GSM989347,False
Solyc01g079940,1,1,1.024021,0.04379,GSM989347,False
Solyc01g079950,1,1,1.024021,0.04379,GSM989347,False
Solyc01g087240,1,1,1.024021,0.04379,GSM989347,False
Solyc01g108510,1,1,1.024021,0.0358,GSM989347,False
Solyc01g108520,1,1,1.024021,0.0358,GSM989347,False
Solyc01g109720,1,1,1.024021,0.04379,GSM989347,False
Solyc01g109730,1,1,1.024021,0.04379,GSM989347,False
Solyc05g011930,1,1,1.012714,0.02753,GSM989347,False
Solyc05g050710,1,1,1.012714,0.02714,GSM989347,False
Solyc05g052620,1,1,1.012714,0.02753,GSM989347,False
Solyc02g082120,1,1,1.012051,0.03947,GSM989347,False
Solyc03g005340,1,1,1.011627,0.0358,GSM989347,False
Solyc03g005350,1,1,1.011627,0.0358,GSM989347,False
Solyc03g026340,1,1,1.011627,0.04379,GSM989347,False
Solyc03g043890,1,1,1.011627,0.0358,GSM989347,False
Solyc03g058970,1,1,1.011627,0.04379,GSM989347,False
Solyc03g112140,1,1,1.011627,0.04379,GSM989347,False
Solyc03g116130,1,1,1.011627,0.04379,GSM989347,False
Solyc03g116140,1,1,1.011627,0.04379,GSM989347,False
Solyc03g116760,1,1,1.011627,0.04379,GSM989347,False
Solyc03g116770,1,1,1.011627,0.04379,GSM989347,False
Solyc11g065660,1,1,1.010788,0.02409,GSM989347,False
Solyc09g007110,1,1,1.006594,0.03567,GSM989347,False
Solyc09g007120,1,1,1.006594,0.03567,GSM989347,False
Solyc09g083020,1,1,1.006594,0.02753,GSM989347,False
Solyc09g083030,1,1,1.006594,0.02753,GSM989347,False
Solyc09g083040,1,1,1.006594,0.02753,GSM989347,False
Solyc06g068440,1,1,1.004638,0.04217,GSM989349,False
Solyc12g015870,1,1,1.003259,0.02409,GSM989347,False
Solyc12g098330,1,1,1.003259,0.01034,GSM989347,False
Solyc06g066540,1,1,0.999011,0.04379,GSM989347,False
Solyc06g066550,1,1,0.999011,0.04379,GSM989347,False
Solyc06g071540,1,1,0.999011,0.01593,GSM989347,False
Solyc06g071890,1,1,0.999011,0.01593,GSM989347,False
Solyc06g075250,1,1,0.999011,0.01593,GSM989347,False
Solyc08g065870,1,1,0.998838,0.0358,GSM989347,False
Solyc08g066800,1,1,0.998838,0.04379,GSM989347,False
Solyc08g078960,1,1,0.998838,0.04379,GSM989347,False
Solyc08g078970,1,1,0.998838,0.04379,GSM989347,False
Solyc08g081570,1,1,0.998838,0.04379,GSM989347,False
Solyc08g081580,1,1,0.998838,0.04379,GSM989347,False
Solyc07g005650,1,1,0.998452,0.04211,GSM989347,False
Solyc07g017610,1,1,0.998452,0.0358,GSM989347,False
Solyc07g062980,1,1,0.998452,0.0358,GSM989347,False
Solyc04g051180,1,1,0.996895,0.01593,GSM989347,False
Solyc04g071960,1,1,0.996895,0.04379,GSM989347,False
Solyc04g071970,1,1,0.996895,0.04379,GSM989347,False
Solyc04g072540,1,1,0.996895,0.04379,GSM989347,False
Solyc04g078640,1,1,0.996895,0.0358,GSM989347,False
Solyc04g082460,1,1,0.996895,0.0358,GSM989347,False
Solyc01g005130,1,1,0.990988,0.03979,GSM989347,False
Solyc01g086810,1,1,0.990988,0.03979,GSM989347,False
Solyc01g107900,1,1,0.990988,0.04131,GSM989347,False
Solyc01g107950,1,1,0.990988,0.04131,GSM989347,False
Solyc05g008100,1,1,0.981066,0.03459,GSM989347,False
Solyc05g013750,1,1,0.981066,0.04379,GSM989347,False
Solyc11g062410,1,1,0.980158,0.02753,GSM989347,False
Solyc11g073250,1,1,0.980158,0.01053,GSM989347,False
Solyc11g073260,1,1,0.980158,0.01053,GSM989347,False
Solyc03g007290,1,1,0.978994,0.03979,GSM989347,False
Solyc03g020030,1,1,0.978994,0.03979,GSM989347,False
Solyc03g034320,1,1,0.978994,0.03979,GSM989347,False
Solyc03g097710,1,1,0.978994,0.03947,GSM989347,False
Solyc03g098080,1,1,0.978994,0.03947,GSM989347,False
Solyc03g098090,1,1,0.978994,0.03947,GSM989347,False
Solyc03g098100,1,1,0.978994,0.03947,GSM989347,False
Solyc03g116340,1,1,0.978994,0.0192,GSM989347,False
Solyc02g069510,1,1,0.978316,0.00987,GSM989347,False
Solyc02g069520,1,1,0.978316,0.00987,GSM989347,False
Solyc02g087190,1,1,0.978316,0.02689,GSM989347,False
Solyc02g087570,1,1,0.978316,0.03509,GSM989347,False
Solyc02g087580,1,1,0.978316,0.03509,GSM989347,False
Solyc09g005120,1,1,0.975138,0.03459,GSM989347,False
Solyc09g005130,1,1,0.975138,0.03459,GSM989347,False
Solyc09g014300,1,1,0.975138,0.04379,GSM989347,False
Solyc09g075460,1,1,0.975138,0.0358,GSM989347,False
Solyc09g089870,1,1,0.975138,0.01593,GSM989347,False
Solyc09g091030,1,1,0.975138,0.0358,GSM989347,False
Solyc10g050900,1,1,0.974052,0.04211,GSM989347,False
Solyc12g009970,1,1,0.972857,0.01053,GSM989347,False
Solyc12g009980,1,1,0.972857,0.01053,GSM989347,False
Solyc12g089110,1,1,0.972857,0.03567,GSM989347,False
Solyc06g053910,1,1,0.966785,0.04131,GSM989347,False
Solyc06g060680,1,1,0.966785,0.04131,GSM989347,False
Solyc06g060690,1,1,0.966785,0.04131,GSM989347,False
Solyc06g066820,1,1,0.966785,0.03979,GSM989347,False
Solyc08g081790,1,1,0.966618,0.0192,GSM989347,False
Solyc08g081800,1,1,0.966618,0.0192,GSM989347,False
Solyc07g005210,1,1,0.966244,0.0192,GSM989347,False
Solyc07g005220,1,1,0.966244,0.0192,GSM989347,False
Solyc07g008040,1,1,0.966244,0.03979,GSM989347,False
Solyc07g055930,1,1,0.966244,0.03979,GSM989347,False
Solyc07g065150,1,1,0.966244,0.03979,GSM989347,False
Solyc07g065160,1,1,0.966244,0.03979,GSM989347,False
Solyc07g065180,1,1,0.966244,0.03979,GSM989347,False
Solyc04g015690,1,1,0.964737,0.03979,GSM989347,False
Solyc04g063240,1,1,0.964737,0.04131,GSM989347,False
Solyc04g072890,1,1,0.964737,0.03979,GSM989347,False
Solyc04g082060,1,1,0.964737,0.03979,GSM989347,False
Solyc01g006110,1,1,0.957955,0.04957,GSM989347,False
Solyc01g006120,1,1,0.957955,0.04957,GSM989347,False
Solyc01g059860,1,1,0.957955,0.04612,GSM989347,False
Solyc01g089920,1,1,0.957955,0.04612,GSM989347,False
Solyc01g089930,1,1,0.957955,0.04612,GSM989347,False
Solyc01g097120,1,1,0.957955,0.04957,GSM989347,False
Solyc11g017390,1,1,0.949528,0.04379,GSM989347,False
Solyc11g066500,1,1,0.949528,0.04379,GSM989347,False
Solyc11g067080,1,1,0.949528,0.04379,GSM989347,False
Solyc11g072030,1,1,0.949528,0.04379,GSM989347,False
Solyc05g007950,1,1,0.949419,0.04131,GSM989347,False
Solyc05g013530,1,1,0.949419,0.03979,GSM989347,False
Solyc03g031860,1,1,0.94636,0.00987,GSM989347,False
Solyc03g059250,1,1,0.94636,0.04612,GSM989347,False
Solyc03g083410,1,1,0.94636,0.04612,GSM989347,False
Solyc03g116650,1,1,0.94636,0.04612,GSM989347,False
Solyc03g116660,1,1,0.94636,0.04612,GSM989347,False
Solyc02g085160,1,1,0.944581,0.04453,GSM989347,False
Solyc09g075560,1,1,0.943682,0.04131,GSM989347,False
Solyc10g079140,1,1,0.942631,0.0192,GSM989347,False
Solyc12g005930,1,1,0.942455,0.04379,GSM989347,False
Solyc12g098130,1,1,0.942455,0.04379,GSM989347,False
Solyc12g098150,1,1,0.942455,0.04379,GSM989347,False
Solyc06g051940,1,1,0.934559,0.04612,GSM989347,False
Solyc06g062660,1,1,0.934559,0.04612,GSM989347,False
Solyc06g065720,1,1,0.934559,0.04612,GSM989347,False
Solyc06g071180,1,1,0.934559,0.04612,GSM989347,False
Solyc06g071190,1,1,0.934559,0.04612,GSM989347,False
Solyc06g072610,1,1,0.934559,0.04957,GSM989347,False
Solyc06g072620,1,1,0.934559,0.04957,GSM989347,False
Solyc06g082470,1,1,0.934559,0.04612,GSM989347,False
Solyc08g062970,1,1,0.934397,0.02689,GSM989347,False
Solyc08g079100,1,1,0.934397,0.04957,GSM989347,False
Solyc07g008870,1,1,0.934036,0.02689,GSM989347,False
Solyc07g008880,1,1,0.934036,0.02689,GSM989347,False
Solyc04g015020,1,1,0.932579,0.04612,GSM989347,False
Solyc04g016180,1,1,0.932579,0.04612,GSM989347,False
Solyc04g017690,1,1,0.932579,0.04612,GSM989347,False
Solyc01g112120,1,1,0.924922,0.0333,GSM989347,False
Solyc01g112130,1,1,0.924922,0.0333,GSM989347,False
Solyc09g005000,1,1,0.912226,0.03509,GSM989347,False
Solyc09g011570,1,1,0.912226,0.00987,GSM989347,False
Solyc09g011580,1,1,0.912226,0.00987,GSM989347,False
Solyc09g014400,1,1,0.912226,0.02689,GSM989347,False
Solyc09g060090,1,1,0.912226,0.04612,GSM989347,False
Solyc12g010690,1,1,0.912054,0.03979,GSM989347,False
Solyc12g096080,1,1,0.912054,0.03947,GSM989347,False
Solyc12g096090,1,1,0.912054,0.03947,GSM989347,False
Solyc12g096100,1,1,0.912054,0.03947,GSM989347,False
Solyc12g096220,1,1,0.912054,0.03979,GSM989347,False
Solyc12g099930,1,1,0.912054,0.04131,GSM989347,False
Solyc10g006090,1,1,0.91121,0.04612,GSM989347,False
Solyc10g081040,1,1,0.91121,0.04612,GSM989347,False
Solyc02g083720,1,1,0.910846,0.04625,GSM989347,False
Solyc02g083730,1,1,0.910846,0.04625,GSM989347,False
Solyc02g083740,1,1,0.910846,0.04625,GSM989347,False
Solyc07g005140,1,1,0.901828,0.04453,GSM989347,False
Solyc07g054300,1,1,0.901828,0.0333,GSM989347,False
Solyc11g010740,1,1,0.888268,0.03509,GSM989347,False
Solyc11g010760,1,1,0.888268,0.03509,GSM989347,False
Solyc11g065500,1,1,0.888268,0.02689,GSM989347,False
Solyc11g071510,1,1,0.888268,0.04957,GSM989347,False
Solyc12g010000,1,1,0.881652,0.02689,GSM989347,False
Solyc12g096350,1,1,0.881652,0.02689,GSM989347,False
Solyc12g096360,1,1,0.881652,0.02689,GSM989347,False
Solyc03g065250,1,1,0.881094,0.04625,GSM989347,False
Solyc03g065260,1,1,0.881094,0.04625,GSM989347,False
Solyc03g097470,1,1,0.881094,0.04625,GSM989347,False
Solyc03g097480,1,1,0.881094,0.04625,GSM989347,False
Solyc03g113100,1,1,0.881094,0.04625,GSM989347,False
Solyc03g113110,1,1,0.881094,0.04625,GSM989347,False
Solyc03g118200,1,1,0.881094,0.04083,GSM989347,False
Solyc03g118680,1,1,0.881094,0.04083,GSM989347,False
Solyc03g118690,1,1,0.881094,0.04083,GSM989347,False
Solyc10g050160,1,1,0.879789,0.0333,GSM989347,False
Solyc02g086810,1,1,0.877111,0.04951,GSM989347,False
Solyc02g088560,1,1,0.877111,0.04951,GSM989347,False
Solyc02g093720,1,1,0.877111,0.04951,GSM989347,False
Solyc02g093730,1,1,0.877111,0.04951,GSM989347,False
Solyc02g093740,1,1,0.877111,0.04951,GSM989347,False
Solyc06g083390,1,1,0.870107,0.04083,GSM989347,False
Solyc08g005950,1,1,0.869956,0.04625,GSM989347,False
Solyc08g005960,1,1,0.869956,0.04625,GSM989347,False
Solyc08g006380,1,1,0.869956,0.04083,GSM989347,False
Solyc08g006390,1,1,0.869956,0.04083,GSM989347,False
Solyc08g006400,1,1,0.869956,0.04083,GSM989347,False
Solyc08g006410,1,1,0.869956,0.04083,GSM989347,False
Solyc08g074670,1,1,0.869956,0.04083,GSM989347,False
Solyc08g076010,1,1,0.869956,0.03509,GSM989347,False
Solyc07g049180,1,1,0.86962,0.04625,GSM989347,False
Solyc07g049190,1,1,0.86962,0.04625,GSM989347,False
Solyc01g106790,1,1,0.858856,0.04155,GSM989347,False
Solyc12g007040,1,1,0.85125,0.0333,GSM989347,False
Solyc09g009550,1,1,0.849313,0.04083,GSM989347,False
Solyc09g009560,1,1,0.849313,0.04083,GSM989347,False
Solyc03g082870,1,1,0.848461,0.04951,GSM989347,False
Solyc10g005440,1,1,0.848368,0.04083,GSM989347,False
Solyc10g005450,1,1,0.848368,0.04083,GSM989347,False
Solyc10g012090,1,1,0.848368,0.04083,GSM989347,False
Solyc10g052480,1,1,0.848368,0.04083,GSM989347,False
Solyc10g052490,1,1,0.848368,0.04083,GSM989347,False
Solyc10g085230,1,1,0.848368,0.04083,GSM989347,False
Solyc10g085240,1,1,0.848368,0.04083,GSM989347,False
Solyc10g008420,1,1,0.843867,0.03158,GSM989349,False
Solyc10g008430,1,1,0.843867,0.03158,GSM989349,False
Solyc06g062460,1,1,0.83788,0.04951,GSM989347,False
Solyc06g062470,1,1,0.83788,0.04951,GSM989347,False
Solyc06g082060,1,1,0.83788,0.04951,GSM989347,False
Solyc06g082070,1,1,0.83788,0.04951,GSM989347,False
Solyc07g032250,1,1,0.837411,0.04951,GSM989347,False
Solyc07g032260,1,1,0.837411,0.04951,GSM989347,False
Solyc07g051930,1,1,0.837411,0.04951,GSM989347,False
Solyc07g066080,1,1,0.837411,0.04951,GSM989347,False
Solyc04g074310,1,1,0.836106,0.04951,GSM989347,False
Solyc04g079650,1,1,0.836106,0.04951,GSM989347,False
Solyc04g079660,1,1,0.836106,0.04951,GSM989347,False
Solyc04g082330,1,1,0.836106,0.04951,GSM989347,False
Solyc02g078170,1,1,0.832967,0.03759,GSM989349,False
Solyc02g078180,1,1,0.832967,0.03759,GSM989349,False
Solyc05g023810,1,1,0.82708,0.0,GSM989349,False
Solyc05g023820,1,1,0.82708,0.0,GSM989349,False
Solyc12g010730,1,1,0.820848,0.04083,GSM989347,False
Solyc12g056970,1,1,0.820848,0.04083,GSM989347,False
Solyc12g056980,1,1,0.820848,0.04083,GSM989347,False
Solyc12g099620,1,1,0.820848,0.04083,GSM989347,False
Solyc12g099630,1,1,0.820848,0.04083,GSM989347,False
Solyc12g099640,1,1,0.820848,0.04083,GSM989347,False
Solyc04g078880,1,1,0.813873,0.03158,GSM989349,False
Solyc04g078890,1,1,0.813873,0.03158,GSM989349,False
Solyc10g079760,1,1,0.801674,0.03008,GSM989349,False
Solyc12g009480,1,1,0.790446,0.04951,GSM989347,False
Solyc12g010330,1,1,0.790446,0.04951,GSM989347,False
Solyc12g096370,1,1,0.790446,0.04951,GSM989347,False
Solyc12g096390,1,1,0.790446,0.04951,GSM989347,False
Solyc05g055910,1,1,0.785726,0.03008,GSM989349,False
Solyc12g015810,1,1,0.775983,0.03008,GSM989349,False
Solyc12g015820,1,1,0.775983,0.03008,GSM989349,False
Solyc12g015830,1,1,0.775983,0.03008,GSM989349,False
Solyc12g015840,1,1,0.775983,0.03008,GSM989349,False
Solyc02g071560,1,1,0.753637,0.03008,GSM989349,False
Solyc02g071570,1,1,0.753637,0.03008,GSM989349,False
Solyc05g005260,1,1,0.744372,0.03216,GSM989349,False
Solyc05g009120,1,1,0.744372,0.03216,GSM989349,False
Solyc11g072450,1,1,0.73366,0.03216,GSM989349,False
Solyc11g072460,1,1,0.73366,0.03216,GSM989349,False
Solyc03g112170,1,1,0.727683,0.03509,GSM989349,False
Solyc10g081170,1,1,0.717287,0.04155,GSM989349,False
Solyc10g081180,1,1,0.717287,0.04155,GSM989349,False
Solyc05g054220,1,1,0.598685,0.01754,GSM989348,False
