gene_id,protein_description,protein_log2_BR8_vs_MG,protein_measured,protein_de_log2_ratio,protein_de_p,protein_de_fdr,phosphosite_de_count,phosphosite_max_abs_log2_ratio,phosphosite_representative_log2_ratio,phosphosite_min_fdr,phosphosite_ids,protein_differential_BR8_vs_MG,phosphosite_differential_BR8_vs_MG
Solyc00g005050,Arabinogalactan protein,-0.008748157388304863,True,,,,1.0,1.4910041869444326,-1.4910041869444326,7.45486369158171e-10,Solyc00g005050.2.1_S181,False,True
Solyc00g005840,"Thioredoxin family protein  IPR015467  Thioredoxin, core",0.15472002171480106,True,,,,,,,,,False,False
Solyc00g006490,Serine_threonine-protein phosphatase 6 regulatory subunit 3  IPR007587  SIT4 phosphatase-associated protein,-0.0385900892250176,True,,,,,,,,,False,False
Solyc00g006800,"Transaldolase  IPR014634  Transaldolase, bacterial_plant type",-0.1520104903215452,True,,,,1.0,0.6662238013019733,0.6662238013019733,0.000117287021768463,Solyc00g006800.2.1_S336,False,True
Solyc00g006810,"Peptidyl-prolyl cis-trans isomerase  IPR001179  Peptidyl-prolyl cis-trans isomerase, FKBP-type",-1.8923464516556512,True,-1.8922847780745833,4.87164560245928e-13,7.53029323733184e-12,,,,,,True,False
Solyc00g006830,No exine formation-1,-0.05981923511734889,True,,,,,,,,,False,False
Solyc00g007010,"Phosphatidylinositol phosphate (PtdInsP) phosphatase involved in hydrolysis of PtdIns  IPR002013  Synaptojanin, N-terminal",0.08450379973929316,True,,,,,,,,,False,False
Solyc00g007070,"Heterogeneous nuclear ribonucleoprotein H1  IPR012677  Nucleotide-binding, alpha-beta plait",-0.08286274579244092,True,,,,,,,,,False,False
Solyc00g007100,Serine_threonine protein kinase  IPR002290  Serine_threonine protein kinase,-0.2570751837123388,True,,,,,,,,,False,False
Solyc00g007110,Epidermal growth factor receptor substrate 15  IPR011992  EF-Hand type,-0.43367493591306167,True,,,,,,,,,False,False
Solyc00g007120,Calcium-binding EF hand family protein  IPR011992  EF-Hand type,0.0109840169577545,True,,,,3.0,0.8815285001806857,-0.8815285001806857,3.14002835226358e-07,Solyc00g007120.2.1_S410;Solyc00g007120.2.1_T739,False,True
Solyc00g007270,Translation initiation factor  IPR002769  Translation initiation factor IF6,-0.06358519585909367,True,,,,1.0,0.5978882226148078,0.5978882226148078,0.000662542085456316,Solyc00g007270.2.1_S243,False,True
Solyc00g007300,"Lrr,  resistance protein fragment",0.05369015080799766,True,,,,1.0,0.7726065116226801,0.7726065116226801,3.86143098219485e-07,Solyc00g007300.2.1_S247,False,True
Solyc00g008680,Calcium binding protein-like  IPR011992  EF-Hand type,0.10692671819921429,True,,,,,,,,,False,False
Solyc00g009020,Mitochondrial ATP synthase,-0.7751233943759985,True,-0.7750223940523221,1.24581738036838e-10,8.0237861425465e-10,,,,,,True,False
Solyc00g009060,Hypoxanthine phosphoribosyltransferase  IPR005904  Hypoxanthine phosphoribosyl transferase,0.5574711030052636,True,,,,,,,,,False,False
Solyc00g009100,"30S ribosomal protein S1-like  IPR003029  Ribosomal protein S1, RNA binding domain",0.17257022247272713,True,,,,,,,,,False,False
Solyc00g009130,Dehydrogenase_reductase SDR family member 12  IPR002198  Short-chain dehydrogenase_reductase SDR,1.3247292984362786,True,1.3241444377695,2.56555657655036e-10,1.52628292184602e-09,,,,,,True,False
Solyc00g009140,Short-chain dehydrogenase_reductase SDR  IPR002198  Short-chain dehydrogenase_reductase SDR,1.4122223667279439,True,1.411909587761677,5.13463516745383e-14,1.1779317172797e-12,,,,,,True,False
Solyc00g011880,AIG2-like protein  IPR009288  AIG2-like,-0.3698778874260119,True,,,,,,,,,False,False
Solyc00g011890,"Galactokinase like protein  IPR012369  Galactokinase, glycosyltransferase",0.7436116067946825,True,0.7436059366073882,3.67634894889899e-12,4.00433694335959e-11,2.0,0.9421881226596903,0.9421881226596903,1.6504494861632e-07,Solyc00g011890.2.1_S470;Solyc00g011890.2.1_S518,True,True
Solyc00g013130,NADH-quinone oxidoreductase subunit N  IPR001750  NADH:ubiquinone_plastoquinone oxidoreductase,-0.7961628516741315,True,-0.7940386501629083,2.28540084950753e-08,8.04461099026652e-08,,,,,,True,False
Solyc00g013140,"NADH dehydrogenase subunit 5 (Fragment)  IPR003945  NADH-plastoquinone oxidoreductase, chain 5",-0.003920999942344137,True,,,,,,,,,False,False
Solyc00g014830,"NADH-quinone oxidoreductase subunit D  IPR010219  NADH dehydrogenase I, D subunit",0.05004938686852592,True,,,,,,,,,False,False
Solyc00g017210,Actin  IPR004000  Actin_actin-like,-0.580341635472207,True,,,,,,,,,False,False
Solyc00g019740,"ATPase subunit 8  IPR003319  ATPase, F0 complex, subunit 8, mitochondrial, plant",-0.8628490854942688,True,-0.8558789637845768,1.20117781617336e-08,4.50847484381287e-08,,,,,,True,False
Solyc00g019950,"NADH-quinone oxidoreductase subunit C  IPR001268  NADH:ubiquinone oxidoreductase, 30 kDa subunit",-0.07094356592446055,True,,,,,,,,,False,False
Solyc00g021630,"NADH-ubiquinone oxidoreductase chain 6 (Fragment)  IPR001457  NADH:ubiquinone_plastoquinone oxidoreductase, chain 6",-0.4936594967205588,True,,,,,,,,,False,False
Solyc00g021640,Ribosomal protein S4  IPR002942  RNA-binding S4,-0.4040046378365835,True,,,,,,,,,False,False
Solyc00g022110,Ribosomal protein L2  IPR002171  Ribosomal protein L2,-0.2341405427169463,True,,,,,,,,,False,False
Solyc00g024150,Pterin-4-alpha-carbinolamine dehydratase  IPR001533  Transcriptional coactivator_pterin dehydratase,0.0924513056644135,True,,,,,,,,,False,False
Solyc00g027770,"Pectinesterase  IPR000070  Pectinesterase, catalytic",-0.0611910001414141,True,,,,,,,,,False,False
Solyc00g039990,TRNA nucleotidyltransferase,-0.06320739904765868,True,,,,,,,,,False,False
Solyc00g042130,"ATP synthase subunit alpha  IPR005294  ATPase, F1 complex, alpha subunit",-0.49821698297524936,True,,,,,,,,,False,False
Solyc00g049210,Cytochrome c-type biogenesis protein CcmF  IPR003569  Cytochrome c-type biogenesis protein CcbS,-0.17885496724186828,True,,,,,,,,,False,False
Solyc00g049520,Unknown Protein,-0.8258115076402287,True,-0.8215843256634346,2.07348277708807e-07,5.84124086299804e-07,,,,,,True,False
Solyc00g050130,UDP-glucose glucosyltransferase  IPR002213  UDP-glucuronosyl_UDP-glucosyltransferase,-0.189691694826458,True,,,,,,,,,False,False
Solyc00g053440,Transmembrane BAX inhibitor motif-containing protein 4  IPR006214  Uncharacterised protein family UPF0005,0.5220855258025757,True,,,,,,,,,False,False
Solyc00g060810,Major latex-like protein  IPR000916  Bet v I allergen,4.546408357106287,True,4.633308333049806,2.60679039738498e-10,1.54667243337501e-09,,,,,,True,False
Solyc00g071180,"Cysteine proteinase inhibitor  IPR000010  Proteinase inhibitor I25, cystatin",-0.6215304541579322,True,-0.6167184785519754,8.60842195747386e-06,1.77603654498671e-05,,,,,,True,False
Solyc00g082150,Kinesin light chain  IPR011990  Tetratricopeptide-like helical,-1.0814425762982796,True,-1.0812540913552224,1.19327011834576e-11,1.08332837710491e-10,2.0,0.9334542927733959,0.9334542927733959,4.09578355811817e-08,Solyc00g082150.2.1_S50,True,True
Solyc00g090870,"5-AMP-activated protein kinase subunit beta-1  IPR006828  5-AMP-activated protein kinase, beta subunit, complex-interacting region",0.09405819739565112,True,,,,,,,,,False,False
Solyc00g094530,"NADH-ubiquinone oxidoreductase chain 1  IPR001694  NADH:ubiquinone oxidoreductase, subunit 1",-0.31180042946113345,True,,,,,,,,,False,False
Solyc00g096460,AT4G08310 protein (Fragment),-0.40487707432607295,True,,,,,,,,,False,False
Solyc00g098560,"GDSL esterase_lipase At5g03980  IPR001087  Lipase, GDSL",0.05117047552291158,True,,,,,,,,,False,False
Solyc00g125990,NADH-quinone oxidoreductase subunit N  IPR001750  NADH:ubiquinone_plastoquinone oxidoreductase,-0.1379383718127964,True,,,,,,,,,False,False
Solyc00g128870,Nudix hydrolase 1  IPR000086  NUDIX hydrolase domain,0.169601340896767,True,,,,,,,,,False,False
Solyc00g140060,"Tripeptidyl peptidase II  IPR015500  Peptidase S8, subtilisin-related",-0.42573429965720005,True,,,,1.0,1.396246258281244,1.396246258281244,5.81962480189045e-08,Solyc00g140060.2.1_T177,False,True
Solyc00g164680,ABC transporter G family member 11  IPR013525  ABC-2 type transporter,0.9013655642431896,True,0.9015548678943366,1.06769793084008e-10,7.05553844558117e-10,1.0,0.9869489618015886,0.9869489618015886,5.19220853651461e-07,Solyc00g164680.1.1_S455,True,True
Solyc00g171810,"ATP synthase subunit a  IPR000568  ATPase, F0 complex, subunit A",-0.4300025101423776,True,,,,,,,,,False,False
Solyc00g174340,"Pathogenesis-related protein 1b  IPR018244  Allergen V5_Tpx-1 related, conserved site",-0.28072218730107085,True,,,,,,,,,False,False
Solyc00g179240,"MADS-box transcription factor  IPR002100  Transcription factor, MADS-box",-1.081498308812743,True,-1.1073300160796589,0.000130300774312652,0.000223617162017929,,,,,,True,False
Solyc00g187050,"Leucyl aminopeptidase  IPR011356  Peptidase M17, leucyl aminopeptidase",-0.7511489912836345,True,-0.7459042293781268,2.97424766747254e-08,1.01869415292855e-07,,,,,,True,False
Solyc00g196060,Auxin response factor 6  IPR010525  Auxin response factor,-0.20653253392012358,True,,,,,,,,,False,False
Solyc00g206460,Os06g0220000 protein (Fragment)  IPR006766  Phosphate-induced protein 1 conserved region,0.35381893814923193,True,,,,,,,,,False,False
Solyc00g230080,"Photosystem II D2 protein  IPR000484  Photosynthetic reaction centre, L_M",-2.8538740882989986,True,-2.849541396564131,1.89673395909424e-14,5.5272693207966e-13,,,,,,True,False
Solyc00g231780,NAD(P)H-quinone oxidoreductase subunit I chloroplastic  IPR009051  Alpha-helical ferredoxin,-0.7041988158356717,True,-0.7069799905525919,0.000545307646216846,0.000858886117238229,,,,,,True,False
Solyc00g247300,Cytochrome P450,-1.4866484527973356,True,-1.4868190559337089,3.35772390951164e-15,1.49217250538697e-13,,,,,,True,False
Solyc00g256710,Unknown Protein,-1.2985917447451116,True,-1.300598962489092,4.32839507595171e-12,4.6183403883624e-11,1.0,0.7430268055300003,0.7430268055300003,2.32432633197864e-05,,True,True
Solyc01g005000,Glutamate decarboxylase  IPR010107  Glutamate decarboxylase,-0.9461221997212876,True,-0.9482835149741863,5.55655956722493e-11,4.01517897833294e-10,,,,,,True,False
Solyc01g005020,"Sodium_hydrogen exchanger Na+ H+ antiporter  IPR018418  Na+_H+ exchanger, isoforms 7_8, conserved region",-0.7333164081398695,True,-0.733455142348288,2.17457228069051e-10,1.31659389855431e-09,2.0,0.8408624119883497,0.8408624119883497,3.85056991236511e-06,Solyc01g005020.2.1_S1085,True,True
Solyc01g005030,Serine_threonine-protein kinase 36,-0.3290294559904449,True,,,,3.0,2.1148391727130873,2.1148391727130873,1.09844127567999e-09,Solyc01g005030.2.1_S316;Solyc01g005030.2.1_S402;Solyc01g005030.2.1_T326,False,True
Solyc01g005140,Cytochrome b561  IPR006593  Cytochrome b561_ferric reductase transmembrane,0.9138472457889514,True,0.9135225434383263,5.83589207525479e-11,4.18301683587617e-10,,,,,,True,False
Solyc01g005210,"Alpha alpha-trehalose-phosphate synthase (UDP-forming)  IPR001830  Glycosyl transferase, family 20",0.4185467940787641,True,,,,4.0,0.9207988515992013,0.9207988515992013,1.14609286609016e-06,Solyc01g005210.2.1_T34,False,True
Solyc01g005240,Aspartokinase  IPR001341  Aspartate kinase region,-0.3556606420430093,True,,,,,,,,,False,False
Solyc01g005250,"Aspartate-semialdehyde dehydrogenase  IPR005986  Aspartate-semialdehyde dehydrogenase, bacterial",0.06004651257832794,True,,,,,,,,,False,False
Solyc01g005280,"SEC14 cytosolic factor  IPR001251  Cellular retinaldehyde-binding_triple function, C-terminal",0.3492605840186072,True,,,,,,,,,False,False
Solyc01g005330,microtubule associated protein Type 1  IPR009768  Myosin II heavy chain-like,-1.5757061774178893,True,-1.575897340768271,1.68698358743719e-16,1.48493966411778e-14,,,,,,True,False
Solyc01g005380,SET domain containing protein  IPR001214  SET,0.11617767508118164,True,,,,,,,,,False,False
Solyc01g005400,Calcium binding protein Caleosin  IPR007736  Caleosin related,-0.11982771731259709,True,,,,,,,,,False,False
Solyc01g005410,Calcium binding protein Caleosin  IPR007736  Caleosin related,-1.4483289539909645,True,-1.4483046234301242,3.79729125337206e-14,9.40120464066043e-13,,,,,,True,False
Solyc01g005430,UBX domain protein 6  IPR018997  PUB domain,0.1789351351213891,True,,,,3.0,0.8172391773063921,0.8172391773063921,1.16206915351577e-06,Solyc01g005430.2.1_S16;S20;Solyc01g005430.2.1_S19;S20,False,True
Solyc01g005450,F-box protein family-like protein  IPR001810  Cyclin-like F-box,-1.3952863037326078,True,-1.4112937278986841,1.02631502660007e-09,5.19174044190182e-09,,,,,,True,False
Solyc01g005490,"Iaa-amino acid hydrolase 4  IPR017439  Peptidase M20D, mername-AA028_carboxypeptidase Ss1",-0.22161746152300116,True,,,,,,,,,False,False
Solyc01g005520,Tetratricopeptide TPR_2 repeat protein  IPR001478  PDZ_DHR_GLGF,-1.0299576693968278,True,-1.0306552674650986,5.99426966094784e-08,1.89800743664069e-07,,,,,,True,False
Solyc01g005540,"Lysyl-tRNA synthetase  IPR002313  Lysyl-tRNA synthetase, class II",0.3174957850100932,True,,,,,,,,,False,False
Solyc01g005560,"Isocitrate dehydrogenase  IPR004790  Isocitrate dehydrogenase NADP-dependent, eukaryotic",0.19589554803773607,True,,,,,,,,,False,False
Solyc01g005580,Unknown Protein  IPR012438  Protein of unknown function DUF1639,-0.6000608022595608,True,-0.598568372292565,1.75240536665782e-08,6.33660654957476e-08,,,,,,True,False
Solyc01g005600,Adenosine 5_apos-phosphosulfate reductase 8  IPR017936  Thioredoxin-like,0.32852338700149475,True,,,,,,,,,False,False
Solyc01g005620,Mitochondrial 2-oxoglutarate_malate carrier protein  IPR001993  Mitochondrial substrate carrier,0.27265511579619706,True,,,,,,,,,False,False
Solyc01g005640,"Uncharacterized plant-specific domain TIGR01589 family protein  IPR006476  Conserved hypothetical protein CHP01589, plant",-0.05394630545316201,True,,,,,,,,,False,False
Solyc01g005690,Unknown Protein,-1.061549323636436,True,-1.0621353320250237,2.08544072977949e-07,5.87306628842843e-07,,,,,,True,False
Solyc01g005820,"Splicing factor arginine_serine-rich 4  IPR012677  Nucleotide-binding, alpha-beta plait",-0.3374963336404019,True,,,,3.0,1.0988884946812216,1.0988884946812216,0.00169871223088368,Solyc01g005820.2.1_S167;S169;Solyc01g005820.2.1_S214;Solyc01g005820.2.1_S214;S217,False,True
Solyc01g005830,Glucan endo-1 3-beta-glucosidase 4  IPR012946  X8,0.047386653687378044,True,,,,,,,,,False,False
Solyc01g005910,Acid phosphatase_vanadium-dependent haloperoxidase related  IPR003832  Acid phosphatase_vanadium-dependent haloperoxidase related,-0.6406460178147527,True,-0.6394861508288462,1.67033079661909e-08,6.05707879247266e-08,,,,,,True,False
Solyc01g005930,Unknown Protein,1.0027959037601801,True,1.0030897546770605,2.80776857721676e-11,2.21432538724956e-10,,,,,,True,False
Solyc01g005960,"ATP dependent RNA helicase  IPR011545  DNA_RNA helicase, DEAD_DEAH box type, N-terminal",0.06431437488035222,True,,,,,,,,,False,False
Solyc01g005980,POT family domain containing protein expressed  IPR007493  Protein of unknown function DUF538,-0.5827997431146011,True,,,,,,,,,False,False
Solyc01g005990,Non-specific lipid-transfer protein  IPR003612  Plant lipid transfer protein_seed storage_trypsin-alpha amylase inhibitor,-1.9075729926473866,True,-1.9096401836991193,1.34617421290414e-12,1.75436897423637e-11,,,,,,True,False
Solyc01g006010,Branchpoint-bridging protein,0.17122236698130144,True,,,,,,,,,False,False
Solyc01g006020,At3g32930-like protein (Fragment),-0.6219034860692696,True,-0.6235537821740366,3.15768190224441e-09,1.38389924788699e-08,,,,,,True,False
Solyc01g006030,"E3 ubiquitin-protein ligase bre1  IPR018957  Zinc finger, C3HC4 RING-type",-0.3912421666499279,True,,,,,,,,,False,False
Solyc01g006040,E3 ubiquitin-protein ligase BRE1-like 2,-0.05133482493870513,True,,,,,,,,,False,False
Solyc01g006110,PP2A regulatory subunit TAP46  IPR007304  TAP42-like protein,-0.06884860990910736,True,,,,,,,,,False,False
Solyc01g006120,Casein kinase-like protein  IPR002290  Serine_threonine protein kinase,-0.16137781980809576,True,,,,,,,,,False,False
Solyc01g006130,"Homology to unknown gene  IPR001305  Heat shock protein DnaJ, cysteine-rich region",-1.263363801033604,True,-1.244347357460192,4.99123174831191e-07,1.30017783643013e-06,1.0,1.7566033747595569,1.7566033747595569,8.10013945926661e-06,Solyc01g006130.2.1_S104,True,True
Solyc01g006150,Cation-efflux pump fieF  IPR002524  Cation efflux protein,-0.011130978029168345,True,,,,6.0,1.818551949597463,1.818551949597463,7.31615785465573e-10,Solyc01g006150.2.1_S23;Solyc01g006150.2.1_S28;Solyc01g006150.2.1_S90;Solyc01g006150.2.1_S94;Solyc01g006150.2.1_S95,False,True
Solyc01g006170,rRNA processing protein ebna1-binding protein-related  IPR008610  Eukaryotic rRNA processing,-0.5029588469984874,True,,,,1.0,0.7006281709906695,0.7006281709906695,0.00163170015628311,Solyc01g006170.2.1_T12;S14;S16,False,True
Solyc01g006230,Cysteine protease  IPR005078  Peptidase C54,0.6684643126907595,True,0.6684513907873874,2.1866113730597e-11,1.79950017442173e-10,,,,,,True,False
Solyc01g006240,Myrosinase-binding protein-like At3g16440  IPR001229  Mannose-binding lectin,-0.6390056387032957,True,-0.6387127621641945,2.98513282698368e-08,1.02202852720458e-07,,,,,,True,False
Solyc01g006280,"Formate-tetrahydrofolate ligase  IPR000559  Formate-tetrahydrofolate ligase, FTHFS",0.23018438578165157,True,,,,,,,,,False,False
Solyc01g006330,PAP fibrillin family protein  IPR006843  PAP fibrillin,-0.46206548175230083,True,,,,,,,,,False,False
Solyc01g006350,"Glucan synthase like 7  IPR003440  Glycosyl transferase, family 48",-0.697893281689995,True,-0.697461298641547,2.9720068767156e-08,1.0183190871337e-07,,,,,,True,False
Solyc01g006360,Glucan synthase like 7,-0.46751418215413454,True,,,,1.0,0.729267040812656,-0.729267040812656,0.000202730094551383,Solyc01g006360.2.1_S93,False,True
Solyc01g006370,"Glucan synthase like 3  IPR003440  Glycosyl transferase, family 48",-0.6906961622017284,True,-0.6910731019043166,2.40865151653959e-11,1.93039627403101e-10,,,,,,True,False
Solyc01g006400,Cysteine-rich extensin-like protein-4,-0.16276377665656283,True,,,,,,,,,False,False
Solyc01g006430,"Omega-6 fatty acid desaturase  IPR005804  Fatty acid desaturase, type 1",0.5805352765532618,True,,,,,,,,,False,False
Solyc01g006450,Enoyl reductase,-0.25253855917828927,True,,,,,,,,,False,False
Solyc01g006490,Protein YdiU  IPR003846  Uncharacterised protein family UPF0061,0.04372188379538591,True,,,,,,,,,False,False
Solyc01g006510,"L-threonine 3-dehydrogenase  IPR002328  Alcohol dehydrogenase, zinc-containing, conserved site",-0.8744480875951633,True,-0.8743999947816247,2.40138675105358e-12,2.82695701236612e-11,1.0,0.9172375441221539,0.9172375441221539,4.08438215435795e-06,Solyc01g006510.2.1_S6,True,True
Solyc01g006540,"Lipoxygenase  IPR001246  Lipoxygenase, plant",2.9989579073111856,True,2.999105655502258,1.46847748540653e-16,1.37387662003087e-14,3.0,2.172748700835691,-2.172748700835691,5.22430742468657e-11,Solyc01g006540.2.1_S249;Solyc01g006540.2.1_S382,True,True
Solyc01g006560,"Lipoxygenase  IPR001246  Lipoxygenase, plant",-1.4372263633557625,True,-1.4299275122674118,5.15493542038302e-07,1.33421857939325e-06,,,,,,True,False
Solyc01g006630,Oxidoreductase family protein-binding domain,-0.4802995766606874,True,,,,,,,,,False,False
Solyc01g006670,UDP-glucosyltransferase HvUGT5876  IPR002213  UDP-glucuronosyl_UDP-glucosyltransferase,0.6703658832524113,True,0.6696323552259665,8.80893970091431e-10,4.54510232894562e-09,,,,,,True,False
Solyc01g006680,Transcription factor jumonji jmjC domain protein  IPR003347  Transcription factor jumonji_aspartyl beta-hydroxylase,-0.3776438606441201,True,,,,,,,,,False,False
Solyc01g006800,"Methionine aminopeptidase  IPR002468  Peptidase M24A, methionine aminopeptidase, subfamily 2",-0.5083535342156956,True,,,,,,,,,False,False
Solyc01g006830,Os02g0200800 protein (Fragment)  IPR009675  Targeting for Xklp2,-0.9997556899753541,True,-0.9992717222840556,5.56780508113467e-13,8.47374170567208e-12,13.0,1.4117049405704338,1.4117049405704338,1.89585405944543e-08,Solyc01g006830.2.1_S166;Solyc01g006830.2.1_S172;S175;Solyc01g006830.2.1_S212;Solyc01g006830.2.1_S212;S215;Solyc01g006830.2.1_S333;Solyc01g006830.2.1_S336;Solyc01g006830.2.1_S83;S85;Solyc01g006830.2.1_T219,True,True
Solyc01g006860,"Co-chaperone HscB-like protein  IPR001623  Heat shock protein DnaJ, N-terminal",-0.5422998884936995,True,,,,,,,,,False,False
Solyc01g006900,Phosphatidylglycerol_phosphatidylinositol transfer protein  IPR003172  MD-2-related lipid-recognition,0.19857720751651176,True,,,,,,,,,False,False
Solyc01g006940,"Poly(U)-binding-splicing factor PUF60  IPR003954  RNA recognition, region 1",-0.610537405002794,True,-0.6106561540690127,5.5942752781788e-07,1.43954599514919e-06,,,,,,True,False
Solyc01g006960,Transport protein particle subunit trs85-2,-0.28720369008194463,True,,,,,,,,,False,False
Solyc01g006970,ATP-dependent RNA helicase A-like protein  IPR007502  Helicase-associated region,0.13942002121084082,True,,,,,,,,,False,False
Solyc01g006980,Malonyl CoA-acyl carrier protein transacylase containing protein expressed  IPR004410  Malonyl CoA-acyl carrier protein transacylase,-0.6845812445157274,True,-0.6844960401915371,3.15561983657076e-12,3.55477174999251e-11,,,,,,True,False
Solyc01g006990,F-box family protein  IPR001810  Cyclin-like F-box,-0.005425413006448206,True,,,,,,,,,False,False
Solyc01g007070,BEL1-like homeodomain protein 1  IPR006563  POX,-0.525554630480768,True,,,,7.0,1.2408804985694422,1.2408804985694422,1.41171571158605e-09,Solyc01g007070.2.1_S170;Solyc01g007070.2.1_S170;T172;Solyc01g007070.2.1_S487;Solyc01g007070.2.1_S487;S490,False,True
Solyc01g007100,"Digalactosyldiacylglycerol synthase 1, chloroplastic  IPR001296  Glycosyl transferase, group 1",0.26354384294409133,True,,,,1.0,1.7560871586448457,-1.7560871586448457,6.81494144575186e-06,Solyc01g007100.2.1_S98,False,True
Solyc01g007120,Serine_threonine protein kinase  IPR000687  RIO kinase,-0.5373235474048845,True,,,,1.0,0.6332577685739857,0.6332577685739857,0.00262192079796744,Solyc01g007120.2.1_S403,False,True
Solyc01g007150,"Coatomer subunit beta-1  IPR016460  Coatomer, beta subunit",-0.3810336163631492,True,,,,2.0,1.0612626756843366,1.0612626756843366,1.10088617640883e-08,Solyc01g007150.2.1_S365;Solyc01g007150.2.1_S490,False,True
Solyc01g007220,NHL1 (Fragment)  IPR010847  Harpin-induced 1,-0.043043677139744996,True,,,,,,,,,False,False
Solyc01g007250,U3 small nucleolar ribonucleoprotein protein IMP4  IPR007109  Brix domain,-0.5968894646412143,True,-0.5875213252532671,1.32260129779724e-05,2.63867123116093e-05,,,,,,True,False
Solyc01g007260,"Os04g0416500 protein (Fragment)  IPR004176  Clp, N-terminal",-0.9877251154678564,True,,,,,,,,,False,False
Solyc01g007280,"30S ribosomal protein S4 chloroplastic  IPR005709  Ribosomal protein S4, bacterial-type",-0.8546460187215073,True,-0.8548973702181267,1.26741922808546e-10,8.14520759162953e-10,,,,,,True,False
Solyc01g007290,"NAD(P)H-quinone oxidoreductase subunit J  IPR020396  NADH:ubiquinone oxidoreductase, 30 kDa subunit, conserved site  IPR001268  NADH:ubiquinone oxidoreductase, 30 kDa subunit",-0.6579076584364923,True,-0.6604741807586453,4.29880453542887e-07,1.1357840282667e-06,,,,,,True,False
Solyc01g007300,"NAD(P)H-quinone oxidoreductase subunit K chloroplastic  IPR006138  NADH:ubiquinone oxidoreductase, 20 kDa subunit",-1.0135444145487669,True,-1.0137982302957913,9.68170825902869e-07,2.38368484781847e-06,,,,,,True,False
Solyc01g007320,"ATP synthase subunit beta chloroplastic  IPR005722  ATPase, F1 complex, beta subunit",-0.5201303838282205,True,,,,4.0,2.01195391365819,2.01195391365819,2.52195238399301e-10,Solyc01g007320.2.1_S10;Solyc01g007320.2.1_S294;Solyc01g007320.2.1_S54,False,True
Solyc01g007330,"Ribulose bisphosphate carboxylase large chain  IPR000685  Ribulose bisphosphate carboxylase, large subunit, C-terminal",-0.629297782640227,True,-0.630866175252874,4.03329491281479e-05,7.45124198401536e-05,,,,,,True,False
Solyc01g007340,"Acetyl-coenzyme A carboxylase carboxyl transferase subunit beta  IPR000438  Acetyl-CoA carboxylase carboxyl transferase, beta subunit",0.28062414665075897,True,,,,2.0,1.27723968285707,1.27723968285707,4.35325733662367e-06,Solyc01g007340.2.1_S209,False,True
Solyc01g007360,Photosystem I assembly protein ycf4  IPR003359  Photosystem I assembly Ycf4,-0.08882831810588623,True,,,,,,,,,False,False
Solyc01g007380,Apocytochrome f  IPR002325  Cytochrome f,-1.215739223122932,True,-1.2184972582447935,1.21537434876077e-10,7.85617979038963e-10,,,,,,True,False
Solyc01g007460,30S ribosomal protein S18 chloroplastic  IPR001648  Ribosomal protein S18,-0.9753384965007139,True,-0.9746527765619905,1.41966264193036e-08,5.22915937069087e-08,,,,,,True,False
Solyc01g007470,50S ribosomal protein L20 chloroplastic  IPR005813  Ribosomal protein L20,-0.9197569643177164,True,-0.9181657268474077,6.32132079561599e-10,3.39890497467845e-09,,,,,,True,False
Solyc01g007490,"ATP-dependent Clp protease proteolytic subunit  IPR001907  Peptidase S14, ClpP",0.3442027109498829,True,,,,,,,,,False,False
Solyc01g007500,"Photosystem II CP47 chlorophyll apoprotein  IPR017486  Photosystem II, PsbB",-4.008887037698824,True,-4.004642785284902,3.91822670679721e-15,1.6823767618364e-13,,,,,,True,False
Solyc01g007520,Photosystem II reaction center protein H  IPR001056  Photosystem II phosphoprotein PsbH,-3.9048366414618467,True,-3.9052123829467362,3.30720446108199e-13,5.35417727688465e-12,2.0,1.2586932789279377,1.2586932789279377,4.31336819474631e-05,Solyc01g007520.2.1_S10;Solyc01g007520.2.1_T5,True,True
Solyc01g007530,"Cytochrome b6  IPR005797  Cytochrome b_b6, N-terminal",-1.7859950753528613,True,-1.7843663203591564,6.66275595766492e-12,6.60184782070522e-11,,,,,,True,False
Solyc01g007550,"DNA-directed RNA polymerase subunit alpha  IPR011260  RNA polymerase, alpha subunit, C-terminal",-0.1489050137465329,True,,,,,,,,,False,False
Solyc01g007560,"DNA-directed RNA polymerase subunit alpha  IPR011773  DNA-directed RNA polymerase, alpha subunit",-0.0026925478170750157,True,,,,,,,,,False,False
Solyc01g007570,"30S ribosomal protein S11 chloroplastic  IPR019981  Ribosomal protein S11, bacterial-type",-1.1685273224377641,True,-1.1666095676567225,9.6956110768587e-10,4.95256271558162e-09,,,,,,True,False
Solyc01g007580,30S ribosomal protein S8  IPR000630  Ribosomal protein S8,-0.8337428313135714,True,-0.8344769547815719,1.70102428544571e-08,6.15833150673788e-08,,,,,,True,False
Solyc01g007590,"50S ribosomal protein L14 chloroplastic  IPR005745  Ribosomal protein L14, bacterial-type",-0.5060359684316147,True,,,,,,,,,False,False
Solyc01g007600,50S ribosomal protein L16 chloroplastic  IPR000114  Ribosomal protein L16,-0.7169882523394115,True,-0.7186630981950989,1.28842749615776e-07,3.79693089716518e-07,,,,,,True,False
Solyc01g007610,"30S ribosomal protein S3 chloroplastic  IPR005704  Ribosomal protein S3, bacterial",-0.5072015020013575,True,,,,,,,,,False,False
Solyc01g007620,30S ribosomal protein S19 chloroplastic  IPR002222  Ribosomal protein S19_S15,-0.00989670741099065,True,,,,,,,,,False,False
Solyc01g007630,"50S ribosomal protein L2 chloroplastic  IPR005880  Ribosomal protein L2, bacterial-type",-0.5291780869984042,True,,,,,,,,,False,False
Solyc01g007640,Ycf2  IPR008543  Chloroplast Ycf2,-0.3047447860084423,True,,,,,,,,,False,False
Solyc01g007670,"30S ribosomal protein S7 chloroplastic  IPR005717  Ribosomal protein S7, bacterial-type",-0.8082021154384373,True,-0.8083580038667494,1.44830753839854e-08,5.32143753670369e-08,,,,,,True,False
Solyc01g007740,Peroxiredoxin  IPR000866  Alkyl hydroperoxide reductase_ Thiol specific antioxidant_ Mal allergen,-0.02707864966377248,True,,,,,,,,,False,False
Solyc01g007760,Transcription factor E2F  IPR015633  E2F Family,0.5472277220244931,True,,,,,,,,,False,False
Solyc01g007790,UPF0554 protein C2orf43 homolog  IPR019363  Protein of unknown function DUF2305,0.22769317497767616,True,,,,,,,,,False,False
Solyc01g007860,"Ubiquitin-conjugating enzyme family protein-like  IPR000608  Ubiquitin-conjugating enzyme, E2",-0.1121749130483524,True,,,,1.0,0.5851781245483103,0.5851781245483103,1.75970962150892e-06,Solyc01g007860.2.1_S82,False,True
Solyc01g007880,"MORN repeat protein  IPR019746  Tubulin_FtsZ, N-terminal",0.3086470757609132,True,,,,,,,,,False,False
Solyc01g007900,Tobamovirus multiplication protein (Fragment)  IPR009457  Protein of unknown function DUF1084,-0.01606608682108995,True,,,,,,,,,False,False
Solyc01g007910,"Succinyl-CoA ligase  IPR005810  Succinyl-CoA ligase, alpha subunit",-0.1596028000357746,True,,,,,,,,,False,False
Solyc01g007920,Isochorismatase family protein  IPR000868  Isochorismatase-like,0.1500240894484346,True,,,,,,,,,False,False
Solyc01g007990,"RLK, Receptor like protein, putative resistance protein with an antifungal domain",0.06179802246165249,True,,,,,,,,,False,False
Solyc01g008000,ADP-ribosylation factor  IPR006688  ADP-ribosylation factor,-0.5060995977127156,True,,,,,,,,,False,False
Solyc01g008060,Phosphoglycerate mutase  IPR002156  Ribonuclease H,-0.7972013672416599,True,-0.7969578788840459,1.16883249838108e-08,4.40223665411676e-08,1.0,0.7904870051003876,0.7904870051003876,0.000869819965405889,Solyc01g008060.2.1_T99,True,True
Solyc01g008070,Alpha_beta superfamily hydrolase  IPR010765  Protein of unknown function DUF1350,1.455131136512076,True,1.4560294566754306,1.07655577028089e-14,3.62926405765433e-13,1.0,0.7545644351914298,-0.7545644351914298,6.12933544835264e-06,Solyc01g008070.2.1_T51,True,True
Solyc01g008090,Ribosomal protein S27  IPR000592  Ribosomal protein S27e,-0.7609804372837347,True,-0.7602512443865291,1.45358213729759e-09,7.02907401322146e-09,4.0,1.7198389585448872,1.7198389585448872,1.64807188538219e-09,Solyc01g008090.2.1_S29;Solyc01g008090.2.1_S80;Solyc01g008090.2.1_T76,True,True
Solyc01g008100,Transferase transferring glycosyl groups,-0.07392202406346111,True,,,,,,,,,False,False
Solyc01g008110,Cytochrome P450,0.4710616242925851,True,,,,,,,,,False,False
Solyc01g008140,Receptor kinase  IPR002290  Serine_threonine protein kinase,0.038029773175594674,True,,,,,,,,,False,False
Solyc01g008160,Tetratricopeptide repeat-containing protein  IPR011990  Tetratricopeptide-like helical,0.968010238660362,True,0.9678821717240669,1.27592040511977e-13,2.47067114612299e-12,,,,,,True,False
Solyc01g008170,"Zinc finger CCCH domain-containing protein 17  IPR000571  Zinc finger, CCCH-type",-0.7360821383047346,True,-0.7344305900546726,2.22063279482376e-08,7.85082906936898e-08,3.0,0.7511066554291072,0.7511066554291072,1.48097025148843e-05,Solyc01g008170.2.1_S272;S276;Solyc01g008170.2.1_S276,True,True
Solyc01g008230,"TCP family transcription factor  IPR005333  Transcription factor, TCP",-0.6735925000294435,True,-0.6751734142074544,4.60709932450097e-08,1.50543745574134e-07,,,,,,True,False
Solyc01g008250,"Thioredoxin X  IPR015467  Thioredoxin, core",-0.5149871404350831,True,,,,,,,,,False,False
Solyc01g008270,Prefoldin subunit 5  IPR011599  Prefoldin alpha subunit,-0.8957731078621815,True,-0.8893858676390978,8.42641585659295e-08,2.57721899977282e-07,,,,,,True,False
Solyc01g008280,"Serine_threonine-protein phosphatase 2A activator 2  IPR004327  Phosphotyrosyl phosphatase activator, PTPA",-0.317343941792827,True,,,,,,,,,False,False
Solyc01g008290,"Dihydroorotate dehydrogenase  IPR005719  Dihydroorotate dehydrogenase, class 2",-0.20132703071489352,True,,,,,,,,,False,False
Solyc01g008310,"Phenylalanyl-tRNA synthetase beta chain  IPR004531  Phenylalanyl-tRNA synthetase, class IIc, beta subunit, archae_euk cytosolic",-0.1209106185416841,True,,,,,,,,,False,False
Solyc01g008320,DDHD domain containing 1  IPR004177  DDHD,0.15982433196167792,True,,,,4.0,1.0383625161236327,1.0383625161236327,2.24001881369663e-06,Solyc01g008320.2.1_S130;Solyc01g008320.2.1_S506;S509;Solyc01g008320.2.1_S801;S804;Solyc01g008320.2.1_S804,False,True
Solyc01g008330,"Acetyl-CoA carboxylase biotin carboxylase  IPR004549  Acetyl-CoA carboxylase, biotin carboxylase",0.1153966395480483,True,,,,,,,,,False,False
Solyc01g008340,50S ribosomal protein L19  IPR001857  Ribosomal protein L19,-0.28615713404268317,True,,,,,,,,,False,False
Solyc01g008360,"Pre-mRNA branch site p14-like protein  IPR012677  Nucleotide-binding, alpha-beta plait",0.28080262935870587,True,,,,,,,,,False,False
Solyc01g008370,26S proteasome regulatory subunit  IPR000555  Mov34_MPN_PAD-1,-0.00010523427841195407,True,,,,,,,,,False,False
Solyc01g008440,Calcium-dependent protein kinase 8  IPR002290  Serine_threonine protein kinase,0.2868674661304956,True,,,,,,,,,False,False
Solyc01g008460,2Fe-2S ferredoxin  IPR001041  Ferredoxin,0.5040966442412521,True,,,,,,,,,False,False
Solyc01g008470,Non-selective cation channel-2 family  IPR004728  Translocation protein Sec62,1.4247471800906093,True,1.4238575920028043,1.25751906582162e-10,8.09328707966877e-10,,,,,,True,False
Solyc01g008490,"Nuclear transcription factor Y subunit A-1  IPR001289  CCAAT-binding transcription factor, subunit B",0.3203072094190033,True,,,,,,,,,False,False
Solyc01g008530,Cinnamoyl CoA reductase-like protein-binding domain,-0.759875529810502,True,-0.7602084456267929,2.72588001891331e-11,2.15740174604644e-10,,,,,,True,False
Solyc01g008550,Cinnamoyl CoA reductase-like protein-binding domain,-1.3267449176102868,True,-1.3265318984134569,8.47183463639344e-15,3.02400266057288e-13,,,,,,True,False
Solyc01g008560,NAD kinase 1  IPR002504  ATP-NAD_AcoX kinase,0.04222702251599699,True,,,,1.0,0.7400720026495949,0.7400720026495949,4.33049162767735e-06,Solyc01g008560.2.1_S9,False,True
Solyc01g008600,"Zinc finger CCCH domain-containing protein 53  IPR000571  Zinc finger, CCCH-type",-0.051979927500150166,True,,,,,,,,,False,False
Solyc01g008620,"Beta-1 3-glucanase  IPR000490  Glycoside hydrolase, family 17",0.39010681643486844,True,,,,1.0,0.9334699224531645,-0.9334699224531645,0.000241078839583012,Solyc01g008620.2.1_T290,False,True
Solyc01g008700,cDNA clone 001-102-C05 full insert sequence,0.01782195075160107,True,,,,,,,,,False,False
Solyc01g008710,"Mannan endo-1 4-beta-mannosidase  IPR018087  Glycoside hydrolase, family 5, conserved site  IPR013781  Glycoside hydrolase, subgroup, catalytic core",3.5212206875231966,True,3.5182800514694783,6.57908919360188e-16,4.08915697571563e-14,,,,,,True,False
Solyc01g008730,"BZIP transcription factor  IPR011616  bZIP transcription factor, bZIP-1",-0.3265941035919524,True,,,,2.0,0.8872188273724945,0.8872188273724945,3.89640993489385e-07,Solyc01g008730.2.1_S33,False,True
Solyc01g008770,Rho GTPase activating protein 12  IPR000198  RhoGAP,-1.103414444802389,True,-1.1030864757381866,1.51328455539242e-09,7.28211864013418e-09,3.0,1.1162445293045167,1.1162445293045167,1.24508872238052e-06,Solyc01g008770.2.1_S454;Solyc01g008770.2.1_S458;Solyc01g008770.2.1_T420,True,True
Solyc01g008790,Phosphoesterase family protein  IPR007312  Phosphoesterase,-1.7055728859388213,True,-1.7043367977111898,2.08418789821449e-11,1.72479162377378e-10,,,,,,True,False
Solyc01g008820,"Signal peptide peptidase family protein  IPR007369  Peptidase A22B, signal peptide peptidase",0.2536399305296328,True,,,,,,,,,False,False
Solyc01g008840,COP9 signalosome complex subunit 2  IPR013143  PCI_PINT associated module,-0.14412185684790832,True,,,,,,,,,False,False
Solyc01g008850,CBL-interacting protein kinase 18  IPR002290  Serine_threonine protein kinase,-0.263228568622054,True,,,,1.0,1.181801566541203,1.181801566541203,1.4445563889073e-06,Solyc01g008850.2.1_T172,False,True
Solyc01g008920,"NAD dependent epimerase_dehydratase family protein expressed  IPR013120  Male sterility, NAD-binding",-0.9589654643808236,True,-0.9591036921978336,9.41733759272583e-09,3.6439397703155e-08,,,,,,True,False
Solyc01g008950,Calmodulin 5_6_7_8-like protein  IPR011992  EF-Hand type,-0.16417880847016533,True,,,,2.0,0.7052290226622235,0.7052290226622235,2.77660425492117e-06,Solyc01g008950.2.1_S82,False,True
Solyc01g008960,Argonaute 4-like protein  IPR003165  Stem cell self-renewal protein Piwi,-0.9103750810641633,True,-0.9104454602462164,3.81633387957838e-12,4.14158431278299e-11,2.0,0.9298132429654038,0.9298132429654038,3.85532778821478e-06,Solyc01g008960.2.1_S151;S158;Solyc01g008960.2.1_S875;S879;S880,True,True
Solyc01g008970,"Heterogeneous nuclear ribonucleoprotein A3-like protein 2  IPR000504  RNA recognition motif, RNP-1",-0.45349205436859885,True,,,,,,,,,False,False
Solyc01g008990,THO complex subunit 7 homolog  IPR018018  Tho complex subunit 7,-0.28852849177310136,True,,,,,,,,,False,False
Solyc01g009010,4-diphosphocytidyl-2-C-methyl-D-erythritol kinase  IPR004424  4-diphosphocytidyl-2C-methyl-D-erythritol kinase,1.2400336414696258,True,1.2396153554294145,4.11247650980536e-14,1.00284704167842e-12,,,,,,True,False
Solyc01g009020,"Cysteine proteinase inhibitor  IPR000010  Proteinase inhibitor I25, cystatin",-0.6944910141254961,True,-0.6811025865818778,3.37958655433132e-06,7.49819403267519e-06,,,,,,True,False
Solyc01g009030,Nuclear control of ATPase protein  IPR013946  Nuclear control of ATP synthase 2,0.2417562707508112,True,,,,,,,,,False,False
Solyc01g009050,"Molybdenum cofactor biosynthesis protein  IPR005110  MoeA, N-terminal, domain I and II",0.14272949745388266,True,,,,,,,,,False,False
Solyc01g009080,FHA domain containing protein  IPR000253  Forkhead-associated,-1.162060735302228,True,-1.1629123729749145,1.76235022387651e-09,8.26584105003403e-09,1.0,2.4124726721233847,2.4124726721233847,5.58574113118373e-10,Solyc01g009080.2.1_S90,True,True
Solyc01g009090,Serrate RNA effector molecule homolog,-0.15547647103630452,True,,,,,,,,,False,False
Solyc01g009100,Ribosomal protein L30  IPR000231  Ribosomal protein L30e,-0.20387652052152755,True,,,,,,,,,False,False
Solyc01g009110,Histone deacetylase family protein expressed  IPR000286  Histone deacetylase superfamily,0.4699835083614221,True,,,,,,,,,False,False
Solyc01g009120,Histone deacetylase family protein expressed  IPR000286  Histone deacetylase superfamily,0.37611806683206594,True,,,,,,,,,False,False
Solyc01g009180,5-methyltetrahydropteroyltriglutamate--homocysteine methyltransferase  IPR006276  5-methyltetrahydropteroyltriglutamate--homocysteine S-methyltransferase,0.2603535436899465,True,,,,,,,,,False,False
Solyc01g009200,Restricted tev movement 2  IPR008978  HSP20-like chaperone,-0.6709921830753361,True,-0.6702013267692578,6.36617162876831e-09,2.5719333380224e-08,2.0,1.5959587631582284,1.5959587631582284,1.6840223260399e-07,Solyc01g009200.2.1_S110;Solyc01g009200.2.1_T51,True,True
Solyc01g009230,Xanthine dehydrogenase_oxidase  IPR016208  Aldehyde oxidase_xanthine dehydrogenase,-0.8853923457804237,True,-0.8854299300758623,2.37414787535001e-11,1.91309395431649e-10,2.0,1.9669231285593882,1.9669231285593882,3.24570677888486e-11,Solyc01g009230.2.1_S569,True,True
Solyc01g009280,"Serine_threonine-protein phosphatase  IPR012391  Serine_threonine protein phosphatase, BSU1",-0.3105039985297478,True,,,,1.0,0.6150528184282458,0.6150528184282458,0.000386529116313998,,False,True
Solyc01g009290,Polyribonucleotide 5_apos-hydroxyl-kinase Clp1  IPR010655  Pre-mRNA cleavage complex II Clp1,-0.2492684601341186,True,,,,,,,,,False,False
Solyc01g009300,Serine_threonine kinase  IPR002290  Serine_threonine protein kinase,-0.84393318164357,True,-0.840075092387355,5.26420277998377e-06,1.12987766985017e-05,6.0,2.0505961525632133,-2.0505961525632133,9.4803365854813e-09,Solyc01g009300.2.1_S348;Solyc01g009300.2.1_S572;Solyc01g009300.2.1_S914;Solyc01g009300.2.1_T353;Solyc01g009300.2.1_T505,True,True
Solyc01g009310,Sterol reductase  IPR001171  Ergosterol biosynthesis ERG4_ERG24,-0.48007519778234753,True,,,,,,,,,False,False
Solyc01g009380,Nicalin  IPR008710  Nicastrin,-0.15231467277654206,True,,,,,,,,,False,False
Solyc01g009390,MRNA decapping enzyme  IPR010334  Dcp1-like decapping,-0.33242434106687,True,,,,,,,,,False,False
Solyc01g009420,Bifunctional polymyxin resistance arnA protein  IPR001509  NAD-dependent epimerase_dehydratase,0.6020240498894235,True,0.602259107952724,1.89494283667974e-10,1.16555376694875e-09,,,,,,True,False
Solyc01g009430,Os02g0448600 protein (Fragment),0.2287289768625413,True,,,,2.0,0.9173205676462962,0.9173205676462962,4.48503812201342e-07,Solyc01g009430.2.1_S58;Solyc01g009430.2.1_T47,False,True
Solyc01g009450,"Mitochondrial inner membrane protease ATP23  IPR019165  Peptidase M76, ATP23",-0.05616615275790908,True,,,,,,,,,False,False
Solyc01g009520,Ribosomal protein  IPR002143  Ribosomal protein L1,-0.4465411399651826,True,,,,,,,,,False,False
Solyc01g009630,"Cleavage and polyadenylation specificity factor subunit 5  IPR016706  Cleavage and polyadenylation specificity factor, 25 kDa subunit",0.10506852172244964,True,,,,,,,,,False,False
Solyc01g009780,LITAF-domain-containing protein  IPR006629  LPS-induced tumor necrosis factor alpha factor,0.008943836384946426,True,,,,,,,,,False,False
Solyc01g009810,"LRR receptor-like serine_threonine-protein kinase, RLP",0.31938591562129065,True,,,,,,,,,False,False
Solyc01g009820,Hydroxyproline-rich glycoprotein family protein,0.05290552408158039,True,,,,1.0,0.7999881632558367,-0.7999881632558367,7.2544092559923e-06,Solyc01g009820.2.1_S337,False,True
Solyc01g009970,Amidohydrolase 2  IPR006992  Amidohydrolase 2,0.3789392681039011,True,,,,,,,,,False,False
Solyc01g009990,"Peptidyl-prolyl cis-trans isomerase  IPR002130  Peptidyl-prolyl cis-trans isomerase, cyclophilin-type",-0.057403838199835924,True,,,,1.0,1.2954312036475542,1.2954312036475542,6.22796214135606e-09,Solyc01g009990.2.1_S36,False,True
Solyc01g010190,Unknown Protein,-0.08880704578528885,True,,,,,,,,,False,False
Solyc01g010200,LTRGag-pol-polymerase 3,-0.9426396937177499,True,-0.9449432430377449,3.31532995496969e-11,2.55675512536708e-10,,,,,,True,False
Solyc01g010250,6-phosphogluconolactonase  IPR005900  6-phosphogluconolactonase,-0.051766087008869664,True,,,,1.0,1.139532476428048,1.139532476428048,4.99311389174417e-09,Solyc01g010250.2.1_S265,False,True
Solyc01g010270,Nitrilase associated protein-like (Fragment),-1.3875932135519715,True,-1.382820321353639,1.55523445598173e-09,7.46378177363158e-09,1.0,0.731233968997397,0.731233968997397,6.33208168311345e-06,Solyc01g010270.2.1_S12,True,True
Solyc01g010310,Glucan endo-1 3-beta-glucosidase 3  IPR012946  X8,-0.5152762949038566,True,,,,,,,,,False,False
Solyc01g010360,14-3-3-like protein GF14 epsilon  IPR000308  14-3-3 protein,0.3354032611165576,True,,,,1.0,0.8182405625712391,-0.8182405625712391,1.6762417063281e-06,Solyc01g010360.2.1_S254,False,True
Solyc01g010440,Unknown Protein,0.08645360720597203,True,,,,3.0,1.2127076859199255,1.2127076859199255,4.14940450350069e-09,Solyc01g010440.2.1_T4;Solyc01g010440.2.1_T4;S7,False,True
Solyc01g010460,Unknown Protein,0.2444072128356761,True,,,,,,,,,False,False
Solyc01g010580,"Ribosomal protein  IPR002942  RNA-binding S4  IPR018079  Ribosomal protein S4, conserved site  IPR001912  Ribosomal protein S4",-0.6635561926787271,True,-0.6631438265033386,8.22483167434273e-10,4.27502303992489e-09,,,,,,True,False
Solyc01g010590,"Peptidyl-prolyl cis-trans isomerase A  IPR002130  Peptidyl-prolyl cis-trans isomerase, cyclophilin-type",-0.5087639792660202,True,,,,,,,,,False,False
Solyc01g010640,Uncharacterized membrane protein  IPR001395  Aldo_keto reductase,-2.016692636113407,True,-2.0119977509502043,1.3991449391721e-11,1.23614316295842e-10,,,,,,True,False
Solyc01g010660,Receptor-like protein kinase At3g21340  IPR002290  Serine_threonine protein kinase,-0.020501079387623723,True,,,,1.0,0.7944713439869142,0.7944713439869142,2.12836828508421e-05,Solyc01g010660.2.1_S388;S392,False,True
Solyc01g010700,"AKIN gamma  IPR000644  Cystathionine beta-synthase, core",0.09982348544640658,True,,,,,,,,,False,False
Solyc01g010710,"Serine carboxypeptidase 1  IPR001563  Peptidase S10, serine carboxypeptidase",-0.6734807229489721,True,-0.673913200432247,1.40088584954924e-06,3.34346762373622e-06,,,,,,True,False
Solyc01g010750,Stress responsive protein  IPR008997  Ricin B-related lectin,-0.11712259139442846,True,,,,2.0,0.6932911759327025,0.6932911759327025,4.36781974110536e-06,Solyc01g010750.2.1_T83,False,True
Solyc01g010760,"Porin_voltage-dependent anion-selective channel protein  IPR001925  Porin, eukaryotic type",0.9427493154137254,True,0.9445322987938791,1.93193571965761e-11,1.6168591973933e-10,,,,,,True,False
Solyc01g010810,"RAN guanine nucleotide release factor  IPR016123  Mog1_PsbP, alpha_beta_alpha sandwich",0.013825587990315425,True,,,,,,,,,False,False
Solyc01g010820,"Cullin C  IPR001373  Cullin, N-terminal",-0.39529050627112056,True,,,,,,,,,False,False
Solyc01g010830,"HAD-superfamily hydrolase  IPR011949  HAD-superfamily hydrolase, subfamily IA, REG-2-like",0.38687088746501674,True,,,,,,,,,False,False
Solyc01g010870,"Dehydration-responsive family protein  IPR004159  Protein of unknown function DUF248, methyltransferase putative",0.007700667006808755,True,,,,,,,,,False,False
Solyc01g010940,Transmembrane emp24 domain-containing protein 10  IPR000348  emp24_gp25L_p24,0.5670797847512362,True,,,,,,,,,False,False
Solyc01g010950,Kinase family protein  IPR016253  Integrin-linked protein kinase,0.5159828095078727,True,,,,,,,,,False,False
Solyc01g011000,"Eukaryotic translation initiation factor 5A  IPR001884  Translation elongation factor, IF5A",-0.25699678471129533,True,,,,,,,,,False,False
Solyc01g011040,"LRR receptor-like serine_threonine-protein kinase, RLP",-1.5427293694965434,True,-1.542755487402944,4.79643016636719e-14,1.11598616017464e-12,,,,,,True,False
Solyc01g011090,"Phospholipid-transporting ATPase  IPR001757  ATPase, P-type, K_Mg_Cd_Cu_Zn_Na_Ca_Na_H-transporter",-0.05510555903440144,True,,,,,,,,,False,False
Solyc01g011100,"Phospholipid-transporting ATPase  IPR006539  ATPase, P-type, phospholipid-translocating, flippase",-0.010395970688993703,True,,,,,,,,,False,False
Solyc01g011340,Serine_threonine-protein phosphatase-tetraphosphatase,0.21480625371795467,True,,,,,,,,,False,False
Solyc01g011510,Aldehyde dehydrogenase-dependent  IPR015590  Aldehyde dehydrogenase,0.36726002727867385,True,,,,,,,,,False,False
Solyc01g014180,"Zinc finger A20 and AN1 domain-containing stress-associated protein 8  IPR000058  Zinc finger, AN1-type",0.19559551582926266,True,,,,,,,,,False,False
Solyc01g014210,ADP ATP carrier protein-like  IPR002113  Adenine nucleotide translocator 1,-0.39975265715809005,True,,,,,,,,,False,False
Solyc01g014230,U-box domain-containing protein 4  IPR011989  Armadillo-like helical,-0.12240004344639095,True,,,,5.0,1.2147985410429203,1.2147985410429203,7.51182588330565e-09,Solyc01g014230.2.1_S433;S436;Solyc01g014230.2.1_S433;S444;Solyc01g014230.2.1_S512,False,True
Solyc01g014490,"Type II DNA topoisomerase VI subunit B  IPR015320  DNA topoisomerase VI, subunit B, transducer",-0.31992801510929053,True,,,,,,,,,False,False
Solyc01g014850,"Zinc finger CCCH domain-containing protein 14  IPR018111  K Homology, type 1, subgroup",0.2052282883221539,True,,,,,,,,,False,False
Solyc01g014860,Zinc finger CCCH domain-containing protein 52,-0.09623663834184745,True,,,,,,,,,False,False
Solyc01g015020,PRLI-interacting factor A (Fragment),-0.08106925914330358,True,,,,,,,,,False,False
Solyc01g016840,Unknown Protein,-0.5415090788551621,True,,,,,,,,,False,False
Solyc01g017220,"ATP synthase epsilon chain chloroplastic  IPR001469  ATPase, F1 complex, delta_epsilon subunit",-0.48810462755552847,True,,,,,,,,,False,False
Solyc01g020240,T31J12.1 protein (Fragment),0.00039140935185887776,True,,,,,,,,,False,False
Solyc01g020440,"Replication factor C subunit 5  IPR019483  DNA polymerase III, clamp-loader complex, subunit E, C-terminal",-0.5082601166482993,True,,,,,,,,,False,False
Solyc01g021670,POT family domain containing protein expressed  IPR007493  Protein of unknown function DUF538,0.06432630040732884,True,,,,,,,,,False,False
Solyc01g022750,NADH dehydrogenase  IPR008011  Complex 1 LYR protein,-0.35125057855362823,True,,,,,,,,,False,False
Solyc01g028810,chaperonin  IPR001844  Chaperonin Cpn60,0.9832647445045976,True,0.982941471664313,2.32758373444845e-14,6.44472405974388e-13,1.0,1.6241856958523715,1.6241856958523715,6.18859235786818e-11,Solyc01g028810.2.1_S34,True,True
Solyc01g028830,ATP binding _ serine-threonine kinase  IPR002290  Serine_threonine protein kinase,-0.6735126180396195,True,-0.6733828966303087,3.57897404223644e-10,2.04565410208344e-09,1.0,0.7780463828841523,0.7780463828841523,1.68362620914812e-06,Solyc01g028830.2.1_S42,True,True
Solyc01g028860,YTH domain family 2 (Predicted)  IPR007275  YT521-B-like protein,-0.36154885001827747,True,,,,4.0,1.1165451671244377,1.1165451671244377,1.65690619329796e-08,Solyc01g028860.2.1_S333;Solyc01g028860.2.1_S400;Solyc01g028860.2.1_T401,False,True
Solyc01g028870,N utilization substance protein B homolog  IPR006027  NusB_RsmB_TIM44,0.5535848248735608,True,,,,,,,,,False,False
Solyc01g028900,"1-deoxy-D-xylulose-5-phosphate synthase  IPR005475  Transketolase, central region",0.37635798030756973,True,,,,,,,,,False,False
Solyc01g034020,Serine_threonine-protein phosphatase-tetraphosphatase,-0.03140899870662137,True,,,,,,,,,False,False
Solyc01g044350,"Zinc finger (Ran-binding) family protein  IPR001876  Zinc finger, RanBP2-type",-0.888881242045581,True,-0.892622517065719,2.8384524071679e-08,9.76322174725556e-08,2.0,1.1930522823984484,1.1930522823984484,2.38365843042672e-08,Solyc01g044350.2.1_T83,True,True
Solyc01g044360,Importin beta-3  IPR011989  Armadillo-like helical,-0.08840918508150333,True,,,,,,,,,False,False
Solyc01g044480,Elongation factor P  IPR008991  Translation protein SH3-like,0.34755563253560157,True,,,,,,,,,False,False
Solyc01g044490,"Elongation factor P family protein expressed  IPR015365  Elongation factor P, C-terminal",0.44501805808945516,True,,,,,,,,,False,False
Solyc01g049650,Pyruvate kinase  IPR001697  Pyruvate kinase,-0.46567098154979536,True,,,,,,,,,False,False
Solyc01g049680,"Transcriptional activator protein Pur-alpha  IPR006628  PUR-alpha_beta_gamma, DNA_RNA-binding",0.20732156127625648,True,,,,,,,,,False,False
Solyc01g049690,"Transcriptional activator protein Pur-alpha  IPR006628  PUR-alpha_beta_gamma, DNA_RNA-binding",0.1300978173483275,True,,,,,,,,,False,False
Solyc01g049890,Unknown Protein,-0.6248957225490531,True,-0.625327261284178,9.95029110728689e-09,3.83066219123008e-08,,,,,,True,False
Solyc01g049960,Unknown Protein,-0.3373287762993417,True,,,,,,,,,False,False
Solyc01g056520,"RAN binding protein 16-like  IPR001494  Importin-beta, N-terminal",-0.010464523258255393,True,,,,,,,,,False,False
Solyc01g056600,Ribonuclease 3  IPR001159  Double-stranded RNA binding,0.024872412098482247,True,,,,,,,,,False,False
Solyc01g056620,DsRNA-binding protein  IPR001159  Double-stranded RNA binding,0.2498385429405875,True,,,,,,,,,False,False
Solyc01g056690,"Kinase family protein  IPR014045  Protein phosphatase 2C, N-terminal",0.020523486826242394,True,,,,,,,,,False,False
Solyc01g056940,Ubiquitin  IPR019956  Ubiquitin subgroup,-0.09086358537931925,True,,,,,,,,,False,False
Solyc01g057000,Universal stress protein family protein  IPR006016  UspA,0.9204992190587683,True,0.919342925126085,8.75855567581405e-11,5.95608591022458e-10,,,,,,True,False
Solyc01g057210,"Pyruvate dehydrogenase kinase  IPR018955  Branched-chain alpha-ketoacid dehydrogenase kinase_Pyruvate dehydrogenase kinase, mitochondrial",-1.4491989333308366,True,-1.4487985860711388,3.58000553339533e-14,8.93794639910609e-13,,,,,,True,False
Solyc01g057520,Genomic DNA chromosome 3 P1 clone MGD8  IPR011989  Armadillo-like helical,-0.2709575080745784,True,,,,,,,,,False,False
Solyc01g057570,Alkylated DNA repair protein alkB,-0.2302467555943104,True,,,,,,,,,False,False
Solyc01g057760,"ATP dependent RNA helicase  IPR011545  DNA_RNA helicase, DEAD_DEAH box type, N-terminal",-0.23851595280991042,True,,,,2.0,0.8177672063879577,0.8177672063879577,2.90166006883127e-06,Solyc01g057760.2.1_S1090;S1092;Solyc01g057760.2.1_T451,False,True
Solyc01g057780,"Zinc finger protein VAR3, chloroplastic  IPR001876  Zinc finger, RanBP2-type",0.06232229831854256,True,,,,,,,,,False,False
Solyc01g057830,"30S ribosomal protein S1  IPR003029  Ribosomal protein S1, RNA binding domain",-1.0927697429513241,True,-1.095406517150898,1.71655408162799e-11,1.4712374809556e-10,1.0,2.8797652452692124,2.8797652452692124,4.6558230916496e-12,Solyc01g057830.2.1_S130,True,True
Solyc01g057840,Serologically defined colon cancer antigen 1 (Fragment)  IPR008532  Protein of unknown function DUF814,-0.38124650539091226,True,,,,2.0,0.7115233602273682,0.7115233602273682,8.05197427043647e-06,Solyc01g057840.2.1_S262;Solyc01g057840.2.1_S262;S266,False,True
Solyc01g057850,Serologically defined colon cancer antigen 1 (Fragment)  IPR008532  Protein of unknown function DUF814,-0.36164927535693125,True,,,,,,,,,False,False
Solyc01g057900,Ubiquitin-protein ligase  IPR000569  HECT,0.20055619480750428,True,,,,,,,,,False,False
Solyc01g057960,Class III homeodomain-leucine zipper  IPR013978  MEKHLA,-0.4230747760037689,True,,,,,,,,,False,False
Solyc01g058140,"Beta-glucosidase A  IPR018120  Glycoside hydrolase, family 1, active site  IPR001360  Glycoside hydrolase, family 1",-0.10397905412061982,True,,,,1.0,0.914273733566245,0.914273733566245,1.83223845419314e-07,Solyc01g058140.2.1_S619,False,True
Solyc01g058190,30S ribosomal protein S6  IPR000529  Ribosomal protein S6,1.3787965540800098,True,1.3775526217544807,1.48226461547244e-13,2.79117964032184e-12,,,,,,True,False
Solyc01g058390,Galactokinase  IPR000705  Galactokinase,-0.5696601464173706,True,,,,,,,,,False,False
Solyc01g058450,"RNA binding protein  IPR015903  Ribonucleoprotein, BRUNO-like",-0.5885661177706036,True,-0.5939210407316974,1.93419533070409e-06,4.48503211565301e-06,4.0,0.7515955762476128,0.7515955762476128,1.34470133037285e-05,Solyc01g058450.2.1_S103;Solyc01g058450.2.1_S29;Solyc01g058450.2.1_S461;Solyc01g058450.2.1_S63,True,True
Solyc01g058730,Os03g0310500 protein (Fragment),-0.29699523433557845,True,,,,,,,,,False,False
Solyc01g059830,"Enoyl-CoA hydratase  IPR001753  Crotonase, core",0.36653568026940236,True,,,,,,,,,False,False
Solyc01g059860,Kinase family protein  IPR002290  Serine_threonine protein kinase,-1.0748793108955623,True,-1.0752537768178472,2.93169891141642e-14,7.59677548824173e-13,2.0,1.0765605249002559,-1.0765605249002559,3.20629359892481e-08,Solyc01g059860.2.1_S291;S294;S297;Solyc01g059860.2.1_S350,True,True
Solyc01g059870,Phytochrome B1,-0.927178057975561,True,-0.9268579292146557,5.17964690736674e-12,5.35933663709844e-11,,,,,,True,False
Solyc01g059880,"ATP citrate lyase a-subunit  IPR016141  Citrate synthase-like, core",-0.8843842730612153,True,-0.8845309547146527,6.02500196848226e-12,6.05771691129755e-11,3.0,1.3273594732352205,1.3273594732352205,1.85013067522468e-07,Solyc01g059880.2.1_S176;Solyc01g059880.2.1_T324,True,True
Solyc01g059930,Universal stress protein  IPR006016  UspA,-0.7037967568360297,True,-0.7046887719644145,8.56242730839443e-09,3.35979010705928e-08,,,,,,True,False
Solyc01g060020,"Beta-glucanase  IPR000490  Glycoside hydrolase, family 17",1.2082441915792084,True,1.2085239444816396,9.91723498689479e-06,2.02398127585582e-05,,,,,,True,False
Solyc01g060030,Zinc finger CCHC domain-containing protein 10,-0.484888239844791,True,,,,,,,,,False,False
Solyc01g060070,"Pore protein homolog  IPR003397  Mitochondrial inner membrane translocase complex, subunit Tim17_22",-0.6478402644908408,True,-0.6553891274978253,2.85131881111271e-06,6.40447854262568e-06,,,,,,True,False
Solyc01g060080,Serine_threonine-protein phosphatase 4 regulatory subunit 3  IPR006887  Protein of unknown function DUF625,0.28235082342213536,True,,,,2.0,0.7379475265884659,0.7379475265884659,3.91627265649564e-05,Solyc01g060080.2.1_S495;Solyc01g060080.2.1_S625,False,True
Solyc01g060090,Serine_threonine-protein phosphatase 4 regulatory subunit 3,0.2738616511578004,True,,,,,,,,,False,False
Solyc01g060130,ADP-ribosylation factor-like protein 3  IPR006687  GTP-binding protein SAR1,-0.4955112569286587,True,,,,1.0,1.1151290373615355,1.1151290373615355,6.62760124025403e-08,Solyc01g060130.2.1_S138,False,True
Solyc01g060140,Calmodulin-binding transcription activator 5  IPR002110  Ankyrin,-0.35132331857561755,True,,,,1.0,0.7189653219942262,0.7189653219942262,1.01365215096468e-05,Solyc01g060140.2.1_S153,False,True
Solyc01g060150,Unknown Protein,-0.4520399171067594,True,,,,,,,,,False,False
Solyc01g060170,Calmodulin-binding transcription activator 5  IPR005559  CG-1,-0.42398063282826953,True,,,,,,,,,False,False
Solyc01g060180,AMP-dependent synthetase and ligase  IPR000873  AMP-dependent synthetase and ligase,-0.38149920854608743,True,,,,,,,,,False,False
Solyc01g060280,STAM binding protein  IPR000555  Mov34_MPN_PAD-1,0.18340231762091383,True,,,,1.0,0.6492527846180168,0.6492527846180168,4.76014298878188e-06,Solyc01g060280.2.1_S297,False,True
Solyc01g060470,Importin alpha-1b subunit  IPR011989  Armadillo-like helical,-0.06450298826361775,True,,,,,,,,,False,False
Solyc01g065500,"Phosphoribosylanthranilate transferase (Fragment)  IPR013583  Phosphoribosyltransferase C-terminal, plant",-0.6980725235830192,True,-0.6995127385575042,5.04327535278469e-07,1.30951303930909e-06,2.0,0.8164676140251236,-0.8164676140251236,6.78361633486422e-07,Solyc01g065500.2.1_S215;Solyc01g065500.2.1_S242,True,True
Solyc01g065530,"COBRA-like protein  IPR006918  Glycosyl-phosphatidyl inositol-anchored, plant",0.4007517573146244,True,,,,,,,,,False,False
Solyc01g065540,"Response regulator 8  IPR017053  Response regulator, plant B-type",-0.9327241527696729,True,-0.930595114204682,3.88674913242537e-09,1.66323670144423e-08,,,,,,True,False
Solyc01g065580,Pumilio domain-containing protein KIAA0020  IPR011989  Armadillo-like helical,-0.8927524861918841,True,-0.8920318183106525,1.32515009252315e-09,6.51434403890809e-09,,,,,,True,False
Solyc01g065780,NADH-quinone oxidoreductase subunit D,-0.06840608748051717,True,,,,,,,,,False,False
Solyc01g066050,Peptidyl-prolyl cis-trans isomerase FKBP5  IPR011990  Tetratricopeptide-like helical,-0.09826922569207402,True,,,,2.0,0.9797166665553374,0.9797166665553374,1.4034390586623e-07,Solyc01g066050.2.1_S285,False,True
Solyc01g066060,DAG protein,0.12442996176649522,True,,,,,,,,,False,False
Solyc01g066310,"Acyl-CoA dehydrogenase  IPR009100  Acyl-CoA dehydrogenase_oxidase, middle and N-terminal",-0.06903398936275293,True,,,,,,,,,False,False
Solyc01g066460,Epoxide hydrolase  IPR000639  Epoxide hydrolase-like,0.39110723607231107,True,,,,,,,,,False,False
Solyc01g066480,"Fumarylacetoacetate hydrolase domain-containing protein 1  IPR002529  Fumarylacetoacetase, C-terminal-like",0.12165138082521287,True,,,,,,,,,False,False
Solyc01g066520,Dihydrolipoyllysine-residue acetyltransferase component of pyruvate dehydrogenase complex  IPR015761  Lipoamide Acyltransferase,0.6207730408717816,True,0.6206813858120511,2.29945067966926e-11,1.88017641590619e-10,,,,,,True,False
Solyc01g066590,"Dynein light chain 2 cytoplasmic  IPR001372  Dynein light chain, type 1 and 2",-0.7090026846407472,True,-0.7091944132970628,4.50810677549109e-11,3.34178924274935e-10,4.0,0.8391704102202655,0.8391704102202655,8.6874659755373e-08,Solyc01g066590.2.1_S18;Solyc01g066590.2.1_S30;Solyc01g066590.2.1_T32,True,True
Solyc01g066620,"Fatty acid oxidation complex subunit alpha  IPR006176  3-hydroxyacyl-CoA dehydrogenase, NAD binding",1.3764180274178128,True,1.3710248585203675,5.91240164760414e-11,4.22762878872933e-10,,,,,,True,False
Solyc01g066690,"Translation initiation factor 2 gamma subunit  IPR015256  Initiation factor eIF2 gamma, C-terminal",0.06302054900866397,True,,,,,,,,,False,False
Solyc01g066810,Universal stress protein  IPR006016  UspA,0.8871057159952602,True,0.8859409005056728,3.02880251921113e-09,1.3326731084529e-08,,,,,,True,False
Solyc01g066840,40S ribosomal protein S21  IPR001931  Ribosomal protein S21e,-0.6223137616638804,True,-0.622532609821299,2.09493204146906e-08,7.46127447160695e-08,,,,,,True,False
Solyc01g066860,Unknown Protein,-0.66709253264774,True,-0.6703497509269281,8.85480948985381e-08,2.69157136613613e-07,3.0,1.2460323082709022,1.2460323082709022,1.02367230697167e-06,Solyc01g066860.2.1_S147;S154;Solyc01g066860.2.1_S25,True,True
Solyc01g066900,Os12g0541400 protein (Fragment),-1.253977429557285,True,-1.2535774965406061,6.64996415148487e-14,1.45578525562555e-12,,,,,,True,False
Solyc01g066940,Vesicle-associated membrane protein 7B  IPR001388  Synaptobrevin,-0.8023705130011423,True,-0.8016419189797953,2.06163097202002e-11,1.71250243731906e-10,1.0,0.7409856086587366,0.7409856086587366,1.99946567754113e-06,Solyc01g066940.2.1_S172,True,True
Solyc01g066970,Flowering promoting factor-like 1 (Fragment),-0.8136581865414226,True,-0.8104119185661164,4.08889005038037e-09,1.73470428485827e-08,,,,,,True,False
Solyc01g067000,SRC2 homolog (Fragment)  IPR018029  C2 membrane targeting protein,-0.6910311444610329,True,-0.6913104069818209,1.95521068153989e-10,1.19765076068412e-09,,,,,,True,False
Solyc01g067070,Mitochondrial deoxynucleotide carrier  IPR002067  Mitochondrial carrier protein,-0.12003345225279405,True,,,,,,,,,False,False
Solyc01g067080,Genomic DNA chromosome 3 P1 clone MHC9,1.0329118737768372,True,1.034234915543261,7.00368384533191e-12,6.86314685968136e-11,,,,,,True,False
Solyc01g067090,Homeodomain-like,0.995811783124626,True,0.9967662121919597,2.92861535012832e-10,1.71472550935049e-09,3.0,0.8845540480068019,-0.8845540480068019,4.84282843203484e-07,Solyc01g067090.2.1_S112;Solyc01g067090.2.1_S115;Solyc01g067090.2.1_S485,True,True
Solyc01g067100,"Cullin 1-like protein C  IPR001373  Cullin, N-terminal",-0.27885476828830225,True,,,,,,,,,False,False
Solyc01g067290,NAD-dependent epimerase_dehydratase-binding domain,-0.76949921121033,True,-0.7712134654537626,1.31864901590004e-08,4.90177852501866e-08,,,,,,True,False
Solyc01g067300,"UPF0497 membrane protein 13  IPR006459  Uncharacterised protein family UPF0497, trans-membrane plant subgroup",-0.0951535088553472,True,,,,,,,,,False,False
Solyc01g067380,"Lipase  IPR002921  Lipase, class 3",0.8718845435294372,True,0.8778503411055002,1.36505931359406e-08,5.05737689838435e-08,,,,,,True,False
Solyc01g067390,Chromodomain-helicase-DNA-binding protein 2  IPR000330  SNF2-related,-0.5991709442947831,True,-0.5993649493683009,2.51792412109569e-10,1.50370221563696e-09,,,,,,True,False
Solyc01g067400,Serine_threonine-protein kinase  IPR002290  Serine_threonine protein kinase,-0.688903408499077,True,-0.6897638935842905,2.35024207971275e-10,1.40856045883256e-09,7.0,1.2610197625505406,1.2610197625505406,1.38004875282451e-08,Solyc01g067400.2.1_S34;Solyc01g067400.2.1_S440;Solyc01g067400.2.1_S443;Solyc01g067400.2.1_S457;Solyc01g067400.2.1_S461;Solyc01g067400.2.1_T243;S246,True,True
Solyc01g067490,Anaphase-promoting complex subunit 7  IPR011990  Tetratricopeptide-like helical,-0.31137327316634783,True,,,,,,,,,False,False
Solyc01g067500,Serine_threonine-protein phosphatase 2A regulatory subunit B_apos_apos subunit gamma  IPR011992  EF-Hand type,-0.6802656001781104,True,-0.6793755401097316,4.03512331858004e-09,1.71598928495403e-08,,,,,,True,False
Solyc01g067510,Receptor-like kinase  IPR002290  Serine_threonine protein kinase,-0.8222064477375185,True,-0.8253198225582647,2.02405926859762e-06,4.67997887078452e-06,,,,,,True,False
Solyc01g067530,GTPase obg  IPR014100  GTP-binding protein Obg_CgtA,0.47531267170414154,True,,,,,,,,,False,False
Solyc01g067550,"Zinc finger CCCH domain-containing protein 58  IPR000571  Zinc finger, CCCH-type",-0.020475498387276747,True,,,,1.0,0.8022046735373207,0.8022046735373207,1.19027060911269e-07,Solyc01g067550.2.1_S127,False,True
Solyc01g067560,Always early protein 3  IPR010561  DIRP,-0.25799615461040687,True,,,,,,,,,False,False
Solyc01g067590,"5_apos-AMP-activated protein kinase gamma-1 subunit  IPR000644  Cystathionine beta-synthase, core",-0.2667690527820524,True,,,,,,,,,False,False
Solyc01g067630,MRNA complete cds clone RAFL24-13-K22,-0.593492221096743,True,-0.5937081957793969,7.028766022699e-07,1.77577238231235e-06,,,,,,True,False
Solyc01g067660,"Beta-amylase  IPR013781  Glycoside hydrolase, subgroup, catalytic core",2.136750559269377,True,2.137245924729814,9.5861801142458e-18,2.63539245743126e-15,,,,,,True,False
Solyc01g067710,"Sodium_hydrogen exchanger  IPR018407  Na+_H+ exchanger, isoforms 1-4, conserved region",0.21501685515201904,True,,,,4.0,1.8676449942436268,1.8676449942436268,1.77821200016838e-06,Solyc01g067710.2.1_S457;S458;T462;Solyc01g067710.2.1_S458;Solyc01g067710.2.1_S465;S477;S490;Solyc01g067710.2.1_S530;S535,False,True
Solyc01g067720,Vesicle-associated membrane protein-associated protein  IPR000535  Major sperm protein,-0.6944420649509749,True,-0.693391708707932,9.58008217951934e-08,2.89323039115079e-07,3.0,1.078418525421794,1.078418525421794,5.03636854443566e-07,Solyc01g067720.2.1_S263;Solyc01g067720.2.1_S264,True,True
Solyc01g067730,Acyl carrier protein,0.6454809110337895,True,0.6416296695526108,3.3392296439268e-06,7.41976826880535e-06,1.0,0.9543591405702863,0.9543591405702863,6.60018890454477e-06,Solyc01g067730.2.1_S31,True,True
Solyc01g067740,"Superoxide dismutase  IPR001424  Superoxide dismutase, copper_zinc binding",0.5519635817723348,True,,,,,,,,,False,False
Solyc01g067750,Shikimate dehydrogenase  IPR001381  Dehydroquinase class I,0.6025989169159496,True,0.6027769944032811,1.50211559744899e-09,7.24406046127328e-09,,,,,,True,False
Solyc01g067890,"1-deoxy-D-xylulose 5-phosphate synthase 1  IPR005474  Transketolase, N-terminal  IPR005475  Transketolase, central region  IPR005477  Deoxyxylulose-5-phosphate synthase",1.3184513523126555,True,1.3175316063902065,1.78985464495315e-15,8.88727825940986e-14,1.0,0.8230402445185834,0.8230402445185834,6.01572072823873e-08,Solyc01g067890.2.1_S275,True,True
Solyc01g067900,Rapid alkalinization factor 2  IPR008801  Rapid ALkalinization Factor,0.11938804982691498,True,,,,,,,,,False,False
Solyc01g067930,Alpha-1 6-xylosyltransferase (Fragment)  IPR008630  Galactosyl transferase,-0.9085695635589819,True,-0.9089860441042615,1.85344836019318e-12,2.27533826317638e-11,,,,,,True,False
Solyc01g068000,Serine_threonine phosphatase family protein  IPR015655  Protein phosphatase 2C,-0.1154012525923022,True,,,,,,,,,False,False
Solyc01g068030,Cyclase_dehydrase  IPR005031  Streptomyces cyclase_dehydrase,0.514666909818839,True,,,,,,,,,False,False
Solyc01g068060,Autophagy-related protein 8,-0.06809233209606505,True,,,,,,,,,False,False
Solyc01g068080,Dihydroflavonol 4-reductase family-binding domain,1.165952186632849,True,1.1657656881381906,1.91381730666743e-12,2.33013811255618e-11,,,,,,True,False
Solyc01g068100,"Squamosa promoter binding protein-like 1  IPR004333  Transcription factor, SBP-box",-0.8451418063337749,True,-0.8451347543973343,2.37854124588907e-09,1.08246157672617e-08,2.0,0.714097160011725,0.714097160011725,5.51143700177454e-05,Solyc01g068100.2.1_S347;T362;Solyc01g068100.2.1_S386,True,True
Solyc01g068130,Os05g0272200 protein (Fragment),0.08071016999690042,True,,,,,,,,,False,False
Solyc01g068160,"Cysteine desulfurase like  IPR000192  Aminotransferase, class V_Cysteine desulfurase",0.11508583495571502,True,,,,,,,,,False,False
Solyc01g068190,Unknown Protein,-0.84503767909112,True,-0.8489041247961779,8.61561116869217e-09,3.37485905982089e-08,,,,,,True,False
Solyc01g068200,Abscisic acid insensitive 8 homologue (Fragment),-0.5696668353157984,True,,,,,,,,,False,False
Solyc01g068240,"Ubiquitin carboxyl-terminal hydrolase  IPR001394  Peptidase C19, ubiquitin carboxyl-terminal hydrolase 2",0.3286138692834586,True,,,,4.0,1.0238257105540687,1.0238257105540687,6.72353863638828e-08,Solyc01g068240.2.1_S154;Solyc01g068240.2.1_S320;S321;Solyc01g068240.2.1_T152,False,True
Solyc01g068290,tRNA uridine 5-carboxymethylaminomethyl modification enzyme mnmG  IPR004416  Glucose-inhibited division protein A,-0.09047074861924473,True,,,,,,,,,False,False
Solyc01g068380,Purple acid phosphatase  IPR004843  Metallophosphoesterase,0.4993789148931884,True,,,,,,,,,False,False
Solyc01g068390,"Zinc finger family protein  IPR001841  Zinc finger, RING-type",-0.28892569417830655,True,,,,,,,,,False,False
Solyc01g068400,Tubulin-specific chaperone A  IPR004226  Tubulin binding cofactor A,-0.27089749408822583,True,,,,,,,,,False,False
Solyc01g068450,"Genomic DNA chromosome 3 P1 clone MSJ11  IPR019191  Essential protein Yae1, N-terminal",0.351129878501933,True,,,,,,,,,False,False
Solyc01g068480,Embryo defective 2765 (Fragment),-0.18440478542822508,True,,,,,,,,,False,False
Solyc01g068530,30S ribosomal protein S9  IPR000754  Ribosomal protein S9,-0.5844295852837903,True,,,,,,,,,False,False
Solyc01g068580,C9orf78  IPR010756  Hepatocellular carcinoma-associated antigen 59,0.12212371440788158,True,,,,,,,,,False,False
Solyc01g068600,Paladin-like protein,-0.13324505817121926,True,,,,,,,,,False,False
Solyc01g068610,Metal ion binding protein,-0.0522936927363599,True,,,,,,,,,False,False
Solyc01g068620,Cyclase_dehydrase  IPR005031  Streptomyces cyclase_dehydrase,0.16972653254912898,True,,,,,,,,,False,False
Solyc01g068640,Uncharacterized aarF domain-containing protein kinase 4  IPR004147  ABC-1,-0.4517126089442142,True,,,,,,,,,False,False
Solyc01g073640,Uncharacterized oxidoreductase Mb1385  IPR002347  Glucose_ribitol dehydrogenase,-1.4001056214367524,True,-1.399872069711603,1.13281626963828e-12,1.52321800371332e-11,,,,,,True,False
Solyc01g073650,Serine_threonine-protein phosphatase-tetraphosphatase,0.012292060979421255,True,,,,,,,,,False,False
Solyc01g073690,"V-type ATP synthase subunit D  IPR002699  ATPase, V1_A1 complex, subunit D",-0.9158141463122975,True,-0.9051598230258948,2.78131177501574e-08,9.59638938522514e-08,5.0,1.5806601573791026,1.5806601573791026,3.85748726219591e-09,Solyc01g073690.2.1_S100;Solyc01g073690.2.1_S215;Solyc01g073690.2.1_S220;Solyc01g073690.2.1_S226;S235,True,True
Solyc01g073710,Calcium-binding EF hand family protein  IPR011992  EF-Hand type,-0.26121190763107216,True,,,,,,,,,False,False
Solyc01g073740,"Citrate synthase  IPR010109  Citrate synthase, eukaryotic",-0.15884065773380138,True,,,,,,,,,False,False
Solyc01g073750,"Glucan synthase like 3  IPR003440  Glycosyl transferase, family 48",-0.6755166512080313,True,-0.6761101491101988,1.36602974754314e-09,6.68572268511203e-09,,,,,,True,False
Solyc01g073930,N-terminal asparagine amidohydrolase family protein,-0.0018435066533643778,True,,,,1.0,0.6279352531647203,0.6279352531647203,0.000172148700840884,Solyc01g073930.2.1_S54,False,True
Solyc01g073940,"Zinc finger CCCH domain-containing protein 14  IPR018111  K Homology, type 1, subgroup",-0.3147487947665923,True,,,,1.0,1.5957558037550699,1.5957558037550699,4.03162424619741e-08,Solyc01g073940.2.1_T237,False,True
Solyc01g073960,ENT domain containing protein  IPR005491  ENT,-0.16054328667081438,True,,,,,,,,,False,False
Solyc01g074010,Protein kinase  IPR002290  Serine_threonine protein kinase,-0.3976613629768069,True,,,,,,,,,False,False
Solyc01g074030,"Beta-glucosidase 01  IPR013781  Glycoside hydrolase, subgroup, catalytic core",-0.43324589966680155,True,,,,,,,,,False,False
Solyc01g079090,Protoporphyrinogen oxidase  IPR004572  Protoporphyrinogen oxidase,0.8990907791791252,True,0.899549542234392,4.31611010195118e-11,3.210174609719e-10,,,,,,True,False
Solyc01g079210,"SWR1-complex protein 4  IPR001005  SANT, DNA-binding",-0.08095055433319066,True,,,,1.0,0.5914328693760025,0.5914328693760025,5.9660470191645e-06,Solyc01g079210.2.1_S270,False,True
Solyc01g079220,"NifU like protein  IPR001075  NIF system FeS cluster assembly, NifU, C-terminal",0.9198595655812277,True,0.9203771299554551,9.01529873972967e-11,6.08412871668316e-10,,,,,,True,False
Solyc01g079230,Agenet domain-containing protein  IPR007930  Protein of unknown function DUF724,0.09657959684928817,True,,,,,,,,,False,False
Solyc01g079240,Long-chain-fatty-acid--CoA ligase family protein  IPR000873  AMP-dependent synthetase and ligase,-1.389484828191573,True,-1.394833719315778,1.32696833261364e-10,8.46061301310621e-10,,,,,,True,False
Solyc01g079250,"mRNA splicing factor ATP-dependent RNA helicase  IPR014001  DEAD-like helicase, N-terminal",-0.2797207968820763,True,,,,,,,,,False,False
Solyc01g079320,Pentatricopeptide repeat-containing protein  IPR002885  Pentatricopeptide repeat,-0.42528570156765855,True,,,,,,,,,False,False
Solyc01g079330,"ATP dependent RNA helicase  IPR011545  DNA_RNA helicase, DEAD_DEAH box type, N-terminal",-0.4333054399529549,True,,,,,,,,,False,False
Solyc01g079340,Receptor-like kinase  IPR002290  Serine_threonine protein kinase,-0.9166035918263441,True,-0.9166157738147785,8.61983538940878e-09,3.37502629696322e-08,,,,,,True,False
Solyc01g079410,"SMP-30_Gluconolaconase_LRE domain protein  IPR011042  Six-bladed beta-propeller, TolB-like",-1.9430955578493003,True,-1.9443598473870638,2.6880700592138e-14,7.11058532330127e-13,,,,,,True,False
Solyc01g079420,Cytochrome c oxidase subunit VC family protein  IPR008432  Cytochrome c oxidase subunit Vc,-0.3601688491873021,True,,,,,,,,,False,False
Solyc01g079450,"Peptidase S9 prolyl oligopeptidase active site domain protein  IPR001375  Peptidase S9, prolyl oligopeptidase active site region",0.6638476198274812,True,0.6639062893921912,4.75839050375662e-11,3.50104096004875e-10,,,,,,True,False
Solyc01g079490,Protein fat-free homolog  IPR014812  Vps51_Vps67,-0.1345449411298154,True,,,,,,,,,False,False
Solyc01g079500,DNA replication licensing factor  IPR008050  MCM protein 7,0.02374041715745631,True,,,,,,,,,False,False
Solyc01g079590,Transmembrane protein 205,0.8740029656722182,True,0.8754360775146404,1.08100032215172e-11,9.96610988104168e-11,,,,,,True,False
Solyc01g079610,DNAJ chaperone  IPR003095  Heat shock protein DnaJ,-0.27207638873321294,True,,,,,,,,,False,False
Solyc01g079650,CTP synthase-like protein  IPR004468  CTP synthase,0.028186872293533526,True,,,,,,,,,False,False
Solyc01g079680,"Ran GTPase activating protein (Fragment)  IPR003590  Leucine-rich repeat, ribonuclease inhibitor subtype",-0.48018466649259717,True,,,,,,,,,False,False
Solyc01g079720,Kinase-associated protein phosphatase 1  IPR015655  Protein phosphatase 2C,-0.15269951659819161,True,,,,2.0,0.9200563798416892,0.9200563798416892,5.08250827397762e-05,Solyc01g079720.2.1_S103,False,True
Solyc01g079760,Mitochondrial carrier protein  IPR001993  Mitochondrial substrate carrier,0.4429586255849051,True,,,,,,,,,False,False
Solyc01g079780,Uncharacterized GPI-anchored protein At5g19250,1.1353426360944927,True,1.133942079012927,3.76585927571664e-10,2.13871931262425e-09,,,,,,True,False
Solyc01g079790,Glucose-1-phosphate adenylyltransferase  IPR011831  Glucose-1-phosphate adenylyltransferase,-0.645872124347931,True,-0.6474187823850507,1.40386386560518e-06,3.34877671430458e-06,,,,,,True,False
Solyc01g079820,Redoxin domain protein  IPR013740  Redoxin,-0.2950971862183407,True,,,,,,,,,False,False
Solyc01g079840,"NEDD8-activating enzyme E1 catalytic subunit  IPR009036  Molybdenum cofactor biosynthesis, MoeB",0.09579443518692494,True,,,,,,,,,False,False
Solyc01g079860,"Carbohydrate kinase YjeF related protein  IPR000631  Uncharacterised protein family, carbohydrate kinase-related",0.7648480146467389,True,0.7649047325498964,7.99145920385768e-13,1.14376955561814e-11,,,,,,True,False
Solyc01g079870,Nuclear transcription factor Y subunit C-2  IPR003958  Transcription factor CBF_NF-Y_archaeal histone,-0.3341372663502024,True,,,,,,,,,False,False
Solyc01g079880,Asparagine synthetase,0.538171875826234,True,,,,,,,,,False,False
Solyc01g079950,Xylanase inhibitor (Fragment)  IPR001461  Peptidase A1,-0.20984959034815534,True,,,,,,,,,False,False
Solyc01g080010,Xylanase inhibitor (Fragment)  IPR001461  Peptidase A1,-0.07797205962033339,True,,,,,,,,,False,False
Solyc01g080080,"RING finger protein B  IPR001841  Zinc finger, RING-type",-0.2986877652551079,True,,,,,,,,,False,False
Solyc01g080110,SNARE associated Golgi protein  IPR015414  SNARE associated Golgi protein,-0.3207142289858978,True,,,,,,,,,False,False
Solyc01g080140,Dolichol-phosphate mannosyltransferase  IPR013744  Protein of unknown function DUF1749,0.19712711217744247,True,,,,,,,,,False,False
Solyc01g080160,Cbs domain containing protein expressed (Fragment)  IPR002550  Protein of unknown function DUF21,-0.8353609679883552,True,-0.835777479169484,1.03962143232378e-12,1.41720173167083e-11,6.0,2.2777131462043227,2.2777131462043227,1.10212280584011e-09,Solyc01g080160.2.1_S193;Solyc01g080160.2.1_S474;S478;Solyc01g080160.2.1_S478;Solyc01g080160.2.1_S483,True,True
Solyc01g080170,Hydroxymethylglutaryl-CoA lyase  IPR000891  Pyruvate carboxyltransferase,0.2283654971876267,True,,,,,,,,,False,False
Solyc01g080210,Ribonucleoside-diphosphate reductase small chain  IPR000358  Ribonucleotide reductase,0.6425822682743919,True,0.642450593737153,9.03942999010005e-08,2.74487371889338e-07,,,,,,True,False
Solyc01g080220,Dienelactone hydrolase family protein  IPR002925  Dienelactone hydrolase,1.5405840966801245,True,1.539512869583379,1.00961187997496e-11,9.39626218766232e-11,,,,,,True,False
Solyc01g080240,Mitogen-activated protein kinase 16  IPR002290  Serine_threonine protein kinase,-0.8407646552866196,True,-0.8412025028182172,5.55496910500585e-08,1.77727017297667e-07,2.0,0.7277251343756812,0.7277251343756812,5.55532856467798e-05,Solyc01g080240.2.1_S412;Solyc01g080240.2.1_T187,True,True
Solyc01g080270,Alpha_beta hydrolase  IPR000073  Alpha_beta hydrolase fold-1,-0.10839647887883436,True,,,,2.0,0.7381651928332695,0.7381651928332695,5.84622141562807e-06,Solyc01g080270.2.1_S369;S373;Solyc01g080270.2.1_S528,False,True
Solyc01g080280,"Glutamine synthetase  IPR008146  Glutamine synthetase, catalytic region",-0.4634206153351707,True,,,,,,,,,False,False
Solyc01g080330,Transmembrane BAX inhibitor motif-containing protein 4  IPR006214  Uncharacterised protein family UPF0005,-0.11923231875520013,True,,,,2.0,0.9627483621373164,0.9627483621373164,1.50582480691573e-06,Solyc01g080330.2.1_S11,False,True
Solyc01g080340,BSD domain containing 1  IPR005607  BSD,-0.658229943609464,True,-0.6616905540860231,3.99235450270955e-07,1.06239661137971e-06,,,,,,True,False
Solyc01g080350,Calcium binding protein 39-like  IPR013878  Mo25-like,-0.1576775906932038,True,,,,,,,,,False,False
Solyc01g080360,"MHD domain-containing death-inducing protein  IPR008968  Clathrin adaptor, mu subunit, C-terminal",-0.1207259329086383,True,,,,,,,,,False,False
Solyc01g080400,Integrin-linked kinase-associated serine_threonine phosphatase 2C  IPR015655  Protein phosphatase 2C,-0.11761958239140195,True,,,,,,,,,False,False
Solyc01g080410,Peptide methionine sulfoxide reductase msrB  IPR002579  Methionine sulphoxide reductase B,2.0829085830173852,True,2.085373029305293,1.9393719355074e-15,9.47095481471968e-14,1.0,1.3620613510275164,-1.3620613510275164,1.47415788782572e-08,Solyc01g080410.2.1_S132,True,True
Solyc01g080430,"Baculoviral IAP repeat-containing 2  IPR001841  Zinc finger, RING-type",-0.24874039144745694,True,,,,,,,,,False,False
Solyc01g080460,"Pyruvate phosphate dikinase  IPR010121  Pyruvate, phosphate dikinase",-0.047736308946874806,True,,,,5.0,1.8894903492866233,1.8894903492866233,9.33158913989051e-11,Solyc01g080460.2.1_S354;Solyc01g080460.2.1_S491;Solyc01g080460.2.1_S83;Solyc01g080460.2.1_T545;S546;Solyc01g080460.2.1_T75,False,True
Solyc01g080510,Os05g0406000 protein (Fragment),-0.16214665275900708,True,,,,2.0,0.8611209310852388,0.8611209310852388,9.15627440690387e-08,Solyc01g080510.2.1_S211;Solyc01g080510.2.1_S225,False,True
Solyc01g080530,"Prolyl 4-hydroxylase alpha subunit-like protein  IPR006620  Prolyl 4-hydroxylase, alpha subunit",-0.5839159459691802,True,,,,,,,,,False,False
Solyc01g080540,Histidine-containing phosphotransfer protein region,-0.6240274686599451,True,-0.6220180037558282,6.5759140598621e-09,2.64944352511579e-08,,,,,,True,False
Solyc01g080600,Histone H3  IPR000164  Histone H3,-0.42326942223230196,True,,,,,,,,,False,False
Solyc01g080640,"Multidrug resistance protein ABC transporter family  IPR001140  ABC transporter, transmembrane region",1.2347372558694854,True,1.2347496792600048,2.29050791457686e-13,3.93012246037822e-12,3.0,1.3240690431694375,1.3240690431694375,4.64307707341026e-05,Solyc01g080640.2.1_S879;Solyc01g080640.2.1_S879;T884;S887;Solyc01g080640.2.1_S887,True,True
Solyc01g080660,"Splicing factor arginine_serine-rich 4  IPR012677  Nucleotide-binding, alpha-beta plait",-0.4874239370060829,True,,,,2.0,0.8729423845261043,0.8729423845261043,1.49122803977462e-06,Solyc01g080660.2.1_S154;S156;S158;Solyc01g080660.2.1_S35,False,True
Solyc01g080690,"Transcription initiation factor TFIID subunit 5  IPR017986  WD40 repeat, region",-0.23196631925705147,True,,,,2.0,0.832461268773696,0.832461268773696,9.80755193593651e-07,Solyc01g080690.2.1_S455;Solyc01g080690.2.1_T454,False,True
Solyc01g080700,Inosine-uridine preferring nucleoside hydrolase family protein  IPR001910  Inosine_uridine-preferring nucleoside hydrolase,-0.3151384372132904,True,,,,,,,,,False,False
Solyc01g080780,Translocase of chloroplast 34  IPR005690  Chloroplast protein import component Toc86_159,0.5533550645455836,True,,,,1.0,1.026301629463096,1.026301629463096,1.03640174015239e-06,Solyc01g080780.2.1_S103,False,True
Solyc01g080810,"Isoleucyl-tRNA synthetase  IPR002301  Isoleucyl-tRNA synthetase, class Ia  IPR018353  Isoleucyl-tRNA synthetase",-0.00552574687991245,True,,,,,,,,,False,False
Solyc01g080840,Protein translocase subunit secA  IPR000185  SecA protein,0.0059333437667663325,True,,,,,,,,,False,False
Solyc01g080850,Protein transport protein SEC23  IPR006900  Sec23_Sec24 helical region,-0.2536526709785264,True,,,,,,,,,False,False
Solyc01g080860,Protoheme IX farnesyltransferase  IPR006369  Protohaem IX farnesyltransferase,2.826882832640632,True,2.829419787006294,1.50895606698393e-15,7.84304182652232e-14,,,,,,True,False
Solyc01g080880,Receptor-like kinase  IPR002290  Serine_threonine protein kinase,0.021913973883713096,True,,,,1.0,1.0091425295588403,-1.0091425295588403,1.91596780499166e-07,Solyc01g080880.2.1_S213,False,True
Solyc01g080890,Unknown Protein,0.48542837103978015,True,,,,,,,,,False,False
Solyc01g080910,Unknown Protein,-0.5051095496646067,True,,,,,,,,,False,False
Solyc01g080930,"Enoyl-CoA-hydratase  IPR001753  Crotonase, core",0.6809740481235893,True,0.6815891221147087,3.3455061840645e-10,1.93083499766008e-09,,,,,,True,False
Solyc01g080940,5-hydroxyisourate hydrolase  IPR014306  Hydroxyisourate hydrolase,-0.024046392141643416,True,,,,,,,,,False,False
Solyc01g081010,"Nucleolar GTP-binding protein  IPR012973  NOG, C-terminal",-0.7266947364805216,True,-0.7255332701616991,3.88831653453477e-10,2.19843240196851e-09,1.0,0.8868988135190381,0.8868988135190381,1.24359824285846e-05,Solyc01g081010.2.1_S576,True,True
Solyc01g081030,Protein SCAI,-0.031633897637640476,True,,,,,,,,,False,False
Solyc01g081060,Xyloglucan endotransglucosylase_hydrolase 14  IPR016455  Xyloglucan endotransglucosylase_hydrolase,1.0484200692347285,True,1.0484355249280453,1.54630155678643e-12,1.97464486159738e-11,,,,,,True,False
Solyc01g081070,Protein transport protein Sec23  IPR006896  Sec23_Sec24 trunk region,0.4234047291023,True,,,,,,,,,False,False
Solyc01g081150,"DNA-directed RNA polymerases I II and III subunit RPABC3  IPR005570  RNA polymerase, Rpb8",-0.24827150788241006,True,,,,,,,,,False,False
Solyc01g081190,Calcium-binding EF hand family protein  IPR018248  EF hand,0.10768431918447714,True,,,,,,,,,False,False
Solyc01g081200,Unknown Protein,-0.27710382881649054,True,,,,,,,,,False,False
Solyc01g081270,"Glutathione S-transferase  IPR004046  Glutathione S-transferase, C-terminal",-0.5691163713616788,True,,,,,,,,,False,False
Solyc01g081300,Phosphoribosylaminoimidazole-succinocarboxamide synthase  IPR001636  SAICAR synthetase,0.5436928040698235,True,,,,,,,,,False,False
Solyc01g081310,"Glutathione-S-transferase  IPR004045  Glutathione S-transferase, N-terminal  IPR017933  Glutathione S-transferase_chloride channel, C-terminal",0.6046031295635371,True,0.6046830844534681,1.08552410378426e-08,4.1355071729252e-08,,,,,,True,False
Solyc01g081380,Nuclear matrix protein 1  IPR010604  Plant nuclear matrix 1,-0.3574757413485307,True,,,,,,,,,False,False
Solyc01g081420,Os04g0218600 protein (Fragment),0.2664454581860145,True,,,,,,,,,False,False
Solyc01g081430,Expressed protein (Fragment),0.274485623785198,True,,,,5.0,1.5749788612531999,1.5749788612531999,5.57060056057226e-09,Solyc01g081430.2.1_S1879;Solyc01g081430.2.1_S615;Solyc01g081430.2.1_S909;Solyc01g081430.2.1_S909;S912,False,True
Solyc01g081470,Ubiquinone_menaquinone biosynthesis methyltransferase ubiE  IPR004033  UbiE_COQ5 methyltransferase,-0.41290972352988536,True,,,,,,,,,False,False
Solyc01g081480,Genomic DNA chromosome 5 P1 clone MVA3,-0.29529114242098076,True,,,,,,,,,False,False
Solyc01g081510,3-hydroxyisobutyrate dehydrogenase  IPR015815  3-hydroxyacid dehydrogenase_reductase,0.1988358498616676,True,,,,,,,,,False,False
Solyc01g081520,30S ribosomal protein S2  IPR002618  UTP--glucose-1-phosphate uridylyltransferase,-0.09769011758736044,True,,,,,,,,,False,False
Solyc01g081540,"Myosin XI-F  IPR001609  Myosin head, motor region",-0.5083464683832002,True,,,,2.0,0.9422997536683797,0.9422997536683797,4.09589143028299e-08,Solyc01g081540.2.1_S1248,False,True
Solyc01g081570,"Carboxyl-terminal peptidase  IPR004314  Protein of unknown function DUF239, plant",-1.1660538030207246,True,-1.1678970879929806,3.44767014977381e-11,2.63510950515922e-10,,,,,,True,False
Solyc01g081610,"Beta-hexosaminidase 1  IPR015883  Glycoside hydrolase, family 20, catalytic core",1.0617251111066912,True,1.0621623058112408,1.31264080252766e-12,1.72075980130765e-11,,,,,,True,False
Solyc01g086710,"DNA-directed RNA polymerase  IPR015712  DNA-directed RNA polymerase, subunit 2",-0.4275057207944056,True,,,,,,,,,False,False
Solyc01g086740,Chaperone protein dnaJ  IPR012724  Chaperone DnaJ,0.23928043700118756,True,,,,,,,,,False,False
Solyc01g086750,Protein TIF31 homolog  IPR011990  Tetratricopeptide-like helical,-0.3869846357733895,True,,,,,,,,,False,False
Solyc01g086850,Ras-related protein Rab-25  IPR015595  Rab11-related,-0.27972210831338207,True,,,,,,,,,False,False
Solyc01g086890,Splicing factor 4-like protein (Fragment)  IPR000467  D111_G-patch,-0.1101975595294646,True,,,,,,,,,False,False
Solyc01g086940,"Zinc finger CCCH domain-containing protein 44  IPR018144  Plus-3 domain, subgroup",-0.13542189190705034,True,,,,,,,,,False,False
Solyc01g086980,"Polyadenylate-binding protein  IPR012677  Nucleotide-binding, alpha-beta plait",-0.13914038953256605,True,,,,6.0,0.9801343579281152,0.9801343579281152,4.54534055610822e-07,Solyc01g086980.2.1_S197;Solyc01g086980.2.1_S198;Solyc01g086980.2.1_S233;Solyc01g086980.2.1_S424;Solyc01g086980.2.1_S649,False,True
Solyc01g086990,Pre-mRNA-splicing factor SYF1  IPR011990  Tetratricopeptide-like helical,-0.28192639861237284,True,,,,,,,,,False,False
Solyc01g087040,"Thylakoid lumenal 19 kDa protein, chloroplastic  IPR016123  Mog1_PsbP, alpha_beta_alpha sandwich",-1.738657237535973,True,-1.7386441911796984,1.87021741090835e-12,2.28645011666484e-11,,,,,,True,False
Solyc01g087120,"F1-ATP synthase delta subunit  IPR000711  ATPase, F1 complex, OSCP_delta subunit",-0.22994667339402589,True,,,,,,,,,False,False
Solyc01g087170,Zinc finger CCCH domain-containing protein 30  IPR002110  Ankyrin,-0.3842571956254457,True,,,,3.0,1.1980517311965377,1.1980517311965377,4.02923774317091e-08,Solyc01g087170.2.1_S161;S164;Solyc01g087170.2.1_S164,False,True
Solyc01g087210,Cellulose synthase  IPR005150  Cellulose synthase,-1.5592590889264175,True,-1.55856695325332,1.88615317814224e-13,3.35282588946565e-12,3.0,1.4914904720280724,1.4914904720280724,1.06198478023203e-07,Solyc01g087210.2.1_S186;Solyc01g087210.2.1_S243;Solyc01g087210.2.1_S243;T244,True,True
Solyc01g087250,Carotenoid cleavage dioxygenase 1A,-0.588501048251566,True,-0.5898932195574861,9.01373896509179e-10,4.63891788776698e-09,,,,,,True,False
Solyc01g087260,Carotenoid cleavage dioxygenase 1B,0.5021742821940074,True,,,,,,,,,False,False
Solyc01g087430,"PHD zinc finger-containing protein  IPR011011  Zinc finger, FYVE_PHD-type",-0.496035049168832,True,,,,4.0,0.8322649314743122,0.8322649314743122,1.88338097937506e-06,Solyc01g087430.2.1_S114;Solyc01g087430.2.1_S585;Solyc01g087430.2.1_S602;S605,False,True
Solyc01g087470,"Peptidyl-prolyl cis-trans isomerase  IPR001179  Peptidyl-prolyl cis-trans isomerase, FKBP-type",0.7126705093636934,True,0.7137999782846014,1.31603185142755e-09,6.48027207506265e-09,,,,,,True,False
Solyc01g087520,"Ferredoxin-thioredoxin reductase variable chain  IPR004207  Ferredoxin thioredoxin reductase, alpha chain",-0.09253269633168179,True,,,,,,,,,False,False
Solyc01g087540,Os01g0611000 protein (Fragment)  IPR006946  Protein of unknown function DUF642,-0.12633440411051403,True,,,,,,,,,False,False
Solyc01g087550,Nitrate reductase  IPR001199  Cytochrome b5,-0.0034526812964138873,True,,,,,,,,,False,False
Solyc01g087560,24-sterol C-methyltransferase  IPR013705  Sterol methyltransferase C-terminal,0.25423786526700987,True,,,,,,,,,False,False
Solyc01g087610,Alpha-N-acetylglucosaminidase  IPR007781  Alpha-N-acetylglucosaminidase,0.021294513755847937,True,,,,,,,,,False,False
Solyc01g087640,Cinnamoyl CoA reductase-like protein-binding domain,0.6942491217879905,True,0.6941414879678611,1.79891152671997e-11,1.52564176044724e-10,,,,,,True,False
Solyc01g087650,"Conserved oligomeric Golgi complex subunit 8  IPR016632  Conserved oligomeric Golgi complex, subunit 8",-0.32155252400403506,True,,,,,,,,,False,False
Solyc01g087670,"Guanine nucleotide-binding protein G(I)_G(S)_G(T) subunit beta-1  IPR007319  Small-subunit processome, Utp21",-0.4760696824762287,True,,,,,,,,,False,False
Solyc01g087680,Uncharacterized membrane protein  IPR016804  Uncharacterised conserved protein UCP022348,0.7812112741436421,True,0.7888700249494713,6.58507262025216e-08,2.06813164130039e-07,,,,,,True,False
Solyc01g087730,"50S ribosomal protein L1  IPR005878  Ribosomal protein L1, bacterial-type",-0.34710355865549813,True,,,,,,,,,False,False
Solyc01g087740,"Subtilisin-like protease  IPR015500  Peptidase S8, subtilisin-related",0.2015510819364893,True,,,,,,,,,False,False
Solyc01g087790,"Subtilisin-like protease  IPR015500  Peptidase S8, subtilisin-related",-0.8645285168432058,True,-0.8664921749330242,2.89693879434229e-08,9.9413096540982e-08,,,,,,True,False
Solyc01g087800,"Subtilisin-like protease  IPR015500  Peptidase S8, subtilisin-related",-0.04035546551054295,True,,,,,,,,,False,False
Solyc01g087810,"Subtilisin-like protease  IPR015500  Peptidase S8, subtilisin-related",-0.10025646581739449,True,,,,,,,,,False,False
Solyc01g087820,"Subtilisin-like protease  IPR015500  Peptidase S8, subtilisin-related  IPR000209  Peptidase S8 and S53, subtilisin, kexin, sedolisin",-0.07230759176728352,True,,,,,,,,,False,False
Solyc01g087840,"Subtilisin-like protease  IPR015500  Peptidase S8, subtilisin-related",-0.31958371320114426,True,,,,,,,,,False,False
Solyc01g087850,"Subtilisin-like protease  IPR015500  Peptidase S8, subtilisin-related  IPR000209  Peptidase S8 and S53, subtilisin, kexin, sedolisin",-0.03367925766867935,True,,,,,,,,,False,False
Solyc01g087870,"Glucosamine--fructose-6-phosphate aminotransferase  IPR005855  Glucosamine-fructose-6-phosphate aminotransferase, isomerising",-1.0472473926616654,True,-1.0482744775396973,2.82612223460295e-11,2.22091727861636e-10,,,,,,True,False
Solyc01g087900,"N-alpha-acetyltransferase 20, NatB catalytic subunit  IPR000182  GCN5-related N-acetyltransferase",-0.47830905285501796,True,,,,,,,,,False,False
Solyc01g087920,"Serine carboxypeptidase 1  IPR001563  Peptidase S10, serine carboxypeptidase",1.6186357817597385,True,1.6106830140008332,1.16579543248735e-08,4.39795832086061e-08,,,,,,True,False
Solyc01g087950,"Serine carboxypeptidase 1  IPR001563  Peptidase S10, serine carboxypeptidase",2.039755777503402,True,2.041622936214356,5.44170330344348e-14,1.22458269171149e-12,,,,,,True,False
Solyc01g087970,"Serine carboxypeptidase 1  IPR001563  Peptidase S10, serine carboxypeptidase",0.0008386298420168546,True,,,,,,,,,False,False
Solyc01g088000,Methyltransferase  IPR013216  Methyltransferase type 11,-0.2684960901537316,True,,,,,,,,,False,False
Solyc01g088020,"Protein transport protein sec31  IPR017986  WD40 repeat, region",-0.1351615314167347,True,,,,1.0,1.0938005844565994,1.0938005844565994,6.08714609290314e-08,Solyc01g088020.2.1_S765,False,True
Solyc01g088080,"T-complex protein theta subunit  IPR012721  T-complex protein 1, theta subunit",-0.29183974296636955,True,,,,1.0,0.8610882826160813,0.8610882826160813,6.34954773956293e-08,Solyc01g088080.2.1_S18,False,True
Solyc01g088090,Hydrolase alpha_beta fold family protein  IPR000073  Alpha_beta hydrolase fold-1,3.1063024830824784,True,3.1063621635608585,3.25598473577984e-20,1.61609425243202e-16,2.0,1.184169904074608,-1.184169904074608,5.82890713308162e-07,Solyc01g088090.2.1_S511;Solyc01g088090.2.1_T91,True,True
Solyc01g088100,"Zinc finger CCCH domain-containing protein 22  IPR000571  Zinc finger, CCCH-type",-0.07700903312202156,True,,,,1.0,0.6006550460953723,0.6006550460953723,2.68425858944082e-06,Solyc01g088100.2.1_S299,False,True
Solyc01g088140,Unknown Protein,-0.05219151435097876,True,,,,,,,,,False,False
Solyc01g088150,Glycerol-3-phosphate dehydrogenase-like protein  IPR006168  NAD-dependent glycerol-3-phosphate dehydrogenase,-0.6821719257075513,True,-0.6833393505369334,3.23648180942411e-09,1.41216741885918e-08,,,,,,True,False
Solyc01g088170,"Aldehyde oxidase  IPR002346  Molybdopterin dehydrogenase, FAD-binding",-0.5753568227708336,True,,,,,,,,,False,False
Solyc01g088310,"Geranylgeranyl reductase  IPR011774  Geranylgeranyl reductase, plants and cyanobacteria",-0.8332988782660286,True,-0.8409959625322547,7.73361752870824e-07,1.93623641113123e-06,,,,,,True,False
Solyc01g088350,NADH dehydrogenase   IPR007523  Protein of unknown function DUF498,0.5801750312382888,True,,,,,,,,,False,False
Solyc01g088370,Eukaryotic translation initiation factor 3 subunit B  IPR011400  Translation initiation factor eIF-3b,-0.21683608020931242,True,,,,,,,,,False,False
Solyc01g088400,CER1  IPR006694  Fatty acid hydroxylase,2.8420360298855236,True,2.8424232066790855,4.17627580454063e-16,3.01778368705342e-14,,,,,,True,False
Solyc01g088470,50S ribosomal protein L18 family  IPR005484  Ribosomal protein L18_L5,-0.13408842822197153,True,,,,,,,,,False,False
Solyc01g088480,Adenylate kinase  IPR006266  UMP-CMP kinase,-1.7359063989359202,True,-1.736109790707627,2.92138479440706e-16,2.25784939588608e-14,,,,,,True,False
Solyc01g088510,Dynamin like protein  IPR000375  Dynamin central region,-0.2153261751940305,True,,,,,,,,,False,False
Solyc01g088560,Ras-related protein Rab-6A  IPR015600  Rab6-related,-0.23537371793489759,True,,,,,,,,,False,False
Solyc01g088570,Acyl carrier protein,-0.4002294839661275,True,,,,,,,,,False,False
Solyc01g088590,Invertase inhibitor  IPR006501  Pectinesterase inhibitor,2.017461051887133,True,2.0178224179168853,4.56700588774355e-15,1.85349535754633e-13,,,,,,True,False
Solyc01g088600,PDE320,-0.734763162879253,True,-0.7334584210700158,8.99487319562661e-10,4.63189066991479e-09,,,,,,True,False
Solyc01g088610,chaperonin  IPR001476  Chaperonin Cpn10,0.6598856439631474,True,0.6595509794085042,2.04801723938738e-10,1.24762009757882e-09,,,,,,True,False
Solyc01g088690,ATP binding _ serine-threonine kinase  IPR002290  Serine_threonine protein kinase,0.42712476488774254,True,,,,,,,,,False,False
Solyc01g088700,"Eukaryotic translation initiation factor 4 gamma 1  IPR016021  MIF4-like, type 1_2_3",-0.2709255427333057,True,,,,12.0,1.0874770466382078,1.0874770466382078,5.5325541223889e-08,Solyc01g088700.2.1_S1005;Solyc01g088700.2.1_S1525;Solyc01g088700.2.1_S168;Solyc01g088700.2.1_S1795;Solyc01g088700.2.1_S182;Solyc01g088700.2.1_S183;Solyc01g088700.2.1_S473;Solyc01g088700.2.1_T148;Solyc01g088700.2.1_T937,False,True
Solyc01g088710,"Metacaspase  IPR011600  Peptidase C14, caspase catalytic",0.20971855702253417,True,,,,,,,,,False,False
Solyc01g088730,Chaperone protein DnaJ  IPR003095  Heat shock protein DnaJ,-0.2036223389988053,True,,,,,,,,,False,False
Solyc01g088740,"Casein kinase II subunit beta-4  IPR000704  Casein kinase II, regulatory subunit",-0.6324294299889522,True,-0.6379148251308987,3.53269809041465e-06,7.79315478471219e-06,,,,,,True,False
Solyc01g088760,Cytochrome P450,0.2044356091714313,True,,,,,,,,,False,False
Solyc01g088800,"Polyadenylate-binding protein  IPR000504  RNA recognition motif, RNP-1",-0.3684634117401898,True,,,,,,,,,False,False
Solyc01g089860,Unknown Protein,-0.10890852861382379,True,,,,,,,,,False,False
Solyc01g089870,Pentatricopeptide repeat-containing protein  IPR002885  Pentatricopeptide repeat,0.14233799188606347,True,,,,,,,,,False,False
Solyc01g089970,"Nucleoside diphosphate kinase  IPR001564  Nucleoside diphosphate kinase, core",-0.47061014685896546,True,,,,2.0,0.6426722475544313,0.6426722475544313,5.65271652049351e-05,Solyc01g089970.2.1_S96;Solyc01g089970.2.1_T91,False,True
Solyc01g089980,"Engulfment and cell motility protein  IPR006816  Engulfment and cell motility, ELMO",-0.3612789626053546,True,,,,1.0,0.7149772603999143,0.7149772603999143,3.77412549611932e-07,Solyc01g089980.2.1_S58,False,True
Solyc01g090170,"Ras-related protein Rab-1A  IPR003579  Ras small GTPase, Rab type",0.10698009930231372,True,,,,,,,,,False,False
Solyc01g090190,Nuclear RNA binding protein  IPR006861  Hyaluronan_mRNA binding protein,-0.4403160839723734,True,,,,2.0,0.8292885748339306,0.8292885748339306,3.97645681137072e-06,Solyc01g090190.2.1_S94,False,True
Solyc01g090200,"Glycyl-tRNA synthetase beta subunit  IPR002311  Glycyl-tRNA synthetase, class IIc, beta subunit, N-terminal",-0.020412170172546065,True,,,,,,,,,False,False
Solyc01g090220,"Lipase (Fragment)  IPR002921  Lipase, class 3",0.12939007063187286,True,,,,,,,,,False,False
Solyc01g090230,GRAM domain containing protein  IPR004182  GRAM,-0.7423207813891124,True,-0.74155785907975,1.75023796663459e-09,8.21770472659707e-09,12.0,1.3474691239948353,1.3474691239948353,1.78844857681939e-08,Solyc01g090230.2.1_S31;Solyc01g090230.2.1_S31;S41;Solyc01g090230.2.1_S345;Solyc01g090230.2.1_S41;Solyc01g090230.2.1_S47;Solyc01g090230.2.1_S57,True,True
Solyc01g090270,Bzip-like transcription factor-like  IPR006867  Protein of unknown function DUF632,-0.693734898342227,True,-0.6888620195810201,7.75559032931502e-08,2.39014170759195e-07,6.0,1.8960786317260994,-1.8960786317260994,1.897307382308e-08,Solyc01g090270.2.1_S155;Solyc01g090270.2.1_S155;S157;Solyc01g090270.2.1_S269;Solyc01g090270.2.1_S359;Solyc01g090270.2.1_S451;Solyc01g090270.2.1_S794,True,True
Solyc01g090280,"Leucine carboxyl methyltransferase family protein  IPR016651  Leucine carboxyl methyltransferase, LCTM1 1",0.18932857143439794,True,,,,,,,,,False,False
Solyc01g090290,COP9 signalosome complex subunit 7  IPR000717  Proteasome component region PCI,0.15628951219847384,True,,,,,,,,,False,False
Solyc01g090380,Os02g0655100 protein (Fragment)  IPR018881  Uncharacterised protein family UPF0565,-0.08838695941192562,True,,,,,,,,,False,False
Solyc01g090410,Palmitoyl protein thioesterase family protein  IPR002472  Palmitoyl protein thioesterase,-0.00800258169779944,True,,,,,,,,,False,False
Solyc01g090430,"Cc-nbs-lrr, resistance protein",-0.19434262821028916,True,,,,,,,,,False,False
Solyc01g090450,Actin-related protein 2_3 complex subunit 5,-0.2238840081055443,True,,,,,,,,,False,False
Solyc01g090470,Bfr2  IPR012617  TRAUB,-0.3575746820203935,True,,,,,,,,,False,False
Solyc01g090480,"Nucleic acid binding protein  IPR018111  K Homology, type 1, subgroup",-0.40268719761931315,True,,,,,,,,,False,False
Solyc01g090550,DNAJ chaperone  IPR003095  Heat shock protein DnaJ,0.8011953807146803,True,0.8012391169236127,1.84488260487244e-11,1.55868028442074e-10,,,,,,True,False
Solyc01g090590,Os11g0109966 protein (Fragment),1.1899030202134206,True,1.1962088935101125,4.2029176403719e-11,3.1335366860418e-10,6.0,1.3637269696819265,1.3637269696819265,6.7404305697622e-09,Solyc01g090590.2.1_S61;T63;Solyc01g090590.2.1_S69;Solyc01g090590.2.1_S91,True,True
Solyc01g090670,"Nuclear pore glycoprotein p62  IPR007758  Nucleoporin, Nsp1-like, C-terminal",-0.6454462594734193,True,-0.645346217735868,2.15599423703587e-10,1.3062356359083e-09,,,,,,True,False
Solyc01g090690,Elongation factor G  IPR004540  Translation elongation factor EFG_EF2,0.07977646518030045,True,,,,1.0,1.0599417703286738,1.0599417703286738,1.70567575368099e-06,Solyc01g090690.2.1_S475,False,True
Solyc01g090700,"Enoyl-CoA-hydratase  IPR001753  Crotonase, core",0.42391471010243953,True,,,,,,,,,False,False
Solyc01g090710,"Malate dehydrogenase, cytoplasmic  IPR011274  Malate dehydrogenase, NAD-dependent, cytosolic",-0.3610030815627038,True,,,,,,,,,False,False
Solyc01g090720,Unknown Protein,-0.07370493304703442,True,,,,,,,,,False,False
Solyc01g090750,"T-complex protein 1 subunit alpha  IPR012715  T-complex protein 1, alpha subunit",-0.08410009011209574,True,,,,,,,,,False,False
Solyc01g090770,Unknown Protein  IPR016803  Uncharacterised conserved protein UCP022280,-0.42859106615199827,True,,,,1.0,0.686232658964343,0.686232658964343,1.29257646874516e-05,Solyc01g090770.2.1_S265,False,True
Solyc01g090780,"Ccr4-Not transcription complex subunit  IPR007196  CCR4-Not complex component, Not1",-0.009034216700879404,True,,,,3.0,0.9295404721575266,0.9295404721575266,2.02227427859555e-06,Solyc01g090780.2.1_S2180;Solyc01g090780.2.1_S941;Solyc01g090780.2.1_T2166,False,True
Solyc01g090900,Unknown Protein,0.20613035496493115,True,,,,,,,,,False,False
Solyc01g090910,Vesicle-associated membrane protein-associated protein A  IPR016763  Vesicle-associated membrane protein,-0.47831675904450843,True,,,,1.0,0.6218807775556143,-0.6218807775556143,4.26132827599034e-05,Solyc01g090910.2.1_S132;S138;S143,False,True
Solyc01g090940,Phosphatidate cytidylyltransferase  IPR000374  Phosphatidate cytidylyltransferase,0.6501467567034158,True,0.6505789819299753,7.44392151549024e-10,3.92054795835659e-09,,,,,,True,False
Solyc01g090990,Vesicle-associated membrane protein-associated protein  IPR016763  Vesicle-associated membrane protein,-0.04966708699915787,True,,,,4.0,1.0503607848615866,1.0503607848615866,9.08810890347204e-08,Solyc01g090990.2.1_S132;Solyc01g090990.2.1_S174,False,True
Solyc01g091020,Golgi SNAP receptor complex member 1  IPR007705  Vesicle transport v-SNARE,-0.10453134847149832,True,,,,3.0,1.1145139552627887,-1.1145139552627887,4.64169968727004e-09,Solyc01g091020.2.1_S140;Solyc01g091020.2.1_S142;Solyc01g091020.2.1_S177,False,True
Solyc01g091070,"Methionine aminopeptidase  IPR002467  Peptidase M24A, methionine aminopeptidase, subfamily 1",-0.15127804575491097,True,,,,,,,,,False,False
Solyc01g091080,Tubulin-specific chaperone D  IPR016024  Armadillo-type fold,-0.6678630001791125,True,-0.6679925182049875,1.88057491678421e-09,8.77404192145833e-09,,,,,,True,False
Solyc01g091090,Beta-tubulin cofactor-like protein  IPR016024  Armadillo-type fold,-0.4339445524243653,True,,,,,,,,,False,False
Solyc01g091120,"Os03g0825600 protein (Fragment)  IPR006943  Protein of unknown function DUF641, plant",-0.5575695019597777,True,,,,,,,,,False,False
Solyc01g091130,Nitroreductase  IPR000415  Nitroreductase-like,1.1178585299476895,True,1.119077397973894,5.78991362179437e-12,5.86781667850722e-11,,,,,,True,False
Solyc01g091160,Agmatinase  IPR006035  Ureohydrolase,-0.11166955652102323,True,,,,,,,,,False,False
Solyc01g091170,"Agmatinase  IPR016160  Aldehyde dehydrogenase, conserved site  IPR006035  Ureohydrolase",-1.1769220067581123,True,-1.177311587957028,2.51070805783304e-13,4.26676352160996e-12,,,,,,True,False
Solyc01g091190,"3-phosphoshikimate 1-carboxyvinyltransferase  IPR001986  3-phosphoshikimate 1-carboxyvinyltransferase, core",0.274182363188901,True,,,,,,,,,False,False
Solyc01g091210,tRNA 2_apos-phosphotransferase  IPR002745  Phosphotransferase KptA_Tpt1,0.39160823675798295,True,,,,,,,,,False,False
Solyc01g091270,AT2G45380 protein (Fragment),1.3229148796815726,True,1.3216396879146395,2.645265930822e-12,3.06134421785754e-11,1.0,1.1689118955748696,1.1689118955748696,3.31674402710517e-08,Solyc01g091270.2.1_S290,True,True
Solyc01g091310,"WD-40 repeat protein  IPR017986  WD40 repeat, region",0.057347990355975445,True,,,,1.0,0.7132150485663009,0.7132150485663009,9.17607098708473e-06,Solyc01g091310.2.1_S55,False,True
Solyc01g091350,ATP-dependent DNA helicase 2 subunit KU80  IPR016194  Spen Paralogue and Orthologue C-terminal-like,-0.5140928730969578,True,,,,2.0,0.7710815961790469,0.7710815961790469,0.00103564009807672,Solyc01g091350.2.1_S532,False,True
Solyc01g091360,Homology to unknown gene  IPR010865  Protein of unknown function DUF1499,-1.5746954995618534,True,-1.5652668205290652,8.60551250552278e-11,5.87900039577913e-10,,,,,,True,False
Solyc01g091370,AT-hook motif nuclear localized protein 1  IPR005175  Protein of unknown function DUF296,-0.7264325539564724,True,-0.726531462606862,3.80099975684291e-07,1.0160386718442e-06,,,,,,True,False
Solyc01g091460,ARF guanine-nucleotide exchange factor 2  IPR000904  SEC7-like,-0.49377444984613716,True,,,,3.0,1.0844937140468855,1.0844937140468855,7.59470190197605e-08,Solyc01g091460.2.1_S1024;Solyc01g091460.2.1_S1706;Solyc01g091460.2.1_S808,False,True
Solyc01g091480,"Kinesin  IPR001752  Kinesin, motor region",-0.49914713909624975,True,,,,,,,,,False,False
Solyc01g091510,Ankyrin repeat and zinc finger domain containing protein 1  IPR002110  Ankyrin,-0.23133876031462422,True,,,,1.0,0.6812478668386169,0.6812478668386169,3.35433542693387e-05,Solyc01g091510.2.1_S49,False,True
Solyc01g091520,"Enoyl-CoA hydratase_isomerase family protein  IPR001753  Crotonase, core",-1.545494131377118,True,-1.5488447275498691,3.16416617139867e-12,3.55573988801165e-11,,,,,,True,False
Solyc01g091530,Fasciclin-like arabinogalactan protein 13  IPR000782  FAS1 domain,-1.1736909308153824,True,-1.1730697623467838,1.97956227784013e-13,3.48402960899863e-12,,,,,,True,False
Solyc01g091580,Signal recognition particle-docking protein FtsY  IPR004390  Cell division transporter substrate-binding protein FtsY,-0.22304649071098645,True,,,,,,,,,False,False
Solyc01g091620,Glycogen synthase kinase  IPR002290  Serine_threonine protein kinase,-0.22863774790207297,True,,,,2.0,1.0003726402338353,1.0003726402338353,1.00487175510617e-07,Solyc01g091620.2.1_S305,False,True
Solyc01g091630,Homeobox-leucine zipper protein ATHB-9  IPR002913  Lipid-binding START,-0.7740444652260174,True,-0.7772428174267657,1.01457742693285e-06,2.49103982612686e-06,1.0,0.9703239036069177,0.9703239036069177,4.13087654628691e-07,Solyc01g091630.2.1_S113,True,True
Solyc01g091640,"Dehydration responsive protein  IPR004159  Protein of unknown function DUF248, methyltransferase putative",-0.9124248284836944,True,-0.9129981191952496,4.96390141861298e-11,3.63120623939359e-10,,,,,,True,False
Solyc01g091650,"COP9 signalosome complex subunit 1  IPR019585  26S proteasome, regulatory subunit Rpn7",-0.16954468493435157,True,,,,,,,,,False,False
Solyc01g091660,Alcohol dehydrogenase (Fragment)  IPR002347  Glucose_ribitol dehydrogenase,2.003460075268738,True,2.0073318038729524,4.48126209259138e-14,1.05929408188702e-12,,,,,,True,False
Solyc01g091690,"Dehydration-responsive family protein  IPR004159  Protein of unknown function DUF248, methyltransferase putative",0.2635004495663673,True,,,,,,,,,False,False
Solyc01g091710,F-box family protein,0.15877135007467585,True,,,,,,,,,False,False
Solyc01g091730,Peroxisomal membrane protein 11-5  IPR008733  Peroxisomal biogenesis factor 11,0.653140435976488,True,0.654586194082845,2.84832334818532e-09,1.26642810998855e-08,,,,,,True,False
Solyc01g091750,"Arginine_serine-rich splicing factor  IPR012677  Nucleotide-binding, alpha-beta plait",-0.21800858411534207,True,,,,,,,,,False,False
Solyc01g091780,Fructosamine kinase family protein  IPR016477  Fructosamine_Ketosamine-3-kinase,-0.289967165205958,True,,,,,,,,,False,False
Solyc01g091790,Unknown Protein,-0.15229535683015977,True,,,,,,,,,False,False
Solyc01g091880,"ATPase  IPR003348  ATPase, anion-transporting",-0.20151321794185034,True,,,,,,,,,False,False
Solyc01g091890,Ubiquitin-related modifier 1 homolog  IPR015221  Ubiquitin related modifier 1,0.025364537773774645,True,,,,,,,,,False,False
Solyc01g093970,"Glycosyltransferase  IPR002495  Glycosyl transferase, family 8",-0.7941764520189475,True,-0.7940043002104924,7.06790712283968e-12,6.91187099465686e-11,,,,,,True,False
Solyc01g093990,"Glyoxylate reductase_hydroxypyruvate reductase  IPR006140  D-isomer specific 2-hydroxyacid dehydrogenase, NAD-binding",-1.1270422170886203,True,-1.1273154869564856,3.51905178808099e-12,3.87549525281707e-11,,,,,,True,False
Solyc01g094000,Poly(A) RNA polymerase  IPR002058  PAP_25A-associated,-0.22712664946933014,True,,,,,,,,,False,False
Solyc01g094010,CXE carboxylesterase  IPR013094  Alpha_beta hydrolase fold-3,-1.5023731792719615,True,-1.5029978107260038,1.34180709834878e-16,1.2823636010886e-14,,,,,,True,False
Solyc01g094030,Syt1 synaptotagmin Ca2+-dependent lipid-binding protein putati (IC)  IPR018029  C2 membrane targeting protein,0.01851094312114894,True,,,,5.0,0.7664817730100477,0.7664817730100477,2.96227773495643e-07,Solyc01g094030.2.1_S254;Solyc01g094030.2.1_S480;Solyc01g094030.2.1_T476;T478;Solyc01g094030.2.1_T478,False,True
Solyc01g094040,Plastocyanin-like domain containing protein expressed  IPR003245  Plastocyanin-like,1.4787276914569398,True,1.4962016512060619,1.00477532686706e-09,5.09728487739409e-09,,,,,,True,False
Solyc01g094050,Os04g0555600 protein (Fragment),-0.4829420121227607,True,,,,2.0,1.1144460820048978,1.1144460820048978,6.26440108964498e-10,Solyc01g094050.1.1_S61;Solyc01g094050.1.1_S61;S64,False,True
Solyc01g094060,Beige_BEACH domain containing protein  IPR000409  Beige_BEACH,-0.38606096824661706,True,,,,5.0,1.1741858582161768,1.1741858582161768,9.07497479158769e-09,Solyc01g094060.2.1_S841;Solyc01g094060.2.1_T622;S624;Solyc01g094060.2.1_T622;S625,False,True
Solyc01g094080,Cytochrome P450,0.9032488001045617,True,0.9031226593215,8.90976489321564e-13,1.24512563476258e-11,,,,,,True,False
Solyc01g094150,"26S protease regulatory subunit 6A  IPR003959  ATPase, AAA-type, core",-0.007339447476801213,True,,,,1.0,0.6917219958587565,0.6917219958587565,1.02331250221122e-05,Solyc01g094150.2.1_S157,False,True
Solyc01g094170,"Digalactosyldiacylglycerol synthase 2, chloroplastic  IPR001296  Glycosyl transferase, group 1",0.4811927038017822,True,,,,,,,,,False,False
Solyc01g094190,dTDP-4-dehydrorhamnose reductase-binding domain,-0.5397471661254483,True,,,,,,,,,False,False
Solyc01g094200,"NAD-dependent malic enzyme 2  IPR012302  Malic enzyme, NAD-binding",-0.569391148668888,True,,,,,,,,,False,False
Solyc01g094210,Carbonyl reductase 3  IPR002347  Glucose_ribitol dehydrogenase,-1.321272965235706,True,-1.3212214406644036,2.14234399625087e-11,1.76470374779219e-10,,,,,,True,False
Solyc01g094220,Carbonyl reductase 3  IPR002347  Glucose_ribitol dehydrogenase,0.816116183071001,True,0.8158940394358061,1.66971762055463e-12,2.10162509015872e-11,,,,,,True,False
Solyc01g094250,Short-chain dehydrogenase_reductase  IPR002347  Glucose_ribitol dehydrogenase,-0.6673613282744052,True,-0.6671899051060297,5.27779205396741e-11,3.82618399475223e-10,,,,,,True,False
Solyc01g094280,FolD bifunctional protein  IPR000672  Tetrahydrofolate dehydrogenase_cyclohydrolase,0.8462101777839081,True,0.846065999904584,2.3913587025152e-11,1.91826680035696e-10,,,,,,True,False
Solyc01g094290,Glutathione-regulated potassium-efflux system protein  IPR004771  K+_H+ exchanger,0.48958104725916346,True,,,,8.0,1.503923930048547,-1.503923930048547,2.04042166343079e-10,Solyc01g094290.2.1_S1185;Solyc01g094290.2.1_S428;S431;Solyc01g094290.2.1_S446;Solyc01g094290.2.1_S446;S448,False,True
Solyc01g094330,Expressed protein with function in citronellol catabolism  IPR010839  Protein of unknown function DUF1446,0.3502429912030701,True,,,,2.0,1.2411645259319546,1.2411645259319546,5.59718282401632e-08,Solyc01g094330.2.1_S503,False,True
Solyc01g094340,"Acetyl-coenzyme A carboxylase carboxyl transferase subunit alpha  IPR001095  Acetyl-CoA carboxylase, alpha subunit",-0.5294861217736564,True,,,,,,,,,False,False
Solyc01g094350,"ATP-dependent RNA Helicase  IPR011545  DNA_RNA helicase, DEAD_DEAH box type, N-terminal",-0.5064917099018371,True,,,,1.0,1.4622634898798283,1.4622634898798283,4.25473070147987e-09,Solyc01g094350.2.1_S76,False,True
Solyc01g094370,"Remorin 2  IPR005516  Remorin, C-terminal region",-1.0981383126566775,True,-1.0972009385181354,2.24517238829922e-12,2.67136441595762e-11,2.0,1.4515180477036878,1.4515180477036878,3.8084690175119e-08,,True,True
Solyc01g094410,"Phosphoribosylanthranilate transferase (Fragment)  IPR013583  Phosphoribosyltransferase C-terminal, plant",-0.16774125999145892,True,,,,1.0,0.7131080336687905,-0.7131080336687905,7.91476406012884e-05,Solyc01g094410.2.1_S263,False,True
Solyc01g094420,Ulp1 protease family protein  IPR015410  Region of unknown function DUF1985,-0.37230578433171596,True,,,,7.0,0.9978999654677532,0.9978999654677532,2.2001814979259e-07,Solyc01g094420.2.1_S48;Solyc01g094420.2.1_S78;Solyc01g094420.2.1_T63,False,True
Solyc01g094480,"Pre-mRNA-splicing factor prp46  IPR020472  G-protein beta WD-40 repeat, region",-0.20755389133789445,True,,,,,,,,,False,False
Solyc01g094500,Riboflavin biosynthesis protein ribD  IPR004794  Riboflavin biosynthesis protein RibD,-0.583646265465872,True,,,,,,,,,False,False
Solyc01g094530,Acyl-CoA thioesterase  IPR003703  Acyl-CoA thioesterase,0.2542153855672191,True,,,,,,,,,False,False
Solyc01g094540,"Small nuclear ribonucleoprotein-associated protein B  IPR017131  Small ribonucleoprotein associated, SmB_SmN",0.1411268876584904,True,,,,,,,,,False,False
Solyc01g094550,Acyl-CoA thioesterase family protein  IPR003703  Acyl-CoA thioesterase,-0.1441838869890858,True,,,,,,,,,False,False
Solyc01g094560,60S ribosomal protein L36  IPR000509  Ribosomal protein L36e,-0.8944816359879464,True,-0.8936280668621613,1.15360217016266e-09,5.79605205675847e-09,,,,,,True,False
Solyc01g094580,"Beta-amylase 9  IPR013781  Glycoside hydrolase, subgroup, catalytic core",0.06833005727565877,True,,,,,,,,,False,False
Solyc01g094640,( related),-0.5726397157182207,True,,,,2.0,0.638614994883599,0.638614994883599,7.70926572494817e-07,Solyc01g094640.2.1_S403;Solyc01g094640.2.1_S693,False,True
Solyc01g094670,Aberrant root formation protein 4,-0.655204893575276,True,-0.6548906855021812,3.08755636055102e-10,1.80303554090522e-09,,,,,,True,False
Solyc01g094690,Aquaporin  IPR012269  Aquaporin,0.016625308579457293,True,,,,1.0,0.586385940085681,0.586385940085681,1.97541154485922e-05,Solyc01g094690.2.1_S16,False,True
Solyc01g094700,Glycerol-3-phosphate acyltransferase 4  IPR002123  Phospholipid_glycerol acyltransferase,-1.9203655676687168,True,-1.9211524757633642,1.75233686933947e-16,1.52693824457737e-14,,,,,,True,False
Solyc01g094720,"Vesicular glutamate transporter  IPR016196  Major facilitator superfamily, general substrate transporter",-0.078598660196064,True,,,,,,,,,False,False
Solyc01g094770,Unknown Protein,-0.40524740480434757,True,,,,,,,,,False,False
Solyc01g094780,Unknown Protein,-0.11273722876683985,True,,,,,,,,,False,False
Solyc01g094790,Cysteine synthase  IPR005859  Cysteine synthase A,1.0219729513702358,True,1.0219143258687728,7.31690958650053e-11,5.10861684248363e-10,,,,,,True,False
Solyc01g094800,Chromodomain-helicase-DNA-binding protein 1  IPR000330  SNF2-related,-0.5970143117590402,True,-0.5952921179512295,9.21446843538294e-09,3.57166138044847e-08,1.0,0.953890658583255,0.953890658583255,1.07311765211203e-06,Solyc01g094800.2.1_S2135,True,True
Solyc01g094880,Protein RIC1 homolog  IPR009771  Protein of unknown function DUF1339,0.0467121825398467,True,,,,2.0,0.7451632846151988,0.7451632846151988,4.92736965512989e-06,Solyc01g094880.2.1_S358;Solyc01g094880.2.1_T962,False,True
Solyc01g094920,Receptor-like kinase,-0.10731327151720448,True,,,,4.0,1.4674685408751726,1.4674685408751726,3.39587023596591e-08,Solyc01g094920.2.1_S470;Solyc01g094920.2.1_S471;Solyc01g094920.2.1_T456,False,True
Solyc01g094930,"CAAX prenyl protease 1  IPR001915  Peptidase M48, Ste24p",0.9047097402301223,True,0.9046086946139568,3.12208543345087e-11,2.42986824277683e-10,,,,,,True,False
Solyc01g094960,Mitogen-activated protein kinase 4  IPR008351  JNK MAP kinase,-0.4539501171215957,True,,,,,,,,,False,False
Solyc01g095000,Homology to unknown gene,0.13964072402604724,True,,,,,,,,,False,False
Solyc01g095010,"Diacylglycerol kinase catalytic region  IPR001206  Diacylglycerol kinase, catalytic region",0.3841503355770844,True,,,,,,,,,False,False
Solyc01g095020,cDNA clone J023132J12 full insert sequence,-0.19496333823168518,True,,,,4.0,0.9913161370917705,0.9913161370917705,1.33143747253172e-08,Solyc01g095020.2.1_S556;Solyc01g095020.2.1_S710;Solyc01g095020.2.1_S735,False,True
Solyc01g095040,"Glyoxylate_hydroxypyruvate reductase B  IPR006140  D-isomer specific 2-hydroxyacid dehydrogenase, NAD-binding",-0.6130843698702698,True,-0.6132086365367301,1.00345080275747e-09,5.09638327709055e-09,1.0,0.7543762146315108,0.7543762146315108,6.97457822235926e-06,Solyc01g095040.2.1_S384;S389,True,True
Solyc01g095050,Negatively light-regulated protein  IPR012482  Lg106-like,-0.4794938423520933,True,,,,1.0,0.7646548416767045,0.7646548416767045,4.401650347748e-07,Solyc01g095050.2.1_S85,False,True
Solyc01g095070,Heavy metal-associated domain containing protein expressed  IPR006121  Heavy metal transport_detoxification protein,-0.9489226987953072,True,-0.9301458089692272,6.04518604169576e-07,1.5484038483744e-06,,,,,,True,False
Solyc01g095110,Pentatricopeptide repeat-containing protein  IPR002885  Pentatricopeptide repeat,-0.24165622598707281,True,,,,,,,,,False,False
Solyc01g095120,Alpha_beta hydrolase fold  IPR000073  Alpha_beta hydrolase fold-1,-0.2882084125913855,True,,,,,,,,,False,False
Solyc01g095140,Late embryogenesis abundant protein (Fragment)  IPR013990  Water Stress and Hypersensitive response,-1.026428381057759,True,-1.034238993102739,1.14153844324251e-08,4.31928211304362e-08,,,,,,True,False
Solyc01g095150,Late embryogenesis abundant protein (Fragment)  IPR013990  Water Stress and Hypersensitive response,-0.40322826328728617,True,,,,,,,,,False,False
Solyc01g095200,Reticulon family protein  IPR003388  Reticulon,-0.07941929914086192,True,,,,1.0,0.7651798292209597,0.7651798292209597,6.11379721025352e-05,Solyc01g095200.2.1_S45,False,True
Solyc01g095210,Golgin candidate 4,-0.08917482033074763,True,,,,,,,,,False,False
Solyc01g095270,SOUL heme-binding protein-like  IPR018790  Protein of unknown function DUF2358,0.6444905667137978,True,0.644125276193646,2.49761032671384e-08,8.72249924708553e-08,,,,,,True,False
Solyc01g095290,1 3-alpha-D-xylosyltransferase  IPR003388  Reticulon,-0.052611140196167354,True,,,,,,,,,False,False
Solyc01g095320,"BCL-2-associated athanogene 6  IPR003103  Apoptosis regulator Bcl-2 protein, BAG",1.0124368863345123,True,1.0104214814683625,3.66018637821399e-12,3.996527829185e-11,10.0,1.3774852405436309,1.3774852405436309,2.44509303093837e-09,Solyc01g095320.2.1_S287;Solyc01g095320.2.1_S373;Solyc01g095320.2.1_S402;S404;Solyc01g095320.2.1_T372,True,True
Solyc01g095400,Kelch-like protein 6  IPR013089  Kelch related,-0.6812860428648864,True,-0.6819609981121001,4.61993765376623e-10,2.57119635984184e-09,,,,,,True,False
Solyc01g095410,Eukaryotic translation initiation factor 1A,-0.051347017527661215,True,,,,,,,,,False,False
Solyc01g095420,Unknown Protein,-0.3577122463343975,True,,,,,,,,,False,False
Solyc01g095430,Threonine endopeptidase,-0.8855166280728801,True,-0.8822505216660492,1.9081746340691e-08,6.84417116529708e-08,2.0,2.0824226436823343,-2.0824226436823343,1.18886010576373e-08,Solyc01g095430.2.1_S69,True,True
Solyc01g095450,"GDSL esterase_lipase At4g01130  IPR001087  Lipase, GDSL",-0.3330084410618362,True,,,,,,,,,False,False
Solyc01g095470,Aldose 1-epimerase family protein  IPR008183  Aldose 1-epimerase,0.313920529067153,True,,,,,,,,,False,False
Solyc01g095480,"Ribonuclease PH  IPR001247  Exoribonuclease, phosphorolytic domain 1",-0.858439011965932,True,-0.8580245701608482,3.26538067641473e-11,2.52371334364992e-10,,,,,,True,False
Solyc01g095570,Mitochondrial carrier-like protein  IPR002067  Mitochondrial carrier protein,-0.4759872441073128,True,,,,,,,,,False,False
Solyc01g095580,GH3 family protein  IPR004993  GH3 auxin-responsive promoter,0.43287222716492285,True,,,,,,,,,False,False
Solyc01g095620,UDP-glucosyltransferase  IPR002213  UDP-glucuronosyl_UDP-glucosyltransferase,-2.477936218049877,True,-2.48139247512629,1.58679782858956e-15,8.10543626465749e-14,,,,,,True,False
Solyc01g095670,Rhodanese-related sulfurtransferase  IPR001763  Rhodanese-like,-0.8282324968877877,True,-0.8279055450058427,2.00751070992112e-11,1.67066996158978e-10,1.0,1.3045736481427825,1.3045736481427825,6.28205497288011e-09,Solyc01g095670.2.1_S423,True,True
Solyc01g095730,Os12g0114200 protein (Fragment),-0.04267023210504412,True,,,,,,,,,False,False
Solyc01g095740,"ATP-dependent RNA helicase DBP4  IPR011545  DNA_RNA helicase, DEAD_DEAH box type, N-terminal",0.4613455859675204,True,,,,4.0,0.8517785277852304,0.8517785277852304,1.13881058896426e-07,Solyc01g095740.2.1_S358;S365;Solyc01g095740.2.1_S410;Solyc01g095740.2.1_T336,False,True
Solyc01g095750,Long-chain-fatty-acid-CoA ligase  IPR000873  AMP-dependent synthetase and ligase,-0.4966606730191098,True,,,,,,,,,False,False
Solyc01g095790,Splicing factor 3a subunit 3,-0.2584211553734511,True,,,,4.0,1.2464901914577837,1.2464901914577837,7.99565041321406e-08,Solyc01g095790.2.1_S251;S253;Solyc01g095790.2.1_S305;Solyc01g095790.2.1_S305;S307,False,True
Solyc01g095900,Protein TIF31 homolog  IPR011990  Tetratricopeptide-like helical,1.360211883408262,True,1.3604951320606105,4.22343776185991e-14,1.01702121868039e-12,19.0,1.9486843391897475,1.9486843391897475,2.94948617758358e-10,Solyc01g095900.2.1_S1369;Solyc01g095900.2.1_S1405;Solyc01g095900.2.1_S1438;Solyc01g095900.2.1_S1547;Solyc01g095900.2.1_S1598;Solyc01g095900.2.1_S1605;Solyc01g095900.2.1_S161;S163;Solyc01g095900.2.1_S162;S163;Solyc01g095900.2.1_S163;Solyc01g095900.2.1_S625;Solyc01g095900.2.1_T1429;Solyc01g095900.2.1_T1495;Solyc01g095900.2.1_T1543;S1544;Solyc01g095900.2.1_T167,True,True
Solyc01g095970,"Dynamin 2  IPR001401  Dynamin, GTPase region",-0.2608502275048828,True,,,,,,,,,False,False
Solyc01g096010,Unknown Protein,0.6939381123335722,True,0.6971064313458689,5.15860343118459e-09,2.13254266494738e-08,,,,,,True,False
Solyc01g096040,Aspartic proteinase nepenthesin I  IPR001461  Peptidase A1,-0.2779525248770304,True,,,,,,,,,False,False
Solyc01g096050,Transcription factor  IPR011598  Helix-loop-helix DNA-binding,-0.34975669022337075,True,,,,2.0,0.8119847164763665,0.8119847164763665,2.77383197508886e-06,Solyc01g096050.2.1_S389;S396;S399,False,True
Solyc01g096060,"Nuclear envelope protein that mediates the nuclear export of importin alpha (Srp1p)  IPR013713  Exportin, Cse1-like",-0.12209656546393656,True,,,,,,,,,False,False
Solyc01g096090,Fiber protein Fb11,-0.10192794781009348,True,,,,,,,,,False,False
Solyc01g096110,"WD repeat protein  IPR017986  WD40 repeat, region",0.12929492493698796,True,,,,,,,,,False,False
Solyc01g096160,Predicted kinase  IPR012887  L-fucokinase,-0.1391247064774247,True,,,,,,,,,False,False
Solyc01g096200,Pentatricopeptide repeat-containing protein  IPR011989  Armadillo-like helical,-0.34417618606842326,True,,,,,,,,,False,False
Solyc01g096220,Ras-related protein Rab-25  IPR015595  Rab11-related,-0.29387754076558315,True,,,,1.0,0.7227289404152614,0.7227289404152614,2.93686620778373e-06,Solyc01g096220.2.1_S213,False,True
Solyc01g096240,Homology to unknown gene,-0.34111536779890267,True,,,,,,,,,False,False
Solyc01g096250,Unknown Protein,-0.5632430095995756,True,,,,20.0,1.5477519917341633,1.5477519917341633,3.18588888321004e-09,Solyc01g096250.2.1_S106;S107;Solyc01g096250.2.1_S106;S107;S112;Solyc01g096250.2.1_S107;S112;Solyc01g096250.2.1_S184;Solyc01g096250.2.1_S76;Solyc01g096250.2.1_S76;S85;Solyc01g096250.2.1_S76;T78;S85;Solyc01g096250.2.1_S80;T81;S85;Solyc01g096250.2.1_S85;Solyc01g096250.2.1_S93;S94;Solyc01g096250.2.1_S93;S94;S107;Solyc01g096250.2.1_S93;S94;S112;Solyc01g096250.2.1_S97;S107;Solyc01g096250.2.1_S97;S107;S112;Solyc01g096250.2.1_T233;Solyc01g096250.2.1_T81;S85,False,True
Solyc01g096270,Unknown Protein,0.673284179807235,True,0.673068774488476,5.32714127789374e-08,1.71177265646853e-07,,,,,,True,False
Solyc01g096350,Calcium dependent protein kinase-like protein  IPR002290  Serine_threonine protein kinase,0.10847499092131196,True,,,,8.0,1.3989510915299364,1.3989510915299364,4.88444884130063e-09,Solyc01g096350.2.1_S26;Solyc01g096350.2.1_S26;S42;Solyc01g096350.2.1_S26;T33;Solyc01g096350.2.1_S58;S70,False,True
Solyc01g096390,"DNA-directed RNA polymerase  IPR006592  RNA polymerase, N-terminal",-0.5912895541514851,True,-0.5933445895638713,7.48415674491412e-08,2.31532144618157e-07,2.0,1.3471047475975813,-1.3471047475975813,2.26416502435409e-06,Solyc01g096390.2.1_S1666;S1672;S1676;Solyc01g096390.2.1_S1672;S1676,True,True
Solyc01g096420,Predicted NADPH-dependent FMN reductase  IPR005025  NADPH-dependent FMN reductase,-0.4143631834900937,True,,,,,,,,,False,False
Solyc01g096430,Predicted NADPH-dependent FMN reductase  IPR005025  NADPH-dependent FMN reductase,0.012671328562535956,True,,,,,,,,,False,False
Solyc01g096450,Aspartic proteinase nepenthesin-1  IPR001461  Peptidase A1,0.11953549631360078,True,,,,,,,,,False,False
Solyc01g096480,Thioredoxin protein  IPR013766  Thioredoxin domain,-0.06794362354153674,True,,,,,,,,,False,False
Solyc01g096490,Kinase family protein  IPR002110  Ankyrin,0.025332176696894033,True,,,,4.0,1.2040690207403602,1.2040690207403602,1.2606057625989e-07,Solyc01g096490.2.1_S105;Solyc01g096490.2.1_S981,False,True
Solyc01g096500,"D-erythro-sphingosine kinase  IPR001206  Diacylglycerol kinase, catalytic region",-0.4136664894469152,True,,,,6.0,0.97425083535266,0.97425083535266,2.50475622320326e-06,Solyc01g096500.2.1_S465;T474;Solyc01g096500.2.1_S57;Solyc01g096500.2.1_S576;Solyc01g096500.2.1_S59,False,True
Solyc01g096520,"Peptidyl-prolyl cis-trans isomerase  IPR002130  Peptidyl-prolyl cis-trans isomerase, cyclophilin-type",0.08982803613864898,True,,,,,,,,,False,False
Solyc01g096530,"Trafficking protein particle complex subunit 3  IPR016721  TRAPP I complex, Bet3",-0.33985102646019416,True,,,,,,,,,False,False
Solyc01g096540,AT5g06970_MOJ9_14  IPR008528  Protein of unknown function DUF810,-0.54442925161116,True,,,,,,,,,False,False
Solyc01g096550,Protein arginine methyltransferase  IPR013216  Methyltransferase type 11,-0.13244565796234248,True,,,,,,,,,False,False
Solyc01g096580,"30S ribosomal protein S10  IPR005729  Ribosomal protein S10, eukaryotic_archaeal",-0.3473024089078135,True,,,,,,,,,False,False
Solyc01g096590,"30S ribosomal protein S10  IPR005729  Ribosomal protein S10, eukaryotic_archaeal",-0.16580393699158666,True,,,,,,,,,False,False
Solyc01g096600,THO complex subunit 1,-0.47197761370638347,True,,,,,,,,,False,False
Solyc01g096610,UPF0468 protein C16orf80 homolog  IPR007714  Protein of unknown function DUF667,-0.31747410691777944,True,,,,,,,,,False,False
Solyc01g096660,Genomic DNA chromosome 5 P1 clone MOJ9,-0.7242243504062041,True,-0.724191841848161,7.71332916385642e-07,1.93279023423614e-06,1.0,2.4026011469310657,2.4026011469310657,1.22155369044491e-09,Solyc01g096660.2.1_S37,True,True
Solyc01g096700,"Chaperone protein dnaJ 1  IPR015609  Molecular chaperone, heat shock protein, Hsp40, DnaJ",0.06466910875719259,True,,,,1.0,1.0465667958088167,1.0465667958088167,2.11114302187171e-07,Solyc01g096700.2.1_S496,False,True
Solyc01g096710,Nuclear transcription factor Y subunit C-1  IPR003958  Transcription factor CBF_NF-Y_archaeal histone,-0.10045909234270324,True,,,,2.0,1.004210397717627,1.004210397717627,1.90996441745562e-06,Solyc01g096710.2.1_S230;Solyc01g096710.2.1_T205,False,True
Solyc01g096760,"Pre-rRNA-processing protein TSR2  IPR019398  Pre-rRNA-processing protein TSR2, conserved region",-0.2764150356431722,True,,,,,,,,,False,False
Solyc01g096780,"Sperm-associated SUN domain protein  IPR012919  Sad1_UNC-like, C-terminal",-0.3096331296915557,True,,,,,,,,,False,False
Solyc01g096800,SWI4 1 Peter Pan-like protein suppressor  IPR007109  Brix domain,-0.35932102520559006,True,,,,,,,,,False,False
Solyc01g096830,Calcium-transporting ATPase 1,0.2806146201679364,True,,,,2.0,1.0346185765942069,1.0346185765942069,2.26654995650688e-06,Solyc01g096830.2.1_S859,False,True
Solyc01g096870,"Prolyl-tRNA synthetase  IPR004499  Prolyl-tRNA synthetase, class IIa, prokaryotic-type",0.1778080489690029,True,,,,,,,,,False,False
Solyc01g096900,"DNA gyrase subunit A family protein  IPR005743  DNA gyrase, subunit A",0.14506746261789846,True,,,,,,,,,False,False
Solyc01g096910,Vacuolar protein sorting 36 family protein  IPR007286  EAP30,-0.4975245453949343,True,,,,,,,,,False,False
Solyc01g096950,"Retinoblastoma-binding protein-like  IPR017986  WD40 repeat, region",-0.23916229974840036,True,,,,,,,,,False,False
Solyc01g096960,22.7 kDa class IV heat shock protein  IPR008978  HSP20-like chaperone,-0.4324845838954249,True,,,,2.0,1.6928451595201075,1.6928451595201075,6.88783680151244e-08,Solyc01g096960.2.1_S159;Solyc01g096960.2.1_S274,False,True
Solyc01g096990,"Guanine nucleotide exchange factor Vps9  IPR013995  Vacuolar sorting protein 9, subgroup",0.1644570056973493,True,,,,2.0,0.7332853128519646,0.7332853128519646,1.11798313835751e-06,Solyc01g096990.2.1_S334;Solyc01g096990.2.1_S478,False,True
Solyc01g097000,"Beta-D-glucosidase  IPR001764  Glycoside hydrolase, family 3, N-terminal",-0.6483227133181295,True,-0.6491490572621486,2.31604932862818e-10,1.39088151573292e-09,,,,,,True,False
Solyc01g097010,"Nucleic acid binding protein  IPR018111  K Homology, type 1, subgroup",-0.3231739201603697,True,,,,,,,,,False,False
Solyc01g097030,"Mutator-like transposase  IPR004332  Transposase, MuDR, plant",-0.266532013396461,True,,,,,,,,,False,False
Solyc01g097040,IFA-binding protein-like  IPR007656  Protein of unknown function DUF593,-1.2730499189715003,True,-1.2714456569385664,6.50649392129626e-12,6.46864854278313e-11,11.0,1.1358520415481748,1.1358520415481748,2.3812568730409e-07,Solyc01g097040.2.1_S179;Solyc01g097040.2.1_S217;Solyc01g097040.2.1_S285;Solyc01g097040.2.1_S339;Solyc01g097040.2.1_S430;Solyc01g097040.2.1_S491;Solyc01g097040.2.1_S515;Solyc01g097040.2.1_S550;Solyc01g097040.2.1_S550;S553;Solyc01g097040.2.1_T139,True,True
Solyc01g097120,Os02g0200800 protein (Fragment)  IPR009675  Targeting for Xklp2,-0.700718103688834,True,-0.6902253707438264,5.34227754926206e-07,1.37909273476158e-06,5.0,1.0333954676317532,-1.0333954676317532,9.31268230904516e-07,Solyc01g097120.2.1_S182;Solyc01g097120.2.1_S219;Solyc01g097120.2.1_S61;Solyc01g097120.2.1_S78;S81,True,True
Solyc01g097140,Dual-specificity tyrosine-phosphatase CDC25  IPR001763  Rhodanese-like,-0.026916148073106286,True,,,,,,,,,False,False
Solyc01g097160,FAD dependent oxidoreductase  IPR006076  FAD dependent oxidoreductase,-0.23482810633423912,True,,,,,,,,,False,False
Solyc01g097190,Ankyrin repeat protein-like  IPR002110  Ankyrin,0.7778319352220902,True,0.7777836005149821,1.01431173495092e-11,9.43012834753534e-11,2.0,1.1311047856072756,-1.1311047856072756,0.000160718923674634,Solyc01g097190.2.1_S462,True,True
Solyc01g097240,"Pathogenesis-related protein 4B (Fragment)  IPR018226  Barwin, conserved site  IPR001153  Barwin",0.8769661437538225,True,0.8737716543927785,6.28835643324654e-07,1.6037564412825e-06,,,,,,True,False
Solyc01g097270,"Chitinase (Fragment)  IPR000726  Glycoside hydrolase, family 19, catalytic  IPR001153  Barwin",-0.31639274234429793,True,,,,,,,,,False,False
Solyc01g097300,"Prefoldin subunit 4  IPR016661  Prefoldin, subunit 4",-0.1640504830942908,True,,,,,,,,,False,False
Solyc01g097310,Sec-independent protein translocase protein tatA_E homolog  IPR006312  Twin-arginine translocation protein TatA_E,-1.4383843694243046,True,-1.4238081537747282,1.16373577126586e-09,5.84036337380633e-09,,,,,,True,False
Solyc01g097330,"Opaque 2 (Fragment)  IPR011616  bZIP transcription factor, bZIP-1",-0.07541624427558222,True,,,,,,,,,False,False
Solyc01g097340,NAD-dependent epimerase_dehydratase family protein-like protein-binding domain,-0.3050430660371461,True,,,,1.0,0.9822994661595111,0.9822994661595111,1.51640028972818e-08,Solyc01g097340.2.1_S158,False,True
Solyc01g097350,Calcium-binding EF hand family protein,-0.1507665818972321,True,,,,,,,,,False,False
Solyc01g097360,Unknown Protein,-0.7264318097377371,True,-0.7272593148168564,1.59562376190801e-10,9.98725633509749e-10,,,,,,True,False
Solyc01g097390,Aldo_keto reductase family protein  IPR001395  Aldo_keto reductase,-0.7907334864364245,True,-0.7912165082350043,5.09077477849633e-12,5.27967400598312e-11,,,,,,True,False
Solyc01g097440,Peptide-N(4)-(N-acetyl-beta-glucosaminyl)asparagine amidase  IPR002931  Transglutaminase-like,-0.306433946809299,True,,,,2.0,0.745922977390257,0.745922977390257,9.07309952471834e-07,Solyc01g097440.2.1_S92,False,True
Solyc01g097450,"Thioredoxin-like protein 1  IPR015467  Thioredoxin, core",0.19972545707371428,True,,,,1.0,1.1581456523560125,1.1581456523560125,2.14181586013995e-06,Solyc01g097450.2.1_T87,False,True
Solyc01g097460,Ribose-5-phosphate isomerase  IPR004788  Ribose 5-phosphate isomerase,0.11316848593917908,True,,,,,,,,,False,False
Solyc01g097510,Annexin 3  IPR015472  Annexin like protein  IPR001464  Annexin,-0.9631830607008268,True,-0.963811218762583,2.52958987711219e-13,4.28247520529012e-12,,,,,,True,False
Solyc01g097520,"Annexin 11  IPR009118  Annexin, type plant",-1.2557691365414108,True,-1.2557683508815343,2.10008274458434e-14,6.02114046253731e-13,1.0,0.8978307463603646,0.8978307463603646,2.37602263806992e-08,Solyc01g097520.2.1_S169,True,True
Solyc01g097540,Annexin 3  IPR015472  Annexin like protein  IPR001464  Annexin,0.3433973825770188,True,,,,,,,,,False,False
Solyc01g097590,"Pseudouridine synthase  IPR001656  Pseudouridine synthase, TruD",-0.644129839636882,True,-0.6441582033746108,2.84533071694175e-09,1.26573070131022e-08,,,,,,True,False
Solyc01g097600,"tRNA pseudouridine synthase D  IPR001656  Pseudouridine synthase, TruD",-0.3810705366385152,True,,,,,,,,,False,False
Solyc01g097610,F-box family protein  IPR017451  F-box associated type 1,-0.18296772957083984,True,,,,1.0,0.6773118138904864,0.6773118138904864,2.7276831976786e-05,Solyc01g097610.2.1_T12,False,True
Solyc01g097640,Ribosome biogenesis protein BMS1 homolog  IPR007034  Protein of unknown function DUF663,-0.847878954700083,True,-0.8471608284581709,3.44469028199524e-11,2.63510950515922e-10,,,,,,True,False
Solyc01g097740,Tetratricopeptide repeat protein KIAA0103  IPR011990  Tetratricopeptide-like helical,0.04459782466470392,True,,,,,,,,,False,False
Solyc01g097760,Ribosomal protein L7a  IPR001921  Ribosomal protein L7A,-0.692794982077575,True,-0.6935892316334461,1.39040088520438e-09,6.77887167728828e-09,,,,,,True,False
Solyc01g097770,Serine_threonine protein kinase  IPR002290  Serine_threonine protein kinase,-1.7088442495540437,True,-1.708973630224807,5.09036694465436e-15,2.00191068159681e-13,27.0,2.1120850896750962,-2.1120850896750962,2.71595556152457e-10,Solyc01g097770.2.1_S106;S110;S117;Solyc01g097770.2.1_S117;Solyc01g097770.2.1_S120;Solyc01g097770.2.1_S132;Solyc01g097770.2.1_S132;S145;Solyc01g097770.2.1_S145;Solyc01g097770.2.1_S312;Solyc01g097770.2.1_S313;Solyc01g097770.2.1_S339;S342;T343;Solyc01g097770.2.1_S342;T343;Solyc01g097770.2.1_S342;T343;T348;Solyc01g097770.2.1_S358;Solyc01g097770.2.1_S376;Solyc01g097770.2.1_S381;Solyc01g097770.2.1_S547;Solyc01g097770.2.1_S7;Solyc01g097770.2.1_T131;Solyc01g097770.2.1_T348;Solyc01g097770.2.1_T78,True,True
Solyc01g097800,"Galactose-6-phosphate isomerase subunit lacB  IPR012100  DNA-damage-repair_toleration protein, DRT102",0.04116436339842994,True,,,,,,,,,False,False
Solyc01g097810,Zeta-carotene desaturase,1.713950423732967,True,1.7145522580868893,5.09659141004634e-16,3.48450034249937e-14,,,,,,True,False
Solyc01g097860,Membrane protein  IPR010903  Protein of unknown function DUF1517,-1.3042582266717133,True,-1.3070545136030203,2.99594662864776e-09,1.32148752533108e-08,,,,,,True,False
Solyc01g097870,40S ribosomal protein S24  IPR001976  Ribosomal protein S24e,-0.5591157961527666,True,,,,,,,,,False,False
Solyc01g097880,Deaminase  IPR016193  Cytidine deaminase-like,1.672381823771642,True,1.674915438507468,6.45953359544609e-15,2.45351857249251e-13,,,,,,True,False
Solyc01g097890,Os03g0370250 protein (Fragment)  IPR007592  Protein of unknown function DUF573,-0.14632709887634124,True,,,,1.0,1.0817918087115845,1.0817918087115845,1.39541726109705e-05,Solyc01g097890.2.1_S265,False,True
Solyc01g097910,Rubredoxin family protein4 protein,0.4084836692990354,True,,,,,,,,,False,False
Solyc01g097950,Cysteine synthase  IPR005859  Cysteine synthase A,-0.6577252623224282,True,-0.6584669147962164,2.06861138430221e-11,1.71669635701942e-10,,,,,,True,False
Solyc01g097970,Deoxyuridine 5_apos-triphosphate nucleotidohydrolase  IPR008181  DeoxyUTP pyrophosphatase subfamily 1,-0.31365804904860767,True,,,,,,,,,False,False
Solyc01g097980,Kinase family protein  IPR002290  Serine_threonine protein kinase,-0.23279023697511794,True,,,,,,,,,False,False
Solyc01g098000,"Elongation factor-like protein  IPR014038  Translation elongation factor EF1B, beta and delta chains, guanine nucleotide exchange",-0.5369651913802475,True,,,,2.0,0.9240654608075223,0.9240654608075223,0.000133839262330093,Solyc01g098000.2.1_S100,False,True
Solyc01g098020,Acetyltransferase GNAT family protein expressed  IPR000182  GCN5-related N-acetyltransferase,-1.0313295822574353,True,-1.0329717197911783,3.1669556656021e-10,1.83853050005692e-09,,,,,,True,False
Solyc01g098030,Contains similarity to RNA-binding protein from Arabidopsis thaliana gi_2129727 and contains RNA recognition PF_00076 domain,-0.3084969230681554,True,,,,,,,,,False,False
Solyc01g098040,Methyltransferase type 12  IPR013217  Methyltransferase type 12,-0.4332344197414913,True,,,,,,,,,False,False
Solyc01g098090,"WD repeat-containing protein  IPR020472  G-protein beta WD-40 repeat, region",0.12364609765909952,True,,,,1.0,0.6153173326950463,-0.6153173326950463,2.52298286316844e-05,Solyc01g098090.2.1_S371,False,True
Solyc01g098100,"60S ribosome subunit biogenesis protein NIP7  IPR016686  Ribosome biogenesis factor, NIP7",-0.3480822037418895,True,,,,,,,,,False,False
Solyc01g098110,Hydrolase alpha_beta fold family protein  IPR007130  Diacylglycerol acyltransferase,2.7401290377201106,True,2.7396988234577035,5.02358313667636e-19,6.37851527411135e-16,1.0,2.0976800055649374,-2.0976800055649374,1.78185855063677e-08,Solyc01g098110.2.1_S667,True,True
Solyc01g098160,Cell division protein kinase 12  IPR002290  Serine_threonine protein kinase,-0.11787282709684103,True,,,,3.0,1.0741078300700282,1.0741078300700282,2.82294114084327e-07,Solyc01g098160.2.1_S33;Solyc01g098160.2.1_S38;Solyc01g098160.2.1_S554,False,True
Solyc01g098170,Exportin 5 (Fragment)  IPR013598  Exportin-1_Importin-beta-like,-0.3625888685626169,True,,,,2.0,0.8488478517936139,0.8488478517936139,1.05656319982857e-08,Solyc01g098170.2.1_S813;Solyc01g098170.2.1_T1180,False,True
Solyc01g098180,Translation initiation factor eIF-2B subunit epsilon  IPR003307  eIF4-gamma_eIF5_eIF2-epsilon,-0.22633424621862325,True,,,,,,,,,False,False
Solyc01g098190,"Sodium_hydrogen exchanger  IPR018407  Na+_H+ exchanger, isoforms 1-4, conserved region",-0.08950975598646799,True,,,,6.0,1.0113749834184795,1.0113749834184795,3.49645693530434e-06,Solyc01g098190.2.1_S456;S457;Solyc01g098190.2.1_S464;S476;S490;Solyc01g098190.2.1_S472;S476;S490;Solyc01g098190.2.1_S499,False,True
Solyc01g098200,Vesicle-associated membrane protein-associated protein A  IPR016763  Vesicle-associated membrane protein,0.057260397735204076,True,,,,,,,,,False,False
Solyc01g098230,"Mitochondrial import inner membrane translocase subunit TIM44  IPR007379  Mitochondrial inner membrane translocase complex, subunit Tim44-related",0.22925053176014284,True,,,,,,,,,False,False
Solyc01g098250,Chaperone protein dnaJ 49  IPR003095  Heat shock protein DnaJ,-0.33436189860611654,True,,,,,,,,,False,False
Solyc01g098350,Cyclin-dependent protein kinase  IPR017060  Cyclin L,-0.30937772841605904,True,,,,,,,,,False,False
Solyc01g098380,"Dihydrodipicolinate reductase family protein  IPR011859  Dihydrodipicolinate reductase, plant",-0.1892924295468093,True,,,,,,,,,False,False
Solyc01g098400,Histidine phosphotransfer protein region,-1.2645963575268693,True,-1.264361649152319,2.34831978978642e-11,1.89571900922994e-10,,,,,,True,False
Solyc01g098430,Breast carcinoma amplified sequence 3 (Fragment)  IPR011046  WD40 repeat-like,-0.16151273614999614,True,,,,13.0,1.3211125084727773,1.3211125084727773,3.19059026973925e-08,Solyc01g098430.2.1_S303;Solyc01g098430.2.1_S336;Solyc01g098430.2.1_S665;S667;Solyc01g098430.2.1_S667;Solyc01g098430.2.1_S761;Solyc01g098430.2.1_S787;Solyc01g098430.2.1_S789;Solyc01g098430.2.1_S865;Solyc01g098430.2.1_S954,False,True
Solyc01g098500,Glucose transporter 8  IPR003663  Sugar_inositol transporter,-0.9427219648055769,True,-0.9518043654180388,5.62231260468582e-08,1.79436307396125e-07,2.0,0.900857118778578,0.900857118778578,4.46422369371029e-05,Solyc01g098500.2.1_S456,True,True
Solyc01g098550,"Tryptophan synthase alpha chain  IPR002028  Tryptophan synthase, alpha chain",0.2571081183529772,True,,,,,,,,,False,False
Solyc01g098560,Glucose transporter 8  IPR003663  Sugar_inositol transporter,-0.3408247440208854,True,,,,,,,,,False,False
Solyc01g098590,Phosphoglycerate mutase family protein  IPR013078  Phosphoglycerate mutase,-0.1381303434872422,True,,,,2.0,0.8233057249486874,0.8233057249486874,5.66386289316038e-06,,False,True
Solyc01g098600,Unknown Protein  IPR010471  Protein of unknown function DUF1068,-1.1063601504728682,True,-1.1063667460378055,7.52060173324047e-14,1.61510036664331e-12,,,,,,True,False
Solyc01g098610,"Glutathione synthetase  IPR005615  Glutathione synthase, eukaryotic",-0.4900686229496706,True,,,,,,,,,False,False
Solyc01g098630,"Import inner membrane translocase subunit Tim44  IPR007379  Mitochondrial inner membrane translocase complex, subunit Tim44-related",-0.2713037821721186,True,,,,,,,,,False,False
Solyc01g098640,"UPF0603 protein At1g54780, chloroplastic  IPR007621  Protein of unknown function DUF477",-1.290679635811297,True,-1.2918260773343657,3.75937734738238e-10,2.13640318820554e-09,,,,,,True,False
Solyc01g098650,"GDSL esterase_lipase At1g54790  IPR001087  Lipase, GDSL",-0.0033552246682520465,True,,,,,,,,,False,False
Solyc01g098700,"Branched-chain amino acid aminotransferase-like protein  IPR001544  Aminotransferase, class IV",0.6655739699196765,True,0.6654069182841367,1.08527269533289e-11,9.96610988104168e-11,1.0,0.8197015890396995,0.8197015890396995,5.02929355974523e-07,Solyc01g098700.2.1_S117,True,True
Solyc01g098750,"RING finger protein B  IPR018957  Zinc finger, C3HC4 RING-type",0.5672816163295304,True,,,,,,,,,False,False
Solyc01g098760,Heavy metal-associated domain containing protein expressed  IPR006121  Heavy metal transport_detoxification protein,-0.41806056863719177,True,,,,,,,,,False,False
Solyc01g098780,Signal peptidase complex subunit 3  IPR007653  Signal peptidase 22 kDa subunit,0.09595581014819417,True,,,,,,,,,False,False
Solyc01g098810,Heat shock protein-like protein  IPR008978  HSP20-like chaperone,-0.2428490309237833,True,,,,,,,,,False,False
Solyc01g098840,Mevalonate kinase  IPR006205  Mevalonate kinase,-0.04641096213689884,True,,,,,,,,,False,False
Solyc01g098870,Nucleolar GTPase,-0.314351711028595,True,,,,4.0,0.9404003508168889,0.9404003508168889,1.43377930287495e-07,Solyc01g098870.2.1_S192;S196;Solyc01g098870.2.1_S318;Solyc01g098870.2.1_S618,False,True
Solyc01g098880,"Seryl-tRNA synthetase  IPR002317  Seryl-tRNA synthetase, class IIa",0.16560368471505468,True,,,,,,,,,False,False
Solyc01g098900,Yip1 domain-containing protein  IPR006977  Yip1 domain,-0.40281948176856835,True,,,,3.0,1.173865749875316,1.173865749875316,1.56943939073943e-08,Solyc01g098900.2.1_S35;Solyc01g098900.2.1_S45;Solyc01g098900.2.1_S62,False,True
Solyc01g098910,Mitochondrial carrier protein  IPR001993  Mitochondrial substrate carrier,1.3612417177029825,True,1.362929676398358,2.21712872880896e-13,3.82637672653477e-12,,,,,,True,False
Solyc01g098920,"Mitochondrial Rho GTPase 1  IPR013567  EF hand associated, type-2",0.13892592114126226,True,,,,,,,,,False,False
Solyc01g098990,Os06g0146300 protein (Fragment)  IPR018962  Domain of unknown function DUF1995,-0.20751723055656765,True,,,,,,,,,False,False
Solyc01g099020,"GDSL esterase_lipase At5g03980  IPR001087  Lipase, GDSL",-0.5438306794807931,True,,,,,,,,,False,False
Solyc01g099040,"GDSL esterase_lipase At5g03980  IPR001087  Lipase, GDSL",2.8759959306876572,True,2.876882570727886,1.13588507330824e-17,2.65677540304307e-15,,,,,,True,False
Solyc01g099090,"Beta-mannosidase  IPR013781  Glycoside hydrolase, subgroup, catalytic core",0.11980806215961243,True,,,,,,,,,False,False
Solyc01g099100,Long-chain-fatty-acid coa ligase  IPR000873  AMP-dependent synthetase and ligase,1.129616275730958,True,1.128780273875051,6.2021443910494e-13,9.31159786277822e-12,,,,,,True,False
Solyc01g099110,"Xaa-pro aminopeptidase  IPR000994  Peptidase M24, structural domain",0.1338727136940611,True,,,,,,,,,False,False
Solyc01g099120,Protein AUXIN RESPONSE 4,-0.5613798425516832,True,,,,1.0,0.7018384292629795,0.7018384292629795,0.000335737407713862,Solyc01g099120.2.1_S10,False,True
Solyc01g099150,"Lipoxygenase  IPR001246  Lipoxygenase, plant",0.839162344686783,True,0.8366019558489696,5.81124958244876e-09,2.36494442714307e-08,,,,,,True,False
Solyc01g099160,"Lipoxygenase  IPR001246  Lipoxygenase, plant",0.8087277920063923,True,0.8096462608496879,1.29748550801023e-09,6.39603505002491e-09,,,,,,True,False
Solyc01g099180,"Lipoxygenase  IPR001246  Lipoxygenase, plant",1.7130795392235698,True,1.7124098803021965,1.57861413764623e-11,1.37286912479449e-10,,,,,,True,False
Solyc01g099190,"Lipoxygenase  IPR001246  Lipoxygenase, plant",2.72273321861037,True,2.7176226716456204,2.60161708247879e-14,6.97827216705708e-13,15.0,2.3071963328734912,-2.3071963328734912,1.52973800681907e-10,Solyc01g099190.2.1_S252;Solyc01g099190.2.1_S274;Solyc01g099190.2.1_S275;Solyc01g099190.2.1_S278;Solyc01g099190.2.1_S279;Solyc01g099190.2.1_S616;Solyc01g099190.2.1_S779;Solyc01g099190.2.1_S810;Solyc01g099190.2.1_S829;Solyc01g099190.2.1_T348;Solyc01g099190.2.1_T848,True,True
Solyc01g099200,"Lipoxygenase  IPR001246  Lipoxygenase, plant",0.47358820575462385,True,,,,,,,,,False,False
Solyc01g099210,"Lipoxygenase  IPR001246  Lipoxygenase, plant",3.47547596393014,True,3.472510957564099,5.64358166477527e-14,1.26347994550434e-12,,,,,,True,False
Solyc01g099240,3-hydroxyisobutyrate dehydrogenase  IPR015815  3-hydroxyacid dehydrogenase_reductase,0.1972147155937022,True,,,,,,,,,False,False
Solyc01g099280,"5_apos-AMP-activated protein kinase gamma-1 subunit  IPR000644  Cystathionine beta-synthase, core",-0.12677908411265815,True,,,,,,,,,False,False
Solyc01g099310,RNA polymerase II holoenzyme cyclin-like subunit  IPR015432  Cyclin H,-0.09452215235461689,True,,,,,,,,,False,False
Solyc01g099350,Acyl-CoA binding protein 4 acyl-CoA-binding domain 4  IPR015915  Kelch-type beta propeller,-0.5524172965426918,True,,,,3.0,0.9996154994229967,0.9996154994229967,1.79359753599695e-06,Solyc01g099350.2.1_S650;Solyc01g099350.2.1_T661,False,True
Solyc01g099360,PWWP domain-containing protein  IPR000313  PWWP,-0.20020176798807565,True,,,,,,,,,False,False
Solyc01g099370,SRC2 homolog (Fragment)  IPR018029  C2 membrane targeting protein,0.3535172330155026,True,,,,,,,,,False,False
Solyc01g099400,"WD-repeat domain phosphoinositide-interacting protein 3  IPR017986  WD40 repeat, region",-0.029461254863745748,True,,,,,,,,,False,False
Solyc01g099410,Histone H2A  IPR002119  Histone H2A,-0.23722912368006838,True,,,,3.0,1.1957154411888238,1.1957154411888238,5.02878290121739e-08,Solyc01g099410.2.1_S127;Solyc01g099410.2.1_S134,False,True
Solyc01g099520,Rapid alkalinization factor 2  IPR008801  Rapid ALkalinization Factor,1.1431553182029186,True,1.1600941175168042,6.2962980754083e-08,1.9844502586606e-07,,,,,,True,False
Solyc01g099590,"Glutathione-S-transferase  IPR004046  Glutathione S-transferase, C-terminal",0.7127700904721909,True,0.7148713127936054,2.68768462243062e-08,9.30840887662305e-08,,,,,,True,False
Solyc01g099600,Copper chaperone  IPR006121  Heavy metal transport_detoxification protein,0.8407893861532207,True,0.8479415083467852,2.32064319397787e-08,8.13704862894164e-08,1.0,0.5954525016134224,0.5954525016134224,0.000197154299658152,Solyc01g099600.2.1_S214;S218,True,True
Solyc01g099630,"Xyloglucan endotransglucosylase_hydrolase 5  IPR016455  Xyloglucan endotransglucosylase_hydrolase  IPR008263  Glycoside hydrolase, family 16, active site",-0.915774545135297,True,-0.915361710786089,6.34746017659246e-10,3.41089637542647e-09,,,,,,True,False
Solyc01g099660,Heat shock protein  IPR013126  Heat shock protein 70,2.2704543208365457,True,2.2703459622906004,6.41120302892552e-16,4.07019803722072e-14,,,,,,True,False
Solyc01g099670,"40S ribosomal protein S10-like  IPR005326  Plectin_S10, N-terminal",-0.43781702134888495,True,,,,,,,,,False,False
Solyc01g099680,REF-like stress related protein 1  IPR008802  Rubber elongation factor,1.7117497418442023,True,1.7123421668762695,8.95018539404807e-15,3.15671618183727e-13,,,,,,True,False
Solyc01g099690,"ATP-dependent Clp protease proteolytic subunit  IPR001907  Peptidase S14, ClpP",0.7253298872823944,True,0.7257478448782021,8.62493734495886e-12,8.242843346451e-11,,,,,,True,False
Solyc01g099700,Os07g0673000 protein (Fragment),-0.14250445304635512,True,,,,,,,,,False,False
Solyc01g099720,"Alpha subunit of F-actin capping protein  IPR018315  F-actin capping protein, alpha subunit, actin binding",-0.3543835773707533,True,,,,,,,,,False,False
Solyc01g099740,"Small nuclear ribonucleoprotein sm  IPR006649  Like-Sm ribonucleoprotein, eukaryotic and archaea-type, core",-0.2401386635356939,True,,,,,,,,,False,False
Solyc01g099750,"Heparan-alpha-glucosaminide N-acetyltransferase  IPR019259  Protein of unknown function DUF2261, transmembrane",0.5364653297268713,True,,,,,,,,,False,False
Solyc01g099760,26S protease regulatory subunit 6A homolog  IPR005937  26S proteasome subunit P45,-0.0037737769777358788,True,,,,,,,,,False,False
Solyc01g099770,Translationally-controlled tumor protein homolog  IPR001983  Translationally controlled tumour-associated TCTP,0.2582178129228537,True,,,,1.0,1.269102116716991,1.269102116716991,6.37630087037946e-08,Solyc01g099770.2.1_T89,False,True
Solyc01g099780,Translationally-controlled tumor protein homolog  IPR001983  Translationally controlled tumour-associated TCTP,-0.1691170266441455,True,,,,,,,,,False,False
Solyc01g099810,"Arginine_serine-rich splicing factor  IPR000504  RNA recognition motif, RNP-1",-0.437965916613724,True,,,,2.0,0.6577798626239659,0.6577798626239659,5.93749700514356e-05,Solyc01g099810.2.1_S236;S238;S240;Solyc01g099810.2.1_S246;S250;S252,False,True
Solyc01g099830,60S ribosomal protein L22-2  IPR002671  Ribosomal protein L22e,-0.16990244952553143,True,,,,,,,,,False,False
Solyc01g099840,Auxin-repressed protein  IPR008406  Dormancyauxin associated,-0.7552944192024579,True,-0.7536517986895298,1.54098959610933e-08,5.64098662694387e-08,6.0,1.2770053282018472,-1.2770053282018472,1.38308982586198e-07,Solyc01g099840.2.1_S106;Solyc01g099840.2.1_S28;Solyc01g099840.2.1_S36;Solyc01g099840.2.1_T29,True,True
Solyc01g099850,"Multi-pass transmembrane protein  IPR018143  Folate receptor, conserved region",-0.1524364577888906,True,,,,3.0,1.330629183937552,1.330629183937552,1.55058846075292e-06,Solyc01g099850.2.1_S280;S283;Solyc01g099850.2.1_S283;Solyc01g099850.2.1_S289,False,True
Solyc01g099860,Serine_threonine-protein phosphatase-tetraphosphatase,0.2887401768211132,True,,,,,,,,,False,False
Solyc01g099890,"Malignant T cell amplified sequence 1  IPR016437  Translation machinery-associated RNA binding protein, predicted",-0.03684984126604395,True,,,,,,,,,False,False
Solyc01g099900,Ribosomal protein L18  IPR000039  Ribosomal protein L18e,-0.6767176351069721,True,-0.6754084967394794,8.06188304853848e-09,3.18320819793025e-08,,,,,,True,False
Solyc01g099960,"Pectinesterase  IPR000070  Pectinesterase, catalytic",-0.5159155702064563,True,,,,,,,,,False,False
Solyc01g100030,Deoxyuridine 5_apos-triphosphate nucleotidohydrolase  IPR008181  DeoxyUTP pyrophosphatase subfamily 1,-1.1698293817867216,True,-1.169165561993046,3.57616445378268e-12,3.92236385163168e-11,2.0,1.281804477414215,1.281804477414215,4.96250402480206e-08,Solyc01g100030.2.1_S161;Solyc01g100030.2.1_S166,True,True
Solyc01g100050,"WD-40 repeat protein  IPR017986  WD40 repeat, region",-0.2897657466087941,True,,,,5.0,0.8887310314927379,0.8887310314927379,7.466293215604e-08,Solyc01g100050.2.1_S681;Solyc01g100050.2.1_S692;Solyc01g100050.2.1_S710;Solyc01g100050.2.1_T289,False,True
Solyc01g100060,Pre-mRNA-splicing factor 38A  IPR005037  PRP38,-0.15945382952172335,True,,,,,,,,,False,False
Solyc01g100080,Single-stranded DNA binding  IPR000424  Primosome PriB_single-strand DNA-binding,0.05800934001425326,True,,,,,,,,,False,False
Solyc01g100140,Protein DEHYDRATION-INDUCED 19 homolog 3  IPR008598  Drought induced 19,0.08833661302034428,True,,,,,,,,,False,False
Solyc01g100170,Soluble NSF Attachment Protein (SNAP) Receptor (SNARE)  IPR010989  t-SNARE,0.030798582979429803,True,,,,,,,,,False,False
Solyc01g100190,"Misato homolog 1  IPR019746  Tubulin_FtsZ, N-terminal",0.1588312107400813,True,,,,1.0,0.8772973536369881,0.8772973536369881,2.39627816860152e-05,Solyc01g100190.2.1_S127,False,True
Solyc01g100260,Guanosine-5_apos-triphosphate 3_apos-diphosphate pyrophosphatase  IPR003695  Ppx_GppA phosphatase,0.4453538520175983,True,,,,,,,,,False,False
Solyc01g100320,Thioredoxin_protein disulfide isomerase  IPR005788  Disulphide isomerase,0.46323554666062905,True,,,,,,,,,False,False
Solyc01g100330,"Zinc finger matrin type 2  IPR003604  Zinc finger, U1-type",-0.23204337751267307,True,,,,,,,,,False,False
Solyc01g100350,ADP-ribosylation factor-like protein 3  IPR006687  GTP-binding protein SAR1,0.04336780030200667,True,,,,,,,,,False,False
Solyc01g100360,Dihydrolipoyl dehydrogenase  IPR006258  Dihydrolipoamide dehydrogenase,-0.13419684379355815,True,,,,1.0,1.3145542947788138,1.3145542947788138,1.00322162920263e-08,Solyc01g100360.2.1_S60,False,True
Solyc01g100370,Universal stress protein  IPR006016  UspA,1.6495429515639932,True,1.6502628222380193,8.76876074026873e-15,3.11746981838034e-13,,,,,,True,False
Solyc01g100380,Calreticulin 2 calcium-binding protein  IPR009169  Calreticulin,-0.5339690874840678,True,,,,2.0,0.9586366384248971,0.9586366384248971,4.35710958844989e-06,Solyc01g100380.2.1_S386,False,True
Solyc01g100400,"Pseudouridine synthase family protein  IPR006145  Pseudouridine synthase, RsuA and RluB_C_D_E_F",0.704957955267873,True,0.7042459727421472,1.10933614627985e-07,3.31087295773516e-07,,,,,,True,False
Solyc01g100410,Iron-sulfur cluster insertion protein ErpA  IPR016092  FeS cluster insertion,0.6111196022621432,True,0.6124229778214831,9.94005021948585e-09,3.82952606635415e-08,,,,,,True,False
Solyc01g100480,Unknown Protein,0.11873851016816135,True,,,,,,,,,False,False
Solyc01g100500,"Microfibrillar-associated protein 1  IPR009730  Micro-fibrillar-associated 1, C-terminal",-0.20293773615835625,True,,,,1.0,0.76535418444014,0.76535418444014,3.05754784976121e-05,Solyc01g100500.2.1_S330,False,True
Solyc01g100520,"ATP-dependent Clp protease proteolytic subunit  IPR018215  Peptidase S14, ClpP, active site",0.5250157908063691,True,,,,,,,,,False,False
Solyc01g100570,"Nucleolar protein  IPR002687  Pre-mRNA processing ribonucleoprotein, binding region",-0.9180650064481626,True,-0.9180933879710124,4.05768730256622e-12,4.36090988454759e-11,1.0,1.0168250140048185,1.0168250140048185,3.28241072644948e-08,Solyc01g100570.2.1_S494,True,True
Solyc01g100580,Pentatricopeptide repeat-containing protein  IPR002885  Pentatricopeptide repeat,-0.21748351995167814,True,,,,,,,,,False,False
Solyc01g100650,"NHL repeat containing 2  IPR011042  Six-bladed beta-propeller, TolB-like",0.19100957191828236,True,,,,1.0,0.7297144386897422,0.7297144386897422,1.1900063107572e-05,Solyc01g100650.2.1_S54,False,True
Solyc01g100700,Unknown Protein  IPR019083  IGR protein motif,-0.24902750265119517,True,,,,,,,,,False,False
Solyc01g100720,Importin alpha-1b subunit  IPR011989  Armadillo-like helical,-0.22103693641283867,True,,,,,,,,,False,False
Solyc01g100730,UPF0176 protein yceA  IPR001763  Rhodanese-like,-0.200202978024267,True,,,,,,,,,False,False
Solyc01g100740,"Xaa-pro dipeptidase  IPR000994  Peptidase M24, structural domain",0.14024468685207164,True,,,,,,,,,False,False
Solyc01g100760,Susceptibility homeodomain transcription factor (Fragment)  IPR007493  Protein of unknown function DUF538,0.6649810893212623,True,0.6682304460429078,2.65780016462439e-07,7.3407482483473e-07,,,,,,True,False
Solyc01g100770,Susceptibility homeodomain transcription factor (Fragment)  IPR007493  Protein of unknown function DUF538,-0.8555081905492162,True,-0.8556219900657605,3.72773720512901e-11,2.82456336565956e-10,2.0,0.7395105769141707,0.7395105769141707,2.61865406827763e-05,Solyc01g100770.2.1_S125,True,True
Solyc01g100780,Agenet domain-containing protein  IPR008395  Agenet,-1.2470423107463056,True,-1.2483146378889807,0.000157753493260435,0.000267120032024909,,,,,,True,False
Solyc01g100810,Neutral invertase  IPR006937  Plant neutral invertase,1.1902070556066127,True,1.1893292400600843,9.86561612910575e-12,9.22035711414216e-11,,,,,,True,False
Solyc01g100820,"AP-3 complex subunit mu-2  IPR001392  Clathrin adaptor, mu subunit",0.25499415770770895,True,,,,,,,,,False,False
Solyc01g100840,Trafficking protein particle complex subunit 4  IPR007233  Sybindin-like protein,0.13821649994318558,True,,,,,,,,,False,False
Solyc01g100850,ABC transporter ATP-binding protein  IPR003439  ABC transporter-like,-0.27548817208683296,True,,,,,,,,,False,False
Solyc01g100930,"GDSL esterase_lipase At1g09390  IPR001087  Lipase, GDSL",-1.1620953600481483,True,-1.1627343424428767,6.99564968786465e-13,1.02433829366954e-11,,,,,,True,False
Solyc01g100950,Glucose-6-phosphate 1-dehydrogenase  IPR001282  Glucose-6-phosphate dehydrogenase,1.1444429069194548,True,1.1505289637880123,2.76272292460934e-09,1.2320662997455e-08,,,,,,True,False
Solyc01g100960,Glucose-6-phosphate 1-dehydrogenase  IPR001282  Glucose-6-phosphate dehydrogenase,1.2349581465738255,True,1.2332846753548912,4.03369168727014e-11,3.02288800307395e-10,,,,,,True,False
Solyc01g100970,"Pyrrolidone-carboxylate peptidase  IPR000816  Peptidase C15, pyroglutamyl peptidase I",-0.12665846654690646,True,,,,,,,,,False,False
Solyc01g101000,Kinase family protein  IPR002290  Serine_threonine protein kinase,-0.48271644632379623,True,,,,,,,,,False,False
Solyc01g101010,AGAP008431-PA (Fragment)  IPR007308  Protein of unknown function DUF408,0.03044607916681768,True,,,,,,,,,False,False
Solyc01g101020,FACT complex subunit SPT16  IPR013953  FACT complex subunit Spt16p_Cdc68p,-0.564089580736842,True,,,,,,,,,False,False
Solyc01g101030,FACT complex subunit SPT16  IPR013953  FACT complex subunit Spt16p_Cdc68p,-0.6006720378079222,True,-0.6029809732112965,5.77994551720933e-06,1.22782399036703e-05,,,,,,True,False
Solyc01g101040,ATP-citrate lyase A-3  IPR016102  Succinyl-CoA synthetase-like,-0.8903388427200039,True,-0.8902068766705863,1.99347937227276e-10,1.21857253512794e-09,3.0,1.1482035050810206,1.1482035050810206,1.73060054318239e-07,Solyc01g101040.2.1_S232;Solyc01g101040.2.1_S244;Solyc01g101040.2.1_S244;T246,True,True
Solyc01g101060,S-adenosylmethionine synthase  IPR002133  S-adenosylmethionine synthetase,-2.1341709049094106,True,-2.1338219806373195,1.30734845023306e-14,4.21004095133026e-13,1.0,1.7193830523735112,1.7193830523735112,4.71545995607498e-09,Solyc01g101060.2.1_S235,True,True
Solyc01g101070,ABC transporter G family member 37  IPR013525  ABC-2 type transporter,-0.3123104809548653,True,,,,,,,,,False,False
Solyc01g101100,Receptor-like protein kinase  IPR002290  Serine_threonine protein kinase,-0.8226485326701685,True,-0.8216475012999611,7.36503459348034e-10,3.887198780692e-09,,,,,,True,False
Solyc01g101140,LOC100005105 protein (Fragment)  IPR007491  Protein of unknown function DUF537,-0.2958249030812178,True,,,,,,,,,False,False
Solyc01g101240,Aspartic proteinase  IPR001461  Peptidase A1,0.3436414816764271,True,,,,,,,,,False,False
Solyc01g101250,D111_G-patch domain-containing protein  IPR000467  D111_G-patch,-0.3576416644911632,True,,,,1.0,0.7763894603992436,0.7763894603992436,6.08268588173437e-05,Solyc01g101250.2.1_S287,False,True
Solyc01g102310,Unknown Protein,-2.192796796754517,True,-2.1930662426163927,5.02515945064892e-18,1.65420804434694e-15,19.0,1.5357374928889391,1.5357374928889391,1.44793445895233e-10,Solyc01g102310.2.1_S140;Solyc01g102310.2.1_S207;Solyc01g102310.2.1_S342;Solyc01g102310.2.1_S44;Solyc01g102310.2.1_S46;Solyc01g102310.2.1_S515;Solyc01g102310.2.1_S525;Solyc01g102310.2.1_S545;Solyc01g102310.2.1_S593;Solyc01g102310.2.1_S634;Solyc01g102310.2.1_S664;Solyc01g102310.2.1_S742;Solyc01g102310.2.1_T129;Solyc01g102310.2.1_T530,True,True
Solyc01g102330,"Acetyl xylan esterase A  IPR005181  Protein of unknown function DUF303, acetylesterase putative",-0.021534756963535705,True,,,,,,,,,False,False
Solyc01g102350,Pectinacetylesterase like protein (Fragment)  IPR004963  Pectinacetylesterase,-0.2754733060310738,True,,,,,,,,,False,False
Solyc01g102370,Flap structure specific endonuclease 1_yeast Rad,-0.3358478846782486,True,,,,,,,,,False,False
Solyc01g102390,Germin-like protein  IPR014710  RmlC-like jelly roll fold,0.09785654145975448,True,,,,,,,,,False,False
Solyc01g102410,"Glutaminyl-tRNA synthetase  IPR004526  Glutamyl-tRNA synthetase, class Ic, archaeal_eukaryotic cytosolic",0.04917175010415298,True,,,,,,,,,False,False
Solyc01g102470,Pentatricopeptide repeat-containing protein  IPR002885  Pentatricopeptide repeat,0.47864006232003575,True,,,,,,,,,False,False
Solyc01g102490,NADPH adrenodoxin oxidoreductase fprA (NADPH-ferredoxin reductase)  IPR000759  Adrenodoxin reductase,0.6203891741278361,True,0.6202734456232936,2.08082554943543e-11,1.72361393134968e-10,,,,,,True,False
Solyc01g102510,"Genomic DNA chromosome 5 P1 clone MXC17  IPR017986  WD40 repeat, region",-0.5202969304419917,True,,,,,,,,,False,False
Solyc01g102520,MLO-like protein 1  IPR004326  Mlo-related protein,-0.36058181918682886,True,,,,1.0,1.448967070376066,1.448967070376066,2.31279004036688e-08,Solyc01g102520.2.1_S424,False,True
Solyc01g102540,Nucleoporin,-0.28441755536166574,True,,,,,,,,,False,False
Solyc01g102550,Nucleoporin-like protein,-0.026718943898908575,True,,,,,,,,,False,False
Solyc01g102560,Eukaryotic translation initiation factor 3 subunit 8-like protein  IPR000717  Proteasome component region PCI,-0.5089478519636867,True,,,,,,,,,False,False
Solyc01g102580,"Endo-1 4-beta-glucanase  IPR008928  Six-hairpin glycosidase-like  IPR018221  Glycoside hydrolase, family 9, active site  IPR001701  Glycoside hydrolase, family 9",-0.26548005158640087,True,,,,,,,,,False,False
Solyc01g102590,Eukaryotic translation initiation factor 3 subunit 8-like protein  IPR000717  Proteasome component region PCI,-0.5627997538042454,True,,,,,,,,,False,False
Solyc01g102600,"Eukaryotic translation initiation factor 3 subunit 8-like protein  IPR008905  Eukaryotic translation initiation factor 3 subunit 8, N-terminal",-0.43323896747862467,True,,,,,,,,,False,False
Solyc01g102610,"Ferric reductase oxidase  IPR013130  Ferric reductase-like transmembrane component, N-terminal",-1.3004212691104373,True,-1.3010587840865464,1.81115276939073e-11,1.5316389928016e-10,1.0,0.7529472219144485,0.7529472219144485,1.00072343878217e-06,Solyc01g102610.2.1_S6,True,True
Solyc01g102660,Maleylacetoacetate isomerase _ glutathione S-transferase  IPR005955  Maleylacetoacetate isomerase,0.3143567920187192,True,,,,,,,,,False,False
Solyc01g102700,"Receptor like kinase, RLK",0.07769154761012545,True,,,,,,,,,False,False
Solyc01g102730,Cinnamoyl-CoA reductase family-binding domain,-0.3945450775516743,True,,,,,,,,,False,False
Solyc01g102750,"PHD finger family protein  IPR019787  Zinc finger, PHD-finger",0.0568397775141202,True,,,,,,,,,False,False
Solyc01g102760,PHD finger family protein,-0.23511768147685844,True,,,,,,,,,False,False
Solyc01g102800,"Histidyl-tRNA synthetase  IPR015807  Histidyl-tRNA synthetase, class IIa, subgroup",-0.00527930466204642,True,,,,1.0,0.639098761472616,0.639098761472616,4.24455074399119e-05,Solyc01g102800.2.1_S357,False,True
Solyc01g102820,2-C-methyl-D-erythritol 4-phosphate cytidylyltransferase  IPR001228  4-diphosphocytidyl-2C-methyl-D-erythritol synthase,-0.19691629897651103,True,,,,,,,,,False,False
Solyc01g102830,Unknown Protein,-0.06413470752936767,True,,,,,,,,,False,False
Solyc01g102940,"Methionine s-methyltransferase  IPR015424  Pyridoxal phosphate-dependent transferase, major region",-0.571902043672532,True,,,,,,,,,False,False
Solyc01g102950,FAD dependent oxidoreductase,0.010273987510424423,True,,,,,,,,,False,False
Solyc01g102960,class IV heat shock protein  IPR002068  Heat shock protein Hsp20,2.4920748523201333,True,2.4910699403088716,2.20917486399433e-14,6.23337974323225e-13,,,,,,True,False
Solyc01g102970,"RNA-binding protein  IPR012677  Nucleotide-binding, alpha-beta plait",-0.6825792482991111,True,-0.6826243275778625,2.30967915820026e-11,1.88507147457152e-10,,,,,,True,False
Solyc01g103010,Cullin-associated NEDD8-dissociated protein 2  IPR011989  Armadillo-like helical,-0.27110764574785834,True,,,,,,,,,False,False
Solyc01g103020,Survival of motor neuron-related-splicing factor 30  IPR018351  Tudor subgroup,-0.3853540416541697,True,,,,1.0,0.7155953894517101,0.7155953894517101,3.14880575347367e-05,Solyc01g103020.2.1_S273,False,True
Solyc01g103040,Mitotic checkpoint protein MAD1  IPR008672  Mitotic checkpoint,-0.4063665256101306,True,,,,,,,,,False,False
Solyc01g103080,"ATP-dependent RNA helicase DOB1  IPR016438  RNA helicase, ATP-dependent, SK12_DOB1",-0.3509497219278937,True,,,,,,,,,False,False
Solyc01g103100,Short-chain dehydrogenase_reductase SDR  IPR002347  Glucose_ribitol dehydrogenase,-0.15612165143943604,True,,,,,,,,,False,False
Solyc01g103110,Unknown Protein  IPR007434  Protein of unknown function DUF482,0.10964027604884398,True,,,,,,,,,False,False
Solyc01g103120,Dynamin-2A  IPR011993  Pleckstrin homology-type,-0.16513804898838663,True,,,,,,,,,False,False
Solyc01g103140,Voltage-gated chloride channel  IPR002251  Chloride channel plant CLC,-0.2341569609613199,True,,,,1.0,0.9485817026713724,0.9485817026713724,1.78436850222617e-08,Solyc01g103140.2.1_S28;S29,False,True
Solyc01g103150,"Os03g0731050 protein (Fragment)  IPR004949  Protein of unknown function DUF266, plant",-0.32355552410320537,True,,,,,,,,,False,False
Solyc01g103160,Pentatricopeptide repeat-containing protein  IPR002885  Pentatricopeptide repeat,-0.18611237343283715,True,,,,,,,,,False,False
Solyc01g103220,"Cytochrome c  IPR002327  Cytochrome c, class IA_ IB",-0.49809177442077057,True,,,,,,,,,False,False
Solyc01g103230,"Non-lysosomal glucosylceramidase  IPR014551  Beta-glucosidase, GBA2 type",-0.09571382711207968,True,,,,,,,,,False,False
Solyc01g103250,"Histone-lysine N-methyltransferase NSD3  IPR018144  Plus-3 domain, subgroup",-0.8801849124987402,True,-0.884545234851661,2.21349274395256e-09,1.01829831823242e-08,3.0,1.0106865258846127,-1.0106865258846127,3.46911593092473e-07,Solyc01g103250.2.1_S122,True,True
Solyc01g103370,"Ras-related protein Rab-1A  IPR003579  Ras small GTPase, Rab type",-0.002890325546869868,True,,,,,,,,,False,False
Solyc01g103380,Ras-related protein Rab-25  IPR015595  Rab11-related,-0.5493167828899117,True,,,,,,,,,False,False
Solyc01g103400,Unknown Protein,-0.29308501927490527,True,,,,,,,,,False,False
Solyc01g103410,Nucleic acid binding protein  IPR004087  K Homology,-0.047388256546757074,True,,,,4.0,0.8987901920809419,0.8987901920809419,1.1433270071035e-07,Solyc01g103410.2.1_S223;Solyc01g103410.2.1_S227;S229;Solyc01g103410.2.1_S36,False,True
Solyc01g103420,"Upf3 regulator of nonsense transcripts-like protein B  IPR005120  Regulator of nonsense-mediated decay, UPF3",-0.34141188409924067,True,,,,,,,,,False,False
Solyc01g103440,Phosphoribosylamine--glycine ligase  IPR000115  Phosphoribosylglycinamide synthetase,0.5064977795115265,True,,,,,,,,,False,False
Solyc01g103450,Chaperone DnaK  IPR012725  Chaperone DnaK,1.1014530617583127,True,1.1009258933964277,2.62340562558153e-12,3.04000380706241e-11,2.0,1.41130271093912,-1.41130271093912,5.09356659110272e-07,Solyc01g103450.2.1_S390;Solyc01g103450.2.1_T700,True,True
Solyc01g103480,"Coatomer subunit delta  IPR008968  Clathrin adaptor, mu subunit, C-terminal",-0.4955982410384623,True,,,,12.0,1.0169183947406701,1.0169183947406701,5.24802368056946e-08,Solyc01g103480.2.1_S186;Solyc01g103480.2.1_S186;S188;Solyc01g103480.2.1_S186;S189;Solyc01g103480.2.1_S188;Solyc01g103480.2.1_S188;S189;Solyc01g103480.2.1_S189;Solyc01g103480.2.1_T248,False,True
Solyc01g103510,Ribosomal protein L3-like  IPR000597  Ribosomal protein L3,-0.8519853878967882,True,-0.8517427999351335,3.83957067961902e-11,2.89695281837469e-10,,,,,,True,False
Solyc01g103540,YTH domain family 2 (Predicted)  IPR007275  YT521-B-like protein,-0.056298548673793206,True,,,,1.0,0.6500044098272036,0.6500044098272036,8.78131437959434e-06,Solyc01g103540.2.1_S176,False,True
Solyc01g103560,"tRNA pseudouridine synthase A  IPR001406  Pseudouridine synthase I, TruA",-0.1466267945202244,True,,,,,,,,,False,False
Solyc01g103670,Alpha_beta hydrolase fold-1 domain-containing protein,0.22737817719259296,True,,,,,,,,,False,False
Solyc01g103680,Coiled-coil domain containing 47  IPR012879  Protein of unknown function DUF1682,-0.20315854283963175,True,,,,,,,,,False,False
Solyc01g103690,"ATP-dependent RNA helicase A  IPR014001  DEAD-like helicase, N-terminal",0.07438725677387283,True,,,,,,,,,False,False
Solyc01g103710,"Fe_S biogenesis protein nfuA  IPR001075  NIF system FeS cluster assembly, NifU, C-terminal",1.0294292881200005,True,1.0318723536011514,1.54959425520408e-10,9.73342313798862e-10,,,,,,True,False
Solyc01g103740,"Ribosome biogenesis protein ERB1  IPR012953  BOP1, N-terminal",-0.8599535768537869,True,-0.8637610465322345,1.44408789127172e-09,6.99457938835044e-09,,,,,,True,False
Solyc01g103750,ATP phosphoribosyltransferase  IPR001348  Histidine biosynthesis HisG: ATP phosphoribosyltransferase,-0.188704318805739,True,,,,,,,,,False,False
Solyc01g103760,DUF803 domain membrane protein  IPR008521  Protein of unknown function DUF803,-0.12108583043499954,True,,,,1.0,0.7135356721640285,-0.7135356721640285,6.55224024802577e-06,Solyc01g103760.2.1_S347,False,True
Solyc01g103780,"TCP family transcription factor  IPR005333  Transcription factor, TCP",-0.48252377199547714,True,,,,,,,,,False,False
Solyc01g103800,40S ribosomal protein S12  IPR000530  Ribosomal protein S12e,-0.1954025769365927,True,,,,,,,,,False,False
Solyc01g103850,"Ubiquitin-like domain containing CTD phosphatase 1  IPR011943  HAD-superfamily hydrolase, subfamily IIID",-0.05814704331657217,True,,,,1.0,0.5978573335232558,0.5978573335232558,0.00084020161435211,Solyc01g103850.2.1_S82,False,True
Solyc01g103890,"Magnesium transporter MRS2-4  IPR002523  Mg2+ transporter protein, CorA-like",-0.16967009073931152,True,,,,,,,,,False,False
Solyc01g103910,"Phospholipase D  IPR011402  Phospholipase D, plant",-0.8133440732336732,True,-0.8151774448020133,5.02433589273128e-10,2.76852432824523e-09,,,,,,True,False
Solyc01g103920,"Ferredoxin I  IPR010241  Ferredoxin (2Fe-2S), plant",1.423355787362204,True,1.426717975829795,2.14765016955231e-09,9.90057816752124e-09,,,,,,True,False
Solyc01g103930,Transmembrane 9 superfamily protein member 3,-0.4045346924651117,True,,,,,,,,,False,False
Solyc01g103940,Serine_threonine protein kinase  IPR015740  Plant protein serine_threonine kinase-like,-0.7602328182714796,True,-0.7599864143339524,6.70141183593963e-12,6.61067129831647e-11,2.0,0.8216943491352255,0.8216943491352255,4.1443344166181e-07,Solyc01g103940.2.1_S150;S154;S158;Solyc01g103940.2.1_T301,True,True
Solyc01g103950,Thiamine-phosphate pyrophosphorylase_thiamine-phosphate pyrophosphorylase  IPR004399  Phosphomethylpyrimidine kinase type-2,-0.12323954602946598,True,,,,,,,,,False,False
Solyc01g103990,T-complex protein 11  IPR008862  T-complex 11,-0.6066098692527183,True,-0.6066370873855093,1.04972086094816e-09,5.30109034778823e-09,3.0,1.4752951617830115,1.4752951617830115,1.4612533334195e-09,Solyc01g103990.2.1_S29;Solyc01g103990.2.1_S48;Solyc01g103990.2.1_S86,True,True
Solyc01g104000,Serine hydroxymethyltransferase  IPR001085  Serine hydroxymethyltransferase,-0.19297192701950036,True,,,,4.0,0.790869199640805,0.790869199640805,9.64115603745598e-07,Solyc01g104000.2.1_S101;Solyc01g104000.2.1_S48;T52;Solyc01g104000.2.1_T52,False,True
Solyc01g104020,Embryo-specific 3  IPR010417  Embryo-specific 3,0.31254620049065784,True,,,,,,,,,False,False
Solyc01g104040,UDP-glucose glycoprotein glucosyltransferase  IPR009448  UDP-glucose:Glycoprotein Glucosyltransferase,-0.19584379201820998,True,,,,,,,,,False,False
Solyc01g104050,Receptor-like kinase  IPR002290  Serine_threonine protein kinase,0.19793295041432624,True,,,,4.0,0.932931691637288,0.932931691637288,9.90997734431521e-08,Solyc01g104050.2.1_S529;Solyc01g104050.2.1_T284,False,True
Solyc01g104060,"Aminomethyltransferase  IPR006222  Glycine cleavage T-protein, N-terminal",0.04583929086609532,True,,,,,,,,,False,False
Solyc01g104070,Importin beta  IPR011989  Armadillo-like helical,-0.39513594698134075,True,,,,,,,,,False,False
Solyc01g104130,Oxidoreductase 2OG-Fe(II) oxygenase family protein-like  IPR005123  Oxoglutarate and iron-dependent oxygenase,0.2462299816473282,True,,,,,,,,,False,False
Solyc01g104140,"Phosphatidylinositol-4-phosphate 5-kinase family protein  IPR017163  Phosphatidylinositol-4-phosphate 5-kinase, plant",0.18306152522691685,True,,,,9.0,1.4827969205260163,-1.4827969205260163,2.18049262937097e-09,Solyc01g104140.2.1_S211;Solyc01g104140.2.1_S223;S227;Solyc01g104140.2.1_S224;S227;Solyc01g104140.2.1_S224;S229;Solyc01g104140.2.1_S225;S229;Solyc01g104140.2.1_S239;S243;S244;Solyc01g104140.2.1_S269,False,True
Solyc01g104160,Uncharacterised protein At1g10890,-0.19906609255206317,True,,,,,,,,,False,False
Solyc01g104170,Ankyrin repeat domain-containing protein 2  IPR002110  Ankyrin,-0.25073770140669543,True,,,,,,,,,False,False
Solyc01g104190,Unknown Protein,-0.405714365323954,True,,,,4.0,1.2858060226097585,1.2858060226097585,8.37399893899948e-09,Solyc01g104190.2.1_S132;Solyc01g104190.2.1_T133,False,True
Solyc01g104210,Elongation of very long chain fatty acids protein 4  IPR002076  GNS1_SUR4 membrane protein,0.981497319229215,True,0.9840864436064872,1.05917099676166e-08,4.05073658314014e-08,,,,,,True,False
Solyc01g104220,Transmembrane emp24 domain-containing protein 10  IPR000348  emp24_gp25L_p24,0.35698495121154056,True,,,,,,,,,False,False
Solyc01g104270,Os12g0283800 protein (Fragment),0.09229461051107547,True,,,,,,,,,False,False
Solyc01g104300,Unknown Protein  IPR006927  Protein of unknown function DUF639,0.48377999531789784,True,,,,,,,,,False,False
Solyc01g104310,Patatin-like phospholipase domain-containing protein  IPR002641  Patatin,0.0817974768162767,True,,,,,,,,,False,False
Solyc01g104320,PAP fibrillin  IPR006843  PAP fibrillin,-0.21692971451930457,True,,,,,,,,,False,False
Solyc01g104370,60S acidic ribosomal protein P1  IPR001813  Ribosomal protein 60S,-0.6595548834709102,True,-0.6599651014855865,4.18788881239576e-10,2.34838837631378e-09,4.0,1.012735663153589,1.012735663153589,1.77608406696343e-07,Solyc01g104370.2.1_S102;Solyc01g104370.2.1_S102;S109,True,True
Solyc01g104380,Blue copper protein  IPR003245  Plastocyanin-like,1.0394260011183558,True,1.0384469754180659,3.92504142825978e-09,1.6755892514108e-08,,,,,,True,False
Solyc01g104400,Blue copper protein  IPR003245  Plastocyanin-like,-1.0152690898313235,True,-1.0077253200632132,6.80891866672427e-06,1.43024053530113e-05,,,,,,True,False
Solyc01g104460,"Partner of Y14 and mago  IPR015362  Exon junction complex, Pym",-0.19521069335220073,True,,,,,,,,,False,False
Solyc01g104470,mRNA turnover protein 4 homolog,-0.337335622259067,True,,,,,,,,,False,False
Solyc01g104480,Unknown Protein,0.14872528609925165,True,,,,,,,,,False,False
Solyc01g104510,"Histone-binding protein RBBP7  IPR020472  G-protein beta WD-40 repeat, region",-0.3987763222352245,True,,,,,,,,,False,False
Solyc01g104530,Protein serine_threonine kinase  IPR002290  Serine_threonine protein kinase,-0.24272370846793012,True,,,,12.0,2.0401123244163797,2.0401123244163797,4.94052896454572e-11,Solyc01g104530.2.1_S262;Solyc01g104530.2.1_S262;S268;Solyc01g104530.2.1_S358;Solyc01g104530.2.1_S391;Solyc01g104530.2.1_S46;Solyc01g104530.2.1_T56,False,True
Solyc01g104560,Pinin_SDK_memA protein  IPR006786  Pinin_SDK_memA protein,-0.15498310930008916,True,,,,,,,,,False,False
Solyc01g104590,"Ribosomal protein L3  IPR019926  Ribosomal protein L3, conserved site  IPR000597  Ribosomal protein L3",-0.7631798086170899,True,-0.7646865881760839,3.4233278761085e-09,1.48205251645652e-08,2.0,1.4902404259005926,1.4902404259005926,2.05102491968951e-07,Solyc01g104590.2.1_T234;T239,True,True
Solyc01g104600,"COP9 signalosome complex subunit 8  IPR019280  COP9 signalosome, subunit CSN8",0.14451437128355227,True,,,,,,,,,False,False
Solyc01g104650,BZIP transcription factor  IPR011700  Basic leucine zipper,0.7232052777156597,True,0.723086881601003,4.77653499912462e-12,5.00045265868311e-11,1.0,0.5853924374685968,0.5853924374685968,6.27566180109514e-06,Solyc01g104650.2.1_S39,True,True
Solyc01g104660,Exocyst subunit Exo70-interacting protein Roh1 (Fragment)  IPR008511  Protein of unknown function DUF793,0.5829222806787383,True,,,,,,,,,False,False
Solyc01g104700,"GTP-binding nuclear protein Ran-A1  IPR018210  GTP-binding nuclear protein, Ran, conserved site  IPR002041  Ran GTPase",-0.11232021901884988,True,,,,,,,,,False,False
Solyc01g104740,"Multiprotein bridging factor 1  IPR013729  Multiprotein bridging factor 1, N-terminal",0.7511920670554442,True,0.7739945628939694,1.54813186748674e-05,3.05909204940466e-05,,,,,,True,False
Solyc01g104770,Actin  IPR004000  Actin_actin-like,-0.5606088295917719,True,,,,,,,,,False,False
Solyc01g104840,"RNA-binding protein RZ-1  IPR012677  Nucleotide-binding, alpha-beta plait",-0.38843899474792903,True,,,,,,,,,False,False
Solyc01g104850,"Serine carboxypeptidase F13S12.6  IPR001563  Peptidase S10, serine carboxypeptidase",-0.7738734376834517,True,-0.7724233492171608,2.7237289482953e-07,7.50651252479028e-07,,,,,,True,False
Solyc01g104880,Phosphatidylserine decarboxylase proenzyme 2  IPR005221  Phosphatidylserine decarboxylase,-0.2994432004699371,True,,,,3.0,1.1579845197600893,1.1579845197600893,2.23442879458127e-08,Solyc01g104880.2.1_S12;Solyc01g104880.2.1_S15;Solyc01g104880.2.1_S46,False,True
Solyc01g104900,NAC domain protein IPR003441 protein,-1.0226077509639375,True,-1.0244090767654683,2.98401102034871e-11,2.32852413949599e-10,,,,,,True,False
Solyc01g104920,"26S protease regulatory subunit 8 homolog  IPR003959  ATPase, AAA-type, core",-0.12377939492134822,True,,,,,,,,,False,False
Solyc01g104950,"Alpha-L-arabinofuranosidase_beta-D-xylosidase  IPR001764  Glycoside hydrolase, family 3, N-terminal",0.3833491961400504,True,,,,,,,,,False,False
Solyc01g104970,"Receptor like kinase, RLK",-0.4988873698735007,True,,,,,,,,,False,False
Solyc01g105020,Phosphatase PTC7 homolog  IPR001932  Protein phosphatase 2C-related,-0.7677055961787225,True,-0.7690732037017954,1.47499091656484e-08,5.41276600595718e-08,,,,,,True,False
Solyc01g105030,"Chlorophyll a-b binding protein, chloroplastic  IPR001344  Chlorophyll A-B binding protein",-3.471439235578626,True,-3.4692526439690923,8.01420570285968e-14,1.6928345712923e-12,3.0,2.776541315432437,2.776541315432437,1.90685285324414e-10,Solyc01g105030.2.1_T206,True,True
Solyc01g105050,"Chlorophyll a-b binding protein, chloroplastic  IPR001344  Chlorophyll A-B binding protein",-3.7628238165376224,True,-3.7603235187508104,4.16797908412101e-13,6.56826207440914e-12,,,,,,True,False
Solyc01g105060,(3R)-hydroxymyristoyl- dehydratase FabZ,-0.32699179157129415,True,,,,,,,,,False,False
Solyc01g105070,"Peroxidase  IPR002016  Haem peroxidase, plant_fungal_bacterial",-0.4476313389903987,True,,,,,,,,,False,False
Solyc01g105100,Endoplasmic reticulum-Golgi intermediate compartment protein 3  IPR012936  Protein of unknown function DUF1692,0.12037848381547825,True,,,,,,,,,False,False
Solyc01g105130,SKIP interacting protein 15,-0.02327132087492175,True,,,,,,,,,False,False
Solyc01g105140,"RNA-binding protein  IPR012677  Nucleotide-binding, alpha-beta plait",0.025759300917138062,True,,,,3.0,1.0370923744507494,1.0370923744507494,0.000538311179043047,Solyc01g105140.2.1_S143;Solyc01g105140.2.1_S229;T231;Solyc01g105140.2.1_S234;S236,False,True
Solyc01g105150,Potassium transporter family protein  IPR003855  K+ potassium transporter,-0.1407308909480462,True,,,,,,,,,False,False
Solyc01g105160,"Copper-transporting P-type ATPase  IPR006403  ATPase, P type, cation_copper-transporter",-0.05289084477955959,True,,,,,,,,,False,False
Solyc01g105170,"Copper-exporting P-type ATPase A  IPR001757  ATPase, P-type, K_Mg_Cd_Cu_Zn_Na_Ca_Na_H-transporter",0.014929463639197551,True,,,,1.0,0.7053194720967356,0.7053194720967356,9.71265206857002e-06,Solyc01g105170.2.1_S98,False,True
Solyc01g105240,"Ubiquitin carboxyl-terminal hydrolase  IPR001394  Peptidase C19, ubiquitin carboxyl-terminal hydrolase 2",0.0714949575063901,True,,,,4.0,0.9963665567188974,0.9963665567188974,5.25425895573541e-08,Solyc01g105240.2.1_S142;Solyc01g105240.2.1_T141;S142,False,True
Solyc01g105280,Protein phosphatase 2C-like  IPR015655  Protein phosphatase 2C,0.5589159359709279,True,,,,1.0,0.6050383270547147,-0.6050383270547147,7.60590753646256e-05,Solyc01g105280.2.1_T169,False,True
Solyc01g105340,Chaperone protein dnaJ  IPR012724  Chaperone DnaJ,1.3568696656700905,True,1.3583532569426882,3.04253196775657e-13,4.99495081018337e-12,,,,,,True,False
Solyc01g105370,"Enoyl-(Acyl-carrier-protein) reductase II  IPR004136  2-nitropropane dioxygenase, NPD",0.33333470108593527,True,,,,,,,,,False,False
Solyc01g105410,Os06g0220000 protein (Fragment)  IPR006766  Phosphate-induced protein 1 conserved region,-0.12104519055966814,True,,,,,,,,,False,False
Solyc01g105420,"Phospho-2-dehydro-3-deoxyheptonate aldolase 2  IPR002480  DAHP synthetase, class II",0.7819217822889288,True,0.781239910245071,2.7387118591347e-11,2.1656290928816e-10,,,,,,True,False
Solyc01g105460,"1 4-dihydroxy-2-naphthoate octaprenyltransferase  IPR011937  1,4-dihydroxy-2-naphthoate phytyltransferase",-0.08499709694161774,True,,,,,,,,,False,False
Solyc01g105540,2-oxoglutarate_malate translocator  IPR001898  Sodium_sulphate symporter,-0.7640302678181645,True,-0.7645861523726801,2.33259826573699e-09,1.06537170533763e-08,,,,,,True,False
Solyc01g105560,3 4-dihydroxy-2-butanone 4-phosphate synthase  IPR000422  DHBP synthase RibB,1.4001120239015628,True,1.4009773354177533,5.21558363428573e-16,3.51182631375239e-14,,,,,,True,False
Solyc01g105570,Genomic DNA chromosome 5 P1 clone MBM17,-0.27356721762710845,True,,,,,,,,,False,False
Solyc01g105660,1-aminocyclopropane-1-carboxylate oxidase  IPR005123  Oxoglutarate and iron-dependent oxygenase,0.34745158871819165,True,,,,1.0,0.6753700566145033,0.6753700566145033,4.30790074269e-06,Solyc01g105660.2.1_S321,False,True
Solyc01g105710,"Peptidyl-prolyl cis-trans isomerase  IPR001179  Peptidyl-prolyl cis-trans isomerase, FKBP-type",-0.16119481348634246,True,,,,1.0,0.9535163225617505,0.9535163225617505,1.51831028940577e-07,Solyc01g105710.2.1_S51,False,True
Solyc01g105780,"DnaJ (Fragment)  IPR015609  Molecular chaperone, heat shock protein, Hsp40, DnaJ",-0.5568488940872299,True,,,,2.0,0.6981846482191598,0.6981846482191598,3.08318607083026e-05,Solyc01g105780.2.1_S273,False,True
Solyc01g105810,Rab-GDP dissociation inhibitor  IPR000806  Rab GDI protein,-0.003820373788934997,True,,,,,,,,,False,False
Solyc01g105970,Magnesium-dependent phosphatase-1 family protein expressed  IPR010036  Magnesium-dependent phosphatase-1,0.45674031971517376,True,,,,,,,,,False,False
Solyc01g105980,Unknown Protein,-0.1973383058480312,True,,,,,,,,,False,False
Solyc01g105990,Os01g0107900 protein (Fragment),-0.10985231055882187,True,,,,,,,,,False,False
Solyc01g106000,Isochorismatase hydrolase  IPR000868  Isochorismatase-like,-0.6487241550258469,True,-0.647709541435355,2.18291381942961e-10,1.31984612429186e-09,,,,,,True,False
Solyc01g106010,"Fructose-1 6-bisphosphatase class 1  IPR000146  Fructose-1,6-bisphosphatase",-0.32985989250633235,True,,,,,,,,,False,False
Solyc01g106030,Pseudo response regulator  IPR010402  CCT domain,-0.10285117321425175,True,,,,,,,,,False,False
Solyc01g106050,Dynamin-2  IPR000375  Dynamin central region,0.10351499709012021,True,,,,,,,,,False,False
Solyc01g106080,Methylmalonate-semialdehyde dehydrogenase  IPR010061  Methylmalonate-semialdehyde dehydrogenase  IPR015590  Aldehyde dehydrogenase,0.5740765936878433,True,,,,,,,,,False,False
Solyc01g106090,Photosystem II oxygen evolving complex protein PsbP  IPR002683  Photosystem II oxygen evolving complex protein PsbP,-0.6203898099988026,True,-0.6200481209439933,1.38673106919034e-07,4.06506126087196e-07,,,,,,True,False
Solyc01g106210,Chaperone DnaK  IPR012725  Chaperone DnaK,0.58964234854827,True,0.5887989942152851,5.06646050083274e-10,2.79000625349451e-09,,,,,,True,False
Solyc01g106220,DNA polymerase V  IPR007015  DNA polymerase V,-0.7745872546819387,True,-0.7755441566807093,1.34101142208192e-11,1.19070025169471e-10,1.0,1.1332976560893917,1.1332976560893917,3.11740177906094e-08,Solyc01g106220.2.1_S82,True,True
Solyc01g106260,Chaperone DnaK  IPR012725  Chaperone DnaK,0.3997615637885003,True,,,,,,,,,False,False
Solyc01g106280,DNA-binding bromodomain-containing protein  IPR001487  Bromodomain,-1.183627933845853,True,-1.1816668735784113,1.80431073105166e-11,1.52876203790154e-10,3.0,0.9039922276643566,0.9039922276643566,4.37310870887475e-05,Solyc01g106280.2.1_S369;S375;Solyc01g106280.2.1_S369;T373;S375;Solyc01g106280.2.1_T323,True,True
Solyc01g106320,Octicosapeptide_Phox_Bem1p domain-containing protein  IPR000270  Octicosapeptide_Phox_Bem1p,-0.6592920125225081,True,-0.6595445944169339,5.95148434312174e-11,4.25215376540724e-10,11.0,2.29015077518336,2.29015077518336,9.33158913989051e-11,Solyc01g106320.2.1_S131;Solyc01g106320.2.1_S152;S155;Solyc01g106320.2.1_S159;S162;Solyc01g106320.2.1_S159;S162;S167;Solyc01g106320.2.1_S159;S167;Solyc01g106320.2.1_S162;S165;Solyc01g106320.2.1_S162;S167;Solyc01g106320.2.1_S19;Solyc01g106320.2.1_S203;Solyc01g106320.2.1_S266;Solyc01g106320.2.1_T146,True,True
Solyc01g106330,Glutamyl-tRNA(Gln) amidotransferase subunit A  IPR000120  Amidase signature enzyme,-1.0611802811088265,True,-1.0614904908329916,3.44961821536162e-13,5.56446582543269e-12,1.0,1.1506093557342305,1.1506093557342305,7.23329305172922e-09,Solyc01g106330.2.1_S122,True,True
Solyc01g106340,Glutamyl-tRNA(Gln) amidotransferase subunit A  IPR000120  Amidase signature enzyme,-1.01908641427574,True,-1.0216122816558144,6.80802875256279e-12,6.70097005014154e-11,,,,,,True,False
Solyc01g106360,Glutamyl-tRNA(Gln) amidotransferase subunit A  IPR000120  Amidase signature enzyme,0.33970056460519954,True,,,,,,,,,False,False
Solyc01g106380,Genomic DNA chromosome 5 BAC clone T12B11,0.02938059811853936,True,,,,,,,,,False,False
Solyc01g106430,Inorganic pyrophosphatase family protein  IPR008162  Inorganic pyrophosphatase,-0.9036265286206776,True,-0.9053794580245422,6.66534492195477e-11,4.69054518339937e-10,,,,,,True,False
Solyc01g106440,Ankyrin repeat-containing protein-like  IPR002110  Ankyrin,-0.3978082090490558,True,,,,,,,,,False,False
Solyc01g106450,L-galactose dehydrogenase  IPR001395  Aldo_keto reductase,-0.36834062721483085,True,,,,1.0,0.6048197454109842,0.6048197454109842,3.03507105098196e-05,Solyc01g106450.2.1_T64,False,True
Solyc01g106470,Genomic DNA chromosome 5 P1 clone MUB3,-0.44967770442679844,True,,,,,,,,,False,False
Solyc01g106480,"Malate dehydrogenase  IPR010097  Malate dehydrogenase, NAD-dependent, eukaryotes and gamma proteobacteria",0.03618017348087929,True,,,,,,,,,False,False
Solyc01g106580,Unknown Protein,-1.6049856671927227,True,-1.6048991078725376,1.01503649138298e-14,3.49676137031471e-13,,,,,,True,False
Solyc01g106620,"Pathogenesis-related protein 1a  IPR018244  Allergen V5_Tpx-1 related, conserved site",1.5256021140798866,True,1.5246832928281628,4.65019356058068e-07,1.22064147567752e-06,,,,,,True,False
Solyc01g106680,Unknown Protein,-1.1875685926609423,True,-1.1881983566140206,4.60719112703289e-11,3.40402573937806e-10,,,,,,True,False
Solyc01g106740,"Aspartyl-tRNA synthetase  IPR004524  Aspartyl-tRNA synthetase, class IIb, bacterial_mitochondrial type",0.520933155779183,True,,,,,,,,,False,False
Solyc01g106770,"Serine_threonine-protein kinase TEL1  IPR003151  PIK-related kinase, FAT",-0.5101253016447477,True,,,,5.0,1.0024330636646883,1.0024330636646883,2.24087468995661e-07,Solyc01g106770.2.1_S1158;Solyc01g106770.2.1_S1162;Solyc01g106770.2.1_S459,False,True
Solyc01g106780,Pyruvate kinase  IPR001697  Pyruvate kinase,-0.24012936093115275,True,,,,,,,,,False,False
Solyc01g106820,Peptidase M50 family,-0.08495810739171193,True,,,,,,,,,False,False
Solyc01g106880,Ribosomal RNA small subunit methyltransferase E  IPR006700  Ribosomal RNA small subunit methyltransferase E,0.28960311112179316,True,,,,,,,,,False,False
Solyc01g106900,"Magnesium transporter MRS2-3  IPR002523  Mg2+ transporter protein, CorA-like",0.41717300930572865,True,,,,,,,,,False,False
Solyc01g106950,Os03g0431932 protein (Fragment),-0.05571890134293667,True,,,,,,,,,False,False
Solyc01g107030,Somatic embryogenesis related protein,-0.07047872488680028,True,,,,6.0,0.9617440304980576,0.9617440304980576,5.65080911529501e-07,Solyc01g107030.2.1_S10;Solyc01g107030.2.1_S123;Solyc01g107030.2.1_S265;Solyc01g107030.2.1_S47;S51;Solyc01g107030.2.1_T248;Solyc01g107030.2.1_T309,False,True
Solyc01g107130,Vacuolar sorting receptor  IPR003137  Protease-associated PA,0.5066206004647971,True,,,,,,,,,False,False
Solyc01g107150,Zinc finger protein-like 1,-0.27146833461859243,True,,,,5.0,1.467531396468397,1.467531396468397,1.40599090810253e-07,Solyc01g107150.2.1_S238;S241;Solyc01g107150.2.1_S275;Solyc01g107150.2.1_T217;Solyc01g107150.2.1_T226,False,True
Solyc01g107160,"Mitotic checkpoint protein BUB3  IPR020472  G-protein beta WD-40 repeat, region",-0.0741022971056293,True,,,,,,,,,False,False
Solyc01g107320,Pentatricopeptide repeat-containing protein  IPR002885  Pentatricopeptide repeat,-0.06665195889856236,True,,,,,,,,,False,False
Solyc01g107330,SWIB_MDM2 domain protein  IPR019835  SWIB domain,-0.7326704975416916,True,-0.7180596262648983,1.74350551038323e-05,3.41252520948826e-05,,,,,,True,False
Solyc01g107380,Seed maturation protein PM23 (Fragment),0.08355460100939241,True,,,,,,,,,False,False
Solyc01g107400,Indole-3-acetic acid-amido synthetase GH3.8,-0.6122515451131282,True,-0.6116569657806519,1.61184787364971e-05,3.17370489610071e-05,,,,,,True,False
Solyc01g107410,"PHD-finger family homeodomain protein (Fragment)  IPR019787  Zinc finger, PHD-finger",-0.8102180683999554,True,-0.8092162449871803,1.83671621997856e-10,1.13584283395058e-09,2.0,0.6390191361479993,0.6390191361479993,7.41257253372451e-05,Solyc01g107410.2.1_S209,True,True
Solyc01g107470,Unknown Protein,0.012357981507336663,True,,,,,,,,,False,False
Solyc01g107520,PBSP domain-containing protein  IPR007541  Plant Basic Secretory Protein,0.20099679966793507,True,,,,,,,,,False,False
Solyc01g107550,Methylthioribose kinase  IPR009212  Methylthioribose kinase,0.20150139910723272,True,,,,,,,,,False,False
Solyc01g107590,"Cinnamyl alcohol dehydrogenase  IPR002085  Alcohol dehydrogenase superfamily, zinc-containing",-1.2819149385086215,True,-1.2845653967537638,9.11000193943236e-12,8.61379757847604e-11,,,,,,True,False
Solyc01g107600,Unc-50 homolog  IPR007881  UNC-50,-0.07910528045413374,True,,,,,,,,,False,False
Solyc01g107620,Reticulon family protein  IPR003388  Reticulon,-0.6029057467020352,True,-0.6035294886001384,1.22155893925956e-07,3.61907195071301e-07,,,,,,True,False
Solyc01g107630,Cell division cycle protein 123-like protein  IPR009772  D123,-0.5611242783480714,True,,,,,,,,,False,False
Solyc01g107640,Tic21,-0.2643697558207566,True,,,,,,,,,False,False
Solyc01g107670,"LRR receptor-like serine_threonine-protein kinase, RLP",-0.7889142601457111,True,-0.7780078289894602,1.53975329440541e-07,4.47379119995925e-07,,,,,,True,False
Solyc01g107700,Kynurenine formamidase  IPR007325  Putative cyclase,0.7232281118791996,True,0.7233612794729314,4.65680327373176e-11,3.43768002466178e-10,,,,,,True,False
Solyc01g107740,Protein unc-13 homolog C  IPR018029  C2 membrane targeting protein,1.0981211764804621,True,1.1008861298099788,6.73623879220341e-10,3.59589732042666e-09,,,,,,True,False
Solyc01g107750,"Phosphatase and tensin-like A  IPR014020  Tensin phosphatase, C2 domain",-0.05279126819563191,True,,,,16.0,2.369977365574961,2.369977365574961,2.32785924312676e-08,Solyc01g107750.2.1_S569;Solyc01g107750.2.1_S618;Solyc01g107750.2.1_S87;S90;T112;Solyc01g107750.2.1_S87;T95;T112;Solyc01g107750.2.1_S90;T102;Solyc01g107750.2.1_S90;T112;Solyc01g107750.2.1_S90;T92;T102;Solyc01g107750.2.1_S90;T92;T112;Solyc01g107750.2.1_S93;T102;Solyc01g107750.2.1_S93;T112;Solyc01g107750.2.1_S93;T95,False,True
Solyc01g107780,UDP-glucosyltransferase family 1 protein  IPR002213  UDP-glucuronosyl_UDP-glucosyltransferase,0.3769144472736555,True,,,,,,,,,False,False
Solyc01g107820,UDP-glucosyltransferase family 1 protein  IPR002213  UDP-glucuronosyl_UDP-glucosyltransferase,0.9072795884896494,True,0.9070830943231171,5.13600859101517e-11,3.74170855384777e-10,,,,,,True,False
Solyc01g107830,UDP-glucosyltransferase family 1 protein  IPR002213  UDP-glucuronosyl_UDP-glucosyltransferase,2.3078078570712544,True,2.307893106601365,1.44797671609004e-17,2.992934198281e-15,,,,,,True,False
Solyc01g107860,"CBS domain-containing protein-like  IPR000644  Cystathionine beta-synthase, core",0.4020970364684755,True,,,,,,,,,False,False
Solyc01g107870,"Poly(A) RNA binding protein  IPR006515  Polyadenylate binding protein, human types 1, 2, 3, 4",-0.01585822023220525,True,,,,1.0,0.8473133663992453,0.8473133663992453,5.76757236337132e-07,Solyc01g107870.2.1_S557,False,True
Solyc01g107880,"Membrane-associated ring finger 6  IPR011016  Zinc finger, RING-CH-type",0.2531760353298011,True,,,,,,,,,False,False
Solyc01g107900,Acyltransferase WS_DGAT_MGAT family protein  IPR009721  Protein of unknown function DUF1298,0.5737283275618198,True,,,,,,,,,False,False
Solyc01g107910,"Caffeoyl CoA 3-O-methyltransferase  IPR002935  O-methyltransferase, family 3",-1.16567204717577,True,-1.167109147498093,9.51462133332154e-11,6.37271698647791e-10,,,,,,True,False
Solyc01g107990,"MAPprotein kinase-like protein  IPR017946  PLC-like phosphodiesterase, TIM beta_alpha-barrel domain",-0.005805288942213552,True,,,,,,,,,False,False
Solyc01g108020,"Thioredoxin m  IPR015467  Thioredoxin, core",-0.41385027662254764,True,,,,1.0,1.1415581162505697,1.1415581162505697,1.6682350052746e-08,Solyc01g108020.2.1_S23,False,True
Solyc01g108030,Methylcrotonoyl-CoA carboxylase beta subunit  IPR000022  Carboxyl transferase,0.8560362672513988,True,0.8556071597429026,1.93577465689402e-11,1.61854799157799e-10,,,,,,True,False
Solyc01g108070,4-methyl-5(B-hydroxyethyl)-thiazole monophosphate biosynthesis enzyme  IPR006287  DJ-1,-0.4563874342422455,True,,,,,,,,,False,False
Solyc01g108080,"BZIP transcription factor  IPR011616  bZIP transcription factor, bZIP-1",-0.298480639723035,True,,,,5.0,0.920137432545649,0.920137432545649,9.75137672610816e-07,Solyc01g108080.2.1_S58;Solyc01g108080.2.1_T126;Solyc01g108080.2.1_T143,False,True
Solyc01g108110,"Alpha 1 3 fucosyltransferase  IPR001503  Glycosyl transferase, family 10",-0.2354546400386243,True,,,,,,,,,False,False
Solyc01g108150,"Oxidoreductase zinc-binding dehydrogenase family protein  IPR002085  Alcohol dehydrogenase superfamily, zinc-containing",0.19703368321952283,True,,,,,,,,,False,False
Solyc01g108160,"Autophagy-related protein 2  IPR015412  ATG2, C-terminal",-0.05867473053345839,True,,,,1.0,0.7398067243863451,0.7398067243863451,5.00361669011973e-06,Solyc01g108160.2.1_S1457,False,True
Solyc01g108180,Pentatricopeptide repeat-containing protein  IPR002885  Pentatricopeptide repeat,-0.3173424098053046,True,,,,,,,,,False,False
Solyc01g108250,"Vacuolar import and degradation protein VID27  IPR013863  Vacuolar import and degradation, Vid27-related",0.18448661994862225,True,,,,4.0,0.964400850108961,0.964400850108961,6.34169998561836e-08,Solyc01g108250.2.1_S237;Solyc01g108250.2.1_S49;Solyc01g108250.2.1_S616,False,True
Solyc01g108260,TPbinding protein  IPR013926  Kinase binding protein CGI-121,-0.3694642937352926,True,,,,,,,,,False,False
Solyc01g108280,Serine_threonine protein kinase  IPR015740  Plant protein serine_threonine kinase-like,-0.22640266667516548,True,,,,,,,,,False,False
Solyc01g108290,SWIB_MDM2 domain containing protein  IPR019835  SWIB domain,-0.39267739584188527,True,,,,,,,,,False,False
Solyc01g108340,"Peptidyl-prolyl cis-trans isomerase D  IPR002130  Peptidyl-prolyl cis-trans isomerase, cyclophilin-type",-0.291297641788436,True,,,,,,,,,False,False
Solyc01g108430,"WW domain-binding protein 4  IPR013085  Zinc finger, U1-C type",-0.18116406278484587,True,,,,,,,,,False,False
Solyc01g108490,"Serine carboxypeptidase 1  IPR001563  Peptidase S10, serine carboxypeptidase",-1.298670563998814,True,-1.298825471540988,4.70834557761518e-13,7.31604466675591e-12,,,,,,True,False
Solyc01g108500,"Polyadenylate-binding protein  IPR012677  Nucleotide-binding, alpha-beta plait",-0.1739739072278418,True,,,,,,,,,False,False
Solyc01g108530,Acetyl esterase  IPR013094  Alpha_beta hydrolase fold-3,0.1433543588430729,True,,,,,,,,,False,False
Solyc01g108540,Acetyl esterase  IPR013094  Alpha_beta hydrolase fold-3,0.2312575450956836,True,,,,,,,,,False,False
Solyc01g108560,Acetyl esterase  IPR013094  Alpha_beta hydrolase fold-3,5.024580125465898,True,5.021572710307687,2.27679995356452e-13,3.91415821804284e-12,,,,,,True,False
Solyc01g108570,Gibberellin receptor GID1L2  IPR013094  Alpha_beta hydrolase fold-3,1.4956587726553616,True,1.4973436424434563,1.23584876734618e-11,1.10917693705147e-10,1.0,0.6676679899457184,0.6676679899457184,9.01580148001685e-06,Solyc01g108570.2.1_S305,True,True
Solyc01g108580,Gibberellin receptor GID1L2  IPR013094  Alpha_beta hydrolase fold-3,1.671752243589455,True,1.6718084804258604,1.68743143649748e-16,1.48493966411778e-14,,,,,,True,False
Solyc01g108600,"Presequence protease, mitochondrial  IPR013578  Peptidase M16C associated",1.0897473127908446,True,1.089992491667977,3.47489696774158e-13,5.58497002699588e-12,,,,,,True,False
Solyc01g108630,Nitrite reductase  IPR006067  Nitrite and sulphite reductase 4Fe-4S region,-0.43486659831716157,True,,,,,,,,,False,False
Solyc01g108660,N-acetyl-gamma-glutamyl-phosphate reductase  IPR000706  N-acetyl-gamma-glutamyl-phosphate reductase,0.23660365567165964,True,,,,,,,,,False,False
Solyc01g108840,"Receptor like kinase, RLK",-0.24328031104694484,True,,,,,,,,,False,False
Solyc01g108880,1-aminocyclopropane-1-carboxylate oxidase  IPR005123  Oxoglutarate and iron-dependent oxygenase,1.9369859794187012,True,1.9365997664515704,1.47517710282586e-14,4.60048213681273e-13,,,,,,True,False
Solyc01g108890,Potential GTPase activation protein,-0.741292115888376,True,-0.7411993098126023,3.74055573102343e-11,2.83186195377651e-10,3.0,0.7829131631412755,0.7829131631412755,7.95425771655323e-08,Solyc01g108890.2.1_S306;Solyc01g108890.2.1_S87;Solyc01g108890.2.1_T233,True,True
Solyc01g108910,COSII_At2g15890 (Fragment),-0.7103770757396344,True,-0.7143239207126639,4.67920160515984e-08,1.52731339943667e-07,,,,,,True,False
Solyc01g108920,Serine_threonine-protein kinase Sgk3  IPR001683  Phox-like,-0.11680133329237015,True,,,,3.0,0.9773008898072529,0.9773008898072529,2.39438977102992e-08,Solyc01g108920.2.1_S537;Solyc01g108920.2.1_T92,False,True
Solyc01g109080,"Protein kinase  IPR000403  Phosphatidylinositol 3- and 4-kinase, catalytic",-0.3671103575347229,True,,,,,,,,,False,False
Solyc01g109130,"Proteasome assembly chaperone 2  IPR016562  20S proteasome assembly chaperone 2, subgroup",0.3858774990413284,True,,,,,,,,,False,False
Solyc01g109170,Cold acclimation protein COR413-like  IPR008892  Cold acclimation WCOR413,1.4289570829696192,True,1.4279497585638932,1.67930605317139e-13,3.05228470359659e-12,,,,,,True,False
Solyc01g109180,Long-chain-fatty-acid-CoA ligase  IPR000873  AMP-dependent synthetase and ligase,-1.7567143069744473,True,-1.7565794506389918,4.28476347236573e-15,1.78793322734209e-13,,,,,,True,False
Solyc01g109260,At2g16070_F7H1.9,-0.16400111785907853,True,,,,2.0,0.6993251526553006,0.6993251526553006,5.9902221690368e-06,Solyc01g109260.2.1_S155;Solyc01g109260.2.1_S188,False,True
Solyc01g109290,Methyltransferase  IPR013216  Methyltransferase type 11,0.5011536456399968,True,,,,,,,,,False,False
Solyc01g109300,4-hydroxy-3-methylbut-2-enyl diphosphate reductase  IPR003451  LytB protein,1.247997057890181,True,1.247813001870398,1.5487149947133e-15,7.95663518671208e-14,,,,,,True,False
Solyc01g109350,WD-40 repeat-containing protein  IPR013535  PUL,0.17486319410832699,True,,,,,,,,,False,False
Solyc01g109360,"Tyrosyl-tRNA synthetase  IPR016485  Tyrosine tRNA ligase, archaeal_eukaryotic",0.10654692362937652,True,,,,,,,,,False,False
Solyc01g109400,Flavoprotein wrbA  IPR010089  Flavoprotein WrbA,0.12013660493169731,True,,,,2.0,0.7641356458398569,0.7641356458398569,1.56436294254171e-05,Solyc01g109400.2.1_S34,False,True
Solyc01g109410,Dolichyl-diphosphooligosaccharide--protein glycosyltransferase subunit  IPR005013  Dolichyl-diphosphooligosaccharide-protein glycosyltransferase 48kDa subunit,-0.4256415779015727,True,,,,,,,,,False,False
Solyc01g109420,Flavoprotein wrbA  IPR010089  Flavoprotein WrbA,0.44650711607054105,True,,,,7.0,1.3042086763036005,1.3042086763036005,1.85115038551939e-07,Solyc01g109420.2.1_S19;Solyc01g109420.2.1_S19;S32;Solyc01g109420.2.1_S25;Solyc01g109420.2.1_S25;S32;Solyc01g109420.2.1_S32,False,True
Solyc01g109510,Subunit of the SWI_SNF chromatin remodeling complex  IPR007526  SWIRM,-0.867888143383293,True,-0.8675485063447488,1.6300883914238e-11,1.40936046916096e-10,14.0,1.6884784997508655,1.6884784997508655,7.17482311448793e-10,Solyc01g109510.2.1_S670;Solyc01g109510.2.1_S676;Solyc01g109510.2.1_S765;Solyc01g109510.2.1_S96;Solyc01g109510.2.1_T10;Solyc01g109510.2.1_T292;Solyc01g109510.2.1_T703;Solyc01g109510.2.1_T734;Solyc01g109510.2.1_T734;S737;Solyc01g109510.2.1_T742,True,True
Solyc01g109520,"Ras-related protein Rab-7  IPR002078  RNA polymerase sigma factor 54, interaction",0.562428321051938,True,,,,,,,,,False,False
Solyc01g109540,"Coatomer subunit gamma  IPR017106  Coatomer, gamma subunit",-0.4210564442279623,True,,,,1.0,0.9442460494738939,0.9442460494738939,4.14163349573143e-07,Solyc01g109540.2.1_T606,False,True
Solyc01g109560,"Guanine nucleotide-binding protein subunit beta  IPR016346  Guanine nucleotide-binding protein, beta subunit",-0.06264442006651204,True,,,,,,,,,False,False
Solyc01g109570,"Glucan endo-1 3-beta-glucosidase 7  IPR013781  Glycoside hydrolase, subgroup, catalytic core  IPR000490  Glycoside hydrolase, family 17",0.2726155416955806,True,,,,,,,,,False,False
Solyc01g109580,Adenylyl cyclase-associated protein  IPR001837  Adenylate cyclase-associated CAP,-1.132278270761232,True,-1.1337834554730097,1.60410314809429e-11,1.39367241253783e-10,,,,,,True,False
Solyc01g109590,Receptor-like protein kinase  IPR002290  Serine_threonine protein kinase,-1.1054188528136784,True,-1.1043511839521492,3.1479280429698e-11,2.44569794107654e-10,2.0,1.4000326247213044,1.4000326247213044,3.76394566580798e-09,Solyc01g109590.2.1_S118,True,True
Solyc01g109620,"NADH-quinone oxidoreductase subunit I  IPR001450  4Fe-4S ferredoxin, iron-sulphur binding, subgroup",-0.05921663414067603,True,,,,,,,,,False,False
Solyc01g109640,"AP-3 complex subunit sigma-2  IPR016635  Adaptor protein complex, sigma subunit",0.10395583024726057,True,,,,,,,,,False,False
Solyc01g109650,"Receptor like kinase, RLK",-0.0194299430372378,True,,,,,,,,,False,False
Solyc01g109660,"Glycine-rich RNA-binding protein  IPR015465  RNA recognition motif, glycine rich protein",-0.3741629617351621,True,,,,3.0,1.6060115078784862,1.6060115078784862,3.40716096227103e-06,Solyc01g109660.2.1_S160;Solyc01g109660.2.1_S161,False,True
Solyc01g109680,Unknown Protein,0.602184515164769,True,0.6078661442370212,1.44605928884673e-06,3.4429614142164e-06,,,,,,True,False
Solyc01g109710,Universal stress protein  IPR006016  UspA,0.6395601483298918,True,0.6399630670481151,2.88423371808483e-10,1.69208378127643e-09,,,,,,True,False
Solyc01g109770,RER1 protein  IPR004932  Retrieval of early ER protein Rer1,-0.45061497822211466,True,,,,3.0,0.750237933978961,-0.750237933978961,1.062101830543e-05,Solyc01g109770.2.1_S185;Solyc01g109770.2.1_S190,False,True
Solyc01g109780,Unknown Protein,0.022834822345137607,True,,,,,,,,,False,False
Solyc01g109790,"Glucose-1-phosphate adenylyltransferase  IPR011831  Glucose-1-phosphate adenylyltransferase  IPR005836  ADP-glucose pyrophosphorylase, conserved site",-2.2757261117893015,True,-2.2756257786246934,4.33941578532819e-18,1.53325969850328e-15,,,,,,True,False
Solyc01g109830,Thymidylate synthase  IPR012262  Bifunctional dihydrofolate reductase_thymidylate synthase,0.7633232414981176,True,0.7631581742968168,1.31005395513492e-10,8.3707832877349e-10,,,,,,True,False
Solyc01g109850,Diaminopimelate decarboxylase  IPR002986  Diaminopimelate decarboxylase,-0.5943933472942836,True,-0.5943848393102766,2.69105882497936e-10,1.58906537872751e-09,,,,,,True,False
Solyc01g109890,Chaperone protein dnaJ 10  IPR003095  Heat shock protein DnaJ,0.009170341579538922,True,,,,2.0,1.5411327050581267,-1.5411327050581267,1.61459119615155e-07,Solyc01g109890.2.1_S321;S322,False,True
Solyc01g109920,Dehydrin  IPR000167  Dehydrin,2.212159536810772,True,2.2108779297605583,5.54466492576419e-16,3.67768521344717e-14,,,,,,True,False
Solyc01g109930,"Inositol monophosphatase family protein  IPR011809  Histidinol-phosphate phosphatase, putative, inositol monophosphatase",-0.2926282006387593,True,,,,,,,,,False,False
Solyc01g109940,26S protease regulatory subunit  IPR005937  26S proteasome subunit P45,0.03796741692943119,True,,,,,,,,,False,False
Solyc01g109960,"Ubiquitin-activating enzyme E1 3  IPR009036  Molybdenum cofactor biosynthesis, MoeB",0.008671382838606183,True,,,,,,,,,False,False
Solyc01g109980,BEL1-like homeodomain protein 6  IPR006563  POX,-0.8921466191644817,True,-0.8916812744145658,9.57708226375811e-12,8.97901974264579e-11,,,,,,True,False
Solyc01g109990,"RNA-binding protein 28  IPR012677  Nucleotide-binding, alpha-beta plait",-0.8121705023607606,True,-0.8123369270396719,7.74097309961377e-11,5.35839321724044e-10,1.0,0.681961669554897,0.681961669554897,2.14947476183794e-05,Solyc01g109990.2.1_T517,True,True
Solyc01g110000,"Beta-galactosidase  IPR001944  Glycoside hydrolase, family 35",-0.09763714459294355,True,,,,,,,,,False,False
Solyc01g110020,BAH-PHD domain-containing protein (Fragment)  IPR001025  Bromo adjacent region,-0.23020702463459788,True,,,,,,,,,False,False
Solyc01g110060,"Purple acid phosphatase  IPR015914  Purple acid phosphatase, N-terminal",0.07399234752784181,True,,,,,,,,,False,False
Solyc01g110120,"V-type proton ATPase subunit a  IPR002490  ATPase, V0_A0 complex, 116-kDa subunit",-0.5702131863114196,True,,,,11.0,1.7818020102111585,1.7818020102111585,4.53181022918917e-10,Solyc01g110120.2.1_S153;Solyc01g110120.2.1_S170;Solyc01g110120.2.1_S170;S177;Solyc01g110120.2.1_S177;Solyc01g110120.2.1_S56;Solyc01g110120.2.1_T173;Solyc01g110120.2.1_T173;S177,False,True
Solyc01g110130,DNA replication licensing factor  IPR008047  MCM protein 4,-0.018337419233205275,True,,,,,,,,,False,False
Solyc01g110160,Chromosome 11 contig 1 DNA sequence,-0.6939747316579246,True,-0.6972671715663471,1.58385743592463e-06,3.73304823402231e-06,,,,,,True,False
Solyc01g110270,"Crs1_yhby domain containing protein (Fragment)  IPR001890  RNA-binding, CRM domain",1.0062949893464515,True,1.0070415674145838,4.38112372509463e-07,1.15581560310599e-06,,,,,,True,False
Solyc01g110290,Squalene synthase  IPR006449  Farnesyl-diphosphate farnesyltransferase,-0.23184367546519274,True,,,,,,,,,False,False
Solyc01g110300,Clathrin binding protein  IPR001452  Src homology-3 domain,-0.11642264767434492,True,,,,,,,,,False,False
Solyc01g110350,Unknown Protein,-0.6641004147329143,True,-0.6633728814996759,1.35339518476179e-09,6.63484633323929e-09,,,,,,True,False
Solyc01g110360,"Fructose-bisphosphate aldolase  IPR000741  Fructose-bisphosphate aldolase, class-I",-0.9054888347331129,True,-0.9120246446411252,5.28313784213348e-06,1.13230116086043e-05,,,,,,True,False
Solyc01g110370,"Zinc finger protein CONSTANS-LIKE 3  IPR000315  Zinc finger, B-box",-0.18422741089139508,True,,,,,,,,,False,False
Solyc01g110390,NADH dehydrogenase   IPR008011  Complex 1 LYR protein,-0.08160985240181935,True,,,,,,,,,False,False
Solyc01g110410,Ubiquitin fusion-degradation protein-like  IPR004854  Ubiquitin fusion degradation protein UFD1,0.14741907365060464,True,,,,1.0,0.8094944320406072,0.8094944320406072,3.005856427601e-06,Solyc01g110410.2.1_S268,False,True
Solyc01g110450,NADP dependent sorbitol 6-phosphate dehydrogenase (Fragment)  IPR020471  Aldo_keto reductase subgroup,-0.008859555461036492,True,,,,,,,,,False,False
Solyc01g110460,"3-oxo-5-alpha-steroid 4-dehydrogenase family protein  IPR001104  3-oxo-5-alpha-steroid 4-dehydrogenase, C-terminal",0.1605861867648723,True,,,,,,,,,False,False
Solyc01g110480,"BZIP transcription factor family protein expressed  IPR011616  bZIP transcription factor, bZIP-1",0.06318998793698159,True,,,,7.0,1.6243526216852342,1.6243526216852342,1.01854181052493e-07,Solyc01g110480.2.1_S113;S127;Solyc01g110480.2.1_S209;Solyc01g110480.2.1_S235;Solyc01g110480.2.1_S307;Solyc01g110480.2.1_S348;Solyc01g110480.2.1_S57,False,True
Solyc01g110490,tRNA-dihydrouridine synthase 3-like  IPR001269  tRNA-dihydrouridine synthase,-0.20315558185968308,True,,,,1.0,0.6701342492845791,0.6701342492845791,5.43307394327535e-06,Solyc01g110490.2.1_S291,False,True
Solyc01g110520,Glucosamine--fructose-6-phosphate aminotransferase   IPR005854  Amidophosphoribosyl transferase,-0.17577486340357742,True,,,,,,,,,False,False
Solyc01g110530,"Peptidyl-prolyl cis-trans isomerase C  IPR000297  Peptidyl-prolyl cis-trans isomerase, PpiC-type",-1.2467674599671383,True,-1.2489226463558907,1.17516959179224e-12,1.57066275666909e-11,3.0,1.3749325098392045,1.3749325098392045,6.25635500953298e-09,Solyc01g110530.2.1_S69,True,True
Solyc01g110540,Unknown Protein,-0.1451177773671814,True,,,,,,,,,False,False
Solyc01g110550,Ribosome-binding factor A  IPR000238  Ribosome-binding factor A,0.14635883972578187,True,,,,1.0,0.8198942242061295,0.8198942242061295,0.000100812896284733,,False,True
Solyc01g110990,ATP-dependent RNA helicase  IPR011709  Region of unknown function DUF1605,-0.3309060342145917,True,,,,,,,,,False,False
Solyc01g111020,Pentatricopeptide repeat-containing protein  IPR002885  Pentatricopeptide repeat,0.18981459719072918,True,,,,,,,,,False,False
Solyc01g111040,EF-Hand containing protein-like  IPR018248  EF hand,2.3616332858815374,True,2.3614321347009652,1.62104789502728e-16,1.47019119295944e-14,1.0,0.630556209998742,-0.630556209998742,1.37067481922329e-05,Solyc01g111040.2.1_S36,True,True
Solyc01g111060,"5_apos-methylthioadenosine_S-adenosylhomocysteine nucleosidase  IPR018017  Nucleoside phosphorylase, family 1",0.26089173204885013,True,,,,,,,,,False,False
Solyc01g111080,Gibberellin-regulated protein 2  IPR003854  Gibberellin regulated protein,0.6825151794677464,True,0.6918952309230378,5.370177600489e-05,9.74880280088772e-05,,,,,,True,False
Solyc01g111090,ER lumen protein retaining receptor family protein  IPR000133  ER lumen protein retaining receptor,0.4689461198896646,True,,,,,,,,,False,False
Solyc01g111120,Triosephosphate isomerase  IPR000652  Triosephosphate isomerase,0.07682097611741284,True,,,,,,,,,False,False
Solyc01g111140,Protein FAM50 homolog  IPR007005  XAP5 protein,-0.32062503464478476,True,,,,,,,,,False,False
Solyc01g111150,"Translocon-associated protein alpha subunit, alpha subunit",-0.1585766477161095,True,,,,,,,,,False,False
Solyc01g111170,"Peptidyl-prolyl cis-trans isomerase  IPR002130  Peptidyl-prolyl cis-trans isomerase, cyclophilin-type",-0.8647326770914705,True,-0.8573204859676286,6.85267362323197e-09,2.74725138309814e-08,2.0,0.9763729678156781,0.9763729678156781,2.85540703117401e-05,Solyc01g111170.2.1_S154,True,True
Solyc01g111200,Eukaryotic translation initiation factor 4B  IPR010433  Plant specific eukaryotic initiation factor 4B,-0.27184940418097164,True,,,,2.0,1.0322120537992623,1.0322120537992623,5.00661175163852e-05,Solyc01g111200.2.1_S211;Solyc01g111200.2.1_S220,False,True
Solyc01g111210,Glutamyl-tRNA(Gln) amidotransferase subunit A  IPR000120  Amidase signature enzyme,-0.2634845335322908,True,,,,,,,,,False,False
Solyc01g111230,Disease resistance response like protein  IPR004265  Plant disease resistance response protein,-0.7317461990401479,True,-0.7324832881534123,9.04335264472048e-09,3.51299468121834e-08,,,,,,True,False
Solyc01g111240,"Translocase of chloroplast 90, chloroplastic  IPR005690  Chloroplast protein import component Toc86_159",-0.30039724352517644,True,,,,5.0,1.3207520282370577,1.3207520282370577,6.12756608760312e-08,Solyc01g111240.2.1_S376;Solyc01g111240.2.1_S421;Solyc01g111240.2.1_S482;Solyc01g111240.2.1_S709;Solyc01g111240.2.1_T484,False,True
Solyc01g111250,"Phosphatidylinositol-specific phospholipase c  IPR017946  PLC-like phosphodiesterase, TIM beta_alpha-barrel domain",1.3140429462525427,True,1.318930036671843,6.13729009276935e-11,4.36037045120176e-10,,,,,,True,False
Solyc01g111260,"Phosphatidylinositol-specific phospholipase c  IPR017946  PLC-like phosphodiesterase, TIM beta_alpha-barrel domain",-1.4921619080738902,True,-1.4923228086224818,2.10334628396345e-13,3.65842304733213e-12,,,,,,True,False
Solyc01g111270,Armadillo_beta-catenin repeat family protein  IPR011989  Armadillo-like helical,-1.0072747344232489,True,-1.0062468562371834,3.16448048089245e-12,3.55573988801165e-11,1.0,0.5902001232697794,-0.5902001232697794,0.000153430744766483,Solyc01g111270.2.1_S333,True,True
Solyc01g111280,"Cold shock protein-1  IPR002059  Cold-shock protein, DNA-binding",-1.5905405892073476,True,-1.6068757698624665,1.96864529782829e-10,1.20504954594337e-09,2.0,1.7463744905307585,1.7463744905307585,6.6320170211136e-08,Solyc01g111280.2.1_S47;Solyc01g111280.2.1_S89,True,True
Solyc01g111300,"Cold shock protein-1  IPR002059  Cold-shock protein, DNA-binding",-0.6574383553387568,True,-0.6571449402981469,2.13006435658447e-11,1.75784698248122e-10,1.0,0.6402689855907927,0.6402689855907927,8.00201175665349e-06,Solyc01g111300.2.1_S146,True,True
Solyc01g111320,"Thaumatin-like protein  IPR001938  Thaumatin, pathogenesis-related",-0.45198956066079704,True,,,,,,,,,False,False
Solyc01g111350,Nodulin family protein  IPR010658  Nodulin-like,0.6125369281776091,True,0.6123620871275121,5.75781603912377e-08,1.83227600987225e-07,,,,,,True,False
Solyc01g111360,"Peptidyl-prolyl cis-trans isomerase  IPR002130  Peptidyl-prolyl cis-trans isomerase, cyclophilin-type",-0.632579174676775,True,-0.631171964319208,4.09670438860376e-08,1.35813161528945e-07,,,,,,True,False
Solyc01g111370,Choline transporter like family  IPR007603  Protein of unknown function DUF580,0.6718674301856635,True,0.6709282324829539,2.630604913974e-09,1.18025322944982e-08,3.0,1.385696610756523,-1.385696610756523,8.30347445619178e-06,Solyc01g111370.2.1_S540;Solyc01g111370.2.1_S541,True,True
Solyc01g111400,"Subtilisin-like protease  IPR015500  Peptidase S8, subtilisin-related",-2.061861987531722,True,-2.051388241994744,1.82940908431497e-12,2.26144477627141e-11,,,,,,True,False
Solyc01g111410,Protein prenyltransferase alpha subunit repeat-containing protein 1  IPR008940  Protein prenyltransferase,-0.310224528851697,True,,,,,,,,,False,False
Solyc01g111420,LOC734162 protein (Fragment)  IPR002143  Ribosomal protein L1,-0.5295564808666877,True,,,,,,,,,False,False
Solyc01g111440,Senescence-associated protein 12  IPR009686  Senescence-associated,0.09149026036387575,True,,,,1.0,0.9858462977386807,0.9858462977386807,5.2680507306507e-08,Solyc01g111440.2.1_S35,False,True
Solyc01g111450,"Proteasome subunit alpha type  IPR000426  Proteasome, alpha-subunit, conserved site",0.4260565760646028,True,,,,,,,,,False,False
Solyc01g111510,Ascorbate peroxidase  IPR002207  Plant ascorbate peroxidase,0.11470982715938438,True,,,,1.0,0.6148768399110006,0.6148768399110006,5.77850324638605e-06,Solyc01g111510.2.1_S123,False,True
Solyc01g111520,Synaptotagmin  IPR018029  C2 membrane targeting protein,-0.09800428376048562,True,,,,,,,,,False,False
Solyc01g111530,Ubiquitin-protein ligase 4  IPR000569  HECT,-0.6075487209749508,True,-0.6069919119348313,1.1275432947539e-08,4.27542867055148e-08,13.0,0.844966012580942,0.844966012580942,1.45950759981565e-08,Solyc01g111530.2.1_S1104;Solyc01g111530.2.1_S1105;Solyc01g111530.2.1_S1135;Solyc01g111530.2.1_S662;Solyc01g111530.2.1_S664;Solyc01g111530.2.1_S676;S683;Solyc01g111530.2.1_S683;Solyc01g111530.2.1_S887;Solyc01g111530.2.1_S94;S97;Solyc01g111530.2.1_S97;Solyc01g111530.2.1_S982,True,True
Solyc01g111560,"Ras-like GTP-binding protein RHO  IPR003578  Ras small GTPase, Rho type",-0.5669007128417173,True,,,,,,,,,False,False
Solyc01g111580,BZIP family transcription factor (Fragment)  IPR011700  Basic leucine zipper,-0.4809179279430606,True,,,,,,,,,False,False
Solyc01g111600,Metal ion binding protein  IPR006121  Heavy metal transport_detoxification protein,-1.5788659703112344,True,-1.579460038041778,1.29786552877179e-12,1.70642438161592e-11,1.0,0.8883197759006611,0.8883197759006611,8.77781086439238e-05,Solyc01g111600.2.1_S132,True,True
Solyc01g111620,"AT4G35080-like protein (Fragment)  IPR011541  Nickel_cobalt transporter, high-affinity",0.2086393672692742,True,,,,,,,,,False,False
Solyc01g111630,"Glyoxylate_hydroxypyruvate reductase B  IPR006140  D-isomer specific 2-hydroxyacid dehydrogenase, NAD-binding",-1.0255114785980397,True,-1.0261277201840808,1.59780832230135e-09,7.63922558828101e-09,,,,,,True,False
Solyc01g111640,"Skp1  IPR016897  E3 ubiquitin ligase, SCF complex, Skp subunit",-0.8516818268608983,True,-0.8404084946356565,5.97666173552494e-06,1.26658487137209e-05,,,,,,True,False
Solyc01g111650,"Skp1  IPR016897  E3 ubiquitin ligase, SCF complex, Skp subunit",0.1533975790757773,True,,,,,,,,,False,False
Solyc01g111660,Aquaporin-like protein  IPR012269  Aquaporin,-0.6589262879102162,True,-0.6588045344263461,3.41588717093705e-07,9.20291154146365e-07,4.0,0.9851968523706244,0.9851968523706244,5.13088128547939e-07,Solyc01g111660.2.1_S276;S279;Solyc01g111660.2.1_S276;T282;Solyc01g111660.2.1_S279,True,True
Solyc01g111670,Unknown Protein  IPR009688  Protein of unknown function DUF1279,-0.23181367315740192,True,,,,,,,,,False,False
Solyc01g111680,"Ubiquitin-conjugating enzyme 22  IPR000608  Ubiquitin-conjugating enzyme, E2",-0.18932800474141923,True,,,,4.0,0.797230093032019,-0.797230093032019,7.75076692061322e-06,Solyc01g111680.2.1_S230;Solyc01g111680.2.1_S232;Solyc01g111680.2.1_S661;S666;S672;Solyc01g111680.2.1_S663;S666;S672,False,True
Solyc01g111690,Trafficking protein particle complex subunit 2-like protein  IPR006722  Sedlin,-0.014199895599530197,True,,,,,,,,,False,False
Solyc01g111710,26S proteasome non-ATPase regulatory subunit 3  IPR013143  PCI_PINT associated module,0.003310438147961475,True,,,,,,,,,False,False
Solyc01g111720,Translation initiation factor IF-3  IPR001288  Translation initiation factor 3,-0.11120247763855523,True,,,,,,,,,False,False
Solyc01g111730,Phosphatase 2C family protein  IPR015655  Protein phosphatase 2C,-0.13183267088963027,True,,,,,,,,,False,False
Solyc01g111750,Heat shock protein DnaJ domain protein,-1.0395064769514932,True,-1.0387340246741816,1.814168229083e-12,2.24572802508213e-11,,,,,,True,False
Solyc01g111760,"V-type ATP synthase beta chain  IPR005723  ATPase, V1 complex, subunit B",-0.9802324521134814,True,-0.980007304581723,2.34275609720673e-13,4.00431080614873e-12,1.0,0.7413977825929539,0.7413977825929539,1.79940840252361e-05,Solyc01g111760.2.1_S68,True,True
Solyc01g111770,Os11g0198100 protein (Fragment)  IPR006852  Protein of unknown function DUF616,-0.80220014745959,True,-0.8022205258727929,4.88675870386882e-10,2.70108901492451e-09,,,,,,True,False
Solyc01g111780,Importin beta-2 subunit  IPR011989  Armadillo-like helical,-0.2235020459672132,True,,,,,,,,,False,False
Solyc01g111830,24-sterol C-methyltransferase  IPR013705  Sterol methyltransferase C-terminal,-1.8563228824567428,True,-1.8562721764879602,9.61923519628748e-16,5.51585564029697e-14,,,,,,True,False
Solyc01g111880,Tyrosine-protein kinase transforming protein Src  IPR015783  ATMRK serine_threonine protein kinase-like,-0.4801474159811452,True,,,,,,,,,False,False
Solyc01g111910,"RNA polymerase II-associated protein 1  IPR013930  RNA polymerase II-associated protein 1, N-terminal",-0.009433854923222912,True,,,,1.0,0.8753456690727189,0.8753456690727189,4.20387136794836e-05,Solyc01g111910.2.1_S155,False,True
Solyc01g111940,Coiled-coil domain-containing protein 124  IPR010422  Protein of unknown function DUF1014,0.08002729864748903,True,,,,,,,,,False,False
Solyc01g111970,"Laccase 1a  IPR001117  Multicopper oxidase, type 1",1.9303993439748133,True,1.919333235704466,1.1026723458147e-11,1.00932562405778e-10,,,,,,True,False
Solyc01g111990,"Alanyl-tRNA synthetase  IPR002318  Alanyl-tRNA synthetase, class IIc",0.23752512242368237,True,,,,,,,,,False,False
Solyc01g112000,"Expansin-like protein  IPR007112  Expansin 45, endoglucanase-like  IPR007117  Pollen allergen_expansin, C-terminal",-0.3942682751806219,True,,,,,,,,,False,False
Solyc01g112020,Pentatricopeptide repeat-containing protein  IPR002885  Pentatricopeptide repeat,0.02471520454737429,True,,,,,,,,,False,False
Solyc01g112060,NmrA family protein-binding domain,-2.2782557625863533,True,-2.2790863089061357,5.07405129929584e-12,5.27331995505587e-11,,,,,,True,False
Solyc01g112080,LysM-domain GPI-anchored protein  IPR002482  Peptidoglycan-binding Lysin subgroup,-0.09028183464145022,True,,,,,,,,,False,False
Solyc01g112100,"Dimethylaniline monooxygenase 5  IPR012143  Dimethylaniline monooxygenase, N-oxide-forming",0.7523458643365953,True,0.7517243948227552,1.65599741480005e-09,7.84568498014012e-09,,,,,,True,False
Solyc01g112150,Sec1-1 syntaxin binding protein  IPR001619  Sec1-like protein,-0.3222871184991762,True,,,,3.0,0.8651843620861606,0.8651843620861606,3.58057181388238e-07,Solyc01g112150.2.1_S491;Solyc01g112150.2.1_S493,False,True
Solyc01g112160,Phosphoglycerate mutase family protein  IPR013078  Phosphoglycerate mutase,-0.245520363347496,True,,,,,,,,,False,False
Solyc01g112170,Calcium-dependent protein kinase  IPR011992  EF-Hand type,0.18444787783203756,True,,,,,,,,,False,False
Solyc01g112240,"Alpha-1 3-mannosyl-glycoprotein beta-1 2-N-acetylglucosaminyltransferase  IPR004139  Glycosyl transferase, family 13",-0.06294368708011977,True,,,,,,,,,False,False
Solyc01g112250,Calcium-dependent protein kinase 3  IPR002290  Serine_threonine protein kinase,-0.2813599806353491,True,,,,4.0,1.4418463313414864,1.4418463313414864,2.91457536778242e-09,Solyc01g112250.2.1_S26;Solyc01g112250.2.1_S28;Solyc01g112250.2.1_S522;S526,False,True
Solyc01g112260,Unknown Protein,-2.5389938942154053,True,-2.5358116827037707,1.09923049474291e-14,3.65916128736893e-13,,,,,,True,False
Solyc01g112280,Succinyl-diaminopimelate desuccinylase  IPR010159  N-acyl-L-amino-acid amidohydrolase,-0.38720163928426715,True,,,,,,,,,False,False
Solyc01g112290,"Glutamyl-tRNA synthetase  IPR004527  Glutamyl-tRNA synthetase, class Ic, bacterial_mitochondrial",0.37967395287690014,True,,,,1.0,0.7370386473815299,-0.7370386473815299,1.57453161944634e-06,Solyc01g112290.2.1_S384,False,True
Solyc01g112340,Guanine nucleotide exchange family protein,-0.12791709529010287,True,,,,,,,,,False,False
Solyc01g112350,Sec7 guanine nucleotide exchange factor  IPR000904  SEC7-like,-0.12465996395898306,True,,,,3.0,1.0563107149996842,1.0563107149996842,1.53263940394354e-07,Solyc01g112350.2.1_S1001;Solyc01g112350.2.1_S614,False,True
Solyc01g112370,Chromosome 02 contig 1 DNA sequence,-0.42756018986396066,True,,,,,,,,,False,False
Solyc02g005200,PsaB translation factor (Fragment)  IPR009472  Protein of unknown function DUF1092,0.15117221252351365,True,,,,,,,,,False,False
Solyc02g005210,CPLD51 protein required for cyt b6 assembly,-0.9675562655484273,True,-0.9658165663026387,4.105348613785e-08,1.36048987618646e-07,,,,,,True,False
Solyc02g005350,"Succinyl-CoA ligase  IPR005810  Succinyl-CoA ligase, alpha subunit",0.24349712607004237,True,,,,,,,,,False,False
Solyc02g005480,Zinc finger family protein,-0.9701172552874607,True,-0.9701586289246451,8.74273736033914e-12,8.32855837713765e-11,,,,,,True,False
Solyc02g005510,Pterin-4-alpha-carbinolamine dehydratase  IPR001533  Transcriptional coactivator_pterin dehydratase,0.08946165505356654,True,,,,,,,,,False,False
Solyc02g011820,Hypothetical chloroplast RF1,-0.017763727386270956,True,,,,,,,,,False,False
Solyc02g011990,"Photosystem Q(B) protein  IPR000484  Photosynthetic reaction centre, L_M",-3.248044304404197,True,-3.2441997368051525,4.59133516642686e-14,1.08243466735283e-12,,,,,,True,False
Solyc02g012020,"ATP synthase subunit b, chloroplastic  IPR018118  ATPase, F1_A1 complex, alpha_beta subunit, N-terminal",-0.9363226690481947,True,-0.9345783332412524,1.73019235489896e-10,1.07764188159369e-09,,,,,,True,False
Solyc02g014130,Hepatoma-derived growth factor-related protein 3  IPR006569  Regulation of nuclear pre-mRNA protein,-0.3974182121509577,True,,,,3.0,0.7736980794528672,0.7736980794528672,2.44885555769775e-06,Solyc02g014130.1.1_S527;Solyc02g014130.1.1_S922;Solyc02g014130.1.1_T444,False,True
Solyc02g014150,"Photosystem II stability_assembly factor Ycf48-like protein  IPR016705  Photosystem II stability_assembly factor, HCF136",-0.5342247768839141,True,,,,,,,,,False,False
Solyc02g014170,"Baculoviral IAP repeat-containing 2  IPR018957  Zinc finger, C3HC4 RING-type",-0.16069573687474464,True,,,,,,,,,False,False
Solyc02g014180,Genomic DNA chromosome 5 P1 clone MYJ24,0.113536626041909,True,,,,,,,,,False,False
Solyc02g014190,"Genomic DNA chromosome 5 P1 clone MYJ24  IPR003594  ATP-binding region, ATPase-like",0.7669328549592026,True,0.7699938684125193,2.96466704301115e-09,1.31094331732751e-08,,,,,,True,False
Solyc02g014310,"Polyadenylate-binding protein  IPR012677  Nucleotide-binding, alpha-beta plait",-1.569230894914662,True,-1.5711134723226388,6.050563309856e-14,1.34108246129676e-12,12.0,2.1460064191652366,2.1460064191652366,6.83347026213115e-10,Solyc02g014310.2.1_S175;Solyc02g014310.2.1_S177;Solyc02g014310.2.1_S212;Solyc02g014310.2.1_S213;Solyc02g014310.2.1_S348;Solyc02g014310.2.1_S405;Solyc02g014310.2.1_T354;Solyc02g014310.2.1_T357;Solyc02g014310.2.1_T362,True,True
Solyc02g014350,"26S protease regulatory subunit 8 homolog  IPR003959  ATPase, AAA-type, core",0.4243011432140863,True,,,,1.0,0.9973800523556339,0.9973800523556339,2.5936669649328e-08,Solyc02g014350.2.1_S317,False,True
Solyc02g014380,"Protein odr-4 homolog  IPR002085  Alcohol dehydrogenase superfamily, zinc-containing",0.18676255893214944,True,,,,,,,,,False,False
Solyc02g014520,SET domain containing protein,-0.0708788996191928,True,,,,,,,,,False,False
Solyc02g014720,"Hydrolase  IPR006674  Metal-dependent phosphohydrolase, HD region, subdomain",0.8548610082553282,True,0.8549114759894375,6.45884395733274e-13,9.56770084879557e-12,,,,,,True,False
Solyc02g014870,"Mitosis protein dim1  IPR004123  mRNA splicing factor, thioredoxin-like U5 snRNP",0.0837879566285185,True,,,,,,,,,False,False
Solyc02g020910,"Myosin-like protein  IPR001609  Myosin head, motor region",-0.18177865270816396,True,,,,2.0,1.2659615210591615,-1.2659615210591615,4.6958875445156e-08,Solyc02g020910.2.1_S1077,False,True
Solyc02g020940,Glyceraldehyde-3-phosphate dehydrogenase  IPR000173  Glyceraldehyde 3-phosphate dehydrogenase,-0.8769360270992299,True,-0.8772163888016691,4.62512328998305e-09,1.93723354389111e-08,1.0,0.6306631977934566,0.6306631977934566,0.00208127042601299,Solyc02g020940.2.1_S296,True,True
Solyc02g020960,Photosystem I P700 chlorophyll a apoprotein A1  IPR001280  Photosystem I psaA and psaB,-5.062832901042997,True,-5.082552742247185,4.94000772025141e-14,1.14043606798946e-12,,,,,,True,False
Solyc02g020980,"4-alpha-glucanotransferase  IPR003385  Glycoside hydrolase, family 77",-0.11333373053500524,True,,,,,,,,,False,False
Solyc02g021140,Superoxide dismutase  IPR001189  Manganese_iron superoxide dismutase,-0.09405060042294665,True,,,,,,,,,False,False
Solyc02g021220,"Subtilisin-like protease  IPR015500  Peptidase S8, subtilisin-related",0.5429752292073196,True,,,,,,,,,False,False
Solyc02g021240,"Peptide transporter  IPR000109  TGF-beta receptor, type I_II extracellular region",-0.06896064878981528,True,,,,,,,,,False,False
Solyc02g021340,Ser_Thr-rich protein T10 in DGCR region  IPR008551  Protein of unknown function DUF833,0.15522689974361537,True,,,,,,,,,False,False
Solyc02g021420,Gelsolin  IPR007122  Gelsolin,-0.13213327671310685,True,,,,6.0,0.992617495655081,0.992617495655081,5.65335719888592e-07,Solyc02g021420.2.1_S766;Solyc02g021420.2.1_S771;S775;Solyc02g021420.2.1_S773;S775;Solyc02g021420.2.1_S775;Solyc02g021420.2.1_S871,False,True
Solyc02g021440,CBL-interacting protein kinase 04  IPR002290  Serine_threonine protein kinase,-0.5521161690437653,True,,,,2.0,1.4452769029803783,1.4452769029803783,4.87952161794669e-07,Solyc02g021440.2.1_T178,False,True
Solyc02g021470,"Cullin 4  IPR001373  Cullin, N-terminal",-0.3235104089341975,True,,,,,,,,,False,False
Solyc02g021550,Eukaryotic translation initiation factor 4E,-0.031533252624649795,True,,,,,,,,,False,False
Solyc02g021560,"Heterogeneous nuclear ribonucleoprotein A3-like protein 2  IPR000504  RNA recognition motif, RNP-1",0.01759311492607796,True,,,,,,,,,False,False
Solyc02g021620,Solute carrier family 12 (Potassium_chloride transporters) member 6  IPR004842  Na_K_Cl co-transporter superfamily,-0.48595297576137775,True,,,,2.0,0.9508114717705318,0.9508114717705318,4.75323424486829e-08,Solyc02g021620.2.1_S12;Solyc02g021620.2.1_S125,False,True
Solyc02g021640,Phototropic-responsive NPH3 family protein  IPR004249  NPH3,-0.05986043813233018,True,,,,3.0,1.7205510607162395,1.7205510607162395,5.29899508082791e-10,Solyc02g021640.2.1_S605;Solyc02g021640.2.1_S61,False,True
Solyc02g021650,"DNA damage-binding protein 1  IPR004871  Cleavage and polyadenylation specificity factor, A subunit, C-terminal",0.04995497766807271,True,,,,1.0,1.123113630354655,1.123113630354655,7.39198641274518e-07,Solyc02g021650.2.1_T339,False,True
Solyc02g021680,WRKY transcription factor 37  IPR003657  DNA-binding WRKY,0.9420321040521437,True,0.954057900431902,1.35712688316186e-05,2.70027842792537e-05,1.0,1.0196380443463413,-1.0196380443463413,4.64181770218847e-05,Solyc02g021680.2.1_S139,True,True
Solyc02g022830,"DNA primase_helicase  IPR006154  Toprim domain, subgroup",-0.1285796520543057,True,,,,,,,,,False,False
Solyc02g022850,"FAD-binding domain-containing protein  IPR006094  FAD linked oxidase, N-terminal",-1.1322495839859832,True,-1.1316839661328058,5.18114293981531e-11,3.77149864447817e-10,,,,,,True,False
Solyc02g022910,Fatty acid hydroxylase family protein expressed  IPR006694  Fatty acid hydroxylase,0.3161053135911395,True,,,,,,,,,False,False
Solyc02g022930,3-hydroxyisobutyrate dehydrogenase-like protein  IPR011548  3-hydroxyisobutyrate dehydrogenase,-0.8204504201940496,True,-0.8200997085363659,2.80279964643384e-12,3.20608536132612e-11,,,,,,True,False
Solyc02g023970,GTP-binding protein  IPR004396  Conserved hypothetical protein CHP00092,0.048739265743406826,True,,,,,,,,,False,False
Solyc02g023980,"ATPase BadF_BadG_BcrA_BcrD-type family  IPR002731  ATPase, BadF_BadG_BcrA_BcrD type",-0.39276554892851984,True,,,,,,,,,False,False
Solyc02g023990,Short-chain dehydrogenase_reductase SDR  IPR002347  Glucose_ribitol dehydrogenase,-0.3301983161107328,True,,,,,,,,,False,False
Solyc02g024020,"Arf-GAP with GTPase, ANK repeat and PH domain-containing protein 3  IPR001164  Arf GTPase activating protein",-0.022393310184149733,True,,,,,,,,,False,False
Solyc02g024050,Ferredoxin--NADP reductase  IPR012146  Ferredoxin--NADP reductase,-0.19706512828755507,True,,,,1.0,1.8654414741025567,1.8654414741025567,3.20152548944308e-11,Solyc02g024050.2.1_S145,False,True
Solyc02g030080,"WD-40 repeat protein  IPR017986  WD40 repeat, region",-0.6072597758310994,True,-0.6069723853242959,5.0572807714803e-09,2.09455319184142e-08,1.0,0.7015633066516119,0.7015633066516119,0.000153453427097229,Solyc02g030080.2.1_S367,True,True
Solyc02g030100,Vacuolar protein sorting-associated protein 54,-0.3688439171784398,True,,,,,,,,,False,False
Solyc02g030110,Vacuolar protein sorting 54 family protein  IPR012501  Vps54-like,-0.39596169763355377,True,,,,,,,,,False,False
Solyc02g030170,"FAD linked oxidase domain protein  IPR006094  FAD linked oxidase, N-terminal",-0.990600539888827,True,-0.9909439726491609,5.61129800842357e-12,5.71685033072386e-11,,,,,,True,False
Solyc02g030250,"Coatomer protein epsilon subunit family protein  IPR006822  Coatomer, epsilon subunit",-0.07998719690598022,True,,,,,,,,,False,False
Solyc02g030300,Serine_threonine-protein kinase receptor  IPR002290  Serine_threonine protein kinase,-0.03624323475026439,True,,,,1.0,1.407904873465089,1.407904873465089,1.57023741879323e-06,Solyc02g030300.2.1_S802,False,True
Solyc02g030450,Protein SEY1  IPR008803  Root hair defective 3 GTP-binding,0.4425627925973769,True,,,,,,,,,False,False
Solyc02g031740,phloem lectin,-0.3883582471793277,True,,,,,,,,,False,False
Solyc02g031770,ATP synthase mitochondrial F1 complex assembly factor 1  IPR010591  ATP11,-0.2964065819627158,True,,,,,,,,,False,False
Solyc02g031860,Serine_threonine protein kinase  IPR002290  Serine_threonine protein kinase,-0.19348156352471296,True,,,,1.0,0.714164672703182,-0.714164672703182,5.83632025167293e-06,,False,True
Solyc02g031910,Serine_threonine protein kinase  IPR002290  Serine_threonine protein kinase,-0.25001697856290384,True,,,,5.0,1.617755461171898,1.617755461171898,6.35287644626678e-08,Solyc02g031910.2.1_S482;Solyc02g031910.2.1_S588;Solyc02g031910.2.1_S590;Solyc02g031910.2.1_S819,False,True
Solyc02g031950,Pathogenesis-related protein-like protein,0.42209725485459554,True,,,,,,,,,False,False
Solyc02g031970,"50S ribosomal protein L12-2  IPR015608  Ribosomal protein L12, chloroplast",-0.5361172628438564,True,,,,1.0,0.6386539013190498,0.6386539013190498,1.0651070218757e-06,Solyc02g031970.1.1_S76,False,True
Solyc02g032330,Sterol-4-alpha-carboxylate 3-dehydrogenase decarboxylating  IPR002225  3-beta hydroxysteroid dehydrogenase_isomerase,-0.06042349539698641,True,,,,,,,,,False,False
Solyc02g032450,Unknown Protein,-0.6851490323887661,True,-0.6849358560052692,5.68820830111001e-09,2.31911905414063e-08,1.0,0.8755095130853331,0.8755095130853331,4.67518489081258e-07,Solyc02g032450.2.1_S460,True,True
Solyc02g032460,Unknown Protein,-0.37012254946046025,True,,,,2.0,0.9205867780263752,0.9205867780263752,1.51267005453198e-08,Solyc02g032460.1.1_S117,False,True
Solyc02g032470,Unknown Protein,-0.41174032339596994,True,,,,,,,,,False,False
Solyc02g032480,Unknown Protein,-0.4666434775059973,True,,,,,,,,,False,False
Solyc02g032490,Unknown Protein,-0.6662329164936918,True,-0.6634875240304843,1.21935745496983e-08,4.56899201508088e-08,,,,,,True,False
Solyc02g032510,Kelch-like protein  IPR013089  Kelch related,0.1487248632818857,True,,,,1.0,0.8484963160797772,0.8484963160797772,3.69939876914256e-07,Solyc02g032510.2.1_S56,False,True
Solyc02g032860,Phosphoadenosine phosphosulfate reductase  IPR004508  Thioredoxin-independent 5-adenylylsulphate reductase,1.045518342744949,True,1.0444158079272963,1.16649625675658e-09,5.85091350454431e-09,,,,,,True,False
Solyc02g032920,U3 small nucleolar RNA-associated protein 6 homolog  IPR013949  U3 small nucleolar RNA-associated protein 6,0.6316598211345277,True,0.6314958879379851,5.78610119871885e-05,0.000104420035440026,,,,,,True,False
Solyc02g032930,B-cell receptor-associated protein 31-like containing protein  IPR008417  B-cell receptor-associated 31-like,0.4304878077192534,True,,,,1.0,1.2041109025115255,1.2041109025115255,1.73409279923721e-07,Solyc02g032930.2.1_T121,False,True
Solyc02g032940,Aspartic proteinase  IPR001461  Peptidase A1,-0.2972360301483996,True,,,,,,,,,False,False
Solyc02g032960,"Cell division protease FtsH homolog  IPR003959  ATPase, AAA-type, core",-0.23038787831089888,True,,,,,,,,,False,False
Solyc02g032970,Cell division protease FtsH  IPR000642  Peptidase M41,-0.3105874808173576,True,,,,,,,,,False,False
Solyc02g036260,Uncharacterized membrane protein C2G11.09  IPR003864  Protein of unknown function DUF221,0.054545333651528714,True,,,,,,,,,False,False
Solyc02g036320,Photosystem I P700 chlorophyll a apoprotein  IPR001280  Photosystem I psaA and psaB,-1.4871995944367165,True,-1.4789973762546273,3.11247901367418e-09,1.36678426252649e-08,,,,,,True,False
Solyc02g036330,"26S protease regulatory subunit 6B  IPR003959  ATPase, AAA-type, core",-0.05116109621009984,True,,,,,,,,,False,False
Solyc02g036340,AAA family ATPase,-0.045839984910584004,True,,,,,,,,,False,False
Solyc02g036350,1-aminocyclopropane-1-carboxylate oxidase  IPR005123  Oxoglutarate and iron-dependent oxygenase,-0.11243726605080323,True,,,,,,,,,False,False
Solyc02g036360,At1g62390-like protein (Fragment)  IPR011990  Tetratricopeptide-like helical,0.37428463481251095,True,,,,1.0,1.0387601764417957,1.0387601764417957,1.91906743767561e-06,,False,True
Solyc02g036380,Autophagy protein 5  IPR007239  Autophagy-related  protein 5,0.04350444927211283,True,,,,1.0,1.0951652844254183,1.0951652844254183,3.11295746521514e-05,Solyc02g036380.2.1_S196,False,True
Solyc02g036450,Ras-related protein Rab-5C  IPR015599  Rab5-related,-0.0649333549079718,True,,,,,,,,,False,False
Solyc02g037490,Acyl-CoA synthetase_AMP-acid ligase II  IPR000873  AMP-dependent synthetase and ligase,1.1763252858381694,True,1.1712364071122832,8.80079532168055e-10,4.54510232894562e-09,,,,,,True,False
Solyc02g037510,Amino acid transporter  IPR015606  Cationic amino acid transporter,0.07015445419909731,True,,,,,,,,,False,False
Solyc02g038690,Histone H2B  IPR000558  Histone H2B,0.12846217681884486,True,,,,,,,,,False,False
Solyc02g038750,"WD repeat-containing protein 55  IPR017986  WD40 repeat, region",-0.042408596303129986,True,,,,2.0,0.7979929647317597,0.7979929647317597,3.22904419784149e-05,Solyc02g038750.2.1_S310;S311;S315;Solyc02g038750.2.1_S310;S315,False,True
Solyc02g043830,Insulin-degrading enzyme,-0.2430033164140816,True,,,,1.0,1.0746012699384475,1.0746012699384475,1.28138575085744e-08,Solyc02g043830.2.1_S134,False,True
Solyc02g043860,"Insulin degrading enzyme  IPR011237  Peptidase M16, core",-0.2579711267254756,True,,,,,,,,,False,False
Solyc02g044030,60 kDa chaperonin  IPR001844  Chaperonin Cpn60,-0.1923060531321717,True,,,,1.0,1.7375827562201347,1.7375827562201347,1.77463961293991e-10,Solyc02g044030.1.1_S332,False,True
Solyc02g049070,Genomic DNA chromosome 5 P1 clone MAH20,0.8845113216519707,True,0.8855298042802909,9.32171664471275e-12,8.7766332137931e-11,1.0,1.0197129017671864,-1.0197129017671864,2.93830852877742e-07,Solyc02g049070.2.1_S57,True,True
Solyc02g050240,"Oligopeptidase (Protease II)  IPR002470  Peptidase S9A, prolyl oligopeptidase",-0.15930553718455842,True,,,,1.0,0.6869380323602868,0.6869380323602868,8.33684811538508e-07,Solyc02g050240.2.1_T54,False,True
Solyc02g050260,"Protease II (Oligopeptidase B)  IPR002470  Peptidase S9A, prolyl oligopeptidase",-0.29990499260630055,True,,,,,,,,,False,False
Solyc02g055460,Disulfide-isomerase A3  IPR012335  Thioredoxin fold,-0.4134290991490635,True,,,,,,,,,False,False
Solyc02g061790,Activated RNA polymerase II transcriptional coactivator p15  IPR003173  Transcriptional coactivator p15,0.26645389787256796,True,,,,2.0,0.8558838240621873,0.8558838240621873,7.9189185605273e-07,Solyc02g061790.2.1_S31;Solyc02g061790.2.1_T28;S31,False,True
Solyc02g061960,La related protein-like  IPR006630  RNA-binding protein Lupus La,0.5414606762606938,True,,,,3.0,0.931361680265914,0.931361680265914,1.55752171633519e-06,Solyc02g061960.2.1_S157;Solyc02g061960.2.1_S160;Solyc02g061960.2.1_S533,False,True
Solyc02g061980,La related protein-like  IPR006630  RNA-binding protein Lupus La,-0.2589135877333475,True,,,,,,,,,False,False
Solyc02g062000,"RUN and FYVE domain-containing protein 1  IPR000306  Zinc finger, FYVE-type",0.19531878752160767,True,,,,2.0,0.8632520978944047,0.8632520978944047,1.12161752116105e-06,Solyc02g062000.2.1_S279;Solyc02g062000.2.1_S424,False,True
Solyc02g062020,"Ras-like GTP-binding protein RHO  IPR003578  Ras small GTPase, Rho type",-0.06786573188093327,True,,,,,,,,,False,False
Solyc02g062100,Senescence-associated protein 12  IPR009686  Senescence-associated,-0.44791890262814255,True,,,,,,,,,False,False
Solyc02g062110,UPF0550 protein C7orf28 homolog  IPR019158  Protein of unknown function DUF2049,-0.16766178350994906,True,,,,1.0,1.0195369611049934,1.0195369611049934,1.09862260809129e-07,,False,True
Solyc02g062130,Ferredoxin--NADP reductase  IPR012146  Ferredoxin--NADP reductase,-0.12105941258038926,True,,,,,,,,,False,False
Solyc02g062140,Armadillo_beta-catenin repeat family protein  IPR011989  Armadillo-like helical,-0.8051364391740965,True,-0.8047888942984563,5.72211979443446e-11,4.11141477226624e-10,1.0,0.6831771454239579,0.6831771454239579,3.40247141176823e-07,Solyc02g062140.2.1_S674,True,True
Solyc02g062240,"Small nuclear ribonucleoprotein Sm D3  IPR006649  Like-Sm ribonucleoprotein, eukaryotic and archaea-type, core",0.03272596981608714,True,,,,,,,,,False,False
Solyc02g062250,"Peptidyl-prolyl cis-trans isomerase C  IPR000297  Peptidyl-prolyl cis-trans isomerase, PpiC-type",-1.1476242878023077,True,-1.1461590929766658,7.99128203726188e-11,5.50593137575066e-10,,,,,,True,False
Solyc02g062270,Unknown Protein,-0.4087019983836687,True,,,,,,,,,False,False
Solyc02g062290,"Polyadenylate-binding protein  IPR000504  RNA recognition motif, RNP-1",-0.5636549841280556,True,,,,1.0,0.5867062046171814,0.5867062046171814,6.46647571693179e-05,Solyc02g062290.2.1_S605,False,True
Solyc02g062340,"Fructose-bisphosphate aldolase  IPR000741  Fructose-bisphosphate aldolase, class-I",-1.0181322405843758,True,-1.021817698930687,7.06101506288758e-07,1.78290630337911e-06,1.0,1.3435381120931846,1.3435381120931846,5.36742726371539e-07,Solyc02g062340.2.1_S61,True,True
Solyc02g062350,Heat shock protein DnaJ domain protein,0.9596000619824713,True,0.9580391422151425,1.63105393372959e-10,1.0187496390013e-09,,,,,,True,False
Solyc02g062390,Unknown Protein  IPR000167  Dehydrin,1.7068208036333283,True,1.7037862350672692,9.035801621613e-13,1.25681071694673e-11,,,,,,True,False
Solyc02g062430,"D-lactate dehydrogenase 2 mitochondrial  IPR004113  FAD-linked oxidase, C-terminal",0.1803830435851744,True,,,,,,,,,False,False
Solyc02g062460,2-oxoglutarate-dependent dioxygenase  IPR005123  Oxoglutarate and iron-dependent oxygenase,1.6530014824894803,True,1.6538498102528727,6.43743417533996e-15,2.45351857249251e-13,2.0,0.9599533251610406,-0.9599533251610406,3.68103703399147e-06,Solyc02g062460.2.1_S177;Solyc02g062460.2.1_S254,True,True
Solyc02g062470,2-oxoglutarate-dependent dioxygenase (Fragment),-0.9814109281130003,True,-0.9829903485209605,1.29899037729201e-09,6.39990381007286e-09,,,,,,True,False
Solyc02g062490,2-oxoglutarate-dependent dioxygenase (Fragment)  IPR005123  Oxoglutarate and iron-dependent oxygenase,-0.10115235336272238,True,,,,,,,,,False,False
Solyc02g062500,2-oxoglutarate-dependent dioxygenase  IPR005123  Oxoglutarate and iron-dependent oxygenase,1.8763597224134951,True,1.876346829861985,1.59962884158554e-15,8.12428636800705e-14,1.0,1.0480255063437094,-1.0480255063437094,8.79075622067378e-08,,True,True
Solyc02g062530,Os03g0852500 protein (Fragment),-0.6440264633404102,True,-0.6497891916396643,1.10870691017336e-06,2.70199808544581e-06,,,,,,True,False
Solyc02g062540,Thioredoxin domain containing 9  IPR012335  Thioredoxin fold,-0.4387329379494012,True,,,,,,,,,False,False
Solyc02g062600,"2,3,4,5-tetrahydropyridine-2,6-dicarboxylate N-acetyltransferase  IPR011004  Trimeric LpxA-like",-0.0024911212484404156,True,,,,,,,,,False,False
Solyc02g062610,Hydrolase alpha_beta fold family protein  IPR000073  Alpha_beta hydrolase fold-1,0.6183388958419384,True,0.6179192809409526,1.74621245002229e-06,4.08322448192532e-06,,,,,,True,False
Solyc02g062620,"Nuclear cap-binding protein subunit 2  IPR012677  Nucleotide-binding, alpha-beta plait",-0.3001278942922361,True,,,,3.0,0.813558416771448,0.813558416771448,1.85925472038341e-05,Solyc02g062620.2.1_S227;Solyc02g062620.2.1_S245,False,True
Solyc02g062640,Pantetheine-phosphate adenylyltransferase  IPR004820  Cytidylyltransferase,0.02194730633374744,True,,,,,,,,,False,False
Solyc02g062700,"26S protease regulatory subunit 6A  IPR003959  ATPase, AAA-type, core",0.14037713136277116,True,,,,,,,,,False,False
Solyc02g062810,Signal recognition particle 68,-0.28976770416228476,True,,,,1.0,1.4002221538357058,1.4002221538357058,7.32160284339131e-07,Solyc02g062810.2.1_S519,False,True
Solyc02g062910,Pentatricopeptide repeat-containing protein  IPR002885  Pentatricopeptide repeat,-0.413357489477585,True,,,,,,,,,False,False
Solyc02g062920,"Splicing factor U2AF large subunit  IPR006529  U2 snRNP auxilliary factor, large subunit, splicing factor",-0.25301003119638604,True,,,,3.0,1.5277766385846114,1.5277766385846114,3.94552640036121e-07,Solyc02g062920.2.1_S144;S148;Solyc02g062920.2.1_S17,False,True
Solyc02g062950,"G-box binding factor  IPR012900  G-box binding, MFMR",-0.39770328811431394,True,,,,,,,,,False,False
Solyc02g062970,"Xaa-Pro aminopeptidase 2  IPR001131  Peptidase M24B, X-Pro dipeptidase_aminopeptidase P, conserved site  IPR000994  Peptidase M24, structural domain",0.08141183131027047,True,,,,,,,,,False,False
Solyc02g063040,Unknown Protein,-1.2946363897329476,True,-1.2924102819442551,2.19823458745811e-12,2.62065560189884e-11,,,,,,True,False
Solyc02g063050,Os05g0100900 protein (Fragment),-0.4188302024892327,True,,,,3.0,0.7169821151801893,0.7169821151801893,1.37631215173644e-07,Solyc02g063050.2.1_S260;Solyc02g063050.2.1_S374;Solyc02g063050.2.1_S9,False,True
Solyc02g063070,14-3-3 protein beta_alpha-1  IPR000308  14-3-3 protein,-0.2460770191798796,True,,,,3.0,0.7442947973226958,0.7442947973226958,1.6040045084407e-07,Solyc02g063070.2.1_S237;Solyc02g063070.2.1_T233;Solyc02g063070.2.1_T236,False,True
Solyc02g063090,"T-complex protein 1 subunit zeta  IPR012722  T-complex protein 1, zeta subunit",-0.1940274719478234,True,,,,,,,,,False,False
Solyc02g063130,UV excision repair protein RAD23  IPR004806  UV excision repair protein Rad23,-0.30597561602658613,True,,,,,,,,,False,False
Solyc02g063150,"Ribulose bisphosphate carboxylase small chain  IPR000894  Ribulose bisphosphate carboxylase, small chain",-0.4506677958112792,True,,,,,,,,,False,False
Solyc02g063160,Lipase-like protein  IPR000073  Alpha_beta hydrolase fold-1,0.3496995215158663,True,,,,,,,,,False,False
Solyc02g063220,Mannose-6-phosphate isomerase 2,-0.34621496215176106,True,,,,,,,,,False,False
Solyc02g063270,Multidrug and toxin extrusion protein 1  IPR015521  MATE family transporter related protein,0.011350838157970698,True,,,,,,,,,False,False
Solyc02g063280,Unknown Protein,-0.9347246749543642,True,-0.9441086230875739,2.88558930167303e-08,9.91001457236085e-08,2.0,0.8330417436487382,0.8330417436487382,0.000102752071887367,Solyc02g063280.2.1_S205,True,True
Solyc02g063290,"Histone chaperone asf1  IPR006818  Histone chaperone,  ASF1-like",0.37554282625401947,True,,,,,,,,,False,False
Solyc02g063300,Unknown Protein,-0.7134128722428753,True,-0.7131468559314629,7.90534773510354e-09,3.12585510654634e-08,,,,,,True,False
Solyc02g063360,C2 domain-containing protein  IPR018029  C2 membrane targeting protein,0.7265930624587459,True,0.7271932743275186,4.09065436427344e-10,2.29966704551944e-09,,,,,,True,False
Solyc02g063490,"Malate dehydrogenase  IPR010097  Malate dehydrogenase, NAD-dependent, eukaryotes and gamma proteobacteria",1.3432473410317043,True,1.3430602820659598,2.85684117629178e-14,7.46811893378865e-13,,,,,,True,False
Solyc02g064550,C1orf93 homolog  IPR012335  Thioredoxin fold,0.18549028766159323,True,,,,,,,,,False,False
Solyc02g064630,Histone-like protein (Fragment)  IPR005818  Histone H1_H5,-0.07419039795852048,True,,,,,,,,,False,False
Solyc02g064640,ADP-RIBOSYLATION FACTOR-like protein  IPR006688  ADP-ribosylation factor,-0.5483413206893653,True,,,,,,,,,False,False
Solyc02g064670,"Ribosomal protein L26-like 1  IPR005756  Ribosomal protein L26, eukaryotic_archaeal",-0.41181777281186405,True,,,,,,,,,False,False
Solyc02g064680,"Calcium-transporting ATPase 1  IPR006408  ATPase, P-type, calcium-transporting, PMCA-type",-0.2054049267044543,True,,,,1.0,1.9568588723938551,1.9568588723938551,4.45661890220427e-11,Solyc02g064680.2.1_S27,False,True
Solyc02g064700,Protein serine_threonine kinase  IPR002290  Serine_threonine protein kinase,-0.09929011882846943,True,,,,,,,,,False,False
Solyc02g064730,Expressed protein having alternate splicing products  IPR015023  Protein of unknown function DUF1909,-0.06432718910656318,True,,,,,,,,,False,False
Solyc02g064750,"Prolyl 4-hydroxylase alpha subunit-like protein  IPR006620  Prolyl 4-hydroxylase, alpha subunit",-0.3001671143644583,True,,,,,,,,,False,False
Solyc02g064940,"LRR receptor-like serine_threonine-protein kinase, RLP",-0.07435908366758172,True,,,,,,,,,False,False
Solyc02g064950,"CBS domain-containing protein-like  IPR000644  Cystathionine beta-synthase, core",1.2460405103840888,True,1.2448780125185532,8.49244102813385e-13,1.20001297071627e-11,,,,,,True,False
Solyc02g064970,"Peroxidase  IPR002016  Haem peroxidase, plant_fungal_bacterial",-0.8597222877836374,True,-0.8518061368827168,1.23318515106919e-07,3.65108248591038e-07,,,,,,True,False
Solyc02g064990,"Remorin  IPR005516  Remorin, C-terminal region",-0.47474041271232026,True,,,,11.0,0.9330501867795482,0.9330501867795482,1.6504494861632e-07,Solyc02g064990.2.1_S203;Solyc02g064990.2.1_S231;S234;Solyc02g064990.2.1_S234;Solyc02g064990.2.1_S327;Solyc02g064990.2.1_S344;Solyc02g064990.2.1_S36;Solyc02g064990.2.1_S36;T43;Solyc02g064990.2.1_S60;Solyc02g064990.2.1_T15;T19,False,True
Solyc02g065000,Calmodulin-like protein  IPR011992  EF-Hand type,-0.26798172944870874,True,,,,,,,,,False,False
Solyc02g065060,Short-chain dehydrogenase_reductase family protein  IPR002347  Glucose_ribitol dehydrogenase,-0.8524564790824936,True,-0.8530786599911537,2.57845283738358e-09,1.16036905410963e-08,,,,,,True,False
Solyc02g065080,"2,3-bisphosphoglycerate-dependent phosphoglycerate mutase  IPR013078  Phosphoglycerate mutase",0.22839897793854763,True,,,,,,,,,False,False
Solyc02g065090,Patatin-like protein 3  IPR002641  Patatin,-0.06793540255405733,True,,,,,,,,,False,False
Solyc02g065170,"Laccase-22  IPR001117  Multicopper oxidase, type 1",-0.5765542001540466,True,,,,,,,,,False,False
Solyc02g065180,Genomic DNA chromosome 5 P1 clone MUD21  IPR012445  Protein of unknown function DUF1649,0.1707076961161571,True,,,,,,,,,False,False
Solyc02g065240,Hydrolase alpha_beta fold family protein  IPR000073  Alpha_beta hydrolase fold-1,2.601932826230195,True,2.601169908969071,2.24050027010038e-14,6.28188214531614e-13,1.0,1.5373171883069954,-1.5373171883069954,4.81851011512082e-08,Solyc02g065240.2.1_S184,True,True
Solyc02g065280,Methyl jasmonate esterase  IPR000073  Alpha_beta hydrolase fold-1,2.5046301843140335,True,2.5044158998970922,1.54059146446429e-13,2.86894198347351e-12,,,,,,True,False
Solyc02g065300,"Leucyl-tRNA synthetase  IPR004493  Leucyl-tRNA synthetase, class Ia, archaeal_eukaryotic cytosolic",-0.2545583556282376,True,,,,2.0,0.7559800037129663,0.7559800037129663,1.24460520763989e-05,Solyc02g065300.1.1_S1070;Solyc02g065300.1.1_S110,False,True
Solyc02g065370,Unknown Protein,-0.6635243033787469,True,-0.6610736483742363,7.84314401272821e-08,2.4154492025339e-07,2.0,1.6939338820317198,1.6939338820317198,2.97961149894283e-09,Solyc02g065370.2.1_S102;S104;Solyc02g065370.2.1_S8,True,True
Solyc02g065400,Oxygen-evolving enhancer protein 1 of photosystem II  IPR002628  Photosystem II manganese-stabilizing protein PsbO,-2.600888153799997,True,-2.6001994656083682,1.01117409888333e-13,2.03563265366048e-12,,,,,,True,False
Solyc02g065470,Pathogenesis-related protein  IPR001283  Allergen V5_Tpx-1 related,-0.2281192637596831,True,,,,,,,,,False,False
Solyc02g065630,Myosin-like protein,-0.4574843854787198,True,,,,,,,,,False,False
Solyc02g065660,WPP domain-interacting tail-anchored protein 1,-0.2657402487944272,True,,,,2.0,0.7549791982690048,0.7549791982690048,3.40401805112483e-06,Solyc02g065660.2.1_S549,False,True
Solyc02g065690,"Biogenesis of lysosome-related organelles complex-1 subunit 2  IPR019269  Biogenesis of lysosome-related organelles complex-1, subunit 2",0.034887205340114066,True,,,,,,,,,False,False
Solyc02g065720,"RING finger protein 13  IPR018957  Zinc finger, C3HC4 RING-type",-0.17293961361436133,True,,,,5.0,1.671483346257725,1.671483346257725,7.29158558419416e-10,Solyc02g065720.2.1_S101;Solyc02g065720.2.1_S107;S110;Solyc02g065720.2.1_S120;Solyc02g065720.2.1_S126,False,True
Solyc02g065770,COBRA-like protein 4  IPR017391  COBRA-like,-0.8919388281741367,True,-0.8920916884228459,1.28741229759596e-09,6.35342615271125e-09,,,,,,True,False
Solyc02g065780,Unknown Protein,-0.4957108044426933,True,,,,,,,,,False,False
Solyc02g066830,"Ras GTPase-activating protein-binding protein 2  IPR018222  Nuclear transport factor 2, Eukaryote",-0.20143263088148805,True,,,,,,,,,False,False
Solyc02g066910,Organic anion transporter  IPR004853  Protein of unknown function DUF250,0.7229397771935759,True,0.7215528749254152,9.13086428625995e-08,2.77074502479612e-07,1.0,0.8126955028639196,-0.8126955028639196,4.0964859790821e-05,Solyc02g066910.2.1_S330,True,True
Solyc02g066930,"RNA-binding protein  IPR015465  RNA recognition motif, glycine rich protein",0.17968807312647,True,,,,3.0,0.9631387642932675,0.9631387642932675,4.93782168929888e-06,Solyc02g066930.2.1_S200;Solyc02g066930.2.1_S201,False,True
Solyc02g066950,"Alpha amylase 2 (IC)  IPR006589  Glycosyl hydrolase, family 13, subfamily, catalytic region",-0.6708851314358553,True,-0.6706792492976293,1.00749507791284e-10,6.68754014375609e-10,,,,,,True,False
Solyc02g067030,5_apos-AMP-activated protein kinase catalytic subunit alpha-2  IPR002290  Serine_threonine protein kinase,-0.013766809142178633,True,,,,3.0,1.5307136938517554,1.5307136938517554,1.26386754182468e-08,Solyc02g067030.2.1_S365;Solyc02g067030.2.1_T175,False,True
Solyc02g067070,"Unknown Protein  IPR003604  Zinc finger, U1-type",0.33645025012916635,True,,,,,,,,,False,False
Solyc02g067080,"UDP-D-glucose dehydrogenase  IPR014028  UDP-glucose_GDP-mannose dehydrogenase, dimerisation and substrate-binding",-1.2704349201997338,True,-1.2702080589871068,1.91510097317802e-14,5.56255472209355e-13,1.0,0.682423489602922,-0.682423489602922,1.06715986717913e-07,,True,True
Solyc02g067090,Unknown Protein,-0.7384826202346639,True,-0.7392821776190052,1.4586952266028e-11,1.28238211414893e-10,,,,,,True,False
Solyc02g067180,"Cystathionine gamma synthase  IPR000277  Cys_Met metabolism, pyridoxal phosphate-dependent enzyme",-0.6538020795502142,True,-0.6538360985518372,3.11948414654451e-09,1.36918395528334e-08,,,,,,True,False
Solyc02g067210,"Nucleic acid binding protein  IPR018111  K Homology, type 1, subgroup",-0.24800036603482858,True,,,,2.0,1.3098124187272426,1.3098124187272426,4.8156527163123e-06,Solyc02g067210.2.1_S68;Solyc02g067210.2.1_S75,False,True
Solyc02g067250,Structural constituent of ribosome  IPR008195  Ribosomal protein L34e,0.04697761926731133,True,,,,,,,,,False,False
Solyc02g067360,"Protease Do-like (S2 serine-type protease)  IPR001254  Peptidase S1 and S6, chymotrypsin_Hap",-1.8522453727164168,True,-1.8514103174830374,6.70210969753729e-13,9.86230976683964e-12,,,,,,True,False
Solyc02g067370,Nucleosome assembly protein family,-0.4336328672383368,True,,,,,,,,,False,False
Solyc02g067390,RNA recognition motif containing protein  IPR001395  Aldo_keto reductase,0.3316933072784562,True,,,,,,,,,False,False
Solyc02g067420,"Ubiquitin-conjugating enzyme E2 2  IPR000608  Ubiquitin-conjugating enzyme, E2",-0.5404110800482496,True,,,,,,,,,False,False
Solyc02g067460,"Porin_voltage-dependent anion-selective channel protein  IPR001925  Porin, eukaryotic type",-0.08337637673554944,True,,,,1.0,2.0404883797648328,2.0404883797648328,6.45008160246935e-12,Solyc02g067460.2.1_S35,False,True
Solyc02g067470,SPFH domain _ Band 7 family protein  IPR001107  Band 7 protein,-0.9915444150846832,True,-0.9901991184236677,1.26039726505103e-12,1.66950981993645e-11,,,,,,True,False
Solyc02g067490,At1g59710-like protein (Fragment)  IPR007679  Protein of unknown function DUF569,1.3859067019498128,True,1.3777219220055896,8.76790651428882e-10,4.5334004129726e-09,,,,,,True,False
Solyc02g067530,"Prolyl 4-hydroxylase alpha subunit-like protein  IPR006620  Prolyl 4-hydroxylase, alpha subunit",0.0464890175744939,True,,,,,,,,,False,False
Solyc02g067540,Methyltransferase  IPR016065  Protein of unknown function methylase putative,0.7832487521481991,True,0.7853155146123548,1.0812669079634e-08,4.12105500770956e-08,1.0,0.7342481474230521,-0.7342481474230521,1.38135310139887e-05,Solyc02g067540.2.1_S81,True,True
Solyc02g067570,Paired amphipathic helix protein SIN3  IPR013194  Histone deacetylase interacting,-0.39520691712284767,True,,,,,,,,,False,False
Solyc02g067580,B12D-like protein  IPR010530  B12D,0.7394977633949298,True,0.7411875783666231,8.93322492738101e-10,4.60548162149434e-09,,,,,,True,False
Solyc02g067620,Zinc transporter like 1  IPR002524  Cation efflux protein,-0.27031371251176195,True,,,,,,,,,False,False
Solyc02g067670,Flap structure-specific endonuclease  IPR001044  Xeroderma pigmentosum group G protein,-0.49664325157661005,True,,,,,,,,,False,False
Solyc02g067690,Glucosyltransferase-like protein  IPR002213  UDP-glucuronosyl_UDP-glucosyltransferase,-1.2835700118455042,True,-1.2834291211508422,2.70355665494155e-13,4.52527524465546e-12,,,,,,True,False
Solyc02g067740,Genomic DNA chromosome 3 TAC clone K24A2,0.20963607485443014,True,,,,,,,,,False,False
Solyc02g067750,Carbonic anhydrase  IPR001765  Carbonic anhydrase,3.121831500476911,True,3.115982339368049,4.09568651551654e-15,1.72523515402421e-13,,,,,,True,False
Solyc02g067820,"GPI transamidase component GAA1  IPR017063  Glycosylphosphatidylinositol:protein transamidase complex, GAA1 component",-0.08568244474292726,True,,,,,,,,,False,False
Solyc02g067840,Sucrase_ferredoxin domain protein  IPR009737  Sucraseferredoxin-like,1.5732538244818761,True,1.5741902712635039,1.6621473538433e-15,8.34642128867756e-14,,,,,,True,False
Solyc02g067860,"Aldose 1-epimerase family protein  IPR014718  Glycoside hydrolase-type carbohydrate-binding, subgroup",0.2525316221988586,True,,,,,,,,,False,False
Solyc02g067890,"Dehydration-responsive protein-like  IPR004159  Protein of unknown function DUF248, methyltransferase putative",-1.1359947272172937,True,-1.1370875490325034,6.46002380382898e-12,6.4368488305417e-11,,,,,,True,False
Solyc02g067980,"Serine_threonine-protein phosphatase 2A regulatory subunit delta 1 isoform  IPR002554  Protein phosphatase 2A, regulatory B subunit, B56",-0.16518181872485238,True,,,,,,,,,False,False
Solyc02g068050,SET domain-containing protein  IPR001214  SET,0.3702336757309633,True,,,,,,,,,False,False
Solyc02g068080,Voltage-gated chloride channel  IPR002251  Chloride channel plant CLC,-0.10953586694823308,True,,,,2.0,0.9696727000789991,0.9696727000789991,1.82837973821421e-06,Solyc02g068080.2.1_T41;S43,False,True
Solyc02g068090,"30S ribosomal protein S21, chloroplastic (Fragment)  IPR001911  Ribosomal protein S21",-0.8441725705832637,True,-0.8365157020928097,1.24090571726021e-07,3.66905190120053e-07,,,,,,True,False
Solyc02g068100,SWI_SNF related matrix associated actin dependent regulator of chromatin subfamily d member 1  IPR019835  SWIB domain,-0.2535915657218919,True,,,,,,,,,False,False
Solyc02g068110,"Enhancer of yellow 2 transcription factor homolog  IPR018783  Transcription factor, enhancer of yellow 2",-0.11572950680353322,True,,,,,,,,,False,False
Solyc02g068130,Mitochondrial import receptor subunit TOM20  IPR010547  Plant specific mitochondrial import receptor subunit TOM20,0.06921053697188231,True,,,,,,,,,False,False
Solyc02g068140,Nodulin-like protein  IPR010658  Nodulin-like,-0.9138429492894699,True,-0.9128578504724868,3.91867245799634e-10,2.20997213240301e-09,,,,,,True,False
Solyc02g068150,"Nuclear transport factor 2  IPR018222  Nuclear transport factor 2, Eukaryote",-0.11776157709300542,True,,,,,,,,,False,False
Solyc02g068180,Cobalt import ATP-binding protein CbiO 2  IPR003439  ABC transporter-like,0.20601941055539624,True,,,,,,,,,False,False
Solyc02g068190,"ATP-dependent RNA helicase  IPR011545  DNA_RNA helicase, DEAD_DEAH box type, N-terminal",-0.5043865272849423,True,,,,,,,,,False,False
Solyc02g068200,"TCP family transcription factor  IPR005333  Transcription factor, TCP",0.22501743930180218,True,,,,1.0,0.793888297941904,0.793888297941904,1.65010052872063e-05,Solyc02g068200.1.1_S270,False,True
Solyc02g068240,Diacylglycerol acyltransferase family  IPR007130  Diacylglycerol acyltransferase,-0.412244792581304,True,,,,,,,,,False,False
Solyc02g068270,Unknown Protein,-0.6851473143645379,True,-0.6852156257834218,3.10242539181423e-08,1.05851657898061e-07,,,,,,True,False
Solyc02g068280,"Subtilisin-like serine protease  IPR015500  Peptidase S8, subtilisin-related",-0.22163375853406445,True,,,,,,,,,False,False
Solyc02g068290,Unknown Protein,-0.07820316597307957,True,,,,,,,,,False,False
Solyc02g068300,Receptor-like kinase  IPR002290  Serine_threonine protein kinase,-0.7298700205677258,True,-0.7285019651239828,1.91185192274188e-09,8.91528850437032e-09,2.0,0.993001411533268,-0.993001411533268,6.03023666304371e-06,Solyc02g068300.2.1_S325;Solyc02g068300.2.1_S333,True,True
Solyc02g068310,2-oxoglutarate-dependent dioxygenase  IPR005123  Oxoglutarate and iron-dependent oxygenase,1.3140932366576414,True,1.315794955671106,2.76922755209398e-12,3.17176475296537e-11,,,,,,True,False
Solyc02g068320,2-oxoglutarate-dependent dioxygenase  IPR005123  Oxoglutarate and iron-dependent oxygenase,-0.6098764642298526,True,-0.6089105576986321,7.2730051833357e-08,2.2554944197309e-07,,,,,,True,False
Solyc02g068350,"Uroporphyrinogen-III synthase  IPR003754  Tetrapyrrole biosynthesis, uroporphyrinogen III synthase",-0.542525622234236,True,,,,,,,,,False,False
Solyc02g068380,"N-carbamoyl-L-amino-acid amidohydrolase  IPR010158  Amidase, hydantoinase_carbamoylase",1.8754162713266744,True,1.876071781413032,2.90071876222429e-17,4.60385506404455e-15,,,,,,True,False
Solyc02g068420,Glioma tumor suppressor candidate region gene 2  IPR011211  Tumor suppressor protein Gltscr2,-0.3331508749878258,True,,,,,,,,,False,False
Solyc02g068430,Choline-phosphate cytidylyltransferase B  IPR004820  Cytidylyltransferase,-0.763685765184507,True,-0.7613363179375814,2.87082845637545e-08,9.86313232325667e-08,,,,,,True,False
Solyc02g068450,"Vacuolar ATPase F subunit  IPR005772  ATPase, V1 complex, subunit F, eukaryotic",-0.9978067997223471,True,-0.9978956731707219,2.32654173810047e-11,1.89188499251939e-10,3.0,0.8369227143397359,0.8369227143397359,3.09845282521697e-06,Solyc02g068450.2.1_S105;S108,True,True
Solyc02g068480,"Ubiquitin carboxyl-terminal hydrolase family protein  IPR001394  Peptidase C19, ubiquitin carboxyl-terminal hydrolase 2",-0.021224653895132714,True,,,,1.0,0.9612720588747528,0.9612720588747528,1.30440326984326e-05,Solyc02g068480.2.1_S78;S79,False,True
Solyc02g068500,"Thioredoxin o  IPR015467  Thioredoxin, core",0.06126229408492519,True,,,,,,,,,False,False
Solyc02g068530,UDP-N-acetylglucosamine pyrophosphorylase  IPR002618  UTP--glucose-1-phosphate uridylyltransferase,-1.1755519884208803,True,-1.176093351417853,1.37470482735609e-12,1.78631235461125e-11,5.0,1.6659452066295064,1.6659452066295064,7.83758857346095e-09,Solyc02g068530.2.1_S12;Solyc02g068530.2.1_S5;Solyc02g068530.2.1_T8,True,True
Solyc02g068580,Histone acetyltransferase type B catalytic subunit  IPR000182  GCN5-related N-acetyltransferase,-0.4146848357755761,True,,,,,,,,,False,False
Solyc02g068590,Potassium transporter  IPR003855  K+ potassium transporter,-0.08015958075866746,True,,,,1.0,0.5970638044671394,0.5970638044671394,0.000118424098886608,Solyc02g068590.2.1_S718,False,True
Solyc02g068640,Pyrroline-5-carboxylate reductase  IPR000304  Delta 1-pyrroline-5-carboxylate reductase,-0.12198381409503835,True,,,,,,,,,False,False
Solyc02g068650,tRNA guanine-N7 methyltransferase methyltransferase,-0.2788433036684185,True,,,,,,,,,False,False
Solyc02g068690,Exostosin family protein-like protein  IPR004263  Exostosin-like,-0.5830430149079828,True,,,,2.0,0.8060814845416016,-0.8060814845416016,1.28552802373763e-08,Solyc02g068690.2.1_S21;Solyc02g068690.2.1_S9;S21,False,True
Solyc02g068700,Histidine triad (HIT) protein protein,-0.19129146981987438,True,,,,,,,,,False,False
Solyc02g068710,ParB domain protein nuclease  IPR016692  Sulfiredoxin,-0.6904998971042471,True,-0.6902137918475377,1.96698017680513e-07,5.57123002276738e-07,,,,,,True,False
Solyc02g068720,Nck-associated protein 1  IPR019137  Nck-associated protein 1,-0.4832247224709046,True,,,,1.0,0.8533785805584889,-0.8533785805584889,1.50528202854902e-06,Solyc02g068720.2.1_S1344,False,True
Solyc02g068730,chaperonin  IPR001844  Chaperonin Cpn60,0.5039464478350045,True,,,,,,,,,False,False
Solyc02g068740,"Glycine cleavage system H protein 1  IPR017453  Glycine cleavage H-protein, subgroup",-0.369570056794835,True,,,,,,,,,False,False
Solyc02g068750,"O-sialoglycoprotein endopeptidase  IPR009180  Peptidase M22, O-sialoglycoprotein endopeptidase",-0.49822278826860816,True,,,,,,,,,False,False
Solyc02g068770,"50S ribosomal protein L30  IPR005996  Ribosomal protein L30, bacterial-type",-0.2831529093434627,True,,,,,,,,,False,False
Solyc02g068790,"Lactosylceramide 4-alpha-galactosyltransferase  IPR007652  Alpha 1,4-glycosyltransferase conserved region",-0.06164055232538947,True,,,,,,,,,False,False
Solyc02g068900,"Glutathione transferase  IPR016639  Glutathione S-transferase, predicted",0.14384653029580707,True,,,,,,,,,False,False
Solyc02g068910,"Peptidase trypsin-like serine and cysteine proteases (Fragment)  IPR009003  Peptidase, trypsin-like serine and cysteine",-0.3523590361885278,True,,,,,,,,,False,False
Solyc02g068930,"Cytochrome c6  IPR003088  Cytochrome c, class I",-0.9035931881458411,True,-0.9018507855020531,4.18835961067688e-09,1.76846271827535e-08,,,,,,True,False
Solyc02g069010,Inositol monophosphatase family protein  IPR000760  Inositol monophosphatase,0.3267334563991892,True,,,,,,,,,False,False
Solyc02g069080,Unknown Protein,-0.19353805539233884,True,,,,,,,,,False,False
Solyc02g069090,"Cathepsin B  IPR015643  Peptidase C1A, cathepsin B",0.42739432237129404,True,,,,,,,,,False,False
Solyc02g069100,"Cathepsin B  IPR015643  Peptidase C1A, cathepsin B",1.157658939425916,True,1.1574950187662132,5.54838975554513e-14,1.24530525624457e-12,,,,,,True,False
Solyc02g069110,"Cathepsin B  IPR015643  Peptidase C1A, cathepsin B",0.8881528532857943,True,0.8759341615121081,1.2813518631431e-07,3.77983915022102e-07,,,,,,True,False
Solyc02g069120,"Zinc-finger protein ZPR1  IPR004457  Zinc finger, ZPR1-type",0.63294767361982,True,0.6323126230658696,1.98030098208076e-11,1.65111774190748e-10,,,,,,True,False
Solyc02g069130,"Peptidyl-prolyl cis-trans isomerase  IPR001179  Peptidyl-prolyl cis-trans isomerase, FKBP-type",-0.37211793532454496,True,,,,,,,,,False,False
Solyc02g069150,Vesicle-associated membrane protein 7B  IPR001388  Synaptobrevin,-0.3979044092316099,True,,,,,,,,,False,False
Solyc02g069160,"RNA-binding protein  IPR012677  Nucleotide-binding, alpha-beta plait",-0.13381222316418248,True,,,,,,,,,False,False
Solyc02g069260,ARGONAUTE 1  IPR003165  Stem cell self-renewal protein Piwi,-0.30317007434643467,True,,,,,,,,,False,False
Solyc02g069340,"RNA 3_apos-terminal phosphate cyclase-like protein  IPR016443  RNA 3-terminal phosphate cyclase-like, eukaryotic",-0.8916241482053732,True,-0.9035846029963293,2.34393907940379e-05,4.50539155227961e-05,,,,,,True,False
Solyc02g069370,Ras-related protein Rab-5C  IPR015599  Rab5-related,0.24218899737049632,True,,,,,,,,,False,False
Solyc02g069380,"Cation cation antiporter  IPR019150  Vesicle transport protein, Use1",-0.1413596593297041,True,,,,3.0,1.0778325783797378,1.0778325783797378,1.16536243115179e-06,Solyc02g069380.2.1_S175;Solyc02g069380.2.1_T93,False,True
Solyc02g069410,HAD-superfamily hydrolase subfamily IA variant 3 containing protein expressed,0.0701018949528743,True,,,,,,,,,False,False
Solyc02g069450,"Photosystem I reaction center subunit III  IPR003666  Photosystem I reaction centre protein PsaF, subunit III",-3.4172981109654867,True,-3.4126130822592806,1.07875398442519e-13,2.15459896934183e-12,,,,,,True,False
Solyc02g069460,"Photosystem I reaction center subunit III  IPR003666  Photosystem I reaction centre protein PsaF, subunit III",-2.868904641875455,True,-2.867338708505287,3.79929217239205e-13,6.05513120137407e-12,,,,,,True,False
Solyc02g069580,UDP-glucose 4-epimerase  IPR005886  UDP-glucose 4-epimerase,-0.6524622585411085,True,-0.650695416417566,7.51976577825243e-10,3.95477386018388e-09,4.0,1.4099074686332609,1.4099074686332609,1.64518755881898e-10,Solyc02g069580.2.1_S18,True,True
Solyc02g069590,"Coatomer protein epsilon subunit family protein  IPR006822  Coatomer, epsilon subunit",-0.6035190070413292,True,-0.6048884031034715,3.18508511061519e-08,1.08339213406612e-07,,,,,,True,False
Solyc02g069620,Ribose 5-phosphate isomerase-like  IPR004788  Ribose 5-phosphate isomerase,-0.8067387255411733,True,-0.8097235114857998,1.00468298543239e-07,3.02186882386568e-07,,,,,,True,False
Solyc02g069640,Gamma-soluble NSF attachment protein  IPR000744  NSF attachment protein,0.30988331621513526,True,,,,,,,,,False,False
Solyc02g069650,Vacuolar sorting-associated protein  IPR012501  Vps54-like,-0.237779658121994,True,,,,,,,,,False,False
Solyc02g069670,"Alpha-glucosidase 1  IPR000322  Glycoside hydrolase, family 31",-0.7735478693533463,True,-0.7739987792852195,4.8542282240838e-09,2.02270888212174e-08,,,,,,True,False
Solyc02g069690,"FAD-binding domain-containing protein  IPR006094  FAD linked oxidase, N-terminal",-0.4518668537977753,True,,,,,,,,,False,False
Solyc02g069720,"Zinc finger protein LSD1  IPR005735  Zinc finger, LSD1-type",0.016708935457160894,True,,,,,,,,,False,False
Solyc02g069750,Choline_ethanolamine kinase  IPR002573  Choline_ethanolamine kinase,-0.6463511729089418,True,-0.6467550997041178,1.48601069255709e-09,7.17417872647881e-09,,,,,,True,False
Solyc02g069770,"Guanine nucleotide-binding protein subunit beta-like protein  IPR020472  G-protein beta WD-40 repeat, region",-0.8478936686466443,True,-0.8468633283013325,1.20005470140942e-11,1.08726668563985e-10,,,,,,True,False
Solyc02g069780,Serine_threonine-protein phosphatase 6 regulatory subunit 3  IPR007587  SIT4 phosphatase-associated protein,0.09956170341923953,True,,,,,,,,,False,False
Solyc02g069790,"Splicing factor 45  IPR016967  Splicing factor, SPF45",-0.19147601169208553,True,,,,,,,,,False,False
Solyc02g069800,CXE carboxylesterase  IPR013094  Alpha_beta hydrolase fold-3,1.2923963162662235,True,1.2929407158488795,1.45778458262665e-13,2.76801977394472e-12,,,,,,True,False
Solyc02g069820,UPF0459 protein C19orf50 homolog  IPR019371  Domain of unknown function KxDL,-0.18506157899861453,True,,,,,,,,,False,False
Solyc02g069840,"50S ribosomal protein L20  IPR005812  Ribosomal protein L20, bacterial-type",-0.5015647307625793,True,,,,,,,,,False,False
Solyc02g069850,40S ribosomal protein S25-1  IPR004977  Ribosomal protein S25,-0.5640816307884821,True,,,,1.0,1.0552464018963055,1.0552464018963055,2.61396556712678e-07,Solyc02g069850.2.1_S75,False,True
Solyc02g069940,WPP domain-associated protein (Fragment),0.18067533340454708,True,,,,,,,,,False,False
Solyc02g069950,Ribosomal RNA assembly protein mis3,-0.7121586403650736,True,-0.7107179502483564,1.22230423464568e-07,3.62007332140316e-07,,,,,,True,False
Solyc02g070000,"Receptor like kinase, RLK",-0.37082687021642724,True,,,,3.0,2.145738464559236,-2.145738464559236,1.18666048224395e-09,Solyc02g070000.2.1_S672;Solyc02g070000.2.1_T643,False,True
Solyc02g070020,UDP-glucosyltransferase  IPR002213  UDP-glucuronosyl_UDP-glucosyltransferase,2.8322775063905894,True,2.832418848714766,1.33551933179866e-19,2.82958665073151e-16,1.0,1.509954923433817,-1.509954923433817,1.78830842959029e-09,Solyc02g070020.1.1_S446,True,True
Solyc02g070030,Methyltransferase type 12  IPR013217  Methyltransferase type 12,-0.4680932503044175,True,,,,,,,,,False,False
Solyc02g070100,"ATP-dependent RNA helicase  IPR011545  DNA_RNA helicase, DEAD_DEAH box type, N-terminal",-0.3732407088939075,True,,,,,,,,,False,False
Solyc02g070240,mRNA 3_apos-end-processing protein YTH1  IPR007275  YT521-B-like protein,-0.425599284179142,True,,,,,,,,,False,False
Solyc02g070250,"Glycolipid transfer protein domain-containing protein 1  IPR014830  Glycolipid transfer protein, GLTP",0.4721983891997637,True,,,,,,,,,False,False
Solyc02g070260,Protein phosphatase 1 regulatory subunit 7  IPR001611  Leucine-rich repeat,-2.184806559023858,True,-2.1846862333756376,6.99049426235845e-19,6.90350144487132e-16,10.0,1.406872716827714,-1.406872716827714,2.34673057924851e-09,Solyc02g070260.2.1_S12;Solyc02g070260.2.1_S185;Solyc02g070260.2.1_S204;Solyc02g070260.2.1_S225;Solyc02g070260.2.1_S245;Solyc02g070260.2.1_S251;Solyc02g070260.2.1_S268;Solyc02g070260.2.1_S48;Solyc02g070260.2.1_T1015,True,True
Solyc02g070290,Solute carrier family 12 (Potassium_chloride transporters) member 6  IPR004842  Na_K_Cl co-transporter superfamily,-0.08011106135855914,True,,,,,,,,,False,False
Solyc02g070300,Protection of telomeres 1 protein  IPR011564  Telomere end binding protein,-0.4666787572589294,True,,,,,,,,,False,False
Solyc02g070310,"Ribosomal protein L32  IPR018263  Ribosomal protein L32e, conserved site  IPR001515  Ribosomal protein L32e",-0.5442780569815443,True,,,,1.0,0.7638477222485022,0.7638477222485022,4.94752351067447e-07,Solyc02g070310.2.1_S129,False,True
Solyc02g070320,40S ribosomal protein S4-like protein  IPR000876  Ribosomal protein S4e,-0.6316479331541082,True,-0.6321419192976526,7.2165357645569e-10,3.82016497173208e-09,,,,,,True,False
Solyc02g070360,40S ribosomal protein S4-like protein  IPR000876  Ribosomal protein S4e,-0.5150452254751071,True,,,,,,,,,False,False
Solyc02g070390,PTAC12,0.2926253144397342,True,,,,1.0,0.9776623034916042,-0.9776623034916042,0.00856334729545957,Solyc02g070390.2.1_S469,False,True
Solyc02g070400,"Beta-1 3-galactosyltransferase-like protein  IPR002659  Glycosyl transferase, family 31",-0.7276505402461664,True,-0.727537299860413,1.57531502169744e-08,5.75715456942717e-08,,,,,,True,False
Solyc02g070420,Binding protein,-0.48971825397810864,True,,,,,,,,,False,False
Solyc02g070440,"Katanin p60 ATPase-containing subunit A  IPR003959  ATPase, AAA-type, core",0.08610202270179737,True,,,,,,,,,False,False
Solyc02g070460,"Cullin 4  IPR001373  Cullin, N-terminal",-0.31465114928667454,True,,,,,,,,,False,False
Solyc02g070470,Unknown Protein,0.0224902354854748,True,,,,,,,,,False,False
Solyc02g070480,F-box family protein  IPR001810  Cyclin-like F-box,-0.2570501415745252,True,,,,,,,,,False,False
Solyc02g070490,Alpha_beta hydrolase fold  IPR000073  Alpha_beta hydrolase fold-1,0.5019599926473303,True,,,,,,,,,False,False
Solyc02g070500,Susceptibility homeodomain transcription factor (Fragment)  IPR007493  Protein of unknown function DUF538,0.8621101981222338,True,0.8614036129282101,6.72975570503327e-11,4.7283848779712e-10,,,,,,True,False
Solyc02g070510,"Proteasome subunit alpha type  IPR001353  Proteasome, subunit alpha_beta",0.1450706902148041,True,,,,2.0,1.6707410223076327,-1.6707410223076327,5.86973097290566e-09,Solyc02g070510.2.1_S56;Solyc02g070510.2.1_T14,False,True
Solyc02g070520,"Mannosyl-oligosaccharide 1 2-alpha-mannosidase  IPR001382  Glycoside hydrolase, family 47",-0.15219500011060733,True,,,,1.0,1.1151023533046525,1.1151023533046525,6.17361146790545e-07,Solyc02g070520.2.1_S25,False,True
Solyc02g070540,Os01g0611000 protein (Fragment)  IPR006946  Protein of unknown function DUF642,-1.9339471564530883,True,-1.9347543626964039,4.23377420017716e-14,1.01702121868039e-12,,,,,,True,False
Solyc02g070550,La-related protein 6  IPR006630  RNA-binding protein Lupus La,-0.07434957164401453,True,,,,,,,,,False,False
Solyc02g070570,"30S ribosomal protein S11  IPR018102  Ribosomal S11, conserved site",-0.3579375221653846,True,,,,,,,,,False,False
Solyc02g070580,Cytochrome p450,1.2074806067933075,True,1.2073654652575574,4.54425883661912e-13,7.09399630239336e-12,,,,,,True,False
Solyc02g070640,60S ribosomal protein L18a  IPR002670  Ribosomal protein L18ae,-0.41300088809328145,True,,,,,,,,,False,False
Solyc02g070670,Urease accessory protein UREG  IPR004400  Urease accessory protein UreG,0.2261148265826171,True,,,,,,,,,False,False
Solyc02g070680,Chromosome 3 open reading frame 19 ortholog,-0.3111346682212893,True,,,,,,,,,False,False
Solyc02g070760,NAD dependent epimerase_dehydratase family protein-binding domain,-0.0037311146524641853,True,,,,,,,,,False,False
Solyc02g070770,NAD-dependent epimerase_dehydratase-binding domain,0.2870805946208081,True,,,,,,,,,False,False
Solyc02g070780,DNA replication licensing factor MCM3  IPR008046  MCM protein 3,-0.11264146765395466,True,,,,,,,,,False,False
Solyc02g070790,3-oxoacyl-(Acyl-carrier-protein) synthase 2  IPR017568  3-oxoacyl-(acyl-carrier-protein) synthase 2,-1.0029806490971094,True,-1.0028037074094756,1.12132126613552e-13,2.21473409186944e-12,1.0,0.7497799525865566,0.7497799525865566,1.63444139592779e-06,Solyc02g070790.2.1_S97,True,True
Solyc02g070810,Nuclear pore membrane glycoprotein 210  IPR008964  Invasin_intimin cell-adhesion,-0.32816872929675417,True,,,,1.0,1.0021686135959278,1.0021686135959278,2.24087468995661e-07,Solyc02g070810.2.1_S1911,False,True
Solyc02g070890,"Receptor like kinase, RLK",0.6015892301306153,True,0.6017780495386665,2.78146360221014e-09,1.23855954391e-08,,,,,,True,False
Solyc02g071000,Chlorophyll a_b binding protein  IPR001344  Chlorophyll A-B binding protein,-3.0033807207516574,True,-3.00229169901682,1.1492194749927e-14,3.76539902900014e-13,,,,,,True,False
Solyc02g071040,"Glycogen synthase  IPR011835  Glycogen_starch synthases, ADP-glucose type",0.17542722895350019,True,,,,,,,,,False,False
Solyc02g071090,Purine permease family protein  IPR004853  Protein of unknown function DUF250,0.15531490510188334,True,,,,,,,,,False,False
Solyc02g071120,CAS1 domain containing 1  IPR012419  Cas1p-like,-1.0974305546083742,True,-1.0971522673076042,4.17279239688409e-11,3.11662006920217e-10,1.0,0.7634917917701648,0.7634917917701648,1.60020276978402e-06,Solyc02g071120.2.1_S46,True,True
Solyc02g071150,DNA-binding protein  IPR002836  DNA-binding TFAR19-related protein,-0.6244313615097682,True,-0.6240684101612857,1.00408320973014e-09,5.09668279159423e-09,,,,,,True,False
Solyc02g071160,Os10g0578600 protein (Fragment),-1.6038146364897454,True,-1.604045152280405,2.25392186230002e-12,2.67266887021818e-11,,,,,,True,False
Solyc02g071170,Coatomer subunit zeta-1  IPR011012  Longin-like,-0.432685504501303,True,,,,,,,,,False,False
Solyc02g071180,TA9 protein (Fragment)  IPR009719  Protein of unknown function DUF1296,-0.05502650746756359,True,,,,,,,,,False,False
Solyc02g071190,"Carboxyl-terminal-processing protease  IPR004447  Peptidase S41A, C-terminal protease",-1.851558764496026,True,-1.8533833715606836,5.85997395962214e-12,5.9320556438635e-11,,,,,,True,False
Solyc02g071270,RNA-binding protein  IPR007201  RNA recognition motif 2,0.4302606062814161,True,,,,12.0,1.4979857695221526,1.4979857695221526,1.98701252660572e-09,Solyc02g071270.1.1_S433;Solyc02g071270.1.1_S476;S485;Solyc02g071270.1.1_S542;Solyc02g071270.1.1_S548;Solyc02g071270.1.1_S557;Solyc02g071270.1.1_S639;Solyc02g071270.1.1_S647;Solyc02g071270.1.1_S69,False,True
Solyc02g071280,Ribosome maturation factor rimM  IPR011961  16S rRNA processing protein RimM,1.079009224002046,True,1.0793107343043453,6.79139362349699e-12,6.69200737534825e-11,,,,,,True,False
Solyc02g071320,Unknown Protein,-0.23002896937850364,True,,,,15.0,1.5605651690430393,1.5605651690430393,9.00617818586603e-09,Solyc02g071320.2.1_S120;Solyc02g071320.2.1_S193;Solyc02g071320.2.1_S193;S208;Solyc02g071320.2.1_S193;T206;Solyc02g071320.2.1_S208;Solyc02g071320.2.1_S26;Solyc02g071320.2.1_S282;Solyc02g071320.2.1_S305;Solyc02g071320.2.1_S309;Solyc02g071320.2.1_S335;Solyc02g071320.2.1_S350;Solyc02g071320.2.1_S81,False,True
Solyc02g071330,SH3 domain-containing guanine exchange factor  IPR001452  Src homology-3 domain,-0.11928270422631927,True,,,,,,,,,False,False
Solyc02g071360,1-aminocyclopropane-1-carboxylate oxidase 1  IPR005123  Oxoglutarate and iron-dependent oxygenase,0.206802649745342,True,,,,,,,,,False,False
Solyc02g071380,1-aminocyclopropane-1-carboxylate oxidase 3  IPR005123  Oxoglutarate and iron-dependent oxygenase,-1.7091441319939498,True,-1.7107655668533233,2.71036901339239e-15,1.241740195414e-13,1.0,1.2757126316179428,1.2757126316179428,4.13554886591844e-08,,True,True
Solyc02g071450,1-aminocyclopropane-1-carboxylate oxidase 1  IPR005123  Oxoglutarate and iron-dependent oxygenase,-0.00018130521867850904,True,,,,,,,,,False,False
Solyc02g071490,1-aminocyclopropane-1-carboxylate oxidase 1  IPR005123  Oxoglutarate and iron-dependent oxygenase,-0.5279014328649875,True,,,,1.0,0.6711632250818036,0.6711632250818036,1.05025650724066e-05,Solyc02g071490.2.1_S31,False,True
Solyc02g071580,"Subtilisin-like protease  IPR015500  Peptidase S8, subtilisin-related",0.09710758951722193,True,,,,,,,,,False,False
Solyc02g071600,Unknown Protein,-0.12350363037349077,True,,,,,,,,,False,False
Solyc02g071620,"GDSL esterase_lipase At1g29670  IPR001087  Lipase, GDSL",-0.04187703249680718,True,,,,,,,,,False,False
Solyc02g071700,"GDSL esterase_lipase At1g29670  IPR001087  Lipase, GDSL",-0.4943788372216695,True,,,,,,,,,False,False
Solyc02g071710,"GDSL esterase_lipase At1g29670  IPR001087  Lipase, GDSL",-0.38871441328030726,True,,,,,,,,,False,False
Solyc02g071740,Protein-tyrosine kinase 6  IPR016253  Integrin-linked protein kinase,-0.6482463001229753,True,-0.6481738577032863,7.3543358246919e-11,5.12856474498628e-10,1.0,0.9304159392771264,-0.9304159392771264,6.86873401485968e-05,Solyc02g071740.2.1_S12;S13,True,True
Solyc02g071750,"Cyclic phosphodiesterase  IPR012386  2 , 3 cyclic phosphodiesterase, plant",0.7856220712680415,True,0.7863776137237949,6.18864097644258e-10,3.33563620367626e-09,,,,,,True,False
Solyc02g071780,Necrotic spotted lesions 1 (Fragment)  IPR001862  Membrane attack complex component_perforin_complement C9,0.21243467712273473,True,,,,,,,,,False,False
Solyc02g071810,"Receptor like kinase, RLK",0.7034998804335368,True,0.6879262057073497,0.00150684073057541,0.00225089082577382,,,,,,True,False
Solyc02g071820,"Receptor like kinase, RLK",0.1361446393883455,True,,,,,,,,,False,False
Solyc02g071860,"Receptor like kinase, RLK",-1.286372246911303,True,-1.2870787008293165,7.06895897180816e-12,6.91187099465686e-11,,,,,,True,False
Solyc02g071890,"Histidinol dehydrogenase  IPR012131  Histidinol dehydrogenase, prokaryotic-type",0.0750905019231327,True,,,,1.0,2.4974791596476993,2.4974791596476993,3.49039646931897e-12,Solyc02g071890.2.1_S76,False,True
Solyc02g071900,"Seipin  IPR009617  Adipose-regulatory protein, Seipin",0.2135632887622123,True,,,,,,,,,False,False
Solyc02g071940,Unknown Protein,-0.19062089115886993,True,,,,,,,,,False,False
Solyc02g072040,Os05g0272200 protein (Fragment),0.1848064731157419,True,,,,,,,,,False,False
Solyc02g072090,"DNA polymerase III subunit gamma_tau  IPR012763  DNA polymerase III, subunit gamma_ tau",-0.46566307540597907,True,,,,,,,,,False,False
Solyc02g072130,Protein transport protein SEC61 alpha subunit  IPR002208  SecY protein,-0.4862855145693728,True,,,,,,,,,False,False
Solyc02g072150,"Alpha alpha-trehalose-phosphate synthase (UDP-forming)  IPR001830  Glycosyl transferase, family 20",-0.7464213611293992,True,-0.7460938873578489,1.67768330986093e-11,1.4448884939965e-10,1.0,0.9339788730727853,0.9339788730727853,3.88824086252591e-05,Solyc02g072150.2.1_S47,True,True
Solyc02g072160,NADH ubiquinone oxidoreductase complex I intermediate-associated protein 30  IPR013857  NADH:ubiquinone oxidoreductase intermediate-associated protein 30,0.8867311507934594,True,0.8867216039561857,1.5115769356404e-09,7.27784171396093e-09,1.0,1.737523394016284,-1.737523394016284,1.0115681787339e-09,Solyc02g072160.2.1_S244,True,True
Solyc02g072180,Ras-related protein Rab-25  IPR015595  Rab11-related,-0.6969531634061781,True,-0.6987491028758694,1.16873811459535e-09,5.85885186831555e-09,,,,,,True,False
Solyc02g072230,"WD-40 repeat protein  IPR017986  WD40 repeat, region",-0.12201156771060957,True,,,,,,,,,False,False
Solyc02g072260,"H2B histone-fold-like protein (Fragment)  IPR011112  Rho termination factor, N-terminal",0.7546728866329024,True,0.7540862434131839,4.01922611605785e-11,3.01713528036505e-10,,,,,,True,False
Solyc02g072510,SAP30 binding protein  IPR012479  HCNGP-like,-0.09429024478412454,True,,,,1.0,1.739283092683838,1.739283092683838,1.55872565099135e-08,Solyc02g072510.2.1_S265,False,True
Solyc02g072530,CBL-interacting protein kinase 01  IPR002290  Serine_threonine protein kinase,-0.5205893644098906,True,,,,,,,,,False,False
Solyc02g075610,"General vesicular transport factor p115  IPR006955  Uso1_p115 like vesicle tethering protein, C-terminal",-0.10692152188568366,True,,,,,,,,,False,False
Solyc02g075630,UPF0183 protein C16orf70 homolog  IPR005373  Uncharacterised protein family UPF0183,0.19499124912585086,True,,,,,,,,,False,False
Solyc02g076710,"Cathepsin B-like cysteine proteinase  IPR013128  Peptidase C1A, papain",0.9109850857338164,True,0.9104337213161463,7.35702075816552e-11,5.12856474498628e-10,,,,,,True,False
Solyc02g076720,"Phosphoribosylformylglycinamidine synthase  IPR010073  Phosphoribosylformylglycinamidine synthase, eukaryotes and proteobacteria",-0.0551514904320032,True,,,,1.0,0.9344943354176887,0.9344943354176887,1.78280338263527e-08,Solyc02g076720.2.1_S88,False,True
Solyc02g076760,N-(5_apos-phosphoribosyl)anthranilate isomerase  IPR011060  Ribulose-phosphate binding barrel,0.2012553861625745,True,,,,,,,,,False,False
Solyc02g076790,Binding protein  IPR016024  Armadillo-type fold,0.07190882098298691,True,,,,,,,,,False,False
Solyc02g076820,Light-dependent short hypocotyls 1  IPR006936  Protein of unknown function DUF640,0.1605256562328838,True,,,,,,,,,False,False
Solyc02g076870,"Potential lipid particle serine esterase  IPR007751  Protein of unknown function DUF676, hydrolase-like",1.0332420259220971,True,1.0335994916012698,1.74887944152709e-13,3.15294938667196e-12,,,,,,True,False
Solyc02g076980,"Cathepsin B-like cysteine proteinase  IPR013128  Peptidase C1A, papain  IPR000169  Peptidase, cysteine peptidase active site",0.07523368490476307,True,,,,,,,,,False,False
Solyc02g077040,"Cathepsin B-like cysteine proteinase 5  IPR013128  Peptidase C1A, papain",-0.5939669487825711,True,-0.5938870587539785,7.29246817484798e-06,1.5239938193757e-05,,,,,,True,False
Solyc02g077080,"Os06g0207500 protein (Fragment)  IPR004253  Protein of unknown function DUF231, plant",0.1621042947299339,True,,,,,,,,,False,False
Solyc02g077100,"Lipase-like protein  IPR002921  Lipase, class 3",-0.6416966103677147,True,-0.6420532620601143,4.95048207067017e-08,1.5999958052406e-07,2.0,0.9609466842744286,0.9609466842744286,3.41757124539029e-07,Solyc02g077100.2.1_T415;S418,True,True
Solyc02g077220,"Isoamyl acetate-hydrolyzing esterase  IPR001087  Lipase, GDSL",-0.8084002897528643,True,-0.8079804321913676,6.55788569926196e-12,6.50518840346432e-11,,,,,,True,False
Solyc02g077240,Pyruvate decarboxylase  IPR012110  Pyruvate decarboxylase_indolepyruvate decarboxylase,0.5795764148529097,True,,,,,,,,,False,False
Solyc02g077280,GTP-binding protein era homolog  IPR005662  GTP-binding protein Era,-0.1292190492745454,True,,,,,,,,,False,False
Solyc02g077410,"heat-and acid-stable phosphoprotein  IPR019380  Casein kinase substrate, phosphoprotein PP28",-0.45601828469917133,True,,,,5.0,2.5920004864345225,2.5920004864345225,9.50686082830751e-12,Solyc02g077410.2.1_S54;Solyc02g077410.2.1_S54;S58;Solyc02g077410.2.1_S58,False,True
Solyc02g077450,One zinc finger protein,0.09692365929060734,True,,,,,,,,,False,False
Solyc02g077460,Octanoyltransferase  IPR000544  Lipoate-protein ligase B,-0.1843302002977486,True,,,,,,,,,False,False
Solyc02g077470,Optic atrophy 3 protein homolog  IPR010754  Optic atrophy 3-like,-0.43199458857962986,True,,,,,,,,,False,False
Solyc02g077600,"Guanylate-binding protein 10  IPR015894  Guanylate-binding protein, N-terminal",-0.311719649471696,True,,,,1.0,0.5922138204252979,0.5922138204252979,8.48753592313656e-06,Solyc02g077600.2.1_S980,False,True
Solyc02g077630,"Receptor like kinase, RLK",-0.9940087707123669,True,-0.992660358828055,1.77671908178339e-11,1.51158260882728e-10,6.0,1.139577056610536,-1.139577056610536,2.19524254392251e-07,Solyc02g077630.2.1_S672;Solyc02g077630.2.1_S728;Solyc02g077630.2.1_S980;Solyc02g077630.2.1_S998;Solyc02g077630.2.1_T986,True,True
Solyc02g077660,Homeobox protein EgHBX4 (Fragment)  IPR018500  DDT subgroup,-0.39312259343372696,True,,,,,,,,,False,False
Solyc02g077670,Chaperone protein dnaJ 2  IPR003095  Heat shock protein DnaJ,1.3769228314461328,True,1.3767574823898372,9.79903488236722e-14,1.99299363923294e-12,1.0,1.0158907883694954,-1.0158907883694954,2.06142861976224e-06,Solyc02g077670.2.1_S154,True,True
Solyc02g077680,Phosphorylase  IPR011833  Glycogen_starch_alpha-glucan phosphorylase,-0.5168984205451523,True,,,,,,,,,False,False
Solyc02g077710,E6-2 protein kinase,0.8655210696949177,True,0.8653773863310058,1.02009823323854e-07,3.06305172196763e-07,,,,,,True,False
Solyc02g077740,"OB-fold nucleic acid binding domain containing protein  IPR012340  Nucleic acid-binding, OB-fold",-0.10230151762394557,True,,,,,,,,,False,False
Solyc02g077780,Necrotic spotted lesions 1 (Fragment)  IPR001862  Membrane attack complex component_perforin_complement C9,0.48127645164917726,True,,,,,,,,,False,False
Solyc02g077880,Auxin-repressed protein  IPR008406  Dormancyauxin associated,-0.37859802300924394,True,,,,5.0,2.1840964766255633,-2.1840964766255633,3.16808464532691e-09,Solyc02g077880.2.1_S27;Solyc02g077880.2.1_S48;S52;S66;Solyc02g077880.2.1_S48;T58;S66;Solyc02g077880.2.1_S48;T61;S66,False,True
Solyc02g077900,"Peroxisomal leader peptide-processing protease  IPR009003  Peptidase, trypsin-like serine and cysteine",0.5161891423846053,True,,,,,,,,,False,False
Solyc02g077920,"Squamosa promoter binding-like protein  IPR004333  Transcription factor, SBP-box",0.9098558667066593,True,0.9087800408619336,3.86435419872602e-07,1.03018536647501e-06,,,,,,True,False
Solyc02g077990,"30S ribosomal protein S5  IPR005712  Ribosomal protein S5, bacterial-type",-0.8249944002684493,True,-0.8260915589922295,1.20150169133572e-10,7.78348909081045e-10,,,,,,True,False
Solyc02g078020,Binding protein (Fragment)  IPR019458  Telomerase activating protein Est1,0.7459726302922796,True,0.7462808474298489,1.27165823114297e-10,8.15906555431702e-10,3.0,1.115913302490855,1.115913302490855,3.501480364388e-09,Solyc02g078020.2.1_S296;Solyc02g078020.2.1_S864;Solyc02g078020.2.1_T293,True,True
Solyc02g078030,DNA-binding WRKY VQ  IPR008889  VQ,0.35154162258939825,True,,,,3.0,0.7913361440746619,0.7913361440746619,6.01008138517208e-05,Solyc02g078030.1.1_S205;Solyc02g078030.1.1_S234;Solyc02g078030.1.1_S254,False,True
Solyc02g078040,Pistil extensin like protein (Fragment)  IPR006041  Pollen Ole e 1 allergen and extensin,-1.4065385015928242,True,-1.407280776276796,1.20366942518962e-11,1.0894311457317e-10,,,,,,True,False
Solyc02g078120,"Eukaryotic translation initiation factor 3 subunit 7  IPR007783  Eukaryotic translation initiation factor 3, subunit 7",-0.09051141953505676,True,,,,2.0,1.0144630197266937,1.0144630197266937,2.53464254105452e-08,Solyc02g078120.1.1_S98;Solyc02g078120.1.1_T218,False,True
Solyc02g078140,Protein kinase  IPR002290  Serine_threonine protein kinase,0.9125464622259244,True,0.9128687121269818,1.17104582091599e-10,7.63068567177519e-10,5.0,0.9952607615577541,0.9952607615577541,1.18150429814427e-06,Solyc02g078140.2.1_S123;Solyc02g078140.2.1_S125;Solyc02g078140.2.1_S135;Solyc02g078140.2.1_S51,True,True
Solyc02g078200,50S ribosomal protein L21  IPR001787  Ribosomal protein L21,-0.4469022039476659,True,,,,,,,,,False,False
Solyc02g078220,Unknown Protein,-0.25581503598853633,True,,,,,,,,,False,False
Solyc02g078230,"Glucan synthase like 1  IPR003440  Glycosyl transferase, family 48",-0.2226757237078728,True,,,,,,,,,False,False
Solyc02g078260,"DNA-directed RNA polymerase  IPR007121  RNA polymerase, beta subunit, conserved site  IPR007120  DNA-directed RNA polymerase, subunit 2, domain 6  IPR015712  DNA-directed RNA polymerase, subunit 2",-0.06352005327884158,True,,,,,,,,,False,False
Solyc02g078300,"Transcription initiation factor TFIID subunit  IPR003195  Transcription initiation factor IID, 18 kDa subunit",-0.25787452547130885,True,,,,,,,,,False,False
Solyc02g078360,Thioredoxin family protein  IPR004480  Glutaredoxin-related protein,0.36888463429293294,True,,,,,,,,,False,False
Solyc02g078380,Aluminum-induced protein-like protein,-2.07231447685422,True,-2.0727566467355065,4.08016764758414e-15,1.72523515402421e-13,2.0,1.4410727834313695,1.4410727834313695,4.33779128791587e-10,Solyc02g078380.2.1_S242,True,True
Solyc02g078400,Allantoinase  IPR017593  Allantoinase,0.8151904497588488,True,0.8133286177986535,1.40281529062377e-08,5.18213728306905e-08,,,,,,True,False
Solyc02g078410,Acyl-CoA thioesterase_ catalytic_ hydrolase acting on ester bonds  IPR003736  Phenylacetic acid degradation-related protein,-0.15593358946784475,True,,,,,,,,,False,False
Solyc02g078440,RNA polymerase II transcription factor B subunit 2  IPR004598  Transcription factor Tfb2,0.08603256533641586,True,,,,,,,,,False,False
Solyc02g078520,Unknown Protein,0.1857050078336024,True,,,,,,,,,False,False
Solyc02g078540,Unknown Protein  IPR000996  Clathrin light chain,-0.4842074941222585,True,,,,,,,,,False,False
Solyc02g078550,RNA polymerase II C-terminal domain phosphatase-like 1  IPR004274  NLI interacting factor,-0.311561550086103,True,,,,,,,,,False,False
Solyc02g078560,Wings apart-like CG3707-RB isoform B (Fragment),-0.24900275431498606,True,,,,,,,,,False,False
Solyc02g078570,Epoxide hydrolase 3  IPR000639  Epoxide hydrolase-like,-1.4022545904407198,True,-1.4019242929693465,3.18752789601176e-14,8.11769281941333e-13,,,,,,True,False
Solyc02g078580,"Paf1_RNA polymerase II complex  IPR018144  Plus-3 domain, subgroup",-0.604045446671469,True,-0.6038610747474688,4.77610660478686e-09,1.99295941330261e-08,,,,,,True,False
Solyc02g078610,Splicing factor 3b subunit 2  IPR007180  Protein of unknown function DUF382,-0.13937788057985545,True,,,,,,,,,False,False
Solyc02g078640,Microtubule associated protein  IPR011989  Armadillo-like helical,-0.9882418483366828,True,-0.9884693111891351,3.62938907015044e-12,3.96777491457529e-11,5.0,1.0997934722204947,1.0997934722204947,2.3994233677952e-07,Solyc02g078640.2.1_S1085;Solyc02g078640.2.1_S1869;Solyc02g078640.2.1_S1876;Solyc02g078640.2.1_S1934;Solyc02g078640.2.1_T1084,True,True
Solyc02g078670,COP1-Interacting ProteinI 7 (CIP7) (Fragment),-2.392370826864491,True,-2.3935318170854436,1.89322273361229e-16,1.60256796727105e-14,7.0,1.477458016442019,1.477458016442019,6.18700974996554e-10,Solyc02g078670.2.1_S657;Solyc02g078670.2.1_S801;Solyc02g078670.2.1_S820;Solyc02g078670.2.1_S831;Solyc02g078670.2.1_T15,True,True
Solyc02g078800,"WD-repeat protein  IPR020472  G-protein beta WD-40 repeat, region",-0.03374688161566884,True,,,,,,,,,False,False
Solyc02g078830,"WD-40 repeat protein  IPR020472  G-protein beta WD-40 repeat, region",-0.4701252530725312,True,,,,,,,,,False,False
Solyc02g078840,Secretory carrier membrane protein  IPR007273  SCAMP,0.08212605801575854,True,,,,6.0,1.2950676662662879,1.2950676662662879,3.80649207664946e-08,Solyc02g078840.2.1_S28;Solyc02g078840.2.1_S55;Solyc02g078840.2.1_S70;Solyc02g078840.2.1_S70;S79;Solyc02g078840.2.1_S79,False,True
Solyc02g078860,"3_apos(2_apos) 5_apos-bisphosphate nucleotidase,5 -bisphosphate nucleotidase HAL2",-0.3981086484732114,True,,,,,,,,,False,False
Solyc02g078900,NADH dehydrogenase  IPR013027  FAD-dependent pyridine nucleotide-disulphide oxidoreductase,0.3038497974408445,True,,,,,,,,,False,False
Solyc02g078920,SP I mismatch endonuclease  IPR003154  S1_P1 nuclease,0.04781167233356548,True,,,,,,,,,False,False
Solyc02g078940,"Zinc-binding dehydrogenase superfamily (Quinone oxidoreductase NADPH dependent)  IPR014189  Quinone oxidoreductase putative, PIG3",0.8659908929144103,True,0.8662468539344061,7.05352514976677e-11,4.94024677156241e-10,,,,,,True,False
Solyc02g078950,"Beta-galactosidase  IPR001944  Glycoside hydrolase, family 35",-0.22060837873915135,True,,,,,,,,,False,False
Solyc02g078960,Transmembrane protein 34  IPR005178  Protein of unknown function DUF300,-0.5170078671319384,True,,,,,,,,,False,False
Solyc02g078970,"Guanine nucleotide-binding protein G(I)_G(S)_G(T) subunit beta-1  IPR020472  G-protein beta WD-40 repeat, region",-0.25254562273042114,True,,,,,,,,,False,False
Solyc02g078980,"Deoxyribonuclease TatD family  IPR012278  Deoxyribonuclease, TatD Mg-dependent",0.15673011546006338,True,,,,,,,,,False,False
Solyc02g078990,Mercaptopyruvate sulfurtransferase-like protein  IPR001763  Rhodanese-like,-0.12333855894364246,True,,,,,,,,,False,False
Solyc02g079000,"Cell division protease ftsH homolog 4  IPR003959  ATPase, AAA-type, core",0.18084141912122115,True,,,,,,,,,False,False
Solyc02g079020,AP2 domain-containing transcription factor  IPR003340  Transcriptional factor B3,-0.7578383340533446,True,-0.7571352804763304,2.13457269629365e-08,7.58883284986321e-08,,,,,,True,False
Solyc02g079040,Calmodulin-binding protein (Fragment)  IPR012416  Calmodulin binding protein-like,-0.20893376798857802,True,,,,,,,,,False,False
Solyc02g079060,Eukaryotic translation initiation factor 3 subunit J  IPR013906  Translation initiation factor eIF3 subunit,0.11354594554782162,True,,,,,,,,,False,False
Solyc02g079100,Riboflavin kinase  IPR015865  Riboflavin kinase,0.4966544939430788,True,,,,,,,,,False,False
Solyc02g079130,Protein translocase subunit secA  IPR004027  SEC-C motif,-0.15061112103427396,True,,,,,,,,,False,False
Solyc02g079170,NADH dehydrogenase like protein  IPR013027  FAD-dependent pyridine nucleotide-disulphide oxidoreductase,2.1102347998798487,True,2.1106143692026484,1.32365426987546e-16,1.27876512507099e-14,1.0,0.8568701944634279,0.8568701944634279,5.02878290121739e-08,Solyc02g079170.2.1_S351,True,True
Solyc02g079210,DAG protein,-0.013282105920742124,True,,,,,,,,,False,False
Solyc02g079230,Vesicle-associated membrane family protein  IPR000535  Major sperm protein,0.17056755160187054,True,,,,,,,,,False,False
Solyc02g079250,3_apos(2_apos) 5_apos-bisphosphate nucleotidase-like protein  IPR000760  Inositol monophosphatase,-0.025636404548465632,True,,,,,,,,,False,False
Solyc02g079290,SELF PRUNING 2G,-0.8599206854497952,True,-0.8571584747813774,1.10874127606638e-08,4.21492406401967e-08,,,,,,True,False
Solyc02g079400,Nitric oxide synthase interacting protein  IPR016818  Nitric oxide synthase-interacting,0.00803505458054478,True,,,,,,,,,False,False
Solyc02g079410,Universal stress protein (Usp)  IPR006016  UspA,0.39833063430575244,True,,,,,,,,,False,False
Solyc02g079500,"Peroxidase  IPR019793  Peroxidases heam-ligand binding site  IPR019794  Peroxidase, active site  IPR002016  Haem peroxidase, plant_fungal_bacterial",-0.5466868324058861,True,,,,,,,,,False,False
Solyc02g079510,"Peroxidase  IPR019793  Peroxidases heam-ligand binding site  IPR019794  Peroxidase, active site  IPR002016  Haem peroxidase, plant_fungal_bacterial",-0.46348527324918687,True,,,,,,,,,False,False
Solyc02g079550,Serine_threonine kinase receptor  IPR002290  Serine_threonine protein kinase,0.01246498648707035,True,,,,,,,,,False,False
Solyc02g079590,Serine_threonine kinase receptor  IPR002290  Serine_threonine protein kinase,0.6180495234688527,True,0.6182316138281553,8.17818216824599e-10,4.2607082714754e-09,5.0,0.8225412716665139,-0.8225412716665139,3.41757124539029e-07,Solyc02g079590.2.1_S497;Solyc02g079590.2.1_T693;Solyc02g079590.2.1_T697,True,True
Solyc02g079640,Serine_threonine-protein kinase receptor  IPR000858  S-locus glycoprotein,-0.7544094019178418,True,-0.7541718799792023,2.68491237016318e-09,1.20098143663866e-08,,,,,,True,False
Solyc02g079730,Thioredoxin family protein,0.02804323211407918,True,,,,,,,,,False,False
Solyc02g079750,Flavoprotein wrbA  IPR010089  Flavoprotein WrbA,0.34458899713401087,True,,,,,,,,,False,False
Solyc02g079770,DAG protein,0.5776111488177268,True,,,,,,,,,False,False
Solyc02g079780,Pro-resilin,-0.6784781725135766,True,-0.6829022785541006,1.11262587604575e-05,2.24393437401739e-05,1.0,1.1671593986184339,1.1671593986184339,8.31636611135532e-07,,True,True
Solyc02g079830,Pentatricopeptide repeat-containing protein  IPR002885  Pentatricopeptide repeat,-0.21448212361645783,True,,,,,,,,,False,False
Solyc02g079850,"Pleckstrin homology domain-containing family F member 2  IPR000306  Zinc finger, FYVE-type",-0.17920034184814607,True,,,,6.0,1.0228898220531584,1.0228898220531584,4.81851011512082e-08,Solyc02g079850.2.1_S184;Solyc02g079850.2.1_S28;Solyc02g079850.2.1_S337;Solyc02g079850.2.1_S591;Solyc02g079850.2.1_S66;Solyc02g079850.2.1_T895,False,True
Solyc02g079880,Translation initiation factor-related,-0.04621259652591215,True,,,,3.0,0.7711343313763922,0.7711343313763922,6.98379770998953e-07,Solyc02g079880.2.1_S104;Solyc02g079880.2.1_S567;Solyc02g079880.2.1_S567;S572,False,True
Solyc02g079930,"Phosphosulfolactate synthase-phospho-3-sulpholactate synthase, ComA",1.687609125898064,True,1.6882310781384005,9.19882580856603e-17,1.03492612388018e-14,2.0,1.4695000087681036,-1.4695000087681036,5.68645629986395e-09,Solyc02g079930.2.1_S8,True,True
Solyc02g079950,Oxygen-evolving enhancer protein 3  IPR008797  Photosystem II oxygen evolving complex protein PsbQ,-3.750024106956523,True,-3.7495879668637335,2.68456322032909e-15,1.241740195414e-13,,,,,,True,False
Solyc02g079960,"Thioredoxin h  IPR015467  Thioredoxin, core",-0.48740622908500747,True,,,,,,,,,False,False
Solyc02g080060,Cysteine-rich receptor-like protein kinase 29  IPR002902  Protein of unknown function DUF26,-0.25751429881759863,True,,,,,,,,,False,False
Solyc02g080070,"RLK, Receptor like protein, putative resistance protein with an antifungal domain",0.9426722550321005,True,0.9472363798374854,9.85372786111288e-10,5.02466627823128e-09,5.0,1.0325540293617828,1.0325540293617828,1.68214657753922e-07,Solyc02g080070.2.1_S652;Solyc02g080070.2.1_S660;Solyc02g080070.2.1_T501,True,True
Solyc02g080130,Chaperone dnaj-like protein  IPR003095  Heat shock protein DnaJ,0.10082930013294146,True,,,,,,,,,False,False
Solyc02g080140,Cysteine-rich PDZ-binding protein  IPR019367  Microtubule-associated protein CRIPT,-0.05111603169943017,True,,,,,,,,,False,False
Solyc02g080150,Unknown Protein,-0.5227765563441371,True,,,,,,,,,False,False
Solyc02g080200,"Pectinesterase  IPR000070  Pectinesterase, catalytic",0.5918162248247765,True,,,,,,,,,False,False
Solyc02g080210,"Pectinesterase  IPR000070  Pectinesterase, catalytic",-0.3691962377555265,True,,,,,,,,,False,False
Solyc02g080270,"Vacuolar protein sorting-associated protein 28 family protein  IPR007143  Vacuolar protein sorting-associated, VPS28",-0.22212149484538818,True,,,,,,,,,False,False
Solyc02g080290,"Beta-glucosidase 47  IPR001360  Glycoside hydrolase, family 1",-1.4420217221009939,True,-1.4424214658442138,1.54668154980616e-13,2.86991766485953e-12,,,,,,True,False
Solyc02g080320,"Pseudouridine synthase family protein  IPR006145  Pseudouridine synthase, RsuA and RluB_C_D_E_F",0.49985611969374855,True,,,,,,,,,False,False
Solyc02g080370,Tobamovirus multiplication protein (Fragment)  IPR009457  Protein of unknown function DUF1084,-0.11403932930959466,True,,,,,,,,,False,False
Solyc02g080420,"RNA Binding Protein 45  IPR000504  RNA recognition motif, RNP-1",-0.12885255028882964,True,,,,,,,,,False,False
Solyc02g080430,Mediator of RNA polymerase II transcription subunit 21,-0.7049076784788528,True,-0.6984455825943398,1.03160844834954e-06,2.52796688418273e-06,,,,,,True,False
Solyc02g080440,"FeS assembly protein SufB  IPR010231  SUF system FeS cluster assembly, SufB",1.0431180401510922,True,1.0430436700190877,4.62122577613147e-14,1.08373231393816e-12,,,,,,True,False
Solyc02g080470,Heat shock protein 4  IPR013126  Heat shock protein 70,-0.23845996954109802,True,,,,2.0,1.4475041432870044,1.4475041432870044,6.7338231195843e-08,Solyc02g080470.2.1_S590;Solyc02g080470.2.1_S730,False,True
Solyc02g080500,Uncharacterized GPI-anchored protein At1g61900,-0.9088326282447816,True,-0.9100724556502462,5.12691165314207e-10,2.82154741629268e-09,,,,,,True,False
Solyc02g080540,"ATP synthase gamma chain  IPR000131  ATPase, F1 complex, gamma subunit",-0.5810251897998878,True,,,,,,,,,False,False
Solyc02g080570,"Glycogen synthase  IPR011835  Glycogen_starch synthases, ADP-glucose type",0.5373488397522845,True,,,,3.0,2.0819907986842043,2.0819907986842043,2.60367973762407e-10,Solyc02g080570.2.1_S131;Solyc02g080570.2.1_S161;Solyc02g080570.2.1_T130,False,True
Solyc02g080590,Autophagy-related protein 8,0.15365692674535852,True,,,,,,,,,False,False
Solyc02g080620,Prephenate dehydratase family protein  IPR001086  Prephenate dehydratase,-0.40473609128288374,True,,,,,,,,,False,False
Solyc02g080630,Lactoylglutathione lyase  IPR004361  Glyoxalase I,0.18078924826329482,True,,,,1.0,0.9271331091615148,0.9271331091615148,1.4336864695144e-07,Solyc02g080630.2.1_S178,False,True
Solyc02g080640,Phosphoadenosine phosphosulfate reductase  IPR013766  Thioredoxin domain,1.5654535442574045,True,1.5664848767403008,6.9384257912287e-12,6.82176199473901e-11,,,,,,True,False
Solyc02g080650,Copper transport protein 86  IPR019156  Ataxin-10 domain,-0.1882231315647622,True,,,,,,,,,False,False
Solyc02g080660,Glucan endo-1 3-beta-glucosidase 3  IPR012946  X8,-0.1386677437771058,True,,,,,,,,,False,False
Solyc02g080670,"Laccase-22  IPR001117  Multicopper oxidase, type 1",-0.1156976847583867,True,,,,,,,,,False,False
Solyc02g080800,Deoxyhypusine synthase  IPR002773  Deoxyhypusine synthase,0.1362280274787889,True,,,,,,,,,False,False
Solyc02g080810,Aminomethyltransferase  IPR006223  Glycine cleavage system T protein,-0.6512029252070967,True,-0.6531815556379831,3.50142146703332e-08,1.17970561027263e-07,1.0,0.7705348499202337,0.7705348499202337,3.14746159283149e-05,Solyc02g080810.2.1_S388,True,True
Solyc02g080820,Peroxisomal membrane protein PMP22  IPR007248  Mpv17_PMP22,0.39838818854046104,True,,,,,,,,,False,False
Solyc02g080880,Aspartic proteinase  IPR001461  Peptidase A1,0.6637433958392809,True,0.6658832181515855,1.15011059257269e-08,4.34801486464741e-08,,,,,,True,False
Solyc02g080940,"Proline synthetase co-transcribed bacterial homolog protein  IPR011078  Predicted pyridoxal phosphate-dependent enzyme, YBL036C type",-0.39696826364243615,True,,,,,,,,,False,False
Solyc02g080970,"Os06g0661900 protein (Fragment)  IPR004949  Protein of unknown function DUF266, plant",0.17115927278200135,True,,,,,,,,,False,False
Solyc02g080980,"Leucyl-tRNA synthetase  IPR002302  Leucyl-tRNA synthetase, class Ia, bacterial_mitochondrial",0.07801906581702256,True,,,,,,,,,False,False
Solyc02g080990,"Leucyl-tRNA synthetase  IPR002302  Leucyl-tRNA synthetase, class Ia, bacterial_mitochondrial",0.1765661809244542,True,,,,,,,,,False,False
Solyc02g081000,"Leucyl-tRNA synthetase  IPR002302  Leucyl-tRNA synthetase, class Ia, bacterial_mitochondrial",0.1398566231295114,True,,,,,,,,,False,False
Solyc02g081030,Uncharacterized membrane protein C2G11.09  IPR003864  Protein of unknown function DUF221,-0.8046054346054948,True,-0.8043102907241678,1.69303949811481e-09,7.99136221946069e-09,3.0,1.0984733718241853,1.0984733718241853,2.15682567505435e-07,Solyc02g081030.2.1_S671;Solyc02g081030.2.1_S677,True,True
Solyc02g081070,"Receptor like kinase, RLK",-1.4884384600287743,True,-1.4883308195045837,8.23877756509301e-13,1.17538130013718e-11,6.0,1.0734741840896547,1.0734741840896547,2.53464254105452e-08,Solyc02g081070.2.1_S343;Solyc02g081070.2.1_S706;S709;Solyc02g081070.2.1_T715,True,True
Solyc02g081080,"Os03g0169000 protein (Fragment)  IPR004348  Protein of unknown function DUF246, plant",-0.25716115486743985,True,,,,,,,,,False,False
Solyc02g081140,UBX domain-containing protein  IPR012989  SEP,0.23741729383945032,True,,,,,,,,,False,False
Solyc02g081160,Diphosphate-fructose-6-phosphate 1-phosphotransferase  IPR011183  Pyrophosphate-dependent phosphofructokinase PfpB,-0.4318403838156312,True,,,,,,,,,False,False
Solyc02g081170,"Plastid-lipid-associated protein, chloroplastic  IPR006843  PAP fibrillin",1.2231483905734577,True,1.2235585732616632,1.01220812066481e-14,3.49676137031471e-13,1.0,0.7057976018232347,-0.7057976018232347,6.27566180109514e-06,Solyc02g081170.2.1_S118,True,True
Solyc02g081190,1-aminocyclopropane-1-carboxylate oxidase  IPR005123  Oxoglutarate and iron-dependent oxygenase,0.037850584842599864,True,,,,,,,,,False,False
Solyc02g081200,At1g62390-like protein (Fragment)  IPR011990  Tetratricopeptide-like helical,0.48398638944946576,True,,,,,,,,,False,False
Solyc02g081290,"ATP-dependent RNA helicase  IPR001650  DNA_RNA helicase, C-terminal",-0.10993246219105797,True,,,,1.0,1.049406229213348,1.049406229213348,2.72427090198076e-06,,False,True
Solyc02g081300,"Sucrose synthase  IPR012820  Sucrose synthase, plants and cyanobacteria",-0.29620413180302013,True,,,,1.0,0.6383010268967575,0.6383010268967575,1.07866128678463e-05,Solyc02g081300.2.1_S549,False,True
Solyc02g081310,"50S ribosomal protein L15  IPR005749  Ribosomal protein L15, bacterial-type",-0.5487557167483587,True,,,,,,,,,False,False
Solyc02g081330,Phytoene synthase 2,-1.0286537961958315,True,-1.0321742207719198,7.80720035017928e-10,4.08419050690956e-09,,,,,,True,False
Solyc02g081380,Ras-related protein Rab-5C  IPR015599  Rab5-related,0.13290261156927777,True,,,,,,,,,False,False
Solyc02g081390,Amine oxidase family protein  IPR002937  Amine oxidase,-0.2860547566255609,True,,,,,,,,,False,False
Solyc02g081400,"Intracellular protease PfpI family protein expressed  IPR006286  Peptidase C56, PfpI",0.6285151695854805,True,0.6287605214414026,2.81848134943559e-11,2.21883633603042e-10,,,,,,True,False
Solyc02g081410,"Beta-catenin-like protein 1  IPR013180  Protein of unknown function DUF1716, eukaryotic",-0.38033057058903924,True,,,,,,,,,False,False
Solyc02g081430,Microsomal glutathione S-transferase 3,0.07331348340508073,True,,,,,,,,,False,False
Solyc02g081460,Gamma-tubulin complex component 2  IPR007259  Spc97_Spc98,-0.8838808355026985,True,-0.8818107750534707,2.25491734402947e-10,1.35968150296702e-09,,,,,,True,False
Solyc02g081550,"ATP-dependent Zn protease cell division protein FtsH homolog  IPR001315  Caspase Recruitment  IPR003960  ATPase, AAA-type, conserved site  IPR005936  Peptidase M41, FtsH  IPR006025  Peptidase M, neutral zinc metallopeptidases, zinc-binding site",1.6782680663467375,True,1.6789601960738596,1.33861491435652e-14,4.27971559669092e-13,,,,,,True,False
Solyc02g081570,Yellow stripe-like protein 2.1 (Fragment)  IPR004813  Oligopeptide transporter OPT superfamily,-0.045417299954568134,True,,,,,,,,,False,False
Solyc02g081590,FACT complex subunit SPT16,0.2089106492156402,True,,,,2.0,0.7706537466003448,0.7706537466003448,3.08921525610573e-07,Solyc02g081590.2.1_S778,False,True
Solyc02g081620,"Zinc finger protein 207  IPR007087  Zinc finger, C2H2-type",0.20411458996876694,True,,,,,,,,,False,False
Solyc02g081680,Nucleolar complex protein 2 homolog  IPR005343  Uncharacterised protein family UPF0120,-0.8996912649907004,True,-0.8994373032240246,3.42357200990446e-11,2.62769499343962e-10,2.0,0.683437703920479,0.683437703920479,9.55813820036991e-06,Solyc02g081680.2.1_S749,True,True
Solyc02g081700,"Proteasome subunit alpha type  IPR001353  Proteasome, subunit alpha_beta",0.20778931680608387,True,,,,,,,,,False,False
Solyc02g081730,Sterol-4-alpha-carboxylate 3-dehydrogenase decarboxylating  IPR002225  3-beta hydroxysteroid dehydrogenase_isomerase,-0.5574586405354474,True,,,,,,,,,False,False
Solyc02g081810,"tRNA pseudouridine synthase B  IPR004802  Pseudouridine synthase, putative",-1.1632988667944568,True,-1.163858084552827,3.86914975672663e-13,6.15187889763619e-12,4.0,0.8216210738588451,0.8216210738588451,2.59108821688338e-06,Solyc02g081810.2.1_S475;Solyc02g081810.2.1_S538;Solyc02g081810.2.1_S556;S563,True,True
Solyc02g081830,"HAD-superfamily hydrolase  IPR011949  HAD-superfamily hydrolase, subfamily IA, REG-2-like",1.189164720574239,True,1.1885663276907628,3.86742162471825e-14,9.54823427791551e-13,,,,,,True,False
Solyc02g081840,MMP37-like protein mitochondrial  IPR015222  Mitochondrial matrix Mmp37,-0.2554498938826613,True,,,,,,,,,False,False
Solyc02g081880,"Molybdenum cofactor sulfurase protein-like  IPR005303  MOSC, N-terminal beta barrel",-0.5245922136174208,True,,,,,,,,,False,False
Solyc02g081910,"DNA topoisomerase  IPR005733  DNA topoisomerase I, bacterial-type",0.20528153926616866,True,,,,,,,,,False,False
Solyc02g081920,Plastid ribulose-1 5 bisphosphate carboxylase_oxygenase large subunit N-methyltransferase-related protein (Fragment)  IPR001214  SET,0.19625757068036714,True,,,,,,,,,False,False
Solyc02g081940,"RNA binding protein  IPR012677  Nucleotide-binding, alpha-beta plait",-0.7697837910813041,True,-0.7693294486233746,1.08727882730899e-10,7.17959451494973e-10,,,,,,True,False
Solyc02g081950,Calmodulin-binding protein  IPR009097  RNA ligase_cyclic nucleotide phosphodiesterase,0.06775202495283628,True,,,,,,,,,False,False
Solyc02g081960,Splicing factor  IPR000061  SWAP_Surp,-0.228643309533448,True,,,,,,,,,False,False
Solyc02g081970,Vacuolar sorting receptor 7  IPR003137  Protease-associated PA,1.616621834200824,True,1.615619677593103,3.20550090533072e-14,8.14014058473699e-13,,,,,,True,False
Solyc02g081980,Ectonucleoside triphosphate diphosphohydrolase 6  IPR000407  Nucleoside phosphatase GDA1_CD39,-0.9556463789488222,True,-0.9498351665310604,5.56396242411715e-10,3.02646866741452e-09,,,,,,True,False
Solyc02g082000,"30S ribosomal protein S19  IPR005713  Ribosomal protein S15, eukaryotic_archaeal",-0.5814723863912239,True,-0.5849010628818839,1.11030644336609e-05,2.24020617440308e-05,5.0,0.7403769360322427,0.7403769360322427,8.78131437959434e-06,Solyc02g082000.2.1_S30;Solyc02g082000.2.1_S35;Solyc02g082000.2.1_T36,True,True
Solyc02g082020,Unknown Protein,-0.7706508077929168,True,-0.7708291710785443,1.22805394399081e-11,1.10363432297172e-10,2.0,0.7677338597074366,0.7677338597074366,1.32540724140634e-06,Solyc02g082020.2.1_S65;Solyc02g082020.2.1_T60,True,True
Solyc02g082030,ABC-type transport system-like  IPR003399  Mammalian cell entry related,0.3004386785727532,True,,,,,,,,,False,False
Solyc02g082080,High affinity copper uptake protein  IPR007274  Ctr copper transporter,-0.2621230123979741,True,,,,3.0,1.298757282134722,1.298757282134722,1.73725787105019e-08,Solyc02g082080.1.1_S57;Solyc02g082080.1.1_S64,False,True
Solyc02g082110,"Pre-mRNA-splicing factor cwc24  IPR000571  Zinc finger, CCCH-type",-1.1485153980659784,True,-1.1504145571330664,2.39083163499562e-11,1.91826680035696e-10,,,,,,True,False
Solyc02g082130,Unknown Protein  IPR007019  Surfeit locus 6,-0.6237944530571375,True,-0.6242455750300347,3.99061463615352e-08,1.32791399798324e-07,,,,,,True,False
Solyc02g082180,DNA replication licensing factor  IPR008049  MCM protein 6,0.01728411675511912,True,,,,,,,,,False,False
Solyc02g082190,CTP synthase  IPR004468  CTP synthase,-0.2833859941625928,True,,,,,,,,,False,False
Solyc02g082200,Glutaredoxin  IPR004480  Glutaredoxin-related protein,0.3173168817166205,True,,,,,,,,,False,False
Solyc02g082210,Genomic DNA chromosome 3 P1 clone MOJ10,-0.4474674727850578,True,,,,,,,,,False,False
Solyc02g082220,Protein transport protein SEC24  IPR006896  Sec23_Sec24 trunk region,0.16202454661483678,True,,,,,,,,,False,False
Solyc02g082230,Serine_threonine-protein phosphatase-tetraphosphatase,-0.019210146455266038,True,,,,,,,,,False,False
Solyc02g082250,Thioredoxin reductase  IPR005982  Thioredoxin reductase,-0.013761597437521126,True,,,,1.0,1.0604199919145565,1.0604199919145565,9.58537854419224e-08,Solyc02g082250.2.1_S33,False,True
Solyc02g082270,"RNA-binding protein 68390-68829  IPR000504  RNA recognition motif, RNP-1",0.4255293669507182,True,,,,2.0,1.2478356459322786,1.2478356459322786,2.18049262937097e-09,Solyc02g082270.2.1_S256,False,True
Solyc02g082280,"Genomic DNA chromosome 5 TAC clone K2A18  IPR012880  Protein of unknown function DUF1683, C-terminal",-0.26115281728930495,True,,,,,,,,,False,False
Solyc02g082340,RNA polymerase I-specific transcription initiation factor RRN3  IPR007991  RNA polymerase I specific transcription initiation factor RRN3,-0.20139344640330795,True,,,,1.0,0.6824312586356786,0.6824312586356786,2.0834847138878e-07,Solyc02g082340.2.1_S573,False,True
Solyc02g082350,"Lrr,  resistance protein fragment",-0.8245170580529246,True,-0.8243234926597863,1.02706037645958e-11,9.52871881625555e-11,3.0,0.7077018543880778,0.7077018543880778,3.86052272100505e-07,Solyc02g082350.2.1_S151;Solyc02g082350.2.1_S163;Solyc02g082350.2.1_S182,True,True
Solyc02g082400,Lysine-specific demethylase 3A  IPR013129  Transcription factor jumonji,-0.5590060801364279,True,,,,,,,,,False,False
Solyc02g082430,MLO-like protein 3  IPR004326  Mlo-related protein,-0.5537648644976886,True,,,,8.0,1.4350058999953246,1.4350058999953246,3.30903811112635e-08,Solyc02g082430.2.1_S495;Solyc02g082430.2.1_S495;S500;Solyc02g082430.2.1_S495;S500;T508;Solyc02g082430.2.1_S545;Solyc02g082430.2.1_T511,False,True
Solyc02g082460,Exoribonuclease 2  IPR001900  Ribonuclease II and R,-0.29854314370722057,True,,,,,,,,,False,False
Solyc02g082500,"50S ribosomal protein L11  IPR006519  Ribosomal protein L11, bacterial-type",-0.2770099884270914,True,,,,,,,,,False,False
Solyc02g082530,Calcium-binding EF hand family protein,-0.36350308970899525,True,,,,1.0,0.6702641481267118,0.6702641481267118,1.55270361519007e-05,Solyc02g082530.1.1_S50,False,True
Solyc02g082540,Actin cytoskeleton-regulatory complex protein pan1,-0.4210966587746403,True,,,,3.0,1.480973122293425,1.480973122293425,2.08779910180666e-08,Solyc02g082540.2.1_S768;Solyc02g082540.2.1_S778;S782,False,True
Solyc02g082570,Unknown Protein,-0.21776199614491293,True,,,,1.0,0.5864081605544925,0.5864081605544925,7.67630634344445e-06,Solyc02g082570.1.1_S32,False,True
Solyc02g082670,WUSCHEL-related homeobox 14  IPR001356  Homeobox,0.21923225919253597,True,,,,,,,,,False,False
Solyc02g082690,Syntaxin binding protein 5 (Tomosyn)  IPR011046  WD40 repeat-like,0.01280015475696008,True,,,,1.0,1.1427473682533997,1.1427473682533997,3.65069360280983e-07,Solyc02g082690.2.1_S558,False,True
Solyc02g082700,"High mobility group protein  IPR000910  High mobility group, HMG1_HMG2",-0.36026495414150245,True,,,,1.0,0.6413872766684331,0.6413872766684331,7.6953138677937e-06,,False,True
Solyc02g082710,Unknown Protein,0.30814641369555795,True,,,,,,,,,False,False
Solyc02g082730,"Rab gdp-dissociation inhibitor  IPR016664  Rab protein geranylgeranyltransferase component A, eukaryota",-0.4747171463864023,True,,,,,,,,,False,False
Solyc02g082740,Dirigent-like protein 1  IPR004265  Plant disease resistance response protein,-0.5736939283725173,True,,,,,,,,,False,False
Solyc02g082760,Catalase  IPR018028  Catalase related subgroup,0.5903191523461977,True,0.589867128062739,6.75022650041414e-08,2.11700822638253e-07,,,,,,True,False
Solyc02g082800,Ubiquilin-1  IPR015496  Ubiquilin,-0.24603508439102753,True,,,,,,,,,False,False
Solyc02g082830,Phosphoserine aminotransferase  IPR003248  Phosphoserine aminotransferase,-1.1621861053816578,True,-1.1613593762838532,2.28933800838611e-14,6.38493985123126e-13,,,,,,True,False
Solyc02g082840,Protein GRIP  IPR000237  GRIP,-0.5740714447998458,True,,,,1.0,0.8092594747002051,0.8092594747002051,2.31346744055825e-07,Solyc02g082840.2.1_S775,False,True
Solyc02g082860,"Isocitrate dehydrogenase  IPR004434  Isocitrate dehydrogenase NAD-dependent, mitochondrial",-0.19963370110830786,True,,,,,,,,,False,False
Solyc02g082900,Strictosidine synthase family protein  IPR004141  Strictosidine synthase,-0.8327161751809662,True,-0.8347292661555816,6.33757461426579e-09,2.56154448256454e-08,,,,,,True,False
Solyc02g082920,"Endochitinase (Chitinase)  IPR000726  Glycoside hydrolase, family 19, catalytic",1.1908732324611053,True,1.1884223650746568,9.10722373191063e-09,3.53626057357893e-08,,,,,,True,False
Solyc02g082930,"Endochitinase (Chitinase)  IPR016283  Glycoside hydrolase, family 19  IPR000726  Glycoside hydrolase, family 19, catalytic",0.5821772020326542,True,,,,,,,,,False,False
Solyc02g082970,Pentatricopeptide repeat-containing protein  IPR002885  Pentatricopeptide repeat,-0.8208398022698449,True,-0.8218416778909052,1.39484458433786e-11,1.2335700164771e-10,,,,,,True,False
Solyc02g083260,"GPI mannosyltransferase 1  IPR007704  Mannosyltransferase, DXD",-0.0009725668260613206,True,,,,,,,,,False,False
Solyc02g083270,Vitamin K epoxide reductase  IPR012932  Vitamin K epoxide reductase,-0.45451410485872895,True,,,,,,,,,False,False
Solyc02g083280,Thiosulfate sulfurtransferase_rhodanese-like domain-containing protein 1  IPR001763  Rhodanese-like,0.26971990674199176,True,,,,1.0,1.4043232938817163,1.4043232938817163,2.2178357236509e-10,Solyc02g083280.2.1_S32,False,True
Solyc02g083290,Serine_threonine_tyrosine kinase  IPR015783  ATMRK serine_threonine protein kinase-like,-0.12620983064016703,True,,,,1.0,1.180375579094482,1.180375579094482,1.86389453042665e-08,Solyc02g083290.2.1_S555,False,True
Solyc02g083320,"RNA-binding protein  IPR012677  Nucleotide-binding, alpha-beta plait",-0.242742996611385,True,,,,1.0,1.3328723663825688,1.3328723663825688,1.31089777319688e-08,,False,True
Solyc02g083340,"Phospholipase D  IPR011402  Phospholipase D, plant",-1.3385667586772165,True,-1.3391201212168475,4.20287015976119e-15,1.76203348962063e-13,,,,,,True,False
Solyc02g083350,"DNA-directed RNA polymerase  IPR006592  RNA polymerase, N-terminal",-0.21426326504715806,True,,,,,,,,,False,False
Solyc02g083360,Protein-methionine-s-oxide reductase,0.12494391503818564,True,,,,,,,,,False,False
Solyc02g083390,"Prolyl 4-hydroxylase alpha subunit-like protein  IPR006620  Prolyl 4-hydroxylase, alpha subunit",-0.34747520966366374,True,,,,,,,,,False,False
Solyc02g083410,Receptor-like kinase  IPR002290  Serine_threonine protein kinase,0.023082795661908722,True,,,,,,,,,False,False
Solyc02g083460,Aspartyl protease family protein  IPR001461  Peptidase A1,1.4276168864341865,True,1.4276312675330292,3.11746188425478e-14,7.96206931817716e-13,,,,,,True,False
Solyc02g083470,Pre-rRNA-processing protein ESF1,-0.8624504379242134,True,-0.8663000933662952,2.66324346370802e-09,1.19248906324619e-08,2.0,0.6905115980083046,-0.6905115980083046,4.19060854059108e-05,Solyc02g083470.2.1_T617,True,True
Solyc02g083500,Genomic DNA chromosome 5 TAC clone K2A18  IPR006016  UspA,0.014425537397209552,True,,,,,,,,,False,False
Solyc02g083560,Vacuolar protein sorting 35  IPR005378  Vacuolar protein sorting-associated protein 35,-0.28825963215369593,True,,,,,,,,,False,False
Solyc02g083590,"Dehydroquinate synthase  IPR016037  3-dehydroquinate synthase AroB, subgroup",0.6106988613746497,True,0.6108249711197399,6.85961622845128e-11,4.8120180772277e-10,1.0,0.7441218686505612,-0.7441218686505612,0.00021747422315792,Solyc02g083590.2.1_S89,True,True
Solyc02g083620,Ascorbate peroxidase  IPR002207  Plant ascorbate peroxidase,-0.5562537664797019,True,,,,,,,,,False,False
Solyc02g083630,Ascorbate peroxidase  IPR002207  Plant ascorbate peroxidase,-0.3834697689497539,True,,,,,,,,,False,False
Solyc02g083650,Unknown Protein,-0.04820681835454164,True,,,,,,,,,False,False
Solyc02g083700,"Alpha-mannosidase  IPR011682  Glycosyl hydrolases 38, C-terminal",0.24641163657335463,True,,,,,,,,,False,False
Solyc02g083710,"26S proteasome non-ATPase regulatory subunit 4  IPR002035  von Willebrand factor, type A",0.06215479546134308,True,,,,,,,,,False,False
Solyc02g083750,Transcription regulator  IPR007592  Protein of unknown function DUF573,-0.34757204450162454,True,,,,,,,,,False,False
Solyc02g083800,"Cold-shock DNA binding protein  IPR002059  Cold-shock protein, DNA-binding",0.33249774174394897,True,,,,,,,,,False,False
Solyc02g083810,Ferredoxin--NADP reductase  IPR012146  Ferredoxin--NADP reductase,-1.0750171198727632,True,-1.0764507462331119,6.00825458260411e-09,2.44064747395728e-08,1.0,2.4953621510040906,2.4953621510040906,1.00707432519128e-10,Solyc02g083810.2.1_S18,True,True
Solyc02g083820,Armadillo_beta-catenin repeat family protein  IPR011989  Armadillo-like helical,-0.606685511217483,True,-0.6068228898944595,7.87476050506945e-11,5.43829614367189e-10,,,,,,True,False
Solyc02g083860,Flavanone 3-hydroxylase  IPR005123  Oxoglutarate and iron-dependent oxygenase,-0.004855657129607902,True,,,,,,,,,False,False
Solyc02g083900,"Serine_threonine-protein kinase TEL1  IPR003151  PIK-related kinase, FAT",-0.39490313149483863,True,,,,1.0,1.0782844339326243,1.0782844339326243,2.57450183860554e-08,Solyc02g083900.2.1_T3898,False,True
Solyc02g083970,Chromosome 18 contig 1 DNA sequence,-1.324790621008387,True,-1.3226183800458082,3.99310255562888e-11,3.00513933229716e-10,,,,,,True,False
Solyc02g084020,"Small nuclear ribonucleoprotein Sm D3  IPR006649  Like-Sm ribonucleoprotein, eukaryotic and archaea-type, core",0.41098252672808866,True,,,,,,,,,False,False
Solyc02g084030,Peptide methionine sulfoxide reductase msrA  IPR002569  Methionine sulphoxide reductase A,-0.08917142593088312,True,,,,,,,,,False,False
Solyc02g084210,"GDP-mannose 4 6-dehydratase  IPR006368  GDP-mannose 4,6-dehydratase",-1.437695824497726,True,-1.433707734180995,7.3483161762678e-09,2.93272717443503e-08,,,,,,True,False
Solyc02g084220,Genomic DNA chromosome 5 TAC clone K1L20,0.5015742824772439,True,,,,2.0,1.3257415333065339,1.3257415333065339,6.18511452803327e-08,Solyc02g084220.2.1_S63,False,True
Solyc02g084240,H1 histone-like protein  IPR005818  Histone H1_H5,0.7291308860240171,True,0.7284354019829492,1.72119093139386e-09,8.10431613153437e-09,,,,,,True,False
Solyc02g084340,"Pre-mRNA-splicing factor CWC25-like protein  IPR019339  CBF1-interacting co-repressor CIR, N-terminal",-0.3038813547821292,True,,,,,,,,,False,False
Solyc02g084360,"V-type proton ATPase 16 kDa proteolipid subunit c2  IPR011555  ATPase, V0 complex, proteolipid subunit C, eukaryotic",-0.29248552016861223,True,,,,,,,,,False,False
Solyc02g084380,Genomic DNA chromosome 3 P1 clone MVE11  IPR000529  Ribosomal protein S6,-0.4149273434491701,True,,,,,,,,,False,False
Solyc02g084440,"Fructose-bisphosphate aldolase  IPR000741  Fructose-bisphosphate aldolase, class-I",-0.4496117079672255,True,,,,1.0,0.718224980396823,0.718224980396823,3.16416089893669e-05,Solyc02g084440.2.1_S28,False,True
Solyc02g084490,General vesicular transport factor p115  IPR016024  Armadillo-type fold,-0.21043957655966863,True,,,,,,,,,False,False
Solyc02g084500,UPF0183 domain protein  IPR005373  Uncharacterised protein family UPF0183,0.15491864629213367,True,,,,,,,,,False,False
Solyc02g084550,Chromosome 10 contig 1 DNA sequence,0.3300437627772541,True,,,,,,,,,False,False
Solyc02g084560,Coiled-coil domain-containing protein 90B mitochondrial  IPR012439  Protein of unknown function DUF1640,0.05584403322157554,True,,,,,,,,,False,False
Solyc02g084600,"LRR receptor-like serine_threonine-protein kinase, RLP",0.5001739376851743,True,,,,,,,,,False,False
Solyc02g084640,Aldehyde dehydrogenase-dependent  IPR015590  Aldehyde dehydrogenase,-1.0416728444718995,True,-1.041280623917804,1.10192916004062e-11,1.00932562405778e-10,,,,,,True,False
Solyc02g084650,"Unknown Protein  IPR019180  Oxidoreductase-like protein, N-terminal",0.5194200284511085,True,,,,,,,,,False,False
Solyc02g084660,"Glutaredoxin I  IPR011899  Glutaredoxin, eukaryotic and viruses",0.5123158030245444,True,,,,,,,,,False,False
Solyc02g084690,FG-GAP repeat-containing protein  IPR013517  FG-GAP,-0.3796010883679466,True,,,,,,,,,False,False
Solyc02g084710,"Thioredoxin h1  IPR015467  Thioredoxin, core",0.3414586228600024,True,,,,,,,,,False,False
Solyc02g084760,"Ubiquitin-conjugating enzyme E2 W  IPR000608  Ubiquitin-conjugating enzyme, E2",-0.37565894068122074,True,,,,,,,,,False,False
Solyc02g084810,Unknown Protein,-0.10136159488592372,True,,,,,,,,,False,False
Solyc02g084820,"Glycosyl transferase group 1  IPR001296  Glycosyl transferase, group 1",-0.6511260615232624,True,-0.6497935684372332,1.67371790914268e-08,6.06688612416809e-08,,,,,,True,False
Solyc02g084870,Mitogen-activated protein kinase 7  IPR002290  Serine_threonine protein kinase,0.01940668219598998,True,,,,,,,,,False,False
Solyc02g084920,"Proteasome subunit beta type  IPR001353  Proteasome, subunit alpha_beta",0.24242958387678099,True,,,,,,,,,False,False
Solyc02g084990,"Mannan endo-1 4-beta-mannosidase  IPR001547  Glycoside hydrolase, family 5",0.3361321435820495,True,,,,,,,,,False,False
Solyc02g085000,Genomic DNA chromosome 5 TAC clone K1F13,0.40250984479465224,True,,,,5.0,1.241230704116074,1.241230704116074,2.10944915849463e-09,Solyc02g085000.2.1_S111;Solyc02g085000.2.1_S141;S144;Solyc02g085000.2.1_S144,False,True
Solyc02g085040,"2,3,4,5-tetrahydropyridine-2,6-dicarboxylate N-acetyltransferase  IPR011004  Trimeric LpxA-like",-0.05029992736596373,True,,,,,,,,,False,False
Solyc02g085050,Inorganic pyrophosphatase-like protein  IPR008162  Inorganic pyrophosphatase,-0.2504594059222179,True,,,,3.0,1.3767042945768666,1.3767042945768666,1.66803101408581e-06,Solyc02g085050.2.1_S83,False,True
Solyc02g085080,"Transmembrane protein 53  IPR008547  Protein of unknown function DUF829, transmembrane 53",-0.04557830572865056,True,,,,,,,,,False,False
Solyc02g085100,"Aldose 1-epimerase family protein  IPR014718  Glycoside hydrolase-type carbohydrate-binding, subgroup",-0.22557548048217818,True,,,,,,,,,False,False
Solyc02g085180,Catalytic_ hydrolase  IPR000639  Epoxide hydrolase-like,-1.1670936938951706,True,-1.1662811722792321,1.24818213091408e-12,1.65827246331306e-11,,,,,,True,False
Solyc02g085210,"UPF0567 protein C13orf39 homolog  IPR019410  Methyltransferase-16, putative",-0.06973561126201731,True,,,,,,,,,False,False
Solyc02g085230,Nucleolar protein 6  IPR005554  Nrap protein,-0.27514534445185634,True,,,,,,,,,False,False
Solyc02g085250,FAD dependent oxidoreductase  IPR006076  FAD dependent oxidoreductase,-0.45851270849081477,True,,,,,,,,,False,False
Solyc02g085280,"50S ribosomal protein L6  IPR019906  Ribosomal protein L6, subgroup",-0.38094035425022693,True,,,,,,,,,False,False
Solyc02g085290,Maf-like protein expressed  IPR003697  Maf-like protein,-0.6641912069809258,True,-0.6608412150455252,1.51441368091129e-06,3.5826746861697e-06,,,,,,True,False
Solyc02g085350,"Succinate dehydrogenase flavoprotein subunit  IPR011281  Succinate dehydrogenase, flavoprotein subunit",0.11731480007765112,True,,,,,,,,,False,False
Solyc02g085420,"U1 small nuclear ribonucleoprotein  IPR012677  Nucleotide-binding, alpha-beta plait",-0.13073159177217172,True,,,,,,,,,False,False
Solyc02g085520,"Adenylosuccinate synthetase, chloroplastic  IPR001114  Adenylosuccinate synthetase",0.22691116159122893,True,,,,1.0,1.2989154718283176,-1.2989154718283176,1.56992276242e-08,Solyc02g085520.2.1_T374,False,True
Solyc02g085570,"Splicing factor U2AF large subunit  IPR006529  U2 snRNP auxilliary factor, large subunit, splicing factor",-0.3110257509327898,True,,,,1.0,0.7450994677538869,0.7450994677538869,6.58048944454575e-07,Solyc02g085570.2.1_S17,False,True
Solyc02g085640,"Xaa-Pro aminopeptidase 1  IPR001131  Peptidase M24B, X-Pro dipeptidase_aminopeptidase P, conserved site  IPR000994  Peptidase M24, structural domain",0.04139338222443635,True,,,,,,,,,False,False
Solyc02g085690,Ubiquitin-conjugating enzyme E2 4  IPR015580  RUB1 conjugating enzyme Ubc12,0.4513448535844648,True,,,,,,,,,False,False
Solyc02g085700,Geranylgeranyl pyrophosphate synthase  IPR000092  Polyprenyl synthetase,0.98710414282019,True,0.987340053923319,9.02338178033361e-14,1.8607846232855e-12,,,,,,True,False
Solyc02g085730,Allene oxide cyclase  IPR009410  Allene oxide cyclase,-0.38115321536935975,True,,,,2.0,0.7302837014633953,0.7302837014633953,9.9297543576361e-06,Solyc02g085730.2.1_S211;Solyc02g085730.2.1_S221,False,True
Solyc02g085780,Regulator of chromosome condensation (RCC1)-like protein  IPR009091  Regulator of chromosome condensation_beta-lactamase-inhibitor protein II,-0.14685720478823966,True,,,,,,,,,False,False
Solyc02g085790,"T-complex protein 1 subunit zeta  IPR012722  T-complex protein 1, zeta subunit",-0.15183993993612865,True,,,,,,,,,False,False
Solyc02g085810,HEAT repeat containing 5B  IPR011989  Armadillo-like helical,-0.43621605337848146,True,,,,5.0,1.1496678666633156,1.1496678666633156,6.3897414674744e-07,Solyc02g085810.2.1_S2129;Solyc02g085810.2.1_S2297;Solyc02g085810.2.1_S2335;Solyc02g085810.2.1_S2352,False,True
Solyc02g085820,"NADPH-cytochrome P450 reductase  IPR003097  FAD-binding, type 1",-0.23401063603449257,True,,,,,,,,,False,False
Solyc02g085840,UV excision repair protein RAD23  IPR000626  Ubiquitin,0.12666756143135363,True,,,,,,,,,False,False
Solyc02g085850,"Dolichyl pyrophosphate Glc1Man9GlcNAc2 alpha-1 3-glucosyltransferase  IPR004856  Glycosyltransferase, ALG6_ALG8",-0.02652142438218527,True,,,,,,,,,False,False
Solyc02g085870,Fatty acid elongase 3-ketoacyl-CoA synthase  IPR012392  Very-long-chain 3-ketoacyl-CoA synthase,-0.4286928361572787,True,,,,,,,,,False,False
Solyc02g085950,"Ribulose bisphosphate carboxylase small chain  IPR000894  Ribulose bisphosphate carboxylase, small chain",-0.6043080776849912,True,-0.6058338412745138,0.00018940295406315,0.000317086731157144,,,,,,True,False
Solyc02g086080,Alpha_beta hydrolase fold  IPR000073  Alpha_beta hydrolase fold-1,-0.26300803724739696,True,,,,,,,,,False,False
Solyc02g086100,Dermal papilla-derived protein 6 homolog  IPR019519  Histone acetylation protein 2,-0.3049608900713323,True,,,,,,,,,False,False
Solyc02g086160,D-xylose transporter  IPR003663  Sugar_inositol transporter,-0.3086066736800428,True,,,,,,,,,False,False
Solyc02g086300,Glutamine amidotransferase  IPR011697  Peptidase C26,-1.161806808738361,True,-1.1616300482580892,1.84950448542575e-12,2.27363704930347e-11,,,,,,True,False
Solyc02g086340,LisH domain and HEAT repeat-containing protein KIAA1468  IPR011989  Armadillo-like helical,-0.23275083458471416,True,,,,,,,,,False,False
Solyc02g086360,Octicosapeptide_Phox_Bem1p domain-containing protein  IPR000270  Octicosapeptide_Phox_Bem1p,0.006834888490604381,True,,,,2.0,0.9996148990716801,0.9996148990716801,2.85331840601373e-07,Solyc02g086360.2.1_S514,False,True
Solyc02g086460,Unknown Protein,-0.22261884063942203,True,,,,37.0,1.676391461925117,1.676391461925117,3.36292531619611e-11,Solyc02g086460.2.1_S12;Solyc02g086460.2.1_S1210;S1710;Solyc02g086460.2.1_S1288;Solyc02g086460.2.1_S171;Solyc02g086460.2.1_S1850;Solyc02g086460.2.1_S2114;Solyc02g086460.2.1_S3473;Solyc02g086460.2.1_S3525;Solyc02g086460.2.1_S3537;Solyc02g086460.2.1_S3565;Solyc02g086460.2.1_S3704;Solyc02g086460.2.1_S3718;Solyc02g086460.2.1_S3718;S3719;Solyc02g086460.2.1_S3718;S3719;S3720;Solyc02g086460.2.1_S3774;Solyc02g086460.2.1_S41;Solyc02g086460.2.1_S47;Solyc02g086460.2.1_S509;Solyc02g086460.2.1_S71;Solyc02g086460.2.1_S927;Solyc02g086460.2.1_T2828;Solyc02g086460.2.1_T344;Solyc02g086460.2.1_T3614;Solyc02g086460.2.1_T3770;S3774;Solyc02g086460.2.1_T715,False,True
Solyc02g086500,Genomic DNA chromosome 3 P1 clone MGF10  IPR016024  Armadillo-type fold,-0.09841466390626664,True,,,,,,,,,False,False
Solyc02g086510,"Zinc finger CCCH domain-containing protein 41  IPR000504  RNA recognition motif, RNP-1",0.005460790499557469,True,,,,1.0,0.7548028733490135,0.7548028733490135,3.50129428802083e-06,Solyc02g086510.2.1_S662,False,True
Solyc02g086520,Os05g0169400 protein (Fragment)  IPR010820  Protein of unknown function DUF1421,-0.42622650631533565,True,,,,9.0,1.1228971446485199,1.1228971446485199,1.76750526695951e-08,Solyc02g086520.2.1_S17;S20;Solyc02g086520.2.1_S39;Solyc02g086520.2.1_S481;Solyc02g086520.2.1_S64;Solyc02g086520.2.1_S82;S85,False,True
Solyc02g086560,Cobalamin (Vitamin B12) biosynthesis CbiX protein biosynthesis CbiX,-0.08023233098051488,True,,,,,,,,,False,False
Solyc02g086600,Polyribonucleotide nucleotidyltransferase  IPR012162  Polyribonucleotide nucleotidyltransferase,0.057851128250859515,True,,,,1.0,0.8292268863977834,0.8292268863977834,7.36424172262518e-06,,False,True
Solyc02g086610,"Isocitrate dehydrogenase-like protein  IPR004790  Isocitrate dehydrogenase NADP-dependent, eukaryotic",0.33966388293781263,True,,,,,,,,,False,False
Solyc02g086640,tRNA adenine-N1 methyltransferase catalytic subunit TRM61  IPR014816  tRNA methyltransferase complex GCD14 subunit,-0.016770425792207107,True,,,,,,,,,False,False
Solyc02g086660,"ATP dependent RNA helicase  IPR011545  DNA_RNA helicase, DEAD_DEAH box type, N-terminal",-0.09681697842673627,True,,,,,,,,,False,False
Solyc02g086680,Peptide deformylase-like  IPR000181  Formylmethionine deformylase,0.4370383768763066,True,,,,,,,,,False,False
Solyc02g086710,Monodehydroascorbate reductase (NADH)-like protein  IPR013027  FAD-dependent pyridine nucleotide-disulphide oxidoreductase,0.5895528071235488,True,0.5902387553523618,1.54938999256162e-08,5.66940232766065e-08,,,,,,True,False
Solyc02g086730,"50S ribosomal protein L12-C  IPR015608  Ribosomal protein L12, chloroplast",-0.8974360079379851,True,-0.8967024136589162,4.63902248545177e-10,2.5802022434728e-09,2.0,2.2086157704096285,2.2086157704096285,8.19895635427914e-11,Solyc02g086730.1.1_S105,True,True
Solyc02g086740,"50S ribosomal protein L12-C  IPR015608  Ribosomal protein L12, chloroplast",-1.191606844409209,True,-1.191976152598888,1.18253260819935e-10,7.69425316374513e-10,,,,,,True,False
Solyc02g086750,PWWP domain-containing protein  IPR000313  PWWP,-0.24160963378332834,True,,,,6.0,1.1345717948321807,1.1345717948321807,1.06973714979427e-08,Solyc02g086750.1.1_S484;Solyc02g086750.1.1_S494;S499;Solyc02g086750.1.1_S499;Solyc02g086750.1.1_S773;Solyc02g086750.1.1_T498;S499,False,True
Solyc02g086790,Serine_threonine protein kinase  IPR002290  Serine_threonine protein kinase,-0.32478298346226003,True,,,,6.0,1.3361469065085794,1.3361469065085794,1.75488482685023e-08,Solyc02g086790.2.1_S335;Solyc02g086790.2.1_S501;Solyc02g086790.2.1_S532;Solyc02g086790.2.1_S536,False,True
Solyc02g086800,"Phospholipid-transporting ATPase  IPR006539  ATPase, P-type, phospholipid-translocating, flippase",-0.5915746287119158,True,-0.5915408866138512,4.60200831400599e-08,1.50432695457467e-07,1.0,0.8250535649760113,0.8250535649760113,3.07471759918473e-06,,True,True
Solyc02g086830,"Protease Do-like (S2 serine-type protease)  IPR001254  Peptidase S1 and S6, chymotrypsin_Hap",-1.7666084594299456,True,-1.767851500517036,1.75543257768042e-14,5.20076158347454e-13,,,,,,True,False
Solyc02g086860,"UPF0497 membrane protein At2g36330  IPR006702  Uncharacterised protein family UPF0497, trans-membrane plant",-1.0422561760282363,True,-1.042275602915615,8.98116788255683e-13,1.25313375416271e-11,4.0,1.2455226067380571,1.2455226067380571,2.6728238322836e-07,Solyc02g086860.2.1_S124;Solyc02g086860.2.1_S192;Solyc02g086860.2.1_S85,True,True
Solyc02g086870,Farnesyltransferase beta subunit  IPR008930  Terpenoid cylases_protein prenyltransferase alpha-alpha toroid,-0.5791874441679201,True,,,,,,,,,False,False
Solyc02g086880,"Formate dehydrogenase  IPR006140  D-isomer specific 2-hydroxyacid dehydrogenase, NAD-binding",0.05029791707032521,True,,,,,,,,,False,False
Solyc02g086890,Calcium homeostasis regulator chor1 (Fragment),-0.2572924842193545,True,,,,,,,,,False,False
Solyc02g086910,"Peptidyl-prolyl cis-trans isomerase cyclophilin-type  IPR002130  Peptidyl-prolyl cis-trans isomerase, cyclophilin-type",-0.38564383993431983,True,,,,,,,,,False,False
Solyc02g086940,FAM179B protein (Fragment)  IPR016024  Armadillo-type fold,-0.9210511344926728,True,-0.9195115822621353,2.67196770071145e-11,2.1203972253503e-10,,,,,,True,False
Solyc02g087110,"Alpha-dioxygenase  IPR002007  Haem peroxidase, animal",1.258713687658059,True,1.2580740326194915,8.94436379398191e-12,8.47521379540631e-11,,,,,,True,False
Solyc02g087130,Phosphoglycerate mutase  IPR002156  Ribonuclease H,-0.3854941040536886,True,,,,,,,,,False,False
Solyc02g087140,Phosphoglycerate mutase  IPR002156  Ribonuclease H,-0.3988889843288574,True,,,,,,,,,False,False
Solyc02g087150,Heavy-metal-associated domain-containing protein  IPR006121  Heavy metal transport_detoxification protein,-1.1011133791983825,True,-1.1021719115980269,3.02040221733151e-10,1.76497928386867e-09,,,,,,True,False
Solyc02g087190,"Peroxidase 65  IPR002016  Haem peroxidase, plant_fungal_bacterial",-0.9521759822588391,True,-0.9479476771740528,7.69267219747261e-11,5.33326602894981e-10,,,,,,True,False
Solyc02g087220,Protein bicaudal C homolog 1-B  IPR001660  Sterile alpha motif SAM,-0.34234768279309513,True,,,,5.0,0.959807391824258,0.959807391824258,7.91762484331147e-08,Solyc02g087220.2.1_S118;Solyc02g087220.2.1_S169;S173;Solyc02g087220.2.1_T213;Solyc02g087220.2.1_T47,False,True
Solyc02g087230,"Ferredoxin-thioredoxin reductase catalytic chain  IPR004209  Ferredoxin thioredoxin reductase, beta subunit",0.17966736899284516,True,,,,,,,,,False,False
Solyc02g087240,"NADH-quinone oxidoreductase F subunit family protein  IPR011537  NADH ubiquinone oxidoreductase, F subunit",-0.06643588032172901,True,,,,,,,,,False,False
Solyc02g087250,"Group II intron splicing factor CRS1-like  IPR001890  RNA-binding, CRM domain",-0.18680015022561264,True,,,,2.0,1.7004163789968563,1.7004163789968563,6.46663080625294e-10,Solyc02g087250.2.1_S520;Solyc02g087250.2.1_S530,False,True
Solyc02g087290,"Alpha-mannosidase-like protein  IPR000602  Glycoside hydrolase, family 38, core",-0.583912307026434,True,,,,,,,,,False,False
Solyc02g087300,"Protein transport SEC13-like protein  IPR020472  G-protein beta WD-40 repeat, region",-0.0029397773772441944,True,,,,,,,,,False,False
Solyc02g087360,Paired amphipathic helix protein SIN3  IPR013194  Histone deacetylase interacting,-0.8636914358753486,True,-0.8632750757995161,1.29949705774107e-10,8.3093020497861e-10,3.0,0.7576533569350286,0.7576533569350286,4.70429071398289e-07,Solyc02g087360.2.1_S1010;Solyc02g087360.2.1_S769;S772;Solyc02g087360.2.1_S806,True,True
Solyc02g087400,Ankyrin repeat domain containing protein  IPR002110  Ankyrin,-1.068898295574794,True,-1.0674016092114305,2.19960517441104e-12,2.62065560189884e-11,,,,,,True,False
Solyc02g087460,"Receptor like kinase, RLK",-0.7368866791583176,True,-0.7362158200630813,1.24475815053369e-10,8.02277769539051e-10,1.0,1.5840485297814193,1.5840485297814193,2.17095292858825e-10,Solyc02g087460.1.1_S263,True,True
Solyc02g087550,"Beta-1,3-galactosyl-O-glycosyl-glycoprotein beta-1,6-N-acetylglucosaminyltransferase 4  IPR003406  Glycosyl transferase, family 14",-0.5722903536893725,True,,,,,,,,,False,False
Solyc02g087620,Inositol hexakisphosphate and diphosphoinositol-pentakisphosphate kinase 2  IPR000560  Histidine acid phosphatase,-0.21661633609596145,True,,,,,,,,,False,False
Solyc02g087640,"Protein midA homolog, mitochondrial  IPR003788  Protein of unknown function DUF185",-0.5598273503533022,True,,,,,,,,,False,False
Solyc02g087650,Unknown Protein,-0.2647074531101732,True,,,,,,,,,False,False
Solyc02g087710,FACT complex subunit SSRP1  IPR000969  Structure-specific recognition protein,-0.49802536160063715,True,,,,2.0,0.680876132808649,0.680876132808649,1.79864444497019e-06,Solyc02g087710.2.1_S105,False,True
Solyc02g087720,At3g28720-like protein (Fragment),-0.3155202932982269,True,,,,,,,,,False,False
Solyc02g087750,"Ubiquitin-conjugating enzyme E2 2  IPR000608  Ubiquitin-conjugating enzyme, E2",-0.5076976607177891,True,,,,,,,,,False,False
Solyc02g087760,Calmodulin binding protein  IPR000048  IQ calmodulin-binding region,-1.726510008907877,True,-1.7277698861547117,2.29162445155577e-14,6.38493985123126e-13,8.0,1.9232163173770453,-1.9232163173770453,2.79156288056151e-08,Solyc02g087760.2.1_S184;Solyc02g087760.2.1_S339;Solyc02g087760.2.1_S47;Solyc02g087760.2.1_S509;Solyc02g087760.2.1_S543;Solyc02g087760.2.1_T353,True,True
Solyc02g087770,Aldose-1-epimerase-like protein  IPR015443  Aldose-1-epimerase,-0.5000420016473018,True,,,,,,,,,False,False
Solyc02g087780,Aldose-1-epimerase-like protein  IPR015443  Aldose-1-epimerase,-0.6486460816984225,True,-0.6481847773107425,2.46336957006502e-07,6.85049591386222e-07,,,,,,True,False
Solyc02g087800,Aldose-1-epimerase-like protein  IPR015443  Aldose-1-epimerase,-0.2568841039116193,True,,,,,,,,,False,False
Solyc02g087900,"Cullin C  IPR001373  Cullin, N-terminal",-0.42188798672812206,True,,,,,,,,,False,False
Solyc02g087930,60S ribosomal protein L34  IPR008195  Ribosomal protein L34e,-1.021913225962624,True,-1.0219265393068726,1.90729121893599e-11,1.59924569376444e-10,,,,,,True,False
Solyc02g087940,Unknown Protein,-0.058815871599580946,True,,,,2.0,1.0097653308534427,1.0097653308534427,2.23992944815781e-07,Solyc02g087940.2.1_S99,False,True
Solyc02g087970,Zinc finger-homeodomain protein 1 (Fragment)  IPR006456  ZF-HD homeobox protein Cys_His-rich dimerisation region,-0.942374665770639,True,-0.9370779486219311,3.24894670234377e-10,1.88121422087501e-09,4.0,1.1721612314371315,-1.1721612314371315,2.68187780311837e-08,Solyc02g087970.1.1_S17;Solyc02g087970.1.1_S18;Solyc02g087970.1.1_T15,True,True
Solyc02g088000,"Glycogen synthase  IPR011835  Glycogen_starch synthases, ADP-glucose type",0.009899914984091438,True,,,,,,,,,False,False
Solyc02g088100,"Expansin  IPR007112  Expansin 45, endoglucanase-like  IPR007117  Pollen allergen_expansin, C-terminal",-0.47800034313765116,True,,,,,,,,,False,False
Solyc02g088110,"Polypyrimidine tract-binding protein-like  IPR012677  Nucleotide-binding, alpha-beta plait",-0.052757341456612886,True,,,,1.0,0.9957695949130463,-0.9957695949130463,5.95617055286326e-06,Solyc02g088110.2.1_T14,False,True
Solyc02g088220,"Xenotropic and polytropic retrovirus receptor  IPR004342  EXS, C-terminal",-1.6354609900283181,True,-1.6357428885920478,4.60738407343812e-11,3.40402573937806e-10,,,,,,True,False
Solyc02g088260,Latex abundant protein 1,-0.2309557058288696,True,,,,9.0,0.9372258631053967,0.9372258631053967,8.12561033846028e-07,Solyc02g088260.2.1_S151;Solyc02g088260.2.1_S179;S260;Solyc02g088260.2.1_S213;Solyc02g088260.2.1_S219;Solyc02g088260.2.1_S273;Solyc02g088260.2.1_S296;Solyc02g088260.2.1_T191,False,True
Solyc02g088270,Genomic DNA chromosome 5 P1 clone MUL8  IPR018971  Protein of unknown function DUF1997,1.7308090301418753,True,1.7281637811422212,2.1008398257224e-13,3.65842304733213e-12,,,,,,True,False
Solyc02g088290,Guanine nucleotide exchange factor-like protein  IPR000904  SEC7-like,-0.05022808030422417,True,,,,,,,,,False,False
Solyc02g088300,Early-responsive to dehydration protein-like  IPR003864  Protein of unknown function DUF221,0.1316354728828274,True,,,,1.0,0.9370070393048783,0.9370070393048783,3.72676560115312e-08,Solyc02g088300.2.1_S51,False,True
Solyc02g088340,WRKY transcription factor-c  IPR003657  DNA-binding WRKY,-0.08148675886728991,True,,,,1.0,0.6248392028259466,0.6248392028259466,4.79396418200697e-06,,False,True
Solyc02g088350,Genomic DNA chromosome 3 P1 clone MXO21,0.20171157503625878,True,,,,,,,,,False,False
Solyc02g088390,Blue copper-like protein  IPR003245  Plastocyanin-like,-0.19601055271993725,True,,,,,,,,,False,False
Solyc02g088460,"Chorismate mutase 1  IPR008238  Chorismate mutase of the AroQ class, eukaryotic type",-0.42110478308866517,True,,,,,,,,,False,False
Solyc02g088490,Saccharopine dehydrogenase  IPR005097  Saccharopine dehydrogenase,0.15229502123961008,True,,,,1.0,0.8191179179005088,0.8191179179005088,6.344544005197e-06,Solyc02g088490.2.1_S261,False,True
Solyc02g088500,C-glucosyltransferase  IPR002213  UDP-glucuronosyl_UDP-glucosyltransferase,-1.4219587046534972,True,-1.4222477252809105,2.92094866754991e-14,7.59105022139873e-13,,,,,,True,False
Solyc02g088550,"Ubiquitin conjugation factor E4 A  IPR019474  Ubiquitin conjugation factor E4, core",0.033581924377592075,True,,,,,,,,,False,False
Solyc02g088580,"Genomic DNA chromosome 5 P1 clone MXM12  IPR012417  Calmodulin-binding, plant",-0.30645912305514345,True,,,,8.0,1.4027974595890191,1.4027974595890191,1.97245744960473e-09,Solyc02g088580.1.1_S11;S15;Solyc02g088580.1.1_S420;Solyc02g088580.1.1_S498;Solyc02g088580.1.1_S541;Solyc02g088580.1.1_S617;Solyc02g088580.1.1_S75;Solyc02g088580.1.1_T222,False,True
Solyc02g088610,ATP-dependent chaperone ClpB  IPR017730  Chaperonin ClpB,1.93272324132574,True,1.9327874185890923,1.24658285245298e-17,2.76990709815052e-15,1.0,1.4571001481146768,-1.4571001481146768,3.38200804962659e-09,Solyc02g088610.2.1_S431,True,True
Solyc02g088620,"Membrane-anchored ubiquitin-fold protein 1  IPR017000  Membrane-anchored ubiquitin-fold protein, HCG-1",-0.1559663802683465,True,,,,3.0,1.1700382093237909,1.1700382093237909,4.22678580385785e-07,Solyc02g088620.2.1_S24;Solyc02g088620.2.1_S76,False,True
Solyc02g088660,AT3g29310_MUO10_1  IPR000048  IQ calmodulin-binding region,-0.3650196809993306,True,,,,,,,,,False,False
Solyc02g088690,"UDP-glucose 6-dehydrogenase  IPR001732  UDP-glucose_GDP-mannose dehydrogenase, N-terminal",-1.1589621033456017,True,-1.1584815178753196,1.54292784439732e-13,2.86894198347351e-12,,,,,,True,False
Solyc02g088700,"Mitochondrial processing peptidase beta subunit  IPR011237  Peptidase M16, core",-0.2730152593870067,True,,,,,,,,,False,False
Solyc02g088720,"Heterogeneous nuclear ribonucleoprotein R (Fragment)  IPR000504  RNA recognition motif, RNP-1",-0.3064909875028476,True,,,,,,,,,False,False
Solyc02g088760,"50S ribosomal protein L12-2  IPR015608  Ribosomal protein L12, chloroplast",-0.4106200339315538,True,,,,,,,,,False,False
Solyc02g088780,"Ribosome biogenesis protein ytm1  IPR020472  G-protein beta WD-40 repeat, region",-0.6733422955355967,True,-0.6740723257160255,5.45410322273539e-10,2.97581764540651e-09,,,,,,True,False
Solyc02g088790,"RNA-binding protein  IPR015465  RNA recognition motif, glycine rich protein",0.3071416316016781,True,,,,,,,,,False,False
Solyc02g088930,Upf2,-0.32900076369458736,True,,,,,,,,,False,False
Solyc02g089070,Eukaryotic translation initiation factor 3 subunit M  IPR000717  Proteasome component region PCI,-0.09271852485602464,True,,,,,,,,,False,False
Solyc02g089080,Rapid alkalinization factor 5,1.0114022661852233,True,1.05769983569929,1.34598111817876e-05,2.67990147364984e-05,,,,,,True,False
Solyc02g089090,"Pto-like, Serine_threonine kinase protein, resistance protein",-0.8821105254227877,True,-0.8808622467512545,3.0514757748387e-12,3.4461901762092e-11,7.0,1.183351058682877,1.183351058682877,1.41257609082339e-08,Solyc02g089090.2.1_S475;Solyc02g089090.2.1_S670;Solyc02g089090.2.1_S845;Solyc02g089090.2.1_S861;Solyc02g089090.2.1_T667;S670;T671;Solyc02g089090.2.1_T858,True,True
Solyc02g089100,C9orf85 homolog  IPR019351  Protein of unknown function DUF2039,-0.035867120961893574,True,,,,1.0,0.6193776904037769,0.6193776904037769,0.00016619193508402,Solyc02g089100.2.1_S166,False,True
Solyc02g089110,Mitochondrial carrier protein  IPR002067  Mitochondrial carrier protein,0.06948172450274123,True,,,,,,,,,False,False
Solyc02g089120,Ch-cobra  IPR017391  COBRA-like,-0.04193764104255733,True,,,,,,,,,False,False
Solyc02g089150,"MAPprotein kinase-like protein  IPR017946  PLC-like phosphodiesterase, TIM beta_alpha-barrel domain",1.4410580516920748,True,1.455977946192676,6.61829669903389e-10,3.53506136183973e-09,,,,,,True,False
Solyc02g089230,DSBA oxidoreductase family protein  IPR001853  DSBA oxidoreductase,-0.44676798438768306,True,,,,,,,,,False,False
Solyc02g089260,"E3 ubiquitin-protein ligase UBR4  IPR013993  Zinc finger, N-recognin,  metazoa",-0.07072663614687295,True,,,,3.0,1.5314062898616627,1.5314062898616627,3.56204439104365e-09,Solyc02g089260.2.1_S3846;Solyc02g089260.2.1_S479;Solyc02g089260.2.1_S480,False,True
Solyc02g089280,U3 small nucleolar ribonucleoprotein protein IMP3  IPR001912  Ribosomal protein S4,-0.38982774050000496,True,,,,,,,,,False,False
Solyc02g089350,Gibberellin regulated protein  IPR003854  Gibberellin regulated protein,0.08248923412800377,True,,,,,,,,,False,False
Solyc02g089360,Nuclear inhibitor of protein phosphatase 1  IPR000253  Forkhead-associated,-0.1322520735331013,True,,,,1.0,0.7079553908785658,0.7079553908785658,1.06075039257702e-05,Solyc02g089360.2.1_S110,False,True
Solyc02g089370,Cell morphogenesis protein,0.4078230444312359,True,,,,10.0,1.8681953458406546,-1.8681953458406546,2.42058822270968e-06,Solyc02g089370.2.1_S1089;Solyc02g089370.2.1_S1455;Solyc02g089370.2.1_S1455;S1459;Solyc02g089370.2.1_S1459;Solyc02g089370.2.1_S1498;Solyc02g089370.2.1_S1501;Solyc02g089370.2.1_T1079;Solyc02g089370.2.1_T1496;S1498,False,True
Solyc02g089440,"Glycosyltransferase  IPR002495  Glycosyl transferase, family 8",-1.7890788377095657,True,-1.7896007059026082,1.14560670088811e-14,3.76539902900014e-13,,,,,,True,False
Solyc02g089560,"Pentatricopeptide repeat-containing protein At5g15980, mitochondrial",-0.08513396547209164,True,,,,,,,,,False,False
Solyc02g089600,Ribosomal RNA-processing protein 7 homolog A,-0.7972859581977777,True,-0.7969572214216364,2.96515437316002e-12,3.36580997045291e-11,1.0,0.6978949026910833,0.6978949026910833,1.42117297433821e-06,Solyc02g089600.2.1_S95,True,True
Solyc02g089620,Proline dehydrogenase  IPR015659  Proline oxidase,0.442514106252086,True,,,,,,,,,False,False
Solyc02g089630,Proline dehydrogenase  IPR015659  Proline oxidase,-1.9099828804409598,True,-1.9113983285579286,2.17595701344913e-13,3.76996217066977e-12,,,,,,True,False
Solyc02g089680,"Leaf senescence protein-like  IPR004253  Protein of unknown function DUF231, plant",-0.31970416145326075,True,,,,,,,,,False,False
Solyc02g089720,"Endo-beta-1 3-glucanase  IPR005200  Glycoside hydrolase, family 81",0.24669639760803652,True,,,,,,,,,False,False
Solyc02g089800,Nuclear matrix constituent protein 1-like,-0.3798816586981659,True,,,,4.0,1.0609941627158839,1.0609941627158839,1.97490820752729e-08,Solyc02g089800.2.1_S787;Solyc02g089800.2.1_S838;S841;Solyc02g089800.2.1_S916;T919,False,True
Solyc02g089810,Translation initiation factor eIF-2B delta subunit  IPR000649  Initiation factor 2B related,-0.10984559150964986,True,,,,3.0,0.7730799566598233,0.7730799566598233,2.41100857071112e-07,Solyc02g089810.2.1_S126;Solyc02g089810.2.1_S141,False,True
Solyc02g089820,Proteasome maturation protein  IPR008012  Proteasome maturation factor UMP1,1.308354847362022,True,1.311077785036686,1.09314444434196e-10,7.20227414478232e-10,,,,,,True,False
Solyc02g089900,Receptor-like kinase  IPR002290  Serine_threonine protein kinase,-0.001158536198082506,True,,,,,,,,,False,False
Solyc02g090020,Stress regulated protein isoform 2,-0.12130831729277129,True,,,,,,,,,False,False
Solyc02g090030,Oxygen-evolving enhancer protein 1 of photosystem II  IPR002628  Photosystem II manganese-stabilizing protein PsbO,-2.8574801074782865,True,-2.861671851216382,3.24362065804243e-13,5.26082124246006e-12,1.0,1.7735463290737081,1.7735463290737081,2.37859166126673e-09,Solyc02g090030.2.1_T317,True,True
Solyc02g090070,Phototropic-responsive NPH3 family protein  IPR004249  NPH3,-0.5892620364827071,True,-0.5922346165511481,2.03981832710458e-08,7.28986943759774e-08,,,,,,True,False
Solyc02g090090,TPR domain containing protein  IPR001440  Tetratricopeptide TPR-1,-0.16382802771386426,True,,,,,,,,,False,False
Solyc02g090100,Unknown Protein,-2.8995224025365505,True,-2.898827101371118,1.75475112093376e-13,3.15498965302317e-12,,,,,,True,False
Solyc02g090190,"Molybdenum cofactor sulfurase  IPR015424  Pyridoxal phosphate-dependent transferase, major region",-0.04896888792142092,True,,,,4.0,2.576037627014261,2.576037627014261,1.87610015596435e-12,Solyc02g090190.1.1_S27;Solyc02g090190.1.1_S581;S583,False,True
Solyc02g090230,Nucleoporin p58_p45,-0.2285026470588942,True,,,,,,,,,False,False
Solyc02g090350,Cytochrome P450,-1.4162356057161232,True,-1.4162274323979178,4.90630119341717e-15,1.94675022353088e-13,,,,,,True,False
Solyc02g090360,"Laccase-22  IPR001117  Multicopper oxidase, type 1",0.3878388101041067,True,,,,,,,,,False,False
Solyc02g090390,Serine-threonine protein kinase  IPR015740  Plant protein serine_threonine kinase-like,-0.05185241473061037,True,,,,,,,,,False,False
Solyc02g090420,"50S ribosomal protein L25  IPR011035  Ribosomal protein L25_Gln-tRNA synthetase, anti-codon-binding domain",-0.06488556499531298,True,,,,,,,,,False,False
Solyc02g090490,Patatin-like protein 3  IPR002641  Patatin,-0.18411944149655965,True,,,,,,,,,False,False
Solyc02g090510,Calcium-dependent protein kinase-like  IPR002290  Serine_threonine protein kinase,0.3677880088407228,True,,,,,,,,,False,False
Solyc02g090570,"Transducin family protein  IPR017986  WD40 repeat, region",-0.42588729209490206,True,,,,,,,,,False,False
Solyc02g090650,"Os10g0382300 protein (Fragment)  IPR006595  CTLH, C-terminal to LisH motif",-0.10325512573894238,True,,,,3.0,1.3632723956085497,1.3632723956085497,2.09025373737481e-09,Solyc02g090650.2.1_S446;Solyc02g090650.2.1_S656,False,True
Solyc02g090670,"Methionine aminopeptidase  IPR002467  Peptidase M24A, methionine aminopeptidase, subfamily 1",0.6609567553616593,True,0.6610161662218905,1.00374840677638e-11,9.37113008343327e-11,,,,,,True,False
Solyc02g090710,B3 domain-containing protein Os01g0234100  IPR003340  Transcriptional factor B3,0.5260817617886457,True,,,,4.0,1.0568404833557818,-1.0568404833557818,1.49122803977462e-06,Solyc02g090710.2.1_S279;Solyc02g090710.2.1_S322;S326;Solyc02g090710.2.1_S322;S326;S331;Solyc02g090710.2.1_S326;S331,False,True
Solyc02g090750,ATP-dependent RNA helicase fal1,-0.21319457003892922,True,,,,,,,,,False,False
Solyc02g090760,Os03g0395600 protein (Fragment),-0.4997109344522839,True,,,,18.0,1.1316983073175806,1.1316983073175806,2.6494158156259e-08,Solyc02g090760.2.1_S1520;Solyc02g090760.2.1_S1536;Solyc02g090760.2.1_S1578;Solyc02g090760.2.1_S1654;Solyc02g090760.2.1_S172;Solyc02g090760.2.1_S1842;Solyc02g090760.2.1_S1870;Solyc02g090760.2.1_S1874;Solyc02g090760.2.1_S2214;Solyc02g090760.2.1_S2351;Solyc02g090760.2.1_S449;Solyc02g090760.2.1_S669;Solyc02g090760.2.1_S736;Solyc02g090760.2.1_S749;Solyc02g090760.2.1_S851;Solyc02g090760.2.1_S990,False,True
Solyc02g090810,Calmodulin  IPR011992  EF-Hand type,-1.0293793408221557,True,-1.031510541192333,5.64979285225759e-11,4.06931595387889e-10,,,,,,True,False
Solyc02g090860,"Phenylalanyl-tRNA synthetase alpha chain  IPR002319  Phenylalanyl-tRNA synthetase, class IIc-related",-0.2805049654547054,True,,,,,,,,,False,False
Solyc02g090890,"Zeaxanthin epoxidase, chloroplastic",-1.0301326376043574,True,-1.0300002720434664,1.13599213962139e-10,7.42404274776102e-10,,,,,,True,False
Solyc02g090910,"RNA-binding like protein  IPR000504  RNA recognition motif, RNP-1",-0.22588411991243465,True,,,,,,,,,False,False
Solyc02g091100,"Oxalyl-CoA decarboxylase  IPR012001  Thiamine pyrophosphate enzyme, N-terminal TPP binding region",-0.3586930818492576,True,,,,,,,,,False,False
Solyc02g091110,"Histone chaperone ASF1-like protein  IPR006818  Histone chaperone,  ASF1-like",0.06636922960665857,True,,,,,,,,,False,False
Solyc02g091130,"ATP synthase subunit beta  IPR005722  ATPase, F1 complex, beta subunit",-0.22278468472379936,True,,,,,,,,,False,False
Solyc02g091190,Methyltransferase-like protein 10  IPR013217  Methyltransferase type 12,-0.14609898974220872,True,,,,,,,,,False,False
Solyc02g091210,Eukaryotic translation initiation factor 5  IPR002735  Translation initiation factor IF2_IF5,0.23500188084694865,True,,,,1.0,0.8222284866227589,-0.8222284866227589,1.00749957403469e-05,Solyc02g091210.1.1_S204;S206;S212,False,True
Solyc02g091220,Eukaryotic translation initiation factor 5  IPR002735  Translation initiation factor IF2_IF5,0.3040270440938569,True,,,,,,,,,False,False
Solyc02g091240,Auxin efflux carrier protein-like  IPR004776  Auxin efflux carrier,-0.32520479952494064,True,,,,3.0,0.8626987848706265,0.8626987848706265,1.69196206816625e-05,Solyc02g091240.1.1_T238;S243;S258;Solyc02g091240.1.1_T238;S258,False,True
Solyc02g091280,"ATP-dependent Clp protease proteolytic subunit  IPR001907  Peptidase S14, ClpP",0.44669426732274625,True,,,,2.0,2.0515980743086346,-2.0515980743086346,5.17900990076534e-11,Solyc02g091280.2.1_T185,False,True
Solyc02g091290,Methionyl-trna formyltransferase  IPR005794  Methionyl-tRNA formyltransferase,0.023663418376504677,True,,,,,,,,,False,False
Solyc02g091320,Unknown Protein,-0.5178420228392683,True,,,,4.0,0.9853174695983711,0.9853174695983711,9.37324845022194e-06,Solyc02g091320.2.1_S134;Solyc02g091320.2.1_S142;S144;Solyc02g091320.2.1_T152;S154,False,True
Solyc02g091330,C20orf4 homolog  IPR007946  AAR2,0.46548288268022575,True,,,,,,,,,False,False
Solyc02g091340,"Pyridoxal kinase biosynthesis, pyridoxal kinase",0.13096281929030282,True,,,,,,,,,False,False
Solyc02g091350,Glucosyltransferase-2  IPR002213  UDP-glucuronosyl_UDP-glucosyltransferase,-0.351712493091935,True,,,,,,,,,False,False
Solyc02g091410,"Pro-apoptotic serine protease nma111-like protein  IPR009003  Peptidase, trypsin-like serine and cysteine",-0.26741584365397936,True,,,,,,,,,False,False
Solyc02g091460,DsRNA-binding protein  IPR001159  Double-stranded RNA binding,-0.6964719498740526,True,-0.6932408799387813,1.12368281573137e-08,4.26442906328799e-08,,,,,,True,False
Solyc02g091490,Fructokinase 3  IPR011611  Carbohydrate_purine kinase,-0.06644113456061529,True,,,,,,,,,False,False
Solyc02g091500,Calmodulin  IPR011992  EF-Hand type,-0.36970307268554764,True,,,,,,,,,False,False
Solyc02g091520,C2 domain-containing protein  IPR018029  C2 membrane targeting protein,0.30089927233340863,True,,,,,,,,,False,False
Solyc02g091530,5_apos-AMP-activated protein kinase subunit beta-1 (Fragment),0.16206658073949706,True,,,,,,,,,False,False
Solyc02g091560,Serine hydroxymethyltransferase  IPR001085  Serine hydroxymethyltransferase,-2.0781711473511177,True,-2.0789363912682117,7.1595958296114e-12,6.98512488842878e-11,,,,,,True,False
Solyc02g091580,"Oligopeptidase A  IPR001567  Peptidase M3A and M3B, thimet_oligopeptidase F",-0.03793673588194235,True,,,,1.0,2.4110384840239565,2.4110384840239565,3.67779794400625e-12,,False,True
Solyc02g091640,Endoribonuclease E-like protein,0.4501941757803832,True,,,,,,,,,False,False
Solyc02g091670,Octicosapeptide_Phox_Bem1p domain-containing protein  IPR000270  Octicosapeptide_Phox_Bem1p,-0.25316515187254235,True,,,,4.0,0.9440450597403273,0.9440450597403273,2.32495021848348e-07,Solyc02g091670.1.1_S135,False,True
Solyc02g091680,"Alpha-L-arabinofuranosidase_beta-D-xylosidase  IPR001764  Glycoside hydrolase, family 3, N-terminal",0.06543935133684459,True,,,,,,,,,False,False
Solyc02g091720,"Macrophage erythroblast attacher  IPR013144  Ran binding protein-like, CRA domain",-0.05003117089103599,True,,,,,,,,,False,False
Solyc02g091790,"Wd-repeat protein  IPR020472  G-protein beta WD-40 repeat, region",-0.23499141825898795,True,,,,,,,,,False,False
Solyc02g091840,"Receptor like kinase, RLK",-0.9113409783673432,True,-0.9115129706846415,1.78290717046233e-12,2.21319538143425e-11,14.0,1.4675427045111389,1.4675427045111389,3.69501552349616e-10,Solyc02g091840.2.1_S1008;S1015;Solyc02g091840.2.1_S975;Solyc02g091840.2.1_S981;Solyc02g091840.2.1_S981;S984;Solyc02g091840.2.1_S981;S984;S993;Solyc02g091840.2.1_S981;S986;Solyc02g091840.2.1_S981;S990;Solyc02g091840.2.1_T1005;S1008;Solyc02g091840.2.1_T992;Solyc02g091840.2.1_T992;S993,True,True
Solyc02g091880,"Cytochrome c oxidase subunit VIa family protein expressed  IPR001349  Cytochrome c oxidase, subunit VIa",-1.6538425932786498,True,-1.6137154646253682,3.60636197673634e-08,1.21138870934363e-07,,,,,,True,False
Solyc02g091890,MRNA complete cds clone RAFL24-22-E06,-1.9873086253111196,True,-1.991480378497477,4.0645167461777e-14,1.00070428919743e-12,,,,,,True,False
Solyc02g091900,"Cysteine desulfurase  IPR000192  Aminotransferase, class V_Cysteine desulfurase",0.42677020948900035,True,,,,,,,,,False,False
Solyc02g091920,Xyloglucan endotransglucosylase_hydrolase 2  IPR016455  Xyloglucan endotransglucosylase_hydrolase,-1.6202070131104536,True,-1.620698271591224,5.44222820770586e-11,3.94217802038221e-10,,,,,,True,False
Solyc02g091950,Lysosomal Pro-X carboxypeptidase  IPR008758  Peptidase S28,-1.0484937302499793,True,-1.0482580436553866,3.35251436725467e-11,2.57983962737311e-10,,,,,,True,False
Solyc02g091960,Nuclear matrix constituent protein 2,-0.34678935729734245,True,,,,2.0,0.6959844080345271,0.6959844080345271,3.28868285093958e-07,Solyc02g091960.2.1_S468;Solyc02g091960.2.1_T12,False,True
Solyc02g091970,Branched-chain-amino-acid aminotransferase  IPR005786  Branched-chain amino acid aminotransferase II,0.11925118957299274,True,,,,,,,,,False,False
Solyc02g092000,Unknown Protein,-1.3836966637899224,True,-1.384804552285875,5.7945683182686e-14,1.29078003039527e-12,,,,,,True,False
Solyc02g092010,"GTP-binding protein hflX  IPR016496  GTP-binding protein, HflX",-0.0073848537626249695,True,,,,,,,,,False,False
Solyc02g092130,Unknown Protein,-0.3522572580750981,True,,,,,,,,,False,False
Solyc02g092160,BSD domain containing protein  IPR005607  BSD,-0.40461135199348625,True,,,,14.0,1.5137716176810745,1.5137716176810745,3.09546102331372e-09,Solyc02g092160.2.1_S147;Solyc02g092160.2.1_S435;Solyc02g092160.2.1_S449;Solyc02g092160.2.1_S453;Solyc02g092160.2.1_S456;Solyc02g092160.2.1_S457;Solyc02g092160.2.1_S463;Solyc02g092160.2.1_S48;S52;Solyc02g092160.2.1_T293;Solyc02g092160.2.1_T450,False,True
Solyc02g092270,NADH dehydrogenase   IPR006885  ETC complex I subunit conserved region,0.12272692499504899,True,,,,,,,,,False,False
Solyc02g092300,"50S ribosomal protein L12-2  IPR015608  Ribosomal protein L12, chloroplast",-0.3828830176492005,True,,,,,,,,,False,False
Solyc02g092330,ADP-RIBOSYLATION FACTOR-like protein  IPR006688  ADP-ribosylation factor,-0.10856118963627036,True,,,,,,,,,False,False
Solyc02g092360,"Beta-glucanase-like protein  IPR006710  Glycoside hydrolase, family 43",-0.28764185340198684,True,,,,,,,,,False,False
Solyc02g092380,"Peptidyl-prolyl cis-trans isomerase  IPR002130  Peptidyl-prolyl cis-trans isomerase, cyclophilin-type",-0.2265827312882756,True,,,,,,,,,False,False
Solyc02g092410,"Adenylyl-sulfate kinase  IPR002891  Adenylylsulphate kinase, C-terminal",-0.42434686475223915,True,,,,,,,,,False,False
Solyc02g092430,"Ribosomal protein L26  IPR005756  Ribosomal protein L26, eukaryotic_archaeal",-0.45142912167677196,True,,,,,,,,,False,False
Solyc02g092440,"Mitochondrial porin (Voltage-dependent anion channel) outer membrane protein  IPR001925  Porin, eukaryotic type",0.3340695355021143,True,,,,,,,,,False,False
Solyc02g092530,Formamidase  IPR004304  Acetamidase_Formamidase,-1.131563690582017,True,-1.1284156810778527,2.34058037944133e-11,1.89571900922994e-10,,,,,,True,False
Solyc02g092580,"Peroxidase  IPR002016  Haem peroxidase, plant_fungal_bacterial",0.02955377312511544,True,,,,,,,,,False,False
Solyc02g092640,Casein kinase  IPR002290  Serine_threonine protein kinase,0.2289435715489349,True,,,,,,,,,False,False
Solyc02g092670,"Subtilisin-like protease  IPR015500  Peptidase S8, subtilisin-related",-0.16339057007529048,True,,,,,,,,,False,False
Solyc02g092710,"Prolyl 4-hydroxylase alpha-2 subunit  IPR006620  Prolyl 4-hydroxylase, alpha subunit",0.006772910075794786,True,,,,,,,,,False,False
Solyc02g092780,TPR repeat protein  IPR011990  Tetratricopeptide-like helical,-0.49220152128267625,True,,,,1.0,0.5856501358319943,0.5856501358319943,6.65641395117533e-06,Solyc02g092780.1.1_S727,False,True
Solyc02g092800,Manganese transport protein mntH  IPR001046  Natural resistance-associated macrophage protein,0.6516356736510908,True,0.6519646460113401,1.54395244191057e-09,7.41764827227092e-09,1.0,0.9035652006143687,0.9035652006143687,3.94481435334742e-05,Solyc02g092800.2.1_S503,True,True
Solyc02g092840,Galactosyltransferase-like protein (Fragment)  IPR004263  Exostosin-like,-1.6391659653334119,True,-1.6388426368146822,1.64296173675882e-14,4.96406650342394e-13,,,,,,True,False
Solyc02g092860,Cytochrome P450,0.18609995156891654,True,,,,,,,,,False,False
Solyc02g092880,Unknown Protein,-0.40622266312769034,True,,,,3.0,1.084515887638465,1.084515887638465,3.24332248158133e-09,Solyc02g092880.2.1_S56;Solyc02g092880.2.1_T6,False,True
Solyc02g092910,"Chromatin modification-related protein EAF3  IPR017398  Histone H4 acetyltransferase, NuA4 complex, Eaf3_MRG15 subunit",-0.48487240914514407,True,,,,,,,,,False,False
Solyc02g092920,Cadmium-transporting ATPase-translocating,-0.04993701909531999,True,,,,,,,,,False,False
Solyc02g092940,"Receptor like kinase, RLK",-0.29485055074903327,True,,,,,,,,,False,False
Solyc02g092970,ADP ribosylation factor  IPR006688  ADP-ribosylation factor,-0.109735900363874,True,,,,,,,,,False,False
Solyc02g093000,"Phosphatase and tensin-like A  IPR014020  Tensin phosphatase, C2 domain",-0.3846041343128218,True,,,,,,,,,False,False
Solyc02g093060,tRNA-dihydrouridine synthase 1-like protein  IPR001269  tRNA-dihydrouridine synthase,0.3736456491344306,True,,,,,,,,,False,False
Solyc02g093080,1-aminocyclopropane-1-carboxylate oxidase  IPR005123  Oxoglutarate and iron-dependent oxygenase,-0.2502468035324217,True,,,,1.0,0.7987817958394207,0.7987817958394207,4.1443344166181e-07,Solyc02g093080.2.1_S276,False,True
Solyc02g093120,"RNA binding protein  IPR012677  Nucleotide-binding, alpha-beta plait",0.059895194149639654,True,,,,,,,,,False,False
Solyc02g093140,"CBS domain-containing protein-like  IPR000644  Cystathionine beta-synthase, core",0.8010036019830177,True,0.7979582980513522,9.27138017777408e-08,2.81146458614998e-07,,,,,,True,False
Solyc02g093160,"Filament-like plant protein (Fragment)  IPR008587  Protein of unknown function DUF869, plant",-0.7152470686393512,True,-0.7120008695566272,6.34838135595119e-08,1.99944767865677e-07,,,,,,True,False
Solyc02g093170,Cyclin delta-3,-0.5023921995750008,True,,,,,,,,,False,False
Solyc02g093210,"MAPprotein kinase-like protein  IPR017946  PLC-like phosphodiesterase, TIM beta_alpha-barrel domain",-0.5378125989257061,True,,,,,,,,,False,False
Solyc02g093290,Nicotinate phosphoribosyltransferase-like protein  IPR006405  Nicotinate phosphoribosyltransferase putative,0.721800694180049,True,0.7220177655952633,5.35540204939046e-12,5.50275299595173e-11,,,,,,True,False
Solyc02g093310,"MAP-like protein kinase  IPR017946  PLC-like phosphodiesterase, TIM beta_alpha-barrel domain",-0.27705319196100897,True,,,,,,,,,False,False
Solyc02g093340,"Heterogeneous nuclear ribonucleoprotein A3  IPR012677  Nucleotide-binding, alpha-beta plait",-0.3972222852137005,True,,,,3.0,1.6256952546287147,1.6256952546287147,4.80173302253445e-07,Solyc02g093340.2.1_S129;Solyc02g093340.2.1_T27,False,True
Solyc02g093370,Sucrose cleavage protein-like  IPR009737  Sucraseferredoxin-like,-0.8472952436296334,True,-0.8474873106360173,2.96963705107288e-11,2.31934394639154e-10,1.0,0.6307166719790097,0.6307166719790097,4.12501230846862e-05,Solyc02g093370.2.1_S34,True,True
Solyc02g093410,"Protein kinase  IPR015784  Tyrosine-protein kinase, ATN1-like",-0.5549300106674601,True,,,,,,,,,False,False
Solyc02g093440,GHMP kinase family protein  IPR014721  Ribosomal protein S5 domain 2-type fold,-0.19726195907228203,True,,,,,,,,,False,False
Solyc02g093460,"tRNA pseudouridine synthase B  IPR020103  Pseudouridine synthase, catalytic domain",-0.01553055269681205,True,,,,,,,,,False,False
Solyc02g093470,Lysine ketoglutarate reductase trans-splicing related 1  IPR007877  Protein of unknown function DUF707,-0.493586350324615,True,,,,,,,,,False,False
Solyc02g093490,SAGA-associated factor 29 homolog  IPR010750  Protein of unknown function DUF1325,-0.16068207675940763,True,,,,,,,,,False,False
Solyc02g093510,cDNA clone J023001A15 full insert sequence  IPR008833  Surfeit locus 2,-1.0228208382843056,True,-1.0223952982091133,2.82307835619953e-13,4.67253639290529e-12,,,,,,True,False
Solyc02g093520,Copine-like protein  IPR010734  Copine,0.3284234132247111,True,,,,,,,,,False,False
Solyc02g093530,"Ras-related protein Rab-2-A  IPR003579  Ras small GTPase, Rab type",0.17362235827091915,True,,,,,,,,,False,False
Solyc02g093550,Methyltransferase type 11  IPR013216  Methyltransferase type 11,-0.04608297130781118,True,,,,,,,,,False,False
Solyc02g093600,class I heat shock protein  IPR008978  HSP20-like chaperone,2.428516642173482,True,2.4302975841090406,4.43599466198066e-14,1.05886848587194e-12,,,,,,True,False
Solyc02g093630,Uncharacterized membrane protein At3g27390,-0.49286749890821496,True,,,,1.0,0.7572253233267835,-0.7572253233267835,3.08118206421812e-06,Solyc02g093630.2.1_S551,False,True
Solyc02g093640,3-ketoacyl-CoA reductase 1  IPR002347  Glucose_ribitol dehydrogenase,0.09371041001818708,True,,,,,,,,,False,False
Solyc02g093680,Succinate dehydrogenase iron-sulfur protein  IPR004489  Succinate dehydrogenase_fumarate reductase iron-sulphur protein,-0.07135879821292442,True,,,,,,,,,False,False
Solyc02g093690,"ATP12 ATPase  IPR011419  ATP12, ATPase F1F0-assembly protein",-0.5357404180511279,True,,,,,,,,,False,False
Solyc02g093770,GPI inositol-deacylase  IPR012908  PGAP1-like,-0.4112079698993857,True,,,,,,,,,False,False
Solyc02g093790,CXE carboxylesterase  IPR013094  Alpha_beta hydrolase fold-3,-0.44991044253345075,True,,,,1.0,0.7408005508129889,-0.7408005508129889,2.34363546398198e-06,Solyc02g093790.2.1_S140,False,True
Solyc02g093800,"Serine_threonine-protein phosphatase 2A regulatory subunit delta 1 isoform  IPR002554  Protein phosphatase 2A, regulatory B subunit, B56",-0.7683910380138251,True,-0.7681226599636289,5.22082692937303e-10,2.86613401780528e-09,,,,,,True,False
Solyc02g093820,UBX domain-containing protein  IPR001012  UBX,0.10863159811520391,True,,,,,,,,,False,False
Solyc02g093830,Glucose-6-phosphate 1-dehydrogenase  IPR001282  Glucose-6-phosphate dehydrogenase,-0.27607003345362596,True,,,,2.0,0.8734359728070036,0.8734359728070036,6.93647825978645e-07,Solyc02g093830.2.1_S17;Solyc02g093830.2.1_Y398,False,True
Solyc02g093900,Cytochrome c1  IPR002326  Cytochrome c1,-0.14331956316590272,True,,,,,,,,,False,False
Solyc02g093920,COP9 signalosome complex subunit 3  IPR000717  Proteasome component region PCI,0.1070513944993447,True,,,,1.0,1.0635809870915172,1.0635809870915172,5.09593876903182e-06,Solyc02g093920.2.1_S378,False,True
Solyc02g093940,"mTERF domain-containing protein 1, mitochondrial  IPR003690  Mitochodrial transcription termination factor-related",-0.6373801158305528,True,-0.6382480575828317,8.28579076103556e-10,4.30415594880678e-09,,,,,,True,False
Solyc02g093980,Os12g0236050 protein (Fragment),-1.990254481799934,True,-1.994457179239323,2.86889749840573e-12,3.27326841666625e-11,10.0,1.9869016637865027,-1.9869016637865027,9.0741238782129e-10,Solyc02g093980.2.1_S1071;Solyc02g093980.2.1_S1073;Solyc02g093980.2.1_S1132;Solyc02g093980.2.1_S262;Solyc02g093980.2.1_S280;Solyc02g093980.2.1_S304;Solyc02g093980.2.1_S340;Solyc02g093980.2.1_S522,True,True
Solyc02g094030,Unknown Protein,-0.11749749165819079,True,,,,7.0,1.076717010070564,1.076717010070564,4.87747055236715e-08,Solyc02g094030.2.1_S185;T186;Solyc02g094030.2.1_S231;Solyc02g094030.2.1_S56;S63;S65;Solyc02g094030.2.1_T103;S105;T109;Solyc02g094030.2.1_T103;T109;Solyc02g094030.2.1_T109,False,True
Solyc02g094090,Vacuolar protein sorting 52  IPR007258  Vps52_Sac2,-0.39325330770143985,True,,,,,,,,,False,False
Solyc02g094120,"Sulfite oxidase  IPR000572  Oxidoreductase, molybdopterin binding",0.17190937878954282,True,,,,,,,,,False,False
Solyc02g094140,Mitochondrial import receptor subunit TOM20  IPR010547  Plant specific mitochondrial import receptor subunit TOM20,-0.08885800103133384,True,,,,,,,,,False,False
Solyc02g094150,Sua5_YciO_YrdC_YwlC family protein  IPR004388  Sua5_YciO_YrdC_YwlC,0.5543520022251357,True,,,,,,,,,False,False
Solyc02g094170,"Zinc finger protein 511  IPR015880  Zinc finger, C2H2-like",-0.031052099355150076,True,,,,1.0,1.5071636657791603,1.5071636657791603,1.5005706322663e-08,Solyc02g094170.2.1_S223,False,True
Solyc02g094200,"Nuclear transport factor 2  IPR018222  Nuclear transport factor 2, Eukaryote",0.16725879264686508,True,,,,,,,,,False,False
Solyc02g094250,Unknown Protein,-0.668771555445224,True,-0.6699176327535794,7.34044049973707e-09,2.93090005218612e-08,,,,,,True,False
Solyc02g094260,Protein SMG9,-0.05760918579916674,True,,,,,,,,,False,False
Solyc02g094280,Oligopeptide transporter (Fragment)  IPR004813  Oligopeptide transporter OPT superfamily,0.19475428946218423,True,,,,,,,,,False,False
Solyc02g094320,Actin  IPR004000  Actin_actin-like,-0.8079126883481208,True,-0.8090668757002187,1.27821820180432e-09,6.31155743202045e-09,,,,,,True,False
Solyc02g094330,Pollen proteins Ole e I family protein,-0.4419864885607795,True,,,,,,,,,False,False
Solyc02g094350,"Membrane-anchored ubiquitin-fold protein 2  IPR017000  Membrane-anchored ubiquitin-fold protein, HCG-1",-0.9342347393193523,True,-0.9317111447012486,7.35584753941177e-09,2.93441530207772e-08,,,,,,True,False
Solyc02g094360,Regulation of nuclear pre-mRNA domain containing 1B  IPR006903  Protein of unknown function DUF618,-0.05093953519933676,True,,,,,,,,,False,False
Solyc02g094400,Glycerophosphodiester phosphodiesterase gde1  IPR004129  Glycerophosphoryl diester phosphodiesterase,0.23700579799551638,True,,,,,,,,,False,False
Solyc02g094410,Hydroxyproline-rich glycoprotein family protein,-0.3495393502519027,True,,,,7.0,1.0777329589324829,1.0777329589324829,8.80533225588698e-09,Solyc02g094410.2.1_S592;Solyc02g094410.2.1_S604;Solyc02g094410.2.1_S604;T608,False,True
Solyc02g094420,Shikimate kinase  IPR000623  Shikimate kinase,-0.5471600754968897,True,,,,,,,,,False,False
Solyc02g094430,Hydrolase alpha_beta fold family protein  IPR000073  Alpha_beta hydrolase fold-1,0.009998215078214464,True,,,,,,,,,False,False
Solyc02g094440,Translocon-associated protein subunit beta  IPR008856  Translocon-associated beta,-0.33268718292505417,True,,,,,,,,,False,False
Solyc02g094470,Mitochondrial phosphate carrier protein  IPR001993  Mitochondrial substrate carrier,-0.21182167023850462,True,,,,,,,,,False,False
Solyc02g094480,Pentatricopeptide repeat-containing protein  IPR013078  Phosphoglycerate mutase,-0.4129176800419662,True,,,,,,,,,False,False
Solyc02g094500,"Alpha-2 8-sialyltransferase 8B 1  IPR001675  Glycosyl transferase, family 29",-0.5481124449372307,True,,,,,,,,,False,False
Solyc02g094530,Nuclear factor related to kappa B binding protein (Predicted),-0.15586731775328136,True,,,,1.0,0.961085000242395,0.961085000242395,3.6448313540912e-06,Solyc02g094530.1.1_S209,False,True
Solyc02g094540,Genomic DNA chromosome 5 P1 clone MAC12  IPR009966  Prosystemin,-0.043109472688285536,True,,,,,,,,,False,False
Solyc02g094550,Genomic DNA chromosome 3 P1 clone MLD14,-0.025654545578825395,True,,,,,,,,,False,False
Solyc02g094560,Genomic DNA chromosome 3 P1 clone MLD14,0.14326049770944357,True,,,,,,,,,False,False
Solyc02g094570,Receptor-like kinase  IPR002290  Serine_threonine protein kinase,-0.17625680366439342,True,,,,,,,,,False,False
Solyc02g094590,"Transcription-repair coupling factor  IPR011545  DNA_RNA helicase, DEAD_DEAH box type, N-terminal",0.13049337615646006,True,,,,,,,,,False,False
Solyc02g094600,Os11g0543800 protein (Fragment),-0.34275438185774676,True,,,,,,,,,False,False
Solyc02g094610,Transportin,0.11468806935664383,True,,,,,,,,,False,False
Solyc02g094630,Importin 13  IPR013598  Exportin-1_Importin-beta-like,-0.09405204967199823,True,,,,,,,,,False,False
Solyc02g094640,Acetyl-coenzyme A synthetase  IPR011904  Acetate--CoA ligase,0.03848169697967923,True,,,,,,,,,False,False
Solyc03g005000,"Peptidase M48 Ste24p  IPR001915  Peptidase M48, Ste24p",-0.24562685443026822,True,,,,,,,,,False,False
Solyc03g005020,Lipase  IPR006693  AB-hydrolase associated lipase region,3.3938210854711275,True,3.3941071224010844,6.96486139516227e-17,8.36536325408139e-15,,,,,,True,False
Solyc03g005030,Unknown Protein,0.43005800227188173,True,,,,3.0,0.8245854592866172,-0.8245854592866172,5.10386569403881e-05,Solyc03g005030.2.1_S113;Solyc03g005030.2.1_S113;S119;S122,False,True
Solyc03g005080,Protoporphyrinogen IX oxidase  IPR004572  Protoporphyrinogen oxidase,0.6752061254204441,True,0.6761708925177996,4.68095441996226e-11,3.44977801696721e-10,,,,,,True,False
Solyc03g005090,4-coumarate-coa ligase  IPR000873  AMP-dependent synthetase and ligase,0.7444551964420177,True,0.7461485677356821,3.45584363817655e-10,1.9867747901755e-09,4.0,2.471231578883312,-2.471231578883312,2.6300444447485e-12,Solyc03g005090.2.1_S426;Solyc03g005090.2.1_S538;S540;S545;Solyc03g005090.2.1_S538;S545,True,True
Solyc03g005190,"Ferredoxin  IPR010241  Ferredoxin (2Fe-2S), plant",-1.1748248038104037,True,-1.1762453481131432,1.53508250000994e-09,7.3790228556454e-09,,,,,,True,False
Solyc03g005220,Histone H2A  IPR002119  Histone H2A,-0.12679017834910863,True,,,,,,,,,False,False
Solyc03g005230,Menaquinone biosynthesis methyltransferase ubiE  IPR013216  Methyltransferase type 11,0.054580951789711056,True,,,,,,,,,False,False
Solyc03g005250,Sulfate adenylyltransferase  IPR002650  ATP-sulfurylase,0.630018150399175,True,0.6270311693170469,3.31875006244068e-08,1.12369716399896e-07,1.0,0.6159622288686182,-0.6159622288686182,3.60912197018449e-05,Solyc03g005250.2.1_S8,True,True
Solyc03g005260,Sulfate adenylyltransferase  IPR002650  ATP-sulfurylase,0.8055084141140961,True,0.8010259554798734,8.56580151057194e-09,3.35979010705928e-08,,,,,,True,False
Solyc03g005270,Transmembrane emp24 domain-containing protein 3  IPR000348  emp24_gp25L_p24,1.156587495780962,True,1.1564953480457647,3.10724878284995e-10,1.81292356063895e-09,,,,,,True,False
Solyc03g005300,ADP-ribosylation factor C1  IPR006688  ADP-ribosylation factor,-0.25539589310001687,True,,,,1.0,0.6389465644101933,0.6389465644101933,1.53493949368813e-06,Solyc03g005300.2.1_S77,False,True
Solyc03g005310,Genomic DNA chromosome 3 P1 clone MXC7  IPR011989  Armadillo-like helical,-0.24829785156526032,True,,,,,,,,,False,False
Solyc03g005340,"Prolyl endopeptidase  IPR001375  Peptidase S9, prolyl oligopeptidase active site region",0.06961728092181962,True,,,,,,,,,False,False
Solyc03g005380,Protein transport protein SEC23  IPR006896  Sec23_Sec24 trunk region,0.05018045628116321,True,,,,,,,,,False,False
Solyc03g005390,"Magnesium transporter MRS2-I  IPR002523  Mg2+ transporter protein, CorA-like",0.15268624785867335,True,,,,4.0,0.9989239203499073,0.9989239203499073,9.93692567426172e-08,Solyc03g005390.2.1_S240;S254;Solyc03g005390.2.1_S254;Solyc03g005390.2.1_T143;Solyc03g005390.2.1_T16,False,True
Solyc03g005410,"Phosphatidate cytidylyltransferase  IPR016720  Phosphatidate cytidylyltransferase, eukaryota",-0.3111143330676319,True,,,,,,,,,False,False
Solyc03g005430,Ubiquitin carboxyl-terminal hydrolase family protein expressed  IPR002083  MATH,-0.17144609348077777,True,,,,,,,,,False,False
Solyc03g005470,Nicotiana lesion-inducing like  IPR008637  HR-like lesion-inducer,0.329400466132036,True,,,,,,,,,False,False
Solyc03g005600,"Dehydration-responsive protein-like  IPR004159  Protein of unknown function DUF248, methyltransferase putative",-1.3079353555599365,True,-1.3089517804485276,1.57627759006966e-13,2.89617210809964e-12,,,,,,True,False
Solyc03g005680,"RNA-binding protein-like  IPR012677  Nucleotide-binding, alpha-beta plait",-0.2753458455918607,True,,,,,,,,,False,False
Solyc03g005690,Cysteine-rich repeat secretory protein 3  IPR002902  Protein of unknown function DUF26,-0.023624688010202004,True,,,,,,,,,False,False
Solyc03g005700,Mitochondrial import receptor subunit TOM22,0.2500123022202679,True,,,,,,,,,False,False
Solyc03g005730,"3-isopropylmalate dehydratase large subunit 2  IPR011826  Homoaconitase_3-isopropylmalate dehydratase, large subunit, prokaryotic",0.8699456481255746,True,0.8706281767350221,2.34697440872465e-11,1.89571900922994e-10,,,,,,True,False
Solyc03g005740,Signal peptidase complex subunit 1  IPR009542  Microsomal signal peptidase 12 kDa subunit,-0.1227536673839396,True,,,,,,,,,False,False
Solyc03g005750,Genomic DNA chromosome 5 P1 clone MPL12  IPR009719  Protein of unknown function DUF1296,-0.3191870174647494,True,,,,1.0,0.7275129733411585,0.7275129733411585,0.000161706548587855,,False,True
Solyc03g005780,Chlorophyll a-b binding protein 3C-like  IPR001344  Chlorophyll A-B binding protein,-4.875467416635612,True,-4.864405447437519,1.85182511087875e-14,5.43202032524434e-13,2.0,3.6087642996233806,3.6087642996233806,3.39960548942273e-11,Solyc03g005780.1.1_S49,True,True
Solyc03g005800,UDP-N-acetylglucosamine transferase subunit ALG14  IPR013969  Oligosaccharide biosynthesis protein Alg14 like,-0.15795853897175965,True,,,,,,,,,False,False
Solyc03g005870,Eukaryotic translation initiation factor 4E,-0.15937396112281024,True,,,,,,,,,False,False
Solyc03g005920,Protein-tyrosine kinase 6  IPR016253  Integrin-linked protein kinase,0.20533966846499518,True,,,,2.0,1.1680576980419293,1.1680576980419293,1.89585405944543e-08,Solyc03g005920.2.1_S450;S451,False,True
Solyc03g005930,"Cyclic phosphodiesterase  IPR012386  2 , 3 cyclic phosphodiesterase, plant",-0.5604920307812358,True,,,,,,,,,False,False
Solyc03g006000,"Heat stress transcription factor A3-type, DNA-binding",0.25119789837255774,True,,,,,,,,,False,False
Solyc03g006010,Os05g0272200 protein (Fragment),-0.5312324813003519,True,,,,,,,,,False,False
Solyc03g006020,Ubiquitin domain containing 1,-0.230333484347403,True,,,,,,,,,False,False
Solyc03g006140,Neutral ceramidase  IPR006823  Neutral_alkaline nonlysosomal ceramidase,0.014078522703600842,True,,,,,,,,,False,False
Solyc03g006210,"Cathepsin B-like cysteine proteinase  IPR013128  Peptidase C1A, papain",-0.264478280054348,True,,,,,,,,,False,False
Solyc03g006220,"Os06g0207500 protein (Fragment)  IPR004253  Protein of unknown function DUF231, plant",-0.20455406517939076,True,,,,,,,,,False,False
Solyc03g006330,"LRR receptor-like serine_threonine-protein kinase, RLP",0.3665680170054462,True,,,,,,,,,False,False
Solyc03g006350,"Zinc finger CCCH domain-containing protein 27  IPR000571  Zinc finger, CCCH-type",0.14576826943983107,True,,,,,,,,,False,False
Solyc03g006360,Auxin-repressed protein  IPR008406  Dormancyauxin associated,-0.4132008370093557,True,,,,3.0,1.1077759678227288,1.1077759678227288,4.81979106724535e-06,Solyc03g006360.2.1_S51;Solyc03g006360.2.1_T29,False,True
Solyc03g006460,Phospholipid scramblase 1  IPR005552  Scramblase,-0.06427793563358315,True,,,,,,,,,False,False
Solyc03g006500,Receptor-like protein kinase At3g21340  IPR002290  Serine_threonine protein kinase,-0.727386967208817,True,-0.7303584425053855,1.94010593738011e-05,3.77240463168551e-05,1.0,0.602972123383976,0.602972123383976,0.000192877942610257,Solyc03g006500.2.1_T24,True,True
Solyc03g006510,Unknown Protein  IPR000996  Clathrin light chain,-1.2012812520823515,True,-1.2008140455428646,1.45480711157218e-12,1.87124827896578e-11,4.0,0.8654768782787123,0.8654768782787123,1.57739552845354e-06,Solyc03g006510.2.1_S85,True,True
Solyc03g006520,Splicing factor 3b subunit 2  IPR007180  Protein of unknown function DUF382,0.017814362997560767,True,,,,,,,,,False,False
Solyc03g006560,Lipase-like protein,0.02560044311160151,True,,,,,,,,,False,False
Solyc03g006580,"Ran-binding proteins 9_10 homolog  IPR019589  Ran binding protein, CRA domain",-0.18614305522486568,True,,,,,,,,,False,False
Solyc03g006660,Uncharacterized aarF domain-containing protein kinase 2  IPR004147  ABC-1,0.3984996897247414,True,,,,,,,,,False,False
Solyc03g006680,Universal stress protein  IPR006016  UspA,-0.49386248855188714,True,,,,,,,,,False,False
Solyc03g006700,"Peroxidase  IPR002016  Haem peroxidase, plant_fungal_bacterial",0.6093919388317335,True,0.6098940167997464,1.11752247098369e-06,2.72124375948029e-06,,,,,,True,False
Solyc03g006850,Os10g0188400 protein (Fragment),-0.4143412653978136,True,,,,1.0,0.838832757581851,0.838832757581851,2.11477854910155e-06,Solyc03g006850.2.1_S57,False,True
Solyc03g006860,"Fructokinase  IPR002173  Carbohydrate_puine kinase, PfkB, conserved site",-0.24668300769488385,True,,,,,,,,,False,False
Solyc03g006870,"Phosphoglucomutase  IPR016055  Alpha-D-phosphohexomutase, alpha_beta_alpha I, II and III",-0.8678834669423038,True,-0.8692015779756066,1.15967128896132e-09,5.82325334253574e-09,3.0,1.0384616928481627,1.0384616928481627,5.22749146081856e-06,Solyc03g006870.2.1_S190,True,True
Solyc03g006970,"Subtilisin-like protease  IPR015500  Peptidase S8, subtilisin-related  IPR000183  Orn_DAP_Arg decarboxylase 2  IPR000209  Peptidase S8 and S53, subtilisin, kexin, sedolisin",-1.1320834782101583,True,-1.1303613448271108,2.51914108807767e-10,1.50370221563696e-09,,,,,,True,False
Solyc03g006980,"Alpha-L-fucosidase 1  IPR000933  Glycoside hydrolase, family 29",-0.0022541503714390266,True,,,,,,,,,False,False
Solyc03g007000,"Peptidase M48 Ste24p  IPR001915  Peptidase M48, Ste24p",0.9013970972640644,True,0.9013954275881799,3.3820429089845e-12,3.76686683897923e-11,,,,,,True,False
Solyc03g007030,"CDGSH iron sulfur domain-containing protein 1  IPR006622  Iron sulphur domain-containing, CDGSH-type, subfamily",-0.6919421639678571,True,-0.6918813130237076,3.62030456258212e-07,9.69778991929773e-07,,,,,,True,False
Solyc03g007100,"Cleavage and polyadenylation specificity factor subunit A  IPR004871  Cleavage and polyadenylation specificity factor, A subunit, C-terminal",-0.10992298095843259,True,,,,1.0,0.5863745331313045,0.5863745331313045,0.00525184017218937,Solyc03g007100.2.1_S443,False,True
Solyc03g007110,"ATP-dependent Clp protease ATP-binding subunit ClpC  IPR004176  Clp, N-terminal",0.15293534084725288,True,,,,,,,,,False,False
Solyc03g007170,"FK506-binding protein 4 (EC 5.2.1.8)(Peptidyl-prolyl cis-trans isomerase)(PPIase)(Rotamase)  IPR001179  Peptidyl-prolyl cis-trans isomerase, FKBP-type",-1.1034733134532322,True,-1.104202947582901,9.72502544646791e-13,1.33595094541277e-11,,,,,,True,False
Solyc03g007180,Unknown Protein,-2.451699891451196,True,-2.452147502438549,2.62237627338121e-14,6.98589121206249e-13,2.0,2.1299051718148294,2.1299051718148294,4.31189631192958e-10,Solyc03g007180.1.1_S122;Solyc03g007180.1.1_S140,True,True
Solyc03g007190,SPFH domain _ Band 7 family protein  IPR001107  Band 7 protein,0.5465688847005671,True,,,,,,,,,False,False
Solyc03g007240,Spermidine synthase 1  IPR001045  Spermine synthase,-0.2769146164508137,True,,,,2.0,0.7133078964185556,0.7133078964185556,3.78756547461905e-07,Solyc03g007240.2.1_S341;Solyc03g007240.2.1_S346,False,True
Solyc03g007250,CNGC5-like protein (Fragment)  IPR000595  Cyclic nucleotide-binding,0.028056162021879504,True,,,,,,,,,False,False
Solyc03g007260,Cyclic nucleotide-gated ion channel 1  IPR005821  Ion transport,0.10637942261784342,True,,,,,,,,,False,False
Solyc03g007270,Protein phosphatase 2C  IPR015655  Protein phosphatase 2C,-0.5644325376933738,True,,,,,,,,,False,False
Solyc03g007310,Abscisic acid receptor PYL8  IPR019587  Polyketide cyclase_dehydrase,-0.07871268553869651,True,,,,,,,,,False,False
Solyc03g007320,"Polypyrimidine tract-binding protein 1-like  IPR012677  Nucleotide-binding, alpha-beta plait",-0.14367696645066902,True,,,,,,,,,False,False
Solyc03g007330,"Cell division protease ftsH homolog  IPR005936  Peptidase M41, FtsH",0.4391911574289225,True,,,,,,,,,False,False
Solyc03g007340,Unknown Protein,-0.2859495233256661,True,,,,1.0,0.8448198513135546,-0.8448198513135546,6.72242764684364e-05,Solyc03g007340.2.1_S272,False,True
Solyc03g007440,Unknown Protein,0.056097046878302435,True,,,,,,,,,False,False
Solyc03g007480,Myosin  IPR010926  Myosin tail 2,-0.37249299935853003,True,,,,2.0,1.205564187727491,1.205564187727491,8.3247633174036e-09,Solyc03g007480.2.1_S40,False,True
Solyc03g007520,"Proline-rich cell wall protein-like  IPR015940  Ubiquitin-associated_translation elongation factor EF1B, N-terminal, eukaryote",0.10574354489553593,True,,,,,,,,,False,False
Solyc03g007530,Multidrug resistance protein ABC transporter family  IPR003439  ABC transporter-like,-0.8259931898337308,True,-0.8238442422594671,1.34033910851623e-09,6.57809718193941e-09,,,,,,True,False
Solyc03g007540,Unknown Protein,-0.03777007976337527,True,,,,,,,,,False,False
Solyc03g007610,Chaperone protein dnaJ  IPR003095  Heat shock protein DnaJ,-0.39150821139796804,True,,,,2.0,0.7657982972136764,0.7657982972136764,1.04760682814867e-06,Solyc03g007610.2.1_S382,False,True
Solyc03g007620,Os01g0225300 protein (Fragment),0.4353551139048743,True,,,,,,,,,False,False
Solyc03g007660,NADH dehydrogenase  IPR006806  ETC complex I subunit,0.16768726467808007,True,,,,,,,,,False,False
Solyc03g007670,SGT1  IPR007699  SGS,0.007172071068531461,True,,,,2.0,0.7969946393134976,0.7969946393134976,5.62110131092705e-05,Solyc03g007670.2.1_S358,False,True
Solyc03g007680,Trafficking protein particle complex subunit 4  IPR007233  Sybindin-like protein,-0.10075070918958387,True,,,,,,,,,False,False
Solyc03g007740,Reticulon family protein  IPR003388  Reticulon,-0.5331146149349024,True,,,,4.0,1.1570926488420628,-1.1570926488420628,4.73738480776493e-06,Solyc03g007740.2.1_S28;Solyc03g007740.2.1_S33;Solyc03g007740.2.1_S42,False,True
Solyc03g007760,"Cell division protease ftsH  IPR003959  ATPase, AAA-type, core",-1.0115287908644617,True,-1.0088253790093757,9.11366763983636e-10,4.68763182771212e-09,1.0,1.114701459386275,-1.114701459386275,1.6040045084407e-07,Solyc03g007760.2.1_S157,True,True
Solyc03g007810,Pyruvate kinase  IPR001697  Pyruvate kinase,-0.7511525635140696,True,-0.7504117954571491,3.39162430882907e-11,2.60542410171761e-10,,,,,,True,False
Solyc03g007830,Threonine endopeptidase,0.47104239124108027,True,,,,1.0,2.8687266562336364,2.8687266562336364,2.64765211529325e-11,Solyc03g007830.2.1_S89,False,True
Solyc03g007870,Heavy metal-associated domain containing protein expressed  IPR006121  Heavy metal transport_detoxification protein,0.2768456781566757,True,,,,,,,,,False,False
Solyc03g007890,"Heat shock protein 90 (Fragment)  IPR003594  ATP-binding region, ATPase-like  IPR001404  Heat shock protein Hsp90",1.878094788363607,True,1.8773851157364863,1.13197810472426e-14,3.75411246074226e-13,2.0,0.821992086742935,-0.821992086742935,6.24632994100814e-05,Solyc03g007890.2.1_S219;Solyc03g007890.2.1_S526,True,True
Solyc03g007900,Glutamine cyclotransferase-like  IPR007788  Gl×M}çžÛÊ×¬¢h­µçBÃ2ÖFV‡–G&÷V–æFRFV‡–G&F6RÂÓã#3cƒ3#sSs3#ƒSrÅG'VRÂÂÂÂÂÂÂÂÄfÇ6RÄfÇ6P¥6öÇ–3–sscÂ$Ö—Fö6†öæG&–Â–×÷'B–ææW"ÖVÖ'&æRG&ç6Æö66R7V'Væ—BF–Ó•#C#rÖ—Fö6†öæG&–Â–ææW"ÖVÖ'&æRG&ç6Æö66R6ö×ÆW‚ÂF–Ó…ó•óó2×¦–æ2f–ævW"ÖÆ–¶R"ÂÓãS3ƒs“S“ssƒ"ÅG'VRÂÂÂÂÂÂÂÂÄfÇ6RÄfÇ6P¥6öÇ–3–sƒÂ$g'V7F÷6RÓbÖ&—7†÷7†F6R6Æ72•#Cbg'V7F÷6RÓÃbÖ&—7†÷7†F6R"ÂÓãc“c“CcƒƒSS3c"ÅG'VRÂÓãc““ƒ3##“cSs3’Ãbã3Sƒƒc##†RÓbÃã33““#scƒs3CsRÓRÂÂÂÂÂÅG'VRÄfÇ6P¥6öÇ–3–sƒCÂ%&V6WF÷"ÆV7F–â¶–æ6RÖÆ–¶R&÷FV–â•###ÆVwVÖRÆV7F–âÂ&WF6†–â"ÃãƒS“sƒ33c3#3SC2ÅG'VRÂÂÂÂÂÂÂÂÄfÇ6RÄfÇ6P¥6öÇ–3–sƒSÄg'V7Fö¶–æ6RÖÆ–¶R&÷FV–â•#c6&&ö‡–G&FU÷W&–æR¶–æ6RÂÓãS3ƒ“#3SƒSsƒ#3bÅG'VRÂÂÂÂÂÂÂÂÄfÇ6RÄfÇ6P¥6öÇ–3–sƒƒÄÄô3SSc3“r&÷FV–â„g&vÖVçB’Ããƒs“33S“cƒ“SS‚ÅG'VRÂÂÂÃ‚ãÃãcS“3cƒss3#S#sbÃãcS“3cƒss3#S#sbÃBã““Ss“cƒs3–RÓÅ6öÇ–3–sƒƒã"ãõ3#µ6öÇ–3–sƒƒã"ãõ3#µ3“µ6öÇ–3–sƒƒã"ãõ3c“µ6öÇ–3–sƒƒã"ãõ3#Cµ6öÇ–3–sƒƒã"ãõ3#S“µ6öÇ–3–sƒƒã"ãõ33“µ3C3µ3Ccµ6öÇ–3–sƒƒã"ãõ3C3µ3CbÄfÇ6RÅG'VP¥6öÇ–3–s“#ÄÖ—Fö6†öæG&–ÂVæ6÷WÆ–ær&÷FV–â•#ƒ‚Ö—Fö6†öæG&–Â7V'7G&FU÷6öÇWFR6'&–W"•#““2Ö—Fö6†öæG&–Â7V'7G&FR6'&–W"Ããsc3cs“#ccBÅG'VRÃãscƒ#sSƒC#Cc2Ãã3sSCC3cSsVRÓÃãcScC#CSC#“†RÓÂÂÂÂÂÅG'VRÄfÇ6P¥6öÇ–3–s3ƒÂ$6WG–ÂÖ6öVç§–ÖR6&&÷‡–Æ6R6&&÷‡–ÂG&ç6fW&6R7V'Væ—BÇ†•#“R6WG–ÂÔ6ô6&&÷‡–Æ6RÂÇ†7V'Væ—B"Ãã3Cc333“ƒ#ƒc#ÅG'VRÂÂÂÂÂÂÂÂÄfÇ6RÄfÇ6P¥6öÇ–3–s3“Â$õERÖÆ–¶R7—7FV–æR&÷FV6RfÖ–Ç’&÷FV–âW‡&W76VB•#33#2÷f&–âGVÖ÷W"Â÷GV&–â"ÂÓãS“3“#“S“3SrÅG'VRÂÓãSƒcƒSC“sC32Ã"ãc“ƒc““scC3VRÓrÃRãƒ3CscsS“S“ƒ“6RÓrÂÂÂÂÂÅG'VRÄfÇ6P¥6öÇ–3–s3Å$ä&–æF–ær&÷FV–âÂÓã““3C#sC“cSBÅG'VRÂÂÂÂÂÂÂÂÄfÇ6RÄfÇ6P¥6öÇ–3–s3#Â$S2V&—V—F–â×&÷FV–âÆ–v6R†¶’•#sƒr¦–æ2f–ævW"Â3$ƒ"×G—R"ÂÓãCS##C#ƒS“ScC#ƒBÅG'VRÂÂÂÂÂÂÂÂÄfÇ6RÄfÇ6P¥6öÇ–3–s33ÄFVfV7F—fR–âW†–æRf÷&ÖF–öâ•#3SrdrÔtÂÓãCs“#SS“ƒ3Sƒ#"ÅG'VRÂÂÂÂÂÂÂÂÄfÇ6RÄfÇ6P¥6öÇ–3–sC#ƒÄ‡–G&÷‡–6–ææÖ÷–ÂG&ç6fW&6R•#3CƒG&ç6fW&6RÃã#3“3s“ƒ“ƒƒCƒƒCRÅG'VRÂÂÂÂÂÂÂÂÄfÇ6RÄfÇ6P¥6öÇ–3–sC3Â$vÇ–6÷7–ÂG&ç6fW&6Rw&÷WfÖ–Ç’&÷FV–â•##“bvÇ–6÷7–ÂG&ç6fW&6RÂw&÷W"Ããs333ccSCS33SRÅG'VRÃãs3#“c3CC##s#cRÃ2ã##ƒƒcsc“SSƒRÓ"Ã2ãcC3s“ƒSƒ““VRÓÂÂÂÂÂÅG'VRÄfÇ6P¥6öÇ–3–sC3#Å&–&÷6öÖÂ$äÆ&vR7V'Væ—BÖWF‡–ÇG&ç6fW&6R¢fÖ–Ç’&÷FV–â•#SSr&–&÷6öÖÂ$äÖWF‡–ÇG&ç6fW&6R¢ÃãC““cC#ƒCSƒƒs3"ÅG'VRÂÂÂÂÂÂÂÂÄfÇ6RÄfÇ6P¥6öÇ–3–sC3SÄvÇ–6W&öÂÓ2×†÷7†FR7–ÇG&ç6fW&6Rb•###2†÷7†öÆ—–EövÇ–6W&öÂ7–ÇG&ç6fW&6RÂÓ"ã3S3C33SS33#2ÅG'VRÂÓã“““C##3#SC“s#bÃ"ãƒ#“ƒCƒc#S–RÓBÃbãƒ“ScSCC33ƒFRÓ2ÂÂÂÂÂÅG'VRÄfÇ6P¥6öÇ–3–sCCÂ$Ç†Ö×–Æ6R•##CBvÇ–6÷6–FR‡–G&öÆ6RÂ6&&ö‡–G&FRÖ&–æF–ær"ÂÓãS3c3SCcƒCcC“BÅG'VRÂÂÂÂÂÂÂÂÄfÇ6RÄfÇ6P¥6öÇ–3–sCCSÅVæ¶æ÷vâ&÷FV–â•#““b6ÆF‡&–âÆ–v‡B6†–âÃãCƒ#“cCsCcS3#bÅG'VRÂÂÂÂÂÂÂÂÄfÇ6RÄfÇ6P¥6öÇ–3–sCCƒÂ%öÇ–vÆ7GW&öæ6R–æ†–&—F÷"&÷FV–â•#3#ÆWV6–æR×&–6‚&WVBÂâ×FW&Ö–æÂ"ÂÓãCcc3SSsC3ƒƒ#s2ÅG'VRÂÂÂÂÂÂÂÂÄfÇ6RÄfÇ6P¥6öÇ–3–sCSÅ–—VR¦–æ2Ö&–æF–ærÖÆ–¶R&÷FV–â•#C“–—VRÖÆ–¶R&÷FV–âÃã#33c“ƒ##SCCRÅG'VRÂÂÂÂÂÂÂÂÄfÇ6RÄfÇ6P¥6öÇ–3–sCS#Â$6†Æ÷&÷‡–ÆÂÖ"&–æF–ær&÷FV–âdÂ6†Æ÷&÷Æ7F–2•#3CB6†Æ÷&÷‡–ÆÂÔ"&–æF–ær&÷FV–â"ÂÓBãcS33SS#CsRÅG'VRÂÓBã#S#“s3cScsƒc"Ã‚ã“3##3cƒ#“#&RÓbÃBãƒscƒcSC““#ƒFRÓBÃ2ãÃ"ãƒ3“3“Sƒ#cƒScSCrÃ"ãƒ3“3“Sƒ#cƒScSCrÃ"ãCC#cc3C3s–RÓÅ6öÇ–3–sCS#ã"ãõCcµ6öÇ–3–sCS#ã"ãõC‚ÅG'VRÅG'VP¥6öÇ–3–sCS3ÄÖ¦÷"ÆFW‚ÖÆ–¶R&÷FV–â•#“b&WBb’ÆÆW&vVâÂÓ"ã3ƒsc“cƒ3ssSsRÅG'VRÂÓ"ã#33#“3scsƒ3C“ƒCrÃ"ãCs“ƒ“###Cs†RÓbÃRãc“SCsƒƒƒƒCCvRÓbÂÂÂÂÂÅG'VRÄfÇ6P¥6öÇ–3–sCscÂ$6†Æ÷&÷‡–ÆÂ7–çF†6R•#s“’6†Æ÷&÷‡–ÆÂ7–çF†6RÂ6†Är"ÂÓã3“csƒƒsS3cc#rÅG'VRÂÂÂÂÂÂÂÂÄfÇ6RÄfÇ6P¥6öÇ–3–sCssÄÕFVÖ–æ6R•#c3#’ÕFVÖ–æ6RÂÓãCS3#CC##C3BÅG'VRÂÂÂÃ"ãÃã“ƒ#Ss“Ss3‚Ãã“ƒ#Ss“Ss3‚ÃRãS#ƒ#ƒ3cs#ƒ6RÓÅ6öÇ–3–sCssã"ãõ333µ6öÇ–3–sCssã"ãõ33cµ3Cµ6öÇ–3–sCssã"ãõ33cµ3Cµ3Ccµ6öÇ–3–sCssã"ãõ3Cµ6öÇ–3–sCssã"ãõ3Ccµ6öÇ–3–sCssã"ãõ3Ccµ3Sµ6öÇ–3–sCssã"ãõ3Sµ6öÇ–3–sCssã"ãõ3ƒÄfÇ6RÅG'VP¥6öÇ–3–sCsƒÅtB×&WVB&÷FV–âÖ—•#Cƒ2&VwVÆF÷'’76ö6–FVB&÷FV–âöbDõ"ÂÓã3““ƒcCCCs“cC3rÅG'VRÂÂÂÃ2ãÃãSsSs3ss#“S“3#S‚ÃãSsSs3ss#“S“3#S‚ÃRãƒ“Ss3ƒ“SƒcCcƒfRÓ‚Å6öÇ–3–sCsƒã"ãõ333µ6öÇ–3–sCsƒã"ãõ3“#µ6öÇ–3–sCsƒã"ãõ3“#ÄfÇ6RÅG'VP¥6öÇ–3–sCs“Ä6Æ72Rf7VöÆ"&÷FV–â×6÷'F–ærÖ6†–æW'’&÷FV–â‡6S•#ƒ#Rd…27V&w&÷WÂÓãcc3ƒ“Sƒssƒ“3s’ÅG'VRÂÂÂÃãÃãcƒccScS“3“#CbÃãcƒccScS“3“#CbÃã#ƒƒƒc3cc“cƒÅ6öÇ–3–sCs“ã"ãõ3#ƒbÄfÇ6RÅG'VP¥6öÇ–3–sC“ƒÅv—6¶÷GBÔÆG&–6‚7–æG&öÖR&÷FV–âfÖ–Ç’ÖVÖ&W""•#3#B7F–âÖ&–æF–ærtƒ"ÂÓãssƒSCƒ“ƒ#Cs3RÅG'VRÂÓãssƒCs#cCƒS“ƒ#BÃ"ãSƒƒSSc“Sƒƒ“sƒ6RÓÃãS3cƒƒC3CcSƒVRÓ’ÃBãÃã3c3CSSƒƒ“#ƒ’Ãã3c3CSSƒƒ“#ƒ’Ããcssƒ“sS“FRÓ‚Å6öÇ–3–sC“ƒã"ãõ3sSµ6öÇ–3–sC“ƒã"ãõ3#“ƒµ6öÇ–3–sC“ƒã"ãõ3Cs"ÅG'VRÅG'VP¥6öÇ–3–sSÆ6Æ72’†VB6†ö6²&÷FV–â•##c‚†VB6†ö6²&÷FV–â‡7#ÃBã#C#c““ƒsc#3c"ÅG'VRÃBã####ss3#S3‚Ã"ãS#sScSC#FRÓrÃ2ãS“ƒ3#c3ƒ#ccCvRÓRÂÂÂÂÂÅG'VRÄfÇ6P¥6öÇ–3–sS#Æ6Æ72’†VB6†ö6²&÷FV–â2•##c‚†VB6†ö6²&÷FV–â‡7#Ã2ãCƒcc3SCC“3ƒScRÅG'VRÃ2ãC“CSC3CScƒ#‚ÃBã“3Ss33#ScS6RÓrÃRãs3#“3s#s#ƒFRÓRÂÂÂÂÂÅG'VRÄfÇ6P¥6öÇ–3–sSƒÄ÷3FsCs“3&÷FV–â„g&vÖVçB’ÂÓã#ƒCƒsƒSƒSS#C3CRÅG'VRÂÂÂÂÂÂÂÂÄfÇ6RÄfÇ6P¥6öÇ–3–sS#“Å†÷F÷7—7FVÒ’s6†Æ÷&÷‡–ÆÂ÷&÷FV–â•##ƒ†÷F÷7—7FVÒ’6æB6"ÂÓBãƒ3CS“ƒSƒ##S##BÅG'VRÂÓBãƒ3S#SC3ScscBÃ‚ã##ƒ“C3cCs3FRÓRÃ"ã“s#ƒS333ScS“RÓ2ÂÂÂÂÂÅG'VRÄfÇ6P¥6öÇ–3–sS3#Å†÷F÷7—7FVÒ’s6†Æ÷&÷‡–ÆÂ÷&÷FV–â•##ƒ†÷F÷7—7FVÒ’6æB6"ÂÓãSƒsssc“scƒÅG'VRÂÓãS““sƒSCscc3#RÃ"ãcS##3SCs“3ƒVRÓbÃRãƒƒ#“#cCSSss†RÓbÂÂÂÂÂÅG'VRÄfÇ6P¥6öÇ–3–sS3cÂ$6òÖ6†W&öæR&÷FV–âFæ¢•#c#2†VB6†ö6²&÷FV–âFæ¢Ââ×FW&Ö–æÂ"ÂÓã#CCSS#sss33“ƒƒ3‚ÅG'VRÂÂÂÂÂÂÂÂÄfÇ6RÄfÇ6P¥6öÇ–3–sS3ƒÄ'66—6–26–B&V6WF÷"”Ãb•#“SƒröÇ–¶WF–FR7–6Æ6UöFV‡–G&6RÂÓãS33S#ƒSsƒ“ƒÅG'VRÂÂÂÂÂÂÂÂÄfÇ6RÄfÇ6P¥6öÇ–3–sSS3Ä÷3VsCsƒ#&÷FV–â„g&vÖVçB’ÂÓã#“ƒ3s##Cs“ÅG'VRÂÂÂÂÂÂÂÂÄfÇ6RÄfÇ6P¥6öÇ–3–sScSÂ$æöâÖw&VVâÆ7F–B–ææW"VçfVÆ÷RÖVÖ'&æR&÷FV–â•#S3C’Væ6†&7FW&—6VB&÷FV–âfÖ–Ç’Uc3bÂG&ç6ÖVÖ'&æR"ÃãCCSƒ3SccCƒ3ƒRÅG'VRÂÂÂÂÂÂÂÂÄfÇ6RÄfÇ6P¥6öÇ–3–sScsÅf7VöÆ"6÷'F–ær&V6WF÷"•#33r&÷FV6RÖ76ö6–FVBÃã#““cS3cc3“#sc3rÅG'VRÂÂÂÂÂÂÂÂÄfÇ6RÄfÇ6P¥6öÇ–3–sSƒ#Â%F†–÷&VF÷†–â‚ÖÆ–¶R&÷FV–â•#SCcrF†–÷&VF÷†–âÂ6÷&R"ÃãS““SCs“Ssƒ#ƒBÅG'VRÂÂÂÃ"ãÃãcCsSc3#Cc“3“2ÃãcCsSc3#Cc“3“2Ããƒƒ#cccC#Cs#RÅ6öÇ–3–sSƒ#ã"ãõ3#µ3#Sµ6öÇ–3–sSƒ#ã"ãõC“µ3#RÄfÇ6RÅG'VP¥6öÇ–3–sSƒ3Â%FòÖÆ–¶RÂ6W&–æU÷F‡&Vöæ–æR¶–æ6R&÷FV–âÂ&W6—7Fæ6R&÷FV–â"Ããsƒc#ƒ#SSS#bÅG'VRÃãsƒc#ƒ#sS“ScC2Ã’ãC3ƒCC“Ss3C#†RÓ"Ã‚ãƒscƒC““ƒs3“##RÓÃãÃã““sCsSC#c3csRÃã““sCsSC#c3csRÃ"ã#s“cƒƒs3“c–RÓ’Å6öÇ–3–sSƒ3ããõ3#csµ6öÇ–3–sSƒ3ããõ3cƒµ6öÇ–3–sSƒ3ããõ3c#µ6öÇ–3–sSƒ3ããõ3c#Sµ3c3µ6öÇ–3–sSƒ3ããõ3c#ƒµ3c3µ6öÇ–3–sSƒ3ããõC#cCµ6öÇ–3–sSƒ3ããõCCCsµ3CSµCCSÅG'VRÅG'VP¥6öÇ–3–sSƒCÅ&V6WF÷"ÖÆ–¶R¶–æ6RÃãs#3ss#3ƒS3C‚ÅG'VRÃãs#sƒSƒ“SS#C“2Ã"ã#“CCcƒ#cCCs†RÓÃã3s“3sƒsSƒ3“–RÓ’ÂÂÂÂÂÅG'VRÄfÇ6P¥6öÇ–3–sSƒSÅ&–&÷6öÖÂ&÷FV–â32„g&vÖVçB’ÂÓã3cs#3c3““SC#bÅG'VRÂÂÂÂÂÂÂÂÄfÇ6RÄfÇ6P¥6öÇ–3–sSƒcÃS2&–&÷6öÖÂ&÷FV–âÃb•#B&–&÷6öÖÂ&÷FV–âÃbÃã#CSC#3“ƒƒsSƒ2ÅG'VRÂÂÂÂÂÂÂÂÄfÇ6RÄfÇ6P¥6öÇ–3–sS“3Â$EÖFWVæFVçB$ä†VÆ–66R•#SCRDäõ$ä†VÆ–66RÂDTEôDT‚&÷‚G—RÂâ×FW&Ö–æÂ"Ããƒ“c3“S#s3css“2ÅG'VRÂÂÂÃBãÃ"ãcƒs“cc3c3“S“‚Ã"ãcƒs“cc3c3“S“‚Ã2ãS“SCSC“S“ScVRÓ"Å6öÇ–3–sS“3ã"ãõ33#sµ6öÇ–3–sS“3ã"ãõ33#ƒµ6öÇ–3–sS“3ã"ãõ3S#’ÄfÇ6RÅG'VP¥6öÇ–3–sc“CÅVæ¶æ÷vâ&÷FV–âÂÓãc3##sC#c#S“SBÅG'VRÂÂÂÂÂÂÂÂÄfÇ6RÄfÇ6P¥6öÇ–3–sƒcÄ÷3&sC#&÷FV–â„g&vÖVçB’ÂÓãCs3Sƒ“ƒ#Ss“"ÅG'VRÂÂÂÃ"ãÃãC3SCsƒ’ÃãC3SCsƒ’Ã"ã3“CcC“6RÓRÅ6öÇ–3–sƒcã"ãõ3ssµ6öÇ–3–sƒcã"ãõ3ƒÄfÇ6RÅG'VP¥6öÇ–3–sƒ3CÅ&÷FV–âÔôã"†öÖöÆörÃãs3ƒ“3cSscs’ÅG'VRÂÂÂÃãÃãcCS###3Ssc“SBÃãcCS###3Ssc“SBÃã#ƒcƒ#sƒ“cbÅ6öÇ–3–sƒ3Cã"ãõ3“ÄfÇ6RÅG'VP¥6öÇ–3–sƒ3sÅ&÷FV–âÔôã"†öÖöÆör•#c#B&ÖF–ÆÆò×G—RföÆBÂÓãS“Cƒ3ƒƒcƒcC#3#2ÅG'VRÂÂÂÂÂÂÂÂÄfÇ6RÄfÇ6P¥6öÇ–3–sƒCSÂ%V&—V—F–âÖ7F—fF–ærVç§–ÖRS•#ƒsRV&—V—F–âÖ7F—fF–ærVç§–ÖRÂS"ÂÓã3ƒ“C3ccs“CSƒc‚ÅG'VRÂÂÂÂÂÂÂÂÄfÇ6RÄfÇ6P¥6öÇ–3–sƒc3Ä&—2ƒUö÷2ÖFVæ÷7–Â’×G&—†÷7†F6RÖÆ–¶R&÷FV–â•#S†—7F–F–æRG&–BÖ÷F–bÂÓã33s3cSsƒc3SSCƒƒrÅG'VRÂÂÂÂÂÂÂÂÄfÇ6RÄfÇ6P¥6öÇ–3–sƒs3Â%V&—V—F–â6&&÷‡–Â×FW&Ö–æÂ‡–G&öÆ6RfÖ–Ç’&÷FV–â•#s3“V&—V—F–ç–Â‡–G&öÆ6RÂT4ƒ3rG—R"ÂÓã#ƒSCcƒSƒ“3ƒS“ÅG'VRÂÂÂÂÂÂÂÂÄfÇ6RÄfÇ6P¥6öÇ–3–sƒsSÂ$–æ÷6–æRÓUö÷2ÖÖöæ÷†÷7†FRFV‡–G&övVæ6R•#cCB7—7FF†–öæ–æR&WF×7–çF†6RÂ6÷&R"ÂÓãs“S#3C“3ScrÅG'VRÂÓãs“sƒc3“#C“ƒC’ÃBãCsCcSCc#Sƒ#†RÓ"ÃBãs#ƒ“ƒCsSS6RÓÂÂÂÂÂÅG'VRÄfÇ6P¥6öÇ–3–sƒs“ÄvÖÖ‡–G&÷‡–'WG—&FRFV‡–G&övVæ6RÖÆ–¶R&÷FV–â•#SƒR2Ö‡–G&÷‡–6–BFV‡–G&övVæ6U÷&VGV7F6RÃãƒSƒcC3s#s“3SSrÅG'VRÂÂÂÂÂÂÂÂÄfÇ6RÄfÇ6P¥6öÇ–3–sƒ“cÂ%T$õE2ÔâFöÖ–â&÷FV–â•#c#2†VB6†ö6²&÷FV–âFæ¢Ââ×FW&Ö–æÂ"ÂÓã3ƒSƒs“c#Cs#CƒcBÅG'VRÂÂÂÃ’ãÃã#ƒc3SScƒcƒC‚Ãã#ƒc3SScƒcƒC‚ÃRãcs““Sƒsƒ“c3#†RÓ‚Å6öÇ–3–sƒ“cã"ãõ3sµ6öÇ–3–sƒ“cã"ãõ3#“Sµ6öÇ–3–sƒ“cã"ãõ33µ6öÇ–3–sƒ“cã"ãõ333µ6öÇ–3–sƒ“cã"ãõ33#µ6öÇ–3–sƒ“cã"ãõ3C#cµ6öÇ–3–sƒ“cã"ãõ3sbÄfÇ6RÅG'VP¥6öÇ–3–s““sÂ%V&—V—F–â6&&÷‡–Â×FW&Ö–æÂ‡–G&öÆ6R•#3“BWF–F6R3’ÂV&—V—F–â6&&÷‡–Â×FW&Ö–æÂ‡–G&öÆ6R""ÂÓã#S33SƒS#S3rÅG'VRÂÂÂÂÂÂÂÂÄfÇ6RÄfÇ6P¥6öÇ–3–s#Â$c#ó2ã#‚&÷FV–â„g&vÖVçB’•#Css‚×–"ÂDäÖ&–æF–ær"Ãã3SƒƒsSsCbÅG'VRÂÂÂÂÂÂÂÂÄfÇ6RÄfÇ6P¥6öÇ–3–s#Å2ÖÆ–¶R$æ6R„g&vÖVçB’•#Sc‚&–&öçV6ÆV6RC"ÃãCS3sSƒS#SsSsCRÅG'VRÂÂÂÂÂÂÂÂÄfÇ6RÄfÇ6P¥6öÇ–3–s#3Â#c2&–&÷6öÖÂ&÷FV–âÃRÓ•#SCƒR&–&÷6öÖÂ&÷FV–âÃRÂWV¶'–÷F–2"ÂÓãS3#c3c“cCSCCcÅG'VRÂÂÂÃãÃãcsCƒs#“Sƒ“’ÃãcsCƒs#“Sƒ“’ÃBãc3ƒ#“SSƒVRÓrÅ6öÇ–3–s#3ã"ãõ3#ƒ’ÄfÇ6RÅG'VP¥6öÇ–3–s#CÂ$uâÖÆö÷uE6R2•#C3&÷FV–âöbVæ¶æ÷vâgVæ7F–öâÂE&–æF–ær"ÂÓãSƒS#“CSssc#sƒBÅG'VRÂÂÂÂÂÂÂÂÄfÇ6RÄfÇ6P¥6öÇ–3–s#“Å†÷7†öW7FW&6RfÖ–Ç’&÷FV–â•#s3"†÷7†öW7FW&6RÂÓãsS3ƒƒCCƒ#“C#‚ÅG'VRÂÂÂÃãÃãccsS3““CC#“CC’ÂÓãccsS3““CC#“CC’Ã"ã“Sscs3s“c†RÓbÅ6öÇ–3–s#“ã"ãõCƒ"ÄfÇ6RÅG'VP¥6öÇ–3–s#S#CÄ6Æ72Rf7VöÆ"&÷FV–â×6÷'F–ærÖ6†–æW'’&÷FV–â‡6S•#ƒ#Rd…27V&w&÷WÃã33#“3c#““Cc2ÅG'VRÂÂÂÃãÃãc3csƒCƒƒSCC2Ããc3csƒCƒƒSCC2Ãã3CS#“3ƒCƒs#RÓbÅ6öÇ–3–s#S#Cã"ãõ3#“rÄfÇ6RÅG'VP¥6öÇ–3–s#S#SÂ$Ö—Fö6†öæG&–Â–ææW"ÖVÖ'&æR&÷FV6R7V'Væ—B"•#S“#rWF–F6R3#BÂ3#dÂ3#d"æB3#d2"Ãã3Cƒ3“3S3ƒ“cCsbÅG'VRÂÂÂÂÂÂÂÂÄfÇ6RÄfÇ6P¥6öÇ–3–s#S#cÂ%4ÖÆ–¶R&÷FV–â%Ós2•#sSrE6RÂ×G—RÂµôÖuô6Eô7Uõ¦åôæô6ôæô‚×G&ç7÷'FW""ÃãcCCƒS“cS“3S“‚ÅG'VRÃãc3“3#C#s3c3CÃ’ã##ScS#ƒC3cc#“vRÓ’Ã2ãSsCC3sss33s#FRÓ‚ÃãÃãc3C“3“Cs“sS#ÂÓãc3C“3“Cs“sS#ÃBãƒCC#3#Scs“VRÓbÂÅG'VRÅG'VP¥6öÇ–3–s#S#sÅRÖ&÷‚FöÖ–âÖ6öçF–æ–ær&÷FV–â2•#“ƒ’&ÖF–ÆÆòÖÆ–¶R†VÆ–6ÂÂÓãcSccC#3#ScSBÅG'VRÂÓãcS“ƒ“CCScs“#3"ÃRã3ƒC“c“#“cvRÓRÃ’ãsc33cƒ“ƒƒ3#FRÓRÃãÃã““““CS“ƒcƒ3#BÂÓã““““CS“ƒcƒ3#BÃrã““#“#c“s##VRÓrÅ6öÇ–3–s#S#sã"ãõ3C‚ÅG'VRÅG'VP¥6öÇ–3–s33“Å6W&–æUö&v–æ–æR&WWF—F—fRÖG&—‚„g&vÖVçB’•##Cƒ27Æ–6–ærf7F÷"t’ÂÓã33sƒC#ƒ3ƒ3s#CcRÅG'VRÂÂÂÃ‚ãÃãC#s33cƒcƒ“#3"ÃãC#s33cƒcƒ“#3"Ã2ãƒ3#Cƒ3#33VRÓrÅ6öÇ–3–s33“ã"ãõ3#ƒµ3#µ6öÇ–3–s33“ã"ãõ33ƒµ33ƒ3µ6öÇ–3–s33“ã"ãõ3C“cµ6öÇ–3–s33“ã"ãõ3S#ƒµ6öÇ–3–s33“ã"ãõ3ƒsbÄfÇ6RÅG'VP¥6öÇ–3–s3S“Å†÷‚FöÖ–âÖ6öçF–æ–ær&÷FV–âÃãccc#ƒ“CcCƒc3cS"ÅG'VRÂÂÂÂÂÂÂÂÄfÇ6RÄfÇ6P¥6öÇ–3–s3cÅ6÷'F–æræW†–â•#cƒ2†÷‚ÖÆ–¶RÂÓã33CSCƒS“CƒCbÅG'VRÂÂÂÂÂÂÂÂÄfÇ6RÄfÇ6P¥6öÇ–3–s3cSÂ%¦–æ2f–ævW"&÷FV–â•#ƒC¦–æ2f–ævW"Â$”är×G—R"ÂÓã3#ƒcSsCcsCs“’ÅG'VRÂÂÂÂÂÂÂÂÄfÇ6RÄfÇ6P¥6öÇ–3–s3cƒÄÖ—Fö6†öæG&–ÂVæ6÷WÆ–ær&÷FV–â•#““2Ö—Fö6†öæG&–Â7V'7G&FR6'&–W"Ãã“#sC3cS#Ss“’ÅG'VRÂÂÂÂÂÂÂÂÄfÇ6RÄfÇ6P¥6öÇ–3–s3sÂ%fW6–7VÆ"vÇWFÖFRG&ç7÷'FW"•#c“bÖ¦÷"f6–Æ—FF÷"7WW&fÖ–Ç’ÂvVæW&Â7V'7G&FRG&ç7÷'FW""ÃãCC“s#SC“s3#Ss“RÅG'VRÂÂÂÂÂÂÂÂÄfÇ6RÄfÇ6P¥6öÇ–3–s3sƒÅF–3fÖ–Ç’G&ç7÷'FW"6†Æ÷&÷Æ7B–ææW"VçfVÆ÷R&÷FV–âF–3ÃãcC3C#“ScSc“ccSƒÅG'VRÃãcC3CCssC3“s“3‚ÃBãsSs“““#ssƒ6RÓÃ"ãc3Cc3C“cC3sS&RÓ’ÃãÃ"ãcƒ3“S“cƒ“““BÃ"ãcƒ3“S“cƒ“““BÃ2ã3S#c#S3ƒcc–RÓÅ6öÇ–3–s3sƒã"ãõCSsbÅG'VRÅG'VP¥6öÇ–3–s3“#Ä†'–âÖ–æGV6VB•#ƒCr†'–âÖ–æGV6VBÂÓã#Sƒƒ3ƒc#cRÅG'VRÂÂÂÂÂÂÂÂÄfÇ6RÄfÇ6P¥6öÇ–3–s3“3Â$´‚FöÖ–â6öçF–æ–ær$ä&–æF–ær6–væÂG&ç6GV7F–öâ76ö6–FVB•#Cƒ‚²†öÖöÆöw’ÂG—R"ÂÓãcsScS“ƒcƒss“ÅG'VRÂÂÂÃbãÃãs#CƒScS“SSS“ƒCRÃãs#CƒScS“SSS“ƒCRÃã#c3“33ƒ#ƒ#svRÓrÅ6öÇ–3–s3“3ã"ãõ3#cµ6öÇ–3–s3“3ã"ãõ3#cµ3#cCµ3#cƒµ6öÇ–3–s3“3ã"ãõ3#cµ3#ccµ6öÇ–3–s3“3ã"ãõ3#cbÄfÇ6RÅG'VP¥6öÇ–3–s3“CÄ6†Æ÷&÷Æ7BÇVÖVâ6öÖÖöâ&÷FV–âfÖ–Ç’ÖÆ–¶R&÷FV–âÂÓãƒ“““C“3ƒScc##3bÅG'VRÂÂÂÂÂÂÂÂÄfÇ6RÄfÇ6P¥6öÇ–3–s3“sÅ†÷7†÷'–Æ6R•#ƒ32vÇ–6övVå÷7F&6…öÇ†ÖvÇV6â†÷7†÷'–Æ6RÂÓã“S“3cs#ƒcƒ“sÅG'VRÂÓã“Sƒ“csCCƒ“Sc#2Ã‚ãss#“c“3scsCVRÓ"Ã‚ã3CsS“#s“cs“3FRÓÂÂÂÂÂÅG'VRÄfÇ6P¥6öÇ–3–sC#sÅ&ö7F—fF÷"öÇ—WF–FR•#6÷6–âÖÆ–¶RÂÓãCƒ33##sƒCsƒSC3bÅG'VRÂÂÂÂÂÂÂÂÄfÇ6RÄfÇ6P¥6öÇ–3–sC#sSÄ7–ÂÔ6ôF†–öW7FW&6R’ÂÓã“SCSc“#c3CSCƒccRÅG'VRÂÂÂÂÂÂÂÂÄfÇ6RÄfÇ6P¥6öÇ–3–sC#ssÅ&†öFæW6RÖÆ–¶R•#sc2&†öFæW6RÖÆ–¶RÂÓã“S3s3cSƒc3ssccƒrÅG'VRÂÂÂÃãÃã#s3S3C#Cƒ"ÂÓã#s3S3C#Cƒ"ÃBãss3Cc““““S“vRÓbÅ6öÇ–3–sC#ssã"ãõ3“‚ÄfÇ6RÅG'VP¥6öÇ–3–sCs“Ä‡–G&öÆ6RÇ†ö&WFföÆBfÖ–Ç’&÷FV–â•#s2Ç†ö&WF‡–G&öÆ6RföÆBÓÂÓãCSCsCSƒ“#sCCRÅG'VRÂÂÂÂÂÂÂÂÄfÇ6RÄfÇ6P¥6öÇ–3–sS#Ä7—Fö6‡&öÖR"•#csR7—Fö6‡&öÖR%ö#bÂÓã#S“Csc“ƒƒscCc#ÅG'VRÂÂÂÂÂÂÂÂÄfÇ6RÄfÇ6P¥6öÇ–3–sSCÅ&–&÷6öÖÂ&÷FV–âÃR•##3"&–&÷6öÖÂ&÷FV–âÃRÂÓã3“Ss“#ƒƒ#ƒ“sC3CsRÅG'VRÂÂÂÂÂÂÂÂÄfÇ6RÄfÇ6P¥6öÇ–3–sSSƒÂ%&V6WF÷"Æ–¶R¶–æ6RÂ$Ä²"Ããss3ƒS“ƒC“3CS“rÅG'VRÂÂÂÃãÃãcƒ3#Ccsc#S3C“2Ããcƒ3#Ccsc#S3C“2ÃBãs##“ƒ#sscsVRÓRÅ6öÇ–3–sSSƒã"ãõ3SSRÄfÇ6RÅG'VP¥6öÇ–3–sSS#cÅ$”är¦–æ2f–ævW"Ö6öçF–æ–ær&÷FV–â•#c#B&ÖF–ÆÆò×G—RföÆBÃã3cCsssScƒCBÅG'VRÂÂÂÂÂÂÂÂÄfÇ6RÄfÇ6P¥6öÇ–3–sSS3CÄ6ö†W6–âÆöF–ær6ö×ÆW‚7V'Væ—B443B†öÖöÆörÂÓã3s#ƒ3CCcscCcss’ÅG'VRÂÂÂÂÂÂÂÂÄfÇ6RÄfÇ6P¥6öÇ–3–sSS3SÄ$2G&ç7÷'FW"EÖ&–æF–æu÷W&ÖV6R&÷FV–â•#3C3’$2G&ç7÷'FW"ÖÆ–¶RÃã“sS3S#ssS##c2ÅG'VRÂÂÂÂÂÂÂÂÄfÇ6RÄfÇ6P¥6öÇ–3–sSSSsÂ%&V6WF÷"Æ–¶R¶–æ6RÂ$Ä²"ÂÓã##“CCƒCs“SBÅG'VRÂÂÂÃ"ãÃãc““Sc#c“Sc#BÃãc““Sc#c“Sc#BÃ"ãƒsƒsƒ3c3ƒ†RÓbÅ6öÇ–3–sSSSsã"ãõCƒ“µ6öÇ–3–sSSSsã"ãõCƒ“‚ÄfÇ6RÅG'VP¥6öÇ–3–sSSS“ÅVæ¶æ÷vâ&÷FV–âÂÓãccSc#SCC“3BÅG'VRÂÓãccc33sc##c3C“2Ã2ã#cCSs33cCSvRÓ’ÃãC##s““SSCc“s#vRÓ‚ÃãÃãsSƒCC##ƒScC““‚ÃãsSƒCC##ƒScC““‚Ãrã##3sCƒscƒRÓrÅ6öÇ–3–sSSS“ã"ãõ3S‚ÅG'VRÅG'VP¥6öÇ–3–sSSsÄ×–÷6–âÖÆ–¶R&÷FV–â•#c“"&÷FV–âöbVæ¶æ÷vâgVæ7F–öâETcc3RÂÓã“3c#“#Sc33ScCRÅG'VRÂÂÂÂÂÂÂÂÄfÇ6RÄfÇ6P¥6öÇ–3–sSSscÅB×6æ&RÂÓã#Sc#s#3s3CcbÅG'VRÂÂÂÂÂÂÂÂÄfÇ6RÄfÇ6P¥6öÇ–3–sSSƒsÅVæ¶æ÷vâ&÷FV–âÂÓãSSs#S“sƒc#3sCSÅG'VRÂÂÂÂÂÂÂÂÄfÇ6RÄfÇ6P¥6öÇ–3–sSS“ÄBÖÖ–æò6–BFV‡–G&övVæ6R6ÖÆÂ7V'Væ—B•#csbdBFWVæFVçB÷†–F÷&VGV7F6RÂÓãc3##“3ƒSƒƒ"ÅG'VRÂÓãc3Scs##ƒƒ“sSbÃbãsCSSsc#ƒ3c–RÓÃ2ãS“cSCƒƒ#3#ƒ“&RÓ’ÂÂÂÂÂÅG'VRÄfÇ6P¥6öÇ–3–sSS“#ÅöÇ’„’×7V6–f–2&–&öçV6ÆV6R$âÖÆ–¶R&÷FV–â•#c“C&–&öçV6ÆV6R4cÂÓãƒC#sC33cS3c2ÅG'VRÂÂÂÂÂÂÂÂÄfÇ6RÄfÇ6P¥6öÇ–3–sSS“CÄ&–ÆR6–B6öF—VÒ7–×÷'FW"fÖ–Ç’&÷FV–â•##cSr&–ÆR6–C§6öF—VÒ7–×÷'FW"ÃãC“#CCƒ“s3#“ƒccƒRÅG'VRÂÂÂÂÂÂÂÂÄfÇ6RÄfÇ6P¥6öÇ–3–sSccÄvVæöÖ–2Dä6‡&öÖ÷6öÖRR6ÆöæRÔ¤SrÃã“s3#c3C#3C“#“C#‚ÅG'VRÃã“s#S3sCƒsc#SƒbÃrãƒƒSƒcCSscsvRÓÃRãCCs3c3###c#&RÓÂÂÂÂÂÅG'VRÄfÇ6P¥6öÇ–3–sSc#cÂ'E$ä6WVF÷W&–F–æR7–çF†6RfÖ–Ç’&÷FV–â•#Cb6WVF÷W&–F–æR7–çF†6R’ÂG'T"Ãã#s“s3sC##ƒC3332ÅG'VRÂÂÂÃãÃãsSc#3S#“s33#ƒrÃãsSc#3S#“s33#ƒrÃ2ã33Cs3csCƒ#–RÓbÅ6öÇ–3–sSc#cã"ãõ3#SÄfÇ6RÅG'VP¥6öÇ–3–sSc3CÅ&2×&VÆFVB&÷FV–â&"Ó#R•#SS“R&#×&VÆFVBÂÓã3sCCS3cƒccƒ3cbÅG'VRÂÂÂÃBãÃã#“Cs3CC“s3S2Ãã#“Cs3CC“s3S2Ã"ã3C#“ƒcƒS#ƒƒƒFRÓ’Å6öÇ–3–sSc3Cã"ãõ3ƒ#µ6öÇ–3–sSc3Cã"ãõ3ƒ#µ3ƒƒµ6öÇ–3–sSc3Cã"ãõ3ƒ‚ÄfÇ6RÅG'VP¥6öÇ–3–sSc3cÄÖVÖ'&æR&÷FV–â•#s#BVæ6†&7FW&—6VB6öç6W'fVB&÷FV–âT53sCsÂÓãCsCc#SsC#sCC“’ÅG'VRÂÂÂÂÂÂÂÂÄfÇ6RÄfÇ6P¥6öÇ–3–sSsc3Â$vÇV6âVæFòÓ2Ö&WFÖvÇV6÷6–F6Rb•#C“vÇ–6÷6–FR‡–G&öÆ6RÂfÖ–Ç’r"ÃãsƒCcs#SC““ƒcRÅG'VRÂÂÂÂÂÂÂÂÄfÇ6RÄfÇ6P¥6öÇ–3–sSscSÃC2&–&÷6öÖÂ&÷FV–â3‚•#Cr&–&÷6öÖÂ&÷FV–â3†RÂÓãScCCS#ScCS3SS#2ÅG'VRÂÂÂÂÂÂÂÂÄfÇ6RÄfÇ6P¥6öÇ–3–sSsccÂ%WF–G–Â×&öÇ–Â6—2×G&ç2—6öÖW&6R•#s’WF–G–Â×&öÇ–Â6—2×G&ç2—6öÖW&6RÂd´%×G—R"ÂÓãcc3“ƒs“SRÅG'VRÂÂÂÃãÃãƒccC“ccSs“s3Sƒ’ÃãƒccC“ccSs“s3Sƒ’Ãbã3““cCƒ#SCCSVRÓ‚Å6öÇ–3–sSsccã"ãõ3ƒrÄfÇ6RÅG'VP¥6öÇ–3–sSscsÂ$d³SbÖ&–æF–ær&÷FV–â"„T2Rã"ãã‚’…WF–G–Â×&öÇ–Â6—2×G&ç2—6öÖW&6R’…–6R’…&÷FÖ6R’•#s’WF–G–Â×&öÇ–Â6—2×G&ç2—6öÖW&6RÂd´%×G—R"ÃãS##ƒ3##sSCcS‚ÅG'VRÂÂÂÂÂÂÂÂÄfÇ6RÄfÇ6P¥6öÇ–3–sSs“Â$âÖÇ†Ö6WG–ÇG&ç6fW&6R#RÂæD"W†–Æ–'’7V'Væ—B•#““FWG&G&–6÷WF–FRÖÆ–¶R†VÆ–6Â"ÂÓã“3CƒCƒƒcC3“‚ÅG'VRÂÂÂÂÂÂÂÂÄfÇ6RÄfÇ6P¥6öÇ–3–sSs“#Â$âÖÇ†Ö6WG–ÇG&ç6fW&6R#RÂæD"W†–Æ–'’7V'Væ—B•#“ƒ2âÖ6WG–ÇG&ç6fW&6R"6ö×ÆW‚ÂæöâÖ6FÇ—F–27V'Væ—B"ÂÓã#Cƒc#s“ƒƒCc2ÅG'VRÂÂÂÂÂÂÂÂÄfÇ6RÄfÇ6P¥6öÇ–3–sSƒ““ÅVæ¶æ÷vâ&÷FV–âÂÓãC“ccƒ““#ƒsCCs‚ÅG'VRÂÂÂÂÂÂÂÂÄfÇ6RÄfÇ6P¥6öÇ–3–sS“3Â$Æ6ö†öÂFV‡–G&övVæ6R¦–æ2Ö6öçF–æ–ær•##ƒRÆ6ö†öÂFV‡–G&övVæ6R7WW&fÖ–Ç’Â¦–æ2Ö6öçF–æ–ær"Ãã3ƒ“ƒss“#C’ÅG'VRÃã3ƒcc“3cCC3sc“2ÃãƒSSƒs#sCccƒFRÓÃãSc3CScccSC–RÓÂÂÂÂÂÅG'VRÄfÇ6P¥6öÇ–3–sS“CÂ$Æ6ö†öÂFV‡–G&övVæ6R¦–æ2Ö6öçF–æ–ær•##ƒRÆ6ö†öÂFV‡–G&övVæ6R7WW&fÖ–Ç’Â¦–æ2Ö6öçF–æ–ær"Ãã“CSCcƒ3ƒ#ƒc3‚ÅG'VRÃã“Scƒc“#“ƒcCCƒ2Ãã3cc“3c33CƒsVRÓ‚ÃBã#ƒ3c#sS3#SSfRÓ‚ÃãÃãƒs#csƒCS“3CƒRÂÓãƒs#csƒCS“3CƒRÃ"ãƒsc3“ss#3&RÓbÅ6öÇ–3–sS“Cã"ãõ3cRÅG'VRÅG'VP¥6öÇ–3–sS“sÄçF†ö7–æ–F–â2ÔòÖvÇV6÷7–ÇG&ç6fW&6R•###2TEÖvÇV7W&öæ÷7–ÅõTEÖvÇV6÷7–ÇG&ç6fW&6RÂÓã3ƒsCScsc#3#CbÅG'VRÂÂÂÂÂÂÂÂÄfÇ6RÄfÇ6P¥6öÇ–3–sS“3Â%&2uE6RÖ7F—fF–ær&÷FV–âÖ&–æF–ær&÷FV–â"•#ƒ##"çV6ÆV"G&ç7÷'Bf7F÷""ÂWV¶'–÷FR"ÂÓã#3#3C#3“3“sSsrÅG'VRÂÂÂÂÂÂÂÂÄfÇ6RÄfÇ6P¥6öÇ–3–sS“C3Â%%Ó–çFW&7F–ær&÷FV–âBG&ç67&—B"•#ƒsFVfVæ6R&W7öç6RÂ&–ãB"ÂÓ"ã#S3S3ƒSCs#CSƒrÅG'VRÂÓ"ã#S3S#S#ccƒƒrÃãsCss#ƒCCfRÓrÃ"ãcScssSC3C3vRÓRÃ"ãÃãƒc3ss3#cƒS“cRÃãƒc3ss3#cƒS“cRÃã#Ccƒ###“3scfRÓRÅ6öÇ–3–sS“C3ã"ãõ3bÅG'VRÅG'VP¥6öÇ–3–sS“SÄf÷&¶†VB&÷‚³•##S2f÷&¶†VBÖ76ö6–FVBÂÓãCcs3ƒƒ##3#SSSsCBÅG'VRÂÂÂÂÂÂÂÂÄfÇ6RÄfÇ6P¥6öÇ–3–sS“SsÄ"Ö6VÆÂ&V6WF÷"Ö76ö6–FVB&÷FV–â3ÖÆ–¶R6öçF–æ–ær&÷FV–â•#ƒCr"Ö6VÆÂ&V6WF÷"Ö76ö6–FVB3ÖÆ–¶RÂÓã3CS3ƒƒ#““3“"ÅG'VRÂÂÂÂÂÂÂÂÄfÇ6RÄfÇ6P¥6öÇ–3–sS“cÄu’G&ç6Ö–F6R6ö×öæVçB”rÕ2ÖÆ–¶R•#“SC†÷7†F–G–Æ–æ÷6—FöÂÖvÇ–6â&–÷7–çF†W6—26Æ722&÷FV–âÂÓã33SƒC“ssƒS“#ƒrÅG'VRÂÂÂÂÂÂÂÂÄfÇ6RÄfÇ6P¥6öÇ–3–sS“c#Å4ÒFöÖ–âfÖ–Ç’&÷FV–â•#cc7FW&–ÆRÇ†Ö÷F–b4ÒÂÓã#S##Sƒ33sƒc#s2ÅG'VRÂÂÂÃ‚ãÃã“scCSc3ccC3RÃã“scCSc3ccC3RÃã3ƒss“ƒ3#C3#ƒC–RÓrÅ6öÇ–3–sS“c#ã"ãõ3##µ6öÇ–3–sS“c#ã"ãõ3#ƒµC3µ6öÇ–3–sS“c#ã"ãõ3#“µ6öÇ–3–sS“c#ã"ãõ3Sƒµ6öÇ–3–sS“c#ã"ãõ3ƒsµ6öÇ–3–sS“c#ã"ãõC3ÄfÇ6RÅG'VP¥6öÇ–3–sS““cÂ$u’G&ç6Ö–F6R6ö×öæVçBu“b•#s#CRw“b7V'Væ—BÂu’G&ç6Ö–F6R6ö×öæVçB"ÂÓãƒ3ssƒ3cƒsS3#BÅG'VRÂÂÂÂÂÂÂÂÄfÇ6RÄfÇ6P¥6öÇ–3–sS““sÅ6ÖÆÂV&—V—F–â×&VÆFVBÖöF–f–W""•#c#bV&—V—F–âÃãcSC“cc“cƒS‚ÅG'VRÂÂÂÂÂÂÂÂÄfÇ6RÄfÇ6P¥6öÇ–3–sc#3Ä7—Fö6‡&öÖR#R•#“’7—Fö6‡&öÖR#RÃãCS“ƒ#CcSƒCsc“ƒRÅG'VRÂÂÂÂÂÂÂÂÄfÇ6RÄfÇ6P¥6öÇ–3–sc#“Â%tBÓC&WVBfÖ–Ç’&÷FV–â•#s“ƒbtCC&WVBÂ&Vv–öâ"ÂÓãCcs3#c#3s“#3c2ÅG'VRÂÂÂÂÂÂÂÂÄfÇ6RÄfÇ6P¥6öÇ–3–sc3Â%DRWF–F6RFöÖ–â6öçF–æ–ær&•#ƒSƒ&÷FV–âöbVæ¶æ÷vâgVæ7F–öâETcƒc"ÂWV¶'–÷F–2"Ããƒ3#SC““sC““#rÅG'VRÃãƒ3C3ƒƒ3#3rÃã“#“SSSsFRÓÃrã#ƒC“3SS##SvRÓÃãÃãcC3c“s“Cc#csƒ“ÂÓãcC3c“s“Cc#csƒ“ÃãcƒC3Sƒcs“cFRÓRÅ6öÇ–3–sc3ã"ãõ3ƒBÅG'VRÅG'VP¥6öÇ–3–sc3ƒÂ$ä„Â&WVB•#C"6—‚Ö&ÆFVB&WF×&÷VÆÆW"ÂFöÄ"ÖÆ–¶R"Ãã3c3C#c#ƒ#3ƒCrÅG'VRÂÂÂÂÂÂÂÂÄfÇ6RÄfÇ6P¥6öÇ–3–scC3ÄçV6ÆVöÆ"uEÖ&–æF–ær&÷FV–â"•#Cƒ2täÃ4Åôw&ãWFF—fRuE6RÂÓã“3SsSccS3#ƒSSbÅG'VRÂÓã“CC##ƒ#ss##bÃã“ƒ3“SsCcRÓÃãS“cSƒƒs“CSs6RÓÃãÃã““3S“s#c“s“Ãã““3S“s#c“s“ÃRã3“ƒsƒcCsCfRÓ‚Å6öÇ–3–scC3ã"ãõ3#rÅG'VRÅG'VP¥6öÇ–3–scCCÄ÷3FsS3&÷FV–â„g&vÖVçB’Ããc“sc3c##3ƒ“SRÅG'VRÃãc“cƒ3#SscC“c"Ãbã#sCC3S#cc3ƒ6RÓrÃãScSƒc3ƒC“#†RÓbÂÂÂÂÂÅG'VRÄfÇ6P¥6öÇ–3–scc#ÅfW6–6ÆRÖ76ö6–FVBÖVÖ'&æR&÷FV–ât"•#3ƒ‚7–æFö'&Wf–âÂÓã##ƒSSc#scCƒS3ƒ‚ÅG'VRÂÂÂÂÂÂÂÂÄfÇ6RÄfÇ6P¥6öÇ–3–sccƒÅçF÷F†VæFR7–çF†WF6R•#3s#çFöFRÖ&WFÖÆæ–æRÆ–v6RÂÓãC“ccƒSC#S#“#c2ÅG'VRÂÂÂÂÂÂÂÂÄfÇ6RÄfÇ6P¥6öÇ–3–scsÂ%&–&öçV6ÆV6R&÷FV–â7V'Væ—B#R•##ssRÆ&ÂDäõ$äÖ&–æF–ær&÷FV–â"Ãã#scSs“S3s3#bÅG'VRÂÂÂÂÂÂÂÂÄfÇ6RÄfÇ6P¥6öÇ–3–scƒCÃ2Ö¶WFö7–Â6ôF†–öÆ6R•##SRF†–öÆ6RÂÓãcs3sC#“ƒ3cƒ3CRÅG'VRÂÓãccsƒ3#C#“#SBÃã#CƒC“ƒsƒsƒSƒBÃãss#Scc#ƒƒ3RÂÂÂÂÂÅG'VRÄfÇ6P¥6öÇ–3–scƒcÂ%7FW&öÂ2Ö&WFÖvÇV6÷7–ÇG&ç6fW&6R•#C#sbvÇ–6÷7–ÂG&ç6fW&6RÂfÖ–Ç’#‚"ÂÓãƒ3C“S#“3c#ƒbÅG'VRÂÓãƒ33s###s#“ssCBÃ"ã###s#““s“SscVRÓ’Ãã#sƒSc3#3RÓ‚ÂÂÂÂÂÅG'VRÄfÇ6P¥6öÇ–3–sc33Ä4Ä•Ö76ö6–F–ær&÷FV–âÖÆ–¶R•#“ƒ’&ÖF–ÆÆòÖÆ–¶R†VÆ–6ÂÂÓãs3#ssSSC“#ccCÅG'VRÂÓãs3Cs“s3cƒƒS#“Sc‚Ã2ãs#CcSƒc#cvRÓRÃbãƒssƒƒ#S#ƒsC#VRÓRÃãÃ"ãƒ“ƒSƒ#ƒc3“SbÂÓ"ãƒ“ƒSƒ#ƒc3“SbÃãƒ“s3“C#ƒ“C#sFRÓ’Å6öÇ–3–sc33ã"ãõ3CSµ6öÇ–3–sc33ã"ãõ3CSµ3Ccµ6öÇ–3–sc33ã"ãõ3cSµ6öÇ–3–sc33ã"ãõ3sS"ÅG'VRÅG'VP¥6öÇ–3–sc3ƒÄvVæöÖ–2Dä6‡&öÖ÷6öÖRR$26ÆöæRcd#bÂÓãS3Ss3ƒCƒcc3’ÅG'VRÂÂÂÃãÃãc##s“Sƒ#3c“s#s2ÂÓãc##s“Sƒ#3c“s#s2Ãã3Cc3sSSƒ#S““cbÅ6öÇ–3–sc3ƒããõ3C3RÄfÇ6RÅG'VP¥6öÇ–3–sc33Å†÷F÷7—7FVÒ’&V7F–öâ6VçFW"7V'Væ—B•b•#33sR†÷F÷7—7FVÒ’&V7F–öâ6VçG&R7V'Væ—B•eõ6RÂÓBãƒc#“SCC#Ss3‚ÅG'VRÂÓBãƒcƒC3SCSs“SƒrÃrã““““3scccƒS#c&RÓBÃãc“#ƒ3CSs#“#6RÓ"Ã2ãÃRãS3Cƒ3C““CsCCCRÃRãS3Cƒ3C““CsCCCRÃ‚ãsCƒƒ3ƒ#3C3sVRÓBÅ6öÇ–3–sc33ã"ãõ3µ6öÇ–3–sc33ã"ãõ3“#µ6öÇ–3–sc33ã"ãõC“‚ÅG'VRÅG'VP¥6öÇ–3–sc3CÄ÷3fs#3SS&÷FV–â„g&vÖVçB’ÂÓã##cccSCScsSCƒRÅG'VRÂÂÂÂÂÂÂÂÄfÇ6RÄfÇ6P¥6öÇ–3–sc3SÂ$vÇWFF†–öæR2×G&ç6fW&6R•#s“32vÇWFF†–öæR2×G&ç6fW&6Uö6†Æ÷&–FR6†ææVÂÂ2×FW&Ö–æÂ"ÂÓã#SCc““3#c3scRÅG'VRÂÓã#S#SCƒSƒCcƒCRÃBã##“CSs#s3#fRÓ"ÃBãC“333s“ƒ#“C–RÓÂÂÂÂÂÅG'VRÄfÇ6P¥6öÇ–3–scC#Â$×–÷6–â„’Ó"•#c’×–÷6–â†VBÂÖ÷F÷"&Vv–öâ"ÂÓãcƒSSS#ƒ#“S"ÅG'VRÂÂÂÂÂÂÂÂÄfÇ6RÄfÇ6P¥6öÇ–3–scC#CÄ¶–æ6Rf´"fÖ–Ç’&÷FV–â•#c6&&ö‡–G&FU÷W&–æR¶–æ6RÂÓã3ss“3cCc#“ƒS"ÅG'VRÂÂÂÂÂÂÂÂÄfÇ6RÄfÇ6P¥6öÇ–3–scC3sÄÆ6ö†öÂFV‡–G&övVæ6VvÇWFF†–öæRFV‡–G&övVæ6RÂÓã#“ƒ#“33“C3cS“rÅG'VRÂÂÂÂÂÂÂÂÄfÇ6RÄfÇ6P¥6öÇ–3–scC3ƒÅE"FöÖ–â6öçF–æ–ær&÷FV–âW‡&W76VBÃãCSƒs“sc3sS3sCRÅG'VRÂÂÂÂÂÂÂÂÄfÇ6RÄfÇ6P¥6öÇ–3–scC3“ÅFWG&G&–6÷WF–FR&WVB&÷FV–âB•#““FWG&G&–6÷WF–FRÖÆ–¶R†VÆ–6ÂÃãCs#3“S#“CCSs’ÅG'VRÂÂÂÂÂÂÂÂÄfÇ6RÄfÇ6P¥6öÇ–3–scCCÃS2&–&÷6öÖÂ&÷FV–âÃ326†Æ÷&÷Æ7F–2•#sR&–&÷6öÖÂ&÷FV–âÃ32ÂÓãƒƒsƒCSCc“bÅG'VRÂÓãs“C3ƒ“ƒcsC#bÃBãc#cssCCƒCC3ƒVRÓRÃ‚ãC“cCCSSCCƒRÓRÂÂÂÂÂÅG'VRÄfÇ6P¥6öÇ–3–scCC3Ä&öÖF–2ÂÖÖ–æò6–BFV6&&÷‡–Æ6R•#“sr&öÖF–2ÔÂÖÖ–æòÖ6–BFV6&&÷‡–Æ6RÃãcsƒCC##sScCc’ÅG'VRÂÂÂÂÂÂÂÂÄfÇ6RÄfÇ6P¥6öÇ–3–scCCCÂ$$2G&ç7÷'FW"2fÖ–Ç’ÖVÖ&W"R•#C$2G&ç7÷'FW"ÂG&ç6ÖVÖ'&æR&Vv–öâ"ÂÓãCC“CscsCSSƒSRÅG'VRÂÂÂÂÂÂÂÂÄfÇ6RÄfÇ6P¥6öÇ–3–scCCSÄäD‚FV‡–G&övVæ6R…V&—V–æöæR’Ö&–æF–ærFöÖ–âÃã3s#CcS“SSrÅG'VRÂÂÂÂÂÂÂÂÄfÇ6RÄfÇ6P¥6öÇ–3–scCCsÄvÆ7F÷7–ÇG&ç6fW&6RÖÆ–¶R&÷FV–â„g&vÖVçB’•#C#c2W†÷7F÷6–âÖÆ–¶RÂÓãss#3“SS“c“sS3rÅG'VRÂÓãss#ƒ“s3#S3sCss2Ããs3S#ƒ“ƒSRÓÃãCƒsƒSS#SCƒsƒ–RÓÂÂÂÂÂÅG'VRÄfÇ6P¥6öÇ–3–scCSÂ%†÷F÷7—7FVÒ”’&V7F–öâ6VçFW"6##‚&÷FV–â•#Sc†÷F÷7—7FVÒ”’&÷FV–â6##‚Â6Æ72"ÂÓãssƒ3ƒsSsS“cBÅG'VRÂÓãssƒ#3ƒ3#c“ƒ3bÃãS#CƒsS#ƒsScfRÓbÃ2ãSƒ“ss3“sSSc6RÓbÂÂÂÂÂÅG'VRÄfÇ6P¥6öÇ–3–scCS“Â%&RÖÕ$ä×&ö6W76–ærf7F÷"3’•#3r$ä×&ö6W76–ær&÷FV–âÂ„B†VÆ—‚"ÂÓã#SCscSCsScBÅG'VRÂÂÂÂÂÂÂÂÄfÇ6RÄfÇ6P¥6öÇ–3–scCs#ÄF–VæVÆ7FöæR‡–G&öÆ6RfÖ–Ç’&÷FV–â•##“#RF–VæVÆ7FöæR‡–G&öÆ6RÃã3CC#“3ƒ3SS“C#rÅG'VRÂÂÂÂÂÂÂÂÄfÇ6RÄfÇ6P¥6öÇ–3–scCsCÅ$äW†öçV6ÆV6RB•#cSRW†öçV6ÆV6RÂÓã3#c“ƒ“ƒSƒc#cs’ÅG'VRÂÂÂÂÂÂÂÂÄfÇ6RÄfÇ6P¥6öÇ–3–scCƒÂ$vÇ–6övVâFV'&æ6†–ærVç§–ÖR•#cSƒ’vÇ–6÷7–Â‡–G&öÆ6RÂfÖ–Ç’2Â7V&fÖ–Ç’Â6FÇ—F–2&Vv–öâ"ÂÓãƒ“s“#SS3c“cƒ3’ÅG'VRÂÓãƒ“s#sSSc3S#ƒ“CrÃãƒƒ#3ƒ“ƒ#“c3s&RÓÃãS3c3#CSsc“cvRÓÂÂÂÂÂÅG'VRÄfÇ6P¥6öÇ–3–scCƒSÄvÇWFF†–öæRW&÷†–F6R•#ƒƒ’vÇWFF†–öæRW&÷†–F6RÃãS#c3ƒsƒƒ““S“#sRÅG'VRÂÂÂÂÂÂÂÂÄfÇ6RÄfÇ6P¥6öÇ–3–scCƒcÄ5TRFöÖ–â6öçF–æ–ær&÷FV–âW‡&W76VB•#3ƒ“"V&—V—F–â7—7FVÒ6ö×öæVçB7VRÃã#ssSSCƒcSƒ3cS2ÅG'VRÂÂÂÃ2ãÃã3#cCƒS““3“BÃã3#cCƒS““3“BÃ’ãƒ“3ScS“#S†RÓrÅ6öÇ–3–scCƒcã"ãõ3#sSµ6öÇ–3–scCƒcã"ãõ3SsrÄfÇ6RÅG'VP¥6öÇ–3–scC“CÅ†Væ¦–æR&–÷7–çF†W6—2&÷FV–â‡¤bfÖ–Ç’•#3s’†Væ¦–æR&–÷7–çF†W6—2‡¤5õ‡¤b&÷FV–âÃã“s#33#ƒCs3s3#BÅG'VRÃã“s3#3C##3#BÃbãCC“sC“S3C#3fRÓbÃBãs“ƒ3s##s&RÓBÃãÃãScCSƒ“ccƒ3“c"ÂÓãScCSƒ“ccƒ3“c"ÃãS3cC3CS3ƒ3†RÓ‚Å6öÇ–3–scC“Cã"ãõ3#S’ÅG'VRÅG'VP¥6öÇ–3–scSÅ‡–Ææ6R–æ†–&—F÷"„g&vÖVçB’•#CcWF–F6RÃãSccscC#C#cc“ƒrÅG'VRÂÂÂÂÂÂÂÂÄfÇ6RÄfÇ6P¥6öÇ–3–scSÆÕ$äÖ6–ærVç§–ÖR7V'Væ—BÇ†•#33’Õ$ä6–ærVç§–ÖRÂÓã3sScCcSƒ#ƒc#C‚ÅG'VRÂÂÂÂÂÂÂÂÄfÇ6RÄfÇ6P¥6öÇ–3–scS#Å&W&÷FV–âG&ç6Æö66R6V5’7V'Væ—B•###‚6V5’&÷FV–âÃã3“#“3SC“C##3“bÅG'VRÂÂÂÂÂÂÂÂÄfÇ6RÄfÇ6P¥6öÇ–3–scS3Â$Ö—Fö6†öæG&–Â&†òuE6R•#3ScrTb†æB76ö6–FVBÂG—RÓ""ÂÓãCsc“s#scS3#3cbÅG'VRÂÂÂÂÂÂÂÂÄfÇ6RÄfÇ6P¥6öÇ–3–scScÂ$G–æÖ–âfÖ–Ç’&÷FV–â•#CG–æÖ–âÂuE6R&Vv–öâ"ÂÓãS3Ssƒ“#3#“ƒcrÅG'VRÂÂÂÂÂÂÂÂÄfÇ6RÄfÇ6P¥6öÇ–3–scSƒÄäBÖFWVæFVçBW–ÖW&6UöFV‡–G&F6RÖ&–æF–ærFöÖ–âÂÓãscSc“c“C“SCƒ“2ÅG'VRÂÓãscccsC“SC3cƒÃBãcƒƒ“S#SCcs“†RÓbÃ’ãƒCƒs#CssC3fRÓbÃãÃãccSscS“3sS“c“RÃãccSscS“3sS“c“RÃ"ãCCƒCƒccs3#&RÓRÅ6öÇ–3–scSƒã"ãõ33#"ÅG'VRÅG'VP¥6öÇ–3–scS“Â%&âuE6RÖ7F—fF–ær&÷FV–â•#3S“ÆWV6–æR×&–6‚&WVBÂ&–&öçV6ÆV6R–æ†–&—F÷"7V'G—R"ÂÓã“cCsCScƒc#S“ƒ“RÅG'VRÂÂÂÂÂÂÂÂÄfÇ6RÄfÇ6P¥6öÇ–3–scS#sÂ%&–&÷6öÖR&V7–6Æ–ærf7F÷"•#S““‚&–&÷6öÖR&V7–6Æ–ærf7F÷"Â&7FW&–ÂÖÆ–¶R"ÂÓãs3SCƒ3sccS333ƒRÅG'VRÂÂÂÂÂÂÂÂÄfÇ6RÄfÇ6P¥6öÇ–3–scS#ƒÅ&RÖÕ$ä×7Æ–6–ærf7F÷"‚•#C“‚'‚ÂÓãsSs“Cc3sCs#BÅG'VRÂÂÂÂÂÂÂÂÄfÇ6RÄfÇ6P¥6öÇ–3–scS3“ÄW‡&W76VB&÷FV–â5ö÷2×'F–Â„g&vÖVçB’ÂÓã3“ƒ#C##s“cs"ÅG'VRÂÓã3“##Ss3css“3C‚Ã"ãScS“ƒ“SC33cƒRÓ2ÃBã3#c#sƒcS“cc–RÓ"ÃBãÃã33c#3ccS“3sC"Ãã33c#3ccS“3sC"Ã’ãCs#“S“ƒ#“c–RÓbÅ6öÇ–3–scS3“ããõ33µ6öÇ–3–scS3“ããõ3CCµ3S#µ6öÇ–3–scS3“ããõ3S"ÅG'VRÅG'VP¥6öÇ–3–scSS#Ä†öÖö7—7FV–æR2ÖÖWF‡–ÇG&ç6fW&6R•#3s#b†öÖö7—7FV–æR2ÖÖWF‡–ÇG&ç6fW&6RÃãS“#“##ƒ“ƒsƒ#c3"ÅG'VRÂÂÂÂÂÂÂÂÄfÇ6RÄfÇ6P¥6öÇ–3–scSSCÂ$ÖWF‡–Æ7&÷Föæ÷–ÂÔ6ô6&&÷‡–Æ6RÇ†6†–â•#3ƒbEÖw&7föÆBÂ7V&FöÖ–â""Ãã3ƒS3#CSƒƒS3bÅG'VRÂÂÂÂÂÂÂÂÄfÇ6RÄfÇ6P¥6öÇ–3–scSSSÄ¶–æ6R–çFW&7F–ærfÖ–Ç’&÷FV–â•#cƒB´•ÖÆ–¶RÂÓãC#c“CSCs“#ƒS‚ÅG'VRÂÂÂÃ‚ãÃãƒ33c3#“ƒsƒ#“s#RÃãƒ33c3#“ƒsƒ#“s#RÃ"ã“s3ƒƒ#S##sCC6RÓrÅ6öÇ–3–scSSSã"ãõ3s3µ6öÇ–3–scSSSã"ãõ3ss#µ6öÇ–3–scSSSã"ãõ3s“µ3s“Cµ6öÇ–3–scSSSã"ãõ3s“Cµ6öÇ–3–scSSSã"ãõ3ƒ“ƒµ6öÇ–3–scSSSã"ãõCsCrÄfÇ6RÅG'VP¥6öÇ–3–scSsÄ&V–vUô$T4‚FöÖ–â6öçF–æ–ær&÷FV–â•#C’&V–vUô$T4‚ÂÓãƒ“CcSƒSƒSc#cbÅG'VRÂÂÂÃbãÃã#3sC3cCS3Sƒ"Ãã#3sC3cCS3Sƒ"Ã"ã“#cs“s“#cCSRÓrÅ6öÇ–3–scSsã"ãõ3#csµ6öÇ–3–scSsã"ãõ3##µ3#cµ6öÇ–3–scSsã"ãõ3cc“µ6öÇ–3–scSsã"ãõCC“2ÄfÇ6RÅG'VP¥6öÇ–3–scSs#Â%WF–G–Â×&öÇ–Â6—2×G&ç2—6öÖW&6R•##3WF–G–Â×&öÇ–Â6—2×G&ç2—6öÖW&6RÂ7–6Æ÷†–Æ–â×G—R"ÂÓã#“ssCc““cc333s‚ÅG'VRÂÂÂÃ2ãÃã#CCƒSCs“3Ãã#CCƒSCs“3Ã"ãs“cscƒSSs#“c#VRÓrÅ6öÇ–3–scSs#ã"ãõ3Cccµ6öÇ–3–scSs#ã"ãõ3crÄfÇ6RÅG'VP¥6öÇ–3–scSs3ÄÖWF‡–ÇG&ç6fW&6R•#3#bÖWF‡–ÇG&ç6fW&6RG—RÃã33Sc#ƒƒ3#c“ƒƒcBÅG'VRÂÂÂÂÂÂÂÂÄfÇ6RÄfÇ6P¥6öÇ–3–scSƒÂ$wVç–ÆFRÖ&–æF–ærfÖ–Ç’&÷FV–â•#S“wVç–ÆFRÖ&–æF–ær&÷FV–âÖÆ–¶RÂ2×FW&Ö–æÂ"ÂÓãs3ƒ“3c#“sc#ƒ3rÅG'VRÂÓãsSc#cC3#ƒCCƒ“Ã"ãSsƒs##“RÓRÃ2ã“ss3s“sScSSFRÓRÂÂÂÂÂÅG'VRÄfÇ6P¥6öÇ–3–scSƒ#Ä$„Ä‚G&ç67&—F–öâf7F÷"•#S“‚†VÆ—‚ÖÆö÷Ö†VÆ—‚DäÖ&–æF–ærÂÓãCCc3#ƒ#sƒ“#3BÅG'VRÂÂÂÂÂÂÂÂÄfÇ6RÄfÇ6P¥6öÇ–3–scSƒ3Â$äD‚V&—V–æöæR÷†–F÷&VGV7F6R7V'Væ—B•###2äDƒ§V&—V–æöæR÷†–F÷&VGV7F6RÂ#B´F7V'Væ—B"ÂÓã3C“#33CS#“Ss‚ÅG'VRÂÂÂÂÂÂÂÂÄfÇ6RÄfÇ6P¥6öÇ–3–scSƒcÅW&–F–æR¶–æ6R•#scBW&–F–æR¶–æ6RÃã#ƒsScCcScSS3sC#"ÅG'VRÂÂÂÂÂÂÂÂÄfÇ6RÄfÇ6P¥6öÇ–3–scSƒsÄ6÷–æR’ÖÆ–¶R•#s3B6÷–æRÂÓã“Cs#3SssCS3Cs2ÅG'VRÂÂÂÂÂÂÂÂÄfÇ6RÄfÇ6P¥6öÇ–3–scS“Â$vÇWFF†–öæR&VGV7F6R•#c3#BvÇWFF†–öæR&VGV7F6RÂÆçB"Ããs“CSS3#cCC“ScrÅG'VRÃãs“CƒS“#CCc“SƒbÃã3“cC“s333ƒvRÓÃ‚ãƒC#cS3S3#CRÓÂÂÂÂÂÅG'VRÄfÇ6P¥6öÇ–3–scS“SÂ$Ç†7V'Væ—BöbbÖ7F–â6–ær&÷FV–â•#ƒ3RbÖ7F–â6–ær&÷FV–âÂÇ†7V'Væ—BÂ7F–â&–æF–ær"ÂÓã3“#cCscc3C2ÅG'VRÂÂÂÂÂÂÂÂÄfÇ6RÄfÇ6P¥6öÇ–3–sccÄ†—7FöæRƒ•#Sƒ‚†—7FöæRƒôƒRÂÓãC“ƒ#ƒc#“333C#BÅG'VRÂÂÂÂÂÂÂÂÄfÇ6RÄfÇ6P¥6öÇ–3–scc#Â$çV6ÆV–26–B&–æF–ær&÷FV–â•#ƒ²†öÖöÆöw’ÂG—RÂ7V&w&÷W"ÂÓãƒ“#s##ss#C33S2ÅG'VRÂÓãƒSƒ“3ƒcÃ"ã##ScC3S#ƒ†RÓ‚Ãrãƒ#ƒSs“S““sFRÓ‚ÂÂÂÂÂÅG'VRÄfÇ6P¥6öÇ–3–scc3Å&–&ö¶–æ6R6&&ö‡–G&FR¶–æ6Rf´"•#c6&&ö‡–G&FU÷W&–æR¶–æ6RÃã“C#ƒ3sƒ“ƒƒ3CcRÅG'VRÂÂÂÂÂÂÂÂÄfÇ6RÄfÇ6P¥6öÇ–3–sccCÄ”d&–æF–ær&÷FV–â•#scSb&÷FV–âöbVæ¶æ÷vâgVæ7F–öâETcS“2ÂÓã3“#3#s“ƒS#3S2ÅG'VRÂÂÂÃãÃãssS““#s3“ƒƒRÃãssS““#s3“ƒƒRÃrãSss“#Cs“&RÓRÅ6öÇ–3–sccCã"ãõ3#S"ÄfÇ6RÅG'VP¥6öÇ–3–sccSÄ7—Fö6‡&öÖRCSÃ2ã3S3sssscssss“3SRÅG'VRÃ2ã3SSƒssCs#RÃ‚ãssCCccsS“cs#3vRÓ‚Ã"ãSSs#CS3C“#SRÓRÃãÃ"ãcƒ3#s3CC#3Sƒƒ3rÂÓ"ãcƒ3#s3CC#3Sƒƒ3rÃ2ãS“SCSC“S“ScVRÓ"Å6öÇ–3–sccSããõC33‚ÅG'VRÅG'VP¥6öÇ–3–scc#“Ä¶–æW6–âÆ–v‡B6†–âÖÆ–¶R•#““FWG&G&–6÷WF–FRÖÆ–¶R†VÆ–6ÂÃã“Ccscssc#S2ÅG'VRÂÂÂÂÂÂÂÂÄfÇ6RÄfÇ6P¥6öÇ–3–sccC3Ãc2&–&÷6öÖÂ&÷FV–âÃB•##sƒB&–&÷6öÖÂ&÷FV–âÃBÂÓãS““3CƒSsƒSC‚ÅG'VRÂÓãSƒsccCc3c3c#3BÃãCc3“Sc3““CRÓbÃ"ãSc#sC3#s3SSFRÓbÂÂÂÂÂÅG'VRÄfÇ6P¥6öÇ–3–sccCCÅ6W&–æU÷F‡&Vöæ–æR¶–æ6R•###“6W&–æU÷F‡&Vöæ–æR&÷FV–â¶–æ6RÂÓãCCC“c“CCc2ÅG'VRÂÂÂÃ"ãÃãc“#3#3“3SCCC‚Ããc“#3#3“3SCCC‚ÃRãƒ3c33S#c“–RÓbÅ6öÇ–3–sccCCã"ãõ33µ33ƒµ6öÇ–3–sccCCã"ãõC3cÄfÇ6RÅG'VP¥6öÇ–3–sccCcÅ6W&–æU÷F‡&Vöæ–æR×&÷FV–â¶–æ6R3‚•###“6W&–æU÷F‡&Vöæ–æR&÷FV–â¶–æ6RÂÓãS#ƒCs#ƒs#ssSc"ÅG'VRÂÂÂÃ2ãÃãsSƒƒ3SC““CƒC#RÂÓãsSƒƒ3SC““CƒC#RÃã#ssC#sS–RÓbÅ6öÇ–3–sccCcã"ãõ3#ƒ"ÄfÇ6RÅG'VP¥6öÇ–3–sccCsÄ6ö&ÇB–×÷'BEÖ&–æF–ær&÷FV–â6&”ò"•#3C3’$2G&ç7÷'FW"ÖÆ–¶RÂÓã3#s3SS#cƒcC3"ÅG'VRÂÂÂÂÂÂÂÂÄfÇ6RÄfÇ6P¥6öÇ–3–sccC“ÄFF–âV"Ö&–æF–ær6öBÖ76ö6–FVB&÷FV–â"•##CcbFF–âV"Ö&–æF–ær6öBÖ76ö6–FVB&÷FV–âäT4ÓÂÓã#3Ssƒsƒ3ƒ“sC“crÅG'VRÂÂÂÂÂÂÂÂÄfÇ6RÄfÇ6P¥6öÇ–3–ss#SsÅ&RÖÕ$ä×7Æ–6–ærf7F÷"4ÅSrÔÂÓã#CS#s3CCƒSs#2ÅG'VRÂÂÂÃ"ãÃã“““3ƒ#sCC““CSS"Ãã“““3ƒ#sCC““CSS"Ã"ãƒƒcs“Cc#“S#†RÓRÅ6öÇ–3–ss#Ssã"ãõ3“2ÄfÇ6RÅG'VP¥6öÇ–3–ss#S“Â$7F–âÖFWöÇ–ÖW&—¦–ærf7F÷"b•##‚7F–âÖ&–æF–ærÂ6öf–Æ–å÷G&÷ö×–÷6–âG—R"Ãã#ƒC##C#cSc“#CCrÅG'VRÂÂÂÂÂÂÂÂÄfÇ6RÄfÇ6P¥6öÇ–3–ss#c#Â%‡—Fö6†VÆF–â7–çF†6R•#SCr‡—Fö6†VÆF–â7–çF†6RÂ2×FW&Ö–æÂ"ÂÓã#ƒsC“SCsscCƒCBÅG'VRÂÂÂÂÂÂÂÂÄfÇ6RÄfÇ6P¥6öÇ–3–ss#cSÄ6ÆÖöGVÆ–âÖ&–æF–ær&÷FV–âÕ4%•#““FWG&G&–6÷WF–FRÖÆ–¶R†VÆ–6ÂÃã“C#c33“##s#3rÅG'VRÂÂÂÂÂÂÂÂÄfÇ6RÄfÇ6P¥6öÇ–3–ss#ccÂ$dBÖ&–æF–ærFöÖ–âÖ6öçF–æ–ær&÷FV–â•#c“BdBÆ–æ¶VB÷†–F6RÂâ×FW&Ö–æÂ"ÂÓãS#C3#csƒ##C"ÅG'VRÂÂÂÂÂÂÂÂÄfÇ6RÄfÇ6P¥6öÇ–3–ss#csÅ&†òtEF—76ö6–F–öâ–æ†–&—F÷"•#Cb$„ò&÷FV–âtEF—76ö6–F–öâ–æ†–&—F÷"Ãã3sSCsS“#CS#SrÅG'VRÂÂÂÃãÃãƒS##ƒSssS3ƒ2ÃãƒS##ƒSssS3ƒ2Ã‚ãcƒ3#sC#sCFRÓ‚Å6öÇ–3–ss#csã"ãõ3cRÄfÇ6RÅG'VP¥6öÇ–3–ss#ƒ#Ä6VÆÇVÆ÷6R7–çF†6R•#SS6VÆÇVÆ÷6R7–çF†6RÃãscS#3C#“3ƒ“3srÅG'VRÃãs#S33“C“CC#‚ÃRãc##ƒccc3“#cSvRÓ‚Ããs“C3c3s3“c#VRÓrÂÂÂÂÂÅG'VRÄfÇ6P¥6öÇ–3–ss#ƒ3Â$×–"fÖ–Ç’G&ç67&—F–öâf7F÷"•#cCCr×–"ÖÆ–¶RDäÖ&–æF–ær&Vv–öâÂ4„µ”b6Æ72"Ãã#ƒcC##cC“SƒsRÅG'VRÂÂÂÃ2ãÃãƒcƒ3sCCCƒsscCbÃãƒcƒ3sCCCƒsscCbÃbãS#CS“C33sC3RÓrÅ6öÇ–3–ss#ƒ3ã"ãõ33#3µ6öÇ–3–ss#ƒ3ã"ãõ3CCÄfÇ6RÅG'VP¥6öÇ–3–ss#“ÄF–VæVÆ7FöæR‡–G&öÆ6RfÖ–Ç’&÷FV–â•##“#RF–VæVÆ7FöæR‡–G&öÆ6RÂÓãƒ#3“cc#C3cƒ32ÅG'VRÂÓãƒ#C#3cCC“sc“2Ã2ãc33sSƒS#RÓÃ"ãc#cS#ƒƒ#“#vRÓ’ÂÂÂÂÂÅG'VRÄfÇ6P¥6öÇ–3–ss3Â$VÆöævF–öâf7F÷"GR•#CSCG&ç6ÆF–öâVÆöævF–öâf7F÷"TeGUôTcÂ&7FW&–ÂæB÷&væVÆÆR"Ãã#s“CS3SCcsC“BÅG'VRÂÂÂÂÂÂÂÂÄfÇ6RÄfÇ6P¥6öÇ–3–ssCcÄ%4BFöÖ–â6öçF–æ–ær•#Scr%4BÂÓã3CSCsS#ƒ““#S3ƒRÅG'VRÂÂÂÃRãÃã##C“3c3C“ƒ3Ãã##C“3c3C“ƒ3ÃRãcƒcCSc#““ƒc3“VRÓ’Å6öÇ–3–ssCcã"ãõ33Sµ6öÇ–3–ssCcã"ãõ3C#µ6öÇ–3–ssCcã"ãõ3sµ3s3µ6öÇ–3–ssCcã"ãõ3s2ÄfÇ6RÅG'VP¥6öÇ–3–ssC“ÄW†÷6öÖR6ö×ÆW‚W†öçV6ÆV6R%%BÃãCS3sCƒ33c#sƒbÅG'VRÂÂÂÂÂÂÂÂÄfÇ6RÄfÇ6P¥6öÇ–3–ssC#3ÄvÇV6÷6RG&ç7÷'FW"‚•#3cc27Vv%ö–æ÷6—FöÂG&ç7÷'FW"ÂÓã3SC“ƒ33“csSrÅG'VRÂÂÂÂÂÂÂÂÄfÇ6RÄfÇ6P¥6öÇ–3–ssC#CÅ&V6WF÷"ÖÆ–¶R6W&–æU÷F‡&Vöæ–æR¶–æ6R•###“6W&–æU÷F‡&Vöæ–æR&÷FV–â¶–æ6RÂÓãSc3S#ssƒƒ3cƒƒbÅG'VRÂÂÂÃ"ãÃã3#ƒ##“ƒ#ƒc#RÃã3#ƒ##“ƒ#ƒc#RÃbãS3CcS3c“cCS–RÓrÅ6öÇ–3–ssC#Cããõ3#cƒµ6öÇ–3–ssC#Cããõ3c#rÄfÇ6RÅG'VP¥6öÇ–3–ssC3#Â%6W&–æU÷F‡&Vöæ–æR×&÷FV–â†÷7†F6R•##3“6W&–æU÷F‡&Vöæ–æR&÷FV–â†÷7†F6RÂ%5S"ÂÓã#SC#““sCC##ƒƒ2ÅG'VRÂÂÂÃbãÃãcsCC“#CsCsƒ3cbÃãcsCC“#CsCsƒ3cbÃãƒSCSsƒCCƒ#SVRÓ‚Å6öÇ–3–ssC3#ã"ãõ33“µ6öÇ–3–ssC3#ã"ãõ3S“µ6öÇ–3–ssC3#ã"ãõ3ƒ3µ3ƒsµ6öÇ–3–ssC3#ã"ãõCƒcµ3ƒrÄfÇ6RÅG'VP¥6öÇ–3–ssC33ÄäEƒ†öÖVö&÷‚&÷FV–â„g&vÖVçB’•#3Sb†öÖVö&÷‚ÂÓãSscc3ƒcs#CcBÅG'VRÂÂÂÂÂÂÂÂÄfÇ6RÄfÇ6P¥6öÇ–3–ssC3cÂ%$ä&–æF–ær&÷FV–â•#S“2&–&öçV6ÆV÷&÷FV–âÂ%%TäòÖÆ–¶R"ÂÓãsSƒcC“sBÅG'VRÂÂÂÃ2ãÃãCƒSss3ƒ#ƒcSƒ“s"ÃãCƒSss3ƒ#ƒcSƒ“s"ÃãCƒ“ƒ33CVRÓ‚Å6öÇ–3–ssC3cã"ãõ3#sCµ3#sƒµ6öÇ–3–ssC3cã"ãõ3#sƒµ6öÇ–3–ssC3cã"ãõ3“2ÄfÇ6RÅG'VP¥6öÇ–3–ssCCÂ%tB&WVB&÷FV–â3’•##Cs"r×&÷FV–â&WFtBÓC&WVBÂ&Vv–öâ"Ãã#3C#cs3ƒ“C#BÅG'VRÂÂÂÂÂÂÂÂÄfÇ6RÄfÇ6P¥6öÇ–3–ssCCÅ6†÷'BÖ6†–âFV‡–G&övVæ6U÷&VGV7F6RfÖ–Ç’&÷FV–â•##3CrvÇV6÷6U÷&–&—FöÂFV‡–G&övVæ6RÂÓãcSS“Cƒ“sC“s#“crÅG'VRÂÓãcSc“cƒs33scs2ÃBãs3S#ss““Cs–RÓÃ"ãc#sc#CsSc#ƒfRÓ’ÂÂÂÂÂÅG'VRÄfÇ6P¥6öÇ–3–ssCC#Å6W&–æR&÷FV6R•#Ss#B6W&–æRVæF÷WF–F6RFVu"ÂÓãC#3ƒ“sCc3#S“BÅG'VRÂÂÂÂÂÂÂÂÄfÇ6RÄfÇ6P¥6öÇ–3–ssCCcÂ%$”ärf–ævW"&÷FV–âCB•#ƒ“Sr¦–æ2f–ævW"Â34„3B$”är×G—R"ÂÓãCƒ#“Cƒ3CSSS##Cc3bÅG'VRÂÂÂÂÂÂÂÂÄfÇ6RÄfÇ6P¥6öÇ–3–ssCcCÂ%¦–æ2f–ævW"444‚FöÖ–âÖ6öçF–æ–ær&÷FV–â3"•#Ss¦–æ2f–ævW"Â444‚×G—R"ÂÓã#“CCcC3#ƒsS3CbÅG'VRÂÂÂÂÂÂÂÂÄfÇ6RÄfÇ6P¥6öÇ–3–ssCcSÅWF–FR6†–â&VÆV6Rf7F÷"•#C3s2WF–FR6†–â&VÆV6Rf7F÷"ÃãsS“#ƒCCcC“3"ÅG'VRÃãscCs#ƒ3“C#3’Ã2ãsƒcƒ“#SscfRÓ’Ãã3“sC“33Sƒ†RÓ‚ÂÂÂÂÂÅG'VRÄfÇ6P¥6öÇ–3–ssCccÅF‡–Ö–G–ÆFR¶–æ6R•#Cƒs’&÷FV–âöbVæ¶æ÷vâgVæ7F–öâETc#SRÃãƒS#sCCƒƒCSSC#ÅG'VRÃãƒS#sC3“#“C#sc3Ã"ãSc3cc#S#scFRÓ"Ã"ã“3ƒ3“cSCS“fRÓÂÂÂÂÂÅG'VRÄfÇ6P¥6öÇ–3–ssCcƒÂ$7VÆÆ–â"•#3s27VÆÆ–âÂâ×FW&Ö–æÂ"Ãã##csƒSss“c3RÅG'VRÂÂÂÂÂÂÂÂÄfÇ6RÄfÇ6P¥6öÇ–3–ssCƒcÄ7—Fö6‡&öÖR"Ö36ö×ÆW‚7V'Væ—Bb•#3C#"V&—V–æöÂÖ7—Fö6‡&öÖR2&VGV7F6R†–ævRÂÓãS#ƒC““c3CsS3CbÅG'VRÂÓãS3#SƒSsCcSƒS’Ãã##SC#“ƒƒ#VRÓÃãSs3cccsC“fRÓÂÂÂÂÂÅG'VRÄfÇ6P¥6öÇ–3–ssCƒsÄÆF÷6RÓÖW–ÖW&6RÖÆ–¶R&÷FV–â•#3C#"V&—V–æöÂÖ7—Fö6‡&öÖR2&VGV7F6R†–ævRÂÓãs#s#C“cS#“sƒ’ÅG'VRÂÂÂÂÂÂÂÂÄfÇ6RÄfÇ6P¥6öÇ–3–ssCƒƒÄ†öÖöÆöw’FòVæ¶æ÷vâvVæR•#3RFWG&G&–6÷WF–FRE#"ÂÓãsSC“ƒSS#sƒC““2ÅG'VRÂÂÂÂÂÂÂÂÄfÇ6RÄfÇ6P¥6öÇ–3–ssCƒ“Å&–BÆ¶Æ–æ—¦F–öâf7F÷"•#ƒƒ&–BÆ¶Æ–æ—¦F–öâf7F÷"Ãã#SSƒ#scƒƒ#SSbÅG'VRÃã#CSƒscS3S3S“BÃRã“ƒCsSS&RÓ’Ã"ãCC#ss3“3Cc3C†RÓ‚ÂÂÂÂÂÅG'VRÄfÇ6P¥6öÇ–3–ssC“Â$FöÆ–6‡–ÂÕÔÖâÖãTvÆ4ä3"ÕÖFöÆ–6‡–ÂÖææ÷7–ÇG&ç6fW&6R•#sƒs2vÇ–6÷7–ÇG&ç6fW&6RÂÄs2"Ãã3ssc33ƒCSS3“ƒBÅG'VRÂÂÂÂÂÂÂÂÄfÇ6RÄfÇ6P¥6öÇ–3–ssC“3Å$TbÖÆ–¶R7G&W72&VÆFVB&÷FV–â•#ƒƒ"'V&&W"VÆöævF–öâf7F÷"ÂÓãCSc3#c#3CSCcÅG'VRÂÓãC33S“3“#“ScƒSRÃRãs#ss3SƒSscsFRÓ"ÃRãƒ3“ƒ3cCC“FRÓÂÂÂÂÂÅG'VRÄfÇ6P¥6öÇ–3–ssC“CÂ%G&ç6Æö66Röb6†Æ÷&÷Æ7B“Â6†Æ÷&÷Æ7F–2•#Sc“6†Æ÷&÷Æ7B&÷FV–â–×÷'B6ö×öæVçBFö3ƒeóS’"ÂÓãsc3“Cƒss3ƒ’ÅG'VRÂÂÂÃ"ãÃãcc3SC33S#s#RÃãcc3SC33S#s#RÃ"ãC““3sSCsSƒRÓbÅ6öÇ–3–ssC“Cããõ3S3µ6öÇ–3–ssC“Cããõ33CBÄfÇ6RÅG'VP¥6öÇ–3–ssC“SÂ$¶Fæ–âcE6RÖ6öçF–æ–ær7V'Væ—B•#3“S’E6RÂ×G—RÂ6÷&R"ÂÓã3ƒS“#SSc#cƒBÅG'VRÂÂÂÃãÃãS“SSsssƒSCcƒƒbÃãS“SSsssƒSCcƒƒbÃã3s“sS3#SsSs’Å6öÇ–3–ssC“Sã"ãõ3bÄfÇ6RÅG'VP¥6öÇ–3–ssC“sÂ%F†–Ö–â—&÷†÷7†ö¶–æ6R•#c“cbF†–Ö–â—&÷†÷7†ö¶–æ6RÂWV¶'–÷F–2"ÂÓã#S#s##3ƒƒscrÅG'VRÂÓã#scƒcc3ss“SƒSrÃãcSSc“ƒ##s6RÓÃrãS“sƒ“ƒ“#S3RÓÂÂÂÂÂÅG'VRÄfÇ6P¥6öÇ–3–ssSÂ%tB&WVB&÷FV–â•#s“ƒbtCC&WVBÂ&Vv–öâ"ÃãSS3s#cCcScC“RÅG'VRÂÂÂÂÂÂÂÂÄfÇ6RÄfÇ6P¥6öÇ–3–ssSÅ&÷7FvÆæF–âR7–çF†6R2•#sCCr52Ãã#Cƒƒ3#cSCƒc’ÅG'VRÂÂÂÂÂÂÂÂÄfÇ6RÄfÇ6P¥6öÇ–3–ssS#Â$×VÇF–G'Vr&W6—7Fæ6R&÷FV–â$2G&ç7÷'FW"fÖ–Ç’•#C$2G&ç7÷'FW"ÂG&ç6ÖVÖ'&æR&Vv–öâ"Ããs3Cc3Sƒ3ƒcCƒƒ’ÅG'VRÃãs3CS3#C33sCƒ"Ã"ãss##SCsScscFRÓ‚Ã’ã3c#SsSƒƒc3s#&RÓ‚ÂÂÂÂÂÅG'VRÄfÇ6P¥6öÇ–3–ssS3ÄçV6ÆVöÆ"&÷FV–â„äõb’–çföÇfVB–âc2&–&÷6öÖÂ7V'Væ—B&–övVæW6—2„•52’•#“"&–&÷6öÖR&–övVæW6—2&÷FV–âæ÷bÂÓãCCs“S3ss3#SsCC2ÅG'VRÂÂÂÂÂÂÂÂÄfÇ6RÄfÇ6P¥6öÇ–3–ssScÂ$&WFÖvÇV6÷6–F6R•#3cvÇ–6÷6–FR‡–G&öÆ6RÂfÖ–Ç’"Ããcƒ#cƒ#ƒsS332ÅG'VRÂÂÂÂÂÂÂÂÄfÇ6RÄfÇ6P¥6öÇ–3–ssS“Â$&v–æ–æU÷6W&–æR×&–6‚7Æ–6–ærf7F÷"•##csrçV6ÆV÷F–FRÖ&–æF–ærÂÇ†Ö&WFÆ—B"ÂÓãS3#S#ƒ3c““C“ƒ#RÅG'VRÂÂÂÂÂÂÂÂÄfÇ6RÄfÇ6P¥6öÇ–3–ssSÄ6FÇ—F–5ò÷†–F÷&VGV7F6R7F–æröâäD‚÷"äE‚•#ƒ6ö×ÆW‚Å•"&÷FV–âÃã3#“SC“#Cs3SsSScBÅG'VRÂÂÂÂÂÂÂÂÄfÇ6RÄfÇ6P¥6öÇ–3–ssS#Ä&–gVæ7F–öæÂöÇ–×—†–â&W6—7Fæ6R&÷FV–â&äÖ&–æF–ærFöÖ–âÂÓã“3#“cCSsc#“C#‚ÅG'VRÂÓã“#s3ƒ##s“ƒsSsrÃ"ã#S#SsS3sc“SfRÓÃã3S“ƒ“#csS–RÓ’ÂÂÂÂÂÅG'VRÄfÇ6P¥6öÇ–3–ssS3Â%6ÖÆÂçV6ÆV"&–&öçV6ÆV÷&÷FV–âÖÆ–¶R&÷FV–â•#ccC’Æ–¶RÕ6Ò&–&öçV6ÆV÷&÷FV–âÂWV¶'–÷F–2æB&6†V×G—RÂ6÷&R"Ãã#“33ScC“C3Cƒ3“‚ÅG'VRÂÂÂÂÂÂÂÂÄfÇ6RÄfÇ6P¥6öÇ–3–ssScÃc2&–&÷6öÖÂ&÷FV–âÃ#"Ó"•##cs&–&÷6öÖÂ&÷FV–âÃ#&RÂÓã#c##cC“ƒ#“C#“#S"ÅG'VRÂÂÂÂÂÂÂÂÄfÇ6RÄfÇ6P¥6öÇ–3–ssSƒÂ$7'—Fö6‡&öÖRD4‚fÖ–Ç’•#cSDä†÷FöÇ–6RÂâ×FW&Ö–æÂ"ÃãsƒC3Cc3S#CS’ÅG'VRÃãsƒƒ3#“c#Cc3sCBÃBãC#C3ƒfRÓÃ2ã#sƒsS3sScs3FRÓÃ"ãÃãc3ƒ###cSc“C#S2ÂÓãc3ƒ###cSc“C#S2Ã2ãs###“#ƒC#“ƒ6RÓÅ6öÇ–3–ssSƒã"ãõ3##µ6öÇ–3–ssSƒã"ãõ3ƒrÅG'VRÅG'VP¥6öÇ–3–ssS#Â%S6ÖÆÂçV6ÆV"&–&öçV6ÆV÷&÷FV–â•##csrçV6ÆV÷F–FRÖ&–æF–ærÂÇ†Ö&WFÆ—B"ÂÓã3cSCsƒCSS3c“CrÅG'VRÂÂÂÂÂÂÂÂÄfÇ6RÄfÇ6P¥6öÇ–3–ssS#ƒÄW†ö7—7B6ö×ÆW‚6ö×öæVçBb•#s##RW†ö7—7B6ö×ÆW‚7V'Væ—B6V3RÖÆ–¶RÂÓãƒ“ƒcC3Sƒƒs#“‚ÅG'VRÂÂÂÂÂÂÂÂÄfÇ6RÄfÇ6P¥6öÇ–3–ssS#“Å&–&÷6öÖÂ&÷FV–âÃ‚•#3’&–&÷6öÖÂ&÷FV–âÃ†RÂÓãsC3Ss#ƒƒƒ3ƒC#RÅG'VRÂÓãsSsc“c“#SbÃã3sSƒ#ccƒ“FRÓ‚ÃBã##ƒSc“ScSs“fRÓ‚ÂÂÂÂÂÅG'VRÄfÇ6P¥6öÇ–3–ssS3ÄW÷†–FR‡–G&öÆ6R"•#c3’W÷†–FR‡–G&öÆ6RÖÆ–¶RÂÓã“S3#3“3S“ƒRÅG'VRÂÓã“S3“s“#ss3SCCÃãsCCcƒS3ƒ3#CFRÓ"Ã"ãsCƒSSc#sSs#S6RÓÂÂÂÂÂÅG'VRÄfÇ6P¥6öÇ–3–ssS3sÄÖ—Fö6†öæG&–Â&–&÷6öÖÂ&÷FV–âÃCbÂÓã3C#S#sSccscƒƒ#bÅG'VRÂÂÂÂÂÂÂÂÄfÇ6RÄfÇ6P¥6öÇ–3–ssSC3Å&–&÷6öÖÂ&÷FV–âÃ’•#“b&–&÷6öÖÂ&÷FV–âÃ•ôÃ–RÂÓã“S“#s3C“3“C‚ÅG'VRÂÓã“s3C“3“ƒbÃBã3C““c3#Cc†RÓÃ2ã##ƒƒƒ3s3“VRÓÂÂÂÂÂÅG'VRÄfÇ6P¥6öÇ–3–ssSCCÂ$WF‡–ÆVæR&V6WF÷"•#SCcr6–væÂG&ç6GV7F–öâ†—7F–F–æR¶–æ6RÂ6÷&R"ÃãC#c“ccS“3#ƒSBÅG'VRÂÂÂÃãÃã“ƒsC3c##ƒcccsRÃã“ƒsC3c##ƒcccsRÃ‚ã33“Sƒ“sscƒCƒCvRÓrÅ6öÇ–3–ssSCCã"ãõ3c#RÄfÇ6RÅG'VP¥6öÇ–3–ssSCSÂ$gVÖ&FR‡–G&F6R6Æ72”’•#ScsrgVÖ&FR‡–G&F6RÂ6Æ72”’"ÃãsSsSC“3SC“2ÅG'VRÃãsSƒ3c#ƒCS#CƒSƒ’ÃBã##3ƒsC“vRÓ"ÃBãC#Cc“##c3“ƒfRÓÂÂÂÂÂÅG'VRÄfÇ6P¥6öÇ–3–ssSCcÅöÇ–vÆ7GW&öæ6RÖÆ–¶R&÷FV–âÖÆ–¶R•##33BV7F–âÇ–6RföÆBÃã#ƒcƒsSC33ƒ3rÅG'VRÂÂÂÂÂÂÂÂÄfÇ6RÄfÇ6P¥6öÇ–3–ssSSÄ÷3†sc&÷FV–â„g&vÖVçB’•#ƒSr&÷FV–âöbVæ¶æ÷vâgVæ7F–öâETcsƒ’ÂÓã“CSƒccƒ3ss3ssBÅG'VRÂÂÂÃãÃãs3“sƒ#ƒ“““Cc‚Ããs3“sƒ#ƒ“““Cc‚ÃãCsƒc#3c“#““SFRÓbÂÄfÇ6RÅG'VP¥6öÇ–3–ssSs3Â$Å%"&V6WF÷"ÖÆ–¶R6W&–æU÷F‡&Vöæ–æR×&÷FV–â¶–æ6RÂ$Å"ÂÓã#SSCƒƒS3ƒƒ“33#s#2ÅG'VRÂÂÂÂÂÂÂÂÄfÇ6RÄfÇ6P¥6öÇ–3–ssSƒÅföÇFvRÖvFVB6†Æ÷&–FR6†ææVÂ•###S6†Æ÷&–FR6†ææVÂÆçB4Ä2ÂÓãƒ#“scscCƒÅG'VRÂÂÂÂÂÂÂÂÄfÇ6RÄfÇ6P¥6öÇ–3–ssSƒÄ&ÇVR6÷W"&÷FV–â•#3#CRÆ7Fö7–æ–âÖÆ–¶RÂÓãSS#3#“sCc“2ÅG'VRÂÓã#ƒƒCƒsƒ“ƒrÃãs3ƒ“CcSsfRÓ"Ã"ãcSsSss3#ƒsvRÓÂÂÂÂÂÅG'VRÄfÇ6P¥6öÇ–3–ssSƒ3ÅF–ÖRf÷"6öffVRÂÓãcCccCs“ccCƒ3ƒ2ÅG'VRÂÂÂÃ2ãÃãƒ3sS33“#“ƒcCCBÃãƒ3sS33“#“ƒcCCBÃ’ã3ƒCƒ#“SC“CVRÓ‚Å6öÇ–3–ssSƒ3ã"ãõ3Ccµ6öÇ–3–ssSƒ3ã"ãõ33s‚ÄfÇ6RÅG'VP¥6öÇ–3–ssSƒSÅG&ç6ÖVÖ'&æR&÷FV–âC’Ãã#cSƒ#Cc3cÅG'VRÂÂÂÃãÃãcS3s#“ƒc#“C“#bÂÓãcS3s#“ƒc#“C“#bÃãƒ“s“c“ƒcSSbÅ6öÇ–3–ssSƒSã"ãõ3rÄfÇ6RÅG'VP¥6öÇ–3–ssSƒcÂ$Æ—÷‡–vVæ6R•##CbÆ—÷‡–vVæ6RÂÆçB"ÂÓã#C“Sc3ƒS#S2ÅG'VRÂÓã#S#s#CcSƒ3c“ƒÃ"ã“s“Cƒ3C“cFRÓ’Ãã3#s3CS#“ƒSƒVRÓ‚ÂÂÂÂÂÅG'VRÄfÇ6P¥6öÇ–3–ssS“CÅ&–Ö'’Ö–æR÷†–F6R•##c’6÷W"Ö–æR÷†–F6RÂÓã33ƒ3#C#sƒ#“S“cRÅG'VRÂÂÂÂÂÂÂÂÄfÇ6RÄfÇ6P¥6öÇ–3–ssS“SÄ†VB6†ö6²&÷FV–â•#3#b†VB6†ö6²&÷FV–âsÃãcc“3CssCC“#sbÅG'VRÃãccƒ#3csƒsc““3"ÃRã“ƒ3C3“3#3S†RÓbÃ2ãSƒ#c33sS#3–RÓBÃãÃã“33SCƒ“ƒ#SƒC2ÂÓã“33SCƒ“ƒ#SƒC2Ã"ãCS#s3s3CC“RÓbÂÅG'VRÅG'VP¥6öÇ–3–sscÂ%„Bf–ævW"fÖ–Ç’&÷FV–â•#“sƒr¦–æ2f–ævW"Â„BÖf–ævW""ÂÓã3s3ƒs#“CCS3ccRÅG'VRÂÂÂÂÂÂÂÂÄfÇ6RÄfÇ6P¥6öÇ–3–ssc#Ä–Ö–F¦öÆVvÇ–6W&öÂ×†÷7†FRFV‡–G&F6R•#ƒr–Ö–F¦öÆRvÇ–6W&öÂ×†÷7†FRFV‡–G&F6RÃãSCƒsƒ33#““c#rÅG'VRÂÂÂÂÂÂÂÂÄfÇ6RÄfÇ6P¥6öÇ–3–ssc3Ä6‡&öÖ÷6öÖRB6öçF–rDä6WVVæ6RÂÓãS###ƒs3c’ÅG'VRÂÂÂÂÂÂÂÂÄfÇ6RÄfÇ6P¥6öÇ–3–sscCÅ&÷FV–â5U$U54õ"ôbtTäR4”ÄTä4”är2†öÖöÆör•#S3ƒ&Vv–öâöbVæ¶æ÷vâgVæ7F–öâ…2ÂÓã#c“Cscƒc“C33bÅG'VRÂÂÂÂÂÂÂÂÄfÇ6RÄfÇ6P¥6öÇ–3–sscSÄe$”t”D„g&vÖVçB’•##CsBg&–v–FÖÆ–¶RÂÓãc#sCC3s3333Cc‚ÅG'VRÂÂÂÂÂÂÂÂÄfÇ6RÄfÇ6P¥6öÇ–3–sƒ#SÄ†—7FöæRÖÇ—6–æRâÖÖWF‡–ÇG&ç6fW&6R•#3R5$Õ”DrÂÓã#s“S#ƒ“SSC“BÅG'VRÂÂÂÂÂÂÂÂÄfÇ6RÄfÇ6P¥6öÇ–3–sƒ#cÄ7—7FV–æR7–çF†6R•#SƒS’7—7FV–æR7–çF†6RÂÓã“Sƒ#s#cƒs#CSbÅG'VRÂÓã“Sc#c“cC3ƒBÃRãsƒ33#sƒssC3#ƒ6RÓ2Ã‚ãsScscc#“ƒ“3c6RÓ"ÂÂÂÂÂÅG'VRÄfÇ6P¥6öÇ–3–sƒ##ÄvÇ–÷†Æ6Uö&ÆVö×–6–â&W6—7Fæ6R&÷FV–åöF–÷‡–vVæ6R•#C3cvÇ–÷†Æ6Uö&ÆVö×–6–â&W6—7Fæ6R&÷FV–åöF–÷‡–vVæ6RÂÓãƒ#33C“cc#ccc"ÅG'VRÂÂÂÂÂÂÂÂÄfÇ6RÄfÇ6P¥6öÇ–3–sƒ#3ÅVæ¶æ÷vâ&÷FV–âÃã3ssss“ƒcƒ332ÅG'VRÂÂÂÂÂÂÂÂÄfÇ6RÄfÇ6P¥6öÇ–3–sƒ#cÅVæ¶æ÷vâ&÷FV–âÂÓãSs#ƒS#Sƒ“ƒƒbÅG'VRÂÂÂÂÂÂÂÂÄfÇ6RÄfÇ6P¥6öÇ–3–sƒ#3#Â%&÷FV6öÖR7V'Væ—B&WFG—R•#3S2&÷FV6öÖRÂ7V'Væ—BÇ†ö&WF"Ãã#ƒs3C3CsC3"ÅG'VRÂÂÂÂÂÂÂÂÄfÇ6RÄfÇ6P¥6öÇ–3–sƒ#3“ÅVçFG&–6÷WF–FR&WVBÖ6öçF–æ–ær&÷FV–â•##ƒƒRVçFG&–6÷WF–FR&WVBÃã3SSSccssCCS“ƒc2ÅG'VRÂÂÂÂÂÂÂÂÄfÇ6RÄfÇ6P¥6öÇ–3–sƒ#CcÄ†öÖö7—7FV–æR2ÖÖWF‡–ÇG&ç6fW&6R•#3s#b†öÖö7—7FV–æR2ÖÖWF‡–ÇG&ç6fW&6RÃãs#ƒ#3sSc““CƒbÅG'VRÃãs#SCCc33#CsS#BÃBã3CCƒCSƒCCVRÓ‚ÃãCC“#Cƒssc3C†RÓrÂÂÂÂÂÅG'VRÄfÇ6P¥6öÇ–3–sƒ#CsÄ¶–æ6RÖÆ–¶R&÷FV–â•#Ssƒ2DÕ$²6W&–æU÷F‡&Vöæ–æR&÷FV–â¶–æ6RÖÆ–¶RÂÓã3Ss3“3cSc##BÅG'VRÂÂÂÂÂÂÂÂÄfÇ6RÄfÇ6P¥6öÇ–3–sƒ#SÄ¶–æ6R–çFW&7F–ærfÖ–Ç’&÷FV–â•#cƒB´•ÖÆ–¶RÂÓã“ƒsS““SC3“3“"ÅG'VRÂÂÂÃBãÃãCc“c#ƒ“““SsC2ÂÓãCc“c#ƒ“““SsC2Ã"ã3C““ScSƒ“#FRÓrÅ6öÇ–3–sƒ#Sã"ãõ3S3µ6öÇ–3–sƒ#Sã"ãõCƒrÄfÇ6RÅG'VP¥6öÇ–3–sƒ#S#ÃC2&–&÷6öÖÂ&÷FV–â3•#S“2&–&÷6öÖÂ&÷FV–â34RÂÓã3#3C3“ƒƒCS“sƒs’ÅG'VRÂÂÂÂÂÂÂÂÄfÇ6RÄfÇ6P¥6öÇ–3–sƒ#SCÅFWG&G&–6÷WF–FR&WVB&÷FV–â#‚•#““FWG&G&–6÷WF–FRÖÆ–¶R†VÆ–6ÂÂÓã#ƒsƒ#sscCCƒBÅG'VRÂÂÂÂÂÂÂÂÄfÇ6RÄfÇ6P¥6öÇ–3–sƒ#c3Â$6—&VGV7FöæRF–÷‡–vVæ6R•#C326—&VGV7FöæRF–÷‡–vVæ6RÂ$B"ÂÓã#Ss“#ssCsc"ÅG'VRÂÂÂÂÂÂÂÂÄfÇ6RÄfÇ6P¥6öÇ–3–sƒ#cSÂ$6—&VGV7FöæRF–÷‡–vVæ6R•#C326—&VGV7FöæRF–÷‡–vVæ6RÂ$B"ÃãC3cCscƒƒccƒc’ÅG'VRÂÂÂÃ"ãÃã##33ƒc“C“ccSSSrÃã##33ƒc“C“ccSSSrÃãsCSsƒs3S“fRÓ‚Å6öÇ–3–sƒ#cSã"ãõCS’ÄfÇ6RÅG'VP¥6öÇ–3–sƒ#cƒÄG–ÖV6Æ–â•#“C"G–ÖV6Æ–âÂÓãSc#C“ƒs3#s“bÅG'VRÂÂÂÂÂÂÂÂÄfÇ6RÄfÇ6P¥6öÇ–3–sƒ#sÄ†—7FöæRƒ$•##’†—7FöæRƒ$Ãã3SSS3cƒs#ƒ3Sc3s2ÅG'VRÂÂÂÂÂÂÂÂÄfÇ6RÄfÇ6P¥6öÇ–3–sƒ#s#ÄÆFõö¶WFò&VGV7F6RfÖ–Ç’&÷FV–â•#3“RÆFõö¶WFò&VGV7F6RÃãƒ3c“c3ƒC“#“crÅG'VRÃãƒ3cs#sS3SscS‚ÃãSsScS“SccSFRÓÃ’ãs“#“3“C##VRÓÂÂÂÂÂÅG'VRÄfÇ6P¥6öÇ–3–sƒ#s3ÄÆFõö¶WFò&VGV7F6RfÖ–Ç’&÷FV–â•#3“RÆFõö¶WFò&VGV7F6RÂÓãs“##3s3CƒS"ÅG'VRÂÂÂÂÂÂÂÂÄfÇ6RÄfÇ6P¥6öÇ–3–sƒ#ssÅG&ç6ÖVÖ'&æRV×#BFöÖ–âÖ6öçF–æ–ær&÷FV–â2•#3C‚V×#Eöw#TÅ÷#BÃã3S“c3s“3c“C2ÅG'VRÂÂÂÂÂÂÂÂÄfÇ6RÄfÇ6P¥6öÇ–3–sƒ#sƒÄ7&v–æR7–çF†WF6R"ÂÓãƒ3s“S“s“sC“ƒbÅG'VRÂÓãƒ3ƒCƒƒ“sSSSCc#ÃBãƒC““sSSƒ“#c“†RÓ"ÃRãS3SCƒcS““†RÓÃ2ãÃã“CƒCccc3ƒƒcƒ#CƒrÃã“CƒCccc3ƒƒcƒ#CƒrÃ"ã“SCS“Ss““3c“ƒvRÓ’Å6öÇ–3–sƒ#sƒã"ãõ3ƒµ6öÇ–3–sƒ#sƒã"ãõ3#cµ6öÇ–3–sƒ#sƒã"ãõ3#C2ÅG'VRÅG'VP¥6öÇ–3–sƒ#ƒÅVæ¶æ÷vâ&÷FV–â•#ƒvÇ–6–æR&–6‚ÂÓãS#C“sS“ƒSC“RÅG'VRÂÓãC“sc““3S##sC2Ã"ã#“s“csC#C#ƒs3fRÓbÃRã#SC#Ccs#3cSS†RÓbÂÂÂÂÂÅG'VRÄfÇ6P¥6öÇ–3–sƒ#ƒcÅ7VÆfFRFVç–Ç–ÇG&ç6fW&6R•##cSE×7VÆgW'–Æ6RÃãccssc#“““#3SCbÅG'VRÃãcS3ƒSƒSƒcCs#BÃRãSS“sCsƒscVRÓÃ2ã##Sƒ“C“FRÓ’ÂÂÂÂÂÅG'VRÄfÇ6P¥6öÇ–3–sƒ#“SÄ3"FöÖ–âÖ6öçF–æ–ær&÷FV–âÖÆ–¶R•#ƒ#’3"ÖVÖ'&æRF&vWF–ær&÷FV–âÃãSCƒƒCSƒC3SƒRÅG'VRÂÂÂÂÂÂÂÂÄfÇ6RÄfÇ6P¥6öÇ–3–sƒ#“sÅ—'WfFR¶–æ6R•#c“r—'WfFR¶–æ6RÂÓã#SƒccS“S#S“#BÅG'VRÂÂÂÂÂÂÂÂÄfÇ6RÄfÇ6P¥6öÇ–3–sƒ#““Â$tEÔBÖÖææ÷6RÓ>ˆ©"Ã^ˆ©"ÖW–ÖW&6R""ÂÓã“#3S“ƒS3S“3’ÅG'VRÂÓã“#SC#“cƒss#“‚ÃãC##3ƒc“SC“ƒCsFRÓ2Ã"ãsSc“ƒ“CCCƒ3“FRÓ"ÂÂÂÂÂÅG'VRÄfÇ6P¥6öÇ–3–sƒ3ÄvVæöÖ–2Dä6‡&öÖ÷6öÖR26ÆöæRÕ„3r•#“ƒ’&ÖF–ÆÆòÖÆ–¶R†VÆ–6ÂÂÓã3“C“3ƒ“““S33cSRÅG'VRÂÂÂÂÂÂÂÂÄfÇ6RÄfÇ6P¥6öÇ–3–sƒ3#Ä×—&÷6–æ6RÖ&–æF–ær&÷FV–âÖÆ–¶R&÷FV–â•###’Öææ÷6RÖ&–æF–ærÆV7F–âÂÓãƒcs“c3“Sƒƒ#““RÅG'VRÂÓãƒcsCƒ#c3ccƒSRÃãScC3CCC“ƒ“3SfRÓ’ÃrãCƒSCS#sCSscƒVRÓ’ÂÂÂÂÂÅG'VRÄfÇ6P¥6öÇ–3–sƒ33Ä×—&÷6–æ6R&–æF–ær&÷FV–â•###’Öææ÷6RÖ&–æF–ærÆV7F–âÃãƒcC#scƒ###‚ÅG'VRÂÂÂÂÂÂÂÂÄfÇ6RÄfÇ6P¥6öÇ–3–sƒ3ƒÂ$çV6ÆVöÆ"&÷FV–âR•##cƒr&RÖÕ$ä&ö6W76–ær&–&öçV6ÆV÷&÷FV–âÂ&–æF–ær&Vv–öâ"ÂÓãƒSs3333#sS#s#32ÅG'VRÂÓãƒSsS#ƒ“sCƒƒ##2Ãã#3css3“C#c&RÓÃã“sc“3sSCvRÓÃ2ãÃã“s#SCSc#Sscs2Ãã“s#SCSc#Sscs2ÃrãcSc“ƒ3ƒcƒ&RÓrÅ6öÇ–3–sƒ3ƒã"ãõ33ƒµ6öÇ–3–sƒ3ƒã"ãõ3CCµ3CCBÅG'VRÅG'VP¥6öÇ–3–sƒ3#Â%WF–F6R3’fÖ–Ç’•#3sRWF–F6R3’Â&öÇ–ÂöÆ–v÷WF–F6R7F—fR6—FR&Vv–öâ"ÂÓã3s33“3S3ƒ“S#C#BÅG'VRÂÂÂÂÂÂÂÂÄfÇ6RÄfÇ6P¥6öÇ–3–sƒ33Â%WF–F6R3’&öÇ–ÂöÆ–v÷WF–F6R7F—fR6—FRFöÖ–â&÷FV–â•#3sRWF–F6R3’Â&öÇ–ÂöÆ–v÷WF–F6R7F—fR6—FR&Vv–öâ"ÂÓã“#3S3sSƒS3rÅG'VRÂÓã“#c“sƒ“#SsS“Ã"ãsc“#SƒC3ƒ–RÓ"Ã"ãC3“#cS3Cƒ“RÓÃãÃã#scS#c3#c3#ƒssbÃã#scS#c3#c3#ƒssbÃRãcƒcCSc#““ƒc3“VRÓ’Å6öÇ–3–sƒ33ã"ãõ3c#ÅG'VRÅG'VP¥6öÇ–3–sƒ3SÄäB…”‚×V–æöæR÷†–F÷&VGV7F6R7V'Væ—BâÂÓã33c#“cCƒS“c3“rÅG'VRÂÂÂÂÂÂÂÂÄfÇ6RÄfÇ6P¥6öÇ–3–sƒ3#Å&V6WF÷"ÖÆ–¶R&÷FV–â¶–æ6R•###“6W&–æU÷F‡&Vöæ–æR&÷FV–â¶–æ6RÂÓã“CsS##sCc3ƒcƒS#BÅG'VRÂÓã“Cƒ3#“3ssc“#ƒrÃãSsCC“c3sƒ†RÓÃã3#sScc#“3s6RÓÃãÃãƒ3cc3c“ƒc#Cs“RÃãƒ3cc3c“ƒc#Cs“RÃ‚ã“ƒ#3Sss#ƒ†RÓbÅ6öÇ–3–sƒ3#ã"ãõ33rÅG'VRÅG'VP¥6öÇ–3–sƒ3##Ä$„Ä‚G&ç67&—F–öâf7F÷"•#S“‚†VÆ—‚ÖÆö÷Ö†VÆ—‚DäÖ&–æF–ærÂÓãƒC##““sƒƒSƒs’ÅG'VRÂÂÂÂÂÂÂÂÄfÇ6RÄfÇ6P¥6öÇ–3–sƒ3#sÄvVæöÖ–2Dä6‡&öÖ÷6öÖRR6ÆöæRÕC’•#“3&÷FV–âöbVæ¶æ÷vâgVæ7F–öâETc#3cÂÓã#S“sSS“S3“cS“BÅG'VRÂÓã#cc#ƒS##CBÃ2ãƒCƒc3cSsƒssc–RÓ"ÃBãsSCcSsCcSCsvRÓÃBãÃãSC#c“3cC#S“SS‚ÃãSC#c“3cC#S“SS‚ÃBã“33ƒCƒcsƒ3CFRÓ‚Å6öÇ–3–sƒ3#sã"ãõ3#3Sµ6öÇ–3–sƒ3#sã"ãõ3#3Sµ3#3cµ6öÇ–3–sƒ3#sã"ãõ3#3bÅG'VRÅG'VP¥6öÇ–3–sƒ33SÂ$w&÷W”’–çG&öâ7Æ–6–ærf7F÷"5%3ÖÆ–¶R•#ƒ“$äÖ&–æF–ærÂ5$ÒFöÖ–â"ÃãCssƒ3“C#3c3c2ÅG'VRÂÂÂÃãÃãsƒcCCs3“CS“CC2ÃãsƒcCCs3“CS“CC2Ã‚ãcCss#c“ƒsƒƒ&RÓbÅ6öÇ–3–sƒ33Sã"ãõ3ƒ#“µ3ƒ3ÄfÇ6RÅG'VP¥6öÇ–3–sƒ33sÂ#32&–&÷6öÖÂ&÷FV–â3’•#Ss2&–&÷6öÖÂ&÷FV–â3RÂWV¶'–÷F–5ö&6†VÂ"ÂÓãSC3cCS“SS3SbÅG'VRÂÂÂÂÂÂÂÂÄfÇ6RÄfÇ6P¥6öÇ–3–sƒ33ƒÄ†—7FöæRƒ•#Sƒ‚†—7FöæRƒôƒRÂÓãS3CSsSSƒc#s3BÅG'VRÂÓãScsC#3C3s#3"Ãã3#“#c3“S“3“†RÓÃãƒ3“ƒcCCscVRÓÃãÃãƒC“3ƒ“#C#sƒ"ÃãƒC“3ƒ“#C#sƒ"ÃRãƒ“#ssCSCC““c†RÓbÅ6öÇ–3–sƒ33ƒã"ãõ32ÅG'VRÅG'VP¥6öÇ–3–sƒ3CÂ$Ö–F6R‡–FçFö–æ6Uö6&&Ö÷–Æ6RfÖ–Ç’&÷FV–âW‡&W76VB•#S‚Ö–F6RÂ‡–FçFö–æ6Uö6&&Ö÷–Æ6R"Ãã3S3C33CC#Cc##“rÅG'VRÂÂÂÂÂÂÂÂÄfÇ6RÄfÇ6P¥6öÇ–3–sƒ3C#Â$5tc’ÖÆ–¶R"•#csc‚&÷FV–â6–Ö–Æ"Fò7vd¢Â2×FW&Ö–æÂ"ÂÓã###ƒCƒ3sScƒC3‚ÅG'VRÂÂÂÂÂÂÂÂÄfÇ6RÄfÇ6P¥6öÇ–3–sƒ3CCÂ%&÷FV–æ6R–æ†–&—F÷"’•#ƒcB&÷FV–æ6R–æ†–&—F÷"“2Â÷FFò–æ†–&—F÷"’"ÂÓãsƒƒc3ƒƒƒ3S33c‚ÅG'VRÂÓãsƒC““csc“csSÃã“sƒ3ScC#cƒ#36RÓbÃBãSƒ3S3SCCCsC6RÓbÂÂÂÂÂÅG'VRÄfÇ6P¥6öÇ–3–sƒCCCÂ%&÷FV–æ6R–æ†–&—F÷"’•#ƒcB&÷FV–æ6R–æ†–&—F÷"“2Â÷FFò–æ†–&—F÷"’"ÂÓãƒs#“SCcc“3S#‚ÅG'VRÂÂÂÂÂÂÂÂÄfÇ6RÄfÇ6P¥6öÇ–3–sƒCCSÂ$6‡–Ö÷G'—6–â–æ†–&—F÷"Ó"•#ƒcB&÷FV–æ6R–æ†–&—F÷"“2Â÷FFò–æ†–&—F÷"’"ÂÓã#sc““ƒƒC3#SÅG'VRÂÂÂÂÂÂÂÂÄfÇ6RÄfÇ6P¥6öÇ–3–sƒCCƒÂ%&÷FV–æ6R–æ†–&—F÷"’•#ƒcB&÷FV–æ6R–æ†–&—F÷"“2Â÷FFò–æ†–&—F÷"’"ÂÓãsƒc“cƒCS#ƒ3ƒ2ÅG'VRÂÂÂÂÂÂÂÂÄfÇ6RÄfÇ6P¥6öÇ–3–sƒCC“Â%&÷FV–æ6R–æ†–&—F÷"’•#ƒcB&÷FV–æ6R–æ†–&—F÷"“2Â÷FFò–æ†–&—F÷"’"ÂÓã33“#“##ƒcS3“S“SrÅG'VRÂÂÂÂÂÂÂÂÄfÇ6RÄfÇ6P¥6öÇ–3–sƒ“C“Â%&÷FV–æ6R–æ†–&—F÷"’•#ƒcB&÷FV–æ6R–æ†–&—F÷"“2Â÷FFò–æ†–&—F÷"’"Ãã3“3#““ƒC3CƒscBÅG'VRÂÂÂÂÂÂÂÂÄfÇ6RÄfÇ6P¥6öÇ–3–sƒ“SƒÃÖÖ–æö7–6Æ÷&÷æRÓÖ6&&÷‡–ÆFR÷†–F6RÖÆ–¶R&÷FV–â•#S#2÷†övÇWF&FRæB—&öâÖFWVæFVçB÷‡–vVæ6RÃBã3#scƒscS#s#s"ÅG'VRÃBã33sc“#33#SbÃãS“ƒcs#3S–RÓ’Ã"ãƒ#“SƒccSs3SRÓbÃ#rãÃ2ã3cƒ3SC3ƒCCbÂÓ2ã3cƒ3SC3ƒCCbÃãƒscSS“cC3VRÓ"Å6öÇ–3–sƒ“Sƒã"ãõ33cµ6öÇ–3–sƒ“Sƒã"ãõ3Cµ6öÇ–3–sƒ“Sƒã"ãõ3CCµ6öÇ–3–sƒ“Sƒã"ãõ3C“µ6öÇ–3–sƒ“Sƒã"ãõ33µ6öÇ–3–sƒ“Sƒã"ãõ33µ6öÇ–3–sƒ“Sƒã"ãõ33Cµ6öÇ–3–sƒ“Sƒã"ãõ33#µ6öÇ–3–sƒ“Sƒã"ãõ33cµ6öÇ–3–sƒ“Sƒã"ãõ33#ƒµ6öÇ–3–sƒ“Sƒã"ãõ33CSµ6öÇ–3–sƒ“Sƒã"ãõ33Scµ6öÇ–3–sƒ“Sƒã"ãõ33S“µ6öÇ–3–sƒ“Sƒã"ãõ3“µ6öÇ–3–sƒ“Sƒã"ãõC3#Cµ6öÇ–3–sƒ“Sƒã"ãõC3CCµ6öÇ–3–sƒ“Sƒã"ãõC3SRÅG'VRÅG'VP¥6öÇ–3–sƒ“c3Ä$UC•#s#rF&vWB4ä$R6ö–ÆVBÖ6ö–Â&Vv–öâÂÓã3CCƒcsSƒƒ3ƒc3c’ÅG'VRÂÂÂÂÂÂÂÂÄfÇ6RÄfÇ6P¥6öÇ–3–sƒ“ccÄ7F–â×&VÆFVB&÷FV–â‚•#C7F–åö7F–âÖÆ–¶RÂÓãc#Scsssƒ#c#’ÅG'VRÂÂÂÂÂÂÂÂÄfÇ6RÄfÇ6P¥6öÇ–3–sƒ“csÄæ–6÷F–æÆW6–öâÖ–æGV6–ærÆ–¶R•#ƒc3r…"ÖÆ–¶RÆW6–öâÖ–æGV6W"ÂÓãCcƒ3Cƒc““s#S“BÅG'VRÂÂÂÂÂÂÂÂÄfÇ6RÄfÇ6P¥6öÇ–3–sƒ“c“ÃÖÖ–æö7–6Æ÷&÷æRÓÖ6&&÷‡–ÆFR÷†–F6RÖÆ–¶R&÷FV–â•#S#2÷†övÇWF&FRæB—&öâÖFWVæFVçB÷‡–vVæ6RÂÓãc#SCCS#Sƒ3scƒcrÅG'VRÂÓãc3cs#s3“c“"Ãã##33Cs3ƒss“†RÓÃãSs3cccsC“fRÓÂÂÂÂÂÅG'VRÄfÇ6P¥6öÇ–3–sƒ“s3ÃÖÖ–æö7–6Æ÷&÷æRÓÖ6&&÷‡–ÆFR÷†–F6RÖÆ–¶R&÷FV–â•#S#2÷†övÇWF&FRæB—&öâÖFWVæFVçB÷‡–vVæ6RÃã#S“#C#sƒSBÅG'VRÂÂÂÂÂÂÂÂÄfÇ6RÄfÇ6P¥6öÇ–3–sƒ“sCÃÖÖ–æö7–6Æ÷&÷æRÓÖ6&&÷‡–ÆFR÷†–F6RÖÆ–¶R&÷FV–â•#S#2÷†övÇWF&FRæB—&öâÖFWVæFVçB÷‡–vVæ6RÃ"ãCSCƒ#cs##“3s2ÅG'VRÃ"ãS##ƒCƒ“ƒs3c3ƒbÃ"ã3s#ƒ###S3#3FRÓBÃbãS#“#CcC“C“S&RÓ2ÂÂÂÂÂÅG'VRÄfÇ6P¥6öÇ–3–sƒ“ƒƒÂ$VÆV7G&öâG&ç6fW"fÆf÷&÷FV–â&WF×7V'Væ—B•###SRVÆV7G&öâG&ç6fW"fÆf÷&÷FV–âÂ&WF7V'Væ—B"ÃãC3Sƒ#ScC“c#BÅG'VRÂÂÂÂÂÂÂÂÄfÇ6RÄfÇ6P¥6öÇ–3–sƒ““CÂ$vVæöÖ–2Dä6‡&öÖ÷6öÖR2D26ÆöæR³u‚•##RVæ6†&7FW&—¦VB6öç6W'fVB&÷FV–âT5SCrÂet"ÂÓã““sƒCƒsCSsCƒsÅG'VRÂÂÂÃãÃã“““3cscCSƒC3“CRÃã“““3cscCSƒC3“CRÃãC3cC3#CscsCc‚Å6öÇ–3–sƒ““Cããõ33"ÄfÇ6RÅG'VP¥6öÇ–3–s“3Å4UBæB¦bÔÕ”äBFöÖ–âÖ6öçF–æ–ær&÷FV–â•##B4UBÂÓã3SC3SsSƒ“3#3"ÅG'VRÂÂÂÂÂÂÂÂÄfÇ6RÄfÇ6P¥6öÇ–3–s“CÄvW&Ö–âÖÆ–¶R&÷FV–âR•#Cs&ÖÄ2ÖÆ–¶R¦VÆÇ’&öÆÂföÆBÂÓãƒ#cƒS3CSs"ÅG'VRÂÂÂÂÂÂÂÂÄfÇ6RÄfÇ6P¥6öÇ–3–s“SÅF‡—&ö–B†÷&ÖöæR&V6WF÷"–çFW&7F÷"B„g&vÖVçB’•#s3sB44‚FöÖ–âÂÓãsS33s“c“Ssƒƒ’ÅG'VRÂÓãsCScCƒsSC“““sRÃbãscsƒsSs##“##VRÓ‚Ã"ã#CcS#CcSCFRÓrÂÂÂÂÂÅG'VRÄfÇ6P¥6öÇ–3–s“sÄ–æ÷&væ–2†÷7†FRG&ç7÷'FW"•#Cs3‚†÷7†FRW&ÖV6RÂÓãƒc#ƒ#3#33cccrÅG'VRÂÓãƒc3“3“cS#“3Cƒ“s"Ã"ã#s#SSSƒ3s“CS–RÓrÃbã3c3s#“3sCcC†RÓrÂÂÂÂÂÅG'VRÄfÇ6P¥6öÇ–3–s“Ä7'—Fö6‡&öÖR"Ãã#Sƒ“3cssƒ“##C3bÅG'VRÂÂÂÃ2ãÃãs3c“S#sC##“C3BÃãs3c“S#sC##“C3BÃ‚ãCCƒ“s“s3“3s3&RÓÅ6öÇ–3–s“ã"ãõ3cµ6öÇ–3–s“ã"ãõCc’ÄfÇ6RÅG'VP¥6öÇ–3–s“CÂ$ÖÆFRFV‡–G&övVæ6R•##sBÖÆFRFV‡–G&övVæ6RÂäBÖFWVæFVçBÂ7—F÷6öÆ–2"ÂÓãSƒ333ƒScS#"ÅG'VRÂÂÂÃ"ãÃãƒS#ƒƒCcS3ccƒC"ÃãƒS#ƒƒCcS3ccƒC"ÃRã““s33SS#c“VRÓbÅ6öÇ–3–s“Cã"ãõ3Sµ6öÇ–3–s“Cã"ãõ3CrÄfÇ6RÅG'VP¥6öÇ–3–s“cÄæ·—&–â&WVBFöÖ–âÖ6öçF–æ–ær&÷FV–â"•##æ·—&–âÂÓã#“sS#C33ƒ##c#C“S2ÅG'VRÂÂÂÂÂÂÂÂÄfÇ6RÄfÇ6P¥6öÇ–3–s“ƒÄÆ–v‡BÖFWVæFVçB6†÷'B‡—ö6÷G–Ç2•#c“3b&÷FV–âöbVæ¶æ÷vâgVæ7F–öâETccCÂÓãC#CCcS#“#CCs‚ÅG'VRÂÓãC##csss““BÃbãCcs“##Sƒ3ƒs6RÓÃ2ãCc“33ScsS3SS“fRÓ’ÂÂÂÂÂÅG'VRÄfÇ6P¥6öÇ–3–s““Â$FV‡–G&F–öâ×&W7öç6—fR&÷FV–âÖÆ–¶R•#CS’&÷FV–âöbVæ¶æ÷vâgVæ7F–öâETc#C‚ÂÖWF‡–ÇG&ç6fW&6RWFF—fR"ÂÓãCSSc“#ƒ““#3CBÅG'VRÂÓãCS3c#CC“3s“3“2Ãrã#“#Ccƒ#ƒCC–RÓ"Ãrã“ƒsSƒcCƒscƒSRÓÂÂÂÂÂÅG'VRÄfÇ6P¥6öÇ–3–s“#Å6W&–æU÷F‡&Vöæ–æR×&÷FV–â¶–æ6R3‚•###“6W&–æU÷F‡&Vöæ–æR&÷FV–â¶–æ6RÂÓã#scsSƒCc3#3cbÅG'VRÂÂÂÂÂÂÂÂÄfÇ6RÄfÇ6P¥6öÇ–3–s“#sÄ4õÔ–çFW&7F–ær&÷FV–ä’r„4•r’„g&vÖVçB’ÂÓãc“33C3s“c"ÅG'VRÂÓãc“3Sƒ““3Sƒ##bÃbãSScƒSs#“c#ssvRÓ"ÃbãSSƒƒC3CcC3&RÓÃãÃ"ã#cCcsC#Ss#S#ÂÓ"ã#cCcsC#Ss#S#Ã"ã333#Cƒ#C6RÓÅ6öÇ–3–s“#sã"ãõ3#sµ6öÇ–3–s“#sã"ãõ3“Sµ6öÇ–3–s“#sã"ãõ3sSƒµ6öÇ–3–s“#sã"ãõ3ƒC#µ6öÇ–3–s“#sã"ãõ3ƒ“sµ6öÇ–3–s“#sã"ãõ3ƒ““µ3“µ6öÇ–3–s“#sã"ãõ3“Cµ6öÇ–3–s“#sã"ãõC#S#µ6öÇ–3–s“#sã"ãõC“BÅG'VRÅG'VP¥6öÇ–3–s“33Ä†'–â&–æF–ær&÷FV–â•#cƒC2f–'&–ÆÆ–âÃã“sƒs“Sƒ#3CS3CSBÅG'VRÃã“sc#CCSs33c3‚Ãã##ƒs#vRÓÃãc3“cƒccRÓÃ"ãÃãC#sƒƒ“S#CScSsbÂÓãC#sƒƒ“S#CScSsbÃ"ãcC“c3sƒSSS&RÓ’Å6öÇ–3–s“33ã"ãõ3Csµ6öÇ–3–s“33ã"ãõ3“rÅG'VRÅG'VP¥6öÇ–3–s“3sÄ'&öÖöFöÖ–â6öçF–æ–ær"„g&vÖVçB’•#Cƒr'&öÖöFöÖ–âÂÓãSscƒcS3#3C3SSBÅG'VRÂÂÂÃãÃãc3s#s3#3S3ƒrÃãc3s#s3#3S3ƒrÃbãCc“cƒcƒ““S“3VRÓRÅ6öÇ–3–s“3sã"ãõC#’ÄfÇ6RÅG'VP¥6öÇ–3–s“3“ÅVæ¶æ÷vâ&÷FV–âÂÓãssƒ“S3“#S3ƒcÅG'VRÂÓãsc“S““#“SCÃ‚ãS33#s“CsSSCFRÓÃRãƒC3ss“ƒCC#c–RÓÂÂÂÂÂÅG'VRÄfÇ6P¥6öÇ–3–s“CÃS2&–&÷6öÖÂ&÷FV–âÃ#‚•#3ƒ2&–&÷6öÖÂ&÷FV–âÃ#‚ÂÓãscs3C3scScs‚ÅG'VRÂÓãsssƒCScSƒƒcbÃRã#“#S“#ƒS“Scs6RÓÃ"ãƒ“SƒSccƒ3#C6RÓ’ÂÂÂÂÂÅG'VRÄfÇ6P¥6öÇ–3–s“C#Â%7Æ–6–ærf7F÷"S&bÆ&vR7V'Væ—B•##csrçV6ÆV÷F–FRÖ&–æF–ærÂÇ†Ö&WFÆ—B"ÂÓãCSC#S3““CCs’ÅG'VRÂÂÂÃãÃãƒ3#CCSsƒCCC“2Ããƒ3#CCSsƒCCC“2Ããƒ3ccCƒscƒ#vRÓbÅ6öÇ–3–s“C#ã"ãõ3sµ6öÇ–3–s“C#ã"ãõ3#Cµ3#sµ6öÇ–3–s“C#ã"ãõ3#“sµ6öÇ–3–s“C#ã"ãõ3CSCµ3Ccµ6öÇ–3–s“C#ã"ãõCCs#µ6öÇ–3–s“C#ã"ãõCCs#µ3Cs’ÄfÇ6RÅG'VP¥6öÇ–3–s“C3Ä7–æFR‡–G&F6R•#ƒsb7–æ6RÂÓãCccSCscƒS3CS#sbÅG'VRÂÂÂÂÂÂÂÂÄfÇ6RÄfÇ6P¥6öÇ–3–s“CcÄuE6Rö&r•#csBçV6ÆVöÆ"uEÖ&–æF–ærÃãSSccCCcC#2ÅG'VRÂÂÂÂÂÂÂÂÄfÇ6RÄfÇ6P¥6öÇ–3–s“S#Â$†WFW&övVæV÷W2çV6ÆV"&–&öçV6ÆV÷&÷FV–â2•##csrçV6ÆV÷F–FRÖ&–æF–ærÂÇ†Ö&WFÆ—B"ÂÓã3Cƒccƒc3s““ÅG'VRÂÂÂÂÂÂÂÂÄfÇ6RÄfÇ6P¥6öÇ–3–s“SsÅ&÷Föâw&F–VçB&VwVÆF–öâRÂÓãscS3Ss““#crÅG'VRÂÓãscƒƒ“S3cƒCC“’Ã’ãc#3C#ƒƒ#ƒ“†RÓÃbãC#cCƒƒcs#c&RÓÂÂÂÂÂÅG'VRÄfÇ6P¥6öÇ–3–s“SƒÄWV¶'–÷F–2G&ç6ÆF–öâ–æ—F–F–öâf7F÷"DRÓ"ÂÓãs“c##CSssccbÅG'VRÂÂÂÂÂÂÂÂÄfÇ6RÄfÇ6P¥6öÇ–3–s“ccÂ$wVæ–æRçV6ÆV÷F–FRÖ&–æF–ær&÷FV–â7V'Væ—B&WFÖÆ–¶R&÷FV–â•#s“ƒbtCC&WVBÂ&Vv–öâ"ÂÓã#C“Ccsc“sC“ƒ2ÅG'VRÂÂÂÂÂÂÂÂÄfÇ6RÄfÇ6P¥6öÇ–3–s“sÅ7V66–æFR6VÖ–ÆFV‡–FRFV‡–G&övVæ6R•#SS“ÆFV‡–FRFV‡–G&övVæ6RÂÓãS“cƒC3CsƒcƒƒRÅG'VRÂÂÂÂÂÂÂÂÄfÇ6RÄfÇ6P¥6öÇ–3–s“s#Ã#e2&÷FV6öÖR&VwVÆF÷'’7V'Væ—B•#sr&÷FV6öÖR6ö×öæVçB&Vv–öâ4’Ãã#S3Css3“3scSƒ“bÅG'VRÂÂÂÂÂÂÂÂÄfÇ6RÄfÇ6P¥6öÇ–3–s“sCÂ$EÖFWVæFVçB$ä†VÆ–66R•#SCRDäõ$ä†VÆ–66RÂDTEôDT‚&÷‚G—RÂâ×FW&Ö–æÂ"ÂÓãSƒƒc“sc##3sbÅG'VRÂÓãSƒƒ#cƒssƒƒCS’Ã2ã3#CS“cƒ#Cƒƒ3sfRÓÃã“#ƒ#S“C#SS†RÓ’ÂÂÂÂÂÅG'VRÄfÇ6P¥6öÇ–3–s“sSÄ„B×7WW&fÖ–Ç’‡–G&öÆ6R7V&fÖ–Ç’”f&–çB•#Sƒ3B†Æö6–BFV†ÆövVæ6RÖÆ–¶R‡–G&öÆ6RÂÓãC3C3C3“cc#cS#“rÅG'VRÂÂÂÂÂÂÂÂÄfÇ6RÄfÇ6P¥6öÇ–3–s“ƒÄWV6‡&öÖF–2†—7FöæRÇ—6–æRâÖÖWF‡–ÇG&ç6fW&6R"•#3R5$Õ”DrÃãCCScs“S“#SC33c#bÅG'VRÂÂÂÂÂÂÂÂÄfÇ6RÄfÇ6P¥6öÇ–3–s“ƒ3Ä&öÄÖÆ–¶R&÷FV–âW‡&W76VB•##c3B&öÄÖÆ–¶R&÷FV–âÂÓãCcSƒS“S#s“CƒbÅG'VRÂÂÂÂÂÂÂÂÄfÇ6RÄfÇ6P¥6öÇ–3–s“ƒCÂ$7'G–ÅövÇWF×–Â×E$ä„6åôvÆâ’Ö–F÷G&ç6fW&6R7V'Væ—B"Ö–F÷G&ç6fW&6RÂ"7V'Væ—B"ÂÓã#ƒcCsS#c#sSsSrÅG'VRÂÂÂÂÂÂÂÂÄfÇ6RÄfÇ6P¥6öÇ–3–s“ƒcÅ6V3#fÖ–Ç’&÷FV–â•#Scb6V3#ÂÓã“cSSsCc“Ss3RÅG'VRÂÂÂÂÂÂÂÂÄfÇ6RÄfÇ6P¥6öÇ–3–s““Â#2Ö—6÷&÷–ÆÖÆFRFV‡–G&F6RÆ&vR7V'Væ—B"•#c#S†öÖö6öæ—F6Uó2Ö—6÷&÷–ÆÖÆFRFV‡–G&F6RÂÆ&vR7V'Væ—BÂ7V&w&÷W"ÂÓãs“ƒS“#CsSc’ÅG'VRÂÓãs“ƒc#3#c#ccS’Ã"ãC#ƒsc3##CsfRÓÃã3c3ƒCƒ3fRÓ’ÂÂÂÂÂÅG'VRÄfÇ6P¥6öÇ–3–s““3ÅE"FöÖ–â&÷FV–â•#““FWG&G&–6÷WF–FRÖÆ–¶R†VÆ–6ÂÃãS#s3#ƒCs“#CBÅG'VRÂÂÂÂÂÂÂÂÄfÇ6RÄfÇ6P¥6öÇ–3–s““CÂ%&2uE6RÖ7F—fF–ær&÷FV–âÖ&–æF–ær&÷FV–â"•#ƒ##"çV6ÆV"G&ç7÷'Bf7F÷""ÂWV¶'–÷FR"ÂÓã#cS3Sƒ“#sC“s#BÅG'VRÂÂÂÃ"ãÃãcS3sC“CSsSC#ÃãcS3sC“CSsSC#Ã2ãc“333“c“ƒSsRÓbÅ6öÇ–3–s““Cã"ãõ3#SrÄfÇ6RÅG'VP¥6öÇ–3–s““cÂ%$äÖ&–æF–ær&÷FV–â•#SB$ä&V6övæ—F–öâÖ÷F–bÂ$åÓ"ÂÓãcScS3sC“csScCƒrÅG'VRÂÂÂÂÂÂÂÂÄfÇ6RÄfÇ6P¥6öÇ–3–s““sÄÖ¦÷"ÆÆW&vVâÖÂB•#“b&WBb’ÆÆW&vVâÃã#sCs“3C#C“C#‚ÅG'VRÂÂÂÂÂÂÂÂÄfÇ6RÄfÇ6P¥6öÇ–3–s““ƒÄÖ¦÷"ÆÆW&vVâÖÂB•#“b&WBb’ÆÆW&vVâÂÓã3“s3s#CsƒS“#CRÅG'VRÂÓãC“333“ƒcc#ƒ#bÃ"ã3#Sc3ƒc#sc†RÓÃãƒ“ƒƒC““#S“3–RÓÃRãÃãƒ#ssCƒs#CCƒƒÃãƒ#ssCƒs#CCƒƒÃã3ƒ#sS“Cs##fRÓ‚Å6öÇ–3–s““ƒã"ãõ3µ6öÇ–3–s““ƒã"ãõ3#“µ6öÇ–3–s““ƒã"ãõ33cµ6öÇ–3–s““ƒã"ãõ3Cµ6öÇ–3–s““ƒã"ãõ3ƒRÅG'VRÅG'VP¥6öÇ–3–s“““ÄÖ¦÷"ÆÆW&vVâÖÂB•#“b&WBb’ÆÆW&vVâÃãƒ3CcSC3#ssSc‚ÅG'VRÃãƒ#c3ƒ3#C3#Sc’Ã"ãc#ƒ33S#CCƒ6RÓRÃ2ã““css“#“cƒCfRÓRÂÂÂÂÂÅG'VRÄfÇ6P¥6öÇ–3–s“ÄÖ¦÷"ÆÆW&vVâÖÂB•#“b&WBb’ÆÆW&vVâÃãƒSS3“3sƒcSc3ƒ2ÅG'VRÃãƒc3ƒƒ#C#“s3SbÃbã3#s#ƒCƒsSSC&RÓRÃã3Cc3ƒC#s#“cƒÂÂÂÂÂÅG'VRÄfÇ6P¥6öÇ–3–s“3Â$&WFÖ×–Æ6R•#3sƒvÇ–6÷6–FR‡–G&öÆ6RÂ7V&w&÷WÂ6FÇ—F–26÷&R"ÃãsCCCS#Sƒ##“3bÅG'VRÃãsC3“SS#3CSc“33RÃ‚ãƒƒCSCƒSƒCs3†RÓ"Ã‚ãC3#c3sC“3cƒ6RÓÂÂÂÂÂÅG'VRÄfÇ6P¥6öÇ–3–s“SÂ$Æ—6R•##“#Æ—6RÂ6Æ722"Ãã#sƒ3CC#S#cCcÅG'VRÃã#s“S#ƒsCƒƒ“c3S‚Ãã3“Cs3c33CvRÓBÃ2ãSS3Cc3cS“3fRÓ2ÂÂÂÂÂÅG'VRÄfÇ6P¥6öÇ–3–s“sÂ$ÖÆFRFV‡–G&övVæ6R•#“rÖÆFRFV‡–G&övVæ6RÂäBÖFWVæFVçBÂWV¶'–÷FW2æBvÖÖ&÷FVö&7FW&–"Ããcƒ“3S3“##Sƒ#"ÅG'VRÃãcƒ“#s#Cƒƒ#““BÃ2ã““3SS#cƒfRÓÃãscscS3ƒƒsc&RÓ’ÂÂÂÂÂÅG'VRÄfÇ6P¥6öÇ–3–s“ƒÂ$×–÷6–â„’Ôb•#c’×–÷6–â†VBÂÖ÷F÷"&Vv–öâ"ÂÓãcƒ“S““ƒ#ƒSƒƒ#S2ÅG'VRÂÂÂÂÂÂÂÂÄfÇ6RÄfÇ6P¥6öÇ–3–s“Â$6öVç§–ÖRcC#‡–G&övVæ6UöFV‡–G&övVæ6R&WF7V'Væ—BÖÆ–¶R•#sS#R6öVç§–ÖRcC#‡–G&övVæ6UöFV‡–G&övVæ6R&WF7V'Væ—BÂ2×FW&Ö–æÂ"ÂÓãSCCƒc#sƒ“ƒ“#bÅG'VRÂÂÂÂÂÂÂÂÄfÇ6RÄfÇ6P¥6öÇ–3–s“#ÄvVæöÖ–2Dä6‡&öÖ÷6öÖR2$26ÆöæRcDó2ÂÓã##ƒ3S“s33S#CcbÅG'VRÂÂÂÃ"ãÃã“33#c3ƒ“CsC“#ƒ#Ãã“33#c3ƒ“CsC“#ƒ#ÃãcC“ƒC##6RÓRÅ6öÇ–3–s“#ã"ãõ3#3Sµ6öÇ–3–s“#ã"ãõ3S2ÄfÇ6RÅG'VP¥6öÇ–3–s“sÄäD‚FV‡–G&övVæ6RÇ†7V&6ö×ÆW‚7V'Væ—B2•#“3Cbu$”ÒÓ’ÂÓã#ƒc“ScCs3sbÅG'VRÂÂÂÂÂÂÂÂÄfÇ6RÄfÇ6P¥6öÇ–3–s“ƒÆ6†W&öæ–â•#ƒCB6†W&öæ–â7ãcÃã#3“#3ƒƒC###crÅG'VRÃã#3““C#ssS“c2Ã"ãc3cs“ƒ#3CvRÓ2Ã2ãcSƒC#3Cs33#6RÓ"ÂÂÂÂÂÅG'VRÄfÇ6P¥6öÇ–3–s““Â$–æ†–&—F÷"öbw&÷wF‚&÷FV–âR•#“sƒr¦–æ2f–ævW"Â„BÖf–ævW""ÃãsSSƒƒS#ƒƒBÅG'VRÂÂÂÂÂÂÂÂÄfÇ6RÄfÇ6P¥6öÇ–3–s“#CÅ&VF–7FVBÖVÖ'&æR&÷FV–â„g&vÖVçB’•#s#rVæ6†&7FW&—6VB&÷FV–âfÖ–Ç’UcbÂÓãSƒ3CC““3S#’ÅG'VRÂÂÂÂÂÂÂÂÄfÇ6RÄfÇ6P¥6öÇ–3–s“#ƒÂ%&WF–æö&Æ7FöÖ×&VÆFVB&÷FV–â•##s#&WF–æö&Æ7FöÖÖ76ö6–FVB&÷FV–âÂÖ&÷‚"ÂÓã#3“c#sƒcCs3srÅG'VRÂÂÂÂÂÂÂÂÄfÇ6RÄfÇ6P¥6öÇ–3–s“C#ÄçV6ÆV÷6–FR×G&—†÷7†F6R•##c3r†ÓÖÆ–¶R&÷FV–âÂÓãcƒƒƒcCƒ““Cc2ÅG'VRÂÓãcƒƒ“c#SCsS#SBÃ2ãc#Cc“““#s&RÓÃ"ãsSCsc““s3C“CvRÓÂÂÂÂÂÅG'VRÄfÇ6P¥6öÇ–3–s“C3ÅV7FFRÇ–6RÓ#r•###"V7FFRÇ–6UôÖ"ÆÆW&vVâÃã3#3S“S““cC3"ÅG'VRÃã3ƒcc“#cƒsc2Ãrã#ƒƒ#ƒSS##sFRÓ’Ã"ã“3S#S#cVRÓ‚ÂÂÂÂÂÅG'VRÄfÇ6P¥6öÇ–3–s“CCÄ†—7FöæRFV6WG–Æ6R•#3ƒB†—7FöæRFV6WG–Æ6RÂÓãC“SCsc##ƒ““#CRÅG'VRÂÂÂÂÂÂÂÂÄfÇ6RÄfÇ6P¥6öÇ–3–s“CSÂ$DäöÇ–ÖW&6RFVÇF7V'Væ—BBfÖ–Ç’•#s#‚DäöÇ–ÖW&6RFVÇFÂ7V'Væ—BB"ÂÓãC“C#CSSbÅG'VRÂÂÂÂÂÂÂÂÄfÇ6RÄfÇ6P¥6öÇ–3–s“CsÃ2Ö¶WFö7–Â6ôF†–öÆ6R"•##SRF†–öÆ6RÃãƒCcs3sƒƒ#33CC"ÅG'VRÃãƒCc3cCC33sc’Ããƒ#“sCcs#S#sSvRÓrÃ2ã3cScƒC#3FRÓRÃBãÃ"ãƒCƒC3sƒƒSƒCƒC’ÂÓ"ãƒCƒC3sƒƒSƒCƒC’ÃrãcSC#S3cS#ƒ““–RÓ"Å6öÇ–3–s“Csã"ãõ3#µ6öÇ–3–s“Csã"ãõ3Cµ6öÇ–3–s“Csã"ãõ3#33µ6öÇ–3–s“Csã"ãõ3“rÅG'VRÅG'VP¥6öÇ–3–s“SÂ%Sb6å$äÖ76ö6–FVB6ÒÖÆ–¶R&÷FV–âÅ6ÓR•#ccC’Æ–¶RÕ6Ò&–&öçV6ÆV÷&÷FV–âÂWV¶'–÷F–2æB&6†V×G—RÂ6÷&R"ÂÓã3cCccCSCCƒ#crÅG'VRÂÂÂÂÂÂÂÂÄfÇ6RÄfÇ6P¥6öÇ–3–s“SÂ$6†Æ6öæR7–çF†6R•#CöÇ–¶WF–FR7–çF†6RÂG—R””’"Ãã““ccCƒ“#““3c‚ÅG'VRÂÂÂÂÂÂÂÂÄfÇ6RÄfÇ6P¥6öÇ–3–s“SsÂ%V&—V–æöæR&–÷7–çF†W6—2‡–G&÷‡–Æ6RV&”…õV&”eõf—45ô4õbfÖ–Ç’•#cƒ’V&—V–æöæR&–÷7–çF†W6—2Ööæö÷‡–vVæ6RÂ4õb×G—R"ÂÓã“c3ssƒcS32ÅG'VRÂÂÂÂÂÂÂÂÄfÇ6RÄfÇ6P¥6öÇ–3–s“SƒÅVæ6†&7FW&—¦VB$bFöÖ–âÖ6öçF–æ–ær&÷FV–â¶–æ6R•#CCr$2ÓÃã3ƒ3ƒƒCcccrÅG'VRÃã3“S3#scc“scƒ32ÃãS#“S3sƒƒ#FRÓ2Ã"ãc3cCCsSsVRÓ"ÂÂÂÂÂÅG'VRÄfÇ6P¥6öÇ–3–s“S“Â%&–&öçV6ÆV6R&÷FV–â7V'Væ—B#R•##ssRÆ&ÂDäõ$äÖ&–æF–ær&÷FV–â"ÂÓãCSS#3scS3ƒ3C2ÅG'VRÂÂÂÂÂÂÂÂÄfÇ6RÄfÇ6P¥6öÇ–3–s“sCÂ#c2&–&÷6öÖÂ&÷FV–âÃ6ÖÆ–¶R&÷FV–â•#SsSR&–&÷6öÖÂ&÷FV–âÃ2ÂWV¶'–÷F–5ö&6†VÂ"ÂÓãSƒss#““sScc#SbÅG'VRÂÓãSƒs“cs3#ƒ“c“SrÃãsCSSsƒ“cc6RÓrÃRãC“ƒSc#3s33RÓrÂÂÂÂÂÅG'VRÄfÇ6P¥6öÇ–3–s“sSÂ##e2&÷FV6öÖR&VwVÆF÷'’7V'Væ—B•#ccC"#e2&÷FV6öÖR&VwVÆF÷'’6ö×ÆW‚ÂæöâÔE6R7V&6ö×ÆW‚Â'ã%õ6ÖC7V'Væ—B"ÃãƒS#ScCƒ“S3#ƒ“BÅG'VRÂÂÂÃãÃãsc#ƒ“CƒcSs2ÂÓãsc#ƒ“CƒcSs2Ã2ã“S3CS“3s3ƒSsƒ&RÓrÅ6öÇ–3–s“sSã"ãõ3“C2ÄfÇ6RÅG'VP¥6öÇ–3–s“s“Â$S2V&—V—F–â×&÷FV–âÆ–v6R%C•#C32¦–æ2f–ævW"Â¥¢×G—R"ÃãSƒ“Ssƒ3#“ƒsc2ÅG'VRÃãSƒ“#3Cƒƒc“#c‚Ã"ãƒ3“#ƒ3SSC#RÓ’Ãã#c3ƒƒ##Cc&RÓ‚ÃãÃãscs“cƒc#3c#c‚Ããscs“cƒc#3c#c‚Ã"ã““c#33c#ƒ3SVRÓRÅ6öÇ–3–s“s“ã"ãõ32ÅG'VRÅG'VP¥6öÇ–3–s“ƒ#ÄC6s#CcôÕT£…óbÂÓãc##c“3CscSƒ3s2ÅG'VRÂÓãc##cSs33“ƒƒ#ÃãS3#CƒƒCS#&RÓÃ’ãcSC“c#33S3–RÓÂÂÂÂÂÅG'VRÄfÇ6P¥6öÇ–3–s“ƒ3ÅWF–FövÇ–6â&–æF–ærFöÖ–â6öçF–æ–ær&÷FV–â•##CsrWF–FövÇ–6â&–æF–ærÖÆ–¶RÃã#c3“#scƒƒscSRÅG'VRÂÂÂÂÂÂÂÂÄfÇ6RÄfÇ6P¥6öÇ–3–s“ƒCÂ$vÇWFF†–öæRÖF—7VÆf–FR&VGV7F6R•#c3#BvÇWFF†–öæR&VGV7F6RÂÆçB"Ãã#CS#C“scS#S“2ÅG'VRÂÂÂÂÂÂÂÂÄfÇ6RÄfÇ6P¥6öÇ–3–s““ÄU"ÇVÖVâ&÷FV–â&WF–æ–ær&V6WF÷"•#32U"ÇVÖVâ&÷FV–â&WF–æ–ær&V6WF÷"ÂÓã#c3C3c#“sƒ#“CrÅG'VRÂÓã#Ccc#ƒscsSÃrã3sc#SS3ƒ#sƒ–RÓÃ2ãƒ“sƒsC3Sc333vRÓ’ÂÂÂÂÂÅG'VRÄfÇ6P¥6öÇ–3–s““3Â%V&—V—F–â6&&÷‡–Â×FW&Ö–æÂ‡–G&öÆ6R•#3“BWF–F6R3’ÂV&—V—F–â6&&÷‡–Â×FW&Ö–æÂ‡–G&öÆ6R""ÂÓã“C33Ss#“SBÅG'VRÂÂÂÃ"ãÃãcƒcSsSCc#“cCƒ"ÃãcƒcSsSCc#“cCƒ"ÃãCS3“#cs#c33cRÅ6öÇ–3–s““3ã"ãõ3SsSµ3SsbÄfÇ6RÅG'VP¥6öÇ–3–s““sÂ$äBÖ&–æF–ærFöÖ–âB&÷FV–â•#“’7Vv"çV6ÆV÷F–FRW–ÖW&6R–f4‚ÂWFF—fR"ÃãSC#Cƒƒ#cC3’ÅG'VRÂÂÂÂÂÂÂÂÄfÇ6RÄfÇ6P¥6öÇ–3–s““ƒÂ$âÖÇ†Ö6WG–ÇG&ç6fW&6R3ÂæD26FÇ—F–27V'Væ—B•#ƒ"t4ãR×&VÆFVBâÖ6WG–ÇG&ç6fW&6R"ÂÓã#3SCS##c3“CsS’ÅG'VRÂÂÂÂÂÂÂÂÄfÇ6RÄfÇ6P¥6öÇ–3–s“#CÅWF–FRÔâƒB’Ò„âÖ6WG–ÂÖ&WFÖvÇV6÷6Ö–ç–Â–7&v–æRÖ–F6R•#ƒ““rT"FöÖ–âÃã3CC3Csƒ3sCscRÅG'VRÂÂÂÂÂÂÂÂÄfÇ6RÄfÇ6P¥6öÇ–3–s“#sÅD$3FöÖ–âfÖ–Ç’ÖVÖ&W"2•#“R&$tõD$2ÂÓãc##ssƒsCSC33RÅG'VRÂÂÂÂÂÂÂÂÄfÇ6RÄfÇ6P¥6öÇ–3–s“#ƒÃS2&–&÷6öÖÂ&÷FV–âÃtR•#C3‚&–&÷6öÖÂ&÷FV–âÃtUôÃ3Uõ3&UôvFCCRÂÓãƒcc“ƒsc#sSc‚ÅG'VRÂÓãƒccCƒƒSƒC###ccrÃrã“s#ScSCƒƒcRÓÃRãCS“c#“S#ƒƒC–RÓÂÂÂÂÂÅG'VRÄfÇ6P¥6öÇ–3–s“#“Â#S2&–&÷6öÖÂ&÷FV–âÃ2•#Sƒ#2&–&÷6öÖÂ&÷FV–âÃ2Â&7FW&–Â×G—R"ÂÓã33ƒsƒ3“s3#ssccƒƒRÅG'VRÂÂÂÂÂÂÂÂÄfÇ6RÄfÇ6P¥6öÇ–3–s“#ÄÆ–v‡B&VwVÆFVB&÷FV–âÖÆ–¶R&÷FV–â•#“ƒSbÆ–v‡B&VwVÆFVBÆ—#ÂÓãs#3cCcsƒcCS3ƒBÅG'VRÂÓãs#3Sƒsƒ“SsC#RÃ"ã“cs#s##cVRÓrÃ‚ãƒƒ3S#33“SVRÓrÂÂÂÂÂÅG'VRÄfÇ6P¥6öÇ–3–s“##ÄÆ¶Æ–æR‡—Fö6W&Ö–F6R•#ƒ“Æ¶Æ–æR‡—Fö6W&Ö–F6RÃãSƒssc#“cƒ“3"ÅG'VRÂÂÂÂÂÂÂÂÄfÇ6RÄfÇ6P¥6öÇ–3–s“#3Â%7V7&÷6R†÷7†FR7–çF†6R•##ƒ’7V7&÷6R†÷7†FR7–çF†6RÂÆçB"ÂÓã““c3s““SCƒ#ssBÅG'VRÂÓã#cƒSCScCCc‚ÃãƒSCs“sƒ3c#&RÓÃ’ã“cc“ƒƒCc†RÓÃ‚ãÃã“SC“sCƒC“s3ƒ’Ãã“SC“sCƒC“s3ƒ’Ã2ãCƒSCccƒs3cSs–RÓrÅ6öÇ–3–s“#3ã"ãõ3#sµ33µ6öÇ–3–s“#3ã"ãõ33µ6öÇ–3–s“#3ã"ãõ33µ3Csµ6öÇ–3–s“#3ã"ãõ3Csµ6öÇ–3–s“#3ã"ãõ3c“’ÅG'VRÅG'VP¥6öÇ–3–s“#CÄÖWF‡–ÇG&ç6fW&6R•#3#bÖWF‡–ÇG&ç6fW&6RG—RÂÓãSc“3c3SCsCƒsbÅG'VRÂÂÂÂÂÂÂÂÄfÇ6RÄfÇ6P¥6öÇ–3–s“#cÂ$&WFÖvÆ7F÷6–F6R•#“CBvÇ–6÷6–FR‡–G&öÆ6RÂfÖ–Ç’3R"Ãã#s“SScc3cƒ““3rÅG'VRÂÂÂÂÂÂÂÂÄfÇ6RÄfÇ6P¥6öÇ–3–s“##CÅ6ÖÆÂ7V'Væ—B&ö6W76öÖR6ö×öæVçB#†öÖöÆör•#C3F÷vâ×&VwVÆFVB–âÖWF7F6—2ÂÓã##S#cC#SSsc2ÅG'VRÂÂÂÂÂÂÂÂÄfÇ6RÄfÇ6P¥6öÇ–3–s“##SÄvVæöÖ–2Dä6‡&öÖ÷6öÖR2$26ÆöæRcDó2•##“‚f–ÆÖ–åô%#ƒ&WVBÂÓãs“3#s3#c#“ƒ‚ÅG'VRÂÂÂÃBãÃãSs#3C#C“sBÃãSs#3C#C“sBÃãcS#ƒcƒ#C“#bÅ6öÇ–3–s“##Sã"ãõ3S3ƒµ3SCµ6öÇ–3–s“##Sã"ãõ3s#Sµ3s#sµ3sƒsµ3sƒ“µ6öÇ–3–s“##Sã"ãõ3sSCµ3sScµ6öÇ–3–s“##Sã"ãõ3ƒSrÄfÇ6RÅG'VP¥6öÇ–3–s“##sÄ‡–G&÷‡–6–ææÖ÷–ÂÔ6ô6†–¶–ÖFU÷V–æFR‡–G&÷‡–6–ææÖ÷–ÂG&ç6fW&6R•#3CƒG&ç6fW&6RÂÓã#CcS3Cƒ3sS#"ÅG'VRÂÂÂÂÂÂÂÂÄfÇ6RÄfÇ6P¥6öÇ–3–s“#33ÄäBFWVæFVçBW–ÖW&6UöFV‡–G&F6RfÖ–Ç’&÷FV–âW‡&W76VBÖ&–æF–ærFöÖ–âÂÓ"ãƒƒCC““##ccbÅG'VRÂÓ"ãƒƒ#C3“#3““Cc"ÃãcSC#Sƒcƒc“RÓBÃBã“cs#Cs“CSc&RÓ2ÂÂÂÂÂÅG'VRÄfÇ6P¥6öÇ–3–s“#3ƒÄFVæ÷7–Æ†öÖö7—7FV–æ6R•#C22ÖFVæ÷7–ÂÔÂÖ†öÖö7—7FV–æR‡–G&öÆ6RÃãc“#“CƒcSCcCc“3rÅG'VRÃãcƒƒCS3cS3sCƒc2Ã"ã##ƒSc3ƒ3ƒ3RÓRÃãCC33#c#ƒSFRÓ2ÃãÃãsCsc3“c##S“3ÂÓãsCsc3“c##S“3Ãrãss33C36RÓbÅ6öÇ–3–s“#3ƒã"ãõCƒrÅG'VRÅG'VP¥6öÇ–3–s“#3“ÄFVæ÷7–Æ†öÖö7—7FV–æ6R•#C22ÖFVæ÷7–ÂÔÂÖ†öÖö7—7FV–æR‡–G&öÆ6RÂÓãcCc#ƒƒScs#3ƒCsC‚ÅG'VRÂÓãcC#ƒCcƒ#c##ƒ“ƒrÃã#ƒc“3C“csƒ3RÓrÃ2ãs“3s“3S“ƒSvRÓrÂÂÂÂÂÅG'VRÄfÇ6P¥6öÇ–3–s“#C3Å6VÆVæ—VÒ&–æF–ær&÷FV–â•#ƒƒ#b6VÆVæ—VÒÖ&–æF–ær&÷FV–âÂÓãSsc3ƒcƒsƒ#cS3C3"ÅG'VRÂÓãSscc3ƒƒsƒ“sƒƒ"ÃbãSc3CcS3sƒvRÓbÃBãƒ“Sc“sSsSc6RÓBÂÂÂÂÂÅG'VRÄfÇ6P¥6öÇ–3–s“#CSÄÆöærÖ6†–âÖfGG’Ö6–B6ôÆ–v6R•#ƒs2ÕÖFWVæFVçB7–çF†WF6RæBÆ–v6RÂÓãs3S“Sƒ3“C3“#“ƒ’ÅG'VRÂÓãs3c333c3c3ccS"ÃBã“3sCc“SCcƒƒ6RÓ"ÃRãCCcƒCƒS“c“cc&RÓÂÂÂÂÂÅG'VRÄfÇ6P¥6öÇ–3–s“#CƒÅTEÖvÇV6÷7–ÇG&ç6fW&6RfÖ–Ç’&÷FV–â•###2TEÖvÇV7W&öæ÷7–ÅõTEÖvÇV6÷7–ÇG&ç6fW&6RÃã#ƒSss3#cC3#3BÅG'VRÂÂÂÂÂÂÂÂÄfÇ6RÄfÇ6P¥6öÇ–3–s“#SÅTEÖvÇV6÷7–ÇG&ç6fW&6RfÖ–Ç’&÷FV–â•###2TEÖvÇV7W&öæ÷7–ÅõTEÖvÇV6÷7–ÇG&ç6fW&6RÃã#cs“#Cƒs3#sƒƒRÅG'VRÃã#cssSƒcƒscc3ƒ‚Ãã##ƒS3““C“&RÓ2Ã"ã3ƒSC3Cs“SSƒ&RÓ"ÂÂÂÂÂÅG'VRÄfÇ6P¥6öÇ–3–s“#S3ÅF–3#"•#s3s‚F–3#"ÖÆ–¶RÂÓãC3SSCsƒ#SSscSÅG'VRÂÂÂÂÂÂÂÂÄfÇ6RÄfÇ6P¥6öÇ–3–s“#SSÄ‡—÷F†WF–6Â6ÇBÖ–æGV6–&ÆR&÷FV–â„g&vÖVçB’ÂÓãƒ#SCc#ƒc3c3“’ÅG'VRÂÓãƒ#CcC3##3“SC3bÃ"ãs#Sscƒ“ƒCcfRÓBÃrãƒƒ“CsSsƒ†RÓ2Ã’ãÃã#“ƒƒssƒS33ssCcÃã#“ƒƒssƒS33ssCcÃ"ãcSC3ƒcc#3ƒSRÓ‚Å6öÇ–3–s“#SSã"ãõ3#µ6öÇ–3–s“#SSã"ãõ3#µ3Sµ6öÇ–3–s“#SSã"ãõ3#ƒ“µ6öÇ–3–s“#SSã"ãõ333µ6öÇ–3–s“#SSã"ãõ33s#µ6öÇ–3–s“#SSã"ãõ33“#µ6öÇ–3–s“#SSã"ãõ33“ƒµ6öÇ–3–s“#SSã"ãõ3sµ6öÇ–3–s“#SSã"ãõ3sC#µ6öÇ–3–s“#SSã"ãõ3sSCµ6öÇ–3–s“#SSã"ãõ3ƒƒSµ6öÇ–3–s“#SSã"ãõ3“3ƒµ6öÇ–3–s“#SSã"ãõ3““µ6öÇ–3–s“#SSã"ãõC33cµ6öÇ–3–s“#SSã"ãõCƒƒÅG'VRÅG'VP¥6öÇ–3–s“#csÄ7—Fö6‡&öÖRCSÂÓã#33“cs3C“‚ÅG'VRÂÓã#3““Cc3#3SSƒ"Ã"ã#SS#ƒ“ƒƒƒ#3SCRÓ"Ã"ãcs#ccƒƒs#ƒ†RÓÂÂÂÂÂÅG'VRÄfÇ6P¥6öÇ–3–s“#cƒÅ&÷FV–âG&ç7÷'B&÷FV–â6V3#2•#cƒ“b6V3#5õ6V3#BG'Væ²&Vv–öâÃã3SƒsSCscs#CC3rÅG'VRÂÂÂÂÂÂÂÂÄfÇ6RÄfÇ6P¥6öÇ–3–s“sssÄ6VÆÂvÆÂ&÷FV–â•#ƒvÇ–6–æR&–6‚ÂÓã“csC#SssƒSC"ÅG'VRÂÓãƒs“ccs“CsSC#ƒc"Ãã#“S3Sƒ#cƒ2Ãã##ƒSƒ“ƒ3“rÂÂÂÂÂÅG'VRÄfÇ6P¥6öÇ–3–s“ssƒÄvÇ–6–æR×&–6‚&÷FV–â•#ƒvÇ–6–æR&–6‚ÂÓã#ƒ3#sCCcc“rÅG'VRÂÓã33S3ƒ“ƒsSƒc’Ã2ãc#sƒS#3ƒ33fRÓbÃrã“ssƒ3#33cc“6RÓbÂÂÂÂÂÅG'VRÄfÇ6P¥6öÇ–3–s“sƒ#ÄEFWVæFVçB$ä†VÆ–66R•#s’&Vv–öâöbVæ¶æ÷vâgVæ7F–öâETccRÂÓã3c#333SscCS‚ÅG'VRÂÂÂÂÂÂÂÂÄfÇ6RÄfÇ6P¥6öÇ–3–s“sƒSÄ7—7FV–æR&÷FV–æ6R–æ†–&—F÷"•##ƒƒRVçFG&–6÷WF–FR&WVBÃãƒC“3#3ssC“BÅG'VRÃã“s“CcSCccƒƒcrÃBã““SSc“ssfRÓÃ"ã#c#3ScScCSSSRÓ’ÂÂÂÂÂÅG'VRÄfÇ6P¥6öÇ–3–s“sƒƒÂ$DäF÷ö—6öÖW&6R•#3ƒDäF÷ö—6öÖW&6RÂG—R”Â6÷&R"ÂÓã3cƒCCƒs#SC33BÅG'VRÂÂÂÂÂÂÂÂÄfÇ6RÄfÇ6P¥6öÇ–3–s“s“Å&2×&VÆFVB&÷FV–â&"Ó#R•#SS“R&#×&VÆFVBÂÓã“#“#sSƒSCCƒ"ÅG'VRÂÓã“3S““SsSc33rÃ2ãƒ“sCcCCcfRÓÃ"ã“3SC““cs#cCFRÓÃ"ãÃã3ScsC33S“2Ãã3ScsC33S“2ÃBã#“c3c“ƒssCVRÓ’Å6öÇ–3–s“s“ã"ãõ3ƒcµ6öÇ–3–s“s“ã"ãõ3ƒcµ3“"ÅG'VRÅG'VP¥6öÇ–3–s“s“Â%öÇ—&–&öçV6ÆV÷F–FRçV6ÆV÷F–G–ÇG&ç6fW&6R•#3#’&–&÷6öÖÂ&÷FV–â3Â$ä&–æF–ærFöÖ–â"ÂÓã“Cƒ3#ƒ“sscs#“CÅG'VRÂÓã“S##“CCs“#ÃBãs3SSSCsƒ6RÓ’Ããsc#“SsƒScC3ƒ“RÓ‚ÂÂÂÂÂÅG'VRÄfÇ6P¥6öÇ–3–s“s“sÄÆFõö¶WFò&VGV7F6RfÖ–Ç’&÷FV–â•#3“RÆFõö¶WFò&VGV7F6RÂÓãC#sC“sSsƒ““2ÅG'VRÂÂÂÂÂÂÂÂÄfÇ6RÄfÇ6P¥6öÇ–3–s“ƒCÅ†÷7†övÇV6âvFW"F–¶–æ6R•#3sƒ2–Ö×VæövÆö'VÆ–âÖÆ–¶RföÆBÂÓã3ssSc3S3c3S2ÅG'VRÂÂÂÂÂÂÂÂÄfÇ6RÄfÇ6P¥6öÇ–3–s“ƒsÄæV7&÷F–27÷GFVBÆW6–öç2„g&vÖVçB’•#ƒc"ÖVÖ'&æRGF6²6ö×ÆW‚6ö×öæVçE÷W&f÷&–åö6ö×ÆVÖVçB3’Ããc#SCcSƒ3“#SC‚ÅG'VRÃãc#C“SƒS##cSc“c‚Ã2ãs33“3ƒScsC“3SFRÓ‚Ãã#S“3#sSC“CS6RÓrÃ"ãÃãsc3c“c“““BÃãsc3c“c“““BÃã#C““3S3sSscVRÓbÅ6öÇ–3–s“ƒsã"ãõ3##µ6öÇ–3–s“ƒsã"ãõCSrÅG'VRÅG'VP¥6öÇ–3–s“ƒ“ÄÆFõö¶WFò&VGV7F6R•#3“RÆFõö¶WFò&VGV7F6RÂÓã#C3“sCC#c#“RÅG'VRÂÂÂÂÂÂÂÂÄfÇ6RÄfÇ6P¥6öÇ–3–s“ƒÂ$62Öæ'2ÖÇ'"Â&W6—7Fæ6R&÷FV–â"ÂÓãƒSsC###ƒ3cs#‚ÅG'VRÂÂÂÂÂÂÂÂÄfÇ6RÄfÇ6P¥6öÇ–3–s“ƒCÅVæ¶æ÷vâ&÷FV–âÃãS3ƒ““CCƒSƒ3“rÅG'VRÂÂÂÂÂÂÂÂÄfÇ6RÄfÇ6P¥6öÇ–3–s“ƒSÂ$ÖWF676Rr•#cWF–F6R3BÂ676R6FÇ—F–2"Ãã#ƒ3#cS3C“SC“#bÅG'VRÂÂÂÃãÃã#SCSs““cCS#SC2Ãã#SCSs““cCS#SC2ÃBãSscC3s#Cs#“SFRÓrÅ6öÇ–3–s“ƒSã"ãõ3ƒRÄfÇ6RÅG'VP¥6öÇ–3–s“ƒsÅ&2×&VÆFVB&÷FV–â&"Ó#R•#SS“R&#×&VÆFVBÂÓã3##cƒS#Ssc3“BÅG'VRÂÂÂÃBãÃã#ƒCscc“ƒ“ƒCs‚Ãã#ƒCscc“ƒ“ƒCs‚Ã"ã#s3s3““c“3“#FRÓ‚Å6öÇ–3–s“ƒsã"ãõ3ƒcµ6öÇ–3–s“ƒsã"ãõ3“"ÄfÇ6RÅG'VP¥6öÇ–3–s“ƒ#3Â$EÖFWVæFVçBDä†VÆ–66R"7V'Væ—BµSs•#ccRDä†VÆ–66RÂEÖFWVæFVçBÂ·Ss7V'Væ—B"ÂÓã#scƒ3ƒƒ###cRÅG'VRÂÂÂÂÂÂÂÂÄfÇ6RÄfÇ6P¥6öÇ–3–s“ƒ#CÄ–×÷'F–âÓr„–×r’…&âÖ&–æF–ær&÷FV–âr’…&ä%r’•#“ƒ’&ÖF–ÆÆòÖÆ–¶R†VÆ–6ÂÂÓãƒC3ƒcs#Scsƒ#ƒBÅG'VRÂÓãƒCSS#sSss#c#“crÃRãS“s3Ss#ƒC3–RÓÃBã3ƒ“3#ƒCSƒ“&RÓÃãÃãsƒc#CS#scc““3cRÃãsƒc#CS#scc““3cRÃã“3“ƒ3“cSÅ6öÇ–3–s“ƒ#Cã"ãõCƒrÅG'VRÅG'VP¥6öÇ–3–s“ƒ#ƒÄWV¶'–÷F–2G&ç6ÆF–öâ–æ—F–F–öâf7F÷"27V'Væ—B2•#SSRÖ÷c3EôÕåõBÓÂÓã33ss3“#Sƒ3##S“3BÅG'VRÂÂÂÂÂÂÂÂÄfÇ6RÄfÇ6P¥6öÇ–3–s“ƒ#“Â%&V6WF÷"Æ–¶R¶–æ6RÂ$Ä²"ÂÓãƒCS“sc3SccƒsƒÅG'VRÂÓãƒCcƒ3“ss#“ƒ“CSrÃãs#Cssƒ3#svRÓ’Ã‚ãs33SS#S“sfRÓ’ÃãÃãƒ#c3#ƒC3ƒ3Sƒ’ÂÓãƒ#c3#ƒC3ƒ3Sƒ’ÃãsS3s3cSƒScss“vRÓbÅ6öÇ–3–s“ƒ#“ã"ãõ3sÅG'VRÅG'VP¥6öÇ–3–s“ƒ3CÄ7'F–2&÷FV–æ6RÖÆ–¶R&÷FV–â"•#CcWF–F6RÃã3S#CS“sCƒSCbÅG'VRÂÂÂÂÂÂÂÂÄfÇ6RÄfÇ6P¥6öÇ–3–s“ƒ3cÅ&–&÷6öÖR&–övVæW6—2&÷FV–âå4"•#Cr&–&÷6öÖÂ&÷FV–â3†RÂÓãScsc##ƒsCcƒS"ÅG'VRÂÂÂÂÂÂÂÂÄfÇ6RÄfÇ6P¥6öÇ–3–s“ƒS#ÄçV6ÆV÷F–FR×7Vv"G&ç7÷'FW"TEâÖ6WG–ÆvÇV6÷6Ö–æRÖÆ–¶R6–væÂWF–FR’÷"Ö÷&RG&ç6ÖVÖ'&æRFöÖ–ç2„g&vÖVçB’•#s#sçV6ÆV÷F–FR×7Vv"G&ç7÷'FW"ÂÓã#““3ƒ3sSƒ3“Cƒ2ÅG'VRÂÂÂÂÂÂÂÂÄfÇ6RÄfÇ6P¥6öÇ–3–s“ƒSCÂ$6†—F–æ6RÖÆ–¶R&÷FV–â•#s#bvÇ–6÷6–FR‡–G&öÆ6RÂfÖ–Ç’’Â6FÇ—F–2"ÂÓ"ãsS““sSC#sCsbÅG'VRÂÓ"ãsc#ƒCS3CssBÃ’ãsƒCƒs#“ƒSS#&RÓ‚Ã"ãc3S3“#CSsC3#fRÓRÂÂÂÂÂÅG'VRÄfÇ6P¥6öÇ–3–s“ƒSSÅT%‚FöÖ–âÖ6öçF–æ–ær&÷FV–â•#"T%‚ÂÓãCC3##ƒcƒ3CsbÅG'VRÂÂÂÃãÃãcs#“#Cs#ƒ3S32Ããcs#“#Cs#ƒ3S32ÃãSsC“SS3CS32Å6öÇ–3–s“ƒSSã"ãõ33“bÄfÇ6RÅG'VP¥6öÇ–3–s“ƒScÅ7W'f—fÂÖ÷F÷"æWW&öâ6öçF–æ–ær&÷FV–â•#s#"7W'f—fÂÖ÷F÷"æWW&öâ–çFW&7F–ær&÷FV–âÂÓã3C33c“Ss#ssCc’ÅG'VRÂÂÂÂÂÂÂÂÄfÇ6RÄfÇ6P¥6öÇ–3–s“ƒSƒÄuE—&÷†÷7†ö¶–æ6R•#scƒR&VÄõ7õBÃãƒS3sƒƒs“s3c#‚ÅG'VRÂÂÂÂÂÂÂÂÄfÇ6RÄfÇ6P¥6öÇ–3–s“ƒS“Â%7V7&÷6R7–çF†6R•##ƒ#7V7&÷6R7–çF†6RÂÆçG2æB7–æö&7FW&–•#3c‚7V7&÷6R7–çF†6R"ÂÓãCCc3C#CS“#c2ÅG'VRÂÂÂÂÂÂÂÂÄfÇ6RÄfÇ6P¥6öÇ–3sSSÂ%F‡–Æ¶ö–BÖVÖ'&æR†÷7†÷&÷FV–âB´FÂ6†Æ÷&÷Æ7F–2"ÂÓã“csC#SSCcsS““BÅG'VRÂÓã“#c#“cS“ƒsc‚Ã2ãƒƒ#cƒc##ƒcvRÓ‚Ãã#sƒ#CS#CCFRÓrÂÂÂÂÂÅG'VRÄfÇ6P¥6öÇ–3sScÂ$òÖÖWF‡–ÇG&ç6fW&6RÖÆ–¶R&÷FV–â•#cCcòÖÖWF‡–ÇG&ç6fW&6RÂ4ôÕBÂWV¶'–÷F"ÂÓãCsƒCSƒsƒ““sSs"ÅG'VRÂÂÂÂÂÂÂÂÄfÇ6RÄfÇ6P¥6öÇ–3sSÅ6ÇB7G&W72&ö÷B&÷FV–â%3•#ƒCc’E$UÆ6ÖÖVÖ'&æRöÇ—WF–FRÃã3cƒcƒ“s“s“#“3RÅG'VRÂÂÂÃ2ãÃãƒ“cc#ƒsC3#BÂÓãƒ“cc#ƒsC3#BÃãƒ3“ScƒSsƒ&RÓrÅ6öÇ–3sSã"ãõ3bÄfÇ6RÅG'VP¥6öÇ–3sSÄ6÷&÷÷'‡—&–æövVâ””’÷†–F6RW&ö&–2•##c6÷&÷÷'‡—&–æövVâ””’÷†–F6RÃãsƒC3“3sƒC3ƒ‚ÅG'VRÃãsƒCS3ƒS“cCƒc"ÃãCCCSsCss“#s6RÓ"ÃãC#ƒ“C“ScsC6RÓÂÂÂÂÂÅG'VRÄfÇ6P¥6öÇ–3sSƒÄvVæöÖ–2Dä6‡&öÖ÷6öÖRRD26ÆöæR³T3#2ÂÓã#SSC#sƒC“C3CbÅG'VRÂÂÂÂÂÂÂÂÄfÇ6RÄfÇ6P¥6öÇ–3sS#3ÅVæ¶æ÷vâ&÷FV–âÂÓãc#CscCSƒ3“C“bÅG'VRÂÓãc##ƒ3cSC““2Ã’ã“ƒƒ3c#s“ssfRÓRÃãs3#33cc“sƒ3SS2ÂÂÂÂÂÅG'VRÄfÇ6P¥6öÇ–3sS#cÂ%$ä&–æF–ær&÷FV–âCR•##csrçV6ÆV÷F–FRÖ&–æF–ærÂÇ†Ö&WFÆ—B"ÂÓã33ss3ƒƒS“ƒƒƒ2ÅG'VRÂÂÂÂÂÂÂÂÄfÇ6RÄfÇ6P¥6öÇ–3sS#ƒÅVçFG&–6÷WF–FR&WVBÖ6öçF–æ–ær&÷FV–â•##ƒƒRVçFG&–6÷WF–FR&WVBÂÓã#“c#SsC“c“3“3RÅG'VRÂÂÂÂÂÂÂÂÄfÇ6RÄfÇ6P¥6öÇ–3sS3ÄFVæ÷6–æRFVÖ–æ6RÖÆ–¶R&÷FV–â…&VF–7FVB’•#3cRFVæ÷6–æUôÕFVÖ–æ6RÂÓãc3cCSCc#Sscsƒ"ÅG'VRÂÓãcC3scƒƒ33“SrÃ‚ãƒsSƒsƒsƒƒVRÓBÃãs“#ƒ“sCcc3†RÓ"ÂÂÂÂÂÅG'VRÄfÇ6P¥6öÇ–3sS3sÂ%—'WfFRÂ†÷7†FRF–¶–æ6R&VwVÆF÷'’&÷FV–â"•#Ssr&÷FV–âöbVæ¶æ÷vâgVæ7F–öâETc#“’"Ãã3ƒ3cƒCƒ“ƒSSs#BÅG'VRÂÂÂÃRãÃãs“ƒCSSCSC3#Ss’Ããs“ƒCSSCSC3#Ss’Ã’ãcSssssƒƒRÓ’Å6öÇ–3sS3sã"ãõ3“µ3#µ6öÇ–3sS3sã"ãõ3C#µ6öÇ–3sS3sã"ãõ3s3µ3sSµ6öÇ–3sS3sã"ãõ3s3µ3sSµ3s’ÄfÇ6RÅG'VP¥6öÇ–3sSCsÅVæ¶æ÷vâ&÷FV–âÂÓãC“c3#ƒCƒcSC3SRÅG'VRÂÂÂÂÂÂÂÂÄfÇ6RÄfÇ6P¥6öÇ–3sSC“Â%&÷FV–â7G&v&W''’æ÷F6‚†öÖöÆör•#“sƒr¦–æ2f–ævW"Â„BÖf–ævW""ÂÓãS#ƒ#“#SCCƒƒcRÅG'VRÂÂÂÂÂÂÂÂÄfÇ6RÄfÇ6P¥6öÇ–3sSSÄvÇ–6W&ÆFV‡–FRÓ2×†÷7†FRFV‡–G&övVæ6R•#s2vÇ–6W&ÆFV‡–FR2×†÷7†FRFV‡–G&övVæ6RÃãC3ƒ3ƒƒ3sSƒcƒS“bÅG'VRÂÂÂÂÂÂÂÂÄfÇ6RÄfÇ6P¥6öÇ–3sSS3ÄçV6ÆV"6Ö&–æF–ær&÷FV–â7V'Væ—B•#c#B&ÖF–ÆÆò×G—RföÆBÂÓã3#sSƒ#ƒS“3S#3#ƒbÅG'VRÂÂÂÂÂÂÂÂÄfÇ6RÄfÇ6P¥6öÇ–3sSScÄ&’×V&—V—F–â•#““SbV&—V—F–â7V&w&÷WÂÓãC“SS“s“3#Sss’ÅG'VRÂÂÂÂÂÂÂÂÄfÇ6RÄfÇ6P¥6öÇ–3sSSƒÄ÷36scS“ƒ&÷FV–â„g&vÖVçB’ÂÓã3cs#S##S“sss#2ÅG'VRÂÂÂÂÂÂÂÂÄfÇ6RÄfÇ6P¥6öÇ–3sSS“Â$çV6ÆV"6Ö&–æF–ær&÷FV–â7V'Væ—B"•##csrçV6ÆV÷F–FRÖ&–æF–ærÂÇ†Ö&WFÆ—B"ÂÓãCc3CCC“sƒScs3CcbÅG'VRÂÂÂÃ2ãÃãcC“cscc#CcÃãcC“cscc#CcÃã#3ƒssCSC#“CfRÓbÅ6öÇ–3sSS“ã"ãõ3#Sƒµ6öÇ–3sSS“ã"ãõ3s‚ÄfÇ6RÅG'VP¥6öÇ–3sSc#ÄdBFWVæFVçB÷†–F÷&VGV7F6R•##“3rÖ–æR÷†–F6RÂÓãsCSSs3SSÅG'VRÂÓãsCSsS3“3S#“SC3’Ãã“sSS#ƒSc#cS“FRÓrÃRãS“3c3s“sc“FRÓrÂÂÂÂÂÅG'VRÄfÇ6P¥6öÇ–3sScSÅW&÷†—6öÖÂF&vWF–ær6–væÂ&V6WF÷"•#““FWG&G&–6÷WF–FRÖÆ–¶R†VÆ–6ÂÃãSC#s3ƒ3SC2ÅG'VRÂÂÂÂÂÂÂÂÄfÇ6RÄfÇ6P¥6öÇ–3sSccÄ4õ’6–væÆ÷6öÖR7V'Væ—Bb•#SSRÖ÷c3EôÕåõBÓÃã##ss#S3#ƒsSS“bÅG'VRÂÂÂÃãÃãƒcc#“cCCS3Sƒ“’Ããƒcc#“cCCS3Sƒ“’ÃBã“Cs3“ss##CvRÓbÅ6öÇ–3sSccã"ãõ3#C‚ÄfÇ6RÅG'VP¥6öÇ–3sScsÅ&VwVÆF÷"öb&–&öçV6ÆV6R7F—f—G’•#SC“2&–&öçV6ÆV6RR–æ†–&—F÷"'&ôF–ÖWF‡–ÆÖVæV–æöæRÖWF‡–ÇG&ç6fW&6RÃãCS“S“3“Cs2ÅG'VRÂÂÂÂÂÂÂÂÄfÇ6RÄfÇ6P¥6öÇ–3sSsSÄ6Æ6—VÒÖFWVæFVçB&÷FV–â¶–æ6R•#““"TbÔ†æBG—RÂÓãƒSƒSSSCCƒcs3"ÅG'VRÂÂÂÂÂÂÂÂÄfÇ6RÄfÇ6P¥6öÇ–3sSssÅ&–&÷6öÖÂ&÷FV–â3b¶–æ6RÇ†Ó2•###“6W&–æU÷F‡&Vöæ–æR&÷FV–â¶–æ6RÂÓãcc3sc3cƒ“SÅG'VRÂÂÂÃãÃãsCsC“CsSc““#S2ÃãsCsC“CsSc““#S2ÃrãccSsS#C##3scVRÓrÅ6öÇ–3sSssã"ãõ3sÄfÇ6RÅG'VP¥6öÇ–3sSsƒÄæV–v†&÷"öb4õƒB•#S3cbVæ6†&7FW&—6VB&÷FV–âfÖ–Ç’Ucs"ÂÓãCC#Ss##ccBÅG'VRÂÂÂÂÂÂÂÂÄfÇ6RÄfÇ6P¥6öÇ–3sSs“ÄvVæöÖ–2Dä6‡&öÖ÷6öÖRR6ÆöæRÕ”ã#ÂÓã“s3“C##ƒcSƒ“rÅG'VRÂÓã“#c##CsCƒcccSƒbÃãCƒs“ƒ#S3CvRÓ‚ÃBãCƒ#“ScsƒVRÓ‚ÃãÃãƒ#C“csCCs#ssbÃãƒ#C“csCCs#ssbÃã““#SsƒCcs“RÓRÅ6öÇ–3sSs“ã"ãõ3CÅG'VRÅG'VP¥6öÇ–3sSƒÄ5t3R†öÖöÆör•#c“s27vcUô7v3R6VÆÂ7–6ÆR6öçG&öÂ&÷FV–âÂÓã#c#ƒssS#“#cÅG'VRÂÂÂÂÂÂÂÂÄfÇ6RÄfÇ6P¥6öÇ–3sSƒÄf&æW7–Â—&÷†÷7†FR7–çF†6R•#ƒ“C’FW'Væö–B7–çF†6RÂÓã#c3#CsC3s3#2ÅG'VRÂÓã#cCƒs3ƒƒsƒƒ“ccrÃ"ãc“#cc3##ƒFRÓ"Ã2ã3s3ƒ““FRÓÂÂÂÂÂÅG'VRÄfÇ6P¥6öÇ–3sSƒ#Äf&æW7–Â—&÷†÷7†FR7–çF†6R•#ƒ“C’FW'Væö–B7–çF†6RÂÓãcC#sƒƒsƒ#S3C#2ÅG'VRÂÓãc3ƒ“cCƒƒcS3“rÃãs###3csƒs3“–RÓ‚ÃBã“3c““ƒ““c#cvRÓ‚ÂÂÂÂÂÅG'VRÄfÇ6P¥6öÇ–3sSƒ3Ä†öÖ÷6W&–æRFV‡–G&övVæ6RÖÆ–¶RÂÓã3“SCc#S“ƒƒcSscsCbÅG'VRÂÂÂÂÂÂÂÂÄfÇ6RÄfÇ6P¥6öÇ–3sSƒSÄvVæöÖ–2Dä6‡&öÖ÷6öÖR26ÆöæRÔ¤ƒ#2•##"uuõ'7UõuuÂÓã#ƒC#3cc#CsbÅG'VRÂÂÂÂÂÂÂÂÄfÇ6RÄfÇ6P¥6öÇ–3sSƒsÂ%WF–G–Â×&öÇ–Â6—2×G&ç2—6öÖW&6R•#s’WF–G–Â×&öÇ–Â6—2×G&ç2—6öÖW&6RÂd´%×G—R"ÂÓãsScSC#““CƒC2ÅG'VRÂÓãsS#S3ƒƒc#3c‚Ã‚ã“s3cƒ3SSs#3RÓÃRãc3Cƒ“#3“ƒ†RÓÂÂÂÂÂÅG'VRÄfÇ6P¥6öÇ–3sSƒƒÅW&–F–æR¶–æ6R•#scBW&–F–æR¶–æ6RÂÓã““##cS#c“s#RÅG'VRÂÓã“3ƒCCcCS“CƒrÃBã3s#ssSsc#ƒc&RÓ"ÃBãcCƒ“CSSS“ƒƒC&RÓÂÂÂÂÂÅG'VRÄfÇ6P¥6öÇ–3sSƒ“Â$DäÖFÖvR–æGV6–&ÆR&÷FV–âDD“ÖÆ–¶R•#“2WF–F6R7'F–2ÂWV¶'–÷F–2&VF–7FVB"Ããcƒ3ƒcc“#ƒ3sSCbÅG'VRÂÂÂÃãÃãcCss33“ccCsbÃãcCss33“ccCsbÃãCCƒssC“#cVRÓbÅ6öÇ–3sSƒ“ã"ãõ33SBÄfÇ6RÅG'VP¥6öÇ–3sS“ÄvVæW&ÂG&ç67&—F–öâf7F÷"””‚7V'Væ—B•#3ƒ’¶VÆ6‚&VÆFVBÂÓãƒsCCc33ƒ3sƒ#C‚ÅG'VRÂÂÂÂÂÂÂÂÄfÇ6RÄfÇ6P¥6öÇ–3sS“#Â$Væ†æ6W"öbÕ$äÖFV6–ær&÷FV–âB•#s“ƒbtCC&WVBÂ&Vv–öâ"ÂÓã#““ƒcC“3“#“RÅG'VRÂÓã3s3CC“cbÃã“CsscƒcsSC#SVRÓ2Ã2ãC3CƒsCS“###†RÓ"ÃãÃãSs3#cs“C33sƒSƒrÃãSs3#cs“C33sƒSƒrÃRãCSƒƒsC“s#sFRÓÅ6öÇ–3sS“#ã"ãõ33µ3#sµ6öÇ–3sS“#ã"ãõ3#sµ6öÇ–3sS“#ã"ãõ3cƒsµ3ssµ6öÇ–3sS“#ã"ãõ3s#µ6öÇ–3sS“#ã"ãõ3s#µ3ssµ6öÇ–3sS“#ã"ãõ3ssµ6öÇ–3sS“#ã"ãõ3ƒSCµ6öÇ–3sS“#ã"ãõ3“cSµ6öÇ–3sS“#ã"ãõ3“sÅG'VRÅG'VP¥6öÇ–3sS“3Å†÷7†÷&–&÷7–ÂÔÕ7–6Æö‡–G&öÆ6R•##C“b†÷7†÷&–&÷7–ÂÔÕ7–6Æö‡–G&öÆ6RÃã#ƒ3ƒsSsC#3c’ÅG'VRÂÂÂÂÂÂÂÂÄfÇ6RÄfÇ6P¥6öÇ–3sS“SÄçVF—‚‡–G&öÆ6R"•#ƒbåTD•‚‡–G&öÆ6RFöÖ–âÂÓãsƒ“sCcS##RÅG'VRÂÓãsC3#c#cSscsƒƒ2Ãã#3cS33cSScƒ#CVRÓbÃ"ã“ƒCƒsS3sS#S“SFRÓbÂÂÂÂÂÅG'VRÄfÇ6P¥6öÇ–3sS“cÄf66–6Æ–âÖÆ–¶R&&–æövÆ7Fâ&÷FV–â•#sƒ"d3FöÖ–âÂÓãcƒs#cScC#SC3RÅG'VRÂÓãcƒs3ScS3“SscSSrÃ"ãƒs#SS3cC#c3fRÓÃãcƒsCSƒƒSƒ#s6RÓ’ÂÂÂÂÂÅG'VRÄfÇ6P¥6öÇ–3sS““ÅGVgFVÆ–â–çFW&7F–ær&÷FV–â•#Cƒ’GVgFVÆ–â–çFW&7F–ær&÷FV–âÂÓã#S#s33cƒ’ÅG'VRÂÂÂÂÂÂÂÂÄfÇ6RÄfÇ6P¥6öÇ–3scÄ6Æ6—VÒÖ7F—fFVB÷WGv&B×&V7F–g––ær÷F76—VÒ6†ææVÂ•#3“’–öâG&ç7÷'B"ÂÓã3“s#“3ƒƒ#Sƒ“2ÅG'VRÂÂÂÃ"ãÃãsSS“CCCƒcSCBÂÓãsSS“CCCƒcSCBÃãC3ƒ3#3cƒ“ƒƒ†RÓRÅ6öÇ–3scã"ãõ332ÄfÇ6RÅG'VP¥6öÇ–3sc#ÄÖ—Fö6†öæG&–Â–×÷'B–ææW"ÖVÖ'&æRG&ç6Æö66R7V'Væ—BF–ÓS•#C#sBäÄ’–çFW&7F–ærf7F÷"ÃãsCƒs3“ƒ“ƒrÅG'VRÂÂÂÂÂÂÂÂÄfÇ6RÄfÇ6P¥6öÇ–3sc3Â#32&–&÷6öÖÂ&÷FV–â3ÖÆ–¶R•#Ss3&–&÷6öÖÂ&÷FV–â3Â&7FW&–Â"ÂÓãcCss3“ssScc3cBÅG'VRÂÓãcCƒCCƒC““3ƒ“ƒc3"Ã2ã“C#CC##SsSƒCvRÓ’Ããcƒc“ƒCCƒ3#sRÓ‚ÂÂÂÂÂÅG'VRÄfÇ6P¥6öÇ–3scSÂ$†WFW&övVæV÷W2çV6ÆV"&–&öçV6ÆV÷&÷FV–â2•#SB$ä&V6övæ—F–öâÖ÷F–bÂ$åÓ"ÂÓãcc“sSs#ƒc“#CƒÅG'VRÂÓãccƒc##S3ƒsƒ3BÃ2ãCCS“Sƒc3“#“FRÓÃã“ƒ“3S3#“3SVRÓ’ÃRãÃãCCcC#cC#CsSSbÃãCCcC#cC#CsSSbÃãScC3#ƒsScC“CVRÓ’Å6öÇ–3scSã"ãõ3Sµ6öÇ–3scSã"ãõ3Sµ3Scµ6öÇ–3scSã"ãõ3Scµ6öÇ–3scSã"ãõ3“sµ6öÇ–3scSã"ãõ3#sCµ6öÇ–3scSã"ãõ33“µ6öÇ–3scSã"ãõ3Ssµ6öÇ–3scSã"ãõ3Sƒµ6öÇ–3scSã"ãõ3c#µ6öÇ–3scSã"ãõC#sbÅG'VRÅG'VP¥6öÇ–3scsÃC2&–&÷6öÖÂ&÷FV–â3‚•#Cr&–&÷6öÖÂ&÷FV–â3†RÂÓãss“3ƒc3Cc##“Ss32ÅG'VRÂÓãss“sƒ33s“33CsBÃã“sSsSs“cVRÓ‚ÃBãSs#sS3“scSVRÓ‚ÂÂÂÂÂÅG'VRÄfÇ6P¥6öÇ–3scÅG&ç67&—F–öâ–æ—F–F–öâf7F÷"Dd””B7V'Væ—Bb•#CC"&÷FV–âöbVæ¶æ÷vâgVæ7F–öâETcSCbÂÓã#cC“CCc#s3ƒ2ÅG'VRÂÂÂÂÂÂÂÂÄfÇ6RÄfÇ6P¥6öÇ–3sc##Â$6VÆÂF–ffW&VçF–F–öâ&÷FV–â&6C•#s#b6VÆÂF–ffW&VçF–F–öâÂ&6CÖÆ–¶R"Ãã#c#Csc“ƒcƒ#3‚ÅG'VRÂÂÂÂÂÂÂÂÄfÇ6RÄfÇ6P¥6öÇ–3sc#3Â$6†Æ÷&÷‡–ÆÂÖ"&–æF–ær&÷FV–ârÂ6†Æ÷&÷Æ7F–2•#3CB6†Æ÷&÷‡–ÆÂÔ"&–æF–ær&÷FV–â"ÂÓ2ãcscCCƒCsƒ“#RÅG'VRÂÓ2ãcccƒ3Cs3cbÃãS“#ƒCCƒ3Cs#“VRÓ"ÃãSSCScSCCcSc–RÓÂÂÂÂÂÅG'VRÄfÇ6P¥6öÇ–3sc#CÂ%&öÆ–æR7–çF†WF6R6ò×G&ç67&–&VB&7FW&–Â†öÖöÆör&÷FV–â•#s‚&VF–7FVB—&–F÷†Â†÷7†FRÖFWVæFVçBVç§–ÖRÂ”$Ã3d2G—R"Ãã3##S#“Cƒ“#CrÅG'VRÂÂÂÂÂÂÂÂÄfÇ6RÄfÇ6P¥6öÇ–3sc#sÄWF÷†w’×&VÆFVB&÷FV–â‚ÃãCƒcccsSsƒ“SbÅG'VRÂÂÂÂÂÂÂÂÄfÇ6RÄfÇ6P¥6öÇ–3sc#“Â$VæF÷&–&öçV6ÆV6RÂÕ5fÖ–Ç’&÷FV–â•#“ƒ“r–¦tbÖÆ–¶R&÷FV–âÂ6öç6W'fVB6—FR"ÃãCCsƒSsSCcss“ÅG'VRÂÂÂÂÂÂÂÂÄfÇ6RÄfÇ6P¥6öÇ–3sc3#Â%f7VöÆ"6÷'F–ær&÷FV–â4äc‚•#ccƒ’U45%BÓ"6ö×ÆW‚Â6æc‚"ÂÓãSCƒC#3sCsƒ#c#BÅG'VRÂÂÂÂÂÂÂÂÄfÇ6RÄfÇ6P¥6öÇ–3sc33ÅVæ¶æ÷vâ&÷FV–âÂÓãSS#ƒC#CCsCc33’ÅG'VRÂÓãSScSScs“#CSS3cbÃBãcs#ccS3s“VRÓÃ2ãs3S#ƒ3cSVRÓÃRãÃã3ƒ3“Scs“Sƒ##crÃã3ƒ3“Scs“Sƒ##crÃ2ãsc“CsFRÓ’Å6öÇ–3sc33ã"ãõ33cµ6öÇ–3sc33ã"ãõ33#cµ33#“µ333Cµ6öÇ–3sc33ã"ãõ33#cµC3#ƒµ333Cµ6öÇ–3sc33ã"ãõ33#“µ333µ6öÇ–3sc33ã"ãõ33#“µ333Cµ6öÇ–3sc33ã"ãõ3Ccsµ6öÇ–3sc33ã"ãõ3Cƒ#µ6öÇ–3sc33ã"ãõ3ƒµ6öÇ–3sc33ã"ãõ3ƒµ3ƒ3µ6öÇ–3sc33ã"ãõ3ƒ3µ6öÇ–3sc33ã"ãõC3#‚ÅG'VRÅG'VP¥6öÇ–3sc3CÅ6W&–æU÷F‡&Vöæ–æR×&÷FV–â¶–æ6R•###“6W&–æU÷F‡&Vöæ–æR&÷FV–â¶–æ6RÂÓãcƒ““sƒs#ccCc#RÅG'VRÂÓãc“sS3ƒ###33s2ÃRãsƒSC#CSsƒcfRÓ’Ã"ã3SSS3“sƒ33sFRÓ‚ÂÂÂÂÂÅG'VRÄfÇ6P¥6öÇ–3sc3SÄÖ–7&÷GV'VÆRÖ76ö6–FVB&÷FV–âDõ%D”dôÄ”•#“ƒ’&ÖF–ÆÆòÖÆ–¶R†VÆ–6ÂÂÓãs33c3“#ƒ3S“#BÅG'VRÂÓãs3“sS“sC#ScS“Ã"ã#ScƒC#C#ƒc“sfRÓÃã3S“““c“##ScVRÓ’ÃãÃãcc##3“S#ƒƒC33"Ããcc##3“S#ƒƒC33"Ã"ã3ƒ#CsSS3#Ss“FRÓRÅ6öÇ–3sc3Sã"ãõ3#BÅG'VRÅG'VP¥6öÇ–3sc3sÄ†öÖöÆöw’FòVæ¶æ÷vâvVæR•##æ·—&–âÂÓã#3#3#ƒ3ƒ“#c3ƒRÅG'VRÂÂÂÂÂÂÂÂÄfÇ6RÄfÇ6P¥6öÇ–3sc3“Å6ÖBçV6ÆV"–çFW&7F–ær&÷FV–â•##S2f÷&¶†VBÖ76ö6–FVBÂÓã3333ƒƒ#c33“sscBÅG'VRÂÂÂÃRãÃãCS#sSS“#3ƒc2ÃãCS#sSS“#3ƒc2Ãã3CsC#c“CsSc6RÓRÅ6öÇ–3sc3“ã"ãõ3µ33µ6öÇ–3sc3“ã"ãõ3#ƒµ6öÇ–3sc3“ã"ãõ3#SCµ6öÇ–3sc3“ã"ãõ3#sµ6öÇ–3sc3“ã"ãõ3Sµ3S3µ3S‚ÄfÇ6RÅG'VP¥6öÇ–3scCÂ%G'—F÷†â7–çF†6R&WF6†–â•#ccSBG'—F÷†â7–çF†6RÂ&WF6†–â"ÃãC“S#ƒs#c#3sƒBÅG'VRÂÂÂÂÂÂÂÂÄfÇ6RÄfÇ6P¥6öÇ–3scCÄvVæöÖ–2Dä6‡&öÖ÷6öÖR2$26ÆöæRcD#"Ããƒc3#SCC3ƒ3#“SbÅG'VRÂÂÂÂÂÂÂÂÄfÇ6RÄfÇ6P¥6öÇ–3scCcÄDE$t²FöÖ–âÖ6öçF–æ–ær&÷FV–â•#“S2DE$t²FöÖ–âÃãs“sC#CccƒS“rÅG'VRÂÂÂÃãÃãcsS#SCs#sƒ“CRÃãcsS#SCs#sƒ“CRÃã3“scsƒƒcsSbÅ6öÇ–3scCcã"ãõ3#s"ÄfÇ6RÅG'VP¥6öÇ–3scC“Â%G&ff–6¶–ær&÷FV–â'F–6ÆR6ö×ÆW‚7V'Væ—B2•#cs#E$’6ö×ÆW‚Â&WC2"ÂÓã3s3“C“SsSs“#“s2ÅG'VRÂÂÂÂÂÂÂÂÄfÇ6RÄfÇ6P¥6öÇ–3scSCÄf÷&Ö–â2•#SC#R7F–âÖ&–æF–ærdƒ"ÂÓãCƒCcƒc#33"ÅG'VRÂÂÂÂÂÂÂÂÄfÇ6RÄfÇ6P¥6öÇ–3scScÄ†—7FöæRƒ$•##’†—7FöæRƒ$ÂÓã3“c#Sss#S“CccsƒbÅG'VRÂÂÂÂÂÂÂÂÄfÇ6RÄfÇ6P¥6öÇ–3sccÅF†W&Ö÷&W6—7FçBvÇV6öæö¶–æ6R„vÇV6öæFR¶–æ6R’•#c#26†–¶–ÖFR¶–æ6RÂÓãƒ“cƒƒcƒCscSC“ÅG'VRÂÂÂÂÂÂÂÂÄfÇ6RÄfÇ6P¥6öÇ–3sccSÄfÆf÷&÷FV–âw&$•#ƒ’fÆf÷&÷FV–âw&$Ãã3#sSCssS“#cbÅG'VRÂÂÂÂÂÂÂÂÄfÇ6RÄfÇ6P¥6öÇ–3scsÅ6W&–æU÷F‡&Vöæ–æR¶–æ6R&V6WF÷"•###“6W&–æU÷F‡&Vöæ–æR&÷FV–â¶–æ6RÃãC##3Cƒs3#3ss#ƒ‚ÅG'VRÃãC3cs““#CSsSbÃã“ƒ#C3ƒ#sc“SSfRÓ’Ã’ã#csScc“ScvRÓ’ÃãÃã“sƒ#CƒCcC“3ƒ“ƒbÃã“sƒ#CƒCcC“3ƒ“ƒbÃ2ãSSs3c#cƒ3VRÓ’Å6öÇ–3scsã"ãõ3Cs‚ÅG'VRÅG'VP¥6öÇ–3scscÅVæ—fW'6Â7G&W72&÷FV–â…W7’•#cbW7Ããsƒ3sƒS3Cs“SRÅG'VRÂÂÂÃ"ãÃãsCCS333cƒ##c#BÂÓãsCCS333cƒ##c#BÃã##Cƒ“3#sss&RÓrÅ6öÇ–3scscã"ãõC33µC3“µ6öÇ–3scscã"ãõC3’ÄfÇ6RÅG'VP¥6öÇ–3scssÂ$d5B6ö×ÆW‚7V'Væ—B5Cb•#““BWF–F6RÓ#BÂ7G'V7GW&ÂFöÖ–â"ÂÓãScS3C#SscƒSƒbÅG'VRÂÂÂÂÂÂÂÂÄfÇ6RÄfÇ6P¥6öÇ–3scsƒÅFVÆöÖW&RÆVæwF‚&VwVÆF–öâ&÷FV–âDTÃ"†öÖöÆör•#“33rFVÆöÖW&RÆVæwF‚&VwVÆF–öâ&÷FV–âÂÓãS3c3ƒ33Sƒ#3"ÅG'VRÂÂÂÃãÃãcC#ƒ“SC#cƒsƒCBÃãcC#ƒ“SC#cƒsƒCBÃRãS3ccƒSƒ“SSC“#VRÓRÅ6öÇ–3scsƒã"ãõ3SSrÄfÇ6RÅG'VP¥6öÇ–3scƒ#Â$×–÷6–â•#c’×–÷6–â†VBÂÖ÷F÷"&Vv–öâ"ÂÓãcSc3Cs3Ss3ƒSÅG'VRÂÓãcScƒ“cC3ƒScƒ“rÃBã#S##“Sƒ#SC3CFRÓrÃã#CcCsSSc3S6RÓbÃ"ãÃã“c3SS“s#Cƒ#‚ÂÓã“c3SS“s#Cƒ#‚Ã’ã#“s333cƒfRÓbÅ6öÇ–3scƒ#ã"ãõ3SSµCS“µ6öÇ–3scƒ#ã"ãõCCsµ3SÅG'VRÅG'VP¥6öÇ–3scƒƒÄä2FöÖ–â&÷FV–â&÷FV–âÃã3““C“C3SS#3CBÅG'VRÂÂÂÃ2ãÃã“sscCcs#C#cƒ"Ãã“sscCcs#C#cƒ"ÃBã“ƒcƒƒS3##C3S&RÓ’Å6öÇ–3scƒƒã"ãõ3#sRÄfÇ6RÅG'VP¥6öÇ–3sc“Å&÷Fö6†Æ÷&÷‡–ÆÆ–FR&VGV7F6R•#S“s’Æ–v‡BÖFWVæFVçB&÷Fö6†Æ÷&÷‡–ÆÆ–FR&VGV7F6RÂÓ"ã3Cc“S“Cƒ#sCƒ’ÅG'VRÂÓ"ã3Cs“#sssCcBÃãs“cSSc3Cƒ#6RÓBÃRã#ƒ“SƒƒCsƒSFRÓ2ÂÂÂÂÂÅG'VRÄfÇ6P¥6öÇ–3sc“3Â$Å%"&V6WF÷"ÖÆ–¶R6W&–æU÷F‡&Vöæ–æR×&÷FV–â¶–æ6RÂ$Å"ÂÓã“#ƒsC“Sc3sSRÅG'VRÂÂÂÂÂÂÂÂÄfÇ6RÄfÇ6P¥6öÇ–3sc“sÅF†–÷&VF÷†–âÒ•#SsCbF†–÷&VF÷†–âÃãs“3ƒcs“ƒƒSc3ƒCCbÅG'VRÃãs““ƒSƒ“CS““ƒcÃã33Sƒ3“c6RÓ‚ÃBã“3““3##CSs##–RÓ‚ÂÂÂÂÂÅG'VRÄfÇ6P¥6öÇ–3sc“ƒÃ2ÖFV÷‡’ÖÖææòÖö7GVÆ÷6öæFR7—F–G–Ç–ÇG&ç6fW&6R•#CS#‚2ÖFV÷‡’ÔBÖÖææòÖö7GVÆ÷6öæFR7—F–G–Ç–ÇG&ç6fW&6RÂÓã3“3“sƒCSc#SCs33BÅG'VRÂÂÂÂÂÂÂÂÄfÇ6RÄfÇ6P¥6öÇ–3ss3ÄvVæöÖ–2Dä6‡&öÖ÷6öÖR2D26ÆöæR³tÃBÂÓãƒ3““Ccccc3sc3cBÅG'VRÂÓãƒ3“ScSs3“s#SƒBÃrãc“#CS#C#ƒ3cRÓÃBã#ƒSs““c#6RÓ’ÂÂÂÂÂÅG'VRÄfÇ6P¥6öÇ–3ssSÂ$VæöÆ6R×†÷7†F6RRÓ•#C"Ã2ÖF–¶WFòÓRÖÖWF‡–ÇF†–òÓ×†÷7†÷VçFæR†÷7†F6R"ÂÓãSsCƒ3scƒ#“ÅG'VRÂÂÂÂÂÂÂÂÄfÇ6RÄfÇ6P¥6öÇ–3sscÂ%†Vç–ÆÆç–Â×E$ä7–çF†WF6RÇ†6†–â•##3’†Vç–ÆÆç–Â×E$ä7–çF†WF6RÂ6Æ72”–2×&VÆFVB"ÂÓã###Ccs“s3RÅG'VRÂÂÂÂÂÂÂÂÄfÇ6RÄfÇ6P¥6öÇ–3sssÄ5C“’„g&vÖVçB’•#3#CRÆ7Fö7–æ–âÖÆ–¶RÂÓã3cCƒ#3“ƒSƒ“3ccƒ2ÅG'VRÂÂÂÂÂÂÂÂÄfÇ6RÄfÇ6P¥6öÇ–3ssÄ×VÇF–G'Vr&W6—7Fæ6R&÷FV–âÖGD²•##S#‚×VÇF’çF–Ö–7&ö&–ÂW‡G'W6–öâ&÷FV–âÖDRÂÓãsCƒs“3sccƒS#ÅG'VRÂÂÂÂÂÂÂÂÄfÇ6RÄfÇ6P¥6öÇ–3ssÅG—&÷6–æRÖ–æ÷G&ç6fW&6R•#S“S‚G—&÷6–æUöæ–6÷F–æÖ–æRÖ–æ÷G&ç6fW&6RÂÓã#c“3ƒƒSS“CccCbÅG'VRÂÂÂÂÂÂÂÂÄfÇ6RÄfÇ6P¥6öÇ–3ss#ÄvVæöÖ–2Dä6‡&öÖ÷6öÖR2$26ÆöæRcD#"ÂÓãcsƒS“ƒƒssscS"ÅG'VRÂÂÂÃãÃãs3“S3cSc33‚Ããs3“S3cSc33‚Ã‚ã3#cƒCcSC#Cƒ&RÓbÅ6öÇ–3ss#ã"ãõC#s’ÄfÇ6RÅG'VP¥6öÇ–3ss3Ä÷3fsCƒ3“&÷FV–â„g&vÖVçB’•#3Sb†öÖVö&÷‚ÂÓã##CS#Scƒ“c“S‚ÅG'VRÂÂÂÂÂÂÂÂÄfÇ6RÄfÇ6P¥6öÇ–3ssSÄ÷F÷6—2–æ†–&—F÷"•#ƒ3ƒ2÷F÷6—2–æ†–&—F÷'’RÂÓãsccSsSCsƒ3#ƒ3BÅG'VRÂÂÂÃãÃãcS#3#Csc#3"ÃãcS#3#Csc#3"Ã"ã3“sccc#Cc3CVRÓRÅ6öÇ–3ssSã"ãõCCÄfÇ6RÅG'VP¥6öÇ–3ssƒÂ$Dr&÷FV–â•#SSWF–F6R3‚Â7V'F–Æ—6–â×&VÆFVB"ÂÓãƒs3ƒ#ƒƒ#cS“3"ÅG'VRÂÂÂÃãÃãs#scƒS3S“Cƒ’ÂÓãs#scƒS3S“Cƒ’ÃrãSƒ“Cc3S3†RÓrÅ6öÇ–3ssƒã"ãõ3sÄfÇ6RÅG'VP¥6öÇ–3ss#Â$&WFÓ2ÖvÆ7F÷7–ÇG&ç6fW&6Rb•##cS’vÇ–6÷7–ÂG&ç6fW&6RÂfÖ–Ç’3"ÂÓã##CC“SSS#Ss#3c‚ÅG'VRÂÂÂÂÂÂÂÂÄfÇ6RÄfÇ6P¥6öÇ–3ss#cÂ%V&—V—F–âÖ6öæ§VvF–ærVç§–ÖRS"â•#c‚V&—V—F–âÖ6öæ§VvF–ærVç§–ÖRÂS""ÂÓãC#CsƒcƒCS#“BÅG'VRÂÂÂÂÂÂÂÂÄfÇ6RÄfÇ6P¥6öÇ–3ss#“Â%†÷7†öVæöÇ—'WfFR6&&÷‡–Æ6R•#Sƒ2—'WfFUõ†÷7†öVæöÇ—'WfFR¶–æ6RÂ6FÇ—F–26÷&R•#CC’†÷7†öVæöÇ—'WfFR6&&÷‡–Æ6R"ÂÓãƒcSSƒ3cc““S3BÅG'VRÂÓãƒccSS“SsƒSsRÃã#ƒc“ƒsCs#3&RÓ"Ããc“#cƒ3csSS&RÓÂÂÂÂÂÅG'VRÄfÇ6P¥6öÇ–3ss3ÄÆ–v‡BÖFWVæFVçB6†÷'B‡—ö6÷G–Ç2•#c“3b&÷FV–âöbVæ¶æ÷vâgVæ7F–öâETccCÂÓãs#ƒc“##3““c“#C2ÅG'VRÂÓãs3Ssƒ““c3cC3Ã"ã#CSS#3CCƒ3fRÓrÃbã#“3“sƒssƒS3ƒFRÓrÃbãÃã“Sc“S3ƒs3“cSbÃã“Sc“S3ƒs3“cSbÃ’ãƒ#S““ƒƒs#ssRÓ‚Å6öÇ–3ss3ããõ3Cµ6öÇ–3ss3ããõ3Cµ3cµ6öÇ–3ss3ããõ3Cµ3sµ6öÇ–3ss3ããõ3sµ6öÇ–3ss3ããõ3##µ6öÇ–3ss3ããõ33cµ6öÇ–3ss3ããõ33cµ33“µ6öÇ–3ss3ããõ33“µ6öÇ–3ss3ããõ3Sµ6öÇ–3ss3ããõC#3µ6öÇ–3ss3ããõC#cµ6öÇ–3ss3ããõCCbÅG'VRÅG'VP¥6öÇ–3ss3#ÅW&÷÷'‡—&–æövVâFV6&&÷‡–Æ6R•#c3cW&÷÷'‡—&–æövVâFV6&&÷‡–Æ6R†VÔRÂÓãCSsSS##ƒ#c3bÅG'VRÂÂÂÂÂÂÂÂÄfÇ6RÄfÇ6P¥6öÇ–3ss33ÅWF–FRÔãBÒ„âÖ6WG–ÂÖ&WFÖvÇV6÷6Ö–ç–Â–7&v–æRÖ–F6RÂÓãsƒ3#3c3Cƒ3#3BÅG'VRÂÓãsƒ#Csssƒ“ƒCc3CÃ‚ã“3S““ƒ33c6RÓ"Ã‚ãCssc#Sƒ#CvRÓÂÂÂÂÂÅG'VRÄfÇ6P¥6öÇ–3ss3CÅVæ¶æ÷vâ&÷FV–âÂÓãScCs3“C“sS3#3“ÅG'VRÂÂÂÂÂÂÂÂÄfÇ6RÄfÇ6P¥6öÇ–3ss3SÂ$×VÇF—&÷FV–â'&–Fv–ærf7F÷"•#3s#’×VÇF—&÷FV–â'&–Fv–ærf7F÷"Ââ×FW&Ö–æÂ"ÃãSƒ3“s“C3cCsc#RÅG'VRÂÂÂÂÂÂÂÂÄfÇ6RÄfÇ6P¥6öÇ–3ss3“Å&÷FV–âG&ç7÷'B&÷FV–â4T3cÇ†7V'Væ—B•###‚6V5’&÷FV–âÂÓãS3CCS“3C#rÅG'VRÂÂÂÂÂÂÂÂÄfÇ6RÄfÇ6P¥6öÇ–3ssCÂ$vÖÖÖvÇWF×–Â‡–G&öÆ6R"•#SS#rWF–F6R3#bÂvÖÖÖvÇWF×–Â‡–G&öÆ6R"ÂÓã“3S“ƒ3S3sc“s"ÅG'VRÂÓã“3Sƒ3#SC#Cc##’ÃrãC#S#“s#CcSc3&RÓ2Ããƒ3c“c“†RÓÂÂÂÂÂÅG'VRÄfÇ6P¥6öÇ–3ssCsÄ„BfÖ–Ç’F–ÖW&—6F–öâFöÖ–â6öçF–æ–ær&÷FV–âW‡&W76VB•#ƒ“b„BF–ÖW&—6F–öâÂÓãCsC3S“C“#s"ÅG'VRÂÂÂÃ"ãÃã#CƒssCsSs3sSScrÃã#CƒssCsSs3sSScrÃãscs#CScCs“s†RÓbÅ6öÇ–3ssCsã"ãõ3ÄfÇ6RÅG'VP¥6öÇ–3ssCƒÄGFGÖvÇV6÷6RBbÖFV‡–G&F6RÖ&–æF–ærFöÖ–âÃãS“3c3ƒS##CcCCSBÅG'VRÂÂÂÂÂÂÂÂÄfÇ6RÄfÇ6P¥6öÇ–3ssSSÂ$EÖFWVæFVçB$ä†VÆ–66R•#SCRDäõ$ä†VÆ–66RÂDTEôDT‚&÷‚G—RÂâ×FW&Ö–æÂ"ÂÓã“Sƒs#“CS“s“RÅG'VRÂÓã“3c“ƒ#CsS“SSrÃãcƒc#cccSS“svRÓrÃBãcƒS33ƒƒ“s–RÓrÂÂÂÂÂÅG'VRÄfÇ6P¥6öÇ–3ssS“Â%öÇ–FVç–ÆFRÖ&–æF–ær&÷FV–â•##csrçV6ÆV÷F–FRÖ&–æF–ærÂÇ†Ö&WFÆ—B"ÂÓã3#Sss“CCSS#BÅG'VRÂÂÂÂÂÂÂÂÄfÇ6RÄfÇ6P¥6öÇ–3sscÂ$ÂÖÆ7FFRFV‡–G&övVæ6R•##32Ç†Ö‡–G&÷‡’6–BFV‡–G&övVæ6RÂdÔâÖFWVæFVçB"ÂÓ"ã“Ccs“c##cs“SRÅG'VRÂÓ"ã“C“CsCcSCSSsbÃã#s“3“#s“VRÓbÃã#cƒ3#333Sƒ“6RÓBÃ"ãÃ"ãS#SSc3SCsc“rÃ"ãS#SSc3SCsc“rÃRãC##S3ScƒVRÓÅ6öÇ–3sscã"ãõ33cSµ6öÇ–3sscã"ãõCS’ÅG'VRÅG'VP¥6öÇ–3sscsÂ%Væ¶æ÷vâ&÷FV–â•#sRä”b7—7FVÒfU26ÇW7FW"76VÖ&Ç’Âæ–eRÂ2×FW&Ö–æÂ"ÂÓã“#S#“scCSsSƒc“#’ÅG'VRÂÓã“#csc“C3S#S#BÃRãCs3CSC#C†RÓ’Ã"ã##c3c3Sƒ3FRÓ‚ÂÂÂÂÂÅG'VRÄfÇ6P¥6öÇ–3ssc“Â$6†Æ÷&÷‡–ÆÂÖ"&–æF–ær&÷FV–â‚Â6†Æ÷&÷Æ7F–2•#3CB6†Æ÷&÷‡–ÆÂÔ"&–æF–ær&÷FV–â"ÂÓBã3ƒc“ƒ#“#sƒ3“BÅG'VRÂÓBã3ƒCs“Cƒc#ƒS’Ããss“ScC3#RÓBÃ2ãc#“#cCSscSC36RÓ2ÃãÃãƒ3C3Cs“ƒSƒCs“srÃãƒ3C3Cs“ƒSƒCs“srÃã3Css#csRÓ‚Å6öÇ–3ssc“ã"ãõ33bÅG'VRÅG'VP¥6öÇ–3sssÂ%&2×&VÆFVB&÷FV–â&"Ó"Ô•#3Ss’&26ÖÆÂuE6RÂ&"G—R"ÂÓã#SScCƒ#“C#SƒCRÅG'VRÂÂÂÂÂÂÂÂÄfÇ6RÄfÇ6P¥6öÇ–3sss#Â$6öç6W'fVBöÆ–vöÖW&–2vöÆv’6ö×ÆW‚7V'Væ—BR•#“CcR6öç6W'fVBöÆ–vöÖW&–2vöÆv’6ö×ÆW‚Â7V'Væ—BR"ÂÓãscscSsS#cCƒ32ÅG'VRÂÓãscscS#C#sƒS3““BÃãƒƒscC“C““cƒ–RÓÃrãƒ3ssƒsSc“ƒ3&RÓÃãÃãcƒsc“ƒ“Sƒc“C2Ããcƒsc“ƒ“Sƒc“C2Ã"ã#ƒSCssƒcCS3Cs–RÓrÅ6öÇ–3sss#ã"ãõ3SBÅG'VRÅG'VP¥6öÇ–3sss3ÅVæ¶æ÷vâ&÷FV–âÃãccs3s“C“ƒƒCbÅG'VRÃãcScc3c“#Sc3rÃãƒ33ƒcSƒ6RÓ’ÃRã“ƒS#c““ccSfRÓ’ÃãÃãc#3ƒC33SrÃãc#3ƒC33SrÃbãsƒ3S“CSCƒVRÓrÅ6öÇ–3sss3ã"ãõ3cÅG'VRÅG'VP¥6öÇ–3ssscÅ&–&÷6R×†÷7†FR—&÷†÷7†ö¶–æ6RB•#S“Cb†÷7†÷&–&÷7–Â—&÷†÷7†ö¶–æ6RÃã#ƒ##ƒ3SCC“cSBÅG'VRÂÂÂÂÂÂÂÂÄfÇ6RÄfÇ6P¥6öÇ–3ssssÅöÇ–FVç–ÆFRÖ&–æF–ær&÷FV–âÖÆ–¶R•#s#$ä&V6övæ—F–öâÖ÷F–b"ÃãcCSƒs“ƒ3ƒ““s3SC2ÅG'VRÂÂÂÃãÃãS“3S3#ƒcs“3bÃãS“3S3#ƒcs“3bÃ"ã#ƒ333“#“3CS“RÓbÅ6öÇ–3ssssã"ãõCC“Cµ3SBÄfÇ6RÅG'VP¥6öÇ–3sssƒÅVæ¶æ÷vâ&÷FV–âÂÓãCc3S#cCSSCC“ƒRÅG'VRÂÂÂÂÂÂÂÂÄfÇ6RÄfÇ6P¥6öÇ–3ssƒCÄvÇWF×–Â×E$ä„vÆâ’Ö–F÷G&ç6fW&6R7V'Væ—BÖ–F÷G&ç6fW&6R7V'Væ—BÂÓã#cƒ3scƒsSsƒSÅG'VRÂÂÂÂÂÂÂÂÄfÇ6RÄfÇ6P¥6öÇ–3ssƒSÂ$w’Öæ6†÷"G&ç6Ö–F6R•#“bWF–F6R32ÂÆVwVÖ–â"ÂÓãsCc#CcCCSsÅG'VRÂÂÂÂÂÂÂÂÄfÇ6RÄfÇ6P¥6öÇ–3ss“SÂ$Ç†Ç†×G&V†Æ÷6R×†÷7†FR7–çF†6R•#ƒ3vÇ–6÷7–ÂG&ç6fW&6RÂfÖ–Ç’#"ÂÓã33“CCSS#3ƒRÅG'VRÂÂÂÂÂÂÂÂÄfÇ6RÄfÇ6P¥6öÇ–3ss“ƒÃS2&–&÷6öÖÂ&÷FV–âÃR•##3"&–&÷6öÖÂ&÷FV–âÃRÂÓãc3Cƒs3#sCS3#sCRÅG'VRÂÓãc33ƒcCC“3ƒc““bÃrã“c“#“Ccsssƒ#VRÓrÃã“ƒSCS“cs6RÓbÃãÃãS#cC“ƒ3#cƒ2ÃãS#cC“ƒ3#cƒ2ÃRãC##S3ScƒVRÓÅ6öÇ–3ss“ƒã"ãõ3CbÅG'VRÅG'VP¥6öÇ–3ss““Ä7W–â&ÖÄ2×G—R•##ƒcB&÷FV–âöbVæ¶æ÷vâgVæ7F–öâETcc3rÃã3C#s#sc“3c“s3BÅG'VRÂÂÂÂÂÂÂÂÄfÇ6RÄfÇ6P¥6öÇ–3sƒÂ%&÷FV6öÖR7V'Væ—BÇ†G—R•#3S2&÷FV6öÖRÂ7V'Væ—BÇ†ö&WF"Ããƒ“ƒ#ƒSCCcCS3“"ÅG'VRÂÂÂÂÂÂÂÂÄfÇ6RÄfÇ6P¥6öÇ–3sƒ#ÄÖWF‡–ÇG&ç6fW&6R•#3#bÖWF‡–ÇG&ç6fW&6RG—RÂÓãC#csƒ“#SƒSssƒcBÅG'VRÂÂÂÂÂÂÂÂÄfÇ6RÄfÇ6P¥6öÇ–3sƒÄ7–ÂÔ6ô÷†–F6Rb•###S‚7–ÂÔ6ô÷†–F6RÂÓã3“C3C#c##c“sƒc“RÅG'VRÂÂÂÂÂÂÂÂÄfÇ6RÄfÇ6P¥6öÇ–3sƒCÅ&ö†–&—F–âÖÆ–¶R&÷FV–â•#c2&ö†–&—F–âÃã3S3c“ƒ#s#ƒ#sSSBÅG'VRÂÂÂÂÂÂÂÂÄfÇ6RÄfÇ6P¥6öÇ–3sƒsÃ#e2&÷FV6öÖR&VwVÆF÷'’7V'Væ—BÂÓã#“““CCccS#3ccCBÅG'VRÂÂÂÂÂÂÂÂÄfÇ6RÄfÇ6P¥6öÇ–3sƒ“Â$ô"ÖföÆBçV6ÆV–26–B&–æF–ærFöÖ–â6öçF–æ–ær&÷FV–â•##3CçV6ÆV–26–BÖ&–æF–ærÂô"ÖföÆB"ÃãsƒƒƒS#S#“3#3sƒ2ÅG'VRÂÂÂÂÂÂÂÂÄfÇ6RÄfÇ6P¥6öÇ–3sƒ3Â$ÖææâVæFòÓBÖ&WFÖÖææ÷6–F6R•#SCrvÇ–6÷6–FR‡–G&öÆ6RÂfÖ–Ç’R"ÂÓãsC3Sc3#ƒ#s3bÅG'VRÂÓãsCs3SƒCsƒcRÃRã#ƒC3#sƒ“ƒ33ƒFRÓRÃ’ãcC3scCsƒ6RÓRÂÂÂÂÂÅG'VRÄfÇ6P¥6öÇ–3sƒ3CÄ÷3Vsc“C&÷FV–â„g&vÖVçB’•#ƒ#&÷FV–âöbVæ¶æ÷vâgVæ7F–öâETcC#Ãã3“ƒ#““3“c#S#2ÅG'VRÂÂÂÃ2ãÃãCsss3ss“s“ƒrÃãCsss3ss“s“ƒrÃ"ãsCScƒ“““S33c6RÓrÅ6öÇ–3sƒ3Cã"ãõ3c“µ6öÇ–3sƒ3Cã"ãõCsÄfÇ6RÅG'VP¥6öÇ–3sƒ3“ÅF†–÷&VF÷†–â•#SsCbF†–÷&VF÷†–âÂÓãSSc““##ƒƒƒcSBÅG'VRÂÂÂÂÂÂÂÂÄfÇ6RÄfÇ6P¥6öÇ–3sƒCcÂ$Æä2ÖÆ–¶R&÷FV–â"•##CcBÆä2ÖÆ–¶R&÷FV–âÂWV¶'–÷F–2"ÂÓãS#S##S3cc33c“’ÅG'VRÂÂÂÂÂÂÂÂÄfÇ6RÄfÇ6P¥6öÇ–3sƒSÄ×cr•#s#C‚×cuõÕ#"ÂÓãsCƒƒSƒ“S#cRÅG'VRÂÓãs3“#3S#cbÃã3““c3CS“–RÓ’ÃRã3ƒ“s“s#sS3&RÓ’ÃãÃãc“CSS3sƒCs##rÃãc“CSS3sƒCs##rÃãƒƒƒs#“s##sc3cRÓbÅ6öÇ–3sƒSã"ãõ3’ÅG'VRÅG'VP¥6öÇ–3sƒScÄETccCrFöÖ–âÖ6öçF–æ–ær&÷FV–â•#c“c‚&÷FV–âöbVæ¶æ÷vâgVæ7F–öâETccCrÃã#Cs3ƒSc“#CCss’ÅG'VRÂÂÂÂÂÂÂÂÄfÇ6RÄfÇ6P¥6öÇ–3sƒcÅVæ¶æ÷vâ&÷FV–âÃãCS#cƒCƒ3Scƒs3BÅG'VRÂÂÂÂÂÂÂÂÄfÇ6RÄfÇ6P¥6öÇ–3sƒc3ÄäD‚FV‡–G&övVæ6RÆ–¶R&÷FV–â•#3#rdBÖFWVæFVçB—&–F–æRçV6ÆV÷F–FRÖF—7VÇ†–FR÷†–F÷&VGV7F6RÃãSsC3#SsCRÅG'VRÂÂÂÂÂÂÂÂÄfÇ6RÄfÇ6P¥6öÇ–3sƒcCÂ$F–7–ÆvÇ–6W&öÂ¶–æ6R•#c“cF–7–ÆvÇ–6W&öÂ¶–æ6RÂÆçB"ÂÓã#ƒC“cƒCC##rÅG'VRÂÂÂÂÂÂÂÂÄfÇ6RÄfÇ6P¥6öÇ–3sƒsCÂ$ÖvæW6—VÒ6†VÆF6RE6R7V'Væ—B’•#ssRÖvæW6—VÒ6†VÆF6RÂE6R7V'Væ—B’"ÂÓãƒc3““S3“SC“cc#ÅG'VRÂÓãƒc3Cs##CcCC’Ã2ãSsƒ#Sƒ#3ƒ“S3vRÓ"Ã2ã“##3c3ƒSc3c†RÓÂÂÂÂÂÅG'VRÄfÇ6P¥6öÇ–3sƒsSÄåTD•‚‡–G&öÆ6R•#ƒbåTD•‚‡–G&öÆ6RFöÖ–âÂÓã#c3#c#“CC3s“sc"ÅG'VRÂÂÂÂÂÂÂÂÄfÇ6RÄfÇ6P¥6öÇ–3sƒscÄåTD•‚‡–G&öÆ6R•#ƒbåTD•‚‡–G&öÆ6RFöÖ–âÂÓãccƒ#c3#Cƒ“ƒS“#bÅG'VRÂÓãccƒ#C#“#33#rÃãƒ3c#“““S3SSc&RÓÃã3SƒC#ƒ33“SS†RÓ’ÂÂÂÂÂÅG'VRÄfÇ6P¥6öÇ–3sƒssÄåTD•‚‡–G&öÆ6R•#ƒbåTD•‚‡–G&öÆ6RFöÖ–âÂÓãc3c“3#C“sƒ3“’ÅG'VRÂÓãc#C“CScƒ#“Cs‚Ã"ãcSƒ3ƒcƒƒƒ#sRÓ’Ãã““CC3Cs–RÓ‚ÂÂÂÂÂÅG'VRÄfÇ6P¥6öÇ–3sƒƒÄ÷F÷6—2–æ†–&—F÷"R•#ƒ3ƒ2÷F÷6—2–æ†–&—F÷'’RÃã3“ƒ““3cCCC“bÅG'VRÂÂÂÂÂÂÂÂÄfÇ6RÄfÇ6P¥6öÇ–3sƒƒSÄ÷3fsS#S&÷FV–â„g&vÖVçB’ÂÓãs#ƒ3sƒCCs#s2ÅG'VRÂÓãs#33ƒƒSS“3ƒs2Ã’ã#cƒCsS#s##SsSFRÓÃBãsSƒ““S#sSSS3VRÓ’ÂÂÂÂÂÅG'VRÄfÇ6P¥6öÇ–3sƒƒsÂ%G&ç67&—F–öâVÆöævF–öâf7F÷"†öÖöÆör•#sƒ‚&÷FV–âöbVæ¶æ÷vâgVæ7F–öâETcsÂ¦–æ2Ö&–æF–ærWFF—fR"ÂÓã33sC3s“#SsS#’ÅG'VRÂÂÂÂÂÂÂÂÄfÇ6RÄfÇ6P¥6öÇ–3sƒ“SÂ$wVç–ÆFRÖ&–æF–ær&÷FV–â•#Sƒ“BwVç–ÆFRÖ&–æF–ær&÷FV–âÂâ×FW&Ö–æÂ"ÂÓã#““ƒ3ƒƒc#“#3ƒ#BÅG'VRÂÂÂÃãÃã“cs33ƒC#3ƒ“s2Ãã“cs33ƒC#3ƒ“s2Ã2ã#c“3ƒ“#cC#“–RÓ‚Å6öÇ–3sƒ“Sã"ãõ3“µ3“µ6öÇ–3sƒ“Sã"ãõ3“µ3“µC##µ6öÇ–3sƒ“Sã"ãõ3“µ6öÇ–3sƒ“Sã"ãõ3“sSµC“ƒµ6öÇ–3sƒ“Sã"ãõ3““Cµ6öÇ–3sƒ“Sã"ãõ3““CµC““cµ6öÇ–3sƒ“Sã"ãõ3““sµC#µ6öÇ–3sƒ“Sã"ãõC““SµC““bÄfÇ6RÅG'VP¥6öÇ–3sƒ“ƒÅG&–÷6R†÷7†FU÷†÷7†FRG&ç6Æö6F÷"•#Cc“bGB†÷7†FU÷†÷7†öVæöÇ—'WfFRG&ç6Æö6F÷"ÂÓã#Sc“3Cƒc3C#RÅG'VRÂÓã#SSc##ƒCs3SBÃ"ã“c33S#ScSRÓ2ÃBãsƒCs3CCSƒ3CcRÓ"ÂÂÂÂÂÅG'VRÄfÇ6P¥6öÇ–3sƒ““ÅUcS32&÷FV–â3V÷&cCB†öÖöÆör•#3s‚&÷FV–âöbVæ¶æ÷vâgVæ7F–öâETc“sBÂÓã3##CCS“sCsCSRÅG'VRÂÂÂÂÂÂÂÂÄfÇ6RÄfÇ6P¥6öÇ–3s“ƒÅ7VÖ÷6&öÖ÷FW"&–æF–ærÖÆ–¶R&÷FV–â•#s#3‚7VÖ÷6&öÖ÷FW"Ö&–æF–ær&÷FV–âÂÓãƒSS“cS“S3“c3‚ÅG'VRÂÓãƒS“ccc##cccRÃ"ãcCCsc3ƒSƒ#†RÓ‚Ã’ãsSCCs#ƒcSfRÓ‚ÂÂÂÂÂÅG'VRÄfÇ6P¥6öÇ–3s“ƒÅ6V7&WF÷'’6'&–W"ÖVÖ'&æR&÷FV–â•#s#s244ÕÂÓãC3S#Cƒƒƒ3ccƒCSsrÅG'VRÂÂÂÃBãÃã“Ssc“sƒ3#C#RÃã“Ssc“sƒ3#C#RÃ"ãcCS“3ƒs“3ƒFRÓrÅ6öÇ–3s“ƒã"ãõ3Cµ6öÇ–3s“ƒã"ãõ3S#µ6öÇ–3s“ƒã"ãõ3sCµ3sRÄfÇ6RÅG'VP¥6öÇ–3s““Ä6öÆB6†ö6²&÷FV–âÓÂÓãS“SCƒ“C“3c“#C‚ÅG'VRÂÓãS“3#ƒcSc3#“C"Ã‚ãscCƒ3“ƒ–RÓbÃãs“CsCCsƒvRÓRÃ"ãÃã“csCƒ#ƒ3ƒƒ“cƒRÃã“csCƒ#ƒ3ƒƒ“cƒRÃBãss““sƒ“ƒss3–RÓRÅ6öÇ–3s““ããõ3“sµ6öÇ–3s““ããõ3“‚ÅG'VRÅG'VP¥6öÇ–3s“#ÅVæ¶æ÷vâ&÷FV–â•#“ƒbçV6ÆVöÆ"&÷FV–â"ÂÓãSC3css#C3“ƒs3’ÅG'VRÂÂÂÂÂÂÂÂÄfÇ6RÄfÇ6P¥6öÇ–3s“#Ä6ÆÖöGVÆ–âÖ&–æF–ær&÷FV–â„g&vÖVçB’•##Cb6ÆÖöGVÆ–â&–æF–ær&÷FV–âÖÆ–¶RÂÓãS3CCs“c““SCÅG'VRÂÂÂÂÂÂÂÂÄfÇ6RÄfÇ6P¥6öÇ–3s“##Â%öÇ–FVç–ÆFRÖ&–æF–ær&÷FV–âBÖÆ–¶R•#3“SB$ä&V6övæ—F–öâÂ&Vv–öâ"ÂÓã3S#c“#3“scsCRÅG'VRÂÂÂÃãÃãc“ƒƒ#CS“33#ƒbÃãc“ƒƒ#CS“33#ƒbÃ’ã3Cƒc33SC#ƒcc–RÓbÅ6öÇ–3s“##ã"ãõ3“ÄfÇ6RÅG'VP¥6öÇ–3s“#ƒÄ6Æ6—VÒ×&W7öç6—fRG&ç67&—F–öâ6ö7F—fF÷"•#ss#b55…BÂÓãscS“SS3“#CC3"ÅG'VRÂÂÂÂÂÂÂÂÄfÇ6RÄfÇ6P¥6öÇ–3s“33Â$&v–æ–æU÷6W&–æR×&–6‚7Æ–6–ærf7F÷"3•#SB$ä&V6övæ—F–öâÖ÷F–bÂ$åÓ"ÂÓãCc3S“s#ƒƒC‚ÅG'VRÂÂÂÃ"ãÃãCCc#Ssccs33“’ÃãCCc#Ssccs33“’ÃãC3ƒss3“CCS33’Å6öÇ–3s“33ã"ãõ3sµ6öÇ–3s“33ã"ãõ3s’ÄfÇ6RÅG'VP¥6öÇ–3s“CÄ7'F–2&÷FV–æ6RæWVçF†W6–â’•#CcWF–F6RÂÓãCcCSc3Scƒ“rÅG'VRÂÂÂÂÂÂÂÂÄfÇ6RÄfÇ6P¥6öÇ–3s“C“Ä÷3&sC#&÷FV–â„g&vÖVçB’ÂÓãCs“cƒS“#ƒƒ“2ÅG'VRÂÂÂÃBãÃãcs3sƒCC#sbÃãcs3sƒCC#sbÃ"ã3#c“sC#ƒƒ–RÓrÅ6öÇ–3s“C“ããõ3Sƒµ6öÇ–3s“C“ããõ3S“µ6öÇ–3s“C“ããõ3SS’ÄfÇ6RÅG'VP¥6öÇ–3s“SsÅ&†öFæW6R×&VÆFVB7VÆgW'G&ç6fW&6R•#sc2&†öFæW6RÖÆ–¶RÂÓãc3#“Sƒ3c3c3“c2ÅG'VRÂÓãc33#sc#ƒcsC“S#BÃãsCs3ss#3SƒvRÓÃãCƒ““3S“Cs#FRÓÂÂÂÂÂÅG'VRÄfÇ6P¥6öÇ–3sccÄtƒ2fÖ–Ç’&÷FV–â•#C““2tƒ2W†–â×&W7öç6—fR&öÖ÷FW"ÂÓãsCSƒƒS3“SCC“3"ÅG'VRÂÂÂÂÂÂÂÂÄfÇ6RÄfÇ6P¥6öÇ–3scsÄÖ—Fö6†öæG&–Â6'&–W"ÖÆ–¶R&÷FV–â•##crÖ—Fö6†öæG&–Â6'&–W"&÷FV–âÂÓãCcƒ#c#ƒS“sC“““2ÅG'VRÂÂÂÂÂÂÂÂÄfÇ6RÄfÇ6P¥6öÇ–3sssÅF‡&Vöæ–æRVæF÷WF–F6RÂÓãƒ“CS3c##“cC32ÅG'VRÂÓãƒƒ“ƒ3sƒ#sSƒ3#S‚Ãã“ccƒ3S#ƒ“ƒ&RÓ‚ÃBãCss““3SC#S“S6RÓ‚Ã"ãÃ"ã“cc““ƒ“ƒƒ‚ÂÓ"ã“cc““ƒ“ƒƒ‚Ã2ã##C“Cc““3#CFRÓÅ6öÇ–3sssã"ãõ3c’ÅG'VRÅG'VP¥6öÇ–3ss“Ä¶VÆ6‚ÖÆ–¶R&÷FV–âb•#3ƒ’¶VÆ6‚&VÆFVBÂÓã3“sCS“3“sCcssrÅG'VRÂÂÂÂÂÂÂÂÄfÇ6RÄfÇ6P¥6öÇ–3sƒsÅ&WF–7VÆöâfÖ–Ç’&÷FV–â•#33ƒ‚&WF–7VÆöâÂÓãCcC#c“#Cs3c2ÅG'VRÂÂÂÂÂÂÂÂÄfÇ6RÄfÇ6P¥6öÇ–3s#3Æ4Dä6ÆöæR£#33$£"gVÆÂ–ç6W'B6WVVæ6RÂÓã#Cc“ƒScc#3cSSBÅG'VRÂÂÂÃãÃãƒssCcSS3c“bÃãƒssCcSS3c“bÃã3ƒcc“3#CSSvRÓrÅ6öÇ–3s#3ã"ãõ3SRÄfÇ6RÅG'VP¥6öÇ–3s#cÅ6ÖÆÂ6öæGV7Fæ6RÖV6†æ÷6Vç6—F—fR„×652ÖfÖ–Ç’’–öâ6†ææVÂ•#ccƒRÖV6†æ÷6Vç6—F—fR–öâ6†ææVÂ×652Ãã##cS“#“C3SsƒSƒ‚ÅG'VRÂÂÂÂÂÂÂÂÄfÇ6RÄfÇ6P¥6öÇ–3s#cÄÖWF‡–ÇG&ç6fW&6RG—R•#3#bÖWF‡–ÇG&ç6fW&6RG—RÂÓã###SƒS3sS3s3c‚ÅG'VRÂÂÂÂÂÂÂÂÄfÇ6RÄfÇ6P¥6öÇ–3s#sÅ&V6WF÷"ÖÆ–¶R¶–æ6R•###“6W&–æU÷F‡&Vöæ–æR&÷FV–â¶–æ6RÃã3s3“s3sc#ƒƒ“"ÅG'VRÂÂÂÃRãÃã3C“c3s#cSs#"Ãã3C“c3s#cSs#"ÃBãs“ƒ3CsC#““c3vRÓrÅ6öÇ–3s#sã"ãõ3#µ6öÇ–3s#sã"ãõ3#sµ6öÇ–3s#sã"ãõ3#µ6öÇ–3s#sã"ãõ3#Sµ6öÇ–3s#sã"ãõ3#“µ6öÇ–3s#sã"ãõ33µ6öÇ–3s#sã"ãõ3“#µ6öÇ–3s#sã"ãõ3“#µ3#µ6öÇ–3s#sã"ãõ3“#µ3“Cµ6öÇ–3s#sã"ãõ3“Cµ6öÇ–3s#sã"ãõ3“Cµ3"ÄfÇ6RÅG'VP¥6öÇ–3s##CÅV&—V—F–âÖ6öæ§VvF–ærVç§–ÖR•#SSƒV&—V—F–âÖ6öæ§VvF–ærVç§–ÖRÂÓã33S#“““ƒ33“cRÅG'VRÂÂÂÃãÃãcCƒsc#ƒSƒƒ‚ÃãcCƒsc#ƒSƒƒ‚Ãã3cSƒcSƒ3“3ccbÅ6öÇ–3s##Cã"ãõ3s"ÄfÇ6RÅG'VP¥6öÇ–3s#3sÄ7—7FV–æR7–çF†6R•#SƒS’7—7FV–æR7–çF†6RÃãss“3“ss“SSS““rÅG'VRÃãss“ƒ#s#“#s#3“2Ã"ã3sc#sSC3S#“c6RÓÃã#““S3sƒ#C3“RÓ’ÂÂÂÂÂÅG'VRÄfÇ6P¥6öÇ–3s#CÅVæ¶æ÷vâ&÷FV–âÂÓã3csƒcSCƒs"ÅG'VRÂÂÂÂÂÂÂÂÄfÇ6RÄfÇ6P¥6öÇ–3s#CÄ„B7WW&fÖ–Ç’‡–G&öÆ6RÂÓã3cScƒ3sƒ#c#3‚ÅG'VRÂÂÂÂÂÂÂÂÄfÇ6RÄfÇ6P¥6öÇ–3ssS3Â$EÖFWVæFVçB$ä†VÆ–66R•#SCRDäõ$ä†VÆ–66RÂDTEôDT‚&÷‚G—RÂâ×FW&Ö–æÂ"ÂÓã““Sc“CS#c#sc“2ÅG'VRÂÂÂÂÂÂÂÂÄfÇ6RÄfÇ6P¥6öÇ–3ssS“Å7—C7–æF÷FvÖ–â6"²ÖFWVæFVçBÆ—–BÖ&–æF–ær&÷FV–âWFF’„”2’•#ƒ#’3"ÖVÖ'&æRF&vWF–ær&÷FV–âÂÓã3#CƒSsƒSs3cƒƒ"ÅG'VRÂÂÂÂÂÂÂÂÄfÇ6RÄfÇ6P¥6öÇ–3sscÂ$vÇ–6÷7–ÇG&ç6fW&6R•##C“RvÇ–6÷7–ÂG&ç6fW&6RÂfÖ–Ç’‚"ÂÓãƒsCc“sƒ3sCc“C"ÅG'VRÂÓãƒssSs#C33ƒSrÃ2ãc“3Cs#ƒ“#RÓ’Ãã3C“ƒ#SƒSS“†RÓ‚ÂÂÂÂÂÅG'VRÄfÇ6P¥6öÇ–3ssƒÂ$E6R•#33C‚E6RÂæ–öâ×G&ç7÷'F–ær"ÂÓãcssSS“c3S3“#"ÅG'VRÂÂÂÂÂÂÂÂÄfÇ6RÄfÇ6P¥6öÇ–3ssƒSÅW&÷†—6öÖÂÖVÖ'&æR&÷FV–âÓ•#ƒs32W&÷†—6öÖÂ&–övVæW6—2f7F÷"ÂÓã#3#““s3ƒc“BÅG'VRÂÂÂÂÂÂÂÂÄfÇ6RÄfÇ6P¥6öÇ–3ssƒƒÄbÖ&÷‚fÖ–Ç’&÷FV–âÃã3#cƒ#3c#ƒcƒcRÅG'VRÂÂÂÂÂÂÂÂÄfÇ6RÄfÇ6P¥6öÇ–3ssƒ“Å†÷F÷7—7FVÒ’s6†Æ÷&÷‡–ÆÂ÷&÷FV–â•##ƒ†÷F÷7—7FVÒ’6æB6"ÂÓ2ãc3cƒc3s##sS’ÅG'VRÂÓ2ãC““CSCcsc#“SrÃ‚ãCcC3“#CSSs“VRÓ2Ãã“3csc#svRÓÂÂÂÂÂÅG'VRÄfÇ6P¥6öÇ–3ss“#Â$DäÖF—&V7FVB$äöÇ–ÖW&6R7V'Væ—B&WF•#scC"$äöÇ–ÖW&6R'#"ÂFöÖ–â""ÂÓã3““s#S“ƒ3##cSbÅG'VRÂÂÂÂÂÂÂÂÄfÇ6RÄfÇ6P¥6öÇ–3sƒ#SÃC2&–&÷6öÖÂ&÷FV–â32•#Sƒ’&–&÷6öÖÂ&÷FV–â3RÂÓãC#3ƒCC3#c3“bÅG'VRÂÂÂÂÂÂÂÂÄfÇ6RÄfÇ6P¥6öÇ–3sƒ3ÅG&ç6¶WFöÆ6R•#SCs‚&7FW&–ÂG&ç6¶WFöÆ6RÂÓãs3CCss“ƒssC“Cs2ÅG'VRÂÓãsS“cC“#ƒsSCBÃ‚ãS3S3s“ƒƒ“s“c†RÓ’Ã2ã3C##CS3#c“FRÓ‚ÂÂÂÂÂÅG'VRÄfÇ6P¥6öÇ–3sƒ3SÅfW6–6ÆRÖ76ö6–FVBÖVÖ'&æR&÷FV–âÖ76ö6–FVB&÷FV–â•#csc2fW6–6ÆRÖ76ö6–FVBÖVÖ'&æR&÷FV–âÂÓãƒSC3ssCC#Cs#"ÅG'VRÂÓãƒSƒ3ƒ“ƒ“#C“SRÃBãƒ#c#CcƒCcƒC#–RÓ"ÃRãCc#csƒSƒ“vRÓÃãÃã#“#cc#CS““C“BÃã#“#cc#CS““C“BÃãcC“C3ƒs#C–RÓ’Å6öÇ–3sƒ3Sããõ3“bÅG'VRÅG'VP¥6öÇ–3sƒS#ÄW†÷6öÖR6ö×öæVçB•##Sc"2ÓRW†öçV6ÆV6RÂÓã#csS““ccC3ƒƒ#CSRÅG'VRÂÂÂÂÂÂÂÂÄfÇ6RÄfÇ6P¥6öÇ–3sƒS“Ä÷3FsSSs&÷FV–â„g&vÖVçB’•#cƒC2f–'&–ÆÆ–âÃã3Csc“Cƒ3##CƒbÅG'VRÂÂÂÂÂÂÂÂÄfÇ6RÄfÇ6P¥6öÇ–3sƒcÄÖ–æò6–BG&ç7÷'FW"•#Scb6F–öæ–2Ö–æò6–BG&ç7÷'FW"ÃãCCcƒc#33cCS#srÅG'VRÂÂÂÂÂÂÂÂÄfÇ6RÄfÇ6P¥6öÇ–3sƒƒSÄF–VæVÆ7FöæR‡–G&öÆ6RfÖ–Ç’&÷FV–â•##“#RF–VæVÆ7FöæR‡–G&öÆ6RÃãC3c#S#33SsS#cBÅG'VRÂÂÂÂÂÂÂÂÄfÇ6RÄfÇ6P¥6öÇ–3s“CÄ¶–æWFö6†÷&R&÷FV–âåTc"ÖÆ–¶R&÷FV–â•#SSC’¶–æWFö6†÷&R&÷FV–âçVc"ÂÓã#cCC#ƒs3Sƒ3CSCbÅG'VRÂÂÂÃãÃãsS3cC“sc#ƒ“c3cƒbÃãsS3cC“sc#ƒ“c3cƒbÃRã3s3cc#cCsƒsCVRÓrÅ6öÇ–3s“Cããõ33SrÄfÇ6RÅG'VP¥6öÇ–3s#C#“ÄÆöâ&÷FV6R†öÖöÆörÂÓãC3cSSccsƒCS#2ÅG'VRÂÂÂÂÂÂÂÂÄfÇ6RÄfÇ6P¥6öÇ–3s#C3Â$Æöâ&÷FV6R†öÖöÆör•#3WF–F6R3bÂÆöââ×FW&Ö–æÂ"ÂÓãsCc“c#“sSƒC“ƒ“bÅG'VRÂÂÂÂÂÂÂÂÄfÇ6RÄfÇ6P¥6öÇ–3s#C3Â$Æöâ&÷FV6R†öÖöÆör•#3WF–F6R3bÂÆöââ×FW&Ö–æÂ"ÂÓã3ƒsSs###SƒcBÅG'VRÂÂÂÂÂÂÂÂÄfÇ6RÄfÇ6P¥6öÇ–3s#C3#Â$Æöâ&÷FV6R†öÖöÆör•#CƒRWF–F6R3bÂEÖFWVæFVçB&÷FV6RÆ"ÂÓãc“S3#cS“ƒƒScRÅG'VRÂÂÂÂÂÂÂÂÄfÇ6RÄfÇ6P¥6öÇ–3s#CCÅ&–&÷6R×†÷7†FR—&÷†÷7†ö¶–æ6R•#S“Cb†÷7†÷&–&÷7–Â—&÷†÷7†ö¶–æ6RÃã#S#“sƒ#3S3C“BÅG'VRÂÂÂÂÂÂÂÂÄfÇ6RÄfÇ6P¥6öÇ–3s#CC#Â$$2G&ç7÷'FW"2fÖ–Ç’ÖVÖ&W"’•#C$2G&ç7÷'FW"ÂG&ç6ÖVÖ'&æR&Vv–öâ"Ãã““c3Sƒ3cƒ#C3RÅG'VRÃã““sƒsƒ“3S“3"Ãã“3#ƒCS“cfRÓÃã#s“ƒ“ƒfRÓÃãÃãsƒ““SCsC“c#“cS‚Ããsƒ““SCsC“c#“cS‚ÃBãc“cƒ“ƒ#sƒCsRÓrÅ6öÇ–3s#CC#ããõ3ƒc’ÅG'VRÅG'VP¥6öÇ–3s3ScÂ$DäÖF—&V7FVB$äöÇ–ÖW&6R7V'Væ—B&WFö÷2•#s#"$äöÇ–ÖW&6RÂÇ†7V'Væ—B"ÂÓãC3s#CC#cƒcccS#rÅG'VRÂÂÂÂÂÂÂÂÄfÇ6RÄfÇ6P¥6öÇ–3s3s“ÅVæ¶æ÷vâ&÷FV–âÂÓã##SCcƒsc#“#rÅG'VRÂÂÂÂÂÂÂÂÄfÇ6RÄfÇ6P¥6öÇ–3s3s“SÅƒr„g&vÖVçB’ÂÓã##c3s#sSC#3c3srÅG'VRÂÂÂÃ"ãÃã3C3SC#ƒs““#3BÃã3C3SC#ƒs““#3BÃ2ã““#C#ƒC3sccSvRÓ’Å6öÇ–3s3s“Sããõ3RÄfÇ6RÅG'VP¥6öÇ–3s3s“cÅƒr„g&vÖVçB’Ãã3CSS3S3#S##S“3RÅG'VRÂÂÂÂÂÂÂÂÄfÇ6RÄfÇ6P¥6öÇ–3s3s“ƒÂ%F†–÷&VF÷†–âFöÖ–âÖ6öçF–æ–ær&÷FV–âr•#3Sr&÷FV–âöbVæ¶æ÷vâgVæ7F–öâETc“S2ÂF†–÷&VF÷†–âÖÆ–¶R"ÂÓãƒ“##ƒ#cs3SccÅG'VRÂÂÂÃãÃãs#ƒƒCƒs3ƒ“““c3Ããs#ƒƒCƒs3ƒ“““c3ÃãSC3s“ƒS3“#C333"Å6öÇ–3s3s“ƒããõ3#BÄfÇ6RÅG'VP¥6öÇ–3s3ƒÂ$Ö¶÷&–â&–ærf–ævW"&÷FV–â„g&vÖVçB’•#ƒ“Sr¦–æ2f–ævW"Â34„3B$”är×G—R"ÃãC“#ƒ3s““C“#bÅG'VRÂÂÂÂÂÂÂÂÄfÇ6RÄfÇ6P¥6öÇ–3s3ƒƒÅ6†–¶–ÖFRFV‡–G&övVæ6R•#3ƒFV‡–G&÷V–æ6R6Æ72’Ããƒ#S#33CCc"ÅG'VRÃãƒƒCcSC3CcRÃã“cS3S“##“RÓbÃã3#ƒcC3SFRÓBÂÂÂÂÂÅG'VRÄfÇ6P¥6öÇ–3s3ƒÄ6öFöÖW"7V'Væ—BFVÇF•#"Æöæv–âÖÆ–¶RÃã#3c3ƒsCƒƒc33cÅG'VRÂÂÂÂÂÂÂÂÄfÇ6RÄfÇ6P¥6öÇ–3s3ƒ#Â$6öFöÖW"7V'Væ—BFVÇF•#ƒ“c‚6ÆF‡&–âFF÷"Â×R7V'Væ—BÂ2×FW&Ö–æÂ"Ãã#c#SC“CSCƒSCCBÅG'VRÂÂÂÃ2ãÃãscsƒc#“C“ƒ#rÃãscsƒc#“C“ƒ#rÃãs3C““3s#ƒRÓ‚Å6öÇ–3s3ƒ#ããõ3#µ6öÇ–3s3ƒ#ããõ3Sµ6öÇ–3s3ƒ#ããõ3SBÄfÇ6RÅG'VP¥6öÇ–3s3ƒ3ÅV7F–æ6WG–ÆW7FW&6RÆ–¶R&÷FV–â„g&vÖVçB’•#C“c2V7F–æ6WG–ÆW7FW&6RÃãSc##ƒƒƒcSC#rÅG'VRÂÂÂÂÂÂÂÂÄfÇ6RÄfÇ6P¥6öÇ–3s3““Â%tB×&WVBÖ6öçF–æ–ær&÷FV–â•#sC‚6ÖÆÂ×7V'Væ—B&ö6W76öÖRÂWG""ÂÓãs3cC“C3SƒsC“bÅG'VRÂÓãs3s3“Sss#SsSsƒBÃ‚ã“cc“3SC#sCcS#VRÓÃBãc#ƒ““C“–RÓ’ÂÂÂÂÂÅG'VRÄfÇ6P¥6öÇ–3s3“#sÂ%WF–G–Â×&öÇ–Â6—2×G&ç2—6öÖW&6R•#s’WF–G–Â×&öÇ–Â6—2×G&ç2—6öÖW&6RÂd´%×G—R"ÂÓ"ãC“cƒƒ#s3“s““CC‚ÅG'VRÂÓ"ãC“c3ƒ“css“cƒrÃ"ãs3ƒc3“SSS#c&RÓ2ÃBãSSs3cSƒsƒ3RÓ"ÃãÃãsCC““““3C“ƒ32ÃãsCC““““3C“ƒ32ÃãƒC#S3sS“3#“–RÓÅ6öÇ–3s3“#sããõ3s’ÅG'VRÅG'VP¥6öÇ–3s3“3ƒÄ3–÷&cc†öÖöÆörÃã##S3s“C#ssCCƒSÅG'VRÂÂÂÂÂÂÂÂÄfÇ6RÄfÇ6P¥6öÇ–3s3“C3ÅVæ¶æ÷vâ&÷FV–âÂÓã“ƒs“ƒS333#s"ÅG'VRÂÂÂÂÂÂÂÂÄfÇ6RÄfÇ6P¥6öÇ–3sCCCSÂ%Wc2&VwVÆF÷"öbæöç6Vç6RG&ç67&—G2ÖÆ–¶R&÷FV–â"•#S#&VwVÆF÷"öbæöç6Vç6RÖÖVF–FVBFV6’ÂUc2"ÂÓã“SS#3Cƒ3““Sss#RÅG'VRÂÂÂÂÂÂÂÂÄfÇ6RÄfÇ6P¥6öÇ–3sCCCsÅföÇFvRÖvFVB6†Æ÷&–FR6†ææVÂ•###S6†Æ÷&–FR6†ææVÂÆçB4Ä2ÂÓã333s3c#3scsƒ3cbÅG'VRÂÂÂÃbãÃãCsƒƒs3ƒ##ƒs“"ÃãCsƒƒs3ƒ##ƒs“"Ã’ã“ƒcsc#c3ƒCSfRÓÅ6öÇ–3sCCCsããõ3Cµ6öÇ–3sCCCsããõ3Cµ3sµ3#µ6öÇ–3sCCCsããõ3cSRÄfÇ6RÅG'VP¥6öÇ–3sCCCƒÅG&ç6ÖVÖ'&æR’7WW&fÖ–Ç’&÷FV–âÖVÖ&W"2ÂÓãsSC3cƒcƒƒ3“3“‚ÅG'VRÂÂÂÂÂÂÂÂÄfÇ6RÄfÇ6P¥6öÇ–3sCCS#Â$fW'&VF÷†–â’•##CfW'&VF÷†–âƒ$fRÓ%2’ÂÆçB"ÂÓãs##3ssscCsSbÅG'VRÂÓãs#3S“SCƒ“SS3‚ÃãC““ccC“sSƒfRÓbÃ2ãSSS#SCC#SFRÓbÃ"ãÃãC#ƒc“3ƒ#s3ƒC#rÃãC#ƒc“3ƒ#s3ƒC#rÃ’ãS“Cs3CSs#fRÓ‚Å6öÇ–3sCCS#ããõ3#sµ6öÇ–3sCCS#ããõ3“ÅG'VRÅG'VP¥6öÇ–3sCCSCÂ$E7–çF†6R7V'Væ—BÇ†6†Æ÷&÷Æ7F–2•#ƒ‚E6RÂcô6ö×ÆW‚ÂÇ†ö&WF7V'Væ—BÂâ×FW&Ö–æÂ"ÂÓãS“ccƒ“C3ssSRÅG'VRÂÂÂÂÂÂÂÂÄfÇ6RÄfÇ6P¥6öÇ–3sCCsÅE"&WVB•#““FWG&G&–6÷WF–FRÖÆ–¶R†VÆ–6ÂÂÓãCcS“SC#csCs“#CÅG'VRÂÂÂÂÂÂÂÂÄfÇ6RÄfÇ6P¥6öÇ–3sCCsCÄ7'G–Â&÷FV6RfÖ–Ç’&÷FV–â•#CcWF–F6RÂÓã3“s#c33sƒƒSBÅG'VRÂÂÂÃ"ãÃãC“Cƒ#CCs“CS#"ÃãC“Cƒ#CCs“CS#"Ãã#csSs#C3CƒRÓ‚Å6öÇ–3sCCsCããõ3c#Cµ6öÇ–3sCCsCããõ3c#rÄfÇ6RÅG'VP¥6öÇ–3sCC“ÄWF÷÷6–FRÖ–æGV6VB&÷FV–â"ãB†öÖöÆör•#“ƒ“WF÷÷6–FRÖ–æGV6VB"ãBÃãCcSƒ“cƒ3s“Ss##bÅG'VRÂÂÂÂÂÂÂÂÄfÇ6RÄfÇ6P¥6öÇ–3sCC“cÄTåBFöÖ–â6öçF–æ–ær&÷FV–â•#SC“TåBÂÓãSCCcC##C#“s#BÅG'VRÂÂÂÂÂÂÂÂÄfÇ6RÄfÇ6P¥6öÇ–3sCS“Å&÷FV–â$DÓ•#S#s&÷FV–âöbVæ¶æ÷vâgVæ7F–öâETc“SÂÓã3#Ss#3SƒƒcƒcBÅG'VRÂÂÂÂÂÂÂÂÄfÇ6RÄfÇ6P¥6öÇ–3sCS#“Ä¶–æ6R–çFW&7F–ærfÖ–Ç’&÷FV–â•#cƒB´•ÖÆ–¶RÂÓãSCC3cC3CC“S“RÅG'VRÂÂÂÂÂÂÂÂÄfÇ6RÄfÇ6P¥6öÇ–3sCS3SÄ÷3–sSS3ƒ&÷FV–â„g&vÖVçB’ÂÓãS“cƒSCSƒcS#cs#BÅG'VRÂÓãS“c##sS“SssCC“BÃ‚ãccsCCSSƒ3ss&RÓ‚Ã"ãcCƒCS3“3sƒs“FRÓrÂÂÂÂÂÅG'VRÄfÇ6P¥6öÇ–3sCS3“Ä†—7FöæR6WG–ÇG&ç6fW&6Rt4ãR•#Cƒr'&öÖöFöÖ–âÂÓãS3c“#Ssƒ“3ƒ“#BÅG'VRÂÂÂÂÂÂÂÂÄfÇ6RÄfÇ6P¥6öÇ–3sCSCÄ†—7FöæR6WG–ÇG&ç6fW&6Rt4ãR•#ƒ"t4ãR×&VÆFVBâÖ6WG–ÇG&ç6fW&6RÂÓã3“cs3csC3c33ƒbÅG'VRÂÂÂÂÂÂÂÂÄfÇ6RÄfÇ6P¥6öÇ–3sCSSCÅ6W&–æU÷F‡&Vöæ–æR×&÷FV–â†÷7†F6R„g&vÖVçB’•#““FWG&G&–6÷WF–FRÖÆ–¶R†VÆ–6ÂÃãCcs“CsCƒcsÅG'VRÂÂÂÃ"ãÃãƒ3“S“3sc“3s’Ããƒ3“S“3sc“3s’Ããc3SCCCc#“3“sCFRÓrÅ6öÇ–3sCSSCããõ33sµ6öÇ–3sCSSCããõ3#“’ÄfÇ6RÅG'VP¥6öÇ–3sCSSSÅ&2×&VÆFVB&÷FV–â&"Ó#R•#SS“R&#×&VÆFVBÂÓãS3ƒ“css33“##2ÅG'VRÂÂÂÃ"ãÃãSƒ##3CcCscƒSc"ÃãSƒ##3CcCscƒSc"Ãã#sƒ##SSSS6RÓrÅ6öÇ–3sCSSSããõ3ƒµ6öÇ–3sCSSSããõ3ƒ2ÄfÇ6RÅG'VP¥6öÇ–3sCScÂ%G&ç6ÖVÖ'&æR&÷FV–â•#“c3rG&ç6ÖVÖ'&æR&V6WF÷"ÂWV¶'–÷F"ÂÓãSC“#ƒƒSsƒCC“cSrÅG'VRÂÂÂÃãÃãs3SƒCCss“3cbÃãs3SƒCCss“3cbÃ’ã“SS33CCSc#6RÓrÅ6öÇ–3sCScããõ3CƒRÄfÇ6RÅG'VP¥6öÇ–3sCSc#Ä÷3&s#ƒ3ƒ&÷FV–â„g&vÖVçB’ÂÓãc#ssCS3“Cƒ“RÅG'VRÂÂÂÂÂÂÂÂÄfÇ6RÄfÇ6P¥6öÇ–3sCSc3ÄvVæöÖ–2Dä6‡&öÖ÷6öÖRR6ÆöæRÕ„3rÃã##“s3“3“3“"ÅG'VRÂÂÂÂÂÂÂÂÄfÇ6RÄfÇ6P¥6öÇ–3sCScCÅG&ç6ÖVÖ'&æRV×#BFöÖ–âÖ6öçF–æ–ær&÷FV–â•#3C‚V×#Eöw#TÅ÷#BÃãCƒ3“CSC“ssƒ#3CBÅG'VRÂÂÂÂÂÂÂÂÄfÇ6RÄfÇ6P¥6öÇ–3sCsÂ&Õ$äW‡÷'Bf7F÷"•##Cs"r×&÷FV–â&WFtBÓC&WVBÂ&Vv–öâ"ÂÓã3###CcƒcCc#c3BÅG'VRÂÂÂÂÂÂÂÂÄfÇ6RÄfÇ6P¥6öÇ–3sCs3Â$&WF×‡–Æ÷6–F6RB•#scBvÇ–6÷6–FR‡–G&öÆ6RÂfÖ–Ç’2Ââ×FW&Ö–æÂ"Ãã#Cƒ#cS3SƒcƒC"ÅG'VRÂÂÂÂÂÂÂÂÄfÇ6RÄfÇ6P¥6öÇ–3sCsSÂ$G–æÖ–âÖÆ–¶R&÷FV–â•#CG–æÖ–âÂuE6R&Vv–öâ"ÂÓã33ss“Sƒƒs“c3“RÅG'VRÂÂÂÃãÃãSƒSS3cc#ƒ3ƒs#bÃãSƒSS3cc#ƒ3ƒs#bÃrãccS333#ƒCƒcfRÓbÅ6öÇ–3sCsSããõ3c3BÄfÇ6RÅG'VP¥6öÇ–3sCs#Â'E$äwVæ÷6–æRÓ%ö÷2ÔòÖÖWF‡–ÇG&ç6fW&6RE$Ó†öÖöÆör•#cc“E$äwVæ÷6–æRÓ"ÔòÖÖWF‡–ÇG&ç6fW&6RÂE$Ó"ÃãC“3cc#3“c“#SrÅG'VRÂÂÂÂÂÂÂÂÄfÇ6RÄfÇ6P¥6öÇ–3sCs3Â%$äÖ&–æF–ær&÷FV–â%¢Ó•#SCcR$ä&V6övæ—F–öâÖ÷F–bÂvÇ–6–æR&–6‚&÷FV–â"ÂÓãCSC“SS#ƒccƒ3cƒ‚ÅG'VRÂÂÂÂÂÂÂÂÄfÇ6RÄfÇ6P¥6öÇ–3sCsCÂ%&V6WF÷"Æ–¶R¶–æ6RÂ$Ä²"ÃãCƒƒcs#CƒƒcSRÅG'VRÂÂÂÂÂÂÂÂÄfÇ6RÄfÇ6P¥6öÇ–3sCs#ÅVæ¶æ÷vâ&÷FV–â•#ƒc’‡–66–âÂÓãS3cc#SC3c3#“ÅG'VRÂÂÂÃBãÃãS3C#sS“3“s“2ÃãS3C#sS“3“s“2Ã"ã3Cƒ###sSc#VRÓrÅ6öÇ–3sCs#ããõCCcµ6öÇ–3sCs#ããõCCcµCS2ÄfÇ6RÅG'VP¥6öÇ–3sCs##ÄvVæöÖ–2Dä6‡&öÖ÷6öÖRR6ÆöæRÔ„£#BÃãS“S3c###sc#“CS’ÅG'VRÂÂÂÃ"ãÃãsSccsƒCc“3ƒ“3ƒ"ÃãsSccsƒCc“3ƒ“3ƒ"ÃãCS“ƒSc#33##3cVRÓbÅ6öÇ–3sCs##ããõ3#µ6öÇ–3sCs##ããõ3“"ÄfÇ6RÅG'VP¥6öÇ–3sCs#CÂ$ææW†–â•#“‚ææW†–âÂG—RÆçB"ÂÓã3“““ƒC“s“3sCsRÅG'VRÂÓã3“csS“33C#3SCrÃBãSC#s3sC3vRÓ"ÃBãsSCc#sC““CfRÓÂÂÂÂÂÅG'VRÄfÇ6P¥6öÇ–3sCs#sÅ÷F76—VÒG&ç7÷'FW"fÖ–Ç’&÷FV–â•#3ƒSR²²÷F76—VÒG&ç7÷'FW"ÂÓãS#cCSs#ƒƒSsƒ"ÅG'VRÂÂÂÃãÃã“csCsSC3sCÃã“csCsSC3sCÃãsS“s“c#Sƒ“&RÓbÅ6öÇ–3sCs#sããõ3s’ÄfÇ6RÅG'VP¥6öÇ–3sCs#“Å6W&–æU÷F‡&Vöæ–æR†÷7†F6RfÖ–Ç’&÷FV–â•#ScSR&÷FV–â†÷7†F6R$2ÃãC“CSS“33ÅG'VRÂÂÂÂÂÂÂÂÄfÇ6RÄfÇ6P¥6öÇ–3sCs3ÄvÇWF×–Â×E$ä„vÆâ’Ö–F÷G&ç6fW&6R7V'Væ—B•##Ö–F6R6–væGW&RVç§–ÖRÃã#c3ƒSSƒs#3bÅG'VRÂÂÂÂÂÂÂÂÄfÇ6RÄfÇ6P¥6öÇ–3sCs3#Â$62Öæ'2ÖÇ'"Â&W6—7Fæ6R&÷FV–â"ÂÓã3#S#3CcScCc"ÅG'VRÂÓã#“cƒC#““3“CCCbÃ2ãC““s3##s3cƒ&RÓ"Ã2ãƒs3csc#cc#CVRÓÂÂÂÂÂÅG'VRÄfÇ6P¥6öÇ–3sCs3sÅVçFG&–6÷WF–FR&WVBÖ6öçF–æ–ær&÷FV–â•##ƒƒRVçFG&–6÷WF–FR&WVBÃãCcScSc#ƒsC#3bÅG'VRÂÂÂÂÂÂÂÂÄfÇ6RÄfÇ6P¥6öÇ–3sCsCÂ$äD‚×V–æöæR÷†–F÷&VGV7F6R7V'Væ—BB•#3RäD‚×V–æöæR÷†–F÷&VGV7F6RÂ7V'Væ—BB"ÂÓãsƒs“cs“CC33‚ÅG'VRÂÓãscsSCC3s“c3sSÃrã33cC#cs#FRÓRÃã3S3s#S3ƒccsS‚ÂÂÂÂÂÅG'VRÄfÇ6P¥6öÇ–3sCsCÅ†÷F÷7—7FVÒ”’5C26†Æ÷&÷‡–ÆÂ÷&÷FV–â•#“3"†÷F÷7—7FVÒçFVææ&÷FV–âÖÆ–¶RÂÓ2ã3##ƒƒCƒSƒƒ##S“BÅG'VRÂÓ2ã3SCc3SC3“ƒCƒ"ÃãcSƒ“ƒS3ƒ#“#S6RÓ"Ã"ã“s3S##csSfRÓÂÂÂÂÂÅG'VRÄfÇ6P¥6öÇ–3sCsc3Äæ—G&–Æ6Uö7–æ–FR‡–G&F6RæBöÆ—÷&÷FV–ââÖ7–ÇG&ç6fW&6R•#3æ—G&–Æ6Uö7–æ–FR‡–G&F6RæBöÆ—÷&÷FV–ââÖ7–ÇG&ç6fW&6RÃã##“SS#“ƒc#ƒƒ#2ÅG'VRÂÂÂÂÂÂÂÂÄfÇ6RÄfÇ6P¥6öÇ–3sCscCÄtDG&ç67&—F–öâf7F÷"#R•#C"45BFöÖ–âÂÓã3ƒ3#3CcƒCƒ3#ƒcrÅG'VRÂÂÂÃãÃãcƒc##c“Cƒ#sc“bÃãcƒc##c“Cƒ#sc“bÃãc“ƒ“C“S##“scÂÄfÇ6RÅG'VP¥6öÇ–3sCscSÇ„ÕD5•#c#R4„4‚ÃãSscSsSs3s3‚ÅG'VRÂÂÂÂÂÂÂÂÄfÇ6RÄfÇ6P¥6öÇ–3sCs“3ÅWF–FRÖWF†–öæ–æR7VÆf÷†–FR&VGV7F6R×7$"•##Ss’ÖWF†–öæ–æR7VÇ†÷†–FR&VGV7F6R"Ãã“C“3C“3Cs#“‚ÅG'VRÂÂÂÂÂÂÂÂÄfÇ6RÄfÇ6P¥6öÇ–3sCs“SÄ–æ÷&væ–2—&÷†÷7†F6RfÖ–Ç’&÷FV–â•#ƒc"–æ÷&væ–2—&÷†÷7†F6RÂÓãsƒ“3S#S33Sƒ’ÅG'VRÂÓãsƒ“cS3“3#ƒC3c‚ÃãƒS3ƒS“CCS3SVRÓÃ’ã“cc“ƒƒCc†RÓÂÂÂÂÂÅG'VRÄfÇ6P¥6öÇ–3sCƒ3ÄÖ¦÷"ÆFW‚ÖÆ–¶R&÷FV–â•#“b&WBb’ÆÆW&vVâÂÓãSs#ƒscƒ33##C#bÅG'VRÂÓãSc“CCscC3SS"Ãã3c3ƒsS###SfRÓÃ‚ãcƒ“c“3scs##ƒfRÓÂÂÂÂÂÅG'VRÄfÇ6P¥6öÇ–3sC“#Â%6W&–æR6&&÷‡—WF–F6R•#Sc2WF–F6R3Â6W&–æR6&&÷‡—WF–F6R"ÂÓãSCƒcƒ“ƒ3SƒC2ÅG'VRÂÂÂÂÂÂÂÂÄfÇ6RÄfÇ6P¥6öÇ–3sC“3cÄ7–6Æ–âÖFWVæFVçB&÷FV–â¶–æ6R&VwVÆF÷"ÖÆ–¶R&÷FV–â•#SCS2s%öÖ—F÷F–2×7V6–f–27–6Æ–âÂÓã3s“cSs“cƒssCrÅG'VRÂÓã3#ƒ“#3s3bÃrãƒscS33c“S3CcFRÓ‚Ã"ãC#3#3#s#Cc3SVRÓrÃ"ãÃãƒc“sscc3#CÂÓãƒc“sscc3#CÃã3ƒ3“Cs“S3s‚Å6öÇ–3sC“3cããõ3ÅG'VRÅG'VP¥6öÇ–3sC“c#Å&övW7FW&öæRRÖ&WF×&VGV7F6RÖ&–æF–ærFöÖ–âÂÓã33ƒ““sCƒs3ƒSBÅG'VRÂÂÂÂÂÂÂÂÄfÇ6RÄfÇ6P¥6öÇ–3sC“cSÅV&—V—F–â6&&÷‡–Â×FW&Ö–æÂ‡–G&öÆ6R•##ƒb†—7FöæRFV6WG–Æ6R7WW&fÖ–Ç’ÂÓã#ƒ#cƒs##cƒc32ÅG'VRÂÂÂÂÂÂÂÂÄfÇ6RÄfÇ6P¥6öÇ–3sC“sÂ$EÖFWVæFVçB6Ç&÷FV6R&÷FVöÇ—F–27V'Væ—B•#“rWF–F6R3BÂ6Ç"ÃãCC“3sSƒ3ƒ#ƒ“#’ÅG'VRÂÂÂÂÂÂÂÂÄfÇ6RÄfÇ6P¥6öÇ–3sC“ƒSÅD•CÖÆ–¶R&÷FV–â•#s32D•CÖÆ–¶R&÷FV–âÂÓã3c#3s#333sCBÅG'VRÂÂÂÂÂÂÂÂÄfÇ6RÄfÇ6P¥6öÇ–3sC“ƒ“Å†÷7†övÇ–6W&FRFV‡–G&övVæ6R•#SS‚BÓ2×†÷7†öw–Æ6W&FRFV‡–G&övVæ6RÂÓãƒ“S“ƒsƒssCcs"ÅG'VRÂÓãƒ“Ss“3c#C“#sƒ’ÃãSc#sS#“#“ƒSSƒRÓÃã3cCc#s#33csvRÓÂÂÂÂÂÅG'VRÄfÇ6P¥6öÇ–3sC““sÄ·–çW&Væ–æRf÷&ÖÖ–F6R•#s3#RWFF—fR7–6Æ6RÂÓã#scCCƒ“ssƒBÅG'VRÂÓã““CC3ccS“ssss‚Ãã#CS#3“ƒ“FRÓ’ÃRãs33s““Cs3fRÓ’ÂÂÂÂÂÅG'VRÄfÇ6P¥6öÇ–3sScÄVÆ–6—F÷"×&W7öç6—fR&÷FV–â2•#ƒ#’3"ÖVÖ'&æRF&vWF–ær&÷FV–âÃãSsƒ“ƒC“#3ƒ#S2ÅG'VRÂÂÂÂÂÂÂÂÄfÇ6RÄfÇ6P¥6öÇ–3sSÂ$Å%"&V6WF÷"ÖÆ–¶R6W&–æU÷F‡&Vöæ–æR×&÷FV–â¶–æ6RÂ$Å"ÂÓã#SCCS#sƒ#cƒCCrÅG'VRÂÂÂÂÂÂÂÂÄfÇ6RÄfÇ6P¥6öÇ–3sScÂ$6ffV÷–ÂÔ6ô2ÔòÖÖWF‡–ÇG&ç6fW&6R•##“3RòÖÖWF‡–ÇG&ç6fW&6RÂfÖ–Ç’2"ÂÓã#S#““c“s““3’ÅG'VRÂÂÂÂÂÂÂÂÄfÇ6RÄfÇ6P¥6öÇ–3sS#3Â$Ç†2gV6÷7–ÇG&ç6fW&6R•#S2vÇ–6÷7–ÂG&ç6fW&6RÂfÖ–Ç’"ÂÓãCƒ#cCƒC3C‚ÅG'VRÂÂÂÃãÃãc3s#CƒscS““c“‚Ããc3s#CƒscS““c“‚Ããcc3Sc“3sCccRÂÄfÇ6RÅG'VP¥6öÇ–3sSSCÆÕ$ä5ö÷2ÖVæB×&ö6W76–ær&÷FV–â&æB•#ƒƒCr7W&W76÷"öbf÷&¶VBÂÓã3CC3cƒC3“C##c’ÅG'VRÂÂÂÂÂÂÂÂÄfÇ6RÄfÇ6P¥6öÇ–3sSƒCÂ%WF–F6R3’&öÇ–ÂöÆ–v÷WF–F6R7F—fR6—FRFöÖ–â&÷FV–â•#3sRWF–F6R3’Â&öÇ–ÂöÆ–v÷WF–F6R7F—fR6—FR&Vv–öâ"ÂÓãCƒCCƒƒC““Ss#sƒbÅG'VRÂÂÂÂÂÂÂÂÄfÇ6RÄfÇ6P¥6öÇ–3sSƒcÂ%öÇ–FVç–ÆFRÖ&–æF–ær&÷FV–âB•##csrçV6ÆV÷F–FRÖ&–æF–ærÂÇ†Ö&WFÆ—B"ÂÓãc“ƒƒƒ#C3ssƒ‚ÅG'VRÂÓãss#c““ƒ“ƒ2Ã2ãƒsC#3C“3#“3RÓÃ"ã“ƒcSCƒ#C#s6RÓ’ÂÂÂÂÂÅG'VRÄfÇ6P¥6öÇ–3sSƒ“Äæ—G&—FR&VGV7F6R•#ccræ—G&—FRæB7VÇ†—FR&VGV7F6RDfRÓE2&Vv–öâÂÓãsƒScCCƒ“’ÅG'VRÂÓãsƒ#3ƒss“ƒƒ#3‚ÃBãc33#ƒsSS“†RÓÃ2ã3““sƒs“sC#S†RÓÂÂÂÂÂÅG'VRÄfÇ6P¥6öÇ–3sS#Ä7—Fö6‡&öÖRCSÃãc3s#ss#C“3s“#RÅG'VRÃãc3“sƒsSc“cScC3"Ãã#“cƒssc#C“RÓ"Ããc“ƒcsSsScCC†RÓÂÂÂÂÂÅG'VRÄfÇ6P¥6öÇ–3sSÄäBFWVæFVçBW–ÖW&6UöFV‡–G&F6RfÖ–Ç’&÷FV–âÖ&–æF–ærFöÖ–âÂÓãSƒƒc“ƒc#sbÅG'VRÂÓãcƒƒƒƒcs3#2ÃBãƒƒ3Ccc##C3sc–RÓ‚ÃãSƒscƒSƒƒ#ƒ†RÓrÂÂÂÂÂÅG'VRÄfÇ6P¥6öÇ–3sS#Ä7—Fö6‡&öÖR2&–övVæW6—2&÷FV–âfÖ–Ç’•#sƒb&W4"ÖÆ–¶RÃãs#s3sƒS#s’ÅG'VRÂÂÂÂÂÂÂÂÄfÇ6RÄfÇ6P¥6öÇ–3sS3Â$EÖFWVæFVçB6Ç&÷FV6R&÷FVöÇ—F–27V'Væ—B•#ƒ#RWF–F6R3BÂ6ÇÂ7F—fR6—FR"ÃãC3ƒ“3C#ƒƒ#“ƒBÅG'VRÂÂÂÂÂÂÂÂÄfÇ6RÄfÇ6P¥6öÇ–3sS3CÄFVç–Ç–Â7–6Æ6RÖ76ö6–FVB&÷FV–â•#ƒ3rFVç–ÆFR7–6Æ6RÖ76ö6–FVB4ÂÓã33ScSCSSCsƒBÅG'VRÂÂÂÃãÃãSƒS33s3cCƒ3‚ÃãSƒS33s3cCƒ3‚Ã"ãƒƒ“#Sc3SSƒS#†RÓbÅ6öÇ–3sS3Cããõ33RÄfÇ6RÅG'VP¥6öÇ–3sS3ƒÂ$vÇ–6–æR×&–6‚$äÖ&–æF–ær&÷FV–â•#SCcR$ä&V6övæ—F–öâÖ÷F–bÂvÇ–6–æR&–6‚&÷FV–â"ÂÓã33ƒcsSCs#“s#2ÅG'VRÂÂÂÂÂÂÂÂÄfÇ6RÄfÇ6P¥6öÇ–3sS3“Â%$äÖ&–æF–ærvÇ–6–æR×&–6‚&÷FV–âÓ"•#SCcR$ä&V6övæ—F–öâÖ÷F–bÂvÇ–6–æR&–6‚&÷FV–â"ÃãS3cS33cCS#CbÅG'VRÂÂÂÂÂÂÂÂÄfÇ6RÄfÇ6P¥6öÇ–3sS#C“Ä—6öfÆföæR&VGV7F6RÖÆ–¶R&÷FV–âR•#ƒ3æ×$ÖÆ–¶RÃãSC“#SCƒ#33S“2ÅG'VRÂÂÂÂÂÂÂÂÄfÇ6RÄfÇ6P¥6öÇ–3sS#SÄ—6öfÆföæR&VGV7F6RÖÆ–¶R&÷FV–âR•#ƒ3æ×$ÖÆ–¶RÂÓã3CSsSCƒcC3##ÅG'VRÂÂÂÂÂÂÂÂÄfÇ6RÄfÇ6P¥6öÇ–3sS#S#ÅÆçB7–æF÷FvÖ–â•#ƒ#’3"ÖVÖ'&æRF&vWF–ær&÷FV–âÂÓãSsSSC“ss3ƒ#3bÅG'VRÂÂÂÂÂÂÂÂÄfÇ6RÄfÇ6P¥6öÇ–3sS#ccÃC2&–&÷6öÖÂ&÷FV–â3#RÓ•#C“sr&–&÷6öÖÂ&÷FV–â3#RÂÓãƒsscSƒcs3#ƒC3#rÅG'VRÂÓãƒƒ##“ƒc“#cs#rÃãSS3s3cƒ“sƒ#“RÓ‚ÃRãcƒ#“cS“CƒCs3CvRÓ‚ÂÂÂÂÂÅG'VRÄfÇ6P¥6öÇ–3sS#ƒƒÂ$Å%"&V6WF÷"ÖÆ–¶R6W&–æU÷F‡&Vöæ–æR×&÷FV–â¶–æ6RÂ$Å"Ãã#c#s33SsƒS#ƒ“bÅG'VRÂÂÂÂÂÂÂÂÄfÇ6RÄfÇ6P¥6öÇ–3sSCCÃ#e2&÷FV6R&VwVÆF÷'’7V'Væ—B•#S“3r#e2&÷FV6öÖR7V'Væ—BCRÃã“ƒsSƒS“#SS’ÅG'VRÂÂÂÂÂÂÂÂÄfÇ6RÄfÇ6P¥6öÇ–3sSC#ƒÄ†Æö6–BFV†ÆövVæ6RÖÆ–¶R‡–G&öÆ6RfÖ–Ç’&÷FV–â•#Sƒ3B†Æö6–BFV†ÆövVæ6RÖÆ–¶R‡–G&öÆ6RÂÓã“sC3#cc#C#CCbÅG'VRÂÓã“sC“#csSSS3C3S3bÃãƒsS3CCCƒ3CƒFRÓÃãSs333C3S“#cvRÓÂÂÂÂÂÅG'VRÄfÇ6P¥6öÇ–3sSC3#Ä6ö–ÆVBÖ6ö–ÂFöÖ–âÖ6öçF–æ–ær&÷FV–â“"Ö—Fö6†öæG&–Â•##C3’&÷FV–âöbVæ¶æ÷vâgVæ7F–öâETccCÃãƒƒC#Ccc“3““3’ÅG'VRÂÂÂÂÂÂÂÂÄfÇ6RÄfÇ6P¥6öÇ–3sSC33Â$6VÆÇVÆ"çV6ÆV–26–BÖ&–æF–ær&÷FV–â•#3ƒB¦–æ2f–ævW"Â44„2&WG&÷f—&Â×G—R"ÂÓãCC“Ccc3ƒsƒs“CÅG'VRÂÂÂÂÂÂÂÂÄfÇ6RÄfÇ6P¥6öÇ–3sSCsƒÄ6WG–ÂW7FW&6R•#3“BÇ†ö&WF‡–G&öÆ6RföÆBÓ2ÂÓãs“ƒssƒs“ƒ333#‚ÅG'VRÂÓãs#C““s“c3ƒSscBÃ2ãs#csC#“sC““RÓÃ"ãƒ#CSc33cScS“SfRÓÂÂÂÂÂÅG'VRÄfÇ6P¥6öÇ–3sSCƒsÅG&–÷6W†÷7†FR—6öÖW&6R•#cS"G&–÷6W†÷7†FR—6öÖW&6RÂÓã3S#ƒ#CS##s#3“3"ÅG'VRÂÂÂÂÂÂÂÂÄfÇ6RÄfÇ6P¥6öÇ–3sSCƒƒÂ%G&ç6Æö6öâÖ76ö6–FVB&÷FV–âÇ†7V'Væ—BÂÇ†7V'Væ—B"ÂÓã“ƒ3ƒcs“SSsS‚ÅG'VRÂÂÂÂÂÂÂÂÄfÇ6RÄfÇ6P¥6öÇ–3sSC“Â%WF–G–Â×&öÇ–Â6—2×G&ç2—6öÖW&6R•##3WF–G–Â×&öÇ–Â6—2×G&ç2—6öÖW&6RÂ7–6Æ÷†–Æ–â×G—R"ÂÓãƒ3C““cSCs##“’ÅG'VRÂÓãƒ#“S#“ssƒ#sƒs3‚Ã"ãƒ##““sC#C#VRÓbÃbã3C##CƒsS#sSsRÓbÂÂÂÂÂÅG'VRÄfÇ6P¥6öÇ–3sSS#ÄF—6V6R&W6—7Fæ6R&W7öç6R•#C#cRÆçBF—6V6R&W6—7Fæ6R&W7öç6R&÷FV–âÃãSs3“sCsƒssCC3rÅG'VRÂÂÂÂÂÂÂÂÄfÇ6RÄfÇ6P¥6öÇ–3sSSCSÅV&—V—F–â×&÷FV–âÆ–v6RB•#Sc’„T5BÂÓãƒc3S3ƒ“CcC“’ÅG'VRÂÓãƒc3SCsCc##sS3#ƒ2Ã"ãSc#ƒ#ƒS#“cFRÓ"Ã"ã“ƒsCCC#s“†RÓÃãÃãC3C#S“sƒ#S#rÃãC3C#S“sƒ#S#rÃ2ã#C“C3“scSsC3cfRÓ‚Å6öÇ–3sSSCSããõ33“µ6öÇ–3sSSCSããõ3C“Cµ6öÇ–3sSSCSããõ3C“Sµ6öÇ–3sSSCSããõ3ƒƒµ6öÇ–3sSSCSããõ3ƒƒµ6öÇ–3sSSCSããõ3ƒƒCµ6öÇ–3sSSCSããõ3“sƒµ6öÇ–3sSSCSããõ3“ƒRÅG'VRÅG'VP¥6öÇ–3sSSc3ÄV÷&–â•###c’V÷&–âÂÓãcCsC“s3ƒCƒS“rÅG'VRÂÂÂÃRãÃã#3#ƒ“s#ƒcsƒCbÃã#3#ƒ“s#ƒcsƒCbÃãScC#ƒ“s#ƒ†RÓ‚Å6öÇ–3sSSc3ããõ3#scµ3#s“µ6öÇ–3sSSc3ããõ3#s“µ6öÇ–3sSSc3ããõ3#s“µC#ƒ"ÄfÇ6RÅG'VP¥6öÇ–3sSScCÅ&RÖÕ$ä×7Æ–6–ærf7F÷"7–c"•#3#cÕ$ä7Æ–6–ærf7F÷"5”c"ÂÓã#C3ƒCsc“sSS‚ÅG'VRÂÂÂÃãÃãcS#33sCcsƒScÂÓãcS#33sCcsƒScÃã#“c3ccSs#3CcCBÅ6öÇ–3sSScCããõ3sCµ3sbÄfÇ6RÅG'VP¥6öÇ–3sSScsÂ%b×G—RE7–çF†6R&WF6†–â•#Ss#2E6RÂc6ö×ÆW‚Â7V'Væ—B""ÂÓãc“ss3s#s3c“#s2ÅG'VRÂÓãc“ƒ“3“#Cc"Ã"ãc#sSsƒC#FRÓÃãSS3“ƒc“s3C#RÓ’ÂÂÂÂÂÅG'VRÄfÇ6P¥6öÇ–3sSScƒÅV&—V–æöæUöÖVæV–æöæR&–÷7–çF†W6—2ÖWF‡–ÇG&ç6fW&6RV&”R•#3sR7FW&öÂÖWF‡–ÇG&ç6fW&6R2×FW&Ö–æÂÂÓãƒƒ#Cscc#S““c"ÅG'VRÂÓãƒƒ#scƒcc“3“rÃRãc#“ƒ#cs3SƒfRÓ’Ã"ã#“ƒsSSsƒƒfRÓ‚ÂÂÂÂÂÅG'VRÄfÇ6P¥6öÇ–3sSSs#Ä¶–æ6RfÖ–Ç’&÷FV–â•#Ssƒ2DÕ$²6W&–æU÷F‡&Vöæ–æR&÷FV–â¶–æ6RÖÆ–¶RÂÓã#3C““ƒcƒ#S"ÅG'VRÂÂÂÃãÃãcSƒƒƒ###“CsbÃãcSƒƒƒ###“CsbÃ"ãs#sƒsCCƒSc&RÓRÅ6öÇ–3sSSs#ããõCS‚ÄfÇ6RÅG'VP¥6öÇ–3sSSƒÂ$6†—F–æ6R•#c#ƒ2vÇ–6÷6–FR‡–G&öÆ6RÂfÖ–Ç’’"Ãã33“Cƒ#ƒCsCs’ÅG'VRÃã3CsSs3c#c#cS2Ã"ã#3CCƒ3“ƒ3Scƒ6RÓbÃRã#“ScCcƒ#cƒFRÓbÂÂÂÂÂÅG'VRÄfÇ6P¥6öÇ–3sSSƒÂ$VæFö6†—F–æ6R„6†—F–æ6R’•#c#ƒ2vÇ–6÷6–FR‡–G&öÆ6RÂfÖ–Ç’’•#ƒ3s6†—F–âÖ&–æF–ærÂG—RÂ6öç6W'fVB6—FR•#s#bvÇ–6÷6–FR‡–G&öÆ6RÂfÖ–Ç’’Â6FÇ—F–2•#"6†—F–âÖ&–æF–ærÂG—R"ÃãsSCsS#sc“ccsÅG'VRÃãsSƒCc#c“ƒƒC3BÃ"ãSCc#S3#3Ss6RÓ‚ÃrãcS“C#ƒsSsƒVRÓ‚ÂÂÂÂÂÅG'VRÄfÇ6P¥6öÇ–3sSSƒ#Â$6†—F–æ6R•#s#bvÇ–6÷6–FR‡–G&öÆ6RÂfÖ–Ç’’Â6FÇ—F–2"Ãã#cSƒc3“cSc“c32ÅG'VRÂÂÂÂÂÂÂÂÄfÇ6RÄfÇ6P¥6öÇ–3sc“3Â$66V–â¶–æ6R”’7V'Væ—B&WFÓB•#sB66V–â¶–æ6R”’Â&VwVÆF÷'’7V'Væ—B"ÂÓãcƒcss#ƒ3S“S“ƒÅG'VRÂÓãcƒcCcsc#ƒ##’Ã"ã#ƒC“sCƒSFRÓÃã3s3ƒCCS“ƒ“s3VRÓ’ÃãÃãssSs3s#3ƒƒsc’ÃãssSs3s#3ƒƒsc’Ãã3#cScs3Ccs6RÓbÅ6öÇ–3sc“3ããõ3ÅG'VRÅG'VP¥6öÇ–3sc“sÃc2&–&÷6öÖÂ&÷FV–âÃ3v•##csB&–&÷6öÖÂ&÷FV–âÃ3vRÂÓãCcsss“c“C#sSrÅG'VRÂÂÂÂÂÂÂÂÄfÇ6RÄfÇ6P¥6öÇ–3sc#cÂ$G–æÖ–âÆ–¶R&÷FV–â•#CG–æÖ–âÂuE6R&Vv–öâ"Ãã3SS3Cs#CS3“C3rÅG'VRÂÂÂÂÂÂÂÂÄfÇ6RÄfÇ6P¥6öÇ–3sc#ƒÂ%öÇ–FVç–ÆFRÖ&–æF–ær&÷FV–â•#SB$ä&V6övæ—F–öâÖ÷F–bÂ$åÓ"ÂÓãc3c#cS“3ƒS"ÅG'VRÂÓãc3cSSC“Cƒc"Ãã#c3cscC“3“SFRÓ’Ãbã#333SSs3“cCfRÓ’ÃãÃãsS“S“sƒC“cc’ÃãsS“S“sƒC“cc’Ã2ãs#C#“3cRÓrÅ6öÇ–3sc#ƒããõ3c#"ÅG'VRÅG'VP¥6öÇ–3sc#3CÂ%öÇ–FVç–ÆFRÖ&–æF–ær&÷FV–â•#SB$ä&V6övæ—F–öâÖ÷F–bÂ$åÓ"ÂÓã3cSSƒƒƒsSRÅG'VRÂÂÂÃ"ãÃãc3cƒ3“#c#cSƒBÃãc3cƒ3“#c#cSƒBÃRã“CsSCC“ƒ“6RÓRÅ6öÇ–3sc#3Cããõ3µ6öÇ–3sc#3Cããõ3S3rÄfÇ6RÅG'VP¥6öÇ–3ssCSÂ$—6ö6—G&FRFV‡–G&övVæ6R•#CC3B—6ö6—G&FRFV‡–G&övVæ6RäBÖFWVæFVçBÂÖ—Fö6†öæG&–Â"Ãã#3C#Cƒ##““ssƒ“C"ÅG'VRÂÂÂÂÂÂÂÂÄfÇ6RÄfÇ6P¥6öÇ–3ssCSCÄW‡&W76VB&÷FV–â„g&vÖVçB’•#cscb†÷7†FRÖ–æGV6VB&÷FV–â6öç6W'fVB&Vv–öâÂÓãc“cS3#CC“3ƒsCBÅG'VRÂÓãc“ƒ#Sc##3#3sCCbÃ"ãCsƒs3cs“cS#FRÓÃã#Csc#“sSsƒƒ&RÓ’ÂÂÂÂÂÅG'VRÄfÇ6P¥6öÇ–3ssCScÄçV6ÆVöÆ"6ö×ÆW‚&÷FV–âB†öÖöÆör•#Sc"44BÖ&–æF–ærf7F÷"ÂÓã#ƒ3CCccss“CÅG'VRÂÂÂÃãÃãS“S“#ƒc3cƒcS“SCrÃãS“S“#ƒc3cƒcS“SCrÃã#S#ccƒc“C#‚Å6öÇ–3ssCScããõ3Cs2ÄfÇ6RÅG'VP¥6öÇ–3ssCSsÄ6Æ6—VÒFWVæFVçB&÷FV–â¶–æ6Rb•###“6W&–æU÷F‡&Vöæ–æR&÷FV–â¶–æ6RÂÓã#CS3ƒƒsc“ƒrÅG'VRÂÂÂÃ"ãÃãcc3s“ƒ“sSƒC#’Ããcc3s“ƒ“sSƒC#’Ããƒƒ“CS#s“S“SS‚Å6öÇ–3ssCSsããõ3SCSµ3SC“µ6öÇ–3ssCSsããõCSCµ3SCSµ3SC’ÄfÇ6RÅG'VP¥6öÇ–3ssCSƒÄÖ–æö7–Æ6R5“æB&VÆFVBÖWFÆÆöW†÷WF–F6W2„•52’ÃãsS#3“sƒ#“SƒCC2ÅG'VRÃãscƒ3s#S#sC3ƒÃ"ã3S#SS3ƒCS3S3†RÓÃãƒ“sC3ccCsc&RÓÂÂÂÂÂÅG'VRÄfÇ6P¥6öÇ–3ssCS“ÅçF÷F†VæFR¶–æ6RB•#c“C’Væ6†&7FW&—6VB6öç6W'fVB&÷FV–âT53#Ãã#cƒƒ#sc3SSC3“ƒ“BÅG'VRÂÂÂÂÂÂÂÂÄfÇ6RÄfÇ6P¥6öÇ–3ssCc3ÄE×&–&÷7–ÆF–öâf7F÷"•#ccƒ‚E×&–&÷7–ÆF–öâf7F÷"Ãã#“csƒS3“S#c“BÅG'VRÂÂÂÂÂÂÂÂÄfÇ6RÄfÇ6P¥6öÇ–3ssCcSÂ$vÇ–6÷7–ÂG&ç6fW&6RfÖ–Ç’‚•##C“RvÇ–6÷7–ÂG&ç6fW&6RÂfÖ–Ç’‚"ÂÓãcCcSC3cƒ#cƒS‚ÅG'VRÂÓãcCcSSCs“s#csÃrãc3c3S3ƒS““C†RÓ’Ã2ã3S3“s#ƒS3CS6RÓ‚ÂÂÂÂÂÅG'VRÄfÇ6P¥6öÇ–3ssCc“ÄÕ$ä6ö×ÆWFR6G26ÆöæR$dÃ#2ÓÔ£‚•#“3‚tôÄBÃãCƒƒc““cCƒc#C3“‚ÅG'VRÂÂÂÃ2ãÃã“ƒSscs3s#“SƒSƒƒ’ÂÓã“ƒSscs3s#“SƒSƒƒ’Ãbã“s“3CssssƒVRÓ‚Å6öÇ–3ssCc“ããõ33##µ6öÇ–3ssCc“ããõ3C3BÄfÇ6RÅG'VP¥6öÇ–3ssCsÄ&–gVæ7F–öæÂ&÷FV–â†ÆDR•#Cƒ#7—F–G–Ç–ÇG&ç6fW&6RÃãC#3s#ƒƒƒƒ“#ƒ#2ÅG'VRÂÂÂÃãÃãcƒƒ#c#CsccSS"Ããcƒƒ#c#CsccSS"Ããƒ3“C“cƒ“rÅ6öÇ–3ssCsããõ3#Sµ3#’ÄfÇ6RÅG'VP¥6öÇ–3ssCsCÄ6ÆÖöGVÆ–âÖÆ–¶R&÷FV–â•#““"TbÔ†æBG—RÃãcc#3S33s33c“2ÅG'VRÂÂÂÃ"ãÃãsss33ƒCSƒSc“RÂÓãsss33ƒCSƒSc“RÃ"ãSCccc““sƒvRÓRÅ6öÇ–3ssCsCããõ3#Sµ3#ƒµ6öÇ–3ssCsCããõ332ÄfÇ6RÅG'VP¥6öÇ–3ssCs“ÄW†–âVffÇW‚6'&–W"fÖ–Ç’&÷FV–â•#CssbW†–âVffÇW‚6'&–W"ÂÓãSSs“C3#s#ƒc3ƒ’ÅG'VRÂÂÂÃãÃã“#33scƒs#“s“BÃã“#33scƒs#“s“BÃbãƒS“ss#“S3VRÓRÅ6öÇ–3ssCs“ããõ3#rÄfÇ6RÅG'VP¥6öÇ–3ssCƒ#ÅVæ¶æ÷vâ&÷FV–â•#cR&÷FV–âöbVæ¶æ÷vâgVæ7F–öâETc“Ããs“ƒ##C“C“#C3cc#bÅG'VRÂÂÂÃãÃãss“Ss“C3Cƒ3SSÃãss“Ss“C3Cƒ3SSÃãsSs##CSSƒs3rÅ6öÇ–3ssCƒ#ããõC#“ÄfÇ6RÅG'VP¥6öÇ–3ssCƒsÄ´‚FöÖ–â6öçF–æ–ær$ä&–æF–ær6–væÂG&ç6GV7F–öâ76ö6–FVB•#Cƒr²†öÖöÆöw’ÂÓãC#CCSsƒSsScC#RÅG'VRÂÂÂÃ2ãÃãc“#CSC#S3scsÃãc“#CSC#S3scsÃBãƒSScCƒC“ƒssvRÓbÅ6öÇ–3ssCƒsããõ3#cµ6öÇ–3ssCƒsããõ3ƒµ3ƒ2ÄfÇ6RÅG'VP¥6öÇ–3ssCƒƒÄ†öÖöÆöw’FòVæ¶æ÷vâvVæR„g&vÖVçB’Ãã3sƒ3CC“ƒƒ3S3bÅG'VRÃã3s“3s#c#ƒƒ#‚Ã’ã3ƒ“#ƒcs#sfRÓBÃã“3“ƒ3c3ƒ3SvRÓ"ÂÂÂÂÂÅG'VRÄfÇ6P¥6öÇ–3ssC“Ä6WG–ÇG&ç6fW&6RÖÆ–¶R&÷FV–â•#ƒ"t4ãR×&VÆFVBâÖ6WG–ÇG&ç6fW&6RÂÓãCssCsƒ3ƒS3RÅG'VRÂÂÂÂÂÂÂÂÄfÇ6RÄfÇ6P¥6öÇ–3ssC“CÂ%†÷7†öÆ—–B×G&ç7÷'F–ærE6R•#cS3’E6RÂ×G—RÂ†÷7†öÆ—–B×G&ç6Æö6F–ærÂfÆ—6R"ÂÓãCs“ss3##ssc#SbÅG'VRÂÂÂÂÂÂÂÂÄfÇ6RÄfÇ6P¥6öÇ–3ssC“sÂ%G&ç6ÖVÖ'&æR&÷FV–â•#“c3rG&ç6ÖVÖ'&æR&V6WF÷"ÂWV¶'–÷F"ÂÓãC3“cƒcsƒSc3S3BÅG'VRÂÂÂÃ"ãÃãCƒ“C#“3SCƒcbÃãCƒ“C#“3SCƒcbÃ"ã“CCSƒ“SƒCRÓ‚Å6öÇ–3ssC“sããõ33““µ6öÇ–3ssC“sããõCCÄfÇ6RÅG'VP¥6öÇ–3ssC“ƒÅf7VöÆ"6÷'F–ær&V6WF÷"•#33r&÷FV6RÖ76ö6–FVBÃãSs#S#CƒCC3#‚ÅG'VRÂÂÂÂÂÂÂÂÄfÇ6RÄfÇ6P¥6öÇ–3ssS#ÄVÆöævF–öâf7F÷"•#sc‚G&ç6ÆF–öâVÆöævF–öâf7F÷"ÂÓãS““C3ƒc3c“c"ÅG'VRÂÓãS“#ƒc“c“cSC“#‚Ã2ã3SC“Cs“C#c–RÓ‚Ãã##“SƒCS#S†RÓrÂÂÂÂÂÅG'VRÄfÇ6P¥6öÇ–3ssSsÂ$æöâ×7V6–f–2Æ—–B×G&ç6fW"&÷FV–â•#3ssÆçBÆ—–BG&ç6fW"&÷FV–âæB‡–G&÷†ö&–2&÷FV–âÂ†VÆ–6Â"ÃãƒC#Cƒ#33ƒ3#33"ÅG'VRÂÂÂÂÂÂÂÂÄfÇ6RÄfÇ6P¥6öÇ–3ssS“Â$æöâ×7V6–f–2Æ—–B×G&ç6fW"&÷FV–â•#3ssÆçBÆ—–BG&ç6fW"&÷FV–âæB‡–G&÷†ö&–2&÷FV–âÂ†VÆ–6Â"Ããc“c3cc“3cSc#cBÅG'VRÂÂÂÂÂÂÂÂÄfÇ6RÄfÇ6P¥6öÇ–3ssSÄæöâ×7V6–f–2Æ—–B×G&ç6fW"&÷FV–â•#S#‚ÆçBÆ—–BG&ç6fW"&÷FV–åõ"ÆÆW&vVâÃãc#S#ƒƒ#c3“RÅG'VRÃãcssƒ#3“3cSCC"ÃbãCC#sCs3SS3FRÓrÃãc3S#Sssƒ3†RÓbÂÂÂÂÂÅG'VRÄfÇ6P¥6öÇ–3ssSÄæöâ×7V6–f–2Æ—–B×G&ç6fW"&÷FV–â•#S#‚ÆçBÆ—–BG&ç6fW"&÷FV–åõ"ÆÆW&vVâÂÓã“Cs#3s3Sc#3‚ÅG'VRÂÂÂÂÂÂÂÂÄfÇ6RÄfÇ6P¥6öÇ–3ssSSÂ$æöâ×7V6–f–2Æ—–B×G&ç6fW"&÷FV–â•#3ssÆçBÆ—–BG&ç6fW"&÷FV–âæB‡–G&÷†ö&–2&÷FV–âÂ†VÆ–6Â"Ãã“cc“s3s#sCRÅG'VRÃã“c#“c#CƒScCbÃãC3s“SƒƒC“ƒ3"Ããc““sS3#S3#ÂÂÂÂÂÅG'VRÄfÇ6P¥6öÇ–3ssScÂ$fW'&VF÷†–â’•##CfW'&VF÷†–âƒ$fRÓ%2’ÂÆçB"ÂÓã3Cƒc3c#ƒccsƒss2ÅG'VRÂÂÂÂÂÂÂÂÄfÇ6RÄfÇ6P¥6öÇ–3ssc#CÂ%W&÷†–F6R•##b†VÒW&÷†–F6RÂÆçEögVævÅö&7FW&–Â"ÃãƒS“ƒS“SC#CSC’ÅG'VRÃãƒSƒ##ƒ3S##3SrÃ2ãC“#CƒSsCss3vRÓrÃ’ã3ƒcSScsSc#3“vRÓrÂÂÂÂÂÅG'VRÄfÇ6P¥6öÇ–3ssc3SÄÖ7&÷†vRÖ–w&F–öâ–æ†–&—F÷'’f7F÷"fÖ–Ç’&÷FV–â•#3“‚Ö7&÷†vRÖ–w&F–öâ–æ†–&—F÷'’f7F÷"ÂÓãCsƒSƒƒCcs“sRÅG'VRÂÂÂÂÂÂÂÂÄfÇ6RÄfÇ6P¥6öÇ–3ssc3cÅ&Vç–ÆFVB&"66WF÷"$•#Cƒ“R&Vç–ÆFVB&"66WF÷"$ÂÓã“#ƒ“““c###3CRÅG'VRÂÂÂÂÂÂÂÂÄfÇ6RÄfÇ6P¥6öÇ–3sscC#Ä÷36s#S&÷FV–â„g&vÖVçB’•#sC“2&÷FV–âöbVæ¶æ÷vâgVæ7F–öâETcS3‚ÂÓãƒcC3s3“ƒ3cRÅG'VRÂÂÂÂÂÂÂÂÄfÇ6RÄfÇ6P¥6öÇ–3sscSÅ—'WfFRFV6&&÷‡–Æ6R•##—'WfFRFV6&&÷‡–Æ6Uö–æFöÆW—'WfFRFV6&&÷‡–Æ6RÃãcƒs#Cƒ33##cBÅG'VRÃãcƒCCSƒcsƒ32ÃBãcCc“ƒ“33#3fRÓ‚Ãã3C“3sc3s#ƒfRÓrÂÂÂÂÂÅG'VRÄfÇ6P¥6öÇ–3sscSƒÂ%†÷7†F–G–Æ–æ÷6—F–FR†÷7†F6R43•##27–æFö¦æ–âÂâ×FW&Ö–æÂ"Ãã#3Scc““CSƒ#csCSrÅG'VRÂÂÂÂÂÂÂÂÄfÇ6RÄfÇ6P¥6öÇ–3sscS“Â%†÷7†F–G–Æ–æ÷6—F–FR†÷7†F6R43ÖÆ–¶R&÷FV–â•##27–æFö¦æ–âÂâ×FW&Ö–æÂ"ÃãCsƒS“sS#SCcC3#ƒrÅG'VRÂÂÂÂÂÂÂÂÄfÇ6RÄfÇ6P¥6öÇ–3ssccÂ$7–ÂÔ6ôFV‡–G&övVæ6R•#“7–ÂÔ6ôFV‡–G&övVæ6Uö÷†–F6RÂÖ–FFÆRæBâ×FW&Ö–æÂ"Ãã#sƒ“33“s#ƒƒ##“rÅG'VRÃã#s#cƒccSccƒCC“BÃ"ãcsC#“SSscsc#FRÓBÃbãsC3“SCƒ3S3C6RÓ2ÂÂÂÂÂÅG'VRÄfÇ6P¥6öÇ–3sscc“Â%„Bf–ævW"fÖ–Ç’&÷FV–â•#“sƒr¦–æ2f–ævW"Â„BÖf–ævW""ÂÓãSCS#ƒ“C“sƒƒRÅG'VRÂÂÂÂÂÂÂÂÄfÇ6RÄfÇ6P¥6öÇ–3sscsÅ&†öFæW6RÖÆ–¶RfÖ–Ç’&÷FV–âÖÆ–¶R&÷FV–â„g&vÖVçB’•#sc2&†öFæW6RÖÆ–¶RÂÓãƒ3ssC“#SssƒbÅG'VRÂÓãƒ3ƒ#sC3sCCCS“3"ÃBã3S3ƒcC#3c3S†RÓ‚Ãã3cƒCƒƒcƒ“sCFRÓrÂÂÂÂÂÅG'VRÄfÇ6P¥6öÇ–3sscsÂ#×†÷7†F–G–Æ–æ÷6—FöÂÓBRÖ&—7†÷7†FR†÷7†öF–W7FW&6R•#s†÷7†öÆ—6R2Â†÷7†F–G–Æ–æ÷6—FöÂ×7V6–f–2Â’FöÖ–â•#ƒ#’3"ÖVÖ'&æRF&vWF–ær&÷FV–â•#“’†÷7†öÆ—6R2Â†÷7†F–G–Æ–æ÷6—FöÂ×7V6–f–2Â‚&Vv–öâ"ÂÓ"ãSCc3ƒ3ƒSc“ƒbÅG'VRÂÓ"ãS3sSCcssc“s“c2Ãã#ccCsC##ƒ†RÓbÃã#cƒ3#333Sƒ“6RÓBÃ"ãÃã“3c3CSƒ#ScS#bÂÓã“3c3CSƒ#ScS#bÃãSƒ3ƒ“Cƒs3VRÓbÅ6öÇ–3sscsããõ3#“µ6öÇ–3sscsããõ3#“2ÅG'VRÅG'VP¥6öÇ–3sscsCÂ$—6ö×–Â6WFFRÖ‡–G&öÇ—¦–ærW7FW&6R•#3ƒ3W7FW&6RÂ4tä‚‡–G&öÆ6R×G—RÂ7V&w&÷W"ÂÓãcƒC“SSCƒs#CC"ÅG'VRÂÓãcƒ“##C3c“CcsC"ÃBãƒs#3#“#sss3“ƒ&RÓ’Ã"ã#“3#“s“#fRÓ‚ÂÂÂÂÂÅG'VRÄfÇ6P¥6öÇ–3sscƒÂ$Ç†Ó"ÖÖææ÷7–ÇG&ç6fW&6RÆs•##“bvÇ–6÷7–ÂG&ç6fW&6RÂw&÷W"Ãã““s#3#ƒSCƒ‚ÅG'VRÂÂÂÂÂÂÂÂÄfÇ6RÄfÇ6P¥6öÇ–3sscƒsÂ%öÇ–FVç–ÆFRÖ&–æF–ær&÷FV–âÂ7—F÷Æ6Ö–2æBçV6ÆV"•#SB$ä&V6övæ—F–öâÖ÷F–bÂ$åÓ"ÂÓã#s“3cSCc“s#bÅG'VRÂÂÂÂÂÂÂÂÄfÇ6RÄfÇ6P¥6öÇ–3sscƒƒÄ‡7#öÇ†7'—7FÆÆ–âfÖ–Ç’&÷FV–âW‡&W76VB•#ƒ“s‚…5#ÖÆ–¶R6†W&öæRÂÓãC“ƒs#3S“““3sS“sRÅG'VRÂÂÂÂÂÂÂÂÄfÇ6RÄfÇ6P¥6öÇ–3sscƒ“Å$ä&V6övæ—F–öâÖ÷F–bÖ6öçF–æ–ær&÷FV–â•#3“RÆFõö¶WFò&VGV7F6RÂÓãSSC3s“cSc“c3“bÅG'VRÂÂÂÃãÃãc#“sƒ333ƒCss2ÂÓãc#“sƒ333ƒCss2Ã2ãƒCS##“CSsƒS3&RÓbÅ6öÇ–3sscƒ“ããõ3c’ÄfÇ6RÅG'VP¥6öÇ–3ssc“Â%&RÖÕ$ä7Æ–6–ærf7F÷"EÖFWVæFVçB$ä†VÆ–66RÖÆ–¶R&÷FV–â•#CDTBÖÆ–¶R†VÆ–66RÂâ×FW&Ö–æÂ"ÂÓãsƒ#3cc3sCCƒ“sBÅG'VRÂÂÂÂÂÂÂÂÄfÇ6RÄfÇ6P¥6öÇ–3ssc“#Ä%¤•G&ç67&—F–öâf7F÷"ÃãcƒcSƒCCs“#s’ÅG'VRÂÂÂÂÂÂÂÂÄfÇ6RÄfÇ6P¥6öÇ–3ssc“3Ä7W–â&ÖÄ2×G—RÂÓã3ƒS3“C#cƒS“SsC3srÅG'VRÂÂÂÂÂÂÂÂÄfÇ6RÄfÇ6P¥6öÇ–3ssc““Ä&bÔtFöÖ–âæBdr&WVG2Ö6öçF–æ–ær&÷FV–â•#cB&buE6R7F—fF–ær&÷FV–âÂÓãSƒƒ3SCc3s#c‚ÅG'VRÂÓãSƒƒc3ƒS“#sƒ"Ã"ã3cƒsS“s#“fRÓ’Ããs“ƒƒ3“#csC“&RÓ‚ÃBãÃãƒcƒCC3“##ƒc‚ÃãƒcƒCC3“##ƒc‚ÃãSSsƒ3sS#“ƒ–RÓbÅ6öÇ–3ssc““ããõ3#scµ6öÇ–3ssc““ããõ3#s“µ6öÇ–3ssc““ããõ33#µ6öÇ–3ssc““ããõC#sCµ3#ƒ’ÅG'VRÅG'VP¥6öÇ–3sssÅVÇ&÷FV6RfÖ–Ç’2×FW&Ö–æÂ6FÇ—F–2FöÖ–â6öçF–æ–ær&÷FV–âW‡&W76VBÂÓãCsCsSS3C#ƒc3bÅG'VRÂÂÂÃrãÃã33#CƒƒsCScsCc‚Ãã33#CƒƒsCScsCc‚ÃbãC“““ƒc“c“ƒ#vRÓ‚Å6öÇ–3sssããõ3Cµ6öÇ–3sssããõ3Sƒµ6öÇ–3sssããõ33Csµ6öÇ–3sssããõ3CC#µ6öÇ–3sssããõ3ƒ#ƒµ3ƒ3ÄfÇ6RÅG'VP¥6öÇ–3sss#ÄC$sC“ƒÖÆ–¶R&÷FV–â„g&vÖVçB’•#’&÷FV–â¶–æ6RÖÆ–¶RÂÓãCSS“SCS3c“srÅG'VRÂÂÂÃRãÃãcs#ƒS3“#Sƒ"Ããcs#ƒS3“#Sƒ"Ã"ã3ƒ#““#c#33&RÓ‚Å6öÇ–3sss#ããõ3“µ3##µ6öÇ–3sss#ããõ33cµ33c3µ6öÇ–3sss#ããõ33cµ33c3µ33s3µ6öÇ–3sss#ããõ33c3µ33s2ÄfÇ6RÅG'VP¥6öÇ–3sss3Â%&÷FV6öÖR7V'Væ—BÇ†G—R•#3S2&÷FV6öÖRÂ7V'Væ—BÇ†ö&WF"Ãã#ƒ3“c“ƒ#“ScSCRÅG'VRÂÂÂÂÂÂÂÂÄfÇ6RÄfÇ6P¥6öÇ–3sssCÄÖvæW6—VÒ×&÷F÷÷'‡—&–â•‚ÖöæöÖWF‡–ÂW7FW"•#ƒC3BÖvæW6—VÒ×&÷F÷÷'‡—&–â•‚ÖöæöÖWF‡–ÂW7FW"W&ö&–2÷†–FF—fR7–6Æ6RÂÓãcS“S“3“Sƒ3CƒSRÅG'VRÂÓãcSCS#cƒCsS2Ããc##ƒ#scc3ƒCVRÓÃ’ãƒ#Cs33ƒ3s“3†RÓÂÂÂÂÂÅG'VRÄfÇ6P¥6öÇ–3ssssÄ†—7FöæRÖÇ—6–æRâÖÖWF‡–ÇG&ç6fW&6R•#3R5$Õ”DrÂÓãS3“#CSsS“rÅG'VRÂÂÂÃ2ãÃãƒ#“3cs3“ƒ3S‚Ããƒ#“3cs3“ƒ3S‚Ã"ãsC3ƒc““S3C3†RÓ‚Å6öÇ–3ssssããõ3s“µ3“3µ6öÇ–3ssssããõ3“3µ6öÇ–3ssssããõ3“3µ3“’ÄfÇ6RÅG'VP¥6öÇ–3ssƒSÂ$æ66VçBöÇ—WF–FRÖ76ö6–FVB6ö×ÆW‚Ç†7V'Væ—BÖÆ–¶R&÷FV–â•#ccCæ66VçBöÇ—WF–FRÖ76ö6–FVB6ö×ÆW‚ÂÇ†7V'Væ—B"ÂÓãC“Cƒ3##ƒCS“#cRÅG'VRÂÂÂÂÂÂÂÂÄfÇ6RÄfÇ6P¥6öÇ–3ssƒƒÄ7–6Æ–âfÖ–Ç’&÷FV–â•#SC#’G&ç67&—F–öâ&VwVÆF÷"7–6Æ–âÂÓãCCSCSsƒƒsSƒcs3RÅG'VRÂÂÂÃRãÃã“#CCƒ##ƒcC“cSBÃã“#CCƒ##ƒcC“cSBÃ’ãSS“Scsc“C##–RÓ‚Å6öÇ–3ssƒƒããõ3#Cµ6öÇ–3ssƒƒããõ3#s“µ6öÇ–3ssƒƒããõ33Cƒµ33SCµ33cµ6öÇ–3ssƒƒããõ33“ƒµ3CÄfÇ6RÅG'VP¥6öÇ–3ssƒ#CÄ7—Fö6‡&öÖRCSÂÓã3SS#“ƒsCccS#BÅG'VRÂÂÂÂÂÂÂÂÄfÇ6RÄfÇ6P¥6öÇ–3ssƒ3Â%GvòÖ6ö×öæVçB&W7öç6R&VwVÆF÷"%#•#cCCr×–"ÖÆ–¶RDäÖ&–æF–ær&Vv–öâÂ4„µ”b6Æ72"ÂÓãs3#C3SƒsCƒ3CRÅG'VRÂÂÂÂÂÂÂÂÄfÇ6RÄfÇ6P¥6öÇ–3ssƒ3#Â$fÖ–Ç’E6R4D3C‚7V&fÖ–Ç’•#3“S’E6RÂ×G—RÂ6÷&R"ÂÓã3C#sS3cCƒC’ÅG'VRÂÂÂÂÂÂÂÂÄfÇ6RÄfÇ6P¥6öÇ–3ssƒ3“Ä6Æ6—VÒÖFWVæFVçB&÷FV–â¶–æ6RÖÆ–¶R•###“6W&–æU÷F‡&Vöæ–æR&÷FV–â¶–æ6RÂÓã#“#“ƒSƒsc3ƒ3“##‚ÅG'VRÂÓã#“#ƒƒ“s““C3#srÃ"ãcSCCSƒ3C†RÓ2ÃBãCSƒscSs“SsVRÓ"ÃãÃã“ƒ“ƒSc3“S“C2Ãã“ƒ“ƒSc3“S“C2Ããƒ3ƒ3scscƒƒ#VRÓbÅ6öÇ–3ssƒ3“ããõ3SCµCc2ÅG'VRÅG'VP¥6öÇ–3ssƒCÄ÷36s3ccs&÷FV–â„g&vÖVçB’ÂÓãCcS#“cC“cCS“bÅG'VRÂÂÂÂÂÂÂÂÄfÇ6RÄfÇ6P¥6öÇ–3ssƒC3Â%G&ç67&—F–öâf7F÷"GÓ•#cSSbG&ç67&—F–öâf7F÷"EÂ7V&w&÷W"Ããsssƒ3“#C3c#“sƒrÅG'VRÂÂÂÂÂÂÂÂÄfÇ6RÄfÇ6P¥6öÇ–3ssƒCSÂ%Sb6å$äÖ76ö6–FVB6ÒÖÆ–¶R&÷FV–âÅ6Ób•#c2Æ–¶RÕ6Ò&–&öçV6ÆV÷&÷FV–âÂ6÷&R"ÂÓã#c“sƒsƒc“SC#CSRÅG'VRÂÂÂÂÂÂÂÂÄfÇ6RÄfÇ6P¥6öÇ–3ssƒCƒÂ$6†—Fö&–÷7–ÆF—†÷7†öFöÆ–6†öÂ&WFÖÖææ÷7–ÇG&ç6fW&6R•##“bvÇ–6÷7–ÂG&ç6fW&6RÂw&÷W"Ãã“ƒss3C“#“ÅG'VRÂÂÂÂÂÂÂÂÄfÇ6RÄfÇ6P¥6öÇ–3ssƒC“ÄV÷&–â•#C#RÖ¦÷"–çG&–ç6–2&÷FV–âÂÓãS#Csss#ƒ3SƒƒBÅG'VRÂÂÂÂÂÂÂÂÄfÇ6RÄfÇ6P¥6öÇ–3ssƒS#Â$–æ†–&—F÷"öbw&÷wF‚&÷FV–âB•#“sƒr¦–æ2f–ævW"Â„BÖf–ævW""ÂÓãScƒSSƒCssƒscbÅG'VRÂÂÂÃãÃã“Cs“ƒcƒƒ33CC3‚Ãã“Cs“ƒcƒƒ33CC3‚Ãrã“cC#ƒ#““C“RÓbÂÄfÇ6RÅG'VP¥6öÇ–3ssƒSCÄ…ô4&–&öçV6ÆV÷&÷FV–â6ö×ÆW‚7V'Væ—BÖÆ–¶R&÷FV–â•#sSBv#&÷FV–â$äÖ&–æF–ær&Vv–öâÂÓã3sCs“ss“sCSSs#‚ÅG'VRÂÓã3sS3c#S“C#c3c’ÃãCS3“SC“sccS#“†RÓ"Ããƒs#Cƒ#sƒ“cSs†RÓÂÂÂÂÂÅG'VRÄfÇ6P¥6öÇ–3ssƒSSÄvÇWFÖFRFV‡–G&övVæ6R•#C3c"vÇWFÖFRFV‡–G&övVæ6RÂÓãcc“3#cCƒ#SSsCBÅG'VRÂÓãcc“s3ƒ“c#ƒƒ"Ã"ã“C3c“sC#CCvRÓ‚ÃrãCc#sCCscc“VRÓ‚ÂÂÂÂÂÅG'VRÄfÇ6P¥6öÇ–3ssƒc#Â%&–&÷6öÖÂ&÷FV–â3R•#Ssb&–&÷6öÖÂ&÷FV–â3rÂWV¶'–÷F–5ö&6†VÂ"ÂÓã#C3#sssC33CsS"ÅG'VRÂÂÂÂÂÂÂÂÄfÇ6RÄfÇ6P¥6öÇ–3ssƒc3ÃC2&–&÷6öÖÂ&÷FV–â3#‚•##ƒ’&–&÷6öÖÂ&÷FV–â3#†RÂÓã3SS“cc33“ƒƒcƒs2ÅG'VRÂÂÂÂÂÂÂÂÄfÇ6RÄfÇ6P¥6öÇ–3ssƒccÃc2&–&÷6öÖÂ&÷FV–âÃ#B•#“ƒ‚&–&÷6öÖÂ&÷FV–âÃ#FRÂÓã“3ƒ3sCSCs#CƒRÅG'VRÂÓã“3s“ccƒcSƒccBÃ"ã3#333c“csC#fRÓÃãccƒcs#sCSCƒ#VRÓÂÂÂÂÂÅG'VRÄfÇ6P¥6öÇ–3ssƒc“Â$Ö—Fö6†öæG&–Â&÷FV–âG&ç6Æö66RfÖ–Ç’„g&vÖVçB’•#33“rÖ—Fö6†öæG&–Â–ææW"ÖVÖ'&æRG&ç6Æö66R6ö×ÆW‚Â7V'Væ—BF–Óuó#""ÂÓãCssCC“ƒc#S“’ÅG'VRÂÂÂÂÂÂÂÂÄfÇ6RÄfÇ6P¥6öÇ–3ssƒsCÄVæ÷–Â&VGV7F6RÂÓãcCƒ#C#SCc#“ƒCc’ÅG'VRÂÓãcCƒsƒƒsc“##’ÃbãSCCSCCCsc3C““fRÓÃBãccSƒ“s#ƒSS–RÓÃãÃãS“ƒ3Cƒ##Ss#2ÃãS“ƒ3Cƒ##Ss#2ÃãS3SCƒc3ƒCƒRÓ‚Å6öÇ–3ssƒsCããõ3#‚ÅG'VRÅG'VP¥6öÇ–3ssƒsSÂ%¦–æ2f–ævW"444‚FöÖ–âÖ6öçF–æ–ær&÷FV–âB•#ƒ²†öÖöÆöw’ÂG—RÂ7V&w&÷W"ÃãcS“c“S“#“SS3‚ÅG'VRÂÂÂÂÂÂÂÂÄfÇ6RÄfÇ6P¥6öÇ–3ssƒs“ÄCTsSsCc&÷FV–â„g&vÖVçB’ÂÓãS“3C“S“CSƒ’ÅG'VRÂÂÂÂÂÂÂÂÄfÇ6RÄfÇ6P¥6öÇ–3ssƒƒ3Å†÷6GV6–âÖÆ–¶R&÷FV–â2•##33RF†–÷&VF÷†–âföÆBÂÓã##ƒcs“scssbÅG'VRÂÂÂÂÂÂÂÂÄfÇ6RÄfÇ6P¥6öÇ–3ssƒƒcÂ$DäÖF—&V7FVB$äöÇ–ÖW&6R•#Ss"DäÖF—&V7FVB$äöÇ–ÖW&6RÂ7V'Væ—B""Ãã3“CScsCs“S33RÅG'VRÂÂÂÂÂÂÂÂÄfÇ6RÄfÇ6P¥6öÇ–3ssƒƒ“Â%W&÷†–F6R•##b†VÒW&÷†–F6RÂÆçEögVævÅö&7FW&–Â"ÂÓãcC“scSC“#Scc2ÅG'VRÂÓãS“CSCccScsƒS#SbÃãƒƒ33ƒƒs#ƒ#S“srÃã3Sƒcc#33ƒƒ#ÂÂÂÂÂÅG'VRÄfÇ6P¥6öÇ–3ssƒ“#ÅF†–÷&VF÷†–âÖÆ–¶RR•#3scbF†–÷&VF÷†–âFöÖ–âÂÓã#“S#c“C“scsC“BÅG'VRÂÓã#ƒCCsScƒ3SC“S‚Ãrã#C#s“ƒSS3#ƒFRÓÃ2ãssSsƒssSCs#&RÓ’ÂÂÂÂÂÅG'VRÄfÇ6P¥6öÇ–3ssƒ“3Â$7F—fF÷"öb†VB6†ö6²&÷FV–âE6R†öÖöÆör•#S37F—fF÷"öb‡7“E6RÂâ×FW&Ö–æÂ"Ãã3c#S““cS#“33bÅG'VRÂÂÂÂÂÂÂÂÄfÇ6RÄfÇ6P¥6öÇ–3ssƒ“SÄvÇV6÷6R×&W&W76–&ÆRÆ6ö†öÂFV‡–G&övVæ6RG&ç67&—F–öæÂVffV7F÷"45#B•#S3RVæFöçV6ÆV6UöW†öçV6ÆV6U÷†÷7†F6RÃã3Ss“Cƒƒ“c“SBÅG'VRÂÂÂÂÂÂÂÂÄfÇ6RÄfÇ6P¥6öÇ–3ssƒ“cÃc2&–&÷6öÖÂ&÷FV–âÃ#ÖÆ–¶R&÷FV–â•#Cr&–&÷6öÖÂ&÷FV–âÃ#RÂÓãƒS“Cccƒ“ƒ#c2ÅG'VRÂÓãƒC#33ƒ#CsS#3#sBÃãcƒ“s##sC#vRÓ‚ÃBãC##3ccSCcsfRÓ‚ÃãÃã#c“33#CC“3cC“‚Ãã#c“33#CC“3cC“‚Ããc33“cSsSSFRÓrÅ6öÇ–3ssƒ“cããõ3BÅG'VRÅG'VP¥6öÇ–3ss“Â%G&ç6ÖVÖ'&æRæB6ö–ÆVBÖ6ö–ÂFöÖ–âÖ6öçF–æ–ær&÷FV–â•#ƒSS’&÷FV–âöbVæ¶æ÷vâgVæ7F–öâETcƒCÂWV¶'–÷F–2"ÂÓãC##ƒ#ƒS#“srÅG'VRÂÂÂÃãÃã“333““#Cƒ“CbÃã“333““#Cƒ“CbÃãcCC3CC““scc““vRÓbÅ6öÇ–3ss“ããõ3C‚ÄfÇ6RÅG'VP¥6öÇ–3ss“SÄ$„Ä‚G&ç67&—F–öâf7F÷"•#S“‚†VÆ—‚ÖÆö÷Ö†VÆ—‚DäÖ&–æF–ærÃãC“S3ƒƒ“#c3cÅG'VRÂÂÂÃbãÃ2ã3Cc33s#C#3#s’Ã2ã3Cc33s#C#3#s’Ã"ãc3CCCCCsCƒVRÓ"Å6öÇ–3ss“Sããõ33µ6öÇ–3ss“Sããõ3#µ6öÇ–3ss“Sããõ3cµ3cCµ6öÇ–3ss“Sããõ3cCµ6öÇ–3ss“SããõC#BÄfÇ6RÅG'VP¥6öÇ–3ss“ƒÂ%¦–æ2f–ævW"#æBãFöÖ–âÖ6öçF–æ–ær7G&W72Ö76ö6–FVB&÷FV–âb•##cS2¦–æ2f–ævW"Â#×G—R•#S‚¦–æ2f–ævW"Âã×G—R"ÂÓãcc3#Csƒ#ssSs"ÅG'VRÂÂÂÂÂÂÂÂÄfÇ6RÄfÇ6P¥6öÇ–3ss““Ä6†W&öæR&÷FV–âFæ¢b•#3“R†VB6†ö6²&÷FV–âFæ¢Ããƒ33#C3#3“##CrÅG'VRÂÂÂÃ2ãÃãccc““##“C‚Ããccc““##“C‚Ããcsc3CƒCc&RÓbÅ6öÇ–3ss““ããõ3#µ6öÇ–3ss““ããõ3##sµ6öÇ–3ss““ããõ3#SBÄfÇ6RÅG'VP¥6öÇ–3ss“ÃÖ7–Â×6âÖvÇ–6W&öÂÓ2×†÷7†FR7–ÇG&ç6fW&6R•###2†÷7†öÆ—–EövÇ–6W&öÂ7–ÇG&ç6fW&6RÂÓãsSCƒ#C#3S“scRÅG'VRÂÓãsc#SCSƒ“ƒRÃãcsS“3SS#ƒ33#FRÓbÃ2ã“3#3C#“33“33&RÓbÂÂÂÂÂÅG'VRÄfÇ6P¥6öÇ–3ss“#Å¦–æ2f–ævW"444‚FöÖ–âÖ6öçF–æ–ær&÷FV–â3•##æ·—&–âÂÓã““SscScCCs3#S"ÅG'VRÂÂÂÃ2ãÃãƒCƒ3#3Cs#sƒSCbÃãƒCƒ3#3Cs#sƒSCbÃ2ã“#cs“scC“ƒ3&RÓbÅ6öÇ–3ss“#ããõ3#3µ6öÇ–3ss“#ããõ3S##µ3S#“µ6öÇ–3ss“#ããõ3S#’ÄfÇ6RÅG'VP¥6öÇ–3ss“3Ä6Æ6—VÒÖFWVæFVçB&÷FV–â¶–æ6RB•###“6W&–æU÷F‡&Vöæ–æR&÷FV–â¶–æ6RÂÓãScC“sCc“#ÅG'VRÂÂÂÂÂÂÂÂÄfÇ6RÄfÇ6P¥6öÇ–3ss“CÂ$wVç–ÆFR¶–æ6R•#sccRwVç–ÆFR¶–æ6RÂ7V"Öw&÷W"Ãã#S3333ƒS3C“ssRÅG'VRÂÂÂÃãÃã#3C33ssSs3‚Ãã#3C33ssSs3‚ÃãsC#ƒCCS“CSsFRÓrÅ6öÇ–3ss“Cããõ333ÄfÇ6RÅG'VP¥6öÇ–3ss“#ÄÖ—Fö6†öæG&–Â6'&–W"&÷FV–â•#ƒ‚Ö—Fö6†öæG&–Â7V'7G&FU÷6öÇWFR6'&–W"•#““2Ö—Fö6†öæG&–Â7V'7G&FR6'&–W"ÂÓãc“cC#“3S#ƒc#ÅG'VRÂÓãc“ScS“sSCcsSrÃ‚ãcƒCƒƒ3sƒCcc3–RÓ’Ã2ã3“C#3Scc3ƒ–RÓ‚ÂÂÂÂÂÅG'VRÄfÇ6P¥6öÇ–3ss“#cÂ$÷3fs3&÷FV–â„g&vÖVçB’•#S3C’Væ6†&7FW&—6VB&÷FV–âfÖ–Ç’Uc3bÂG&ç6ÖVÖ'&æR"Ãã#“#S#cSsCSSƒS3bÅG'VRÂÂÂÂÂÂÂÂÄfÇ6RÄfÇ6P¥6öÇ–3ss“#“Ä÷WFW"VçfVÆ÷RÖVÖ'&æR&÷FV–âÂÓãCƒCƒ“S“#3“ƒ3bÅG'VRÂÂÂÂÂÂÂÂÄfÇ6RÄfÇ6P¥6öÇ–3ss“3Â$6Æ6—VÒ×G&ç7÷'F–ærE6R•#cC‚E6RÂ×G—RÂ6Æ6—VÒ×G&ç7÷'F–ærÂÔ4×G—R"Ã"ã#“ccs3s“3SC3ƒ’ÅG'VRÃ"ã#“cS3c#S“#c“rÃ‚ãs“ƒssS“s3Cƒ3vRÓBÃãƒS““#ƒ3cRÓ"ÂÂÂÂÂÅG'VRÄfÇ6P¥6öÇ–3ss“3sÅG&ç67&—F–öâ–æ—F–F–öâf7F÷"””"Ó"•#ƒ"G&ç67&—F–öâf7F÷"Dd””"&VÆFVBÃã#33ccc#“Sƒƒ“rÅG'VRÂÂÂÂÂÂÂÂÄfÇ6RÄfÇ6P¥6öÇ–3ss“CÄvVÇ6öÆ–â„g&vÖVçB’•#s#"vVÇ6öÆ–âÂÓãcS#““Cƒ“3s3cRÅG'VRÂÓãcSCƒSƒCƒsCs2Ããƒ3s3“sƒ3Ss6RÓbÃBã#c“cC#c“#c3ƒVRÓbÂÂÂÂÂÅG'VRÄfÇ6P¥6öÇ–3ss“C3Â%S26ÖÆÂçV6ÆVöÆ"$äÖ76ö6–FVB&÷FV–â•#sCB6ÖÆÂ×7V'Væ—B&ö6W76öÖRÂWG"ÂÓãCc“#sCsc#ss3bÅG'VRÂÂÂÂÂÂÂÂÄfÇ6RÄfÇ6P¥6öÇ–3ss“CSÂ$FV‡–G&F–öâ×&W7öç6—fR&÷FV–âÖÆ–¶R•#CS’&÷FV–âöbVæ¶æ÷vâgVæ7F–öâETc#C‚ÂÖWF‡–ÇG&ç6fW&6RWFF—fR"ÂÓãS#3““S“ƒ3c#“CRÅG'VRÂÂÂÂÂÂÂÂÄfÇ6RÄfÇ6P¥6öÇ–3ss“CsÂ$ÂÖvÆ7FöæòÓÃBÖÆ7FöæRFV‡–G&övVæ6R"ÂÓãcsƒCCcC“sccCS"ÅG'VRÂÓãcsscS3####Cc‚Ã2ã“s33ƒ““#sƒfRÓ"ÃBã#sSƒ3#“sSSSFRÓÂÂÂÂÂÅG'VRÄfÇ6P¥6öÇ–3ss“SÄ–æ÷6–æRÓUö÷2ÖÖöæ÷†÷7†FRFV‡–G&övVæ6R•#S““”ÕFV‡–G&övVæ6RÃã#s“3sSC#sC“3S#BÅG'VRÂÂÂÂÂÂÂÂÄfÇ6RÄfÇ6P¥6öÇ–3ss“SƒÂ%$äÖ&–æF–ær&Vv–öâ$åÓ•#SB$ä&V6övæ—F–öâÖ÷F–bÂ$åÓ"Ãã#C#3c“CS3SCSbÅG'VRÂÂÂÂÂÂÂÂÄfÇ6RÄfÇ6P¥6öÇ–3ss“cÅ7G&–7F÷6–F–æR7–çF†6RfÖ–Ç’&÷FV–â•#CC7G&–7F÷6–F–æR7–çF†6RÃã3s#S3#s“ƒScrÅG'VRÂÂÂÂÂÂÂÂÄfÇ6RÄfÇ6P¥6öÇ–3ss“sÂ%Væ6†&7FW&—¦VBÆçB×7V6–f–2FöÖ–âSƒ’•#cCsb6öç6W'fVB‡—÷F†WF–6Â&÷FV–â4…Sƒ’ÂÆçB"Ãã3#scƒ“ƒs"ÅG'VRÂÂÂÂÂÂÂÂÄfÇ6RÄfÇ6P¥6öÇ–3ss“s#Â$7—7FF†–öæ–æRvÖÖÖÇ–6R•#c#3‚7—7FF†–öæ–æR&WFÖÇ–6RÂWV¶'–÷F–2"ÃãCCs3“cSc3CƒSsbÅG'VRÂÂÂÂÂÂÂÂÄfÇ6RÄfÇ6P¥6öÇ–3ss“sCÄ„U2VvÖ–âÖÆ–¶R6ö×ÆW‚7V'Væ—BÃãs3cS#SCƒcsC’ÅG'VRÂÂÂÃãÃãcs3“s#3##CbÃãcs3“s#3##CbÃãScƒSsc3S3ƒcSRÅ6öÇ–3ss“sCããõ3#cBÄfÇ6RÅG'VP¥6öÇ–3ss“ƒ#Â$V&Ç’&W7öç6RFòFV‡–G&F–öâRÖÆ–¶R&÷FV–â„g&vÖVçB’•#“ƒ‚F†–âÓ"Â2×FW&Ö–æÂ"ÂÓãC3“s3Sƒ3ƒcs“’ÅG'VRÂÂÂÃRãÃã#CsS#SCsCc"Ãã#CsS#SCsCc"ÃBã3c“ssss3s–RÓ‚Å6öÇ–3ss“ƒ#ããõ3#Cµ3#ƒµ6öÇ–3ss“ƒ#ããõ3#Sµ3#ƒµ6öÇ–3ss“ƒ#ããõ3#‚ÄfÇ6RÅG'VP¥6öÇ–3ss“ƒ3ÄF–‡–G&öæV÷FW&–âÆFöÆ6R•#cSbF–‡–G&öæV÷FW&–âÆFöÆ6RfÖ–Ç’ÂÓãC3#““S“#c“CcBÅG'VRÂÂÂÂÂÂÂÂÄfÇ6RÄfÇ6P¥6öÇ–3ss“ƒSÄvVæöÖ–2Dä6‡&öÖ÷6öÖR26ÆöæRÕã’Ãã3cC3cC#3csCRÅG'VRÂÂÂÂÂÂÂÂÄfÇ6RÄfÇ6P¥6öÇ–3ss“ƒcÂ$&WFÓ2ÖvÇV6æ6R•#C“vÇ–6÷6–FR‡–G&öÆ6RÂfÖ–Ç’r"ÂÓã““ssS#cƒc““33bÅG'VRÂÂÂÂÂÂÂÂÄfÇ6RÄfÇ6P¥6öÇ–3ss“ƒƒÂ$WV¶'–÷F–2G&ç6ÆF–öâ–æ—F–F–öâf7F÷"27V'Væ—Bb•#ccSG&ç6ÆF–öâ–æ—F–F–öâf7F÷"2Â7V'Væ—BbÂWV¶'–÷F–2"ÂÓãSsS#“cƒCcS’ÅG'VRÂÂÂÂÂÂÂÂÄfÇ6RÄfÇ6P¥6öÇ–3ss“ƒ“Ä6Ç–âÓ"6FÇ—F–27V'Væ—B•#““"TbÔ†æBG—RÃã####CsSƒ#scbÅG'VRÂÂÂÂÂÂÂÂÄfÇ6RÄfÇ6P¥6öÇ–3ss““3ÅTEÖvÇV6÷7–ÇG&ç6fW&6R‡eTuCSƒsb•###2TEÖvÇV7W&öæ÷7–ÅõTEÖvÇV6÷7–ÇG&ç6fW&6RÂÓãcs“sSSS““C’ÅG'VRÂÓãcƒCƒS“SSScc‚ÃRãsƒƒS#s3#vRÓ’Ã"ãsƒc#ƒCs3#S6RÓ‚ÃãÃãsSƒcCc3csCƒ#“’ÃãsSƒcCc3csCƒ#“’ÃãSs“SC“cscC“c‚Å6öÇ–3ss““3ããõ3CRÅG'VRÅG'VP¥6öÇ–3ss““SÅTEÖvÇV6÷7–ÇG&ç6fW&6R‡eTuCSƒsb•###2TEÖvÇV7W&öæ÷7–ÅõTEÖvÇV6÷7–ÇG&ç6fW&6RÂÓã3ƒƒsScScsCƒ#bÅG'VRÂÂÂÂÂÂÂÂÄfÇ6RÄfÇ6P¥6öÇ–3ss““sÂ%G&ç6ÖVÖ'&æR&÷FV–â’•##s“B&÷FV–âöbVæ¶æ÷vâgVæ7F–öâETc“"ÂG&ç6ÖVÖ'&æR"ÂÓã“c##“ƒ““#cC#ƒÅG'VRÂÂÂÂÂÂÂÂÄfÇ6RÄfÇ6P¥6öÇ–3sƒCÅ&–&öçV6ÆV6R2•#““’&–&öçV6ÆV6R””’Ããc“SC“C#ƒs“3sc"ÅG'VRÃãc“S#c#ccƒCc““ÃRãsSƒcSCsƒ“#3S“fRÓÃ2ã#ƒSCSs#S3ƒCfRÓ’ÂÂÂÂÂÅG'VRÄfÇ6P¥6öÇ–3sƒƒÅF†–÷&VF÷†–â&VGV7F6R•#S“ƒ"F†–÷&VF÷†–â&VGV7F6RÂÓãS3cC3“Scs3S3rÅG'VRÂÂÂÃ"ãÃ"ãC3S3SS“s#ccRÃ"ãC3S3SS“s#ccRÃãcCSƒsSSƒƒƒ“†RÓÅ6öÇ–3sƒƒããõ3sbÄfÇ6RÅG'VP¥6öÇ–3sƒ“Ä„BfÖ–Ç’F–ÖW&—6F–öâFöÖ–â6öçF–æ–ær&÷FV–âW‡&W76VB•#ƒ“b„BF–ÖW&—6F–öâÂÓãSCCcCs“sƒCcScBÅG'VRÂÂÂÂÂÂÂÂÄfÇ6RÄfÇ6P¥6öÇ–3sƒÄ7F–âÖ&–æF–ær&÷FV–âvVÇ6öÆ–â•#s#"vVÇ6öÆ–âÂÓã3sƒ“ƒ3ƒ#sS#cs#bÅG'VRÂÂÂÂÂÂÂÂÄfÇ6RÄfÇ6P¥6öÇ–3sƒÂ$7—F÷Æ6Ö–2E$ä"×F†–öÆF–öâ&÷FV–â"•#“CrF†–÷W&–G–Æ6RÂ7—F÷Æ6Ö–2Â7V'Væ—B""ÂÓã3S#ƒSs#S#Sƒ’ÅG'VRÂÂÂÃ2ãÃãs“Scƒ#c“cS3Ããs“Scƒ#c“cS3Ããs“S#ccs#CsC6RÓRÅ6öÇ–3sƒããõ3Cs#µ6öÇ–3sƒããõCCs‚ÄfÇ6RÅG'VP¥6öÇ–3sƒcÃ32&–&÷6öÖÂ&÷FV–â3’ÖÆ–¶R•#3sR7FW&öÂÖWF‡–ÇG&ç6fW&6R2×FW&Ö–æÂÂÓã#C“sc#3CƒscCBÅG'VRÂÂÂÂÂÂÂÂÄfÇ6RÄfÇ6P¥6öÇ–3sƒƒÂ%S26ÖÆÂçV6ÆVöÆ"$äÖ76ö6–FVB&÷FV–â‚•#s“ƒbtCC&WVBÂ&Vv–öâ"ÂÓãcc#csSsSSc“CƒRÅG'VRÂÓãcc#C#ƒ3s3SSs“BÃRã#S“““3“ƒ#“CVRÓÃ"ãƒS“sc3ccƒ“vRÓ’ÂÂÂÂÂÅG'VRÄfÇ6P¥6öÇ–3sƒ“ÄF÷¦“„g&vÖVçB’•#“SR&÷FV–âöbVæ¶æ÷vâgVæ7F–öâETc3‚Ãã3#cc#3ƒ“SƒscS‚ÅG'VRÂÂÂÂÂÂÂÂÄfÇ6RÄfÇ6P¥6öÇ–3sƒ#Â%öÇ–vÆ7GW&öæ6R•#sC2vÇ–6÷6–FR‡–G&öÆ6RÂfÖ–Ç’#‚"ÃRã#ScsS“SscCƒsBÅG'VRÃRã#cSS##sS“#sÃãc“Sc3ƒcC#sRÓ‚Ã’ãC“##“CC“csSfRÓbÃ"ãÃ"ã#SƒSSS#“C“S3C2ÂÓ"ã#SƒSSS#“C“S3C2ÃãcscsC##cƒvRÓÅ6öÇ–3sƒ#ããõ3ƒµ6öÇ–3sƒ#ããõC#RÅG'VRÅG'VP¥6öÇ–3sƒ#3Â$Dä&–æF–ær&÷FV–âÖÆ–¶R•#SSb&VÖ÷&–âÂ2×FW&Ö–æÂ&Vv–öâ"ÂÓãs3cc3Cƒ“c“3‚ÅG'VRÂÓãsƒ“S“ƒC“ScCc"Ã‚ãscƒƒ#“ƒ“ƒCc3VRÓrÃ"ãscC3#“c#s#FRÓbÂÂÂÂÂÅG'VRÄfÇ6P¥6öÇ–3sƒ3#ÄFVç–Æ÷7V66–æFR7–çF†WF6R•#BFVç–Æ÷7V66–æFR7–çF†WF6RÃãC3ƒ“3s33ƒccss#rÅG'VRÂÂÂÃãÃã3S3sCss3#“CRÂÓã3S3sCss3#“CRÃ"ãsCScƒ“““S33c6RÓrÅ6öÇ–3sƒ3#ããõC3ƒÄfÇ6RÅG'VP¥6öÇ–3sƒ3SÂ$DäÖF—&V7FVB$äöÇ–ÖW&6R•#Sc“’DäÖF—&V7FVB$äöÂ’ÂÆ&vW7B7V'Væ—B"ÂÓãs#ss##sSs#3RÅG'VRÂÓãs#ƒ3S3ƒ“CCƒs#BÃãC“ƒ#ƒCSCƒƒ–RÓÃ’ãCSs“##3ƒsCvRÓÂÂÂÂÂÅG'VRÄfÇ6P¥6öÇ–3sƒ3“Å6W&–æU÷F‡&Vöæ–æR&÷FV–â¶–æ6R•###“6W&–æU÷F‡&Vöæ–æR&÷FV–â¶–æ6RÃã#CSsSCs“3C#3‚ÅG'VRÂÂÂÃãÃ"ãƒ“ScCƒsC“CSƒ"ÂÓ"ãƒ“ScCƒsC“CSƒ"ÃãC3cƒcsS“sfRÓ’Å6öÇ–3sƒ3“ããõ3C’ÄfÇ6RÅG'VP¥6öÇ–3sƒC#Â%†÷7†÷&–&÷7–ÇG&ç6fW&6R„g&vÖVçB’•#3Sƒ2†÷7†÷&–&÷7–ÇG&ç6fW&6R2×FW&Ö–æÂÂÆçB"ÂÓã“3SCcC#S3ƒc##BÅG'VRÂÂÂÂÂÂÂÂÄfÇ6RÄfÇ6P¥6öÇ–3sƒC3Â%†÷7†÷&–&÷7–ÆçF‡&æ–ÆFRG&ç6fW&6R„g&vÖVçB’•#3Sƒ2†÷7†÷&–&÷7–ÇG&ç6fW&6R2×FW&Ö–æÂÂÆçB"ÂÓã#3CS#3CS#ƒCc“‚ÅG'VRÂÂÂÂÂÂÂÂÄfÇ6RÄfÇ6P¥6öÇ–3sƒCCÅD$42FöÖ–âÖ6öçF–æ–ær&÷FV–â•##“CRGV'VÆ–â&–æF–ær6öf7F÷"2ÂÓã“3ƒc#C“CcC#3rÅG'VRÂÂÂÂÂÂÂÂÄfÇ6RÄfÇ6P¥6öÇ–3sƒCSÅVæ¶æ÷vâ&÷FV–âÂÓãC“#CC#s3CBÅG'VRÂÓã3s3s#Sƒƒsc#bÃãSCC“sSs#ƒsƒƒVRÓÃ’ãssC#“C#3CCsfRÓÂÂÂÂÂÅG'VRÄfÇ6P¥6öÇ–3sƒCƒÂ%¦–æ2f–ævW"444‚FöÖ–âÖ6öçF–æ–ær&÷FV–âB•#ƒ²†öÖöÆöw’ÂG—RÂ7V&w&÷W"ÃãcCScScƒCCsƒScÅG'VRÂÂÂÂÂÂÂÂÄfÇ6RÄfÇ6P¥6öÇ–3sƒC“Æ4Dä6ÆöæR"Ó3Ô3bgVÆÂ–ç6W'B6WVVæ6RÂÓã33ƒ3ƒ#c3ƒccRÅG'VRÂÂÂÂÂÂÂÂÄfÇ6RÄfÇ6P¥6öÇ–3sƒSÄ7F–â•#C7F–åö7F–âÖÆ–¶RÂÓãC#3s3“Ss3#SbÅG'VRÂÓãCc3sC3ƒSCcScBÃRãCcƒ3scSS3CVRÓ"ÃRãS“#“C3sS&RÓÂÂÂÂÂÅG'VRÄfÇ6P¥6öÇ–3sƒS#Â$S2V&—V—F–â×&÷FV–âÆ–v6R4„e"•#ƒC¦–æ2f–ævW"Â$”är×G—R"ÂÓã#ƒS“#sc#cccsssRÅG'VRÂÂÂÃ"ãÃãc“sSscc“SCcÃãc“sSscc“SCcÃ"ãsc#SSCCC3“VRÓRÅ6öÇ–3sƒS#ããõ3Cµ3CCµ3cSµ3c“µ6öÇ–3sƒS#ããõ3CCµ3c’ÄfÇ6RÅG'VP¥6öÇ–3sƒS“Ãc2&–&÷6öÖÂ&÷FV–âÃ#ÖÆ–¶R&÷FV–â•#Cr&–&÷6öÖÂ&÷FV–âÃ#RÂÓãsc““CƒsCCc“#CƒBÅG'VRÂÓãscs#3ƒ#3S3cCRÃãss3“s“##“scƒ†RÓ‚ÃbãC“C#ƒ#“ScRÓ‚ÂÂÂÂÂÅG'VRÄfÇ6P¥6öÇ–3sƒc3Â$DäFÖvRÖ&–æF–ær&÷FV–â•#Cƒs6ÆVfvRæBöÇ–FVç–ÆF–öâ7V6–f–6—G’f7F÷"Â7V'Væ—BÂ2×FW&Ö–æÂ"ÂÓãC33“#3C“SƒƒS3ÅG'VRÂÂÂÃ"ãÃãƒcSCs3S3“ƒ#3ÃãƒcSCs3S3“ƒ#3Ã"ã#3c3S3“S#–RÓRÅ6öÇ–3sƒc3ããõ3C3µ3CCµ6öÇ–3sƒc3ããõ3CCµ3C’ÄfÇ6RÅG'VP¥6öÇ–3sƒccÄWV¶'–÷F–2G&ç6ÆF–öâ–æ—F–F–öâf7F÷"DRÃãC“cc33““Sƒc3c"ÅG'VRÂÂÂÂÂÂÂÂÄfÇ6RÄfÇ6P¥6öÇ–3sƒcsÅVæ¶æ÷vâ&÷FV–âÃãcc3ccƒCc#CrÅG'VRÃãcSc#C“cƒƒ#ƒrÃ‚ãSCƒ“““ƒs#fRÓBÃãsƒscc3#S336RÓ"ÃBãÃãSSS33scsC#3‚ÃãSSS33scsC#3‚ÃbãSs#s#ƒ#3ƒs6RÓ‚Å6öÇ–3sƒcsããõ3sµ6öÇ–3sƒcsããõ3Cµ6öÇ–3sƒcsããõ33Cµ6öÇ–3sƒcsããõ3“’ÅG'VRÅG'VP¥6öÇ–3sƒsÂ$7&v–ç–Â×E$ä7–çF†WF6R"•#CS#"7&v–ç–Â×E$ä7–çF†WF6RÂ6Æ72”–""ÂÓãCƒCCƒSS33CBÅG'VRÂÂÂÂÂÂÂÂÄfÇ6RÄfÇ6P¥6öÇ–3sƒs#Â%öÇ——&–Ö–F–æRG&7B&–æF–ær&÷FV–â•##csrçV6ÆV÷F–FRÖ&–æF–ærÂÇ†Ö&WFÆ—B"Ããss#cC3ƒsScsC“#bÅG'VRÂÂÂÃãÃãƒƒƒ3C“#CCcCScBÃãƒƒƒ3C“#CCcCScBÃ‚ã#““ƒcCs““3&RÓrÅ6öÇ–3sƒs#ããõ3c’ÄfÇ6RÅG'VP¥6öÇ–3sƒsCÅ6ÖrÓr†öÖöÆöræöç6Vç6RÖVF–FVBÕ$äFV6’f7F÷"„2âVÆVvç2’„g&vÖVçB’•#“CS‚FVÆöÖW&6R7F—fF–ær&÷FV–âW7CÂÓã3“ƒ3#33“cƒSCsS2ÅG'VRÂÂÂÃ"ãÃãsc3Sƒ3Csƒ#sSsC‚Ããsc3Sƒ3Csƒ#sSsC‚Ã"ãC#cCcc3C“vRÓrÅ6öÇ–3sƒsCããõ33Cµ6öÇ–3sƒsCããõ3c#RÄfÇ6RÅG'VP¥6öÇ–3sƒscÄ‡–G&öÆ6RåTD•‚fÖ–Ç’&÷FV–âW‡&W76VB•#ƒbåTD•‚‡–G&öÆ6RFöÖ–âÂÓãƒ#ƒsƒ333Sƒcs3CSÅG'VRÂÓãƒ#ƒcƒcSƒ#SCƒSC2ÃRãCCCS3CS##CVRÓÃ"ã“SCCsƒ##S“ƒfRÓ’ÂÂÂÂÂÅG'VRÄfÇ6P¥6öÇ–3sƒssÂ$%¤•G&ç67&—F–öâf7F÷"•#cb%¤•G&ç67&—F–öâf7F÷"Â%¤•Ó"Ãã3CccsSC#ƒSsS3’ÅG'VRÂÂÂÂÂÂÂÂÄfÇ6RÄfÇ6P¥6öÇ–3sƒƒÂ%V&—V—F–âÖ76ö6–FVBõE2ÔâFöÖ–âÖ6öçF–æ–ær&÷FV–â•#S“CV&—V—F–âÖ76ö6–FVE÷G&ç6ÆF–öâVÆöævF–öâf7F÷"Tc"Ââ×FW&Ö–æÂÂWV¶'–÷FR"ÂÓãC“SSSSSs3sCbÅG'VRÂÂÂÂÂÂÂÂÄfÇ6RÄfÇ6P¥6öÇ–3sƒƒCÄ7—Fö6‡&öÖRCSÃã###Sƒ“ƒ3s“SrÅG'VRÃã##c#s#c3ƒ3S2ÃbãCs3C##ssƒc†RÓ"ÃbãCC#“scS“ƒsccs6RÓÂÂÂÂÂÅG'VRÄfÇ6P¥6öÇ–3sƒƒ“Ã2Ö÷†ö7–Â×&VGV7F6R•##3CrvÇV6÷6U÷&–&—FöÂFV‡–G&övVæ6RÃãssƒ“#Cscƒ“S3BÅG'VRÃãss“sc“ƒS““#cCbÃ‚ãsƒC3“Ss“cƒ†RÓ"Ã‚ã3C3#3##3s–RÓÂÂÂÂÂÅG'VRÄfÇ6P¥6öÇ–3sƒ“Ã2Ö÷†ö7–Â×&VGV7F6R•##3CrvÇV6÷6U÷&–&—FöÂFV‡–G&övVæ6RÃ"ãCc#sƒCCƒCs“SbÅG'VRÃ"ãCc“3#“cC‚Ãã#3ƒS#Ccc3#“†RÓrÃ"ãscc33ƒcCc3S†RÓRÃ2ãÃã“ƒ#S#S3CSBÂÓã“ƒ#S#S3CSBÃRã##Csƒ“c#“cs#ƒfRÓÅ6öÇ–3sƒ“ããõ3#µ6öÇ–3sƒ“ããõ3#’ÅG'VRÅG'VP¥6öÇ–3sƒ“CÅGV'VÆ–â&WF6†–â•##CS2&WFGV'VÆ–âÂÓãc“S#ƒc#“ƒ##“#ÅG'VRÂÓãc“S#cCC3ƒ3SS##2Ã"ã“ƒ#sSS“ƒsSƒ#SfRÓrÃBãcSscScS3“cvRÓRÂÂÂÂÂÅG'VRÄfÇ6P¥6öÇ–3sƒ“sÄföÄB&–gVæ7F–öæÂ&÷FV–â•#cs"FWG&‡–G&öföÆFRFV‡–G&övVæ6Uö7–6Æö‡–G&öÆ6RÂÓã3scC#s#cC#Sccc“ƒBÅG'VRÂÂÂÂÂÂÂÂÄfÇ6RÄfÇ6P¥6öÇ–3sƒÅVæ¶æ÷vâ&÷FV–âÃãC“CSƒƒ3c#cCcC2ÅG'VRÂÂÂÃãÃãcƒsCccC3s3s‚ÂÓãcƒsCccC3s3s‚Ãrã“c3s3cCCƒCSFRÓbÅ6öÇ–3sƒããõ3"ÄfÇ6RÅG'VP¥6öÇ–3sƒ#ÅG&ç67&—F–öâVÆöævF–öâf7F÷"5Cb•#ss"G&ç67&—F–öâVÆöævF–öâf7F÷"7CbÂÓãƒ##ScscƒssSS‚ÅG'VRÂÓãƒ##sSƒscS#ƒrÃBãc#cSƒ#Cs3cvRÓ"ÃBãƒc#ƒc#ƒ“sFRÓÃbãÃã“3Sƒ#“s3Cs3RÃã“3Sƒ#“s3Cs3RÃã#ccs“sCcS–RÓ‚Å6öÇ–3sƒ#ããõ33Sµ6öÇ–3sƒ#ããõ3Ccƒµ6öÇ–3sƒ#ããõ3SScµ6öÇ–3sƒ#ããõ3‚ÅG'VRÅG'VP¥6öÇ–3sƒ3Â$æ66VçBöÇ—WF–FRÖ76ö6–FVB6ö×ÆW‚Ç†7V'Væ—BÖÆ–¶R&÷FV–â•#ccCæ66VçBöÇ—WF–FRÖ76ö6–FVB6ö×ÆW‚ÂÇ†7V'Væ—B"ÂÓã333Ccc#3ƒ#S#s’ÅG'VRÂÂÂÂÂÂÂÂÄfÇ6RÄfÇ6P¥6öÇ–3sƒcÅ7–çF†–âÓS•#s#rF&vWB4ä$R6ö–ÆVBÖ6ö–Â&Vv–öâÃãsƒSCC3“Cƒs“crÅG'VRÂÂÂÂÂÂÂÂÄfÇ6RÄfÇ6P¥6öÇ–3sƒsÅ7Æ–6–ærf7F÷"4"7V'Væ—B•#Sb7Æ–6–ærf7F÷"4"7V'Væ—BÂÓãsSƒs##S“ƒƒƒc"ÅG'VRÂÂÂÂÂÂÂÂÄfÇ6RÄfÇ6P¥6öÇ–3sƒÅVæ¶æ÷vâ&÷FV–âÂÓãƒs33“Cs3#CSBÅG'VRÂÓãƒS3#sc3CS“#C2ÃRãsC#Ccc#S3C“FRÓ‚Ããƒ#ƒssS#sƒc&RÓrÂÂÂÂÂÅG'VRÄfÇ6P¥6öÇ–3sƒ#Â$Ç†ÔÂÖ&&–æögW&æ÷6–F6R•#sƒS2vÇ–6÷6–FR‡–G&öÆ6RÂ6FÇ—F–26÷&R"ÂÓãSCcS#“3SSC3sƒ#BÅG'VRÂÂÂÂÂÂÂÂÄfÇ6RÄfÇ6P¥6öÇ–3sƒ3Â%&÷FV6öÖR7V'Væ—BÇ†G—R•#3S2&÷FV6öÖRÂ7V'Væ—BÇ†ö&WF"Ãã3cc3#ƒs3ƒc“BÅG'VRÂÂÂÂÂÂÂÂÄfÇ6RÄfÇ6P¥6öÇ–3sƒCÄC$sC“ƒÖÆ–¶R&÷FV–â„g&vÖVçB’•#’&÷FV–â¶–æ6RÖÆ–¶RÃãs3cCcCscCƒrÅG'VRÃãs3ssC#c3S#csRÃRã#ƒSC3CccS“fRÓbÃã3#33#ƒC#“ƒ“†RÓRÂÂÂÂÂÅG'VRÄfÇ6P¥6öÇ–3sƒSÄ4õ’6–væÆ÷6öÖR6ö×ÆW‚7V'Væ—B"•#3C24•õ”åB76ö6–FVBÖöGVÆRÃã#CS“s#SC“#ƒSrÅG'VRÂÂÂÂÂÂÂÂÄfÇ6RÄfÇ6P¥6öÇ–3sƒsÄ6ÆÖöGVÆ–âÓ"•#““"TbÔ†æBG—RÂÓãcCS#ƒƒ#scscsÅG'VRÂÂÂÂÂÂÂÂÄfÇ6RÄfÇ6P¥6öÇ–3sƒƒÂ%$äÖ&–æF–ær&÷FV–â•#SCcR$ä&V6övæ—F–öâÖ÷F–bÂvÇ–6–æR&–6‚&÷FV–â"ÂÓã3##“#3ss“#C3ƒbÅG'VRÂÂÂÂÂÂÂÂÄfÇ6RÄfÇ6P¥6öÇ–3sƒ“Â$Ç'"Â&W6—7Fæ6R&÷FV–âg&vÖVçB"ÂÓãSS#3“sC3“ƒƒBÅG'VRÂÂÂÂÂÂÂÂÄfÇ6RÄfÇ6P¥6öÇ–3sƒ#ÅVÇ&÷FV6RfÖ–Ç’2×FW&Ö–æÂ6FÇ—F–2FöÖ–â6öçF–æ–ær&÷FV–âW‡&W76VBÂÓã3ƒ3C3sCcsc3“S’ÅG'VRÂÓã3ƒ“3scSssƒc“bÃãƒƒCcƒCƒSs“S6RÓBÃRãS##“CC3fRÓ2ÃS2ãÃãcƒƒƒ“3s3#S2Ããcƒƒƒ“3s3#S2ÃRãs“s“Sƒ3S†RÓÅ6öÇ–3sƒ#ããõ33µ6öÇ–3sƒ#ããõ33“µ3C#µ6öÇ–3sƒ#ããõ33“µ3Cƒµ6öÇ–3sƒ#ããõ3C#µ3Cƒµ6öÇ–3sƒ#ããõ3“µ6öÇ–3sƒ#ããõ3#S#µ6öÇ–3sƒ#ããõ33cµ6öÇ–3sƒ#ããõ3ƒ#µ6öÇ–3sƒ#ããõ3#C#µ6öÇ–3sƒ#ããõ3#s“µ3#ƒ#µ6öÇ–3sƒ#ããõ3#ƒ“µ6öÇ–3sƒ#ããõ3#ƒ“µ3#“3µ6öÇ–3sƒ#ããõ3C3µ6öÇ–3sƒ#ããõ3Sƒµ6öÇ–3sƒ#ããõ3SCsµ6öÇ–3sƒ#ããõ3ScSµ6öÇ–3sƒ#ããõ3SƒCµ6öÇ–3sƒ#ããõ3S“µ3S“µ6öÇ–3sƒ#ããõ3S“Cµ6öÇ–3sƒ#ããõ3ccµ6öÇ–3sƒ#ããõ3c#sµ6öÇ–3sƒ#ããõ3cSƒµ3ccµ6öÇ–3sƒ#ããõ3cSƒµ3ccµ3ccµ6öÇ–3sƒ#ããõ3sSµ6öÇ–3sƒ#ããõ3scµ6öÇ–3sƒ#ããõ3s“µ6öÇ–3sƒ#ããõ3sS#µ6öÇ–3sƒ#ããõ3sƒµ3sƒ#µ6öÇ–3sƒ#ããõ3sƒ#µ6öÇ–3sƒ#ããõ3ƒ#ƒµ6öÇ–3sƒ#ããõ3ƒ“µ6öÇ–3sƒ#ããõ3ƒ“cµ6öÇ–3sƒ#ããõ3“µ6öÇ–3sƒ#ããõC“3µ6öÇ–3sƒ#ããõCssµ6öÇ–3sƒ#ããõCssµ3s“µ3ƒ#µ6öÇ–3sƒ#ããõCssµ3ƒ#µCƒcµ6öÇ–3sƒ#ããõCCRÅG'VRÅG'VP¥6öÇ–3sƒ#ÅöÆÆVâ×7V6–f–2&÷FV–âÒÆ–¶R•#3“s&WÆ–6F–öâf7F÷"&÷FV–â2ÂÓã3Sƒ“S#csƒƒ3ƒS33RÅG'VRÂÂÂÂÂÂÂÂÄfÇ6RÄfÇ6P¥6öÇ–3sƒ#CÅ&÷FV–âw'R•#sCw'RçV6ÆV÷F–FRW†6†ævRf7F÷"ÃãcƒCSC#“sCCƒC2ÅG'VRÃãcƒCc#SCCC“ƒRÃãcƒCCCS#ƒ3CvRÓ’Ãrã“CƒcsƒS#ƒ“6RÓ’ÂÂÂÂÂÅG'VRÄfÇ6P¥6öÇ–3sƒ#SÂ$DäöÇ–ÖW&6R•#CSs‚DäÖF—&V7FVBDäöÇ–ÖW&6RÂfÖ–Ç’"ÂöÃ""ÃãC3“#33ss“C“ƒbÅG'VRÂÂÂÂÂÂÂÂÄfÇ6RÄfÇ6P¥6öÇ–3sƒ#cÄ×VÇF–G'Vr&W6—7Fæ6R&÷FV–âÖGD²•##S#‚×VÇF’çF–Ö–7&ö&–ÂW‡G'W6–öâ&÷FV–âÖDRÃã#“ƒ“#ScSsCƒSSsbÅG'VRÂÂÂÃãÃãcscCsƒC33SsBÃãcscCsƒC33SsBÃ"ã3#3““ƒC#SsVRÓRÅ6öÇ–3sƒ#cããõ3"ÄfÇ6RÅG'VP¥6öÇ–3sƒ#sÂ$VæwVÆfÖVçBæB6VÆÂÖ÷F–Æ—G’&÷FV–â2•#cƒbVæwVÆfÖVçBæB6VÆÂÖ÷F–Æ—G’ÂTÄÔò"Ãã3ƒ#c#“sSƒ3SC2ÅG'VRÂÂÂÂÂÂÂÂÄfÇ6RÄfÇ6P¥6öÇ–3sƒ#ƒÃ"ÖFV‡–G&òÓ2ÖFV÷‡—†÷7†övÇV6öæFRÆFöÆ6UóBÖ‡–G&÷‡’Ó"Ö÷†övÇWF&FRÆFöÆ6R•#ƒƒr´EræB´„rÆFöÆ6RÂÓã#s“ScccCSSCSƒc3‚ÅG'VRÂÂÂÂÂÂÂÂÄfÇ6RÄfÇ6P¥6öÇ–3sƒ3Ä†—7F–F–æRG&–B„„•B’&÷FV–â&÷FV–âÂÓã##Cƒ“cCs3ccc“RÅG'VRÂÓã##CSS#3ƒC3cC’Ãã#cCS“ƒSSccSS6RÓ"Ããcs#Sƒ#3sƒC3ƒ&RÓÃ2ãÃãCc3#sƒ#CsCcSƒCBÃãCc3#sƒ#CsCcSƒCBÃrãƒsScsS“s#ƒs6RÓ’Å6öÇ–3sƒ3ããõ3Cµ6öÇ–3sƒ3ããõ3bÅG'VRÅG'VP¥6öÇ–3sƒ33Â$†WFW&övVæV÷W2çV6ÆV"&–&öçV6ÆV÷&÷FV–â2ÖÆ–¶R&÷FV–â"•#SB$ä&V6övæ—F–öâÖ÷F–bÂ$åÓ"ÂÓã3ss3ƒSCscƒs#cSrÅG'VRÂÂÂÃ"ãÃã#ssƒC3c#3“C#3“rÂÓã#ssƒC3c#3“C#3“rÃRãSƒ3Sc3ccC“s†RÓrÅ6öÇ–3sƒ33ããõC“’ÄfÇ6RÅG'VP¥6öÇ–3sƒ3cÅG—&÷6–æR†÷7†F6RÖÆ–¶R&÷FV–âGÆC•#sCCr52ÃãC#““SC#c““ƒÅG'VRÂÂÂÂÂÂÂÂÄfÇ6RÄfÇ6P¥6öÇ–3sƒ3sÅ6ÖÆÂçV6ÆV"&–&öçV6ÆV÷&÷FV–âb•#cCƒr6ÖÆÂçV6ÆV"&–&öçV6ÆV÷&÷FV–â6ÔbÂÓã#Cs3CsCcsC3“#ÅG'VRÂÂÂÂÂÂÂÂÄfÇ6RÄfÇ6P¥6öÇ–3sƒ3ƒÂ%Væ¶æ÷vâ&÷FV–â•#3R†VB6†ö6²&÷FV–âFæ¢Â7—7FV–æR×&–6‚&Vv–öâ"ÃãcCCcƒSCcSS3ƒCÅG'VRÃãcSs#sSSSSsBÃrãc3#3cs““cVRÓrÃãsƒ#“SC“3ƒ““6RÓbÂÂÂÂÂÅG'VRÄfÇ6P¥6öÇ–3sƒCCÄäD‚7—Fö6‡&öÖR#R&VGV7F6R•#ƒ332÷†–F÷&VGV7F6RdBÖ&–æF–ær&Vv–öâÃã3CSƒ#“ccCƒ“’ÅG'VRÂÂÂÂÂÂÂÂÄfÇ6RÄfÇ6P¥6öÇ–3sƒCcÄÖ–æò6–BG&ç7÷'FW"•#Scb6F–öæ–2Ö–æò6–BG&ç7÷'FW"Ãã3sC3#3cs33C3sBÅG'VRÂÂÂÃRãÃãcSsss#cScsscbÃãcSsss#cScsscbÃ‚ãsƒ3#3s#CRÓÅ6öÇ–3sƒCcããõ3CS“µ6öÇ–3sƒCcããõCCsCµ3CsRÄfÇ6RÅG'VP¥6öÇ–3sƒCsÅWF–F6RÓSfÖ–Ç’&÷FV–â•#ƒ“RWF–F6RÓSÂÓãsc“scc3ƒ333CCCbÅG'VRÂÓãscƒCƒƒS3Ss#SbÃ"ã“S33SCScssVRÓ‚ÃrãCc#sCCscc“VRÓ‚ÂÂÂÂÂÅG'VRÄfÇ6P¥6öÇ–3sƒCƒÄvVæöÖ–2Dä6‡&öÖ÷6öÖRR6ÆöæRÕ#"Ãã33CS3cC“S#ƒBÅG'VRÂÂÂÂÂÂÂÂÄfÇ6RÄfÇ6P¥6öÇ–3sƒSÃRÖÖWF‡–ÇFWG&‡–G&÷FW&÷–ÇG&–vÇWFÖFRÒÖ†öÖö7—7FV–æRÖWF‡–ÇG&ç6fW&6R•#c#sbRÖÖWF‡–ÇFWG&‡–G&÷FW&÷–ÇG&–vÇWFÖFRÒÖ†öÖö7—7FV–æR2ÖÖWF‡–ÇG&ç6fW&6RÂÓãC#33“SS3Cƒ“BÅG'VRÂÓãC#cCsƒc“srÃãsc3ƒSS“3sS6RÓ2Ã"ã3SC#“ƒƒ““3sSvRÓ"ÃrãÃãs##s3ccCSƒCsbÃãs##s3ccCSƒCsbÃ"ãcC3SS###SS3FRÓÅ6öÇ–3sƒSããõ33µ6öÇ–3sƒSããõ3#3µ6öÇ–3sƒSããõ3#ƒCµ6öÇ–3sƒSããõ3Cƒµ6öÇ–3sƒSããõ3s"ÅG'VRÅG'VP¥6öÇ–3sƒS3Â%b×G—R&÷FöâE6R7V'Væ—BB•#cs#rE6RÂc6ö×ÆW‚Â7V'Væ—BB"ÂÓã3“SccC“#S“SÅG'VRÂÂÂÂÂÂÂÂÄfÇ6RÄfÇ6P¥6öÇ–3sƒSCÂ$F—‡F†Ö–FR&–÷7–çF†W6—2&÷FV–â"•#BF—‡F†Ö–FR7–çF†W6—2ÂD…""ÂÓãC#CcCSSS“3sCSBÅG'VRÂÂÂÃãÃãcCcƒ3##CccssC#BÃãcCcƒ3##CccssC#BÃrã“s“#ƒ3CSss#6RÓRÅ6öÇ–3sƒSCããõ33“ÄfÇ6RÅG'VP¥6öÇ–3sƒSsÄ´TBÂÓãCƒ#ƒS3cƒCCscc#rÅG'VRÂÂÂÃrãÃãSSC#sCƒƒCCCcS“‚ÃãSSC#sCƒƒCCCcS“‚Ãã#3sc#““cC“cFRÓrÅ6öÇ–3sƒSsããõ33Sµ6öÇ–3sƒSsããõ33Sµ33“µ6öÇ–3sƒSsããõ33“µ6öÇ–3sƒSsããõ3CÄfÇ6RÅG'VP¥6öÇ–3sƒSƒÅ7–çF†–â•#“ƒ’BÕ4ä$RÃãc“3ƒ“c3ƒC#3ƒ’ÅG'VRÂÂÂÂÂÂÂÂÄfÇ6RÄfÇ6P¥6öÇ–3sƒS“Â$ãbÖFVæ–æR×7V6–f–2DäÖWF‡–ÇG&ç6fW&6R"•#“3c’âÓbFVæ–æR×7V6–f–2DäÖWF‡–Æ6R×&VÆFVBÂWV¶'–÷F–2"ÂÓãcs3C“3#s3#32ÅG'VRÂÓãcscc#“#csSƒ3sRÃBãc#ƒ#SSCcƒ6RÓÃ2ãCC#Ss3“3sƒfRÓÂÂÂÂÂÅG'VRÄfÇ6P¥6öÇ–3sƒcÂ%&†öÖ&ö–B&÷FV6RvÇr•##cWF–F6R3SBÂ&†öÖ&ö–B"ÂÓãsc#CcCSƒ3#C“3C"ÅG'VRÂÂÂÃbãÃã“3#“ƒssS3“SCc‚Ãã“3#“ƒssS3“SCc‚Ã2ãc3ƒ“ƒ#SCƒsS&RÓ‚Å6öÇ–3sƒcããõ3#ƒSµ6öÇ–3sƒcããõ3#“Sµ6öÇ–3sƒcããõ33#sµ6öÇ–3sƒcããõ333µ333#µ6öÇ–3sƒcããõ33C‚ÄfÇ6RÅG'VP¥6öÇ–3sƒcÂ%V&—V—F–â6&&÷‡–Â×FW&Ö–æÂ‡–G&öÆ6RfÖ–Ç’&÷FV–âW‡&W76VB•#3“BWF–F6R3’ÂV&—V—F–â6&&÷‡–Â×FW&Ö–æÂ‡–G&öÆ6R""ÂÓã“S#SC“3“3SrÅG'VRÂÂÂÂÂÂÂÂÄfÇ6RÄfÇ6P¥6öÇ–3sƒcSÂ$6&÷FVæö–B—6öÖW&6RÂ6†Æ÷&÷Æ7F–2"Ã"ãSƒSSS#S“CrÅG'VRÃ"ãC““Cssc3“"ÃBãc3#sc6RÓrÃRãs3#“3s#s#ƒFRÓRÂÂÂÂÂÅG'VRÄfÇ6P¥6öÇ–3sƒccÂ%7V7&÷6R†÷7†FR†÷7†F6R•##ƒCr7V7&÷6R†÷7†F6RÂÆçBæB7–æö&7FW&–•#c3ƒ7V7&÷6RÓdb×†÷7†FR†÷7†ö‡–G&öÆ6RÂÆçBæB7–æö&7FW&–"Ããƒ3sCS#“#SCs33C"ÅG'VRÂÂÂÂÂÂÂÂÄfÇ6RÄfÇ6P¥6öÇ–3sƒs#Äf66–6Æ–âÖÆ–¶R&&–æövÆ7Fâ&÷FV–âB•#sƒ"d3FöÖ–âÂÓãS3“3cSSsC#‚ÅG'VRÂÓãC““c#cƒƒc“ƒ’Ã’ãcS#cc““3CcƒvRÓ"Ã’ãC3S“3ƒ“3†RÓÂÂÂÂÂÅG'VRÄfÇ6P¥6öÇ–3sƒs3Ä÷3&s#ƒ&÷FV–â„g&vÖVçB’•#“csRF&vWF–ærf÷"†¶Ç"ÂÓ"ãCCCƒc““ƒ"ÅG'VRÂÓ"ãCss“sCccƒƒ“rÃ"ãcSS3c“ss“sƒSS–RÓrÃBã#“ssScC33S&RÓRÃrãÃã“Scc“3s33bÃã“Scc“3s33bÃRã##C3sC#CcƒcSvRÓÅ6öÇ–3sƒs3ããõ3µ6öÇ–3sƒs3ããõ3S#µ6öÇ–3sƒs3ããõ3ƒµ6öÇ–3sƒs3ããõ3#cµ3##cµ6öÇ–3sƒs3ããõ3#cµ3##cµ3##“µ6öÇ–3sƒs3ããõ3##cµ6öÇ–3sƒs3ããõ3#Cµ6öÇ–3sƒs3ããõ3#ƒµ6öÇ–3sƒs3ããõ33CCµ6öÇ–3sƒs3ããõ3“Sµ6öÇ–3sƒs3ããõC#µ6öÇ–3sƒs3ããõC#Sµ6öÇ–3sƒs3ããõC##ƒµ3#3µ6öÇ–3sƒs3ããõC3BÅG'VRÅG'VP¥6öÇ–3sƒsSÄÖÂBÖ76ö6–FVB&÷FV–âÃãS#3S3##3“3C3BÅG'VRÂÂÂÂÂÂÂÂÄfÇ6RÄfÇ6P¥6öÇ–3sƒƒÅ†÷7†F–G–ÆvÇ–6W&öÅ÷†÷7†F–G–Æ–æ÷6—FöÂG&ç6fW"&÷FV–â•#3s"ÔBÓ"×&VÆFVBÆ—–B×&V6övæ—F–öâÂÓãc“###cƒcc#3cÅG'VRÂÓãc“#SC#CcSCs“CBÃãSƒSs“ƒsƒ3cvRÓbÃ2ãs3c“ƒ“S3##&RÓbÂÂÂÂÂÅG'VRÄfÇ6P¥6öÇ–3sƒƒ#ÄW‡&÷FV–âÂÓã#Cƒ#““Cs“C“C3ƒRÅG'VRÂÂÂÂÂÂÂÂÄfÇ6RÄfÇ6P¥6öÇ–3sƒƒ3Â%&WÆ–6F–öâ&÷FV–â7V'Væ—B•#CcCb&WÆ–6F–öâ&÷FV–âÂ7V'Væ—B%3""ÂÓã#C““““C3s3cCCsrÅG'VRÂÂÂÂÂÂÂÂÄfÇ6RÄfÇ6P¥6öÇ–3sƒƒSÅ7–çF†–â•#“ƒ’BÕ4ä$RÂÓãsssCS3Cccƒ“’ÅG'VRÂÓãss33S3#C#C32ÃãC“#C3s“ƒ“sSƒ#fRÓ‚ÃRãCsc#ƒC3ƒ†RÓ‚Ã"ãÃãCcsƒC“ccCƒC3"ÃãCcsƒC“ccCƒC3"ÃBãs#C““RÓ‚Å6öÇ–3sƒƒSããõ3‚ÅG'VRÅG'VP¥6öÇ–3sƒ“#Â$6öFöÖW"7V'Væ—B&WFÓ•#cCc6öFöÖW"Â&WF7V'Væ—B"ÂÓã3ƒS“ƒCSs“c“sc“RÅG'VRÂÂÂÂÂÂÂÂÄfÇ6RÄfÇ6P¥6öÇ–3sƒ“ƒÄ†'–âÖ–æGV6VB&÷FV–âÖÆ–¶R„g&vÖVçB’•#ƒCr†'–âÖ–æGV6VBÃã#ssƒ““#SscSs3C2ÅG'VRÂÂÂÂÂÂÂÂÄfÇ6RÄfÇ6P¥6öÇ–3sƒ#3ÅW&÷†—&VF÷†–â•#ƒcbÆ·–Â‡–G&÷W&÷†–FR&VGV7F6UòF†–öÂ7V6–f–2çF–÷†–FçEòÖÂÆÆW&vVâÂÓã##C3SccSƒCbÅG'VRÂÂÂÂÂÂÂÂÄfÇ6RÄfÇ6P¥6öÇ–3sƒ3ÄF–‡–G&öF—–6öÆ–æFR7–çF†6R"•#S#c2F–‡–G&öF—–6öÆ–æFR7–çF†6R7V&fÖ–Ç’ÂÓãsC“ƒ#s#sƒc“‚ÅG'VRÂÂÂÂÂÂÂÂÄfÇ6RÄfÇ6P¥6öÇ–3sƒ3#Â%V&—V—F–âÖ6öæ§VvF–ærVç§–ÖRfÖ–Ç’&÷FV–âÖÆ–¶R•#c‚V&—V—F–âÖ6öæ§VvF–ærVç§–ÖRÂS""Ãã“3###33#C“‚ÅG'VRÂÂÂÂÂÂÂÂÄfÇ6RÄfÇ6P¥6öÇ–3sƒ3SÅ&WF–æö&Æ7FöÖÖ&–æF–ær&÷FV–âb„g&vÖVçB’•#Cƒ“EtäâFöÖ–âÂÓãSss3SSs“33RÅG'VRÂÂÂÃ"ãÃã“33#ƒƒc“SC“cƒBÃã“33#ƒƒc“SC“cƒBÃ‚ãƒƒ“3cS33ssSƒVRÓrÅ6öÇ–3sƒ3Sããõ3µ6öÇ–3sƒ3Sããõ3Sµ6öÇ–3sƒ3Sããõ3cµ6öÇ–3sƒ3Sããõ33s3µ33sCµ33ƒµ6öÇ–3sƒ3Sããõ3CCµ6öÇ–3sƒ3Sããõ3Csµ6öÇ–3sƒ3Sããõ3scµ6öÇ–3sƒ3Sããõ3sƒRÄfÇ6RÅG'VP¥6öÇ–3sƒ3cÄ÷†–FF–öâ&W6—7Fæ6R•#cSsDÄF2Ããc“#S3s33##“3sbÅG'VRÂÂÂÂÂÂÂÂÄfÇ6RÄfÇ6P¥6öÇ–3sƒ3#ÄD•c#ÖÆ–¶R&÷FV–â„g&vÖVçB’•#c5tõ7W'ÂÓãSSƒsƒs“3ƒ3c#ÅG'VRÂÂÂÂÂÂÂÂÄfÇ6RÄfÇ6P¥6öÇ–3sƒ3##ÄvVæöÖ–2Dä6‡&öÖ÷6öÖRR6ÆöæRÔ$Ã#ÂÓã333#csC#“#s3rÅG'VRÂÂÂÂÂÂÂÂÄfÇ6RÄfÇ6P¥6öÇ–3sƒ3#CÂ%$äÖ&–æF–ær&÷FV–â•#SB$ä&V6övæ—F–öâÖ÷F–bÂ$åÓ"ÂÓãƒ33cs3CsSsBÅG'VRÂÂÂÂÂÂÂÂÄfÇ6RÄfÇ6P¥6öÇ–3sƒ3#sÄ‡–G&öÆ6RÇ†ö&WFföÆBfÖ–Ç’&÷FV–â•#s2Ç†ö&WF‡–G&öÆ6RföÆBÓÃãCss3“c#cSSs3S#cRÅG'VRÂÂÂÂÂÂÂÂÄfÇ6RÄfÇ6P¥6öÇ–3sƒ3#“Â$&WFÖg'V7FögW&æ÷6–F6R–ç6öÇV&ÆR—6öVç§–ÖR"•#ƒS2vÇ–6÷6–FR‡–G&öÆ6RÂfÖ–Ç’3"Â7F—fR6—FR•#3C‚vÇ–6÷7–Â‡–G&öÆ6W2fÖ–Ç’3"Ââ×FW&Ö–æÂ•#3c"vÇ–6÷6–FR‡–G&öÆ6RÂfÖ–Ç’3""Ãã““sSC33C#’ÅG'VRÃã““##3Sƒ“#“CSc2Ã‚ã#SsS3ƒsc3c†RÓ‚Ã"ãS#“C“ƒssƒs†RÓrÂÂÂÂÂÅG'VRÄfÇ6P¥6öÇ–3sƒ33Â$&WFÖg'V7FögW&æ÷6–F6R–ç6öÇV&ÆR—6öVç§–ÖR"•#3c"vÇ–6÷6–FR‡–G&öÆ6RÂfÖ–Ç’3""ÂÓãƒ““#ƒƒs3s“ƒ“Sc"ÅG'VRÂÂÂÂÂÂÂÂÄfÇ6RÄfÇ6P¥6öÇ–3sƒ33SÅ6÷VÂ†VÖRÖ&–æF–ærfÖ–Ç’&÷FV–â•#c“r4õTÂ†VÒÖ&–æF–ær&÷FV–âÃãƒ“c“CƒsCSsƒrÅG'VRÃãƒƒC#3Sƒ#3“s‚ÃBãS3##scSC33“SRÓ‚ÃãCƒ3ccccƒƒCc#“fRÓrÂÂÂÂÂÅG'VRÄfÇ6P¥6öÇ–3sƒ33cÄ6ÆÖöGVÆ–â&–æF–ær&÷FV–âÂÓã“3C3ƒ333sS“‚ÅG'VRÂÓãƒ““33SC“#scƒ#RÃãcccsƒccc#CCRÓ’ÃRã3ƒc#“ƒ3S#ƒvRÓ’Ã2ãÃã#cCc3s“3cCCs‚Ãã#cCc3s“3cCCs‚Ã2ã3CC3ƒ#scs#CRÓbÅ6öÇ–3sƒ33cããõ33ƒµ33ƒcµ6öÇ–3sƒ33cããõ3CCƒµ6öÇ–3sƒ33cããõ3CS3µ3CSRÅG'VRÅG'VP¥6öÇ–3sƒ3CÄ7—Fö6‡&öÖRCSÃã““CCƒƒcsCs3ƒCs"ÅG'VRÃã““sC3C3cSƒCÃãC#sƒCƒSS3#“CSVRÓRÃrãCcS#ƒ#“ƒ“C6RÓBÃãÃ"ã3##““s“cSc#ƒrÃ"ã3##““s“cSc#ƒrÃbãSC#Sc#cCs“cFRÓÅ6öÇ–3sƒ3Cããõ3Cƒ2ÅG'VRÅG'VP¥6öÇ–3sƒ3CCÅTEfÆföæö–B2ÔòÖvÇV6÷7–ÇG&ç6fW&6R„g&vÖVçB’•###2TEÖvÇV7W&öæ÷7–ÅõTEÖvÇV6÷7–ÇG&ç6fW&6RÂÓãSC#ƒCƒ#C3rÅG'VRÂÓãSCcc#s3s“s#S3BÃrã““CccƒcFRÓRÃ"ãcƒƒCsCCƒƒ†RÓ2ÂÂÂÂÂÅG'VRÄfÇ6P¥6öÇ–3sƒ3CƒÄbÖ&÷‚fÖ–Ç’&÷FV–â•#ƒ7–6Æ–âÖÆ–¶RbÖ&÷‚ÂÓãC#S#S#sssC3csbÅG'VRÂÂÂÂÂÂÂÂÄfÇ6RÄfÇ6P¥6öÇ–3sƒ3C“Â$6VÆÂF—f—6–öâ&÷FV–âgG5¢•#S‚6VÆÂF—f—6–öâ&÷FV–âgG5¢Ââ×FW&Ö–æÂ"ÃãƒƒƒC#3CC3Cs#2ÅG'VRÂÂÂÂÂÂÂÂÄfÇ6RÄfÇ6P¥6öÇ–3sƒ3S#Æ4Dä6ÆöæR£33„S2gVÆÂ–ç6W'B6WVVæ6R•#s32&÷FV–âöbVæ¶æ÷vâgVæ7F–öâETccc"ÂÓã#s“cCCCCc“ƒsƒ‚ÅG'VRÂÓã#ƒ#c3c3““BÃ"ãƒƒs“#ƒcSCvRÓ’Ãã#ƒCcCS33ƒƒc6RÓ‚ÂÂÂÂÂÅG'VRÄfÇ6P¥6öÇ–3sƒ3SsÂ$g'V7F÷6RÖ&—7†÷7†FRÆFöÆ6R•#sCg'V7F÷6RÖ&—7†÷7†FRÆFöÆ6RÂ6Æ72Ô’"ÂÓãS#Cs3cS#3ƒCƒ“"ÅG'VRÂÂÂÃãÃãƒƒ#ƒS##CƒƒCCsrÃãƒƒ#ƒS##CƒƒCCsrÃ’ãC“#Css3sVRÓbÅ6öÇ–3sƒ3Ssããõ33SÄfÇ6RÅG'VP¥6öÇ–3sƒ3cÅ&–&÷6öÖR&öGV7F–öâf7F÷""†öÖöÆör•#s’'&—‚FöÖ–âÂÓãc#“C“#cƒSScS3RÅG'VRÂÓãc33“s“CSC##RÃRã“#ƒ#ƒc#sscSs6RÓ‚ÃãƒsƒCS3c3cS#3VRÓrÂÂÂÂÂÅG'VRÄfÇ6P¥6öÇ–3sƒ3cÅ&÷FV–â¶–æ6R•###“6W&–æU÷F‡&Vöæ–æR&÷FV–â¶–æ6RÂÓã3CssCcC#ƒssrÅG'VRÂÂÂÃ"ãÃãƒ““SsScs#“ƒ3rÂÓãƒ““SsScs#“ƒ3rÃ2ã#cc#s3ss“s6RÓ‚Å6öÇ–3sƒ3cããõ3ÄfÇ6RÅG'VP¥6öÇ–3sƒ3c3Å&W&W76÷"öb6–ÆVæ6–ær&"•#3#cR†„‚ÔuBFöÖ–âÃã#“cccCcSsCs#BÅG'VRÂÂÂÃãÃãƒ“#s#Csc3ƒsRÂÓãƒ“#s#Csc3ƒsRÃãCC3scƒc#““c&RÓ‚Å6öÇ–3sƒ3c3ããõC3“rÄfÇ6RÅG'VP¥6öÇ–3sƒ3cCÅ7Æ–6–ærf7F÷"S&b7V'Væ—B•#“CRS"W†–Æ–'’f7F÷"6ÖÆÂ7V'Væ—BÂÓãC#s#Cc“ƒ#c“’ÅG'VRÂÂÂÂÂÂÂÂÄfÇ6RÄfÇ6P¥6öÇ–3sƒ3cSÅW&÷†—&VF÷†–â‡5õE4fÖ–Ç’•#3sC&VF÷†–âÃãCSC#CS###SC“#rÅG'VRÃãCSC#Ssƒc#ƒ3ƒ"Ã"ãcccCS3ƒ“#ssRÓBÃbã“sƒ#s#csSs†RÓ2Ã2ãÃãƒ3SCsƒsCCƒs“2ÂÓãƒ3SCsƒsCCƒs“2Ããs3s#SsƒsS–RÓ‚Å6öÇ–3sƒ3cSããõ3ssµ6öÇ–3sƒ3cSããõ3“‚ÅG'VRÅG'VP¥6öÇ–3sƒ3csÂ$6VÆÇVÆ÷6R7–çF†6RÖÆ–¶R3"vÇ–6÷7–ÇG&ç6fW&6RfÖ–Ç’"•#s2vÇ–6÷7–ÂG&ç6fW&6RÂfÖ–Ç’""ÂÓãcScc“S#Sƒ“3CsrÅG'VRÂÓãcc““cS“C“ƒ“S“rÃã#s#cs3Sƒs2Ãã#“cS““cCcC“ÂÂÂÂÂÅG'VRÄfÇ6P¥6öÇ–3sƒ3s#Å—'WfFR¶–æ6R•#c“r—'WfFR¶–æ6RÃãcSsss3#cƒ““c2ÅG'VRÃãcS3““sC“sC“ƒ’ÃãsS““Cs“3Sƒ3scRÓ"Ã"ãƒssSccCƒScfRÓÂÂÂÂÂÅG'VRÄfÇ6P¥6öÇ–3sƒ3sCÃc2&–&÷6öÖÂ&÷FV–âÃ#B•#“ƒ‚&–&÷6öÖÂ&÷FV–âÃ#FRÂÓã“S##“ScC“#2ÅG'VRÂÓã“cc#ƒSSS“ƒC#’Ãã#CcƒC3scC““FRÓÃrãƒScs“s“3ƒ“c6RÓÃ"ãÃãss“cSS3“c“c#C“BÃãss“cSS3“c“c#C“BÃãcs““C3“cƒ–RÓÅ6öÇ–3sƒ3sCããõ3#ƒµ6öÇ–3sƒ3sCããõ3ƒBÅG'VRÅG'VP¥6öÇ–3sƒ3scÂ%F‡&Vöæ–æRFV‡–G&F6R&–÷7–çF†WF–2•#c3B6W&–æU÷F‡&Vöæ–æRFV‡–G&F6RÂ—&–F÷†Â×†÷7†FRÖ&–æF–ær6—FR•#SsƒrF‡&Vöæ–æRFV‡–G&F6R’"ÂÓãc“ccƒƒ#ƒƒcc3ÅG'VRÂÓãc““3ssS3ƒ##bÃ’ã##3cSƒ“fRÓ"Ã‚ãc“ƒƒ3#CCFRÓÂÂÂÂÂÅG'VRÄfÇ6P¥6öÇ–3sƒ3sƒÂ%f7VöÆ"&÷FV–â×6÷'F–ærÖ76ö6–FVB&÷FV–â3r†öÖöÆör•#“ƒSÖöF–f–W"öb'VF–ÖVçF'’ÂÖöG""Ãã3Cc3“C3cƒ“c3#2ÅG'VRÂÂÂÂÂÂÂÂÄfÇ6RÄfÇ6P¥6öÇ–3sƒ3s“Ä7—Fö6‡&öÖRCSÂÓã3“sc33CSƒcCƒRÅG'VRÂÂÂÂÂÂÂÂÄfÇ6RÄfÇ6P¥6öÇ–3sƒ3ƒ3Â$vÇWFÖ–æR7–çF†WF6R’•#ƒCbvÇWFÖ–æR7–çF†WF6RÂ6FÇ—F–2&Vv–öâ"ÂÓã#s#s3cCcs3#cƒc’ÅG'VRÂÂÂÂÂÂÂÂÄfÇ6RÄfÇ6P¥6öÇ–3sƒ3ƒCÄfÇTr&÷FV–âÂÓã##3SƒS“cC3“rÅG'VRÂÂÂÂÂÂÂÂÄfÇ6RÄfÇ6P¥6öÇ–3sƒ3ƒcÅTEÖvÇV6÷7–ÇG&ç6fW&6RfÖ–Ç’&÷FV–â•###2TEÖvÇV7W&öæ÷7–ÅõTEÖvÇV6÷7–ÇG&ç6fW&6RÂÓãs3sCc3ƒS3#RÅG'VRÂÓãcs“c#S#rÃãC“#SƒCcC“&RÓ‚ÃRã##“S“3sc“ƒvRÓ‚ÂÂÂÂÂÅG'VRÄfÇ6P¥6öÇ–3sƒ3ƒsÄæ·—&–â&WVBFöÖ–â•##æ·—&–âÂÓãC3ƒƒƒC3#33‚ÅG'VRÂÂÂÂÂÂÂÂÄfÇ6RÄfÇ6P¥6öÇ–3sƒ3ƒƒÄV÷&–â•###c’V÷&–âÃ2ãƒs“““s“S##“c"ÅG'VRÃ2ãƒƒCCscƒ#ss3ƒ“bÃbã#ƒƒcc“ScSƒC6RÓRÃ"ãC“#““CFRÓ2ÂÂÂÂÂÅG'VRÄfÇ6P¥6öÇ–3sƒ3“ÅVæ¶æ÷vâ&÷FV–âÃã#csS#“3Scƒ“ƒ#CÅG'VRÂÂÂÂÂÂÂÂÄfÇ6RÄfÇ6P¥6öÇ–3sƒ3“#Â%6W&–æU÷F‡&Vöæ–æR×&÷FV–â†÷7†F6R$Sb´F&VwVÆF÷'’7V'Væ—BFVÇF—6öf÷&Ò•##SSB&÷FV–â†÷7†F6R$Â&VwVÆF÷'’"7V'Væ—BÂ#Sb"ÂÓãSs#C“CCS#3ƒbÅG'VRÂÂÂÂÂÂÂÂÄfÇ6RÄfÇ6P¥6öÇ–3sƒ3“3Â%WF–G–Â×&öÇ–Â6—2×G&ç2—6öÖW&6R•##3WF–G–Â×&öÇ–Â6—2×G&ç2—6öÖW&6RÂ7–6Æ÷†–Æ–â×G—R"ÂÓãsƒ#s##ƒs#3Cs###RÅG'VRÂÂÂÂÂÂÂÂÄfÇ6RÄfÇ6P¥6öÇ–3sƒ3“sÅ2ÖFVæ÷7–ÆÖWF†–öæ–æR7–çF†6R•##322ÖFVæ÷7–ÆÖWF†–öæ–æR7–çF†WF6RÂÓãsScc3cScCƒCƒRÅG'VRÂÓãsSs3ƒ3S3sSƒ’ÃrãC33ƒs3S3RÓBÃãc3c“Sƒ“3cSsfRÓ"ÂÂÂÂÂÅG'VRÄfÇ6P¥6öÇ–3sƒCCÅF‡–Æ¶ö–BÇVÖVâRãÖ´F&÷FV–â„g&vÖVçB’ÂÓ"ã#ƒs“sSScCƒƒcbÅG'VRÂÓ"ã33“ƒ3c“##“CbÃRãccscCsSsƒ3C–RÓ‚Ããƒs#s“#“CC“C–RÓrÂÂÂÂÂÅG'VRÄfÇ6P¥6öÇ–3sƒCSÂ##e2&÷FV6R&VwVÆF÷'’7V'Væ—Bd"†öÖöÆör•#S“3‚E6RÂ×G—RÂ4D3C‚"Ãã#CccCƒc“BÅG'VRÃã#S3“3sSCcsƒsRÃ2ã3Sc#“s#C–RÓ2ÃRãSC#Cs#Ss–RÓ"ÃBãÃãSs“#“C3C#cCRÂÓãSs“#“C3C#cCRÃ"ã3#Cc3#sRÓbÅ6öÇ–3sƒCSããõ3Cs“µ6öÇ–3sƒCSããõ3rÅG'VRÅG'VP¥6öÇ–3sƒCsÅVæ¶æ÷vâ&÷FV–âÃã3“ƒcSƒ3CƒC3“ƒƒsrÅG'VRÂÂÂÂÂÂÂÂÄfÇ6RÄfÇ6P¥6öÇ–3sƒC#ÄV÷&–â•###c’V÷&–âÂÓãSs3#sCCcƒc2ÅG'VRÂÂÂÂÂÂÂÂÄfÇ6RÄfÇ6P¥6öÇ–3sƒCCÄfW'&ö6†VÆF6R•#RfW'&ö6†VÆF6RÃãs“sƒ“#csSƒ“2ÅG'VRÃãs“s#ScƒC33#“S’ÃãCcSsƒC3“Cƒƒ&RÓRÃRã“#Cs“cS#ƒ3cFRÓBÂÂÂÂÂÅG'VRÄfÇ6P¥6öÇ–3sƒCcÅ$äW†öçV6ÆV6R•#cSRW†öçV6ÆV6RÂÓãƒƒ“CC“cƒc3cC’ÅG'VRÂÓãƒ“ccC“ss“#bÃbãCS3#3s3“#C3&RÓ’Ã"ãc#3sc33ƒƒƒ–RÓ‚ÂÂÂÂÂÅG'VRÄfÇ6P¥6öÇ–3sƒCsÄ&6ÂÓ"Ö76ö6–FVBF†æövVæRÖÆ–¶R&÷FV–â•#C‚•6ÆÖöGVÆ–âÖ&–æF–ær&Vv–öâÃãC#3ƒ#S#S#ƒ‚ÅG'VRÃãC##cS#S3“C“sƒ"Ãrã3#ƒ“s“3Cc†RÓBÃãSƒcƒC#c33ss†RÓ"ÂÂÂÂÂÅG'VRÄfÇ6P¥6öÇ–3sƒC#Å7–çF†–âÓs•#s#rF&vWB4ä$R6ö–ÆVBÖ6ö–Â&Vv–öâÂÓãc3“#“sSs##“csBÅG'VRÂÓãc3“#“cC3sc#ƒ3BÃ2ã#c#c##c#sƒ3CRÓÃ"ãS#3s33C3cC““&RÓÃBãÃ"ãS#ƒƒ#CƒS“"Ã"ãS#ƒƒ#CƒS“"Ã2ãƒs#SSCCS#fRÓÅ6öÇ–3sƒC#ããõ3#µ6öÇ–3sƒC#ããõ3c#µ6öÇ–3sƒC#ããõ3#ƒµ6öÇ–3sƒC#ããõCƒ’ÅG'VRÅG'VP¥6öÇ–3sƒC#SÅ&V6WF÷"ÖÆ–¶R¶–æ6R•###“6W&–æU÷F‡&Vöæ–æR&÷FV–â¶–æ6RÂÓã3ssC#33“3CcƒRÅG'VRÂÓã3ssCƒ3#c#33‚Ã2ã#sS“CCc#ƒS&RÓ"Ã2ãC3#33SssSss&RÓÂÂÂÂÂÅG'VRÄfÇ6P¥6öÇ–3sƒC#sÄ–×÷'F–âÇ†Ó"7V'Væ—B•#“ƒ’&ÖF–ÆÆòÖÆ–¶R†VÆ–6ÂÂÓã##cs33sc3ƒCC"ÅG'VRÂÂÂÂÂÂÂÂÄfÇ6RÄfÇ6P¥6öÇ–3sƒC#ƒÄ6ÆÖöGVÆ–âÖ&–æF–ær&÷FV–â•#C‚•6ÆÖöGVÆ–âÖ&–æF–ær&Vv–öâÂÓãƒCs#ƒS#ƒ3“c“Cc"ÅG'VRÂÓãƒC“S“Cs###c#ƒCBÃ2ãƒ##ssCC#SVRÓ"Ã2ãScƒƒCCCcƒSCs†RÓÃ#bãÃãcƒ“ƒ#ƒ“SScs#SBÃãcƒ“ƒ#ƒ“SScs#SBÃ"ãsC“3S3ƒ33#ƒ6RÓ‚Å6öÇ–3sƒC#ƒããõ3cµ6öÇ–3sƒC#ƒããõ3#ƒSµ6öÇ–3sƒC#ƒããõ3#“ƒµ33µ6öÇ–3sƒC#ƒããõ3#“ƒµ33#µ6öÇ–3sƒC#ƒããõ33µ6öÇ–3sƒC#ƒããõ33#µ6öÇ–3sƒC#ƒããõ33#Cµ33#sµ6öÇ–3sƒC#ƒããõ33s#µ6öÇ–3sƒC#ƒããõ33s#µ33sSµ6öÇ–3sƒC#ƒããõ33sSµ6öÇ–3sƒC#ƒããõ3C“µ6öÇ–3sƒC#ƒããõ3CC#µ3CCCµ6öÇ–3sƒC#ƒããõ3CCCµ3CCcµ6öÇ–3sƒC#ƒããõ3CCcµ6öÇ–3sƒC#ƒããõ3C“µ6öÇ–3sƒC#ƒããõC3CµC3Cµ6öÇ–3sƒC#ƒããõC3csµ33s#µ33sRÅG'VRÅG'VP¥6öÇ–3sƒC3Â$6†W&öæR&÷FV–âFæ¢2•#Sc’ÖöÆV7VÆ"6†W&öæRÂ†VB6†ö6²&÷FV–âÂ‡7CÂFæ¢"Ãã#Cƒƒc33C“S“c‚ÅG'VRÃã#“#“sc“S#C3sÃ2ãS#3ssS#Sc“†RÓ"Ã2ãƒsSC“S#S#ƒsvRÓÂÂÂÂÂÅG'VRÄfÇ6P¥6öÇ–3sƒC3#Â%7V'F–Æ—6–âÖÆ–¶R&÷FV6R•#SSWF–F6R3‚Â7V'F–Æ—6–â×&VÆFVB"ÂÓã#Scƒss##3sSCcSBÅG'VRÂÂÂÂÂÂÂÂÄfÇ6RÄfÇ6P¥6öÇ–3sƒC3SÃc2&–&÷6öÖÂ&÷FV–âÃBÔ"„Ã’•##3b&–&÷6öÖÂ&÷FV–âÃEôÃRÂÓãS33sSSs“3#C“c#BÅG'VRÂÂÂÂÂÂÂÂÄfÇ6RÄfÇ6P¥6öÇ–3sƒCCÂ$vÇWFF†–öæR2×G&ç6fW&6R•#s“32vÇWFF†–öæR2×G&ç6fW&6Uö6†Æ÷&–FR6†ææVÂÂ2×FW&Ö–æÂ"ÃãS3c3“CsƒƒSCRÅG'VRÂÂÂÂÂÂÂÂÄfÇ6RÄfÇ6P¥6öÇ–3sƒCSCÂ%VçFG&–6÷WF–FR&WVBÖ6öçF–æ–ær&÷FV–â•#3#’Äå3"ÂÆ—–åôæVCõ6×""Ãã#c3#cCcccCcƒBÅG'VRÂÂÂÂÂÂÂÂÄfÇ6RÄfÇ6P¥6öÇ–3sƒCcÂ%ÆçB×7V6–f–2FöÖ–âD”u#Sƒ’fÖ–Ç’&÷FV–â•#cCsb6öç6W'fVB‡—÷F†WF–6Â&÷FV–â4…Sƒ’ÂÆçB"Ãã“cƒs3S3“sRÅG'VRÃã“csSSƒ#3Ccc3"Ã2ã#s““SsSƒCC&RÓÃ"ã3csSS#ƒ“Sc3fRÓÂÂÂÂÂÅG'VRÄfÇ6P¥6öÇ–3sƒCc#ÅVæ¶æ÷vâ&÷FV–âÂÓã#ƒCsC#cs#CCSc“rÅG'VRÂÂÂÃãÃã3CCCƒs3C33“3#RÃã3CCCƒs3C33“3#RÃ’ã“3c“#ScsC#cs&RÓ‚Å6öÇ–3sƒCc#ããõ3#bÄfÇ6RÅG'VP¥6öÇ–3sƒCc3Â%$ä&–æF–ær&÷FV–â•##csrçV6ÆV÷F–FRÖ&–æF–ærÂÇ†Ö&WFÆ—B"ÂÓã##ccƒ“““C“ƒcBÅG'VRÂÂÂÂÂÂÂÂÄfÇ6RÄfÇ6P¥6öÇ–3sƒCcCÄâÖ6WG–ÇG&ç6fW&6R•#ƒ"t4ãR×&VÆFVBâÖ6WG–ÇG&ç6fW&6RÂÓãS33ccs“SS3CsCbÅG'VRÂÂÂÂÂÂÂÂÄfÇ6RÄfÇ6P¥6öÇ–3sƒCccÂ$7F–âÖFWöÇ–ÖW&—¦–ærf7F÷"•##‚7F–âÖ&–æF–ærÂ6öf–Æ–å÷G&÷ö×–÷6–âG—R"ÂÓã#Sccƒ“SƒSƒC#rÅG'VRÂÂÂÂÂÂÂÂÄfÇ6RÄfÇ6P¥6öÇ–3sƒCcsÄWV¶'–÷F–2G&ç6ÆF–öâ–æ—F–F–öâf7F÷"27V'Væ—B•#sr&÷FV6öÖR6ö×öæVçB&Vv–öâ4’ÂÓãsC“#cC“#CccƒRÅG'VRÂÂÂÂÂÂÂÂÄfÇ6RÄfÇ6P¥6öÇ–3sƒCc“ÄE×&–&÷7–ÆF–öâf7F÷"uE6R7F—fF–ær&÷FV–â•#cB&buE6R7F—fF–ær&÷FV–âÂÓãƒccC#s3ƒscCƒcBÅG'VRÂÓãƒsSƒ#3ccBÃ2ã“cCcƒ3c#S““FRÓ"Ã2ãC“#ScCƒ#cƒSvRÓÃãÃãSc#cƒ“ccS##“ÃãSc#cƒ“ccS##“Ã2ã##Cƒƒ“#ƒCsCfRÓbÅ6öÇ–3sƒCc“ããõ33ƒ"ÅG'VRÅG'VP¥6öÇ–3sƒCsÃ32&–&÷6öÖÂ&÷FV–â3‚fÖ–Ç’•#cC‚&–&÷6öÖÂ&÷FV–â3‚ÂÓãcS“#CcsSsƒBÅG'VRÂÂÂÂÂÂÂÂÄfÇ6RÄfÇ6P¥6öÇ–3sƒCscÂ%V&—V—F–âÆ–v6RS2„g&vÖVçB’•#3““2¦–æ2f–ævW"Ââ×&V6övæ–âÂÖWF¦ö"ÂÓãS3C“##sSƒS3“#RÅG'VRÂÂÂÃ"ãÃã““ƒƒC“S#s#BÃã““ƒƒC“S#s#BÃãƒcc“ƒ3c#ƒSvRÓbÅ6öÇ–3sƒCscããõ3sµ6öÇ–3sƒCscããõ3c3rÄfÇ6RÅG'VP¥6öÇ–3sƒCƒÄ÷‡—7FW&öÂÖ&–æF–ær&÷FV–â•#cC‚÷‡—7FW&öÂÖ&–æF–ær&÷FV–âÂÓã#ƒ“sƒsƒ“C“scbÅG'VRÂÂÂÃ"ãÃãSSSsc#sSƒCS“2ÃãSSSsc#sSƒCS“2Ã2ãƒsCSc“3c“ƒsfRÓrÅ6öÇ–3sƒCƒããõ33S3µ6öÇ–3sƒCƒããõC#bÄfÇ6RÅG'VP¥6öÇ–3sƒCƒSÅf7VöÆ"–×÷'BæBFVw&FF–öâ&÷FV–â#B•#ƒc‚f7VöÆ"–×÷'BæBFVw&FF–öâ&÷FV–âf–C#BÂÓã#s#sS3S3c““3“#ÅG'VRÂÂÂÃãÃãcScC“3#3cscCÃãcScC“3#3cscCÃrãSS#cS“ssC6RÓRÂÄfÇ6RÅG'VP¥6öÇ–3sƒC“3Å6W&–æU÷F‡&Vöæ–æR×&÷FV–â¶–æ6RÖÆ–¶R&÷FV–â•###“6W&–æU÷F‡&Vöæ–æR&÷FV–â¶–æ6RÂÓã33#s#3“s#sSC#RÅG'VRÂÂÂÃ’ãÃãSCcƒScSc3c“rÃãSCcƒScSc3c“rÃãscsƒ3S“c#cCvRÓ‚Å6öÇ–3sƒC“3ããõ33Cµ6öÇ–3sƒC“3ããõ33Sƒµ6öÇ–3sƒC“3ããõ33“Cµ33“Sµ6öÇ–3sƒC“3ããõ33“cµ6öÇ–3sƒC“3ããõ3SS“µ6öÇ–3sƒC“3ããõ3sRÄfÇ6RÅG'VP¥6öÇ–3sƒSÅ&V6WF÷"ÖÆ–¶R¶–æ6R•###“6W&–æU÷F‡&Vöæ–æR&÷FV–â¶–æ6RÂÓã3C#ss“cSscCCCsRÅG'VRÂÂÂÂÂÂÂÂÄfÇ6RÄfÇ6P¥6öÇ–3sƒS#ÅGV'VÆ–â&WF6†–â•##CS2&WFGV'VÆ–âÂÓãCCsS3#csƒC3S"ÅG'VRÂÓãCCsc3S““3#“rÃ2ãƒssC3cC#“#&RÓbÃ"ãs“c“c3S“ƒ33RÓBÂÂÂÂÂÅG'VRÄfÇ6P¥6öÇ–3sƒSCÅ6÷VÂ†VÖRÖ&–æF–ærfÖ–Ç’&÷FV–â•#c“r4õTÂ†VÒÖ&–æF–ær&÷FV–âÃãƒ“ƒƒSSs“S3ssSc2ÅG'VRÃãƒ““ssƒcƒsCS3C‚Ããsƒ#CsCƒScC#SFRÓbÃãS3ƒc“SsccRÓBÃãÃã##3“SƒS#Sƒ“3S“"ÂÓã##3“SƒS#Sƒ“3S“"Ãã“3cS““C#ƒ3“6RÓ’Å6öÇ–3sƒSCããõ3#ÅG'VRÅG'VP¥6öÇ–3sƒScÄFVfV7F—fR–âW†–æRf÷&ÖF–öâ•#3SrdrÔtÂÓã#“3ƒ33c3cc"ÅG'VRÂÂÂÂÂÂÂÂÄfÇ6RÄfÇ6P¥6öÇ–3sƒSÂ$vÇ–6÷7–ÂG&ç6fW&6Rw&÷WfÖ–Ç’&÷FV–â•##“bvÇ–6÷7–ÂG&ç6fW&6RÂw&÷W"Ãã“#CSƒs3CC3cCrÅG'VRÂÂÂÂÂÂÂÂÄfÇ6RÄfÇ6P¥6öÇ–3sƒScÂ%UcSc2&÷FV–â3v÷&c“R†öÖöÆör•#“CÖWF‡–ÇG&ç6fW&6RÓbÂWFF—fR"ÂÓã#“sCc#s3ƒs3’ÅG'VRÂÂÂÂÂÂÂÂÄfÇ6RÄfÇ6P¥6öÇ–3sƒSƒÂ%„Bf–ævW"fÖ–Ç’&÷FV–â•#“sƒr¦–æ2f–ævW"Â„BÖf–ævW""ÂÓã#“ƒSSsCSs#3sƒbÅG'VRÂÂÂÂÂÂÂÂÄfÇ6RÄfÇ6P¥6öÇ–3sƒS#Â$7–ÂÔ6ôFV‡–G&övVæ6R•#“7–ÂÔ6ôFV‡–G&övVæ6Uö÷†–F6RÂÖ–FFÆRæBâ×FW&Ö–æÂ"ÂÓãƒ#c#C“#s#“S##bÅG'VRÂÓãƒ#3##Sƒƒ3s3cÃ’ã“cccC“ƒCcvRÓÃbã#“3“SS3sCsc36RÓÂÂÂÂÂÅG'VRÄfÇ6P¥6öÇ–3sƒS##Â$Ö—Fö6†öæG&–Â6'&–W"&÷FV–âW‡&W76VB•#S“’vÇ–6÷6–FR‡–G&öÆ6RfÖ–Ç’s’Ââ×FW&Ö–æÂ"ÂÓã“ƒSsSƒƒ““c#S‚ÅG'VRÂÓã“ƒSc3s3c““cbÃãƒCC3cSƒ333†RÓ2Ã2ã#“cc#c“#CsCFRÓ"ÂÂÂÂÂÅG'VRÄfÇ6P¥6öÇ–3sƒS#3ÅTEÖvÇV6÷7–ÇG&ç6fW&6R•###2TEÖvÇV7W&öæ÷7–ÅõTEÖvÇV6÷7–ÇG&ç6fW&6RÃ"ã3C3#ƒS“cRÅG'VRÃ"ã3ƒ3sCc3CC##S#2ÃãC33ccCƒ–RÓRÃrãCcsSSƒC“S&RÓBÃãÃãƒCƒSs“sƒc“CBÃãƒCƒSs“sƒc“CBÃã33sS#c3c3#ƒsƒ"Å6öÇ–3sƒS#3ããõ3Cc2ÅG'VRÅG'VP¥6öÇ–3sƒS#ƒÅTEÖvÇV6÷7–ÇG&ç6fW&6R•###2TEÖvÇV7W&öæ÷7–ÅõTEÖvÇV6÷7–ÇG&ç6fW&6RÂÓã3C“sSSC#’ÅG'VRÂÂÂÂÂÂÂÂÄfÇ6RÄfÇ6P¥6öÇ–3sƒS#“Â$$4ÂÓ"&–æF–ærçF†æövVæRÓ•#32÷F÷6—2&VwVÆF÷"&6ÂÓ"&÷FV–âÂ$r"Ãã#3s#cs#“““SÅG'VRÂÂÂÂÂÂÂÂÄfÇ6RÄfÇ6P¥6öÇ–3sƒS3Ä÷36s#S&÷FV–â„g&vÖVçB’•#sC“2&÷FV–âöbVæ¶æ÷vâgVæ7F–öâETcS3‚ÃãcsSScS#C“c3c#BÅG'VRÂÂÂÂÂÂÂÂÄfÇ6RÄfÇ6P¥6öÇ–3sƒS3“ÄBÖÆæ–æRÒÔBÖÆæ–æRÆ–v6RfÖ–Ç’•#3ƒr&RÔEÖw&7föÆBÂÓã3sƒS3“S“C“SC“"ÅG'VRÂÓã3s33#cCC““CsRÃbãsSsSsƒS#cSFRÓRÃ"ãS3ƒ“s##c““3CRÓ2ÂÂÂÂÂÅG'VRÄfÇ6P¥6öÇ–3sƒSCÄBÖÆæ–æRÒÔBÖÆæ–æRÆ–v6RfÖ–Ç’•#3ƒr&RÔEÖw&7föÆBÂÓãcCCCC#3s“#2ÅG'VRÂÓãc3sC3C#CccSƒbÃ"ã#cCs“c3fRÓ2Ã2ãƒ#c3scs#cS3CsvRÓ"ÂÂÂÂÂÅG'VRÄfÇ6P¥6öÇ–3sƒSCÂ$67F–â•#“3B67F–â&÷FV–âÂ67GW2Ö&–æF–ærFöÖ–âÂ2×FW&Ö–æÂ"ÂÓãƒSs“S“SsC#3SbÅG'VRÂÓãƒSsCCSs3##rÃRã#Cc“3CC#ƒSSRÓ2Ãrã“ƒƒSc#CS#csRÓ"ÂÂÂÂÂÅG'VRÄfÇ6P¥6öÇ–3sƒSC#Ä÷36sƒcs&÷FV–â„g&vÖVçB’•#sc"&÷FV–âöbVæ¶æ÷vâgVæ7F–öâETcScrÂÓãcƒ3SsƒsSs““c3‚ÅG'VRÂÓãcƒS“c33CccC#3"ÃBãCsc“C3sS3cƒRÓ‚ÃãCcƒ#cƒ“C“3VRÓrÂÂÂÂÂÅG'VRÄfÇ6P¥6öÇ–3sƒSC3Å6÷6–â„g&vÖVçB’•#6÷6–âÖÆ–¶RÃãc#3SSƒ“#“#ScSCÅG'VRÃãc#scSsƒc3#3cs"ÃãScssc#C#S#fRÓrÃBãSC“sc#ƒCSƒC6RÓrÂÂÂÂÂÅG'VRÄfÇ6P¥6öÇ–3sƒSC“ÄbÖ&÷‚&÷FV–â"Ô#•#ƒ7–6Æ–âÖÆ–¶RbÖ&÷‚Ããƒ“s“Sƒƒ3“SƒCrÅG'VRÃãƒ“Ccc333ƒ““rÃ"ã3cccs“ƒCs##fRÓrÃbãS“ƒsƒ3CƒCfRÓrÂÂÂÂÂÅG'VRÄfÇ6P¥6öÇ–3sƒSSSÄVæöÆ6R•#“CVæöÆ6RÂÓãC“Sƒƒ“sƒƒCrÅG'VRÂÂÂÂÂÂÂÂÄfÇ6RÄfÇ6P¥6öÇ–3sƒSScÂ$†—7FöæRFV6WG–Æ6R&ÖÆ–¶R•#sƒr¦–æ2f–ævW"Â3$ƒ"×G—R"ÂÓãSƒS“3c“333c“"ÅG'VRÂÓãSƒ#“#ƒ3cscCCBÃ"ã3ScƒCs3#3#C“fRÓ2ÃBã“S33Ss#3VRÓ"ÂÂÂÂÂÅG'VRÄfÇ6P¥6öÇ–3sƒSSƒÂ$çV6ÆVöÆ"&÷FV–â•#s“ƒbtCC&WVBÂ&Vv–öâ"ÂÓã3Csc#ƒ“““c“SCCs’ÅG'VRÂÂÂÃ"ãÃãCSSC#s3cCCrÃãCSSC#s3cCCrÃã#“CC“c3c“&RÓ‚Å6öÇ–3sƒSSƒããõ3S3ÄfÇ6RÅG'VP¥6öÇ–3sƒSS“ÅGVÖ÷"7W66WF–&–Æ—G’&÷FV–â„g&vÖVçB’•#ƒƒƒ2GVÖ÷W"7W66WF–&–Æ—G’vVæRÃã#S3ss3ƒ#“c"ÅG'VRÂÂÂÂÂÂÂÂÄfÇ6RÄfÇ6P¥6öÇ–3sƒSc3Â$fGG’6–B÷†–FF–öâ6ö×ÆW‚7V'Væ—BÇ†•#sS27&÷Föæ6RÂ6÷&R"ÂÓãcCSCSCs#““2ÅG'VRÂÂÂÂÂÂÂÂÄfÇ6RÄfÇ6P¥6öÇ–3sƒScƒÅ&÷FV–â¶–æ6R•###“6W&–æU÷F‡&Vöæ–æR&÷FV–â¶–æ6RÂÓãCƒcCƒSbÅG'VRÂÓãCƒcCc3CSs“cc’Ãbãs#“#cC3SCFRÓÃBãs#ƒ3ƒCƒss“s&RÓÂÂÂÂÂÅG'VRÄfÇ6P¥6öÇ–3sƒSsÄæV7&÷F–27÷GFVBÆW6–öç2„g&vÖVçB’•#ƒc"ÖVÖ'&æRGF6²6ö×ÆW‚6ö×öæVçE÷W&f÷&–åö6ö×ÆVÖVçB3’ÃãsS“S“Cƒscƒ2ÅG'VRÂÂÂÃãÃãs“CCSCCs3C#“RÂÓãs“CCSCCs3C#“RÃbãcsS#“ssCccVRÓRÂÄfÇ6RÅG'VP¥6öÇ–3sƒSs#Ä¶–æ6RfÖ–Ç’&÷FV–â•###“6W&–æU÷F‡&Vöæ–æR&÷FV–â¶–æ6RÃã“cƒssss#cCCCS"ÅG'VRÂÂÂÃãÃãcc3#c#Sc3c#SBÃãcc3#c#Sc3c#SBÃ2ã3S3SSC#ƒƒ#C“6RÓbÅ6öÇ–3sƒSs#ããõ3#“BÄfÇ6RÅG'VP¥6öÇ–3sƒSs“Â$GÖFWVæFVçB$ä†VÆ–66R•#SCRDäõ$ä†VÆ–66RÂDTEôDT‚&÷‚G—RÂâ×FW&Ö–æÂ"Ããc“3s#“sS“s“s3RÅG'VRÂÂÂÃãÃãƒC33#Cƒscscƒ2ÃãƒC33#Cƒscscƒ2Ã‚ãcƒ#“cCsssSRÓ‚Å6öÇ–3sƒSs“ããõ3s‚ÄfÇ6RÅG'VP¥6öÇ–3sƒSƒÂ%f7VöÆ"&÷FV–â×6÷'F–ærÖ76ö6–FVB&÷FV–â3r†öÖöÆör•#“ƒSÖöF–f–W"öb'VF–ÖVçF'’ÂÖöG""ÃãS#c#“#“ScCƒRÅG'VRÂÂÂÂÂÂÂÂÄfÇ6RÄfÇ6P¥6öÇ–3sƒSƒ3Â$òÖÖWF‡–ÇG&ç6fW&6R•#cCcòÖÖWF‡–ÇG&ç6fW&6RÂ4ôÕBÂWV¶'–÷F"Ã"ãSCS3sC3ƒssbÅG'VRÃ"ãSCSc“Ss333CCRÃãƒSS#3#“CCsfRÓrÃ2ã3cScƒC#3FRÓRÃãÃãsSs#CƒC3C##CrÂÓãsSs#CƒC3C##CrÃ2ãc“CƒC3ƒCƒSVRÓRÅ6öÇ–3sƒSƒ3ããõ3SRÅG'VRÅG'VP¥6öÇ–3sƒSƒsÅTEÖvÇV6÷7–ÇG&ç6fW&6RfÖ–Ç’&÷FV–â•###2TEÖvÇV7W&öæ÷7–ÅõTEÖvÇV6÷7–ÇG&ç6fW&6RÃãƒcsƒ#SƒS#“#ccRÅG'VRÃãƒc3#s3ƒ#ƒcCSRÃãƒ3Ccs#““Ss†RÓ"Ã"ã#3#“ccC“3ScƒFRÓÃãÃãc#S“S#CƒÂÓãc#S“S#CƒÃã##S“ƒsSC#ƒ#bÅ6öÇ–3sƒSƒsããõ33#2ÅG'VRÅG'VP¥6öÇ–3sƒSƒƒÅTEÖvÇV6÷7–ÇG&ç6fW&6RfÖ–Ç’&÷FV–â•###2TEÖvÇV7W&öæ÷7–ÅõTEÖvÇV6÷7–ÇG&ç6fW&6RÃ"ãSC#“scSƒ“#RÅG'VRÃ"ãSCc#Cƒ“s“‚Ã"ãSCƒs“Sscs“ƒƒ&RÓrÃBã##ƒCc#3cssSSFRÓRÂÂÂÂÂÅG'VRÄfÇ6P¥6öÇ–3sƒS“ÅFWG&G&–6÷WF–FRE%ó"&WVB&÷FV–â•#““FWG&G&–6÷WF–FRÖÆ–¶R†VÆ–6ÂÃãC#C3“Cƒƒ#sssCBÅG'VRÃãC#c“cƒsƒ“Csƒ‚Ãã““#ƒC“#“C#fRÓ2Ã"ãsss#ƒS3#“†RÓ"ÂÂÂÂÂÅG'VRÄfÇ6P¥6öÇ–3sƒS“#Ä&–gVæ7F–öæÂöÇ–×—†–â&W6—7Fæ6R&÷FV–â&äÖ&–æF–ærFöÖ–âÂÓãs#cƒC“C#s“3bÅG'VRÂÓãs#c“SS3ScSscƒ"Ãã3CsSS“CS“#scVRÓÃã“3cƒ##ss“csvRÓÂÂÂÂÂÅG'VRÄfÇ6P¥6öÇ–3sƒS“sÅVæ¶æ÷vâ&÷FV–âÂÓã#SSSS#3CscCc“RÅG'VRÂÂÂÃ2ãÃãs“s##3#cƒCcccC’Ããs“s##3#cƒCcccC’Ã"ãc“c3s3ƒ#ƒC“RÓbÅ6öÇ–3sƒS“sããõ33#µ3Cµ3C2ÄfÇ6RÅG'VP¥6öÇ–3sƒS“ƒÄ–çFVw&ÂÖVÖ'&æR&÷FV–âFW$2•#SC“b–çFVw&ÂÖVÖ'&æR&÷FV–âFW$2ÂÓãs“ƒcc“3S“““CSc2ÅG'VRÂÂÂÂÂÂÂÂÄfÇ6RÄfÇ6P¥6öÇ–3sƒS““Å&V6WF÷"&÷FV–â¶–æ6RÖÆ–¶R&÷FV–â•###“6W&–æU÷F‡&Vöæ–æR&÷FV–â¶–æ6RÂÓã##ƒCCSs##“S“ScrÅG'VRÂÂÂÂÂÂÂÂÄfÇ6RÄfÇ6P¥6öÇ–3sƒcÃc2&–&÷6öÖÂ&÷FV–âÃEôÃ•##3b&–&÷6öÖÂ&÷FV–âÃEôÃRÂÓãƒs#CƒsC33C2ÅG'VRÂÓãƒs“ssc3“c“sƒbÃRãs3ƒ“Sc3CS#6RÓ"ÃRãƒ3“ƒ3cCC“FRÓÂÂÂÂÂÅG'VRÄfÇ6P¥6öÇ–3sƒcCÂ$Ö—Fö6†öæG&–Â–×÷'B–ææW"ÖVÖ'&æRG&ç6Æö66R7V'Væ—BD”ÓB•#c#2†VB6†ö6²&÷FV–âFæ¢Ââ×FW&Ö–æÂ"Ãã#C3S3s“sscSss"ÅG'VRÂÂÂÂÂÂÂÂÄfÇ6RÄfÇ6P¥6öÇ–3sƒccÄ•ÖFöÖ–â„g&vÖVçB’•#C‚•6ÆÖöGVÆ–âÖ&–æF–ær&Vv–öâÂÓ"ãs#C3c3C3s#ƒ“rÅG'VRÂÓ"ãs#S3cc#3c3ƒbÃã#3“sƒsƒcƒƒS&RÓBÃBã#S“ƒS“3ƒƒ†RÓ2Ã2ãÃãcc3s3ƒCƒ#ƒ3Scƒ"Ããcc3s3ƒCƒ#ƒ3Scƒ"Ãã#c#c““sƒ“c†RÓ’Å6öÇ–3sƒccããõ3ccµ6öÇ–3sƒccããõ3#“µ6öÇ–3sƒccããõ3#“µ3#“3µ6öÇ–3sƒccããõ3#“3µ3#“Sµ6öÇ–3sƒccããõ33Sƒµ6öÇ–3sƒccããõ33Sƒµ33cµ6öÇ–3sƒccããõ33Sƒµ33cµ33cCµ6öÇ–3sƒccããõ3C3µ3C3Sµ6öÇ–3sƒccããõCCsµ6öÇ–3sƒccããõCCSRÅG'VRÅG'VP¥6öÇ–3sƒcsÂ%vB×&WVB&÷FV–â•#s“ƒbtCC&WVBÂ&Vv–öâ"Ãã#“ccSssƒsSC3sRÅG'VRÂÂÂÃ"ãÃã“s3“#S33Sc“CcRÃã“s3“#S33Sc“CcRÃã#c“##3c“#33C–RÓbÅ6öÇ–3sƒcsããõ3S#Cµ6öÇ–3sƒcsããõ3“’ÄfÇ6RÅG'VP¥6öÇ–3sƒcSÂ%6–ævÆR×7G&æFVBDä&–æF–ær&÷FV–â•#SB$ä&V6övæ—F–öâÖ÷F–bÂ$åÓ"Ãã3ƒCƒSSccs2ÅG'VRÂÂÂÂÂÂÂÂÄfÇ6RÄfÇ6P¥6öÇ–3sƒcsÄvÇWF×–Â×E$ä„vÆâ’Ö–F÷G&ç6fW&6R7V'Væ—B•##Ö–F6R6–væGW&RVç§–ÖRÂÓãc“s#ƒƒSƒ#C3Sƒ’ÅG'VRÂÓãc“sc3c“##3ƒ#3s“bÃ"ãSsCSSC#““#&RÓ"Ã"ã“ƒc3c3cc#ƒRÓÂÂÂÂÂÅG'VRÄfÇ6P¥6öÇ–3sƒcƒÅ†Vç–ÆÆæ–æRÖÖöæ–ÖÇ–6R•#S“#"†Vç–ÆÆæ–æRÖÖöæ–ÖÇ–6RÂÓã#ccss“sCƒSƒSCbÅG'VRÂÂÂÂÂÂÂÂÄfÇ6RÄfÇ6P¥6öÇ–3sƒc“ÄFVæ÷6–æR¶–æ6R•#ƒRFVæ÷6–æR¶–æ6RÂÓãCS#3sCCCcC“’ÅG'VRÂÓãCS33s““C“CC“CRÃbãS3“SssS&RÓBÃã3ccc#3“3SRÓ"ÂÂÂÂÂÅG'VRÄfÇ6P¥6öÇ–3sƒc#ÅG&ç6Æ–âÖÆ–¶R&÷FV–â•##ƒC‚G&ç6Æ–âÂÓãS3csCsccc#“#"ÅG'VRÂÂÂÂÂÂÂÂÄfÇ6RÄfÇ6P¥6öÇ–3sƒc##Â$fÆf–â÷†–F÷&VGV7F6UôäD‚÷†–F6R•#SRäDƒ¦fÆf–â÷†–F÷&VGV7F6UôäD‚÷†–F6RÂâ×FW&Ö–æÂ"ÂÓãS#csƒƒ“S#ccs3s"ÅG'VRÂÂÂÂÂÂÂÂÄfÇ6RÄfÇ6P¥6öÇ–3sƒc33Ãc2&–&÷6öÖÂ&÷FV–âÃ#6•#““ƒR&–&÷6öÖÂ&÷FV–âÃ#2ÂÓãScS“s#s“SCCƒ"ÅG'VRÂÂÂÂÂÂÂÂÄfÇ6RÄfÇ6P¥6öÇ–3sƒc3SÂ%&2×&VÆFVB&÷FV–â&"Ó„•#3Ss’&26ÖÆÂuE6RÂ&"G—R"ÂÓã3sSSC3cs#“SsƒBÅG'VRÂÂÂÂÂÂÂÂÄfÇ6RÄfÇ6P¥6öÇ–3sƒcCÂ%D„ò6ö×ÆW‚7V'Væ—BB•##csrçV6ÆV÷F–FRÖ&–æF–ærÂÇ†Ö&WFÆ—B"ÂÓã3cCƒc3ScSS3ƒƒbÅG'VRÂÂÂÂÂÂÂÂÄfÇ6RÄfÇ6P¥6öÇ–3sƒcCÄ†VB6†ö6²&÷FV–âsÓ2•#3#b†VB6†ö6²&÷FV–âsÂÓãsc3“#S3#Ccc‚ÅG'VRÂÓãsc3SSCƒcƒ#S3‚ÃRãcSƒc3ƒsC“sRÓÃBãs#3ƒsC#3#FRÓÂÂÂÂÂÅG'VRÄfÇ6P¥6öÇ–3sƒcCsÄ6‡&öÖ÷6öÖRR6öçF–rDä6WVVæ6RÂÓã33“3ƒSC3ƒƒC#"ÅG'VRÂÓã3CCS##C#“CS3C“‚ÃRãƒ“C“ƒ3CƒC“RÓÃBã#ƒScscSSCs#&RÓÂÂÂÂÂÅG'VRÄfÇ6P¥6öÇ–3sƒcSÂ$Ö—Fö6†öæG&–Â–×÷'B–ææW"ÖVÖ'&æRG&ç6Æö66R7V'Væ—BF–Ó’•#C#rÖ—Fö6†öæG&–Â–ææW"ÖVÖ'&æRG&ç6Æö66R6ö×ÆW‚ÂF–Ó…ó•óó2×¦–æ2f–ævW"ÖÆ–¶R"Ããcc3Sƒ3SƒƒCs3srÅG'VRÂÂÂÂÂÂÂÂÄfÇ6RÄfÇ6P¥6öÇ–3sƒcS#ÄW‡ç6–âÓ•##“c2W‡ç6–âÂÓã3ƒsc3SC3c“cÅG'VRÂÂÂÂÂÂÂÂÄfÇ6RÄfÇ6P¥6öÇ–3sƒcSCÂ$6VÆÂF—f—6–öâ&÷FV6RgG4‚†öÖöÆör•#S“3bWF–F6RÓCÂgG4‚"Ãã“3SSs“S“cs33"ÅG'VRÂÂÂÂÂÂÂÂÄfÇ6RÄfÇ6P¥6öÇ–3sƒcSSÂ$6VÆÂF—f—6–öâ&÷FV6RgG4‚†öÖöÆör2•#S“3bWF–F6RÓCÂgG4‚"Ãã3cƒ#SSssC3“SrÅG'VRÂÂÂÂÂÂÂÂÄfÇ6RÄfÇ6P¥6öÇ–3sƒcScÅVæ¶æ÷vâ&÷FV–âÃã3ScC““sƒ“ƒCcÅG'VRÂÂÂÂÂÂÂÂÄfÇ6RÄfÇ6P¥6öÇ–3sƒcSsÂ%ÆÖ—F÷–ÇG&ç6fW&6RdB•#S“B¦–æ2f–ævW"ÂD„„2×G—R"ÂÓãƒSƒsSS“ƒcSRÅG'VRÂÓãƒ“ƒC#s“s““3c"Ãrãc#sC“S“s#c3S†RÓÃ2ã“““S“sƒƒs“CCRÓ’ÂÂÂÂÂÅG'VRÄfÇ6P¥6öÇ–3sƒcSƒÂ%&–'VÆ÷6RÓRÖ&—7†÷7†FR6&&÷‡–Æ6Uö÷‡–vVæ6R7F—f6R•#3“S’E6RÂ×G—RÂ6÷&R"ÂÓãsSC#c3c3C“sbÅG'VRÂÓãsSss“#3#33“s#SrÃãscCcC#3s3s&RÓÃãS###s#““c#VRÓÃãÃãssScCS33sƒƒ“#rÃãssScCS33sƒƒ“#rÃã“ƒCC#sScs““–RÓ’Å6öÇ–3sƒcSƒããõ3s‚ÅG'VRÅG'VP¥6öÇ–3sƒcc#ÅG&÷–æöæR&VGV7F6R•##3CrvÇV6÷6U÷&–&—FöÂFV‡–G&övVæ6RÂÓã“cƒS“3sCƒ“##CrÅG'VRÂÓã“cƒ3ssƒSC##C3ƒBÃ2ã3SƒCC#3“6RÓÃ"ãSCƒs“ƒƒ“cvRÓÂÂÂÂÂÅG'VRÄfÇ6P¥6öÇ–3sƒccSÂ$vÇ–÷†Â÷†–F6R•#“ƒƒvÇ–÷†Â÷†–F6RÂâ×FW&Ö–æÂ"ÂÓãƒ“““ssC“S“3ss‚ÅG'VRÂÓãƒ““Cƒƒs““S3“ƒ‚ÃRãCCsCs3sC“cC†RÓÃ2ã“C#scC3ƒƒss#&RÓÂÂÂÂÂÅG'VRÄfÇ6P¥6öÇ–3sƒcccÂ%&÷wVæ–æRçV6ÆV÷F–FRW†6†ævRf7F÷"•#SS"&÷çV6ÆV÷F–FRW†6†ævW"Â$ôäR"ÃãCƒS3ƒCƒcscSCrÅG'VRÂÂÂÃ"ãÃãc“c“cS“ƒ“cCC##2Ããc“c“cS“ƒ“cCC##2Ãã“S#C##“s–RÓ’Å6öÇ–3sƒcccããõ3ƒµ6öÇ–3sƒcccããõ3cCBÄfÇ6RÅG'VP¥6öÇ–3sƒcs3Â$g'V7F÷6RÓbÖ&—7†÷7†F6R6Æ72•#Cbg'V7F÷6RÓÃbÖ&—7†÷7†F6R"ÂÓãƒ##C“##“C“cƒ’ÅG'VRÂÓãƒ333C#sƒS3“#ƒ’ÃrãcSƒSƒ3ssc“SC–RÓ‚Ã"ã“ƒ“#cs“CƒSCVRÓrÂÂÂÂÂÅG'VRÄfÇ6P¥6öÇ–3sƒcscÅGV'VÆ–â&WF6†–â•##CS2&WFGV'VÆ–âÂÓ"ãsCss“3“S#ƒ#rÅG'VRÂÓ"ãsS##3CscƒSSsrÃ"ãccssSc3“##sS†RÓbÃ"ãscS“ƒ3ƒ##s#sFRÓBÂÂÂÂÂÅG'VRÄfÇ6P¥6öÇ–3sƒcsƒÃÖÖ–æö7–6Æ÷&÷æRÓÖ6&&÷‡–ÆFR÷†–F6R•#S#2÷†övÇWF&FRæB—&öâÖFWVæFVçB÷‡–vVæ6RÃã#cs“s3“ƒ“ƒ#CSrÅG'VRÂÂÂÂÂÂÂÂÄfÇ6RÄfÇ6P¥6öÇ–3sƒsÆ7—Fö6‡&öÖRCSÂÓãcs““C3“#3ƒ“ƒSRÅG'VRÂÓãcc“““3#c3“C2Ãbã#“ƒ3“3ƒSCsSƒFRÓ2Ã’ãCƒC#C#““#cCs–RÓ"ÂÂÂÂÂÅG'VRÄfÇ6P¥6öÇ–3sSÅD$3FöÖ–âfÖ–Ç’ÖVÖ&W"2•#“R&$tõD$2ÂÓãs#Ss“c3#3S“3CÅG'VRÂÂÂÂÂÂÂÂÄfÇ6RÄfÇ6P¥6öÇ–3sS3Â%tBÓC&WVB&÷FV–â•##Cs"r×&÷FV–â&WFtBÓC&WVBÂ&Vv–öâ"Ãã#“ƒCSscc“SS#srÅG'VRÂÂÂÂÂÂÂÂÄfÇ6RÄfÇ6P¥6öÇ–3sSCÂ%&÷FV–âG&ç6Æö66R7V'Væ—B6V4•#ƒ“Sr¦–æ2f–ævW"Â34„3B$”är×G—R"Ãã#cSCccC33#C2ÅG'VRÂÂÂÂÂÂÂÂÄfÇ6RÄfÇ6P¥6öÇ–3sSSÄÖ—Fö6†öæG&–ÂE7–çF†6R7V'Væ—BÂÓãƒCƒ##“3ƒss“cCCrÅG'VRÂÓãƒC3ƒCscƒƒss“C3’ÃBãSCsSc#“cCvRÓ’ÃãsSƒCCƒ“csc“S3†RÓ‚ÂÂÂÂÂÅG'VRÄfÇ6P¥6öÇ–3sScÄ6ö×ÆW‚’–çFW&ÖVF–FRÖ76ö6–FVB&÷FV–â3•#3ƒSräDƒ§V&—V–æöæR÷†–F÷&VGV7F6R–çFW&ÖVF–FRÖ76ö6–FVB&÷FV–â3ÂÓã#“CcS#ƒƒ“CCc“rÅG'VRÂÂÂÂÂÂÂÂÄfÇ6RÄfÇ6P¥6öÇ–3sSƒÂ%&÷FV–âFöÄ"•#C"6—‚Ö&ÆFVB&WF×&÷VÆÆW"ÂFöÄ"ÖÆ–¶R"ÂÓã#s“sccS“sS332ÅG'VRÂÓã#s“Sƒ#Cs“ƒ“ƒ3“RÃã3ƒƒ3ƒSs“CSc6RÓ2Ã"ã#3“3s““3#3CcC†RÓ"ÂÂÂÂÂÅG'VRÄfÇ6P¥6öÇ–3sSÅöÇ–vÇWFÖ–æR&–æF–ær&÷FV–â•##"uuõ'7UõuuÂÓãssc##sc3C“scs3‚ÅG'VRÂÂÂÃãÃãƒ3S3S3CsSƒƒ#CBÃãƒ3S3S3CsSƒƒ#CBÃBãƒ#3ƒ“Cƒ#RÓbÅ6öÇ–3sSããõ3CRÄfÇ6RÅG'VP¥6öÇ–3sS3Åv÷VæB×&W7öç6—fRfÖ–Ç’&÷FV–âÂÓãsC#ƒƒC“Scs3"ÅG'VRÂÂÂÂÂÂÂÂÄfÇ6RÄfÇ6P¥6öÇ–3sSCÅVçFG&–6÷WF–FR&WVB&÷FV–â•##ƒƒRVçFG&–6÷WF–FR&WVBÂÓã3s“ƒc3sC#ƒSC#CRÅG'VRÂÂÂÂÂÂÂÂÄfÇ6RÄfÇ6P¥6öÇ–3sSSÄÆWV6–æR×&–6‚&WVBfÖ–Ç’&÷FV–â•#csbW‡FVç6–âÖÆ–¶R&Vv–öâÃãcSƒSCc#CCSBÅG'VRÃãcSƒ#cSc“ccsƒBÃ’ãSc3Sƒs3ƒ3ƒRÓ"Ã‚ã“C“33#ccCvRÓÂÂÂÂÂÅG'VRÄfÇ6P¥6öÇ–3sSsÂ%$ä7Æ–6–ærf7F÷"•#cS’7Æ–6–ærf7F÷"Â43ÖÆ–¶R"ÂÓãSƒsƒƒƒcs#ƒcbÅG'VRÂÂÂÂÂÂÂÂÄfÇ6RÄfÇ6P¥6öÇ–3sS#Â%&öÇ–ÂBÖ‡–G&÷‡–Æ6RÇ†Ó"7V'Væ—B•#cc#&öÇ–ÂBÖ‡–G&÷‡–Æ6RÂÇ†7V'Væ—B"ÃãSƒ“3#cSsSC2ÅG'VRÂÂÂÂÂÂÂÂÄfÇ6RÄfÇ6P¥6öÇ–3sS##Â$Ó6ö×ÆW‚7V'Væ—B6–vÖÓ"•#ScB6ÆF‡&–âFF÷"Â6–vÖ7V'Væ—B"ÂÓãC33s“sƒ“#S#csÅG'VRÂÂÂÂÂÂÂÂÄfÇ6RÄfÇ6P¥6öÇ–3sS33Ä7F–â•#C7F–åö7F–âÖÆ–¶RÂÓãcƒ“ƒ“#Cc33ƒ33“"ÅG'VRÂÓãcƒ““SCƒs#ƒƒbÃ2ãƒScƒ3SCScFRÓÃãƒ#“#3Scc3ƒ“VRÓ’ÂÂÂÂÂÅG'VRÄfÇ6P¥6öÇ–3sS3cÄ&öÄÖÆ–¶R&÷FV–â•##c3B&öÄÖÆ–¶R&÷FV–âÃãsScs33c#3ccÅG'VRÂÂÂÂÂÂÂÂÄfÇ6RÄfÇ6P¥6öÇ–3sS3sÂ%6ÖÆÂçV6ÆV"&–&öçV6ÆV÷&÷FV–âÇ4Ó2•#ccC’Æ–¶RÕ6Ò&–&öçV6ÆV÷&÷FV–âÂWV¶'–÷F–2æB&6†V×G—RÂ6÷&R"ÂÓã#sCsC#“cƒƒcS’ÅG'VRÂÂÂÂÂÂÂÂÄfÇ6RÄfÇ6P¥6öÇ–3sS3ƒÄuBÓ"f7F÷"„g&vÖVçB’•#sƒsrÕ”"ÖÆ–¶RÃã#Ss3cƒƒ#“cc3cCBÅG'VRÂÂÂÃ2ãÃãƒssCCsCs3ƒSƒ‚ÃãƒssCCsCs3ƒSƒ‚ÃBã“#3cƒc3C##6RÓrÅ6öÇ–3sS3ƒããõ33#µ6öÇ–3sS3ƒããõ33#µ33##µ6öÇ–3sS3ƒããõ33rÄfÇ6RÅG'VP¥6öÇ–3sSCCÄÆ–Ö¶–â#„Æ¶’„g&vÖVçB’•#sC“&÷FV–âöbVæ¶æ÷vâgVæ7F–öâETcS3rÃã#SC#SCƒƒ“S#““ƒRÅG'VRÂÂÂÂÂÂÂÂÄfÇ6RÄfÇ6P¥6öÇ–3sSCSÂ%G&ç67&—F–öâVÆöævF–öâf7F÷"&÷FV–â2•#““G&ç67&—F–öâVÆöævF–öâf7F÷"ÂDd”•5öVÆöæv–âô5%5sÂâ×FW&Ö–æÂ"ÂÓãsƒs“ƒ#“C“ƒS#3"ÅG'VRÂÓãsƒS#3ƒCcSCccCs’ÃBãsssC#c“c3CcfRÓÃ"ãcCƒsS“CSC“–RÓ’ÃRãÃãƒSSc3SC“ƒCS3’ÃãƒSSc3SC“ƒCS3’ÃBãCC“3cs3SRÓrÅ6öÇ–3sSCSããõ3#3Cµ6öÇ–3sSCSããõ3s“µ6öÇ–3sSCSããõ3s“µCƒ#µ6öÇ–3sSCSããõ3s“µCƒ#µ3ƒRÅG'VRÅG'VP¥6öÇ–3sSCcÅd…2FöÖ–âÖ6öçF–æ–ær&÷FV–â•#CS"tBÂÓã3c#3ƒƒSC#sc2ÅG'VRÂÂÂÃ2ãÃãcƒsscƒ3S33ƒs’Ããcƒsscƒ3S33ƒs’Ã"ã33sc#S#sCcVRÓRÅ6öÇ–3sSCcããõ3#µ6öÇ–3sSCcããõ3#µ3#BÄfÇ6RÅG'VP¥6öÇ–3sSCƒÄ6—G&FR&–æF–ær&÷FV–â•#Cƒ“RÆv–æFRÇ–6R"Ããƒ“s3#ƒsScCbÅG'VRÃãƒ#SsSƒ“#CSrÃãcs3Sc#CcBÃã#ssCsCƒ“s#3rÂÂÂÂÂÅG'VRÄfÇ6P¥6öÇ–3sScÅG&ç6ÆF–öâ–æ—F–F–öâf7F÷"$"•#cC’–æ—F–F–öâf7F÷"$"&VÆFVBÃãC“#C#c“rÅG'VRÂÂÂÃãÃã3sSccƒscSƒ32Ãã3sSccƒscSƒ32Ããcsc3Cƒ#“S6RÓ‚ÂÄfÇ6RÅG'VP¥6öÇ–3sSc#Ä6WG–ÆvÇWFÖFR¶–æ6RÖÆ–¶R&÷FV–â•#C‚âÖ6WG–ÆvÇWFÖFR¶–æ6RÂÓãSCcsSc#SsCƒ"ÅG'VRÂÂÂÂÂÂÂÂÄfÇ6RÄfÇ6P¥6öÇ–3sScCÅV&—V—F–â•#““SbV&—V—F–â7V&w&÷WÃãƒ“Cƒ“Cc3ƒc#ƒsRÅG'VRÂÂÂÂÂÂÂÂÄfÇ6RÄfÇ6P¥6öÇ–3sSssÂ%V7F–æW7FW&6RfÖ–Ç’&÷FV–â•#sV7F–æW7FW&6RÂ6FÇ—F–2"ÂÓã#s3C3sSS“c32ÅG'VRÂÂÂÂÂÂÂÂÄfÇ6RÄfÇ6P¥6öÇ–3sSƒÅVæ¶æ÷vâ&÷FV–âÃãSC“Cƒ#CsCSCbÅG'VRÂÂÂÃãÃãc#S“S#“c“scC#3RÃãc#S“S#“c“scC#3RÃ’ã3Cƒc33SC#ƒcc–RÓbÅ6öÇ–3sSƒããõ3SBÄfÇ6RÅG'VP¥6öÇ–3sSƒƒÄäD‚×V&—V–æöæR÷†–F÷&VGV7F6R´B7V'Væ—BÃã#“SsC“ƒCc“Cs“c3CBÅG'VRÂÂÂÂÂÂÂÂÄfÇ6RÄfÇ6P¥6öÇ–3sS“Â$wVç–ÆFR¶–æ6RfÖ–Ç’&÷FV–âW‡&W76VB•#sccRwVç–ÆFR¶–æ6RÂ7V"Öw&÷W"Ãã3sCƒS“#S#cƒScc“RÅG'VRÂÂÂÂÂÂÂÂÄfÇ6RÄfÇ6P¥6öÇ–3sS“Å†÷7†F–G–Æ–æ÷6—FöÂ¶–æ6R•#SC32†÷7†F–G–Æ–æ÷6—FöÂ¶–æ6RÂÓãC““Sƒc3ƒƒ3S3c#rÅG'VRÂÂÂÃ2ãÃã“Sƒc#ƒ“#33crÃã“Sƒc#ƒ“#33crÃRã“##C#Cc“cSRÓ‚Å6öÇ–3sS“ããõ3ƒµ6öÇ–3sS“ããõ3“3µ3“Sµ6öÇ–3sS“ããõ3#ƒ‚ÄfÇ6RÅG'VP¥6öÇ–3scÅ&÷FV–â6W&–æU÷F‡&Vöæ–æR¶–æ6R•#SsC‚Ö—FövVâ7F—fFVB&÷FV–â¶–æ6R¶–æ6R¶–æ6R2ÂÓãS“CƒsSCC““C‚ÅG'VRÂÂÂÃ2ãÃã3“sCs33Ss#SSrÂÓã3“sCs33Ss#SSrÃã3“sCCcƒcƒvRÓ‚Å6öÇ–3scããõ3C3µ6öÇ–3scããõ3cµ6öÇ–3scããõCC"ÄfÇ6RÅG'VP¥6öÇ–3sc#ÄäB…”‚×V–æöæR÷†–F÷&VGV7F6R7V'Væ—BòÂÓãcc#cƒCsƒC“#’ÅG'VRÂÓãcccC“CccSS3c“Ã’ãSSƒ““cSc3C#vRÓbÃã“SƒCS3s“sƒsRÓRÂÂÂÂÂÅG'VRÄfÇ6P¥6öÇ–3sccÄ†öÖöÆöw’FòVæ¶æ÷vâvVæRÃãƒƒc#cƒCƒCSC"ÅG'VRÃãƒcCcc#3ƒ3"Ã2ãcƒc“Sc#“–RÓÃ"ãs“3cƒ#csCC“fRÓÂÂÂÂÂÅG'VRÄfÇ6P¥6öÇ–3scsÂ%WF–G–Â×&öÇ–Â6—2×G&ç2—6öÖW&6R•##3WF–G–Â×&öÇ–Â6—2×G&ç2—6öÖW&6RÂ7–6Æ÷†–Æ–â×G—R"ÂÓãC3##s3CcssssS#BÅG'VRÂÂÂÂÂÂÂÂÄfÇ6RÄfÇ6P¥6öÇ–3scƒÅVæ¶æ÷vâ&÷FV–âÂÓãC“ƒ3c“#CCSbÅG'VRÂÂÂÂÂÂÂÂÄfÇ6RÄfÇ6P¥6öÇ–3scsÂ$Fæ¢„g&vÖVçB’•#Sc’ÖöÆV7VÆ"6†W&öæRÂ†VB6†ö6²&÷FV–âÂ‡7CÂFæ¢"ÂÓã3“c#ƒc#“s3SCrÅG'VRÂÂÂÂÂÂÂÂÄfÇ6RÄfÇ6P¥6öÇ–3sc“ÄBÖ†öö²Ö÷F–bçV6ÆV"Æö6Æ—¦VB&÷FV–âB•#SsR&÷FV–âöbVæ¶æ÷vâgVæ7F–öâETc#“bÃã3ƒ#3#sƒ#33ƒbÅG'VRÂÂÂÂÂÂÂÂÄfÇ6RÄfÇ6P¥6öÇ–3sc#SÂ$tE4ÂW7FW&6UöÆ—6RCVs333s•#ƒrÆ—6RÂtE4Â"ÂÓã#s““Sc##sS3S3BÅG'VRÂÂÂÂÂÂÂÂÄfÇ6RÄfÇ6P¥6öÇ–3sc#sÂ#2Ö÷†òÓRÖÇ†×7FW&ö–BBÖFV‡–G&övVæ6RfÖ–Ç’&÷FV–â•#B2Ö÷†òÓRÖÇ†×7FW&ö–BBÖFV‡–G&övVæ6RÂ2×FW&Ö–æÂ"Ãã##s#S3sC#c#ƒsBÅG'VRÃã##s““ƒcƒ“cSRÃBã3cSc3sssSC“CVRÓ"ÃBãcCƒ“CSSS“ƒƒC&RÓÂÂÂÂÂÅG'VRÄfÇ6P¥6öÇ–3sc3#Â%V&—V—F–â6&&÷‡–Â×FW&Ö–æÂ‡–G&öÆ6RfÖ–Ç’&÷FV–âW‡&W76VB•#3“BWF–F6R3’ÂV&—V—F–â6&&÷‡–Â×FW&Ö–æÂ‡–G&öÆ6R""ÂÓãcCcscƒƒsRÅG'VRÂÂÂÃãÃãS“#“cƒc“s“rÃãS“#“cƒc“s“rÃRãcc“#““3sS&RÓbÅ6öÇ–3sc3#ããõ3SBÄfÇ6RÅG'VP¥6öÇ–3sc3CÅ†÷7†÷&–&÷7–ÆÖ–æö–Ö–F¦öÆR6&&÷‡–Æ6RE6R7V'Væ—B•#c3†÷7†÷&–&÷7–ÆÖ–æö–Ö–F¦öÆR6&&÷‡–Æ6RÃãS#cSƒCs““cƒ3"ÅG'VRÂÂÂÂÂÂÂÂÄfÇ6RÄfÇ6P¥6öÇ–3sc3SÂ$7'FFR6&&Ö÷–ÇG&ç6fW&6R•##ƒ"7'FFR6&&Ö÷–ÇG&ç6fW&6RÂWV¶'–÷F–2"ÂÓãC“C#c“C“3s““BÅG'VRÂÂÂÂÂÂÂÂÄfÇ6RÄfÇ6P¥6öÇ–3sc3cÄvVæöÖ–2Dä6‡&öÖ÷6öÖR26ÆöæRÕ¤S’ÂÓã#SsƒC“sSSCƒ33sBÅG'VRÂÂÂÂÂÂÂÂÄfÇ6RÄfÇ6P¥6öÇ–3sc3sÄ6Æ6—VÒÖFWVæFVçB&÷FV–â¶–æ6R2•###“6W&–æU÷F‡&Vöæ–æR&÷FV–â¶–æ6RÃã“#SCs#c#s3‚ÅG'VRÂÂÂÃãÃã#3C3ƒƒƒ“sCScRÃã#3C3ƒƒƒ“sCScRÃ2ãSCƒ#ƒ#“#ScƒvRÓ‚Å6öÇ–3sc3sããõ3Cµ6öÇ–3sc3sããõ3SSµCcƒµ6öÇ–3sc3sããõ3Scsµ3Sc“µ6öÇ–3sc3sããõCCcµ6öÇ–3sc3sããõCc‚ÄfÇ6RÅG'VP¥6öÇ–3sc3ƒÅVçFG&–6÷WF–FR&WVBÖ6öçF–æ–ær&÷FV–â•##ƒƒRVçFG&–6÷WF–FR&WVBÂÓã3“ƒCCs##3cƒ33"ÅG'VRÂÂÂÂÂÂÂÂÄfÇ6RÄfÇ6P¥6öÇ–3sc3“ÅVæ¶æ÷vâ&÷FV–âÂÓãCSsCscscƒrÅG'VRÂÂÂÃ2ãÃãSƒƒ#“3s#SsƒCBÃãSƒƒ#“3s#SsƒCBÃãCƒcSƒ3#“cCƒVRÓrÅ6öÇ–3sc3“ããõ3##3µ6öÇ–3sc3“ããõ3Cc“µ6öÇ–3sc3“ããõ3C“ÄfÇ6RÅG'VP¥6öÇ–3scCÄÖ—Fö6†öæG&–ÂvÇ–6÷&÷FV–â•#3C#‚Ö—Fö6†öæG&–ÂvÇ–6÷&÷FV–âÃã#csc3SS#s#S"ÅG'VRÂÂÂÂÂÂÂÂÄfÇ6RÄfÇ6P¥6öÇ–3scC#Â#Uö÷2ÖçV6ÆV÷F–F6R7—F÷6öÆ–2””’•#cC3B„B×7WW&fÖ–Ç’‡–G&öÆ6RÂ7V&fÖ–Ç’”R"ÂÓãS#sc“#3c#C“3crÅG'VRÂÂÂÂÂÂÂÂÄfÇ6RÄfÇ6P¥6öÇ–3scCcÄDä¢6†W&öæR•#3“R†VB6†ö6²&÷FV–âFæ¢ÃãCsƒƒSC#s##cSRÅG'VRÂÂÂÂÂÂÂÂÄfÇ6RÄfÇ6P¥6öÇ–3scSÄ6†&vVB×VÇF—fW6–7VÆ"&öG’&÷FV–âR•#S#B6æcrÃã“ƒCs#s###c’ÅG'VRÃã“ƒCƒƒCc#CcC"Ããs#S#s#s“ƒfRÓ2Ã"ã#“S““ƒS3ƒfRÓ"ÂÂÂÂÂÅG'VRÄfÇ6P¥6öÇ–3scSÄvVæöÖ–2Dä6‡&öÖ÷6öÖRR6ÆöæRÕT³Ããs#Scc#s“C“3cRÅG'VRÃãs##sscssSs“#c“cbÃrã“sƒS“sCCcƒ†RÓRÃ"ãƒ“SCc“c“sCcCvRÓ2ÂÂÂÂÂÅG'VRÄfÇ6P¥6öÇ–3scSCÂ$dBÖFWVæFVçB—&–F–æRçV6ÆV÷F–FRÖF—7VÇ†–FR÷†–F÷&VGV7F6R•#3#r—&–F–æRçV6ÆV÷F–FRÖF—7VÇ†–FR÷†–F÷&VGV7F6RÂäBÖ&–æF–ær&Vv–öâ"Ãã3#“3“ƒ#Sƒ““sS“SBÅG'VRÂÂÂÂÂÂÂÂÄfÇ6RÄfÇ6P¥6öÇ–3scSSÅW&–66R•##C"W&–66RÃã“c3ƒSƒƒSCC#sƒ"ÅG'VRÂÂÂÂÂÂÂÂÄfÇ6RÄfÇ6P¥6öÇ–3scSƒÅ$ä—&÷†÷7†ö‡–G&öÆ6R•#ƒbåTD•‚‡–G&öÆ6RFöÖ–âÂÓãSƒ3Sc#ƒsSS3ƒ3’ÅG'VRÂÂÂÂÂÂÂÂÄfÇ6RÄfÇ6P¥6öÇ–3scc#ÄW†ö7—7B6ö×ÆW‚&÷FV–âW†ós•#CCW†ósW†ö7—7B6ö×ÆW‚7V'Væ—BÃã#ssCsc3S“CSƒ2ÅG'VRÂÂÂÃRãÃãƒ33csCƒ#S“2Ããƒ33csCƒ#S“2ÃBã“3SCC““3s6RÓÅ6öÇ–3scc#ããõ3ƒcµ6öÇ–3scc#ããõ3“BÄfÇ6RÅG'VP¥6öÇ–3scccÄWV¶'–÷F–2WF–FR6†–â&VÆV6Rf7F÷"7V'Væ—BÓ2ÖÆ–¶R•#CC2WF–FR6†–â&VÆV6Rf7F÷"U$eö$b7V'Væ—BÃã#c#ƒC3#c“3““S"ÅG'VRÂÂÂÂÂÂÂÂÄfÇ6RÄfÇ6P¥6öÇ–3scc“ÃC2&–&÷6öÖÂ&÷FV–â3rÖÆ–¶R&÷FV–â•##&–&÷6öÖÂ&÷FV–â3vRÂÓãCcSs3““ƒS“s“ƒ2ÅG'VRÂÂÂÃãÃã“Ssƒƒ##cSS“Ãã“Ssƒƒ##cSS“Ã’ã3#ƒƒSscS3sC“6RÓ‚Å6öÇ–3scc“ããõC3"ÄfÇ6RÅG'VP¥6öÇ–3scsSÅVæ¶æ÷vâ&÷FV–âÃãcSƒ3c“ƒs“#S2ÅG'VRÃãcSS“ƒ3s#S3SC“bÃã3ƒss3#sSCSSVRÓRÃ"ãsSsCs3##c3#6RÓRÂÂÂÂÂÅG'VRÄfÇ6P¥6öÇ–3scssÄÔÔT5#fÖ–Ç’•##s32ÔÔT5#ÃãSƒs3C3sƒ#““c’ÅG'VRÂÂÂÂÂÂÂÂÄfÇ6RÄfÇ6P¥6öÇ–3scsƒÅfW6–6ÆRÖ76ö6–FVBÖVÖ'&æR&÷FV–ât"•#3ƒ‚7–æFö'&Wf–âÃãSSssSCC“cS#"ÅG'VRÂÂÂÃ"ãÃã“s##ƒ333s“SbÃã“s##ƒ333s“SbÃRãƒC“S#3S“3†RÓrÅ6öÇ–3scsƒããõ3“cµ6öÇ–3scsƒããõCcÄfÇ6RÅG'VP¥6öÇ–3scƒ#Â%6ÖÆÂçV6ÆV"&–&öçV6ÆV÷&÷FV–âr•#ccC’Æ–¶RÕ6Ò&–&öçV6ÆV÷&÷FV–âÂWV¶'–÷F–2æB&6†V×G—RÂ6÷&R"ÂÓã#ƒƒ#CCs#c#ÅG'VRÂÂÂÂÂÂÂÂÄfÇ6RÄfÇ6P¥6öÇ–3scƒƒÄvVæöÖ–2Dä6‡&öÖ÷6öÖRRD26ÆöæR³tãR•#“sƒr&÷FV–âöbVæ¶æ÷vâgVæ7F–öâETc3S"ÂÓãSScCS#c3S“ƒ#s#3ÅG'VRÂÂÂÂÂÂÂÂÄfÇ6RÄfÇ6P¥6öÇ–3sc“Ä6Æ6—VÕö6ÆÖöGVÆ–â&÷FV–â¶–æ6RÂÓãSC3cc“CS“ƒ3#3“BÅG'VRÂÂÂÃbãÃã#Cccc3Cs32Ãã#Cccc3Cs32Ã’ãc“cs3ssC#“FRÓ’Å6öÇ–3sc“ããõ3µ6öÇ–3sc“ããõ3Cµ6öÇ–3sc“ããõ3#“µ6öÇ–3sc“ããõ3Cµ3CCµ6öÇ–3sc“ããõ3CBÄfÇ6RÅG'VP¥6öÇ–3sc“Â$fW'&VF÷†–â•##CfW'&VF÷†–âƒ$fRÓ%2’ÂÆçB"ÃãSs#ƒssc“cssƒ“3"ÅG'VRÃãSsCSƒS“CSSsrÃ"ãC#3SS33““cƒvRÓ"Ã"ãƒCsS“ƒƒC“CC†RÓÂÂÂÂÂÅG'VRÄfÇ6P¥6öÇ–3sc“#Ä—&öâ×7VÆgW"6ÇW7FW"–ç6W'F–öâ&÷FV–âW'•#3cfU26ÇW7FW"&–övVæW6—2ÃãS#“3ƒ“Css#ƒBÅG'VRÂÂÂÂÂÂÂÂÄfÇ6RÄfÇ6P¥6öÇ–3sc“sÂ%Væ¶æ÷vâ&÷FV–âE3"g&öÒ$BÕtRöbÆVbÂ6†Æ÷&÷Æ7F–2"ÂÓã3#“3S#S#3SƒC#ƒCbÅG'VRÂÂÂÂÂÂÂÂÄfÇ6RÄfÇ6P¥6öÇ–3sc““Â$÷3fs#sS&÷FV–â„g&vÖVçB’•#C#S2&÷FV–âöbVæ¶æ÷vâgVæ7F–öâETc#3ÂÆçB"ÂÓãsS#SƒccSS“ÅG'VRÂÓãsS3cƒS3#s3ÃãS“ƒ3sc“3ƒ#ƒƒvRÓ‚ÃRãƒ#scs“ƒƒCS–RÓ‚ÂÂÂÂÂÅG'VRÄfÇ6P¥6öÇ–3ssÄ†VÖR7–çF†6R•#3sƒ7—Fö6‡&öÖR÷†–F6R76VÖ&Ç’ÂÓã3“sSS“C#sƒ#2ÅG'VRÂÂÂÂÂÂÂÂÄfÇ6RÄfÇ6P¥6öÇ–3ssÂ%&öÆ–æRÒÂvÇWFÖ–26–BÒæBÆWV6–æR×&–6‚&÷FV–â•#c#B&ÖF–ÆÆò×G—RföÆB"ÂÓãCCƒ#S#ƒ#S3S“BÅG'VRÂÂÂÂÂÂÂÂÄfÇ6RÄfÇ6P¥6öÇ–3ss#ÄF—†÷7†öÖWfÆöæFRFV6&&÷‡–Æ6RÖÆ–¶R&÷FV–â•#S“3RF—†÷7†öÖWfÆöæFRFV6&&÷‡–Æ6RÂÓã#cs3C#ƒsƒƒ3crÅG'VRÂÂÂÂÂÂÂÂÄfÇ6RÄfÇ6P¥6öÇ–3ssCÄ‡–G&öÆ6RÇ†ö&WFföÆBfÖ–Ç’&÷FV–â•#s2Ç†ö&WF‡–G&öÆ6RföÆBÓÂÓãSS3#s“c3Cc’ÅG'VRÂÂÂÂÂÂÂÂÄfÇ6RÄfÇ6P¥6öÇ–3sscÄvVæöÖ–2Dä6‡&öÖ÷6öÖRRD26ÆöæR³dc2ÂÓã“ƒcƒcsccƒCs“"ÅG'VRÂÂÂÃ"ãÃãc“ƒƒcS#cƒSCÃãc“ƒƒcS#cƒSCÃBã““33ƒ“sCCvRÓ’Å6öÇ–3sscããõ3CSµ6öÇ–3sscããõ3cBÄfÇ6RÅG'VP¥6öÇ–3sssÄÖ—Fö6†öæG&–Â7V'7G&FR6'&–W"fÖ–Ç’&÷FV–â•#““2Ö—Fö6†öæG&–Â7V'7G&FR6'&–W"ÂÓã#“3ƒS#““CƒSbÅG'VRÂÂÂÂÂÂÂÂÄfÇ6RÄfÇ6P¥6öÇ–3ssƒÅ”•cR•#c“sr–—FöÖ–âÂÓãs#ƒSƒƒ3“S“ƒC2ÅG'VRÂÂÂÂÂÂÂÂÄfÇ6RÄfÇ6P¥6öÇ–3ss“Â$7'G–ÂÖ–æ÷WF–F6R•#“C‚WF–F6RÓ‚ÂÖ–æ÷WF–F6R’"ÃãcccsC#S#ƒc“#cRÅG'VRÂÂÂÂÂÂÂÂÄfÇ6RÄfÇ6P¥6öÇ–3ssÅ6–ævÆR×7G&æFVBçV6ÆV–26–B&–æF–ær#4‚&÷FV–â„g&vÖVçB’•#3sB6–ævÆR×7G&æFVBçV6ÆV–26–B&–æF–ær#4‚ÂÓã#“sS“ƒ“ƒsC““C“#2ÅG'VRÂÂÂÃãÃãc3#s3#3ƒSccSbÃãc3#s3#3ƒSccSbÃã3#“Cc3“c3–RÓRÂÄfÇ6RÅG'VP¥6öÇ–3ss#ÄfUõ2&–övVæW6—2&÷FV–âægT•#scR„•$Ö–çFW&7F–ær&÷FV–âRÃã“CCSs#C“33ƒcs‚ÅG'VRÂÂÂÂÂÂÂÂÄfÇ6RÄfÇ6P¥6öÇ–3ss3Â$Ö¦÷"f6–Æ—FF÷"7WW&fÖ–Ç’Ôe5ó•#c“bÖ¦÷"f6–Æ—FF÷"7WW&fÖ–Ç’ÂvVæW&Â7V'7G&FRG&ç7÷'FW""Ãã3ƒS#scs“ƒ2ÅG'VRÂÂÂÂÂÂÂÂÄfÇ6RÄfÇ6P¥6öÇ–3sssÂ%f7VöÆ"6÷'F–ær&÷FV–âF"•#3“S’E6RÂ×G—RÂ6÷&R"ÂÓãƒ3ƒƒ#c3s#S#3bÅG'VRÂÂÂÂÂÂÂÂÄfÇ6RÄfÇ6P¥6öÇ–3ss#Ä6÷W"6†W&öæR•#c#†Vg’ÖWFÂG&ç7÷'EöFWF÷†–f–6F–öâ&÷FV–âÃãSƒ3“#Sƒ“Ss“Ss#s"ÅG'VRÂÂÂÂÂÂÂÂÄfÇ6RÄfÇ6P¥6öÇ–3ss#sÄæWWG&Â–çfW'F6R•#c“3rÆçBæWWG&Â–çfW'F6RÃã“cƒ“ƒ3s3“S#3C‚ÅG'VRÂÂÂÂÂÂÂÂÄfÇ6RÄfÇ6P¥6öÇ–3ss3#Ä¶VÆ6‚FöÖ–âÖ6öçF–æ–ær&÷FV–â•#S“R¶VÆ6‚×G—R&WF&÷VÆÆW"ÃãC3#S3““ƒ3ÅG'VRÂÂÂÂÂÂÂÂÄfÇ6RÄfÇ6P¥6öÇ–3ss3“ÅTEÖvÇV6÷7–ÇG&ç6fW&6R•###2TEÖvÇV7W&öæ÷7–ÅõTEÖvÇV6÷7–ÇG&ç6fW&6RÃãc33scƒ“#SccBÅG'VRÃãc3#“ƒSSCCCC3rÃ"ã33#cƒ““3Csc#–RÓrÃbãSSc“sss“cC6RÓrÂÂÂÂÂÅG'VRÄfÇ6P¥6öÇ–3ssCSÅTEÖvÇV7W&öæ÷7–ÇG&ç6fW&6RÓb•###2TEÖvÇV7W&öæ÷7–ÅõTEÖvÇV6÷7–ÇG&ç6fW&6RÃã“s#3cS“3S“Ss3CÅG'VRÃã“scƒ“33ƒ3ƒSCCrÃãCC3S#CCc†RÓ’Ãbãƒ#s3“SsƒC#cfRÓ’ÂÂÂÂÂÅG'VRÄfÇ6P¥6öÇ–3ssSCÄ7—Fö6‡&öÖRCSÂÓ2ã3#ƒCssƒ3#BÅG'VRÂÓ2ã3#ƒ3cScCcƒ#cƒ2ÃRã3“#ƒ#“S3#sSƒS–RÓbÃ2ãc3ƒc“ƒC3“s6RÓBÂÂÂÂÂÅG'VRÄfÇ6P¥6öÇ–3ssSsÅG&ç67&—F–öæÂ7F—fF÷"•#C3RDTäõD„’ÓB&÷FV–åô6öVç§–ÖR&–÷7–çF†W6—2&÷FV–â2ÂÓãcsssSScƒ“sƒÅG'VRÂÓãcs#S3S3C#S3“ss‚Ã"ã“3cc3#scƒSccVRÓ’Ãã#““ƒC#ƒC“sRÓ‚ÂÂÂÂÂÅG'VRÄfÇ6P¥6öÇ–3sscsÄ×–÷GV'VÆ&–â×&VÆFVB&÷FV–â"•#Sc’×–÷GV'VÆ&–â×&VÆFVBÃã#33#cCƒSƒCc’ÅG'VRÂÂÂÂÂÂÂÂÄfÇ6RÄfÇ6P¥6öÇ–3sscƒÄ6†Æ÷&÷Æ7B÷WFW"VçfVÆ÷R&÷FV–â„ö×#B’ÃãsCSƒ“c3c3ƒsÅG'VRÃãsCC#SC#““sƒcs"Ããcƒ3c“Css3ƒcRÓRÃbãC3CcC3cs##ƒ†RÓBÃãÃãƒCsƒƒ#SS3ƒScS##"ÂÓãƒCsƒƒ#SS3ƒScS##"Ã‚ã3C3#ƒ#3S3C#ƒfRÓ‚Å6öÇ–3sscƒããõ33bÅG'VRÅG'VP¥6öÇ–3ssc“Å—'WfFR¶–æ6R•#c“r—'WfFR¶–æ6RÂÓã“#33#sC““3C“sCRÅG'VRÂÓã“#3Ccc33333ƒ#2Ã"ã#CCCs##ƒCcSRÓÃãƒƒ#SC3#3SfRÓÂÂÂÂÂÅG'VRÄfÇ6P¥6öÇ–3sssÄETcCSRFöÖ–âÖ6öçF–æ–ær&÷FV–â•#“r&÷FV–âöbVæ¶æ÷vâgVæ7F–öâT5#3‚ÂÓã3CSƒƒs“C#SCCrÅG'VRÂÂÂÂÂÂÂÂÄfÇ6RÄfÇ6P¥6öÇ–3sss#Â$F–‡–G&öÆ—÷–ÆÇ—6–æR×&W6–GVR6WG–ÇG&ç6fW&6R6ö×öæVçBöb—'WfFRFV‡–G&övVæ6R6ö×ÆW‚•#c#SrF–‡–G&öÆ—öÖ–FR6WG–ÇG&ç6fW&6RÂÆöærf÷&Ò"ÂÓã3#CcScƒ3CCƒ#CrÅG'VRÂÂÂÂÂÂÂÂÄfÇ6RÄfÇ6P¥6öÇ–3sssCÂ%&–&÷6öÖR×&V7–6Æ–ærf7F÷"•#S““‚&–&÷6öÖR&V7–6Æ–ærf7F÷"Â&7FW&–ÂÖÆ–¶R"ÂÓãCƒsScscƒƒscc32ÅG'VRÂÂÂÂÂÂÂÂÄfÇ6RÄfÇ6P¥6öÇ–3ssssÂ$W†÷7F÷6–âÓ"•#S33‚U…DÃ"ÂÇ†ÓÃBÔâÖ6WG–Æ†W†÷6Ö–ç–ÇG&ç6fW&6R"ÃãscsC3CCƒcƒcS‚ÅG'VRÂÂÂÂÂÂÂÂÄfÇ6RÄfÇ6P¥6öÇ–3sssƒÂ$wVæ–æRçV6ÆV÷F–FRÖ&–æF–ær&÷FV–â7V'Væ—B&WFÖÆ–¶R&÷FV–â•#s“ƒbtCC&WVBÂ&Vv–öâ"ÃãsCc““Csc3“##ƒsrÅG'VRÃãsCsC“3#s3SSc2ÃBãC3#ƒSS3CC†RÓ"ÃBãCC#SsS“#c“sC–RÓÂÂÂÂÂÅG'VRÄfÇ6P¥6öÇ–3ssƒÂ$6Æ6—Föæ–âWF–FR×&V6WF÷"6ö×öæVçB&÷FV–â•#“$äöÇ–ÖW&6R””’Â7V'Væ—B3r"ÂÓã#Sƒc“SsƒSC“3CƒSbÅG'VRÂÂÂÂÂÂÂÂÄfÇ6RÄfÇ6P¥6öÇ–3ssƒ3Â$GVÂ×7V6–f–6—G’&÷FV–âÖÆ–¶R†÷7†F6R2•#3ƒrGVÂ×7V6–f–5÷&÷FV–â×G—&÷6–æR†÷7†F6RÂ6öç6W'fVB&Vv–öâ•##C#"GVÂ7V6–f–6—G’†÷7†F6RÂ7V&w&÷WÂ6FÇ—F–2FöÖ–â"ÃãCs“CCC333s2ÅG'VRÂÂÂÃ"ãÃãCƒƒS3S“#ssSS3bÃãCƒƒS3S“#ssSS3bÃ"ãc3Cc3c“#3Sƒ#VRÓÅ6öÇ–3ssƒ3ããõ33S3µ6öÇ–3ssƒ3ããõC’ÄfÇ6RÅG'VP¥6öÇ–3ssƒSÅÆ7F–BDäÖ&–æF–ær&÷FV–â„g&vÖVçB’Ãã#3cSƒcs3s#3C3Cc"ÅG'VRÃã#3cSCS“CScSƒRÃ2ãscƒcCsSC&RÓRÃãc#sCCC#3“s†RÓ2Ã"ãÃ"ã#C3C3“ƒCs3‚Ã"ã#C3C3“ƒCs3‚ÃrãC3S3“SC3CC3“RÓ"Å6öÇ–3ssƒSããõ3#3µ6öÇ–3ssƒSããõ33#ÅG'VRÅG'VP¥6öÇ–3ss“Ä÷36ssC&÷FV–â„g&vÖVçB’•#“S2&VföÆF–âÂÓãc#ƒƒs#Sƒ#c#Ss2ÅG'VRÂÓãc#S##scSSC“cCcCbÃã#33s#ƒ“3#VRÓ"Ããcƒ##3SSssCfRÓÃ2ãÃã“ƒCƒCc“Scƒc“3RÃã“ƒCƒCc“Scƒc“3RÃBã“3ssscƒ3“S†RÓbÅ6öÇ–3ss“ããõ3#3µ6öÇ–3ss“ããõ3#C2ÅG'VRÅG'VP¥6öÇ–3ss“#Ä†—7FöæRƒ$"•#SS‚†—7FöæRƒ$"ÂÓãSCC3SccCssc#RÅG'VRÂÂÂÂÂÂÂÂÄfÇ6RÄfÇ6P¥6öÇ–3ss“3Ä†—7FöæRƒ$"•#SS‚†—7FöæRƒ$"ÃãsS“csƒCƒS3ƒcsRÅG'VRÂÂÂÂÂÂÂÂÄfÇ6RÄfÇ6P¥6öÇ–3ss“CÂ%öÇ’…$2’&–æF–ær&÷FV–â2•#ƒ²†öÖöÆöw’ÂG—RÂ7V&w&÷W"ÂÓã#3Cc3#SCS#C“ƒrÅG'VRÂÂÂÂÂÂÂÂÄfÇ6RÄfÇ6P¥6öÇ–3ss“cÄ¶VÆ6‚FöÖ–âÖ6öçF–æ–ær&÷FV–â2•#S“R¶VÆ6‚×G—R&WF&÷VÆÆW"ÂÓãƒ“ƒSC3333CC‚ÅG'VRÂÓãƒ“#C#SC#3sC"Ããƒ#cssS3sfRÓ2Ã"ãSsSs3Ccƒ#vRÓ"Ã’ãÃãCccƒ#cCSCc"ÃãCccƒ#cCSCc"Ã’ãƒ#ƒsƒƒS36RÓÅ6öÇ–3ss“cããõ333#µ6öÇ–3ss“cããõ33Cµ6öÇ–3ss“cããõ33Scµ6öÇ–3ss“cããõ33c#µ6öÇ–3ss“cããõ3Cscµ6öÇ–3ss“cããõ3Cƒ2ÅG'VRÅG'VP¥6öÇ–3ss““Â$ÖÆFRFV‡–G&övVæ6R•##s2ÖÆFRFV‡–G&övVæ6RÂäEÖFWVæFVçBÂÆçG2"ÂÓãS“ƒ#3cCss“c“s#rÅG'VRÂÓãS“ƒC““ƒ“c##3ƒ’Ã‚ãs#cC#S“ƒ“S&RÓ’Ã2ãC“#C“ƒ“scCs3–RÓ‚ÂÂÂÂÂÅG'VRÄfÇ6P¥6öÇ–3sƒÄä2FöÖ–â&÷FV–â•#3CC&÷FV–âÂÓã#ƒscs#c“s3ccSbÅG'VRÂÂÂÂÂÂÂÂÄfÇ6RÄfÇ6P¥6öÇ–3sƒ#ÄvVæöÖ–2Dä6‡&öÖ÷6öÖRR6ÆöæRÔ¤£2ÂÓãCSƒƒs#sC3Cƒ#crÅG'VRÂÂÂÂÂÂÂÂÄfÇ6RÄfÇ6P¥6öÇ–3sƒ3ÄçV6ÆV"÷&R6ö×ÆW‚&÷FV–â×&VÆFVB&÷FV–â„g&vÖVçB’ÃãC#“##3cƒCƒ“s3#RÅG'VRÂÂÂÂÂÂÂÂÄfÇ6RÄfÇ6P¥6öÇ–3sƒSÅG&ç67&—F–öâVÆöævF–öâf7F÷"7CR•#S7WCR&WVBÂÓãcƒS#CC#Sƒ#3bÅG'VRÂÓãcsC3ƒƒcSƒsƒ#RÃbã33c“SsccSc“RÓÃ2ã3“Cs““C“S“vRÓ’ÃãÃãcsƒsCcs“S“CsbÂÓãcsƒsCcs“S“CsbÃ2ã#CS#C##S6RÓbÅ6öÇ–3sƒSããõ3Ss#µ3SsRÅG'VRÅG'VP¥6öÇ–3sƒ#Â$vÇ–6–æR×&–6‚$äÖ&–æF–ær&÷FV–âÖÆ–¶R•#SCcR$ä&V6övæ—F–öâÖ÷F–bÂvÇ–6–æR&–6‚&÷FV–â"ÃãSc#sƒs#ss#ƒsSÅG'VRÂÂÂÃãÃãƒƒScƒScS“#ScSrÂÓãƒƒScƒScS“#ScSrÃ2ãCC3C“3cSss“†RÓRÅ6öÇ–3sƒ#ããõ3sÄfÇ6RÅG'VP¥6öÇ–3sƒ#ƒÂ%6W&–æR6&&÷‡—WF–F6R•#Sc2WF–F6R3Â6W&–æR6&&÷‡—WF–F6R"ÂÓãC“ƒCS#3C#Csƒs“c’ÅG'VRÂÂÂÂÂÂÂÂÄfÇ6RÄfÇ6P¥6öÇ–3sƒ#“Â%$ä&–æF–ær&÷FV–â•##csrçV6ÆV÷F–FRÖ&–æF–ærÂÇ†Ö&WFÆ—B"ÂÓã#“S3ƒ#css“S#ƒS2ÅG'VRÂÂÂÃãÃãcƒC“C“#3CCƒ#s2ÃãcƒC“C“#3CCƒ#s2ÃRã“ƒC3ƒscCS6RÓbÅ6öÇ–3sƒ#“ããõ3‚ÄfÇ6RÅG'VP¥6öÇ–3sƒ3ÅVæ¶æ÷vâ&÷FV–â•#“3#&÷FV–âöbVæ¶æ÷vâgVæ7F–öâäUÃã“ƒƒ“s““##3“2ÅG'VRÂÂÂÃãÃã“c#ƒCCcƒ“C’Ãã“c#ƒCCcƒ“C’ÃãS3sSƒCsSc3c#FRÓrÅ6öÇ–3sƒ3ããõ3S"ÄfÇ6RÅG'VP¥6öÇ–3sƒ33Å¦WF"Ô4õ•#"Æöæv–âÖÆ–¶RÃã“sccSƒssS#“‚ÅG'VRÂÂÂÂÂÂÂÂÄfÇ6RÄfÇ6P¥6öÇ–3sƒ3CÄW†ö7—7B6ö×ÆW‚6ö×öæVçBB•#s“6V3‚W†ö7—7B6ö×ÆW‚6ö×öæVçB7V6–f–2FöÖ–âÂÓã#S““#CS3Cƒ3CRÅG'VRÂÂÂÃBãÃãscc#ƒCƒ3##c#cƒrÃãscc#ƒCƒ3##c#cƒrÃBã“sƒscSS3#3“†RÓrÅ6öÇ–3sƒ3Cããõ333µ6öÇ–3sƒ3Cããõ3Cƒsµ6öÇ–3sƒ3Cããõ3“C3µ6öÇ–3sƒ3Cããõ3“CBÄfÇ6RÅG'VP¥6öÇ–3sƒ3cÂ%6WVF÷W&–F–æR7–çF†6RfÖ–Ç’&÷FV–â•#cCR6WVF÷W&–F–æR7–çF†6RÂ'7TæB&ÇT%ô5ôEôUôb"ÃãcScSccCƒ3SCƒs2ÅG'VRÃãcScSS“C#ƒSƒ33ƒcrÃ"ãƒ“S#CSƒ#fRÓ‚ÃrãsSsc“CcS##†RÓ‚ÂÂÂÂÂÅG'VRÄfÇ6P¥6öÇ–3sƒ3sÄÖ—Fö6†öæG&–ÂvÇ–6W&öÂÓ2×†÷7†FRFV‡–G&övVæ6RÃã3s“scs“s#cRÅG'VRÃã3ƒ#333ƒcss##"Ã2ãcS3s3“c#ƒCs#3–RÓ2ÃRãƒCs#c##c#3C#†RÓ"ÂÂÂÂÂÅG'VRÄfÇ6P¥6öÇ–3sƒ3ƒÄvÇ–6W&öÂÓ2×†÷7†FRFV‡–G&övVæ6R•#CCrdBÖFWVæFVçBvÇ–6W&öÂÓ2×†÷7†FRFV‡–G&övVæ6RÃãCs“3cc3““CcƒBÅG'VRÃãCƒCC“3#3S““bÃ‚ã3“CS“c““ƒƒS6RÓ2Ãã“s“SScƒƒ“FRÓÂÂÂÂÂÅG'VRÄfÇ6P¥6öÇ–3sƒ3“ÅRÖ&÷‚FöÖ–âÖ6öçF–æ–ær&÷FV–âB•#“ƒ’&ÖF–ÆÆòÖÆ–¶R†VÆ–6ÂÂÓãCcCcƒsc“CssC3RÅG'VRÂÂÂÂÂÂÂÂÄfÇ6RÄfÇ6P¥6öÇ–3sƒC3Å&2×&VÆFVB&÷FV–â&"ÓT2•#SS“’&#R×&VÆFVBÃãS3ƒC3““C“CSs#s2ÅG'VRÂÂÂÂÂÂÂÂÄfÇ6RÄfÇ6P¥6öÇ–3sƒCCÂ$Ö–æò6–BG&ç7÷'FW"•#3SrÖ–æò6–BG&ç7÷'FW"ÂG&ç6ÖVÖ'&æR"ÃãC3ƒSc#CcS#cƒ“rÅG'VRÂÂÂÃ#"ãÃ"ãƒ3#“sCs“““ƒCcrÃ"ãƒ3#“sCs“““ƒCcrÃbãCC3cc#Cƒs“cSFRÓÅ6öÇ–3sƒCCããõ333µ6öÇ–3sƒCCããõ333µ33Cµ6öÇ–3sƒCCããõ3Scµ6öÇ–3sƒCCããõ3Sƒµ6öÇ–3sƒCCããõ3S“µ6öÇ–3sƒCCããõ3cµ3Cµ6öÇ–3sƒCCããõ3cµ3“µ3Cµ6öÇ–3sƒCCããõ3“cµ6öÇ–3sƒCCããõ3“cµ3#µ6öÇ–3sƒCCããõ3“cµ3“sµ6öÇ–3sƒCCããõ3“cµCCµ6öÇ–3sƒCCããõ3“sµCCµ6öÇ–3sƒCCããõCBÄfÇ6RÅG'VP¥6öÇ–3sƒCSÅF†–÷&VF÷†–âfÖ–Ç’&÷FV–â•#3scbF†–÷&VF÷†–âFöÖ–âÃã#Scƒ“ƒ33Scc###2ÅG'VRÂÂÂÂÂÂÂÂÄfÇ6RÄfÇ6P¥6öÇ–3sƒCcÅSEõSbåSRG&’×6å$åÖ76ö6–FVB&÷FV–â•#S4%BÓ&÷FV–âÂÓã#sƒs#SCSScS#‚ÅG'VRÂÂÂÃãÃãcƒ“SCƒS“ƒƒ"Ããcƒ“SCƒS“ƒƒ"Ã2ãs3“Cƒs#“sRÓRÅ6öÇ–3sƒCcããõ3#µ3RÄfÇ6RÅG'VP¥6öÇ–3sƒCsÅSEõSbåSRG&’×6å$åÖ76ö6–FVB&÷FV–â•#S4%BÓ&÷FV–âÂÓã#ƒƒ“C##Cs‚ÅG'VRÂÂÂÂÂÂÂÂÄfÇ6RÄfÇ6P¥6öÇ–3sƒCƒÂ%†÷F÷7—7FVÒ”’÷‡–vVâWföÇf–ær6ö×ÆW‚&÷FV–â6%•#c#2Öösõ6%ÂÇ†ö&WFöÇ†6æGv–6‚"ÂÓãs3ƒcc3ƒC#3c2ÅG'VRÂÓãs3sScs“c“33#Ãã“s3ƒC#“S#CvRÓ‚ÃBãsS3#C#s333FRÓ‚ÂÂÂÂÂÅG'VRÄfÇ6P¥6öÇ–3sƒSÄ7F–â•#C7F–åö7F–âÖÆ–¶RÂÓã3ƒccƒSs333“c2ÅG'VRÂÂÂÂÂÂÂÂÄfÇ6RÄfÇ6P¥6öÇ–3sƒSCÅ&–&öçV6ÆV6R2ÖÆ–¶R&÷FV–â2•#““’&–&öçV6ÆV6R””’Ãã“3c###3SsrÅG'VRÂÂÂÂÂÂÂÂÄfÇ6RÄfÇ6P¥6öÇ–3sƒSsÄ6Æ6–æWW&–â×&VÆFVB†÷7†öW7FW&6RÖÆ–¶R•#CƒC2ÖWFÆÆ÷†÷7†öW7FW&6RÂÓã3#“scsCs3BÅG'VRÂÂÂÂÂÂÂÂÄfÇ6RÄfÇ6P¥6öÇ–3sƒSƒÂ$&–FæRÖÆ–¶RV&—V—F–âÆ–v6R•##ƒcr¦–æ2f–ævW"Â3d„2×G—R"ÃãcƒƒCs3Ccs#3CbÅG'VRÃãcƒ“cS3cSC#““cbÃ2ãcƒs“ƒ3c#s6RÓÃ"ãcSsS“sC“ƒcc6RÓ’ÂÂÂÂÂÅG'VRÄfÇ6P¥6öÇ–3sƒc#Â%†÷7†övÇ–6öÆFR†÷7†F6R•#c3C’"×†÷7†övÇ–6öÆFR†÷7†F6RÂWV¶'–÷F–2"ÂÓãsƒƒcSƒƒ“““rÅG'VRÂÓãsƒCCsS“3“Sƒs“‚Ã"ãs##3s““ƒsCCFRÓrÃrãSS#“ƒCC†RÓrÂÂÂÂÂÅG'VRÄfÇ6P¥6öÇ–3sƒc3Ä‡–G&÷‡–6–ææÖ÷–Â6ô6†–¶–ÖFU÷V–æFR‡–G&÷‡–6–ææÖ÷–ÇG&ç6fW&6RÖÆ–¶R&÷FV–â„g&vÖVçB’•#3CƒG&ç6fW&6RÂÓ"ãSCcSSC“c3cS#s32ÅG'VRÂÓ"ãSCcƒ#“sSƒc“C“ƒrÃ"ãC“ƒS#SscƒSCC&RÓ‚Ãã3CCƒSS3“†RÓRÂÂÂÂÂÅG'VRÄfÇ6P¥6öÇ–3sƒcsÄCscSCsôcT“Eó32„g&vÖVçB’Ãã“““cƒ#ƒ#S3#CbÅG'VRÃã3CSs#ƒ““#ÃBã3SCƒC#ƒs&RÓ‚ÃãC“SS3C“CS“6RÓrÃãÃã3CcCƒ3s“S"ÂÓã3CcCƒ3s“S"ÃbãƒS3ƒcƒsCsƒRÓrÅ6öÇ–3sƒcsããõ3’ÅG'VRÅG'VP¥6öÇ–3sƒcƒÂ$7–ÂÒ•#ScrfGG’6–BFW6GW&6RÂG—R""Ããc3ƒ#C#c#Cs#BÅG'VRÃãc3Sc#s#“3ss“SƒÃ’ãcSƒ#Cƒss““c&RÓ2Ãã3#ƒƒ3C“SCC“VRÓÂÂÂÂÂÅG'VRÄfÇ6P¥6öÇ–3sƒsÂ%7Æ–6–ærf7F÷"S$bÖ76ö6–FVB&÷FV–â•##csrçV6ÆV÷F–FRÖ&–æF–ærÂÇ†Ö&WFÆ—B"Ãã##S“S##cC#c2ÅG'VRÂÂÂÂÂÂÂÂÄfÇ6RÄfÇ6P¥6öÇ–3sƒsÃ32&–&÷6öÖÂ&÷FV–â3R•#ƒS&–&÷6öÖÂ&÷FV–â3RÂÓã###s“c#ƒsS#sbÅG'VRÂÂÂÃ"ãÃãc#“c#ƒƒ##CbÃãc#“c#ƒƒ##CbÃRãScscCcsC“ssRÓRÅ6öÇ–3sƒsããõCcbÄfÇ6RÅG'VP¥6öÇ–3sƒs#Â$&WFÖvÇV6÷6–F6RsB•#3cvÇ–6÷6–FR‡–G&öÆ6RÂfÖ–Ç’"Ã"ãsCSs3cc3“3Sc2ÅG'VRÃ"ãsCs#C3CCSC3“bÃBãcCsSC3ƒ3c“c&RÓrÃRã“ƒcSsC333“cRÓRÃ"ãÃãƒ#ƒs3sCCS#SRÂÓãƒ#ƒs3sCCS#SRÃRãCSƒƒsC“s#sFRÓÅ6öÇ–3sƒs#ããõ33C#µ6öÇ–3sƒs#ããõ3“’ÅG'VRÅG'VP¥6öÇ–3sƒsCÂ$F÷V&ÆR×7G&æBÖ'&V²&W—"&÷FV–â&C#•#c“&C#õ&V3‚Æ–¶R&÷FV–âÂâ×FW&Ö–æÂ"ÂÓãS“ƒs#S3Cƒ3#C‚ÅG'VRÂÂÂÃãÃãsƒ#Csƒs3ƒƒ3s#sbÃãsƒ#Csƒs3ƒƒ3s#sbÃãscs#“ƒccsƒSƒsSÅ6öÇ–3sƒsCããõ3C3’ÄfÇ6RÅG'VP¥6öÇ–3sƒssÂ$ÄUDÓæBTbÖ†æBFöÖ–âÖ6öçF–æ–ær&÷FV–âÂÖ—Fö6†öæG&–Â•#cƒRÄUDÓÖÆ–¶R"ÂÓãS“c““c3S##C3#ÅG'VRÂÂÂÃãÃã3ƒ“S3ƒ3“scSS2Ãã3ƒ“S3ƒ3“scSS2Ãã#C3cScssCc3†RÓ’Å6öÇ–3sƒssããõ3sbÄfÇ6RÅG'VP¥6öÇ–3sƒsƒÂ$6WFöÆ7FFR7–çF†6R6ÖÆÂ7V'Væ—B•#Csƒ’6WFöÆ7FFR7–çF†6RÂ6ÖÆÂ7V'Væ—B"ÂÓã#c##c33“#CBÅG'VRÂÂÂÂÂÂÂÂÄfÇ6RÄfÇ6P¥6öÇ–3sƒƒÄ–æ÷6—FöÂBR×G&—7†÷7†FRR×†÷7†F6RÖÆ–¶R&÷FV–â•#3–æ÷6—FöÂöÇ—†÷7†FR&VÆFVB†÷7†F6RÃãƒcƒcCCc3“sS"ÅG'VRÂÂÂÃ2ãÃã#c3C#CSc3‚Ãã#c3C#CSc3‚Ããc#ƒ#ƒcCƒSfRÓ‚Å6öÇ–3sƒƒããõ3#“µ6öÇ–3sƒƒããõ3SSµ6öÇ–3sƒƒããõCcrÄfÇ6RÅG'VP¥6öÇ–3sƒƒÂ$&WFÖ†W†÷6Ö–æ–F6R"•#SCvÇ–6÷6–FR‡–G&öÆ6RÂfÖ–Ç’#"ÂÓã#cCƒsCC“ƒ“S#SBÅG'VRÂÂÂÂÂÂÂÂÄfÇ6RÄfÇ6P¥6öÇ–3sƒƒSÅ6W&–æR&÷FV6R•#Ss#B6W&–æRVæF÷WF–F6RFVu"ÃãcƒC##““ƒCC#3#sRÅG'VRÂÂÂÂÂÂÂÂÄfÇ6RÄfÇ6P¥6öÇ–3sƒƒsÄÖWF‡–ÆVæWFWG&‡–G&öföÆFR&VGV7F6R•#Cc#WV¶'–÷F–2×G—RÖWF‡–ÆVæWFWG&‡–G&öföÆFR&VGV7F6RÂÓãcC3“C#“sCs##3cS‚ÅG'VRÂÓãcC3ƒ““#cCc3#S2Ããƒ3sc“3S3“sC“VRÓÃã3SƒC#ƒ33“SS†RÓ’ÂÂÂÂÂÅG'VRÄfÇ6P¥6öÇ–3sƒƒ“Å&VF–7FVBÖVÖ'&æR&÷FV–â„g&vÖVçB’•#s#rVæ6†&7FW&—6VB&÷FV–âfÖ–Ç’UcbÃã3S##C“Cs“#3Cc’ÅG'VRÂÂÂÂÂÂÂÂÄfÇ6RÄfÇ6P¥6öÇ–3sƒ“Â%¦–æ2f–ævW"444‚FöÖ–âÖ6öçF–æ–ær&÷FV–âcb•#Ss¦–æ2f–ævW"Â444‚×G—R"Ããccc##ƒC“cC#RÅG'VRÂÂÂÃRãÃãƒS“#S“ƒ3CrÃãƒS“#S“ƒ3CrÃBãc#““SCCƒƒS†RÓrÅ6öÇ–3sƒ“ããõ3ƒ3µ6öÇ–3sƒ“ããõ3#c“µ6öÇ–3sƒ“ããõ3C#Cµ6öÇ–3sƒ“ããõCC’ÄfÇ6RÅG'VP¥6öÇ–3sƒ“CÅVçFG&–6÷WF–FR&WVBÖ6öçF–æ–ær&÷FV–â•##ƒƒRVçFG&–6÷WF–FR&WVBÃãSsƒ“ScCcCƒ’ÅG'VRÂÂÂÂÂÂÂÂÄfÇ6RÄfÇ6P¥6öÇ–3sƒ“cÂ%&V6WF÷"Æ–¶R¶–æ6RÂ$Ä²"Ããs3c“ƒ“#33#sƒ#’ÅG'VRÃãs3sS“#“ƒC“#“Ã"ã3S3s33“Cƒ6RÓÃãƒƒs“ƒC““c3s36RÓÂÂÂÂÂÅG'VRÄfÇ6P¥6öÇ–3sƒ““Å†vR6†ö6²&÷FV–â7•#sSr7ô”Ó3Ããƒscƒ“ƒ#ƒ“ƒƒ“’ÅG'VRÃãƒs#s3ƒc#Cs“RÃ"ãƒc““ƒCcs#6RÓ’Ããcs3ƒc#3s3c†RÓ‚ÃBãÃã“sƒS“ƒcc“3#cBÃã“sƒS“ƒcc“3#cBÃ"ã#3“#3“3Sc#SFRÓÅ6öÇ–3sƒ““ããõ3#ƒsµ6öÇ–3sƒ““ããõ33sµ6öÇ–3sƒ““ããõ3SBÅG'VRÅG'VP¥6öÇ–3s“Ä6&&÷‡–ÆW7FW&6R&–ô‚•#s2Ç†ö&WF‡–G&öÆ6RföÆBÓÂÓã3“ƒƒ3“s“3“sss“3RÅG'VRÂÂÂÂÂÂÂÂÄfÇ6RÄfÇ6P¥6öÇ–3s“Ä‡–G&öÆ6RÇ†ö&WFföÆBfÖ–Ç’&÷FV–â•#s2Ç†ö&WF‡–G&öÆ6RföÆBÓÂÓãCƒcSC“ƒsƒ33c3bÅG'VRÂÂÂÂÂÂÂÂÄfÇ6RÄfÇ6P¥6öÇ–3s“#Ä„B×7WW&fÖ–Ç’‡–G&öÆ6R7V&fÖ–Ç’”f&–çB26öçF–æ–ær&÷FV–âW‡&W76VB•#Sƒ3B†Æö6–BFV†ÆövVæ6RÖÆ–¶R‡–G&öÆ6RÂÓãsS333#ƒ3sƒSÅG'VRÂÓãsScs“3sS#ƒ2ÃãS3ƒcCƒƒ#ƒ6RÓbÃ2ãSƒ#csCcƒcc“vRÓbÂÂÂÂÂÅG'VRÄfÇ6P¥6öÇ–3s“3Å&–&÷6öÖÂ&÷FV–âÃ3rÂÓã3#css#Cccs“ScBÅG'VRÂÂÂÂÂÂÂÂÄfÇ6RÄfÇ6P¥6öÇ–3s“sÄvVæöÖ–2Dä6‡&öÖ÷6öÖRR6ÆöæRÕã#2ÂÓã3ƒs3Cs3sCS3SRÅG'VRÂÂÂÂÂÂÂÂÄfÇ6RÄfÇ6P¥6öÇ–3s“ƒÂ%†÷7†òÓ"ÖFV‡–G&òÓ2ÖFV÷‡–†WFöæFRÆFöÆ6R•##CƒD…7–çF†WF6RÂ6Æ72”’"ÂÓãCƒ“sCC3ƒƒcƒ‚ÅG'VRÂÂÂÂÂÂÂÂÄfÇ6RÄfÇ6P¥6öÇ–3s““Â%öÇ–FVç–ÆFRÖ&–æF–ær&÷FV–âfÖ–Ç’&÷FV–â•##csrçV6ÆV÷F–FRÖ&–æF–ærÂÇ†Ö&WFÆ—B"ÂÓãsƒ“ƒCƒCC“C3cC2ÅG'VRÂÂÂÂÂÂÂÂÄfÇ6RÄfÇ6P¥6öÇ–3sÅ&2×&VÆFVB&÷FV–â&"Ó#R•#SS“R&#×&VÆFVBÂÓãs#““3C#“3“3“‚ÅG'VRÂÓãs#s3S“#C“scƒ3ƒBÃãc#csC###“#c–RÓ’Ãrãs#3c#S#s#Sƒc–RÓ’ÂÂÂÂÂÅG'VRÄfÇ6P¥6öÇ–3sÅ&–&÷6öÖÂ$ä6ÖÆÂ7V'Væ—BÖWF‡–ÇG&ç6fW&6ReöWV¶'–÷F–2çV6ÆVöÆ"äôÃôæ÷'ÂÓãƒ“ƒSC#ƒ3CsƒƒBÅG'VRÂÂÂÂÂÂÂÂÄfÇ6RÄfÇ6P¥6öÇ–3s#Â%W&÷†–F6Rr•##b†VÒW&÷†–F6RÂÆçEögVævÅö&7FW&–Â"ÂÓã““ƒSccSsscC"ÅG'VRÂÂÂÂÂÂÂÂÄfÇ6RÄfÇ6P¥6öÇ–3ssÂ$Æä2ÖÆ–¶R&÷FV–â"•##CcBÆä2ÖÆ–¶R&÷FV–âÂWV¶'–÷F–2"ÂÓã3“SSC3“SSƒ“#3rÅG'VRÂÓã3ƒ““##CSS““ƒ#s3rÃãssCC3#ƒS33“FRÓÃ’ã“CC#S#csS3c3vRÓÂÂÂÂÂÅG'VRÄfÇ6P¥6öÇ–3sƒÂ$Ö—Fö6†öæG&–Åö6†Æ÷&÷Æ7B&–&÷6öÖÂ&÷FV–âÃSEôÃ3r„•52’•#3ƒs&–&÷6öÖÂ&÷FV–âÃ3rÂÖ—Fö6†öæG&–Â"ÂÓã#CSs“3Cƒsƒ#CccRÅG'VRÂÂÂÂÂÂÂÂÄfÇ6RÄfÇ6P¥6öÇ–3s“Å&ö†–&—F–â•#c2&ö†–&—F–âÃãcƒSc#ƒ“c3CsCƒ"ÅG'VRÂÂÂÂÂÂÂÂÄfÇ6RÄfÇ6P¥6öÇ–3s#ÃBÓ2Ó2&÷FV–â&WFöÇ†Ó•#3‚BÓ2Ó2&÷FV–âÂÓãSC#3S33Cssc3ƒBÅG'VRÂÂÂÂÂÂÂÂÄfÇ6RÄfÇ6P¥6öÇ–3s#CÅ&÷FV–â44’Ããc3“ƒs##s#BÅG'VRÂÂÂÂÂÂÂÂÄfÇ6RÄfÇ6P¥6öÇ–3s3Ã2BÖF–‡–G&÷‡’Ó"Ö'WFæöæRB×†÷7†FR7–çF†6R•#C#"D„%7–çF†6R&–$"Ãã“3#CC#““sss“BÅG'VRÃã“SCSs#333C3BÃBãC3ƒ#c3SsSS&RÓÃ2ã#“#SC““Cƒc#vRÓÂÂÂÂÂÅG'VRÄfÇ6P¥6öÇ–3s3ƒÄÖFRVffÇW‚fÖ–Ç’&÷FV–â•##S#‚×VÇF’çF–Ö–7&ö&–ÂW‡G'W6–öâ&÷FV–âÖDRÃãSscSSC3“C““3Ss3rÅG'VRÂÂÂÂÂÂÂÂÄfÇ6RÄfÇ6P¥6öÇ–3sC3Ä÷f&–â6æ6W"Ö76ö6–FVBvVæR"&÷FV–â†öÖöÆör•#ScCR&÷FV–âöbVæ¶æ÷vâgVæ7F–öâETc3CÃã##cS3ƒƒcƒS#CSRÅG'VRÂÂÂÂÂÂÂÂÄfÇ6RÄfÇ6P¥6öÇ–3sCSÅ†÷7†ög'V7Fö¶–æ6RfÖ–Ç’&÷FV–â•##B—&÷†÷7†FRÖFWVæFVçB†÷7†ög'V7Fö¶–æ6RE‚Ããcsƒƒ“3#s“SC’ÅG'VRÃãccƒƒs3S33SƒÃã#SCC“CSSVRÓ‚ÃBã#c“#ƒ#S3“FRÓ‚ÂÂÂÂÂÅG'VRÄfÇ6P¥6öÇ–3sCsÃBÓ2Ó2&÷FV–â&WFöÇ†•#3‚BÓ2Ó2&÷FV–âÂÓãCC3cƒƒ#ƒC3“S“CrÅG'VRÂÂÂÃãÃãcsc3ƒss#c#CscSRÃãcsc3ƒss#c#CscSRÃã#3ƒcCs“SCCc#BÂÄfÇ6RÅG'VP¥6öÇ–3sCƒÅF‡&Vöæ–æRVæF÷WF–F6RÃãS3##ƒƒcSS““BÅG'VRÂÂÂÂÂÂÂÂÄfÇ6RÄfÇ6P¥6öÇ–3sC“ÄvVæöÖ–2Dä6‡&öÖ÷6öÖRR6ÆöæRÔäRÂÓã#“Ssƒ3ScSssƒs2ÅG'VRÂÂÂÃ"ãÃãƒcsscs#ƒScsc’Ããƒcsscs#ƒScsc’ÃBãccƒ##Sc#s“ƒ3VRÓrÅ6öÇ–3sC“ããõ3Sµ6öÇ–3sC“ããõ3#“’ÄfÇ6RÅG'VP¥6öÇ–3sSÂ%F‡–Ö–G–ÆFR7–çF†6R„g&vÖVçB’•#C“‚Væ6†&7FW&—6VB&÷FV–âfÖ–Ç’Uc#’Ââ×FW&Ö–æÂ"Ãã““SsS#c##s“#RÅG'VRÂÂÂÂÂÂÂÂÄfÇ6RÄfÇ6P¥6öÇ–3sScÂ$¶–æW6–âÖÆ–¶R&÷FV–â•#sS"¶–æW6–âÂÖ÷F÷"&Vv–öâ"ÂÓã#sCSsc3S3cC3sBÅG'VRÂÓã#ssƒƒ3ƒ#CCBÃ‚ãƒs333ƒc#SsS#FRÓ2Ãã#C“ƒs“3#3ccC&RÓÃbãÃãC3#cƒƒ#Cƒ#SSS‚ÃãC3#cƒƒ#Cƒ#SSS‚Ã’ãƒccƒ3Cc3Scc6RÓÅ6öÇ–3sScããõ3ƒcµ6öÇ–3sScããõ3C"ÅG'VRÅG'VP¥6öÇ–3sSƒÅVæ¶æ÷vâ&÷FV–âÂÓãCsƒ#“##CssCBÅG'VRÂÓãCsƒ#ƒC“C“sbÃ2ãƒƒ#S3c“s“c†RÓ2Ãbãc#Cƒ3Csƒ6RÓ"ÂÂÂÂÂÅG'VRÄfÇ6P¥6öÇ–3scÂ$÷3sƒC#&÷FV–â„g&vÖVçB’•#C3C‚&÷FV–âöbVæ¶æ÷vâgVæ7F–öâETc#CbÂÆçB"ÂÓãCsc#“Sƒcs“ƒrÅG'VRÂÓãCcCS3s#Ccƒ“#‚Ã"ã3CSCC3CSCfRÓÃãƒ“Ss““##““FRÓÂÂÂÂÂÅG'VRÄfÇ6P¥6öÇ–3scÅ6ÖÆÂ6öæGV7Fæ6RÖV6†æ÷6Vç6—F—fR„×652ÖfÖ–Ç’’–öâ6†ææVÂ•#ccƒRÖV6†æ÷6Vç6—F—fR–öâ6†ææVÂ×652Ãã“#C#3cCC#c#c‚ÅG'VRÃã“#CsC““#cCcƒs“bÃ"ãƒs####CvRÓÃã#ƒCcS“S#C&RÓ’ÂÂÂÂÂÅG'VRÄfÇ6P¥6öÇ–3sccÅ4uC&÷FV–â•#ss4uCÂÓãCƒs“cS#CSƒƒRÅG'VRÂÂÂÂÂÂÂÂÄfÇ6RÄfÇ6P¥6öÇ–3ss#ÄvVæöÖ–2Dä6‡&öÖ÷6öÖRRD26ÆöæR³#Ã2•#““FWG&G&–6÷WF–FRÖÆ–¶R†VÆ–6ÂÂÓã3#ƒƒ#CSsscbÅG'VRÂÂÂÂÂÂÂÂÄfÇ6RÄfÇ6P¥6öÇ–3ssCÅTEÖvÇV6÷7–ÇG&ç6fW&6R•###2TEÖvÇV7W&öæ÷7–ÅõTEÖvÇV6÷7–ÇG&ç6fW&6RÃãS“sscC“3S3SsS‚ÅG'VRÃãS“Cc3S“s“c““3BÃbã3s3CC#Cƒ#cƒ#&RÓRÃãC#“33s##SÂÂÂÂÂÅG'VRÄfÇ6P¥6öÇ–3sscÅTEÖvÇV6÷7–ÇG&ç6fW&6R•###2TEÖvÇV7W&öæ÷7–ÅõTEÖvÇV6÷7–ÇG&ç6fW&6RÃãSsScƒ3cScƒCs3#"ÅG'VRÂÂÂÂÂÂÂÂÄfÇ6RÄfÇ6P¥6öÇ–3sƒÄvÇV6÷7–ÇG&ç6fW&6R•###2TEÖvÇV7W&öæ÷7–ÅõTEÖvÇV6÷7–ÇG&ç6fW&6RÂÓãc“3C32ÅG'VRÂÓãcc3C““3“3SBÃ‚ã“ƒ“ƒ3c“cƒ6RÓ"Ã‚ãScscƒs“cVRÓÂÂÂÂÂÅG'VRÄfÇ6P¥6öÇ–3sƒCÂ%öÇ’…$2’&–æF–ær&÷FV–â2•#ƒ²†öÖöÆöw’ÂG—RÂ7V&w&÷W"ÃãsC#s3#ƒ#sƒCbÅG'VRÂÂÂÂÂÂÂÂÄfÇ6RÄfÇ6P¥6öÇ–3sƒ“ÄW†÷7F÷6–âfÖ–Ç’&÷FV–â•#C#c2W†÷7F÷6–âÖÆ–¶RÂÓãƒ#S#c3cC#“2ÅG'VRÂÓãs“33C“33c#rÃ"ãscC33C3ƒc3s–RÓ"Ã2ãs#c3#C6RÓÂÂÂÂÂÅG'VRÄfÇ6P¥6öÇ–3s“SÄVÆöævF÷"6ö×ÆW‚&÷FV–âB•#ƒs#‚VÆöævF÷"6ö×ÆW‚&÷FV–âBÂÓã3C#ƒ#ƒ3C“#sBÅG'VRÂÂÂÂÂÂÂÂÄfÇ6RÄfÇ6P¥6öÇ–3s“cÂ$Æ6ö†öÂFV‡–G&övVæ6R•##ƒRÆ6ö†öÂFV‡–G&övVæ6R7WW&fÖ–Ç’Â¦–æ2Ö6öçF–æ–ær"ÂÓ2ã3SsCsCsc3ƒ#SbÅG'VRÂÓ2ã3Ssƒƒ#3SsSƒ#c2Ã2ãsCSs3CC3S“†RÓ‚ÃãCƒs3CS“3““SFRÓRÃ2ãÃ"ãSƒcS#“SCSs3RÃ"ãSƒcS#“SCSs3RÃ"ãsS“c“s3c6RÓÅ6öÇ–3s“cããõ3Cµ6öÇ–3s“cããõC#bÅG'VRÅG'VP¥6öÇ–3sÄW'v–æ––æGV6VB&÷FV–â"ÂÓãS3CS3ƒ3cc“ƒCrÅG'VRÂÂÂÂÂÂÂÂÄfÇ6RÄfÇ6P¥6öÇ–3s#Â%&V6WF÷"Æ–¶R¶–æ6RÂ$Ä²"ÂÓãCc##3ƒ“Cs“sSBÅG'VRÂÓãCS““c“3SCC’Ã’ã“33sC#CsCccSVRÓ2Ãã3c#Ss#33s#FRÓÃ2ãÃãC##33“#SBÃãC##33“#SBÃRã3SƒƒC“S3sC“&RÓ‚Å6öÇ–3s#ããõ3#sƒµ6öÇ–3s#ããõ3c#ƒµ6öÇ–3s#ããõCCCrÅG'VRÅG'VP¥6öÇ–3sCÄE×&–&÷7–ÆF–öâf7F÷"ÖÆ–¶R&÷FV–â•#ccƒ‚E×&–&÷7–ÆF–öâf7F÷"Ããƒ#33ssc#ƒ3’ÅG'VRÂÂÂÃãÃãƒƒ#333SS“s“#ƒ"ÂÓãƒƒ#333SS“s“#ƒ"Ã2ãc“ƒS3#ƒsCSfRÓrÅ6öÇ–3sCããõ33BÄfÇ6RÅG'VP¥6öÇ–3ssÄvVæöÖ–2Dä6‡&öÖ÷6öÖRR6ÆöæRÕDs2ÂÓã3##CƒcƒS“ƒcBÅG'VRÂÂÂÃ"ãÃã#S“cSc“ScSbÃã#S“cSc“ScSbÃrã33scccC3“SFRÓ‚Å6öÇ–3ssããõ3“rÄfÇ6RÅG'VP¥6öÇ–3s“Â%F—"Öæ'2ÖÇ'"Â&W6—7Fæ6R&÷FV–â"Ãã“sSCƒƒ##’ÅG'VRÃã“sCcSƒc3“““ƒƒbÃã““Cƒ#3ƒ“s“vRÓ‚ÃbãƒCc“Cƒ“Sc†RÓ‚ÂÂÂÂÂÅG'VRÄfÇ6P¥6öÇ–3s#Â$6ÆÖöGVÆ–âÖ&–æF–ær†VB×6†ö6²&÷FV–â•##“#Æ—6RÂ6Æ722"Ãã33#sc“cC##Sƒ3CbÅG'VRÂÂÂÃRãÃãC3cƒSsc“ƒSS#rÂÓãC3cƒSsc“ƒSS#rÃRãƒ“ƒsCƒ3cƒƒsƒS&RÓ’Å6öÇ–3s#ããõC3ƒµ6öÇ–3s#ããõC3ƒµC3“µ6öÇ–3s#ããõC3ƒµC3“µ33“cµ6öÇ–3s#ããõC3“µ33“bÄfÇ6RÅG'VP¥6öÇ–3s3Â%D„ò6ö×ÆW‚7V'Væ—BB•##csrçV6ÆV÷F–FRÖ&–æF–ærÂÇ†Ö&WFÆ—B"ÂÓãss#“scs“##“"ÅG'VRÂÂÂÃãÃãcSC“SCs“ssƒ‚ÂÓãcSC“SCs“ssƒ‚ÃãC#S#3SCƒ“SC‚Å6öÇ–3s3ããõ3“bÄfÇ6RÅG'VP¥6öÇ–3sCÃS2&–&÷6öÖÂ&÷FV–âÃ#2•#3#R&–&÷6öÖÂ&÷FV–âÃ#UôÃ#2ÂÓãCsc3#SSCƒC3cssrÅG'VRÂÂÂÂÂÂÂÂÄfÇ6RÄfÇ6P¥6öÇ–3scÄ†–v‚Öö&–Æ—G’w&÷W&÷FV–â•#Sƒ‚†—7FöæRƒôƒRÃã3##“CSsƒCsƒsrÅG'VRÂÂÂÃãÃãcS#S“c3“sc#C“RÃãcS#S“c3“sc#C“RÃBã“ƒCcSS#sFRÓbÅ6öÇ–3scããõC#ÄfÇ6RÅG'VP¥6öÇ–3ssÄDR&÷FV–âÃãc“3C3C““S33cƒRÅG'VRÃãc“s#3scSSsƒcsbÃ2ãƒ#ƒƒS#SSƒc##RÓ‚Ãã#sƒ3“3sCcc“#vRÓrÂÂÂÂÂÅG'VRÄfÇ6P¥6öÇ–3s#Å÷7BÔu’GF6†ÖVçBFò&÷FV–ç2f7F÷"2•#s#rW#ÖÆ–¶RÃã3CCSS#“s3cccSCRÅG'VRÂÂÂÂÂÂÂÂÄfÇ6RÄfÇ6P¥6öÇ–3s#Äv–&&W&VÆÆ–â&VwVÆFVB&÷FV–â•#3ƒSBv–&&W&VÆÆ–â&VwVÆFVB&÷FV–âÃ2ãC3##Css3Sƒ“c2ÅG'VRÃ2ãC3#c#Cs“cÃãS#ƒCCC3SS#†RÓRÃrãƒ“s““#s3SƒSCVRÓBÂÂÂÂÂÅG'VRÄfÇ6P¥6öÇ–3s##ÅVæ¶æ÷vâ&÷FV–âÂÓãsƒ3ƒsc#s#c#RÅG'VRÂÂÂÂÂÂÂÂÄfÇ6RÄfÇ6P¥6öÇ–3s#SÂ$6†Æ÷&–FR–çG&6VÆÇVÆ"6†ææVÂb•#s“32vÇWFF†–öæR2×G&ç6fW&6Uö6†Æ÷&–FR6†ææVÂÂ2×FW&Ö–æÂ"Ãã#3ƒ3ƒS#SsSCC2ÅG'VRÂÂÂÂÂÂÂÂÄfÇ6RÄfÇ6P¥6öÇ–3s3Å&†ÖæövÆ7GW&öæFRÇ–6R•#3#R&†ÖæövÆ7GW&öæFRÇ–6RÃã#sc#SƒS3#3sS#BÅG'VRÂÂÂÂÂÂÂÂÄfÇ6RÄfÇ6P¥6öÇ–3s3ƒÂ$vÇWFÖ–æR7–çF†WF6R•#ƒCbvÇWFÖ–æR7–çF†WF6RÂ6FÇ—F–2&Vv–öâ"ÂÓã##C#3sSC’ÅG'VRÂÂÂÃbãÃã#ƒ“ƒƒC3““3CCrÃã#ƒ“ƒƒC3““3CCrÃãC3css#ƒs3CSCfRÓ’Å6öÇ–3s3ƒããõ3Ccµ6öÇ–3s3ƒããõCCSµ6öÇ–3s3ƒããõC“bÄfÇ6RÅG'VP¥6öÇ–3s3“ÅE"&WVB¶–æW6–âÆ–v‡B6†–â¶–æW6–âÆ–v‡B6†–â•#““FWG&G&–6÷WF–FRÖÆ–¶R†VÆ–6ÂÃã3#SCƒƒsSƒ3#ss‚ÅG'VRÂÂÂÂÂÂÂÂÄfÇ6RÄfÇ6P¥6öÇ–3sC#Â%WF–G–Â×&öÇ–Â6—2×G&ç2—6öÖW&6R•#s’WF–G–Â×&öÇ–Â6—2×G&ç2—6öÖW&6RÂd´%×G—R"ÃãSCscC3ƒƒƒSS2ÅG'VRÂÂÂÂÂÂÂÂÄfÇ6RÄfÇ6P¥6öÇ–3sCCÄ7'F–2&÷FV–æ6RæWVçF†W6–âÓ•#CcWF–F6RÃã#CS#ƒ#CS3ƒ“c"ÅG'VRÂÂÂÂÂÂÂÂÄfÇ6RÄfÇ6P¥6öÇ–3sCSÂ$vÇWFF†–öæRÖFWVæFVçBf÷&ÖÆFV‡–FRÖ7F—fF–ærtd•#c“2vÇWFF†–öæRÖFWVæFVçBf÷&ÖÆFV‡–FRÖ7F—fF–ærÂtd"ÃãSs3Cƒss3s#RÅG'VRÂÂÂÂÂÂÂÂÄfÇ6RÄfÇ6P¥6öÇ–3sCsÂ$äD‚×V&—V–æöæR÷†–F÷&VGV7F6R7V'Væ—B•###‚äDƒ§V&—V–æöæR÷†–F÷&VGV7F6RÂ7V'Væ—Br"ÂÓãCScsS#SCƒS’ÅG'VRÂÂÂÂÂÂÂÂÄfÇ6RÄfÇ6P¥6öÇ–3sCƒÄæ–67G&–â•#ƒsæ–67G&–âÃã#sSƒ“3#ƒCƒS#cs“RÅG'VRÂÂÂÂÂÂÂÂÄfÇ6RÄfÇ6P¥6öÇ–3sC“Ä5Ebã"ÂÓãC3s“#S““#3BÅG'VRÂÂÂÂÂÂÂÂÄfÇ6RÄfÇ6P¥6öÇ–3scÄfGG’6–BÖ&–æF–ær&÷FV–âÖÆ–¶R&÷FV–â•#Cƒs‚&Vv–öâöbVæ¶æ÷vâgVæ7F–öâETcs“BÂÓã3sƒcC3SSƒƒC33"ÅG'VRÂÓã3ƒSscSC333““S"Ãã3ƒ#“c#ƒ#scS†RÓ"Ããsƒ““SSCCCsS#VRÓÂÂÂÂÂÅG'VRÄfÇ6P¥6öÇ–3sscÄvVæöÖ–2Dä6‡&öÖ÷6öÖRR6ÆöæRÕ³BÂÓãScƒS“3ƒC3#“SCC’ÅG'VRÂÂÂÃ"ãÃã“33#SSSScƒƒSCbÃã“33#SSSScƒƒSCbÃ‚ãccƒƒS#SSs6RÓrÅ6öÇ–3sscããõ3µ6öÇ–3sscããõ3“2ÄfÇ6RÅG'VP¥6öÇ–3ssƒÄæöç6Vç6RÖÖVF–FVBÕ$äFV6’äÔC2fÖ–Ç’&÷FV–â•#scBäÔC2Ãã#ƒ#“ƒSCScscBÅG'VRÂÂÂÂÂÂÂÂÄfÇ6RÄfÇ6P¥6öÇ–3sƒCÄ÷†–F÷&VGV7F6RfÖ–Ç’&÷FV–âÖ&–æF–ærFöÖ–âÂÓãCC#ƒC““ƒccsƒ‚ÅG'VRÂÂÂÂÂÂÂÂÄfÇ6RÄfÇ6P¥6öÇ–3sƒSÂ$vÆ7F÷7–ÆvÆ7F÷7–Ç‡–Æ÷7–Ç&÷FV–â2Ö&WFÖvÇV7W&öæ÷7–ÇG&ç6fW&6R•#S#rvÇ–6÷7–ÂG&ç6fW&6RÂfÖ–Ç’C2"ÂÓãs#“ƒc“C#CcƒƒrÅG'VRÂÓãssSC#sƒ##ƒrÃRãcSc3Ss3ScƒVRÓ’Ã"ã3ƒ#CƒSƒsƒcFRÓ‚ÂÂÂÂÂÅG'VRÄfÇ6P¥6öÇ–3s“ÅG&ç6ÖVÖ'&æR’7WW&fÖ–Ç’&÷FV–âÖVÖ&W"ÂÓãsSCƒS3“c“S3ƒBÅG'VRÂÓãsscCƒƒƒ3SRÃ2ãsc““s#Cc#c#–RÓÃ"ãƒScccSƒ#s“SVRÓÂÂÂÂÂÅG'VRÄfÇ6P¥6öÇ–3s“#ÄvÇWFÖFRFV6&&÷‡–Æ6R•#rvÇWFÖFRFV6&&÷‡–Æ6RÂÓãsƒCC#C“3csc#rÅG'VRÂÓãsƒCS33C““C“sc‚Ã‚ã“3ƒsCcƒc“S3CVRÓrÃãƒSS3“3“#SFRÓBÃãÃã“3“SSƒS3C3crÃã“3“SSƒS3C3crÃ’ã3“cƒ3sSƒƒ#VRÓbÂÅG'VRÅG'VP¥6öÇ–3s“3Â$—6ö6—G&FRFV‡–G&övVæ6R•#Cs“—6ö6—G&FRFV‡–G&övVæ6RäEÖFWVæFVçBÂWV¶'–÷F–2"ÃãS3ƒ““ƒssScC2ÅG'VRÂÂÂÂÂÂÂÂÄfÇ6RÄfÇ6P¥6öÇ–3s“cÂ%UEÖvÇV6÷6R†÷7†FRW&–G–Ç–ÇG&ç6fW&6R•#c#crUEÒÖvÇV6÷6RÓ×†÷7†FRW&–G–Ç–ÇG&ç6fW&6RÂ7V&w&÷W"ÂÓãs3“3“sCS333C3C"ÅG'VRÂÓãsCS3#sc“S3’ÃRãƒsSƒs““cƒs“3vRÓÃBã#ƒ#sƒ“#ƒSƒC–RÓÃRãÃã#S“CS“C“"Ãã#S“CS“C“"Ã"ãscƒ3ƒs#““FRÓrÅ6öÇ–3s“cããõ3cµ6öÇ–3s“cããõ33“Sµ6öÇ–3s“cããõ33“ƒµ6öÇ–3s“cããõ3Cµ6öÇ–3s“cããõ3C#ÅG'VRÅG'VP¥6öÇ–3s“sÂ%G—&÷6–æR†÷7†F6RfÖ–Ç’&÷FV–â•##C#‚&÷FV–â×G—&÷6–æR†÷7†F6RÂGVÂ7V6–f–6—G’†÷7†F6RÂWV¶'–÷F–2"ÂÓã3s#c“C###““bÅG'VRÂÂÂÂÂÂÂÂÄfÇ6RÄfÇ6P¥6öÇ–3s““ÅÆ7F–BFW&Ö–æÂ÷‡–F6RÃã#S“SSƒƒƒ#rÅG'VRÃã#3ƒc##“ƒS“ƒC’Ã2ã#S““sC“VRÓBÃrãsCccssC#3“SsvRÓ2ÂÂÂÂÂÅG'VRÄfÇ6P¥6öÇ–3s#sÄ7–Â×&÷FV–âF†–öW7FW&6R•#3C†÷7†öÆ—6Uö6&&÷‡–ÆW7FW&6RÂÓãCscs#3sssC3’ÅG'VRÂÂÂÂÂÂÂÂÄfÇ6RÄfÇ6P¥6öÇ–3s#ƒÄ'&–â&÷FV–âCB•#S33bVæ6†&7FW&—6VB&÷FV–âfÖ–Ç’UcCÂÓã3SS333ƒC3#“3ÅG'VRÂÂÂÂÂÂÂÂÄfÇ6RÄfÇ6P¥6öÇ–3s#Â%†÷7†÷&–&÷7–ÆvÇ–6–æÖ–FRf÷&×–ÇG&ç6fW&6R•##3sbf÷&×–ÂG&ç6fW&6RÂâ×FW&Ö–æÂ"Ãã#3s“cSS#scƒcCC‚ÅG'VRÂÂÂÂÂÂÂÂÄfÇ6RÄfÇ6P¥6öÇ–3s#Ãc2&–&÷6öÖÂ&÷FV–âÃb•#“R&–&÷6öÖÂ&÷FV–âÃdRÂÓãsƒCƒS33Cc#SsÅG'VRÂÓãsƒCƒƒSC“Ssƒs#ƒ2Ã’ãCCCs#sc#ƒ3c#cFRÓÃBãƒ3ƒ33C“c3Cs6RÓ’ÂÂÂÂÂÅG'VRÄfÇ6P¥6öÇ–3s#CÂ$—6öÆWV7–Â×E$ä7–çF†WF6R•##3Ö–æö7–Â×E$ä7–çF†WF6RÂ6Æ72–•##3—6öÆWV7–Â×E$ä7–çF†WF6RÂ6Æ72–•#ƒ3S2—6öÆWV7–Â×E$ä7–çF†WF6R"ÂÓã#3“C“ƒ#“ƒSƒ#c“RÅG'VRÂÂÂÂÂÂÂÂÄfÇ6RÄfÇ6P¥6öÇ–3s#SÂ%G&ç67&—F–öâ–æ—F–F–öâf7F÷"””bÇ†7V'Væ—B•#ƒƒSG&ç67&—F–öâ–æ—F–F–öâf7F÷"””bÂÇ†7V'Væ—B"ÂÓãcS3c“ƒƒss“RÅG'VRÂÂÂÂÂÂÂÂÄfÇ6RÄfÇ6P¥6öÇ–3s#cÄgVÖ'–Æ6WFö6WF6R•#S“S’gVÖ'–Æ6WFö6WF6RÃãS#“ƒC3ƒsc3sƒ3S‚ÅG'VRÂÂÂÂÂÂÂÂÄfÇ6RÄfÇ6P¥6öÇ–3s#ƒÄ7–Â6'&–W"&÷FV–âÂÓãSSScƒsS#c“C3#RÅG'VRÂÂÂÂÂÂÂÂÄfÇ6RÄfÇ6P¥6öÇ–3s##cÂ$ÖVÖ'&æR&÷VæBòÖ7–ÂG&ç6fW&6RÔ$ôB•#C#“’ÖVÖ'&æR&÷VæBòÖ7–ÂG&ç6fW&6RÂÔ$ôB"ÂÓã3SS3ƒ#Sƒƒ““cBÅG'VRÂÂÂÂÂÂÂÂÄfÇ6RÄfÇ6P¥6öÇ–3s##ƒÅVæ¶æ÷vâ&÷FV–âÃã#“CC#3ƒC#ScCsbÅG'VRÂÂÂÂÂÂÂÂÄfÇ6RÄfÇ6P¥6öÇ–3s##“Å5t”%ôÔDÓ"FöÖ–â6öçF–æ–ær&÷FV–â•#“ƒ3R5t”"FöÖ–âÂÓã#ƒs“sCS#“CSRÅG'VRÂÂÂÂÂÂÂÂÄfÇ6RÄfÇ6P¥6öÇ–3s#3#ÅVæ¶æ÷vâ&÷FV–âÂÓã3“c3c#ƒCCsC2ÅG'VRÂÂÂÂÂÂÂÂÄfÇ6RÄfÇ6P¥6öÇ–3s#CÄ6Æ6—VÒÖ&–æF–ær&÷FV–â3’•#3ƒs‚Öó#RÖÆ–¶RÂÓã3“ssCc“Ssc##csrÅG'VRÂÂÂÂÂÂÂÂÄfÇ6RÄfÇ6P¥6öÇ–3s#CÄ–æ÷6—FöÂÖöæ÷†÷7†F6R2•#sc–æ÷6—FöÂÖöæ÷†÷7†F6RÃãcCc#cCCssC#RÅG'VRÃãc3“#3SƒsSs““S2Ã"ãcƒƒC#“sSSCƒ6RÓ‚Ã’ã3ƒCƒƒscc#3VRÓ‚ÂÂÂÂÂÅG'VRÄfÇ6P¥6öÇ–3s#CSÅ&VF–7FVBG&ç7÷'FW"•#3cc27Vv%ö–æ÷6—FöÂG&ç7÷'FW"ÂÓã“CS“ƒcCƒƒC#SƒÅG'VRÂÓã“CSsƒss““C“cÃ’ãS#cc3S“#3C“RÓbÃRãC“s“Ss#3#–RÓBÂÂÂÂÂÅG'VRÄfÇ6P¥6öÇ–3s#CcÅ&2×&VÆFVB&÷FV–â&"Ó#R•#SS“R&#×&VÆFVBÂÓãC3#s#3ƒs3SC3sbÅG'VRÂÂÂÂÂÂÂÂÄfÇ6RÄfÇ6P¥6öÇ–3s#CsÂ$†WFW&övVæV÷W2çV6ÆV"&–&öçV6ÆV÷&÷FV–â2•#SB$ä&V6övæ—F–öâÖ÷F–bÂ$åÓ"ÂÓãS3ƒs“CcS#s#“rÅG'VRÂÂÂÂÂÂÂÂÄfÇ6RÄfÇ6P¥6öÇ–3s#ccÆÖ–7&÷GV'VÆR76ö6–FVB&÷FV–âG—RR•#“sc‚×–÷6–â”’†Vg’6†–âÖÆ–¶RÂÓã333c#c3#SCƒ3ÅG'VRÂÓã3SCƒscƒccs“sSRÃBãcƒScS“s“Cc&RÓ"ÃBãƒS3“#s3“3&RÓÂÂÂÂÂÅG'VRÄfÇ6P¥6öÇ–3s#csÅVçFG&–6÷WF–FR&WVBÖ6öçF–æ–ær&÷FV–â•##c#R6×"&÷FV–åô×WE3"2×FW&Ö–æÂÃãSs333cCs#3ƒ3"ÅG'VRÂÂÂÂÂÂÂÂÄfÇ6RÄfÇ6P¥6öÇ–3s#cƒÅ&öÆ–æR×&–6‚&÷FV–â•#c#†Vg’ÖWFÂG&ç7÷'EöFWF÷†–f–6F–öâ&÷FV–âÃã3CSƒCsCCsƒC3“bÅG'VRÂÂÂÂÂÂÂÂÄfÇ6RÄfÇ6P¥6öÇ–3s#sÂ$öÆ–v÷WF–FRG&ç7÷'FW"’•#CcC‚FWG&WF–FRG&ç7÷'FW"ÂõCö—7B"ÂÓã#cC““scƒƒs3ƒBÅG'VRÂÂÂÂÂÂÂÂÄfÇ6RÄfÇ6P¥6öÇ–3s#s3ÅF†–÷&VF÷†–âFöÖ–âÖ6öçF–æ–ær&÷FV–â’•##33RF†–÷&VF÷†–âföÆBÂÓã“S“#cSS3c#“ƒ’ÅG'VRÂÓã“c#C3##“3SSbÃRã“S#33sscsccvRÓ"ÃRã““cƒS“C““S&RÓÂÂÂÂÂÅG'VRÄfÇ6P¥6öÇ–3s#sCÅ&VwVÆF–öâöbçV6ÆV"&RÖÕ$äFöÖ–â6öçF–æ–ær"•#c“2&÷FV–âöbVæ¶æ÷vâgVæ7F–öâETcc‚ÂÓã3ƒssCc“S#3cRÅG'VRÂÂÂÃ"ãÃãƒs““3“SƒƒS##3ƒ"Ããƒs““3“SƒƒS##3ƒ"Ãã#CcC#C3bÅ6öÇ–3s#sCããõ3#µ6öÇ–3s#sCããõC#cBÄfÇ6RÅG'VP¥6öÇ–3s#scÂ%E$ä„wVæ–æRÔãÒ’ÖÖWF‡–ÇG&ç6fW&6RÖÖWF‡–ÇG&ç6fW&6RÂÖWF¦ö"ÂÓãcs3s“ƒCCSs3ƒrÅG'VRÂÂÂÂÂÂÂÂÄfÇ6RÄfÇ6P¥6öÇ–3s#ssÅ6—7FW"6‡&öÖF–B6ö†W6–öâ&÷FV–âE3R†öÖöÆör"•#c#B&ÖF–ÆÆò×G—RföÆBÂÓãCc#ƒSCCƒSC““S32ÅG'VRÂÂÂÂÂÂÂÂÄfÇ6RÄfÇ6P¥6öÇ–3s#sƒÄ3"FöÖ–â6öçF–æ–ær&÷FV–âÃãCSSsSSsSCcSBÅG'VRÂÂÂÂÂÂÂÂÄfÇ6RÄfÇ6P¥6öÇ–3s#s“Â%4T3BÖÆ–¶R&÷FV–â•##S6VÆÇVÆ"&WF–æÆFV‡–FRÖ&–æF–æu÷G&—ÆRgVæ7F–öâÂ2×FW&Ö–æÂ"ÂÓã3““S3SS3"ÅG'VRÂÓã3Css#“ssƒ3S#’Ãã3s3CsƒC“6RÓ2Ã"ãSCCs33ƒS#Sc3“fRÓ"Ã2ãÃãSCSC“ƒƒccCSƒ3bÃãSCSC“ƒƒccCSƒ3bÃã#c3“3ƒƒ“ƒ“sƒFRÓ’Å6öÇ–3s#s“ããõ3#Csµ6öÇ–3s#s“ããõ3#Csµ3#SÅG'VRÅG'VP¥6öÇ–3s#ƒ#Å&WÆ–6F–öâf7F÷"27V'Væ—B"•#3sC‚&WÆ–6F–öâf7F÷"2ÂÓãCScsCC#C“SSBÅG'VRÂÂÂÂÂÂÂÂÄfÇ6RÄfÇ6P¥6öÇ–3s#ƒCÄ%D%õõ¢FöÖ–âÖ6öçF–æ–ær&÷FV–â•#3ƒ’¶VÆ6‚&VÆFVBÃã“#ƒs“3CC#3csƒBÅG'VRÂÂÂÂÂÂÂÂÄfÇ6RÄfÇ6P¥6öÇ–3s#ƒsÄÇ—4ÒFöÖ–â6öçF–æ–ær&÷FV–â•##Cƒ"WF–FövÇ–6âÖ&–æF–ærÇ—6–â7V&w&÷WÂÓãscsc“SƒcSsCƒbÅG'VRÂÂÂÂÂÂÂÂÄfÇ6RÄfÇ6P¥6öÇ–3s#“Å6ÖÆÂvÇWFÖ–æR×&–6‚FWG&G&–6÷WF–FR&WVBÖ6öçF–æ–ær&÷FV–â•#““FWG&G&–6÷WF–FRÖÆ–¶R†VÆ–6ÂÃã#SƒCccC“ƒ#ƒccRÅG'VRÂÂÂÂÂÂÂÂÄfÇ6RÄfÇ6P¥6öÇ–3s#“Ä6F–öâG&ç7÷'B&VwVÆF÷"&÷FV–â•#cƒC6†2ÖÆ–¶R&÷FV–âÂÓãCS“SSSsSs3#BÅG'VRÂÂÂÂÂÂÂÂÄfÇ6RÄfÇ6P¥6öÇ–3s#“#ÄCDsƒ3&÷FV–â„g&vÖVçB’•#““‚†—7FöæR6†W&öæRFöÖ–â4…¢ÂÓãcƒS“C“#ƒSCc3“’ÅG'VRÂÓãcƒS“ƒsƒsƒC3c#ƒÃrãC#C“Csc#36RÓÃ2ã“3ss#ƒƒ“3ƒƒC–RÓ’ÃRãÃãsSs#cCsc3#"ÃãsSs#cCsc3#"Ã"ã“ccSSsSssƒc†RÓrÅ6öÇ–3s#“#ããõ3cSµ6öÇ–3s#“#ããõ3“µ6öÇ–3s#“#ããõ3##µ6öÇ–3s#“#ããõ3##µ6öÇ–3s#“#ããõ33cÅG'VRÅG'VP¥6öÇ–3s#“CÄvÇWF&VF÷†–â"•#ƒSSBvÇWF&VF÷†–â"ÂÓã““3ƒsƒ3ƒScSbÅG'VRÂÂÂÂÂÂÂÂÄfÇ6RÄfÇ6P¥6öÇ–3s#“sÄÖ–æö7–Æ6RÓ•#S’âÖ7–ÂÔÂÖÖ–æòÖ6–BÖ–Fö‡–G&öÆ6RÃã#sscCc#ƒCSc3sssBÅG'VRÂÂÂÂÂÂÂÂÄfÇ6RÄfÇ6P¥6öÇ–3s3ÅG&ç6ÖVÖ'&æRV×#BFöÖ–âÖ6öçF–æ–ær&÷FV–â•#3C‚V×#Eöw#TÅ÷#BÃãssCƒCCSƒC3BÅG'VRÃãs#cc“SƒCƒ“Ã‚ãƒƒƒs“VRÓ’Ã2ãC3CssƒSC#ƒVRÓ‚ÂÂÂÂÂÅG'VRÄfÇ6P¥6öÇ–3s33ÄW†÷&–&öçV6ÆV6R"•#“&–&öçV6ÆV6R”’æB"ÃãCccsC3cƒcCcS2ÅG'VRÂÂÂÂÂÂÂÂÄfÇ6RÄfÇ6P¥6öÇ–3s3ÅVæ¶æ÷vâ&÷FV–âÃã“scsSsCS#3s#cBÅG'VRÃã“sƒCcc#S“S“3cRÃ"ãƒSsSSC““C“CSsFRÓ’Ãã#c“#c#ƒƒ3C“sRÓ‚ÃãÃãc#3“S3ssƒ“#cRÃãc#3“S3ssƒ“#cRÃãCƒƒCS“SS3ƒ#RÂÅG'VRÅG'VP¥6öÇ–3s3ÄçF†ö7–æ–F–â7–çF†6R•#S#2÷†övÇWF&FRæB—&öâÖFWVæFVçB÷‡–vVæ6RÂÓã3cc“sS“S3c#ƒCCƒbÅG'VRÂÂÂÃ"ãÃã“ƒCƒ#3““SScrÃã“ƒCƒ#3““SScrÃ"ãƒ3“3c“cVRÓ‚Å6öÇ–3s3ããõ3’ÄfÇ6RÅG'VP¥6öÇ–3s3sÂ$Ö–æ÷G&ç6fW&6R•#Cƒ3’Ö–æ÷G&ç6fW&6RÂ6Æ72’æB”’"ÂÓã“s3ƒC“ScCsrÅG'VRÂÂÂÂÂÂÂÂÄfÇ6RÄfÇ6P¥6öÇ–3s3“Ä÷‡—7FW&öÂÖ&–æF–ær&÷FV–â•#cC‚÷‡—7FW&öÂÖ&–æF–ær&÷FV–âÃãƒs#“Csƒc3sSBÅG'VRÂÂÂÂÂÂÂÂÄfÇ6RÄfÇ6P¥6öÇ–3s3#Ä&–÷F–â&÷FV–âÆ–v6R•#CC‚&–÷F–âÒÖ6WG–ÂÔ6ôÖ6&&÷‡–Æ6RÆ–v6RÃãc#3cƒCS#c“Sc2ÅG'VRÂÂÂÂÂÂÂÂÄfÇ6RÄfÇ6P¥6öÇ–3s3#CÅ6W&–æU÷F‡&Vöæ–æR×&÷FV–â¶–æ6R3b•###“6W&–æU÷F‡&Vöæ–æR&÷FV–â¶–æ6RÂÓãs3#ƒƒ#SƒSSCSÅG'VRÂÓãs#ƒƒ3SSƒ3“sC‚ÃRã#C#scSS3#C&RÓ’Ã"ãS“3“s#3s3ƒS6RÓ‚ÂÂÂÂÂÅG'VRÄfÇ6P¥6öÇ–3s3#cÅ&ö†–&—F–â•#c2&ö†–&—F–âÃã#3sC#3S3ƒƒS“CrÅG'VRÂÂÂÂÂÂÂÂÄfÇ6RÄfÇ6P¥6öÇ–3s3#ƒÄ7—F÷Æ6Ö–2dÕ#–çFW&7F–ær&÷FV–â"•#ƒƒ7—F÷Æ6Ö–2dÕ#Ö–çFW&7F–ærÂÓãSc“Cƒ3““CC“ƒƒsrÅG'VRÂÂÂÂÂÂÂÂÄfÇ6RÄfÇ6P¥6öÇ–3s3#“Ä7—F÷Æ6Ö–2dÕ#–çFW&7F–ær&÷FV–â…&VF–7FVB’•#ƒƒ7—F÷Æ6Ö–2dÕ#Ö–çFW&7F–ærÂÓãCs#cSCs“Ccsƒƒ#cC2ÅG'VRÂÂÂÂÂÂÂÂÄfÇ6RÄfÇ6P¥6öÇ–3s33Â%F†VÖF–âÖÆ–¶R&÷FV–â#BÓ3SsB•#“3‚F†VÖF–âÂF†övVæW6—2×&VÆFVB"ÂÓãc“#3ccscCCƒcRÅG'VRÂÂÂÂÂÂÂÂÄfÇ6RÄfÇ6P¥6öÇ–3s33Â$W†–âG&ç7÷'FW"ÖÆ–¶R&÷FV–â2•#3SrÖ–æò6–BG&ç7÷'FW"ÂG&ç6ÖVÖ'&æR"ÂÓã#cƒScScS3‚ÅG'VRÂÓã##ƒ“S#S“cƒCrÃã“SC#“cCs#scƒVRÓÃãc3#C“ƒsƒƒ#RÓÃãÃã#c3csS3cCccƒrÂÓã#c3csS3cCccƒrÃ2ã3““Cscƒ“cCfRÓbÅ6öÇ–3s33ããõ3#bÅG'VRÅG'VP¥6öÇ–3s333Äc$S"ã‚ÃãSs#3“ƒCS“3Ss#’ÅG'VRÂÂÂÂÂÂÂÂÄfÇ6RÄfÇ6P¥6öÇ–3s33sÂ$S2V&—V—F–â×&÷FV–âÆ–v6R'&S•#ƒ“Sr¦–æ2f–ævW"Â34„3B$”är×G—R"Ãã““ƒcc#SSSƒƒ“““bÅG'VRÂÂÂÃ2ãÃãc3s#S#3s“ƒS3#RÃãc3s#S#3s“ƒS3#RÃ2ãSc“ƒ“SƒCC3vRÓ‚Å6öÇ–3s33sããõ3S#µ6öÇ–3s33sããõ3ssµ6öÇ–3s33sããõC3s’ÄfÇ6RÅG'VP¥6öÇ–3s3CÅ5t•õ4äb×&VÆFVBÖG&—‚Ö76ö6–FVB7F–âÖFWVæFVçB&VwVÆF÷"öb6‡&öÖF–â7V&fÖ–Ç’"ÖVÖ&W"•#c“3’4äcUõ4Ô$4#ô”ä“ÂÓã33“#ƒ3cCSScƒSÅG'VRÂÂÂÃãÃãcƒc“Scƒ#3cƒcs‚Ããcƒc“Scƒ#3cƒcs‚Ãã3#“ssc#sSCrÅ6öÇ–3s3Cããõ3SbÄfÇ6RÅG'VP¥6öÇ–3s3CCÄWV¶'–÷F–2G&ç6ÆF–öâ–æ—F–F–öâf7F÷"27V'Væ—BR•#SSRÖ÷c3EôÕåõBÓÂÓã##“s3ƒ3s3s3#3"ÅG'VRÂÂÂÂÂÂÂÂÄfÇ6RÄfÇ6P¥6öÇ–3s3CcÄFW†÷7†òÔ6ô¶–æ6R•#“srFW†÷7†òÔ6ô¶–æ6RÃã#C333csSC3scÅG'VRÂÂÂÂÂÂÂÂÄfÇ6RÄfÇ6P¥6öÇ–3s3S#Ä†—7FöæR6WG–ÇG&ç6fW&6R•##srÔõ¥õ42ÖÆ–¶R&÷FV–âÃãSscƒ3SSS3“#C"ÅG'VRÂÂÂÃ"ãÃãccC3“ƒCƒƒS““rÂÓãccC3“ƒCƒƒS““rÃRãcSs“c#scC&RÓrÅ6öÇ–3s3S#ããõ33sµ6öÇ–3s3S#ããõ3c2ÄfÇ6RÅG'VP¥6öÇ–3s3ƒÄæ—G&FR&VGV7F6R•##3ræ—G&FR&VGV7F6RäD‚FWVæFçBÂÓãCs#cC““Ssƒƒ“2ÅG'VRÂÂÂÃ2ãÃã“#“ƒS3“cS#ƒ#3"Ãã“#“ƒS3“cS#ƒ#3"ÃRãS3##sCƒS#3ƒ3–RÓrÅ6öÇ–3s3ƒããõ3ƒµ6öÇ–3s3ƒããõ33µ6öÇ–3s3ƒããõ3S#’ÄfÇ6RÅG'VP¥6öÇ–3s3ƒ#Å†÷7†F–G–Æ–æ÷6—FöÂÓB×†÷7†FRRÖ¶–æ6RfÖ–Ç’&÷FV–âÂÓãc##“sCƒ#ƒcƒsrÅG'VRÂÂÂÃãÃãcCC3CSscScSƒ“S‚ÃãcCC3CSscScSƒ“S‚ÃbãS“sSCSƒ#s““c&RÓRÅ6öÇ–3s3ƒ#ããõ3’ÄfÇ6RÅG'VP¥6öÇ–3s3ƒ3Â%†÷7†F–G–Æ–æ÷6—FöÂÓB×†÷7†FRRÖ¶–æ6RfÖ–Ç’&÷FV–â•#c3B†÷7†F–G–Æ–æ÷6—FöÂÓB×†÷7†FRRÖ¶–æ6RÂ6÷&RÂ7V&w&÷W"ÂÓã#sc3SSƒ“c#sƒCƒRÅG'VRÂÂÂÂÂÂÂÂÄfÇ6RÄfÇ6P¥6öÇ–3s3ƒCÄW†÷7F÷6–âÖÆ–¶RvÇ–6÷7–ÇG&ç6fW&6R•#C#c2W†÷7F÷6–âÖÆ–¶RÂÓãc3sc3c#Scs“SbÅG'VRÂÓãc3sƒƒ3ƒSSSs3BÃ2ã“CCSƒ33#S“ƒs–RÓÃ"ã##scS#“sC3336RÓ’ÂÂÂÂÂÅG'VRÄfÇ6P¥6öÇ–3sc““Â%&V6WF÷"×G—RG—&÷6–æR×&÷FV–â†÷7†F6R2•##C"&÷FV–â×G—&÷6–æR†÷7†F6RÂ&V6WF÷%öæöâ×&V6WF÷"G—R"ÃãCcc#CSƒccsC““ÅG'VRÂÂÂÂÂÂÂÂÄfÇ6RÄfÇ6P¥6öÇ–3ssÄ÷3sƒs3“&÷FV–â„g&vÖVçB’•#ss&÷FV–âöbVæ¶æ÷vâgVæ7F–öâETccc‚ÂÓãSSƒScCƒ3Sscsƒ’ÅG'VRÂÂÂÃrãÃãs“Css3c3ƒssƒƒBÃãs“Css3c3ƒssƒƒBÃbãssCSƒSc“c3&RÓ’Å6öÇ–3ssããõ3S#“µ3S33µ6öÇ–3ssããõ3S#“µ3S33µ3S3sµ6öÇ–3ssããõ3S33µ3S3sµ6öÇ–3ssããõ3Sƒµ6öÇ–3ssããõ3S“sµ6öÇ–3ssããõ3S““µ6öÇ–3ssããõ3“µ3“BÄfÇ6RÅG'VP¥6öÇ–3ssÂ%7V7&÷6RG&ç7÷'FW"•#S“ƒ’7V7&÷6Uô‚²7–×÷'FW"ÂÆçB"ÂÓãCc#cSs#“CsC3c’ÅG'VRÂÂÂÂÂÂÂÂÄfÇ6RÄfÇ6P¥6öÇ–3ssCÂ%6VçG&–â7V6–f–2&÷FV6R"•#3cS2WF–F6R3C‚Â5TÔõõ6VçG&–åõV&Ã"ÂÓã#SSƒC“SccSs“3BÅG'VRÂÂÂÂÂÂÂÂÄfÇ6RÄfÇ6P¥6öÇ–3sssÂ$WV¶'–÷F–2G&ç6ÆF–öâ–æ—F–F–öâf7F÷"27V'Væ—B"•##Cs"r×&÷FV–â&WFtBÓC&WVBÂ&Vv–öâ"Ãã##3C#ƒSCC3BÅG'VRÂÂÂÂÂÂÂÂÄfÇ6RÄfÇ6P¥6öÇ–3sssÂ$6Æ6—VÒG&ç7÷'F–ærE6R•#cS3’E6RÂ×G—RÂ†÷7†öÆ—–B×G&ç6Æö6F–ærÂfÆ—6R"ÂÓã3###SScS3sc“ƒRÅG'VRÂÂÂÂÂÂÂÂÄfÇ6RÄfÇ6P¥6öÇ–3ss#ÅE"&WVB•#““FWG&G&–6÷WF–FRÖÆ–¶R†VÆ–6ÂÂÓãCC33sƒ3S3#s’ÅG'VRÂÂÂÂÂÂÂÂÄfÇ6RÄfÇ6P¥6öÇ–3ss#CÂ$6†÷&—6ÖFR×WF6R"•#ƒ#3‚6†÷&—6ÖFR×WF6RöbF†R&õ6Æ72ÂWV¶'–÷F–2G—R"ÂÓãss“3Cƒ“ƒSCCs#ÅG'VRÂÂÂÂÂÂÂÂÄfÇ6RÄfÇ6P¥6öÇ–3ss#SÂ$F–‡–G&öÆ—÷–ÆÇ—6–æR×&W6–GVR6WG–ÇG&ç6fW&6R6ö×öæVçBöb—'WfFRFV‡–G&övVæ6R6ö×ÆW‚•#s‚"Ö÷†ö6–BFV‡–G&övVæ6R7–ÇG&ç6fW&6RÂ6FÇ—F–2FöÖ–â"ÂÓãƒCsCCcƒ““c3c#RÅG'VRÂÂÂÂÂÂÂÂÄfÇ6RÄfÇ6P¥6öÇ–3ss#sÂ%&V6WF÷"Æ–¶R¶–æ6RÂ$Ä²"ÂÓãƒc#ƒ3sSc3#“3bÅG'VRÂÂÂÂÂÂÂÂÄfÇ6RÄfÇ6P¥6öÇ–3ss3Ä4õ’6–væÆ÷6öÖR6ö×ÆW‚7V'Væ—BV"•#SSRÖ÷c3EôÕåõBÓÂÓãCƒ#CcssS““3c2ÅG'VRÂÂÂÂÂÂÂÂÄfÇ6RÄfÇ6P¥6öÇ–3ssC3Ä†öÖöÆöw’FòVæ¶æ÷vâvVæR•#3c“Ö—Fö6†öG&–ÂG&ç67&—F–öâFW&Ö–æF–öâf7F÷"×&VÆFVBÂÓãƒs3SSsƒScscƒ‚ÅG'VRÂÓãƒsƒƒƒ#ƒ3cCc#’Ã2ãƒ“3s“c“sSRÓ’Ããcc3“ƒSƒS3S33–RÓ‚ÂÂÂÂÂÅG'VRÄfÇ6P¥6öÇ–3ssCCÅ6æ¶–âÓ"•#3ƒSBv–&&W&VÆÆ–â&VwVÆFVB&÷FV–âÂÓã#Sc3“ƒs#sc33S3cRÅG'VRÂÂÂÂÂÂÂÂÄfÇ6RÄfÇ6P¥6öÇ–3ssCcÄ3"FöÖ–âÖ6öçF–æ–ær&÷FV–â•#“ƒ’&ÖF–ÆÆòÖÆ–¶R†VÆ–6ÂÂÓãƒcC#S#ƒƒ#ƒC“bÅG'VRÂÂÂÂÂÂÂÂÄfÇ6RÄfÇ6P¥6öÇ–3ssCsÄä2FöÖ–â&÷FV–â•#3CC&÷FV–âÃãSCsS#s##“#S32ÅG'VRÂÂÂÂÂÂÂÂÄfÇ6RÄfÇ6P¥6öÇ–3sƒC“Â$&WFÖvÆ7F÷6–F6R•#“CBvÇ–6÷6–FR‡–G&öÆ6RÂfÖ–Ç’3R"ÂÓãC““S“CS3ƒcS#cSbÅG'VRÂÂÂÂÂÂÂÂÄfÇ6RÄfÇ6P¥6öÇ–3sƒSÂ$&WFÖvÆ7F÷6–F6R•#“CBvÇ–6÷6–FR‡–G&öÆ6RÂfÖ–Ç’3R"ÂÓãCcSƒSSƒƒCC#ƒSS‚ÅG'VRÂÂÂÂÂÂÂÂÄfÇ6RÄfÇ6P¥6öÇ–3sƒSSÅF‡–Æ¶ö–BÖ&÷VæB66÷&&FRW&÷†–F6RbÂÓãsS##S33ƒ3sRÅG'VRÂÂÂÂÂÂÂÂÄfÇ6RÄfÇ6P¥6öÇ–3sƒScÂ#S2&–&÷6öÖÂ&÷FV–âÃ#R•#3R&–&÷6öÖÂ&÷FV–âÃ#UôvÆâ×E$ä7–çF†WF6RÂçF’Ö6öFöâÖ&–æF–ærFöÖ–â"ÂÓã#cS3Sƒ#ƒSScÅG'VRÂÂÂÂÂÂÂÂÄfÇ6RÄfÇ6P¥6öÇ–3sƒSƒÄÆöærÖ6†–âÖfGG’Ö6–BÒÔ6ôÆ–v6RB•#ƒs2ÕÖFWVæFVçB7–çF†WF6RæBÆ–v6RÃã3“CSS3Ss“SScƒ“BÅG'VRÂÂÂÂÂÂÂÂÄfÇ6RÄfÇ6P¥6öÇ–3sƒcÄ6Æ6—VÒÖFWVæFVçB&÷FV–â¶–æ6RB•###“6W&–æU÷F‡&Vöæ–æR&÷FV–â¶–æ6RÂÓã3cs#3#S“S#SC"ÅG'VRÂÓã3cs3ƒcc#3s2Ããc“#CC3ƒsC#vRÓBÃBãƒƒSSsc“cSƒ3#vRÓ2Ã"ãÃãS3““#“3ƒS“cƒRÃãS3““#“3ƒS“cƒRÃBãsS3s3s#““s3†RÓRÅ6öÇ–3sƒcããõCCƒ’ÅG'VRÅG'VP¥6öÇ–3sƒssÄ44ÖFF–ærVç§–ÖR•##cCböÇ–çV6ÆV÷F–FRFVç–Ç–ÇG&ç6fW&6R&Vv–öâÃã##CSCcC#“ƒ#2ÅG'VRÂÂÂÂÂÂÂÂÄfÇ6RÄfÇ6P¥6öÇ–3s““ÅV7F–æW7FW&6R•#cSV7F–æW7FW&6R–æ†–&—F÷"ÂÓãssC3CSCCC#cSCrÅG'VRÂÓãss“#SS“cƒscS##bÃ2ãC33ƒcS#S##&RÓrÃ‚ãSS“ƒs“cc&RÓrÂÂÂÂÂÅG'VRÄfÇ6P¥6öÇ–3s““#Å&÷FV–âF—7VÆf–FR—6öÖW&6R•#3scbF†–÷&VF÷†–âFöÖ–âÃãCcs#ƒ3ƒ“s3S2ÅG'VRÂÂÂÂÂÂÂÂÄfÇ6RÄfÇ6P¥6öÇ–3s““SÂ#‚ÖÖ–æòÓrÖ÷†öæöææöFR7–çF†6R•#Cƒ3’Ö–æ÷G&ç6fW&6RÂ6Æ72’æB”’"ÂÓã“#C3sC##sCbÅG'VRÂÂÂÂÂÂÂÂÄfÇ6RÄfÇ6P¥6öÇ–3s““cÅ&WG&öw&FRvöÆv’G&ç7÷'B&÷FV–â$u†öÖöÆör•#CsSb–Ö×VæövÆö'VÆ–âR×6WBÂÓã3CSCCC33ss3rÅG'VRÂÂÂÃ2ãÃãsSC#SƒC#CS“S3sÂÓãsSC#SƒC#CS“S3sÃrãC“CS3“s“36RÓrÅ6öÇ–3s““cããõ33RÄfÇ6RÅG'VP¥6öÇ–3s#CÄ6†W&öæRFæ²•##s#R6†W&öæRFæ²Ãã“ƒSCC#ƒ#c#S#srÅG'VRÃã“ƒC““3““cSCSc“RÃãcSƒ33“C#SsCcRÓbÃãCƒC“3“ccCss†RÓBÃBãÃãSs3c#S##“s##S’ÂÓãSs3c#S##“s##S’ÃãssCc3“c#“3““RÓÅ6öÇ–3s#Cããõ33scµ6öÇ–3s#Cããõ3c#Sµ6öÇ–3s#Cããõ3cƒ“µ6öÇ–3s#CããõC3CrÅG'VRÅG'VP¥6öÇ–3s#cÂ$vÇ–÷‡–ÆFR&VGV7F6Uö‡–G&÷‡——'WfFR&VGV7F6R•#cCBÖ—6öÖW"7V6–f–2"Ö‡–G&÷‡–6–BFV‡–G&övVæ6RÂäBÖ&–æF–ær"Ããƒ3SCƒ3ƒ3“c3“sC‚ÅG'VRÃãƒ3Sƒ“3c““sƒ#“cRÃãs#3“#C3Ccƒ“&RÓÃãccSS#scsSSSfRÓÂÂÂÂÂÅG'VRÄfÇ6P¥6öÇ–3s#cÄvVæöÖ–2Dä6‡&öÖ÷6öÖRR6ÆöæRÔ¤£2ÂÓãC3Sƒc#cc3SCsBÅG'VRÂÂÂÂÂÂÂÂÄfÇ6RÄfÇ6P¥6öÇ–3s#3ÅG&ç6Æö6öâF–3C•#cc3b†VB6†ö6²6†W&öæ–âÖ&–æF–ærÃãCƒcssƒCS#“#csRÅG'VRÂÂÂÂÂÂÂÂÄfÇ6RÄfÇ6P¥6öÇ–3s#33Æ6Æ72•b†VB6†ö6²&÷FV–â•##c‚†VB6†ö6²&÷FV–â‡7#Ã"ã3cssCsSS3BÅG'VRÃ"ãCƒ3sSS#3#ƒBÃ"ã#3c3C““sCƒƒvRÓBÃbã#ƒƒƒ#CS3cFRÓ2ÂÂÂÂÂÅG'VRÄfÇ6P¥6öÇ–3s#cÄæWWG&Â–çfW'F6RÆ–¶R&÷FV–â•#c“3rÆçBæWWG&Â–çfW'F6RÂÓãcC33ƒ“c3CbÅG'VRÂÓãcC#3sƒ3Cƒ3#BÃ‚ã#Cs3S33CcsvRÓÃRãccCscC#ƒ#s3FRÓÃ"ãÃã#“#ƒ#SsCcbÃã#“#ƒ#SsCcbÃ2ãƒ“SC“#cS#sC&RÓ‚Å6öÇ–3s#cããõCSSµ3S‚ÅG'VRÅG'VP¥6öÇ–3s#csÂ%D5fÖ–Ç’G&ç67&—F–öâf7F÷"•#S332G&ç67&—F–öâf7F÷"ÂD5"ÂÓã3ssC#Sƒ#sSC“RÅG'VRÂÂÂÃRãÃãƒc“ƒ3s#ccs3sÃãƒc“ƒ3s#ccs3sÃ2ãƒ3##Cs“3vRÓbÅ6öÇ–3s#csããõ33c#µ33cCµ6öÇ–3s#csããõ33cCµ6öÇ–3s#csããõ33sBÄfÇ6RÅG'VP¥6öÇ–3s#sƒÄFV÷‡–wVæ÷6–æR¶–æ6R2•##c#BFV÷‡–çV6ÆV÷6–FR¶–æ6RÃãs3cƒ“Sƒ#3ƒC3SrÅG'VRÃãs3s3SC##3S3CrÃãƒ“##3#s#SC–RÓÃrãs3##S#Cƒ#“ƒfRÓÂÂÂÂÂÅG'VRÄfÇ6P¥6öÇ–3s#ƒÅ&–&÷6öÖÂ$äÆ&vR7V'Væ—BÖWF‡–ÇG&ç6fW&6R¢fÖ–Ç’&÷FV–â•#SSr&–&÷6öÖÂ$äÖWF‡–ÇG&ç6fW&6R¢ÂÓãS33““ssccs3‚ÅG'VRÂÂÂÂÂÂÂÂÄfÇ6RÄfÇ6P¥6öÇ–3s#ƒsÄÕ”s&÷FV–â•#3##bÖWFÂÖFWVæFVçB&÷FV–â‡–G&öÆ6RÃãC3scS3scSsƒƒ2ÅG'VRÂÂÂÃãÃãs#3ƒsScƒƒRÃãs#3ƒsScƒƒRÃrã#SsSs3“3vRÓbÅ6öÇ–3s#ƒsããõ33RÄfÇ6RÅG'VP¥6öÇ–3s#“cÂ%&÷FV–æ6R–æ†–&—F÷"”’•#3CcR&÷FV–æ6R–æ†–&—F÷"“#Â–ã""Ãã“cCS3sƒScsƒCS“rÅG'VRÂÂÂÂÂÂÂÂÄfÇ6RÄfÇ6P¥6öÇ–3s#3Â#32&–&÷6öÖÂ&÷FV–â3r6†Æ÷&÷Æ7F–2•#Ssr&–&÷6öÖÂ&÷FV–â3rÂ&7FW&–Â×G—R"ÂÓãS#3cC“sSccS‚ÅG'VRÂÂÂÂÂÂÂÂÄfÇ6RÄfÇ6P¥6öÇ–3s##ÅVæ¶æ÷vâ&÷FV–â•##csr&–&÷6öÖÂ&÷FV–âÃ3'ÂÓãƒ3cScscCcSSSCRÅG'VRÂÓãƒ3s#“ƒC““cCƒRÃãcS3Cƒ#S#3S†RÓrÃ2ãCScSCCƒ3SFRÓrÂÂÂÂÂÅG'VRÄfÇ6P¥6öÇ–3s##cÄ‡—÷F†WF–6Â6†Æ÷&÷Æ7B$cÃã“#ƒS##Sc3ssƒS"ÅG'VRÂÂÂÂÂÂÂÂÄfÇ6RÄfÇ6P¥6öÇ–3s##“Å–6c„g&vÖVçB’•#ƒƒ“b–6cÂÓãC3S##c#“#c##“BÅG'VRÂÂÂÂÂÂÂÂÄfÇ6RÄfÇ6P¥6öÇ–3s#3Ä‡—÷F†WF–6Â6†Æ÷&÷Æ7B$c•#ƒƒ“b–6cÃãCs3“ƒ3#ƒ#s“bÅG'VRÂÂÂÂÂÂÂÂÄfÇ6RÄfÇ6P¥6öÇ–3s#3Ä‡—÷F†WF–6Â6†Æ÷&÷Æ7B$c•#ƒƒ“b–6cÂÓãcsssC“#CƒCscBÅG'VRÂÂÂÂÂÂÂÂÄfÇ6RÄfÇ6P¥6öÇ–3s##3ƒÂ%†÷7†F–G–Æ–æ÷6—FöÂ†÷7†F6R•##27–æFö¦æ–âÂâ×FW&Ö–æÂ"ÂÓãSSSC“ƒs“cƒƒ‚ÅG'VRÂÂÂÃãÃãCs#sSSsScCrÃãCs#sSSsScCrÃ‚ãsSƒCƒ#33“s†RÓbÅ6öÇ–3s##3ƒããõ3Cc‚ÄfÇ6RÅG'VP¥6öÇ–3s##3“Â"„F–ÖWF‡–ÆÆÇ–Â–FVæ÷6–æRE$äÖWF‡–ÇF†–÷G&ç6fW&6RÖ–"•#cCcbÖ–"ÖÆ–¶RE$äÖöF–g––ærVç§–ÖRÂ&6†VÂ×G—R"Ãã3“c“ScCƒCsSS2ÅG'VRÂÂÂÂÂÂÂÂÄfÇ6RÄfÇ6P¥6öÇ–3s##CÂ%†÷7†÷&–&÷7–ÆçF‡&æ–ÆFRG&ç6fW&6R„g&vÖVçB’•#3Sƒ2†÷7†÷&–&÷7–ÇG&ç6fW&6R2×FW&Ö–æÂÂÆçB"Ãã“CSƒsƒs“3c3SCcrÅG'VRÂÂÂÃãÃ"ãS#S“SƒscS"Ã"ãS#S“SƒscS"Ãã#s““c#“““SƒƒVRÓÅ6öÇ–3s##Cããõ3“32ÄfÇ6RÅG'VP¥6öÇ–3s##CcÅ†÷7†÷&–&÷7–ÆçF‡&æ–ÆFRG&ç6fW&6RÆ–¶R&÷FV–â•#ƒ#’3"ÖVÖ'&æRF&vWF–ær&÷FV–âÃãsƒcsSsc#ƒƒ2ÅG'VRÂÂÂÂÂÂÂÂÄfÇ6RÄfÇ6P¥6öÇ–3s##CsÂ$Õ”"Ô42G—RG&ç6f7F÷"•#cCCr×–"ÖÆ–¶RDäÖ&–æF–ær&Vv–öâÂ4„µ”b6Æ72"ÂÓã#Sss3C““SS“ƒ"ÅG'VRÂÂÂÃ"ãÃãc3ƒ“C#ƒc#Cscs#rÂÓãc3ƒ“C#ƒc#Cscs#rÃ‚ãSsƒ#““SSScC&RÓrÅ6öÇ–3s##Csããõ3#3ÄfÇ6RÅG'VP¥6öÇ–3s##SCÅG&ç6ÖVÖ'&æR’7WW&fÖ–Ç’&÷FV–âÖVÖ&W"2ÃãSs#csssSCC3BÅG'VRÂÂÂÂÂÂÂÂÄfÇ6RÄfÇ6P¥6öÇ–3s##S“Â$·Væ—G¢G'—6–â–æ†–&—F÷"B„g&vÖVçB’•##c&÷FV–æ6R–æ†–&—F÷"“2Â·Væ—G¢ÆVwVÖR"ÂÓ"ãSCS“Cs##“c#c’ÅG'VRÂÓ"ãCcƒcƒƒ“S““ƒs#ÃãS#C“sC“3“S““fRÓÃ’ãc#s#ƒ##ƒ“vRÓÂÂÂÂÂÅG'VRÄfÇ6P¥6öÇ–3s#sƒÅ$”ärf–ævW"&÷FV–âs•#cS"&÷FV–âöbVæ¶æ÷vâgVæ7F–öâETc#3"Ãã3#3Sc“ƒ3s3ccƒrÅG'VRÂÂÂÂÂÂÂÂÄfÇ6RÄfÇ6P¥6öÇ–3s#sƒ3Â%Væ¶æ÷vâ&÷FV–â•#3WF–F6R3bÂÆöââ×FW&Ö–æÂ"ÂÓãsCc3#3csssƒƒScSrÅG'VRÂÓãsCSSS#“3sC#S“ƒÃãS33CC3#s“cC&RÓrÃBãCScƒ“C“3333RÓrÂÂÂÂÂÅG'VRÄfÇ6P¥6öÇ–3s#sƒsÅVæ¶æ÷vâ&÷FV–â•#sS"&÷FV–âöbVæ¶æ÷vâgVæ7F–öâETcSC2ÂÓã##csƒ“sCƒS“CƒSrÅG'VRÂÂÂÂÂÂÂÂÄfÇ6RÄfÇ6P¥6öÇ–3s#sƒƒÂ%†÷7†F–G–Æ–æ÷6—FöÂG&ç6fW"&÷FV–â4dƒR•##S6VÆÇVÆ"&WF–æÆFV‡–FRÖ&–æF–æu÷G&—ÆRgVæ7F–öâÂ2×FW&Ö–æÂ"ÂÓãSSƒ3ƒ#333c“ƒ‚ÅG'VRÂÓãS#C#“33“3“c3rÃBã“#“sS3“3#C–RÓBÃã3sC““c““SvRÓ"Ã2ãÃãscs“3sc3c#rÃãscs“3sc3c#rÃãSs#3S#“3sScRÓrÅ6öÇ–3s#sƒƒããõ3sCµ6öÇ–3s#sƒƒããõ3ƒ‚ÅG'VRÅG'VP¥6öÇ–3s#ƒÂ$VÆöævF–öâf7F÷"ÖvÖÖ•#cc"G&ç6ÆF–öâVÆöævF–öâf7F÷"Tc"ÂvÖÖ6†–âÂ6öç6W'fVB"ÂÓã#cƒcC3#cC33ƒS#BÅG'VRÂÂÂÃãÃãcCSC3sƒC“3S“"ÃãcCSC3sƒC“3S“"ÃãcCSSƒcSSS“SƒfRÓbÅ6öÇ–3s#ƒããõ3#C"ÄfÇ6RÅG'VP¥6öÇ–3s33“ÄÔE2&÷‚–çFW&7F÷"ÖÆ–¶RÂÓã#ƒcƒC““CC#csC#3RÅG'VRÂÂÂÂÂÂÂÂÄfÇ6RÄfÇ6P¥6öÇ–3s3cÄDä„7—F÷6–æRÓR’ÖÖWF‡–ÇG&ç6fW&6RÖÖWF‡–ÇG&ç6fW&6RÂÓãcƒ3sc““ƒS’ÅG'VRÂÓãc#““sCs“s#cS‚Ã"ãsC33#3#Sƒc#CVRÓ’Ãã##C#ƒ“cƒSSsVRÓ‚ÂÂÂÂÂÅG'VRÄfÇ6P¥6öÇ–3s3sÄ†öÖöÆöw’FòVæ¶æ÷vâvVæR•#3ssB&÷FV–âöbVæ¶æ÷vâgVæ7F–öâETcs’ÃãS#s3Sc3SCc“ƒƒbÅG'VRÂÂÂÂÂÂÂÂÄfÇ6RÄfÇ6P¥6öÇ–3s3s#Â$Æ6ö†öÂFV‡–G&övVæ6R¦–æ2Ö6öçF–æ–ær•##ƒRÆ6ö†öÂFV‡–G&övVæ6R7WW&fÖ–Ç’Â¦–æ2Ö6öçF–æ–ær"ÂÓãS3SsC3SsSS3#Sƒ’ÅG'VRÂÂÂÂÂÂÂÂÄfÇ6RÄfÇ6P¥6öÇ–3s3##ÄÆ—6R•#cc“2"Ö‡–G&öÆ6R76ö6–FVBÆ—6R&Vv–öâÃã3S3CSSCss3RÅG'VRÂÂÂÂÂÂÂÂÄfÇ6RÄfÇ6P¥6öÇ–3s33#cÅ6WVF÷W&–F–æRÓUö÷2×†÷7†FRvÇ–6÷6–F6R•#s3C"–æF–vö–F–æR7–çF†6RÆ–¶R&÷FV–âÂÓã#s3c#cCƒc“Ss‚ÅG'VRÂÂÂÂÂÂÂÂÄfÇ6RÄfÇ6P¥6öÇ–3s33#sÅ6W&–æU÷F‡&Vöæ–æR×&÷FV–â¶–æ6R2•###“6W&–æU÷F‡&Vöæ–æR&÷FV–â¶–æ6RÂÓãSCSCƒ#cSc3“RÅG'VRÂÂÂÃ2ãÃãƒs33S“c#ƒƒ3crÂÓãƒs33S“c#ƒƒ3crÃãS3C“3##c3SƒfRÓ’Å6öÇ–3s33#sããõ3ƒƒCµ6öÇ–3s33#sããõ3“ÄfÇ6RÅG'VP¥6öÇ–3s33#ƒÂ$EÖFWVæFVçB$ä†VÆ–66RdÃ•#SCRDäõ$ä†VÆ–66RÂDTEôDT‚&÷‚G—RÂâ×FW&Ö–æÂ"ÂÓã#s“3“cC#Ccs‚ÅG'VRÂÂÂÂÂÂÂÂÄfÇ6RÄfÇ6P¥6öÇ–3s3“cSÂ$G–æÖ–âÓ$•#CG–æÖ–âÂuE6R&Vv–öâ"ÂÓã#Scc“““#Cƒ“3#bÅG'VRÂÂÂÃ"ãÃãss“3“ƒƒCCScS3BÃãss“3“ƒƒCCScS3BÃ’ãCcsCSCƒ33S–RÓ‚Å6öÇ–3s3“cSããõ3s#µ6öÇ–3s3“cSããõ3ƒBÄfÇ6RÅG'VP¥6öÇ–3s3“ƒ3Â$vÇ–7–Â×E$ä7–çF†WF6R•##3RvÇ–7–Â×E$ä7–çF†WF6RÂÇ†"F–ÖW""ÂÓãCs#““SCssCSS“sbÅG'VRÂÂÂÃãÃãS“#3Css3““ƒsBÃãS“#3Css3““ƒsBÃãs#ScCss3s“2Å6öÇ–3s3“ƒ3ããõ3C"ÄfÇ6RÅG'VP¥6öÇ–3s3“ƒCÂ%V&—V–æöÂÖ7—Fö6‡&öÖR2&VGV7F6R—&öâ×7VÆgW"7V'Væ—B•#SƒR&–W6¶R—&öâ×7VÇ‡W"&÷FV–âÂ2×FW&Ö–æÂ"ÂÓã#SƒC3S“SS3SSbÅG'VRÂÂÂÂÂÂÂÂÄfÇ6RÄfÇ6P¥6öÇ–3s3“ƒsÅVæ¶æ÷vâ&÷FV–âÂÓã#““S33“##“S“RÅG'VRÂÂÂÂÂÂÂÂÄfÇ6RÄfÇ6P¥6öÇ–3s3“ƒƒÄçV6ÆV÷÷&–âåUƒ‚†öÖöÆörÂÓã#ƒc3ƒcsƒs3s#rÅG'VRÂÂÂÂÂÂÂÂÄfÇ6RÄfÇ6P¥6öÇ–3s3““Â$Ö—Fö6†öæG&–Â–×÷'B–ææW"ÖVÖ'&æRG&ç6Æö66R7V'Væ—BF–Ór•#33“rÖ—Fö6†öæG&–Â–ææW"ÖVÖ'&æRG&ç6Æö66R6ö×ÆW‚Â7V'Væ—BF–Óuó#""ÃãSƒCs“3#cS3#3“‚ÅG'VRÂÂÂÂÂÂÂÂÄfÇ6RÄfÇ6P¥6öÇ–3s3““SÂ%7Æ–6–ærf7F÷"4"7V'Væ—BB•#SB$ä&V6övæ—F–öâÖ÷F–bÂ$åÓ"ÂÓãc##ƒƒCCss#Ss3‚ÅG'VRÂÂÂÃãÃãsSCsSc#Cs3C#CRÃãsSCsSc#Cs3C#CRÃãsc3c“cCcƒccc–RÓbÅ6öÇ–3s3““Sããõ3BÄfÇ6RÅG'VP¥6öÇ–3s3““cÄÇ—4ÒFöÖ–â6öçF–æ–ær&÷FV–âW‡&W76VB•##Cƒ"WF–FövÇ–6âÖ&–æF–ærÇ—6–â7V&w&÷WÂÓãSSƒsSCƒcƒs3BÅG'VRÂÂÂÃ2ãÃãsC#SsScƒccsRÃãsC#SsScƒccsRÃrãSC“ƒs#3cCs6RÓRÅ6öÇ–3s3““cããõ3bÄfÇ6RÅG'VP¥6öÇ–3s3““ƒÂ$E7–çF†6R7V'Væ—BÇ†•#ƒ‚E6RÂcô6ö×ÆW‚ÂÇ†ö&WF7V'Væ—BÂâ×FW&Ö–æÂ"ÂÓãSs“S#ScsSss’ÅG'VRÂÂÂÃãÃãS“CƒCs“sƒƒsc2ÃãS“CƒCs“sƒƒsc2Ãã#cC““s“#SScFRÓRÅ6öÇ–3s3““ƒããõ3#BÄfÇ6RÅG'VP¥6öÇ–3sCSÂ%$ä&–æF–ær&÷FV–â•##csrçV6ÆV÷F–FRÖ&–æF–ærÂÇ†Ö&WFÆ—B"Ãã#S3cSScs33““"ÅG'VRÂÂÂÃãÃãsccSC“33cRÃãsccSC“33cRÃã##SC“3S“CbÅ6öÇ–3sCSããõ33CÄfÇ6RÅG'VP¥6öÇ–3sCÅ6å$³Ö–çFW&7F–ær&÷FV–âÃã#“Csc“c“SC3ƒCrÅG'VRÂÂÂÂÂÂÂÂÄfÇ6RÄfÇ6P¥6öÇ–3sC#ÄDä&WÆ–6F–öâÆ–6Vç6–ærf7F÷"•#ƒCRÔ4Ò&÷FV–â"ÂÓãƒSƒ#C3“c#““’ÅG'VRÂÂÂÂÂÂÂÂÄfÇ6RÄfÇ6P¥6öÇ–3sC3Å4ä$R76ö6–FVBvöÆv’&÷FV–â•#SCB4ä$R76ö6–FVBvöÆv’&÷FV–âÃã#Cccs#Css#S“ƒC‚ÅG'VRÂÂÂÂÂÂÂÂÄfÇ6RÄfÇ6P¥6öÇ–3sC#ƒÂ%4T3BÖÆ–¶R&÷FV–â•##S6VÆÇVÆ"&WF–æÆFV‡–FRÖ&–æF–æu÷G&—ÆRgVæ7F–öâÂ2×FW&Ö–æÂ"ÂÓãCS“Ssƒcss3ƒBÅG'VRÂÂÂÂÂÂÂÂÄfÇ6RÄfÇ6P¥6öÇ–3sC33Â$VæFòÓBÖ&WF×‡–Ææ6R•#3sƒvÇ–6÷6–FR‡–G&öÆ6RÂ7V&w&÷WÂ6FÇ—F–26÷&R"ÂÓãCƒ“SƒCC#sCƒ#Cƒ‚ÅG'VRÂÂÂÂÂÂÂÂÄfÇ6RÄfÇ6P¥6öÇ–3sC3CÂ$VæFövÇV6æ6R•#ƒ“#‚6—‚Ö†—'–âvÇ–6÷6–F6RÖÆ–¶R•##3C6—‚Ö†—'–âvÇ–6÷6–F6R•#ƒ##vÇ–6÷6–FR‡–G&öÆ6RÂfÖ–Ç’’Â7F—fR6—FR•#svÇ–6÷6–FR‡–G&öÆ6RÂfÖ–Ç’’"ÂÓãSƒ#ƒ#cssS3#2ÅG'VRÂÂÂÂÂÂÂÂÄfÇ6RÄfÇ6P¥6öÇ–3sC3sÂ$f"W7G&VÒVÆVÖVçBÖ&–æF–ær&÷FV–â2•#ƒ²†öÖöÆöw’ÂG—RÂ7V&w&÷W"ÂÓã#sC3#ss“3ƒ“rÅG'VRÂÂÂÃ2ãÃãsCssC“3SCc3#bÃãsCssC“3SCc3#bÃãcƒ“ss“cSSfRÓrÅ6öÇ–3sC3sããõ3#µ6öÇ–3sC3sããõ3ƒsµ6öÇ–3sC3sããõ3C#’ÄfÇ6RÅG'VP¥6öÇ–3sC3ƒÂ$7'Fö¶–æ6RÖ†öÖ÷6W&–æRFV‡–G&övVæ6R•#3C"†öÖ÷6W&–æRFV‡–G&övVæ6RÂ6FÇ—F–2"ÃãccSsC“cs#S“#s’ÅG'VRÃãccc3csC3Sc#s3rÃRãC“#“ƒ#FRÓ’Ã"ãƒƒsSCsss#3c6RÓ‚ÂÂÂÂÂÅG'VRÄfÇ6P¥6öÇ–3sC3“Ä7'Fö¶–æ6RÖ†öÖ÷6W&–æRFV‡–G&övVæ6R•#Cr&–gVæ7F–öæÂ7'Fö¶–æ6Uö†öÖ÷6W&–æRFV‡–G&övVæ6R’Ããc3s#““cƒ#ƒRÅG'VRÃãc3s3“Csƒ#3“#RÃbãCS3“cƒsCRÓÃBã3#3ƒ3scC“#RÓÂÂÂÂÂÅG'VRÄfÇ6P¥6öÇ–3sC#C3Â%&÷FV–â†÷7†F6RÖWF‡–ÆW7FW&6R•#cƒ"&÷FV–â†÷7†F6RÖWF‡–ÆW7FW&6RÂWV¶'–÷F–2"ÂÓãƒ3C#“3“S“sssÅG'VRÂÂÂÂÂÂÂÂÄfÇ6RÄfÇ6P¥6öÇ–3sC#CsÂ%GV'VÆ–â×7V6–f–26†W&öæRR•#“3‚7—F÷6¶VÆWFöâÖ76ö6–FVB&÷FV–âÂ4ÔvÇ’"ÂÓãS#“3s#c“SƒsSbÅG'VRÂÂÂÂÂÂÂÂÄfÇ6RÄfÇ6P¥6öÇ–3sC#cÂ%&–&÷6öÖÂ&÷FV–â3R•#Ssb&–&÷6öÖÂ&÷FV–â3rÂWV¶'–÷F–5ö&6†VÂ"ÂÓã#3SccC“C3ssCbÅG'VRÂÂÂÂÂÂÂÂÄfÇ6RÄfÇ6P¥6öÇ–3sC#c#ÄçV6ÆV"G&ç7÷'Bf7F÷""„åDc"’ÖÆ–¶R&÷FV–â•#““S’&÷FV–âöbVæ¶æ÷vâgVæ7F–öâETcCƒbÃãS##SCƒcSƒ“s’ÅG'VRÂÂÂÂÂÂÂÂÄfÇ6RÄfÇ6P¥6öÇ–3sC#cCÅ&–W6¶Rƒ$fRÓ%2’FöÖ–â&÷FV–â•#s“C&–W6¶Rƒ$fRÓ%2’—&öâ×7VÇ‡W"FöÖ–âÂÓã“cS“s#ƒƒScSs3rÅG'VRÂÓã“cc#“3““sCS#bÃbã“ƒCSS“cs3c“6RÓ2Ã’ãs3CcCƒSSƒRÓ"ÂÂÂÂÂÅG'VRÄfÇ6P¥6öÇ–3sC#“3Â%4µ•#cƒ“rS2V&—V—F–âÆ–v6RÂ44b6ö×ÆW‚Â6·7V'Væ—B"ÂÓã“ƒSƒ#S#scS#c3“rÅG'VRÂÂÂÂÂÂÂÂÄfÇ6RÄfÇ6P¥6öÇ–3sC#“CÂ$6&&ö‡–G&FR¶–æ6Rdtu’•#Ssr6&&ö‡–G&FR¶–æ6RÂdtu’"ÂÓãScc“3ƒ3ccS‚ÅG'VRÂÂÂÂÂÂÂÂÄfÇ6RÄfÇ6P¥6öÇ–3sC#“SÂ$6&&ö‡–G&FR¶–æ6Rdtu’•#Ssr6&&ö‡–G&FR¶–æ6RÂdtu’"ÂÓãS3“SƒS“cc#rÅG'VRÂÂÂÂÂÂÂÂÄfÇ6RÄfÇ6P¥6öÇ–3sC#““Ä¶–æ6RfÖ–Ç’&÷FV–â•###“6W&–æU÷F‡&Vöæ–æR&÷FV–â¶–æ6RÃã“ƒ#SsScss“BÅG'VRÂÂÂÃãÃãS#CCSSC###cC“2ÃãS#CCSSC###cC“2Ã2ãƒCcSscSC3VRÓÅ6öÇ–3sC#““ããõ3cS“µ6öÇ–3sC#““ããõ3cccµ6öÇ–3sC#““ããõ3ƒC“µ6öÇ–3sC#““ããõ3“Cµ6öÇ–3sC#““ããõ3“ƒµ6öÇ–3sC#““ããõCccµ6öÇ–3sC#““ããõC“RÄfÇ6RÅG'VP¥6öÇ–3sC3#Å†÷7†F–G–Æ–æ÷6—FöÂBÖ¶–æ6R•#SC32†÷7†F–G–Æ–æ÷6—FöÂ¶–æ6RÂÓãƒ3“CsC“sScƒ3“3‚ÅG'VRÂÂÂÂÂÂÂÂÄfÇ6RÄfÇ6P¥6öÇ–3sC33Å†÷7†F–G–Æ–æ÷6—FöÂBÖ¶–æ6R•#SC32†÷7†F–G–Æ–æ÷6—FöÂ¶–æ6RÂÓãs3c33ƒcSsC##"ÅG'VRÂÂÂÃ"ãÃã“SSƒ“s“#cCsC’Ãã“SSƒ“s“#cCsC’Ã2ã#Cs3ScccCRÓ‚Å6öÇ–3sC33ããõ3S3#µ6öÇ–3sC33ããõ3S3RÄfÇ6RÅG'VP¥6öÇ–3sC3SÂ%6–væÂ&V6övæ—F–öâ'F–6ÆR&V6WF÷"&WF7V'Væ—BÖÆ–¶R&÷FV–â•#“’6–væÂ&V6övæ—F–öâ'F–6ÆR&V6WF÷"Â&WF7V'Væ—B"Ãã#3c#cƒ#ƒss“ScRÅG'VRÂÂÂÂÂÂÂÂÄfÇ6RÄfÇ6P¥6öÇ–3sC3#Â$G–æÖ–â•#CG–æÖ–âÂuE6R&Vv–öâ"ÃãssC“““cCssSsƒÅG'VRÂÂÂÂÂÂÂÂÄfÇ6RÄfÇ6P¥6öÇ–3sC3#ÄG–æÖ–âÓ"•#3sRG–æÖ–â6VçG&Â&Vv–öâÃãc““sc“CSS“"ÅG'VRÂÂÂÃ"ãÃã“ƒCS#c“#CCcCcRÃã“ƒCS#c“#CCcCcRÃã3S“sƒC#cS3&RÓrÅ6öÇ–3sC3#ããõ33#ÄfÇ6RÅG'VP¥6öÇ–3sCC#3ÅUcs#r&÷FV–â3f÷&cR†öÖöÆörÂÓãcsSccCCƒc#SS#bÅG'VRÂÓãcsS““#C“3"ÃãSƒ#“ƒ33#Sc“SfRÓ‚ÃRãsƒC#CCƒ3sc#c6RÓ‚ÂÂÂÂÂÅG'VRÄfÇ6P¥6öÇ–3sCC#ƒÂ$Ö¦÷"f6–Æ—FF÷"7WW&fÖ–Ç’Ôe5ó•#c“bÖ¦÷"f6–Æ—FF÷"7WW&fÖ–Ç’ÂvVæW&Â7V'7G&FRG&ç7÷'FW""ÃãƒCccCs3ss3#BÅG'VRÂÂÂÃ"ãÃã#C333s“sS#2Ãã#C333s“sS#2Ããs“ƒƒCsc“Sc“S&RÓ‚Å6öÇ–3sCC#ƒããõ3##µ6öÇ–3sCC#ƒããõ3#S‚ÄfÇ6RÅG'VP¥6öÇ–3sCC3Â%&öÆ–æR–Ö–æ÷WF–F6R•#S“CBWF–F6R332Â&öÆ–æR–Ö–æ÷WF–F6R"ÂÓãC3“CcsscsCBÅG'VRÂÂÂÂÂÂÂÂÄfÇ6RÄfÇ6P¥6öÇ–3sCC3#Â%6–ævÆR×–"†—7FöæR•#R4åBÂDäÖ&–æF–ær"ÃãCCscc#3sƒ#ƒS“’ÅG'VRÂÂÂÂÂÂÂÂÄfÇ6RÄfÇ6P¥6öÇ–3sCC3CÅ&RÖÕ$ä×&ö6W76–ærf7F÷"C†öÖöÆör•##s2dbFöÖ–âÂÓã““CSS““Ssƒ#2ÅG'VRÂÓã““CcSCS““ƒCs3C’ÃRãCƒS“c“ƒ#ƒcRÓ’Ã"ã#Cs“ƒ#S##3†RÓ‚ÃBãÃã##s3#cCS#CcSRÃã##s3#cCS#CcSRÃ"ãCs333#“s#vRÓrÅ6öÇ–3sCC3Cããõ3#ƒµ6öÇ–3sCC3Cããõ3#Sµ6öÇ–3sCC3Cããõ3scƒµ3ss‚ÅG'VRÅG'VP¥6öÇ–3sCCCƒÅ&÷FV–âTe#2†öÖöÆör•#c#B&ÖF–ÆÆò×G—RföÆBÂÓãS#S3ƒ#SCƒcC3cBÅG'VRÂÂÂÃBãÃã3CCS“3S3c“"Ãã3CCS“3S3c“"Ã2ãƒ3sSC#C3Sƒ3cvRÓ‚Å6öÇ–3sCCCƒããõ3#cµ6öÇ–3sCCCƒããõ3Cµ6öÇ–3sCCCƒããõ3S3Cµ6öÇ–3sCCCƒããõ3S3Sµ6öÇ–3sCCCƒããõ3SS3µ6öÇ–3sCCCƒããõ3SsSµ6öÇ–3sCCCƒããõ3“sSµ6öÇ–3sCCCƒããõCSSµ3SS2ÄfÇ6RÅG'VP¥6öÇ–3sCCS3Åf–'&–ÆÆ–â•#cƒC2f–'&–ÆÆ–âÂÓã3“3s33ƒ3s2ÅG'VRÂÂÂÂÂÂÂÂÄfÇ6RÄfÇ6P¥6öÇ–3sCCSCÄæµô‚²çF—÷'FW"æ†B•#ƒ3“æµô‚²çF—÷'FW"æ†BÖÆ–¶RÂÓãƒ3ƒcƒ3#ƒ#ƒƒRÅG'VRÂÓãƒ3cCc3“3ƒSSƒ"Ãrãƒ“ƒss““3#SsVRÓBÃãcƒ3SCCC“c“s#fRÓ"ÂÂÂÂÂÅG'VRÄfÇ6P¥6öÇ–3sCCsSÄDäÖ&–æF–ær&÷FV–â#B•#3sC"ÆçBG&ç67&—F–öâf7F÷"ÃãC3CSSƒ“#3s#ƒSRÅG'VRÂÂÂÂÂÂÂÂÄfÇ6RÄfÇ6P¥6öÇ–3sCCƒsÄ&ÖF–ÆÆò&WVB6öçF–æ–ærb•#“ƒ’&ÖF–ÆÆòÖÆ–¶R†VÆ–6ÂÂÓã3“c#ƒ#“C“C33CSS2ÅG'VRÂÂÂÂÂÂÂÂÄfÇ6RÄfÇ6P¥6öÇ–3sCCƒƒÂ$¶–æW6–âÆ–¶R&÷FV–â•#sS"¶–æW6–âÂÖ÷F÷"&Vv–öâ"ÂÓã3“#C3S“c“#“ƒ“ƒBÅG'VRÂÂÂÃ2ãÃã“Csƒ#3Sc““ƒ2ÂÓã“Csƒ#3Sc““ƒ2Ã’ã33ƒƒc#ƒsc3RÓrÅ6öÇ–3sCCƒƒããõ3Sµ6öÇ–3sCCƒƒããõ3S#rÄfÇ6RÅG'VP¥6öÇ–3sCC“Â$&WF×‡–Æ÷6–F6R•#scBvÇ–6÷6–FR‡–G&öÆ6RÂfÖ–Ç’2Ââ×FW&Ö–æÂ"Ããc#Sƒƒ3SsC#ƒSBÅG'VRÃãc#c“cSCscsSCs"ÃBã#“c3ScSscscc†RÓBÃã#ƒCsCcsƒC&RÓ"ÂÂÂÂÂÅG'VRÄfÇ6P¥6öÇ–3sCC“#Ä6ÆÖöGVÆ–âÖÆ–¶R&÷FV–â•#““"TbÔ†æBG—RÂÓãCCSCcƒcSƒSBÅG'VRÂÂÂÂÂÂÂÂÄfÇ6RÄfÇ6P¥6öÇ–3sCC“SÄ¶–æ6RfÖ–Ç’&÷FV–âÂÓãc“ƒ“CSSƒS33ÅG'VRÂÓãcC3ƒƒ“S3“#ƒ"Ã‚ã3csƒ3c“c#C6RÓRÃãCcsƒ#3C###32ÂÂÂÂÂÅG'VRÄfÇ6P¥6öÇ–3sCC“cÄ†—7F–G–Â×E$ä7–çF†WF6RÂÓãSsc#3s#SC“3C‚ÅG'VRÂÂÂÂÂÂÂÂÄfÇ6RÄfÇ6P¥6öÇ–3sCC“sÄ¶–æ6RfÖ–Ç’&÷FV–â•###“6W&–æU÷F‡&Vöæ–æR&÷FV–â¶–æ6RÂÓã3SSƒs#“##SCC3“2ÅG'VRÂÂÂÂÂÂÂÂÄfÇ6RÄfÇ6P¥6öÇ–3sCS#ÅG&ç6ÆF–öâÖ6†–æW'’76ö6–FVB&÷FV–â•#“SG&ç6ÆF–öâ–æ—F–F–öâf7F÷"5T“ÃãSƒ“ƒS“ccƒs2ÅG'VRÃãS“CScS3c3ƒc#“S‚ÃãC#s#ƒƒS“#ƒ#S6RÓÃ’ãSCs#cƒ#ss#3–RÓÂÂÂÂÂÅG'VRÄfÇ6P¥6öÇ–3sCS3Ä45#BÔäõBG&ç67&—F–öâ6ö×ÆW‚7V'Væ—Br•#c“C&–&öçV6ÆV6R4cÂÓã#Sc3ScƒSC#CsbÅG'VRÂÂÂÂÂÂÂÂÄfÇ6RÄfÇ6P¥6öÇ–3sCS33ÅVæ6†&7FW&—¦VBu’Öæ6†÷&VB&÷FV–âCsc“Ãã##scC“ƒs3##CcC#BÅG'VRÂÂÂÂÂÂÂÂÄfÇ6RÄfÇ6P¥6öÇ–3sCS3SÄæöGVÆR–æ6WF–öâ&÷FV–â„g&vÖVçB’•#33RÆçB&VwVÆF÷"%uÕ$²Ããƒsƒsc3c33scrÅG'VRÂÂÂÃãÃã“##“S“Cc3“sBÃã“##“S“Cc3“sBÃBãƒSs#SS3“ƒ3cRÓ‚Å6öÇ–3sCS3Sããõ3cƒÄfÇ6RÅG'VP¥6öÇ–3sCS3sÂ$BÖÆ7FFRFV‡–G&övVæ6R•#c“BdBÆ–æ¶VB÷†–F6RÂâ×FW&Ö–æÂ"Ãã#“SsC#cS“3ƒsC"ÅG'VRÂÂÂÂÂÂÂÂÄfÇ6RÄfÇ6P¥6öÇ–3sCS3ƒÂ$dBÆ–æ¶VB÷†–F6RFöÖ–â&÷FV–â•#C2dBÖÆ–æ¶VB÷†–F6RÂ2×FW&Ö–æÂ"Ãã##33SSc3ƒcsƒBÅG'VRÂÂÂÂÂÂÂÂÄfÇ6RÄfÇ6P¥6öÇ–3sScÂ%†÷7†F–G–Æ–æ÷6—FöÂG&ç6fW"&÷FV–â4dƒR•##S6VÆÇVÆ"&WF–æÆFV‡–FRÖ&–æF–æu÷G&—ÆRgVæ7F–öâÂ2×FW&Ö–æÂ"Ããƒcs3“ƒS“sƒSƒs"ÅG'VRÃãƒcsScC##s3s3ƒRÃBã“#S#s#sSc#SC“&RÓÃ"ãs#cƒSc#c6RÓ’ÃRãÃã##sƒCs3CƒsrÃã##sƒCs3CƒsrÃ‚ãS#3#“C3s#†RÓ‚Å6öÇ–3sScããõ33µ6öÇ–3sScããõ3CSµ6öÇ–3sScããõ3c3µ6öÇ–3sScããõ3cSµ6öÇ–3sScããõCCµ6öÇ–3sScããõCSµ6öÇ–3sScããõCS3µ6öÇ–3sScããõCS3µCSƒµ6öÇ–3sScããõCS‚ÅG'VRÅG'VP¥6öÇ–3sSsÂ$E7–çF†6R7V'Væ—BÇ†6†Æ÷&÷Æ7F–2•#sCS‚E6RÂc6ö×ÆW‚ÂÇ†7V'Væ—BÂ2×FW&Ö–æÂ"ÂÓãC#S3#3sC#“ƒ2ÅG'VRÂÂÂÂÂÂÂÂÄfÇ6RÄfÇ6P¥6öÇ–3sSc#sÂ$ÖGW&6R„g&vÖVçB’•#CC"–çG&öâÖGW&6RÂG—R”’"ÂÓã#3Cs33ƒC3"ÅG'VRÂÂÂÂÂÂÂÂÄfÇ6RÄfÇ6P¥6öÇ–3sSc3Ã32&–&÷6öÖÂ&÷FV–â32•#ƒ“"&–&÷6öÖÂ&÷FV–â32ÂÓã“ƒ#“sCsC#SccSSRÅG'VRÂÂÂÂÂÂÂÂÄfÇ6RÄfÇ6P¥6öÇ–3sSc3cÂ#32&–&÷6öÖÂ&÷FV–â3"•#Scs’&–&÷6öÖÂ&÷FV–â3"Â&7FW&–Â×G—R"ÂÓãSSs3CsƒC“ƒ##2ÅG'VRÂÂÂÂÂÂÂÂÄfÇ6RÄfÇ6P¥6öÇ–3sScCÂ%&–&÷6öÖÂ&÷FV–â32„g&vÖVçB’•#ƒ#ƒ"&–&÷6öÖÂ&÷FV–â32Ââ×FW&Ö–æÂ"ÂÓãSc3csssCCsssCbÅG'VRÂÂÂÂÂÂÂÂÄfÇ6RÄfÇ6P¥6öÇ–3sScCÄ7—Fö6‡&öÖR2÷†–F6R7V'Væ—B"•##C#’7—Fö6‡&öÖR2÷†–F6R7V'Væ—B”’2×FW&Ö–æÂÂÓã#s“S#s#cCs#s#’ÅG'VRÂÂÂÂÂÂÂÂÄfÇ6RÄfÇ6P¥6öÇ–3sScC“Ä7—Fö6‡&öÖR"•#csR7—Fö6‡&öÖR%ö#bÃã3ss3ƒ3“s“#“##cbÅG'VRÂÂÂÂÂÂÂÂÄfÇ6RÄfÇ6P¥6öÇ–3sSccƒÂ$Å%"&V6WF÷"ÖÆ–¶R6W&–æU÷F‡&Vöæ–æR×&÷FV–â¶–æ6RÂ$Å"ÂÓãS3#3sCC#csCƒ‚ÅG'VRÂÂÂÂÂÂÂÂÄfÇ6RÄfÇ6P¥6öÇ–3scssÂ%¦–æ2f–ævW"#æBãFöÖ–âÖ6öçF–æ–ær7G&W72Ö76ö6–FVB&÷FV–â‚•##cS2¦–æ2f–ævW"Â#×G—R•#S‚¦–æ2f–ævW"Âã×G—R"ÂÓã#cc““Cc#c#c3s‚ÅG'VRÂÂÂÃãÃãcSƒcC#Ssƒs#SsRÃãcSƒcC#Ssƒs#SsRÃrãƒsƒ“3ccS3&RÓRÅ6öÇ–3scssããõ3“ÄfÇ6RÅG'VP¥6öÇ–3sc#Ä6‡&öÖöFöÖ–âÖ†VÆ–66RÔDäÖ&–æF–ær&÷FV–â•#334äc"×&VÆFVBÂÓãC“c““3SƒscC2ÅG'VRÂÂÂÃ"ãÃãc“3csc3cSSs3cRÃãc“3csc3cSSs3cRÃãS#Scsscƒ“6RÓbÅ6öÇ–3sc#ããõ3CƒbÄfÇ6RÅG'VP¥6öÇ–3sc#sÄ÷WFW"VçfVÆ÷RÖVÖ'&æR&÷FV–âÃãSƒc“c3CC#c“c‚ÅG'VRÂÂÂÂÂÂÂÂÄfÇ6RÄfÇ6P¥6öÇ–3sc#Â$6÷W"×G&ç7÷'F–ærE6R•#sSrE6RÂ×G—RÂµôÖuô6Eô7Uõ¦åôæô6ôæô‚×G&ç7÷'FW""ÂÓãCS33ƒ#33C#3CsCbÅG'VRÂÂÂÃ"ãÃãƒ3ƒSS33#3CsCS3BÃãƒ3ƒSS33#3CsCS3BÃ"ã#c“ƒ#CCC#S#fRÓrÅ6öÇ–3sc#ããõ3cÄfÇ6RÅG'VP¥6öÇ–3sc##Â%÷F76—VÒ×G&ç7÷'F–ærE6R"6†–â•#c“RE6RÂ×G—RÂ‚²G&ç7÷'F–ær&÷FöâV×"Ãã#“cs“ƒCCc“2ÅG'VRÂÂÂÂÂÂÂÂÄfÇ6RÄfÇ6P¥6öÇ–3sc#3ÄÖ—Fö6†öæG&–ÂEôE6'&–W"&÷FV–ç2•##2FVæ–æRçV6ÆV÷F–FRG&ç6Æö6F÷"ÂÓãƒCcscƒS#3#ƒsRÅG'VRÂÂÂÂÂÂÂÂÄfÇ6RÄfÇ6P¥6öÇ–3sc###Â$æ÷fVÂ&÷FV–â6öçF–æ–ær„BÖf–ævW"FöÖ–â„g&vÖVçB’•#ƒCBÇW2Ó2FöÖ–âÂ7V&w&÷W"ÂÓã3Sƒ3ƒs#cƒssScCrÅG'VRÂÂÂÂÂÂÂÂÄfÇ6RÄfÇ6P¥6öÇ–3sc##CÅ¦–æ2f–ævW"444‚FöÖ–âÖ6öçF–æ–ær&÷FV–â’•#3c’u”bÂÓã3CƒSssƒƒCc3sSbÅG'VRÂÂÂÃãÃãs#c33“S3S3#ƒ"Ããs#c33“S3S3#ƒ"Ãã3ƒS3““3c3“ƒC–RÓbÅ6öÇ–3sc##Cããõ3sÄfÇ6RÅG'VP¥6öÇ–3sc##sÂ%6–væÂ&V6övæ—F–öâ'F–6ÆR&÷FV–â…5%s"’•#3c“’6–væÂ&V6övæ—F–öâ'F–6ÆRÂ5%s"7V'Væ—BÂ$äÖ&–æF–ær"ÂÓãS3sScc#CcCƒcc"ÅG'VRÂÂÂÂÂÂÂÂÄfÇ6RÄfÇ6P¥6öÇ–3sc#3Å&÷FV6öÖR6ö×öæVçBT4Ó#’•#c#B&ÖF–ÆÆò×G—RföÆBÂÓã3CScC“ƒssƒS#RÅG'VRÂÂÂÂÂÂÂÂÄfÇ6RÄfÇ6P¥6öÇ–3sc#3#Å&÷FV6öÖRÖ76ö6–FVB&÷FV–âT4Ó#’†öÖöÆör„g&vÖVçB’ÂÓã#Ss“C33#CƒcCƒ2ÅG'VRÂÂÂÂÂÂÂÂÄfÇ6RÄfÇ6P¥6öÇ–3sc#3cÅ7Vv"G&ç7÷'FW"7WW&fÖ–Ç’ÂÓãƒS#s#““3“CS#ƒbÅG'VRÂÓãƒ##“ccsCƒ“sbÃã#CccC3ƒ““S#fRÓ‚ÃBãccs33#ƒC#6RÓ‚ÂÂÂÂÂÅG'VRÄfÇ6P¥6öÇ–3sc#3“Ä÷36s3cCS&÷FV–â„g&vÖVçB’ÂÓã“s3Sƒ##sscƒ3Cƒ2ÅG'VRÂÓã“c3#ƒ3#c#S“#c‚ÃãCSc3S“S“ƒ33vRÓÃ’ã###3Cc#S“Ss#&RÓÂÂÂÂÂÅG'VRÄfÇ6P¥6öÇ–3sc#CÄ4$ÂÖ–çFW&7F–ær&÷FV–â¶–æ6R‚•###“6W&–æU÷F‡&Vöæ–æR&÷FV–â¶–æ6RÂÓãSSCƒS#“#ƒ#cBÅG'VRÂÂÂÂÂÂÂÂÄfÇ6RÄfÇ6P¥6öÇ–3sc#C3Ä4õ’6–væÆ÷6öÖR6ö×ÆW‚7V'Væ—B"•#3C24•õ”åB76ö6–FVBÖöGVÆRÂÓã#3CƒcSS33RÅG'VRÂÂÂÂÂÂÂÂÄfÇ6RÄfÇ6P¥6öÇ–3sc#CCÂ$Æ666R•#sscÂÖ66÷&&FR÷†–F6RÂÆçG2"ÂÓã“S#“#3“s#c#rÅG'VRÂÓã“3““sƒ33ƒ3bÃ"ãC“#“#ƒ“C#s“6RÓÃãs3ƒCSCsSCcƒRÓÂÂÂÂÂÅG'VRÄfÇ6P¥6öÇ–3scCs“Â%6–væÂWF–FRWF–F6RfÖ–Ç’&÷FV–â•#s3c’WF–F6R#$"Â6–væÂWF–FRWF–F6R"ÂÓãC“ƒ3““cS#“““"ÅG'VRÂÂÂÂÂÂÂÂÄfÇ6RÄfÇ6P¥6öÇ–3scCƒSÄ÷3Fs##cC&÷FV–â„g&vÖVçB’ÂÓã““##ƒSsCƒc"ÅG'VRÂÂÂÂÂÂÂÂÄfÇ6RÄfÇ6P¥6öÇ–3scCƒ“Å&V6WF÷"ÖÆ–¶R¶–æ6R•###“6W&–æU÷F‡&Vöæ–æR&÷FV–â¶–æ6RÂÓã#33c#ƒƒS“#"ÅG'VRÂÂÂÃãÃãccƒcsCƒ“ƒCCs#ÃãccƒcsCƒ“ƒCCs#ÃãcSC#“3ccƒSvRÓRÅ6öÇ–3scCƒ“ããõ33#rÄfÇ6RÅG'VP¥6öÇ–3scC“Ä6Æ6—VÒÖFWVæFVçB&÷FV–â¶–æ6R•###“6W&–æU÷F‡&Vöæ–æR&÷FV–â¶–æ6RÂÓã“““CCSs##cC3BÅG'VRÂÂÂÂÂÂÂÂÄfÇ6RÄfÇ6P¥6öÇ–3scC“#ÄF–‡–G&÷—&–Ö–F–æ6R•#ss‚BÖ‡–FçFö–æ6RÂÓã“cc“SSsƒ#c‚ÅG'VRÂÓã“cSSCƒS3s3s3“#2Ãbã3CsS3CsƒCvRÓ"ÃbãCs##C3CcCs#&RÓÂÂÂÂÂÅG'VRÄfÇ6P¥6öÇ–3scC“SÂ$%¤•G&ç67&—F–öâf7F÷"•#cb%¤•G&ç67&—F–öâf7F÷"Â%¤•Ó"ÂÓãCC“3s3“#cS3bÅG'VRÂÂÂÃ"ãÃãs#s3ƒC3ƒsBÃãs#s3ƒC3ƒsBÃãSS3C#s“sRÓ‚Å6öÇ–3scC“Sããõ33µ6öÇ–3scC“Sããõ33µ332ÄfÇ6RÅG'VP¥6öÇ–3scSCÂ$ÖWF‡–ÇG&ç6fW&6RG—R"•#“CÖWF‡–ÇG&ç6fW&6RÓbÂWFF—fR"ÂÓãC“#sƒSS3ccƒ#C“SBÅG'VRÂÂÂÂÂÂÂÂÄfÇ6RÄfÇ6P¥6öÇ–3scSƒÅ3"6VÆbÖ–æ6ö×F–&–Æ—G’Æö7W2ÖÆ–æ¶VBöÆÆVâ2ã"&÷FV–âÂÓãc3ƒc#Cc3“c2ÅG'VRÂÓãccs““#3ƒƒs“BÃã3ƒsC#3Sc“cRÓrÃ2ãƒCƒsC#3ssƒƒS†RÓrÂÂÂÂÂÅG'VRÄfÇ6P¥6öÇ–3scS“ÄETcƒ2FöÖ–âÖVÖ'&æR&÷FV–â•#ƒS#&÷FV–âöbVæ¶æ÷vâgVæ7F–öâETcƒ2ÂÓãSSCCƒsƒCs‚ÅG'VRÂÂÂÃãÃãsscC#csƒS“BÃãsscC#csƒS“BÃrãƒ#csƒSSscCc&RÓbÅ6öÇ–3scS“ããõ332ÄfÇ6RÅG'VP¥6öÇ–3scSÄÖ—Fö6†öæG&–f—76–öâ&÷FV–â•#cSC2FWG&G&–6÷WF–FR&WVBf—76–öâ&÷FV–âÂÓãS#Scs#“3ƒccBÅG'VRÂÂÂÂÂÂÂÂÄfÇ6RÄfÇ6P¥6öÇ–3scSƒÅD…TÕFöÖ–âÖ6öçF–æ–ær&÷FV–â•#CBD…TÕÂÓãSC3ƒ“S#c33“cSC"ÅG'VRÂÂÂÃ"ãÃãs##C3sC3sSCCC#rÃãs##C3sC3sSCCC#rÃ"ãcsC3CCƒSƒSCfRÓRÅ6öÇ–3scSƒããõ3C2ÄfÇ6RÅG'VP¥6öÇ–3scS#Â%V&—V—F–â6&&÷‡–Â×FW&Ö–æÂ‡–G&öÆ6R•#3“BWF–F6R3’ÂV&—V—F–â6&&÷‡–Â×FW&Ö–æÂ‡–G&öÆ6R""ÂÓãcƒScscƒ#“Sƒ3#sBÅG'VRÂÂÂÃãÃãscsc#Cc“#3ssƒÃãscsc#Cc“#3ssƒÃ2ã#ccs“s#“CsRÓRÅ6öÇ–3scS#ããõC3’ÄfÇ6RÅG'VP¥6öÇ–3scS#CÅ666†&÷–æRFV‡–G&övVæ6RfÖ–Ç’&÷FV–âW‡&W76VB•#S“r666†&÷–æRFV‡–G&övVæ6RÂÓãSS“#cƒCs#SSÅG'VRÂÂÂÂÂÂÂÂÄfÇ6RÄfÇ6P¥6öÇ–3scS#sÄ4„4‚FöÖ–â6öçF–æ–ær&÷FV–âÃã““ƒSsSs#SCc#ssrÅG'VRÂÂÂÂÂÂÂÂÄfÇ6RÄfÇ6P¥6öÇ–3scS3#Â%¦–æ2f–ævW"444‚FöÖ–âÖ6öçF–æ–ær&÷FV–â#2•#Ss¦–æ2f–ævW"Â444‚×G—R"ÂÓã3cs3Ccsƒsc3sC#’ÅG'VRÂÓã3SƒcssS#“#SsBÃãss3sSC#SS#C&RÓrÃRãsƒ“CƒCScCƒ““–RÓrÂÂÂÂÂÅG'VRÄfÇ6P¥6öÇ–3scS3SÄ$2G&ç7÷'FW"rfÖ–Ç’ÖVÖ&W"R•#3C3’$2G&ç7÷'FW"ÖÆ–¶RÂÓãS“sC3#“c#“s#RÅG'VRÂÓãcS3#“S#SS“SbÃãsCs3#S3#SS6RÓrÃRãc##333Cs#cRÓrÂÂÂÂÂÅG'VRÄfÇ6P¥6öÇ–3scS3sÅ6WCô6ƒ"†—7FöæRÖWF‡–ÇG&ç6fW&6R6ö×ÆW‚7V'Væ—B4ƒ"•#ƒ3SR5Æõ%–æöF–æR&V6WF÷"7V&w&÷WÂÓã#3s3“#ƒ3#sSƒƒbÅG'VRÂÂÂÂÂÂÂÂÄfÇ6RÄfÇ6P¥6öÇ–3scSC“Ä†öÖöÆöw’FòVæ¶æ÷vâvVæR„g&vÖVçB’Ãã#sƒ33C“ccC“sC#S2ÅG'VRÂÂÂÂÂÂÂÂÄfÇ6RÄfÇ6P¥6öÇ–3scSS3Â$Æ—6R„g&vÖVçB’•##“#Æ—6RÂ6Æ722"ÂÓã3Cs“s“C“##ccsS“bÅG'VRÂÂÂÃ"ãÃãSCcscccC#SsƒSC"ÃãSCcscccC#SsƒSC"Ã2ã##C“Cc““3#CFRÓÅ6öÇ–3scSS3ããõ33Cµ6öÇ–3scSS3ããõ3CRÄfÇ6RÅG'VP¥6öÇ–3scSc#Â%7VÆf—FR&VGV7F6R•#sƒr7VÇ†—FR&VGV7F6RÂfW'&VF÷†–âFWVæFVçB"ÃãC3#“c#sƒC“S“"ÅG'VRÂÂÂÂÂÂÂÂÄfÇ6RÄfÇ6P¥6öÇ–3scScCÃ$fRÓ%2fW'&VF÷†–â•#CfW'&VF÷†–âÃãscsccƒSccrÅG'VRÂÂÂÂÂÂÂÂÄfÇ6RÄfÇ6P¥6öÇ–3scSc“Å&÷FV–âG&ç7÷'FW"•#Cs#‚G&ç6Æö6F–öâ&÷FV–â6V3c"Ããƒ3scƒSƒC“S3Cƒs’ÅG'VRÂÂÂÂÂÂÂÂÄfÇ6RÄfÇ6P¥6öÇ–3scSsÂ$çV6ÆV"G&ç67&—F–öâf7F÷"’7V'Væ—BÓ•##ƒ’44BÖ&–æF–ærG&ç67&—F–öâf7F÷"Â7V'Væ—B""ÂÓã3c#C3Ccc“3S3sbÅG'VRÂÂÂÃãÃã“3“ƒcc3ss““RÃã“3“ƒcc3ss““RÃBãsƒ“SSs##Css“6RÓbÅ6öÇ–3scSsããõ3#crÄfÇ6RÅG'VP¥6öÇ–3scSs3Â$†WFW&övVæV÷W2çV6ÆV"&–&öçV6ÆV÷&÷FV–âƒ•#SB$ä&V6övæ—F–öâÖ÷F–bÂ$åÓ"ÂÓãS3c“ƒ“CC“#ƒƒ‚ÅG'VRÂÂÂÂÂÂÂÂÄfÇ6RÄfÇ6P¥6öÇ–3scSsSÄ&ÖF–ÆÆò&WVBÖ6öçF–æ–ær&÷FV–â•#“ƒ’&ÖF–ÆÆòÖÆ–¶R†VÆ–6ÂÂÓã#ƒCƒƒ33S#c3##ƒRÅG'VRÂÂÂÂÂÂÂÂÄfÇ6RÄfÇ6P¥6öÇ–3scSƒ3Ã"Ö÷†övÇWF&FUöÖÆFRG&ç6Æö6F÷"ÖÆ–¶R&÷FV–â•#ƒ“‚6öF—VÕ÷7VÇ†FR7–×÷'FW"ÂÓãcC33S##s3ƒ##‚ÅG'VRÂÂÂÂÂÂÂÂÄfÇ6RÄfÇ6P¥6öÇ–3scSƒƒÂ%öÇ–FVç–ÆFRÖ&–æF–ær&÷FV–âB•##csrçV6ÆV÷F–FRÖ&–æF–ærÂÇ†Ö&WFÆ—B"ÂÓãƒc#c#ƒSSC333rÅG'VRÂÂÂÂÂÂÂÂÄfÇ6RÄfÇ6P¥6öÇ–3scS“#Å†çF†–æRFV‡–G&övVæ6Uö÷†–F6R•#c#‚ÆFV‡–FR÷†–F6U÷†çF†–æRFV‡–G&övVæ6RÃã3“C“c#“3““c“3bÅG'VRÂÂÂÂÂÂÂÂÄfÇ6RÄfÇ6P¥6öÇ–3scS“3Å†çF†–æRFV‡–G&övVæ6Uö÷†–F6R•#c#‚ÆFV‡–FR÷†–F6U÷†çF†–æRFV‡–G&övVæ6RÂÓãss##3#“CSrÅG'VRÂÓãscss#cSsƒcƒ3ƒS“BÃ‚ãccCS#3ƒ“CSS#FRÓ2Ãã#ƒSs##““RÓÂÂÂÂÂÅG'VRÄfÇ6P¥6öÇ–3scS“CÂ$W6–â"ÖÆ–¶R&÷FV–â„g&vÖVçB’•##bW6–âÂâ×FW&Ö–æÂ"ÂÓã3cSSSCC#33SsCcsBÅG'VRÂÂÂÂÂÂÂÂÄfÇ6RÄfÇ6P¥6öÇ–3sccCÅRÖ&÷‚FöÖ–âÖ6öçF–æ–ær&÷FV–â2•#“ƒ’&ÖF–ÆÆòÖÆ–¶R†VÆ–6ÂÃãƒ3s#ccCS##3CCSbÅG'VRÂÂÂÂÂÂÂÂÄfÇ6RÄfÇ6P¥6öÇ–3scccÆ†VB6†ö6²&÷FV–â•#3#b†VB6†ö6²&÷FV–âsÃãƒ#“S33#“3“S3s‚ÅG'VRÂÂÂÂÂÂÂÂÄfÇ6RÄfÇ6P¥6öÇ–3sccÆ†VB6†ö6²&÷FV–â•#3#b†VB6†ö6²&÷FV–âsÃã#C3Cƒ##S3CRÅG'VRÃã#C3ƒ#ƒCCcsc“RÃRã#SS#sSS“c–RÓRÃ"ãC#S#3“cC““sFRÓ2ÃRãÃã3ƒC3#“#ƒ“S#“S“‚Ãã3ƒC3#“#ƒ“S#“S“‚Ã"ãSƒc3ƒscsƒ#SRÓ’Å6öÇ–3sccããõ3S3Sµ6öÇ–3sccããõ3c3Sµ6öÇ–3sccããõ3cC"ÅG'VRÅG'VP¥6öÇ–3sccÂ$–ææW"ÖVÖ'&æR&÷FV–â÷†•#s‚ÖVÖ'&æR–ç6W'F–öâ&÷FV–âÂ÷†õ––D2"ÂÓã#s#S“ƒ#Cs#C2ÅG'VRÂÓã#cƒSƒƒS#sSCss‚ÃãC##C#cƒƒs“ƒscRÓ’Ãbã“ƒCƒcC3s3“SS†RÓ’ÂÂÂÂÂÅG'VRÄfÇ6P¥6öÇ–3scc3Â%F†VÖF–âÖÆ–¶R&÷FV–â•#s“C’F†VÖF–âÂ6öç6W'fVB6—FR•#“3‚F†VÖF–âÂF†övVæW6—2×&VÆFVB"ÃãS3#S“ƒ3“cS#‚ÅG'VRÂÂÂÂÂÂÂÂÄfÇ6RÄfÇ6P¥6öÇ–3sccSÄ&–gVæ7F–öæÂöÇ–×—†–â&W6—7Fæ6R&÷FV–â&äÖ&–æF–ærFöÖ–âÂÓãSS“ƒCS3C“““CrÅG'VRÂÂÂÂÂÂÂÂÄfÇ6RÄfÇ6P¥6öÇ–3scccÄ†—7FöæRƒB•#“S†—7FöæRƒBÂÓã3CƒS“scss“C2ÅG'VRÂÂÂÂÂÂÂÂÄfÇ6RÄfÇ6P¥6öÇ–3scc#SÂ%6W&–æR6&&÷‡—WF–F6R•#Sc2WF–F6R3Â6W&–æR6&&÷‡—WF–F6R"ÃãC3#S#“ƒƒ333#sRÅG'VRÂÂÂÂÂÂÂÂÄfÇ6RÄfÇ6P¥6öÇ–3scc#“Ä–62fÖ–Ç’†÷7†ö‡–G&öÆ6R•##3†÷7†öW7FW&6RC&sCcƒƒÃã3ccCSS#“ƒBÅG'VRÂÂÂÂÂÂÂÂÄfÇ6RÄfÇ6P¥6öÇ–3scc3cÅVæ¶æ÷vâ&÷FV–â•##ƒc"&÷FV–âöbVæ¶æ÷vâgVæ7F–öâETcc3RÂÓãCCƒ##c33#3S3sRÅG'VRÂÂÂÃãÃãc“c3sc“ƒC““bÃãc“c3sc“ƒC““bÃ2ãssc“sƒcC3Ss&RÓbÅ6öÇ–3scc3cããõ3‚ÄfÇ6RÅG'VP¥6öÇ–3scc3sÄDäÆ–v6R•#“srEÖFWVæFVçBDäÆ–v6RÂÓãS#“CC##C“scrÅG'VRÂÂÂÃBãÃã3ƒ#SSCƒ“#SƒbÂÓã3ƒ#SSCƒ“#SƒbÃRãƒC“S#3S“3†RÓrÅ6öÇ–3scc3sããõ3ƒÄfÇ6RÅG'VP¥6öÇ–3scc3“Â%7WW&÷†–FRF—6×WF6R•#ƒS"7WW&÷†–FRF—6×WF6RÂ6÷W%÷¦–æ2Â&–æF–ær6—FR"ÂÓã#3ƒ#“S#C3ƒCC“RÅG'VRÂÂÂÂÂÂÂÂÄfÇ6RÄfÇ6P¥6öÇ–3sccCÃS2&–&÷6öÖÂ&÷FV–âÃ’•##CB&–&÷6öÖÂ&÷FV–âÃ’ÂÓãcsSC“3#cc##rÅG'VRÂÓãcSccƒ““““c3’Ã‚ãc“ƒ““C3ƒ“3RÓ‚Ã"ãcSS#ƒ“#s#3vRÓrÂÂÂÂÂÅG'VRÄfÇ6P¥6öÇ–3sccC3Ä†—7FöæRƒ$"•#SS‚†—7FöæRƒ$"ÂÓãSƒssC“3#c“ss3bÅG'VRÂÓãSƒƒ“#cCCsƒƒsC2ÃBãƒƒ###cS3“sSsCfRÓbÃãSC#“sc6RÓRÂÂÂÂÂÅG'VRÄfÇ6P¥6öÇ–3sccCCÅ†V÷†÷&&–FR÷‡–vVæ6R„g&vÖVçB’•#3c#b†V÷†÷&&–FR÷‡–vVæ6RÃã“3cƒcsƒƒ“sCsS’ÅG'VRÃã“3C3Cc3SƒƒC3bÃ2ãCƒS#CS#CSVRÓ"Ã2ãƒc#3C“SƒS3sFRÓÃ"ãÃã“#“##3ƒ#3#“’Ãã“#“##3ƒ#3#“’Ã"ã#ƒCScc#SC–RÓbÅ6öÇ–3sccCCããõ3c‚ÅG'VRÅG'VP¥6öÇ–3sccCcÅVæ¶æ÷vâ&÷FV–âÂÓãC#“#c#“sƒƒsƒRÅG'VRÂÂÂÃãÃãƒC3C3scs3“3#2ÃãƒC3C3scs3“3#2Ãrãscƒcc3SsSsc&RÓRÅ6öÇ–3sccCcããõ3#2ÄfÇ6RÅG'VP¥6öÇ–3sccCƒÂ%„Bf–ævW"fÖ–Ç’&÷FV–â•#“sƒr¦–æ2f–ævW"Â„BÖf–ævW""ÂÓã333“s“csCc’ÅG'VRÂÂÂÂÂÂÂÂÄfÇ6RÄfÇ6P¥6öÇ–3sccC“Ä†'–âÖ–æGV6VB&÷FV–âÖÆ–¶R„g&vÖVçB’•#ƒCr†'–âÖ–æGV6VBÂÓãCcc#ƒsSs3ƒ#CcC#rÅG'VRÂÂÂÂÂÂÂÂÄfÇ6RÄfÇ6P¥6öÇ–3sccS3ÅVæ¶æ÷vâ&÷FV–âÂÓã3cCscc““#2ÅG'VRÂÂÂÂÂÂÂÂÄfÇ6RÄfÇ6P¥6öÇ–3sccSCÂ$6ö–ÆVBÖ6ö–ÂFöÖ–âÖ6öçF–æ–ær&÷FV–â3"•#“SB&÷FV–âöbVæ¶æ÷vâgVæ7F–öâETc#CSÂ2×FW&Ö–æÂ"ÂÓã#ƒCƒS3s““33cRÅG'VRÂÂÂÂÂÂÂÂÄfÇ6RÄfÇ6P¥6öÇ–3sccSSÂ$6ö–ÆVBÖ6ö–ÂFöÖ–âÖ6öçF–æ–ær&÷FV–â3"•#“SR&÷FV–âöbVæ¶æ÷vâgVæ7F–öâETc#CSÂâ×FW&Ö–æÂ"ÂÓãC#cC3ƒƒ“SS#ƒcÅG'VRÂÂÂÂÂÂÂÂÄfÇ6RÄfÇ6P¥6öÇ–3sccScÅf7VöÆ"&÷FV–â6÷'F–ærÖ76ö6–FVB&÷FV–âC†öÖöÆör•#c“"f7VöÆ"&÷FV–â6÷'F–ærÖ76ö6–FVB&÷FV–âCÂÓã3C“Scs3“#3’ÅG'VRÂÂÂÃãÃãccƒ3c#cƒS““’Ããccƒ3c#cƒS““’Ã"ãsS“C3ƒ##3Cs–RÓbÅ6öÇ–3sccScããõ3CcÄfÇ6RÅG'VP¥6öÇ–3sccS“ÄÇ—6÷6öÖÂ&òÕ‚6&&÷‡—WF–F6R•#ƒsS‚WF–F6R3#‚ÂÓãS3sC##sS#c#“CRÅG'VRÂÂÂÂÂÂÂÂÄfÇ6RÄfÇ6P¥6öÇ–3scccÂ$E7–çF†6R76VÖ&Ç’&÷FV–âG„g&vÖVçB’•#sƒC’E6R76VÖ&Ç’f7F÷"EÂÖ—Fö6†öæG&–"ÂÓã#cS“3SSS“33#bÅG'VRÂÂÂÂÂÂÂÂÄfÇ6RÄfÇ6P¥6öÇ–3sccc#Ä7'G–Â&÷FV6RfÖ–Ç’&÷FV–â•#CcWF–F6RÃ"ãsC33s“3Ss##bÅG'VRÃ"ãsC“Sc““sƒsRÃ2ãC“ƒƒ#S33ƒsS3ƒ6RÓrÃRã“s“cS““CcVRÓRÂÂÂÂÂÅG'VRÄfÇ6P¥6öÇ–3scccSÄ¶–æ6RfÖ–Ç’&÷FV–â•###“6W&–æU÷F‡&Vöæ–æR&÷FV–â¶–æ6RÃãCC“c3CC3cc“c32ÅG'VRÂÂÂÂÂÂÂÂÄfÇ6RÄfÇ6P¥6öÇ–3scccsÅTEÖvÇV6÷7–ÇG&ç6fW&6R•###2TEÖvÇV7W&öæ÷7–ÅõTEÖvÇV6÷7–ÇG&ç6fW&6RÂÓã#S#cƒƒ#“sC"ÅG'VRÂÓã#C“3S3CS#ƒs3RÃ"ãƒ3c3ƒCCCS“&RÓBÃrãC3c3SCc#cS“†RÓ2ÂÂÂÂÂÅG'VRÄfÇ6P¥6öÇ–3scccƒÅTEÖvÇV7W&öæ÷7–ÇG&ç6fW&6RÓb•###2TEÖvÇV7W&öæ÷7–ÅõTEÖvÇV6÷7–ÇG&ç6fW&6RÂÓãcSCƒ3S3C“C2ÅG'VRÂÓãc3C#scs#SCRÃãƒc#SSƒ“RÓRÃ"ã#3sƒsCSScc#VRÓRÂÂÂÂÂÅG'VRÄfÇ6P¥6öÇ–3sccs#Ä&–gVæ7F–öæÂöÇ–×—†–â&W6—7Fæ6R&ä&÷FV–â•#S’äBÖFWVæFVçBW–ÖW&6UöFV‡–G&F6RÂÓãS3s3csSS3ƒRÅG'VRÂÂÂÂÂÂÂÂÄfÇ6RÄfÇ6P¥6öÇ–3sccsCÄ÷3&s#ƒ3ƒ&÷FV–â„g&vÖVçB’Ãã3#cƒc““3““Sƒ"ÅG'VRÂÂÂÂÂÂÂÂÄfÇ6RÄfÇ6P¥6öÇ–3sccscÄÓ"6ö×ÆW‚7V'Væ—BÇ†•#“ƒ’&ÖF–ÆÆòÖÆ–¶R†VÆ–6ÂÂÓãcS3ƒSs“S“"ÅG'VRÂÓãcSC“Scccc33ƒ3’Ã2ã“ƒccCsC3“S“C†RÓ’Ããc“ƒc#S#33s3&RÓ‚ÂÂÂÂÂÅG'VRÄfÇ6P¥6öÇ–3sccssÂ$Ó"6ö×ÆW‚7V'Væ—BÇ†•#3cB6ÆF‡&–âFF÷"ÂÇ†ÖFF–âÂVæFvRÂ2×FW&Ö–æÂ7V&FöÖ–â"ÂÓãcSƒSsCsScsƒbÅG'VRÂÓãcSsƒ“sSƒ#Ss“2Ã2ãSSƒ“3Ss““FRÓÃ"ãCsƒS#s“3cS6RÓ’ÃãÃã“sƒs“ƒ#3s#S#RÃã“sƒs“ƒ#3s#S#RÃ2ãS3S33sƒC3Sc–RÓbÂÅG'VRÅG'VP¥6öÇ–3sccƒ#Â$6VÆÇVÆ÷6R7–çF†6RÖÆ–¶R3bvÇ–6÷7–ÇG&ç6fW&6RfÖ–Ç’"•#s2vÇ–6÷7–ÂG&ç6fW&6RÂfÖ–Ç’""ÂÓãCscƒCCƒƒ3SSƒrÅG'VRÂÓãC“Sƒ#c#3###3’ÃbãC##CCs333s&RÓÃBãS3sC“csc“##sƒvRÓÂÂÂÂÂÅG'VRÄfÇ6P¥6öÇ–3sccƒ3Å7Æ–6–ærf7F÷"S&b7V'Væ—B•#“CRS"W†–Æ–'’f7F÷"6ÖÆÂ7V'Væ—BÃã3#“3#sC“3#S3bÅG'VRÂÂÂÃãÃãcƒ“3s333ssss#’Ããcƒ“3s333ssss#’Ããs“SƒSscSSrÅ6öÇ–3sccƒ3ããõ3#RÄfÇ6RÅG'VP¥6öÇ–3sccƒCÄ†—7FöæRFV6WG–Æ6RÖÆ–¶R&÷FV–âÂÓãC333cScSC““#‚ÅG'VRÂÓãC3C#ƒ“ƒƒƒ“BÃrã“ƒƒcCC#CCcfRÓ2ÃãC3sc“SSScƒFRÓÃ2ãÃã#S##sss“CScSC2Ãã#S##sss“CScSC2Ãbã“ƒsƒ“C#scCƒ–RÓÅ6öÇ–3sccƒCããõC#S3µ6öÇ–3sccƒCããõC#cbÅG'VRÅG'VP¥6öÇ–3sccƒsÄvVæöÖ–2Dä6‡&öÖ÷6öÖRR6ÆöæRÔD£#"•#3C’Ôõ$âÖ÷F–bÂÓã33cSƒS“#33c#crÅG'VRÂÂÂÂÂÂÂÂÄfÇ6RÄfÇ6P¥6öÇ–3sccƒ“Å&W†VæFRFV‡–G&F6R•#ƒb&W†VæFRFV‡–G&F6RÃã##“cSC#ƒS3c“2ÅG'VRÂÂÂÂÂÂÂÂÄfÇ6RÄfÇ6P¥6öÇ–3scc“Å7–çF†–âÖÆ–¶R&÷FV–â•#“ƒ’BÕ4ä$RÂÓã#C“ƒs““C#s#“ƒRÅG'VRÂÂÂÃ"ãÃãc#“SSs33CƒCC3SbÃãc#“SSs33CƒCC3SbÃãCc#ƒ3ƒ“sS#–RÓ’Å6öÇ–3scc“ããõ3CÄfÇ6RÅG'VP¥6öÇ–3scc“#ÅVçFG&–6÷WF–FR&WVBÖ6öçF–æ–ær&÷FV–â•##ƒƒRVçFG&–6÷WF–FR&WVBÂÓãcc3sC#c“c#BÅG'VRÂÓãcc#ƒ3c#s3ƒcC#ƒ’Ã2ã3ƒCCC3#““c#fRÓ’ÃãCcs“Sc#s##c6RÓ‚ÂÂÂÂÂÅG'VRÄfÇ6P¥6öÇ–3scc“SÅ7G&W72&W7öç6—fRô"&'&VÂFöÖ–âfÖ–Ç’&÷FV–â•#3“r7G&W72&W7öç6—fRÇ†Ö&WF&'&VÂÂÓãC#““3cƒ#ƒ3c’ÅG'VRÂÓãCCC#Sƒcs“cc2Ã’ãsSScSss“CƒfRÓ"Ã’ã#sƒƒSSCScfRÓÂÂÂÂÂÅG'VRÄfÇ6P¥6öÇ–3scc“sÆ4Dä6ÆöæR£33„S2gVÆÂ–ç6W'B6WVVæ6R•#s32&÷FV–âöbVæ¶æ÷vâgVæ7F–öâETccc"ÂÓãSSƒcƒ“c#3“S2ÅG'VRÂÓãSs“3ƒ#S““sSc2ÃBã##S3“SSSCsƒC–RÓÃ"ã3cC“CC33#ƒ#vRÓ’ÂÂÂÂÂÅG'VRÄfÇ6P¥6öÇ–3scc““Å&÷FV–â5U$U54õ"ôbtTäR4”ÄTä4”är2ÂÓã#33#Sƒcƒssc#sSSCbÅG'VRÂÂÂÂÂÂÂÂÄfÇ6RÄfÇ6P¥6öÇ–3scsÄ%TC3†öÖöÆör•#sC‚s&÷FV–âÃãsCsS#C#“#csCƒbÅG'VRÃãsSSƒsƒsƒ3csC#CCRÃãs3cSS“““ƒ3S6RÓrÃBã““33ƒcCƒ#“–RÓrÂÂÂÂÂÅG'VRÄfÇ6P¥6öÇ–3scsSÄæWWG&Â–çfW'F6R•#c“3rÆçBæWWG&Â–çfW'F6RÂÓã3s3#sSC“#3“#S"ÅG'VRÂÂÂÂÂÂÂÂÄfÇ6RÄfÇ6P¥6öÇ–3scscÄÆ÷rÖöÆV7VÆ"vV–v‡B&÷FV–â×G—&÷6–æR×†÷7†F6R6Ç#3#‚•#b&÷FV–â×G—&÷6–æR†÷7†F6Uö'6VæFR&VGV7F6RÂÓãcCcc“Cƒ#3s““"ÅG'VRÂÂÂÂÂÂÂÂÄfÇ6RÄfÇ6P¥6öÇ–3scs“Â%WF–G–Â×&öÇ–Â6—2×G&ç2—6öÖW&6R•##3WF–G–Â×&öÇ–Â6—2×G&ç2—6öÖW&6RÂ7–6Æ÷†–Æ–â×G—R"ÂÓã#“c#Cƒc3C3ƒ“’ÅG'VRÂÂÂÂÂÂÂÂÄfÇ6RÄfÇ6P¥6öÇ–3scsÃc26–F–2&–&÷6öÖÂ&÷FV–âÖÆ–¶R&÷FV–â•#ƒ2&–&÷6öÖÂ&÷FV–âc2ÂÓãc#ƒSSCƒCScSsƒ3ƒRÅG'VRÂÓãc#ƒssc#ƒ3Cƒ#S’ÃãCcC3SCssSƒ–RÓÃ’ã#c3Css“3SƒFRÓÃ"ãÃãƒCsSscSƒ““cs’ÃãƒCsSscSƒ““cs’ÃrãS3cSccC“–RÓbÅ6öÇ–3scsããõ32ÅG'VRÅG'VP¥6öÇ–3scsSÅVæ¶æ÷vâ&÷FV–âÂÓã##Ss#c“sƒc3sCS"ÅG'VRÂÂÂÂÂÂÂÂÄfÇ6RÄfÇ6P¥6öÇ–3scscÄÆFõö¶WFò&VGV7F6RfÖ–Ç’&÷FV–â•#3“RÆFõö¶WFò&VGV7F6RÃãS3C““3SssS3ƒSRÅG'VRÃãSCSc#“#c“cc#"Ã"ã3c“ƒcƒSƒS†RÓBÃbãCSƒ““sc3“&RÓ2ÂÂÂÂÂÅG'VRÄfÇ6P¥6öÇ–3scs“Â$fGG’7–Â6ô&VGV7F6R•#3#ÖÆR7FW&–Æ—G’ÂäBÖ&–æF–ær"ÂÓã#ƒc#“c#ƒƒs3ƒsƒƒrÅG'VRÂÂÂÂÂÂÂÂÄfÇ6RÄfÇ6P¥6öÇ–3scs#Ä†—&Æ–¶R&÷FV–â•#C“BEUÖÆ–¶RVæ†æ6W"öb7Æ—BÃã3c#CsCss3Cc3SrÅG'VRÂÂÂÂÂÂÂÂÄfÇ6RÄfÇ6P¥6öÇ–3scs#3Â%f7VöÆ"6÷'F–ær&÷FV–âF"•#3“S’E6RÂ×G—RÂ6÷&R"ÂÓã3s#CSc#ƒƒ“C“#S’ÅG'VRÂÂÂÂÂÂÂÂÄfÇ6RÄfÇ6P¥6öÇ–3scs#CÂ%f7VöÆ"6÷'F–ær&÷FV–âF"•#3“S’E6RÂ×G—RÂ6÷&R"Ãã3CsC3“S3Sc“2ÅG'VRÂÂÂÂÂÂÂÂÄfÇ6RÄfÇ6P¥6öÇ–3scs#cÄ‡–G&öÆ6RÇ†ö&WFföÆBfÖ–Ç’&÷FV–â•#s2Ç†ö&WF‡–G&öÆ6RföÆBÓÃãCcs3sƒƒS“““SBÅG'VRÂÂÂÂÂÂÂÂÄfÇ6RÄfÇ6P¥6öÇ–3scs#ƒÂ$Õ”"Ô42G—RG&ç6f7F÷"•#cCCr×–"ÖÆ–¶RDäÖ&–æF–ær&Vv–öâÂ4„µ”b6Æ72"ÂÓã#cCCS#“S“ss“cƒBÅG'VRÂÂÂÂÂÂÂÂÄfÇ6RÄfÇ6P¥6öÇ–3scƒCÂ%V&—V–æöÂÖ7—Fö6‡&öÖR2&VGV7F6R•#ƒ#rV&—V–æöÂÖ7—Fö6‡&öÖR2&VGV7F6RÂU5%…õ5#’ÖÆ–¶R"ÂÓãSs3C##“3s“3CCrÅG'VRÂÂÂÂÂÂÂÂÄfÇ6RÄfÇ6P¥6öÇ–3scƒC#Å&–&÷6öÖÂ&÷FV–â•##C2&–&÷6öÖÂ&÷FV–âÃÂÓãcSƒsƒ3s3C“s"ÅG'VRÂÓãcSƒ#33SSsƒ3##’Ã"ãc3“cƒCSƒ“3“&RÓÃãSSƒC““C#cfRÓ’ÂÂÂÂÂÅG'VRÄfÇ6P¥6öÇ–3scƒC3Â$fW'&VF÷†–â•##CfW'&VF÷†–âƒ$fRÓ%2’ÂÆçB"Ãã#33#s“SƒC“sƒBÅG'VRÃã#3CcCCC3#“ƒsRÃ2ãƒ“#cƒC“C“s“#ƒVRÓ"ÃBã#CSS##ƒCƒvRÓÃãÃãcs3SCCC#3“CƒsRÂÓãcs3SCCC#3“CƒsRÃ2ã“cƒcƒƒ#“sƒcRÓbÅ6öÇ–3scƒC3ããõ3ƒrÅG'VRÅG'VP¥6öÇ–3scƒCCÂ$vÇV6âVæFòÓ2Ö&WFÖvÇV6÷6–F6Rr•#C“vÇ–6÷6–FR‡–G&öÆ6RÂfÖ–Ç’r"Ãã“c##333ƒ“ƒ“’ÅG'VRÂÂÂÂÂÂÂÂÄfÇ6RÄfÇ6P¥6öÇ–3scƒCSÄ&–övVæW6—2öbÇ—6÷6öÖR×&VÆFVB÷&væVÆÆW26ö×ÆW‚Ó7V'Væ—B•#“3“Rt4ãRÖÆ–¶RÂÓãS#cƒƒƒc“ƒC3“ƒ“bÅG'VRÂÂÂÂÂÂÂÂÄfÇ6RÄfÇ6P¥6öÇ–3scƒCcÄ6Ç–âÓ"6FÇ—F–27V'Væ—B•#““"TbÔ†æBG—RÃã3CsCSCƒs3“#s#2ÅG'VRÂÂÂÂÂÂÂÂÄfÇ6RÄfÇ6P¥6öÇ–3scƒCƒÄDäöÇ–ÖW&6RW6–Æöâ7V'Væ—B2•#3“S‚G&ç67&—F–öâf7F÷"4$eôäbÕ•ö&6†VÂ†—7FöæRÂÓãC3“3ƒƒ3“C“#Sƒ#CbÅG'VRÂÂÂÂÂÂÂÂÄfÇ6RÄfÇ6P¥6öÇ–3scƒC“Æ4Dä6ÆöæR£3##"gVÆÂ–ç6W'B6WVVæ6RÂÓãS#cƒ“SCSƒsCC2ÅG'VRÂÂÂÂÂÂÂÂÄfÇ6RÄfÇ6P¥6öÇ–3scƒSÅG&ç7÷'B&÷FV–â4T3#B•#cƒ“b6V3#5õ6V3#BG'Væ²&Vv–öâÂÓã#“ƒ3ƒ“““sSs3sC3RÅG'VRÂÂÂÂÂÂÂÂÄfÇ6RÄfÇ6P¥6öÇ–3scƒSÄccÔE6R–æ†–&—F÷"&÷FV–âÂÓã#SC#CƒsscrÅG'VRÂÂÂÃãÃã#SC“3c“CCCCcÃã#SC“3c“CCCCcÃ2ãSs#s33ƒ3sCCS&RÓ’Å6öÇ–3scƒSããõ3RÄfÇ6RÅG'VP¥6öÇ–3scƒSCÄâÖ6&&Ö÷–ÇWG&W66–æRÖ–F6R•#3æ—G&–Æ6Uö7–æ–FR‡–G&F6RæBöÆ—÷&÷FV–ââÖ7–ÇG&ç6fW&6R•#ssSRâÖ6&&Ö÷–ÇWG&W66–æRÖ–F6RÂÓã3S#ƒ“Cc““scƒ’ÅG'VRÂÂÂÂÂÂÂÂÄfÇ6RÄfÇ6P¥6öÇ–3scƒcÂ$7F–â&VÆFVB&÷FV–â%ó26ö×ÆW‚7V'Væ—B"•#sƒ‚'%ó26ö×ÆW‚Â3F´F7V'Væ—B3BÔ&2"ÂÓãsS“Sc“SƒƒsSƒ3s2ÅG'VRÂÓãsS#3ss3S“3ƒcƒ3C2Ãã#3ƒscCSc"ÃãƒSc3#ccCC"ÂÂÂÂÂÅG'VRÄfÇ6P¥6öÇ–3scƒcCÄ÷3ssS“&÷FV–â„g&vÖVçB’•#c#B&ÖF–ÆÆò×G—RföÆBÂÓãCcc#3“SCƒcCBÅG'VRÂÂÂÃãÃãS“ƒCS3“3“scBÃãS“ƒCS3“3“scBÃãc33cƒccS#VRÓRÅ6öÇ–3scƒcCããõ3“µ3“BÄfÇ6RÅG'VP¥6öÇ–3scƒcSÅ&VF–7FVBçV6ÆV÷6–FRÖF—†÷7†FR×7Vv"W–ÖW&6R•#“3cr&÷FV–âöbVæ¶æ÷vâgVæ7F–öâETc#"ÃãCssSCcSSsS“C"ÅG'VRÂÂÂÂÂÂÂÂÄfÇ6RÄfÇ6P¥6öÇ–3scƒccÂ$õERFöÖ–â6öçF–æ–ær&÷FV–â•#33#2÷f&–âGVÖ÷W"Â÷GV&–â"ÂÓãS3cCc“s3##cc‚ÅG'VRÂÂÂÂÂÂÂÂÄfÇ6RÄfÇ6P¥6öÇ–3scƒcsÄæ–6Æ–â•#ƒsæ–67G&–âÂÓãsCsƒ#“3S“Cƒ"ÅG'VRÂÂÂÂÂÂÂÂÄfÇ6RÄfÇ6P¥6öÇ–3scƒc“Â$Ç'"Â&W6—7Fæ6R&÷FV–âg&vÖVçB"ÂÓãs“Sc33C“s3“#BÅG'VRÂÓãƒƒsCƒƒc3ccRÃã#CCƒƒSC“ƒ#vRÓ"ÃãcSc#sƒƒ#c#VRÓÂÂÂÂÂÅG'VRÄfÇ6P¥6öÇ–3scƒs3Äæ—G&–Æ6RD•#3æ—G&–Æ6Uö7–æ–FR‡–G&F6RæBöÆ—÷&÷FV–ââÖ7–ÇG&ç6fW&6RÃãcsSc#“ƒ#ƒ33“ƒ’ÅG'VRÃãcsc“ƒ3cS#cc3RÃ2ã3S#3ƒƒsScs“fRÓÃ"ãSs“ƒ3“c#s3s3RÓÂÂÂÂÂÅG'VRÄfÇ6P¥6öÇ–3scƒsCÄÖWF‡–Â&–æF–ærFöÖ–â&÷FV–â•#s3’ÖWF‡–ÂÔ7rDä&–æF–ærÂÓã#csc#3cccƒƒs#3ÅG'VRÂÂÂÂÂÂÂÂÄfÇ6RÄfÇ6P¥6öÇ–3scƒscÅVæ¶æ÷vâ&÷FV–âÂÓã#SC“ƒS33Cƒc#“3BÅG'VRÂÂÂÂÂÂÂÂÄfÇ6RÄfÇ6P¥6öÇ–3scƒs“Ä6‡&öÖ÷6öÖR#÷Vâ&VF–ærg&ÖR‚÷'F†öÆör•#“cƒ‚&÷FV–âöbVæ¶æ÷vâgVæ7F–öâETc#s’ÂÓã##C3S#CƒSƒC#‚ÅG'VRÂÂÂÂÂÂÂÂÄfÇ6RÄfÇ6P¥6öÇ–3scƒƒ#ÃS2&–&÷6öÖÂ&÷FV–âÃ#r•#cƒB&–&÷6öÖÂ&÷FV–âÃ#rÂÓã“cC3sS3ƒSCƒBÅG'VRÂÓã“S“c#CƒSƒC#c‚Ã"ãSCƒssS“C#Ss“3–RÓ’ÃãC“3CCƒ3Cs3RÓ‚ÂÂÂÂÂÅG'VRÄfÇ6P¥6öÇ–3scƒƒ3Â$÷&÷F–F–æRUö÷2×†÷7†FRFV6&&÷‡–Æ6R„÷&÷FFR†÷7†÷&–&÷7–ÇG&ç6fW&6R’•#sSB÷&÷F–F–æRR×†÷7†FRFV6&&÷‡–Æ6RÂ6÷&R"ÂÓãS#33sSSS#ƒs’ÅG'VRÂÂÂÂÂÂÂÂÄfÇ6RÄfÇ6P¥6öÇ–3scƒƒsÂ$6ö–ÆVBÖ6ö–ÂFöÖ–â6öçF–æ–ærSR•#ƒc"&÷FV–âöbVæ¶æ÷vâgVæ7F–öâETc#CÂ6ö–ÆVBÖ6ö–Â"ÂÓãcS“ƒ#SCƒC32ÅG'VRÂÂÂÃãÃãc“ƒƒ#cƒc#“S#ƒ"Ããc“ƒƒ#cƒc#“S#ƒ"Ããsƒ3C#s3“SÅ6öÇ–3scƒƒsããõ3#3sµ3#3’ÄfÇ6RÅG'VP¥6öÇ–3scƒ“Ä†'–âÖ–æGV6VB&÷FV–â6öçF–æ–ær&÷FV–âW‡&W76VB•#ƒCr†'–âÖ–æGV6VBÃãsSCs##scs#ƒ#3s’ÅG'VRÃãsSCs#“SC3S#cƒÃ2ãC#“ss“s3“ƒƒfRÓ’ÃãCƒC“cs3cSsFRÓ‚ÂÂÂÂÂÅG'VRÄfÇ6P¥6öÇ–3scƒ“ÄÖWF‡–Â&–æF–ærFöÖ–â&÷FV–â„g&vÖVçB’•#s3’ÖWF‡–ÂÔ7rDä&–æF–ærÂÓãSSsCSƒ“cssccc“bÅG'VRÂÂÂÂÂÂÂÂÄfÇ6RÄfÇ6P¥6öÇ–3scƒ“3ÄWF÷†w’×&VÆFVBr•#c#ƒRSÖÆ–¶R&÷FV–âÖ7F—fF–ærVç§–ÖRw6wôswÂÓã#“S“cSC#sScSbÅG'VRÂÂÂÃ"ãÃãcsƒc3sƒsS“2Ããcsƒc3sƒsS“2ÃBã3S““#Scs“VRÓrÅ6öÇ–3scƒ“3ããõ3sÄfÇ6RÅG'VP¥6öÇ–3scƒ“SÄ$TÃÖÆ–¶R†öÖVöFöÖ–â&÷FV–â•#cSc2õ‚ÂÓãSƒ#3#SSsCcCS’ÅG'VRÂÂÂÃ2ãÃãccSCc3#Cƒ3sCƒ’ÃãccSCc3#Cƒ3sCƒ’ÃãS3SCƒc3ƒCƒRÓ‚Å6öÇ–3scƒ“Sããõ3#Cµ6öÇ–3scƒ“Sããõ33#µ6öÇ–3scƒ“SããõCcbÄfÇ6RÅG'VP¥6öÇ–3scƒ“ƒÂ$Ö—Fö6†öæG&–Â–×÷'B–ææW"ÖVÖ'&æRG&ç6Æö66R7V'Væ—BF–Ó#"•#33“rÖ—Fö6†öæG&–Â–ææW"ÖVÖ'&æRG&ç6Æö66R6ö×ÆW‚Â7V'Væ—BF–Óuó#""ÂÓã33c3ƒc“#cƒ#S3S“2ÅG'VRÂÂÂÂÂÂÂÂÄfÇ6RÄfÇ6P¥6öÇ–3scƒ““Â$dÓ”•#“CÖWF‡–ÇG&ç6fW&6RÓbÂWFF—fR"ÂÓã3c3sƒs#s#s##2ÅG'VRÂÂÂÂÂÂÂÂÄfÇ6RÄfÇ6P¥6öÇ–3sc“Â%BÖ6ö×ÆW‚&÷FV–â7V'Væ—B&WF•##sbBÖ6ö×ÆW‚&÷FV–âÂ&WF7V'Væ—B"ÂÓãscS#ss3s“cƒC2ÅG'VRÂÂÂÃãÃãsCƒScSsScBÃãsCƒScSsScBÃ"ãSƒSsC“CSS36RÓRÅ6öÇ–3sc“ããõ3SRÄfÇ6RÅG'VP¥6öÇ–3sc“Â$Ç†ÔÂÖgV6÷6–F6R•#“32vÇ–6÷6–FR‡–G&öÆ6RÂfÖ–Ç’#’"ÂÓãc3cƒƒ“#3#Cc’ÅG'VRÂÓãcCƒCScccs3SÃãS“Sƒs3s#SCRÓÃã3#s“s#ssC3ƒ6RÓÂÂÂÂÂÅG'VRÄfÇ6P¥6öÇ–3sc“CÄÆ7F÷–ÆvÇWFF†–öæRÇ–6R•#C3cvÇ–÷†Æ6R’ÂÓãc3“ƒCs3sScC“S"ÅG'VRÂÓãc3ƒ#S3cCƒ33“3"Ãbãƒ#sCCS##cCC†RÓÃ2ã#ƒccƒƒS“sS6RÓ’ÂÂÂÂÂÅG'VRÄfÇ6P¥6öÇ–3sc“SÃBÖ6÷VÖ&FRÖ6öÆ–v6R•#ƒs2ÕÖFWVæFVçB7–çF†WF6RæBÆ–v6RÂÓãsSs#ƒSSC““‚ÅG'VRÂÓãsSƒ3cccSC“3’Ã2ãSSƒ#“3c3#“ƒvRÓÃ"ãss“s#ƒ#vRÓÂÂÂÂÂÅG'VRÄfÇ6P¥6öÇ–3sc““ÄEÖ&–æF–ær676WGFR&÷FV–â•#3C3’$2G&ç7÷'FW"ÖÆ–¶RÂÓã#c“3sCCSS“#"ÅG'VRÂÂÂÃãÃãsSSs#3S“S“s#rÃãsSSs#3S“S“s#rÃ"ã33cs#RÓbÅ6öÇ–3sc““ããõ333’ÄfÇ6RÅG'VP¥6öÇ–3sc“SÂ%&÷FV6öÖR7V'Væ—B&WFG—R•#c#“R&÷FV6öÖRVæF÷WF–F6R6ö×ÆW‚Â&WF7V'Væ—B"Ããƒ“sS3S“ƒC“ƒ3RÅG'VRÂÂÂÂÂÂÂÂÄfÇ6RÄfÇ6P¥6öÇ–3sc“cÂ%7VÖòÆ–v6R•#Cƒ¦–æ2f–ævW"ÂÔ•¢×G—R"ÂÓãCCƒ“s3sS3sSs2ÅG'VRÂÂÂÂÂÂÂÂÄfÇ6RÄfÇ6P¥6öÇ–3sc“sÂ%G&ç6ÖVÖ'&æR&÷FV–â#’•#“sb7—Fö6‡&öÖR#Sc×&VÆFVBÂâ×FW&Ö–æÂ"ÂÓãƒcƒCcC#S“3S“s"ÅG'VRÂÂÂÃbãÃãƒC#sc3cc3cƒƒCsbÃãƒC#sc3cc3cƒƒCsbÃã3#C#s3#Cƒ“#RÓbÅ6öÇ–3sc“sããõ3#“#µC3Sµ6öÇ–3sc“sããõ33#µ6öÇ–3sc“sããõC#sµ6öÇ–3sc“sããõC#ƒµC3RÄfÇ6RÅG'VP¥6öÇ–3sc“ƒÂ$—6÷fÆW'–ÂÔ6ôFV‡–G&övVæ6R•#“7–ÂÔ6ôFV‡–G&övVæ6Uö÷†–F6RÂÖ–FFÆRæBâ×FW&Ö–æÂ"ÂÓãsC#“ƒ3ƒScssƒrÅG'VRÂÓãsC#Ccƒƒƒ##“3SS"ÃãSSs“cC““ƒC“““RÓ’ÃrãCs#ƒS“s“vRÓ’ÂÂÂÂÂÅG'VRÄfÇ6P¥6öÇ–3sc“#cÄ6ö&ÇB–×÷'BEÖ&–æF–ær&÷FV–â6&”ò"•#3C3’$2G&ç7÷'FW"ÖÆ–¶RÃã#S#“C3s#S3Sƒs3"ÅG'VRÂÂÂÂÂÂÂÂÄfÇ6RÄfÇ6P¥6öÇ–3sc“#sÂ$&WFÖvÆ7F÷6–F6R•#“CBvÇ–6÷6–FR‡–G&öÆ6RÂfÖ–Ç’3R"ÃãC###c3#sSƒ“ccRÅG'VRÂÂÂÂÂÂÂÂÄfÇ6RÄfÇ6P¥6öÇ–3sc“#“ÄvÇWFÖ–æRÖ–F÷G&ç6fW&6R7V'Væ—BG…B•##c4äòvÇWFÖ–æRÖ–F÷G&ç6fW&6RÃã#sƒcSƒ#Cc“scc’ÅG'VRÂÂÂÂÂÂÂÂÄfÇ6RÄfÇ6P¥6öÇ–3sc“3Å6W&–æU÷F‡&Vöæ–æR×&÷FV–â¶–æ6RÖÆ–¶R&÷FV–â•#sCC"6W&–æU÷F‡&Vöæ–æR&÷FV–â¶–æ6R×&VÆFVBÃãC“ƒSc“c“S3CS’ÅG'VRÂÂÂÂÂÂÂÂÄfÇ6RÄfÇ6P¥6öÇ–3sc“3Å6W&–æU÷F‡&Vöæ–æR×&÷FV–â¶–æ6RÖÆ–¶R&÷FV–â•###“6W&–æU÷F‡&Vöæ–æR&÷FV–â¶–æ6RÃã#ƒ3cs#css““3s#bÅG'VRÂÂÂÂÂÂÂÂÄfÇ6RÄfÇ6P¥6öÇ–3sc“3CÂ##52%$ä…W&6–ÂÓRÒ’ÖÖWF‡–ÇG&ç6fW&6R•#Ss¦–æ2f–ævW"Â444‚×G—R"ÂÓã3“ssƒsCsƒSs3SƒBÅG'VRÂÂÂÃãÃãc“cC3cS###“SÃãc“cC3cS###“SÃ"ãƒsS“#Cc#ƒVRÓbÂÄfÇ6RÅG'VP¥6öÇ–3sc“3cÅ7VUõ–6”õõ—&D5õ—vÄ2fÖ–Ç’&÷FV–â•#C3ƒ‚7VUõ–6”õõ—&D5õ—vÄ2ÂÓãƒ“3s#3sC#Sƒ#CbÅG'VRÂÂÂÂÂÂÂÂÄfÇ6RÄfÇ6P¥6öÇ–3sc“3sÂ$†öÆÆ–F’§Væ7F–öâEÖFWVæFVçBDä†VÆ–66R'Wd"•#33’D•C’Â2×FW&Ö–æÂ"Ãã33ƒc#CSCc‚ÅG'VRÂÂÂÂÂÂÂÂÄfÇ6RÄfÇ6P¥6öÇ–3sc“3ƒÂ#BÖ‡–G&÷‡’Ó2ÖÖWF‡–Æ'WBÓ"ÖVâÓ×–ÂF—†÷7†FR7–çF†6R•#ss‚BÖ‡–G&÷‡’Ó2ÖÖWF‡–Æ'WBÓ"ÖVâÓ×–ÂF—†÷7†FR7–çF†6RÂG—–6Â"Ãã3sCƒ“ccƒƒ““c2ÅG'VRÃã3ssƒsƒ3‚Ãã““ƒSC3“ƒSƒ#FRÓ2Ã"ãsss#ƒS3#“†RÓ"ÂÂÂÂÂÅG'VRÄfÇ6P¥6öÇ–3sc“CÅ&÷FV–âF—7VÆf–FR—6öÖW&6RÂÓ"•#Ss“"&÷FV–âF—7VÇ†–FR—6öÖW&6RÂÓãcSc#SS3CSsBÅG'VRÂÓãcS“ScCsCc#’Ã‚ãs3##“Cƒ“3ssFRÓÃRã“C#ssCcSc#“cRÓÂÂÂÂÂÅG'VRÄfÇ6P¥6öÇ–3sc“C3ÄV÷&–â•###c’V÷&–âÃã#sSccCC#s3’ÅG'VRÂÂÂÃbãÃã3SCƒSSƒ#s“#cSRÃã3SCƒSSƒ#s“#cSRÃãS3##c3s““#3S&RÓ‚Å6öÇ–3sc“C3ããõ3cµ6öÇ–3sc“C3ããõ3#ƒ#µ3#ƒSµ6öÇ–3sc“C3ããõ3#ƒSµ6öÇ–3sc“C3ããõC#ÄfÇ6RÅG'VP¥6öÇ–3sc“CCÅ&–&÷6öÖÂ&÷FV–âÃ"•#“&–&÷6öÖÂ&÷FV–âÃÂÓãC3““#ƒC““##S#c“BÅG'VRÂÂÂÃãÃãSƒ“““ssc3Cƒ#ƒ"ÃãSƒ“““ssc3Cƒ#ƒ"ÃãC#C#“ƒ#sCFRÓRÅ6öÇ–3sc“CCããõ33‚ÄfÇ6RÅG'VP¥6öÇ–3sc“C“Å6W&–æU÷F‡&Vöæ–æR×&÷FV–â†÷7†F6Rb&VwVÆF÷'’7V'Væ—B2•#sSƒr4•CB†÷7†F6RÖ76ö6–FVB&÷FV–âÂÓã#3SƒCƒCS#CCScÅG'VRÂÂÂÂÂÂÂÂÄfÇ6RÄfÇ6P¥6öÇ–3sc“S3Ä¶–æ6RÕ5D%B„g&vÖVçB’•#“sc’&÷FV–âöbVæ¶æ÷vâgVæ7F–öâETc33bÃãc“33ƒSsƒc33ƒ3CÅG'VRÃãs“#CS“c3“ƒsc‚Ã2ãC“S“3sVRÓbÃbãs3ssc##cS3RÓbÃ"ãÃã“CƒƒSC3s3#S"Ãã“CƒƒSC3s3#S"Ã2ãssssƒ3sc“#FRÓbÅ6öÇ–3sc“S3ããõ33Sµ6öÇ–3sc“S3ããõ3CBÅG'VRÅG'VP¥6öÇ–3sc“cCÂ$6&&öæ–2æ‡–G&6RfÖ–Ç’&÷FV–â•#ƒ3C6&&öæ–2æ‡–G&6RÂ4ƒÖÆ–¶R"ÂÓãScƒƒ““cS#ccc3rÅG'VRÂÂÂÂÂÂÂÂÄfÇ6RÄfÇ6P¥6öÇ–3sc“c“Å&÷FV–âF—7VÆf–FR—6öÖW&6R•#3scbF†–÷&VF÷†–âFöÖ–âÂÓãcƒƒƒC“sƒs#ƒ2ÅG'VRÂÂÂÂÂÂÂÂÄfÇ6RÄfÇ6P¥6öÇ–3sc“sÂ$VÆöævF–öâf7F÷"ÖÇ†•#CS3’G&ç6ÆF–öâVÆöævF–öâf7F÷"TcÂWV¶'–÷F–2æB&6†VÂ"ÃãSSC“sccƒS3CcBÅG'VRÂÂÂÂÂÂÂÂÄfÇ6RÄfÇ6P¥6öÇ–3sc“s#Â##e2&÷FV6R&VwVÆF÷'’7V'Væ—Bd"†öÖöÆör•#S“3‚E6RÂ×G—RÂ4D3C‚"ÂÓãs3ss3SSScƒrÅG'VRÂÂÂÂÂÂÂÂÄfÇ6RÄfÇ6P¥6öÇ–3sc“s“Æ6†W&öæ–â•#ƒCB6†W&öæ–â7ãcÃã“ƒCƒ3c““SCsc#"ÅG'VRÃã“ƒCssƒ3““““Cƒcƒ"Ããs##S3#c#ƒƒ–RÓ2Ã2ãƒ“#c“cCs#c†RÓ"ÃãÃãƒ3ƒSCS3RÂÓãƒ3ƒSCS3RÃã3c#sSc3“#Sc†RÓRÂÅG'VRÅG'VP¥6öÇ–3sc“ƒÆ7—Fö6‡&öÖRCSÃãssƒ3“#cs###S#SbÅG'VRÂÂÂÂÂÂÂÂÄfÇ6RÄfÇ6P¥6öÇ–3sc“ƒ3Â$'6Væ—FRE6RG&ç7÷'FW"„WW&ögVær’•#33C‚E6RÂæ–öâ×G&ç7÷'F–ær"ÂÓã#33cc“c“3“c“#"ÅG'VRÂÂÂÂÂÂÂÂÄfÇ6RÄfÇ6P¥6öÇ–3sc“ƒcÂ$vÇWF&VF÷†–â•#ƒ“’vÇWF&VF÷†–âÂWV¶'–÷F–2æBf—'W6W2"Ãã3s3#“##S3c#32ÅG'VRÂÂÂÂÂÂÂÂÄfÇ6RÄfÇ6P¥6öÇ–3sc““Â$DäÖF—&V7FVB$äöÇ–ÖW&6R”’7V'Væ—B¢•#“#RDäÖF—&V7FVB$äöÇ–ÖW&6RÂ$%ÖÆ–¶R"ÂÓã3CƒscSsƒ“SsCc’ÅG'VRÂÂÂÂÂÂÂÂÄfÇ6RÄfÇ6P¥6öÇ–3sc““SÂ$6VÆÂF—f—6–öâ&÷FV6RgG4‚†öÖöÆör•#3“cE6RÂ×G—RÂ6öç6W'fVB6—FR•#S“3bWF–F6RÓCÂgG4‚"Ãã3cc3C##SC33bÅG'VRÂÂÂÂÂÂÂÂÄfÇ6RÄfÇ6P¥6öÇ–3ss#ÅVæ¶æ÷vâ&÷FV–âÂÓã3sCƒ#CSƒsƒ3CCBÅG'VRÂÂÂÂÂÂÂÂÄfÇ6RÄfÇ6P¥6öÇ–3ss3Â$äD‚×V–æöæR÷†–F÷&VGV7F6R7V'Væ—B"•#c3‚äDƒ§V&—V–æöæR÷†–F÷&VGV7F6RÂ#´F7V'Væ—B"Ããs3ssCcCC33ÅG'VRÂÂÂÂÂÂÂÂÄfÇ6RÄfÇ6P¥6öÇ–3ssSÂ$ETcƒcbFöÖ–â&÷FV–â•#ƒSƒB&÷FV–âöbVæ¶æ÷vâgVæ7F–öâETcƒcbÂWV¶'–÷F–2"ÃãSScsƒ#cS"ÅG'VRÂÂÂÂÂÂÂÂÄfÇ6RÄfÇ6P¥6öÇ–3ss#Ä6†&vVB×VÇF—fW6–7VÆ"&öG’&÷FV–âF"•#S#B6æcrÂÓã#“sS“#ƒƒs##3csbÅG'VRÂÂÂÂÂÂÂÂÄfÇ6RÄfÇ6P¥6öÇ–3ss3Â%&öf–Æ–â•#SCSR&öf–Æ–âÂÆçB"ÂÓãƒSCC33“#3s““ƒbÅG'VRÂÓãƒSC##3s“S“C#‚Ãrã3CƒS#ƒ“ssCc†RÓÃRãƒccƒC#Cƒ3c6RÓÂÂÂÂÂÅG'VRÄfÇ6P¥6öÇ–3ss##Ä÷3VsS“c#&÷FV–â„g&vÖVçB’ÂÓã3S3Cc“S“S“C“CbÅG'VRÂÂÂÂÂÂÂÂÄfÇ6RÄfÇ6P¥6öÇ–3ss#cÂ%V&—V—F–âÖ6öæ§VvF–ærVç§–ÖRS"•#c‚V&—V—F–âÖ6öæ§VvF–ærVç§–ÖRÂS""ÃãCƒ“#3C“#““#"ÅG'VRÂÂÂÂÂÂÂÂÄfÇ6RÄfÇ6P¥6öÇ–3ss#sÄ6Æ72Rf7VöÆ"&÷FV–â×6÷'F–ærÖ6†–æW'’&÷FV–â…4S•#ƒ#Rd…27V&w&÷WÂÓã#c#ƒ#SSbÅG'VRÂÂÂÂÂÂÂÂÄfÇ6RÄfÇ6P¥6öÇ–3ss#ƒÂ$'&æ6†VBÖ6†–âÖ–æò6–BÖ–æ÷G&ç6fW&6RÆ–¶R&÷FV–â•#SCBÖ–æ÷G&ç6fW&6RÂ6Æ72•b"Ãã3C“ƒ“ƒc“SBÅG'VRÂÂÂÂÂÂÂÂÄfÇ6RÄfÇ6P¥6öÇ–3ss#“Â$Æ6ö†öÂFV‡–G&övVæ6R•##ƒRÆ6ö†öÂFV‡–G&övVæ6R7WW&fÖ–Ç’Â¦–æ2Ö6öçF–æ–ær"ÂÓãSssSƒ##“Ccc‚ÅG'VRÂÓãSsC“CcSC““scbÃ"ã3#sc3CcC–RÓÃãs3ƒ“c“#“ScƒfRÓÂÂÂÂÂÅG'VRÄfÇ6P¥6öÇ–3ss33Ä×cr&÷FV–â•#s#C‚×cuõÕ#"Ãã#ssƒs#Sc#S33RÅG'VRÂÂÂÂÂÂÂÂÄfÇ6RÄfÇ6P¥6öÇ–3ss3CÄ$“2Ö–çFW&7F–ær&÷FV–â"„g&vÖVçB’•##CsBg&–v–FÖÆ–¶RÂÓãcƒ3#C#CƒS“s"ÅG'VRÂÂÂÂÂÂÂÂÄfÇ6RÄfÇ6P¥6öÇ–3ssC3Â$62Öæ'2ÖÇ'"Â&W6—7Fæ6R&÷FV–â"ÂÓãS“3S““3ƒSCcs#SRÅG'VRÂÓãSƒ“ƒ3cCs3ƒcCcCC"ÃBã3“C#S#“S“CS–RÓrÃãScƒ#C#“ƒC“–RÓbÂÂÂÂÂÅG'VRÄfÇ6P¥6öÇ–3ssCcÄFV‡–G&övVæ6U÷&VGV7F6R4E"fÖ–Ç’ÖVÖ&W"2•##3CrvÇV6÷6U÷&–&—FöÂFV‡–G&övVæ6RÂÓãssS##SCSƒ#c2ÅG'VRÂÓãssS3Cc“ƒ3ƒƒƒ“ƒ’Ã’ãƒs#sCCSsS3csRÓÃbãSs#“SS3#c33–RÓÂÂÂÂÂÅG'VRÄfÇ6P¥6öÇ–3ssC“Å&–&÷6öÖÂ&÷FV–âÃ3•##3&–&÷6öÖÂ&÷FV–âÃ3RÃã3cSssƒc“3#sÅG'VRÂÂÂÂÂÂÂÂÄfÇ6RÄfÇ6P¥6öÇ–3ssS#Â$vÇV6âVæFòÓ2Ö&WFÖvÇV6÷6–F6Rr•#C“vÇ–6÷6–FR‡–G&öÆ6RÂfÖ–Ç’r"Ãã##3ƒ“sS#cc“sBÅG'VRÂÂÂÂÂÂÂÂÄfÇ6RÄfÇ6P¥6öÇ–3ssSSÄvÇWF×–Â×E$ä„vÆâ’Ö–F÷G&ç6fW&6R7V'Væ—B•##Ö–F6R6–væGW&RVç§–ÖRÂÓãS3s3ƒC“#ƒƒBÅG'VRÂÂÂÂÂÂÂÂÄfÇ6RÄfÇ6P¥6öÇ–3ssScÅ&W7G&–7FVBFWbÖ÷fVÖVçB"•#ƒ“s‚…5#ÖÆ–¶R6†W&öæRÂÓãC3#sSc““CS2ÅG'VRÂÂÂÂÂÂÂÂÄfÇ6RÄfÇ6P¥6öÇ–3ssSƒÄÆFV‡–FR÷†–F6R•#c#‚ÆFV‡–FR÷†–F6U÷†çF†–æRFV‡–G&övVæ6RÂÓãSs#ƒcSc“c3ssÅG'VRÂÂÂÂÂÂÂÂÄfÇ6RÄfÇ6P¥6öÇ–3ssc#ÄÆFV‡–FR÷†–F6R•#c#‚ÆFV‡–FR÷†–F6U÷†çF†–æRFV‡–G&övVæ6RÂÓãc3“ƒCScCs“SS“c"ÅG'VRÂÓãc3““#Cscc#c3rÃãCƒƒSSSc3ScVRÓRÃrãCcsSSƒC“S&RÓBÂÂÂÂÂÅG'VRÄfÇ6P¥6öÇ–3sscCÂ$&WFÔBÖvÇV6÷6–F6R•#scBvÇ–6÷6–FR‡–G&öÆ6RÂfÖ–Ç’2Ââ×FW&Ö–æÂ"ÂÓãƒCCss3ƒc33s"ÅG'VRÂÂÂÂÂÂÂÂÄfÇ6RÄfÇ6P¥6öÇ–3ssccÄäbÖ¶Ô"Ö7F—fF–ær&÷FV–â•#“#c’&÷FV–âöbVæ¶æ÷vâgVæ7F–öâETc“#bÂÓãcSCC3scccs’ÅG'VRÂÓãcS3Cs#CS#C“#Ã’ãƒsc33““Cs“3#3RÓ‚Ã"ã“sSc#CC“3“s3fRÓrÃ2ãÃã“#Css3ƒ#“sƒ3ƒBÃã“#Css3ƒ#“sƒ3ƒBÃ"ãScƒc“3ss#3†RÓRÅ6öÇ–3ssccããõ33#µ33Cµ6öÇ–3ssccããõ3#sµ6öÇ–3ssccããõCccµ3c‚ÅG'VRÅG'VP¥6öÇ–3sscƒÅ6W&–æU÷F‡&Vöæ–æR&÷FV–â¶–æ6R•###“6W&–æU÷F‡&Vöæ–æR&÷FV–â¶–æ6RÂÓãC“cƒƒcƒ3“#“‚ÅG'VRÂÂÂÃãÃã“S3C3cS#3ƒ3ƒ“BÃã“S3C3cS#3ƒ3ƒ“BÃbã3Ssƒ#S“s#SRÓrÂÄfÇ6RÅG'VP¥6öÇ–3sssÂ%V&—V—F–â6&&÷‡–Â×FW&Ö–æÂ‡–G&öÆ6RfÖ–Ç’&÷FV–âW‡&W76VB•#3“BWF–F6R3’ÂV&—V—F–â6&&÷‡–Â×FW&Ö–æÂ‡–G&öÆ6R""ÂÓã3““3Css#sc“CcbÅG'VRÂÂÂÃãÃãs#C“3#“CCc3rÃãs#C“3#“CCc3rÃ"ã“#“C333CcScVRÓbÅ6öÇ–3sssããõ3ƒ"ÄfÇ6RÅG'VP¥6öÇ–3ssssÂ$VÆöævF–öâf7F÷"GRfÖ–Ç’&÷FV–â•#s“R&÷FV–â7–çF†W6—2f7F÷"ÂuEÖ&–æF–ær"ÂÓã3cS“Cs#sCSsƒcBÅG'VRÂÂÂÂÂÂÂÂÄfÇ6RÄfÇ6P¥6öÇ–3ssƒÅ7G&–7F÷6–F–æR7–çF†6RfÖ–Ç’&÷FV–â•#CC7G&–7F÷6–F–æR7–çF†6RÂÓãsC#ƒƒC“Sƒ“c#RÅG'VRÂÓãsC#c“3S“ƒƒƒ“c3Ã2ã#sSs“#Cc#sss–RÓ’ÃãC#s#sƒ3ƒSs6RÓ‚ÂÂÂÂÂÅG'VRÄfÇ6P¥6öÇ–3ssƒ3Ä6†W&öæR&÷FV–âFæ¢•#3“R†VB6†ö6²&÷FV–âFæ¢Ããc“Ccsc33#RÅG'VRÃãc“cc#ƒs“ƒƒc3srÃã#ssssƒCs#ƒfRÓbÃã#cƒ3#333Sƒ“6RÓBÃãÃã3Cc3cssSsc’ÂÓã3Cc3cssSsc’Ã"ãC#cCcc3C“vRÓrÅ6öÇ–3ssƒ3ããõ3CbÅG'VRÅG'VP¥6öÇ–3ssƒCÄ6ÆÖöGVÆ–â&–æF–ær&÷FV–â•#C‚•6ÆÖöGVÆ–âÖ&–æF–ær&Vv–öâÂÓãsscƒƒcCcSSsbÅG'VRÂÓãssSS33ccCCc“3cS"Ã2ãCCs3sSƒƒVRÓ’Ãã3ss3SS“““FRÓ‚ÃbãÃ"ã3s“ScScC###ÂÓ"ã3s“ScScC###Ã‚ã“ƒ“Sc3SC#s“FRÓÅ6öÇ–3ssƒCããõ33cµ6öÇ–3ssƒCããõ333µ6öÇ–3ssƒCããõ333µ333Cµ6öÇ–3ssƒCããõ333RÅG'VRÅG'VP¥6öÇ–3ss“ÄuEÖ&–æF–ærfÖ–Ç’&÷FV–â•#cs2uEôô$rÂÓãScsƒSCƒ“#sCC#RÅG'VRÂÂÂÃãÃã“Cƒssƒ3#CCƒcs‚Ãã“Cƒssƒ3#CCƒcs‚ÃãCccc#c3#3ƒcs†RÓRÅ6öÇ–3ss“ããõ3#ƒbÄfÇ6RÅG'VP¥6öÇ–3ss“#Â%6W&–æU÷F‡&Vöæ–æR×&÷FV–â†÷7†F6R•##3“6W&–æU÷F‡&Vöæ–æR&÷FV–â†÷7†F6RÂ%5S"ÂÓã#SCS3“3s#“ƒÅG'VRÂÂÂÃ2ãÃãs#ƒ#cCSccSƒc’Ããs#ƒ#cCSccSƒc’Ããccs“Sc“CSSsƒfRÓRÅ6öÇ–3ss“#ããõ33µ6öÇ–3ss“#ããõ332ÄfÇ6RÅG'VP¥6öÇ–3ss“3Â$Fæ¢†öÖöÆör7V&fÖ–Ç’2ÖVÖ&W"‚•#c#2†VB6†ö6²&÷FV–âFæ¢Ââ×FW&Ö–æÂ"ÂÓãSƒCs“SC“3“rÅG'VRÂÂÂÂÂÂÂÂÄfÇ6RÄfÇ6P¥6öÇ–3ss“SÅVæ¶æ÷vâ&÷FV–âÂÓãCƒs“Csc#ƒ“S"ÅG'VRÂÂÂÃBãÃãƒsCƒcs3SScs3sbÃãƒsCƒcs3SScs3sbÃãsSS3cCcS3s33&RÓbÅ6öÇ–3ss“Sããõ3Sƒµ6öÇ–3ss“Sããõ3Sƒµ3crÄfÇ6RÅG'VP¥6öÇ–3ss#Â$7'Fö¶–æ6Uö†öÖ÷6W&–æRFV‡–G&övVæ6R•#3C"†öÖ÷6W&–æRFV‡–G&övVæ6RÂ6FÇ—F–2"Ãã33ƒƒc“s3“#CbÅG'VRÂÂÂÂÂÂÂÂÄfÇ6RÄfÇ6P¥6öÇ–3ss#sÄ%D%õõ¢FöÖ–â6öçF–æ–ær&÷FV–âW‡&W76VB•#3ƒ’¶VÆ6‚&VÆFVBÂÓãCS3sCƒ##3CrÅG'VRÂÂÂÃãÃãcCCƒsssS###“rÃãcCCƒsssS###“rÃ"ãƒƒƒcSS3s#†RÓRÅ6öÇ–3ss#sããõ33ƒÄfÇ6RÅG'VP¥6öÇ–3ss#“ÅG&ç6ÆF–öâ–æ—F–F–öâf7F÷"T”bÓ$"vÖÖ7V'Væ—B•#BG&–ÖW&–2Ç„ÖÆ–¶RÂÓãSsC#Cƒ3Cc“##"ÅG'VRÂÂÂÂÂÂÂÂÄfÇ6RÄfÇ6P¥6öÇ–3ss#ÃÔÔ”äô5”4Äõ$õäRÓÔ4$$õ…”ÄDRõ„”D4RÖÆ–¶R&÷FV–â•#S#2÷†övÇWF&FRæB—&öâÖFWVæFVçB÷‡–vVæ6RÂÓãCS“3SScsƒBÅG'VRÂÂÂÂÂÂÂÂÄfÇ6RÄfÇ6P¥6öÇ–3ss#ÃÔÔ”äô5”4Äõ$õäRÓÔ4$$õ…”ÄDRõ„”D4RÖÆ–¶R&÷FV–â•#S#2÷†övÇWF&FRæB—&öâÖFWVæFVçB÷‡–vVæ6RÂÓã#s##ScƒScS’ÅG'VRÂÓã#SCc3“C##ƒ3#‚Ãrãc3sSC#s“6RÓ"Ãrã3ƒC3ƒS3c3S#SRÓÂÂÂÂÂÅG'VRÄfÇ6P¥6öÇ–3ss#SÄçV6ÆV"G&ç67&—F–öâf7F÷"’7V'Væ—B2Ó•#3“S‚G&ç67&—F–öâf7F÷"4$eôäbÕ•ö&6†VÂ†—7FöæRÂÓã#sCsƒsƒcƒCs#ƒRÅG'VRÂÂÂÃ"ãÃãƒ#Css#SsS#cbÃãƒ#Css#SsS#cbÃãS#3“s#“3C&RÓRÅ6öÇ–3ss#Sããõ3BÄfÇ6RÅG'VP¥6öÇ–3ss#cÅV&—V—F–âÖ76ö6–FVBõE2ÔâFöÖ–âÖ6öçF–æ–ær&÷FV–â•#“cT$ÖÆ–¶RÃãCC3#s““c#S#S2ÅG'VRÂÂÂÂÂÂÂÂÄfÇ6RÄfÇ6P¥6öÇ–3ss#ƒÄævs–çFW&7F–ærf7F÷"2Æ–¶R&–æF–ær&÷FV–â—6öf÷&Ò•#ƒ‚F†ò6ö×ÆW‚7V'Væ—BrÂÓã##SCSƒ““#SssrÅG'VRÂÂÂÂÂÂÂÂÄfÇ6RÄfÇ6P¥6öÇ–3ss#“Â$VÆöævF–öâf7F÷"&WFÓ•#C3‚G&ç6ÆF–öâVÆöævF–öâf7F÷"Tc"Â&WFæBFVÇF6†–ç2ÂwVæ–æRçV6ÆV÷F–FRW†6†ævR"ÂÓãCssSsƒ“CSSCÅG'VRÂÂÂÃ"ãÃã“c“3“3S“s3“ccRÃã“c“3“3S“s3“ccRÃã#Sƒ3Ssƒ3cS“CfRÓ‚Å6öÇ–3ss#“ããõ3ƒµ6öÇ–3ss#“ããõCBÄfÇ6RÅG'VP¥6öÇ–3ss##sÄ6ÆÖöGVÆ–â•#““"TbÔ†æBG—RÂÓãS“3333cs33cRÅG'VRÂÓãS“##scƒ“3““c#’ÃbãcƒC“#CS#“cVRÓ’Ã"ãcƒ“sS“S“cssRÓ‚ÃãÃãsSs#ƒ3s“3“C3’ÃãsSs#ƒ3s“3“C3’Ãã3cSƒcsCƒsSc#‚Å6öÇ–3ss##sããõ3bÅG'VRÅG'VP¥6öÇ–3ss##“Ä7—7FV–æRæB†—7F–F–æR×&–6‚FöÖ–âÖ6öçF–æ–ær&÷FV–â•#sS4„õ$BÃãs##s“#ƒs33#rÅG'VRÂÂÂÃ"ãÃãƒC3#ƒcCSs“CÃãƒC3#ƒcCSs“CÃBã3ƒscSCc#ƒc“RÓrÅ6öÇ–3ss##“ããõ3“‚ÄfÇ6RÅG'VP¥6öÇ–3ss#3Ä÷3sƒƒC&÷FV–â„g&vÖVçB’ÂÓã#S“SsSsc#bÅG'VRÂÂÂÃãÃãcsCs“#c#3RÃãcsCs“#c#3RÃrã#sƒcSƒ#“3vRÓrÅ6öÇ–3ss#3ããõ3S"ÄfÇ6RÅG'VP¥6öÇ–3ss#3#Â%6öÖWF†–ær&÷WB6–ÆVæ6–ær&÷FV–âÂ2×FW&Ö–æÂ"ÂÓãSsƒC“C“#C##C“bÅG'VRÂÂÂÂÂÂÂÂÄfÇ6RÄfÇ6P¥6öÇ–3ss#3CÂ$&v–æ–æU÷6W&–æR×&–6‚7Æ–6–ærf7F÷"•#SB$ä&V6övæ—F–öâÖ÷F–bÂ$åÓ"ÂÓãSSs3s3ƒƒ3sss“c“RÅG'VRÂÂÂÃBãÃã“C3ƒCc#BÃã“C3ƒCc#BÃãS##3sSc“CC–RÓbÅ6öÇ–3ss#3Cããõ3scµ6öÇ–3ss#3Cããõ3#cSµ6öÇ–3ss#3Cããõ3#sSµ3#“Cµ6öÇ–3ss#3Cããõ3ƒrÄfÇ6RÅG'VP¥6öÇ–3ss#CÄFVç–ÆFR¶–æ6R—6öVç§–ÖRbÃã“ƒCsCCcS“3c33‚ÅG'VRÂÂÂÂÂÂÂÂÄfÇ6RÄfÇ6P¥6öÇ–3ss#C#Å$äÆ–v6R—6öf÷&Ò"„g&vÖVçB’ÂÓã###cC#“Cs3“ƒ3#S2ÅG'VRÂÂÂÃãÃãsCscS3SƒƒCRÃãsCscS3SƒƒCRÃã“ƒ#“CS#SsSsCFRÓbÅ6öÇ–3ss#C#ããõ3CƒRÄfÇ6RÅG'VP¥6öÇ–3ss#C3Å$äÆ–v6R—6öf÷&Ò"„g&vÖVçB’ÂÓã3###c“3C#Ccs3BÅG'VRÂÂÂÂÂÂÂÂÄfÇ6RÄfÇ6P¥6öÇ–3ss#CCÄ‡–G&öÆ6RÇ†ö&WFföÆBfÖ–Ç’&÷FV–â•#s2Ç†ö&WF‡–G&öÆ6RföÆBÓÂÓãS#CCCcc3s“RÅG'VRÂÂÂÂÂÂÂÂÄfÇ6RÄfÇ6P¥6öÇ–3ss#CSÂ$Ö—Fö6†öæG&–ÂcE7–çF†6RB6†–â•#ƒcƒ’E6RÂc6ö×ÆW‚Â7V'Væ—BBÂÖ—Fö6†öæG&–Â"ÂÓã“3ƒ““CƒscÅG'VRÂÓã“3sƒ#ƒ#““s‚ÃbãCCS#“3#ssc3cFRÓ"ÃbãC3Sƒc3Cƒsƒ&RÓÃãÃãcS#ƒ333cSsbÃãcS#ƒ333cSsbÃ2ã“cs#C#3“ƒvRÓRÅ6öÇ–3ss#CSããõ33‚ÅG'VRÅG'VP¥6öÇ–3ss#CcÂ$æVFC‚7F—fF–ærVç§–ÖRS7V'Væ—B•#“3bÖöÇ–&FVçVÒ6öf7F÷"&–÷7–çF†W6—2ÂÖöT""ÂÓã#s#scccƒ“#CƒrÅG'VRÂÂÂÂÂÂÂÂÄfÇ6RÄfÇ6P¥6öÇ–3ss#C“Ä–çFW&7F÷"öb6öç7F—GWF—fR7F—fR$õ22ÂÓãsƒcs““ssc“3ƒCrÅG'VRÂÓãsƒsCsss3“cc‚ÃrãC3CƒsCcSccƒ6RÓÃ2ãs3“c“c“3#†RÓ’ÃRãÃ"ãss#cƒƒ#3cƒS#ƒrÂÓ"ãss#cƒƒ#3cƒS#ƒrÃãsCsSscc3#c#RÓÅ6öÇ–3ss#C“ããõ3Sµ6öÇ–3ss#C“ããõ3S“ƒµ6öÇ–3ss#C“ããõ3cCµ6öÇ–3ss#C“ããõ3“sµ6öÇ–3ss#C“ããõ3“sµ3ÅG'VRÅG'VP¥6öÇ–3ss#SÄ6–ææÖ÷–ÂÔ6ô&VGV7F6RÖ&–æF–ærFöÖ–âÂÓãƒc3c#sSCsƒs#CRÅG'VRÂÓãƒc3ccƒcSƒ“s“cS2Ã2ãCCƒSSc#cs““–RÓ"Ã2ãƒ3#ƒ“sSSsCƒvRÓÂÂÂÂÂÅG'VRÄfÇ6P¥6öÇ–3ss#S#Å&W†VæFRFV‡–G&F6R•#ƒb&W†VæFRFV‡–G&F6RÃãC3C“s“S#c3cSrÅG'VRÂÂÂÂÂÂÂÂÄfÇ6RÄfÇ6P¥6öÇ–3ss#S3Â%b×G—R&÷FöâE6R7V'Væ—B•##C“E6RÂcô6ö×ÆW‚ÂbÖ´F7V'Væ—B"ÂÓã“#SC#ƒ3SSƒ’ÅG'VRÂÓã“#c#SCC“cƒs3S32Ã2ã#C#S3#csƒ3cRÓÃãƒc3SSCCcCc#fRÓ’ÂÂÂÂÂÅG'VRÄfÇ6P¥6öÇ–3ss#SCÂ$DD#ÒæB5TÃBÖ76ö6–FVBf7F÷"‚ÖÆ–¶R&÷FV–â•#s“ƒbtCC&WVBÂ&Vv–öâ"Ãã“3ƒCCSƒCCcc“3BÅG'VRÂÂÂÂÂÂÂÂÄfÇ6RÄfÇ6P¥6öÇ–3ss#SSÂ$W‡G&F–öÂ&–ærÖ6ÆVfvRF–÷‡–vVæ6R6Æ72””’&÷FV–â7V'Væ—B"•#CC3bW‡G&F–öÂ&öÖF–2&–ærÖ÷Væ–ærF–÷‡–vVæ6RÂDôDG—R"Ãã“3#c###rÅG'VRÃã““#cCscSCS#“RÃRãCc33sSC3“ssfRÓ"ÃRãSC##c“SsƒS3#RÓÂÂÂÂÂÅG'VRÄfÇ6P¥6öÇ–3ss#c3ÄÖ—FövVâÖ7F—fFVB&÷FV–â¶–æ6R•#ƒ3S¤ä²Ô¶–æ6RÂÓã#ƒ#3SC#“cƒ“#rÅG'VRÂÂÂÂÂÂÂÂÄfÇ6RÄfÇ6P¥6öÇ–3ss#cCÂ$Ö—Fö6†öæG&–ÂG&ç2Ó"ÖVæ÷–ÂÔ6ô&VGV7F6R•##ƒRÆ6ö†öÂFV‡–G&övVæ6R7WW&fÖ–Ç’Â¦–æ2Ö6öçF–æ–ær"Ããc3ƒ““s““3ƒcƒ33SbÅG'VRÃãc3“C3Sƒcƒ2Ã’ãcS““33Ss3CS6RÓÃbãCCS#C“3cSƒ“cvRÓÂÂÂÂÂÅG'VRÄfÇ6P¥6öÇ–3ss#c“Ã"ÖFV‡–G&òÓ2ÖFV÷‡—†÷7†öö7FöæFRÆFöÆ6R•#c#c’2ÖFV÷‡’Ó‚×†÷7†öö7GVÆöæFR7–çF†6RÂÓãScSssCCsƒ““c’ÅG'VRÂÂÂÂÂÂÂÂÄfÇ6RÄfÇ6P¥6öÇ–3ss#sÅ&÷FV–â¶–æ6R•###“6W&–æU÷F‡&Vöæ–æR&÷FV–â¶–æ6RÂÓãcc#S3#“ƒƒƒscssbÅG'VRÂÓãcc#cƒ“ƒ#CCCs“SrÃã“c“SsCSS#6RÓÃrãscS3ssC#–RÓÃS"ãÃ"ãCSs3CscS3“#3rÂÓ"ãCSs3CscS3“#3rÃ"ã3C#S#3“CsVRÓÅ6öÇ–3ss#sããõ3Sµ6öÇ–3ss#sããõ3sµ3s#µ6öÇ–3ss#sããõ3s#µ6öÇ–3ss#sããõ3s#µ3scµ6öÇ–3ss#sããõ3scµ6öÇ–3ss#sããõ3“µ6öÇ–3ss#sããõ3#µ6öÇ–3ss#sããõ33Cµ6öÇ–3ss#sããõ33Sƒµ6öÇ–3ss#sããõ33sµ6öÇ–3ss#sããõ3C#sµ6öÇ–3ss#sããõ3C3sµ6öÇ–3ss#sããõ3C3sµ3C3ƒµ6öÇ–3ss#sããõ3C3sµCCC#µ6öÇ–3ss#sããõ3C3ƒµ6öÇ–3ss#sããõ3CcCµ6öÇ–3ss#sããõ3CcCµ3Cs#µ6öÇ–3ss#sããõ3Cs#µ6öÇ–3ss#sããõ3ƒCµ6öÇ–3ss#sããõ3““ƒµ6öÇ–3ss#sããõCCµ6öÇ–3ss#sããõC3cµ6öÇ–3ss#sããõC3ccµ6öÇ–3ss#sããõCCC3µ6öÇ–3ss#sããõCCS3µ3Cs"ÅG'VRÅG'VP¥6öÇ–3ss#s#Ä÷3&sS“cc&÷FV–â„g&vÖVçB’•##%D%õõ¢ÖÆ–¶RÂÓãƒsSCC3ƒ“S#"ÅG'VRÂÓãƒSSSƒ““CƒCc"Ãrãƒ“c3cScƒ#†RÓ’Ã2ã#CssssScs3FRÓ‚ÂÂÂÂÂÅG'VRÄfÇ6P¥6öÇ–3ss#sCÅVæ¶æ÷vâ&÷FV–âÂÓã#cS#ƒs##ƒ#s3Sƒ#2ÅG'VRÂÂÂÂÂÂÂÂÄfÇ6RÄfÇ6P¥6öÇ–3ss#ƒÄçV6ÆV"f7F÷"&VÆFVBFò¶Ô"Ö&–æF–ær&÷FV–â&VÆFVBÂÓã#sC“#sƒ““ƒs2ÅG'VRÂÂÂÂÂÂÂÂÄfÇ6RÄfÇ6P¥6öÇ–3ss#ƒ#Â$¶–æW6–âÓR•#sS"¶–æW6–âÂÖ÷F÷"&Vv–öâ"ÂÓã“cS3“S3ƒc3“32ÅG'VRÂÓã“cSƒ#ssƒ““sƒCBÃRãSSscC3#3“†RÓbÃ2ãCƒ#“ƒCs3s“S†RÓBÃ"ãÃãCCC“Sc#Ccc’ÃãCCC“Sc#Ccc’ÃBãƒ3sC#Ssc“6RÓ’Å6öÇ–3ss#ƒ#ããõ3“µC#3µ6öÇ–3ss#ƒ#ããõ3s#ÅG'VRÅG'VP¥6öÇ–3ss#ƒ3Â$6†—F–æ6R"•###2vÇ–6÷6–FR‡–G&öÆ6RÂfÖ–Ç’‚Â6FÇ—F–2FöÖ–â"ÂÓãcCS“sSCCsSƒbÅG'VRÂÂÂÂÂÂÂÂÄfÇ6RÄfÇ6P¥6öÇ–3ss#ƒCÄ†—7FöæRƒB•#“S†—7FöæRƒBÂÓã#ƒsƒ“SƒC“3cs“"ÅG'VRÂÂÂÂÂÂÂÂÄfÇ6RÄfÇ6P¥6öÇ–3ss#ƒƒÂ$6Æ6—VÒ×G&ç7÷'F–ærE6R•#Ssƒ"E6RÂ×G—RÂ6Æ6—VÒ×G&ç7÷'F–ær"Ãã3#cc#scƒcccƒs“bÅG'VRÂÂÂÂÂÂÂÂÄfÇ6RÄfÇ6P¥6öÇ–3ss#“Â%FòÖÆ–¶RÂ6W&–æU÷F‡&Vöæ–æR¶–æ6R&÷FV–âÂ&W6—7Fæ6R&÷FV–â"ÂÓã3c#sC#c#ss“BÅG'VRÂÂÂÃ2ãÃãƒ“ss##“S“ƒ“ƒBÃãƒ“ss##“S“ƒ“ƒBÃ"ãC#Sc#3–RÓrÅ6öÇ–3ss#“ããõ3cSµ6öÇ–3ss#“ããõ3cSµCcS"ÄfÇ6RÅG'VP¥6öÇ–3ss#“CÄ45#BÔäõBG&ç67&—F–öâ6ö×ÆW‚7V'Væ—B"•#s#ƒ"äõC%ôäõC5ôäõCRÃã3“cCCcSƒƒ“s“2ÅG'VRÂÂÂÃãÃãS“ƒSsC3“s“3scc“bÃãS“ƒSsC3“s“3scc“bÃã#cc““s33SsfRÓbÅ6öÇ–3ss#“Cããõ3ƒ’ÄfÇ6RÅG'VP¥6öÇ–3ss#“SÄS2TdÓ×&÷FV–âÆ–v6R†öÖöÆör•#ƒc&÷FV–âöbVæ¶æ÷vâgVæ7F–öâETc#C"Ãã3S#Ssc“ƒ3S#ssBÅG'VRÂÂÂÂÂÂÂÂÄfÇ6RÄfÇ6P¥6öÇ–3ss#“sÄçV6ÆV÷6–FRF—†÷7†FRÖÆ–æ¶VBÖö–WG’‚Ö÷F–b#"•#ƒbåTD•‚‡–G&öÆ6RFöÖ–âÃã#CCCCsCsS“C“c‚ÅG'VRÂÂÂÂÂÂÂÂÄfÇ6RÄfÇ6P¥6öÇ–3ss3SÂ%&2×&VÆFVB&÷FV–â&"Ó„•#3Ss’&26ÖÆÂuE6RÂ&"G—R"ÂÓãs“33ƒC“3s3ƒ3RÅG'VRÂÓãs“33sƒ3s““RÃRã#CcccC##s#sSvRÓÃ"ãƒsC““ƒSCƒs6RÓ’ÂÂÂÂÂÅG'VRÄfÇ6P¥6öÇ–3ss3cÄuE7–6Æö‡–G&öÆ6R”•ó2BÖF–‡–G&÷‡’Ó"Ö'WFæöæRB×†÷7†FR7–çF†6R•#c#“’&–&öfÆf–â&–÷7–çF†W6—2&÷FV–â&–$Ãã“s“SCCSSS“’ÅG'VRÃã“sSsSs3c#“s“3"Ã"ãcCcsS“#csSc3VRÓÃãScc#Cƒƒ#CsC6RÓ’ÂÂÂÂÂÅG'VRÄfÇ6P¥6öÇ–3ss3#ÄÆVwVÖ–â2ÖvÆö'VÆ–â•#Cs&ÖÄ2ÖÆ–¶R¦VÆÇ’&öÆÂföÆBÂÓã#sCs“s“C3s#C"ÅG'VRÂÂÂÂÂÂÂÂÄfÇ6RÄfÇ6P¥6öÇ–3ss3#CÂ%G&ç6ÖVÖ'&æR&÷FV–âD2•#S3C’Væ6†&7FW&—6VB&÷FV–âfÖ–Ç’Uc3bÂG&ç6ÖVÖ'&æR"Ããc3SCC3rÅG'VRÃãc3sƒSc#“ƒsSC“bÃ‚ã““#CS3CCCc#–RÓ’Ã2ãCc“““ƒƒ#C†RÓ‚ÂÂÂÂÂÅG'VRÄfÇ6P¥6öÇ–3ss3#SÄ†—7FöæRƒ$•##’†—7FöæRƒ$ÂÓã3CsCƒ“#3cssccC"ÅG'VRÂÂÂÂÂÂÂÂÄfÇ6RÄfÇ6P¥6öÇ–3ss3#ƒÂ%$ä&–æF–ær&÷FV–â•##csrçV6ÆV÷F–FRÖ&–æF–ærÂÇ†Ö&WFÆ—B"ÂÓã“##ss3sss“C“3ƒ2ÅG'VRÂÂÂÂÂÂÂÂÄfÇ6RÄfÇ6P¥6öÇ–3ss33ÄvVæöÖ–2Dä6‡&öÖ÷6öÖRR6ÆöæRÔÔãÃã3##ƒSCCC3###“CrÅG'VRÂÂÂÂÂÂÂÂÄfÇ6RÄfÇ6P¥6öÇ–3&sSSÄ„U2VvÖ–âÖÆ–¶R6ö×ÆW‚7V'Væ—BBÂÓã#ssSscs3ƒssscBÅG'VRÂÂÂÂÂÂÂÂÄfÇ6RÄfÇ6P¥6öÇ–3&sScÂ$E7–çF†6RvÖÖ6†–â•#3E6RÂc6ö×ÆW‚ÂvÖÖ7V'Væ—B"ÃãSCƒƒ3C3Cs‚ÅG'VRÂÂÂÂÂÂÂÂÄfÇ6RÄfÇ6P¥6öÇ–3&sSƒÄF–‡–G&öÆ—÷–ÆÇ—6–æR×&W6–GVR7V66–ç–ÇG&ç6fW&6R6ö×öæVçBöb"Ö÷†övÇWF&FRFV‡–G&övVæ6R6ö×ÆW‚•#c#SRF–‡–G&öÆ—öÖ–FR7V66–ç–ÇG&ç6fW&6RÃãCScc“Sc3Cƒcƒ3"ÅG'VRÂÂÂÂÂÂÂÂÄfÇ6RÄfÇ6P¥6öÇ–3&sSSÅöÆÆVâöÆRRÆÆW&vVâæBW‡FVç6–âfÖ–Ç’&÷FV–â•#cCöÆÆVâöÆRRÆÆW&vVâæBW‡FVç6–âÂÓãS“C3Csƒ#s#“SsrÅG'VRÂÓãS“CsCSssƒSÃ"ã#ƒ3#ƒƒcsCFRÓrÃRã“C#csCcScscvRÓrÂÂÂÂÂÅG'VRÄfÇ6P¥6öÇ–3&sSƒÄ6†Æ÷&÷Æ7BÆ—ö6Æ–â•#3#‚Æ—ö6Æ–âÖÆ–¶RÂÓãc“cs3“cS3ƒ#C‚ÅG'VRÂÓãc“c3“sSc3C#ƒC2Ã"ãCƒC“csƒC3C“S#vRÓ"Ã"ãƒ““ƒC“s““SC“S&RÓÂÂÂÂÂÅG'VRÄfÇ6P¥6öÇ–3&sS#Â$VÆV7G&öâG&ç6fW"fÆf÷&÷FV–âÇ†7V'Væ—B•#3‚VÆV7G&öâG&ç6fW"fÆf÷&÷FV–âÂÇ†7V'Væ—B"Ãã3ƒcs3SC#3C3ss‚ÅG'VRÂÂÂÂÂÂÂÂÄfÇ6RÄfÇ6P¥6öÇ–3&sS##ÅD$3FöÖ–âfÖ–Ç’ÖVÖ&W"r•#“R&$tõD$2ÂÓãs“###s“#3“sSC3“ÅG'VRÂÂÂÂÂÂÂÂÄfÇ6RÄfÇ6P¥6öÇ–3&sS#sÄ†—7FöæRƒ$•##’†—7FöæRƒ$ÂÓã#“Sƒ3#SsS3cC#2ÅG'VRÂÂÂÂÂÂÂÂÄfÇ6RÄfÇ6P¥6öÇ–3&sS33ÃS2&–&÷6öÖÂ&÷FV–âÃ"•##s&–&÷6öÖÂ&÷FV–âÃ"ÂÓãc#C““3c“ƒsƒ“BÅG'VRÂÓãc#3ƒccsc“#Ss"Ããs3“cCC#Ss&RÓ‚ÃBã“cS3Scƒs†RÓ‚ÃãÃãs“33s“C3CsrÃãs“33s“C3CsrÃãcsc#“Sc“s##Å6öÇ–3&sS33ããõ33ÅG'VRÅG'VP¥6öÇ–3&sS3SÄF–‡–G&öfÆföæöÂÓB×&VGV7F6RÖ&–æF–ærFöÖ–âÂÓã3c#S#sCƒ“C“s3srÅG'VRÂÂÂÂÂÂÂÂÄfÇ6RÄfÇ6P¥6öÇ–3&sS3“ÅfW6–6ÆRÖ76ö6–FVBÖVÖ'&æRfÖ–Ç’&÷FV–â•#ƒ“c"BÖÆ–¶RÃã#S““sC33SsƒCsC3#rÅG'VRÂÂÂÂÂÂÂÂÄfÇ6RÄfÇ6P¥6öÇ–3&sSc3Â$7—Fö6‡&öÖR#bÖb6ö×ÆW‚—&öâ×7VÆgW"7V'Væ—B•#SƒR&–W6¶R—&öâ×7VÇ‡W"&÷FV–âÂ2×FW&Ö–æÂ"ÂÓã3sCc3cScsCSccRÅG'VRÂÓã3“C“SSCS#sRÃã#cƒ3s#SƒVRÓ‚ÃBã##c#“C3cScsVRÓ‚ÃãÃ"ãcCssSScƒ3ƒsRÃ"ãcCssSScƒ3ƒsRÃ‚ã“ƒ“Sc3SC#s“FRÓÅ6öÇ–3&sSc3ããõC##ÅG'VRÅG'VP¥6öÇ–3&sSs#Ä7—7FV–æR×&–6‚&V6WF÷"ÖÆ–¶R&÷FV–â¶–æ6R•##“"&÷FV–âöbVæ¶æ÷vâgVæ7F–öâETc#bÃãS#sC3C3C#CcCSc2ÅG'VRÂÂÂÂÂÂÂÂÄfÇ6RÄfÇ6P¥6öÇ–3&sSs3ÄvÇ–6÷7–ÇG&ç6fW&6RÖÆ–¶R&÷FV–â•#csC&÷FV–âöbVæ¶æ÷vâgVæ7F–öâETccBÂÓã#“#3##“SSCssc3cBÅG'VRÂÂÂÂÂÂÂÂÄfÇ6RÄfÇ6P¥6öÇ–3&sSscÄvVæöÖ–2Dä6‡&öÖ÷6öÖR26ÆöæRÕ4C#ÂÓã#s3ƒ#Sƒ33##3CC2ÅG'VRÂÂÂÂÂÂÂÂÄfÇ6RÄfÇ6P¥6öÇ–3&sSssÂ%¦–æ2f–ævW"444‚FöÖ–âÖ6öçF–æ–ær&÷FV–â2•#Ss¦–æ2f–ævW"Â444‚×G—R"ÂÓãSs“C#“ƒ3sc““#crÅG'VRÂÂÂÃ2ãÃã“#“C#ƒS“3SsSc‚Ãã“#“C#ƒS“3SsSc‚Ã"ãc3ccƒ“#Sƒƒ“–RÓbÅ6öÇ–3&sSssããõ333cµ6öÇ–3&sSssããõ33CcµC3SÄfÇ6RÅG'VP¥6öÇ–3&sSsƒÂ%G&"fÖ–Ç’&÷FV–â•##ƒb†W&öÖöæR6‡WFF÷vâ×&VÆFVBÂG&""ÂÓã“3SsSSC#s#“3CÅG'VRÂÂÂÂÂÂÂÂÄfÇ6RÄfÇ6P¥6öÇ–3&sSƒSÄ×VÇF–G'Vr&W6—7Fæ6R&÷FV–âÖGD²•##S#‚×VÇF’çF–Ö–7&ö&–ÂW‡G'W6–öâ&÷FV–âÖDRÂÓãƒƒsSSCcSCs“srÅG'VRÂÂÂÂÂÂÂÂÄfÇ6RÄfÇ6P¥6öÇ–3&sSƒcÃ2Ö—6÷&÷–ÆÖÆFRFV‡–G&F6RÆ&vR7V'Væ—B•#c#C’6öæ—F6Uö—&öâ&VwVÆF÷'’&÷FV–â"Ããƒc##CssS“ƒ3#“3ƒ‚ÅG'VRÃãƒc“3cƒ#ƒ3ƒs3bÃBã#sƒ33ss#3RÓ"ÃBãSsCcS#S““cVRÓÃãÃãs3C#c#cCSCssBÃãs3C#c#cCSCssBÃbãC“““ƒc“c“ƒ#vRÓ‚Å6öÇ–3&sSƒcããõCƒ"ÅG'VRÅG'VP¥6öÇ–3&sSƒsÂ$äTDC‚7F—fF–ærVç§–ÖRS7V'Væ—B•#“3bÖöÇ–&FVçVÒ6öf7F÷"&–÷7–çF†W6—2ÂÖöT""ÃãCS#3s“sCƒ33“CBÅG'VRÂÂÂÃãÃã#ssc#c#c“2Ãã#ssc#c#c“2Ã"ãccs“333c3FRÓ‚Å6öÇ–3&sSƒsããõ3#cbÄfÇ6RÅG'VP¥6öÇ–3&sS“Ä"Ö6VÆÂ&V6WF÷"Ö76ö6–FVB&÷FV–â3ÖÆ–¶R6öçF–æ–ær&÷FV–â•#ƒCr"Ö6VÆÂ&V6WF÷"Ö76ö6–FVB3ÖÆ–¶RÂÓã“ss3sc3Ccƒ3RÅG'VRÂÓãƒ“““ƒ#sCCCƒcS2ÃrãSƒCScS““#s3†RÓ2Ãã“SS#““sC“c“cfRÓÃ"ãÃã““cs“ƒCƒscƒ#Ãã““cs“ƒCƒscƒ#Ã‚ã#“SƒC3ƒcƒ3†RÓ‚Å6öÇ–3&sS“ããõ3srÅG'VRÅG'VP¥6öÇ–3&sS“ƒÅ¦–æ2–öâ&–æF–ær&÷FV–â•#3S3btÄÒÃãSCSSsc“Ssss3c‚ÅG'VRÂÂÂÃãÃãc““cƒ“#S#’Ããc““cƒ“#S#’ÃBãSss“C““#CRÓbÅ6öÇ–3&sS“ƒããõ33cÄfÇ6RÅG'VP¥6öÇ–3&sS““Â$GVÂ7V6–f–6—G’&÷FV–â†÷7†F6RB•##C#"GVÂ7V6–f–6—G’†÷7†F6RÂ7V&w&÷WÂ6FÇ—F–2FöÖ–â"ÂÓãcc#3#c#SS"ÅG'VRÂÓãcc3SS#cssSbÃ‚ãƒS“3S““#“ccRÓ"Ã‚ãC#S“Cƒ#c#SCsVRÓÃãÃãCCssCC33ssCsƒ“bÃãCCssCC33ssCsƒ“bÃãƒsS“sCƒsSCRÓÅ6öÇ–3&sS““ããõ3c2ÅG'VRÅG'VP¥6öÇ–3&scÅ6ÖÆÂV&—V—F–â×&VÆFVBÖöF–f–W"•#c#bV&—V—F–âÃãsc33ƒSƒ““s##ƒrÅG'VRÂÂÂÂÂÂÂÂÄfÇ6RÄfÇ6P¥6öÇ–3&scCÂ$6†Æ÷&÷‡–ÆÂÖ"&–æF–ær&÷FV–â3rÂ6†Æ÷&÷Æ7F–2•#3CB6†Æ÷&÷‡–ÆÂÔ"&–æF–ær&÷FV–â"ÂÓ"ã3ƒCƒc“3“ƒScscBÅG'VRÂÓ"ã3s“ƒsƒ““3scƒƒrÃ2ãC3c##SC3sVRÓ"Ã2ãCCc“ssCƒss†RÓÂÂÂÂÂÅG'VRÄfÇ6P¥6öÇ–3&scsÅu$µ’G&ç67&—F–öâf7F÷""•#3cSrDäÖ&–æF–æru$µ’ÂÓã#sc“s#ƒss#ƒCcC"ÅG'VRÂÂÂÃrãÃãƒ“CS3Cƒ#cƒ#“Ããƒ“CS3Cƒ#cƒ#“Ãbã#CC“##CC#ƒ“#“FRÓ‚Å6öÇ–3&scsããõ33#µ6öÇ–3&scsããõ3333µ6öÇ–3&scsããõ33S“µ6öÇ–3&scsããõ33s"ÄfÇ6RÅG'VP¥6öÇ–3&scƒÂ$†WFW&övVæV÷W2çV6ÆV"&–&öçV6ÆV÷&÷FV–â2•#SB$ä&V6övæ—F–öâÖ÷F–bÂ$åÓ"Ããs3s3ƒ#ƒ33“S2ÅG'VRÂÂÂÃãÃãs#3cSƒS3ss“3bÃãs#3cSƒS3ss“3bÃãSs3CcC#“sVRÓRÅ6öÇ–3&scƒããõ3S‚ÄfÇ6RÅG'VP¥6öÇ–3&sc#SÅG&ç7÷'B&÷FV–â4eC"•#c“4eC"ÖÆ–¶RÂÓã3“3c#c“CƒccƒC“’ÅG'VRÂÂÂÂÂÂÂÂÄfÇ6RÄfÇ6P¥6öÇ–3&sc#“Å&WF–7VÆöâfÖ–Ç’&÷FV–â•#33ƒ‚&WF–7VÆöâÂÓã#3sCC“3csc#3scrÅG'VRÂÂÂÃãÃã“SƒCc33“ss3’Ãã“SƒCc33“ss3’ÃãCSCSssSƒ“cSfRÓrÅ6öÇ–3&sc#“ããõ3#bÄfÇ6RÅG'VP¥6öÇ–3&sc3ÄVæF÷Æ6Ö–2&WF–7VÇVÒÔvöÆv’–çFW&ÖVF–FR6ö×'FÖVçB&÷FV–â2•##“3b&÷FV–âöbVæ¶æ÷vâgVæ7F–öâETcc“"Ãã#CSc“ƒcssS3ÅG'VRÂÂÂÂÂÂÂÂÄfÇ6RÄfÇ6P¥6öÇ–3&sc3#Â$EÖFWVæFVçB$ä†VÆ–66R•#SCRDäõ$ä†VÆ–66RÂDTEôDT‚&÷‚G—RÂâ×FW&Ö–æÂ"Ããccƒ“C3SSc3ƒC“2ÅG'VRÃãcc“33ƒC“3“RÃãƒ3ƒsƒS33CS#&RÓ’Ã‚ãS“3ƒCƒ3c“#SfRÓ’ÂÂÂÂÂÅG'VRÄfÇ6P¥6öÇ–3&sc3CÄW†–â&W7öç6Rf7F÷"b•#33CG&ç67&—F–öæÂf7F÷"#2ÂÓãCcs“sSCcsƒƒcBÅG'VRÂÂÂÂÂÂÂÂÄfÇ6RÄfÇ6P¥6öÇ–3&sc3sÄÖ–æR÷†–F6RfÖ–Ç’&÷FV–â•##“3rÖ–æR÷†–F6RÂÓãccƒC““cCƒcrÅG'VRÂÂÂÂÂÂÂÂÄfÇ6RÄfÇ6P¥6öÇ–3&sc3ƒÃÖÖ–æö7–6Æ÷&÷æRÓÖ6&&÷‡–ÆFR÷†–F6RÖÆ–¶R&÷FV–â•#S#2÷†övÇWF&FRæB—&öâÖFWVæFVçB÷‡–vVæ6RÂÓã“ƒsS#“S“#ƒSƒÅG'VRÂÓã“s“c#ƒ#C“3c3’Ãã“ƒ“ScSƒ3ƒS6RÓ’Ã’ã#3csƒSC“#3FRÓ’ÂÂÂÂÂÅG'VRÄfÇ6P¥6öÇ–3&scC#ÄvVæöÖ–2Dä6‡&öÖ÷6öÖR26ÆöæRÔÕ#ÂÓãCS“Scs3CƒƒCƒ‚ÅG'VRÂÂÂÃ2ãÃãsSS3ƒsƒsC“bÃãsSS3ƒsƒsC“bÃBãƒ##3sƒ#3“36RÓrÅ6öÇ–3&scC#ããõ3##µ6öÇ–3&scC#ããõ3ƒ"ÄfÇ6RÅG'VP¥6öÇ–3&scCSÄÖ–æ÷G&ç6fW&6RÖÆ–¶R&÷FV–â•#SƒBÖ–æ÷G&ç6fW&6R6Æ72Ô””’ÂÓã33#cs#“3sS3ƒ2ÅG'VRÂÂÂÂÂÂÂÂÄfÇ6RÄfÇ6P¥6öÇ–3&scCcÄ7—Fö6‡&öÖRCSÂÓãcCƒSsc“#S3#ƒrÅG'VRÂÓãcSc“33#3ƒsc‚Ã2ã3ƒ“SƒC##CFRÓ"Ã2ãc“Cs#c3ƒc“#fRÓÂÂÂÂÂÅG'VRÄfÇ6P¥6öÇ–3&scCsÄÖ–æ÷G&ç6fW&6RÖÆ–¶R&÷FV–â•#SƒBÖ–æ÷G&ç6fW&6R6Æ72Ô””’ÂÓã“C3cs#ƒƒsc3sBÅG'VRÂÓã“CCCccsS“"Ã"ã3##ƒCƒS#Sƒ6RÓbÃã“#cƒ#S3#cƒ#–RÓBÂÂÂÂÂÅG'VRÄfÇ6P¥6öÇ–3&scCƒÄçW#R&÷FV–â„g&vÖVçB’ÂÓã3#ƒC““#cƒS“ƒ#rÅG'VRÂÂÂÂÂÂÂÂÄfÇ6RÄfÇ6P¥6öÇ–3&scSÅ†÷7†FRG&ç6Æö6F÷"&÷FV–â•#CƒS2&÷FV–âöbVæ¶æ÷vâgVæ7F–öâETc#SÂÓ"ãcSc##Cƒ##BÅG'VRÂÓ"ã3C#ƒƒ“Ccs“sBÃRã#ƒcsS“s3ƒ3ss–RÓbÃ2ãCƒ#“ƒCs3s“S†RÓBÂÂÂÂÂÅG'VRÄfÇ6P¥6öÇ–3&scSÄ7–6Æö'FVæöÂ7–çF†6R•#ƒ3327VÆVæR7–6Æ6RÂÓãSS3Cc“ƒS##S#SRÅG'VRÂÓãSSC3ƒSSSƒƒSc‚ÃBãSCƒC“s3C“ccRÓRÃãƒS3C“S3SsSCc36RÓ2ÂÂÂÂÂÅG'VRÄfÇ6P¥6öÇ–3&scS#Ä7–6Æö'FVæöÂ7–çF†6R•#ƒ3327VÆVæR7–6Æ6RÂÓãS#3Sƒsc“s“s#“bÅG'VRÂÓãS#ƒsSs“Sƒ33ƒScrÃã““ƒƒ33s3ƒVRÓÃrã#ƒC“3SS##SvRÓÂÂÂÂÂÅG'VRÄfÇ6P¥6öÇ–3&scSCÂ%6–væÂWF–F6R6ö×ÆW‚6FÇ—F–27V'Væ—B4T3•#s32WF–F6R3#d"ÂWV¶'–÷F–26–væÂWF–F6R"Ããƒs3Sƒ“##cƒ3"ÅG'VRÂÂÂÂÂÂÂÂÄfÇ6RÄfÇ6P¥6öÇ–3&scSSÅ&–&÷6öÖR&–övVæW6—2&VwVÆF÷'’&÷FV–â†öÖöÆör•#s#2&–&÷6öÖÂ&–övVæW6—2&VwVÆF÷'’&÷FV–âÂÓãƒ3ƒ#c###cC“SÅG'VRÂÓãƒ33“CcC3SS3ssÃ"ãSƒ#csƒ“#“–RÓÃãS3#ƒ3“#33c3sVRÓ’ÂÂÂÂÂÅG'VRÄfÇ6P¥6öÇ–3&sccSÅVæ¶æ÷vâ&÷FV–âÂÓã3#c3Csƒ3“Cc“rÅG'VRÂÂÂÂÂÂÂÂÄfÇ6RÄfÇ6P¥6öÇ–3&sccsÅ6VÃFöÖ–â&÷FV–â&WVBÖ6öçF–æ–ær&÷FV–â•#““FWG&G&–6÷WF–FRÖÆ–¶R†VÆ–6ÂÃã3#3C#“3“3scCbÅG'VRÂÂÂÂÂÂÂÂÄfÇ6RÄfÇ6P¥6öÇ–3&scsÅGVF÷"FöÖ–â6öçF–æ–ær2„g&vÖVçB’•#3ƒ“B&Vv–öâöbVæ¶æ÷vâgVæ7F–öâETcscrÂÓãCsssSC“cccC“3BÅG'VRÂÂÂÂÂÂÂÂÄfÇ6RÄfÇ6P¥6öÇ–3&scƒÅ6÷VÂ†VÖRÖ&–æF–ærfÖ–Ç’&÷FV–â•#c“r4õTÂ†VÒÖ&–æF–ær&÷FV–âÂÓãƒsCS“3ƒsC“3SBÅG'VRÂÂÂÂÂÂÂÂÄfÇ6RÄfÇ6P¥6öÇ–3&scƒsÄ7–Â×&÷FV–âF†–öW7FW&6R"•#3C†÷7†öÆ—6Uö6&&÷‡–ÆW7FW&6RÃãCSSS“S“s“C““’ÅG'VRÂÂÂÂÂÂÂÂÄfÇ6RÄfÇ6P¥6öÇ–3&scƒƒÂ%DRWF–F6RFöÖ–âÖ6öçF–æ–ær&÷FV–â•#ƒSƒ&÷FV–âöbVæ¶æ÷vâgVæ7F–öâETcƒc"ÂWV¶'–÷F–2"Ãã##“#ss“ƒƒSsC‚ÅG'VRÂÂÂÃãÃã“333c#C“3##"Ãã“333c#C“3##"Ãã3sS#CsƒC#ƒ3SvRÓbÂÄfÇ6RÅG'VP¥6öÇ–3&sc“3Ä7–ÂÔ5F†–öW7FW&6R•##ƒcB7–ÂÔ5F†–öW7FW&6RÂÓãc“csC“S3ƒ“Cs#‚ÅG'VRÂÓãc“S3cƒ“sS3S’ÃãsC“s#C“&RÓ’ÃRãƒs#3#C“SC3s&RÓ’ÃãÃãc##c3S#sccS#S#BÃãc##c3S#sccS#S#BÃ2ãcssCƒƒƒsFRÓRÅ6öÇ–3&sc“3ããõ3CbÅG'VRÅG'VP¥6öÇ–3&sc“ƒÄÆWV6–æR×&–6‚&WVB&V6WF÷"ÖÆ–¶R&÷FV–â¶–æ6RU#"•#cÆWV6–æR×&–6‚&WVBÃãCƒSsc#Sc““C3bÅG'VRÂÂÂÂÂÂÂÂÄfÇ6RÄfÇ6P¥6öÇ–3&sc““Ä&buE6R7F—fF–ær&÷FV–â•#cB&buE6R7F—fF–ær&÷FV–âÂÓã3SS“3CsCCSs“2ÅG'VRÂÂÂÃãÃã3ƒCScsS3Sƒƒƒ“rÂÓã3ƒCScsS3Sƒƒƒ“rÃBãC“sc“csc–RÓbÅ6öÇ–3&sc““ããõ3ssµ3sƒµ6öÇ–3&sc““ããõ3sƒµ3ƒ#µ6öÇ–3&sc““ããõ3ƒ#µ3ƒ“µ6öÇ–3&sc““ããõ3ƒ“µ6öÇ–3&sc““ããõ3##µ6öÇ–3&sc““ããõ3#Cƒµ6öÇ–3&sc““ããõ3#sbÄfÇ6RÅG'VP¥6öÇ–3&ssÅõBfÖ–Ç’FöÖ–â6öçF–æ–ær&÷FV–âW‡&W76VB•#sC“2&÷FV–âöbVæ¶æ÷vâgVæ7F–öâETcS3‚ÂÓã“3s3ƒsƒƒ##s3ƒbÅG'VRÂÂÂÂÂÂÂÂÄfÇ6RÄfÇ6P¥6öÇ–3&ssÂ$7—F÷6öÆ–2fRÕ26ÇW7FW"76VÖ&Ç’f7F÷"åT%"†öÖöÆör•#“S“E6RÖÆ–¶RÂ$ôÖ–äB"ÂÓãSsCsSS“ƒ#3bÅG'VRÂÓãSsS#33cCs3s#SrÃrã““csC#3Sc“cc6RÓBÃãc“#ƒ3CSs#“#6RÓ"ÂÂÂÂÂÅG'VRÄfÇ6P¥6öÇ–3&sscÅVæ¶æ÷vâ&÷FV–âÂÓãCSSC#“s#3#ƒÅG'VRÂÓãCC“ƒC#3sƒS##‚Ã"ãcƒ#“S33sSS&RÓ’Ãã“““#ƒƒC“sƒFRÓ‚ÃBãÃã“SsC3cs“#c“3bÃã“SsC3cs“#c“3bÃãsccsCS3c3csƒFRÓbÅ6öÇ–3&sscããõ33Sµ6öÇ–3&sscããõ3cRÅG'VRÅG'VP¥6öÇ–3&ssÅ&V6WF÷"ÖÆ–¶R&÷FV–â¶–æ6RCVsS“cs•###“6W&–æU÷F‡&Vöæ–æR&÷FV–â¶–æ6RÂÓã#CƒƒccCC3sss“CRÅG'VRÂÂÂÂÂÂÂÂÄfÇ6RÄfÇ6P¥6öÇ–3&ss#Â%6–væÂWF–F6R’•###2WF–F6R3#dÂ6–væÂWF–F6R’"ÂÓã##Sƒ33Csƒ3SS“ƒcBÅG'VRÂÂÂÂÂÂÂÂÄfÇ6RÄfÇ6P¥6öÇ–3&ss3Ä–çFVw&ÂÖVÖ'&æR&÷FV–â•#sCc"&÷FV–âöbVæ¶æ÷vâgVæ7F–öâETcS"ÂÓãScCƒCcC33CCcƒc"ÅG'VRÂÂÂÂÂÂÂÂÄfÇ6RÄfÇ6P¥6öÇ–3&sssÂ$fGG’6–B÷†–FF–öâ6ö×ÆW‚7V'Væ—BÇ†•#csb2Ö‡–G&÷‡–7–ÂÔ6ôFV‡–G&övVæ6RÂäB&–æF–ær"ÃãS3ccc##“#sCBÅG'VRÂÂÂÂÂÂÂÂÄfÇ6RÄfÇ6P¥6öÇ–3&ssƒÂ%FW6Ö–åõE4óÖÆ–¶R5„2FöÖ–âÖ6öçF–æ–ær&÷FV–â•#Ss"FW6Ö–åõE4óÖÆ–¶RÂ5„2"Ãã3#cCCssc3S3#"ÅG'VRÂÂÂÃãÃãcSsƒs#“3CsÂÓãcSsƒs#“3CsÃ2ãC33Cƒcc3“–RÓrÅ6öÇ–3&ssƒããõCƒBÄfÇ6RÅG'VP¥6öÇ–3&ss#Ä6VÆÂF—f—6–öâ&÷FV–â¶–æ6R#•###“6W&–æU÷F‡&Vöæ–æR&÷FV–â¶–æ6RÂÓãCsƒ#3CC“3c##2ÅG'VRÂÂÂÃ2ãÃãƒ““3““3#3#Cƒ3"Ããƒ““3““3#3#Cƒ3"ÃãƒƒssSS#3scƒ†RÓ‚Å6öÇ–3&ss#ããõ3#µ6öÇ–3&ss#ããõ3#µ3#3µ3#Cµ6öÇ–3&ss#ããõ3CCcµ3CC‚ÄfÇ6RÅG'VP¥6öÇ–3&ss#ƒÄ66V–â¶–æ6RÖÆ–¶R&÷FV–âB•###“6W&–æU÷F‡&Vöæ–æR&÷FV–â¶–æ6RÂÓãƒ#ƒCsS“ƒc33“#bÅG'VRÂÓãƒ3“#ƒS“3ƒƒ#s3BÃ’ãCSƒcs##cc3CsvRÓrÃ"ã33#ƒSC#sc3†RÓbÃ2ãÃãCc3CCƒSCcS“SrÃãCc3CCƒSCcS“SrÃ"ã3Sƒ“S3cs“fRÓRÅ6öÇ–3&ss#ƒããõ33Cƒµ6öÇ–3&ss#ƒããõC3cBÅG'VRÅG'VP¥6öÇ–3&ss3ÄÆ7F÷–ÆvÇWFF†–öæRÇ–6R•#C3cvÇ–÷†Æ6R’Ãã33“sc“3“3s3CSrÅG'VRÃã33“ƒ3sS3c#“‚Ãbã“3sC#Cc#SCƒVRÓ2Ããƒ33S“ƒ33“ƒƒ–RÓÃ"ãÃãƒc3sSƒcc#“cS#SbÂÓãƒc3sSƒcc#“cS#SbÃ"ã#C““ƒƒC#RÓrÅ6öÇ–3&ss3ããõ333BÅG'VRÅG'VP¥6öÇ–3&sƒ3cÂ$öÆ–v÷666†'–ÂG&ç6fW&6R5EC27V'Væ—BfÖ–Ç’&÷FV–â•#3csBöÆ–v÷666†'–ÂG&ç6fW&6RÂ5EC27V'Væ—B"ÂÓã“ƒS“ƒ##“cƒ‚ÅG'VRÂÂÂÂÂÂÂÂÄfÇ6RÄfÇ6P¥6öÇ–3&sƒ3sÂ%&RÖÕ$ä×&ö6W76–ær&÷FV–âCR•#sƒc"4´’Ö–çFW&7F–ær&÷FV–âÂ4´•"ÂÓã3##S33SC3cSƒƒRÅG'VRÂÂÂÂÂÂÂÂÄfÇ6RÄfÇ6P¥6öÇ–3&sƒ3“ÄvöÆv–â6æF–FFRÂÓãSc““ƒsƒƒ3c3SS#bÅG'VRÂÂÂÃ2ãÃ"ãCS33ScScSSbÃ"ãCS33ScScSSbÃRã#“ƒ““Sƒƒ#s“RÓÅ6öÇ–3&sƒ3“ããõ3ƒµ6öÇ–3&sƒ3“ããõCsBÄfÇ6RÅG'VP¥6öÇ–3&sƒC3Â$ÖÆ–2Vç§–ÖR•##3"ÖÆ–2Vç§–ÖRÂäBÖ&–æF–ær"Ãã“ƒ#cS“c33ƒs’ÅG'VRÃã“ƒ“cSSCcS#c“S‚Ã"ãCs3Sƒc#3sVRÓbÃ"ãc““3“ccs#RÓBÃ2ãÃãƒcc“csS3ss#ƒCrÃãƒcc“csS3ss#ƒCrÃã#“S#3ƒƒssvRÓ‚Å6öÇ–3&sƒC3ããõ3bÅG'VRÅG'VP¥6öÇ–3&sƒScÅVæ¶æ÷vâ&÷FV–âÂÓãC“CCCCsƒsCRÅG'VRÂÓãCƒƒs#3ƒ#“ƒS2ÃrãCƒ#cc3“CSvRÓÃRã###3Scƒ3VRÓÃ2ãÃãCCC#c“3S“ƒ#32ÃãCCC#c“3S“ƒ#32Ã’ãc“##s“Cƒ““#†RÓ‚Å6öÇ–3&sƒScããõ3#“µ33µ6öÇ–3&sƒScããõ33ÅG'VRÅG'VP¥6öÇ–3&sƒSsÂ$&v–ç–Â×E$ä7–çF†WF6R•##s‚&v–ç–Â×E$ä7–çF†WF6RÂ6Æ72–2"ÂÓã3#SCCs#ƒssbÅG'VRÂÂÂÂÂÂÂÂÄfÇ6RÄfÇ6P¥6öÇ–3&sƒSƒÂ$vÇV6âVæFòÓ2Ö&WFÖvÇV6÷6–F6RB•#C“vÇ–6÷6–FR‡–G&öÆ6RÂfÖ–Ç’r"ÂÓãƒƒ#ƒƒƒsƒSSrÅG'VRÂÓãƒs“S3C#c#sC#’Ãã“ssC“c#fRÓ’ÃRã“3S#cƒccSCFRÓ’ÂÂÂÂÂÅG'VRÄfÇ6P¥6öÇ–3&sƒS“Â%&öf–Æ–â•#SCSR&öf–Æ–âÂÆçB"ÂÓã“C#Sƒc“#3#bÅG'VRÂÂÂÂÂÂÂÂÄfÇ6RÄfÇ6P¥6öÇ–3&sƒc3Â$Ö—Fö6†öæG&–Â&ö6W76–ærWF–F6RÇ†7V'Væ—B•##3rWF–F6RÓbÂ6÷&R"ÂÓã“3#3“c“ƒs3CSbÅG'VRÂÂÂÂÂÂÂÂÄfÇ6RÄfÇ6P¥6öÇ–3&sƒcCÄvÖÖÖvÇWF×–ÇG&ç6fW&6RÖÆ–¶R&÷FV–â•#vÖÖÖvÇWF×–ÇG&ç7WF–F6RÃãcƒ“SS3sƒcSc3c’ÅG'VRÂÂÂÂÂÂÂÂÄfÇ6RÄfÇ6P¥6öÇ–3&sƒsÂ%WF–F6RÓbfÖ–Ç’&÷FV–â•##3rWF–F6RÓbÂ6÷&R"Ãã#3C3ScC#cCcc#2ÅG'VRÂÂÂÃãÃãc3ƒ33cS33c##SÃãc3ƒ33cS33c##SÃã3#cC“C3CƒC“Å6öÇ–3&sƒsããõ3“sÄfÇ6RÅG'VP¥6öÇ–3&sƒs#Ãc2&–&÷6öÖÂ&÷FV–âÃ3•#SB&–&÷6öÖÂ&÷FV–âÃ3RÂÓãSsCCSS3C“ƒCcSBÅG'VRÂÂÂÂÂÂÂÂÄfÇ6RÄfÇ6P¥6öÇ–3&sƒsSÂ%7Æ–6–ærf7F÷"S$b7V'Væ—B•#cS#’S"6å$åW†–ÆÆ–'’f7F÷"ÂÆ&vR7V'Væ—BÂ7Æ–6–ærf7F÷""ÂÓã3#CS“#Cs#CcCs2ÅG'VRÂÂÂÃRãÃãcƒSC33ƒ“SSS#‚ÃãcƒSC33ƒ“SSS#‚Ããƒc““c3ƒcrÅ6öÇ–3&sƒsSããõ3Cƒµ3Sµ3c3µ3cSµ6öÇ–3&sƒsSããõ3Sµ6öÇ–3&sƒsSããõ3cSµ6öÇ–3&sƒsSããõ3CRÄfÇ6RÅG'VP¥6öÇ–3&sƒscÅ&÷FV–â&v–æ–æRâÖÖWF‡–ÇG&ç6fW&6RÂÓã3#Scc“##ƒ3“2ÅG'VRÂÂÂÂÂÂÂÂÄfÇ6RÄfÇ6P¥6öÇ–3&sƒsƒÅ6W&–æR6WG–ÇG&ç6fW&6R•#Sƒƒ6W&–æRòÖ6WG–ÇG&ç6fW&6RÃãssCc“#sƒsc#3“BÅG'VRÂÂÂÂÂÂÂÂÄfÇ6RÄfÇ6P¥6öÇ–3&sƒƒCÂ$&WFÖvÆ7F÷6–F6R•#“CBvÇ–6÷6–FR‡–G&öÆ6RÂfÖ–Ç’3R"Ã"ã#s33C#“##ƒc"ÅG'VRÃ"ã#sCsCs“CccS3C2Ãã“#C“ƒ3S““Sƒ#RÓrÃ2ãC#ssccs&RÓRÂÂÂÂÂÅG'VRÄfÇ6P¥6öÇ–3&sƒƒsÂ$7vd¢FöÖ–âÖ6öçF–æ–ær&÷FV–â•#csc‚&÷FV–â6–Ö–Æ"Fò7vd¢Â2×FW&Ö–æÂ"ÂÓã#“#SS#s3CsC3ƒrÅG'VRÂÂÂÂÂÂÂÂÄfÇ6RÄfÇ6P¥6öÇ–3&sƒƒ“Ä5tc’ÖÆ–¶R&÷FV–âÂÓã3C#ƒ#C#“#3CCƒƒ"ÅG'VRÂÂÂÂÂÂÂÂÄfÇ6RÄfÇ6P¥6öÇ–3&sƒ“ÄFVç6—G’×&VwVÆFVB&÷FV–â•#Sƒs2FVç6—G’×&VwVÆFVB&÷FV–âE%ÂÓã#CcsSCS3“#cCƒSBÅG'VRÂÂÂÂÂÂÂÂÄfÇ6RÄfÇ6P¥6öÇ–3&sƒ“CÄçV6ÆV÷6öÖR76VÖ&Ç’&÷FV–âÖÆ–¶R&÷FV–â"ÂÓãS““3CSssCƒƒC"ÅG'VRÂÓãS“cƒ#C#c#“c3"Ãã“C#CSS3cc#cVRÓÃrãsS3#3Ss3ƒSc–RÓÃ"ãÃãc3cƒSS3“SSBÃãc3cƒSS3“SSBÃ’ã3C#s33sccSƒ#FRÓbÅ6öÇ–3&sƒ“Cããõ3C‚ÅG'VRÅG'VP¥6öÇ–3&sƒ“SÄCssC“ôcÃ5óBÂÓã#ƒcsc“sƒ“sSsS3bÅG'VRÂÓã#ƒs““S#sƒƒsƒ’Ã"ã“3S#“c“cCVRÓ"Ã"ãSs“CsC#C#†RÓÂÂÂÂÂÅG'VRÄfÇ6P¥6öÇ–3&sƒ“sÂ$F–7–ÆvÇ–6W&öÂ7–ÇG&ç6fW&6R•#C#“’ÖVÖ'&æR&÷VæBòÖ7–ÂG&ç6fW&6RÂÔ$ôB"ÃãCs#3ƒcs#C#ƒcbÅG'VRÂÂÂÂÂÂÂÂÄfÇ6RÄfÇ6P¥6öÇ–3&s“#Å&÷FV–â¶–æ6R•###“6W&–æU÷F‡&Vöæ–æR&÷FV–â¶–æ6RÂÓã3Cc#“C#SS3SBÅG'VRÂÂÂÃ2ãÃã#Cscs3cS“cS3BÃã#Cscs3cS“cS3BÃãsc3ƒS#“#3ƒccVRÓ‚Å6öÇ–3&s“#ããõ33µ6öÇ–3&s“#ããõC3ÄfÇ6RÅG'VP¥6öÇ–3&s“3Â%tB&WVBÖ6öçF–æ–ær&÷FV–âc•##Cs"r×&÷FV–â&WFtBÓC&WVBÂ&Vv–öâ"ÂÓãCc3Sƒc#c“c#rÅG'VRÂÂÂÂÂÂÂÂÄfÇ6RÄfÇ6P¥6öÇ–3&s“cÄ6†&vVB×VÇF—fW6–7VÆ"&öG’&÷FV–â&•#S#B6æcrÃãSS“#c3C3S#“ƒ3S#’ÅG'VRÂÂÂÂÂÂÂÂÄfÇ6RÄfÇ6P¥6öÇ–3&s““Â%Væ¶æ÷vâ&÷FV–â•#3“#ÖVF–F÷"6ö×ÆW‚Â7V'Væ—BÖVC#"Ãã#“sss“#ƒ“c“#cRÅG'VRÂÂÂÃãÃãc“ƒ#ƒ3C“sS#c2ÂÓãc“ƒ#ƒ3C“sS#c2Ãã3“ƒ3sCCC3#3FRÓ‚Å6öÇ–3&s““ããõ33BÄfÇ6RÅG'VP¥6öÇ–3&s“ÅVæ¶æ÷vâ&÷FV–âÂÓã#S#ScSs3ƒSCƒ3s‚ÅG'VRÂÂÂÃãÃãSc“sSSƒƒc3SC“S#2ÃãSc“sSSƒƒc3SC“S#2Ã"ã3Ccs3Ss“#CƒSRÓ’Å6öÇ–3&s“ããõ3ƒrÄfÇ6RÅG'VP¥6öÇ–3&s“CÂ%&÷FV6öÖR7V'Væ—BÇ†G—R•#3S2&÷FV6öÖRÂ7V'Væ—BÇ†ö&WF"ÃãSƒc#ƒCc3sS“c‚ÅG'VRÂÂÂÂÂÂÂÂÄfÇ6RÄfÇ6P¥6öÇ–3&s“SÂ$÷3&sSSC&÷FV–â„g&vÖVçB’•#C#S2&÷FV–âöbVæ¶æ÷vâgVæ7F–öâETc#3ÂÆçB"ÂÓãCScsss“c3sbÅG'VRÂÂÂÂÂÂÂÂÄfÇ6RÄfÇ6P¥6öÇ–3&s“ƒÄ7W–â7WW&fÖ–Ç’„ETc“ƒR’•#“3#r&÷FV–âöbVæ¶æ÷vâgVæ7F–öâETc“ƒRÂÓãS“ccC““3ƒc#’ÅG'VRÂÓãS“cƒ3cc#3#3’Ããcc3ƒ“CcS#C“vRÓ‚ÃBã3“ƒ“c“c“#CCcVRÓ‚ÂÂÂÂÂÅG'VRÄfÇ6P¥6öÇ–3&s“#Â$6†Æ÷&÷‡–ÆÂÖ"&–æF–ær&÷FV–âÂ6†Æ÷&÷Æ7F–2•#3CB6†Æ÷&÷‡–ÆÂÔ"&–æF–ær&÷FV–â"ÂÓãƒSS3ƒ3ccC3ƒCcrÅG'VRÂÓãƒS“sƒƒ#scƒbÃãƒ3“ƒC33CcSs†RÓbÃBã#s#s#Sc““CƒSfRÓbÂÂÂÂÂÅG'VRÄfÇ6P¥6öÇ–3&s“#ÅöÇ–vÆ7GW&öæ6R•##33BV7F–âÇ–6RföÆBÃã“““C#SCssssSRÅG'VRÂÂÂÂÂÂÂÂÄfÇ6RÄfÇ6P¥6öÇ–3&s“#SÆ6†W&öæ–â•#Csb6†W&öæ–â7ãÂÓãƒƒ“3c“ScsS33#ƒrÅG'VRÂÂÂÂÂÂÂÂÄfÇ6RÄfÇ6P¥6öÇ–3&s“#cÃ2Ö÷†ö7–ÂÒ„7–ÂÖ6'&–W"×&÷FV–â’7–çF†6R”’•#s“B&WFÖ¶WFö7–Â7–çF†6RÂÓãsScCc“ccsƒƒSƒbÅG'VRÂÂÂÂÂÂÂÂÄfÇ6RÄfÇ6P¥6öÇ–3&s“#sÅV7F–æW7FW&6R•#cSV7F–æW7FW&6R–æ†–&—F÷"ÂÓã“““sC“ƒ3#ƒSƒCsCbÅG'VRÂÓã““3ƒ3“c#SSRÃRãs3“Cc“#ss3†RÓ’Ã"ã33sƒS#3Cs36RÓ‚ÂÂÂÂÂÅG'VRÄfÇ6P¥6öÇ–3&s“3Â%7V7&÷6R7–çF†6R•##ƒ#7V7&÷6R7–çF†6RÂÆçG2æB7–æö&7FW&–•#3c‚7V7&÷6R7–çF†6R"ÂÓ"ã33Scccs#3ƒSc3rÅG'VRÂÓ"ã33Ccs#S#CsƒS"Ãã#cs““s“ccƒScVRÓRÃbãsc#sc3cS#3#“&RÓBÂÂÂÂÂÅG'VRÄfÇ6P¥6öÇ–3&s“3ƒÂ#32&–&÷6öÖÂ&÷FV–â3r•#““ƒB&–&÷6öÖÂ&÷FV–â3rÂ&7FW&–Â×G—R"ÂÓãcS““sC“ƒƒƒC3rÅG'VRÂÂÂÂÂÂÂÂÄfÇ6RÄfÇ6P¥6öÇ–3&s“3“Â%¦–æ2f–ævW"444‚FöÖ–âÖ6öçF–æ–ær&÷FV–âb•#Ss¦–æ2f–ævW"Â444‚×G—R"ÂÓã#3#ƒcƒscssc‚ÅG'VRÂÂÂÃãÃãƒ“#Cs“SC#S“BÃãƒ“#Cs“SC#S“BÃã“““ƒSƒ#3“6RÓRÂÄfÇ6RÅG'VP¥6öÇ–3&s“CÂ%—'WfFRFV‡–G&övVæ6RS6ö×öæVçBÇ†7V'Væ—BS6ö×öæVçBÂÇ†7V'Væ—BÂ7V&w&÷W’"ÂÓã#CcC###“Cs#‚ÅG'VRÂÂÂÂÂÂÂÂÄfÇ6RÄfÇ6P¥6öÇ–3&s“CÂ%—'WfFRFV‡–G&övVæ6RS6ö×öæVçBÇ†7V'Væ—BS6ö×öæVçBÂÇ†7V'Væ—BÂ7V&w&÷W’"ÂÓãCcs3“CƒSc“3rÅG'VRÂÂÂÂÂÂÂÂÄfÇ6RÄfÇ6P¥6öÇ–3&s“C3ÄÖWF‡–ÇG&ç6fW&6Rf¶$ÒfÖ–Ç’&÷FV–âW‡&W76VB•#c3C"ÖWF‡–ÇG&ç6fW&6Rf¶$ÒÂÓãSScCCS“ss3#3SÅG'VRÂÂÂÂÂÂÂÂÄfÇ6RÄfÇ6P¥6öÇ–3&s“CCÂ$'VæFÆR×6†VF‚FVfV7F—fR&÷FV–â"fÖ–Ç’•#3R†VB6†ö6²&÷FV–âFæ¢Â7—7FV–æR×&–6‚&Vv–öâ"ÃãSƒCscs“3ƒs“s#bÅG'VRÂÂÂÂÂÂÂÂÄfÇ6RÄfÇ6P¥6öÇ–3&s“CsÂ$†VÖR÷‡–vVæ6RÂÆçB"Ããƒc#““sscsƒC#RÅG'VRÃãƒc33sCSC3ccbÃRã3C###sCSS3sRÓ2Ã‚ãSƒ#ƒƒ#sCRÓ"ÂÂÂÂÂÅG'VRÄfÇ6P¥6öÇ–3&s“SÅUcCR&÷FV–â36÷&csR†öÖöÆör•#ƒc#r&÷FV–âöbVæ¶æ÷vâgVæ7F–öâETc#3C‚Ããƒ“#cc#s#CCssÅG'VRÂÂÂÂÂÂÂÂÄfÇ6RÄfÇ6P¥6öÇ–3&s“SsÄ4$ÂÖ–çFW&7F–ær&÷FV–â¶–æ6R’•###“6W&–æU÷F‡&Vöæ–æR&÷FV–â¶–æ6RÂÓãƒ“Cƒ#“3s3CSƒSƒ"ÅG'VRÂÓã“““##Ss“s“bÃãc#Cc#s#ƒssC3vRÓbÃ"ãS“s3CsƒƒRÓbÂÂÂÂÂÅG'VRÄfÇ6P¥6öÇ–3&s“S“ÄÖWF‡–Â&–æF–ærFöÖ–â&÷FV–â„g&vÖVçB’•#s3’ÖWF‡–ÂÔ7rDä&–æF–ærÂÓã3C#SC3#3cs33c3"ÅG'VRÂÂÂÂÂÂÂÂÄfÇ6RÄfÇ6P¥6öÇ–3&s“cÅF‡–Æ¶ö–BÇVÖVæÂ&÷FV–âÂÓãSC3#3s“####CƒbÅG'VRÂÂÂÂÂÂÂÂÄfÇ6RÄfÇ6P¥6öÇ–3&s“cÅD$3FöÖ–âfÖ–Ç’ÖVÖ&W"R•#“R&$tõD$2Ããcc#ƒC“s“3#“S“c‚ÅG'VRÂÂÂÃ2ãÃã““SC“3#s“#CCs#bÃã““SC“3#s“#CCs#bÃ2ãcƒCSSCc#3#svRÓrÅ6öÇ–3&s“cããõ3ƒ3µ6öÇ–3&s“cããõ3#RÄfÇ6RÅG'VP¥6öÇ–3&s“cCÄ„BfÖ–Ç’F–ÖW&—6F–öâFöÖ–â6öçF–æ–ær&÷FV–âW‡&W76VB•#ƒ“b„BF–ÖW&—6F–öâÂÓã3sƒƒsc3#“3sS3RÅG'VRÂÂÂÃ"ãÃãsC33ƒc3C3#ƒsCCrÃãsC33ƒc3C3#ƒsCCrÃ2ã“3sCSsCC“C#vRÓbÅ6öÇ–3&s“cCããõ3ƒµ6öÇ–3&s“cCããõ33cÄfÇ6RÅG'VP¥6öÇ–3&s“s“Å7–æF÷FvÖ–âÓr•#ƒ#’3"ÖVÖ'&æRF&vWF–ær&÷FV–âÂÓãsƒS3#3C##s#3rÅG'VRÂÓãsƒSSC3#c"Ãã3CS3cƒ#3“cSƒFRÓÃã“33sƒCsCCS“FRÓÂÂÂÂÂÅG'VRÄfÇ6P¥6öÇ–3&s“ƒÂ%TEÔâÖ6WG–ÆvÇV6÷6Ö–æRG&ç6fW&6R7V'Væ—BÆs2•#s#3RvÇ–6÷7–ÂG&ç6fW&6RÂfÖ–Ç’#‚Â2×FW&Ö–æÂ"ÂÓã3##s“3#sCS33RÅG'VRÂÂÂÂÂÂÂÂÄfÇ6RÄfÇ6P¥6öÇ–3&s“ƒ3Â$Cs“cƒÖÆ–¶R&÷FV–â„g&vÖVçB’•#ƒC¦–æ2f–ævW"Â$”är×G—R"ÂÓãs““ccSc3ScC“‚ÅG'VRÂÂÂÂÂÂÂÂÄfÇ6RÄfÇ6P¥6öÇ–3&s“ƒ“Â%f7VöÆ"E6R7V'Væ—B‚&÷FV–â•#C“‚E6RÂc6ö×ÆW‚Â7V'Væ—B‚"ÂÓãssc“ƒ“#s3SBÅG'VRÂÓãss““S#ssƒƒc‚Ã2ãCcCss3c3SƒRÓÃã““##Cc3“#RÓ’ÃãÃãSsƒƒ3““ƒ“#3BÃãSsƒƒ3““ƒ“#3BÃrãs#SSƒcSc#SfRÓÅ6öÇ–3&s“ƒ“ããõ3CSÅG'VRÅG'VP¥6öÇ–3&s““3ÅTEÖvÇV7W&öæ÷7–ÇG&ç6fW&6RÓb•###2TEÖvÇV7W&öæ÷7–ÅõTEÖvÇV6÷7–ÇG&ç6fW&6RÂÓ"ãc#Sc#“SssRÅG'VRÂÓ"ãSc“ScCc3#c"ÃRãCC##ƒ3ScCcC“C6RÓBÃã##CSƒ#c“sC–RÓ"ÂÂÂÂÂÅG'VRÄfÇ6P¥6öÇ–3&s““CÅTEÖvÇV6÷7–ÇG&ç6fW&6R‡eTuCSƒsb•###2TEÖvÇV7W&öæ÷7–ÅõTEÖvÇV6÷7–ÇG&ç6fW&6RÂÓãCc#Sƒs“ScƒcRÅG'VRÂÂÂÂÂÂÂÂÄfÇ6RÄfÇ6P¥6öÇ–3&s““cÂ$WV¶'–÷F–2G&ç6ÆF–öâ–æ—F–F–öâf7F÷"B•#c#Ô”cBÖÆ–¶RÂG—Ró%ó2"ÂÓã#C#ssc““ƒ3S“crÅG'VRÂÂÂÃBãÃ"ãCc##c“#CS3BÃ"ãCc##c“#CS3BÃ2ã3““cSCƒ“C##s6RÓÅ6öÇ–3&s““cããõ3Ccµ6öÇ–3&s““cããõ3SC#µ6öÇ–3&s““cããõ3sSÄfÇ6RÅG'VP¥6öÇ–3&s““ƒÄ6ö×ÆW‚–çFW&7F–ær&÷FV–â’•#CCVæ6†&7FW&—6VB&÷FV–âfÖ–Ç’Uc32ÂÓã33cS33#“SCS“ƒrÅG'VRÂÂÂÂÂÂÂÂÄfÇ6RÄfÇ6P¥6öÇ–3&s“““Â%6–væÂ&V6övæ—F–öâ'F–6ÆR&÷FV–â•#s##"6–væÂ&V6övæ—F–öâ'F–6ÆR&V6WF÷"ÂÇ†7V'Væ—BÂâ×FW&Ö–æÂ"ÂÓãSscC#S3sƒ3C’ÅG'VRÂÂÂÃ"ãÃãS“#Cƒ“ƒ“C33SƒC"ÃãS“#Cƒ“ƒ“C33SƒC"Ã2ã#ƒƒC“Sƒs“Scs†RÓRÅ6öÇ–3&s“““ããõ3cSµ6öÇ–3&s“““ããõ3c’ÄfÇ6RÅG'VP¥6öÇ–3&sÄ7–6Æ–2çV6ÆV÷F–FRvFVB6†ææVÂ•#S“R7–6Æ–2çV6ÆV÷F–FRÖ&–æF–ærÃãSc#ƒc#cSƒ33ƒ3c‚ÅG'VRÂÂÂÂÂÂÂÂÄfÇ6RÄfÇ6P¥6öÇ–3&s#Â$ÆWV7–ÂÖ–æ÷WF–F6R•#3SbWF–F6RÓrÂÆWV7–ÂÖ–æ÷WF–F6R"ÂÓã“cS3C#3s“Cscsƒ#’ÅG'VRÂÓã“s#3CCƒ#csrÃãcccCsc“C&RÓ‚ÃRãƒCƒƒCSƒc–RÓ‚ÂÂÂÂÂÅG'VRÄfÇ6P¥6öÇ–3&sCÂ$ÆWV7–ÂÖ–æ÷WF–F6R•#3SbWF–F6RÓrÂÆWV7–ÂÖ–æ÷WF–F6R•#ƒ’WF–F6RÓrÂÆWV7–ÂÖ–æ÷WF–F6RÂ2×FW&Ö–æÂ"Ãã##ss“3#3SSSc#S3ƒ2ÅG'VRÂÂÂÃãÃãcC“ƒS33“#ƒs2ÃãcC“ƒS33“#ƒs2Ãã“ƒc##3C3sSVRÓrÅ6öÇ–3&sCããõ3S’ÄfÇ6RÅG'VP¥6öÇ–3&scÂ$WV¶'–÷F–2G&ç6ÆF–öâ–æ—F–F–öâf7F÷"T•#“sc’G&ç6ÆF–öâVÆöævF–öâf7F÷"Â”cTÂ‡—W6–æR6—FR"ÂÓã33“3cC“Sc“##sc"ÅG'VRÂÂÂÂÂÂÂÂÄfÇ6RÄfÇ6P¥6öÇ–3&ssÅVæ¶æ÷vâ&÷FV–âÂÓã#csƒ“ƒCC3c#sƒRÅG'VRÂÂÂÂÂÂÂÂÄfÇ6RÄfÇ6P¥6öÇ–3&sƒÂ$çF‡&æ–ÆFR7–çF†6R•#““vÇWFÖ–æRÖ–F÷G&ç6fW&6R6Æ72Ô’Â2×FW&Ö–æÂ"Ãã“CC#csCƒSrÅG'VRÃã“3“ƒ33SCs#sÃRã“S““ƒcsCc#CfRÓ"ÃRã““cƒS“C““S&RÓÂÂÂÂÂÅG'VRÄfÇ6P¥6öÇ–3&s##Â$7—Fö6‡&öÖR2&–övVæW6—2EÖ&–æF–ærW‡÷'B&÷FV–â66ÔÖÆ–¶R•#Sƒ“R$2G&ç7÷'FW"Â†VÒW‡÷'BÂ66Ô"Ãã#c#cccc##ƒ“ÅG'VRÂÂÂÂÂÂÂÂÄfÇ6RÄfÇ6P¥6öÇ–3&s3#Ä÷WFW"ÖVÖ'&æRÆ—÷&÷FV–â&Æ2•##3CRÆ—ö6Æ–âÃ"ãs“c3ccC“Cƒc##bÅG'VRÃ"ãƒ3“c3“ƒ#ƒ#CC2ÃãsSC#C#scsFRÓrÃ2ã##SccS#3cƒsfRÓRÃ2ãÃãsSƒc3S##3Sc“bÂÓãsSƒc3S##3Sc“bÃã““csC““C3#S#vRÓÅ6öÇ–3&s3#ããõ3c#µ6öÇ–3&s3#ããõ3ccµ6öÇ–3&s3#ããõ3c’ÅG'VRÅG'VP¥6öÇ–3&s3CÅ&RÖÕ$ä×7Æ–6–ærf7F÷"–æ“•#S3CR„cRÖÆ–¶RÃã“ƒCƒC33S#s3#BÅG'VRÂÂÂÂÂÂÂÂÄfÇ6RÄfÇ6P¥6öÇ–3&s3ƒÄFVç–ÆFR¶–æ6RÖÆ–¶R&÷FV–â•#ƒ“c"FöÖ–âöbVæ¶æ÷vâgVæ7F–öâETc““RÂÓãsƒƒ“CSc3“S“’ÅG'VRÂÓãsƒ#3#ƒ“CsS#3RÃrãƒ3#Ccƒ3ƒfRÓÃRãCsS3SCc3ƒ–RÓÃBãÃ"ãC3##cƒSSsCÃ"ãC3##cƒSSsCÃ"ãcCscS#S#“3#VRÓÅ6öÇ–3&s3ƒããõ33“µ6öÇ–3&s3ƒããõ3SS’ÅG'VRÅG'VP¥6öÇ–3&s3“ÅG&ç6ÖVÖ'&æR’7WW&fÖ–Ç’&÷FV–âÖVÖ&W""ÂÓãc3S##3SCsccbÅG'VRÂÓãc3S“Sƒ#sC“cSbÃrã“#“ƒc3S#ƒVRÓÃBã#“C#sCs3“RÓ’ÂÂÂÂÂÅG'VRÄfÇ6P¥6öÇ–3&sS#ÄWV¶'–÷F–2WF–FR6†–â&VÆV6Rf7F÷"7V'Væ—BÓ•#CC2WF–FR6†–â&VÆV6Rf7F÷"U$eö$b7V'Væ—BÃã3#ƒc3#ƒ#Cc“ƒ2ÅG'VRÂÂÂÂÂÂÂÂÄfÇ6RÄfÇ6P¥6öÇ–3&sSCÄäBFWVæFVçBW–ÖW&6UöFV‡–G&F6RfÖ–Ç’&÷FV–âW‡&W76VBÖ&–æF–ærFöÖ–âÂÓã#cS3scsSCc3s3#bÅG'VRÂÓã#cCSCƒ3CC#ƒ“RÃ2ã“C3Css3##3“vRÓ"ÃBã#cc“cS#sC#S–RÓÃãÃã#c3#3#ƒ#CbÃã#c3#3#ƒ#CbÃRãcscccsss“3ƒ&RÓrÅ6öÇ–3&sSCããõC"ÅG'VRÅG'VP¥6öÇ–3&ssCÂ%&V6WF÷"Æ–¶R¶–æ6RÂ$Ä²"ÂÓã#ƒc“3sƒ3“#ƒ3ccÅG'VRÂÂÂÃãÃãs3sS“3Cƒss“rÂÓãs3sS“3Cƒss“rÃ‚ãcƒs#ƒs#FRÓrÅ6öÇ–3&ssCããõ33c‚ÄfÇ6RÅG'VP¥6öÇ–3&ss“Å&2×&VÆFVB&÷FV–â&"Ó#R•#SS“R&#×&VÆFVBÂÓã#ƒƒSss3Scs3s#33crÅG'VRÂÂÂÂÂÂÂÂÄfÇ6RÄfÇ6P¥6öÇ–3&sƒCÂ$¶WFöÂÖ6–B&VGV7Fö—6öÖW&6R•#c#b¶WFöÂÖ6–B&VGV7Fö—6öÖW&6RÂÆçB"ÂÓãC“#ssc3ScC““ccrÅG'VRÂÂÂÂÂÂÂÂÄfÇ6RÄfÇ6P¥6öÇ–3&sƒcÃBÓ2Ó2&÷FV–â&WFöÇ†•#3‚BÓ2Ó2&÷FV–âÂÓã3“3ƒ““Ss“c#“SSrÅG'VRÂÂÂÂÂÂÂÂÄfÇ6RÄfÇ6P¥6öÇ–3&sƒsÄE7–çF†6R’ÖÆ–¶R&÷FV–âÂÓãSƒƒccsSƒ“sccCƒCRÅG'VRÂÓãS“#ƒs“ƒc“#““‚Ã2ã##CCsƒ3CCs“ƒ#fRÓrÃ‚ãs3cCCsc“3&RÓrÂÂÂÂÂÅG'VRÄfÇ6P¥6öÇ–3&s“Â$Æ—6R„g&vÖVçB’•##“#Æ—6RÂ6Æ722"ÂÓã##““cSsÅG'VRÂÓãCSCS“cscS3bÃãss“3#3c““##RÓ‚ÃbãC#C“sc“cS#3“VRÓ‚ÂÂÂÂÂÅG'VRÄfÇ6P¥6öÇ–3&s“SÂ$Æ6ö†öÂFV‡–G&övVæ6R¦–æ2Ö6öçF–æ–ær•##ƒRÆ6ö†öÂFV‡–G&övVæ6R7WW&fÖ–Ç’Â¦–æ2Ö6öçF–æ–ær"Ãã“S#s“CsC3’ÅG'VRÂÂÂÂÂÂÂÂÄfÇ6RÄfÇ6P¥6öÇ–3&s“cÂ$Æ6ö†öÂFV‡–G&övVæ6R¦–æ2Ö&–æF–ærFöÖ–â&÷FV–â•##ƒRÆ6ö†öÂFV‡–G&övVæ6R7WW&fÖ–Ç’Â¦–æ2Ö6öçF–æ–ær"ÂÓãƒ“C#33s“C#SS2ÅG'VRÂÓãƒCC“cCƒs2Ã2ã3cscc33C#fRÓrÃ‚ã#ccsƒ#c3RÓrÂÂÂÂÂÅG'VRÄfÇ6P¥6öÇ–3&s“sÂ$Æ6ö†öÂFV‡–G&övVæ6RÖÆ–¶R&÷FV–â•##ƒRÆ6ö†öÂFV‡–G&övVæ6R7WW&fÖ–Ç’Â¦–æ2Ö6öçF–æ–ær"ÂÓãs“Cƒcc3c3#ƒƒ#‚ÅG'VRÂÓãs“S#S“ƒCs3##3bÃãSSSƒƒƒ“Sƒ“FRÓÃ’ãC“s#ƒCcsCs3ƒ&RÓÂÂÂÂÂÅG'VRÄfÇ6P¥6öÇ–3&sÂ$6—G&FR7–çF†6R•#“S26—G&FR7–çF†6RÂG—R”’"Ãã3#cƒ3s“cS“Sƒƒ2ÅG'VRÂÂÂÃãÃã#c33ƒcsC3#’Ãã#c33ƒcsC3#’ÃãsS#C“ƒ3“SRÓ‚Å6öÇ–3&sããõ3Cƒ‚ÄfÇ6RÅG'VP¥6öÇ–3&sCÂ$Æ—÷‡–vVæ6R•##CbÆ—÷‡–vVæ6RÂÆçB"ÂÓã##s#“ƒC“scc“BÅG'VRÂÂÂÂÂÂÂÂÄfÇ6RÄfÇ6P¥6öÇ–3&sSÄÔ´”C#Sr&÷FV–â„g&vÖVçB’•##“#7Vâ&ÆöwVRæB÷'F†öÆöwVR2×FW&Ö–æÂÂÓã##SsC#SC33“3rÅG'VRÂÂÂÂÂÂÂÂÄfÇ6RÄfÇ6P¥6öÇ–3&sCÂ%7V'F–Æ—6–âÖÆ–¶R&÷FV6R•#SSWF–F6R3‚Â7V'F–Æ—6–â×&VÆFVB"ÂÓãCcSs3ƒ“#c“C‚ÅG'VRÂÂÂÂÂÂÂÂÄfÇ6RÄfÇ6P¥6öÇ–3&scÂ$Væ÷–ÂÔ6ôÖ‡–G&F6R•#sS27&÷Föæ6RÂ6÷&R"ÂÓã#C“#sC3s#33"ÅG'VRÂÂÂÂÂÂÂÂÄfÇ6RÄfÇ6P¥6öÇ–3&s#sÂ$VÆöævF–öâf7F÷"G2•#ƒG&ç6ÆF–öâVÆöævF–öâf7F÷"G2Â6öç6W'fVB6—FR"ÂÓãSƒ“Cc33ƒ“s3ÅG'VRÂÂÂÂÂÂÂÂÄfÇ6RÄfÇ6P¥6öÇ–3&s#ƒÂ$6†Æ÷&÷‡–ÆÂÖ"&–æF–ær&÷FV–â‚Â6†Æ÷&÷Æ7F–2•#3CB6†Æ÷&÷‡–ÆÂÔ"&–æF–ær&÷FV–â"ÂÓ2ãcsCƒsS#S3sc3rÅG'VRÂÓ2ãcsCCsSc““RÃ2ã““c“Cs3cCSS“RÓ2Ãbã3#S“#3##vRÓ"ÂÂÂÂÂÅG'VRÄfÇ6P¥6öÇ–3&s3Â$vÇWFF†–öæR2×G&ç6fW&6R•#CCbvÇWFF†–öæR2×G&ç6fW&6RÂ2×FW&Ö–æÂ"Ã2ãC33“ccCcCrÅG'VRÃ2ãC#““3s“c““ƒ#S#BÃãcƒ#3C“Sc3&RÓrÃ2ã##SccS#3cƒsfRÓRÂÂÂÂÂÅG'VRÄfÇ6P¥6öÇ–3&s3#Â$vÇWFF†–öæR2×G&ç6fW&6R•#CCbvÇWFF†–öæR2×G&ç6fW&6RÂ2×FW&Ö–æÂ"ÂÓãC3s““C“S3SCƒ3SSbÅG'VRÂÂÂÂÂÂÂÂÄfÇ6RÄfÇ6P¥6öÇ–3&s33Â$WF‡–ÆVæR&V6WF÷"„g&vÖVçB’•#CS#R6–væÂG&ç6GV7F–öâ†—7F–F–æR¶–æ6RÂ‡–'&–B×G—RÂWF‡–ÆVæR6Vç6÷""ÂÓãCC“Cƒ#sC3cscsbÅG'VRÂÂÂÂÂÂÂÂÄfÇ6RÄfÇ6P¥6öÇ–3&s3CÂ%öÇ–FVç–ÆFRÖ&–æF–ær&÷FV–â•#SB$ä&V6övæ—F–öâÖ÷F–bÂ$åÓ"Ãã3Sscc#scCƒ2ÅG'VRÂÂÂÂÂÂÂÂÄfÇ6RÄfÇ6P¥6öÇ–3&s3sÄÖ–æò6–BG&ç7÷'FW"•#Scb6F–öæ–2Ö–æò6–BG&ç7÷'FW"ÂÓã3c#“c3“scƒCcc2ÅG'VRÂÂÂÃãÃãƒƒccsCsS#s“3"ÃãƒƒccsCsS#s“3"ÃãC3c3ScS&RÓRÂÄfÇ6RÅG'VP¥6öÇ–3&sC#Ä–çFVw&ÂÖVÖ'&æR6–ævÆR3"FöÖ–â&÷FV–â•#ƒ#’3"ÖVÖ'&æRF&vWF–ær&÷FV–âÃã“s3ƒCsSss#3C’ÅG'VRÂÂÂÃãÃãccsS#Ssƒs3C’ÃãccsS#Ssƒs3C’Ã2ã3#sƒcC3ƒ#ccFRÓÅ6öÇ–3&sC#ããõ3SCµ3S#µ6öÇ–3&sC#ããõ3S#µ6öÇ–3&sC#ããõ3SCµ6öÇ–3&sC#ããõ3SC“µ6öÇ–3&sC#ããõ3Sc#µ6öÇ–3&sC#ããõ3c3µ6öÇ–3&sC#ããõ3c3“µ6öÇ–3&sC#ããõ3sÄfÇ6RÅG'VP¥6öÇ–3&sC3Ä‡–G&÷‡–7–ÆvÇWFF†–öæR‡–G&öÆ6R•##s’&WFÖÆ7FÖ6RÖÆ–¶RÂÓã#“SsC“sSc3ƒ#‚ÅG'VRÂÂÂÂÂÂÂÂÄfÇ6RÄfÇ6P¥6öÇ–3&sCSÂ$6†Æ÷&÷‡–ÆÂÖ"&–æF–ær&÷FV–â2Â6†Æ÷&÷Æ7F–2•#3CB6†Æ÷&÷‡–ÆÂÔ"&–æF–ær&÷FV–â"ÂÓ2ã“3s““ƒ3“#ccbÅG'VRÂÓ2ã“#3sc#3ƒS#S‚ÃRã3“C#csc#3Ss–RÓBÃã##3cscƒ##ƒc†RÓ"ÂÂÂÂÂÅG'VRÄfÇ6P¥6öÇ–3&s3SÄ†—7FöæRƒ$"•#SS‚†—7FöæRƒ$"ÂÓã3C#ƒƒ““##C“3“SBÅG'VRÂÂÂÂÂÂÂÂÄfÇ6RÄfÇ6P¥6öÇ–3&s3S3ÅVæ¶æ÷vâ&÷FV–âÂÓã#“SSc3s3c#CBÅG'VRÂÂÂÂÂÂÂÂÄfÇ6RÄfÇ6P¥6öÇ–3&s3SSÅVæ¶æ÷vâ&÷FV–âÂÓã#CcCƒ3sƒSCS“SRÅG'VRÂÂÂÂÂÂÂÂÄfÇ6RÄfÇ6P¥6öÇ–3&s3ScÂ#5ö÷2ƒ%ö÷2’Uö÷2Ö&—7†÷7†FRçV6ÆV÷F–F6RÃRÖ&—7†÷7†FRçV6ÆV÷F–F6R„Ã""ÂÓã#ƒSscSƒ“SsCƒc"ÅG'VRÂÂÂÂÂÂÂÂÄfÇ6RÄfÇ6P¥6öÇ–3&s3SƒÂ%WF–G–Â×&öÇ–Â6—2×G&ç2—6öÖW&6R7–6Æ÷†–Æ–â×G—R•##3WF–G–Â×&öÇ–Â6—2×G&ç2—6öÖW&6RÂ7–6Æ÷†–Æ–â×G—R"ÂÓã33SC#3SƒcS3C"ÅG'VRÂÓã33cSC3#CƒSCrÃã3c#ƒS33#ƒ3CƒvRÓ2Ã"ãc#ƒcc3s3cCC#6RÓ"ÂÂÂÂÂÅG'VRÄfÇ6P¥6öÇ–3&s3c“ÄÖöæö÷‡–vVæ6RdBÖ&–æF–ær&÷FV–â•#3C"&öÖF–2×&–ær‡–G&÷‡–Æ6RÖÆ–¶RÃ2ãcs#CC“ƒC#c’ÅG'VRÃ2ãcsƒc“ƒCcs’Ã"ãƒ#3#3S33RÓ‚ÃãC#ss3ƒC##vRÓRÃ"ãÃBã#““3“c3CCS#cbÂÓBã#““3“c3CCS#cbÃ’ãs“ssƒƒCC“SS“vRÓ2Å6öÇ–3&s3c“ããõ33µ33Cµ6öÇ–3&s3c“ããõ3#c‚ÅG'VRÅG'VP¥6öÇ–3&s3sÄÇVÖ–çVÒÖ–æGV6VB&÷FV–âÖÆ–¶R&÷FV–âÃ"ã#CSCS“#ScC“‚ÅG'VRÃ"ã#CSc“s#ƒ“““SRÃRã3###“ƒ##ƒ3ƒfRÓ‚Ããcƒ“3“cccc#VRÓRÃ2ãÃ"ãƒS“3ccsc“““bÃ"ãƒS“3ccsc“““bÃã“cƒS#ƒS3#CCFRÓÅ6öÇ–3&s3sããõ3#ƒµ6öÇ–3&s3sããõ3#33µ3#3rÅG'VRÅG'VP¥6öÇ–3&s3sÅ&÷Fö6†Æ÷&÷‡–ÆÆ–FR&VGV7F6R•#S“s’Æ–v‡BÖFWVæFVçB&÷Fö6†Æ÷&÷‡–ÆÆ–FR&VGV7F6RÂÓ"ã#C““3sƒƒ3ƒc2ÅG'VRÂÓ"ã#Cƒ“sCcsS33RÃBãƒ33“33sƒƒcc#VRÓ"ÃRã33c#“Ss#VRÓÂÂÂÂÂÅG'VRÄfÇ6P¥6öÇ–3&s3s“ÄvVæöÖ–2Dä6‡&öÖ÷6öÖRR6ÆöæRÔtãbÂÓãCCsƒ“C3“SCs“#BÅG'VRÂÂÂÂÂÂÂÂÄfÇ6RÄfÇ6P¥6öÇ–3&s3ƒÅF†–÷&VF÷†–â•#SsCbF†–÷&VF÷†–âÂÓã“Cƒ“S33cs“ss#"ÅG'VRÂÂÂÃãÃãc#ƒ“cs3cC#ƒƒsrÃãc#ƒ“cs3cC#ƒƒsrÃbã3CsCs3c3CcS#“FRÓRÅ6öÇ–3&s3ƒããõ3#2ÄfÇ6RÅG'VP¥6öÇ–3&s3ƒsÅ$äÖ&–æF–ær3BFöÖ–â&÷FV–â•#sSb†÷F÷7—7FVÒ”’3BFöÖ–â&÷FV–âÃã#C3sCCCs“C#C#"ÅG'VRÂÂÂÂÂÂÂÂÄfÇ6RÄfÇ6P¥6öÇ–3&s3ƒ“ÄvVæöÖ–2Dä6‡&öÖ÷6öÖRRD26ÆöæR³•rÂÓãsCc##3ƒScS#s“"ÅG'VRÂÂÂÂÂÂÂÂÄfÇ6RÄfÇ6P¥6öÇ–3&s3“Ä5C“’„g&vÖVçB’•#3#CRÆ7Fö7–æ–âÖÆ–¶RÂÓã#cSCcƒcS#cS3rÅG'VRÂÂÂÂÂÂÂÂÄfÇ6RÄfÇ6P¥6öÇ–3&s3“#Å–—VRfÖ–Ç’&÷FV–â•#C“–—VRÖÆ–¶R&÷FV–âÂÓã#3CscS““c“c"ÅG'VRÂÂÂÂÂÂÂÂÄfÇ6RÄfÇ6P¥6öÇ–3&s3“SÄC$sC#sÖÆ–¶R&÷FV–â„g&vÖVçB’•#c’6V3ÖÆ–¶R&÷FV–âÂÓã“sSƒSS“#CS"ÅG'VRÂÂÂÂÂÂÂÂÄfÇ6RÄfÇ6P¥6öÇ–3&s3““Â#S2&–&÷6öÖÂ&÷FV–âÃ•#Sƒs‚&–&÷6öÖÂ&÷FV–âÃÂ&7FW&–Â×G—R"ÂÓãCCƒƒcƒs“BÅG'VRÂÂÂÂÂÂÂÂÄfÇ6RÄfÇ6P¥6öÇ–3&sCSÂ%¦–æ2Ö6öçF–æ–ærÆ6ö†öÂFV‡–G&övVæ6R•##ƒRÆ6ö†öÂFV‡–G&övVæ6R7WW&fÖ–Ç’Â¦–æ2Ö6öçF–æ–ær"Ãã3#3sSSCCSsRÅG'VRÂÂÂÂÂÂÂÂÄfÇ6RÄfÇ6P¥6öÇ–3&sCƒÅ&2×&VÆFVB&÷FV–â&"Ó#R•#SS“R&#×&VÆFVBÂÓãSCc#3ssƒ##ƒbÅG'VRÂÂÂÂÂÂÂÂÄfÇ6RÄfÇ6P¥6öÇ–3&sCÂ$†öÖövVçF—6FR"ÖF–÷‡–vVæ6R•#Ss‚†öÖövVçF—6FRÃ"ÖF–÷‡–vVæ6R"Ããccs#c“C3s3“BÅG'VRÂÂÂÂÂÂÂÂÄfÇ6RÄfÇ6P¥6öÇ–3&sCÅ6öF—VÕö6Æ6—VÒW†6†ævW"fÖ–Ç’&÷FV–â•#Cƒ3r6öF—VÕö6Æ6—VÒW†6†ævW"ÖVÖ'&æR&Vv–öâÃã3#s3sCs#CSCbÅG'VRÂÂÂÃ2ãÃã333CƒSSSS3SC"Ãã333CƒSSSS3SC"Ã"ãƒ3“3c“cVRÓ‚Å6öÇ–3&sCããõ33sSµ33s“µ6öÇ–3&sCããõC3ƒbÄfÇ6RÅG'VP¥6öÇ–3&sCSÂ%6–ævÆR×7G&æFVBçV6ÆV–26–B&–æF–ær#4‚FöÖ–â&÷FV–â•#3“S’E6RÂ×G—RÂ6÷&R"ÂÓãScs3ƒS“3S3ƒc3“’ÅG'VRÂÂÂÂÂÂÂÂÄfÇ6RÄfÇ6P¥6öÇ–3&sCƒÂ$ÖÆFRFV‡–G&övVæ6R•#“rÖÆFRFV‡–G&övVæ6RÂäBÖFWVæFVçBÂWV¶'–÷FW2æBvÖÖ&÷FVö&7FW&–"ÂÓãc#“ƒS#SssC“2ÅG'VRÂÓãc##s#S“ccƒ#CsBÃRã#ƒ3Cs#ƒCsS†RÓ’Ã"ã##C3C3“RÓ‚ÂÂÂÂÂÅG'VRÄfÇ6P¥6öÇ–3&sC“ÇE$äF–ÖWF‡–ÆÆÇ–ÇG&ç6fW&6R•##c#rE$ä—6÷VçFVç–ÇG&ç6fW&6RÃãccs#ssSC3SSÅG'VRÃãccssSS3c#ƒ3S#CrÃ‚ã##C#s“S“sƒVRÓ‚Ã"ãSc““s#c#6RÓrÂÂÂÂÂÅG'VRÄfÇ6P¥6öÇ–3&sC#Â%$ä&–æF–ær&÷FV–â•#SB$ä&V6övæ—F–öâÖ÷F–bÂ$åÓ"ÂÓã##“““#s3s#ƒBÅG'VRÂÂÂÂÂÂÂÂÄfÇ6RÄfÇ6P¥6öÇ–3&sC#3ÄDr&÷FV–âÃã##c##ƒ##sCCs3‚ÅG'VRÂÂÂÂÂÂÂÂÄfÇ6RÄfÇ6P¥6öÇ–3&sC#SÂ%†÷7†öVæöÇ—'WfFR6&&÷‡–Æ6R•#Sƒ2—'WfFUõ†÷7†öVæöÇ—'WfFR¶–æ6RÂ6FÇ—F–26÷&R•#CC’†÷7†öVæöÇ—'WfFR6&&÷‡–Æ6R"ÂÓãƒS#ƒs“CƒsCcCsRÅG'VRÂÓãƒSƒs#sƒcccc"Ã‚ãsCS3CssSc†RÓ"Ãrãƒ#Csc#ƒS3C6RÓÃBãÃãsCSs3Ssc#3#scrÃãsCSs3Ssc#3#scrÃbã#cSSƒcCC“fRÓ’Å6öÇ–3&sC#Sããõ33sµ6öÇ–3&sC#Sããõ3s3µ6öÇ–3&sC#SããõC3RÅG'VRÅG'VP¥6öÇ–3&sC#sÅWF–FRÔãBÒ„âÖ6WG–ÂÖ&WFÖvÇV6÷6Ö–ç–Â–7&v–æRÖ–F6RÃãs#SCsƒ3Sƒ#c#‚ÅG'VRÂÂÂÂÂÂÂÂÄfÇ6RÄfÇ6P¥6öÇ–3&sC#“Ä×VÇF—&÷FV–â'&–Fv–ærf7F÷""•#3ƒr†VÆ—‚×GW&âÖ†VÆ—‚G—R2ÂÓã33ƒs#“sc“sCSSC“2ÅG'VRÂÂÂÂÂÂÂÂÄfÇ6RÄfÇ6P¥6öÇ–3&sC3ÅF†övVæW6—2×&VÆFVB&÷FV–âÖÆ–¶R&÷FV–âÂÓã#s3s3sƒ“SƒCSs“rÅG'VRÂÓã#sc#“ƒ“C3#s“RÃãS##cCƒ“cc†RÓrÃBãC#cƒƒ“CƒS3RÓrÂÂÂÂÂÅG'VRÄfÇ6P¥6öÇ–3&sC3#Äæ†6R&öÖ÷F–ær6ö×ÆW‚7V'Væ—Beö6VÆÂF—f—6–öâ7–6ÆR&÷FV–â„”2’•#““FWG&G&–6÷WF–FRÖÆ–¶R†VÆ–6ÂÂÓãC#s33#“3S3s3bÅG'VRÂÂÂÂÂÂÂÂÄfÇ6RÄfÇ6P¥6öÇ–3&sC3SÂ%&V6WF÷"Æ–¶R¶–æ6RÂ$Ä²"ÂÓã3#“33CCs“"ÅG'VRÂÓã3Sscc#ƒ#‚Ãã3““#ScSCƒRÓ2Ã"ãcƒScCCƒCC““ƒsRÓ"Ã2ãÃãƒC“#s“3ƒ3S3#SBÂÓãƒC“#s“3ƒ3S3#SBÃãs3#C#3sƒ3s6RÓ’Å6öÇ–3&sC3Sããõ3ƒ#µ6öÇ–3&sC3Sããõ3“C’ÅG'VRÅG'VP¥6öÇ–3&sC3ƒÄvÇV6÷6RÓb×†÷7†FR—6öÖW&6RÃã#C#C3SSsSC3““‚ÅG'VRÂÂÂÂÂÂÂÂÄfÇ6RÄfÇ6P¥6öÇ–3&sC3“Â#S2&–&÷6öÖÂ&÷FV–âÃ2•#Sƒ#2&–&÷6öÖÂ&÷FV–âÃ2Â&7FW&–Â×G—R"ÂÓãC“3ƒc“sScCS““S#bÅG'VRÂÂÂÂÂÂÂÂÄfÇ6RÄfÇ6P¥6öÇ–3&sCCÂ$6VÆÂF–ffW&VçF–F–öâ&÷FV–â&6C•#s#b6VÆÂF–ffW&VçF–F–öâÂ&6CÖÆ–¶R"ÂÓã“c#cCƒCC“ƒSsÅG'VRÂÂÂÂÂÂÂÂÄfÇ6RÄfÇ6P¥6öÇ–3&sCCCÄ$å%ô7Ö&÷‚&WVB&÷FV–â•#CæWW&Ö–æ–F6RÃã“ƒ#cc3sƒsC3"ÅG'VRÂÂÂÂÂÂÂÂÄfÇ6RÄfÇ6P¥6öÇ–3&sCCcÂ$T‚ÖFöÖ–âÖ6öçF–æ–ær&÷FV–â•#CG–æÖ–âÂuE6R&Vv–öâ"ÂÓã3c3“ƒc#cCcS#ƒ’ÅG'VRÂÂÂÂÂÂÂÂÄfÇ6RÄfÇ6P¥6öÇ–3&sCCsÅ&÷FV–âw'R•#sCw'RçV6ÆV÷F–FRW†6†ævRf7F÷"ÃãC3ƒcƒƒSC“ƒc“RÅG'VRÂÂÂÂÂÂÂÂÄfÇ6RÄfÇ6P¥6öÇ–3&sCC“ÄÖ–7&÷GV'VÆRÖ76ö6–FVB&÷FV–âÔcRÓ2•#sCRÔcUô4SÂÓ"ã“ƒss“cs3“c“ƒ#bÅG'VRÂÓ"ã“ƒ3sC3###CbÃ’ãS“Cƒcƒ#3c6RÓRÃ2ã3CS3Sƒ“ƒsscfRÓ2ÃãÃãsscƒS3ƒCc3ƒ#bÃãsscƒS3ƒCc3ƒ#bÃ’ã3“s“CCƒc#SSRÓbÅ6öÇ–3&sCC“ããõCScbÅG'VRÅG'VP¥6öÇ–3&sCSCÂ$Ç—6–æR×7V6–f–2FVÖWF‡–Æ6RT2•#¦–æ2f–ævW"Âe•dUõ„B×G—R"ÂÓãCssc#s#“#“"ÅG'VRÂÂÂÂÂÂÂÂÄfÇ6RÄfÇ6P¥6öÇ–3&sCSsÂ$vÇ–6W&÷†÷7†÷'–ÂF–W7FW"†÷7†öF–W7FW&6RfÖ–Ç’&÷FV–â•#s“CbÄ2ÖÆ–¶R†÷7†öF–W7FW&6RÂD”Ò&WFöÇ†Ö&'&VÂFöÖ–â"ÂÓãCC33S“C#ƒƒSƒSBÅG'VRÂÂÂÂÂÂÂÂÄfÇ6RÄfÇ6P¥6öÇ–3&sCcÂ$†WFW&övVæV÷W2çV6ÆV"&–&öçV6ÆV÷&÷FV–â2•#SB$ä&V6övæ—F–öâÖ÷F–bÂ$åÓ"ÂÓã“Cc“CCS“SsSƒsBÅG'VRÂÓã“CScS3c##S#sCƒSÃ2ã3s3“ƒ#ƒ33RÓ"Ã2ãsc#S#C3“cs#“3†RÓÃrãÃãSƒsC“SCƒ#sƒbÃãSƒsC“SCƒ#sƒbÃãS3C“3##c3SƒfRÓ’Å6öÇ–3&sCcããõ3Sµ6öÇ–3&sCcããõ3“cµ6öÇ–3&sCcããõ3#s#µ6öÇ–3&sCcããõ3#s2ÅG'VRÅG'VP¥6öÇ–3&sScƒÅ–6cc&÷FV–âÂÓã3cC“SCƒƒbÅG'VRÂÂÂÂÂÂÂÂÄfÇ6RÄfÇ6P¥6öÇ–3&sSc“Äf66–6Æ–âÖÆ–¶R&&–æövÆ7Fâ&÷FV–â•#sƒ"d3FöÖ–âÂÓ"ãS#3“““ƒ3ƒSbÅG'VRÂÓ"ãS#3s“sC#ƒcƒCS2ÃãSc33SƒcS#ƒS†RÓbÃã###cƒƒ“#“sFRÓBÂÂÂÂÂÅG'VRÄfÇ6P¥6öÇ–3&sSsÅ&–&÷6öÖÂ$ä6ÖÆÂ7V'Væ—BÖWF‡–ÇG&ç6fW&6R%öWV¶'–÷F–2çV6ÆVöÆ"äôÃôæ÷'ÃãSC3c“3ƒssƒSBÅG'VRÂÂÂÂÂÂÂÂÄfÇ6RÄfÇ6P¥6öÇ–3&sSsCÅG&ç6ÖVÖ'&æRV×#BFöÖ–âÖ6öçF–æ–ær&÷FV–â2•#3C‚V×#Eöw#TÅ÷#BÃã3ƒC“#Css3“#CssbÅG'VRÂÂÂÂÂÂÂÂÄfÇ6RÄfÇ6P¥6öÇ–3&sSssÄ6VÆÇVÆ÷6R7–çF†6R•#SS6VÆÇVÆ÷6R7–çF†6RÂÓãƒ“sc““#3s###“C#bÅG'VRÂÓãƒ“ss3##s#cCs‚Ã"ã“##Cƒ“““SCVRÓ’Ãã#ƒcSC3“sC3cvRÓ‚ÂÂÂÂÂÅG'VRÄfÇ6P¥6öÇ–3&sSsƒÂ$DäÖF—&V7FVB$äöÇ–ÖW&6R7V'Væ—BB•##c2DäÖF—&V7FVB$äöÇ–ÖW&6RÂ'ôôEõ'#2×G—R"ÂÓã3C3##c“sc“s“#3bÅG'VRÂÂÂÂÂÂÂÂÄfÇ6RÄfÇ6P¥6öÇ–3&sSƒcÄf&æW7–Â—&÷†÷7†FR7–çF†6R•#“"öÇ—&Vç–Â7–çF†WF6RÃãcCcƒ3ƒ3Cƒ#ƒ#cbÅG'VRÂÂÂÃãÃãƒ#ƒc3C#2Ããƒ#ƒc3C#2Ã’ãC##S3#scSsCƒvRÓrÅ6öÇ–3&sSƒcããõ3S2ÄfÇ6RÅG'VP¥6öÇ–3&sSƒsÄ6Æ6–æWW&–â"ÖÆ–¶R&÷FV–â"•#SsSr6Æ6–æWW&–â"&÷FV–âÂÓãSCsƒccSS#SS#c“sRÅG'VRÂÂÂÃ2ãÃãSƒc“ScƒS#2ÃãSƒc“ScƒS#2Ãã##3S“CC–RÓ’Å6öÇ–3&sSƒsããõ3#Cµ6öÇ–3&sSƒsããõ3#Cµ3#’ÄfÇ6RÅG'VP¥6öÇ–3&sSƒƒÂ$†VB6†ö6²&÷FV–â“•#“ƒR†VB6†ö6²&÷FV–â‡7“Â6öç6W'fVB6—FR•#ƒ#C’TbÔ„äB"•#CB†VB6†ö6²&÷FV–â‡7“"ÂÓã#cƒƒs#ƒS3ƒƒcS3#BÅG'VRÂÂÂÃãÃãsSs“#sS3“#ƒcbÃãsSs“#sS3“#ƒcbÃãCscSCƒ3“ƒcbÅ6öÇ–3&sSƒƒããõ3#’ÄfÇ6RÅG'VP¥6öÇ–3&sS“Ä7—7FV–æRFW7VÆgW&F–öâ&÷FV–â7VdR•##c3B&öÄÖÆ–¶R&÷FV–âÃã#cSSccSsC#ScsBÅG'VRÃã#cC“s3sCS“CSbÃRã#C#S#3CSƒCS†RÓÃ2ãsƒc3c““sƒƒFRÓÂÂÂÂÂÅG'VRÄfÇ6P¥6öÇ–3&ss#cÄvVæöÖ–2Dä6‡&öÖ÷6öÖR26ÆöæRÔÕ#ÂÓã#SsC###C33sc“cÅG'VRÂÂÂÂÂÂÂÂÄfÇ6RÄfÇ6P¥6öÇ–3&ss#ƒÄ÷3sSsSƒ&÷FV–â„g&vÖVçB’•#c#B&ÖF–ÆÆò×G—RföÆBÃãssss3#S3“S3“sbÅG'VRÂÂÂÂÂÂÂÂÄfÇ6RÄfÇ6P¥6öÇ–3&ssCÂ%¦–æ2f–ævW"444‚FöÖ–âÖ6öçF–æ–ær&÷FV–â3r•#Ss¦–æ2f–ævW"Â444‚×G—R"ÂÓã##c33#ƒS“c“CƒrÅG'VRÂÂÂÂÂÂÂÂÄfÇ6RÄfÇ6P¥6öÇ–3&ssC#Â$EÖ&–æF–ær&÷FV–âöb$2G&ç7÷'FW"•#S’$2G&ç7÷'FW"Ââ×FW&Ö–æÂ"ÂÓãsc3ƒ#Ccs#scs#"ÅG'VRÂÂÂÃãÃãsC3CC“s3#“c#CRÃãsC3CC“s3#“c#CRÃbã“C3#“ƒs#CCƒƒFRÓbÂÄfÇ6RÅG'VP¥6öÇ–3&ssCSÄ7—7FV–æR×G—RVæF÷WF–F6UòV&—V—F–âF†–öÆW7FW&6RÂÓã#ƒc#ƒCscS3’ÅG'VRÂÓã#s““s““s##3S32Ã"ãs3“#3CscƒC“c–RÓ2ÃBãSSs3cSƒsƒ3RÓ"Ã#ãÃ"ãSC3C3“ƒƒSs“S“"ÂÓ"ãSC3C3“ƒƒSs“S“"ÃãƒsS“sCƒsSCRÓÅ6öÇ–3&ssCSããõ3Cµ6öÇ–3&ssCSããõ3µ6öÇ–3&ssCSããõ3#Cµ6öÇ–3&ssCSããõ3#Cµ33Cµ6öÇ–3&ssCSããõ3#Cµ33Sµ6öÇ–3&ssCSããõ33Sµ6öÇ–3&ssCSããõ3csµ6öÇ–3&ssCSããõ3csµ3sSµ6öÇ–3&ssCSããõ3S“µ6öÇ–3&ssCSããõ3cµ3cCµ6öÇ–3&ssCSããõ3cCµ6öÇ–3&ssCSããõCƒµ3µ6öÇ–3&ssCSããõCsSµ3ƒSµ6öÇ–3&ssCSããõCƒ#µ3ƒRÅG'VRÅG'VP¥6öÇ–3&ssCcÂ$tE4ÂW7FW&6UöÆ—6RCs#ƒS“•#ƒrÆ—6RÂtE4Â"ÂÓãc3Ccss3CsC#‚ÅG'VRÂÓãcC3c#C#“CCBÃ2ã3ccCssss“CvRÓ’ÃãCcScƒ“3SS“cFRÓ‚ÂÂÂÂÂÅG'VRÄfÇ6P¥6öÇ–3&ssSÄ÷36sC#S&÷FV–â„g&vÖVçB’•#3SƒB$FöÖ–âÃã“S3S“##3#“sƒ‚ÅG'VRÃã“S#cCƒ““s#CCƒC2Ããccs#ƒCs#“VRÓRÃ"ã3CS33#CC“#ƒ“VRÓRÂÂÂÂÂÅG'VRÄfÇ6P¥6öÇ–3&ssSsÅ&"tEF—76ö6–F–öâ–æ†–&—F÷"•#ƒb&"tD’&÷FV–âÂÓã“#Ss“#ƒc’ÅG'VRÂÂÂÂÂÂÂÂÄfÇ6RÄfÇ6P¥6öÇ–3&ssc3Â$çV6ÆVöÆ"W76VçF–Â&÷FV–â•#S3B&–&÷6öÖÂ&–övVæW6—2ÂÖWF‡–ÇG&ç6fW&6RÂTÔsôäU"ÂÓã3ƒƒc#SS“ƒSC“bÅG'VRÂÂÂÂÂÂÂÂÄfÇ6RÄfÇ6P¥6öÇ–3&sssSÂ$DäÖF—&V7FVB$äöÇ–ÖW&6R7V'Væ—B&WF•#Ss"DäÖF—&V7FVB$äöÇ–ÖW&6RÂ7V'Væ—B""ÂÓãCSƒ3####ƒsSS“cBÅG'VRÂÂÂÂÂÂÂÂÄfÇ6RÄfÇ6P¥6öÇ–3&ssƒ3Å6V3rwVæ–æRçV6ÆV÷F–FRW†6†ævRf7F÷"•#“B4T3rÖÆ–¶RÂÓãCƒ#Cƒ3#s“C#BÅG'VRÂÂÂÃ’ãÃã“S3#Sc““ƒs3c33SrÃã“S3#Sc““ƒs3c33SrÃã#s““c#“““SƒƒVRÓÅ6öÇ–3&ssƒ3ããõ3C“ƒµ3Sµ6öÇ–3&ssƒ3ããõ3Scµ6öÇ–3&ssƒ3ããõ3ccSµ6öÇ–3&ssƒ3ããõ3S““µ6öÇ–3&ssƒ3ããõ3cCµ6öÇ–3&ssƒ3ããõCSµ3SÄfÇ6RÅG'VP¥6öÇ–3&ssƒcÂ$EÖFWVæFVçB$ä†VÆ–66RDô#•#cC3‚$ä†VÆ–66RÂEÖFWVæFVçBÂ4³%ôDô#"Ãã#S“C“3“ƒscSscccbÅG'VRÂÂÂÂÂÂÂÂÄfÇ6RÄfÇ6P¥6öÇ–3&ss“Â%÷F76—VÒG&ç7÷'FW"•#ƒS’÷F76—VÒWF¶R&÷FV–âÂ·W•#3ƒSR²²÷F76—VÒG&ç7÷'FW""ÂÓã“ƒs3cƒcSS3c3S"ÅG'VRÂÂÂÃ"ãÃãƒ“3SC#“cƒƒCcbÃãƒ“3SC#“cƒƒCcbÃãss##Cƒ#ccsfRÓ‚Å6öÇ–3&ss“ããõ3cc#µ6öÇ–3&ss“ããõ3ccBÄfÇ6RÅG'VP¥6öÇ–3&ss“#ÅöÇ’„E×&–&÷6R’vÇ–6ö‡–G&öÆ6RvÇ–6ö‡–G&öÆ6RÃãc“3S“CCs“CbÅG'VRÂÂÂÂÂÂÂÂÄfÇ6RÄfÇ6P¥6öÇ–3&sƒ““Å&–&öçV6ÆV÷6–FR‡–G&öÆ6R•#“–æ÷6–æU÷W&–F–æR×&VfW'&–ærçV6ÆV÷6–FR‡–G&öÆ6RÃãc#S“ƒƒssƒcs’ÅG'VRÂÂÂÂÂÂÂÂÄfÇ6RÄfÇ6P¥6öÇ–3&s“ÄÆ×&VÆFVB&÷FV–âb•#cc3$äÖ&–æF–ær&÷FV–âÇWW2ÆÃãc“sc#CcCS“rÅG'VRÂÂÂÂÂÂÂÂÄfÇ6RÄfÇ6P¥6öÇ–3&s“Â%fÇ–Â×E$ä7–çF†WF6R•##32fÇ–Â×E$ä7–çF†WF6RÂ6Æ72–"ÃãsSCSCƒ3##ƒCƒSBÅG'VRÂÂÂÂÂÂÂÂÄfÇ6RÄfÇ6P¥6öÇ–3&s“Â%fÇ–Â×E$ä7–çF†WF6R•##32fÇ–Â×E$ä7–çF†WF6RÂ6Æ72–"ÂÓã“c#SCƒ3“S#sƒbÅG'VRÂÂÂÂÂÂÂÂÄfÇ6RÄfÇ6P¥6öÇ–3&s“#“ÅVçFG&–6÷WF–FR&WVBÖ6öçF–æ–ær&÷FV–â•##ƒƒRVçFG&–6÷WF–FR&WVBÂÓã#sCS#“ƒƒƒs3“S3BÅG'VRÂÂÂÂÂÂÂÂÄfÇ6RÄfÇ6P¥6öÇ–3&s“3Â$6WFöÆ7FFR7–çF†6R6ÖÆÂ7V'Væ—B•#“CSR6WFöÆ7FFR7–çF†6RÂ6ÖÆÂ7V'Væ—BÂ2×FW&Ö–æÂ"Ããc#SƒS3“SC3“3RÅG'VRÂÂÂÂÂÂÂÂÄfÇ6RÄfÇ6P¥6öÇ–3&s“3Â$6WFöÆ7FFR7–çF†6R6ÖÆÂ7V'Væ—B•#Csƒ’6WFöÆ7FFR7–çF†6RÂ6ÖÆÂ7V'Væ—B"Ãã#CCC##3ƒssCC“ƒ‚ÅG'VRÂÂÂÂÂÂÂÂÄfÇ6RÄfÇ6P¥6öÇ–3&s“CcÄÖ—FövVâÖ7F—fFVB&÷FV–â¶–æ6R•#ƒ3S¤ä²Ô¶–æ6RÂÓã“ƒc#SCs3RÅG'VRÂÂÂÃ"ãÃãccs3s#c#ƒ“ƒC33"Ããccs3s#c#ƒ“ƒC33"ÃãƒS3cS3SCƒ#†RÓRÅ6öÇ–3&s“Ccããõ“##2ÄfÇ6RÅG'VP¥6öÇ–3&s“CsÄ4$c–çFW&7F–ær6÷&W&W76÷"ÂÓãc“#C#ƒ#Cs““cS3ÅG'VRÂÂÂÂÂÂÂÂÄfÇ6RÄfÇ6P¥6öÇ–3&s“C“Ä7–ÂÔ6ôF†–öW7FW&6R’•#ccƒ2F†–öW7FW&6R7WW&fÖ–Ç’ÂÓãcsƒ“3“3C3bÅG'VRÂÓãcssc#3ƒSC#SsC‚Ã2ãss#S“ƒ#Cƒ#sc†RÓÃ"ãCsƒ3cs3cS†RÓ’ÂÂÂÂÂÅG'VRÄfÇ6P¥6öÇ–3&s“SSÅVæ¶æ÷vâ&÷FV–âÂÓãƒc333Cs3c“‚ÅG'VRÂÓãƒCC“Cs3#srÃbãssS“cƒcSsS†RÓ’Ã"ãsƒ“S#sƒC#ƒ“–RÓ‚ÂÂÂÂÂÅG'VRÄfÇ6P¥6öÇ–3&s“ScÂ%6W&–æR6&&÷‡—WF–F6RfÖ–Ç’&÷FV–âW‡&W76VB•#Sc2WF–F6R3Â6W&–æR6&&÷‡—WF–F6R"ÂÓãcƒc“sS“#C“#‚ÅG'VRÂÓãcƒ#3ƒ“ssCSsS3s2ÃBãƒƒƒ“sCCSc#vRÓ‚Ãã3ƒ3S3#ƒƒ“ScvRÓrÂÂÂÂÂÅG'VRÄfÇ6P¥6öÇ–3&s“c“ÄV÷&–âÓ‚•#C#RÖ¦÷"–çG&–ç6–2&÷FV–âÂÓãCƒcsƒCSCs#sCSbÅG'VRÂÂÂÂÂÂÂÂÄfÇ6RÄfÇ6P¥6öÇ–3&s“sCÂ%F†–÷&VF÷†–âfÖ–Ç’&÷FV–â•#SCcrF†–÷&VF÷†–âÂ6÷&R"ÃãsƒS“S#c3S#c2ÅG'VRÂÂÂÂÂÂÂÂÄfÇ6RÄfÇ6P¥6öÇ–3&s“sSÂ%öÇ——&–Ö–F–æRG&7B&–æF–ær&÷FV–â•##csrçV6ÆV÷F–FRÖ&–æF–ærÂÇ†Ö&WFÆ—B"ÂÓã3ccsC“SSƒ#ƒS’ÅG'VRÂÂÂÂÂÂÂÂÄfÇ6RÄfÇ6P¥6öÇ–3&s“ƒcÂ$45#BÔäõBG&ç67&—F–öâ6ö×ÆW‚7V'Væ—B2•###s45#BÔäõB6ö×ÆW‚Â7V'Væ—B5òR"Ãã#sƒS3CC“s#cC#BÅG'VRÂÂÂÃ"ãÃãƒcSs“CS‚ÃãƒcSs“CS‚Ããs“3S“sƒSCƒCFRÓ‚Å6öÇ–3&s“ƒcããõ3cCµ6öÇ–3&s“ƒcããõ3cC’ÄfÇ6RÅG'VP¥6öÇ–3&s“ƒ“Â$vÇV6âVæFòÓ2Ö&WFÖvÇV6÷6–F6RR•#3sƒvÇ–6÷6–FR‡–G&öÆ6RÂ7V&w&÷WÂ6FÇ—F–26÷&R"Ãã“ƒ#Sc““3ƒ3CBÅG'VRÂÂÂÂÂÂÂÂÄfÇ6RÄfÇ6P¥6öÇ–3&s““cÅ6ÖrÓr†öÖöÆöræöç6Vç6RÖVF–FVBÕ$äFV6’f7F÷"„2âVÆVvç2’„g&vÖVçB’•#“CS‚FVÆöÖW&6R7F—fF–ær&÷FV–âW7CÂÓãs“3cC#ƒCsC3ƒRÅG'VRÂÂÂÃãÃãƒ33S“3Ssc#"Ããƒ33S“3Ssc#"ÃRãc#Cs##3#“CRÓbÅ6öÇ–3&s““cããõ3CBÄfÇ6RÅG'VP¥6öÇ–3&s““ƒÄ6–s2Ãã“sCC3#CCcsƒS“‚ÅG'VRÂÂÂÂÂÂÂÂÄfÇ6RÄfÇ6P¥6öÇ–3&s#Ä&v–æ–æU÷6W&–æR×&–6‚6ö–ÆVBÖ6ö–Â&÷FV–â"Ããs“#S“ƒƒ“S#sbÅG'VRÂÂÂÃãÃãcsS33#“CSƒ“2ÂÓãcsS33#“CSƒ“2ÃãSc#sSc3““s2Å6öÇ–3&s#ããõ3Sµ3SbÄfÇ6RÅG'VP¥6öÇ–3&s#SÅVçFG&–6÷WF–FR&WVBÖ6öçF–æ–ær&÷FV–â•##ƒƒRVçFG&–6÷WF–FR&WVBÂÓã3“#3C“Cs“3#“cBÅG'VRÂÂÂÃBãÃã“S“ƒcSc3ƒƒS3SBÃã“S“ƒcSc3ƒƒS3SBÃ2ã#CC“Sƒ#“Cs“†RÓrÅ6öÇ–3&s#Sããõ3ƒCµ3“#µ6öÇ–3&s#Sããõ3“#µ6öÇ–3&s#Sããõ3“#µ3“sµ6öÇ–3&s#Sããõ3“rÄfÇ6RÅG'VP¥6öÇ–3&s#3Ã2Ö&WFÖ‡–G&÷‡—7FW&ö–BFV‡–G&övVæ6RÖÆ–¶R•####R2Ö&WF‡–G&÷‡—7FW&ö–BFV‡–G&övVæ6Uö—6öÖW&6RÂÓãƒCccƒSCcƒ#C“"ÅG'VRÂÂÂÃ"ãÃãsSƒSS“#“s#ƒrÃãsSƒSS“#“s#ƒrÃ"ãcCc“C“ƒCƒƒRÓrÅ6öÇ–3&s#3ããõ33S“µ6öÇ–3&s#3ããõ33cµ33c"ÄfÇ6RÅG'VP¥6öÇ–3&s#sÄVÆV7G&öâ×G&ç6fW"fÆf÷&÷FV–âV&—V–æöæR÷†–F÷&VGV7F6R•#sƒS’VÆV7G&öâG&ç6fW"fÆf÷&÷FV–â×V&—V–æöæR÷†–F÷&VGV7F6RÃãCCcsSS3“ƒcƒ"ÅG'VRÂÂÂÂÂÂÂÂÄfÇ6RÄfÇ6P¥6öÇ–3&s#“ÄGVÂ7V6–f–6—G’&÷FV–â†÷7†F6RÃã“SscSƒs#ƒƒ3““2ÅG'VRÂÂÂÂÂÂÂÂÄfÇ6RÄfÇ6P¥6öÇ–3&s##3Â$Däw—&6R7V'Væ—B"•#SSrDäw—&6RÂ7V'Væ—B""Ãã#cCc“##c“c“sÅG'VRÂÂÂÂÂÂÂÂÄfÇ6RÄfÇ6P¥6öÇ–3&s##ƒÅ&÷FV–â¶–æ6R•###“6W&–æU÷F‡&Vöæ–æR&÷FV–â¶–æ6RÂÓãcC“ƒSS3S“ƒss#BÅG'VRÂÓãcC“#3“CscSCC’ÃãCs#SƒCCƒC#&RÓrÃ2ã##SC3sC3s3cfRÓrÃãÃ2ã3cSssSsCSCƒCcsÂÓ2ã3cSssSsCSCƒCcsÃ’ãscC3cc“SƒcfRÓÅ6öÇ–3&s##ƒããõ3Sµ6öÇ–3&s##ƒããõ3S3Cµ6öÇ–3&s##ƒããõ3SCCµ6öÇ–3&s##ƒããõCS3µ6öÇ–3&s##ƒããõCS3µ3S3BÅG'VRÅG'VP¥6öÇ–3&s##“Â%”B&WVB&÷FV–â•#s“ƒbtCC&WVBÂ&Vv–öâ"ÂÓãsƒCc3cs##“SBÅG'VRÂÂÂÂÂÂÂÂÄfÇ6RÄfÇ6P¥6öÇ–3&s#33ÅVæ¶æ÷vâ&÷FV–âÂÓãƒ3C#CcsSƒ“3s#BÅG'VRÂÓãƒ3#“ƒs3sScSs#s2ÃRã#Ss“s“3C“CVRÓ’Ã"ãCs3#cƒ#“““VRÓ‚ÂÂÂÂÂÅG'VRÄfÇ6P¥6öÇ–3&s#3CÅ&†öFæW6RÖÆ–¶RfÖ–Ç’&÷FV–âÖÆ–¶R&÷FV–â„g&vÖVçB’•#sc2&†öFæW6RÖÆ–¶RÂÓã“#c“ccCscs#CBÅG'VRÂÓã“C3#ƒƒcS2Ã’ã3C3“SS““#vRÓ"Ã‚ãsc“cCss““3SFRÓÂÂÂÂÂÅG'VRÄfÇ6P¥6öÇ–3&s#cCÅ6W&–æR&÷FV6R•#Ss#B6W&–æRVæF÷WF–F6RFVu"ÂÓãScsc“cSS3CcƒRÅG'VRÂÂÂÃ"ãÃãs#CSsc#CCC#cc‚Ããs#CSsc#CCC#cc‚Ãbãc3“Cc3scƒ#C6RÓRÅ6öÇ–3&s#cCããõ3ƒbÄfÇ6RÅG'VP¥6öÇ–3&s#cC3ÄçV6ÆVö&6R66÷&&FRG&ç7÷'FW"•#cC2†çF†–æU÷W&6–Å÷f—FÖ–â2W&ÖV6RÃãS3“ƒcƒSƒ#“ƒBÅG'VRÂÂÂÂÂÂÂÂÄfÇ6RÄfÇ6P¥6öÇ–3&s#ss#Â$E7–çF†6R7V'Væ—B"Â6†Æ÷&÷Æ7F–2"ÂÓãƒ#ƒ#SS#ƒƒs“ƒCRÅG'VRÂÓãƒ#Ssƒcƒ“CCScrÃ’ãc#Sc“cCsCVRÓ’Ã2ãsCƒsƒƒ3sCCRÓ‚ÂÂÂÂÂÅG'VRÄfÇ6P¥6öÇ–3&s#sƒsÄ6VÆÂF—f—6–öâ&÷FV–â¶–æ6R‚•###“6W&–æU÷F‡&Vöæ–æR&÷FV–â¶–æ6RÃãCƒCcƒ“Sc#CccSBÅG'VRÂÂÂÂÂÂÂÂÄfÇ6RÄfÇ6P¥6öÇ–3&s3#“SÂ$4%2FöÖ–âÖ6öçF–æ–ær&÷FV–â•#cCB7—7FF†–öæ–æR&WF×7–çF†6RÂ6÷&R"Ãã33scCSCSSƒCCƒbÅG'VRÂÂÂÃ"ãÃãƒc#c3SSSsC"Ããƒc#c3SSSsC"Ã’ã“3#cCƒ#CcCsFRÓrÅ6öÇ–3&s3#“Sããõ3#ÄfÇ6RÅG'VP¥6öÇ–3&s3#“ƒÅ†÷F÷7—7FVÒ’s6†Æ÷&÷‡–ÆÂ÷&÷FV–â"•##ƒ†÷F÷7—7FVÒ’6æB6"ÂÓ2ã#SS“sCss3#CCBÅG'VRÂÓ2ã#3SC““CS“rÃã3SSCCsscssfRÓ2Ã"ãc3#s“ssC#SSSvRÓ"ÂÂÂÂÂÅG'VRÄfÇ6P¥6öÇ–3&s33CÅ†÷F÷7—7FVÒ’s6†Æ÷&÷‡–ÆÂ÷&÷FV–â•##ƒ†÷F÷7—7FVÒ’6æB6"ÂÓBã3ƒC#ƒ“#SRÅG'VRÂÓBãcƒs3sSSs“ƒSƒsÃ"ãƒ#ƒCƒS#CfRÓ‚ÃrãC#c“CSS“FRÓ‚ÂÂÂÂÂÅG'VRÄfÇ6P¥6öÇ–3&s3S3Â$EFWVæFVçB$ä†VÆ–66R•#SCRDäõ$ä†VÆ–66RÂDTEôDT‚&÷‚G—RÂâ×FW&Ö–æÂ"ÂÓãSs#C““scSC#3SRÅG'VRÂÂÂÂÂÂÂÂÄfÇ6RÄfÇ6P¥6öÇ–3&s3S#CÄ÷3Vsc“C&÷FV–â„g&vÖVçB’•#ƒ#&÷FV–âöbVæ¶æ÷vâgVæ7F–öâETcC#Ããc#cs“SSSs“ƒs2ÅG'VRÂÂÂÂÂÂÂÂÄfÇ6RÄfÇ6P¥6öÇ–3&s3SSÄVæF÷Æ6Ö–2&WF–7VÇVÒÖWFÆÆ÷WF–F6R•#sCƒBWF–F6RÓ#‚ÂÓã#Ssc3ƒss“s##bÅG'VRÂÂÂÂÂÂÂÂÄfÇ6RÄfÇ6P¥6öÇ–3&s3SS#Ä6ÆÖöGVÆ–âÖ&–æF–ærG&ç67&—F–öâ7F—fF÷"•#SSS’4rÓÂÓãScCs##S3#cS’ÅG'VRÂÂÂÃRãÃãc“SSc3Ss##“#BÃãc“SSc3Ss##“#BÃBã3#3CCƒ#“CFRÓ’Å6öÇ–3&s3SS#ããõ3#µ6öÇ–3&s3SS#ããõ33#µ6öÇ–3&s3SS#ããõ333µ6öÇ–3&s3SS#ããõ3s3rÄfÇ6RÅG'VP¥6öÇ–3&s3SSSÅ–6c•#ƒƒ“b–6cÂÓã#ƒsc#3#ƒƒCccCRÅG'VRÂÂÂÂÂÂÂÂÄfÇ6RÄfÇ6P¥6öÇ–3&s3ScSÄçV6ÆV÷÷&–âSBÂÓãssS3ScƒSsS“CS“RÅG'VRÂÂÂÂÂÂÂÂÄfÇ6RÄfÇ6P¥6öÇ–3&s3ScsÄÔ4Ó2Ö76ö6–FVB&÷FV–â„g&vÖVçB’•#Sc"435ôtåôæ–ãö×G35öT”bÓ2#RÂÓã3C#CsscƒsC#3ƒRÅG'VRÂÂÂÃBãÃãsC##S3#3CcssrÃãsC##S3#3CcssrÃãC“““#Scs3s#RÓbÅ6öÇ–3&s3Scsããõ3#ƒµ3###µ6öÇ–3&s3Scsããõ3ƒ“"ÄfÇ6RÅG'VP¥6öÇ–3&s3SƒSÄE7–çF†6R7V'Væ—B26†Æ÷&÷Æ7F–2•#Cs2&–&÷6öÖÂ&÷FV–âÃ3bÂÓãSs#3CSsCƒƒ3c"ÅG'VRÂÂÂÂÂÂÂÂÄfÇ6RÄfÇ6P¥6öÇ–3&s3csÅVæ¶æ÷vâ&÷FV–âÂÓãs“3C“3ƒC3#S3bÅG'VRÂÓãs“scscCCC3CSS"ÃãCCcCsC##3“sƒ3RÃãs#C3C““S“‚ÂÂÂÂÂÅG'VRÄfÇ6P¥6öÇ–3&s3c#Â%WF–G–Â×&öÇ–Â6—2×G&ç2—6öÖW&6R•##“rWF–G–Â×&öÇ–Â6—2×G&ç2—6öÖW&6RÂ”2×G—R"Ãã#3csC3Sƒ“S“c““RÅG'VRÂÂÂÂÂÂÂÂÄfÇ6RÄfÇ6P¥6öÇ–3&s3c##ÄW†öçV6ÆV6RDäöÇ–ÖW&6R””’W6–Æöâ7V'Væ—BfÖ–Ç’•#cSRW†öçV6ÆV6RÂÓãssc“Ssƒ3CrÅG'VRÂÂÂÂÂÂÂÂÄfÇ6RÄfÇ6P¥6öÇ–3&s3c#SÄ„ä‚VæFöçV6ÆV6RFöÖ–âÖ6öçF–æ–ær&÷FV–â„g&vÖVçB’•##s„ä‚VæFöçV6ÆV6RÂÓãCs“C#Ss#c3ƒC#3rÅG'VRÂÂÂÂÂÂÂÂÄfÇ6RÄfÇ6P¥6öÇ–3&s3c3ÄvVæöÖ–2Dä6‡&öÖ÷6öÖRR6ÆöæRÕ„Ó"ÂÓãƒ#ƒƒcƒSSƒƒs#3S’ÅG'VRÂÂÂÂÂÂÂÂÄfÇ6RÄfÇ6P¥6öÇ–3&s3cCÂ$VÆöævF–öâf7F÷"ÖÇ†•#s“R&÷FV–â7–çF†W6—2f7F÷"ÂuEÖ&–æF–ær"ÂÓã#““3S“ƒC““cSs’ÅG'VRÂÂÂÂÂÂÂÂÄfÇ6RÄfÇ6P¥6öÇ–3&s3cs“ÄäD‚×V&—V–æöæR÷†–F÷&VGV7F6R7V'Væ—BÂÓã#ƒc3sSCBÅG'VRÂÂÂÂÂÂÂÂÄfÇ6RÄfÇ6P¥6öÇ–3&s3s“CÂ$DäÖF—&V7FVB$äöÇ–ÖW&6R7V'Væ—B&WF•#Ss"DäÖF—&V7FVB$äöÇ–ÖW&6RÂ7V'Væ—B""ÂÓã33s3ƒ“#ƒs3S#BÅG'VRÂÂÂÂÂÂÂÂÄfÇ6RÄfÇ6P¥6öÇ–3&s3s“sÅWF–G–Â×E$ä‡–G&öÆ6RfÖ–Ç’&÷FV–â•#3#‚WF–G–Â×E$ä‡–G&öÆ6RÃã#Sc““C“sƒƒcSs“"ÅG'VRÂÂÂÂÂÂÂÂÄfÇ6RÄfÇ6P¥6öÇ–3&s3s“ƒÄ7F–âÖÆ–¶R&÷FV–âd•#C7F–åö7F–âÖÆ–¶RÃãSƒSƒc“s3C3ƒcSbÅG'VRÂÂÂÂÂÂÂÂÄfÇ6RÄfÇ6P¥6öÇ–3&s3ƒƒÅ†÷F÷7—7FVÒ”’5C26†Æ÷&÷‡–ÆÂ÷&÷FV–â•#“3"†÷F÷7—7FVÒçFVææ&÷FV–âÖÆ–¶RÂÓBãS“c“CcCS#cs‚ÅG'VRÂÓBãSs“3ƒcs“ƒƒRÃ‚ãc3ƒSSc333SVRÓRÃ"ã“ƒCƒ3c#s#3vRÓ2ÂÂÂÂÂÅG'VRÄfÇ6P¥6öÇ–3&s3ƒ3CÅG&ç6ÆF–öâ–æ—F–F–öâf7F÷"T”bÓ$"FVÇF7V'Væ—B•#cC’–æ—F–F–öâf7F÷"$"&VÆFVBÂÓã#ƒ“Cƒ3“SƒC“##S2ÅG'VRÂÂÂÃBãÃã33CƒCCS3s“ccCÃã33CƒCCS3s“ccCÃ"ãcsƒSƒSƒƒ3scVRÓ‚Å6öÇ–3&s3ƒ3Cããõ3#µ6öÇ–3&s3ƒ3Cããõ33sµ6öÇ–3&s3ƒ3CããõCC‚ÄfÇ6RÅG'VP¥6öÇ–3&s3ƒ3sÂ%6–ævÆR×7G&æFVBDäÖ&–æF–ær&÷FV–â•##3CçV6ÆV–26–BÖ&–æF–ærÂô"ÖföÆB"ÂÓãs“#S#sS#cS#’ÅG'VRÂÂÂÂÂÂÂÂÄfÇ6RÄfÇ6P¥6öÇ–3&s3ƒCÄ6WG–ÂÖ6öVç§–ÖR7–çF†WF6R•#ƒs2ÕÖFWVæFVçB7–çF†WF6RæBÆ–v6RÂÓãS#Cƒ#C“c3333#‚ÅG'VRÂÂÂÂÂÂÂÂÄfÇ6RÄfÇ6P¥6öÇ–3&s3ƒC“ÄvVæöÖ–2Dä6‡&öÖ÷6öÖRR6ÆöæRÕ„Ó"ÂÓãc#ƒccCc“C#CS“"ÅG'VRÂÓãc#““#Cƒcƒ#RÃãƒƒSS#3cƒS#ƒ†RÓbÃBã3ƒC3#ƒsƒƒ#cƒCvRÓbÃ‚ãÃ"ãS3ƒƒ#“S3C“S“"Ã"ãS3ƒƒ#“S3C“S“"Ãã3SSƒS33#sC#fRÓbÅ6öÇ–3&s3ƒC“ããõ333µ6öÇ–3&s3ƒC“ããõ3Cµ6öÇ–3&s3ƒC“ããõ3csCµ6öÇ–3&s3ƒC“ããõ3CCµ6öÇ–3&s3ƒC“ããõ3sƒ3µ6öÇ–3&s3ƒC“ããõ3“S"ÅG'VRÅG'VP¥6öÇ–3&s3ƒS3Â%tBÓC&WVB&÷FV–â•#s“ƒbtCC&WVBÂ&Vv–öâ"ÂÓãS3c#Cscc###‚ÅG'VRÂÂÂÂÂÂÂÂÄfÇ6RÄfÇ6P¥6öÇ–3&s3ƒSCÄ6ÆVfvR7F–×VÆF–öâf7F÷"7V'Væ—BÖÆ–¶R&÷FV–â•#“sƒ"tCC&WVB"ÂÓã3SS“cƒcScS“CBÅG'VRÂÂÂÂÂÂÂÂÄfÇ6RÄfÇ6P¥6öÇ–3&s3ƒSSÂ$6ÆVfvR7F–×VÆF–öâf7F÷"7V'Væ—BÖÆ–¶R&÷FV–â•#s“ƒbtCC&WVBÂ&Vv–öâ"ÃãcC“cƒ3c#s32ÅG'VRÂÂÂÂÂÂÂÂÄfÇ6RÄfÇ6P¥6öÇ–3&s3ƒc3Ä%4BFöÖ–â6öçF–æ–ær&÷FV–â•#Scr%4BÂÓãs#s#CsS3#SC#c3rÅG'VRÂÓãs#s3“##3“SCƒRÃ"ã“s“C#S#3s#–RÓ"Ã2ã3cs3ƒ#ƒ#sfRÓÂÂÂÂÂÅG'VRÄfÇ6P¥6öÇ–3&s3ƒƒ#Ä„B×7WW&fÖ–Ç’‡–G&öÆ6R7V&fÖ–Ç’””•#Sƒ3B†Æö6–BFV†ÆövVæ6RÖÆ–¶R‡–G&öÆ6RÂÓã#S“#sƒ3csCC#ÅG'VRÂÂÂÂÂÂÂÂÄfÇ6RÄfÇ6P¥6öÇ–3&s3ƒ“sÄvÖF–æRFV–Ö–æ6R•#ssSBvÖF–æRFV–Ö–æ6RÂÓãs3“Cs33scC#s#sBÅG'VRÂÂÂÂÂÂÂÂÄfÇ6RÄfÇ6P¥6öÇ–3&s3ƒ“ƒÃS2&–&÷6öÖÂ&÷FV–âÃtR•#C3‚&–&÷6öÖÂ&÷FV–âÃtUôÃ3Uõ3&UôvFCCRÂÓã“sƒ#“ƒ““c3cSCbÅG'VRÂÓã“sC““SCS3s#Cc“ƒRÃBãsƒC3SƒC3““&RÓÃ2ãS“cC“sƒ3SƒvRÓÃBãÃã#3Csc##3C““#3C‚Ãã#3Csc##3C““#3C‚Ã2ã3C#““ƒƒS#“fRÓ‚Å6öÇ–3&s3ƒ“ƒããõ3#“µ6öÇ–3&s3ƒ“ƒããõ33µ6öÇ–3&s3ƒ“ƒããõ3RÅG'VRÅG'VP¥6öÇ–3&s3“#ÃC2&–&÷6öÖÂ&÷FV–â3’ÖÆ–¶R•##cb&–&÷6öÖÂ&÷FV–â3–RÂÓãSCsC“csƒ#sbÅG'VRÂÂÂÂÂÂÂÂÄfÇ6RÄfÇ6P¥6öÇ–3&s3“ƒÄF–7–ÆvÇ–6W&öÂ¶–æ6R•#sSbF–7–ÆvÇ–6W&öÂ¶–æ6R66W76÷'’&Vv–öâÂÓãS3Ss#C##ƒ“Sƒ"ÅG'VRÂÂÂÃãÃãsC3“3#ƒƒƒƒCCƒbÃãsC3“3#ƒƒƒƒCCƒbÃBã“Scsƒƒ“cCSc6RÓbÂÄfÇ6RÅG'VP¥6öÇ–3&sCSÂ$wVæ–æRçV6ÆV÷F–FRÖ&–æF–ær&÷FV–â&WF7V'Væ—BÖÆ–¶R&÷FV–â•##Cs"r×&÷FV–â&WFtBÓC&WVBÂ&Vv–öâ"ÂÓãC#c“scsC#S33cBÅG'VRÂÂÂÃãÃãsC3““#3#“““S’ÃãsC3““#3#“““S’Ã’ãSs3“ccC“#C–RÓbÅ6öÇ–3&sCSããõ3#ƒ‚ÄfÇ6RÅG'VP¥6öÇ–3&sCcCÂ$&WFÖvÇV6÷6–F6R•#3cvÇ–6÷6–FR‡–G&öÆ6RÂfÖ–Ç’"ÂÓãc3c#“ƒ“ƒS“ƒƒBÅG'VRÂÓãc3ƒ3CƒC“ƒC#CƒcÃã3sC“S““s“sC–RÓ‚ÃRã““3S##SC3†RÓ‚ÂÂÂÂÂÅG'VRÄfÇ6P¥6öÇ–3&sCcƒÄÖ—FövVâÖ7F—fFVB&÷FV–â¶–æ6R’•###“6W&–æU÷F‡&Vöæ–æR&÷FV–â¶–æ6RÂÓãsC““cCsƒ“3cSCbÅG'VRÂÓãsCƒss“#c“ƒ#CbÃBã#S“C3ƒC#C“–RÓÃ2ã33S3ccƒcC†RÓÃ’ãÃã“Sƒcss33#3CS2Ãã“Sƒcss33#3CS2ÃRãc““#“3“3S3“&RÓ‚Å6öÇ–3&sCcƒããõ3Scµ6öÇ–3&sCcƒããõ3Scµ3S#ƒµ6öÇ–3&sCcƒããõ3Scµ3S#ƒµ3S3µ6öÇ–3&sCcƒããõ3S#ƒµ6öÇ–3&sCcƒããõ3sµ6öÇ–3&sCcƒããõC#cµ“#c"ÅG'VRÅG'VP¥6öÇ–3&sCƒÄ3"FöÖ–âÖ6öçF–æ–ær&÷FV–â•#ƒ#’3"ÖVÖ'&æRF&vWF–ær&÷FV–âÂÓã3sSSƒ3“#Cƒ33ƒs’ÅG'VRÂÓã3s#csscscc3#2ÃrãC“ƒƒƒƒƒ#sƒvRÓ2Ããƒ“SC“3c6RÓÂÂÂÂÂÅG'VRÄfÇ6P¥6öÇ–3&sCƒÄvW&ç–ÆvW&ç–ÇG&ç6fW&6RG—R”’&WF7V'Væ—B•#ƒ“3FW'Væö–B7–Æ6W5÷&÷FV–â&Vç–ÇG&ç6fW&6RÇ†ÖÇ†F÷&ö–BÃã33C“ƒs“cƒ3s“bÅG'VRÂÂÂÂÂÂÂÂÄfÇ6RÄfÇ6P¥6öÇ–3&sC#cÂ$EÖFWVæFVçB6Ç&÷FV6REÖ&–æF–ær7V'Væ—B•#3“2E6R76ö6–FVBv—F‚f&–÷W26VÆÇVÆ"7F—f—F–W2ÂÓ""Ãã#S“SSC“sƒƒSsSBÅG'VRÂÂÂÃ"ãÃã“CS“ƒSS##ƒ‚Ãã“CS“ƒSS##ƒ‚Ã2ãSC3s“s3s“c#–RÓ‚Å6öÇ–3&sC#cããõC’ÄfÇ6RÅG'VP¥6öÇ–3&sC#ƒÃC2&–&÷6öÖÂ&÷FV–â3•##cb&–&÷6öÖÂ&÷FV–â3rÂÓãCccC3SƒCƒccRÅG'VRÂÂÂÂÂÂÂÂÄfÇ6RÄfÇ6P¥6öÇ–3&sC#3cÄW†÷7F÷6–âÖÆ–¶RvÇ–6÷7–ÇG&ç6fW&6R•#C#c2W†÷7F÷6–âÖÆ–¶RÂÓãSsss####Sƒƒ‚ÅG'VRÂÂÂÂÂÂÂÂÄfÇ6RÄfÇ6P¥6öÇ–3&sC#3ƒÄ×Dã’ÖÆ–¶R&÷FV–â•#c“"7G&W72W×&VwVÆFVBæöB’Ããƒs3s3““cCSScRÅG'VRÃãƒsC3“sSSsSCc#ƒ"ÃBã““#C#cC#s3ƒSvRÓÃ2ãcCcs“Ssƒ“#fRÓÂÂÂÂÂÅG'VRÄfÇ6P¥6öÇ–3&sC#CsÅ&VGV7F6R"•##CsÆFõö¶WFò&VGV7F6R7V&w&÷WÂÓã3#CcsS3Sc“s“rÅG'VRÂÓã3#3“ƒCƒcS““C3#2Ãrãƒ#C#cCS#fRÓ2Ãã##33“#s“sS6RÓÂÂÂÂÂÅG'VRÄfÇ6P¥6öÇ–3&sC#CƒÄ7—Fö6‡&öÖRCSÃãƒ#ƒ#cƒ3#ccssBÅG'VRÂÂÂÂÂÂÂÂÄfÇ6RÄfÇ6P¥6öÇ–3&sC#SÄv–&&W&VÆÆ–â×&VwVÆFVBfÖ–Ç’&÷FV–â•#3ƒSBv–&&W&VÆÆ–â&VwVÆFVB&÷FV–âÃãƒ#s““sƒC“S“3SBÅG'VRÃãsƒsƒsc“#bÃ2ã3##SCƒ3#C“3–RÓRÃbã#3#sSƒCC3333svRÓRÂÂÂÂÂÅG'VRÄfÇ6P¥6öÇ–3&sC#SsÅ6W&–æU÷F‡&Vöæ–æR&÷FV–â†÷7†F6R•#ScSR&÷FV–â†÷7†F6R$2ÂÓã3c#3“3ƒ3“S3C“ƒC‚ÅG'VRÂÂÂÃãÃãcsc3ƒcc3“CSƒ’Ããcsc3ƒcc3“CSƒ’ÃãSƒ“s##ƒs““CbÅ6öÇ–3&sC#Ssããõ3"ÄfÇ6RÅG'VP¥6öÇ–3&sC#cSÃC2&–&÷6öÖÂ&÷FV–â3"•#S3&–&÷6öÖÂ&÷FV–â3&RÂÓãcƒƒƒ3cS“S#cC‚ÅG'VRÂÂÂÂÂÂÂÂÄfÇ6RÄfÇ6P¥6öÇ–3&sC#sÅVæ¶æ÷vâ&÷FV–âÂÓãcC3#“SS“ƒSƒÅG'VRÂÓãc3ƒs#3S“3Cs3s#S’ÃBãs3#33C““cc&RÓ‚ÃãS3CcS#sSC3S3VRÓrÂÂÂÂÂÅG'VRÄfÇ6P¥6öÇ–3&sC#sCÂ%6–væÂ&V6övæ—F–öâ'F–6ÆR&÷FV–â2•#ƒ“r6–væÂ&V6övæ—F–öâ'F–6ÆRÂ5%SB7V'Væ—BÂuE6R•#c3#R6–væÂ&V6övæ—F–öâ'F–6ÆRÂ5%SB7V'Væ—B"ÂÓãSS3C“scss33"ÅG'VRÂÂÂÂÂÂÂÂÄfÇ6RÄfÇ6P¥6öÇ–3&sC#ssÄ6†Æ÷&÷Æ7B÷7BÖ–ÆÇVÖ–æF–öâ6†Æ÷&÷‡–ÆÂfÇV÷&W66Væ6R–æ7&V6R&÷FV–âÂÓãSCSCcSc#ƒƒƒƒs‚ÅG'VRÂÂÂÂÂÂÂÂÄfÇ6RÄfÇ6P¥6öÇ–3&sC#ƒ3Æ6Æ72’†VB6†ö6²&÷FV–â•#ƒ“s‚…5#ÖÆ–¶R6†W&öæRÃ"ãCS““ƒƒcS“3“3BÅG'VRÃ"ãCcƒ#SC#ƒ33#s‚ÃRã#scSsƒƒ3“CS6RÓBÃã##S3SsSsvRÓ"ÃãÃã3“C“s3C#“cS33SÃã3“C“s3C#“cS33SÃbãC#3sSsc““RÓÅ6öÇ–3&sC#ƒ3ããõ3#"ÅG'VRÅG'VP¥6öÇ–3&sC#ƒ“Ä7–Â×&÷FV–âF†–öW7FW&6R"•#3C†÷7†öÆ—6Uö6&&÷‡–ÆW7FW&6RÃã“c3#ssC3s““c’ÅG'VRÂÂÂÂÂÂÂÂÄfÇ6RÄfÇ6P¥6öÇ–3&sC#“Â$7—Fö6‡&öÖR2÷†–F6R7V'Væ—Bf"•###B7—Fö6‡&öÖR2÷†–F6RÂ7V'Væ—Bf""ÂÓãC#3“##ƒCƒCCƒƒSrÅG'VRÂÂÂÃãÃãs“3SƒcSc3BÃãs“3SƒcSc3BÃ‚ãs#“ssSSsƒƒ#fRÓrÅ6öÇ–3&sC#“ããõ3cbÄfÇ6RÅG'VP¥6öÇ–3&sC#“#Ä7—Fö6‡&öÖR3•##3#b7—Fö6‡&öÖR3ÂÓã33cs3CƒS““SSc"ÅG'VRÂÂÂÂÂÂÂÂÄfÇ6RÄfÇ6P¥6öÇ–3&sC#“SÄEôE6'&–W"&÷FV–â•#CccrEôE6'&–W"&÷FV–âÃã“SssCc3#####‚ÅG'VRÃã“S3c33Cc““2ÃRãssCs“Sƒ3S3“–RÓ2Ã‚ãcsƒ3S“#sCƒcƒRÓ"ÂÂÂÂÂÅG'VRÄfÇ6P¥6öÇ–3&sC#““ÄvÇ–6–æR×&–6‚&÷FV–âÖÆ–¶R•#ƒSCR4435ô&&VçG7¢T”cD””’&–æF–ærÂÓã3Scc“cƒcs#bÅG'VRÂÂÂÃbãÃãs33ƒ“scƒ#cccS’Ããs33ƒ“scƒ#cccS’ÃbãSCƒƒccss#SVRÓrÅ6öÇ–3&sC#““ããõ3#s“µ6öÇ–3&sC#““ããõ33#µ6öÇ–3&sC#““ããõ3CC#µ6öÇ–3&sC#““ããõ3ccbÄfÇ6RÅG'VP¥6öÇ–3&sC3Â$6öFöÖW"&WFö÷27V'Væ—B•#cCS26öFöÖW"Â&WF7V'Væ—B"ÂÓã3s#ƒCs3C#cc3Ss‚ÅG'VRÂÂÂÂÂÂÂÂÄfÇ6RÄfÇ6P¥6öÇ–3&sC3#ÄF–‡–G&÷‡’Ö6–BFV‡–G&F6R•#CCBF–‡–G&÷‡’Ö6–BFV‡–G&F6RÂÓã#S“#SS#ƒsS#rÅG'VRÂÂÂÂÂÂÂÂÄfÇ6RÄfÇ6P¥6öÇ–3&sC3“ÅG&ç67&—F–öâf7F÷"•#cSs‚ÔDbFöÖ–âÂÓãCs#Ccs“C“3“ƒ3“bÅG'VRÂÂÂÂÂÂÂÂÄfÇ6RÄfÇ6P¥6öÇ–3&sC3Ä†VB6†ö6²&÷FV–âB•#3#b†VB6†ö6²&÷FV–âsÃãCƒ“#33#“Scs#cƒÅG'VRÂÂÂÂÂÂÂÂÄfÇ6RÄfÇ6P¥6öÇ–3&sC3#Ä†VB6†ö6²&÷FV–âB•#3#b†VB6†ö6²&÷FV–âsÃãS#SSSCs#3Cc3#CbÅG'VRÂÂÂÃãÃãƒSsƒcCC#3S#S“#BÃãƒSsƒcCC#3S#S“#BÃ‚ã3SCƒC33#RÓ‚Å6öÇ–3&sC3#ããõ33ƒÄfÇ6RÅG'VP¥6öÇ–3&sC3cÅVæ¶æ÷vâ&÷FV–â•#SSrG&ç6ÆF–öâÖ6†–æW'’76ö6–FVBDÔrÂÓã#cssCƒƒCS#ƒCsRÅG'VRÂÓãcS#sS3“c“sccRÃ2ã“3CSS“#ƒƒƒ&RÓbÃ‚ãc3ccsS#s#&RÓbÃãÃãc“sCc##S3#ƒ##Ããc“sCc##S3#ƒ##Ãrã#ƒ3ƒ“C###scVRÓbÅ6öÇ–3&sC3cããõ3SÅG'VRÅG'VP¥6öÇ–3&sCC##ÄCsS#C„g&vÖVçB’•#cƒ2†÷‚ÖÆ–¶RÃã3cSSS“ssSƒ3““s#bÅG'VRÂÂÂÃBãÃãCcs3SSƒC#ƒsCbÃãCcs3SSƒC#ƒsCbÃ2ãC##ƒSCS#s“C#vRÓ’Å6öÇ–3&sCC##ããõ3S“ƒµ6öÇ–3&sCC##ããõ3scµ6öÇ–3&sCC##ããõ3srÄfÇ6RÅG'VP¥6öÇ–3&sCC#cÂ$BÖ—6öÖW"7V6–f–2"Ö‡–G&÷‡–6–BFV‡–G&övVæ6R•#cCBÖ—6öÖW"7V6–f–2"Ö‡–G&÷‡–6–BFV‡–G&övVæ6RÂäBÖ&–æF–ær"ÂÓãCs“S““ƒC“c3Sc#ƒ2ÅG'VRÂÂÂÂÂÂÂÂÄfÇ6RÄfÇ6P¥6öÇ–3&sCC#“Ä6WG–ÂÖ6öVç§–ÖR7–çF†WF6R•#ƒs2ÕÖFWVæFVçB7–çF†WF6RæBÆ–v6RÂÓãSƒC3cS33#cƒ“sRÅG'VRÂÂÂÂÂÂÂÂÄfÇ6RÄfÇ6P¥6öÇ–3&sCC3Ä7–ÂÔ6ô7–çF†WF6R„ÕÖf÷&Ö–ær•ôÕÖ6–BÆ–v6R”’•#ƒs2ÕÖFWVæFVçB7–çF†WF6RæBÆ–v6RÂÓã#CcCC3C3#S#sRÅG'VRÂÓã#CCs#ScsCc“CS3rÃbã3#3#S#cCsC“ƒFRÓ"Ãbã3#ƒ3“33ƒ3C6RÓÂÂÂÂÂÅG'VRÄfÇ6P¥6öÇ–3&sCC33ÄV÷&–â•###c’V÷&–âÂÓãC#S“sccƒsccrÅG'VRÂÂÂÂÂÂÂÂÄfÇ6RÄfÇ6P¥6öÇ–3&sCCCÂ$6VÆÂF—f—6–öâ&÷FV6RgG4‚†öÖöÆörB•#3“S’E6RÂ×G—RÂ6÷&R"ÂÓã3SS3S33SS“rÅG'VRÂÂÂÂÂÂÂÂÄfÇ6RÄfÇ6P¥6öÇ–3&sCCcÂ$äEÖFWVæFVçBÖÆ–2Vç§–ÖRÂ6†Æ÷&÷Æ7F–2•##3"ÖÆ–2Vç§–ÖRÂäBÖ&–æF–ær"Ãã3cSS3ƒ“Cc3C#BÅG'VRÂÂÂÃãÃã#“sƒ3s““##s"Ãã#“sƒ3s““##s"ÃãCcs3“#Sss3ƒ†RÓbÂÄfÇ6RÅG'VP¥6öÇ–3&sCCc3Â%&öf–Æ–â•#SCSR&öf–Æ–âÂÆçB"ÂÓãƒ3S“cƒSSSC“cCbÅG'VRÂÓãƒSCSCCc#S“ƒ‚Ã’ãcƒcS#cs#ƒ†RÓrÃ"ã3s“sCs##FRÓbÂÂÂÂÂÅG'VRÄfÇ6P¥6öÇ–3&sCCs#Ãc2&–&÷6öÖÂ&÷FV–âÃ#‚•##cs"&–&÷6öÖÂ&÷FV–âÃ#†RÂÓãs##C“ssssSƒssSCBÅG'VRÂÓãs#3Scƒ3ƒ3#Sc‚ÃãC3CCcccC6RÓ’ÃRã#S“s3CCsCƒ†RÓ’ÂÂÂÂÂÅG'VRÄfÇ6P¥6öÇ–3&sCCsCÂ%V&—V—F–â6&&÷‡–Â×FW&Ö–æÂ‡–G&öÆ6R•#3“BWF–F6R3’ÂV&—V—F–â6&&÷‡–Â×FW&Ö–æÂ‡–G&öÆ6R""Ãã#ƒ“C#“3Sƒƒƒ“bÅG'VRÂÂÂÃãÃãSƒSsSscS“3#s3RÃãSƒSsSscS“3#s3RÃãƒs333CsSƒ&RÓRÅ6öÇ–3&sCCsCããõC3sÄfÇ6RÅG'VP¥6öÇ–3&sCCƒÂ%6W&–æU÷F‡&Vöæ–æR&÷FV–â†÷7†F6R$SR´F&VwVÆF÷'’7V'Væ—B"&WF—6öf÷&Ò•#’&÷FV–â†÷7†F6R$Â&VwVÆF÷'’7V'Væ—B#SR"ÂÓã3c“Sc3S3C3sC3#RÅG'VRÂÂÂÂÂÂÂÂÄfÇ6RÄfÇ6P¥6öÇ–3&sCCƒSÅVæ¶æ÷vâ&÷FV–âÂÓãC#sCCƒss3#ccRÅG'VRÂÂÂÂÂÂÂÂÄfÇ6RÄfÇ6P¥6öÇ–3&sCCƒcÂ$EFWVæFVçB$ä†VÆ–66R•#SCRDäõ$ä†VÆ–66RÂDTEôDT‚&÷‚G—RÂâ×FW&Ö–æÂ"Ãã#“sC#SƒcC33rÅG'VRÂÂÂÂÂÂÂÂÄfÇ6RÄfÇ6P¥6öÇ–3&sCCƒƒÂ$&WFÖvÆ7F÷6–F6R•#“CBvÇ–6÷6–FR‡–G&öÆ6RÂfÖ–Ç’3R"Ãã#s#c##““ƒcC"ÅG'VRÃã#s#sC3Sƒƒƒ3sƒRÃRãCS“SƒscsS“c6RÓRÃ"ã“#“Cc#cS3ƒ–RÓ2ÂÂÂÂÂÅG'VRÄfÇ6P¥6öÇ–3&sCC“Ä6öFöÖW"7V'Væ—B¦WFÓ•#"Æöæv–âÖÆ–¶RÂÓã#S333““ƒcscCCbÅG'VRÂÂÂÂÂÂÂÂÄfÇ6RÄfÇ6P¥6öÇ–3&sCC“CÅ6†÷'BÖ6†–âFV‡–G&övVæ6U÷&VGV7F6R4E"•##3CrvÇV6÷6U÷&–&—FöÂFV‡–G&övVæ6RÂÓã333#3ƒ“sscS#CC##bÅG'VRÂÂÂÂÂÂÂÂÄfÇ6RÄfÇ6P¥6öÇ–3&sC“#3Ä‡–G&÷‡—&öÆ–æR×&–6‚vÇ–6÷&÷FV–âÖÆ–¶R•#“s’&÷FV–âöbVæ¶æ÷vâgVæ7F–öâETc#“bÂÓãSsƒCCs3C3#3CƒrÅG'VRÂÂÂÃrãÃã““#SssC“##“c2Ãã““#SssC“##“c2ÃBãCC#cSCs“C3–RÓ‚Å6öÇ–3&sC“#3ããõ3#sµ3#sCµ6öÇ–3&sC“#3ããõ3CCµ3CCSµ6öÇ–3&sC“#3ããõ3CC#µ3CCRÄfÇ6RÅG'VP¥6öÇ–3&sC“#sÄFWfVÆ÷ÖVçFÆÇ’×&VwVÆFVBuEÖ&–æF–ær&÷FV–â"•#C“RDu2Ããc“c#“cƒccscsbÅG'VRÂÂÂÂÂÂÂÂÄfÇ6RÄfÇ6P¥6öÇ–3&sC“#ƒÄäBÖFWVæFVçBW–ÖW&6UöFV‡–G&F6RÖ&–æF–ærFöÖ–âÂÓã3#ƒ#SC3CƒCScCBÅG'VRÂÂÂÂÂÂÂÂÄfÇ6RÄfÇ6P¥6öÇ–3&sC“3ÄWF÷†w’×&VÆFVB"•#s#C"WF÷†w’×&VÆFVB&÷FV–â"ÂÓã##““cCCƒSsCƒ332ÅG'VRÂÂÂÂÂÂÂÂÄfÇ6RÄfÇ6P¥6öÇ–3&sC“3sÂ$çV6ÆV÷6–FRF—†÷7†FR¶–æ6R•#ScBçV6ÆV÷6–FRF—†÷7†FR¶–æ6RÂ6÷&R"ÃãCCcsƒSƒcCS32ÅG'VRÂÂÂÂÂÂÂÂÄfÇ6RÄfÇ6P¥6öÇ–3&sC“3“Â%G&ç6ÖVÖ'&æR&÷FV–â•#“c3rG&ç6ÖVÖ'&æR&V6WF÷"ÂWV¶'–÷F"ÂÓãscƒscC3ƒƒSCS"ÅG'VRÂÓãscƒcsCƒC3cS3#"Ã2ã“CSsCSCsssVRÓRÃãcƒ#3scscƒ3cFRÓ2ÂÂÂÂÂÅG'VRÄfÇ6P¥6öÇ–3&sC“CÄçV6ÆV"÷&R6ö×ÆW‚&÷FV–âçWr•#s#S"çV6ÆV"÷&R&÷FV–âƒEórÂÓã#ƒSƒS3“CƒSssBÅG'VRÂÂÂÂÂÂÂÂÄfÇ6RÄfÇ6P¥6öÇ–3&sC“C#Å&÷FV–âG&ç7÷'B&÷FV–â6V3#"•#“‚Æöæv–âÃãƒsSƒSSscs3"ÅG'VRÂÂÂÂÂÂÂÂÄfÇ6RÄfÇ6P¥6öÇ–3&sC“SsÄ$”Eô%$”t…BDäÖ&–æF–ærFöÖ–âÖ6öçF–æ–ær&÷FV–â„g&vÖVçB’•#cbB×&–6‚–çFW&7F–öâ&Vv–öâÂÓã#“c“3#3cSSCRÅG'VRÂÂÂÂÂÂÂÂÄfÇ6RÄfÇ6P¥6öÇ–3&sC“SƒÄÖWF‡–ÇF†–÷&–&÷6RÓ×†÷7†FR—6öÖW&6R•#cC’–æ—F–F–öâf7F÷"$"&VÆFVBÂÓã3ƒƒS33#C#c2ÅG'VRÂÂÂÂÂÂÂÂÄfÇ6RÄfÇ6P¥6öÇ–3&sSSs#Â%&V6WF÷"Æ–¶R¶–æ6RÂ$Ä²"ÂÓã“ƒ“#cƒCCscSsrÅG'VRÂÓã““C#scs““CsS’Ãrãccƒƒ#3Cƒ#ScfRÓ2Ãã3#3s3“S““fRÓÃRãÃãSƒscsssSBÃãSƒscsssSBÃãsc“c#S“sVRÓrÅ6öÇ–3&sSSs#ããõ333µ6öÇ–3&sSSs#ããõ33ccµ33s3µ6öÇ–3&sSSs#ããõ3c“µ3c“Cµ6öÇ–3&sSSs#ããõ3c“µ3c“RÅG'VRÅG'VP¥6öÇ–3&sSSsƒÂ%öÇ’…$2’&–æF–ær&÷FV–â•#ƒ²†öÖöÆöw’ÂG—RÂ7V&w&÷W"ÂÓã3cƒs##ƒ3ƒƒCBÅG'VRÂÂÂÃãÃãs#ƒ3Cs#““#ƒS2ÂÓãs#ƒ3Cs#““#ƒS2Ã’ãƒCs#33SSSƒsVRÓbÅ6öÇ–3&sSSsƒããõ3#c2ÄfÇ6RÅG'VP¥6öÇ–3&sSSs“Â$†WFW&övVæV÷W2çV6ÆV"&–&öçV6ÆV÷&÷FV–â²•#ƒ²†öÖöÆöw’ÂG—RÂ7V&w&÷W"ÂÓã#S3CSccSƒ#ƒBÅG'VRÂÂÂÃãÃã“ƒsC#s3SsƒCC3cƒ’Ãã“ƒsC#s3SsƒCC3cƒ’Ã"ãcsƒSƒSƒƒ3scVRÓ‚Å6öÇ–3&sSSs“ããõ3ƒÄfÇ6RÅG'VP¥6öÇ–3&sSSƒÂ%b×G—RE7–çF†6RÇ†6†–â•#Ss#RE6RÂc6ö×ÆW‚Â7V'Væ—B"ÂÓãCS33sc3c“sS‚ÅG'VRÂÓãCSSs3“C““‚ÃRã#“s#CCƒ#3–RÓBÃã#C3SscS““&RÓ"ÃRãÃãC““3ss##3SrÃãC““3ss##3SrÃãCS““cSs“CC#–RÓ‚Å6öÇ–3&sSSƒããõ3cµ6öÇ–3&sSSƒããõ33µ6öÇ–3&sSSƒããõC##rÅG'VRÅG'VP¥6öÇ–3&sSSƒ#Â$6–ææ×–ÂÆ6ö†öÂFV‡–G&övVæ6R•##ƒRÆ6ö†öÂFV‡–G&övVæ6R7WW&fÖ–Ç’Â¦–æ2Ö6öçF–æ–ær"ÂÓãcƒ#CC#c3#““ƒsBÅG'VRÂÂÂÂÂÂÂÂÄfÇ6RÄfÇ6P¥6öÇ–3&sSSƒ3Ä–æ÷&væ–2—&÷†÷7†F6R•#ƒc"–æ÷&væ–2—&÷†÷7†F6RÂÓãCcS#“S3ƒ““cCrÅG'VRÂÂÂÂÂÂÂÂÄfÇ6RÄfÇ6P¥6öÇ–3&sSSƒCÂ$vÇV6âVæFòÓ2Ö&WFÖvÇV6÷6–F6Rr•#C“vÇ–6÷6–FR‡–G&öÆ6RÂfÖ–Ç’r"ÂÓ"ã3#3s“Cƒ“ƒs3cc’ÅG'VRÂÓ"ã3#cCƒSSƒCCC“"Ã"ãS“sƒƒScsSCcSCRÓbÃ"ãscS“ƒ3ƒ##s#sFRÓBÂÂÂÂÂÅG'VRÄfÇ6P¥6öÇ–3&sSS“3ÅTEÖvÇV6÷6RBÖW–ÖW&6R•#SƒƒbTEÖvÇV6÷6RBÖW–ÖW&6RÃãƒCC3Ss“##cƒcbÅG'VRÃãƒCCcSs“SƒcbÃãƒCƒ“ƒsSsƒS#3“–RÓÃãScccC““ƒƒFRÓÂÂÂÂÂÅG'VRÄfÇ6P¥6öÇ–3&sSS“CÅVæ¶æ÷vâ&÷FV–âÂÓã“#ƒSC3C#“s#cƒ“‚ÅG'VRÂÓã“#“C“#“cƒC“SÃãs3Ss“CS3cƒvRÓ’Ã‚ãSCcƒƒCƒsSCc&RÓ’ÂÂÂÂÂÅG'VRÄfÇ6P¥6öÇ–3&sSS““Ä'66—6–26–B&V6WF÷"”Ã’•#“SƒröÇ–¶WF–FR7–6Æ6UöFV‡–G&6RÃãssc““#cCS‚ÅG'VRÂÂÂÂÂÂÂÂÄfÇ6RÄfÇ6P¥6öÇ–3&sSc3ÅVæ¶æ÷vâ&÷FV–âÂÓã###cCCcCcSƒsS“ÅG'VRÂÂÂÂÂÂÂÂÄfÇ6RÄfÇ6P¥6öÇ–3&sScƒÅ&RÖÕ$ä×7Æ–6–ærf7F÷"4Äc•#““FWG&G&–6÷WF–FRÖÆ–¶R†VÆ–6ÂÂÓã##cC“sCC3“C##’ÅG'VRÂÂÂÂÂÂÂÂÄfÇ6RÄfÇ6P¥6öÇ–3&sScÂ%V&—V—F–âÖ6öæ§VvF–ærVç§–ÖRS"‚•#c‚V&—V—F–âÖ6öæ§VvF–ærVç§–ÖRÂS""ÂÓã##CsSƒƒ3s3““#C"ÅG'VRÂÂÂÂÂÂÂÂÄfÇ6RÄfÇ6P¥6öÇ–3&sScÂ%b×G—R&÷FöâE6R7V'Væ—BR•##ƒC"E6RÂcô6ö×ÆW‚Â7V'Væ—BR"ÂÓãcCC“c3Ccƒƒ#“ÅG'VRÂÓãcS##3S“c##srÃ"ãƒs3sCScS“3sRÓ’Ããcƒ#Sc3sS““fRÓ‚ÂÂÂÂÂÅG'VRÄfÇ6P¥6öÇ–3&sSc#Â#b×†÷7†övÇV6öæFRFV‡–G&övVæ6RFV6&&÷‡–ÆF–ær•#c2b×†÷7†övÇV6öæFRFV‡–G&övVæ6RÂFV6&&÷‡–ÆF–ær"ÃãCSs3“#cCƒc“3bÅG'VRÂÂÂÃãÃãcS““CssCcc#ƒSbÂÓãcS““CssCcc#ƒSbÃ‚ãSC“S##“3cS†RÓrÂÄfÇ6RÅG'VP¥6öÇ–3&sScSÂ%WF–F6R3CR7–ÂÖ6öVç§–ÖRóbÖÖ–æ÷Væ–6–ÆÆæ–26–B7–Â×G&ç6fW&6R•#Ss’WF–F6R3CRÂ7–ÂÖ6öVç§–ÖR£bÖÖ–æ÷Væ–6–ÆÆæ–26–B7–Â×G&ç6fW&6R"ÃãS3Sc#ƒSc“3“3BÅG'VRÂÂÂÂÂÂÂÂÄfÇ6RÄfÇ6P¥6öÇ–3&sSc##ÄV÷&–â•###c’V÷&–âÂÓãS“33ƒC3CSSsCCcBÅG'VRÂÂÂÃBãÃã##ƒSS#“s3Sc#C“RÂÓã##ƒSS#“s3Sc#C“RÃ‚ãccc3c3#cƒcsVRÓrÅ6öÇ–3&sSc##ããõ3#ƒSµ6öÇ–3&sSc##ããõC’ÄfÇ6RÅG'VP¥6öÇ–3&sSc#3ÄvÇWFF†–öæRW&÷†–F6R•#ƒƒ’vÇWFF†–öæRW&÷†–F6RÂÓãCCCC#S#“ƒ3CssRÅG'VRÂÂÂÂÂÂÂÂÄfÇ6RÄfÇ6P¥6öÇ–3&sSc#CÄvÇWFF†–öæRW&÷†–F6R•#ƒƒ’vÇWFF†–öæRW&÷†–F6RÂÓãcSC“Cs#s“ƒCƒ3“BÅG'VRÂÓãcSCƒƒSC#ƒCC#"ÃãssƒccS“SSVRÓÃãCcCc#3CS#c6RÓÂÂÂÂÂÅG'VRÄfÇ6P¥6öÇ–3&sSc#SÂ$vÇWFF†–öæR2×G&ç6fW&6R•#s“32vÇWFF†–öæR2×G&ç6fW&6Uö6†Æ÷&–FR6†ææVÂÂ2×FW&Ö–æÂ"ÂÓãsC““C“#cCc3"ÅG'VRÂÓãsS#Ss3cSCC##3’ÃBãSsccCsC3s3vRÓ’Ãã“#S3ss#CcS“VRÓ‚ÂÂÂÂÂÅG'VRÄfÇ6P¥6öÇ–3&sScCCÂ$Ö¦÷"f6–Æ—FF÷"7WW&fÖ–Ç’FöÖ–âÖ6öçF–æ–ær&÷FV–â‚•#C335‚Ââ×FW&Ö–æÂ"ÂÓã#ƒCƒCsSssƒs“2ÅG'VRÂÂÂÂÂÂÂÂÄfÇ6RÄfÇ6P¥6öÇ–3&sScCSÂ$‡–G&÷‡–ÖWF‡–ÆvÇWF'–ÂÔ6ô7–çF†6R•##"‡–G&÷‡–ÖWF‡–ÆvÇWF'–ÂÔ6ô7–çF†6RÂWV¶'–÷F–2"ÂÓãC“SSƒS“CCsSrÅG'VRÂÂÂÂÂÂÂÂÄfÇ6RÄfÇ6P¥6öÇ–3&sScS3Â$g'V7F÷6RÓbÖ&—7†÷7†F6R6Æ72•#Cbg'V7F÷6RÓÃbÖ&—7†÷7†F6R"Ãã#Ss#“C3ƒcsƒS‚ÅG'VRÂÂÂÃãÃãS“Cs3CCS#s3“rÃãS“Cs3CCS#s3“rÃãCs“SSƒ#Sc“ssƒ&RÓRÂÄfÇ6RÅG'VP¥6öÇ–3&sScS“Â$WF‡–ÆVæR&W7öç6—fRG&ç67&—F–öâf7F÷"&•#CsF†övVæW6—2×&VÆFVBG&ç67&—F–öæÂf7F÷"æBU$bÂDäÖ&–æF–ær"ÂÓãSƒs“ssCc“#ƒ“bÅG'VRÂÂÂÂÂÂÂÂÄfÇ6RÄfÇ6P¥6öÇ–3&sSccÅ6†÷'B6†–âÆ6ö†öÂFV‡–G&övVæ6R•##3CrvÇV6÷6U÷&–&—FöÂFV‡–G&övVæ6RÃ"ãƒ3“#CSc“Css3bÅG'VRÃ"ãƒ3sS#ƒcrÃ2ãƒ#3SƒC“SC6RÓBÃrã“c#c“3ƒssfRÓ2ÂÂÂÂÂÅG'VRÄfÇ6P¥6öÇ–3&sScccÄÖ—Fö6†öæG&–Â6'&–W"3$#ã’•##crÖ—Fö6†öæG&–Â6'&–W"&÷FV–âÂÓãcCƒ#S##33cC3crÅG'VRÂÓãcSs“3“scs#S#ÃrãƒCsc“S““SVRÓRÃã3ƒ““Sƒs3cÂÂÂÂÂÅG'VRÄfÇ6P¥6öÇ–3&sScsCÂ$EÖFWVæFVçB$ä†VÆ–66R•#SCRDäõ$ä†VÆ–66RÂDTEôDT‚&÷‚G—RÂâ×FW&Ö–æÂ"ÃãS#3“3ƒ3“3ƒC3ÅG'VRÂÂÂÃãÃãscC““csC“2ÂÓãscC““csC“2Ã"ãsS““sSSCC#S&RÓRÅ6öÇ–3&sScsCããõ3c’ÄfÇ6RÅG'VP¥6öÇ–3&sScssÂ$bÖ7F–â6–ær&÷FV–â&WF7V'Væ—BfÖ–Ç’&÷FV–â•#c“‚bÖ7F–â6–ær&÷FV–âÂ&WF7V'Væ—B"ÂÓã“S“scc“Sc3RÅG'VRÂÂÂÂÂÂÂÂÄfÇ6RÄfÇ6P¥6öÇ–3&sScsƒÅ&÷7FvÆæF–âR7–çF†6R2•#sCCr52Ããsc#CC“C“ƒ“““ƒƒRÅG'VRÃãsc#S#ƒScƒc’Ãã“3CC“S#CCsvRÓÃãsC3cs#sS–RÓ’ÂÂÂÂÂÅG'VRÄfÇ6P¥6öÇ–3&sScƒÄ÷†–F÷&VGV7F6RfÖ–Ç’&÷FV–âÖ&–æF–ærFöÖ–âÂÓã3cCCC3ƒ““s#ƒ2ÅG'VRÂÓã3cSsCS“Sc3RÃBãCS#“ƒCSS3“†RÓBÃãSƒƒcƒCƒSƒs“FRÓ"ÂÂÂÂÂÅG'VRÄfÇ6P¥6öÇ–3&sScƒ3Â$E7–çF†6RFVÇF7V'Væ—B•#sE6RÂc6ö×ÆW‚Âõ45öFVÇF7V'Væ—B"ÂÓãSScssƒCc33#ƒ"ÅG'VRÂÂÂÂÂÂÂÂÄfÇ6RÄfÇ6P¥6öÇ–3&sScƒCÂ%†÷7†÷çF÷F†VæFRÒÖ7—7FV–æRÆ–v6R•#sƒRDä÷çF÷F†VæFRÖWF&öÆ—6ÒfÆf÷&÷FV–âÂ2×FW&Ö–æÂ"ÂÓã33“3sƒSSƒ3cCsrÅG'VRÂÂÂÂÂÂÂÂÄfÇ6RÄfÇ6P¥6öÇ–3&sScƒSÂ$6òÖ6†W&öæR&÷FV–âFæ¢•#c#2†VB6†ö6²&÷FV–âFæ¢Ââ×FW&Ö–æÂ"Ããs3S3ƒ“ssƒ“3C2ÅG'VRÂÂÂÂÂÂÂÂÄfÇ6RÄfÇ6P¥6öÇ–3&sSc“Â$ÖVÖ'&æRÖæ6†÷&VBV&—V—F–âÖföÆB&÷FV–â"•#sÖVÖ'&æRÖæ6†÷&VBV&—V—F–âÖföÆB&÷FV–âÂ„4rÓ"ÂÓãS“SSs#ƒƒsc“"ÅG'VRÂÓãS“SCƒscsS“CsbÃ‚ãƒ3C“C#c#cS†RÓrÃ"ã“C#cƒ3“##6RÓbÂÂÂÂÂÅG'VRÄfÇ6P¥6öÇ–3&sSc“CÂ$6WG–ÂÔ6ô6&&÷‡–Æ6R•#3S3r6WG–ÂÔ6ô6&&÷‡–Æ6RÂ6VçG&Â&Vv–öâ"Ãã#ssƒ#cc#3“33RÅG'VRÃã#ssƒsSƒ“s“#2ÃrãSCs#Cs#“6RÓ2Ãã“C#ƒƒ3CCS#c#RÓÃ2ãÃãC“#cSc3ssƒ#ÂÓãC“#cSc3ssƒ#ÃBãCS3ƒSScS&RÓ’Å6öÇ–3&sSc“CããõC“ƒBÅG'VRÅG'VP¥6öÇ–3&sSc“cÂ$vÇV6â2Ö&WFÖvÇV6÷6–F6R•#SCrvÇ–6÷6–FR‡–G&öÆ6RÂfÖ–Ç’R"ÂÓãcCc#3#“#ƒsScÅG'VRÂÂÂÂÂÂÂÂÄfÇ6RÄfÇ6P¥6öÇ–3&sSsCÄ7'—Fö6‡&öÖR"ÂÓã3““ƒ“cƒcSSSSSRÅG'VRÂÓã3#3sƒCCsC““rÃãƒScƒƒƒ“Cƒ#†RÓBÃ2ãc#“#cCSscSC36RÓ2ÂÂÂÂÂÅG'VRÄfÇ6P¥6öÇ–3&sSscÅTEÖvÇV7W&öæ÷7–ÇG&ç6fW&6R•###2TEÖvÇV7W&öæ÷7–ÅõTEÖvÇV6÷7–ÇG&ç6fW&6RÂÓã#s3s#Sc“c“2ÅG'VRÂÂÂÂÂÂÂÂÄfÇ6RÄfÇ6P¥6öÇ–3&sSsÃBÓ2Ó2„g&vÖVçB’•#3‚BÓ2Ó2&÷FV–âÂÓãcs“S##S“s“3RÅG'VRÂÓãcs““3SS3333ƒC2ÃBãccCss3cSCSc3vRÓÃ2ãCCscsƒSCS6RÓÂÂÂÂÂÅG'VRÄfÇ6P¥6öÇ–3&sSs#Â%7V'Væ—Bd–"öb7—Fö6‡&öÖR2÷†–F6R•#3#27—Fö6‡&öÖR2÷†–F6RÂ7V'Væ—Bd–""Ãã#CsƒƒC“CScƒc’ÅG'VRÂÂÂÂÂÂÂÂÄfÇ6RÄfÇ6P¥6öÇ–3&sc##SÃUö÷2ÔÕÖ7F—fFVB&÷FV–â¶–æ6R&WFÓ7V'Væ—B•#Cs‚E¥ôD…%ôtÄtbÂÓã333ƒƒCcƒC3CssƒRÅG'VRÂÂÂÂÂÂÂÂÄfÇ6RÄfÇ6P¥6öÇ–3&sc##ƒÅ&÷FV–â¶–æ6R•#Ssƒ2DÕ$²6W&–æU÷F‡&Vöæ–æR&÷FV–â¶–æ6RÖÆ–¶RÃãS#SsSsCƒ#cSc"ÅG'VRÂÂÂÂÂÂÂÂÄfÇ6RÄfÇ6P¥6öÇ–3&sc##“Å6W&–æR&÷FV6R•#Ss#B6W&–æRVæF÷WF–F6RFVu"ÃãƒSƒ333Sƒc“#2ÅG'VRÂÂÂÂÂÂÂÂÄfÇ6RÄfÇ6P¥6öÇ–3&sc#cÅ†÷F÷7—7FVÒ’s6†Æ÷&÷‡–ÆÂ÷&÷FV–â"•##ƒ†÷F÷7—7FVÒ’6æB6"ÂÓ"ã“ƒ#CS“SC3C“3BÅG'VRÂÓ"ã“sƒCsSƒƒƒ3cc#“rÃRã#3sƒCc“33C3†RÓRÃ"ãC#S#3“cC““sFRÓ2ÂÂÂÂÂÅG'VRÄfÇ6P¥6öÇ–3&sc#cCÂ#32&–&÷6öÖÂ&÷FV–â3"•#Ssb&–&÷6öÖÂ&÷FV–â3"Â&7FW&–Â×G—R"ÂÓãC#cCsScCƒc##RÅG'VRÂÓãCS#s“Cc3#ƒ"Ã‚ã“#C“sƒSfRÓ’Ã2ã##“SsSC#sFRÓ‚ÂÂÂÂÂÅG'VRÄfÇ6P¥6öÇ–3&sc#ƒcÅVæ—fW'6Â7G&W72&÷FV–âfÖ–Ç’&÷FV–â•#cbW7ÃãSSƒ“3ƒ3ƒS3##sbÅG'VRÂÂÂÂÂÂÂÂÄfÇ6RÄfÇ6P¥6öÇ–3&sc3SÂ%$äöÇ–ÖW&6R”’2×FW&Ö–æÂFöÖ–â†÷7†F6RÖÆ–¶R2•#“Crd5ÖÆ–¶R†÷7†F6RÂ†÷7†F6RFöÖ–â"ÂÓã#Sƒc“ƒS3SC“csRÅG'VRÂÂÂÂÂÂÂÂÄfÇ6RÄfÇ6P¥6öÇ–3&scƒsÂ$f–ÆÖVçBÖÆ–¶RÆçB&÷FV–â„g&vÖVçB’•#ƒSƒr&÷FV–âöbVæ¶æ÷vâgVæ7F–öâETcƒc’ÂÆçB"ÂÓãƒcScsCS3s3sCs“bÅG'VRÂÓãƒcS#“sƒcƒ“SƒC“Ã‚ãƒ#“csC#ƒ“c&RÓÃRã“““ƒ#sC3S##–RÓÃãÃãƒ“cc““ƒSccbÃãƒ“cc““ƒSccbÃãss#cCcCc“ƒRÓRÅ6öÇ–3&scƒsããõ3#cÅG'VRÅG'VP¥6öÇ–3&ssÄÖVF–F÷"öb$äöÇ–ÖW&6R”’G&ç67&—F–öâ7V'Væ—B#RÃã#“3Cc#sSC3ƒsccrÅG'VRÂÂÂÂÂÂÂÂÄfÇ6RÄfÇ6P¥6öÇ–3&ss#sÂ$Æ—–BW‡÷'BEÖ&–æF–æu÷W&ÖV6R&÷FV–â×6$•#C$2G&ç7÷'FW"ÂG&ç6ÖVÖ'&æR&Vv–öâ"ÂÓãSC3c###3S3ƒ“cS#BÅG'VRÂÂÂÂÂÂÂÂÄfÇ6RÄfÇ6P¥6öÇ–3&sssS“Â%WF–G–Â×E$ä‡–G&öÆ6R"•##ƒ32WF–G–Â×E$ä‡–G&öÆ6RÂDƒ""Ãã#s“#““S“Cƒƒ3#sRÅG'VRÂÂÂÂÂÂÂÂÄfÇ6RÄfÇ6P¥6öÇ–3&ssscSÂ#32&–&÷6öÖÂ&÷FV–â3"6†Æ÷&÷Æ7F–2•#Scs’&–&÷6öÖÂ&÷FV–â3"Â&7FW&–Â×G—R"ÂÓãƒ3“3S#sCss“#“SBÅG'VRÂÓãƒ3cSc“3SƒCc“ƒ2ÃBãs#csSƒ3ƒ“ƒ†RÓ‚Ãã3S3s#C3ƒ#CCCfRÓrÂÂÂÂÂÅG'VRÄfÇ6P¥6öÇ–3&sƒs“CÄ7'F–2&÷FV–æ6RæWVçF†W6–âÓ•#CcWF–F6RÂÓãCƒs3S3c#C#“3ƒ2ÅG'VRÂÂÂÂÂÂÂÂÄfÇ6RÄfÇ6P¥6öÇ–3&sƒs“ƒÄ‡–G&÷‡–6–ææÖ÷–Â6ôV–æFRG&ç6fW&6R"•#3CƒG&ç6fW&6RÂÓãs3#S#c3C“c‚ÅG'VRÂÓãs3CscSƒsSc2Ã‚ã#3C#ƒƒƒ#C#FRÓ’Ã2ã#CCCƒcCCs#fRÓ‚ÂÂÂÂÂÅG'VRÄfÇ6P¥6öÇ–3&sƒƒ#Å&Vç–Æ7—7FV–æR÷†–F6R•#s“R&Vç–Æ7—7FV–æRÇ–6RÃãcƒ#ƒS#s#Sc#sÅG'VRÃãcƒSC33ƒ#3C#"ÃBã3sƒs“C33cƒFRÓ’Ããƒ3sccƒ3“3#ccVRÓ‚ÂÂÂÂÂÅG'VRÄfÇ6P¥6öÇ–3&sƒƒ3Â%G&ç67&—F–öâ–æ—F–F–öâf7F÷"””7V'Væ—B"•#3“BG&ç67&—F–öâ–æ—F–F–öâf7F÷"””ÂvÖÖ7V'Væ—B"ÂÓãS#“c#3ƒ#ScSbÅG'VRÂÂÂÂÂÂÂÂÄfÇ6RÄfÇ6P¥6öÇ–3&sƒƒSÅ&†ÖæövÆ7GW&öæFRÇ–6R•#3#R&†ÖæövÆ7GW&öæFRÇ–6RÂÓã““ƒS3sCsss#32ÅG'VRÂÂÂÂÂÂÂÂÄfÇ6RÄfÇ6P¥6öÇ–3&sƒƒsÅE$bG—R¦–æ2f–ævW"FöÖ–â6öçF–æ–ærÂÓãCƒc333Sƒ3ƒ#3cSBÅG'VRÂÂÂÃãÃãsSs“cc3cc#2ÃãsSs“cc3cc#2Ã2ãc#CSƒ#““#scs6RÓrÅ6öÇ–3&sƒƒsããõ3#ÄfÇ6RÅG'VP¥6öÇ–3&sƒƒ#Â$VæFòÓBÖ&WF×‡–Ææ6R•#3sƒvÇ–6÷6–FR‡–G&öÆ6RÂ7V&w&÷WÂ6FÇ—F–26÷&R"ÂÓã3csƒ3C3ssC#C#rÅG'VRÂÂÂÃãÃãcC#c#“CSSƒƒƒBÃãcC#c#“CSSƒƒƒBÃ"ã“C“scƒS#ƒc6RÓRÅ6öÇ–3&sƒƒ#ããõ3#ÄfÇ6RÅG'VP¥6öÇ–3&sƒƒ##Ä'&æ6†VBÖ6†–âÖÖ–æòÖ6–BÖ–æ÷G&ç6fW&6R•#Ssƒb'&æ6†VBÖ6†–âÖ–æò6–BÖ–æ÷G&ç6fW&6R”’Ã"ã#“3s“S3s“3“RÅG'VRÃ"ã#“3#ƒ3ƒs#sRÃBãcc3#Ss“ƒ“S#ƒVRÓRÃãƒƒ3“SS“ƒ3sc“VRÓ2ÃãÃ"ãs#3“#“##“33ƒ‚ÂÓ"ãs#3“#“##“33ƒ‚Ãã#s““c#“““SƒƒVRÓÅ6öÇ–3&sƒƒ##ããõ3#’ÅG'VRÅG'VP¥6öÇ–3&sƒƒ#3ÄV&Ç’×&W7öç6—fRFòFV‡–G&F–öâ&÷FV–âÖÆ–¶R•#3ƒcB&÷FV–âöbVæ¶æ÷vâgVæ7F–öâETc##ÃãS3ƒc3#C#3“ƒ33CbÅG'VRÂÂÂÃ2ãÃãS3ƒsƒsC“s“3ccƒs‚ÃãS3ƒsƒsC“s“3ccƒs‚Ã2ãƒƒ“c“3CC3CS†RÓ‚Å6öÇ–3&sƒƒ#3ããõ3sCµ6öÇ–3&sƒƒ#3ããõ3sSƒµ6öÇ–3&sƒƒ#3ããõ3ss3µ6öÇ–3&sƒƒ#3ããõ3ƒ3ƒµ6öÇ–3&sƒƒ#3ããõ3ƒcµ6öÇ–3&sƒƒ#3ããõ3ƒcµ3ƒsSµ3ƒƒµ6öÇ–3&sƒƒ#3ããõ3ƒƒµ6öÇ–3&sƒƒ#3ããõ3“3µ6öÇ–3&sƒƒ#3ããõ3“ƒµ3“#µ6öÇ–3&sƒƒ#3ããõ3“sµ3“#"ÄfÇ6RÅG'VP¥6öÇ–3&sƒƒ#SÂ%6W&–æR6&&÷‡—WF–F6R•#Sc2WF–F6R3Â6W&–æR6&&÷‡—WF–F6R"ÂÓã“cƒƒ“c##scc‚ÅG'VRÂÓã“cS3SS#C#cc3S2Ããƒ“S#ƒ“3#3S“vRÓÃrãƒ3ssƒsSc“ƒ3&RÓÂÂÂÂÂÅG'VRÄfÇ6P¥6öÇ–3&sƒƒ#“Â%S26ÖÆÂçV6ÆVöÆ"$äÖ76ö6–FVB&÷FV–â•#s“ƒbtCC&WVBÂ&Vv–öâ"ÂÓãsss#“#cccCƒ3Cs‚ÅG'VRÂÓãsssS3C#S3CsrÃ2ãS“#Cƒ3csVRÓrÃ’ãC“Sc###Ss3–RÓrÂÂÂÂÂÅG'VRÄfÇ6P¥6öÇ–3&sƒƒ3ÅVæ¶æ÷vâ&÷FV–âÃãCcs3CSSsC#BÅG'VRÂÂÂÂÂÂÂÂÄfÇ6RÄfÇ6P¥6öÇ–3&sƒƒ3sÂ$–çFW&fW&öâ×&VÆFVBFWfVÆ÷ÖVçFÂ&VwVÆF÷"fÖ–Ç’&÷FV–â•#ss–çFW&fW&öâ×&VÆFVBFWfVÆ÷ÖVçFÂ&VwVÆF÷"Ââ×FW&Ö–æÂ"ÃãC#c#3SS3CSc3‚ÅG'VRÂÂÂÂÂÂÂÂÄfÇ6RÄfÇ6P¥6öÇ–3&sƒƒCCÂ$6ÆF‡&–âÖ6öB76VÖ&Ç’&÷FV–âÖÆ–¶R•#S#c7–çF†–âbÂâ×FW&Ö–æÂ"ÂÓã#Cƒs““#Scs#3bÅG'VRÂÂÂÃãÃãc“s“ƒcƒ3S3sRÃãc“s“ƒcƒ3S3sRÃãC“Sc#ccƒC3“cs“‚ÂÄfÇ6RÅG'VP¥6öÇ–3&sƒƒCSÄvVæöÖ–2Dä6‡&öÖ÷6öÖRR6ÆöæRÔ´CRÃã##csƒ3ƒ3csCc“bÅG'VRÂÂÂÂÂÂÂÂÄfÇ6RÄfÇ6P¥6öÇ–3&sƒƒCcÄ7—Fö6‡&öÖRCSÃã“C“s#S“sƒccƒss"ÅG'VRÃã“S#333sC#sCsÃRã#“ƒ#ƒc“3sSƒRÓ’Ã"ãS3CsCCƒScCFRÓ‚ÂÂÂÂÂÅG'VRÄfÇ6P¥6öÇ–3&sƒƒccÄÖææ÷6RÕÖFöÆ–6†öÂWF–Æ—¦F–öâFVfV7B&÷FV–â•#cƒrÖææ÷6RÕÖFöÆ–6†öÂWF–Æ—¦F–öâFVfV7B&÷FV–âÂÓãƒSC3ƒ“#ƒ“Sƒƒ#ÅG'VRÂÂÂÂÂÂÂÂÄfÇ6RÄfÇ6P¥6öÇ–3&sƒƒcsÂ$6F†W6–â"ÖÆ–¶R7—7FV–æR&÷FV–æ6R•#3#‚WF–F6R3Â–â•#c’WF–F6RÂ7—7FV–æRWF–F6R7F—fR6—FR•#cc‚WF–F6R3Â–â2×FW&Ö–æÂ"ÂÓãCCS333ƒ#3CC#sC‚ÅG'VRÂÂÂÂÂÂÂÂÄfÇ6RÄfÇ6P¥6öÇ–3&sƒƒs#Â%öÇ–FVç–ÆFRÖ&–æF–ær&÷FV–â"•#cSRöÇ–FVç–ÆFR&–æF–ær&÷FV–âÂ‡VÖâG—W2Â"Â2ÂB"ÂÓãCcsSssc#S“SSÅG'VRÂÂÂÃBãÃãsSsƒ3“3ƒcc#ƒcÃãsSsƒ3“3ƒcc#ƒcÃ2ã3“#Cccc“CsƒFRÓrÅ6öÇ–3&sƒƒs#ããõ3cƒµ6öÇ–3&sƒƒs#ããõ3s#µ6öÇ–3&sƒƒs#ããõ3Csµ6öÇ–3&sƒƒs#ããõ3cSÄfÇ6RÅG'VP¥6öÇ–3&sƒƒs3ÃS2&–&÷6öÖÂ&÷FV–âÃB•#SC“‚&–&÷6öÖÂ&÷FV–âÃBÂÓã3CC#3csC#cSc#cRÅG'VRÂÂÂÂÂÂÂÂÄfÇ6RÄfÇ6P¥6öÇ–3&sƒƒscÂ%7V'F–Æ—6–âÖÆ–¶R&÷FV6R•#SSWF–F6R3‚Â7V'F–Æ—6–â×&VÆFVB"ÂÓã3“3s#“c3ƒsƒ“bÅG'VRÂÂÂÂÂÂÂÂÄfÇ6RÄfÇ6P¥6öÇ–3&sƒƒƒ#Å6W&–æU÷F‡&Vöæ–æR×&÷FV–â¶–æ6R3‚•###“6W&–æU÷F‡&Vöæ–æR&÷FV–â¶–æ6RÂÓã“sSCSS3cSCƒ"ÅG'VRÂÓã“scs#ƒc#sCcCbÃãc#sƒ“s“S3SƒvRÓ2Ã"ã“sS“cccSc“vRÓ"ÃãÃãƒƒ#ss#“#3SssCC"Ããƒƒ#ss#“#3SssCC"Ãã#C3CsSs“3s–RÓrÅ6öÇ–3&sƒƒƒ#ããõCC3RÅG'VRÅG'VP¥6öÇ–3&sƒƒƒƒÄW–ÖW&6UöFV‡–G&F6RÖ&–æF–ærFöÖ–âÂÓãSSC3333ƒ3“RÅG'VRÂÂÂÂÂÂÂÂÄfÇ6RÄfÇ6P¥6öÇ–3&sƒƒ“ÅVæ¶æ÷vâ&÷FV–âÂÓãCsƒc#Ssƒs#S3“#ƒSrÅG'VRÂÂÂÂÂÂÂÂÄfÇ6RÄfÇ6P¥6öÇ–3&sƒƒ“#Ä6Æ6–æWW&–âÖÆ–¶R†÷7†öW7FW&6RfÖ–Ç’&÷FV–â•#CƒC2ÖWFÆÆ÷†÷7†öW7FW&6RÂÓãCsCSSƒCcƒ#ƒrÅG'VRÂÂÂÃãÃãcc“SScsC#Cs"Ããcc“SScsC#Cs"ÃãCSCc“3c#3sƒRÅ6öÇ–3&sƒƒ“#ããõ3‚ÄfÇ6RÅG'VP¥6öÇ–3&sƒƒ““Â$W†ö7—7B6ö×ÆW‚6ö×öæVçB•#“cW†ö7—7B6ö×ÆW‚Â6ö×öæVçBW†ö3"ÂÓã#S3cƒsSSc“css#2ÅG'VRÂÂÂÃRãÃãCSS#“Ss“Cc““RÃãCSS#“Ss“Cc““RÃ"ãƒss““ƒccfRÓ‚Å6öÇ–3&sƒƒ““ããõ3Cµ6öÇ–3&sƒƒ““ããõ3C“µ6öÇ–3&sƒƒ““ããõ3SSÄfÇ6RÅG'VP¥6öÇ–3&sƒ“Â%&RÖÕ$ä7Æ–6–ærf7F÷"EÖFWVæFVçB$ä†VÆ–66RÖÆ–¶R&÷FV–â•#CDTBÖÆ–¶R†VÆ–66RÂâ×FW&Ö–æÂ"ÂÓã#S“S#CƒsCC3ƒ#SRÅG'VRÂÂÂÂÂÂÂÂÄfÇ6RÄfÇ6P¥6öÇ–3&sƒ“3ÅV&—V—F–âÖ6öæ§VvF–ærVç§–ÖRS"•#SSƒ%T#6öæ§VvF–ærVç§–ÖRV&3"ÂÓãS#S“ƒ3c“ƒ3C3C32ÅG'VRÂÂÂÂÂÂÂÂÄfÇ6RÄfÇ6P¥6öÇ–3&sƒ“CÂ$$U3ô%¥#†öÖöÆör&÷FV–â"•#ƒSC%¥#ÂG&ç67&—F–öæÂ&W&W76÷""ÂÓãC#SScƒC3ƒ#SCƒƒÅG'VRÂÂÂÃ"ãÃãƒ3##ƒ“3C#“CBÃãƒ3##ƒ“3C#“CBÃbã#cƒ““3sƒ#ƒvRÓrÅ6öÇ–3&sƒ“Cããõ33RÄfÇ6RÅG'VP¥6öÇ–3&sƒ““Å†÷7†F6RD3r†öÖöÆör•#“3"&÷FV–â†÷7†F6R$2×&VÆFVBÂÓã3SS#3##cƒSc3cƒ‚ÅG'VRÂÂÂÂÂÂÂÂÄfÇ6RÄfÇ6P¥6öÇ–3&sƒ“Å÷&R&÷FV–âöb„ôU#B’ÂÓãcs3ƒS“3cƒ#S“3BÅG'VRÂÓãcc“c“SsS“#SCƒ2Ã"ãS3“ƒƒ“#Sƒ&RÓrÃrã#c#s“sCC3FRÓrÂÂÂÂÂÅG'VRÄfÇ6P¥6öÇ–3&sƒ“SÅ7–çF†–âÖÆ–¶R&÷FV–â•#s#rF&vWB4ä$R6ö–ÆVBÖ6ö–Â&Vv–öâÂÓã3#ccCss“Sc3#3"ÅG'VRÂÂÂÃ2ãÃãƒ3Csƒƒsc3S#‚Ããƒ3Csƒƒsc3S#‚ÃãSƒ“S#s“CƒsS“vRÓbÅ6öÇ–3&sƒ“Sããõ3µ6öÇ–3&sƒ“Sããõ332ÄfÇ6RÅG'VP¥6öÇ–3&sƒ“#Ä÷&æ—F†–æR6&&Ö÷–ÇG&ç6fW&6R•###“"÷&æ—F†–æR6&&Ö÷–ÇG&ç6fW&6RÂÓã#c33cCcsƒc2ÅG'VRÂÂÂÂÂÂÂÂÄfÇ6RÄfÇ6P¥6öÇ–3&sƒ“#cÂ%¦–æ2f–ævW"444‚FöÖ–âÖ6öçF–æ–ær&÷FV–âb•#Ss¦–æ2f–ævW"Â444‚×G—R"ÂÓãcC“ƒCc3c3sSSbÅG'VRÂÂÂÂÂÂÂÂÄfÇ6RÄfÇ6P¥6öÇ–3&sƒ“#ƒÃUö÷2Ó5ö÷2W†÷&–&öçV6ÆV6R"•#sSRÓ2W†÷&–&öçV6ÆV6R"ÂÓãƒ“3ƒ“ƒS3ƒS3‚ÅG'VRÂÓãƒ#cƒC3sc“cSSS#RÃRãc3s#“CS“–RÓ’Ã"ã33ccc#C“sCVRÓ‚Ã"ãÃãss“ccSccƒƒCcC#’Ããss“ccSccƒƒCcC#’Ãrã#3“sƒCƒcCcƒ†RÓbÅ6öÇ–3&sƒ“#ƒããõ3Sµ3S3µ6öÇ–3&sƒ“#ƒããõ3S2ÅG'VRÅG'VP¥6öÇ–3&sƒ“3Äv–&&W&VÆÆ–â×&VwVÆFVB&÷FV–â"•#3ƒSBv–&&W&VÆÆ–â&VwVÆFVB&÷FV–âÃãs3##ƒcSS#SƒsbÅG'VRÃãs3#ƒ#sS#Ss3“BÃBã“CS#ƒs“sc#CSFRÓÃ"ãs#ƒ3S3ss&RÓ’ÂÂÂÂÂÅG'VRÄfÇ6P¥6öÇ–3&sƒ“3ÅGV'VÆ–â&WFÓ6†–â•##CS2&WFGV'VÆ–âÂÓãƒC“ƒƒ“ƒ#ssƒbÅG'VRÂÓãƒC“CcSƒ“cssÃã33ƒCCsƒ#C“vRÓÃãsƒ#Cc““cƒ&RÓÂÂÂÂÂÅG'VRÄfÇ6P¥6öÇ–3&sƒ“3CÅf7VöÆ"&÷FV–â6÷'F–ær3R•#S3s‚f7VöÆ"&÷FV–â6÷'F–ærÖ76ö6–FVB&÷FV–â3RÃãscƒ3ss“CcSƒƒƒCRÅG'VRÂÂÂÂÂÂÂÂÄfÇ6RÄfÇ6P¥6öÇ–3&s“C3ƒÄE4$÷†–F÷&VGV7F6R•##33bF†–÷&VF÷†–âÖÆ–¶RföÆBÂÓãs“c“ƒ“CcS2ÅG'VRÂÂÂÂÂÂÂÂÄfÇ6RÄfÇ6P¥6öÇ–3&s“CC3Â$vÇWFF†–öæR2×G&ç6fW&6R•#CCbvÇWFF†–öæR2×G&ç6fW&6RÂ2×FW&Ö–æÂ"Ããƒ“Scs“Cscs#3‚ÅG'VRÂÂÂÂÂÂÂÂÄfÇ6RÄfÇ6P¥6öÇ–3&s“CCSÅW&÷†—6öÖÂ×VÇF–gVæ7F–öæÂVç§–ÖRG—R"•##S3’Öô2ÖÆ–¶RFV‡–G&F6RÂÓãƒ3CƒCC#S3“ƒRÅG'VRÂÂÂÂÂÂÂÂÄfÇ6RÄfÇ6P¥6öÇ–3&s“CC“ÆÕ$ä6ÆVfvRf7F÷"6ö×ÆW‚6ö×öæVçB6c•#ƒ“C"TåD…õd…2ÂÓãƒ#cCCCƒ“Ss##ƒ“c2ÅG'VRÂÂÂÃãÃãccCSC3SScCƒ#’ÃãccCSC3SScCƒ#’Ãã3“#c3s#S#SCS&RÓRÅ6öÇ–3&s“CC“ããõ3#bÄfÇ6RÅG'VP¥6öÇ–3&s“CSÂ$Æ6ö†öÂFV‡–G&övVæ6R•##ƒRÆ6ö†öÂFV‡–G&övVæ6R7WW&fÖ–Ç’Â¦–æ2Ö6öçF–æ–ær"ÂÓã“3S33SccƒC#2ÅG'VRÂÓã“3s#3s“cƒC“cS#bÃãƒs“c3“Cc3c“–RÓ2Ã2ã3Cs“C#““#S3RÓ"ÂÂÂÂÂÅG'VRÄfÇ6P¥6öÇ–3&s“CS#ÃBÖ6÷VÖ&FRÖ6öÆ–v6R•#ƒs2ÕÖFWVæFVçB7–çF†WF6RæBÆ–v6RÃã3#“#3CcC3sƒ#SBÅG'VRÂÂÂÂÂÂÂÂÄfÇ6RÄfÇ6P¥6öÇ–3&s“CSCÃ5ö÷2ÓUö÷2W†öçV6ÆV6R•##Sc"2ÓRW†öçV6ÆV6RÂÓã“c“SC““3c“’ÅG'VRÂÂÂÂÂÂÂÂÄfÇ6RÄfÇ6P¥6öÇ–3&s“CSƒÄ÷36s333&÷FV–â„g&vÖVçB’ÂÓã#sccc3Ss“#“ƒƒSSC2ÅG'VRÂÂÂÂÂÂÂÂÄfÇ6RÄfÇ6P¥6öÇ–3&s“CS“Â$÷36sc“&÷FV–â„g&vÖVçB’•#C3C‚&÷FV–âöbVæ¶æ÷vâgVæ7F–öâETc#CbÂÆçB"ÂÓã#ƒ3“c3s3ƒ##rÅG'VRÂÂÂÂÂÂÂÂÄfÇ6RÄfÇ6P¥6öÇ–3&s“Cc#Ä6FÆ6R•#ƒ#‚6FÆ6R&VÆFVB7V&w&÷WÃãSSss“3“sƒs“s#bÅG'VRÂÂÂÂÂÂÂÂÄfÇ6RÄfÇ6P¥6öÇ–3&s“Cc3ÅVæ¶æ÷vâ&÷FV–âÂÓãs3S3S“““Sƒ#C#‚ÅG'VRÂÓãs#“3cc#CCScƒƒƒRÃbãcs33SCs33“ƒFRÓ"Ãbãc33sƒCƒ“#3VRÓÂÂÂÂÂÅG'VRÄfÇ6P¥6öÇ–3&s“CcCÄvÇ–6W&ÆFV‡–FRÓ2×†÷7†FRFV‡–G&övVæ6R"•#s2vÇ–6W&ÆFV‡–FR2×†÷7†FRFV‡–G&övVæ6RÂÓã3Sc3cƒS3ƒCCcRÅG'VRÂÂÂÂÂÂÂÂÄfÇ6RÄfÇ6P¥6öÇ–3&s“CsÄBÖ†öö²Ö÷F–bçV6ÆV"Æö6Æ—¦VB&÷FV–â"•#SsR&÷FV–âöbVæ¶æ÷vâgVæ7F–öâETc#“bÂÓãCSƒ##S##sc#‚ÅG'VRÂÂÂÃ2ãÃãsS33scƒc3sBÃãsS33scƒc3sBÃ"ãC“ccs#CsCsVRÓ‚Å6öÇ–3&s“Csããõ3cµ3#µ3ƒµ6öÇ–3&s“Csããõ3cµ3ƒµ6öÇ–3&s“Csããõ3cµ3ƒµ6öÇ–3&s“Csããõ3ƒµ6öÇ–3&s“Csããõ3#Sµ33sµ6öÇ–3&s“Csããõ33sµ6öÇ–3&s“Csããõ33‚ÄfÇ6RÅG'VP¥6öÇ–3&s“Cs#Â%6%FöÖ–âÖ6öçF–æ–ær&÷FV–â2Â6†Æ÷&÷Æ7F–2•#c#2Öösõ6%ÂÇ†ö&WFöÇ†6æGv–6‚"ÂÓã#S“3cScSSSSƒrÅG'VRÂÂÂÂÂÂÂÂÄfÇ6RÄfÇ6P¥6öÇ–3&s“SscÄF—†÷7†FRÒÖg'V7F÷6RÓb×†÷7†FR×†÷7†÷G&ç6fW&6R•#ƒ2—&÷†÷7†FRÖFWVæFVçB†÷7†ög'V7Fö¶–æ6Rg"ÂÓãcsS3ƒs#““cbÅG'VRÂÓãcsSƒƒƒSCCScrÃãSs#C#“cƒs6RÓÃrãSSs3cSƒCC3ccFRÓÃ"ãÃã“cS3“s“#C##rÃã“cS3“s“#C##rÃRã##C3sC#CcƒcSvRÓÅ6öÇ–3&s“Sscããõ33ƒBÅG'VRÅG'VP¥6öÇ–3&s“SssÅ–¦%•#c"Væ6†&7FW&—6VB&÷FV–âfÖ–Ç’UcCrÂÓãssS“C#3sScC2ÅG'VRÂÂÂÃãÃãsƒCƒSC“ƒ#“BÃãsƒCƒSC“ƒ#“BÃ‚ãcS3SScƒSCS#vRÓbÅ6öÇ–3&s“Sssããõ3CRÄfÇ6RÅG'VP¥6öÇ–3&s“Ss“Ä–çFVw&ÂÖVÖ'&æR&÷FV–âÆ–¶R•#CƒS2&÷FV–âöbVæ¶æ÷vâgVæ7F–öâETc#SÂÓãSc“cCSCSƒ3#CC"ÅG'VRÂÓãSscscs“cbÃ’ãCcc“sƒ3ƒsC6RÓÃbã3Cssƒ#s3c#RÓÃãÃã3“CSSƒC“ss“#CbÃã3“CSSƒC“ss“#CbÃ2ãc3sSCS####sFRÓ‚Å6öÇ–3&s“Ss“ããõ33rÅG'VRÅG'VP¥6öÇ–3&s“SƒÄ6†W&öæR&÷FV–âFæ¢•#3“R†VB6†ö6²&÷FV–âFæ¢ÂÓã3#ƒs“##“CS#ÅG'VRÂÂÂÂÂÂÂÂÄfÇ6RÄfÇ6P¥6öÇ–3&s“Sƒ#ÅF†–÷&VF÷†–â×&VÆFVBG&ç6ÖVÖ'&æR&÷FV–â"•##33bF†–÷&VF÷†–âÖÆ–¶RföÆBÂÓãSsC3#“33ÅG'VRÂÓãcSƒ3s“ƒƒS‚Ã"ãCƒcSSc3Ccƒc–RÓ"Ã"ãƒ3sSƒcS“cS&RÓÂÂÂÂÂÅG'VRÄfÇ6P¥6öÇ–3&s“Sƒ3Ä66V–â¶–æ6R’•###“6W&–æU÷F‡&Vöæ–æR&÷FV–â¶–æ6RÂÓã#ƒƒ“3ƒ#sc#ƒƒCbÅG'VRÂÂÂÂÂÂÂÂÄfÇ6RÄfÇ6P¥6öÇ–3&s“SƒSÂ%G'—F÷†ç–Â×E$ä7–çF†WF6R•##3bG'—F÷†ç–Â×E$ä7–çF†WF6RÂ6Æ72–""ÂÓãSSƒƒ3S#SCƒSƒÅG'VRÂÂÂÂÂÂÂÂÄfÇ6RÄfÇ6P¥6öÇ–3&s“SƒcÄ6VÆÂF—f—6–öâ&÷FV–â¶–æ6R"•###“6W&–æU÷F‡&Vöæ–æR&÷FV–â¶–æ6RÂÓãƒSSƒSsC3c3ƒCRÅG'VRÂÓãƒSSSc##CcsSSƒbÃRãƒ“Ccc#c3333“#&RÓ"ÃRã“c3ƒ#C#SS#FRÓÂÂÂÂÂÅG'VRÄfÇ6P¥6öÇ–3&s“SƒƒÅ†÷7†ög'V7Fö¶–æ6RfÖ–Ç’&÷FV–â•##B—&÷†÷7†FRÖFWVæFVçB†÷7†ög'V7Fö¶–æ6RE‚ÃãCCƒ3ƒ#SSƒc3SScRÅG'VRÂÂÂÃãÃãsssCƒCsCc3S“ƒ2ÃãsssCƒCsCc3S“ƒ2ÃãS#cƒ3c#3S#“cRÓrÅ6öÇ–3&s“Sƒƒããõ3sÄfÇ6RÅG'VP¥6öÇ–3&s“S“Â%f7VöÆ"&ö6W76–ærVç§–ÖRÓ2•#“bWF–F6R32ÂÆVwVÖ–â"Ãã#3ƒ#ScƒƒC““#s3CBÅG'VRÂÂÂÂÂÂÂÂÄfÇ6RÄfÇ6P¥6öÇ–3&s“S“#Ä%$4Ô6ö×ÆW‚7V'Væ—BÔU$•CCÂÓãScƒs3“3CCSƒbÅG'VRÂÂÂÂÂÂÂÂÄfÇ6RÄfÇ6P¥6öÇ–3&s“S“3Å6W&–æR‡–G&÷‡–ÖWF‡–ÇG&ç6fW&6R•#ƒR6W&–æR‡–G&÷‡–ÖWF‡–ÇG&ç6fW&6RÂÓãC“#CsƒCƒCCƒCbÅG'VRÂÂÂÂÂÂÂÂÄfÇ6RÄfÇ6P¥6öÇ–3&s“S“CÂ$÷36ssSS&÷FV–â„g&vÖVçB’•#3ƒƒR&÷FV–âöbVæ¶æ÷vâgVæ7F–öâETcscBÂWV¶'–÷F–2"ÂÓãƒcscs3cs“ƒ“3RÅG'VRÂÓãƒC3CSsCƒ3CC#RÃ2ã3S““ssfRÓ‚Ãã33#“SScC#fRÓrÂÂÂÂÂÅG'VRÄfÇ6P¥6öÇ–3&s“S“cÂ$–ç7VÆ–âÖÆ–¶Rw&÷wF‚f7F÷""Õ$äÖ&–æF–ær&÷FV–â"•#ƒ²†öÖöÆöw’ÂG—RÂ7V&w&÷W"ÂÓãsSƒ3c3sƒCƒ32ÅG'VRÂÂÂÂÂÂÂÂÄfÇ6RÄfÇ6P¥6öÇ–3&s“S““Â$EÖFWVæFVçB$ä†VÆ–66RT”cD•#SCRDäõ$ä†VÆ–66RÂDTEôDT‚&÷‚G—RÂâ×FW&Ö–æÂ"ÂÓãs“sCc3“#““SCsRÅG'VRÂÂÂÃBãÃãcSScs““3#cs#2ÃãcSScs““3#cs#2Ã2ãCƒSscC#s“C3–RÓ‚Å6öÇ–3&s“S““ããõ3Csµ6öÇ–3&s“S““ããõCCcµ6öÇ–3&s“S““ããõCCcµ3CrÄfÇ6RÅG'VP¥6öÇ–3&s“c#Å&÷FV–â†÷7†F6R$2•#ScSR&÷FV–â†÷7†F6R$2ÂÓãS3cS3#C“cCcÅG'VRÂÂÂÂÂÂÂÂÄfÇ6RÄfÇ6P¥6öÇ–3&s“cCÂ%„Bf–ævW"fÖ–Ç’&÷FV–â•#“sƒr¦–æ2f–ævW"Â„BÖf–ævW""ÂÓã#SSS#33“SƒS“ƒs"ÅG'VRÂÂÂÂÂÂÂÂÄfÇ6RÄfÇ6P¥6öÇ–3&s“cSÄ¶–æ6RÕ5D%B„g&vÖVçB’•#“sc’&÷FV–âöbVæ¶æ÷vâgVæ7F–öâETc33bÃãcS“Sƒ3cCcS#RÅG'VRÂÂÂÃ2ãÃã“ƒs“SSc#sƒƒƒ##c’Ãã“ƒs“SSc#sƒƒƒ##c’Ã"ãƒƒ##“ƒ3ƒC3ƒfRÓrÅ6öÇ–3&s“cSããõ33µ6öÇ–3&s“cSããõCC#BÄfÇ6RÅG'VP¥6öÇ–3&s“ccÄ×2öæR&–æFW"¶–æ6R7F—fF÷"ÖÆ–¶R•#S3Öö#÷†ö6V–âÃã3S#cƒ#“c“3ƒ3"ÅG'VRÂÂÂÂÂÂÂÂÄfÇ6RÄfÇ6P¥6öÇ–3&s“c#Â%V&—V—F–âÖföÆBÖöF–f–W"•#S3sRV&—V—F–âÖÆ–¶RÂVfÓ"Ããs3ƒ3SS#ccRÅG'VRÂÂÂÂÂÂÂÂÄfÇ6RÄfÇ6P¥6öÇ–3&s“cCÅVçFG&–6÷WF–FR&WVBÖ6öçF–æ–ær&÷FV–â•##ƒƒRVçFG&–6÷WF–FR&WVBÂÓã#“s3“Sc3CS3CbÅG'VRÂÂÂÂÂÂÂÂÄfÇ6RÄfÇ6P¥6öÇ–3&s“cSÃc2&–&÷6öÖÂ&÷FV–âÃ2•#3ƒ&–&÷6öÖÂ&÷FV–âÃ6RÂÓãcssc““ƒS#3cSbÅG'VRÂÓãcssCCS##Cscc#RÃbã3ƒcScCƒScsS“VRÓ’Ã"ãSssƒ#ƒs#CsVRÓ‚ÃãÃãccCc#S#3#ScBÃãccCc#S#3#ScBÃbã“cSc“s“cƒSvRÓRÅ6öÇ–3&s“cSããõ33sµ33‚ÅG'VRÅG'VP¥6öÇ–3&s“c“Â%G'—F÷†â7–çF†6R&WF6†–â•#c3bG'—F÷†â7–çF†6RÂ&WF6†–âÖÆ–¶R"ÂÓãcƒCSc“ƒ“#ss"ÅG'VRÂÂÂÂÂÂÂÂÄfÇ6RÄfÇ6P¥6öÇ–3&s“c##Â#c2&–&÷6öÖÂ&÷FV–âÃr•#SS"&÷çV6ÆV÷F–FRW†6†ævW"Â$ôäR"ÂÓãCs3ƒccccSsCRÅG'VRÂÂÂÂÂÂÂÂÄfÇ6RÄfÇ6P¥6öÇ–3&s“c#sÄr&÷FV–âvÖÖ7V'Væ—B"ÂÓãs3“#““S“cs2ÅG'VRÂÂÂÂÂÂÂÂÄfÇ6RÄfÇ6P¥6öÇ–3&s“c#“ÄW†ö7—7B6ö×ÆW‚6ö×öæVçBb•#s##RW†ö7—7B6ö×ÆW‚7V'Væ—B6V3RÖÆ–¶RÃã###3#ss“c#cs‚ÅG'VRÂÂÂÂÂÂÂÂÄfÇ6RÄfÇ6P¥6öÇ–3&s“c3Â#C2&–&÷6öÖÂ&÷FV–â3b•#CC&–&÷6öÖÂ&÷FV–â3bÂWV¶'–÷F–2"ÂÓãccƒs#“cS#Ss“cÅG'VRÂÓãccCcc3cSc“sC3ƒ‚Ã’ãƒS3“CS“ƒ##3–RÓ‚Ã"ã“sSs“sSc#“&RÓrÂÂÂÂÂÅG'VRÄfÇ6P¥6öÇ–3&s“cCÂ$vVæöÖ–2Dä6‡&öÖ÷6öÖRR6ÆöæRÕ„Ó"•##Cr6ÆÖöGVÆ–âÖ&–æF–ærÂÆçB"ÂÓãƒƒsƒsƒ“3s“ss"ÅG'VRÂÓãƒ“##ƒCc3“#c‚Ã"ã3Css3CsSCCc†RÓ’Ããsc##3ƒƒCVRÓ‚ÂÂÂÂÂÅG'VRÄfÇ6P¥6öÇ–3&s“cCSÂ%¦–æ2f–ævW"fÖ–Ç’&÷FV–â•#3cB¦–æ2f–ævW"ÂS×G—R"ÃãsƒCC“Scsc3ssBÅG'VRÂÂÂÂÂÂÂÂÄfÇ6RÄfÇ6P¥6öÇ–3&s“cCsÂ%G&ç67&—F–öâ–æ—F–F–öâf7F÷"Dd””B7V'Væ—B•#3“#2G&ç67&—F–öâ–æ—F–F–öâf7F÷"Dd””BÂ#2Ó3´F7V'Væ—B"ÂÓã#CSc“SCC#ƒCƒc2ÅG'VRÂÂÂÃãÃãc3scsss““’Ããc3scsss““’ÃãSC3#Cƒ3#C3S&RÓbÅ6öÇ–3&s“cCsããõ3#bÄfÇ6RÅG'VP¥6öÇ–3&s“cS#Å&÷FV–â†÷7†F6R$2•#ScSR&÷FV–â†÷7†F6R$2Ãã#SsSCƒ#SƒsC"ÅG'VRÂÂÂÂÂÂÂÂÄfÇ6RÄfÇ6P¥6öÇ–3&s“cSCÂ#C2&–&÷6öÖÂ&÷FV–â3ÖÆ–¶R•#S3#bÆV7F–åõ3Ââ×FW&Ö–æÂ"ÂÓã“cCƒ““#SCssS#bÅG'VRÂÂÂÂÂÂÂÂÄfÇ6RÄfÇ6P¥6öÇ–3&s“cSSÅ†V÷†÷&&–FR÷‡–vVæ6RfÖ–Ç’•#3c#b†V÷†÷&&–FR÷‡–vVæ6RÃã#ƒs“CCcSS#s#RÅG'VRÂÂÂÂÂÂÂÂÄfÇ6RÄfÇ6P¥6öÇ–3&s“cScÄV7FöçV6ÆV÷6–FRG&—†÷7†FRF—†÷7†ö‡–G&öÆ6Rb•#CrçV6ÆV÷6–FR†÷7†F6RtDô4C3’ÂÓã“#“CCc33C’ÅG'VRÂÓã“##3ƒSSƒs“BÃ2ãSsS“ƒC3#““cfRÓÃ"ãs#3CSƒCƒs“†RÓÂÂÂÂÂÅG'VRÄfÇ6P¥6öÇ–3&s“cS“Â#brÖF–ÖWF‡–ÂÓ‚×&–&—G–ÆÇVÖ¦–æR7–çF†6R•##ƒbÃrÖF–ÖWF‡–ÂÓ‚×&–&—G–ÆÇVÖ¦–æR7–çF†6R"ÂÓãCS#“ccccCsƒCsƒRÅG'VRÂÂÂÂÂÂÂÂÄfÇ6RÄfÇ6P¥6öÇ–3&s“ccSÄ6†&vVB×VÇF—fW6–7VÆ"&öG’&÷FV–âb•#S#B6æcrÂÓã“C3Sss““#Scƒc3SRÅG'VRÂÂÂÂÂÂÂÂÄfÇ6RÄfÇ6P¥6öÇ–3&s“ccsÄæ·—&–â&WVBfÖ–Ç’&÷FV–â•##æ·—&–âÂÓã#ssc“cCc3cCcCRÅG'VRÂÂÂÃRãÃãC3csS#S“s““rÃãC3csS#S“s““rÃã#“cc3#“#fRÓbÅ6öÇ–3&s“ccsããõ3sµ6öÇ–3&s“ccsããõ3#ƒµ6öÇ–3&s“ccsããõ3S’ÄfÇ6RÅG'VP¥6öÇ–3&s“cc“Â$7—F÷6öÆ–2fRÕ26ÇW7FW"76VÖ&Ç’f7F÷"æ'3R•#“S“E6RÖÆ–¶RÂ$ôÖ–äB"Ãã3Ss“CSSƒCScCs“CƒbÅG'VRÂÂÂÂÂÂÂÂÄfÇ6RÄfÇ6P¥6öÇ–3&s“csÂ%&–&÷6öÖÂÃ’ÖÆ–¶R&÷FV–â•##3S’&–&÷6öÖÂ&÷FV–âÃbÂ6öç6W'fVB6—FRÓ""ÂÓã33Sƒ“#s“cƒ“CRÅG'VRÂÂÂÂÂÂÂÂÄfÇ6RÄfÇ6P¥6öÇ–3&s“cscÂ$Æ6ö†öÂFV‡–G&övVæ6R¦–æ2Ö6öçF–æ–ær•##ƒRÆ6ö†öÂFV‡–G&övVæ6R7WW&fÖ–Ç’Â¦–æ2Ö6öçF–æ–ær"ÂÓãSƒS“3##ƒsCc#sCbÅG'VRÂÓãSƒSƒc“3s“sSSBÃã3ƒc#cc#ƒC–RÓ’ÃbãscCc“sCs3#fRÓ’Ã"ãÃã“cSsƒC#S“S“"Ãã“cSsƒC#S“S“"Ã‚ã3#ccƒ3ƒSScc6RÓrÅ6öÇ–3&s“cscããõ3ccµ6öÇ–3&s“cscããõ3sÅG'VRÅG'VP¥6öÇ–3&s“cssÄ‡–G&÷‡–6–ææÖ÷–Â6ôV–æFRG&ç6fW&6R•#3CƒG&ç6fW&6RÂÓãs#ƒsC3s3Ss#sRÅG'VRÂÓãsc#cS“CCsScRÃbãssc#ƒCƒ#“sVRÓ‚Ã"ã##ƒS3sƒ“SsRÓrÂÂÂÂÂÅG'VRÄfÇ6P¥6öÇ–3&s“cƒÂ$ÄUDÓæBTbÖ†æBFöÖ–âÖ6öçF–æ–ær&÷FV–âÂÖ—Fö6†öæG&–Â•#cƒRÄUDÓÖÆ–¶R"ÃãS3#ƒ#ƒcscCc3’ÅG'VRÂÂÂÂÂÂÂÂÄfÇ6RÄfÇ6P¥6öÇ–3&s“cƒ#ÅTEÖvÇV6÷7–ÇG&ç6fW&6RfÖ–Ç’&÷FV–â•###2TEÖvÇV7W&öæ÷7–ÅõTEÖvÇV6÷7–ÇG&ç6fW&6RÂÓã3s3CsCS3CcsÅG'VRÂÓã3s3cCCS###ƒC2ÃãSƒ#cccƒs#“–RÓBÃBãƒC3##ƒscC3ƒVRÓ2ÂÂÂÂÂÅG'VRÄfÇ6P¥6öÇ–3&s“cƒ3ÅTEÖvÇV6÷7–ÇG&ç6fW&6RfÖ–Ç’&÷FV–â•###2TEÖvÇV7W&öæ÷7–ÅõTEÖvÇV6÷7–ÇG&ç6fW&6RÂÓãƒS#Cƒ3cƒƒC33ƒ2ÅG'VRÂÂÂÂÂÂÂÂÄfÇ6RÄfÇ6P¥6öÇ–3&s“cƒsÅTEÖvÇV6÷7–ÇG&ç6fW&6R•###2TEÖvÇV7W&öæ÷7–ÅõTEÖvÇV6÷7–ÇG&ç6fW&6RÂÓ"ãsssƒƒsƒ“ÅG'VRÂÓ"ãsƒccƒCcƒƒ"Ãã#“c“CƒsC3“–RÓrÃ"ãcScssSC3C3vRÓRÂÂÂÂÂÅG'VRÄfÇ6P¥6öÇ–3&s“c“Â%F—"Â&W6—7Fæ6R&÷FV–âg&vÖVçB"ÂÓãc3s3s“css3“C“#‚ÅG'VRÂÓãc333“ƒ333Scƒ3ƒrÃBãƒ“sCƒSƒScƒCCVRÓBÃã“S3cC“33s†RÓ"ÃãÃãƒScƒScƒSƒc3csBÂÓãƒScƒScƒSƒc3csBÃãƒsc3“Scc#s#FRÓRÅ6öÇ–3&s“c“ããõ3ƒÅG'VRÅG'VP¥6öÇ–3&s“s3Ä6&&÷‡–Â×FW&Ö–æÂ&ö6W76–ær&÷FV6R•#SSWF–F6R3CÂÓã“cS“s“C##BÅG'VRÂÓã“c“C#“c“ƒ#CcBÃ"ã#c#Ccƒ3sfRÓÃãƒSCƒCcC“SƒCSc†RÓÂÂÂÂÂÅG'VRÄfÇ6P¥6öÇ–3&s“ssÄvVæöÖ–2Dä6‡&öÖ÷6öÖR2$26ÆöæRcDó2ÂÓã3ssCcƒ##“sƒ“bÅG'VRÂÂÂÂÂÂÂÂÄfÇ6RÄfÇ6P¥6öÇ–3&s“sƒÂ$vÇWFF†–öæR2×G&ç6fW&6R•#s“32vÇWFF†–öæR2×G&ç6fW&6Uö6†Æ÷&–FR6†ææVÂÂ2×FW&Ö–æÂ"Ãã#sƒ“s“ƒ“3"ÅG'VRÃã#sƒ“sC##cscc#bÃbãsCcsscs“SRÓ"Ãbã#cscƒ“c“s3#FRÓÂÂÂÂÂÅG'VRÄfÇ6P¥6öÇ–3&s“ƒSÂ%föÇFvRÖvFVB÷F76—VÒ6†ææVÂ&WF7V'Væ—B•#S3“’÷F76—VÒ6†ææVÂÂföÇFvRÖFWVæFVçBÂ&WF7V'Væ—BÂ´4ä"×&VÆFVB"ÂÓã#SƒCƒcC#cCS“ƒcBÅG'VRÂÂÂÂÂÂÂÂÄfÇ6RÄfÇ6P¥6öÇ–3&s“ƒcÄÇv—2V&Ç’&÷FV–â2•#ScD•%ÂÓã##33c#sc““sc‚ÅG'VRÂÂÂÃãÃãƒc#C3#C#3sCCcBÃãƒc#C3#C#3sCCcBÃã#ƒ#3Sc“ƒCs“#3rÅ6öÇ–3&s“ƒcããõ33CÄfÇ6RÅG'VP¥6öÇ–3&s“ƒ33Â#c2&–&÷6öÖÂ&÷FV–âÃ6ÖÆ–¶R&÷FV–â•#SsSR&–&÷6öÖÂ&÷FV–âÃ2ÂWV¶'–÷F–5ö&6†VÂ"ÂÓãsCccƒƒcƒSScCcÅG'VRÂÓãsCCƒƒSC“3#“ƒ’Ã"ãS3ƒ#C33ƒ“3†RÓ’ÃãCSs#3##cFRÓ‚ÂÂÂÂÂÅG'VRÄfÇ6P¥6öÇ–3&s“ƒ3SÂ%G&ç6ÆF–öâ–æ—F–F–öâf7F÷"•#c“b3Â”cG—R"Ããcƒ###cCƒƒƒ3“CrÅG'VRÂÂÂÂÂÂÂÂÄfÇ6RÄfÇ6P¥6öÇ–3&s“ƒ3cÅVæ6†&7FW&—¦VB5"4ôsScRfÖ–Ç’&÷FV–â•#3sƒ‚&÷FV–âöbVæ¶æ÷vâgVæ7F–öâETcƒRÂÓã3##SƒS“cSc33RÅG'VRÂÂÂÂÂÂÂÂÄfÇ6RÄfÇ6P¥6öÇ–3&s“ƒC#ÅV&—V—F–â6&&÷‡–Â×FW&Ö–æÂ‡–G&öÆ6R•#ƒ““rT"FöÖ–âÃã#Cs#3“cƒCSsc2ÅG'VRÂÂÂÃãÃãs3#sC#“csƒRÃãs3#sC#“csƒRÃBã“ƒcƒ3ƒSsc“†RÓbÅ6öÇ–3&s“ƒC#ããõ3#ƒÄfÇ6RÅG'VP¥6öÇ–3&s“ƒCCÂ%%Ó–çFW&7F–ær&÷FV–âBG&ç67&—B"•#ƒsFVfVæ6R&W7öç6RÂ&–ãB"ÂÓãC“3CƒcCss32ÅG'VRÂÂÂÃRãÃãsS“3sƒ3#"ÃãsS“3sƒ3#"ÃBã“ƒScsC“c#SSFRÓ‚Å6öÇ–3&s“ƒCCããõ3SSµ6öÇ–3&s“ƒCCããõ3#sµC##BÄfÇ6RÅG'VP¥6öÇ–3&s“ƒC“Å6W&–æR‡–G&÷‡–ÖWF‡–ÇG&ç6fW&6R•#ƒR6W&–æR‡–G&÷‡–ÖWF‡–ÇG&ç6fW&6RÂÓãƒ“ƒ#C3“sS3#““ÅG'VRÂÓãƒ“s#ƒCƒ#scsBÃ"ãƒ#ƒCƒƒSSS“6RÓÃ"ã#“C“CsS#C3S†RÓÂÂÂÂÂÅG'VRÄfÇ6P¥6öÇ–3&s“ƒSÄFVæ÷7–Æ†öÖö7—7FV–æ6R•#C22ÖFVæ÷7–ÂÔÂÖ†öÖö7—7FV–æR‡–G&öÆ6RÃãSCC33#C3S#ƒ“rÅG'VRÂÂÂÂÂÂÂÂÄfÇ6RÄfÇ6P¥6öÇ–3&s“ƒS#Â$†VB7G&W72G&ç67&—F–öâf7F÷"2×G—RÂDäÖ&–æF–ær"Ãã“ƒ##cSƒSSs3ƒ3rÅG'VRÂÂÂÂÂÂÂÂÄfÇ6RÄfÇ6P¥6öÇ–3&s“ƒS3Â$tÓc“Sr„g&vÖVçB’•#“CÖWF‡–ÇG&ç6fW&6RÓbÂWFF—fR"ÂÓã3SSC33SsS#“ƒ#ÅG'VRÂÂÂÂÂÂÂÂÄfÇ6RÄfÇ6P¥6öÇ–3&s“ƒSsÂ%&V6WF÷"Æ–¶R¶–æ6RÂ$Ä²"ÂÓãCCC#c3SƒsCƒ#3#BÅG'VRÂÂÂÂÂÂÂÂÄfÇ6RÄfÇ6P¥6öÇ–3&s“ƒcÅTEÖvÇV6÷7–ÇG&ç6fW&6RfÖ–Ç’&÷FV–â•###2TEÖvÇV7W&öæ÷7–ÅõTEÖvÇV6÷7–ÇG&ç6fW&6RÂÓã3c#S“sSs3C“3C2ÅG'VRÂÓã3c3#cs#sC3ƒRÃã#c“ssc“C3vRÓ"ÃãCcC3cS333“VRÓÂÂÂÂÂÅG'VRÄfÇ6P¥6öÇ–3&s“ƒcsÂ%6–væÂWF–FRWF–F6R•#s3c’WF–F6R#$"Â6–væÂWF–FRWF–F6R"Ããsƒ“S3c#ƒSs3“BÅG'VRÂÂÂÂÂÂÂÂÄfÇ6RÄfÇ6P¥6öÇ–3&s“ƒcƒÄWV¶'–÷F–2G&ç6ÆF–öâ–æ—F–F–öâf7F÷"27V'Væ—B2•#SSRÖ÷c3EôÕåõBÓÂÓã#cs33ƒC““ssCbÅG'VRÂÂÂÂÂÂÂÂÄfÇ6RÄfÇ6P¥6öÇ–3&s“ƒsÂ$EFWVæFVçB$ä†VÆ–66R•#SCRDäõ$ä†VÆ–66RÂDTEôDT‚&÷‚G—RÂâ×FW&Ö–æÂ"Ããs3Cs#ƒƒ3#“S#s‚ÅG'VRÂÂÂÂÂÂÂÂÄfÇ6RÄfÇ6P¥6öÇ–3&s“ƒsÃRÖ6—2×¦WFÖ6&÷FVæR—6öÖW&6RÃ"ãsSccSSCƒƒCC2ÅG'VRÃ"ãsƒCƒCsCƒcƒƒBÃ2ãs#Sƒc3Ss3ƒ“CRÓbÃ"ãsS“c##“S3csSSvRÓBÂÂÂÂÂÅG'VRÄfÇ6P¥6öÇ–3&s“ƒsCÂ$W6–âÓ•##bW6–âÂâ×FW&Ö–æÂ"ÂÓãƒ3ƒs““#3“3#’ÅG'VRÂÓãƒ3ƒcSc“““ƒCcƒRÃ"ãC##c#SS#c“fRÓ"Ã"ãƒCsS“ƒƒC“CC†RÓÃ"ãÃãC3S3“Cc“ƒSSƒrÃãC3S3“Cc“ƒSSƒrÃ"ãc3cSc“Cs“ƒSc#vRÓrÅ6öÇ–3&s“ƒsCããõ3s3µ6öÇ–3&s“ƒsCããõ3ssµ6öÇ–3&s“ƒsCããõ3#Sµ6öÇ–3&s“ƒsCããõ3#“#µ6öÇ–3&s“ƒsCããõ33cµ33µ33#µ6öÇ–3&s“ƒsCããõ33cµC3ƒµC3cµ6öÇ–3&s“ƒsCããõ33sµ6öÇ–3&s“ƒsCããõ33#ÅG'VRÅG'VP¥6öÇ–3&s“ƒsƒÅ—7F–ÂW‡FVç6–âÆ–¶R&÷FV–â„g&vÖVçB’•#cCöÆÆVâöÆRRÆÆW&vVâæBW‡FVç6–âÂÓã3Css“#ƒCƒ#RÅG'VRÂÂÂÂÂÂÂÂÄfÇ6RÄfÇ6P¥6öÇ–3&s“ƒƒ#Å&V6WF÷"ÖÆ–¶R¶–æ6R•###“6W&–æU÷F‡&Vöæ–æR&÷FV–â¶–æ6RÂÓã3cƒ3sCc3C“CƒBÅG'VRÂÂÂÃ"ãÃãƒ“Sƒ“ƒƒ#CCcsCRÃãƒ“Sƒ“ƒƒ#CCcsCRÃãƒC3sSSƒcVRÓrÅ6öÇ–3&s“ƒƒ#ããõ3#ƒµ6öÇ–3&s“ƒƒ#ããõ3CÄfÇ6RÅG'VP¥6öÇ–3&s“ƒƒ3Â#Uö÷2ÖçV6ÆV÷F–F6R•#ƒ3ƒ„B×7WW&fÖ–Ç’‡–G&öÆ6RÂ7V&fÖ–Ç’”rÂRÖçV6ÆV÷F–F6R"ÂÓã3Ccc#sCc“ƒƒÅG'VRÂÂÂÃãÃ"ãS##ƒ#3“SSƒs32Ã"ãS##ƒ#3“SSƒs32Ã‚ã“ƒ“Sc3SC#s“FRÓÅ6öÇ–3&s“ƒƒ3ããõ3CBÄfÇ6RÅG'VP¥6öÇ–3&s“ƒƒSÅ6öÇV&ÆRF–7–ÆvÇ–6W&öÂ7–ÇG&ç6fW&6R•##33bF†–÷&VF÷†–âÖÆ–¶RföÆBÂÓã3“c#“cSƒCc“BÅG'VRÂÂÂÂÂÂÂÂÄfÇ6RÄfÇ6P¥6öÇ–3&s“ƒƒ“Â#S2&–&÷6öÖÂ&÷FV–âÃ‚•#C3ƒ’&–&÷6öÖÂ&÷FV–âÃ‚Â&7FW&–Â"ÂÓãcƒcS“ƒ3cƒc“rÅG'VRÂÓãcƒ3ssSs3c3s’Ãã3ƒcSƒScS–RÓrÃ2ã#“33#cCcScƒfRÓrÂÂÂÂÂÅG'VRÄfÇ6P¥6öÇ–3&s“ƒ“CÅV&—V—F–â•#““SbV&—V—F–â7V&w&÷WÃãCSƒƒSc“#SSC3‚ÅG'VRÂÂÂÂÂÂÂÂÄfÇ6RÄfÇ6P¥6öÇ–3&s“ƒ“SÄæ÷fVÂÆçB4ä$R•#s#rF&vWB4ä$R6ö–ÆVBÖ6ö–Â&Vv–öâÂÓãcSSCSCcS#Sc3“ƒS2ÅG'VRÂÓãcSCs3““C“3C’Ã2ãƒ“ƒcCƒs3S3FRÓ’ÃãcccCsC#“S3SFRÓ‚ÂÂÂÂÂÅG'VRÄfÇ6P¥6öÇ–3&s“ƒ“ƒÅ&V6WF÷"ÖÆ–¶R¶–æ6R•#sCC"6W&–æU÷F‡&Vöæ–æR&÷FV–â¶–æ6R×&VÆFVBÃã“s3ƒ“scs#C#rÅG'VRÂÂÂÂÂÂÂÂÄfÇ6RÄfÇ6P¥6öÇ–3&s“ƒ““ÅVçFG&–6÷WF–FR&WVBÖ6öçF–æ–ær&÷FV–â•##ƒƒRVçFG&–6÷WF–FR&WVBÃãC#SC#Ss3“SS““BÅG'VRÂÂÂÂÂÂÂÂÄfÇ6RÄfÇ6P¥6öÇ–3&s““Å2ÖFVæ÷7–ÆÖWF†–öæ–æR7–çF†6R•##322ÖFVæ÷7–ÆÖWF†–öæ–æR7–çF†WF6RÂÓãS##sƒcs“ƒsSc“bÅG'VRÂÓãS##c3CƒSƒ#SS#ƒs2Ã"ãcs#“3ccSƒvRÓRÃ’ãsCc3Cƒƒs##“C†RÓBÂÂÂÂÂÅG'VRÄfÇ6P¥6öÇ–3&s““Ä&V–vUô$T4‚FöÖ–â6öçF–æ–ær&÷FV–â•#C’&V–vUô$T4‚ÂÓãs#SC“ƒC3#s33C‚ÅG'VRÂÓãs#sSS#c““33“s“BÃRãƒSC33SSsƒ“s–RÓbÃã#C#3“Sƒc“3c–RÓRÃ2ãÃã3S““cƒƒ“#CSsc"Ãã3S““cƒƒ“#CSsc"Ã"ãScssc“sƒƒCƒVRÓ’Å6öÇ–3&s““ããõ3Cc3µ6öÇ–3&s““ããõ3“3µ6öÇ–3&s““ããõ3“3ÅG'VRÅG'VP¥6öÇ–3&s““ƒÄE&–&÷7–ÆF–öâf7F÷"•#ccƒ‚E×&–&÷7–ÆF–öâf7F÷"ÂÓã#c3C#ƒ3Sc“s““’ÅG'VRÂÂÂÂÂÂÂÂÄfÇ6RÄfÇ6P¥6öÇ–3&s“““Å•D‚FöÖ–âfÖ–Ç’"…&VF–7FVB’•#s#sR•CS#Ô"ÖÆ–¶R&÷FV–âÃãƒ“SScs“S#C“ƒbÅG'VRÂÂÂÃãÃã3ƒSS###Sƒ3S##"Ãã3ƒSS###Sƒ3S##"Ã"ãScssc“sƒƒCƒVRÓ’Å6öÇ–3&s“““ããõ3SCµ6öÇ–3&s“““ããõ3SCµCScµ6öÇ–3&s“““ããõ3Ssµ6öÇ–3&s“““ããõ3#cSµ3#sµ6öÇ–3&s“““ããõ3#sµ6öÇ–3&s“““ããõCS#µ6öÇ–3&s“““ããõCSSÄfÇ6RÅG'VP¥6öÇ–3&s““ÄF–‡–G&öÆ—÷–ÂFV‡–G&övVæ6R•#c#S‚F–‡–G&öÆ—öÖ–FRFV‡–G&övVæ6RÂÓã3#cCC3cScƒ3S#ƒs‚ÅG'VRÂÂÂÂÂÂÂÂÄfÇ6RÄfÇ6P¥6öÇ–3&s““Â#32&–&÷6öÖÂ&÷FV–â3•#3#’&–&÷6öÖÂ&÷FV–â3Â$ä&–æF–ærFöÖ–â"ÂÓã#C#“#“C““rÅG'VRÂÂÂÂÂÂÂÂÄfÇ6RÄfÇ6P¥6öÇ–3&s““cÂ%6W&–æR6&&÷‡—WF–F6R³#"ã"•#Sc2WF–F6R3Â6W&–æR6&&÷‡—WF–F6R"ÂÓã3ccS3ƒc33#“cs2ÅG'VRÂÂÂÂÂÂÂÂÄfÇ6RÄfÇ6P¥6öÇ–3&s“““Ä–çfW'F6R–æ†–&—F÷"•#cSV7F–æW7FW&6R–æ†–&—F÷"ÂÓã##“CcCC“c“rÅG'VRÂÂÂÂÂÂÂÂÄfÇ6RÄfÇ6P¥6öÇ–3&s““#Ä–çfW'F6R–æ†–&—F÷"•#cSV7F–æW7FW&6R–æ†–&—F÷"Ãã“ƒ3ss3ƒCƒ#3#bÅG'VRÂÂÂÂÂÂÂÂÄfÇ6RÄfÇ6P¥6öÇ–3&s““#CÄ‡VçF–æwF–â–çFW&7F–ær&÷FV–â²ÂÓã3CSsƒc“#cc“SBÅG'VRÂÂÂÂÂÂÂÂÄfÇ6RÄfÇ6P¥6öÇ–3&s““#cÂ$E6—G&FRÇ–6R×7V'Væ—B•#cC6—G&FR7–çF†6RÖÆ–¶RÂ6÷&R"ÂÓã#SƒscCsC““S“RÅG'VRÂÓã#S#sƒƒ“ƒcs’ÃãCƒ“3s“C#c“FRÓ2Ã"ãs“ƒS“s3ƒ#–RÓ"ÂÂÂÂÂÅG'VRÄfÇ6P¥6öÇ–3&s““#“ÄÆFV‡–FRFV‡–G&övVæ6R•#SS“ÆFV‡–FRFV‡–G&övVæ6RÂÓãS“““S“cSsS“SC’ÅG'VRÂÂÂÃãÃãƒ3“cCSC“3#CSrÃãƒ3“cCSC“3#CSrÃ’ã#s#Sc3sC#c“†RÓ‚Å6öÇ–3&s““#“ããõ3#ƒRÄfÇ6RÅG'VP¥6öÇ–3&s““3Â%V&—V—F–âÖ6öæ§VvF–ærVç§–ÖR3•#c‚V&—V—F–âÖ6öæ§VvF–ærVç§–ÖRÂS""Ãã““ƒcƒcsCCSCCBÅG'VRÂÂÂÃãÃãS“CC““ƒScƒƒsS‚ÂÓãS“CC““ƒScƒƒsS‚ÃrãCsCƒƒƒ3“ss“†RÓRÅ6öÇ–3&s““3ããõ3#S‚ÄfÇ6RÅG'VP¥6öÇ–3&s““3#Å6W&–æU÷F‡&Vöæ–æR×&÷FV–â†÷7†F6RB&VwVÆF÷'’7V'Væ—B2•#cƒƒr&÷FV–âöbVæ¶æ÷vâgVæ7F–öâETcc#RÂÓã#cc3sƒc3““#c3#SBÅG'VRÂÂÂÃ2ãÃã“ƒss#“C##“3C3bÃã“ƒss#“C##“3C3bÃRãƒ“ƒsCƒ3cƒƒsƒS&RÓ’Å6öÇ–3&s““3#ããõ3cs3µ6öÇ–3&s““3#ããõ3s3BÄfÇ6RÅG'VP¥6öÇ–3&s““3CÄ6ÆÖöGVÆ–âÖ&–æF–ærG&ç67&—F–öâ7F—fF÷"R•#SSS’4rÓÃã##ssc#““CcS“C2ÅG'VRÂÂÂÂÂÂÂÂÄfÇ6RÄfÇ6P¥6öÇ–3&s““3cÄ7–ÂÔ6ô7–çF†WF6UôÕÖ6–BÆ–v6R”’•#ƒs2ÕÖFWVæFVçB7–çF†WF6RæBÆ–v6RÃãS“c3C“s3sÅG'VRÃãS#CcSc“c3S"Ããs3“cc#c3#ƒC†RÓ"Ã"ãcSsSss3#ƒsvRÓÂÂÂÂÂÅG'VRÄfÇ6P¥6öÇ–3&s““3“Å&÷FV–âDT…”E$D”ôâÔ”äET4TB’†öÖöÆörB•#ƒS“‚G&÷Vv‡B–æGV6VB’ÃãCƒƒ3“ƒƒƒc“ƒƒbÅG'VRÂÂÂÂÂÂÂÂÄfÇ6RÄfÇ6P¥6öÇ–3&s““CÅVæ¶æ÷vâ&÷FV–âÂÓãƒƒ#Ssc3ƒƒCsCc"ÅG'VRÂÂÂÂÂÂÂÂÄfÇ6RÄfÇ6P¥6öÇ–3&s““C3ÄW÷†–FR‡–G&öÆ6R•#c3’W÷†–FR‡–G&öÆ6RÖÆ–¶RÂÓãS3s#S3ƒƒcƒSCscRÅG'VRÂÂÂÃãÃãcSc#ƒCc“#3#“C’ÃãcSc#ƒCc“#3#“C’Ãã#sCƒCs“c“3sRÅ6öÇ–3&s““C3ããõ33RÄfÇ6RÅG'VP¥6öÇ–3&s““CCÂ$fGG’6–B÷†–FF–öâ6ö×ÆW‚7V'Væ—BÇ†•#csb2Ö‡–G&÷‡–7–ÂÔ6ôFV‡–G&övVæ6RÂäB&–æF–ær"Ãã“3csƒsS3cCcS“’ÅG'VRÃã“3c33ƒc#S““##rÃ’ã#3c#cs“s3cƒ36RÓ2Ãã#sƒcƒ““S#cRÓÂÂÂÂÂÅG'VRÄfÇ6P¥6öÇ–3&s““CsÂ%G&ç6ÆF–öâ–æ—F–F–öâf7F÷""vÖÖ7V'Væ—B•#S#Sb–æ—F–F–öâf7F÷"T”c"vÖÖÂ2×FW&Ö–æÂ"ÂÓãCSs#ssSCSƒ‚ÅG'VRÂÂÂÂÂÂÂÂÄfÇ6RÄfÇ6P¥6öÇ–3&s““CƒÄ&–gVæ7F–öæÂöÇ–×—†–â&W6—7Fæ6R&÷FV–â&äÖ&–æF–ærFöÖ–âÂÓã“cƒSCCssc“SƒƒSBÅG'VRÂÓã“cƒ#“#“C#ss#BÃ2ã#sƒCsƒCƒSvRÓ’Ãã33#cs3ƒCS#–RÓ‚ÂÂÂÂÂÅG'VRÄfÇ6P¥6öÇ–3&s““SÄ6†W&öæR&÷FV–âFæ¢C’•#3“R†VB6†ö6²&÷FV–âFæ¢ÂÓã33ƒCƒscc3CRÅG'VRÂÂÂÂÂÂÂÂÄfÇ6RÄfÇ6P¥6öÇ–3&s““S#ÅVæ—fW'6Â7G&W72&÷FV–â•#cbW7Ãã“3ƒ“s“#CSS#BÅG'VRÃã“3#““S“ScsCS3cBÃBãS#c3SS#C3SSFRÓRÃãƒS##scƒ“Sƒ“cRÓ2ÂÂÂÂÂÅG'VRÄfÇ6P¥6öÇ–3&s““ScÄ&v–æ–æRâÖÖWF‡–ÇG&ç6fW&6RfÖ–Ç’&÷FV–âÂÓãc“SsssC3#“cSSbÅG'VRÂÓãc“3ƒƒƒ3c3S“S3rÃãC3ƒ3“c#SsRÓ’Ãbã“ssƒƒcc“3ƒvRÓ’ÃãÃãcS“S3“#SCƒC3cS"ÃãcS“S3“#SCƒC3cS"ÃãSCs#“ƒƒs“CS’Å6öÇ–3&s““Scããõ3SSµ3S#ÅG'VRÅG'VP¥6öÇ–3&s““SsÄ†VB6†ö6²f7F÷"&–æF–ær&÷FV–â"•#“cC2†VB6†ö6²f7F÷"&–æF–ærÂÓãcSƒSC#sCƒsc#CBÅG'VRÂÂÂÂÂÂÂÂÄfÇ6RÄfÇ6P¥6öÇ–3&s““S“ÅVæ¶æ÷vâ&÷FV–âÂÓã##3S3sccƒ“sCsBÅG'VRÂÂÂÂÂÂÂÂÄfÇ6RÄfÇ6P¥6öÇ–3&s““cSÂ%†÷F÷7—7FVÒ”’R´F&÷FV–âÂ6†Æ÷&÷Æ7F–2"ÂÓãsS3ScCCCcScBÅG'VRÂÓãss##s“sSSc"Ã"ãc3#c3SC#3sFRÓ‚Ã’ãCƒc“CSfRÓ‚ÂÂÂÂÂÅG'VRÄfÇ6P¥6öÇ–3&s““ccÄvÇV6÷6–F6R"7V'Væ—B&WF•##“2vÇV6÷6–F6R”’&WF7V'Væ—BÖÆ–¶RÂÓã#“Ssƒ“3c““rÅG'VRÂÂÂÂÂÂÂÂÄfÇ6RÄfÇ6P¥6öÇ–3&s““sÄÆ—÷–Â7–çF†6R•#3c“‚Æ—öFR7–çF†6RÃã3scScSS#SCccC“ƒ2ÅG'VRÂÂÂÂÂÂÂÂÄfÇ6RÄfÇ6P¥6öÇ–3&s““scÄ†öÖVö&÷‚&÷FV–â•#3Sb†öÖVö&÷‚Ããƒ3“C3“ƒCCCSƒsBÅG'VRÂÂÂÂÂÂÂÂÄfÇ6RÄfÇ6P¥6öÇ–3&s““ssÄÖ—Fö6†öæG&–f—76–öâ&÷FV–â•#cSC2FWG&G&–6÷WF–FR&WVBf—76–öâ&÷FV–âÃã3sƒ3“sƒS#scRÅG'VRÂÂÂÃ2ãÃãsƒS3scs#ƒ3#“‚ÃãsƒS3scs#ƒ3#“‚Ãrãs#cc““Sc3ƒSƒVRÓRÅ6öÇ–3&s““ssããõ3CBÄfÇ6RÅG'VP¥6öÇ–3&s““ƒÅ&†öFæW6RÖÆ–¶RFöÖ–â6öçF–æ–ær&÷FV–â•#sc2&†öFæW6RÖÆ–¶RÃãs3S“sCcssƒS#"ÅG'VRÃãs3“ƒcsC#ƒsƒRÃrãƒ“ss“3SssfRÓ"Ãbã“#C#3Ccs#ƒ†RÓÂÂÂÂÂÅG'VRÄfÇ6P¥6öÇ–3&s““ƒ#Â%6–væÂ&V6övæ—F–öâ'F–6ÆR&÷FV–â•#ƒƒ3"6–væÂ&V6övæ—F–öâ'F–6ÆRÂ5%’7V'Væ—B"ÂÓã#33““3Sc3SSsƒS"ÅG'VRÂÂÂÂÂÂÂÂÄfÇ6RÄfÇ6P¥6öÇ–3&s““ƒ3Å&V6WF÷"ÖÆ–¶R&÷FV–â¶–æ6R"•###“6W&–æU÷F‡&Vöæ–æR&÷FV–â¶–æ6RÂÓãccs““#ƒC“3BÅG'VRÂÓãcS3“SsssbÃã3C#c#3#&RÓrÃ2ã3sssScƒsƒsSsVRÓrÃãÃã“#3c“CS#cC3’Ãã“#3c“CS#cC3’ÃbãsS“Csƒ3“s“–RÓbÅ6öÇ–3&s““ƒ3ããõ3CƒRÅG'VRÅG'VP¥6öÇ–3&s““ƒ“Å4DfÖ–Ç’&÷FV–â•#s“C’4DÂÓãssƒSc“c3c3CCcbÅG'VRÂÓãsƒ#c#ƒ33ƒs“3’Ãã#“ƒccc3ƒ#“#“†RÓRÃ"ãS“C““s3C“S3ƒRÓRÂÂÂÂÂÅG'VRÄfÇ6P¥6öÇ–3&s“““Ä6‡&öÖöFöÖ–â†VÆ–66RDä&–æF–ær&÷FV–â"…&VF–7FVB’•#334äc"×&VÆFVBÂÓãCCSCcƒƒc“3sSCbÅG'VRÂÂÂÂÂÂÂÂÄfÇ6RÄfÇ6P¥6öÇ–3&s“““3Â%6W&–æRÖvÇ–÷‡–ÆFRÖ–æ÷G&ç6fW&6R•#“"Ö–æ÷G&ç6fW&6RÂ6Æ72eô7—7FV–æRFW7VÆgW&6R"ÂÓ"ãCSCSsc“S“cCrÅG'VRÂÓ"ãCSS“ƒƒSs#c3“CRÃã#ƒSsCC“S“3Cƒ†RÓ2Ã"ã##CsSC3#ƒ#VRÓ"ÂÂÂÂÂÅG'VRÄfÇ6P¥6öÇ–3&s“““cÅVæ¶æ÷vâ&÷FV–âÂÓãSƒC““c#ƒ3CBÅG'VRÂÂÂÂÂÂÂÂÄfÇ6RÄfÇ6P¥6öÇ–3&s“““sÂ#RÖ×Ö7F—fFVB&÷FV–â¶–æ6R&WF7V'Væ—B•#cƒ#‚RÔÕÖ7F—fFVB&÷FV–â¶–æ6RÂ&WF7V'Væ—BÂ6ö×ÆW‚Ö–çFW&7F–ær&Vv–öâ"ÃãSsƒƒcS#ƒc2ÅG'VRÂÂÂÂÂÂÂÂÄfÇ6RÄfÇ6P¥6öÇ–3&sÅRÖ&÷‚FöÖ–âÖ6öçF–æ–ær&÷FV–âB•#“ƒ’&ÖF–ÆÆòÖÆ–¶R†VÆ–6ÂÂÓã“#“s##ƒC#cC2ÅG'VRÂÂÂÃãÃãƒCƒcs“cCS#2ÃãƒCƒcs“cCS#2ÃBã3C#sS#ƒ3ƒS#C†RÓbÅ6öÇ–3&sããõ33crÄfÇ6RÅG'VP¥6öÇ–3&scÂ%¦–æ2f–ævW"#æBãFöÖ–âÖ6öçF–æ–ær7G&W72Ö76ö6–FVB&÷FV–âb•#S‚¦–æ2f–ævW"Âã×G—R"ÂÓã3ƒƒ#s3sS#sc’ÅG'VRÂÂÂÂÂÂÂÂÄfÇ6RÄfÇ6P¥6öÇ–3&ssÄÖWF‡–ÇG&ç6fW&6R•#sƒC‚ÖWF‡–ÇG&ç6fW&6R6ÖÆÂÃã#Sc33Cscƒ“ƒ3ƒ’ÅG'VRÂÂÂÂÂÂÂÂÄfÇ6RÄfÇ6P¥6öÇ–3&s#Ä6WG–ÂÔ6ô6&&÷‡–Æ6RÖÆ–¶R&÷FV–â•##ƒs‚&÷FV–âöbVæ¶æ÷vâgVæ7F–öâETccƒÂÓã3S““S3Ss“S#cscBÅG'VRÂÂÂÂÂÂÂÂÄfÇ6RÄfÇ6P¥6öÇ–3&scÂ#S2&–&÷6öÖÂ&÷FV–âÃb•#““b&–&÷6öÖÂ&÷FV–âÃbÂ7V&w&÷W"ÂÓãsCsCƒ“#s###““sBÅG'VRÂÓãsCcc“3“c3Sƒc#ƒ‚ÃBãs3sSƒsƒ3ƒCC&RÓrÃãc33c33S“SƒvRÓbÂÂÂÂÂÅG'VRÄfÇ6P¥6öÇ–3&s#Å&÷FV–â–F•R•#3ƒCbVæ6†&7FW&—6VB&÷FV–âfÖ–Ç’UccÂÓã3“##c3Cƒ33“c3#rÅG'VRÂÂÂÂÂÂÂÂÄfÇ6RÄfÇ6P¥6öÇ–3&s3Ä66V–â¶–æ6RÖÆ–¶R&÷FV–â•###“6W&–æU÷F‡&Vöæ–æR&÷FV–â¶–æ6RÂÓãC“CSc#3“cs“C2ÅG'VRÂÂÂÃãÃãss33ƒCccsS"Ããss33ƒCccsS"Ã"ãCSCC33cscCƒ#RÓRÅ6öÇ–3&s3ããõ3Sµ3’ÄfÇ6RÅG'VP¥6öÇ–3&s33Ä7—F÷6–æR×7V6–f–2ÖWF‡–ÇG&ç6fW&6R•#S#R2ÓR7—F÷6–æR×7V6–f–2DäÖWF‡–Æ6RÂÓãcƒ““33#s##SBÅG'VRÂÓãc#S3““ƒƒ“c’Ããcc#Sƒ#sS3S†RÓrÃBãs“cƒC“c#ƒ–RÓrÃBãÃãC“ƒcCcƒC“SƒS2ÃãC“ƒcCcƒC“SƒS2Ã"ãƒc#ss3CcVRÓ‚Å6öÇ–3&s33ããõ3“3#µ6öÇ–3&s33ããõ3“ƒµ3ÅG'VRÅG'VP 