gene_id,effect_source_a,effect_source_b,same_direction,minimum_absolute_effect,effect_GSE267238,effect_GSE128739,all_four_measured,matching_direction_count,all_four_same_direction,minimum_absolute_effect_percentile,mean_absolute_effect_percentile,evidence_scope,candidate_rank,gene_name,gene_biotype,gene_description,tf_family,ensembl_gene_stable_id,ensembl_gene_name,refseq_mrna_id,annotation_source,annotation_release,mapping_status,published_regulator,published_edge_type,published_edge_direction,published_edge_context,studyshield_score,direction_consistency,trimmed_mean_effect_rank,weakest_absolute_effect_rank,heterogeneity,cohort_coverage,cohort_count,studyshield_rank,bootstrap_score_median,bootstrap_score_lower_95,bootstrap_score_upper_95,bootstrap_rank_median,top_k_selection_probability,permutation_count,studyshield_empirical_p,studyshield_bh_fdr,significant_matched_null_go_terms,atlas_claim,regulatory_claim_boundary,protein_measured,protein_log2_BR8_vs_MG,protein_de_log2_ratio,protein_de_p,protein_de_fdr,protein_differential_BR8_vs_MG,phosphosite_de_count,phosphosite_max_abs_log2_ratio,phosphosite_representative_log2_ratio,phosphosite_min_fdr,phosphosite_ids,phosphosite_differential_BR8_vs_MG,protein_support_status,phosphosite_support_status,chromatin_support_status,multiomics_high_confidence,regulatory_candidate_grade,rin1_vs_wt_log2_fold_change,rin1_vs_wt_bh_fdr,rin1_vs_wt_differential,perturbation_support_status,tissue_context_count,tissue_context_direction_consistency,tissue_contexts_concordant,tissue_contexts_measured
Solyc02g065260,0.6795538039434523,0.7152855282738095,True,0.6795538039434523,7.924250517492633,8.84211821453818,True,4,True,0.9310344827586208,0.9670950465875608,cross_cohort_expression_replication_only,1.0,Solyc02g065260.4,protein_coding,Methylesterase 1 (AHRD V3.3 *** A0A2G3D300_CAPCH) && sp|Q6RYA0|SABP2_TOBAC Salicylic acid-binding protein 2 OS=Nicotiana tabacum OX=4097 GN=SABP2 PE=1 SV=1 && PF00561:alpha/beta hydrolase fold,Abhydrolase_1,gene-Solyc02g065260.4,,,Ensembl Plants BioMart,63,one_to_one,,,,,0.6968524900767223,1.0,0.9925931513725168,0.1225730699878392,0.3050983932597123,1.0,7,3528,0.6968707173329318,0.5629310589362728,0.9994769028722776,208.0,0.374,1000,0.0129870129870129,0.0269016697588126,,four_cohort_expression_consensus,no_regulatory_claim,False,,,,,,,,,,,,not_measured,none,none,False,expression_only_or_binding_only,,,,no_admitted_binding_record,11.0,1.0,Collenchyma;Columella;Inner epidermis;Locular tissue;Outer epidermis;Parenchyma;Placenta;Seeds;Septum;Total pericarp;Vascular tissue,Collenchyma;Columella;Inner epidermis;Locular tissue;Outer epidermis;Parenchyma;Placenta;Seeds;Septum;Total pericarp;Vascular tissue
Solyc11g010960,-0.7101585751488095,-0.8292120070684524,True,0.7101585751488095,-3.644282612750649,-5.823975914385177,True,4,True,0.8914549653579676,0.9394585689256988,cross_cohort_expression_replication_only,2.0,Solyc11g010960.2,protein_coding,Alcohol dehydrogenase (AHRD V3.3 *** A0A1Y1I027_KLENI) && sp|Q6V4H0|10HGO_CATRO 8-hydroxygeraniol dehydrogenase OS=Catharanthus roseus OX=4058 GN=10HGO PE=1 SV=1 && PF00107:Zinc-binding dehydrogenase|PF08240:Alcohol dehydrogenase GroES-like domain,ADH_N,gene-Solyc11g010960.2,,,Ensembl Plants BioMart,63,one_to_one,,,,,-0.9671442125783288,1.0,-0.9984168348873076,0.952017608217168,0.0174216316502091,0.8571428571428571,6,38,-0.9701476408326412,-0.998681770099366,-0.9341213697677104,31.5,1.0,1000,0.0029970029970029,0.0108641358641358,,four_cohort_expression_consensus,no_regulatory_claim,True,-3.357470476382516,-3.3578823507518263,3.74573140435098e-18,1.4087304593995402e-15,True,3.0,2.0586512954573015,2.0586512954573015,2.07159697311163e-10,Solyc11g010960.1.1_S4;Solyc11g010960.1.1_T26,True,differential_direction_concordant,differential_site,none,False,expression_only_or_binding_only,,,,no_admitted_binding_record,9.0,1.0,Collenchyma;Inner epidermis;Outer epidermis;Parenchyma;Placenta;Seeds;Septum;Total pericarp;Vascular tissue,Collenchyma;Inner epidermis;Outer epidermis;Parenchyma;Placenta;Seeds;Septum;Total pericarp;Vascular tissue
Solyc01g095080,0.6965680803571429,0.6522739955357142,True,0.6522739955357142,5.506721048269272,7.7747675747508,True,4,True,0.8879310344827587,0.9506998088715456,cross_cohort_expression_replication_only,3.0,Solyc01g095080.3,protein_coding,1-aminocyclopropane-1-carboxylic acid synthase-2 && sp|P18485|1A12_SOLLC 1-aminocyclopropane-1-carboxylate synthase 2 OS=Solanum lycopersicum OX=4081 GN=ACS2 PE=1 SV=2 && PF00155:Aminotransferase class I and II,Aminotran_1_2,gene-Solyc01g095080.3,ACS2,NM_001247249,Ensembl Plants BioMart,63,one_to_one,RIN,in_vivo_promoter_binding,binding_only,ripening_tomato_fruit,0.7802877521116603,1.0,0.903766149446202,0.5184090241959156,0.2161011403922458,1.0,7,1812,0.7802937778894236,0.7197032572476256,0.999003612154846,162.0,0.766,1000,0.0069930069930069,0.0185414585414585,,four_cohort_expression_consensus,source_bound_context_limited,False,,,,,,,,,,,,not_measured,none,binding_only,True,binding_plus_independent_perturbation_expression,-4.705069544498115,0.0,True,binding_plus_independent_perturbation_expression,11.0,1.0,Collenchyma;Columella;Inner epidermis;Locular tissue;Outer epidermis;Parenchyma;Placenta;Seeds;Septum;Total pericarp;Vascular tissue,Collenchyma;Columella;Inner epidermis;Locular tissue;Outer epidermis;Parenchyma;Placenta;Seeds;Septum;Total pericarp;Vascular tissue
Solyc12g088220,0.7594459170386907,0.6761823381696428,True,0.6761823381696428,3.468836311257699,8.582970004530107,True,4,True,0.8729792147806005,0.9380723899020468,cross_cohort_expression_replication_only,4.0,Solyc12g088220.2,protein_coding,"SlBCAT1 && sp|Q9M439|BCAT2_ARATH Branched-chain-amino-acid aminotransferase 2, chloroplastic OS=Arabidopsis thaliana OX=3702 GN=BCAT2 PE=1 SV=1 && PF01063:Amino-transferase class IV",-,gene-Solyc12g088220.2,,,Ensembl Plants BioMart,63,one_to_one,,,,,0.9058875644811688,1.0,0.9930595020757184,0.7464041598523923,0.0872279889556548,1.0,7,299,0.9059376034750966,0.8610574244113756,0.9985130989701116,82.0,1.0,1000,0.0009990009990009,0.0073577216434359,,four_cohort_expression_consensus,no_regulatory_claim,True,2.0293790053079395,2.0291302830870275,4.663257198952851e-15,1.88395590837695e-13,True,1.0,2.0712392920293388,-2.0712392920293388,1.27996299095885e-10,Solyc12g088220.1.1_S219,True,differential_direction_concordant,differential_site,none,False,expression_only_or_binding_only,,,,no_admitted_binding_record,11.0,1.0,Collenchyma;Columella;Inner epidermis;Locular tissue;Outer epidermis;Parenchyma;Placenta;Seeds;Septum;Total pericarp;Vascular tissue,Collenchyma;Columella;Inner epidermis;Locular tissue;Outer epidermis;Parenchyma;Placenta;Seeds;Septum;Total pericarp;Vascular tissue
Solyc10g084600,0.6166178385416667,0.719366164434524,True,0.6166178385416667,3.47519746249349,5.965043851604818,True,4,True,0.8663793103448276,0.905821951899339,cross_cohort_expression_replication_only,5.0,Solyc10g084600.2,protein_coding,Plant protein 1589 of Uncharacterized protein function (AHRD V3.3 *-* A0A061EZD3_THECC) && - && PF09713:Plant protein 1589 of unknown function (A_thal_3526),-,gene-Solyc10g084600.2,,,Ensembl Plants BioMart,63,one_to_one,RIN,in_vivo_promoter_binding,binding_only,ripening_tomato_fruit;ITAG2;three_biological_replicates,0.6193190951826774,0.8571428571428571,0.991252295413216,0.7163374847989266,0.5980331297089939,1.0,7,5750,0.6193503487890868,0.3255951294595914,0.9931397074397325,250.0,0.32,1000,0.0129870129870129,0.0269016697588126,,four_cohort_expression_consensus,source_bound_context_limited,True,1.1960871131530977,1.1967558213466132,3.0270995758441195e-11,2.36007552895636e-10,True,,,,,,False,differential_direction_concordant,none,binding_only,True,binding_plus_independent_perturbation_expression,-3.657488137878465,2.1163279994005807e-92,True,binding_plus_independent_perturbation_expression,9.0,1.0,Collenchyma;Columella;Inner epidermis;Locular tissue;Parenchyma;Placenta;Seeds;Septum;Total pericarp,Collenchyma;Columella;Inner epidermis;Locular tissue;Parenchyma;Placenta;Seeds;Septum;Total pericarp
Solyc08g005770,0.8120465959821429,0.6924525669642858,True,0.6924525669642858,3.3671073328306154,6.9468963341499785,True,4,True,0.8614318706697459,0.9389571055984708,cross_cohort_expression_replication_only,6.0,Solyc08g005770.3,protein_coding,alcohol acyl transferase && sp|Q3ZPN4|ACMAT_VITLA Methanol O-anthraniloyltransferase OS=Vitis labrusca OX=103355 GN=AMAT PE=1 SV=1 && PF02458:Transferase family,-,gene-Solyc08g005770.3,AAT,NM_001247567,Ensembl Plants BioMart,63,one_to_one,RIN;SlJMJ6,chromatin_binding_h3k27me3_loss_and_upregulation;in_vivo_promoter_binding,binding_only;reported_activation_in_overexpression_context,SlJMJ6_overexpression_tomato_fruit;ripening_tomato_fruit;ITAG2;three_biological_replicates,0.5902991317626303,0.8333333333333334,0.9985081007678474,0.4512105649303008,0.5403848629494746,0.8571428571428571,6,7250,0.5903555765483703,0.2919796956646622,0.9983698523248228,323.0,0.344,1000,0.0389610389610389,0.0503563289078609,,four_cohort_expression_consensus,source_bound_context_limited,True,2.930122717526551,2.9303470393013704,1.0457088497407501e-17,2.65677540304307e-15,True,2.0,1.095866880228315,-1.095866880228315,3.02260631850803e-08,Solyc08g005770.2.1_S203;Solyc08g005770.2.1_S204,True,differential_direction_concordant,differential_site,source_bound_chromatin_plus_expression_context,True,binding_plus_independent_perturbation_expression,-4.802881188538453,9.920288075222488e-15,True,binding_plus_independent_perturbation_expression,11.0,1.0,Collenchyma;Columella;Inner epidermis;Locular tissue;Outer epidermis;Parenchyma;Placenta;Seeds;Septum;Total pericarp;Vascular tissue,Collenchyma;Columella;Inner epidermis;Locular tissue;Outer epidermis;Parenchyma;Placenta;Seeds;Septum;Total pericarp;Vascular tissue
Solyc11g006250,-0.6651088169642858,-0.7680431547619048,True,0.6651088169642858,-3.3366136802125035,-6.004401423928874,True,4,True,0.8521939953810623,0.9210226367763,cross_cohort_expression_replication_only,7.0,Solyc11g006250.2,protein_coding,GDSL-motif lipase/hydrolase family protein 2 && sp|Q8LB81|GDL79_ARATH GDSL esterase/lipase At5g33370 OS=Arabidopsis thaliana OX=3702 GN=At5g33370 PE=2 SV=1 && PF00657:GDSL-like Lipase/Acylhydrolase,Lipase_GDSL,gene-Solyc11g006250.2,CD1,NM_001320369,Ensembl Plants BioMart,63,one_to_one,,,,,-0.7955191375416844,1.0,-0.9981893371124754,0.4785179750550257,0.1937972473841826,0.8571428571428571,6,1569,-0.7956105377149478,-0.9982071065427104,-0.6984779580679127,147.0,0.756,1000,0.0269730269730269,0.0371379362477285,,four_cohort_expression_consensus,no_regulatory_claim,True,-0.2799516227531534,,,,False,,,,,,False,measured_direction_concordant,none,none,False,expression_only_or_binding_only,,,,no_admitted_binding_record,7.0,1.0,Collenchyma;Inner epidermis;Outer epidermis;Parenchyma;Septum;Total pericarp;Vascular tissue,Collenchyma;Inner epidermis;Outer epidermis;Parenchyma;Septum;Total pericarp;Vascular tissue
Solyc03g120570,0.5961914062500001,0.6704101562500002,True,0.5961914062500001,6.1021483695105445,7.714324803635738,True,4,True,0.8405172413793104,0.9303413932467944,cross_cohort_expression_replication_only,8.0,Solyc03g120570.3,protein_coding,Protein NRT1/ PTR FAMILY 1.1 (AHRD V3.3 *** A0A2G2WPC3_CAPBA) && sp|Q9M817|PTR6_ARATH Protein NRT1/ PTR FAMILY 1.2 OS=Arabidopsis thaliana OX=3702 GN=NPF1.2 PE=1 SV=1 && PF00854:POT family,-,gene-Solyc03g120570.3,,,Ensembl Plants BioMart,63,one_to_one,,,,,0.6627492802876589,1.0,0.9643833027168064,0.0312617939363441,0.3338952242850217,1.0,7,4428,0.6628022913122588,0.5228170545760471,0.9989050363241256,230.0,0.252,1000,0.0099900099900099,0.0235297697226631,,four_cohort_expression_consensus,no_regulatory_claim,False,,,,,,,,,,,,not_measured,none,none,False,expression_only_or_binding_only,,,,no_admitted_binding_record,11.0,1.0,Collenchyma;Columella;Inner epidermis;Locular tissue;Outer epidermis;Parenchyma;Placenta;Seeds;Septum;Total pericarp;Vascular tissue,Collenchyma;Columella;Inner epidermis;Locular tissue;Outer epidermis;Parenchyma;Placenta;Seeds;Septum;Total pericarp;Vascular tissue
Solyc05g014000,-0.5887858072916667,-0.6497977120535715,True,0.5887858072916667,-3.81795885391331,-6.836881555260241,True,4,True,0.8297413793103449,0.8993962530859282,cross_cohort_expression_replication_only,9.0,Solyc05g014000.5,protein_coding,Pectate lyase (AHRD V3.11 *** tr_A0A2G3B8Z4_A0A2G3B8Z4_CAPCH) && sp|Q9FXD8|PLY5_ARATH Probable pectate lyase 5 OS=Arabidopsis thaliana OX=3702 GN=At1g67750 PE=2 SV=2 && PF00544:Pectate lyase,-,gene-Solyc05g014000.4,,,Ensembl Plants BioMart,63,one_to_one,,,,,-0.6328289981959333,1.0,-0.8740262618578359,0.0553109405795278,0.3632393765907045,1.0,7,5309,-0.6328658309550708,-0.9985062004993664,-0.5150618257453228,260.0,0.086,1000,0.0129870129870129,0.0269016697588126,,four_cohort_expression_consensus,no_regulatory_claim,True,-2.4713495990627736,-2.463349937595824,1.49991924122082e-13,2.8093436703091996e-12,True,,,,,,False,differential_direction_concordant,none,none,False,expression_only_or_binding_only,,,,no_admitted_binding_record,11.0,1.0,Collenchyma;Columella;Inner epidermis;Locular tissue;Outer epidermis;Parenchyma;Placenta;Seeds;Septum;Total pericarp;Vascular tissue,Collenchyma;Columella;Inner epidermis;Locular tissue;Outer epidermis;Parenchyma;Placenta;Seeds;Septum;Total pericarp;Vascular tissue
Solyc01g080410,0.6901739211309523,0.5958775111607144,True,0.5958775111607144,4.367315306291384,5.96612489953244,True,4,True,0.8211206896551724,0.9085569801704227,cross_cohort_expression_replication_only,10.0,Solyc01g080410.3,protein_coding,Peptide-methionine (R)-S-oxide reductase (AHRD V3.3 *** A0A1U8FLP0_CAPAN) && sp|Q9ZS91|MSRB5_ARATH Peptide methionine sulfoxide reductase B5 OS=Arabidopsis thaliana OX=3702 GN=MSRB5 PE=1 SV=1 && -,-,gene-Solyc01g080410.3,,,Ensembl Plants BioMart,63,one_to_one,,,,,0.6117029181216355,0.8571428571428571,0.939210911118092,0.6274583805090788,0.5608887965098883,1.0,7,6092,0.6117307603833503,0.3314636350814333,0.9981418821182092,288.5,0.086,1000,0.0219780219780219,0.0337675569463649,,four_cohort_expression_consensus,no_regulatory_claim,True,2.0829085830173852,2.085373029305293,1.9393719355074e-15,9.47095481471968e-14,True,1.0,1.3620613510275164,-1.3620613510275164,1.47415788782572e-08,Solyc01g080410.2.1_S132,True,differential_direction_concordant,differential_site,none,False,expression_only_or_binding_only,,,,no_admitted_binding_record,11.0,1.0,Collenchyma;Columella;Inner epidermis;Locular tissue;Outer epidermis;Parenchyma;Placenta;Seeds;Septum;Total pericarp;Vascular tissue,Collenchyma;Columella;Inner epidermis;Locular tissue;Outer epidermis;Parenchyma;Placenta;Seeds;Septum;Total pericarp;Vascular tissue
Solyc08g007240,-0.6346726190476192,-0.5856701078869047,True,0.5856701078869047,-4.337475058477518,-5.585352854642931,True,4,True,0.8038793103448276,0.8836953492076134,cross_cohort_expression_replication_only,11.0,Solyc08g007240.4,protein_coding,Nudix hydrolase 8 (AHRD V3.3 *** A0A1U8EVF7_CAPAN) && sp|Q8L7W2|NUDT8_ARATH Nudix hydrolase 8 OS=Arabidopsis thaliana OX=3702 GN=NUDT8 PE=2 SV=2 && PF18290:Nudix hydrolase domain|PF00293:NUDIX domain,NUDIX,gene-Solyc08g007240.4,,,Ensembl Plants BioMart,63,one_to_one,,,,,-0.8932684856119347,1.0,-0.9947580674784398,0.7095441774646706,0.1001083810975,1.0,7,397,-0.8933083912165989,-0.9977952836354514,-0.8419401681716574,89.0,1.0,1000,0.0019980019980019,0.0091789398720091,,four_cohort_expression_consensus,no_regulatory_claim,False,,,,,,,,,,,,not_measured,none,none,False,expression_only_or_binding_only,,,,no_admitted_binding_record,11.0,1.0,Collenchyma;Columella;Inner epidermis;Locular tissue;Outer epidermis;Parenchyma;Placenta;Seeds;Septum;Total pericarp;Vascular tissue,Collenchyma;Columella;Inner epidermis;Locular tissue;Outer epidermis;Parenchyma;Placenta;Seeds;Septum;Total pericarp;Vascular tissue
Solyc03g121180,-0.7310500372023809,-0.8839343843005952,True,0.7310500372023809,-4.999171560723785,-4.551554026301019,True,4,True,0.7758620689655172,0.9284549952217888,cross_cohort_expression_replication_only,12.0,Solyc03g121180.4,protein_coding,GDSL esterase/lipase (AHRD V3.3 *** A0A2G3D0P9_CAPCH) && sp|Q9LU14|APG2_ARATH GDSL esterase/lipase APG OS=Arabidopsis thaliana OX=3702 GN=APG PE=2 SV=1 && PF00657:GDSL-like Lipase/Acylhydrolase,Lipase_GDSL,gene-Solyc03g121180.4,,,Ensembl Plants BioMart,63,one_to_one,,,,,-0.9943647630951428,1.0,-0.9956937627730916,0.9887213783722512,0.0041901477718231,1.0,7,1,-0.9945704782740524,-0.9972653408324824,-0.9932349697086368,1.0,1.0,1000,0.0009990009990009,0.0073577216434359,,four_cohort_expression_consensus,no_regulatory_claim,True,-2.3685960326987905,-2.366902690136677,6.53026168008149e-15,2.46982833244954e-13,True,,,,,,False,differential_direction_concordant,none,none,False,expression_only_or_binding_only,,,,no_admitted_binding_record,8.0,1.0,Columella;Inner epidermis;Locular tissue;Outer epidermis;Placenta;Seeds;Septum;Total pericarp,Columella;Inner epidermis;Locular tissue;Outer epidermis;Placenta;Seeds;Septum;Total pericarp
Solyc09g014350,-0.6325218563988095,-0.6600864955357142,True,0.6325218563988095,-2.9241481651490813,-5.357454505753417,True,4,True,0.7736720554272517,0.859366289718882,cross_cohort_expression_replication_only,13.0,Solyc09g014350.3,protein_coding,Glycerol-3-phosphate acyltransferase && sp|O80437|GPAT6_ARATH Glycerol-3-phosphate 2-O-acyltransferase 6 OS=Arabidopsis thaliana OX=3702 GN=GPAT6 PE=1 SV=1 && PF12710:haloacid dehalogenase-like hydrolase|PF01553:Acyltransferase,Acyltransferase,gene-Solyc09g014350.3,GPAT6,NM_001328431,Ensembl Plants BioMart,63,one_to_one,,,,,-0.8199757765249894,1.0,-0.9806785896200472,0.5072633895818048,0.1689944727602766,1.0,7,1221,-0.820083018146698,-0.9969621129555584,-0.7389718737297917,129.0,0.766,1000,0.0029970029970029,0.0108641358641358,,four_cohort_expression_consensus,no_regulatory_claim,True,-2.0035343035533213,-1.999422325497126,2.1829848110625902e-14,6.18951651443384e-13,True,,,,,,False,differential_direction_concordant,none,none,False,expression_only_or_binding_only,,,,no_admitted_binding_record,5.0,1.0,Inner epidermis;Outer epidermis;Seeds;Septum;Total pericarp,Inner epidermis;Outer epidermis;Seeds;Septum;Total pericarp
Solyc08g005630,0.6587611607142858,0.5572567894345238,True,0.5572567894345238,4.4889218423214325,6.695936312962971,True,4,True,0.7693965517241379,0.9011295990284304,cross_cohort_expression_replication_only,14.0,Solyc08g005630.3,protein_coding,Long-chain-alcohol oxidase (AHRD V3.3 *** R9R6I9_SOLLC) && sp|O65709|FAO4A_ARATH Long-chain-alcohol oxidase FAO4A OS=Arabidopsis thaliana OX=3702 GN=FAO4A PE=3 SV=2 && PF00732:GMC oxidoreductase|PF05199:GMC oxidoreductase,-,gene-Solyc08g005630.3,,NM_001330992,Ensembl Plants BioMart,63,one_to_one,,,,,0.9510415879090902,1.0,0.981711984196582,0.8886280264123257,0.0436057559097487,1.0,7,91,0.9510574867630068,0.9344188800663606,0.997531383589238,47.0,0.998,1000,0.0009990009990009,0.0073577216434359,,four_cohort_expression_consensus,no_regulatory_claim,True,2.4750009566204816,2.4742013979769863,4.32160833428319e-17,5.732903712702841e-15,True,3.0,1.5028142497308823,-1.5028142497308823,3.44070653216879e-10,Solyc08g005630.2.1_S627;Solyc08g005630.2.1_S678,True,differential_direction_concordant,differential_site,none,False,expression_only_or_binding_only,,,,no_admitted_binding_record,11.0,1.0,Collenchyma;Columella;Inner epidermis;Locular tissue;Outer epidermis;Parenchyma;Placenta;Seeds;Septum;Total pericarp;Vascular tissue,Collenchyma;Columella;Inner epidermis;Locular tissue;Outer epidermis;Parenchyma;Placenta;Seeds;Septum;Total pericarp;Vascular tissue
Solyc08g081220,-0.7006370907738095,-0.5556873139880951,True,0.5556873139880951,-3.4587353673244294,-5.089015235611079,True,4,True,0.7672413793103449,0.8615251951102971,cross_cohort_expression_replication_only,15.0,Solyc08g081220.1,protein_coding,Cytochrome P450 (AHRD V3.3 *** A0A200Q5S5_9MAGN) && sp|B3RFJ6|86A22_PETHY Cytochrome P450 86A22 OS=Petunia hybrida OX=4102 GN=CYP86A22 PE=1 SV=1 && PF00067:Cytochrome P450,p450,gene-Solyc08g081220.1,,,Ensembl Plants BioMart,63,one_to_one,,,,,-0.7289980321802889,1.0,-0.9138644472417556,0.3136243552648132,0.2578281974293724,1.0,7,2763,-0.7290578892314943,-0.9971589655287106,-0.635142328601115,194.0,0.63,1000,0.0139860139860139,0.0278519763498304,,four_cohort_expression_consensus,no_regulatory_claim,True,-2.354746838981814,-2.3546931739710915,7.32612229539884e-15,2.72445920341024e-13,True,,,,,,False,differential_direction_concordant,none,none,False,expression_only_or_binding_only,,,,no_admitted_binding_record,7.0,1.0,Inner epidermis;Locular tissue;Outer epidermis;Placenta;Seeds;Septum;Total pericarp,Inner epidermis;Locular tissue;Outer epidermis;Placenta;Seeds;Septum;Total pericarp
Solyc08g066240,0.5690976097470238,0.6887381417410714,True,0.5690976097470238,6.204198571301354,9.397889584913257,True,4,True,0.7650862068965517,0.9196041052799236,cross_cohort_expression_replication_only,16.0,Solyc08g066240.3,protein_coding,histidine decarboxylase && sp|P54772|DCHS_SOLLC Histidine decarboxylase OS=Solanum lycopersicum OX=4081 GN=HDC PE=2 SV=1 && PF00282:Pyridoxal-dependent decarboxylase conserved domain,-,gene-Solyc08g066240.3,,,Ensembl Plants BioMart,63,one_to_one,,,,,0.4557111038299257,0.7142857142857143,0.772293699458648,0.1329307669727848,0.5847229595139,1.0,7,13309,0.464063505275415,0.2741364501351492,0.9985248281733026,380.5,0.086,1000,0.1018981018981019,0.1167425167425167,,four_cohort_expression_consensus,no_regulatory_claim,True,3.9478164933546,3.9485134304714062,3.63657572554461e-20,1.61609425243202e-16,True,8.0,3.618776773581121,-3.618776773581121,8.77159935282956e-12,Solyc08g066240.2.1_S23;Solyc08g066240.2.1_S31;Solyc08g066240.2.1_S42;Solyc08g066240.2.1_S432;Solyc08g066240.2.1_T14;S23,True,differential_direction_concordant,differential_site,none,False,expression_only_or_binding_only,,,,no_admitted_binding_record,11.0,1.0,Collenchyma;Columella;Inner epidermis;Locular tissue;Outer epidermis;Parenchyma;Placenta;Seeds;Septum;Total pericarp;Vascular tissue,Collenchyma;Columella;Inner epidermis;Locular tissue;Outer epidermis;Parenchyma;Placenta;Seeds;Septum;Total pericarp;Vascular tissue
Solyc04g080250,0.5977957589285716,0.5458635602678571,True,0.5458635602678571,3.693957890889605,5.011926076978184,True,4,True,0.7521551724137931,0.8372036015768097,cross_cohort_expression_replication_only,17.0,Solyc04g080250.3,protein_coding,Deoxyuridine 5'-triphosphate nucleotidohydrolase (AHRD V3.3 *** A0A2G3AX44_CAPCH) && sp|Q9STG6|DUT_ARATH Deoxyuridine 5'-triphosphate nucleotidohydrolase OS=Arabidopsis thaliana OX=3702 GN=DUT PE=1 SV=1 && PF00692:dUTPase,-,gene-Solyc04g080250.3,,,Ensembl Plants BioMart,63,one_to_one,RIN,in_vivo_promoter_binding,binding_only,ripening_tomato_fruit;ITAG2;three_biological_replicates,0.7542337404124241,1.0,0.9921292831625296,0.3018618694175368,0.2419022581503039,1.0,7,2268,0.754315563991742,0.6425093152051615,0.9958026458231012,169.0,0.902,1000,0.0119880119880119,0.0259926988898951,,four_cohort_expression_consensus,source_bound_context_limited,False,,,,,,,,,,,,not_measured,none,binding_only,True,binding_plus_independent_perturbation_expression,-1.7384273608186354,0.000661952663210689,True,binding_plus_independent_perturbation_expression,11.0,0.9090909090909092,Collenchyma;Columella;Inner epidermis;Locular tissue;Outer epidermis;Parenchyma;Placenta;Seeds;Septum;Total pericarp,Collenchyma;Columella;Inner epidermis;Locular tissue;Outer epidermis;Parenchyma;Placenta;Seeds;Septum;Total pericarp;Vascular tissue
Solyc10g018140,0.5970865885416666,0.5479329427083335,True,0.5479329427083335,3.731319020386039,4.395741468972952,True,4,True,0.7521551724137931,0.8141126463327227,cross_cohort_expression_replication_only,18.0,Solyc10g018140.2,protein_coding,Dihydroflavonol-4-reductase (AHRD V3.3 *** A0A2K3N028_TRIPR) && sp|Q40316|VESTR_MEDSA Vestitone reductase OS=Medicago sativa OX=3879 PE=1 SV=1 && PF01073:3-beta hydroxysteroid dehydrogenase/isomerase family,-,gene-Solyc10g018140.2,,,Ensembl Plants BioMart,63,one_to_one,,,,,0.8708372981296834,1.0,0.9588441881141886,0.6716067498165811,0.1109299712010465,1.0,7,604,0.8731528542013316,0.8201037065005,0.9736524580115832,107.0,0.698,1000,0.0039960039960039,0.0126996291379853,,four_cohort_expression_consensus,no_regulatory_claim,False,,,,,,,,,,,,not_measured,none,none,False,expression_only_or_binding_only,,,,no_admitted_binding_record,6.0,1.0,Columella;Parenchyma;Placenta;Septum;Total pericarp;Vascular tissue,Columella;Parenchyma;Placenta;Septum;Total pericarp;Vascular tissue
Solyc10g007600,-0.8172781808035714,-0.8639206659226192,True,0.8172781808035714,-2.7836811953855864,-6.5314850436108784,True,4,True,0.74364896073903,0.9229812057019988,cross_cohort_expression_replication_only,19.0,Solyc10g007600.3,protein_coding,glycolate oxidase && sp|Q9LRR9|GLO1_ARATH (S)-2-hydroxy-acid oxidase GLO1 OS=Arabidopsis thaliana OX=3702 GN=GLO1 PE=1 SV=1 && PF01070:FMN-dependent dehydrogenase,FMN_dh,gene-Solyc10g007600.3,GLO2,NM_001347977,Ensembl Plants BioMart,63,one_to_one,,,,,-0.9792152300437283,1.0,-0.9945510916961556,0.9480228120937644,0.0177225236783537,1.0,7,14,-0.9794922036556312,-0.9967707130153024,-0.970413472301374,14.0,1.0,1000,0.0019980019980019,0.0091789398720091,,four_cohort_expression_consensus,no_regulatory_claim,True,-2.9467960226179515,-2.9494746054105576,1.27009013921795e-16,1.2683233358009301e-14,True,2.0,2.5215056311547697,2.5215056311547697,5.041212050356849e-11,Solyc10g007600.2.1_S365;Solyc10g007600.2.1_T159,True,differential_direction_concordant,differential_site,none,False,expression_only_or_binding_only,,,,no_admitted_binding_record,11.0,1.0,Collenchyma;Columella;Inner epidermis;Locular tissue;Outer epidermis;Parenchyma;Placenta;Seeds;Septum;Total pericarp;Vascular tissue,Collenchyma;Columella;Inner epidermis;Locular tissue;Outer epidermis;Parenchyma;Placenta;Seeds;Septum;Total pericarp;Vascular tissue
Solyc07g051950,0.5867164248511905,0.8015078590029763,True,0.5867164248511905,3.18229015688415,4.3015358940490005,True,4,True,0.7413793103448276,0.8458603766823285,cross_cohort_expression_replication_only,20.0,Solyc07g051950.3,protein_coding,S-type anion channel SLAH1 (AHRD V3.3 *** A0A2G2WD71_CAPBA) && sp|Q5E930|SLAH1_ARATH S-type anion channel SLAH1 OS=Arabidopsis thaliana OX=3702 GN=SLAH1 PE=2 SV=1 && PF03595:Voltage-dependent anion channel,C4dic_mal_tran,gene-Solyc07g051950.3,,,Ensembl Plants BioMart,63,one_to_one,,,,,0.620039000337205,0.8571428571428571,0.9870374092257884,0.6093848282802867,0.5594648009193757,1.0,7,5719,0.6202495289549517,0.3352902058713438,0.992727010455134,248.0,0.32,1000,0.0169830169830169,0.0305431003105421,,four_cohort_expression_consensus,no_regulatory_claim,False,,,,,,,,,,,,not_measured,none,none,False,expression_only_or_binding_only,,,,no_admitted_binding_record,11.0,0.9090909090909092,Collenchyma;Columella;Inner epidermis;Locular tissue;Outer epidermis;Parenchyma;Placenta;Seeds;Septum;Total pericarp,Collenchyma;Columella;Inner epidermis;Locular tissue;Outer epidermis;Parenchyma;Placenta;Seeds;Septum;Total pericarp;Vascular tissue
Solyc02g091920,-0.5726376488095238,-0.531436011904762,True,0.531436011904762,-3.8128682439649664,-5.156414106900648,True,4,True,0.7306034482758621,0.8228490582941785,cross_cohort_expression_replication_only,21.0,Solyc02g091920.3,protein_coding,xyloglucan endotransglucosylase-hydrolase 7 && sp|Q8LER3|XTH7_ARATH Probable xyloglucan endotransglucosylase/hydrolase protein 7 OS=Arabidopsis thaliana OX=3702 GN=XTH7 PE=2 SV=2 && PF00722:Glycosyl hydrolases family 16|PF06955:Xyloglucan endo-transglycosylase (XET) C-terminus,-,gene-Solyc02g091920.3,XTH7,,Ensembl Plants BioMart,63,one_to_one,,,,,-0.7012863868983739,1.0,-0.8989186853492142,0.2470331697907493,0.2876288777239255,1.0,7,3419,-0.701359728823684,-0.996520012421737,-0.60190128658823,210.0,0.306,1000,0.0069930069930069,0.0185414585414585,,four_cohort_expression_consensus,no_regulatory_claim,True,-1.6202070131104536,-1.620698271591224,5.44222820770586e-11,3.94217802038221e-10,True,,,,,,False,differential_direction_concordant,none,none,False,expression_only_or_binding_only,,,,no_admitted_binding_record,10.0,1.0,Collenchyma;Columella;Inner epidermis;Locular tissue;Outer epidermis;Parenchyma;Placenta;Septum;Total pericarp;Vascular tissue,Collenchyma;Columella;Inner epidermis;Locular tissue;Outer epidermis;Parenchyma;Placenta;Septum;Total pericarp;Vascular tissue
Solyc07g053540,-0.6821172805059526,-0.6541341145833334,True,0.6541341145833334,-3.675696972989331,-4.207279972673825,True,4,True,0.7219827586206896,0.8614107171298877,cross_cohort_expression_replication_only,22.0,Solyc07g053540.1,protein_coding,Fasciclin-like arabinogalactan protein 9 (AHRD V3.3 *** A0A1U8HBV4_CAPAN) && sp|Q9ZWA8|FLA9_ARATH Fasciclin-like arabinogalactan protein 9 OS=Arabidopsis thaliana OX=3702 GN=FLA9 PE=2 SV=1 && PF02469:Fasciclin domain,-,gene-Solyc07g053540.1,,,Ensembl Plants BioMart,63,one_to_one,,,,,-0.5772328993165886,0.8571428571428571,-0.8804314553983899,0.0343649096322388,0.3827830275691093,1.0,7,7929,-0.5773348608642802,-0.9964487541198328,-0.362251528605071,333.0,0.086,1000,0.0379620379620379,0.0492021944535911,,four_cohort_expression_consensus,no_regulatory_claim,True,-0.9518809857650802,-0.9517856083976696,8.49367885752926e-12,8.14366965325999e-11,True,,,,,,False,differential_direction_concordant,none,none,False,expression_only_or_binding_only,,,,no_admitted_binding_record,10.0,1.0,Collenchyma;Columella;Inner epidermis;Locular tissue;Outer epidermis;Parenchyma;Placenta;Seeds;Septum;Total pericarp,Collenchyma;Columella;Inner epidermis;Locular tissue;Outer epidermis;Parenchyma;Placenta;Seeds;Septum;Total pericarp
Solyc05g014280,0.6077008928571428,0.6886160714285716,True,0.6077008928571428,5.283472934745711,4.169859220566397,True,4,True,0.7198275862068966,0.8703424882535638,cross_cohort_expression_replication_only,23.0,Solyc05g014280.4,protein_coding,"small heat shock protein 1 && sp|P09886|HS21C_PEA Small heat shock protein, chloroplastic OS=Pisum sativum OX=3888 GN=HSP21 PE=2 SV=1 && PF00011:Hsp20/alpha crystallin family",-,gene-Solyc05g014280.4,vis1,,Ensembl Plants BioMart,63,one_to_one,,,,,0.4183324089657481,0.7142857142857143,0.7171653363934964,0.4011445341159207,0.7715846857126707,1.0,7,15805,0.4239548224546066,-0.2956755763064775,0.99651727122785,407.5,0.086,1000,0.1698301698301698,0.1799114127881251,,four_cohort_expression_consensus,no_regulatory_claim,True,3.113819182491569,3.1134118211089494,2.7882936946713002e-18,1.18011211229707e-15,True,,,,,,False,differential_direction_concordant,none,none,False,expression_only_or_binding_only,,,,no_admitted_binding_record,10.0,1.0,Collenchyma;Columella;Inner epidermis;Locular tissue;Outer epidermis;Parenchyma;Placenta;Seeds;Septum;Total pericarp,Collenchyma;Columella;Inner epidermis;Locular tissue;Outer epidermis;Parenchyma;Placenta;Seeds;Septum;Total pericarp
Solyc10g083400,0.5841820126488095,0.5149972098214286,True,0.5149972098214286,3.829277021751583,6.2144230688561315,True,4,True,0.7112068965517241,0.8466331030500917,cross_cohort_expression_replication_only,24.0,Solyc10g083400.1,protein_coding,Cytochrome P450 (AHRD V3.3 *** A0A200Q6A4_9MAGN) && sp|Q9ZUX1|C94C1_ARATH Cytochrome P450 94C1 OS=Arabidopsis thaliana OX=3702 GN=CYP94C1 PE=1 SV=1 && PF00067:Cytochrome P450,p450,gene-Solyc10g083400.1,,,Ensembl Plants BioMart,63,one_to_one,RIN,in_vivo_promoter_binding,binding_only,ripening_tomato_fruit;ITAG2;three_biological_replicates,0.945809722273073,1.0,0.9939038814329624,0.8560825261039124,0.0486450325618327,1.0,7,106,0.9458616085308734,0.9200232923316384,0.9961111544637868,52.0,1.0,1000,0.0009990009990009,0.0073577216434359,,four_cohort_expression_consensus,source_bound_context_limited,True,1.9944886714738472,1.9971431436508411,1.4278485532945502e-15,7.465128200989431e-14,True,1.0,2.0302299796562187,2.0302299796562187,6.51425062647964e-10,Solyc10g083400.1.1_S483,True,differential_direction_concordant,differential_site,binding_only,True,binding_plus_independent_perturbation_expression,-5.7180240187527485,9.66631793007172e-236,True,binding_plus_independent_perturbation_expression,11.0,1.0,Collenchyma;Columella;Inner epidermis;Locular tissue;Outer epidermis;Parenchyma;Placenta;Seeds;Septum;Total pericarp;Vascular tissue,Collenchyma;Columella;Inner epidermis;Locular tissue;Outer epidermis;Parenchyma;Placenta;Seeds;Septum;Total pericarp;Vascular tissue
Solyc02g088270,0.543829055059524,0.5993187313988096,True,0.543829055059524,3.1420014542034775,6.101444122605265,True,4,True,0.7025862068965517,0.8241157820339253,cross_cohort_expression_replication_only,25.0,Solyc02g088270.3,protein_coding,hypothetical protein (DUF1997) (AHRD V3.3 *** AT5G39530.1) && - && PF09366:Protein of unknown function (DUF1997),-,gene-Solyc02g088270.3,,,Ensembl Plants BioMart,63,one_to_one,RIN,in_vivo_promoter_binding,binding_only,ripening_tomato_fruit;ITAG2;three_biological_replicates,0.4305175463359474,0.7142857142857143,0.6230586846345677,0.8689562628422862,0.8464517747469867,1.0,7,14806,0.4305223811434222,-0.2909754972348491,0.9971543420792186,409.0,0.086,1000,0.1278721278721278,0.1433156215764911,,four_cohort_expression_consensus,source_bound_context_limited,True,1.7308090301418753,1.7281637811422212,2.1008398257223998e-13,3.6584230473321295e-12,True,,,,,,False,differential_direction_concordant,none,binding_only,True,binding_plus_independent_perturbation_expression,-1.7163352117949588,3.602070315605154e-126,True,binding_plus_independent_perturbation_expression,11.0,1.0,Collenchyma;Columella;Inner epidermis;Locular tissue;Outer epidermis;Parenchyma;Placenta;Seeds;Septum;Total pericarp;Vascular tissue,Collenchyma;Columella;Inner epidermis;Locular tissue;Outer epidermis;Parenchyma;Placenta;Seeds;Septum;Total pericarp;Vascular tissue
Solyc08g066260,0.5417945498511906,0.7811976841517859,True,0.5417945498511906,5.288573553979156,7.256720823971442,True,4,True,0.6961206896551724,0.9097129589073824,cross_cohort_expression_replication_only,26.0,Solyc08g066260.3,protein_coding,Serine decarboxylase (AHRD V3.3 *** A0A2G2VBA7_CAPBA) && sp|P54772|DCHS_SOLLC Histidine decarboxylase OS=Solanum lycopersicum OX=4081 GN=HDC PE=2 SV=1 && PF00282:Pyridoxal-dependent decarboxylase conserved domain,-,gene-Solyc08g066260.3,,,Ensembl Plants BioMart,63,one_to_one,,,,,0.6129853538090768,0.8571428571428571,0.9647597976630437,0.2033589130708264,0.4139209269037269,1.0,7,6033,0.6133099938142793,0.366271320120681,0.9927637698193263,289.0,0.29,1000,0.0239760239760239,0.0352053010280858,,four_cohort_expression_consensus,no_regulatory_claim,False,,,,,,,,,,,,not_measured,none,none,False,expression_only_or_binding_only,,,,no_admitted_binding_record,10.0,1.0,Collenchyma;Columella;Inner epidermis;Locular tissue;Parenchyma;Placenta;Seeds;Septum;Total pericarp;Vascular tissue,Collenchyma;Columella;Inner epidermis;Locular tissue;Parenchyma;Placenta;Seeds;Septum;Total pericarp;Vascular tissue
Solyc02g089080,-0.7334333147321428,-0.6714564732142858,True,0.6714564732142858,-2.7123482829642125,-4.069030931378574,True,4,True,0.6896551724137931,0.8213795094369675,cross_cohort_expression_replication_only,27.0,Solyc02g089080.2,protein_coding,Protein RALF-like 27 (AHRD V3.3 --* A0A2G3D352_CAPCH) && - && -,-,gene-Solyc02g089080.2,,,Ensembl Plants BioMart,63,one_to_one,,,,,-0.7702805127335333,1.0,-0.9916425680587226,0.4073954512105649,0.2183581500325033,0.8571428571428571,6,1986,-0.7705642659706415,-0.9936051549732609,-0.6622303603348455,158.5,0.714,1000,0.0249750249750249,0.0354385675486592,,four_cohort_expression_consensus,no_regulatory_claim,True,1.011402266185223,1.05769983569929,1.34598111817876e-05,2.67990147364984e-05,True,,,,,,False,measured_direction_discordant,none,none,False,expression_only_or_binding_only,,,,no_admitted_binding_record,11.0,1.0,Collenchyma;Columella;Inner epidermis;Locular tissue;Outer epidermis;Parenchyma;Placenta;Seeds;Septum;Total pericarp;Vascular tissue,Collenchyma;Columella;Inner epidermis;Locular tissue;Outer epidermis;Parenchyma;Placenta;Seeds;Septum;Total pericarp;Vascular tissue
Solyc06g083070,-0.6175595238095238,-0.4965645926339286,True,0.4965645926339286,-3.946578776780579,-4.304859138509203,True,4,True,0.6896551724137931,0.8046458150832204,cross_cohort_expression_replication_only,28.0,Solyc06g083070.3,protein_coding,Fimbrin-2 (AHRD V3.3 *** A0A2G2WN11_CAPBA) && sp|O50064|FIMB2_ARATH Fimbrin-2 OS=Arabidopsis thaliana OX=3702 GN=FIM2 PE=2 SV=1 && PF00307:Calponin homology (CH) domain,CH,gene-Solyc06g083070.3,,,Ensembl Plants BioMart,63,one_to_one,,,,,-0.6186016681086712,0.8571428571428571,-0.9859118576111328,0.2996184006373967,0.4506961995472522,1.0,7,5781,-0.6187147938242364,-0.9941858202106494,-0.3608479140130868,255.0,0.32,1000,0.0159840159840159,0.0302717690472792,,four_cohort_expression_consensus,no_regulatory_claim,False,,,,,,,,,,,,not_measured,none,none,False,expression_only_or_binding_only,,,,no_admitted_binding_record,8.0,1.0,Collenchyma;Columella;Inner epidermis;Locular tissue;Parenchyma;Placenta;Septum;Total pericarp,Collenchyma;Columella;Inner epidermis;Locular tissue;Parenchyma;Placenta;Septum;Total pericarp
Solyc02g067750,0.6055152529761905,0.6274239676339286,True,0.6055152529761905,2.5108001285894725,8.525706883046531,True,4,True,0.6812933025404158,0.8486638428764832,cross_cohort_expression_replication_only,29.0,Solyc02g067750.4,protein_coding,"Carbonic anhydrase (AHRD V3.3 *** A0A2G3D3J4_CAPCH) && sp|P27141|CAHC_TOBAC Carbonic anhydrase, chloroplastic OS=Nicotiana tabacum OX=4097 PE=2 SV=1 && PF00484:Carbonic anhydrase",-,gene-Solyc02g067750.4,ca3,NM_001246918,Ensembl Plants BioMart,63,one_to_one,,,,,0.6185847889973418,0.8571428571428571,0.9956163126726626,0.7802239275380551,0.6216714111193585,1.0,7,5783,0.6186252525216394,0.3194910994325269,0.9984458568724492,251.5,0.32,1000,0.0169830169830169,0.0305431003105421,,four_cohort_expression_consensus,no_regulatory_claim,True,3.121831500476911,3.115982339368049,4.0956865155165405e-15,1.72523515402421e-13,True,,,,,,False,differential_direction_concordant,none,none,False,expression_only_or_binding_only,,,,no_admitted_binding_record,8.0,1.0,Columella;Inner epidermis;Locular tissue;Placenta;Seeds;Septum;Total pericarp;Vascular tissue,Columella;Inner epidermis;Locular tissue;Placenta;Seeds;Septum;Total pericarp;Vascular tissue
Solyc03g112760,-0.5820428757440476,-0.4886067708333334,True,0.4886067708333334,-4.351671668217468,-4.482801617700886,True,4,True,0.6810344827586207,0.7991434060683285,cross_cohort_expression_replication_only,30.0,Solyc03g112760.3,protein_coding,transmembrane protein (AHRD V3.3 *** AT3G48200.1) && - && -,-,gene-Solyc03g112760.3,,,Ensembl Plants BioMart,63,one_to_one,,,,,-0.7109849126294057,1.0,-0.9900080169145136,0.1682811255084497,0.2881417545045564,1.0,7,3178,-0.7111052599746059,-0.9949418086270588,-0.5828066485552345,196.0,0.576,1000,0.0079920079920079,0.0203752291664379,,four_cohort_expression_consensus,no_regulatory_claim,False,,,,,,,,,,,,not_measured,none,none,False,expression_only_or_binding_only,,,,no_admitted_binding_record,11.0,0.8181818181818182,Collenchyma;Columella;Inner epidermis;Locular tissue;Outer epidermis;Parenchyma;Placenta;Septum;Total pericarp,Collenchyma;Columella;Inner epidermis;Locular tissue;Outer epidermis;Parenchyma;Placenta;Seeds;Septum;Total pericarp;Vascular tissue
Solyc10g080390,-0.5476539248511906,-0.5706263950892856,True,0.5476539248511906,-3.448671666443518,-4.02434372930599,True,4,True,0.6702586206896551,0.758577138249582,cross_cohort_expression_replication_only,31.0,Solyc10g080390.2,protein_coding,serine/threonine-protein kinase Nek6-like isoform X1 (AHRD V3.3 *** A0A2I4G4E6_9ROSI) && sp|Q9LT35|NEK6_ARATH Serine/threonine-protein kinase Nek6 OS=Arabidopsis thaliana OX=3702 GN=NEK6 PE=3 SV=1 && PF00069:Protein kinase domain,Pkinase,gene-Solyc10g080390.2,,,Ensembl Plants BioMart,63,one_to_one,,,,,-0.6172515986509259,0.8571428571428571,-0.9821503938597425,0.2505765924434939,0.4326109149574262,1.0,7,5833,-0.617352872986154,-0.9952783103221644,-0.3644091477912878,264.0,0.32,1000,0.0239760239760239,0.0352053010280858,,four_cohort_expression_consensus,no_regulatory_claim,True,0.2457154710093423,,,,False,1.0,2.1895648714945812,-2.1895648714945812,1.04136816759176e-09,Solyc10g080390.1.1_S409,True,measured_direction_discordant,differential_site,none,False,expression_only_or_binding_only,,,,no_admitted_binding_record,11.0,1.0,Collenchyma;Columella;Inner epidermis;Locular tissue;Outer epidermis;Parenchyma;Placenta;Seeds;Septum;Total pericarp;Vascular tissue,Collenchyma;Columella;Inner epidermis;Locular tissue;Outer epidermis;Parenchyma;Placenta;Seeds;Septum;Total pericarp;Vascular tissue
Solyc08g067030,-0.5807989211309523,-0.4809105282738095,True,0.4809105282738095,-5.980909615612755,-7.21833385174739,True,4,True,0.665948275862069,0.8591821294895278,cross_cohort_expression_replication_only,32.0,Solyc08g067030.3,protein_coding,DUF642 domain-containing protein (AHRD V3.3 *** A0A1Q3BRG3_CEPFO) && - && PF04862:Protein of unknown function (DUF642),-,gene-Solyc08g067030.3,,,Ensembl Plants BioMart,63,one_to_one,,,,,-0.991359351466386,1.0,-0.99434534062123,0.9820103157629892,0.0067282493488978,1.0,7,2,-0.9913953440445468,-0.9953796193535565,-0.9891725739611544,4.0,1.0,1000,0.0009990009990009,0.0073577216434359,,four_cohort_expression_consensus,no_regulatory_claim,True,-0.6352728465555676,-0.6352458572764856,5.92208488239831e-09,2.40674396135145e-08,True,,,,,,False,differential_direction_concordant,none,none,False,expression_only_or_binding_only,,,,no_admitted_binding_record,11.0,0.9090909090909092,Collenchyma;Columella;Inner epidermis;Locular tissue;Outer epidermis;Parenchyma;Placenta;Septum;Total pericarp;Vascular tissue,Collenchyma;Columella;Inner epidermis;Locular tissue;Outer epidermis;Parenchyma;Placenta;Seeds;Septum;Total pericarp;Vascular tissue
Solyc07g054860,-0.6162458147321428,-0.4806082589285714,True,0.4806082589285714,-3.6495169870121256,-5.707239780107055,True,4,True,0.6637931034482759,0.8338936947519312,cross_cohort_expression_replication_only,33.0,Solyc07g054860.1,protein_coding,Tyrosine/DOPA decarboxylase 3 (AHRD V3.3 *** A0A2G2Z3G9_CAPAN) && sp|P93082|TDC1_CAMAC Tryptophan decarboxylase TDC1 OS=Camptotheca acuminata OX=16922 GN=TDC1 PE=1 SV=1 && PF00282:Pyridoxal-dependent decarboxylase conserved domain,-,gene-Solyc07g054860.1,,,Ensembl Plants BioMart,63,one_to_one,,,,,-0.7667407398830111,1.0,-0.9286309447222202,0.4058886873724779,0.2163988121147688,1.0,7,2042,-0.7670132486217228,-0.992549601878526,-0.6844067263599601,166.0,0.658,1000,0.0079920079920079,0.0203752291664379,,four_cohort_expression_consensus,no_regulatory_claim,False,,,,,,,,,,,,not_measured,none,none,False,expression_only_or_binding_only,,,,no_admitted_binding_record,8.0,1.0,Columella;Locular tissue;Parenchyma;Placenta;Seeds;Septum;Total pericarp;Vascular tissue,Columella;Locular tissue;Parenchyma;Placenta;Seeds;Septum;Total pericarp;Vascular tissue
Solyc10g079050,0.5567452566964286,0.6250058128720238,True,0.5567452566964286,2.404651226399554,4.613756163750938,True,4,True,0.6628175519630485,0.7648423190252449,cross_cohort_expression_replication_only,34.0,Solyc10g079050.2,protein_coding,BHLH transcription factor o95 && sp|Q66GR3|BH130_ARATH Transcription factor bHLH130 OS=Arabidopsis thaliana OX=3702 GN=BHLH130 PE=1 SV=1 && PF00010:Helix-loop-helix DNA-binding domain,HLH,gene-Solyc10g079050.2,,,Ensembl Plants BioMart,63,one_to_one,RIN,in_vivo_promoter_binding,binding_only,ripening_tomato_fruit;ITAG2;three_biological_replicates,0.7113005291362009,1.0,0.9913694830378664,0.168490795487902,0.2883098950795401,1.0,7,3168,0.7113936756161132,0.5829935624123496,0.9944839186739596,195.0,0.59,1000,0.0079920079920079,0.0203752291664379,,four_cohort_expression_consensus,source_bound_context_limited,True,0.114953811892636,,,,False,6.0,3.346133724232709,3.346133724232709,2.6300444447485e-12,Solyc10g079050.1.1_S131;Solyc10g079050.1.1_S20;Solyc10g079050.1.1_S61;S64;Solyc10g079050.1.1_S64;Solyc10g079050.1.1_T204,True,measured_direction_concordant,differential_site,binding_only,True,binding_plus_independent_perturbation_expression,-4.390434315484965,5.578838080084396e-188,True,binding_plus_independent_perturbation_expression,11.0,1.0,Collenchyma;Columella;Inner epidermis;Locular tissue;Outer epidermis;Parenchyma;Placenta;Seeds;Septum;Total pericarp;Vascular tissue,Collenchyma;Columella;Inner epidermis;Locular tissue;Outer epidermis;Parenchyma;Placenta;Seeds;Septum;Total pericarp;Vascular tissue
Solyc01g108490,-0.7807965959821428,-0.6170247395833335,True,0.6170247395833335,-5.26453947622009,-3.9403610105257183,True,4,True,0.6594827586206896,0.8676099486342279,cross_cohort_expression_replication_only,35.0,Solyc01g108490.3,protein_coding,Carboxypeptidase (AHRD V3.3 *** A0A1U8E723_CAPAN) && sp|A0A0C3VJP4|SCP1_MEDTR Serine carboxypeptidase 1 OS=Medicago truncatula OX=3880 GN=SCP1 PE=1 SV=3 && PF00450:Serine carboxypeptidase,Peptidase_S10,gene-Solyc01g108490.3,,,Ensembl Plants BioMart,63,one_to_one,RIN,in_vivo_promoter_binding,binding_only,ripening_tomato_fruit;ITAG2;three_biological_replicates,-0.9786101168519544,1.0,-0.9946243826893556,0.9855025678650036,0.0052833095341049,0.8571428571428571,6,16,-0.9791574242925718,-0.9949753819518616,-0.949274074265972,18.0,1.0,1000,0.0019980019980019,0.0091789398720091,,four_cohort_expression_consensus,source_bound_context_limited,True,-1.298670563998814,-1.298825471540988,4.70834557761518e-13,7.31604466675591e-12,True,,,,,,False,differential_direction_concordant,none,binding_only,True,binding_plus_independent_perturbation_expression,4.666730478778801,7.716482924290009e-69,True,binding_plus_independent_perturbation_expression,11.0,0.9090909090909092,Collenchyma;Columella;Inner epidermis;Locular tissue;Outer epidermis;Parenchyma;Placenta;Seeds;Septum;Total pericarp,Collenchyma;Columella;Inner epidermis;Locular tissue;Outer epidermis;Parenchyma;Placenta;Seeds;Septum;Total pericarp;Vascular tissue
Solyc01g074030,-0.5633486793154763,-0.5866292317708334,True,0.5633486793154763,-4.389978620265569,-3.932434602886037,True,4,True,0.6551724137931034,0.7905998646173449,cross_cohort_expression_replication_only,36.0,Solyc01g074030.3,protein_coding,Beta-glucosidase (AHRD V3.3 *** Q43014_PRUAV) && sp|Q75W17|FURH_VIBFR Furcatin hydrolase OS=Viburnum furcatum OX=237940 PE=1 SV=1 && PF00232:Glycosyl hydrolase family 1,Glyco_hydro_1,gene-Solyc01g074030.3,,NM_001247483,Ensembl Plants BioMart,63,one_to_one,,,,,-0.9450714598474184,1.0,-0.987717131683386,0.8992809977989729,0.0349608404544751,0.8571428571428571,6,107,-0.950581039281012,-0.988215910068418,-0.90894671743433,61.0,1.0,1000,0.0069930069930069,0.0185414585414585,,four_cohort_expression_consensus,no_regulatory_claim,True,-0.4332458996668015,,,,False,,,,,,False,measured_direction_concordant,none,none,False,expression_only_or_binding_only,,,,no_admitted_binding_record,9.0,1.0,Collenchyma;Columella;Inner epidermis;Locular tissue;Parenchyma;Placenta;Seeds;Septum;Total pericarp,Collenchyma;Columella;Inner epidermis;Locular tissue;Parenchyma;Placenta;Seeds;Septum;Total pericarp
Solyc01g107730,-0.6377766927083334,-0.7871849423363096,True,0.6377766927083334,-3.315176566915776,-3.924474080003175,True,4,True,0.6508620689655172,0.8439366488811022,cross_cohort_expression_replication_only,37.0,Solyc01g107730.3,protein_coding,"D-type cyclin-2 && sp|Q9SN11|CCD33_ARATH Cyclin-D3-3 OS=Arabidopsis thaliana OX=3702 GN=CYCD3-3 PE=2 SV=1 && PF00134:Cyclin, N-terminal domain|PF02984:Cyclin, C-terminal domain",Cyclin_C,gene-Solyc01g107730.3,cycd3c2,,Ensembl Plants BioMart,63,one_to_one,,,,,-0.6143113409689311,0.8571428571428571,-0.9529139643131692,0.4061307501991864,0.4831022504854892,1.0,7,5973,-0.6145216734778622,-0.9932253099147342,-0.3505542513653478,274.0,0.136,1000,0.0209790209790209,0.0333365264872114,,four_cohort_expression_consensus,no_regulatory_claim,False,,,,,,,,,,,,not_measured,none,none,False,expression_only_or_binding_only,,,,no_admitted_binding_record,11.0,1.0,Collenchyma;Columella;Inner epidermis;Locular tissue;Outer epidermis;Parenchyma;Placenta;Seeds;Septum;Total pericarp;Vascular tissue,Collenchyma;Columella;Inner epidermis;Locular tissue;Outer epidermis;Parenchyma;Placenta;Seeds;Septum;Total pericarp;Vascular tissue
Solyc03g013340,-0.643705822172619,-0.5516183035714286,True,0.5516183035714286,-2.257947374741154,-4.974505956909459,True,4,True,0.6397228637413395,0.7854695090387831,cross_cohort_expression_replication_only,38.0,Solyc03g013340.3,protein_coding,NOD26-like intrinsic protein 2.1 && sp|Q19KC1|NIP21_MAIZE Aquaporin NIP2-1 OS=Zea mays OX=4577 GN=NIP2-1 PE=2 SV=2 && PF00230:Major intrinsic protein,-,gene-Solyc03g013340.3,,,Ensembl Plants BioMart,63,one_to_one,,,,,-0.6794227536193154,1.0,-0.867682078464988,0.2281628716400385,0.3139560863624209,1.0,7,3967,-0.6795023167558922,-0.992600337627728,-0.5845618322825691,220.0,0.146,1000,0.0109890109890109,0.0246323724584594,,four_cohort_expression_consensus,no_regulatory_claim,False,,,,,,,,,,,,not_measured,none,none,False,expression_only_or_binding_only,,,,no_admitted_binding_record,10.0,1.0,Collenchyma;Columella;Inner epidermis;Locular tissue;Outer epidermis;Parenchyma;Placenta;Septum;Total pericarp;Vascular tissue,Collenchyma;Columella;Inner epidermis;Locular tissue;Outer epidermis;Parenchyma;Placenta;Septum;Total pericarp;Vascular tissue
Solyc01g088400,0.5799153645833333,0.4628789992559525,True,0.4628789992559525,4.928992731057497,5.912107314943392,True,4,True,0.6379310344827587,0.8335502608107033,cross_cohort_expression_replication_only,39.0,Solyc01g088400.4,protein_coding,ECERIFERUM 1 && sp|F4HVY0|CER1_ARATH Very-long-chain aldehyde decarbonylase CER1 OS=Arabidopsis thaliana OX=3702 GN=CER1 PE=1 SV=1 && PF12076:WAX2 C-terminal domain|PF04116:Fatty acid hydroxylase superfamily,-,gene-Solyc01g088400.4,,,Ensembl Plants BioMart,63,one_to_one,,,,,0.6121039220278929,0.8571428571428571,0.934375346818423,0.786388224933954,0.6095616213609227,1.0,7,6076,0.6131393113611519,0.3185865240301742,0.9502846557857716,297.0,0.066,1000,0.0289710289710289,0.0391911295701383,,four_cohort_expression_consensus,no_regulatory_claim,True,2.8420360298855236,2.8424232066790855,4.17627580454063e-16,3.01778368705342e-14,True,,,,,,False,differential_direction_concordant,none,none,False,expression_only_or_binding_only,,,,no_admitted_binding_record,11.0,0.9090909090909092,Collenchyma;Columella;Inner epidermis;Locular tissue;Parenchyma;Placenta;Seeds;Septum;Total pericarp;Vascular tissue,Collenchyma;Columella;Inner epidermis;Locular tissue;Outer epidermis;Parenchyma;Placenta;Seeds;Septum;Total pericarp;Vascular tissue
Solyc02g088100,-0.5166596912202381,-0.6494373139880951,True,0.5166596912202381,-3.142675335262241,-5.883446559260582,True,4,True,0.6293103448275862,0.8155722405829418,cross_cohort_expression_replication_only,40.0,Solyc02g088100.3,protein_coding,expansin precursor 5 && sp|Q9LDR9|EXP10_ARATH Expansin-A10 OS=Arabidopsis thaliana OX=3702 GN=EXPA10 PE=2 SV=1 && PF03330:Lytic transglycolase|PF01357:Pollen allergen,-,gene-Solyc02g088100.3,EXP5,,Ensembl Plants BioMart,63,one_to_one,,,,,-0.614972043513151,0.8571428571428571,-0.9938092383792548,0.9255252232985282,0.6719171784656973,1.0,7,5938,-0.6150211414995213,-0.9970278987943904,-0.305143773088734,272.5,0.32,1000,0.0259740259740259,0.0364107191901753,,four_cohort_expression_consensus,no_regulatory_claim,True,-0.4780003431376511,,,,False,,,,,,False,measured_direction_concordant,none,none,False,expression_only_or_binding_only,,,,no_admitted_binding_record,11.0,1.0,Collenchyma;Columella;Inner epidermis;Locular tissue;Outer epidermis;Parenchyma;Placenta;Seeds;Septum;Total pericarp;Vascular tissue,Collenchyma;Columella;Inner epidermis;Locular tissue;Outer epidermis;Parenchyma;Placenta;Seeds;Septum;Total pericarp;Vascular tissue
Solyc08g082620,-0.5614943731398809,-0.4617978050595239,True,0.4617978050595239,-2.97330678379367,-3.833794754628327,True,4,True,0.6271551724137931,0.6967279206816915,cross_cohort_expression_replication_only,41.0,Solyc08g082620.3,protein_coding,"3-oxoacyl-[acyl-carrier-protein] synthase (AHRD V3.3 *** O82520_CAPCH) && sp|P52410|KASC1_ARATH 3-oxoacyl-[acyl-carrier-protein] synthase I, chloroplastic OS=Arabidopsis thaliana OX=3702 GN=KAS1 PE=1 SV=2 && PF00109:Beta-ketoacyl synthase, N-terminal domain|PF02801:Beta-ketoacyl synthase, C-terminal domain",ketoacyl-synt,gene-Solyc08g082620.3,,,Ensembl Plants BioMart,63,one_to_one,,,,,-0.820993939089132,1.0,-0.990317948280888,0.5546735143066764,0.1627991988843115,0.8571428571428571,6,1207,-0.8212470339332084,-0.9930688351248812,-0.7377935063457313,135.0,0.766,1000,0.0049950049950049,0.015148250442368,,four_cohort_expression_consensus,no_regulatory_claim,True,-1.4211747400019747,-1.422809287516781,2.4044016529376e-13,4.09393139680256e-12,True,,,,,,False,differential_direction_concordant,none,none,False,expression_only_or_binding_only,,,,no_admitted_binding_record,8.0,1.0,Collenchyma;Columella;Inner epidermis;Outer epidermis;Parenchyma;Placenta;Septum;Total pericarp,Collenchyma;Columella;Inner epidermis;Outer epidermis;Parenchyma;Placenta;Septum;Total pericarp
Solyc01g094700,-0.5732073102678573,-0.45166015625,True,0.45166015625,-3.984146814391913,-4.280042042347814,True,4,True,0.6163793103448276,0.7643134805287888,cross_cohort_expression_replication_only,42.0,Solyc01g094700.5,protein_coding,Glycerol-3-phosphate acyltransferase && sp|Q9LMM0|GPAT4_ARATH Glycerol-3-phosphate 2-O-acyltransferase 4 OS=Arabidopsis thaliana OX=3702 GN=GPAT4 PE=1 SV=1 && PF12710:haloacid dehalogenase-like hydrolase|PF01553:Acyltransferase,Acyltransferase,gene-Solyc01g094700.4,,,Ensembl Plants BioMart,63,one_to_one,,,,,-0.7556702190065188,1.0,-0.9886132433675532,0.3078584308298738,0.2388504674503915,1.0,7,2241,-0.755775504042038,-0.9929619867560112,-0.6452084990480872,167.5,0.922,1000,0.0079920079920079,0.0203752291664379,,four_cohort_expression_consensus,no_regulatory_claim,True,-1.9203655676687168,-1.921152475763364,1.75233686933947e-16,1.52693824457737e-14,True,,,,,,False,differential_direction_concordant,none,none,False,expression_only_or_binding_only,,,,no_admitted_binding_record,10.0,1.0,Collenchyma;Columella;Inner epidermis;Locular tissue;Outer epidermis;Placenta;Seeds;Septum;Total pericarp;Vascular tissue,Collenchyma;Columella;Inner epidermis;Locular tissue;Outer epidermis;Placenta;Seeds;Septum;Total pericarp;Vascular tissue
Solyc04g064620,-0.5682779947916667,-0.4871070498511904,True,0.4871070498511904,-3.522239349191449,-3.777581466809467,True,4,True,0.6142241379310345,0.7357176276180617,cross_cohort_expression_replication_only,43.0,Solyc04g064620.4,protein_coding,Bidirectional sugar transporter SWEET (AHRD V3.3 *** M1CBD4_SOLTU) && sp|Q8L9J7|SWET1_ARATH Bidirectional sugar transporter SWEET1 OS=Arabidopsis thaliana OX=3702 GN=SWEET1 PE=1 SV=1 && PF03083:Sugar efflux transporter for intercellular exchange,-,gene-Solyc04g064620.4,,,Ensembl Plants BioMart,63,one_to_one,,,,,-0.9785408395716572,1.0,-0.9810053850393412,0.9578610292450692,0.0148761061106929,1.0,7,18,-0.9792030260096576,-0.9882727664864248,-0.9745734409940162,14.0,0.998,1000,0.0009990009990009,0.0073577216434359,,four_cohort_expression_consensus,no_regulatory_claim,False,,,,,,,,,,,,not_measured,none,none,False,expression_only_or_binding_only,,,,no_admitted_binding_record,10.0,1.0,Collenchyma;Columella;Inner epidermis;Locular tissue;Outer epidermis;Parenchyma;Placenta;Seeds;Septum;Total pericarp,Collenchyma;Columella;Inner epidermis;Locular tissue;Outer epidermis;Parenchyma;Placenta;Seeds;Septum;Total pericarp
Solyc03g117300,-0.5705450148809523,-0.5435384114583334,True,0.5435384114583334,-2.741727232180284,-3.75103001309293,True,4,True,0.6056034482758621,0.716430576570837,cross_cohort_expression_replication_only,44.0,Solyc03g117300.4,protein_coding,Nodulin-like && - && PF06813:Nodulin-like,-,gene-Solyc03g117300.4,,,Ensembl Plants BioMart,63,one_to_one,RIN,in_vivo_promoter_binding,binding_only,ripening_tomato_fruit;ITAG2;three_biological_replicates,-0.8743000312395409,1.0,-0.975300406968443,0.6654086467899526,0.1109935883403909,1.0,7,569,-0.8744785056578867,-0.9815116620769982,-0.8189438305980106,108.0,0.998,1000,0.0009990009990009,0.0073577216434359,,four_cohort_expression_consensus,source_bound_context_limited,True,-0.2086911104947403,,,,False,,,,,,False,measured_direction_concordant,none,binding_only,False,expression_only_or_binding_only,0.794565720607211,0.0009615918206507592,False,binding_only_or_no_significant_perturbation,11.0,0.9090909090909092,Collenchyma;Columella;Inner epidermis;Locular tissue;Outer epidermis;Parenchyma;Placenta;Septum;Total pericarp;Vascular tissue,Collenchyma;Columella;Inner epidermis;Locular tissue;Outer epidermis;Parenchyma;Placenta;Seeds;Septum;Total pericarp;Vascular tissue
Solyc10g075070,-0.6411830357142858,-0.4461844308035715,True,0.4461844308035715,-4.079275684272923,-5.364239580882151,True,4,True,0.603448275862069,0.8268906287329776,cross_cohort_expression_replication_only,45.0,Solyc10g075070.3,protein_coding,Non-specific lipid-transfer protein (AHRD V3.3 *** K4D1U9_SOLLC) && sp|Q03461|NLTP2_TOBAC Non-specific lipid-transfer protein 2 OS=Nicotiana tabacum OX=4097 PE=3 SV=1 && PF00234:Protease inhibitor/seed storage/LTP family,-,gene-Solyc10g075070.3,,,Ensembl Plants BioMart,63,one_to_one,,,,,-0.9715641791276716,1.0,-0.9839829912552416,0.9414815234640672,0.0242544578266043,1.0,7,28,-0.9717315632878898,-0.9934179674606958,-0.9640846570157056,24.0,0.982,1000,0.0009990009990009,0.0073577216434359,,four_cohort_expression_consensus,no_regulatory_claim,True,0.1842141823383233,,,,False,,,,,,False,measured_direction_discordant,none,none,False,expression_only_or_binding_only,,,,no_admitted_binding_record,10.0,1.0,Collenchyma;Columella;Inner epidermis;Outer epidermis;Parenchyma;Placenta;Seeds;Septum;Total pericarp;Vascular tissue,Collenchyma;Columella;Inner epidermis;Outer epidermis;Parenchyma;Placenta;Seeds;Septum;Total pericarp;Vascular tissue
Solyc12g098600,-0.515415736607143,-0.4423828125000001,True,0.4423828125000001,-2.791012179171085,-3.78969161398211,True,4,True,0.5991379310344828,0.6466189177351278,cross_cohort_expression_replication_only,46.0,Solyc12g098600.1,protein_coding,Glycosyltransferase (AHRD V3.3 *** A0A2I4GJH4_9ROSI) && sp|K4CWS6|U75C1_SOLLC UDP-glycosyltransferase 75C1 OS=Solanum lycopersicum OX=4081 GN=UGT75C1 PE=1 SV=1 && PF00201:UDP-glucoronosyl and UDP-glucosyl transferase,UDPGT,gene-Solyc12g098600.1,,,Ensembl Plants BioMart,63,one_to_one,,,,,-0.9618157864783248,1.0,-0.9874032496218272,0.9422183178417592,0.0176490595118653,0.8571428571428571,6,54,-0.9628671838151646,-0.9920740478929264,-0.9336134210161467,42.0,0.984,1000,0.0009990009990009,0.0073577216434359,,four_cohort_expression_consensus,no_regulatory_claim,True,-1.3625917573493411,-1.3632167027431803,1.0269771694310699e-12,1.4064365303395e-11,True,,,,,,False,differential_direction_concordant,none,none,False,expression_only_or_binding_only,,,,no_admitted_binding_record,9.0,1.0,Collenchyma;Columella;Inner epidermis;Locular tissue;Outer epidermis;Parenchyma;Placenta;Septum;Total pericarp,Collenchyma;Columella;Inner epidermis;Locular tissue;Outer epidermis;Parenchyma;Placenta;Septum;Total pericarp
Solyc02g038740,0.5063011532738096,0.4803176153273807,True,0.4803176153273807,3.133017293710603,5.342299635634145,True,4,True,0.5948275862068966,0.7389093234849089,cross_cohort_expression_replication_only,47.0,Solyc02g038740.4,protein_coding,3-hydroxy-3-methylglutaryl coenzyme A reductase (AHRD V3.3 *** A0A2G2XB84_CAPBA) && sp|P48022|HMDH2_SOLLC 3-hydroxy-3-methylglutaryl-coenzyme A reductase 2 OS=Solanum lycopersicum OX=4081 GN=HMG2 PE=3 SV=1 && PF00368:Hydroxymethylglutaryl-coenzyme A reductase,-,gene-Solyc02g038740.4,,,Ensembl Plants BioMart,63,one_to_one,,,,,0.9825372359867026,1.0,0.9911374849842012,0.9583144411698028,0.0130775949704753,1.0,7,9,0.9829816599711024,0.9764016168269636,0.9945502677316967,9.0,0.998,1000,0.0009990009990009,0.0073577216434359,,four_cohort_expression_consensus,no_regulatory_claim,False,,,,,,,,,,,,not_measured,none,none,False,expression_only_or_binding_only,,,,no_admitted_binding_record,11.0,1.0,Collenchyma;Columella;Inner epidermis;Locular tissue;Outer epidermis;Parenchyma;Placenta;Seeds;Septum;Total pericarp;Vascular tissue,Collenchyma;Columella;Inner epidermis;Locular tissue;Outer epidermis;Parenchyma;Placenta;Seeds;Septum;Total pericarp;Vascular tissue
Solyc08g081790,0.5942499069940477,0.7487211681547619,True,0.5942499069940477,2.0450165685621347,5.636375140061769,True,4,True,0.5935334872979214,0.8261850959624114,cross_cohort_expression_replication_only,48.0,Solyc08g081790.3,protein_coding,Dirigent protein (AHRD V3.3 *** K4CPH5_SOLLC) && sp|Q1ZZU9|DIR_SINHE Dirigent protein OS=Sinopodophyllum hexandrum OX=93608 GN=DIR PE=2 SV=1 && PF03018:Dirigent-like protein,-,gene-Solyc08g081790.3,,,Ensembl Plants BioMart,63,one_to_one,,,,,0.9743567431761372,1.0,0.9897629562547616,0.9369941711745712,0.0202594679014988,1.0,7,27,0.9745728436911512,0.964374305630578,0.9927494618776972,25.0,1.0,1000,0.0019980019980019,0.0091789398720091,,four_cohort_expression_consensus,no_regulatory_claim,True,1.2534233726440538,1.2521916681633782,1.62580192125718e-11,1.40702312328469e-10,True,,,,,,False,differential_direction_concordant,none,none,False,expression_only_or_binding_only,,,,no_admitted_binding_record,8.0,0.875,Collenchyma;Columella;Locular tissue;Parenchyma;Placenta;Septum;Total pericarp,Collenchyma;Columella;Locular tissue;Parenchyma;Placenta;Seeds;Septum;Total pericarp
Solyc08g007850,0.5057779947916667,0.6783737909226191,True,0.5057779947916667,3.096317739841403,6.672570251303256,True,4,True,0.5926724137931034,0.8218448873138489,cross_cohort_expression_replication_only,49.0,Solyc08g007850.1,protein_coding,Unknown protein && sp|O82752|DTX49_ARATH Protein DETOXIFICATION 49 OS=Arabidopsis thaliana OX=3702 GN=DTX49 PE=2 SV=1 && -,-,gene-Solyc08g007850.1,,,Ensembl Plants BioMart,63,one_to_one,RIN,in_vivo_promoter_binding,binding_only,ripening_tomato_fruit;ITAG2;three_biological_replicates,0.5871091777125765,0.8333333333333334,0.99443658916536,0.6726045487894351,0.6216468635464111,0.8571428571428571,6,7411,0.5872121722373994,0.273060351631865,0.9960136290248514,328.5,0.344,1000,0.0439560439560439,0.0558783682071353,,four_cohort_expression_consensus,source_bound_context_limited,False,,,,,,,,,,,,not_measured,none,binding_only,False,expression_only_or_binding_only,,,,binding_only_or_no_significant_perturbation,,,,
Solyc01g108730,0.5173572358630951,0.7613234747023809,True,0.5173572358630951,2.0375435188714195,4.037819594203551,True,4,True,0.5889145496535797,0.7172717408616709,cross_cohort_expression_replication_only,50.0,Solyc01g108730.3,protein_coding,Methyl esterase 1 (AHRD V3.11 *-* tr_A0A2U1LMY0_A0A2U1LMY0_ARTAN) && sp|O80476|MES2_ARATH Methylesterase 2 OS=Arabidopsis thaliana OX=3702 GN=MES2 PE=1 SV=1 && -,-,gene-Solyc01g108730.2,,,Ensembl Plants BioMart,63,one_to_one,,,,,0.6603851021836183,1.0,0.9781400926607268,0.010923805929467,0.3399626273850712,1.0,7,4507,0.6607400643971617,0.515960550194671,0.9866307885138034,229.0,0.32,1000,0.0139860139860139,0.0278519763498304,,four_cohort_expression_consensus,no_regulatory_claim,False,,,,,,,,,,,,not_measured,none,none,False,expression_only_or_binding_only,,,,no_admitted_binding_record,8.0,1.0,Collenchyma;Columella;Locular tissue;Parenchyma;Placenta;Seeds;Septum;Total pericarp,Collenchyma;Columella;Locular tissue;Parenchyma;Placenta;Seeds;Septum;Total pericarp
Solyc04g071800,-0.5704868861607142,-0.4368896484374999,True,0.4368896484374999,-4.636866208697077,-6.245060330321941,True,4,True,0.5883620689655172,0.8177323903002309,cross_cohort_expression_replication_only,51.0,Solyc04g071800.3,protein_coding,Cytochrome P450 (AHRD V3.3 *-* A0A200Q069_9MAGN) && sp|A0A1D6F9Y9|C92C6_MAIZE Trimethyltridecatetraene synthase OS=Zea mays OX=4577 GN=CYP92C6 PE=1 SV=1 && PF00067:Cytochrome P450,p450,gene-Solyc04g071800.3,,,Ensembl Plants BioMart,63,one_to_one,,,,,-0.9235607854570484,1.0,-0.9933836839911512,0.7951104960791714,0.0699584484318093,1.0,7,216,-0.9236350712269576,-0.996200391289655,-0.8870695031846255,72.0,1.0,1000,0.0009990009990009,0.0073577216434359,,four_cohort_expression_consensus,no_regulatory_claim,False,,,,,,,,,,,,not_measured,none,none,False,expression_only_or_binding_only,,,,no_admitted_binding_record,11.0,1.0,Collenchyma;Columella;Inner epidermis;Locular tissue;Outer epidermis;Parenchyma;Placenta;Seeds;Septum;Total pericarp;Vascular tissue,Collenchyma;Columella;Inner epidermis;Locular tissue;Outer epidermis;Parenchyma;Placenta;Seeds;Septum;Total pericarp;Vascular tissue
Solyc02g063150,-0.5658714657738096,-0.4826776413690475,True,0.4826776413690475,-4.47743753024011,-3.6168760395809314,True,4,True,0.5818965517241379,0.7399918869953014,cross_cohort_expression_replication_only,52.0,Solyc02g063150.3,protein_coding,"RuBP carboxylase small subunit && sp|P08706|RBS1_SOLLC Ribulose bisphosphate carboxylase small subunit, chloroplastic 1 OS=Solanum lycopersicum OX=4081 GN=RBCS1 PE=2 SV=2 && PF12338:Ribulose-1,5-bisphosphate carboxylase small subunit|PF00101:Ribulose bisphosphate carboxylase, small chain",-,gene-Solyc02g063150.3,rbcS1,NM_001308943,Ensembl Plants BioMart,63,one_to_one,,,,,-0.7993053638152245,1.0,-0.9894800912877348,0.4393844089403279,0.1930903734124937,1.0,7,1514,-0.799408319323081,-0.993207745567368,-0.7067844350054673,142.0,1.0,1000,0.0039960039960039,0.0126996291379853,,four_cohort_expression_consensus,no_regulatory_claim,True,-0.4506677958112792,,,,False,,,,,,False,measured_direction_concordant,none,none,False,expression_only_or_binding_only,,,,no_admitted_binding_record,11.0,1.0,Collenchyma;Columella;Inner epidermis;Locular tissue;Outer epidermis;Parenchyma;Placenta;Seeds;Septum;Total pericarp;Vascular tissue,Collenchyma;Columella;Inner epidermis;Locular tissue;Outer epidermis;Parenchyma;Placenta;Seeds;Septum;Total pericarp;Vascular tissue
Solyc12g096870,-0.5050223214285715,-0.5674700055803572,True,0.5050223214285715,-2.4372391442499035,-3.790792114261197,True,4,True,0.5818965517241379,0.6620099844708132,cross_cohort_expression_replication_only,53.0,Solyc12g096870.1,protein_coding,Glycosyltransferase (AHRD V3.3 *** A0A193AUF6_PUNGR) && sp|A0A193AU77|GGT24_PUNGR Gallate 1-beta-glucosyltransferase 84A24 OS=Punica granatum OX=22663 GN=UGT84A24 PE=1 SV=1 && PF00201:UDP-glucoronosyl and UDP-glucosyl transferase,UDPGT,gene-Solyc12g096870.1,,,Ensembl Plants BioMart,63,one_to_one,,,,,-0.7642895060272735,1.0,-0.9575290982160928,0.3522141149830167,0.2178194645120644,1.0,7,2084,-0.7654123494530485,-0.9795004410991264,-0.6646078414622135,171.0,0.966,1000,0.0029970029970029,0.0108641358641358,,four_cohort_expression_consensus,no_regulatory_claim,True,-2.070770880708901,-2.07080606846808,1.12196948743199e-17,2.65677540304307e-15,True,,,,,,False,differential_direction_concordant,none,none,False,expression_only_or_binding_only,,,,no_admitted_binding_record,9.0,1.0,Collenchyma;Columella;Inner epidermis;Locular tissue;Outer epidermis;Parenchyma;Placenta;Septum;Total pericarp,Collenchyma;Columella;Inner epidermis;Locular tissue;Outer epidermis;Parenchyma;Placenta;Septum;Total pericarp
Solyc11g008630,-0.5546758742559526,-0.4361862909226192,True,0.4361862909226192,-3.142264345530906,-4.786824193812807,True,4,True,0.5797413793103449,0.7395638388946405,cross_cohort_expression_replication_only,54.0,Solyc11g008630.3,protein_coding,HXXXD-type acyl-transferase family protein (AHRD V3.3 *** A0A2U1LG13_ARTAN) && sp|A0A2R6Q326|AT16_ACTCC Alcohol acyltransferase 16 OS=Actinidia chinensis var. chinensis OX=1590841 GN=AT16 PE=1 SV=2 && PF02458:Transferase family,-,gene-Solyc11g008630.3,,,Ensembl Plants BioMart,63,one_to_one,,,,,-0.908539127965913,1.0,-0.9831302909517496,0.7592569295928209,0.080802133778823,1.0,7,287,-0.9089226326521986,-0.9924360071807627,-0.8677304822316279,85.0,1.0,1000,0.0019980019980019,0.0091789398720091,,four_cohort_expression_consensus,no_regulatory_claim,True,-2.5465549636502733,-2.5468297586949187,2.49852576854142e-18,1.1103448515398e-15,True,,,,,,False,differential_direction_concordant,none,none,False,expression_only_or_binding_only,,,,no_admitted_binding_record,6.0,1.0,Collenchyma;Inner epidermis;Outer epidermis;Placenta;Septum;Total pericarp,Collenchyma;Inner epidermis;Outer epidermis;Placenta;Septum;Total pericarp
Solyc02g062390,0.5019414992559526,0.6453159877232144,True,0.5019414992559526,2.4666295191629475,5.159745931741488,True,4,True,0.5754310344827587,0.748294029226726,cross_cohort_expression_replication_only,55.0,Solyc02g062390.3,protein_coding,abscisic acid and environmental stress-inducible protein TAS14 (AHRD V3.3 *-* A0A1U8FJ72_CAPAN) && - && PF00257:Dehydrin,-,gene-Solyc02g062390.3,,,Ensembl Plants BioMart,63,one_to_one,RIN,in_vivo_promoter_binding,binding_only,ripening_tomato_fruit;ITAG2;three_biological_replicates,0.4300410985115474,0.7142857142857143,0.6329975151411246,0.8098606016140866,0.8339222913479334,1.0,7,14849,0.4300625349612591,-0.2917264061952033,0.9947010790681026,408.0,0.086,1000,0.1238761238761238,0.1395109744624307,,four_cohort_expression_consensus,source_bound_context_limited,True,1.7068208036333283,1.7037862350672692,9.035801621612999e-13,1.25681071694673e-11,True,,,,,,False,differential_direction_concordant,none,binding_only,False,expression_only_or_binding_only,-0.310950723478624,0.00018142835281643156,False,binding_only_or_no_significant_perturbation,11.0,1.0,Collenchyma;Columella;Inner epidermis;Locular tissue;Outer epidermis;Parenchyma;Placenta;Seeds;Septum;Total pericarp;Vascular tissue,Collenchyma;Columella;Inner epidermis;Locular tissue;Outer epidermis;Parenchyma;Placenta;Seeds;Septum;Total pericarp;Vascular tissue
Solyc07g022900,-0.5523042224702381,-0.8055361793154763,True,0.5523042224702381,-2.220577745838757,-3.6028000513810507,True,4,True,0.5754310344827587,0.7320904176953094,cross_cohort_expression_replication_only,56.0,Solyc07g022900.4,protein_coding,"Chlorophyll a-b binding protein && sp|Q9C639|LHCA5_ARATH Photosystem I chlorophyll a/b-binding protein 5, chloroplastic OS=Arabidopsis thaliana OX=3702 GN=LHCA5 PE=1 SV=1 && PF00504:Chlorophyll A-B binding protein",-,gene-Solyc07g022900.4,,,Ensembl Plants BioMart,63,one_to_one,,,,,-0.9669144779232344,1.0,-0.9883228668794188,0.9168658531471464,0.0264434105834516,1.0,7,39,-0.967067405933548,-0.991876519083144,-0.9532585896418394,30.0,1.0,1000,0.0009990009990009,0.0073577216434359,,four_cohort_expression_consensus,no_regulatory_claim,True,-1.254545486369529,-1.2553807905006935,4.37004896768549e-12,4.648945559884119e-11,True,,,,,,False,differential_direction_concordant,none,none,False,expression_only_or_binding_only,,,,no_admitted_binding_record,11.0,1.0,Collenchyma;Columella;Inner epidermis;Locular tissue;Outer epidermis;Parenchyma;Placenta;Seeds;Septum;Total pericarp;Vascular tissue,Collenchyma;Columella;Inner epidermis;Locular tissue;Outer epidermis;Parenchyma;Placenta;Seeds;Septum;Total pericarp;Vascular tissue
Solyc03g118510,-0.5152064732142858,-0.4494396391369049,True,0.4494396391369049,-1.9494199074835177,-4.031713725433383,True,4,True,0.5704387990762124,0.6178252170104325,cross_cohort_expression_replication_only,57.0,Solyc03g118510.3,protein_coding,Ovary receptor kinase 27 (AHRD V3.3 *** S4WIQ7_SOLCH) && sp|Q9LP77|Y1848_ARATH Probable inactive receptor kinase At1g48480 OS=Arabidopsis thaliana OX=3702 GN=RKL1 PE=1 SV=1 && PF08263:Leucine rich repeat N-terminal domain|PF00069:Protein kinase domain|PF13855:Leucine rich repeat,Pkinase,gene-Solyc03g118510.3,,,Ensembl Plants BioMart,63,one_to_one,,,,,-0.6149056042801542,0.8571428571428571,-0.9766853520977096,0.1704407262968088,0.4027407221033715,1.0,7,5940,-0.615145764169574,-0.9895216520089578,-0.3701352530356323,276.0,0.32,1000,0.0209790209790209,0.0333365264872114,,four_cohort_expression_consensus,no_regulatory_claim,True,-1.0712104367282431,-1.0712916715910148,7.948837990753141e-15,2.89546196974647e-13,True,2.0,1.325788730950034,-1.325788730950034,1.2974492043156701e-09,Solyc03g118510.2.1_S299;Solyc03g118510.2.1_S660,True,differential_direction_concordant,differential_site,none,False,expression_only_or_binding_only,,,,no_admitted_binding_record,11.0,1.0,Collenchyma;Columella;Inner epidermis;Locular tissue;Outer epidermis;Parenchyma;Placenta;Seeds;Septum;Total pericarp;Vascular tissue,Collenchyma;Columella;Inner epidermis;Locular tissue;Outer epidermis;Parenchyma;Placenta;Seeds;Septum;Total pericarp;Vascular tissue
Solyc01g104850,-0.5013718377976191,-0.6465715680803573,True,0.5013718377976191,-2.829183832950114,-4.4853599187648925,True,4,True,0.5700431034482759,0.7423704159034802,cross_cohort_expression_replication_only,58.0,Solyc01g104850.3,protein_coding,Carboxypeptidase (AHRD V3.3 *** A0A1U8HG02_CAPAN) && sp|Q9FH05|SCP42_ARATH Serine carboxypeptidase-like 42 OS=Arabidopsis thaliana OX=3702 GN=SCPL42 PE=2 SV=1 && PF00450:Serine carboxypeptidase,Peptidase_S10,gene-Solyc01g104850.3,,,Ensembl Plants BioMart,63,one_to_one,RIN,in_vivo_promoter_binding,binding_only,ripening_tomato_fruit;ITAG2;three_biological_replicates,-0.6134033026580339,0.8571428571428571,-0.9562901921727688,0.265085755021596,0.4327194962496379,1.0,7,6015,-0.6142923931118025,-0.9833160448201174,-0.3617579096358971,284.0,0.228,1000,0.0219780219780219,0.0337675569463649,,four_cohort_expression_consensus,source_bound_context_limited,True,-0.7738734376834517,-0.7724233492171608,2.7237289482953e-07,7.50651252479028e-07,True,,,,,,False,differential_direction_concordant,none,binding_only,True,binding_plus_independent_perturbation_expression,2.1212176792669672,0.00017346785264452935,True,binding_plus_independent_perturbation_expression,10.0,0.9,Collenchyma;Columella;Inner epidermis;Locular tissue;Parenchyma;Placenta;Seeds;Septum;Total pericarp,Collenchyma;Columella;Inner epidermis;Locular tissue;Parenchyma;Placenta;Seeds;Septum;Total pericarp;Vascular tissue
Solyc02g055440,-0.5231468563988095,-0.4325358072916667,True,0.4325358072916667,-3.093535676814139,-3.678422840616794,True,4,True,0.5689655172413793,0.655819463247591,cross_cohort_expression_replication_only,59.0,Solyc02g055440.4,protein_coding,"E3 ubiquitin-protein ligase%2C putative (DUF177) (AHRD V3.3 *** AT3G19800.2) && sp|Q9C5M1|YCED2_ARATH Large ribosomal RNA subunit accumulation protein YCED homolog 2, chloroplastic OS=Arabidopsis thaliana OX=3702 GN=At3g19800 PE=2 SV=1 && PF02620:Large ribosomal RNA subunit accumulation protein YceD",-,gene-Solyc02g055440.4,,,Ensembl Plants BioMart,63,one_to_one,,,,,-0.8831155046587801,1.0,-0.9761123688865864,0.68979326540026,0.1024435973998961,1.0,7,493,-0.8834311345878006,-0.988109327670122,-0.8315926495509216,101.5,1.0,1000,0.0009990009990009,0.0073577216434359,,four_cohort_expression_consensus,no_regulatory_claim,False,,,,,,,,,,,,not_measured,none,none,False,expression_only_or_binding_only,,,,no_admitted_binding_record,9.0,1.0,Collenchyma;Columella;Inner epidermis;Locular tissue;Parenchyma;Placenta;Seeds;Septum;Total pericarp,Collenchyma;Columella;Inner epidermis;Locular tissue;Parenchyma;Placenta;Seeds;Septum;Total pericarp
Solyc02g087840,-0.5917271205357142,-0.4322916666666667,True,0.4322916666666667,-3.0553209176676104,-4.119467199788811,True,4,True,0.5668103448275862,0.7294412479095326,cross_cohort_expression_replication_only,60.0,Solyc02g087840.3,protein_coding,Leucine zipper && sp|Q8LC03|ATB13_ARATH Homeobox-leucine zipper protein ATHB-13 OS=Arabidopsis thaliana OX=3702 GN=ATHB-13 PE=2 SV=2 && PF00046:Homeodomain|PF02183:Homeobox associated leucine zipper,Homeobox,gene-Solyc02g087840.3,,,Ensembl Plants BioMart,63,one_to_one,,,,,-0.6199573951363146,0.8571428571428571,-0.9833755477221552,0.5741183377364029,0.5458845094619426,1.0,7,5722,-0.6201204167599945,-0.9903756673523556,-0.3384973384932457,247.0,0.32,1000,0.0159840159840159,0.0302717690472792,,four_cohort_expression_consensus,no_regulatory_claim,False,,,,,,,,,,,,not_measured,none,none,False,expression_only_or_binding_only,,,,no_admitted_binding_record,11.0,1.0,Collenchyma;Columella;Inner epidermis;Locular tissue;Outer epidermis;Parenchyma;Placenta;Seeds;Septum;Total pericarp;Vascular tissue,Collenchyma;Columella;Inner epidermis;Locular tissue;Outer epidermis;Parenchyma;Placenta;Seeds;Septum;Total pericarp;Vascular tissue
Solyc09g011470,0.5013020833333334,0.4423014322916667,True,0.4423014322916667,2.139875979703298,4.231629102515022,True,4,True,0.5668103448275862,0.6266400215019511,cross_cohort_expression_replication_only,61.0,Solyc09g011470.3,protein_coding,Plant/T7H20-70 protein (AHRD V3.3 *-* G7L5L0_MEDTR) && - && -,-,gene-Solyc09g011470.3,,NM_001317852,Ensembl Plants BioMart,63,one_to_one,,,,,0.6035349630397138,0.8571428571428571,0.9627633404391313,0.8677035950110051,0.6665553419862742,1.0,7,6548,0.6035965733181908,0.2979413775282691,0.9909111679342218,316.0,0.316,1000,0.0349650349650349,0.0462215846831231,,four_cohort_expression_consensus,no_regulatory_claim,True,1.8223309918560784,1.823634931511375,1.87491261216435e-12,2.2890416616643898e-11,True,3.0,1.3865171668494392,-1.3865171668494392,2.6021918437084103e-09,Solyc09g011470.2.1_S11;Solyc09g011470.2.1_S66;Solyc09g011470.2.1_S8,True,differential_direction_concordant,differential_site,none,False,expression_only_or_binding_only,,,,no_admitted_binding_record,11.0,1.0,Collenchyma;Columella;Inner epidermis;Locular tissue;Outer epidermis;Parenchyma;Placenta;Seeds;Septum;Total pericarp;Vascular tissue,Collenchyma;Columella;Inner epidermis;Locular tissue;Outer epidermis;Parenchyma;Placenta;Seeds;Septum;Total pericarp;Vascular tissue
Solyc01g097770,-0.4983258928571429,-0.6242036365327382,True,0.4983258928571429,-4.528057592988333,-4.120449004997435,True,4,True,0.5646551724137931,0.7729354145098353,cross_cohort_expression_replication_only,62.0,Solyc01g097770.4,protein_coding,phototropin 2 && sp|P93025|PHOT2_ARATH Phototropin-2 OS=Arabidopsis thaliana OX=3702 GN=PHOT2 PE=1 SV=2 && PF00069:Protein kinase domain|PF13426:PAS domain,Pkinase,gene-Solyc01g097770.4,PHOT2,NM_001247360,Ensembl Plants BioMart,63,one_to_one,,,,,-0.7263105425340507,1.0,-0.9913244093624124,0.2158133098502956,0.2718412589550051,1.0,7,2815,-0.7264003788988216,-0.9951768352309722,-0.6037103596247682,183.0,0.702,1000,0.0029970029970029,0.0108641358641358,,four_cohort_expression_consensus,no_regulatory_claim,True,-1.7088442495540437,-1.708973630224807,5.09036694465436e-15,2.0019106815968098e-13,True,27.0,2.112085089675096,-2.112085089675096,2.71595556152457e-10,Solyc01g097770.2.1_S106;S110;S117;Solyc01g097770.2.1_S117;Solyc01g097770.2.1_S120;Solyc01g097770.2.1_S132;Solyc01g097770.2.1_S132;S145;Solyc01g097770.2.1_S145;Solyc01g097770.2.1_S312;Solyc01g097770.2.1_S313;Solyc01g097770.2.1_S339;S342;T343;Solyc01g097770.2.1_S342;T343;Solyc01g097770.2.1_S342;T343;T348;Solyc01g097770.2.1_S358;Solyc01g097770.2.1_S376;Solyc01g097770.2.1_S381;Solyc01g097770.2.1_S547;Solyc01g097770.2.1_S7;Solyc01g097770.2.1_T131;Solyc01g097770.2.1_T348;Solyc01g097770.2.1_T78,True,differential_direction_concordant,differential_site,none,False,expression_only_or_binding_only,,,,no_admitted_binding_record,11.0,1.0,Collenchyma;Columella;Inner epidermis;Locular tissue;Outer epidermis;Parenchyma;Placenta;Seeds;Septum;Total pericarp;Vascular tissue,Collenchyma;Columella;Inner epidermis;Locular tissue;Outer epidermis;Parenchyma;Placenta;Seeds;Septum;Total pericarp;Vascular tissue
Solyc11g018500,-0.5460263206845238,-0.4305478050595239,True,0.4305478050595239,-1.976711921480375,-3.551261121310657,True,4,True,0.5646551724137931,0.6038937445249661,cross_cohort_expression_replication_only,63.0,Solyc11g018500.3,protein_coding,Beta-galactosidase (AHRD V3.3 *** A0A2G2ZPF3_CAPAN) && sp|Q8GX69|BGA16_ARATH Beta-galactosidase 16 OS=Arabidopsis thaliana OX=3702 GN=BGAL16 PE=2 SV=2 && PF01301:Glycosyl hydrolases family 35|PF17834:Beta-sandwich domain in beta galactosidase,-,gene-Solyc11g018500.3,,,Ensembl Plants BioMart,63,one_to_one,,,,,-0.5889210021799595,0.8571428571428571,-0.904348655733156,0.0004193399589046,0.350928599520514,1.0,7,7325,-0.5891929104673057,-0.9885838406534874,-0.3711182541787252,310.5,0.086,1000,0.0439560439560439,0.0558783682071353,,four_cohort_expression_consensus,no_regulatory_claim,True,-0.4658558844285058,,,,False,,,,,,False,measured_direction_concordant,none,none,False,expression_only_or_binding_only,,,,no_admitted_binding_record,9.0,1.0,Collenchyma;Columella;Inner epidermis;Locular tissue;Outer epidermis;Parenchyma;Placenta;Septum;Total pericarp,Collenchyma;Columella;Inner epidermis;Locular tissue;Outer epidermis;Parenchyma;Placenta;Septum;Total pericarp
Solyc01g097290,-0.5502174014136905,-0.465704055059524,True,0.465704055059524,-1.9289995371571136,-4.79089224781432,True,4,True,0.5635103926096998,0.6872138050489767,cross_cohort_expression_replication_only,64.0,Solyc01g097290.4,protein_coding,auxin-regulated IAA16 && sp|O24407|IAA16_ARATH Auxin-responsive protein IAA16 OS=Arabidopsis thaliana OX=3702 GN=IAA16 PE=1 SV=1 && PF02309:AUX/IAA family,-,gene-Solyc01g097290.4,IAA16,,Ensembl Plants BioMart,63,one_to_one,,,,,-0.6159795879636761,0.8571428571428571,-0.9551481199945794,0.7122069862037153,0.5869483270444651,1.0,7,5895,-0.6166301845732849,-0.9712419915926832,-0.325896724045155,272.5,0.276,1000,0.0169830169830169,0.0305431003105421,,four_cohort_expression_consensus,no_regulatory_claim,False,,,,,,,,,,,,not_measured,none,none,False,expression_only_or_binding_only,,,,no_admitted_binding_record,11.0,1.0,Collenchyma;Columella;Inner epidermis;Locular tissue;Outer epidermis;Parenchyma;Placenta;Seeds;Septum;Total pericarp;Vascular tissue,Collenchyma;Columella;Inner epidermis;Locular tissue;Outer epidermis;Parenchyma;Placenta;Seeds;Septum;Total pericarp;Vascular tissue
Solyc10g024420,0.5718877883184524,0.4846888950892857,True,0.4846888950892857,1.9117777902677773,5.487873702536788,True,4,True,0.558891454965358,0.7280849327068567,cross_cohort_expression_replication_only,65.0,Solyc10g024420.3,protein_coding,ABC transporter C family member 9 (AHRD V3.3 *** A0A2G2VSW8_CAPBA) && sp|Q9M1C7|AB9C_ARATH ABC transporter C family member 9 OS=Arabidopsis thaliana OX=3702 GN=ABCC9 PE=2 SV=2 && PF00005:ABC transporter|PF00664:ABC transporter transmembrane region,ABC_membrane,gene-Solyc10g024420.3,,,Ensembl Plants BioMart,63,one_to_one,,,,,0.4397464406298205,0.7142857142857143,0.6965825931346311,0.4746928334801022,0.7246843911802177,1.0,7,14174,0.4427622704756642,-0.0283624382603497,0.9898572577200192,396.0,0.086,1000,0.1408591408591408,0.1541477390533994,,four_cohort_expression_consensus,no_regulatory_claim,True,0.9963158368240316,0.9978780931050932,1.09328451900166e-11,1.0027980190801601e-10,True,1.0,0.7899054749629658,0.7899054749629658,4.69608982784701e-07,Solyc10g024420.1.1_S869,True,differential_direction_concordant,differential_site,none,False,expression_only_or_binding_only,,,,no_admitted_binding_record,11.0,1.0,Collenchyma;Columella;Inner epidermis;Locular tissue;Outer epidermis;Parenchyma;Placenta;Seeds;Septum;Total pericarp;Vascular tissue,Collenchyma;Columella;Inner epidermis;Locular tissue;Outer epidermis;Parenchyma;Placenta;Seeds;Septum;Total pericarp;Vascular tissue
Solyc05g026240,-0.4960356212797618,-0.6025390625,True,0.4960356212797618,-2.5365649479928227,-4.969240719725556,True,4,True,0.5560344827586207,0.7314383909373258,cross_cohort_expression_replication_only,66.0,Solyc05g026240.3,protein_coding,Leucine-rich repeat receptor-like protein kinase family (AHRD V3.3 *** A0A0K9Q1P6_ZOSMR) && sp|Q9LJ64|PLRX1_ARATH Pollen-specific leucine-rich repeat extensin-like protein 1 OS=Arabidopsis thaliana OX=3702 GN=PEX1 PE=1 SV=1 && PF08263:Leucine rich repeat N-terminal domain|PF13855:Leucine rich repeat,LRRNT_2,gene-Solyc05g026240.3,,,Ensembl Plants BioMart,63,one_to_one,,,,,-0.6169341413633901,0.8571428571428571,-0.9846161622283,0.8226191973833186,0.6332355076433533,1.0,7,5854,-0.6170172367495109,-0.994675884218152,-0.3155323747893955,263.5,0.32,1000,0.0149850149850149,0.0293377508567382,,four_cohort_expression_consensus,no_regulatory_claim,True,-0.8362044878341324,-0.8367353020342901,2.8595855987482e-11,2.24522939944116e-10,True,,,,,,False,differential_direction_concordant,none,none,False,expression_only_or_binding_only,,,,no_admitted_binding_record,11.0,1.0,Collenchyma;Columella;Inner epidermis;Locular tissue;Outer epidermis;Parenchyma;Placenta;Seeds;Septum;Total pericarp;Vascular tissue,Collenchyma;Columella;Inner epidermis;Locular tissue;Outer epidermis;Parenchyma;Placenta;Seeds;Septum;Total pericarp;Vascular tissue
Solyc07g042390,-0.5619187127976191,-0.516630626860119,True,0.516630626860119,-1.884123674645828,-3.8107142208977143,True,4,True,0.5542725173210161,0.6601198534681851,cross_cohort_expression_replication_only,67.0,Solyc07g042390.3,protein_coding,Plant invertase/pectin methylesterase inhibitor superfamily protein (AHRD V3.3 *** A0A061GSW0_THECC) && sp|Q84WE4|PMEI3_ARATH Pectinesterase inhibitor 3 OS=Arabidopsis thaliana OX=3702 GN=PMEI3 PE=2 SV=1 && PF04043:Plant invertase/pectin methylesterase inhibitor,-,gene-Solyc07g042390.3,,,Ensembl Plants BioMart,63,one_to_one,RIN,in_vivo_promoter_binding,binding_only,ripening_tomato_fruit;ITAG2;three_biological_replicates,-0.7207094191407296,1.0,-0.9790113196687732,0.2036524510420598,0.2725787359825722,1.0,7,2945,-0.7209613333451012,-0.9888220229316496,-0.5983071389552658,187.5,0.658,1000,0.0069930069930069,0.0185414585414585,,four_cohort_expression_consensus,source_bound_context_limited,True,-0.3593190947548446,,,,False,,,,,,False,measured_direction_concordant,none,binding_only,True,binding_plus_independent_perturbation_expression,5.7150502381306385,4.798711171771637e-10,True,binding_plus_independent_perturbation_expression,11.0,1.0,Collenchyma;Columella;Inner epidermis;Locular tissue;Outer epidermis;Parenchyma;Placenta;Seeds;Septum;Total pericarp;Vascular tissue,Collenchyma;Columella;Inner epidermis;Locular tissue;Outer epidermis;Parenchyma;Placenta;Seeds;Septum;Total pericarp;Vascular tissue
Solyc12g006470,-0.6501697358630951,-0.4769228980654762,True,0.4769228980654762,-3.960073039032924,-3.4732758738928955,True,4,True,0.5474137931034483,0.7567318029784185,cross_cohort_expression_replication_only,68.0,Solyc12g006470.2,protein_coding,viroid RNA-binding protein && sp|Q84P53|GATP2_SOLLC Gamma aminobutyrate transaminase 2 OS=Solanum lycopersicum OX=4081 GN=GABA-TP2 PE=1 SV=1 && PF00202:Aminotransferase class-III,Aminotran_3,gene-Solyc12g006470.2,GABA-TP2,NM_001247411,Ensembl Plants BioMart,63,one_to_one,,,,,-0.9508003210114266,1.0,-0.9875183990040378,0.8728980584559902,0.0412733526695683,1.0,7,93,-0.9509285544449196,-0.991797515074324,-0.9291677288244924,51.0,1.0,1000,0.0009990009990009,0.0073577216434359,,four_cohort_expression_consensus,no_regulatory_claim,True,-1.9403672887600376,-1.9404001400667592,2.32120804852583e-16,1.91026825326829e-14,True,,,,,,False,differential_direction_concordant,none,none,False,expression_only_or_binding_only,,,,no_admitted_binding_record,10.0,0.9,Collenchyma;Columella;Inner epidermis;Locular tissue;Outer epidermis;Parenchyma;Placenta;Septum;Total pericarp,Collenchyma;Columella;Inner epidermis;Locular tissue;Outer epidermis;Parenchyma;Placenta;Seeds;Septum;Total pericarp
Solyc04g072850,-0.5227167038690477,-0.4167364211309524,True,0.4167364211309524,-3.711285050659539,-4.767070962757145,True,4,True,0.5431034482758621,0.7257120032651111,cross_cohort_expression_replication_only,69.0,Solyc04g072850.5,protein_coding,Beta-D-xylosidase (AHRD V3.11 *** tr_H1AC33_H1AC33_SOLLC) && sp|Q9SGZ5|BXL7_ARATH Probable beta-D-xylosidase 7 OS=Arabidopsis thaliana OX=3702 GN=BXL7 PE=2 SV=2 && PF14310:Fibronectin type III-like domain|PF01915:Glycosyl hydrolase family 3 C-terminal domain|PF00933:Glycosyl hydrolase family 3 N terminal domain,Glyco_hydro_3_C,gene-Solyc04g072850.4,Arf/Xyl4,NM_001279185,Ensembl Plants BioMart,63,one_to_one,,,,,-0.5992241855725565,0.8571428571428571,-0.8934452425530006,0.4949669845928099,0.5202223965301618,1.0,7,6791,-0.5992858715892515,-0.9913607609373,-0.3375948573880498,309.5,0.344,1000,0.0189810189810189,0.0323793853205617,,four_cohort_expression_consensus,no_regulatory_claim,True,-0.531420788600014,,,,False,,,,,,False,measured_direction_concordant,none,none,False,expression_only_or_binding_only,,,,no_admitted_binding_record,11.0,0.9090909090909092,Collenchyma;Columella;Inner epidermis;Locular tissue;Outer epidermis;Parenchyma;Placenta;Septum;Total pericarp;Vascular tissue,Collenchyma;Columella;Inner epidermis;Locular tissue;Outer epidermis;Parenchyma;Placenta;Seeds;Septum;Total pericarp;Vascular tissue
Solyc06g065670,-0.494349888392857,-0.4271298363095238,True,0.4271298363095238,-3.0117754670559034,-3.442202625680824,True,4,True,0.5431034482758621,0.6107524687425341,cross_cohort_expression_replication_only,70.0,Solyc06g065670.4,protein_coding,Pleiotropic drug resistance protein 4 (AHRD V3.3 *** A0A2G2WKR5_CAPBA) && sp|O81016|AB32G_ARATH ABC transporter G family member 32 OS=Arabidopsis thaliana OX=3702 GN=ABCG32 PE=1 SV=1 && PF08370:Plant PDR ABC transporter associated|PF01061:ABC-2 type transporter|PF14510:ABC-transporter N-terminal|PF00005:ABC transporter,ABC2_membrane,gene-Solyc06g065670.4,,,Ensembl Plants BioMart,63,one_to_one,,,,,-0.6146780459649137,0.8571428571428571,-0.9804106176608268,0.1406571057156036,0.3932332851286683,1.0,7,5953,-0.6149006857478898,-0.9906387063803628,-0.3724273621126359,276.0,0.32,1000,0.0199800199800199,0.0329919191129155,,four_cohort_expression_consensus,no_regulatory_claim,False,,,,,,,,,,,,not_measured,none,none,False,expression_only_or_binding_only,,,,no_admitted_binding_record,10.0,1.0,Collenchyma;Columella;Inner epidermis;Locular tissue;Outer epidermis;Placenta;Seeds;Septum;Total pericarp;Vascular tissue,Collenchyma;Columella;Inner epidermis;Locular tissue;Outer epidermis;Placenta;Seeds;Septum;Total pericarp;Vascular tissue
Solyc04g077640,0.5630580357142858,0.5432710193452381,True,0.5432710193452381,1.820010700381422,3.546296032431987,True,4,True,0.535796766743649,0.649035398582464,cross_cohort_expression_replication_only,71.0,Solyc04g077640.4,protein_coding,Serine carboxypeptidase (AHRD V3.3 *** A0A2K3MSK4_TRIPR) && sp|Q9C7Z9|SCP18_ARATH Serine carboxypeptidase-like 18 OS=Arabidopsis thaliana OX=3702 GN=SCPL18 PE=2 SV=2 && PF00450:Serine carboxypeptidase,Peptidase_S10,gene-Solyc04g077640.4,,,Ensembl Plants BioMart,63,one_to_one,,,,,0.8947417582213304,1.0,0.9629720370455528,0.7804255319148936,0.0772528043476797,0.8571428571428571,6,375,0.9001806576093291,0.8496847656504443,0.9776995384909102,97.5,0.696,1000,0.0059940059940059,0.0171680171680171,,four_cohort_expression_consensus,no_regulatory_claim,True,0.2055535778912147,,,,False,,,,,,False,measured_direction_concordant,none,none,False,expression_only_or_binding_only,,,,no_admitted_binding_record,9.0,1.0,Collenchyma;Columella;Inner epidermis;Locular tissue;Parenchyma;Placenta;Seeds;Septum;Total pericarp,Collenchyma;Columella;Inner epidermis;Locular tissue;Parenchyma;Placenta;Seeds;Septum;Total pericarp
Solyc03g031860,0.4908621651785714,0.461065383184524,True,0.461065383184524,3.1360776346466324,6.162408549576807,True,4,True,0.5280172413793104,0.7308660010352791,cross_cohort_expression_replication_only,72.0,Solyc03g031860.3,protein_coding,"Phytoene synthase 1 && sp|P08196|PSY1_SOLLC Phytoene synthase 1, chloroplastic OS=Solanum lycopersicum OX=4081 GN=PSY1 PE=1 SV=2 && PF00494:Squalene/phytoene synthase",-,,,,Ensembl Plants BioMart,63,not_mapped_in_export,,,,,0.756552969935454,1.0,0.9211182864399144,0.3874281880320375,0.2278419938823529,1.0,7,2225,0.7566737637334118,0.6710998610799336,0.9938266488395344,177.0,0.756,1000,0.0019980019980019,0.0091789398720091,,four_cohort_expression_consensus,no_regulatory_claim,True,1.7724613753142566,1.7723896275084172,7.934207581225039e-18,2.3506412327309304e-15,True,1.0,1.3779493832751275,-1.3779493832751275,7.83758857346095e-09,Solyc03g031860.2.1_S310,True,differential_direction_concordant,differential_site,none,False,expression_only_or_binding_only,,,,no_admitted_binding_record,11.0,1.0,Collenchyma;Columella;Inner epidermis;Locular tissue;Outer epidermis;Parenchyma;Placenta;Seeds;Septum;Total pericarp;Vascular tissue,Collenchyma;Columella;Inner epidermis;Locular tissue;Outer epidermis;Parenchyma;Placenta;Seeds;Septum;Total pericarp;Vascular tissue
Solyc09g066060,0.6534656343005953,0.4892054966517858,True,0.4892054966517858,2.2002988188470445,3.38718179299261,True,4,True,0.5280172413793104,0.6877550868041731,cross_cohort_expression_replication_only,73.0,Solyc09g066060.4,protein_coding,homeobox-leucine zipper protein ROC8 (AHRD V3.11 *** tr_A0A2I4EBE3_A0A2I4EBE3_9ROSI) && sp|Q9M9P4|HDG8_ARATH Homeobox-leucine zipper protein HDG8 OS=Arabidopsis thaliana OX=3702 GN=HDG8 PE=2 SV=2 && PF01852:START domain|PF00046:Homeodomain,START,gene-Solyc09g066060.3,,,Ensembl Plants BioMart,63,one_to_one,,,,,0.6068666613685998,0.8571428571428571,0.9514568185914516,0.0465467354384199,0.3544909097028498,1.0,7,6382,0.6084084925220654,0.3767827451281482,0.9738087667556437,296.0,0.248,1000,0.0369630369630369,0.0483122511291525,,four_cohort_expression_consensus,no_regulatory_claim,False,,,,,,,,,,,,not_measured,none,none,False,expression_only_or_binding_only,,,,no_admitted_binding_record,6.0,1.0,Columella;Locular tissue;Placenta;Seeds;Septum;Total pericarp,Columella;Locular tissue;Placenta;Seeds;Septum;Total pericarp
Solyc12g040640,-0.8142206101190474,-0.4090401785714286,True,0.4090401785714286,-2.8888695946429883,-4.875201432868446,True,4,True,0.5258620689655172,0.7795477622043482,cross_cohort_expression_replication_only,74.0,Solyc12g040640.2,protein_coding,Beta-glucosidase (AHRD V3.3 *** B6TW65_MAIZE) && sp|Q9LV33|BGL44_ARATH Beta-glucosidase 44 OS=Arabidopsis thaliana OX=3702 GN=BGLU44 PE=2 SV=1 && PF00232:Glycosyl hydrolase family 1,Glyco_hydro_1,gene-Solyc12g040640.2,,,Ensembl Plants BioMart,63,one_to_one,,,,,-0.6160669186108721,0.8571428571428571,-0.9764629064876365,0.2325973917054555,0.4250166997598756,1.0,7,5891,-0.6163645749123849,-0.9900115556215514,-0.3653422648039062,271.5,0.32,1000,0.0219780219780219,0.0337675569463649,,four_cohort_expression_consensus,no_regulatory_claim,True,-0.6362989011859884,-0.638348498424861,1.37495997907409e-08,5.09193512250438e-08,True,,,,,,False,differential_direction_concordant,none,none,False,expression_only_or_binding_only,,,,no_admitted_binding_record,7.0,1.0,Collenchyma;Columella;Parenchyma;Placenta;Septum;Total pericarp;Vascular tissue,Collenchyma;Columella;Parenchyma;Placenta;Septum;Total pericarp;Vascular tissue
Solyc10g054840,-0.5256696428571429,-0.405459449404762,True,0.405459449404762,-2.8928909639898546,-4.794709035172327,True,4,True,0.5237068965517241,0.6949958190650634,cross_cohort_expression_replication_only,75.0,Solyc10g054840.2,protein_coding,X-intrinsic protein 1.1 && sp|Q9ATN0|PIP16_MAIZE Aquaporin PIP1-6 OS=Zea mays OX=4577 GN=PIP1-6 PE=2 SV=1 && PF00230:Major intrinsic protein,-,,,,Ensembl Plants BioMart,63,not_mapped_in_export,,,,,-0.7046396657216334,1.0,-0.9581221181373768,0.1689520694426972,0.283934592030967,1.0,7,3340,-0.7050372239003426,-0.9903434867021338,-0.5813698564109431,204.0,0.422,1000,0.0079920079920079,0.0203752291664379,,four_cohort_expression_consensus,no_regulatory_claim,False,,,,,,,,,,,,not_measured,none,none,False,expression_only_or_binding_only,,,,no_admitted_binding_record,4.0,1.0,Inner epidermis;Outer epidermis;Seeds;Total pericarp,Inner epidermis;Outer epidermis;Seeds;Total pericarp
Solyc05g055400,-0.496640159970238,-0.4050292968750001,True,0.4050292968750001,-4.822210691822259,-5.799165530522323,True,4,True,0.521551724137931,0.7396845385044198,cross_cohort_expression_replication_only,76.0,Solyc05g055400.5,protein_coding,Cytochrome P450 (AHRD V3.11 *** tr_A0A200Q2G7_A0A200Q2G7_9MAGN) && sp|P37124|C77A2_SOLME Cytochrome P450 77A2 OS=Solanum melongena OX=4111 GN=CYP77A2 PE=2 SV=1 && PF00067:Cytochrome P450,p450,gene-Solyc05g055400.4,CYP77A19,NM_001323299,Ensembl Plants BioMart,63,one_to_one,,,,,-0.980634901509174,1.0,-0.9882461356806582,0.95701765421227,0.0146626904230805,1.0,7,11,-0.9807076710194174,-0.9908233181495276,-0.9749324742159782,14.0,1.0,1000,0.0009990009990009,0.0073577216434359,,four_cohort_expression_consensus,no_regulatory_claim,True,-2.990205460628894,-2.9882648414044777,6.79903791195904e-16,4.1675757904477204e-14,True,,,,,,False,differential_direction_concordant,none,none,False,expression_only_or_binding_only,,,,no_admitted_binding_record,6.0,1.0,Inner epidermis;Locular tissue;Outer epidermis;Seeds;Septum;Total pericarp,Inner epidermis;Locular tissue;Outer epidermis;Seeds;Septum;Total pericarp
Solyc03g118120,-0.4890950520833333,-0.4740862165178572,True,0.4740862165178572,-2.777971956076981,-4.089918635177064,True,4,True,0.5172413793103449,0.65246849366887,cross_cohort_expression_replication_only,77.0,Solyc03g118120.3,protein_coding,Transferring glycosyl group transferase (AHRD V3.3 *** A0A2K3L539_TRIPR) && sp|Q67YC9|Y4141_ARATH Uncharacterized protein At4g14100 OS=Arabidopsis thaliana OX=3702 GN=At4g14100 PE=2 SV=1 && -,-,gene-Solyc03g118120.3,,,Ensembl Plants BioMart,63,one_to_one,,,,,-0.6202108800425755,0.8571428571428571,-0.9841020456160928,0.4775862791965446,0.5119790048505624,1.0,7,5711,-0.6203114855639253,-0.9904869961909216,-0.3469025884486299,246.0,0.32,1000,0.0169830169830169,0.0305431003105421,,four_cohort_expression_consensus,no_regulatory_claim,True,0.0411569401026094,,,,False,,,,,,False,measured_direction_discordant,none,none,False,expression_only_or_binding_only,,,,no_admitted_binding_record,11.0,1.0,Collenchyma;Columella;Inner epidermis;Locular tissue;Outer epidermis;Parenchyma;Placenta;Seeds;Septum;Total pericarp;Vascular tissue,Collenchyma;Columella;Inner epidermis;Locular tissue;Outer epidermis;Parenchyma;Placenta;Seeds;Septum;Total pericarp;Vascular tissue
Solyc08g075490,-0.6520879836309526,-0.4034598214285715,True,0.4034598214285715,-4.294327217572813,-3.4196830482186016,True,4,True,0.5129310344827587,0.7219416958668472,cross_cohort_expression_replication_only,78.0,Solyc08g075490.5,protein_coding,"9-cis-epoxycarotenoid dioxygenase (AHRD V3.11 *** tr_A0A193PR95_A0A193PR95_9LILI) && sp|O49675|CCD4_ARATH Probable carotenoid cleavage dioxygenase 4, chloroplastic OS=Arabidopsis thaliana OX=3702 GN=CCD4 PE=1 SV=1 && PF03055:Retinal pigment epithelial membrane protein",RPE65,gene-Solyc08g075490.4,,,Ensembl Plants BioMart,63,one_to_one,,,,,-0.6797085293136952,1.0,-0.9881563035476786,0.0691491592233824,0.3222804997446578,1.0,7,3959,-0.6798063578798202,-0.9941867622558722,-0.5403356192759167,216.0,0.322,1000,0.0119880119880119,0.0259926988898951,,four_cohort_expression_consensus,no_regulatory_claim,False,,,,,,,,,,,,not_measured,none,none,False,expression_only_or_binding_only,,,,no_admitted_binding_record,10.0,1.0,Collenchyma;Columella;Inner epidermis;Locular tissue;Outer epidermis;Parenchyma;Placenta;Septum;Total pericarp;Vascular tissue,Collenchyma;Columella;Inner epidermis;Locular tissue;Outer epidermis;Parenchyma;Placenta;Septum;Total pericarp;Vascular tissue
Solyc01g058270,-0.4870954241071428,-0.5111955915178572,True,0.4870954241071428,-1.92416861645172,-3.5602244053441376,True,4,True,0.5107758620689655,0.5874985068089511,cross_cohort_expression_replication_only,79.0,Solyc01g058270.3,protein_coding,O-acetyltransferase family protein (AHRD V3.3 *** A0A2U1M4H7_ARTAN) && sp|Q0WW17|RWA2_ARATH Protein REDUCED WALL ACETYLATION 2 OS=Arabidopsis thaliana OX=3702 GN=RWA2 PE=1 SV=1 && PF07779:10 TM Acyl Transferase domain found in Cas1p,-,gene-Solyc01g058270.3,,,Ensembl Plants BioMart,63,one_to_one,,,,,-0.94737616576675,1.0,-0.9715934645503196,0.8772413793103448,0.0404377234387751,1.0,7,103,-0.947532462397765,-0.9886203907012387,-0.9300568160014056,55.5,0.996,1000,0.0009990009990009,0.0073577216434359,,four_cohort_expression_consensus,no_regulatory_claim,False,,,,,,,,,,,,not_measured,none,none,False,expression_only_or_binding_only,,,,no_admitted_binding_record,11.0,1.0,Collenchyma;Columella;Inner epidermis;Locular tissue;Outer epidermis;Parenchyma;Placenta;Seeds;Septum;Total pericarp;Vascular tissue,Collenchyma;Columella;Inner epidermis;Locular tissue;Outer epidermis;Parenchyma;Placenta;Seeds;Septum;Total pericarp;Vascular tissue
Solyc02g077790,0.5277506510416666,0.3982747395833331,True,0.3982747395833331,3.0938241229065113,5.134184459541009,True,4,True,0.5064655172413793,0.7145864856255475,cross_cohort_expression_replication_only,80.0,Solyc02g077790.1,protein_coding,Unknown protein && - && -,-,gene-Solyc02g077790.1,,,Ensembl Plants BioMart,63,one_to_one,,,,,0.9331497309418876,1.0,0.966702948689602,0.8487650438210257,0.0554598117579072,1.0,7,157,0.9336001816710248,0.9123579978459352,0.9895692350196056,78.0,0.93,1000,0.0019980019980019,0.0091789398720091,,four_cohort_expression_consensus,no_regulatory_claim,False,,,,,,,,,,,,not_measured,none,none,False,expression_only_or_binding_only,,,,no_admitted_binding_record,9.0,0.8888888888888888,Collenchyma;Columella;Locular tissue;Parenchyma;Placenta;Seeds;Septum;Total pericarp,Collenchyma;Columella;Inner epidermis;Locular tissue;Parenchyma;Placenta;Seeds;Septum;Total pericarp
Solyc05g018510,-0.5817173549107144,-0.4850725446428572,True,0.4850725446428572,-2.0721930677537546,-3.2402308438634724,True,4,True,0.5043103448275862,0.6458051286135224,cross_cohort_expression_replication_only,81.0,Solyc05g018510.3,protein_coding,ABC transporter-like (AHRD V3.3 *** A0A200PN89_9MAGN) && sp|O81016|AB32G_ARATH ABC transporter G family member 32 OS=Arabidopsis thaliana OX=3702 GN=ABCG32 PE=1 SV=1 && PF00005:ABC transporter|PF14510:ABC-transporter N-terminal|PF08370:Plant PDR ABC transporter associated|PF01061:ABC-2 type transporter,ABC2_membrane,gene-Solyc05g018510.3,ABCG36,,Ensembl Plants BioMart,63,one_to_one,,,,,-0.9581439298000216,1.0,-0.982012528398178,0.8954952311078503,0.0319581598517423,1.0,7,69,-0.9584797720419568,-0.9895120622811402,-0.9416416521646904,40.0,1.0,1000,0.0009990009990009,0.0073577216434359,,four_cohort_expression_consensus,no_regulatory_claim,True,-0.6968143632532365,-0.6982313193946128,6.15504242991986e-06,1.30190426266367e-05,True,4.0,2.1956103323938736,-2.1956103323938736,2.56166990480155e-09,Solyc05g018510.2.1_S12;S14;Solyc05g018510.2.1_S14;Solyc05g018510.2.1_S799;Solyc05g018510.2.1_S799;S804,True,differential_direction_concordant,differential_site,none,False,expression_only_or_binding_only,,,,no_admitted_binding_record,9.0,1.0,Collenchyma;Columella;Inner epidermis;Locular tissue;Outer epidermis;Placenta;Seeds;Septum;Total pericarp,Collenchyma;Columella;Inner epidermis;Locular tissue;Outer epidermis;Placenta;Seeds;Septum;Total pericarp
Solyc02g081600,-0.5266229538690477,-0.609956287202381,True,0.5266229538690477,-1.668986919762712,-3.4283180721039974,True,4,True,0.5011547344110855,0.6376809249820816,cross_cohort_expression_replication_only,82.0,Solyc02g081600.4,protein_coding,Zinc transporter protein (AHRD V3.3 *-* A5BDR3_VITVI) && sp|A3BI11|ZIP8_ORYSJ Zinc transporter 8 OS=Oryza sativa subsp. japonica OX=39947 GN=ZIP8 PE=2 SV=1 && PF02535:ZIP Zinc transporter,-,gene-Solyc02g081600.4,,,Ensembl Plants BioMart,63,one_to_one,,,,,-0.6787032280573023,1.0,-0.98142254804533,0.0686878852685872,0.3203831368628868,1.0,7,3981,-0.6788113110378255,-0.9893608594084536,-0.540198110936135,218.5,0.318,1000,0.0109890109890109,0.0246323724584594,,four_cohort_expression_consensus,no_regulatory_claim,False,,,,,,,,,,,,not_measured,none,none,False,expression_only_or_binding_only,,,,no_admitted_binding_record,11.0,1.0,Collenchyma;Columella;Inner epidermis;Locular tissue;Outer epidermis;Parenchyma;Placenta;Seeds;Septum;Total pericarp;Vascular tissue,Collenchyma;Columella;Inner epidermis;Locular tissue;Outer epidermis;Parenchyma;Placenta;Seeds;Septum;Total pericarp;Vascular tissue
Solyc01g099660,0.5013718377976191,0.3955659412202382,True,0.3955659412202382,2.132906052432889,5.182512737233454,True,4,True,0.5,0.6381854991239946,cross_cohort_expression_replication_only,83.0,Solyc01g099660.4,protein_coding,Heat shock protein 70 family (AHRD V3.3 *** A0A200QCN5_9MAGN) && sp|Q39043|BIP2_ARATH Heat shock 70 kDa protein BIP2 OS=Arabidopsis thaliana OX=3702 GN=BIP2 PE=1 SV=2 && PF00012:Hsp70 protein,HSP70,gene-Solyc01g099660.4,,,Ensembl Plants BioMart,63,one_to_one,,,,,0.5202163628889678,0.8571428571428571,0.8530893523544936,0.3387234042553191,0.6426694504906122,1.0,7,10489,0.5204272285734117,0.2482753906243028,0.9870668064428322,370.0,0.086,1000,0.0739260739260739,0.0881791730120779,,four_cohort_expression_consensus,no_regulatory_claim,True,2.2704543208365457,2.2703459622906004,6.41120302892552e-16,4.07019803722072e-14,True,,,,,,False,differential_direction_concordant,none,none,False,expression_only_or_binding_only,,,,no_admitted_binding_record,11.0,0.7272727272727273,Columella;Inner epidermis;Locular tissue;Outer epidermis;Parenchyma;Placenta;Septum;Total pericarp,Collenchyma;Columella;Inner epidermis;Locular tissue;Outer epidermis;Parenchyma;Placenta;Seeds;Septum;Total pericarp;Vascular tissue
Solyc01g080680,-0.6652599516369049,-0.4937395368303572,True,0.4937395368303572,-1.6435444151535854,-5.478795778219966,True,4,True,0.4942263279445728,0.750172961296488,cross_cohort_expression_replication_only,84.0,Solyc01g080680.4,protein_coding,Sugar transporter ERD6 (AHRD V3.11 *** tr_A0A0M8KTC8_A0A0M8KTC8_NICAT) && sp|Q8LBI9|EDL16_ARATH Sugar transporter ERD6-like 16 OS=Arabidopsis thaliana OX=3702 GN=At5g18840 PE=2 SV=2 && PF00083:Sugar (and other) transporter,Sugar_tr,gene-Solyc01g080680.3,,,Ensembl Plants BioMart,63,one_to_one,,,,,-0.7122050051205949,1.0,-0.9439047942953276,0.2064934792636389,0.2723327974460924,1.0,7,3144,-0.7127696047452652,-0.986266758056506,-0.596164313945784,208.0,0.348,1000,0.0039960039960039,0.0126996291379853,,four_cohort_expression_consensus,no_regulatory_claim,False,,,,,,,,,,,,not_measured,none,none,False,expression_only_or_binding_only,,,,no_admitted_binding_record,8.0,1.0,Collenchyma;Inner epidermis;Outer epidermis;Parenchyma;Seeds;Septum;Total pericarp;Vascular tissue,Collenchyma;Inner epidermis;Outer epidermis;Parenchyma;Seeds;Septum;Total pericarp;Vascular tissue
Solyc07g063350,-0.5208449590773809,-0.3929966517857143,True,0.3929966517857143,-4.873623891377865,-4.770243012038757,True,4,True,0.4913793103448275,0.7289858246396432,cross_cohort_expression_replication_only,85.0,Solyc07g063350.3,protein_coding,COP1-interacting protein 7 (AHRD V3.3 *** CIP7_ARATH) && sp|O80386|CIP7_ARATH COP1-interacting protein 7 OS=Arabidopsis thaliana OX=3702 GN=CIP7 PE=1 SV=1 && -,-,gene-Solyc07g063350.3,,,Ensembl Plants BioMart,63,one_to_one,,,,,-0.7662641071837671,1.0,-0.9820624313522408,0.343691030318279,0.2249193220015783,1.0,7,2052,-0.7664823795300716,-0.989485970376743,-0.6615349325590151,159.0,0.972,1000,0.0029970029970029,0.0108641358641358,,four_cohort_expression_consensus,no_regulatory_claim,True,-2.954166821514898,-2.954746420406669,9.79414956523209e-20,2.82958665073151e-16,True,8.0,2.099522023568717,-2.099522023568717,1.59942433690156e-09,Solyc07g063350.2.1_S661;S666;Solyc07g063350.2.1_S752;Solyc07g063350.2.1_S796;Solyc07g063350.2.1_S807;Solyc07g063350.2.1_S885;Solyc07g063350.2.1_S895;Solyc07g063350.2.1_S895;S898,True,differential_direction_concordant,differential_site,none,False,expression_only_or_binding_only,,,,no_admitted_binding_record,8.0,1.0,Collenchyma;Columella;Inner epidermis;Locular tissue;Parenchyma;Placenta;Septum;Total pericarp,Collenchyma;Columella;Inner epidermis;Locular tissue;Parenchyma;Placenta;Septum;Total pericarp
Solyc09g075810,-0.5164039248511905,-0.7499476841517858,True,0.5164039248511905,-1.7918720145054845,-3.100195177417307,True,4,True,0.4827586206896552,0.6499586883809828,cross_cohort_expression_replication_only,86.0,Solyc09g075810.3,protein_coding,Mavicyanin (AHRD V3.3 *** A0A2G3CT63_CAPCH) && sp|P80728|MAVI_CUCPE Mavicyanin OS=Cucurbita pepo OX=3663 PE=1 SV=1 && PF02298:Plastocyanin-like domain,Cu_bind_like,gene-Solyc09g075810.3,,,Ensembl Plants BioMart,63,one_to_one,,,,,-0.8348793790690381,1.0,-0.9696177951833288,0.5557446808510639,0.1488965498048971,1.0,7,1026,-0.835268296707167,-0.98593896648595,-0.7628582743765817,124.0,0.764,1000,0.0029970029970029,0.0108641358641358,,four_cohort_expression_consensus,no_regulatory_claim,True,-1.101552320974693,-1.1000218848708987,1.73180094610576e-12,2.1650175773287697e-11,True,,,,,,False,differential_direction_concordant,none,none,False,expression_only_or_binding_only,,,,no_admitted_binding_record,9.0,0.8888888888888888,Collenchyma;Columella;Inner epidermis;Outer epidermis;Parenchyma;Septum;Total pericarp;Vascular tissue,Collenchyma;Columella;Inner epidermis;Outer epidermis;Parenchyma;Seeds;Septum;Total pericarp;Vascular tissue
Solyc07g055050,-0.4804571242559524,-0.4578799293154762,True,0.4578799293154762,-1.754889640892454,-3.4018287983252873,True,4,True,0.480603448275862,0.5388130126622601,cross_cohort_expression_replication_only,87.0,Solyc07g055050.3,protein_coding,"ATP synthase protein I-related protein (AHRD V3.3 *** A0A2U1Q771_ARTAN) && sp|O82279|CG160_ARATH Protein CONSERVED ONLY IN THE GREEN LINEAGE 160, chloroplastic OS=Arabidopsis thaliana OX=3702 GN=CGL160 PE=1 SV=1 && -",-,gene-Solyc07g055050.3,,,Ensembl Plants BioMart,63,one_to_one,,,,,-0.9508426602902632,1.0,-0.97837001494376,0.8769656560573657,0.0372822753850461,1.0,7,92,-0.9511240765069944,-0.9865157789078788,-0.9317067662113,54.0,0.998,1000,0.0009990009990009,0.0073577216434359,,four_cohort_expression_consensus,no_regulatory_claim,False,,,,,,,,,,,,not_measured,none,none,False,expression_only_or_binding_only,,,,no_admitted_binding_record,11.0,1.0,Collenchyma;Columella;Inner epidermis;Locular tissue;Outer epidermis;Parenchyma;Placenta;Seeds;Septum;Total pericarp;Vascular tissue,Collenchyma;Columella;Inner epidermis;Locular tissue;Outer epidermis;Parenchyma;Placenta;Seeds;Septum;Total pericarp;Vascular tissue
Solyc06g035580,-0.573428199404762,-0.3794759114583334,True,0.3794759114583334,-3.179144220497211,-5.543610266917698,True,4,True,0.4762931034482758,0.7499166301664411,cross_cohort_expression_replication_only,88.0,Solyc06g035580.3,protein_coding,Glucose-methanol-choline (GMC) oxidoreductase family protein (AHRD V3.3 *** A0A1P8BHC1_ARATH) && sp|Q9S746|HTH_ARATH Protein HOTHEAD OS=Arabidopsis thaliana OX=3702 GN=HTH PE=1 SV=1 && PF05199:GMC oxidoreductase|PF00732:GMC oxidoreductase,-,gene-Solyc06g035580.3,,NM_001317332,Ensembl Plants BioMart,63,one_to_one,,,,,-0.6999537044191841,1.0,-0.968889618492232,0.1455948337317062,0.2923498802510431,1.0,7,3447,-0.7005598629381651,-0.9887039655727752,-0.572043561294749,206.0,0.4,1000,0.0089910089910089,0.0220731649303077,,four_cohort_expression_consensus,no_regulatory_claim,True,-2.2259577969830544,-2.224183877193638,3.76729990409893e-15,1.63335422183567e-13,True,,,,,,False,differential_direction_concordant,none,none,False,expression_only_or_binding_only,,,,no_admitted_binding_record,5.0,1.0,Inner epidermis;Outer epidermis;Seeds;Septum;Total pericarp,Inner epidermis;Outer epidermis;Seeds;Septum;Total pericarp
Solyc01g107890,-0.4799223400297619,-0.6803443545386905,True,0.4799223400297619,-4.012737490431873,-5.379293698737808,True,4,True,0.4741379310344827,0.8004511925619175,cross_cohort_expression_replication_only,89.0,Solyc01g107890.3,protein_coding,"Filament-like plant protein 7 (AHRD V3.3 *** A0A314KPZ1_NICAT) && sp|Q9SLN1|FPP7_ARATH Filament-like plant protein 7 OS=Arabidopsis thaliana OX=3702 GN=FPP7 PE=3 SV=2 && PF05911:Filament-like plant protein, long coiled-coil",-,gene-Solyc01g107890.3,,,Ensembl Plants BioMart,63,one_to_one,,,,,-0.6151505949785664,0.8571428571428571,-0.9775573894415336,0.1952656518639661,0.4128780753707095,1.0,7,5932,-0.6153114791143593,-0.9964254287499597,-0.3679052142822964,279.0,0.32,1000,0.0189810189810189,0.0323793853205617,,four_cohort_expression_consensus,no_regulatory_claim,False,,,,,,,,,,,,not_measured,none,none,False,expression_only_or_binding_only,,,,no_admitted_binding_record,11.0,1.0,Collenchyma;Columella;Inner epidermis;Locular tissue;Outer epidermis;Parenchyma;Placenta;Seeds;Septum;Total pericarp;Vascular tissue,Collenchyma;Columella;Inner epidermis;Locular tissue;Outer epidermis;Parenchyma;Placenta;Seeds;Septum;Total pericarp;Vascular tissue
Solyc05g011960,0.5136486235119048,0.3781156994047619,True,0.3781156994047619,2.7439681597333423,4.611464901686356,True,4,True,0.4741379310344827,0.6528915644660349,cross_cohort_expression_replication_only,90.0,Solyc05g011960.4,protein_coding,DnaJ domain-containing protein (AHRD V3.3 *-* A0A1Q3CHH1_CEPFO) && - && -,-,gene-Solyc05g011960.4,,,Ensembl Plants BioMart,63,one_to_one,,,,,0.8452812232240213,1.0,0.9657223940049942,0.5893823122405334,0.1373125289041596,1.0,7,901,0.8458502438169556,0.7795552062197686,0.987880836075351,133.0,0.932,1000,0.0029970029970029,0.0108641358641358,,four_cohort_expression_consensus,no_regulatory_claim,False,,,,,,,,,,,,not_measured,none,none,False,expression_only_or_binding_only,,,,no_admitted_binding_record,11.0,1.0,Collenchyma;Columella;Inner epidermis;Locular tissue;Outer epidermis;Parenchyma;Placenta;Seeds;Septum;Total pericarp;Vascular tissue,Collenchyma;Columella;Inner epidermis;Locular tissue;Outer epidermis;Parenchyma;Placenta;Seeds;Septum;Total pericarp;Vascular tissue
Solyc05g051010,-0.4959658668154761,-0.4228922526041667,True,0.4228922526041667,-2.5693274302787312,-3.07285176867328,True,4,True,0.4741379310344827,0.5687614477980409,cross_cohort_expression_replication_only,91.0,Solyc05g051010.4,protein_coding,Dihydroflavonol-4-reductase (AHRD V3.3 *** A0A2K3N028_TRIPR) && sp|Q40316|VESTR_MEDSA Vestitone reductase OS=Medicago sativa OX=3879 PE=1 SV=1 && PF01370:NAD dependent epimerase/dehydratase family,Epimerase,gene-Solyc05g051010.4,,,Ensembl Plants BioMart,63,one_to_one,,,,,-0.8887971055043526,1.0,-0.9694055235658264,0.712353755189332,0.0953512580124432,1.0,7,435,-0.8891030191087138,-0.9889162733875234,-0.8425094231045203,109.0,1.0,1000,0.0009990009990009,0.0073577216434359,,four_cohort_expression_consensus,no_regulatory_claim,True,-0.7867753590600468,-0.7878692267586204,1.0949639212416901e-09,5.51702909977109e-09,True,,,,,,False,differential_direction_concordant,none,none,False,expression_only_or_binding_only,,,,no_admitted_binding_record,9.0,1.0,Collenchyma;Columella;Inner epidermis;Locular tissue;Outer epidermis;Parenchyma;Placenta;Septum;Total pericarp,Collenchyma;Columella;Inner epidermis;Locular tissue;Outer epidermis;Parenchyma;Placenta;Septum;Total pericarp
Solyc09g083390,0.5057082403273812,0.4367327008928572,True,0.4367327008928572,1.5805603331210665,3.772558068862745,True,4,True,0.4734411085450346,0.5655585529983276,cross_cohort_expression_replication_only,92.0,Solyc09g083390.3,protein_coding,zinc knuckle (CCHC-type) family protein (AHRD V3.3 *-* AT5G43630.4) && - && PF03126:Plus-3 domain,-,gene-Solyc09g083390.3,,,Ensembl Plants BioMart,63,one_to_one,,,,,0.727758379921037,1.0,0.9630210082920552,0.235102947959911,0.2587989767609048,1.0,7,2791,0.7285216671966303,0.6116206024652585,0.9834420805481456,186.0,0.648,1000,0.0119880119880119,0.0259926988898951,,four_cohort_expression_consensus,no_regulatory_claim,False,,,,,,,,,,,,not_measured,none,none,False,expression_only_or_binding_only,,,,no_admitted_binding_record,10.0,1.0,Collenchyma;Columella;Inner epidermis;Locular tissue;Outer epidermis;Parenchyma;Placenta;Seeds;Septum;Total pericarp,Collenchyma;Columella;Inner epidermis;Locular tissue;Outer epidermis;Parenchyma;Placenta;Seeds;Septum;Total pericarp
Solyc06g069430,0.5056733630952381,0.4534563337053571,True,0.4534563337053571,1.857102339326576,3.071576056798733,True,4,True,0.4719827586206896,0.5571332225053754,cross_cohort_expression_replication_only,93.0,Solyc06g069430.3,protein_coding,FRUITFULL-like MADS-box 1 && sp|Q42429|AGL8_SOLTU Agamous-like MADS-box protein AGL8 homolog OS=Solanum tuberosum OX=4113 PE=2 SV=1 && PF01486:K-box region|PF00319:SRF-type transcription factor (DNA-binding and dimerisation domain),K-box,gene-Solyc06g069430.3,FUL1,,Ensembl Plants BioMart,63,one_to_one,,,,,0.8825762949016989,1.0,0.9481312901055572,0.7205518513859186,0.0990220761898504,1.0,7,498,0.8829566481637621,0.8424607935784338,0.9867301054561998,111.0,0.908,1000,0.0009990009990009,0.0073577216434359,,four_cohort_expression_consensus,no_regulatory_claim,True,0.971360050414509,0.9713497380250896,2.56498354493676e-13,4.326278615966899e-12,True,1.0,1.229914492862139,1.229914492862139,1.84094332281458e-08,Solyc06g069430.2.1_S87,True,differential_direction_concordant,differential_site,none,False,expression_only_or_binding_only,,,,no_admitted_binding_record,11.0,1.0,Collenchyma;Columella;Inner epidermis;Locular tissue;Outer epidermis;Parenchyma;Placenta;Seeds;Septum;Total pericarp;Vascular tissue,Collenchyma;Columella;Inner epidermis;Locular tissue;Outer epidermis;Parenchyma;Placenta;Seeds;Septum;Total pericarp;Vascular tissue
Solyc09g083190,-0.7066476004464286,-0.7682291666666667,True,0.7066476004464286,-2.2192949304362424,-3.0541323571350407,True,4,True,0.4676724137931034,0.7579139125587322,cross_cohort_expression_replication_only,94.0,Solyc09g083190.3,protein_coding,"NAD(P)H dehydrogenase 18 (AHRD V3.3 *** A0A0F7CYQ9_9ROSI) && sp|Q9FG89|PNSB5_ARATH Photosynthetic NDH subunit of subcomplex B 5, chloroplastic OS=Arabidopsis thaliana OX=3702 GN=PNSB5 PE=2 SV=1 && -",-,gene-Solyc09g083190.3,,,Ensembl Plants BioMart,63,one_to_one,,,,,-0.8817628731008493,1.0,-0.972597729766432,0.6885981465173816,0.1027135646001175,1.0,7,504,-0.8823344698491369,-0.9831900326836446,-0.8305793008021354,105.0,0.976,1000,0.0029970029970029,0.0108641358641358,,four_cohort_expression_consensus,no_regulatory_claim,False,,,,,,,,,,,,not_measured,none,none,False,expression_only_or_binding_only,,,,no_admitted_binding_record,9.0,1.0,Collenchyma;Columella;Inner epidermis;Locular tissue;Outer epidermis;Parenchyma;Placenta;Septum;Total pericarp,Collenchyma;Columella;Inner epidermis;Locular tissue;Outer epidermis;Parenchyma;Placenta;Septum;Total pericarp
Solyc06g051800,0.5537225632440477,0.376127697172619,True,0.376127697172619,3.0751962921685587,4.793132963492278,True,4,True,0.4676724137931034,0.7069276598709884,cross_cohort_expression_replication_only,95.0,Solyc06g051800.3,protein_coding,expansin  1 && sp|Q852A1|EXPA7_ORYSJ Expansin-A7 OS=Oryza sativa subsp. japonica OX=39947 GN=EXPA7 PE=2 SV=1 && PF01357:Pollen allergen|PF03330:Lytic transglycolase,-,gene-Solyc06g051800.3,EXP1,,Ensembl Plants BioMart,63,one_to_one,RIN,in_vivo_promoter_binding,binding_only,ripening_tomato_fruit;ITAG2;three_biological_replicates,0.6144120489667898,0.8571428571428571,0.9486503958866856,0.6741099509372248,0.5749034076416998,1.0,7,5969,0.6147809040553965,0.3285804539955966,0.9880667775573287,277.5,0.1,1000,0.0199800199800199,0.0329919191129155,,four_cohort_expression_consensus,source_bound_context_limited,True,2.434498756379615,2.4328424676950244,6.853569549705509e-16,4.1722278190262e-14,True,,,,,,False,differential_direction_concordant,none,binding_only,True,binding_plus_independent_perturbation_expression,-4.2005854337636075,0.0,True,binding_plus_independent_perturbation_expression,11.0,0.9090909090909092,Collenchyma;Columella;Inner epidermis;Locular tissue;Outer epidermis;Parenchyma;Placenta;Seeds;Septum;Total pericarp,Collenchyma;Columella;Inner epidermis;Locular tissue;Outer epidermis;Parenchyma;Placenta;Seeds;Septum;Total pericarp;Vascular tissue
Solyc03g113350,-0.4808407738095238,-0.6374453590029763,True,0.4808407738095238,-3.0406947898458254,-3.0426779810598763,True,4,True,0.4655172413793103,0.6533556980170423,cross_cohort_expression_replication_only,96.0,Solyc03g113350.3,protein_coding,Zinc finger protein (AHRD V3.3 *** A0A200QF78_9MAGN) && sp|F4HVS0|BTSL2_ARATH Zinc finger protein BRUTUS-like At1g74770 OS=Arabidopsis thaliana OX=3702 GN=At1g74770 PE=2 SV=1 && PF05495:CHY zinc finger|PF14599:Zinc-ribbon|PF01814:Hemerythrin HHE cation binding domain|PF13639:Ring finger domain,zf-CHY,gene-Solyc03g113350.3,,,Ensembl Plants BioMart,63,one_to_one,,,,,-0.7927874403690333,1.0,-0.9840300397111496,0.422212437623181,0.1974965293060863,1.0,7,1613,-0.7929393066147075,-0.9902186879096344,-0.6986390164805658,146.0,0.998,1000,0.0039960039960039,0.0126996291379853,,four_cohort_expression_consensus,no_regulatory_claim,False,,,,,,,,,,,,not_measured,none,none,False,expression_only_or_binding_only,,,,no_admitted_binding_record,11.0,1.0,Collenchyma;Columella;Inner epidermis;Locular tissue;Outer epidermis;Parenchyma;Placenta;Seeds;Septum;Total pericarp;Vascular tissue,Collenchyma;Columella;Inner epidermis;Locular tissue;Outer epidermis;Parenchyma;Placenta;Seeds;Septum;Total pericarp;Vascular tissue
Solyc05g012510,-0.4895600818452379,-0.5676560174851191,True,0.4895600818452379,-1.533001703396584,-4.071485959183017,True,4,True,0.4572748267898383,0.6121635342836664,cross_cohort_expression_replication_only,97.0,Solyc05g012510.3,protein_coding,"Alpha-1 && sp|P53535|PHSL2_SOLTU Alpha-1,4 glucan phosphorylase L-2 isozyme, chloroplastic/amyloplastic OS=Solanum tuberosum OX=4113 GN=STP-1 PE=1 SV=1 && PF00343:Carbohydrate phosphorylase",-,gene-Solyc05g012510.3,,,Ensembl Plants BioMart,63,one_to_one,,,,,-0.9817545985844414,1.0,-0.987623270376355,0.9587189022456688,0.012704387802008,1.0,7,10,-0.9820445413887202,-0.9937831674266958,-0.9761728661385846,11.0,0.998,1000,0.0009990009990009,0.0073577216434359,,four_cohort_expression_consensus,no_regulatory_claim,True,-1.0112968865957352,-1.011034897028637,2.90478437351634e-10,1.70209073315497e-09,True,,,,,,False,differential_direction_concordant,none,none,False,expression_only_or_binding_only,,,,no_admitted_binding_record,11.0,1.0,Collenchyma;Columella;Inner epidermis;Locular tissue;Outer epidermis;Parenchyma;Placenta;Seeds;Septum;Total pericarp;Vascular tissue,Collenchyma;Columella;Inner epidermis;Locular tissue;Outer epidermis;Parenchyma;Placenta;Seeds;Septum;Total pericarp;Vascular tissue
Solyc01g110000,-0.6554478236607143,-0.695341564360119,True,0.6554478236607143,-4.254381870797254,-2.9433053685088537,True,4,True,0.4568965517241379,0.8086488114199251,cross_cohort_expression_replication_only,98.0,Solyc01g110000.3,protein_coding,Beta-galactosidase (AHRD V3.3 *** A0A2G3BW46_CAPCH) && sp|Q9SCV9|BGAL3_ARATH Beta-galactosidase 3 OS=Arabidopsis thaliana OX=3702 GN=BGAL3 PE=2 SV=1 && PF01301:Glycosyl hydrolases family 35|PF17834:Beta-sandwich domain in beta galactosidase,-,gene-Solyc01g110000.3,,,Ensembl Plants BioMart,63,one_to_one,,,,,-0.6132665364037037,0.8571428571428571,-0.9857855271171632,0.0714135950014677,0.3708687024124696,1.0,7,6023,-0.6135175194299949,-0.9904657066193132,-0.3772087460144502,280.0,0.318,1000,0.0169830169830169,0.0305431003105421,,four_cohort_expression_consensus,no_regulatory_claim,True,-0.0976371445929435,,,,False,,,,,,False,measured_direction_concordant,none,none,False,expression_only_or_binding_only,,,,no_admitted_binding_record,11.0,1.0,Collenchyma;Columella;Inner epidermis;Locular tissue;Outer epidermis;Parenchyma;Placenta;Seeds;Septum;Total pericarp;Vascular tissue,Collenchyma;Columella;Inner epidermis;Locular tissue;Outer epidermis;Parenchyma;Placenta;Seeds;Septum;Total pericarp;Vascular tissue
Solyc03g113930,0.5889950706845237,0.4749465215773809,True,0.4749465215773809,1.52506181766807,4.06434431991558,True,4,True,0.4526558891454965,0.6562674205622363,cross_cohort_expression_replication_only,99.0,Solyc03g113930.3,protein_coding,22.0 kDa class IV heat shock protein (AHRD V3.3 *** A0A2G3ATG3_CAPCH) && sp|P30236|HSP41_SOYBN 22.0 kDa class IV heat shock protein OS=Glycine max OX=3847 GN=HSP22.0 PE=3 SV=1 && PF00011:Hsp20/alpha crystallin family,-,gene-Solyc03g113930.3,,,Ensembl Plants BioMart,63,one_to_one,,,,,0.4266956290479632,0.7142857142857143,0.637700719546325,0.7440058694057227,0.824247630044403,1.0,7,15108,0.4268040872572597,-0.2953116848557102,0.9830863882100392,410.0,0.084,1000,0.1478521478521478,0.1599146773971949,,four_cohort_expression_consensus,no_regulatory_claim,True,2.577785148817826,2.576752675529377,4.49569866486882e-16,3.19662157866832e-14,True,,,,,,False,differential_direction_concordant,none,none,False,expression_only_or_binding_only,,,,no_admitted_binding_record,10.0,1.0,Collenchyma;Columella;Inner epidermis;Locular tissue;Outer epidermis;Parenchyma;Placenta;Seeds;Septum;Total pericarp,Collenchyma;Columella;Inner epidermis;Locular tissue;Outer epidermis;Parenchyma;Placenta;Seeds;Septum;Total pericarp
Solyc06g009190,-0.4758765811011905,-0.393798828125,True,0.393798828125,-4.233325295074509,-5.08167279577591,True,4,True,0.4525862068965517,0.6836102373178307,cross_cohort_expression_replication_only,100.0,Solyc06g009190.5,protein_coding,Pectinesterase (AHRD V3.11 *** tr_A0A2G3C3P4_A0A2G3C3P4_CAPCH) && sp|P85076|PME_ACTDE Pectinesterase OS=Actinidia deliciosa OX=3627 PE=1 SV=1 && PF01095:Pectinesterase|PF04043:Plant invertase/pectin methylesterase inhibitor,-,gene-Solyc06g009190.4,,,Ensembl Plants BioMart,63,one_to_one,,,,,-0.5883287249131632,0.8571428571428571,-0.9002338886504221,0.0481192602843124,0.3715236892447298,1.0,7,7347,-0.5886768328543909,-0.9898318072081,-0.3669459742131187,317.0,0.086,1000,0.0269730269730269,0.0371379362477285,,four_cohort_expression_consensus,no_regulatory_claim,True,-0.1991014255066931,,,,False,,,,,,False,measured_direction_concordant,none,none,False,expression_only_or_binding_only,,,,no_admitted_binding_record,10.0,1.0,Collenchyma;Columella;Inner epidermis;Locular tissue;Outer epidermis;Parenchyma;Placenta;Septum;Total pericarp;Vascular tissue,Collenchyma;Columella;Inner epidermis;Locular tissue;Outer epidermis;Parenchyma;Placenta;Septum;Total pericarp;Vascular tissue
Solyc05g010320,-0.5304129464285715,-0.5325520833333335,True,0.5304129464285715,-1.6199458534616578,-2.8830693434239913,True,4,True,0.4482758620689655,0.5851094011308433,cross_cohort_expression_replication_only,101.0,Solyc05g010320.4,protein_coding,Chalcone-flavonone isomerase family protein (AHRD V3.3 *** A0A193AUW5_SOLME) && sp|Q33DL3|CFI_TOBAC Chalcone--flavanone isomerase OS=Nicotiana tabacum OX=4097 GN=CHI PE=2 SV=1 && PF02431:Chalcone-flavanone isomerase,-,gene-Solyc05g010320.4,CHI1,NM_001320711,Ensembl Plants BioMart,63,one_to_one,,,,,-0.737293856958327,1.0,-0.9629724899745024,0.2632196922044703,0.247741908701712,1.0,7,2615,-0.7378146330448702,-0.980395877772728,-0.6246109973415296,179.0,0.846,1000,0.0099900099900099,0.0235297697226631,,four_cohort_expression_consensus,no_regulatory_claim,False,,,,,,,,,,,,not_measured,none,none,False,expression_only_or_binding_only,,,,no_admitted_binding_record,9.0,1.0,Collenchyma;Columella;Inner epidermis;Locular tissue;Parenchyma;Placenta;Seeds;Septum;Total pericarp,Collenchyma;Columella;Inner epidermis;Locular tissue;Parenchyma;Placenta;Seeds;Septum;Total pericarp
Solyc02g021680,0.4929315476190475,0.3617117745535714,True,0.3617117745535714,3.0729728412831356,4.087188406675878,True,4,True,0.4461206896551724,0.6228373616309628,cross_cohort_expression_replication_only,102.0,Solyc02g021680.3,protein_coding,WRKY transcription factor 35 && sp|Q9SA80|WRK14_ARATH Probable WRKY transcription factor 14 OS=Arabidopsis thaliana OX=3702 GN=WRKY14 PE=2 SV=2 && PF03106:WRKY DNA -binding domain,WRKY,gene-Solyc02g021680.3,WRKY35,,Ensembl Plants BioMart,63,one_to_one,,,,,0.969146806065465,1.0,0.9749558706561448,0.9367571533382244,0.0218227578549051,1.0,7,33,0.9692670489748688,0.962495977036683,0.9853303084033368,28.0,1.0,1000,0.0009990009990009,0.0073577216434359,,four_cohort_expression_consensus,no_regulatory_claim,True,0.9420321040521435,0.954057900431902,1.35712688316186e-05,2.70027842792537e-05,True,1.0,1.0196380443463413,-1.0196380443463413,4.64181770218847e-05,Solyc02g021680.2.1_S139,True,differential_direction_concordant,differential_site,none,False,expression_only_or_binding_only,,,,no_admitted_binding_record,11.0,1.0,Collenchyma;Columella;Inner epidermis;Locular tissue;Outer epidermis;Parenchyma;Placenta;Seeds;Septum;Total pericarp;Vascular tissue,Collenchyma;Columella;Inner epidermis;Locular tissue;Outer epidermis;Parenchyma;Placenta;Seeds;Septum;Total pericarp;Vascular tissue
Solyc07g061970,-0.4752720424107143,-0.392426990327381,True,0.392426990327381,-1.6439251560835282,-3.3540701380049125,True,4,True,0.4439655172413793,0.4888968802261687,cross_cohort_expression_replication_only,103.0,Solyc07g061970.3,protein_coding,60S ribosomal protein L18a-like protein (AHRD V3.3 *-* A0A2G2WEP8_CAPBA) && sp|Q8L9S1|R18AL_ARATH 60S ribosomal protein L18a-like protein OS=Arabidopsis thaliana OX=3702 GN=At1g29970 PE=2 SV=2 && -,-,gene-Solyc07g061970.3,,,Ensembl Plants BioMart,63,one_to_one,,,,,-0.9619275003515566,1.0,-0.9766469825618326,0.9495579233733848,0.0138185563929969,0.8571428571428571,6,52,-0.9633159307411396,-0.9835730756128076,-0.9320593004583672,51.5,0.986,1000,0.0009990009990009,0.0073577216434359,,four_cohort_expression_consensus,no_regulatory_claim,False,,,,,,,,,,,,not_measured,none,none,False,expression_only_or_binding_only,,,,no_admitted_binding_record,11.0,1.0,Collenchyma;Columella;Inner epidermis;Locular tissue;Outer epidermis;Parenchyma;Placenta;Seeds;Septum;Total pericarp;Vascular tissue,Collenchyma;Columella;Inner epidermis;Locular tissue;Outer epidermis;Parenchyma;Placenta;Seeds;Septum;Total pericarp;Vascular tissue
Solyc05g005960,-0.5015811011904763,-0.4392147972470238,True,0.4392147972470238,-1.518051844013527,-4.563101782627818,True,4,True,0.4434180138568129,0.5979234689814446,cross_cohort_expression_replication_only,104.0,Solyc05g005960.3,protein_coding,Protein NRT1/ PTR FAMILY 1.2 (AHRD V3.3 *** A0A1J3DU78_NOCCA) && sp|Q9M817|PTR6_ARATH Protein NRT1/ PTR FAMILY 1.2 OS=Arabidopsis thaliana OX=3702 GN=NPF1.2 PE=1 SV=1 && PF00854:POT family,-,gene-Solyc05g005960.3,,,Ensembl Plants BioMart,63,one_to_one,,,,,-0.9581663818477648,1.0,-0.9827753335760436,0.8968633371073929,0.0329271174806512,1.0,7,68,-0.9582397555507433,-0.9922573529664782,-0.941973756062703,49.0,0.998,1000,0.0009990009990009,0.0073577216434359,,four_cohort_expression_consensus,no_regulatory_claim,True,-1.7026131564302769,-1.7087735835945608,4.8793544475194897e-11,3.5722983796996103e-10,True,,,,,,False,differential_direction_concordant,none,none,False,expression_only_or_binding_only,,,,no_admitted_binding_record,11.0,1.0,Collenchyma;Columella;Inner epidermis;Locular tissue;Outer epidermis;Parenchyma;Placenta;Seeds;Septum;Total pericarp;Vascular tissue,Collenchyma;Columella;Inner epidermis;Locular tissue;Outer epidermis;Parenchyma;Placenta;Seeds;Septum;Total pericarp;Vascular tissue
Solyc01g006540,0.47509765625,0.5625581287202381,True,0.47509765625,4.841703659024453,7.177959685272603,True,4,True,0.4418103448275862,0.789830871227204,cross_cohort_expression_replication_only,105.0,Solyc01g006540.4,protein_coding,"lipoxygenase C && sp|O24370|LOX21_SOLTU Linoleate 13S-lipoxygenase 2-1, chloroplastic OS=Solanum tuberosum OX=4113 GN=LOX2.1 PE=1 SV=1 && PF00305:Lipoxygenase",Lipoxygenase,gene-Solyc01g006540.4,loxC,NM_001246883,Ensembl Plants BioMart,63,one_to_one,RIN,in_vivo_promoter_binding,binding_only,ripening_tomato_fruit;ITAG2;three_biological_replicates,0.5921907714012701,0.8571428571428571,0.9083527517627548,0.0951063026795824,0.3872454007607517,1.0,7,7156,0.5923564432285328,0.3651088847529201,0.996389975010879,314.0,0.086,1000,0.0289710289710289,0.0391911295701383,,four_cohort_expression_consensus,source_bound_context_limited,True,2.9989579073111856,2.999105655502258,1.46847748540653e-16,1.37387662003087e-14,True,3.0,2.172748700835691,-2.172748700835691,5.22430742468657e-11,Solyc01g006540.2.1_S249;Solyc01g006540.2.1_S382,True,differential_direction_concordant,differential_site,binding_only,True,binding_plus_independent_perturbation_expression,-4.210169371605188,0.0,True,binding_plus_independent_perturbation_expression,11.0,0.9090909090909092,Collenchyma;Columella;Inner epidermis;Outer epidermis;Parenchyma;Placenta;Seeds;Septum;Total pericarp;Vascular tissue,Collenchyma;Columella;Inner epidermis;Locular tissue;Outer epidermis;Parenchyma;Placenta;Seeds;Septum;Total pericarp;Vascular tissue
Solyc01g104900,-0.5545247395833333,-0.6293364025297619,True,0.5545247395833333,-2.338777643316368,-2.859120471982595,True,4,True,0.4418103448275862,0.6736319881341084,cross_cohort_expression_replication_only,106.0,Solyc01g104900.3,protein_coding,NAC domain-containing protein (AHRD V3.3 *** A0A2U1K9C2_ARTAN) && sp|Q8GWK6|NC104_ARATH NAC domain-containing protein 104 OS=Arabidopsis thaliana OX=3702 GN=NAC104 PE=2 SV=1 && PF02365:No apical meristem (NAM) protein,NAM,gene-Solyc01g104900.3,,,Ensembl Plants BioMart,63,one_to_one,,,,,-0.6121237546184757,0.8571428571428571,-0.9301357193103468,0.7381641296599153,0.592059451214023,1.0,7,6075,-0.6132497127074577,-0.968433328740128,-0.3228298801878269,296.0,0.094,1000,0.0239760239760239,0.0352053010280858,,four_cohort_expression_consensus,no_regulatory_claim,True,-1.0226077509639375,-1.0244090767654683,2.98401102034871e-11,2.32852413949599e-10,True,,,,,,False,differential_direction_concordant,none,none,False,expression_only_or_binding_only,,,,no_admitted_binding_record,6.0,1.0,Columella;Locular tissue;Placenta;Seeds;Septum;Total pericarp,Columella;Locular tissue;Placenta;Seeds;Septum;Total pericarp
Solyc02g092220,-0.4811662946428571,-0.562715076264881,True,0.4811662946428571,-2.205708659618415,-2.843422095951212,True,4,True,0.4396551724137931,0.583267798837302,cross_cohort_expression_replication_only,107.0,Solyc02g092220.1,protein_coding,Unknown protein && - && -,-,gene-Solyc02g092220.1,,,Ensembl Plants BioMart,63,one_to_one,,,,,-0.8493675844889913,1.0,-0.9723603903584987,0.5952457813646368,0.1348102083524938,1.0,7,858,-0.8497603624338271,-0.9875864557716394,-0.783124341632823,116.0,0.766,1000,0.0039960039960039,0.0126996291379853,,four_cohort_expression_consensus,no_regulatory_claim,False,,,,,,,,,,,,not_measured,none,none,False,expression_only_or_binding_only,,,,no_admitted_binding_record,8.0,1.0,Collenchyma;Inner epidermis;Locular tissue;Outer epidermis;Parenchyma;Septum;Total pericarp;Vascular tissue,Collenchyma;Inner epidermis;Locular tissue;Outer epidermis;Parenchyma;Septum;Total pericarp;Vascular tissue
Solyc04g074110,-0.6375674293154763,-0.5970517113095237,True,0.5970517113095237,-1.5153575470907512,-3.0748309016552553,True,4,True,0.4387990762124711,0.6576523552600143,cross_cohort_expression_replication_only,108.0,Solyc04g074110.4,protein_coding,"Carbohydrate esterase && sp|Q8L9J9|CAES_ARATH Probable carbohydrate esterase At4g34215 OS=Arabidopsis thaliana OX=3702 GN=At4g34215 PE=1 SV=2 && PF03629:Carbohydrate esterase, sialic acid-specific acetylesterase",-,gene-Solyc04g074110.4,,,Ensembl Plants BioMart,63,one_to_one,,,,,-0.8704523681411359,1.0,-0.9364130867596758,0.7071539396989139,0.1125431356083859,1.0,7,609,-0.8708726911894823,-0.980733533537268,-0.8308714199697601,121.0,0.762,1000,0.0019980019980019,0.0091789398720091,,four_cohort_expression_consensus,no_regulatory_claim,False,,,,,,,,,,,,not_measured,none,none,False,expression_only_or_binding_only,,,,no_admitted_binding_record,11.0,0.9090909090909092,Collenchyma;Columella;Inner epidermis;Locular tissue;Outer epidermis;Parenchyma;Placenta;Septum;Total pericarp;Vascular tissue,Collenchyma;Columella;Inner epidermis;Locular tissue;Outer epidermis;Parenchyma;Placenta;Seeds;Septum;Total pericarp;Vascular tissue
Solyc05g011970,0.4735863095238096,0.3768368675595238,True,0.3768368675595238,2.592490925452143,4.600793582189155,True,4,True,0.4375,0.599588377000876,cross_cohort_expression_replication_only,109.0,Solyc05g011970.3,protein_coding,Cytochrome (AHRD V3.3 *** A0A1U8EZV2_CAPAN) && sp|H2DH17|C7A22_PANGI Cytochrome P450 CYP749A22 OS=Panax ginseng OX=4054 PE=2 SV=1 && PF00067:Cytochrome P450,p450,gene-Solyc05g011970.3,,,Ensembl Plants BioMart,63,one_to_one,,,,,0.892578507760836,1.0,0.9618444774982888,0.732670776198264,0.0909198140216546,1.0,7,407,0.8930985473232014,0.8519222026538363,0.9873398168146672,108.0,0.93,1000,0.0039960039960039,0.0126996291379853,,four_cohort_expression_consensus,no_regulatory_claim,False,,,,,,,,,,,,not_measured,none,none,False,expression_only_or_binding_only,,,,no_admitted_binding_record,11.0,0.9090909090909092,Collenchyma;Columella;Inner epidermis;Locular tissue;Parenchyma;Placenta;Seeds;Septum;Total pericarp;Vascular tissue,Collenchyma;Columella;Inner epidermis;Locular tissue;Outer epidermis;Parenchyma;Placenta;Seeds;Septum;Total pericarp;Vascular tissue
Solyc03g115640,-0.5256231398809523,-0.6774960472470237,True,0.5256231398809523,-1.5136995493386305,-3.852355159684648,True,4,True,0.4364896073903002,0.6608465397786096,cross_cohort_expression_replication_only,110.0,Solyc03g115640.3,protein_coding,"DUF538 domain-containing protein (AHRD V3.3 *** A0A1Q3AZJ7_CEPFO) && sp|Q9M015|Y5161_ARATH Uncharacterized protein At5g01610 OS=Arabidopsis thaliana OX=3702 GN=At5g01610 PE=1 SV=1 && PF04398:Protein of unknown function, DUF538",-,gene-Solyc03g115640.3,,,Ensembl Plants BioMart,63,one_to_one,,,,,-0.9659241744248036,1.0,-0.9850087590644468,0.9573640058808268,0.0139109935745456,0.8571428571428571,6,43,-0.9672632275194946,-0.9874541961047762,-0.9361990950447664,42.0,0.998,1000,0.0019980019980019,0.0091789398720091,,four_cohort_expression_consensus,no_regulatory_claim,False,,,,,,,,,,,,not_measured,none,none,False,expression_only_or_binding_only,,,,no_admitted_binding_record,10.0,1.0,Collenchyma;Columella;Inner epidermis;Locular tissue;Outer epidermis;Parenchyma;Placenta;Septum;Total pericarp;Vascular tissue,Collenchyma;Columella;Inner epidermis;Locular tissue;Outer epidermis;Parenchyma;Placenta;Septum;Total pericarp;Vascular tissue
Solyc01g108880,0.4735630580357143,0.3986235119047619,True,0.3986235119047619,3.473934001450287,7.27671658380934,True,4,True,0.4353448275862069,0.7010419984868997,cross_cohort_expression_replication_only,111.0,Solyc01g108880.4,protein_coding,2-oxoglutarate (2OG) and Fe(II)-dependent oxygenase superfamily protein (AHRD V3.3 *** A0A2U1MKU7_ARTAN) && sp|Q9FFF6|JOX2_ARATH Jasmonate-induced oxygenase 2 OS=Arabidopsis thaliana OX=3702 GN=JOX2 PE=1 SV=1 && PF14226:non-haem dioxygenase in morphine synthesis N-terminal|PF03171:2OG-Fe(II) oxygenase superfamily,2OG-FeII_Oxy,gene-Solyc01g108880.4,,,Ensembl Plants BioMart,63,one_to_one,,,,,0.6115214424140568,0.8571428571428571,0.9865781627460194,0.0157881494527613,0.3516680598544296,1.0,7,6103,0.6116617370075115,0.3809249531723446,0.9902021421616424,287.0,0.32,1000,0.0199800199800199,0.0329919191129155,,four_cohort_expression_consensus,no_regulatory_claim,True,1.9369859794187012,1.9365997664515704,1.47517710282586e-14,4.60048213681273e-13,True,,,,,,False,differential_direction_concordant,none,none,False,expression_only_or_binding_only,,,,no_admitted_binding_record,11.0,1.0,Collenchyma;Columella;Inner epidermis;Locular tissue;Outer epidermis;Parenchyma;Placenta;Seeds;Septum;Total pericarp;Vascular tissue,Collenchyma;Columella;Inner epidermis;Locular tissue;Outer epidermis;Parenchyma;Placenta;Seeds;Septum;Total pericarp;Vascular tissue
Solyc10g051120,0.4945242745535713,0.5199730282738095,True,0.4945242745535713,1.492844122511666,3.8441843435124743,True,4,True,0.4295612009237875,0.5836834036792228,cross_cohort_expression_replication_only,112.0,Solyc10g051120.3,protein_coding,Mitochondrial pyruvate carrier (AHRD V3.3 *** A0A2G2WMA1_CAPBA) && sp|Q949R9|MPC1_ARATH Mitochondrial pyruvate carrier 1 OS=Arabidopsis thaliana OX=3702 GN=MPC1 PE=3 SV=1 && PF03650:Mitochondrial pyruvate carriers,-,gene-Solyc10g051120.3,,,Ensembl Plants BioMart,63,one_to_one,,,,,0.6038595939210057,0.8571428571428571,0.8962018406654646,0.5645993206692665,0.535454546810404,1.0,7,6536,0.6041521528662237,0.3343490314646358,0.9806952264357872,303.5,0.082,1000,0.0229770229770229,0.0347274874962171,,four_cohort_expression_consensus,no_regulatory_claim,False,,,,,,,,,,,,not_measured,none,none,False,expression_only_or_binding_only,,,,no_admitted_binding_record,11.0,1.0,Collenchyma;Columella;Inner epidermis;Locular tissue;Outer epidermis;Parenchyma;Placenta;Seeds;Septum;Total pericarp;Vascular tissue,Collenchyma;Columella;Inner epidermis;Locular tissue;Outer epidermis;Parenchyma;Placenta;Seeds;Septum;Total pericarp;Vascular tissue
Solyc10g047030,0.4718075706845238,0.5847981770833335,True,0.4718075706845238,3.0488056210883627,5.461424690414002,True,4,True,0.4288793103448275,0.7310190531177829,cross_cohort_expression_replication_only,113.0,Solyc10g047030.3,protein_coding,LEXYL1 && sp|A5JTQ3|XYL2_MEDSV Beta-xylosidase/alpha-L-arabinofuranosidase 2 OS=Medicago sativa subsp. varia OX=36902 GN=Xyl2 PE=2 SV=1 && PF00933:Glycosyl hydrolase family 3 N terminal domain|PF14310:Fibronectin type III-like domain|PF01915:Glycosyl hydrolase family 3 C-terminal domain,Glyco_hydro_3_C,gene-Solyc10g047030.3,,,Ensembl Plants BioMart,63,one_to_one,,,,,0.7597863013824468,1.0,0.9346509747410648,0.3731915964272236,0.2227919675229589,1.0,7,2172,0.7599315147172903,0.6686739125538196,0.993693699317567,176.0,0.752,1000,0.0119880119880119,0.0259926988898951,,four_cohort_expression_consensus,no_regulatory_claim,True,0.2418211653058684,,,,False,,,,,,False,measured_direction_concordant,none,none,False,expression_only_or_binding_only,,,,no_admitted_binding_record,10.0,1.0,Collenchyma;Columella;Inner epidermis;Locular tissue;Parenchyma;Placenta;Seeds;Septum;Total pericarp;Vascular tissue,Collenchyma;Columella;Inner epidermis;Locular tissue;Parenchyma;Placenta;Seeds;Septum;Total pericarp;Vascular tissue
Solyc04g076220,0.5775320870535714,0.3503185453869046,True,0.3503185453869046,2.0674046661733096,4.0757649683719555,True,4,True,0.4288793103448275,0.6290253942024369,cross_cohort_expression_replication_only,114.0,Solyc04g076220.3,protein_coding,AT-hook motif nuclear-localized protein (AHRD V3.3 *** A0A1U8GD78_CAPAN) && sp|Q9LTA2|AHL17_ARATH AT-hook motif nuclear-localized protein 17 OS=Arabidopsis thaliana OX=3702 GN=AHL17 PE=2 SV=1 && PF03479:Plants and Prokaryotes Conserved (PCC) domain,-,gene-Solyc04g076220.3,,,Ensembl Plants BioMart,63,one_to_one,,,,,0.6128318850714338,0.8571428571428571,0.9803815661512544,0.9618791852678572,0.6811565787751974,1.0,7,6039,0.6129855792194405,0.3014577509182026,0.9905076537991616,287.5,0.32,1000,0.0259740259740259,0.0364107191901753,,four_cohort_expression_consensus,no_regulatory_claim,True,1.4255091539033755,1.4192310020727297,1.19736908955659e-11,1.08594045591622e-10,True,2.0,1.4431852331380095,1.4431852331380095,9.24279695993616e-10,Solyc04g076220.2.1_S69;Solyc04g076220.2.1_S74,True,differential_direction_concordant,differential_site,none,False,expression_only_or_binding_only,,,,no_admitted_binding_record,11.0,1.0,Collenchyma;Columella;Inner epidermis;Locular tissue;Outer epidermis;Parenchyma;Placenta;Seeds;Septum;Total pericarp;Vascular tissue,Collenchyma;Columella;Inner epidermis;Locular tissue;Outer epidermis;Parenchyma;Placenta;Seeds;Septum;Total pericarp;Vascular tissue
Solyc08g080630,0.4701334635416666,0.5340983072916667,True,0.4701334635416666,2.324372233182018,5.007281984564685,True,4,True,0.4224137931034483,0.6655115174802898,cross_cohort_expression_replication_only,115.0,Solyc08g080630.4,protein_coding,Ethylene-responsive proteinase inhibitor 1 (AHRD V3.3 *** A0A1U8G7N9_CAPAN) && sp|P20076|IER1_SOLLC Ethylene-responsive proteinase inhibitor 1 OS=Solanum lycopersicum OX=4081 PE=3 SV=1 && PF00280:Potato inhibitor I family,-,gene-Solyc08g080630.4,ER1,,Ensembl Plants BioMart,63,one_to_one,RIN,in_vivo_promoter_binding,binding_only,ripening_tomato_fruit;ITAG2;three_biological_replicates,0.7480495224684532,1.0,0.9921761440144196,0.282802868285319,0.24856527021786,1.0,7,2392,0.7480705767454766,0.6338434851923568,0.9959034861002628,171.0,0.888,1000,0.0099900099900099,0.0235297697226631,,four_cohort_expression_consensus,source_bound_context_limited,True,1.5791674684067316,1.576454651289388,2.55847639630617e-09,1.15254628537097e-08,True,,,,,,False,differential_direction_concordant,none,binding_only,True,binding_plus_independent_perturbation_expression,-3.140820053068308,2.306196095730079e-125,True,binding_plus_independent_perturbation_expression,10.0,1.0,Collenchyma;Columella;Inner epidermis;Locular tissue;Outer epidermis;Parenchyma;Placenta;Seeds;Septum;Total pericarp,Collenchyma;Columella;Inner epidermis;Locular tissue;Outer epidermis;Parenchyma;Placenta;Seeds;Septum;Total pericarp
Solyc02g070890,0.5818684895833335,0.3439650762648809,True,0.3439650762648809,3.238227411954153,4.628646163307263,True,4,True,0.418103448275862,0.7161269610575774,cross_cohort_expression_replication_only,116.0,Solyc02g070890.3,protein_coding,Flagellin Sensing 2 && sp|Q9FL28|FLS2_ARATH LRR receptor-like serine/threonine-protein kinase FLS2 OS=Arabidopsis thaliana OX=3702 GN=FLS2 PE=1 SV=1 && PF13855:Leucine rich repeat|PF08263:Leucine rich repeat N-terminal domain|PF00069:Protein kinase domain,Pkinase,gene-Solyc02g070890.3,,,Ensembl Plants BioMart,63,one_to_one,RIN,in_vivo_promoter_binding,binding_only,ripening_tomato_fruit;ITAG2;three_biological_replicates,0.9045572489273882,1.0,0.9825997879552104,0.7921056493030081,0.0731867957261241,0.8571428571428571,6,306,0.9051505383989698,0.858553180875905,0.9834047296355188,90.0,0.78,1000,0.0059940059940059,0.0171680171680171,,four_cohort_expression_consensus,source_bound_context_limited,True,0.6015892301306153,0.6017780495386665,2.78146360221014e-09,1.23855954391e-08,True,,,,,,False,differential_direction_concordant,none,binding_only,True,binding_plus_independent_perturbation_expression,-3.339787155696135,3.4875254734197175e-292,True,binding_plus_independent_perturbation_expression,10.0,1.0,Collenchyma;Columella;Inner epidermis;Locular tissue;Parenchyma;Placenta;Seeds;Septum;Total pericarp;Vascular tissue,Collenchyma;Columella;Inner epidermis;Locular tissue;Parenchyma;Placenta;Seeds;Septum;Total pericarp;Vascular tissue
Solyc02g070790,-0.468226841517857,-0.4514915829613095,True,0.4514915829613095,-1.5227601707369112,-2.7503225146113586,True,4,True,0.4137931034482758,0.4735779843911762,cross_cohort_expression_replication_only,117.0,Solyc02g070790.3,protein_coding,"3-oxoacyl-[acyl-carrier-protein] synthase (AHRD V3.3 *** A0A2I4EJY8_9ROSI) && sp|P52410|KASC1_ARATH 3-oxoacyl-[acyl-carrier-protein] synthase I, chloroplastic OS=Arabidopsis thaliana OX=3702 GN=KAS1 PE=1 SV=2 && PF02801:Beta-ketoacyl synthase, C-terminal domain|PF00109:Beta-ketoacyl synthase, N-terminal domain",ketoacyl-synt,gene-Solyc02g070790.3,,,Ensembl Plants BioMart,63,one_to_one,,,,,-0.7597466721496177,1.0,-0.967648364748086,0.3295592737031911,0.2253187924140454,1.0,7,2174,-0.7600644432206844,-0.9800731203079438,-0.6552767369159733,165.0,0.948,1000,0.0019980019980019,0.0091789398720091,,four_cohort_expression_consensus,no_regulatory_claim,True,-1.0029806490971094,-1.0028037074094756,1.12132126613552e-13,2.21473409186944e-12,True,1.0,0.7497799525865566,0.7497799525865566,1.63444139592779e-06,Solyc02g070790.2.1_S97,True,differential_direction_concordant,differential_site,none,False,expression_only_or_binding_only,,,,no_admitted_binding_record,11.0,1.0,Collenchyma;Columella;Inner epidermis;Locular tissue;Outer epidermis;Parenchyma;Placenta;Seeds;Septum;Total pericarp;Vascular tissue,Collenchyma;Columella;Inner epidermis;Locular tissue;Outer epidermis;Parenchyma;Placenta;Seeds;Septum;Total pericarp;Vascular tissue
Solyc10g018780,-0.4772251674107143,-0.3610200427827381,True,0.3610200427827381,-1.4136933821210491,-4.2225370368945985,True,4,True,0.4110854503464203,0.5090213625866051,cross_cohort_expression_replication_only,118.0,Solyc10g018780.3,protein_coding,Squamosa promoter binding protein 8a && sp|Q8GXL3|SPL8_ARATH Squamosa promoter-binding-like protein 8 OS=Arabidopsis thaliana OX=3702 GN=SPL8 PE=1 SV=2 && PF03110:SBP domain,SBP,gene-Solyc10g018780.3,,,Ensembl Plants BioMart,63,one_to_one,,,,,-0.5974482275884515,0.8571428571428571,-0.9060716653544748,0.1292196083364784,0.3864145225885692,1.0,7,6880,-0.5978144454659478,-0.9785679446969549,-0.3655452384347304,313.0,0.078,1000,0.0169830169830169,0.0305431003105421,,four_cohort_expression_consensus,no_regulatory_claim,False,,,,,,,,,,,,not_measured,none,none,False,expression_only_or_binding_only,,,,no_admitted_binding_record,8.0,1.0,Collenchyma;Columella;Inner epidermis;Outer epidermis;Parenchyma;Placenta;Septum;Total pericarp,Collenchyma;Columella;Inner epidermis;Outer epidermis;Parenchyma;Placenta;Septum;Total pericarp
Solyc01g108400,0.5456659226190477,0.3414190383184524,True,0.3414190383184524,2.646150185756663,4.674176744265963,True,4,True,0.4094827586206896,0.6601260750975552,cross_cohort_expression_replication_only,119.0,Solyc01g108400.3,protein_coding,CDPK-related protein kinase (AHRD V3.3 *** A0A2G3AU42_CAPCH) && sp|Q9SCS2|CAMK5_ARATH CDPK-related kinase 5 OS=Arabidopsis thaliana OX=3702 GN=CRK5 PE=2 SV=1 && PF00069:Protein kinase domain,Pkinase,gene-Solyc01g108400.3,,,Ensembl Plants BioMart,63,one_to_one,,,,,0.5667561127379528,0.8571428571428571,0.91780503921135,0.6500073367571534,0.6636264295263178,1.0,7,8416,0.5671261189238532,0.2725682276294493,0.9837967695939742,346.0,0.086,1000,0.0519480519480519,0.0646217053723756,,four_cohort_expression_consensus,no_regulatory_claim,False,,,,,,,,,,,,not_measured,none,none,False,expression_only_or_binding_only,,,,no_admitted_binding_record,11.0,0.9090909090909092,Collenchyma;Columella;Inner epidermis;Locular tissue;Outer epidermis;Parenchyma;Placenta;Seeds;Septum;Total pericarp,Collenchyma;Columella;Inner epidermis;Locular tissue;Outer epidermis;Parenchyma;Placenta;Seeds;Septum;Total pericarp;Vascular tissue
Solyc08g061560,-0.577090308779762,-0.4344308035714286,True,0.4344308035714286,-1.8311250396335883,-2.707107459977211,True,4,True,0.4051724137931034,0.5791080174404715,cross_cohort_expression_replication_only,120.0,Solyc08g061560.3,protein_coding,Receptor protein kinase (AHRD V3.3 *** A0A0U5BM22_RORAQ) && sp|Q42371|ERECT_ARATH LRR receptor-like serine/threonine-protein kinase ERECTA OS=Arabidopsis thaliana OX=3702 GN=ERECTA PE=1 SV=1 && PF00069:Protein kinase domain|PF08263:Leucine rich repeat N-terminal domain|PF13855:Leucine rich repeat,Pkinase,gene-Solyc08g061560.3,,,Ensembl Plants BioMart,63,one_to_one,,,,,-0.8022273384555855,1.0,-0.9797197619277924,0.4522964049889948,0.1857760602763234,1.0,7,1473,-0.8024567399313682,-0.988436675097378,-0.7130839265420805,140.5,0.754,1000,0.0009990009990009,0.0073577216434359,,four_cohort_expression_consensus,no_regulatory_claim,False,,,,,,,,,,,,not_measured,none,none,False,expression_only_or_binding_only,,,,no_admitted_binding_record,9.0,0.8888888888888888,Collenchyma;Columella;Locular tissue;Outer epidermis;Parenchyma;Placenta;Septum;Total pericarp,Collenchyma;Columella;Locular tissue;Outer epidermis;Parenchyma;Placenta;Seeds;Septum;Total pericarp
Solyc07g041640,-0.5654761904761906,-0.3939557756696428,True,0.3939557756696428,-1.3931530526942988,-3.347928373443571,True,4,True,0.4041570438799076,0.5450047782113563,cross_cohort_expression_replication_only,121.0,Solyc07g041640.4,protein_coding,Growth-regulating factor 5 (AHRD V3.11 *** tr_A0A2G3BVB3_A0A2G3BVB3_CAPCH) && sp|A2XA73|GRF1_ORYSI Growth-regulating factor 1 OS=Oryza sativa subsp. indica OX=39946 GN=GRF1 PE=2 SV=1 && PF08879:WRC|PF08880:QLQ,-,gene-Solyc07g041640.3,,,Ensembl Plants BioMart,63,one_to_one,,,,,-0.9491427649428292,1.0,-0.9664066228652292,0.8831988261188555,0.0360431955908983,1.0,7,99,-0.9497592176002012,-0.9784306490245211,-0.9340144614347516,51.0,0.988,1000,0.0009990009990009,0.0073577216434359,,four_cohort_expression_consensus,no_regulatory_claim,False,,,,,,,,,,,,not_measured,none,none,False,expression_only_or_binding_only,,,,no_admitted_binding_record,9.0,0.8888888888888888,Collenchyma;Columella;Inner epidermis;Outer epidermis;Parenchyma;Placenta;Septum;Total pericarp,Collenchyma;Columella;Inner epidermis;Outer epidermis;Parenchyma;Placenta;Seeds;Septum;Total pericarp
Solyc08g007890,0.5513160342261907,0.3379138764880952,True,0.3379138764880952,3.5027087433847535,4.385018755743898,True,4,True,0.4008620689655172,0.6887269053117783,cross_cohort_expression_replication_only,122.0,Solyc08g007890.3,protein_coding,"Aldehyde dehydrogenase family 2 member mitochondrial-like (AHRD V3.3 *-* A0A2K3PGY0_TRIPR) && sp|Q8S528|AL2B7_ARATH Aldehyde dehydrogenase family 2 member B7, mitochondrial OS=Arabidopsis thaliana OX=3702 GN=ALDH2B7 PE=1 SV=2 && -",-,gene-Solyc08g007890.3,,,Ensembl Plants BioMart,63,one_to_one,,,,,0.844510162164092,1.0,0.9504513093492648,0.6043108147775402,0.1357341268864614,1.0,7,912,0.844826890623205,0.7842776084037809,0.9823038202438192,141.0,0.914,1000,0.0019980019980019,0.0091789398720091,,four_cohort_expression_consensus,no_regulatory_claim,False,,,,,,,,,,,,not_measured,none,none,False,expression_only_or_binding_only,,,,no_admitted_binding_record,11.0,1.0,Collenchyma;Columella;Inner epidermis;Locular tissue;Outer epidermis;Parenchyma;Placenta;Seeds;Septum;Total pericarp;Vascular tissue,Collenchyma;Columella;Inner epidermis;Locular tissue;Outer epidermis;Parenchyma;Placenta;Seeds;Septum;Total pericarp;Vascular tissue
Solyc02g078570,-0.4928966703869048,-0.4106794084821429,True,0.4106794084821429,-1.3820008449912988,-3.947714140142952,True,4,True,0.3972286374133949,0.5324968145257626,cross_cohort_expression_replication_only,123.0,Solyc02g078570.3,protein_coding,Epoxide hydrolase (AHRD V3.3 *** A0A2U1MDJ4_ARTAN) && sp|I6YGS0|EPHA_MYCTU Epoxide hydrolase A OS=Mycobacterium tuberculosis (strain ATCC 25618 / H37Rv) OX=83332 GN=ephA PE=1 SV=1 && PF00561:alpha/beta hydrolase fold,Abhydrolase_1,gene-Solyc02g078570.3,,,Ensembl Plants BioMart,63,one_to_one,,,,,-0.6141570368224507,0.8571428571428571,-0.9755435381970898,0.9162368432087892,0.6630850828896037,1.0,7,5979,-0.6142731049685857,-0.9887016211943368,-0.3065094158414183,279.0,0.312,1000,0.0199800199800199,0.0329919191129155,,four_cohort_expression_consensus,no_regulatory_claim,True,-1.4022545904407198,-1.4019242929693465,3.18752789601176e-14,8.11769281941333e-13,True,,,,,,False,differential_direction_concordant,none,none,False,expression_only_or_binding_only,,,,no_admitted_binding_record,11.0,1.0,Collenchyma;Columella;Inner epidermis;Locular tissue;Outer epidermis;Parenchyma;Placenta;Seeds;Septum;Total pericarp;Vascular tissue,Collenchyma;Columella;Inner epidermis;Locular tissue;Outer epidermis;Parenchyma;Placenta;Seeds;Septum;Total pericarp;Vascular tissue
Solyc10g083670,-0.4623325892857143,-0.7171049572172619,True,0.4623325892857143,-4.3025038249938055,-5.926328051725235,True,4,True,0.3943965517241379,0.8011828561758381,cross_cohort_expression_replication_only,124.0,Solyc10g083670.3,protein_coding,Glucomannan 4-beta-mannosyltransferase 2 (AHRD V3.3 *** A0A2G3BGF1_CAPCH) && sp|Q9LZR3|CSLA9_ARATH Glucomannan 4-beta-mannosyltransferase 9 OS=Arabidopsis thaliana OX=3702 GN=CSLA9 PE=1 SV=1 && PF13641:Glycosyltransferase like family 2,-,gene-Solyc10g083670.3,,,Ensembl Plants BioMart,63,one_to_one,,,,,-0.9551893795071064,1.0,-0.9954759592604177,0.8810858400586941,0.0403556965611948,1.0,7,78,-0.9552600677567136,-0.99748039282874,-0.9337031189533276,39.0,0.996,1000,0.0009990009990009,0.0073577216434359,,four_cohort_expression_consensus,no_regulatory_claim,True,-0.656695258930477,-0.6690196594989597,0.0020172607358007,0.0029659906401649,True,,,,,,False,differential_direction_concordant,none,none,False,expression_only_or_binding_only,,,,no_admitted_binding_record,11.0,1.0,Collenchyma;Columella;Inner epidermis;Locular tissue;Outer epidermis;Parenchyma;Placenta;Seeds;Septum;Total pericarp;Vascular tissue,Collenchyma;Columella;Inner epidermis;Locular tissue;Outer epidermis;Parenchyma;Placenta;Seeds;Septum;Total pericarp;Vascular tissue
Solyc02g070020,0.5411667596726191,0.3343447730654763,True,0.3343447730654763,2.622011484296114,5.896768049297161,True,4,True,0.3943965517241379,0.6816392251333918,cross_cohort_expression_replication_only,125.0,Solyc02g070020.1,protein_coding,UDP-Glycosyltransferase superfamily protein (AHRD V3.3 *** A0A2U1N3R1_ARTAN) && sp|Q9LTA3|U91C1_ARATH UDP-glycosyltransferase 91C1 OS=Arabidopsis thaliana OX=3702 GN=UGT91C1 PE=1 SV=1 && PF00201:UDP-glucoronosyl and UDP-glucosyl transferase,UDPGT,gene-Solyc02g070020.1,,,Ensembl Plants BioMart,63,one_to_one,,,,,0.4421961287917209,0.7142857142857143,0.6491218576674823,0.6940572267057961,0.7704175904936473,1.0,7,14017,0.4423953244240036,-0.2812893818119352,0.9830805561117554,395.0,0.082,1000,0.1398601398601398,0.1534163236290895,,four_cohort_expression_consensus,no_regulatory_claim,True,2.8322775063905894,2.832418848714766,1.33551933179866e-19,2.82958665073151e-16,True,1.0,1.509954923433817,-1.509954923433817,1.7883084295902902e-09,Solyc02g070020.1.1_S446,True,differential_direction_concordant,differential_site,none,False,expression_only_or_binding_only,,,,no_admitted_binding_record,11.0,1.0,Collenchyma;Columella;Inner epidermis;Locular tissue;Outer epidermis;Parenchyma;Placenta;Seeds;Septum;Total pericarp;Vascular tissue,Collenchyma;Columella;Inner epidermis;Locular tissue;Outer epidermis;Parenchyma;Placenta;Seeds;Septum;Total pericarp;Vascular tissue
Solyc02g005110,-0.6477108909970238,-0.4979829334077381,True,0.4979829334077381,-1.5079104297202264,-2.669330502192578,True,4,True,0.3943965517241379,0.6053122760213426,cross_cohort_expression_replication_only,126.0,Solyc02g005110.3,protein_coding,MADS-box protein SOC1 (AHRD V3.3 --* XP_025887600.1) && sp|K4D3V7|U76E1_SOLLC UDP-glycosyltransferase 76E1 OS=Solanum lycopersicum OX=4081 GN=UGT76E1 PE=1 SV=1 && -,-,gene-Solyc02g005110.3,,,Ensembl Plants BioMart,63,one_to_one,,,,,-0.9677707504288068,1.0,-0.9755791559048446,0.9289847779594916,0.0218707661020421,1.0,7,37,-0.968263717194582,-0.9848147729129908,-0.958926930433632,36.0,0.994,1000,0.0019980019980019,0.0091789398720091,,four_cohort_expression_consensus,no_regulatory_claim,False,,,,,,,,,,,,not_measured,none,none,False,expression_only_or_binding_only,,,,no_admitted_binding_record,11.0,1.0,Collenchyma;Columella;Inner epidermis;Locular tissue;Outer epidermis;Parenchyma;Placenta;Seeds;Septum;Total pericarp;Vascular tissue,Collenchyma;Columella;Inner epidermis;Locular tissue;Outer epidermis;Parenchyma;Placenta;Seeds;Septum;Total pericarp;Vascular tissue
Solyc06g048470,-0.4863048735119047,-0.4782075427827381,True,0.4782075427827381,-1.632018992328775,-2.650521068336932,True,4,True,0.3922413793103448,0.5124880544716095,cross_cohort_expression_replication_only,127.0,Solyc06g048470.4,protein_coding,COP1-Interacting protein-related (AHRD V3.3 *** A0A2R4QNN9_9POAL) && sp|O80386|CIP7_ARATH COP1-interacting protein 7 OS=Arabidopsis thaliana OX=3702 GN=CIP7 PE=1 SV=1 && -,-,gene-Solyc06g048470.4,,,Ensembl Plants BioMart,63,one_to_one,,,,,-0.811438863037563,1.0,-0.971034984014162,0.4835199396150459,0.1724647999434058,1.0,7,1327,-0.8115565580217202,-0.982273780256906,-0.7282274746954636,139.0,0.994,1000,0.0029970029970029,0.0108641358641358,,four_cohort_expression_consensus,no_regulatory_claim,False,,,,,,,,,,,,not_measured,none,none,False,expression_only_or_binding_only,,,,no_admitted_binding_record,11.0,1.0,Collenchyma;Columella;Inner epidermis;Locular tissue;Outer epidermis;Parenchyma;Placenta;Seeds;Septum;Total pericarp;Vascular tissue,Collenchyma;Columella;Inner epidermis;Locular tissue;Outer epidermis;Parenchyma;Placenta;Seeds;Septum;Total pericarp;Vascular tissue
Solyc12g011450,-0.4740164620535715,-0.3330194382440475,True,0.3330194382440475,-3.3625243981213124,-4.61221429313585,True,4,True,0.3879310344827586,0.6188368539460062,cross_cohort_expression_replication_only,128.0,Solyc12g011450.2,protein_coding,"Chlorophyll a-b binding protein && sp|P27489|CB23_SOLLC Chlorophyll a-b binding protein 13, chloroplastic OS=Solanum lycopersicum OX=4081 GN=CAB13 PE=1 SV=1 && PF00504:Chlorophyll A-B binding protein",-,gene-Solyc12g011450.2,CAB13,,Ensembl Plants BioMart,63,one_to_one,,,,,-0.7013577457247021,1.0,-0.9855934649767256,0.1398708432926573,0.2969565581601535,1.0,7,3414,-0.7014918449771247,-0.9952369148464428,-0.5703780543490224,201.5,0.484,1000,0.0119880119880119,0.0259926988898951,,four_cohort_expression_consensus,no_regulatory_claim,True,-3.1931799803926606,-3.190237062385258,5.39426762315079e-14,1.22306761822868e-12,True,,,,,,False,differential_direction_concordant,none,none,False,expression_only_or_binding_only,,,,no_admitted_binding_record,11.0,1.0,Collenchyma;Columella;Inner epidermis;Locular tissue;Outer epidermis;Parenchyma;Placenta;Seeds;Septum;Total pericarp;Vascular tissue,Collenchyma;Columella;Inner epidermis;Locular tissue;Outer epidermis;Parenchyma;Placenta;Seeds;Septum;Total pericarp;Vascular tissue
Solyc07g065540,-0.460600353422619,-0.4526715959821428,True,0.4526715959821428,-2.4326215930576076,-4.9042097506545606,True,4,True,0.3814655172413793,0.6247946862307876,cross_cohort_expression_replication_only,129.0,Solyc07g065540.1,protein_coding,Fasciclin-like arabinogalactan protein (AHRD V3.3 *** A0A2R6P548_ACTCH) && sp|Q9FM65|FLA1_ARATH Fasciclin-like arabinogalactan protein 1 OS=Arabidopsis thaliana OX=3702 GN=FLA1 PE=1 SV=1 && PF02469:Fasciclin domain,-,gene-Solyc07g065540.1,,,Ensembl Plants BioMart,63,one_to_one,,,,,-0.921725135481307,1.0,-0.9606439126557812,0.8276722438881201,0.0671103286421932,1.0,7,227,-0.9219028539935176,-0.9920202515376636,-0.8982045993813631,81.0,0.99,1000,0.0009990009990009,0.0073577216434359,,four_cohort_expression_consensus,no_regulatory_claim,True,-0.2650221604054715,,,,False,,,,,,False,measured_direction_concordant,none,none,False,expression_only_or_binding_only,,,,no_admitted_binding_record,11.0,1.0,Collenchyma;Columella;Inner epidermis;Locular tissue;Outer epidermis;Parenchyma;Placenta;Seeds;Septum;Total pericarp;Vascular tissue,Collenchyma;Columella;Inner epidermis;Locular tissue;Outer epidermis;Parenchyma;Placenta;Seeds;Septum;Total pericarp;Vascular tissue
Solyc08g081940,-0.5038713727678571,-0.4266299293154763,True,0.4266299293154763,-1.3183453782626549,-3.621673328207888,True,4,True,0.3787528868360277,0.5241063251572828,cross_cohort_expression_replication_only,130.0,Solyc08g081940.3,protein_coding,Leucine-rich repeat protein kinase family protein (AHRD V3.3 *** A0A2U1NUU3_ARTAN) && sp|Q9SUQ3|Y4374_ARATH Probable inactive receptor kinase At4g23740 OS=Arabidopsis thaliana OX=3702 GN=At4g23740 PE=1 SV=1 && PF08263:Leucine rich repeat N-terminal domain|PF13855:Leucine rich repeat|PF00069:Protein kinase domain,Pkinase,gene-Solyc08g081940.3,,,Ensembl Plants BioMart,63,one_to_one,,,,,-0.9522839897051114,1.0,-0.9547859864648212,0.9056336431648152,0.0315814936591307,1.0,7,88,-0.953852378742276,-0.9730962525470668,-0.9447173622424424,49.0,0.922,1000,0.0019980019980019,0.0091789398720091,,four_cohort_expression_consensus,no_regulatory_claim,False,,,,,,,,,,,,not_measured,none,none,False,expression_only_or_binding_only,,,,no_admitted_binding_record,11.0,0.9090909090909092,Collenchyma;Columella;Inner epidermis;Locular tissue;Outer epidermis;Parenchyma;Placenta;Septum;Total pericarp;Vascular tissue,Collenchyma;Columella;Inner epidermis;Locular tissue;Outer epidermis;Parenchyma;Placenta;Seeds;Septum;Total pericarp;Vascular tissue
Solyc04g012060,-0.4752952938988095,-0.3250267392113095,True,0.3250267392113095,-1.342666599722553,-2.6074680203822256,True,4,True,0.3771551724137931,0.397066875049773,cross_cohort_expression_replication_only,131.0,Solyc04g012060.3,protein_coding,"Ribonucleoside-diphosphate reductase (AHRD V3.3 *** A0A1U8FDK5_CAPAN) && sp|Q9SJ20|RIR1_ARATH Ribonucleoside-diphosphate reductase large subunit OS=Arabidopsis thaliana OX=3702 GN=RNR1 PE=1 SV=1 && PF03477:ATP cone domain|PF00317:Ribonucleotide reductase, all-alpha domain|PF02867:Ribonucleotide reductase, barrel domain",Ribonuc_red_lgC,gene-Solyc04g012060.3,,,Ensembl Plants BioMart,63,one_to_one,,,,,-0.461050512839702,0.8571428571428571,-0.7665864158300391,0.0796955591898351,0.6612394443347116,1.0,7,13078,-0.4620968782705467,-0.9524682084657632,-0.2053344524281265,385.0,0.0,1000,0.0909090909090909,0.1054545454545454,,four_cohort_expression_consensus,no_regulatory_claim,True,-0.0749757975486195,,,,False,,,,,,False,measured_direction_concordant,none,none,False,expression_only_or_binding_only,,,,no_admitted_binding_record,11.0,0.8181818181818182,Collenchyma;Columella;Inner epidermis;Locular tissue;Outer epidermis;Parenchyma;Septum;Total pericarp;Vascular tissue,Collenchyma;Columella;Inner epidermis;Locular tissue;Outer epidermis;Parenchyma;Placenta;Seeds;Septum;Total pericarp;Vascular tissue
Solyc02g065280,0.4888974144345238,0.6909760974702381,True,0.4888974144345238,1.293026246387383,4.976878378373835,True,4,True,0.3741339491916859,0.6646541769530939,cross_cohort_expression_replication_only,132.0,Solyc02g065280.3,protein_coding,Methylesterase 1 (AHRD V3.3 *** A0A2G3D300_CAPCH) && sp|Q6RYA0|SABP2_TOBAC Salicylic acid-binding protein 2 OS=Nicotiana tabacum OX=4097 GN=SABP2 PE=1 SV=1 && PF12697:Alpha/beta hydrolase family,-,gene-Solyc02g065280.3,,NM_001366911,Ensembl Plants BioMart,63,one_to_one,,,,,0.9551101918122072,1.0,0.9769771998746652,0.8950182412882124,0.0349484048588497,1.0,7,79,0.9554419274578436,0.9399801926243851,0.9862338526807432,55.0,0.98,1000,0.0009990009990009,0.0073577216434359,,four_cohort_expression_consensus,no_regulatory_claim,True,2.5046301843140335,2.504415899897092,1.54059146446429e-13,2.8689419834735098e-12,True,,,,,,False,differential_direction_concordant,none,none,False,expression_only_or_binding_only,,,,no_admitted_binding_record,11.0,1.0,Collenchyma;Columella;Inner epidermis;Locular tissue;Outer epidermis;Parenchyma;Placenta;Seeds;Septum;Total pericarp;Vascular tissue,Collenchyma;Columella;Inner epidermis;Locular tissue;Outer epidermis;Parenchyma;Placenta;Seeds;Septum;Total pericarp;Vascular tissue
Solyc07g056540,-0.5067313058035715,-0.3231956845238093,True,0.3231956845238093,-2.579988907205274,-2.8296921863740883,True,4,True,0.3706896551724138,0.5256965736242734,cross_cohort_expression_replication_only,133.0,Solyc07g056540.3,protein_coding,glycolate oxidase X92888 && sp|Q9LRR9|GLO1_ARATH (S)-2-hydroxy-acid oxidase GLO1 OS=Arabidopsis thaliana OX=3702 GN=GLO1 PE=1 SV=1 && PF01070:FMN-dependent dehydrogenase,FMN_dh,gene-Solyc07g056540.3,,,Ensembl Plants BioMart,63,one_to_one,,,,,-0.619285171096463,0.8571428571428571,-0.9783040537878126,0.4539984065081561,0.5026013701839673,1.0,7,5754,-0.6195467330091455,-0.9916619232525172,-0.3485053010594126,248.0,0.312,1000,0.0229770229770229,0.0347274874962171,,four_cohort_expression_consensus,no_regulatory_claim,True,-2.2423109340457037,-2.242089197378541,1.2849555883362899e-11,1.14665514750331e-10,True,,,,,,False,differential_direction_concordant,none,none,False,expression_only_or_binding_only,,,,no_admitted_binding_record,11.0,0.9090909090909092,Collenchyma;Columella;Inner epidermis;Locular tissue;Outer epidermis;Parenchyma;Placenta;Septum;Total pericarp;Vascular tissue,Collenchyma;Columella;Inner epidermis;Locular tissue;Outer epidermis;Parenchyma;Placenta;Seeds;Septum;Total pericarp;Vascular tissue
Solyc04g016330,-0.4580194382440477,-0.4822591145833333,True,0.4580194382440477,-1.531822168703219,-3.280683937135877,True,4,True,0.3577586206896552,0.4989784084574341,cross_cohort_expression_replication_only,134.0,Solyc04g016330.3,protein_coding,"Glycerol-3-phosphate dehydrogenase [NAD(+)] (AHRD V3.3 *** A0A2G3CDF8_CAPCH) && sp|Q8S0G4|GPDH1_ORYSJ Probable glycerol-3-phosphate dehydrogenase [NAD(+)] 1, cytosolic OS=Oryza sativa subsp. japonica OX=39947 GN=Os01g0939600 PE=2 SV=1 && PF01210:NAD-dependent glycerol-3-phosphate dehydrogenase N-terminus|PF07479:NAD-dependent glycerol-3-phosphate dehydrogenase C-terminus",NAD_Gly3P_dh_C,gene-Solyc04g016330.3,,,Ensembl Plants BioMart,63,one_to_one,,,,,-0.917526556738124,1.0,-0.9704768797243072,0.7883171887449155,0.0659353511452924,1.0,7,243,-0.9177104446917256,-0.9810272587237135,-0.8838584132441577,81.5,0.996,1000,0.0019980019980019,0.0091789398720091,,four_cohort_expression_consensus,no_regulatory_claim,True,-1.137653327142605,-1.1376272673223866,2.87193029001352e-10,1.6874588581273e-09,True,1.0,0.8267233468178362,-0.8267233468178362,6.09277522502037e-06,Solyc04g016330.2.1_S4,True,differential_direction_concordant,differential_site,none,False,expression_only_or_binding_only,,,,no_admitted_binding_record,11.0,1.0,Collenchyma;Columella;Inner epidermis;Locular tissue;Outer epidermis;Parenchyma;Placenta;Seeds;Septum;Total pericarp;Vascular tissue,Collenchyma;Columella;Inner epidermis;Locular tissue;Outer epidermis;Parenchyma;Placenta;Seeds;Septum;Total pericarp;Vascular tissue
Solyc06g053620,0.4576241629464285,0.738164992559524,True,0.4576241629464285,2.5170083039591917,4.417567370596702,True,4,True,0.355603448275862,0.688180646253086,cross_cohort_expression_replication_only,135.0,Solyc06g053620.5,protein_coding,Phosphoenolpyruvate carboxylase kinase 2 (AHRD V3.11 *** tr_Q84JP7_Q84JP7_SOLLC) && sp|Q9SPK4|PPCK1_ARATH Phosphoenolpyruvate carboxylase kinase 1 OS=Arabidopsis thaliana OX=3702 GN=PPCK1 PE=1 SV=1 && PF00069:Protein kinase domain,Pkinase,gene-Solyc06g053620.4,,,Ensembl Plants BioMart,63,one_to_one,,,,,0.7005678052919012,1.0,0.9539680969330072,0.1590556464125466,0.2871235436411766,1.0,7,3432,0.7008761506003838,0.5767012113282306,0.991420172885134,209.0,0.292,1000,0.0139860139860139,0.0278519763498304,,four_cohort_expression_consensus,no_regulatory_claim,False,,,,,,,,,,,,not_measured,none,none,False,expression_only_or_binding_only,,,,no_admitted_binding_record,11.0,1.0,Collenchyma;Columella;Inner epidermis;Locular tissue;Outer epidermis;Parenchyma;Placenta;Seeds;Septum;Total pericarp;Vascular tissue,Collenchyma;Columella;Inner epidermis;Locular tissue;Outer epidermis;Parenchyma;Placenta;Seeds;Septum;Total pericarp;Vascular tissue
Solyc12g099430,-0.4562639508928572,-0.4362327938988095,True,0.4362327938988095,-2.1792707314644275,-4.562221915038165,True,4,True,0.3512931034482758,0.5825361352233814,cross_cohort_expression_replication_only,136.0,Solyc12g099430.2,protein_coding,Alpha/beta-Hydrolases superfamily protein (AHRD V3.3 *** A0A2U1MWY4_ARTAN) && sp|I6YGS0|EPHA_MYCTU Epoxide hydrolase A OS=Mycobacterium tuberculosis (strain ATCC 25618 / H37Rv) OX=83332 GN=ephA PE=1 SV=1 && PF12697:Alpha/beta hydrolase family,-,gene-Solyc12g099430.2,,,Ensembl Plants BioMart,63,one_to_one,,,,,-0.6125892323527307,0.8571428571428571,-0.988676404318278,0.0365664444164884,0.3593704037180293,1.0,7,6048,-0.6126415189237564,-0.9924620087171404,-0.3798741698516426,282.5,0.32,1000,0.0249750249750249,0.0354385675486592,,four_cohort_expression_consensus,no_regulatory_claim,True,-0.5372053886854765,,,,False,1.0,0.6562840169232949,0.6562840169232949,0.0001127484719693,Solyc12g099430.1.1_S135,True,measured_direction_concordant,differential_site,none,False,expression_only_or_binding_only,,,,no_admitted_binding_record,11.0,1.0,Collenchyma;Columella;Inner epidermis;Locular tissue;Outer epidermis;Parenchyma;Placenta;Seeds;Septum;Total pericarp;Vascular tissue,Collenchyma;Columella;Inner epidermis;Locular tissue;Outer epidermis;Parenchyma;Placenta;Seeds;Septum;Total pericarp;Vascular tissue
Solyc06g006090,-0.5230654761904763,-0.3123837425595238,True,0.3123837425595238,-1.618250877366605,-4.430393359780219,True,4,True,0.3512931034482758,0.5602863442701282,cross_cohort_expression_replication_only,137.0,Solyc06g006090.1,protein_coding,josephin protein-like protein (AHRD V3.3 *-* AT1G07300.2) && - && -,-,gene-Solyc06g006090.1,,,Ensembl Plants BioMart,63,one_to_one,,,,,-0.5185207706431351,0.8571428571428571,-0.7045040368902794,0.0,0.4148145845805189,1.0,7,10573,-0.533752005277347,-0.8386295808608538,-0.3412743663490191,370.5,0.004,1000,0.0089910089910089,0.0220731649303077,,four_cohort_expression_consensus,no_regulatory_claim,False,,,,,,,,,,,,not_measured,none,none,False,expression_only_or_binding_only,,,,no_admitted_binding_record,5.0,1.0,Columella;Parenchyma;Placenta;Septum;Total pericarp,Columella;Parenchyma;Placenta;Septum;Total pericarp
Solyc03g071570,-0.4904552641369047,-0.4963843936011904,True,0.4904552641369047,-1.2728723367013,-2.419251764413014,True,4,True,0.3512931034482758,0.4829651787847416,cross_cohort_expression_replication_only,138.0,Solyc03g071570.3,protein_coding,Pectate lyase (AHRD V3.3 *** A0A2G2X594_CAPBA) && sp|Q9SCP2|PLY12_ARATH Probable pectate lyase 12 OS=Arabidopsis thaliana OX=3702 GN=At3g53190 PE=2 SV=2 && PF00544:Pectate lyase,-,gene-Solyc03g071570.3,,,Ensembl Plants BioMart,63,one_to_one,,,,,-0.6112331670466781,0.8571428571428571,-0.9217203019415952,0.6358451796871724,0.5559299537482856,1.0,7,6122,-0.6117012395796586,-0.9724396351552316,-0.3312844926371041,294.0,0.056,1000,0.0179820179820179,0.031485495636439,,four_cohort_expression_consensus,no_regulatory_claim,False,,,,,,,,,,,,not_measured,none,none,False,expression_only_or_binding_only,,,,no_admitted_binding_record,11.0,1.0,Collenchyma;Columella;Inner epidermis;Locular tissue;Outer epidermis;Parenchyma;Placenta;Seeds;Septum;Total pericarp;Vascular tissue,Collenchyma;Columella;Inner epidermis;Locular tissue;Outer epidermis;Parenchyma;Placenta;Seeds;Septum;Total pericarp;Vascular tissue
Solyc06g009770,-0.4699474516369047,-0.6510300409226191,True,0.4699474516369047,-1.2444629412526789,-3.9315972672452455,True,4,True,0.3510392609699769,0.577522746276977,cross_cohort_expression_replication_only,139.0,Solyc06g009770.1,protein_coding,hypothetical protein (AHRD V3.3 *** AT3G62650.2) && - && -,-,gene-Solyc06g009770.1,,,Ensembl Plants BioMart,63,one_to_one,,,,,-0.606039077062487,0.8571428571428571,-0.947248827689118,0.0620518304189206,0.3608208671296906,1.0,7,6415,-0.6074083554056746,-0.9761016827283826,-0.3747805891261724,297.0,0.178,1000,0.0089910089910089,0.0220731649303077,,four_cohort_expression_consensus,no_regulatory_claim,False,,,,,,,,,,,,not_measured,none,none,False,expression_only_or_binding_only,,,,no_admitted_binding_record,4.0,1.0,Inner epidermis;Outer epidermis;Seeds;Total pericarp,Inner epidermis;Outer epidermis;Seeds;Total pericarp
Solyc12g015850,-0.4688778831845238,-0.4357503255208333,True,0.4357503255208333,-2.530714542458288,-2.4085375522288017,True,4,True,0.3491379310344827,0.508839691008999,cross_cohort_expression_replication_only,140.0,Solyc12g015850.1,protein_coding,Nucleotide/sugar transporter family protein (AHRD V3.3 *** A0A2K3L035_TRIPR) && sp|Q9FG70|NSTU2_ARATH Nucleotide-sugar uncharacterized transporter 2 OS=Arabidopsis thaliana OX=3702 GN=At5g55950 PE=2 SV=1 && PF03151:Triose-phosphate Transporter family,-,gene-Solyc12g015850.1,,,Ensembl Plants BioMart,63,one_to_one,,,,,-0.895949204847036,1.0,-0.9158107985994972,0.79810877678534,0.0822286586035359,1.0,7,363,-0.8964739170732494,-0.9366966354949592,-0.8779222712330222,103.0,0.726,1000,0.0009990009990009,0.0073577216434359,,four_cohort_expression_consensus,no_regulatory_claim,False,,,,,,,,,,,,not_measured,none,none,False,expression_only_or_binding_only,,,,no_admitted_binding_record,11.0,0.9090909090909092,Collenchyma;Columella;Inner epidermis;Locular tissue;Outer epidermis;Parenchyma;Placenta;Seeds;Septum;Total pericarp,Collenchyma;Columella;Inner epidermis;Locular tissue;Outer epidermis;Parenchyma;Placenta;Seeds;Septum;Total pericarp;Vascular tissue
Solyc02g084600,-0.4756440662202381,-0.3119768415178571,True,0.3119768415178571,-2.0416862467786085,-3.938621726551637,True,4,True,0.3469827586206896,0.5109525563430757,cross_cohort_expression_replication_only,141.0,Solyc02g084600.4,protein_coding,Leucine-rich repeat receptor-like protein kinase family protein (AHRD V3.3 *-* A0A061DFG6_THECC) && - && -,-,gene-Solyc02g084600.4,,,Ensembl Plants BioMart,63,one_to_one,RIN,in_vivo_promoter_binding,binding_only,ripening_tomato_fruit;ITAG2;three_biological_replicates,-0.618240076984146,0.8571428571428571,-0.9683103782231062,0.647544764540613,0.5669966308077586,1.0,7,5791,-0.6183309090710631,-0.9779898324047206,-0.3321056623047451,255.5,0.31,1000,0.0169830169830169,0.0305431003105421,,four_cohort_expression_consensus,source_bound_context_limited,True,0.5001739376851743,,,,False,,,,,,False,measured_direction_discordant,none,binding_only,True,binding_plus_independent_perturbation_expression,1.550401182588136,4.5056056476943356e-12,True,binding_plus_independent_perturbation_expression,11.0,1.0,Collenchyma;Columella;Inner epidermis;Locular tissue;Outer epidermis;Parenchyma;Placenta;Seeds;Septum;Total pericarp;Vascular tissue,Collenchyma;Columella;Inner epidermis;Locular tissue;Outer epidermis;Parenchyma;Placenta;Seeds;Septum;Total pericarp;Vascular tissue
Solyc08g005610,0.4896647135416666,0.3112211681547618,True,0.3112211681547618,2.0811869260141345,4.65911337517404,True,4,True,0.3448275862068966,0.5688734371267022,cross_cohort_expression_replication_only,142.0,Solyc08g005610.3,protein_coding,Cytochrome P450 (AHRD V3.3 *** A0A200R6R4_9MAGN) && sp|K4CI52|ABAH2_SOLLC Abscisic acid 8'-hydroxylase CYP707A2 OS=Solanum lycopersicum OX=4081 GN=CYP707A2 PE=2 SV=1 && PF00067:Cytochrome P450,p450,gene-Solyc08g005610.3,CYP707A2,NM_001375915,Ensembl Plants BioMart,63,one_to_one,RIN,in_vivo_promoter_binding,binding_only,ripening_tomato_fruit;ITAG2;three_biological_replicates,0.5724215116946944,0.8571428571428571,0.826805577940475,0.4135966900929494,0.5201445737947734,1.0,7,8163,0.5763111498756398,0.3179637983465859,0.9241964567627922,345.0,0.012,1000,0.0379620379620379,0.0492021944535911,,four_cohort_expression_consensus,source_bound_context_limited,False,,,,,,,,,,,,not_measured,none,binding_only,True,binding_plus_independent_perturbation_expression,-4.463430249652365,0.0,True,binding_plus_independent_perturbation_expression,11.0,0.5454545454545454,Collenchyma;Inner epidermis;Parenchyma;Seeds;Septum;Total pericarp,Collenchyma;Columella;Inner epidermis;Locular tissue;Outer epidermis;Parenchyma;Placenta;Seeds;Septum;Total pericarp;Vascular tissue
Solyc06g035610,-0.4531482514880953,-0.590611049107143,True,0.4531482514880953,-2.8607878342863216,-3.87490775979118,True,4,True,0.3426724137931034,0.6398846261049613,cross_cohort_expression_replication_only,143.0,Solyc06g035610.3,protein_coding,"RNA-binding protein (AHRD V3.3 *-* Q941H9_TOBAC) && sp|Q9FIU6|ORRM2_ARATH Organelle RRM domain-containing protein 2, mitochondrial OS=Arabidopsis thaliana OX=3702 GN=ORRM2 PE=1 SV=1 && PF00076:RNA recognition motif. (a.k.a. RRM, RBD, or RNP domain)",RRM_1,gene-Solyc06g035610.3,,,Ensembl Plants BioMart,63,one_to_one,,,,,-0.6548365607581355,1.0,-0.93091911961715,0.0216169748815364,0.328643983976249,1.0,7,4644,-0.6568799006624014,-0.9487657823462108,-0.5181932007815798,241.5,0.052,1000,0.0169830169830169,0.0305431003105421,,four_cohort_expression_consensus,no_regulatory_claim,False,,,,,,,,,,,,not_measured,none,none,False,expression_only_or_binding_only,,,,no_admitted_binding_record,10.0,1.0,Collenchyma;Columella;Inner epidermis;Locular tissue;Outer epidermis;Parenchyma;Placenta;Septum;Total pericarp;Vascular tissue,Collenchyma;Columella;Inner epidermis;Locular tissue;Outer epidermis;Parenchyma;Placenta;Septum;Total pericarp;Vascular tissue
Solyc01g109790,-0.5250186011904763,-0.341738746279762,True,0.341738746279762,-1.2121681612919677,-4.057989675300553,True,4,True,0.3418013856812933,0.5234891395237716,cross_cohort_expression_replication_only,144.0,Solyc01g109790.3,protein_coding,ADP-glucose pyrophosphorylase large subunit 1 && sp|Q00081|GLGL1_SOLTU Glucose-1-phosphate adenylyltransferase large subunit 1 (Fragment) OS=Solanum tuberosum OX=4113 GN=AGPS1 PE=1 SV=1 && PF00483:Nucleotidyl transferase,-,gene-Solyc01g109790.3,AgpL1,NM_001246989,Ensembl Plants BioMart,63,one_to_one,,,,,-0.6146205714794025,0.8571428571428571,-0.9468639339027528,0.7476621797291063,0.5974751742496732,1.0,7,5957,-0.6150657040563241,-0.9724435452211504,-0.3225631135977182,286.0,0.276,1000,0.0159840159840159,0.0302717690472792,,four_cohort_expression_consensus,no_regulatory_claim,True,-2.2757261117893015,-2.2756257786246934,4.3394157853281894e-18,1.53325969850328e-15,True,,,,,,False,differential_direction_concordant,none,none,False,expression_only_or_binding_only,,,,no_admitted_binding_record,11.0,1.0,Collenchyma;Columella;Inner epidermis;Locular tissue;Outer epidermis;Parenchyma;Placenta;Seeds;Septum;Total pericarp;Vascular tissue,Collenchyma;Columella;Inner epidermis;Locular tissue;Outer epidermis;Parenchyma;Placenta;Seeds;Septum;Total pericarp;Vascular tissue
Solyc08g016310,-0.4680524553571429,-0.8300141834077381,True,0.4680524553571429,-2.6192498281015735,-2.3913487639937534,True,4,True,0.3405172413793103,0.6142515131002628,cross_cohort_expression_replication_only,145.0,Solyc08g016310.3,protein_coding,LOW QUALITY PROTEIN_ LRR receptor-like serine/threonine-protein kinase GSO1 (AHRD V3.3 *** A0A1U8F7A0_CAPAN) && sp|Q9LNV9|RLP1_ARATH Receptor-like protein 1 OS=Arabidopsis thaliana OX=3702 GN=RLP1 PE=2 SV=2 && PF13855:Leucine rich repeat,-,gene-Solyc08g016310.3,,,Ensembl Plants BioMart,63,one_to_one,,,,,-0.9325599152815472,1.0,-0.9787060224882272,0.8282802868285319,0.0556840270164708,1.0,7,163,-0.932938629015744,-0.9853397193000564,-0.9045486052558938,70.0,0.996,1000,0.0009990009990009,0.0073577216434359,,four_cohort_expression_consensus,no_regulatory_claim,False,,,,,,,,,,,,not_measured,none,none,False,expression_only_or_binding_only,,,,no_admitted_binding_record,11.0,1.0,Collenchyma;Columella;Inner epidermis;Locular tissue;Outer epidermis;Parenchyma;Placenta;Seeds;Septum;Total pericarp;Vascular tissue,Collenchyma;Columella;Inner epidermis;Locular tissue;Outer epidermis;Parenchyma;Placenta;Seeds;Septum;Total pericarp;Vascular tissue
Solyc07g005390,-0.5202752976190477,-0.4339250837053571,True,0.4339250837053571,-1.2090640126309695,-3.494276974590556,True,4,True,0.3371824480369515,0.5244895775264793,cross_cohort_expression_replication_only,146.0,Solyc07g005390.3,protein_coding,Aldehyde dehydrogenase 11A3 (AHRD V3.3 *** A0A2H1ZE23_ARATH) && sp|P93338|GAPN_NICPL NADP-dependent glyceraldehyde-3-phosphate dehydrogenase OS=Nicotiana plumbaginifolia OX=4092 GN=GAPN PE=2 SV=1 && PF00171:Aldehyde dehydrogenase family,Aldedh,gene-Solyc07g005390.3,ALDH11A3a,,Ensembl Plants BioMart,63,one_to_one,,,,,-0.9693548836477258,1.0,-0.9763768415035003,0.935743319207818,0.0218493028895972,1.0,7,32,-0.9696038868112208,-0.9881370054410744,-0.9629373799034848,29.0,0.968,1000,0.0009990009990009,0.0073577216434359,,four_cohort_expression_consensus,no_regulatory_claim,True,-0.7472506633792648,-0.747475423250852,1.75199360031053e-10,1.0904565209775902e-09,True,,,,,,False,differential_direction_concordant,none,none,False,expression_only_or_binding_only,,,,no_admitted_binding_record,11.0,1.0,Collenchyma;Columella;Inner epidermis;Locular tissue;Outer epidermis;Parenchyma;Placenta;Seeds;Septum;Total pericarp;Vascular tissue,Collenchyma;Columella;Inner epidermis;Locular tissue;Outer epidermis;Parenchyma;Placenta;Seeds;Septum;Total pericarp;Vascular tissue
Solyc12g098340,-0.7895856584821428,-0.3064429873511903,True,0.3064429873511903,-1.540436660301995,-4.119450688205408,True,4,True,0.3362068965517241,0.6224391773512782,cross_cohort_expression_replication_only,147.0,Solyc12g098340.2,protein_coding,Pectinesterase (AHRD V3.3 *** A0A2G2VIL1_CAPBA) && sp|Q4PSN0|PME29_ARATH Probable pectinesterase 29 OS=Arabidopsis thaliana OX=3702 GN=PME29 PE=2 SV=1 && PF01095:Pectinesterase,-,gene-Solyc12g098340.2,,,Ensembl Plants BioMart,63,one_to_one,RIN,in_vivo_promoter_binding,binding_only,ripening_tomato_fruit;ITAG2;three_biological_replicates,-0.6165848630227525,0.8571428571428571,-0.9577361083097756,0.6719293831509205,0.5736510690089992,1.0,7,5863,-0.6172328088039947,-0.9762035244584332,-0.3294737397116238,264.0,0.236,1000,0.0179820179820179,0.031485495636439,,four_cohort_expression_consensus,source_bound_context_limited,False,,,,,,,,,,,,not_measured,none,binding_only,False,expression_only_or_binding_only,0.5572642497674906,0.0843817362882189,False,binding_only_or_no_significant_perturbation,11.0,0.7272727272727273,Collenchyma;Columella;Locular tissue;Parenchyma;Placenta;Seeds;Septum;Total pericarp,Collenchyma;Columella;Inner epidermis;Locular tissue;Outer epidermis;Parenchyma;Placenta;Seeds;Septum;Total pericarp;Vascular tissue
Solyc03g123830,-0.452450706845238,-0.3210391090029763,True,0.3210391090029763,-3.365869532050633,-5.2168399695245355,True,4,True,0.3362068965517241,0.6080995659791352,cross_cohort_expression_replication_only,148.0,Solyc03g123830.5,protein_coding,"D-3-phosphoglycerate dehydrogenase (AHRD V3.11 *** tr_A0A1U8G334_A0A1U8G334_CAPAN) && sp|O04130|SERA2_ARATH D-3-phosphoglycerate dehydrogenase 2, chloroplastic OS=Arabidopsis thaliana OX=3702 GN=PGDH2 PE=1 SV=2 && PF01842:ACT domain|PF00389:D-isomer specific 2-hydroxyacid dehydrogenase, catalytic domain|PF02826:D-isomer specific 2-hydroxyacid dehydrogenase, NAD binding domain",2-Hacid_dh_C,gene-Solyc03g123830.4,,NM_001348361,Ensembl Plants BioMart,63,one_to_one,,,,,-0.9779441312019178,1.0,-0.9887415848235366,0.9509626116071428,0.0179787834328249,1.0,7,20,-0.9779979171679908,-0.9953874418514004,-0.9710068761692932,15.0,0.994,1000,0.0009990009990009,0.0073577216434359,,four_cohort_expression_consensus,no_regulatory_claim,True,-2.5473608747848187,-2.5474318172102284,1.24121901802422e-18,8.48611894784564e-16,True,,,,,,False,differential_direction_concordant,none,none,False,expression_only_or_binding_only,,,,no_admitted_binding_record,11.0,0.8181818181818182,Collenchyma;Columella;Inner epidermis;Locular tissue;Outer epidermis;Parenchyma;Placenta;Septum;Total pericarp,Collenchyma;Columella;Inner epidermis;Locular tissue;Outer epidermis;Parenchyma;Placenta;Seeds;Septum;Total pericarp;Vascular tissue
Solyc12g013710,-0.4703543526785715,-0.6973005022321428,True,0.4703543526785715,-3.4077033021822265,-2.362989667211835,True,4,True,0.334051724137931,0.6400040813888668,cross_cohort_expression_replication_only,149.0,Solyc12g013710.2,protein_coding,"light dependent NADH_protochlorophyllide oxidoreductase 1 && sp|Q9SDT1|POR_DAUCA Protochlorophyllide reductase, chloroplastic OS=Daucus carota OX=4039 GN=POR1 PE=2 SV=1 && PF00106:short chain dehydrogenase",adh_short,gene-Solyc12g013710.2,,,Ensembl Plants BioMart,63,one_to_one,,,,,-0.9076458076939352,1.0,-0.9397232723263048,0.8037564196625092,0.0743049473783597,1.0,7,290,-0.9082578493544916,-0.9666784321286304,-0.8839633152454004,90.5,0.726,1000,0.0009990009990009,0.0073577216434359,,four_cohort_expression_consensus,no_regulatory_claim,True,-2.2409901378803863,-2.2489704601753315,4.81339337886625e-12,5.0331106295721497e-11,True,,,,,,False,differential_direction_concordant,none,none,False,expression_only_or_binding_only,,,,no_admitted_binding_record,10.0,0.7,Columella;Inner epidermis;Locular tissue;Placenta;Septum;Total pericarp;Vascular tissue,Collenchyma;Columella;Inner epidermis;Locular tissue;Outer epidermis;Parenchyma;Placenta;Septum;Total pericarp;Vascular tissue
Solyc12g006520,-0.5703590029761905,-0.3063732328869047,True,0.3063732328869047,-2.730307969541633,-3.901543386124328,True,4,True,0.334051724137931,0.6210256231583977,cross_cohort_expression_replication_only,150.0,Solyc12g006520.3,protein_coding,Terpene cyclase/mutase family member (AHRD V3.11 *** tr_A0A2G3BN05_A0A2G3BN05_CAPCH) && sp|E7DN64|DAMS_SOLLC Delta-amyrin synthase OS=Solanum lycopersicum OX=4081 GN=TTS2 PE=1 SV=1 && PF13243:Squalene-hopene cyclase C-terminal domain|PF13249:Squalene-hopene cyclase N-terminal domain,-,gene-Solyc12g006520.2,,,Ensembl Plants BioMart,63,one_to_one,,,,,-0.9570613078736944,1.0,-0.9789889760317456,0.9428906823184152,0.0225783677617885,0.8571428571428571,6,73,-0.9577647340308796,-0.979985588882953,-0.9251007123327178,56.0,0.988,1000,0.0029970029970029,0.0108641358641358,,four_cohort_expression_consensus,no_regulatory_claim,True,-1.5203587697917296,-1.528757958338517,1.1090988303738501e-10,7.280493552250701e-10,True,,,,,,False,differential_direction_concordant,none,none,False,expression_only_or_binding_only,,,,no_admitted_binding_record,10.0,0.9,Collenchyma;Columella;Inner epidermis;Locular tissue;Outer epidermis;Parenchyma;Placenta;Septum;Total pericarp,Collenchyma;Columella;Inner epidermis;Locular tissue;Outer epidermis;Parenchyma;Placenta;Seeds;Septum;Total pericarp
Solyc05g053310,-0.596923828125,-0.5834495907738095,True,0.5834495907738095,-1.1831911427217348,-3.7544910606223274,True,4,True,0.3302540415704388,0.6445247172891614,cross_cohort_expression_replication_only,151.0,Solyc05g053310.3,protein_coding,Stress responsive A/B Barrel domain containing protein (AHRD V3.3 *** A0A1Y1IK97_KLENI) && sp|Q9LUV2|POP3_ARATH Stress-response A/B barrel domain-containing protein HS1 OS=Arabidopsis thaliana OX=3702 GN=HS1 PE=1 SV=1 && PF07876:Stress responsive A/B Barrel Domain,-,gene-Solyc05g053310.3,,,Ensembl Plants BioMart,63,one_to_one,,,,,-0.9603895254628242,1.0,-0.9732000896385422,0.9164465131882416,0.0304738565133084,1.0,7,60,-0.9606154033808004,-0.9831796591646708,-0.9504755896287364,48.0,0.958,1000,0.0009990009990009,0.0073577216434359,,four_cohort_expression_consensus,no_regulatory_claim,True,-1.2865429385538834,-1.2837550710906744,7.98821992834176e-12,7.72571259228526e-11,True,,,,,,False,differential_direction_concordant,none,none,False,expression_only_or_binding_only,,,,no_admitted_binding_record,11.0,1.0,Collenchyma;Columella;Inner epidermis;Locular tissue;Outer epidermis;Parenchyma;Placenta;Seeds;Septum;Total pericarp;Vascular tissue,Collenchyma;Columella;Inner epidermis;Locular tissue;Outer epidermis;Parenchyma;Placenta;Seeds;Septum;Total pericarp;Vascular tissue
Solyc12g006530,-0.4797595796130952,-0.3040597098214286,True,0.3040597098214286,-2.871830696071334,-3.0797486776971863,True,4,True,0.3297413793103448,0.5100740622760214,cross_cohort_expression_replication_only,152.0,Solyc12g006530.2,protein_coding,Terpene cyclase/mutase family member (AHRD V3.3 *** A0A2G3BN05_CAPCH) && sp|E7DN63|BAMS_SOLLC Beta-amyrin synthase OS=Solanum lycopersicum OX=4081 GN=TTS1 PE=1 SV=1 && PF13243:Squalene-hopene cyclase C-terminal domain|PF13249:Squalene-hopene cyclase N-terminal domain,-,gene-Solyc12g006530.2,lTTS1,NM_001247675,Ensembl Plants BioMart,63,one_to_one,,,,,-0.9505605474349716,1.0,-0.9758733403481268,0.9241101790977104,0.0264461712238534,0.8571428571428571,6,95,-0.954384968132403,-0.980843123999036,-0.9185997805373622,65.0,0.928,1000,0.0009990009990009,0.0073577216434359,,four_cohort_expression_consensus,no_regulatory_claim,False,,,,,,,,,,,,not_measured,none,none,False,expression_only_or_binding_only,,,,no_admitted_binding_record,5.0,1.0,Inner epidermis;Locular tissue;Outer epidermis;Septum;Total pericarp,Inner epidermis;Locular tissue;Outer epidermis;Septum;Total pericarp
Solyc02g077330,-0.450590587797619,-0.393159412202381,True,0.393159412202381,-2.518810148701376,-3.839544265347354,True,4,True,0.3275862068965517,0.5346631858724218,cross_cohort_expression_replication_only,153.0,Solyc02g077330.3,protein_coding,GDSL esterase/lipase (AHRD V3.3 *** A0A2G3D5Q8_CAPCH) && sp|Q9FJ41|GDL85_ARATH GDSL esterase/lipase At5g45950 OS=Arabidopsis thaliana OX=3702 GN=At5g45950 PE=2 SV=1 && PF00657:GDSL-like Lipase/Acylhydrolase,Lipase_GDSL,gene-Solyc02g077330.3,,NM_001346821,Ensembl Plants BioMart,63,one_to_one,,,,,-0.8147240191760259,1.0,-0.9469250930772594,0.5210508659370151,0.1656303061329837,1.0,7,1287,-0.8150238536770336,-0.9884789849212704,-0.7424505742848473,151.0,0.808,1000,0.0019980019980019,0.0091789398720091,,four_cohort_expression_consensus,no_regulatory_claim,False,,,,,,,,,,,,not_measured,none,none,False,expression_only_or_binding_only,,,,no_admitted_binding_record,4.0,1.0,Inner epidermis;Outer epidermis;Seeds;Total pericarp,Inner epidermis;Outer epidermis;Seeds;Total pericarp
Solyc05g007770,0.4496023995535715,0.3172142392113096,True,0.3172142392113096,2.020891545529768,4.07629609699695,True,4,True,0.3254310344827586,0.4903241220036633,cross_cohort_expression_replication_only,154.0,Solyc05g007770.3,protein_coding,NAC domain TF && sp|K4BWV2|NAP1_SOLLC NAC domain-containing protein 1 OS=Solanum lycopersicum OX=4081 GN=NAP1 PE=2 SV=1 && PF02365:No apical meristem (NAM) protein,NAM,gene-Solyc05g007770.3,NAP1,NM_001329523,Ensembl Plants BioMart,63,one_to_one,RIN,in_vivo_promoter_binding,binding_only,ripening_tomato_fruit;ITAG2;three_biological_replicates,0.6157351011349429,0.8571428571428571,0.9482886570703024,0.5150123705287877,0.5169195916327498,1.0,7,5913,0.6162798996698595,0.3426324004456615,0.9791542084119847,273.0,0.262,1000,0.0189810189810189,0.0323793853205617,,four_cohort_expression_consensus,source_bound_context_limited,False,,,,,,,,,,,,not_measured,none,binding_only,False,expression_only_or_binding_only,0.5341419863121738,0.0100550129989254,False,binding_only_or_no_significant_perturbation,8.0,1.0,Columella;Inner epidermis;Locular tissue;Placenta;Seeds;Septum;Total pericarp;Vascular tissue,Columella;Inner epidermis;Locular tissue;Placenta;Seeds;Septum;Total pericarp;Vascular tissue
Solyc10g080210,0.8924153645833334,0.3023158482142857,True,0.3023158482142857,7.98899153519736,11.482954634990604,True,4,True,0.3232758620689655,0.8302801724137931,cross_cohort_expression_replication_only,155.0,Solyc10g080210.2,protein_coding,polygalacturonase && sp|P05117|PGLR_SOLLC Polygalacturonase-2 OS=Solanum lycopersicum OX=4081 GN=PG2 PE=1 SV=1 && PF00295:Glycosyl hydrolases family 28,-,gene-Solyc10g080210.2,PG2,NM_001247092,Ensembl Plants BioMart,63,one_to_one,,,,,0.6116581604519963,0.8571428571428571,0.97249579282832,0.0912064410617687,0.3750801339106209,1.0,7,6094,0.6116589830166552,0.3747027873299535,0.9788870317106508,290.0,0.306,1000,0.0249750249750249,0.0354385675486592,,four_cohort_expression_consensus,no_regulatory_claim,True,5.025675950764874,5.026055202759271,1.6956308640271e-18,9.41922944967056e-16,True,2.0,2.258555209495343,-2.258555209495343,1.6117016742268702e-10,Solyc10g080210.1.1_S80;Solyc10g080210.1.1_T125,True,differential_direction_concordant,differential_site,none,False,expression_only_or_binding_only,,,,no_admitted_binding_record,11.0,0.9090909090909092,Collenchyma;Columella;Inner epidermis;Locular tissue;Outer epidermis;Parenchyma;Placenta;Septum;Total pericarp;Vascular tissue,Collenchyma;Columella;Inner epidermis;Locular tissue;Outer epidermis;Parenchyma;Placenta;Seeds;Septum;Total pericarp;Vascular tissue
Solyc03g118100,0.5835077194940477,0.3692859468005952,True,0.3692859468005952,1.1625058808707769,4.672462283034833,True,4,True,0.3210161662817552,0.6007281795014733,cross_cohort_expression_replication_only,156.0,Solyc03g118100.4,protein_coding,NAD(P)-binding Rossmann-fold superfamily protein (AHRD V3.3 *** A0A2U1N555_ARTAN) && sp|Q8K354|CBR3_MOUSE Carbonyl reductase [NADPH] 3 OS=Mus musculus OX=10090 GN=Cbr3 PE=1 SV=1 && PF00106:short chain dehydrogenase,adh_short,gene-Solyc03g118100.4,,,Ensembl Plants BioMart,63,one_to_one,,,,,0.4365844809811693,0.7142857142857143,0.7069722912639096,0.3315092045120979,0.6851999877722293,1.0,7,14361,0.4434321703799412,-0.0318771192548994,0.970444917012282,394.0,0.042,1000,0.1388611388611388,0.1526814417809678,,four_cohort_expression_consensus,no_regulatory_claim,False,,,,,,,,,,,,not_measured,none,none,False,expression_only_or_binding_only,,,,no_admitted_binding_record,1.0,1.0,Outer epidermis,Outer epidermis
Solyc07g049440,-0.4472423735119048,-0.6409795851934524,True,0.4472423735119048,-1.5646085603224664,-3.5250597649897784,True,4,True,0.3200431034482758,0.553319985864458,cross_cohort_expression_replication_only,157.0,Solyc07g049440.3,protein_coding,GDSL esterase/lipase (AHRD V3.3 *** A0A2G2Z2Z1_CAPAN) && sp|Q9SJB4|GDL34_ARATH GDSL esterase/lipase At2g04570 OS=Arabidopsis thaliana OX=3702 GN=At2g04570 PE=2 SV=1 && PF00657:GDSL-like Lipase/Acylhydrolase,Lipase_GDSL,gene-Solyc07g049440.3,,,Ensembl Plants BioMart,63,one_to_one,,,,,-0.9524565170929586,1.0,-0.9781812707918512,0.8831047381546134,0.0363246260392384,1.0,7,87,-0.9531717090149524,-0.9860227766413056,-0.93496095636948,50.0,0.928,1000,0.0009990009990009,0.0073577216434359,,four_cohort_expression_consensus,no_regulatory_claim,True,-0.9229212142797276,-0.9234022641704815,4.93874257369095e-10,2.7264313040351e-09,True,,,,,,False,differential_direction_concordant,none,none,False,expression_only_or_binding_only,,,,no_admitted_binding_record,4.0,1.0,Inner epidermis;Outer epidermis;Seeds;Total pericarp,Inner epidermis;Outer epidermis;Seeds;Total pericarp
Solyc11g011210,0.4472423735119048,0.3557593936011904,True,0.3557593936011904,2.9811124718677044,3.7594115617374166,True,4,True,0.3200431034482758,0.5376302809190093,cross_cohort_expression_replication_only,158.0,Solyc11g011210.2,protein_coding,Gibberellin-regulated protein 12 (AHRD V3.3 *** A0A1U8GMV5_CAPAN) && sp|P47926|RSI1_SOLLC Protein RSI-1 OS=Solanum lycopersicum OX=4081 GN=RSI-1 PE=2 SV=1 && PF02704:Gibberellin regulated protein,-,gene-Solyc11g011210.2,RSI-1,,Ensembl Plants BioMart,63,one_to_one,,,,,0.6157944692489224,0.8571428571428571,0.9681549039397052,0.8207321675682475,0.6276796777087271,1.0,7,5906,0.6161399594948265,0.3158971392078956,0.981362561773528,267.0,0.294,1000,0.0129870129870129,0.0269016697588126,,four_cohort_expression_consensus,no_regulatory_claim,True,3.432247173589163,3.431010262047961,1.5284144350052802e-15,7.897992731585451e-14,True,,,,,,False,differential_direction_concordant,none,none,False,expression_only_or_binding_only,,,,no_admitted_binding_record,10.0,0.9,Collenchyma;Columella;Inner epidermis;Locular tissue;Parenchyma;Placenta;Seeds;Septum;Total pericarp,Collenchyma;Columella;Inner epidermis;Locular tissue;Parenchyma;Placenta;Seeds;Septum;Total pericarp;Vascular tissue
Solyc12g009800,-0.5350399925595238,-0.3046526227678571,True,0.3046526227678571,-2.6883624703415916,-2.2713971979613663,True,4,True,0.3168103448275862,0.513651499163813,cross_cohort_expression_replication_only,159.0,Solyc12g009800.3,protein_coding,"Purple acid phosphatase (AHRD V3.3 *** M1AD80_SOLTU) && sp|Q949Y3|PPA26_ARATH Bifunctional purple acid phosphatase 26 OS=Arabidopsis thaliana OX=3702 GN=PAP26 PE=1 SV=1 && PF00149:Calcineurin-like phosphoesterase|PF16656:Purple acid Phosphatase, N-terminal domain|PF14008:Iron/zinc purple acid phosphatase-like protein C",Metallophos,gene-Solyc12g009800.3,,,Ensembl Plants BioMart,63,one_to_one,,,,,-0.686549024051839,1.0,-0.9350002995004671,0.1188304608546148,0.2927318358044333,1.0,7,3803,-0.6877732716774418,-0.969262854490286,-0.560162214658812,218.0,0.214,1000,0.0059940059940059,0.0171680171680171,,four_cohort_expression_consensus,no_regulatory_claim,False,,,,,,,,,,,,not_measured,none,none,False,expression_only_or_binding_only,,,,no_admitted_binding_record,8.0,1.0,Collenchyma;Columella;Inner epidermis;Locular tissue;Parenchyma;Placenta;Septum;Total pericarp,Collenchyma;Columella;Inner epidermis;Locular tissue;Parenchyma;Placenta;Septum;Total pericarp
Solyc10g047240,-0.5831240699404762,-0.5927443731398809,True,0.5831240699404762,-1.14246467466406,-3.883000363460249,True,4,True,0.3117782909930716,0.646371296886199,cross_cohort_expression_replication_only,160.0,Solyc10g047240.2,protein_coding,annexin 9 && sp|P51074|ANX4_FRAAN Annexin-like protein RJ4 OS=Fragaria ananassa OX=3747 PE=2 SV=2 && PF00191:Annexin,-,gene-Solyc10g047240.2,,,Ensembl Plants BioMart,63,one_to_one,,,,,-0.6134216539130346,0.8571428571428571,-0.9391763617295372,0.4884471841321759,0.5080334775496821,1.0,7,6014,-0.614616497680962,-0.9725579226346412,-0.3437419921573275,286.0,0.05,1000,0.0249750249750249,0.0354385675486592,,four_cohort_expression_consensus,no_regulatory_claim,True,-1.3909984979374703,-1.3916759334123547,4.50427131704317e-12,4.7546274900094594e-11,True,,,,,,False,differential_direction_concordant,none,none,False,expression_only_or_binding_only,,,,no_admitted_binding_record,9.0,1.0,Columella;Inner epidermis;Outer epidermis;Parenchyma;Placenta;Seeds;Septum;Total pericarp;Vascular tissue,Columella;Inner epidermis;Outer epidermis;Parenchyma;Placenta;Seeds;Septum;Total pericarp;Vascular tissue
Solyc07g043500,-0.4798177083333333,-0.2914399646577381,True,0.2914399646577381,-1.8683194456885008,-2.7376939754919163,True,4,True,0.3103448275862069,0.4359433483316078,cross_cohort_expression_replication_only,161.0,Solyc07g043500.1,protein_coding,"Glycosyltransferase (AHRD V3.3 *** C5NN15_CATRO) && sp|F8WKW8|UGT9_GARJA Beta-D-glucosyl crocetin beta-1,6-glucosyltransferase OS=Gardenia jasminoides OX=114476 GN=UGT94E5 PE=1 SV=1 && PF00201:UDP-glucoronosyl and UDP-glucosyl transferase",UDPGT,gene-Solyc07g043500.1,,,Ensembl Plants BioMart,63,one_to_one,,,,,-0.8429008721362303,1.0,-0.9347466682710496,0.6076742479823918,0.1309549275700752,1.0,7,935,-0.8434156248008696,-0.972793765509451,-0.7859331595818482,126.0,0.74,1000,0.0019980019980019,0.0091789398720091,,four_cohort_expression_consensus,no_regulatory_claim,True,-1.7730659646262212,-1.7759274986131288,5.69200840257279e-12,5.7883948148818e-11,True,,,,,,False,differential_direction_concordant,none,none,False,expression_only_or_binding_only,,,,no_admitted_binding_record,9.0,1.0,Collenchyma;Columella;Locular tissue;Outer epidermis;Parenchyma;Placenta;Seeds;Septum;Total pericarp,Collenchyma;Columella;Locular tissue;Outer epidermis;Parenchyma;Placenta;Seeds;Septum;Total pericarp
Solyc03g097440,0.4449986049107143,0.5171130952380953,True,0.4449986049107143,2.480808431112292,4.650005682512391,True,4,True,0.3060344827586206,0.6255649239468026,cross_cohort_expression_replication_only,162.0,Solyc03g097440.3,protein_coding,11-beta-hydroxysteroid dehydrogenase 1A (AHRD V3.3 *** A0A2G3A0G7_CAPAN) && sp|Q93W57|HSDA_SESIN 11-beta-hydroxysteroid dehydrogenase A OS=Sesamum indicum OX=4182 GN=SOP2 PE=1 SV=1 && PF00106:short chain dehydrogenase,adh_short,gene-Solyc03g097440.3,,,Ensembl Plants BioMart,63,one_to_one,,,,,0.4173351115433755,0.7142857142857143,0.7279307254804221,0.3224064563462949,0.7515679176155928,1.0,7,15882,0.4255734841051825,-0.2956517418450378,0.9938273430621228,406.0,0.086,1000,0.2047952047952048,0.214988631278224,,four_cohort_expression_consensus,no_regulatory_claim,True,2.8154542448901645,2.8173012787017653,2.07762677825089e-17,3.598302638266471e-15,True,,,,,,False,differential_direction_concordant,none,none,False,expression_only_or_binding_only,,,,no_admitted_binding_record,11.0,0.8181818181818182,Collenchyma;Columella;Inner epidermis;Locular tissue;Parenchyma;Placenta;Septum;Total pericarp;Vascular tissue,Collenchyma;Columella;Inner epidermis;Locular tissue;Outer epidermis;Parenchyma;Placenta;Seeds;Septum;Total pericarp;Vascular tissue
Solyc06g068900,0.5066615513392856,0.3365129743303572,True,0.3365129743303572,1.1243735219766906,4.283580665575354,True,4,True,0.3002309468822171,0.5077085987895198,cross_cohort_expression_replication_only,163.0,Solyc06g068900.4,protein_coding,"Nudix hydrolase 17 && sp|Q9ZU95|NUD17_ARATH Nudix hydrolase 17, mitochondrial OS=Arabidopsis thaliana OX=3702 GN=NUDT17 PE=2 SV=1 && PF00293:NUDIX domain",NUDIX,gene-Solyc06g068900.4,,,Ensembl Plants BioMart,63,one_to_one,RIN,in_vivo_promoter_binding,binding_only,ripening_tomato_fruit;ITAG2;three_biological_replicates,0.4273692817035509,0.7142857142857143,0.6567311860515738,0.5868525311812179,0.7791265540498062,1.0,7,15052,0.4294347632489198,-0.2952792659231797,0.9692480726051748,404.0,0.022,1000,0.1658341658341658,0.1764840663923232,,four_cohort_expression_consensus,source_bound_context_limited,False,,,,,,,,,,,,not_measured,none,binding_only,True,binding_plus_independent_perturbation_expression,-2.785045096837662,4.344408349083787e-241,True,binding_plus_independent_perturbation_expression,11.0,1.0,Collenchyma;Columella;Inner epidermis;Locular tissue;Outer epidermis;Parenchyma;Placenta;Seeds;Septum;Total pericarp;Vascular tissue,Collenchyma;Columella;Inner epidermis;Locular tissue;Outer epidermis;Parenchyma;Placenta;Seeds;Septum;Total pericarp;Vascular tissue
Solyc01g086920,-0.5659877232142858,-0.2870221819196425,True,0.2870221819196425,-6.208009448799463,-6.941664408420616,True,4,True,0.2995689655172414,0.7574659552440869,cross_cohort_expression_replication_only,164.0,Solyc01g086920.3,protein_coding,Leucine-rich repeat receptor-like protein (AHRD V3.3 *** H6V789_MALDO) && sp|Q00874|DR100_ARATH DNA damage-repair/toleration protein DRT100 OS=Arabidopsis thaliana OX=3702 GN=DRT100 PE=2 SV=2 && PF08263:Leucine rich repeat N-terminal domain|PF13855:Leucine rich repeat,LRRNT_2,gene-Solyc01g086920.3,,,Ensembl Plants BioMart,63,one_to_one,,,,,-0.654909799764835,1.0,-0.9467182559545152,0.0150543045246781,0.3357360017048823,1.0,7,4643,-0.6565345560854499,-0.9755659669029736,-0.5155613214850998,236.0,0.112,1000,0.0089910089910089,0.0220731649303077,,four_cohort_expression_consensus,no_regulatory_claim,False,,,,,,,,,,,,not_measured,none,none,False,expression_only_or_binding_only,,,,no_admitted_binding_record,11.0,1.0,Collenchyma;Columella;Inner epidermis;Locular tissue;Outer epidermis;Parenchyma;Placenta;Seeds;Septum;Total pericarp;Vascular tissue,Collenchyma;Columella;Inner epidermis;Locular tissue;Outer epidermis;Parenchyma;Placenta;Seeds;Septum;Total pericarp;Vascular tissue
Solyc02g079490,0.4438244047619047,0.5022088913690474,True,0.4438244047619047,1.17199714282794,6.309984769051181,True,4,True,0.2995689655172414,0.5695939018077566,cross_cohort_expression_replication_only,165.0,Solyc02g079490.3,protein_coding,HXXXD-type acyl-transferase family protein (AHRD V3.3 *** Q9MAP9_ARATH) && sp|A1XWY7|CFAT_PETHY Coniferyl alcohol acyltransferase OS=Petunia hybrida OX=4102 GN=CFAT PE=1 SV=1 && PF02458:Transferase family,-,gene-Solyc02g079490.3,,,Ensembl Plants BioMart,63,one_to_one,,,,,0.5954921374288005,0.8571428571428571,0.916311036319962,0.0136075816664569,0.3469387785971209,1.0,7,6993,0.5969122161750153,0.3733497181056264,0.9735431143741728,306.0,0.054,1000,0.0309690309690309,0.0416511025206677,,four_cohort_expression_consensus,no_regulatory_claim,False,,,,,,,,,,,,not_measured,none,none,False,expression_only_or_binding_only,,,,no_admitted_binding_record,9.0,1.0,Collenchyma;Columella;Inner epidermis;Locular tissue;Parenchyma;Placenta;Seeds;Septum;Total pericarp,Collenchyma;Columella;Inner epidermis;Locular tissue;Parenchyma;Placenta;Seeds;Septum;Total pericarp
Solyc12g013700,0.4827125186011905,0.2854933965773809,True,0.2854933965773809,3.209866814422983,6.279740476436578,True,4,True,0.2974137931034483,0.6444289041968623,cross_cohort_expression_replication_only,166.0,Solyc12g013700.2,protein_coding,stem-specific protein TSJT1-like (AHRD V3.3 *** A0A2I4H4H1_9ROSI) && sp|P24805|TSJT1_TOBAC Stem-specific protein TSJT1 OS=Nicotiana tabacum OX=4097 GN=TSJT1 PE=2 SV=1 && PF12481:Aluminium induced protein,-,gene-Solyc12g013700.2,,,Ensembl Plants BioMart,63,one_to_one,,,,,0.5373711166122478,0.8571428571428571,0.8876820905614624,0.5191489361702127,0.6780401055489892,1.0,7,9729,0.5380346758243986,0.2492168439993563,0.974873168561354,368.5,0.062,1000,0.0679320679320679,0.0816592733691179,,four_cohort_expression_consensus,no_regulatory_claim,True,2.245459025064198,2.2456197281999155,5.3221298228386005e-18,1.6893960666210501e-15,True,3.0,2.1859360676911996,2.1859360676911996,1.90685285324414e-10,Solyc12g013700.1.1_S218;Solyc12g013700.1.1_S233;S237,True,differential_direction_concordant,differential_site,none,False,expression_only_or_binding_only,,,,no_admitted_binding_record,11.0,1.0,Collenchyma;Columella;Inner epidermis;Locular tissue;Outer epidermis;Parenchyma;Placenta;Seeds;Septum;Total pericarp;Vascular tissue,Collenchyma;Columella;Inner epidermis;Locular tissue;Outer epidermis;Parenchyma;Placenta;Seeds;Septum;Total pericarp;Vascular tissue
Solyc12g009930,-0.4828287760416667,-0.5043654668898809,True,0.4828287760416667,-2.40388473471912,-2.179307351253248,True,4,True,0.2974137931034483,0.5390494345783229,cross_cohort_expression_replication_only,167.0,Solyc12g009930.3,protein_coding,Glycosyltransferase (AHRD V3.3 *** A0A288W8G2_GARJA) && sp|P56725|ZOX_PHAVU Zeatin O-xylosyltransferase OS=Phaseolus vulgaris OX=3885 GN=ZOX1 PE=2 SV=1 && PF00201:UDP-glucoronosyl and UDP-glucosyl transferase,UDPGT,gene-Solyc12g009930.3,,,Ensembl Plants BioMart,63,one_to_one,,,,,-0.8049804561800117,1.0,-0.9789527834240292,0.5137197358767425,0.1749456002556384,0.8571428571428571,6,1424,-0.8066285232606214,-0.9797403692546386,-0.7169923455232238,147.0,0.758,1000,0.0019980019980019,0.0091789398720091,,four_cohort_expression_consensus,no_regulatory_claim,True,-2.1062056120957715,-2.105690506463262,5.4422835646494304e-14,1.2245826917114899e-12,True,,,,,,False,differential_direction_concordant,none,none,False,expression_only_or_binding_only,,,,no_admitted_binding_record,9.0,1.0,Collenchyma;Columella;Inner epidermis;Locular tissue;Outer epidermis;Parenchyma;Placenta;Septum;Total pericarp,Collenchyma;Columella;Inner epidermis;Locular tissue;Outer epidermis;Parenchyma;Placenta;Septum;Total pericarp
Solyc08g014010,0.443545386904762,0.6043759300595237,True,0.443545386904762,1.2590036150128197,2.3718611184188756,True,4,True,0.2974137931034483,0.4574876065142948,cross_cohort_expression_replication_only,168.0,Solyc08g014010.4,protein_coding,Transmembrane protein (AHRD V3.3 *** Q1PDF2_ARATH) && - && -,-,gene-Solyc08g014010.4,,,Ensembl Plants BioMart,63,one_to_one,,,,,0.6165654546488898,0.8571428571428571,0.953140519584353,0.4524678156581541,0.4948838605866486,1.0,7,5865,0.6170102281970391,0.3483565289143842,0.9701814236644706,262.0,0.234,1000,0.0179820179820179,0.031485495636439,,four_cohort_expression_consensus,no_regulatory_claim,False,,,,,,,,,,,,not_measured,none,none,False,expression_only_or_binding_only,,,,no_admitted_binding_record,6.0,1.0,Collenchyma;Columella;Outer epidermis;Seeds;Total pericarp;Vascular tissue,Collenchyma;Columella;Outer epidermis;Seeds;Total pericarp;Vascular tissue
Solyc08g014130,0.478701636904762,0.3422154017857142,True,0.3422154017857142,1.1127006985300758,5.400903007200999,True,4,True,0.2956120092378753,0.5162521402405034,cross_cohort_expression_replication_only,169.0,Solyc08g014130.3,protein_coding,Isopropylmalate synthase (AHRD V3.3 *** K4CJ46_SOLLC) && sp|O04973|LEU1A_SOLPN 2-isopropylmalate synthase A OS=Solanum pennellii OX=28526 GN=IPMSA PE=2 SV=1 && PF08502:LeuA allosteric (dimerisation) domain|PF00682:HMGL-like,HMGL-like,gene-Solyc08g014130.3,IPMS2,NM_001329450,Ensembl Plants BioMart,63,one_to_one,RIN,in_vivo_promoter_binding,binding_only,ripening_tomato_fruit;ITAG2;three_biological_replicates,0.6796970697399544,1.0,0.941181927562154,0.0958611146056107,0.3039941553269902,1.0,7,3960,0.6807061110370981,0.549985114916334,0.9691900464707413,220.0,0.166,1000,0.0099900099900099,0.0235297697226631,,four_cohort_expression_consensus,source_bound_context_limited,True,2.7319877840289917,2.729903813544023,2.7521743589443897e-16,2.14573032476296e-14,True,3.0,1.6162312407009247,-1.6162312407009247,4.04538155011652e-09,Solyc08g014130.2.1_S403;Solyc08g014130.2.1_S572;Solyc08g014130.2.1_S86,True,differential_direction_concordant,differential_site,binding_only,True,binding_plus_independent_perturbation_expression,-2.317611543468422,2.6078577982243396e-227,True,binding_plus_independent_perturbation_expression,11.0,1.0,Collenchyma;Columella;Inner epidermis;Locular tissue;Outer epidermis;Parenchyma;Placenta;Seeds;Septum;Total pericarp;Vascular tissue,Collenchyma;Columella;Inner epidermis;Locular tissue;Outer epidermis;Parenchyma;Placenta;Seeds;Septum;Total pericarp;Vascular tissue
Solyc10g054080,-0.4431268601190477,-0.6099911644345238,True,0.4431268601190477,-2.4644263557719994,-3.5570243558942902,True,4,True,0.2952586206896552,0.5957770068487697,cross_cohort_expression_replication_only,170.0,Solyc10g054080.3,protein_coding,"Kinesin-related protein 11 (AHRD V3.3 *** A0A2G3BDZ7_CAPCH) && sp|Q8W5R5|KN7D_ARATH Kinesin-like protein KIN-7D, mitochondrial OS=Arabidopsis thaliana OX=3702 GN=KIN7D PE=2 SV=1 && PF13920:Zinc finger, C3HC4 type (RING finger)|PF00225:Kinesin motor domain",Kinesin,gene-Solyc10g054080.3,,,Ensembl Plants BioMart,63,one_to_one,,,,,-0.7284679687547133,1.0,-0.98189457664052,0.2267580827777078,0.265387232545809,1.0,7,2774,-0.728683768295023,-0.9921234478517936,-0.6085315277654995,181.0,0.736,1000,0.0119880119880119,0.0259926988898951,,four_cohort_expression_consensus,no_regulatory_claim,False,,,,,,,,,,,,not_measured,none,none,False,expression_only_or_binding_only,,,,no_admitted_binding_record,11.0,1.0,Collenchyma;Columella;Inner epidermis;Locular tissue;Outer epidermis;Parenchyma;Placenta;Seeds;Septum;Total pericarp;Vascular tissue,Collenchyma;Columella;Inner epidermis;Locular tissue;Outer epidermis;Parenchyma;Placenta;Seeds;Septum;Total pericarp;Vascular tissue
Solyc10g080980,-0.4530203683035715,-0.5470842633928572,True,0.4530203683035715,-1.1886939869772202,-2.17325850737943,True,4,True,0.2952586206896552,0.4306624293222904,cross_cohort_expression_replication_only,171.0,Solyc10g080980.2,protein_coding,WAT1-related protein (AHRD V3.3 *** K4D2Y5_SOLLC) && sp|Q9FL41|WTR38_ARATH WAT1-related protein At5g07050 OS=Arabidopsis thaliana OX=3702 GN=At5g07050 PE=2 SV=1 && PF00892:EamA-like transporter family,DUF6,gene-Solyc10g080980.2,,,Ensembl Plants BioMart,63,one_to_one,,,,,-0.3341817449691242,0.5714285714285714,-0.5135824149416464,0.0,0.6152101581889595,1.0,7,22202,-0.3415974768300747,-0.6181739233986371,0.2944128272274464,434.0,0.0,1000,0.2327672327672327,0.2421614260179282,,four_cohort_expression_consensus,no_regulatory_claim,False,,,,,,,,,,,,not_measured,none,none,False,expression_only_or_binding_only,,,,no_admitted_binding_record,5.0,1.0,Columella;Placenta;Septum;Total pericarp;Vascular tissue,Columella;Placenta;Septum;Total pericarp;Vascular tissue
Solyc12g011310,0.7006603422619049,0.2817266555059524,True,0.2817266555059524,2.886036767180262,4.11636948751963,True,4,True,0.293103448275862,0.6792936708608744,cross_cohort_expression_replication_only,172.0,Solyc12g011310.2,protein_coding,"Glutathione S-transferase-like protein (AHRD V3.3 *** A0A2K3N2T5_TRIPR) && sp|P49332|GSTXC_TOBAC Probable glutathione S-transferase parC OS=Nicotiana tabacum OX=4097 GN=PARC PE=2 SV=1 && PF02798:Glutathione S-transferase, N-terminal domain|PF13410:Glutathione S-transferase, C-terminal domain",GST_N,gene-Solyc12g011310.2,,,Ensembl Plants BioMart,63,one_to_one,,,,,0.42154388147939,0.7142857142857143,0.6639223960080592,0.593827315804923,0.8018474899530676,1.0,7,15533,0.4218758391512958,-0.2804768862360658,0.9734560371266984,415.0,0.056,1000,0.1508491508491508,0.1623990858329605,,four_cohort_expression_consensus,no_regulatory_claim,True,3.4133196646407,3.4129937969982524,1.6823409560320003e-17,3.2250660523687604e-15,True,,,,,,False,differential_direction_concordant,none,none,False,expression_only_or_binding_only,,,,no_admitted_binding_record,10.0,1.0,Collenchyma;Columella;Inner epidermis;Locular tissue;Outer epidermis;Parenchyma;Placenta;Seeds;Septum;Total pericarp,Collenchyma;Columella;Inner epidermis;Locular tissue;Outer epidermis;Parenchyma;Placenta;Seeds;Septum;Total pericarp
Solyc11g006670,-0.4424874441964286,-0.5124453590029763,True,0.4424874441964286,-2.140299987799288,-2.5353445965768593,True,4,True,0.2909482758620689,0.4952130783626662,cross_cohort_expression_replication_only,173.0,Solyc11g006670.1,protein_coding,"ovate family protein 29 && sp|Q9FMC8|OPF13_ARATH Transcription repressor OFP13 OS=Arabidopsis thaliana OX=3702 GN=OFP13 PE=1 SV=1 && PF04844:Transcriptional repressor, ovate",-,gene-Solyc11g006670.1,,,Ensembl Plants BioMart,63,one_to_one,,,,,-0.6157563078593528,0.8571428571428571,-0.9461440449646006,0.6079171384241204,0.5482303930577118,1.0,7,5911,-0.6162548480353958,-0.9764818586953996,-0.334983600382042,275.0,0.272,1000,0.0239760239760239,0.0352053010280858,,four_cohort_expression_consensus,no_regulatory_claim,False,,,,,,,,,,,,not_measured,none,none,False,expression_only_or_binding_only,,,,no_admitted_binding_record,8.0,1.0,Collenchyma;Columella;Locular tissue;Outer epidermis;Parenchyma;Placenta;Septum;Total pericarp,Collenchyma;Columella;Locular tissue;Outer epidermis;Parenchyma;Placenta;Septum;Total pericarp
Solyc08g063090,-0.5506068638392857,-0.2806745256696428,True,0.2806745256696428,-1.2516141761315251,-4.456143924615425,True,4,True,0.2887931034482758,0.5317639065859681,cross_cohort_expression_replication_only,174.0,Solyc08g063090.2,protein_coding,Fatty acid desaturase (AHRD V3.3 *** A0A2U1LPJ3_ARTAN) && sp|O04353|DES6_BOROF Acyl-lipid (9-3)-desaturase OS=Borago officinalis OX=13363 PE=1 SV=1 && PF00173:Cytochrome b5-like Heme/Steroid binding domain|PF00487:Fatty acid desaturase,-,gene-Solyc08g063090.2,,,Ensembl Plants BioMart,63,one_to_one,,,,,-0.6653713071709401,1.0,-0.9555756155560504,0.0376357613116953,0.3244234606150044,1.0,7,4356,-0.6655555955073285,-0.971230565951304,-0.5267729836353817,228.0,0.236,1000,0.0139860139860139,0.0278519763498304,,four_cohort_expression_consensus,no_regulatory_claim,False,,,,,,,,,,,,not_measured,none,none,False,expression_only_or_binding_only,,,,no_admitted_binding_record,10.0,1.0,Collenchyma;Columella;Inner epidermis;Locular tissue;Parenchyma;Placenta;Seeds;Septum;Total pericarp;Vascular tissue,Collenchyma;Columella;Inner epidermis;Locular tissue;Parenchyma;Placenta;Seeds;Septum;Total pericarp;Vascular tissue
Solyc08g066430,0.4588681175595239,0.3976004464285713,True,0.3976004464285713,1.521483293249461,2.1196601239924435,True,4,True,0.2887931034482758,0.4024187206339094,cross_cohort_expression_replication_only,175.0,Solyc08g066430.1,protein_coding,Polyketide cyclase/dehydrase and lipid transport superfamily protein (AHRD V3.3 *** A0A2U1M5K6_ARTAN) && - && PF10604:Polyketide cyclase / dehydrase and lipid transport,-,gene-Solyc08g066430.1,,,Ensembl Plants BioMart,63,one_to_one,,,,,0.9246492207351752,1.0,0.9638375902539592,0.8547028613352898,0.0447383740454791,0.8571428571428571,6,209,0.928571325710522,0.8868078239992893,0.9744070938171367,77.0,0.952,1000,0.0029970029970029,0.0108641358641358,,four_cohort_expression_consensus,no_regulatory_claim,True,1.175469275903719,1.1740041769704217,2.6056409766166497e-12,3.02335992169305e-11,True,,,,,,False,differential_direction_concordant,none,none,False,expression_only_or_binding_only,,,,no_admitted_binding_record,11.0,1.0,Collenchyma;Columella;Inner epidermis;Locular tissue;Outer epidermis;Parenchyma;Placenta;Seeds;Septum;Total pericarp;Vascular tissue,Collenchyma;Columella;Inner epidermis;Locular tissue;Outer epidermis;Parenchyma;Placenta;Seeds;Septum;Total pericarp;Vascular tissue
Solyc02g070800,-0.4417782738095237,-0.3186616443452381,True,0.3186616443452381,-1.471729864376285,-3.1246863632967634,True,4,True,0.2887931034482758,0.3907183244405511,cross_cohort_expression_replication_only,176.0,Solyc02g070800.2,protein_coding,DUF561 domain-containing protein (AHRD V3.3 *** A0A1Q3DH97_CEPFO) && sp|Q1XDB4|YCF23_PYRYE Uncharacterized protein ycf23 OS=Pyropia yezoensis OX=2788 GN=ycf23 PE=3 SV=1 && PF04481:Protein of unknown function (DUF561),-,gene-Solyc02g070800.2,,,Ensembl Plants BioMart,63,one_to_one,,,,,-0.9571593194815008,1.0,-0.9682385656764876,0.9501953125,0.0187649858073891,0.8571428571428571,6,71,-0.9584103150380826,-0.978118637648617,-0.9292154307320348,57.0,0.964,1000,0.0019980019980019,0.0091789398720091,,four_cohort_expression_consensus,no_regulatory_claim,False,,,,,,,,,,,,not_measured,none,none,False,expression_only_or_binding_only,,,,no_admitted_binding_record,11.0,1.0,Collenchyma;Columella;Inner epidermis;Locular tissue;Outer epidermis;Parenchyma;Placenta;Seeds;Septum;Total pericarp;Vascular tissue,Collenchyma;Columella;Inner epidermis;Locular tissue;Outer epidermis;Parenchyma;Placenta;Seeds;Septum;Total pericarp;Vascular tissue
Solyc11g072310,0.5053129650297619,0.2777855282738095,True,0.2777855282738095,2.3537075079657974,4.0524701218116395,True,4,True,0.2844827586206896,0.551941894958987,cross_cohort_expression_replication_only,177.0,Solyc11g072310.2,protein_coding,gibberellin 20-oxidase-3 && sp|Q39110|GAOX1_ARATH Gibberellin 20 oxidase 1 OS=Arabidopsis thaliana OX=3702 GN=GA20OX1 PE=2 SV=2 && PF14226:non-haem dioxygenase in morphine synthesis N-terminal|PF03171:2OG-Fe(II) oxygenase superfamily,2OG-FeII_Oxy,gene-Solyc11g072310.2,20ox-3,,Ensembl Plants BioMart,63,one_to_one,,,,,0.5930505520670541,0.8571428571428571,0.9470847353685564,0.8380337490829054,0.6741389746993567,1.0,7,7112,0.5938432642960461,0.2883717322859004,0.9720049241090764,331.0,0.228,1000,0.0369630369630369,0.0483122511291525,,four_cohort_expression_consensus,no_regulatory_claim,False,,,,,,,,,,,,not_measured,none,none,False,expression_only_or_binding_only,,,,no_admitted_binding_record,9.0,0.8888888888888888,Collenchyma;Columella;Locular tissue;Parenchyma;Placenta;Seeds;Septum;Total pericarp,Collenchyma;Columella;Locular tissue;Parenchyma;Placenta;Seeds;Septum;Total pericarp;Vascular tissue
Solyc09g083130,-0.4467657180059524,-0.5917445591517858,True,0.4467657180059524,-1.7146257971567929,-2.0901813320281395,True,4,True,0.2844827586206896,0.4821240144939078,cross_cohort_expression_replication_only,178.0,Solyc09g083130.3,protein_coding,Acylamino-acid-releasing enzyme (AHRD V3.3 *** A0A1J3E2A0_NOCCA) && sp|Q84LM4|AARE_ARATH Acylamino-acid-releasing enzyme OS=Arabidopsis thaliana OX=3702 GN=AARE PE=1 SV=1 && PF00326:Prolyl oligopeptidase family,-,gene-Solyc09g083130.3,,,Ensembl Plants BioMart,63,one_to_one,,,,,-0.9383025281325844,1.0,-0.9736004321416838,0.890812740875085,0.0369356280098612,0.8571428571428571,6,136,-0.9432976195542868,-0.9799852489674288,-0.90501774170212,77.0,0.918,1000,0.0009990009990009,0.0073577216434359,,four_cohort_expression_consensus,no_regulatory_claim,True,-0.912035311758537,-0.9126197892157591,2.01716921584389e-12,2.43926530481911e-11,True,1.0,1.2765261326328776,1.2765261326328776,5.686456299863951e-09,Solyc09g083130.2.1_S620,True,differential_direction_concordant,differential_site,none,False,expression_only_or_binding_only,,,,no_admitted_binding_record,9.0,1.0,Columella;Inner epidermis;Locular tissue;Parenchyma;Placenta;Seeds;Septum;Total pericarp;Vascular tissue,Columella;Inner epidermis;Locular tissue;Parenchyma;Placenta;Seeds;Septum;Total pericarp;Vascular tissue
Solyc12g098490,-0.4973725818452381,-0.5026216052827381,True,0.4973725818452381,-1.0652504479545568,-3.918541769165976,True,4,True,0.2840646651270208,0.5483868559369276,cross_cohort_expression_replication_only,179.0,Solyc12g098490.2,protein_coding,Serine hydroxymethyltransferase (AHRD V3.3 *** A0A2G3CI35_CAPCH) && sp|O23254|GLYC4_ARATH Serine hydroxymethyltransferase 4 OS=Arabidopsis thaliana OX=3702 GN=SHM4 PE=1 SV=1 && PF00464:Serine hydroxymethyltransferase,SHMT,gene-Solyc12g098490.2,,,Ensembl Plants BioMart,63,one_to_one,,,,,-0.9378539043427134,1.0,-0.9646924624050154,0.8581951577402788,0.0482658422968147,1.0,7,139,-0.937960810154212,-0.973130413694426,-0.919084197909871,64.0,0.924,1000,0.0009990009990009,0.0073577216434359,,four_cohort_expression_consensus,no_regulatory_claim,True,-0.8982439700532991,-0.8972804820711674,2.8218148855159297e-11,2.21949475243058e-10,True,,,,,,False,differential_direction_concordant,none,none,False,expression_only_or_binding_only,,,,no_admitted_binding_record,10.0,1.0,Collenchyma;Columella;Inner epidermis;Locular tissue;Outer epidermis;Parenchyma;Seeds;Septum;Total pericarp;Vascular tissue,Collenchyma;Columella;Inner epidermis;Locular tissue;Outer epidermis;Parenchyma;Seeds;Septum;Total pericarp;Vascular tissue
Solyc07g007750,-0.4411737351190477,-0.5875069754464286,True,0.4411737351190477,-4.812866061826369,-5.392961713596781,True,4,True,0.2801724137931034,0.7342580333678428,cross_cohort_expression_replication_only,180.0,Solyc07g007750.3,protein_coding,Defensin protein (AHRD V3.3 *** B1N678_SOLLC) && sp|P20346|DF322_SOLTU Defensin-like protein P322 OS=Solanum tuberosum OX=4113 PE=2 SV=1 && -,-,gene-Solyc07g007750.3,TGAS118,,Ensembl Plants BioMart,63,one_to_one,,,,,-0.6192231515756372,0.8571428571428571,-0.9919980238514506,0.7277225646831886,0.6022067524062776,1.0,7,5756,-0.6192847764262137,-0.995164478833272,-0.3245259766072929,248.5,0.32,1000,0.0189810189810189,0.0323793853205617,,four_cohort_expression_consensus,no_regulatory_claim,True,0.6330009478481962,0.6606302482513768,0.0001668171534528,0.0002812883437467,True,,,,,,False,measured_direction_discordant,none,none,False,expression_only_or_binding_only,,,,no_admitted_binding_record,11.0,1.0,Collenchyma;Columella;Inner epidermis;Locular tissue;Outer epidermis;Parenchyma;Placenta;Seeds;Septum;Total pericarp;Vascular tissue,Collenchyma;Columella;Inner epidermis;Locular tissue;Outer epidermis;Parenchyma;Placenta;Seeds;Septum;Total pericarp;Vascular tissue
Solyc06g064900,0.4585309709821429,0.3652576264880952,True,0.3652576264880952,1.0515855312960083,2.253106616148233,True,4,True,0.279445727482679,0.3527278111810145,cross_cohort_expression_replication_only,181.0,Solyc06g064900.3,protein_coding,Unknown protein && - && -,-,gene-Solyc06g064900.3,,,Ensembl Plants BioMart,63,one_to_one,,,,,0.6058097050820505,0.8571428571428571,0.9269196299291556,0.1168910135446806,0.372160255104772,1.0,7,6431,0.6067554752822119,0.3711675741116685,0.9634833590659996,299.0,0.128,1000,0.0119880119880119,0.0259926988898951,,four_cohort_expression_consensus,no_regulatory_claim,False,,,,,,,,,,,,not_measured,none,none,False,expression_only_or_binding_only,,,,no_admitted_binding_record,11.0,1.0,Collenchyma;Columella;Inner epidermis;Locular tissue;Outer epidermis;Parenchyma;Placenta;Seeds;Septum;Total pericarp;Vascular tissue,Collenchyma;Columella;Inner epidermis;Locular tissue;Outer epidermis;Parenchyma;Placenta;Seeds;Septum;Total pericarp;Vascular tissue
Solyc10g085830,0.4408017113095237,0.3498767671130953,True,0.3498767671130953,1.1425168385928677,2.4244419635167684,True,4,True,0.2780172413793103,0.343069353746914,cross_cohort_expression_replication_only,182.0,Solyc10g085830.2,protein_coding,O-methyltransferase && sp|I1M2U5|NAMT1_SOYBN Nicotinate N-methyltransferase 1 OS=Glycine max OX=3847 GN=NANMT1 PE=1 SV=1 && PF00891:O-methyltransferase domain,-,gene-Solyc10g085830.2,,,Ensembl Plants BioMart,63,one_to_one,RIN,in_vivo_promoter_binding,binding_only,ripening_tomato_fruit;ITAG2;three_biological_replicates,0.6165611589371779,0.8571428571428571,0.948853005178362,0.6206650731748229,0.5520718322160321,1.0,7,5867,0.6169520058234552,0.3344140684887307,0.9681369195022156,266.0,0.25,1000,0.0179820179820179,0.031485495636439,,four_cohort_expression_consensus,source_bound_context_limited,True,2.1540503740380776,2.1545691570333445,1.85520329447116e-17,3.3651116084203404e-15,True,1.0,0.7517024843412247,-0.7517024843412247,3.16948431084855e-05,Solyc10g085830.1.1_S55,True,differential_direction_concordant,differential_site,binding_only,False,expression_only_or_binding_only,-0.7071641849895564,2.0308358581735333e-22,False,binding_only_or_no_significant_perturbation,11.0,1.0,Collenchyma;Columella;Inner epidermis;Locular tissue;Outer epidermis;Parenchyma;Placenta;Seeds;Septum;Total pericarp;Vascular tissue,Collenchyma;Columella;Inner epidermis;Locular tissue;Outer epidermis;Parenchyma;Placenta;Seeds;Septum;Total pericarp;Vascular tissue
Solyc04g082120,0.4406273251488096,0.3382917131696428,True,0.3382917131696428,2.2775789863794813,2.8273874094402456,True,4,True,0.2737068965517241,0.4374863124153859,cross_cohort_expression_replication_only,183.0,Solyc04g082120.3,protein_coding,"Prolyl oligopeptidase (AHRD V3.3 *** H2D7F1_COFAR) && sp|Q9QUR6|PPCE_MOUSE Prolyl endopeptidase OS=Mus musculus OX=10090 GN=Prep PE=1 SV=1 && PF02897:Prolyl oligopeptidase, N-terminal beta-propeller domain|PF00326:Prolyl oligopeptidase family",-,gene-Solyc04g082120.3,,,Ensembl Plants BioMart,63,one_to_one,,,,,0.7015459384211123,1.0,0.8699411099094345,0.2298821654715477,0.261259514311434,1.0,7,3410,0.7074769369321037,0.6017218065864149,0.925153106096932,215.0,0.258,1000,0.0109890109890109,0.0246323724584594,,four_cohort_expression_consensus,no_regulatory_claim,False,,,,,,,,,,,,not_measured,none,none,False,expression_only_or_binding_only,,,,no_admitted_binding_record,7.0,1.0,Columella;Locular tissue;Placenta;Seeds;Septum;Total pericarp;Vascular tissue,Columella;Locular tissue;Placenta;Seeds;Septum;Total pericarp;Vascular tissue
Solyc04g081300,-0.4848865327380952,-0.3068266369047618,True,0.3068266369047618,-1.0125408937198568,-5.6140959545717095,True,4,True,0.2725173210161662,0.5056293302540416,cross_cohort_expression_replication_only,184.0,Solyc04g081300.4,protein_coding,Endoglucanase (AHRD V3.3 *** A0A2G3CQE2_CAPCH) && sp|Q9FXI9|GUN2_ARATH Endoglucanase 2 OS=Arabidopsis thaliana OX=3702 GN=At1g19940 PE=2 SV=1 && PF00759:Glycosyl hydrolase family 9,-,gene-Solyc04g081300.4,,,Ensembl Plants BioMart,63,one_to_one,,,,,-0.9601946035941656,1.0,-0.9713566855782038,0.9144397359393468,0.0289447240299351,1.0,7,61,-0.9614353071639204,-0.980639486556228,-0.9503346637367656,41.0,0.922,1000,0.0009990009990009,0.0073577216434359,,four_cohort_expression_consensus,no_regulatory_claim,True,-2.256054816886909,-2.2564537905627025,3.0047886311144897e-18,1.21393460697025e-15,True,,,,,,False,differential_direction_concordant,none,none,False,expression_only_or_binding_only,,,,no_admitted_binding_record,11.0,1.0,Collenchyma;Columella;Inner epidermis;Locular tissue;Outer epidermis;Parenchyma;Placenta;Seeds;Septum;Total pericarp;Vascular tissue,Collenchyma;Columella;Inner epidermis;Locular tissue;Outer epidermis;Parenchyma;Placenta;Seeds;Septum;Total pericarp;Vascular tissue
Solyc03g098740,0.5283551897321428,0.2682582310267858,True,0.2682582310267858,1.9113611403596544,3.324973496809503,True,4,True,0.271551724137931,0.5055248068806244,cross_cohort_expression_replication_only,185.0,Solyc03g098740.1,protein_coding,Biotic cell death-associated protein (AHRD V3.3 *** Q850R9_NICGU) && sp|P24924|ITRY_ACACO Trypsin inhibitor OS=Acacia confusa OX=3809 GN=ACTI PE=1 SV=2 && PF00197:Trypsin and protease inhibitor,-,gene-Solyc03g098740.1,,,Ensembl Plants BioMart,63,one_to_one,,,,,0.6028253051520919,0.8571428571428571,0.957518331419696,0.9224679129464286,0.6817817575290711,1.0,7,6575,0.603347141405591,0.2939705970507741,0.9745657155776022,310.5,0.24,1000,0.0249750249750249,0.0354385675486592,,four_cohort_expression_consensus,no_regulatory_claim,True,1.9738549650415296,1.975229696860972,1.5289352290866499e-12,1.95809457004642e-11,True,,,,,,False,differential_direction_concordant,none,none,False,expression_only_or_binding_only,,,,no_admitted_binding_record,10.0,0.8,Collenchyma;Columella;Inner epidermis;Outer epidermis;Parenchyma;Placenta;Total pericarp;Vascular tissue,Collenchyma;Columella;Inner epidermis;Locular tissue;Outer epidermis;Parenchyma;Placenta;Seeds;Total pericarp;Vascular tissue
Solyc03g006760,-0.4897693452380953,-0.4777367001488096,True,0.4777367001488096,-1.8322452689937456,-2.011607387480555,True,4,True,0.271551724137931,0.499405212232221,cross_cohort_expression_replication_only,186.0,Solyc03g006760.4,protein_coding,NBS-LRR resistance protein (AHRD V3.3 *** A0A2K3PMF0_TRIPR) && - && -,-,gene-Solyc03g006760.4,,,Ensembl Plants BioMart,63,one_to_one,,,,,-0.5962065931746254,0.8571428571428571,-0.85135470573838,0.3500440306956849,0.4479290843742134,1.0,7,6957,-0.5980855795605134,-0.8860359498164248,-0.3486684044078502,323.0,0.008,1000,0.0219780219780219,0.0337675569463649,,four_cohort_expression_consensus,no_regulatory_claim,False,,,,,,,,,,,,not_measured,none,none,False,expression_only_or_binding_only,,,,no_admitted_binding_record,6.0,0.8333333333333334,Collenchyma;Inner epidermis;Parenchyma;Septum;Total pericarp,Collenchyma;Inner epidermis;Outer epidermis;Parenchyma;Septum;Total pericarp
Solyc07g043420,-0.4394531250000001,-0.4466785249255951,True,0.4394531250000001,-2.533916279203314,-2.514796698479662,True,4,True,0.271551724137931,0.4824774030421279,cross_cohort_expression_replication_only,187.0,Solyc07g043420.3,protein_coding,2-oxoglutarate-dependent dioxygenase 2 && sp|P24397|HY6H_HYONI Hyoscyamine 6-dioxygenase OS=Hyoscyamus niger OX=4079 GN=H6H PE=1 SV=1 && PF03171:2OG-Fe(II) oxygenase superfamily|PF14226:non-haem dioxygenase in morphine synthesis N-terminal,2OG-FeII_Oxy,gene-Solyc07g043420.3,gad2,NM_001246846,Ensembl Plants BioMart,63,one_to_one,,,,,-0.9841198075511703,1.0,-0.9891074328024686,0.963140010366872,0.010593561766286,1.0,7,8,-0.9842303321933008,-0.99339038555439,-0.9790912005516432,9.0,0.996,1000,0.0009990009990009,0.0073577216434359,,four_cohort_expression_consensus,no_regulatory_claim,True,-2.199240601930319,-2.1982996991479977,1.44474983437103e-17,2.992934198281e-15,True,,,,,,False,differential_direction_concordant,none,none,False,expression_only_or_binding_only,,,,no_admitted_binding_record,11.0,0.9090909090909092,Collenchyma;Columella;Inner epidermis;Locular tissue;Outer epidermis;Parenchyma;Placenta;Septum;Total pericarp;Vascular tissue,Collenchyma;Columella;Inner epidermis;Locular tissue;Outer epidermis;Parenchyma;Placenta;Seeds;Septum;Total pericarp;Vascular tissue
Solyc09g007940,-0.4393136160714285,-0.3568173363095238,True,0.3568173363095238,-1.460615934534426,-4.293217248578139,True,4,True,0.2693965517241379,0.4671497969260174,cross_cohort_expression_replication_only,188.0,Solyc09g007940.3,protein_coding,Adenosine kinase (AHRD V3.3 *** A0A2G2VXW7_CAPBA) && sp|Q9LZG0|ADK2_ARATH Adenosine kinase 2 OS=Arabidopsis thaliana OX=3702 GN=ADK2 PE=1 SV=1 && PF00294:pfkB family carbohydrate kinase,PfkB,gene-Solyc09g007940.3,,,Ensembl Plants BioMart,63,one_to_one,,,,,-0.6984841014952572,1.0,-0.8913928637168146,0.2249968549503082,0.2804793507274797,1.0,7,3483,-0.6989032520200753,-0.979259139852952,-0.5955938326258918,214.0,0.156,1000,0.0059940059940059,0.0171680171680171,,four_cohort_expression_consensus,no_regulatory_claim,True,-1.1176725726522967,-1.1169426255776935,8.65039574447815e-13,1.2184582785566e-11,True,,,,,,False,differential_direction_concordant,none,none,False,expression_only_or_binding_only,,,,no_admitted_binding_record,2.0,1.0,Inner epidermis;Outer epidermis,Inner epidermis;Outer epidermis
Solyc12g010050,-0.4918619791666666,-0.4615652901785714,True,0.4615652901785714,-1.2762128181596395,-1.9941159139859503,True,4,True,0.2693965517241379,0.4512149597833877,cross_cohort_expression_replication_only,189.0,Solyc12g010050.2,protein_coding,DNA-3-methyladenine glycosylase I (AHRD V3.3 *** A0A2I0WS59_9ASPA) && sp|Q7VG78|GUAA_HELHP Probable GMP synthase [glutamine-hydrolyzing] OS=Helicobacter hepaticus (strain ATCC 51449 / 3B1) OX=235279 GN=guaA PE=3 SV=1 && PF03352:Methyladenine glycosylase,-,gene-Solyc12g010050.2,,,Ensembl Plants BioMart,63,one_to_one,,,,,-0.4501206957966757,0.7142857142857143,-0.6908794751115861,0.3734849596478357,0.6516774934578133,1.0,7,13570,-0.4539938907970214,-0.967349407421776,-0.2687205668160672,387.5,0.022,1000,0.1268731268731268,0.1425402684482587,,four_cohort_expression_consensus,no_regulatory_claim,False,,,,,,,,,,,,not_measured,none,none,False,expression_only_or_binding_only,,,,no_admitted_binding_record,10.0,1.0,Collenchyma;Columella;Inner epidermis;Locular tissue;Outer epidermis;Placenta;Seeds;Septum;Total pericarp;Vascular tissue,Collenchyma;Columella;Inner epidermis;Locular tissue;Outer epidermis;Placenta;Seeds;Septum;Total pericarp;Vascular tissue
Solyc10g078740,-0.4612978980654762,-0.2788783482142858,True,0.2788783482142858,-0.982987419309711,-4.0975764043820355,True,4,True,0.2678983833718245,0.4107245958429562,cross_cohort_expression_replication_only,190.0,Solyc10g078740.2,protein_coding,"Enoyl-[acyl-carrier-protein] reductase [NADH] (AHRD V3.3 *** B6TFF6_MAIZE) && sp|Q6Z0I4|FABI1_ORYSJ Enoyl-[acyl-carrier-protein] reductase [NADH] 1, chloroplastic OS=Oryza sativa subsp. japonica OX=39947 GN=Os08g0327400 PE=2 SV=1 && PF13561:Enoyl-(Acyl carrier protein) reductase",-,gene-Solyc10g078740.2,,,Ensembl Plants BioMart,63,one_to_one,,,,,-0.7008901659442813,1.0,-0.9565369508190962,0.1521155700926741,0.2850410698539068,1.0,7,3429,-0.7009037051893933,-0.97235140431162,-0.575523411459163,208.0,0.388,1000,0.0159840159840159,0.0302717690472792,,four_cohort_expression_consensus,no_regulatory_claim,True,-0.6482425462984609,-0.6487188700609229,6.54454447634996e-11,4.61650089728559e-10,True,1.0,1.159834082250723,1.159834082250723,1.53548638411801e-08,Solyc10g078740.1.1_S218,True,differential_direction_concordant,differential_site,none,False,expression_only_or_binding_only,,,,no_admitted_binding_record,11.0,1.0,Collenchyma;Columella;Inner epidermis;Locular tissue;Outer epidermis;Parenchyma;Placenta;Seeds;Septum;Total pericarp;Vascular tissue,Collenchyma;Columella;Inner epidermis;Locular tissue;Outer epidermis;Parenchyma;Placenta;Seeds;Septum;Total pericarp;Vascular tissue
Solyc10g081010,-0.4390752883184524,-0.3456333705357144,True,0.3456333705357144,-3.0846232479913795,-3.114716741946667,True,4,True,0.2672413793103448,0.4962981305248068,cross_cohort_expression_replication_only,191.0,Solyc10g081010.3,protein_coding,Hydroxyproline-rich glycoprotein family protein (AHRD V3.3 *** Q0WVC6_ARATH) && - && -,-,gene-Solyc10g081010.3,,,Ensembl Plants BioMart,63,one_to_one,,,,,-0.7764666989692224,1.0,-0.9691592641158352,0.3808235836792887,0.2086618832276063,1.0,7,1867,-0.7768990119981228,-0.9828216841362334,-0.6787390119731863,155.0,0.988,1000,0.0009990009990009,0.0073577216434359,,four_cohort_expression_consensus,no_regulatory_claim,False,,,,,,,,,,,,not_measured,none,none,False,expression_only_or_binding_only,,,,no_admitted_binding_record,10.0,1.0,Collenchyma;Columella;Inner epidermis;Outer epidermis;Parenchyma;Placenta;Seeds;Septum;Total pericarp;Vascular tissue,Collenchyma;Columella;Inner epidermis;Outer epidermis;Parenchyma;Placenta;Seeds;Septum;Total pericarp;Vascular tissue
Solyc01g100930,-0.4387207031249999,-0.5687430245535715,True,0.4387207031249999,-2.197732194896961,-3.744660822257548,True,4,True,0.2650862068965517,0.5691820299434578,cross_cohort_expression_replication_only,192.0,Solyc01g100930.3,protein_coding,GDSL esterase/lipase (AHRD V3.3 *** A0A1U8GQF3_CAPAN) && sp|O80522|GDL2_ARATH GDSL esterase/lipase At1g09390 OS=Arabidopsis thaliana OX=3702 GN=At1g09390 PE=2 SV=1 && PF00657:GDSL-like Lipase/Acylhydrolase,Lipase_GDSL,gene-Solyc01g100930.3,,,Ensembl Plants BioMart,63,one_to_one,,,,,-0.614010716595848,0.8571428571428571,-0.9750417939413704,0.1442110118673208,0.393087755051288,1.0,7,5988,-0.6143743121815513,-0.9884435589439008,-0.3719294650357085,280.5,0.32,1000,0.0199800199800199,0.0329919191129155,,four_cohort_expression_consensus,no_regulatory_claim,True,-1.1620953600481485,-1.1627343424428769,6.99564968786465e-13,1.0243382936695399e-11,True,,,,,,False,differential_direction_concordant,none,none,False,expression_only_or_binding_only,,,,no_admitted_binding_record,11.0,1.0,Collenchyma;Columella;Inner epidermis;Locular tissue;Outer epidermis;Parenchyma;Placenta;Seeds;Septum;Total pericarp;Vascular tissue,Collenchyma;Columella;Inner epidermis;Locular tissue;Outer epidermis;Parenchyma;Placenta;Seeds;Septum;Total pericarp;Vascular tissue
Solyc06g050840,-0.4380696614583333,-0.5967552548363096,True,0.4380696614583333,-3.40676503551435,-2.6819269640738184,True,4,True,0.2629310344827586,0.5877025762522896,cross_cohort_expression_replication_only,193.0,Solyc06g050840.4,protein_coding,Transcription factor SCREAM2 (AHRD V3.11 *** tr_A0A2I0WJV6_A0A2I0WJV6_9ASPA) && sp|Q9LPW3|SCRM2_ARATH Transcription factor SCREAM2 OS=Arabidopsis thaliana OX=3702 GN=SCRM2 PE=1 SV=1 && -,-,gene-Solyc06g050840.3,,,Ensembl Plants BioMart,63,one_to_one,,,,,-0.4768317185609428,0.7142857142857143,-0.7875931841609999,0.0,0.466759913843924,1.0,7,12378,-0.4800250349913331,-0.9870343821636918,-0.2798739574601888,383.0,0.08,1000,0.0359640359640359,0.0472728404739736,,four_cohort_expression_consensus,no_regulatory_claim,False,,,,,,,,,,,,not_measured,none,none,False,expression_only_or_binding_only,,,,no_admitted_binding_record,8.0,1.0,Columella;Inner epidermis;Locular tissue;Parenchyma;Placenta;Seeds;Septum;Total pericarp,Columella;Inner epidermis;Locular tissue;Parenchyma;Placenta;Seeds;Septum;Total pericarp
Solyc03g114360,0.4378255208333335,0.3109479631696428,True,0.3109479631696428,1.158154780805163,2.2646897420019663,True,4,True,0.2607758620689655,0.3092025364338616,cross_cohort_expression_replication_only,194.0,Solyc03g114360.4,protein_coding,Poly [ADP-ribose] polymerase (AHRD V3.3 *** A0A2I4EPD4_9ROSI) && sp|Q9FJJ3|SRO5_ARATH Probable inactive poly [ADP-ribose] polymerase SRO5 OS=Arabidopsis thaliana OX=3702 GN=SRO5 PE=1 SV=1 && PF12174:RCD1-SRO-TAF4 (RST) plant domain,-,gene-Solyc03g114360.4,,,Ensembl Plants BioMart,63,one_to_one,RIN,in_vivo_promoter_binding,binding_only,ripening_tomato_fruit;ITAG2;three_biological_replicates,0.7580645124600232,1.0,0.8762399367276832,0.431591475855815,0.2146180103200173,1.0,7,2202,0.7597379772588725,0.6870793606273214,0.9646011119794556,171.0,0.68,1000,0.0049950049950049,0.015148250442368,,four_cohort_expression_consensus,source_bound_context_limited,False,,,,,,,,,,,,not_measured,none,binding_only,True,binding_plus_independent_perturbation_expression,-2.341958905045003,4.1523773630772e-162,True,binding_plus_independent_perturbation_expression,9.0,0.5555555555555556,Locular tissue;Parenchyma;Septum;Total pericarp;Vascular tissue,Columella;Locular tissue;Outer epidermis;Parenchyma;Placenta;Seeds;Septum;Total pericarp;Vascular tissue
Solyc04g064870,0.4672386532738096,0.2749720982142857,True,0.2749720982142857,0.9441675028333308,2.1082680526097577,True,4,True,0.2586605080831409,0.3087384028828542,cross_cohort_expression_replication_only,195.0,Solyc04g064870.3,protein_coding,Pathogen-related protein (AHRD V3.3 *** A0A1U8GE43_CAPAN) && sp|P16273|PRPX_HORVU Pathogen-related protein OS=Hordeum vulgare OX=4513 PE=2 SV=2 && -,-,gene-Solyc04g064870.3,,NM_001324084,Ensembl Plants BioMart,63,one_to_one,RIN,in_vivo_promoter_binding,binding_only,ripening_tomato_fruit;ITAG2;three_biological_replicates,0.8519893033080439,1.0,0.900716995842328,0.650312408269384,0.1072741966466026,1.0,7,818,0.8545416847997414,0.8069318237185019,0.9534562295474486,137.0,0.684,1000,0.0009990009990009,0.0073577216434359,,four_cohort_expression_consensus,source_bound_context_limited,False,,,,,,,,,,,,not_measured,none,binding_only,True,binding_plus_independent_perturbation_expression,1.555674328476584,1.3062793588643145e-45,True,binding_plus_independent_perturbation_expression,8.0,1.0,Columella;Locular tissue;Parenchyma;Placenta;Seeds;Septum;Total pericarp;Vascular tissue,Columella;Locular tissue;Parenchyma;Placenta;Seeds;Septum;Total pericarp;Vascular tissue
Solyc05g006740,-0.4374534970238095,-0.6022251674107142,True,0.4374534970238095,-1.992519006896092,-3.546506747698297,True,4,True,0.2586206896551724,0.5592510651429482,cross_cohort_expression_replication_only,196.0,Solyc05g006740.5,protein_coding,"Glutathione S-transferase (AHRD V3.11 *** tr_A0A200QY01_A0A200QY01_9MAGN) && sp|Q9FUS8|GSTUH_ARATH Glutathione S-transferase U17 OS=Arabidopsis thaliana OX=3702 GN=GSTU17 PE=2 SV=1 && PF00043:Glutathione S-transferase, C-terminal domain|PF02798:Glutathione S-transferase, N-terminal domain",GST_N,gene-Solyc05g006740.4,,,Ensembl Plants BioMart,63,one_to_one,,,,,-0.9612174672259414,1.0,-0.9861859804488282,0.942246656087055,0.0181479746487296,0.8571428571428571,6,56,-0.9626220056302716,-0.9895888305735134,-0.932577066083392,45.5,0.984,1000,0.0009990009990009,0.0073577216434359,,four_cohort_expression_consensus,no_regulatory_claim,True,0.2792839723233409,,,,False,,,,,,False,measured_direction_discordant,none,none,False,expression_only_or_binding_only,,,,no_admitted_binding_record,11.0,1.0,Collenchyma;Columella;Inner epidermis;Locular tissue;Outer epidermis;Parenchyma;Placenta;Seeds;Septum;Total pericarp;Vascular tissue,Collenchyma;Columella;Inner epidermis;Locular tissue;Outer epidermis;Parenchyma;Placenta;Seeds;Septum;Total pericarp;Vascular tissue
Solyc02g083670,-0.5515718005952382,-0.2731061662946428,True,0.2731061662946428,-2.1097661093240827,-1.863771213796523,True,4,True,0.2564655172413793,0.4670801146770725,cross_cohort_expression_replication_only,197.0,Solyc02g083670.4,protein_coding,Histidine kinase 1 (AHRD V3.3 *** A0A2G3AA52_CAPAN) && sp|Q9SXL4|AHK1_ARATH Histidine kinase 1 OS=Arabidopsis thaliana OX=3702 GN=AHK1 PE=1 SV=2 && PF13639:Ring finger domain,-,gene-Solyc02g083670.4,,,Ensembl Plants BioMart,63,one_to_one,,,,,-0.6136445798983244,0.8571428571428571,-0.9582069591968626,0.879775233782027,0.6457861704353999,1.0,7,6002,-0.6140115946521156,-0.9853382692697232,-0.3101216467669867,282.0,0.242,1000,0.0249750249750249,0.0354385675486592,,four_cohort_expression_consensus,no_regulatory_claim,False,,,,,,,,,,,,not_measured,none,none,False,expression_only_or_binding_only,,,,no_admitted_binding_record,11.0,1.0,Collenchyma;Columella;Inner epidermis;Locular tissue;Outer epidermis;Parenchyma;Placenta;Seeds;Septum;Total pericarp;Vascular tissue,Collenchyma;Columella;Inner epidermis;Locular tissue;Outer epidermis;Parenchyma;Placenta;Seeds;Septum;Total pericarp;Vascular tissue
Solyc02g023950,-0.4840959821428572,-0.2563534691220238,True,0.2563534691220238,-1.5483188797412966,-2.248359400289682,True,4,True,0.2564655172413793,0.3816372342119933,cross_cohort_expression_replication_only,198.0,Solyc02g023950.3,protein_coding,Leucine-rich receptor-like protein kinase family protein (AHRD V3.3 *** A0A061G8R7_THECC) && sp|C0LGQ9|GHR1_ARATH LRR receptor-like serine/threonine-protein kinase GHR1 OS=Arabidopsis thaliana OX=3702 GN=GHR1 PE=1 SV=2 && PF13855:Leucine rich repeat|PF08263:Leucine rich repeat N-terminal domain|PF07714:Protein tyrosine kinase,Pkinase_Tyr,gene-Solyc02g023950.3,,,Ensembl Plants BioMart,63,one_to_one,,,,,-0.8697591574799436,1.0,-0.93128264324294,0.6752212018283222,0.097700038450255,1.0,7,618,-0.8709125143612337,-0.9603958805761136,-0.8232388570878733,130.0,0.912,1000,0.0029970029970029,0.0108641358641358,,four_cohort_expression_consensus,no_regulatory_claim,False,,,,,,,,,,,,not_measured,none,none,False,expression_only_or_binding_only,,,,no_admitted_binding_record,8.0,1.0,Collenchyma;Columella;Locular tissue;Parenchyma;Placenta;Septum;Total pericarp;Vascular tissue,Collenchyma;Columella;Locular tissue;Parenchyma;Placenta;Septum;Total pericarp;Vascular tissue
Solyc07g007350,-0.4365931919642857,-0.4200497581845239,True,0.4200497581845239,-1.2160134629236783,-2.2961737133247384,True,4,True,0.2564655172413793,0.3683552998327626,cross_cohort_expression_replication_only,199.0,Solyc07g007350.1,protein_coding,Sterile alpha motif (SAM) domain protein (AHRD V3.3 *** Q1G3Q5_ARATH) && - && -,-,gene-Solyc07g007350.1,,,Ensembl Plants BioMart,63,one_to_one,,,,,-0.9695236820933356,1.0,-0.9717347236305178,0.936377526016893,0.0189462174658042,1.0,7,31,-0.9698065806496656,-0.9815158098280404,-0.9640336951858964,27.0,0.962,1000,0.0009990009990009,0.0073577216434359,,four_cohort_expression_consensus,no_regulatory_claim,False,,,,,,,,,,,,not_measured,none,none,False,expression_only_or_binding_only,,,,no_admitted_binding_record,11.0,0.9090909090909092,Collenchyma;Inner epidermis;Locular tissue;Outer epidermis;Parenchyma;Placenta;Seeds;Septum;Total pericarp;Vascular tissue,Collenchyma;Columella;Inner epidermis;Locular tissue;Outer epidermis;Parenchyma;Placenta;Seeds;Septum;Total pericarp;Vascular tissue
Solyc02g085380,-0.5693359375,-0.2945963541666667,True,0.2945963541666667,-1.0774731887388618,-1.8263135336474643,True,4,True,0.2543103448275862,0.4073002110376682,cross_cohort_expression_replication_only,200.0,Solyc02g085380.3,protein_coding,Protein LIKE COV 2 (AHRD V3.3 *** A0A2G2ZPX7_CAPAN) && sp|F4IQJ6|LCV3_ARATH Protein LIKE COV 3 OS=Arabidopsis thaliana OX=3702 GN=LCV3 PE=2 SV=1 && PF04367:Protein of unknown function (DUF502),-,gene-Solyc02g085380.3,,,Ensembl Plants BioMart,63,one_to_one,,,,,-0.6303453458666607,1.0,-0.7990187616166804,0.0846857047008009,0.3338363324464308,1.0,7,5393,-0.6327107337620181,-0.9406367557545656,-0.5248220657561555,262.0,0.0,1000,0.0059940059940059,0.0171680171680171,,four_cohort_expression_consensus,no_regulatory_claim,False,,,,,,,,,,,,not_measured,none,none,False,expression_only_or_binding_only,,,,no_admitted_binding_record,4.0,1.0,Collenchyma;Parenchyma;Septum;Total pericarp,Collenchyma;Parenchyma;Septum;Total pericarp
Solyc08g069010,-0.6010393415178571,-0.349365234375,True,0.349365234375,-1.006471700656868,-1.8105258002589832,True,4,True,0.2521551724137931,0.4495562733933265,cross_cohort_expression_replication_only,201.0,Solyc08g069010.4,protein_coding,Pentatricopeptide repeat-containing protein (AHRD V3.3 *** A0A2G3DE83_CAPCH) && sp|Q8VYD6|PP374_ARATH Pentatricopeptide repeat-containing protein At5g10690 OS=Arabidopsis thaliana OX=3702 GN=CBSPPR1 PE=2 SV=1 && PF13041:PPR repeat family,-,gene-Solyc08g069010.4,,,Ensembl Plants BioMart,63,one_to_one,,,,,-0.8581458720304066,1.0,-0.9384762290915564,0.6372290015515578,0.111866734403174,1.0,7,740,-0.8591092498358929,-0.9626021116568124,-0.8037136045720475,132.5,0.914,1000,0.0009990009990009,0.0073577216434359,,four_cohort_expression_consensus,no_regulatory_claim,False,,,,,,,,,,,,not_measured,none,none,False,expression_only_or_binding_only,,,,no_admitted_binding_record,10.0,1.0,Collenchyma;Columella;Inner epidermis;Locular tissue;Outer epidermis;Parenchyma;Placenta;Septum;Total pericarp;Vascular tissue,Collenchyma;Columella;Inner epidermis;Locular tissue;Outer epidermis;Parenchyma;Placenta;Septum;Total pericarp;Vascular tissue
Solyc01g109920,0.6038876488095237,0.580264136904762,True,0.580264136904762,0.909023262542822,2.8091841737216026,True,4,True,0.2517321016166282,0.5801744047145019,cross_cohort_expression_replication_only,202.0,Solyc01g109920.3,protein_coding,late embryogenesis abundant protein (AHRD V3.11 *-* tr_A0A1U8E8Y4_A0A1U8E8Y4_CAPAN) && - && PF00257:Dehydrin,-,,,,Ensembl Plants BioMart,63,not_mapped_in_export,RIN,in_vivo_promoter_binding,binding_only,ripening_tomato_fruit;ITAG2;three_biological_replicates,0.5211682750736476,0.8,0.9556858882316778,0.9007466343797744,0.7855570449174012,0.7142857142857143,5,10439,0.5312650924949062,-0.3127796526817064,0.956173651246742,387.0,0.1222444889779559,1000,0.1328671328671328,0.1485550593984329,,four_cohort_expression_consensus,source_bound_context_limited,True,2.212159536810772,2.2108779297605583,5.54466492576419e-16,3.6776852134471705e-14,True,,,,,,False,differential_direction_concordant,none,binding_only,False,expression_only_or_binding_only,,,,binding_only_or_no_significant_perturbation,11.0,0.7272727272727273,Collenchyma;Inner epidermis;Locular tissue;Parenchyma;Placenta;Septum;Total pericarp;Vascular tissue,Collenchyma;Columella;Inner epidermis;Locular tissue;Outer epidermis;Parenchyma;Placenta;Seeds;Septum;Total pericarp;Vascular tissue
Solyc06g054320,-0.4802362351190476,-0.2493722098214286,True,0.2493722098214286,-1.0888784620229397,-4.5110158188955065,True,4,True,0.2478448275862069,0.4466706816914868,cross_cohort_expression_replication_only,203.0,Solyc06g054320.1,protein_coding,Dirigent protein (AHRD V3.3 *** K4C6B8_SOLLC) && sp|Q9SS03|DIR21_ARATH Dirigent protein 21 OS=Arabidopsis thaliana OX=3702 GN=DIR21 PE=3 SV=1 && PF03018:Dirigent-like protein,-,gene-Solyc06g054320.1,,,Ensembl Plants BioMart,63,one_to_one,,,,,-0.6371894897089887,1.0,-0.8680585181189352,0.0283054472260661,0.3364906619788212,1.0,7,5184,-0.637810264560327,-0.9576448785118232,-0.5128048794314094,261.0,0.002,1000,0.0079920079920079,0.0203752291664379,,four_cohort_expression_consensus,no_regulatory_claim,True,-0.8048197952739921,-0.8060877570813132,5.75301245419398e-08,1.8314031050457e-07,True,,,,,,False,differential_direction_concordant,none,none,False,expression_only_or_binding_only,,,,no_admitted_binding_record,10.0,1.0,Collenchyma;Columella;Inner epidermis;Locular tissue;Outer epidermis;Parenchyma;Placenta;Septum;Total pericarp;Vascular tissue,Collenchyma;Columella;Inner epidermis;Locular tissue;Outer epidermis;Parenchyma;Placenta;Septum;Total pericarp;Vascular tissue
Solyc07g049290,-0.434384300595238,-0.5990164620535714,True,0.434384300595238,-2.8231031081074818,-4.323120763263361,True,4,True,0.2435344827586207,0.6418469280082822,cross_cohort_expression_replication_only,204.0,Solyc07g049290.3,protein_coding,Protein NRT1/ PTR FAMILY 6.4 (AHRD V3.3 *** A0A2G2Z2Y2_CAPAN) && sp|Q9LVE0|PTR33_ARATH Protein NRT1/ PTR FAMILY 6.4 OS=Arabidopsis thaliana OX=3702 GN=NPF6.4 PE=1 SV=1 && PF00854:POT family,-,gene-Solyc07g049290.3,,,Ensembl Plants BioMart,63,one_to_one,,,,,-0.8506341269909174,1.0,-0.9890054712381378,0.5903677611439594,0.1402335066758403,1.0,7,839,-0.8508882749612023,-0.9941543466203911,-0.7808681475620455,119.0,1.0,1000,0.0039960039960039,0.0126996291379853,,four_cohort_expression_consensus,no_regulatory_claim,True,-2.563420064366615,-2.561446768500536,1.4021746713961201e-15,7.46171558490512e-14,True,1.0,0.9768316899193334,-0.9768316899193334,5.97855293782939e-08,Solyc07g049290.2.1_S564,True,differential_direction_concordant,differential_site,none,False,expression_only_or_binding_only,,,,no_admitted_binding_record,11.0,1.0,Collenchyma;Columella;Inner epidermis;Locular tissue;Outer epidermis;Parenchyma;Placenta;Seeds;Septum;Total pericarp;Vascular tissue,Collenchyma;Columella;Inner epidermis;Locular tissue;Outer epidermis;Parenchyma;Placenta;Seeds;Septum;Total pericarp;Vascular tissue
Solyc07g063600,-0.4616582961309524,-0.2448614211309523,True,0.2448614211309523,-2.5943773328114137,-3.2681728408509914,True,4,True,0.2435344827586207,0.4633122959305567,cross_cohort_expression_replication_only,205.0,Solyc07g063600.3,protein_coding,"Chlorophyll a-b binding protein && sp|P27489|CB23_SOLLC Chlorophyll a-b binding protein 13, chloroplastic OS=Solanum lycopersicum OX=4081 GN=CAB13 PE=1 SV=1 && PF00504:Chlorophyll A-B binding protein",-,gene-Solyc07g063600.3,,,Ensembl Plants BioMart,63,one_to_one,RIN,in_vivo_promoter_binding,binding_only,ripening_tomato_fruit;ITAG2;three_biological_replicates,-0.9220784652389742,1.0,-0.9705173505959264,0.8088858137291903,0.0647557029736291,1.0,7,222,-0.9222324524445406,-0.9936445393952004,-0.8926705392858146,89.0,0.932,1000,0.0029970029970029,0.0108641358641358,,four_cohort_expression_consensus,source_bound_context_limited,True,-2.3171605617070132,-2.316145329451443,5.02978782287159e-13,7.73438653454718e-12,True,,,,,,False,differential_direction_concordant,none,binding_only,True,binding_plus_independent_perturbation_expression,1.8035430548518003,2.5950735104051633e-17,True,binding_plus_independent_perturbation_expression,11.0,1.0,Collenchyma;Columella;Inner epidermis;Locular tissue;Outer epidermis;Parenchyma;Placenta;Seeds;Septum;Total pericarp;Vascular tissue,Collenchyma;Columella;Inner epidermis;Locular tissue;Outer epidermis;Parenchyma;Placenta;Seeds;Septum;Total pericarp;Vascular tissue
Solyc02g065350,-0.4933965773809524,-0.7088448660714286,True,0.4933965773809524,-0.8729843165471305,-2.9949154776532376,True,4,True,0.2424942263279445,0.5471537289957793,cross_cohort_expression_replication_only,206.0,Solyc02g065350.3,protein_coding,B3 domain-containing protein (AHRD V3.3 *** A0A1Q3D977_CEPFO) && sp|Q2R9D2|Y1176_ORYSJ B3 domain-containing protein Os11g0197600 OS=Oryza sativa subsp. japonica OX=39947 GN=Os11g0197600 PE=2 SV=1 && PF02362:B3 DNA binding domain,B3,gene-Solyc02g065350.3,,,Ensembl Plants BioMart,63,one_to_one,,,,,-0.9384561003370387,1.0,-0.9683468782449796,0.8942892559601027,0.0348037152138271,0.8571428571428571,6,133,-0.9410452955566252,-0.9742251073663328,-0.9059445546872772,78.0,0.92,1000,0.0019980019980019,0.0091789398720091,,four_cohort_expression_consensus,no_regulatory_claim,False,,,,,,,,,,,,not_measured,none,none,False,expression_only_or_binding_only,,,,no_admitted_binding_record,11.0,1.0,Collenchyma;Columella;Inner epidermis;Locular tissue;Outer epidermis;Parenchyma;Placenta;Seeds;Septum;Total pericarp;Vascular tissue,Collenchyma;Columella;Inner epidermis;Locular tissue;Outer epidermis;Parenchyma;Placenta;Seeds;Septum;Total pericarp;Vascular tissue
Solyc10g044680,-0.5735444568452381,-0.6422642299107143,True,0.5735444568452381,-1.125087596218476,-1.719883164571642,True,4,True,0.2413793103448276,0.5524670004778212,cross_cohort_expression_replication_only,207.0,Solyc10g044680.2,protein_coding,R2R3MYB transcription factor 55 && sp|Q8VZQ2|MYB61_ARATH Transcription factor MYB61 OS=Arabidopsis thaliana OX=3702 GN=MYB61 PE=2 SV=1 && PF00249:Myb-like DNA-binding domain,Myb_DNA-binding,gene-Solyc10g044680.2,,,Ensembl Plants BioMart,63,one_to_one,,,,,-0.6063328750823108,0.8571428571428571,-0.9150790087235728,0.2048370864259655,0.400911810950703,1.0,7,6402,-0.6080573432149576,-0.9562609343165692,-0.3648844365904019,302.0,0.11,1000,0.0219780219780219,0.0337675569463649,,four_cohort_expression_consensus,no_regulatory_claim,False,,,,,,,,,,,,not_measured,none,none,False,expression_only_or_binding_only,,,,no_admitted_binding_record,6.0,1.0,Columella;Inner epidermis;Locular tissue;Placenta;Septum;Total pericarp,Columella;Inner epidermis;Locular tissue;Placenta;Septum;Total pericarp
Solyc12g055810,-0.434907459077381,-0.2447742280505954,True,0.2447742280505954,-1.603304892220196,-2.7319295475388614,True,4,True,0.2413793103448276,0.3436143684797324,cross_cohort_expression_replication_only,208.0,Solyc12g055810.1,protein_coding,P-loop containing nucleoside triphosphate hydrolases superfamily protein (AHRD V3.3 *** A0A1P8B3B9_ARATH) && sp|Q9FKM3|AATPK_ARATH AAA-ATPase At5g57480 OS=Arabidopsis thaliana OX=3702 GN=At5g57480 PE=3 SV=1 && PF14363:Domain associated at C-terminal with AAA|PF00004:ATPase family associated with various cellular activities (AAA),AAA,gene-Solyc12g055810.1,,,Ensembl Plants BioMart,63,one_to_one,,,,,-0.7234104675799612,1.0,-0.8379653009216442,0.3839476663731287,0.2530096521195175,1.0,7,2880,-0.7239466275225201,-0.9587061041857436,-0.6525438062815138,196.5,0.534,1000,0.0049950049950049,0.015148250442368,,four_cohort_expression_consensus,no_regulatory_claim,False,,,,,,,,,,,,not_measured,none,none,False,expression_only_or_binding_only,,,,no_admitted_binding_record,8.0,1.0,Collenchyma;Columella;Locular tissue;Parenchyma;Placenta;Septum;Total pericarp;Vascular tissue,Collenchyma;Columella;Locular tissue;Parenchyma;Placenta;Septum;Total pericarp;Vascular tissue
Solyc03g078440,-0.507754371279762,-0.457182384672619,True,0.457182384672619,-2.9810642821243625,-1.7137628410811874,True,4,True,0.2370689655172413,0.5626455861272598,cross_cohort_expression_replication_only,209.0,Solyc03g078440.3,protein_coding,Cinnamyl alcohol dehydrogenase (AHRD V3.3 *** C1IC54_GOSHI) && sp|P42734|CADH9_ARATH Probable cinnamyl alcohol dehydrogenase 9 OS=Arabidopsis thaliana OX=3702 GN=CAD9 PE=2 SV=2 && PF00107:Zinc-binding dehydrogenase|PF08240:Alcohol dehydrogenase GroES-like domain,ADH_N,gene-Solyc03g078440.3,,,Ensembl Plants BioMart,63,one_to_one,,,,,-0.6492969632661819,1.0,-0.8204784136782438,0.1412546651570428,0.3230846830478042,1.0,7,4810,-0.6515699728856986,-0.9348489747277676,-0.5488345349204645,249.0,0.002,1000,0.0089910089910089,0.0220731649303077,,four_cohort_expression_consensus,no_regulatory_claim,False,,,,,,,,,,,,not_measured,none,none,False,expression_only_or_binding_only,,,,no_admitted_binding_record,5.0,1.0,Columella;Inner epidermis;Locular tissue;Placenta;Vascular tissue,Columella;Inner epidermis;Locular tissue;Placenta;Vascular tissue
Solyc01g080280,-0.6291736421130953,-0.6098109654017856,True,0.6098109654017856,-0.8546251236768603,-2.880500100311427,True,4,True,0.2355658198614318,0.6019949032412201,cross_cohort_expression_replication_only,210.0,Solyc01g080280.3,protein_coding,"chloroplast glutamine synthetase && sp|O22506|GLNA2_DAUCA Glutamine synthetase, chloroplastic OS=Daucus carota OX=4039 GN=GLN2 PE=2 SV=1 && PF00120:Glutamine synthetase, catalytic domain|PF03951:Glutamine synthetase, beta-Grasp domain",-,,,,Ensembl Plants BioMart,63,not_mapped_in_export,,,,,-0.9418843590946088,1.0,-0.9554799475776388,0.8851218182580618,0.0452105516948924,1.0,7,120,-0.9419321518050215,-0.9717382516557764,-0.9299709960716804,74.0,0.914,1000,0.0009990009990009,0.0073577216434359,,four_cohort_expression_consensus,no_regulatory_claim,True,-0.4634206153351707,,,,False,,,,,,False,measured_direction_concordant,none,none,False,expression_only_or_binding_only,,,,no_admitted_binding_record,10.0,1.0,Collenchyma;Columella;Inner epidermis;Locular tissue;Outer epidermis;Parenchyma;Placenta;Septum;Total pericarp;Vascular tissue,Collenchyma;Columella;Inner epidermis;Locular tissue;Outer epidermis;Parenchyma;Placenta;Septum;Total pericarp;Vascular tissue
Solyc02g090930,-0.4324311755952381,-0.7506452287946429,True,0.4324311755952381,-3.7685552629982544,-3.531509663175575,True,4,True,0.2327586206896551,0.665444323883093,cross_cohort_expression_replication_only,211.0,Solyc02g090930.3,protein_coding,Lipase (AHRD V3.3 *** A0A200QYW4_9MAGN) && sp|F4JFU8|OBL1_ARATH Triacylglycerol lipase OBL1 OS=Arabidopsis thaliana OX=3702 GN=OBL1 PE=1 SV=1 && PF01764:Lipase (class 3),Lipase_3,gene-Solyc02g090930.3,,,Ensembl Plants BioMart,63,one_to_one,,,,,-0.6188837552954864,0.8571428571428571,-0.9848792286850128,0.7080345536126137,0.5933306353273817,1.0,7,5769,-0.6190139786360597,-0.9918357869470312,-0.3263506316516545,252.0,0.32,1000,0.0169830169830169,0.0305431003105421,,four_cohort_expression_consensus,no_regulatory_claim,False,,,,,,,,,,,,not_measured,none,none,False,expression_only_or_binding_only,,,,no_admitted_binding_record,11.0,1.0,Collenchyma;Columella;Inner epidermis;Locular tissue;Outer epidermis;Parenchyma;Placenta;Seeds;Septum;Total pericarp;Vascular tissue,Collenchyma;Columella;Inner epidermis;Locular tissue;Outer epidermis;Parenchyma;Placenta;Seeds;Septum;Total pericarp;Vascular tissue
Solyc02g063030,-0.6543433779761905,-0.6905633835565478,True,0.6543433779761905,-1.2323546344014429,-1.698319101404619,True,4,True,0.2327586206896551,0.6049626204507447,cross_cohort_expression_replication_only,212.0,Solyc02g063030.4,protein_coding,Mental retardation GTPase activating protein (AHRD V3.3 *** A0A1I9LSH4_ARATH) && - && -,-,gene-Solyc02g063030.4,,,Ensembl Plants BioMart,63,one_to_one,,,,,-0.607882052143362,0.8571428571428571,-0.8951261359258729,0.4995806600410952,0.5014822540388939,1.0,7,6305,-0.6092365869573082,-0.9481646323050846,-0.3415452171368908,308.0,0.0,1000,0.0249750249750249,0.0354385675486592,,four_cohort_expression_consensus,no_regulatory_claim,False,,,,,,,,,,,,not_measured,none,none,False,expression_only_or_binding_only,,,,no_admitted_binding_record,8.0,1.0,Columella;Inner epidermis;Locular tissue;Parenchyma;Placenta;Septum;Total pericarp;Vascular tissue,Columella;Inner epidermis;Locular tissue;Parenchyma;Placenta;Septum;Total pericarp;Vascular tissue
Solyc08g082250,-0.4323381696428571,-0.3069893973214286,True,0.3069893973214286,-0.824507941386841,-3.1026151416898484,True,4,True,0.2263279445727482,0.3200518137293939,cross_cohort_expression_replication_only,213.0,Solyc08g082250.3,protein_coding,endo-beta-1 && sp|Q42059|GUN6_ARATH Endoglucanase 6 OS=Arabidopsis thaliana OX=3702 GN=At1g64390 PE=2 SV=2 && PF09478:Carbohydrate binding domain CBM49|PF00759:Glycosyl hydrolase family 9,-,gene-Solyc08g082250.3,Cel8,NM_001247243,Ensembl Plants BioMart,63,one_to_one,,,,,-0.6162430669682231,0.8571428571428571,-0.952580294894085,0.4550256786500367,0.4963013069267853,1.0,7,5881,-0.6167908724135873,-0.9761957623431714,-0.3481101215138152,262.5,0.282,1000,0.0149850149850149,0.0293377508567382,,four_cohort_expression_consensus,no_regulatory_claim,False,,,,,,,,,,,,not_measured,none,none,False,expression_only_or_binding_only,,,,no_admitted_binding_record,11.0,1.0,Collenchyma;Columella;Inner epidermis;Locular tissue;Outer epidermis;Parenchyma;Placenta;Seeds;Septum;Total pericarp;Vascular tissue,Collenchyma;Columella;Inner epidermis;Locular tissue;Outer epidermis;Parenchyma;Placenta;Seeds;Septum;Total pericarp;Vascular tissue
Solyc03g093360,-0.4320242745535715,-0.5904889787946428,True,0.4320242745535715,-1.6212054479594684,-5.8158696881658845,True,4,True,0.2262931034482758,0.6099324579915585,cross_cohort_expression_replication_only,214.0,Solyc03g093360.3,protein_coding,"PLAT/LH2 domain (AHRD V3.3 *** A0A200QDT2_9MAGN) && sp|O65660|PLAT1_ARATH PLAT domain-containing protein 1 OS=Arabidopsis thaliana OX=3702 GN=PLAT1 PE=1 SV=1 && PF06232:Embryo-specific protein 3, (ATS3)",-,gene-Solyc03g093360.3,,,Ensembl Plants BioMart,63,one_to_one,,,,,-0.8570017825871639,1.0,-0.9804811117823042,0.6131798549083742,0.1304096993242838,1.0,7,756,-0.8572127087988567,-0.9854299798530748,-0.7922584048175818,117.0,0.998,1000,0.0039960039960039,0.0126996291379853,,four_cohort_expression_consensus,no_regulatory_claim,True,-0.7201851549010091,-0.7221855940394987,8.28502729016729e-09,3.25973096746378e-08,True,,,,,,False,differential_direction_concordant,none,none,False,expression_only_or_binding_only,,,,no_admitted_binding_record,11.0,1.0,Collenchyma;Columella;Inner epidermis;Locular tissue;Outer epidermis;Parenchyma;Placenta;Seeds;Septum;Total pericarp;Vascular tissue,Collenchyma;Columella;Inner epidermis;Locular tissue;Outer epidermis;Parenchyma;Placenta;Seeds;Septum;Total pericarp;Vascular tissue
Solyc02g070940,-0.5336216517857142,-0.2236211867559523,True,0.2236211867559523,-3.0100963591352095,-3.940696703463346,True,4,True,0.2262931034482758,0.5897009636059568,cross_cohort_expression_replication_only,215.0,Solyc02g070940.1,protein_coding,"Chlorophyll a-b binding protein && sp|P07370|CB2B_SOLLC Chlorophyll a-b binding protein 1B, chloroplastic OS=Solanum lycopersicum OX=4081 GN=CAB1B PE=3 SV=1 && PF00504:Chlorophyll A-B binding protein",-,gene-Solyc02g070940.1,CAB1B,,Ensembl Plants BioMart,63,one_to_one,,,,,-0.9408291268034528,1.0,-0.9921517928062203,0.8843470982142857,0.0404072601057736,0.8571428571428571,6,121,-0.9442336587761888,-0.9957428631212212,-0.8999309562913456,69.0,0.926,1000,0.0099900099900099,0.0235297697226631,,four_cohort_expression_consensus,no_regulatory_claim,False,,,,,,,,,,,,not_measured,none,none,False,expression_only_or_binding_only,,,,no_admitted_binding_record,11.0,1.0,Collenchyma;Columella;Inner epidermis;Locular tissue;Outer epidermis;Parenchyma;Placenta;Seeds;Septum;Total pericarp;Vascular tissue,Collenchyma;Columella;Inner epidermis;Locular tissue;Outer epidermis;Parenchyma;Placenta;Seeds;Septum;Total pericarp;Vascular tissue
Solyc11g072040,-0.4448474702380953,-0.2188255673363094,True,0.2188255673363094,-1.0680965997176222,-2.8799190794982032,True,4,True,0.2219827586206896,0.3140504300390221,cross_cohort_expression_replication_only,216.0,Solyc11g072040.2,protein_coding,GDSL esterase/lipase (AHRD V3.3 *** A0A2K3NP63_TRIPR) && sp|Q9SF78|GDL29_ARATH GDSL esterase/lipase At1g71691 OS=Arabidopsis thaliana OX=3702 GN=At1g71691 PE=2 SV=1 && PF00657:GDSL-like Lipase/Acylhydrolase,Lipase_GDSL,gene-Solyc11g072040.2,,,Ensembl Plants BioMart,63,one_to_one,,,,,-0.5474758191893736,0.8571428571428571,-0.8071261016767848,0.2841237891558686,0.5239653350548246,1.0,7,9301,-0.5482405290041623,-0.9475994594431276,-0.3006013948175162,358.0,0.122,1000,0.0319680319680319,0.0428704243733145,,four_cohort_expression_consensus,no_regulatory_claim,False,,,,,,,,,,,,not_measured,none,none,False,expression_only_or_binding_only,,,,no_admitted_binding_record,11.0,0.9090909090909092,Collenchyma;Columella;Inner epidermis;Locular tissue;Outer epidermis;Parenchyma;Placenta;Septum;Total pericarp;Vascular tissue,Collenchyma;Columella;Inner epidermis;Locular tissue;Outer epidermis;Parenchyma;Placenta;Seeds;Septum;Total pericarp;Vascular tissue
Solyc05g041430,-0.4406854538690476,-0.3224400111607143,True,0.3224400111607143,-0.8037167037749944,-2.590984976356359,True,4,True,0.2217090069284064,0.3102763896631361,cross_cohort_expression_replication_only,217.0,Solyc05g041430.3,protein_coding,PTB domain engulfment adapter (AHRD V3.3 *** A0A1P8B0D8_ARATH) && - && -,-,gene-Solyc05g041430.3,,,Ensembl Plants BioMart,63,one_to_one,,,,,-0.9162581143874268,1.0,-0.945878286776566,0.8068748583087735,0.0611134655926272,1.0,7,245,-0.917498834312562,-0.9716045441170372,-0.8921812092173901,87.0,0.784,1000,0.0019980019980019,0.0091789398720091,,four_cohort_expression_consensus,no_regulatory_claim,False,,,,,,,,,,,,not_measured,none,none,False,expression_only_or_binding_only,,,,no_admitted_binding_record,11.0,1.0,Collenchyma;Columella;Inner epidermis;Locular tissue;Outer epidermis;Parenchyma;Placenta;Seeds;Septum;Total pericarp;Vascular tissue,Collenchyma;Columella;Inner epidermis;Locular tissue;Outer epidermis;Parenchyma;Placenta;Seeds;Septum;Total pericarp;Vascular tissue
Solyc03g117630,0.431489490327381,0.3295724051339286,True,0.3295724051339286,2.0314574955686857,3.518995393826059,True,4,True,0.2198275862068965,0.4343667874492314,cross_cohort_expression_replication_only,218.0,Solyc03g117630.1,protein_coding,Heat shock 70 kDa protein (AHRD V3.3 *** A0A1U8FVW2_CAPAN) && sp|P09189|HSP7C_PETHY Heat shock cognate 70 kDa protein OS=Petunia hybrida OX=4102 GN=HSP70 PE=2 SV=1 && PF00012:Hsp70 protein,HSP70,gene-Solyc03g117630.1,,,Ensembl Plants BioMart,63,one_to_one,,,,,0.6045633217203682,0.8571428571428571,0.9050780344484696,0.4044114563676773,0.4795886644825922,1.0,7,6500,0.6050035204406877,0.3472533545915301,0.9805179936730816,301.0,0.082,1000,0.0259740259740259,0.0364107191901753,,four_cohort_expression_consensus,no_regulatory_claim,True,2.8462739735712863,2.845707084928814,3.20561954538043e-17,4.829075681244291e-15,True,,,,,,False,differential_direction_concordant,none,none,False,expression_only_or_binding_only,,,,no_admitted_binding_record,11.0,0.8181818181818182,Collenchyma;Columella;Inner epidermis;Locular tissue;Outer epidermis;Parenchyma;Placenta;Septum;Total pericarp,Collenchyma;Columella;Inner epidermis;Locular tissue;Outer epidermis;Parenchyma;Placenta;Seeds;Septum;Total pericarp;Vascular tissue
Solyc09g075140,-0.4647739955357142,-0.3699893043154762,True,0.3699893043154762,-1.128576192805494,-1.5730225227759445,True,4,True,0.2198275862068965,0.3478027693716652,cross_cohort_expression_replication_only,219.0,Solyc09g075140.3,protein_coding,"Alpha/beta-Hydrolases superfamily protein (AHRD V3.3 *** A0A2U1LF81_ARTAN) && sp|Q9C942|CSE_ARATH Caffeoylshikimate esterase OS=Arabidopsis thaliana OX=3702 GN=CSE PE=1 SV=1 && PF12146:Serine aminopeptidase, S33",-,gene-Solyc09g075140.3,,,Ensembl Plants BioMart,63,one_to_one,,,,,-0.9537120805423228,1.0,-0.9601762110835168,0.9071301042446582,0.0325263476885263,1.0,7,84,-0.9541876935917544,-0.9711962335218512,-0.9449049533831668,50.5,0.914,1000,0.0009990009990009,0.0073577216434359,,four_cohort_expression_consensus,no_regulatory_claim,False,,,,,,,,,,,,not_measured,none,none,False,expression_only_or_binding_only,,,,no_admitted_binding_record,6.0,0.6666666666666666,Outer epidermis;Seeds;Septum;Total pericarp,Locular tissue;Outer epidermis;Placenta;Seeds;Septum;Total pericarp
Solyc06g071290,-0.7240513392857143,-0.6972307477678571,True,0.6972307477678571,-0.8022775724448317,-3.1758929838616985,True,4,True,0.2193995381062355,0.6529102293541451,cross_cohort_expression_replication_only,220.0,Solyc06g071290.3,protein_coding,"Aldehyde dehydrogenase (AHRD V3.3 *** A0A0K9R405_SPIOL) && sp|O04895|BADH_AMAHP Betaine aldehyde dehydrogenase, chloroplastic OS=Amaranthus hypochondriacus OX=28502 GN=BADH4 PE=3 SV=1 && PF00171:Aldehyde dehydrogenase family",Aldedh,gene-Solyc06g071290.3,ADH10A9,NM_001346677,Ensembl Plants BioMart,63,one_to_one,,,,,-0.9436216682832088,1.0,-0.9663282611000164,0.8814609818674508,0.0467174999949411,1.0,7,111,-0.9440092936551086,-0.987485750387666,-0.9283943440567002,62.0,0.912,1000,0.0019980019980019,0.0091789398720091,,four_cohort_expression_consensus,no_regulatory_claim,True,-1.2957506388672697,-1.2968238348412404,6.25378624344346e-13,9.37329715543431e-12,True,,,,,,False,differential_direction_concordant,none,none,False,expression_only_or_binding_only,,,,no_admitted_binding_record,11.0,1.0,Collenchyma;Columella;Inner epidermis;Locular tissue;Outer epidermis;Parenchyma;Placenta;Seeds;Septum;Total pericarp;Vascular tissue,Collenchyma;Columella;Inner epidermis;Locular tissue;Outer epidermis;Parenchyma;Placenta;Seeds;Septum;Total pericarp;Vascular tissue
Solyc06g074260,-0.4311755952380952,-0.3870907738095239,True,0.3870907738095239,-4.534575163164272,-6.7900199333346665,True,4,True,0.2176724137931034,0.6555170920602055,cross_cohort_expression_replication_only,221.0,Solyc06g074260.4,protein_coding,senescence regulator (Protein of unknown function%2C DUF584) (AHRD V3.3 *** AT3G15040.1) && - && PF04520:Senescence regulator,-,gene-Solyc06g074260.4,,,Ensembl Plants BioMart,63,one_to_one,,,,,-0.6136249603501912,0.8571428571428571,-0.9793254214253414,0.9341007254581288,0.6710522380251632,1.0,7,6004,-0.6138072135427962,-0.9896195385524093,-0.304261870710307,286.0,0.32,1000,0.0269730269730269,0.0371379362477285,,four_cohort_expression_consensus,no_regulatory_claim,True,-3.861370437629587,-3.856044920744548,1.86759769812585e-16,1.59607772509063e-14,True,6.0,4.233460375104045,4.233460375104045,1.0928304772957699e-12,Solyc06g074260.2.1_S139;S148;Solyc06g074260.2.1_S188;Solyc06g074260.2.1_T182;S188,True,differential_direction_concordant,differential_site,none,False,expression_only_or_binding_only,,,,no_admitted_binding_record,11.0,0.9090909090909092,Collenchyma;Columella;Inner epidermis;Locular tissue;Outer epidermis;Parenchyma;Placenta;Septum;Total pericarp;Vascular tissue,Collenchyma;Columella;Inner epidermis;Locular tissue;Outer epidermis;Parenchyma;Placenta;Seeds;Septum;Total pericarp;Vascular tissue
Solyc02g078950,-0.4782947358630952,-0.2163085937499999,True,0.2163085937499999,-2.186992333899603,-2.8172258783970863,True,4,True,0.2176724137931034,0.4312124213586048,cross_cohort_expression_replication_only,222.0,Solyc02g078950.4,protein_coding,Beta-galactosidase (AHRD V3.3 *** A0A2G3A8L8_CAPAN) && sp|Q10NX8|BGAL6_ORYSJ Beta-galactosidase 6 OS=Oryza sativa subsp. japonica OX=39947 GN=Os03g0255100 PE=1 SV=2 && PF02140:Galactose binding lectin domain|PF17834:Beta-sandwich domain in beta galactosidase|PF01301:Glycosyl hydrolases family 35,-,gene-Solyc02g078950.4,,,Ensembl Plants BioMart,63,one_to_one,,,,,-0.7197496841212219,1.0,-0.9350226611149828,0.2247452509749653,0.2561158530685239,1.0,7,2960,-0.7200241345783565,-0.9505607667153556,-0.6066271952055261,195.5,0.576,1000,0.0109890109890109,0.0246323724584594,,four_cohort_expression_consensus,no_regulatory_claim,True,-0.2206083787391513,,,,False,,,,,,False,measured_direction_concordant,none,none,False,expression_only_or_binding_only,,,,no_admitted_binding_record,11.0,0.9090909090909092,Collenchyma;Columella;Inner epidermis;Locular tissue;Parenchyma;Placenta;Seeds;Septum;Total pericarp;Vascular tissue,Collenchyma;Columella;Inner epidermis;Locular tissue;Outer epidermis;Parenchyma;Placenta;Seeds;Septum;Total pericarp;Vascular tissue
Solyc03g026210,-0.4304082961309524,-0.3300258091517858,True,0.3300258091517858,-2.0753053044928924,-2.3577596002626366,True,4,True,0.2155172413793103,0.3834900354384009,cross_cohort_expression_replication_only,223.0,Solyc03g026210.4,protein_coding,"Dihydrodipicolinate reductase-like protein (AHRD V3.3 *** A0A0F7GZT6_9ROSI) && sp|Q9FJ82|DAPB3_ARATH Dihydrodipicolinate reductase-like protein CRR1, chloroplastic OS=Arabidopsis thaliana OX=3702 GN=DAPB3 PE=2 SV=1 && PF05173:Dihydrodipicolinate reductase, C-terminus|PF01113:Dihydrodipicolinate reductase, N-terminus",DapB_N,gene-Solyc03g026210.4,,,Ensembl Plants BioMart,63,one_to_one,,,,,-0.5988578886087691,0.8571428571428571,-0.8763341934644036,0.5033308877476156,0.5147808059809111,1.0,7,6808,-0.5992264727983759,-0.9777922894869884,-0.3375260151274324,311.0,0.334,1000,0.0209790209790209,0.0333365264872114,,four_cohort_expression_consensus,no_regulatory_claim,True,-0.5590080824230421,,,,False,,,,,,False,measured_direction_concordant,none,none,False,expression_only_or_binding_only,,,,no_admitted_binding_record,11.0,1.0,Collenchyma;Columella;Inner epidermis;Locular tissue;Outer epidermis;Parenchyma;Placenta;Seeds;Septum;Total pericarp;Vascular tissue,Collenchyma;Columella;Inner epidermis;Locular tissue;Outer epidermis;Parenchyma;Placenta;Seeds;Septum;Total pericarp;Vascular tissue
Solyc02g092120,0.4562523251488096,0.3858584449404761,True,0.3858584449404761,0.7222995973834031,2.837973059693914,True,4,True,0.2147806004618937,0.3705054949430596,cross_cohort_expression_replication_only,224.0,Solyc02g092120.3,protein_coding,phytosulfokines-like (AHRD V3.3 *** A0A2I4HMI7_9ROSI) && sp|Q9M2Y0|PSK3_ARATH Phytosulfokines 3 OS=Arabidopsis thaliana OX=3702 GN=PSK3 PE=2 SV=2 && -,-,gene-Solyc02g092120.3,PSK2,NM_001306182,Ensembl Plants BioMart,63,one_to_one,,,,,0.780035191030999,1.0,0.943567576117854,0.4054178722690484,0.1946844454191701,1.0,7,1816,0.7806159645535715,0.6897679555504397,0.9745524791127812,167.0,0.904,1000,0.0039960039960039,0.0126996291379853,,four_cohort_expression_consensus,no_regulatory_claim,False,,,,,,,,,,,,not_measured,none,none,False,expression_only_or_binding_only,,,,no_admitted_binding_record,7.0,1.0,Collenchyma;Inner epidermis;Outer epidermis;Parenchyma;Septum;Total pericarp;Vascular tissue,Collenchyma;Inner epidermis;Outer epidermis;Parenchyma;Septum;Total pericarp;Vascular tissue
Solyc08g013670,-0.4298037574404761,-0.52197265625,True,0.4298037574404761,-3.0632134333856285,-4.167943441504443,True,4,True,0.2133620689655172,0.6147168909771442,cross_cohort_expression_replication_only,225.0,Solyc08g013670.3,protein_coding,"Photosystem I reaction center subunit N && sp|P49107|PSAN_ARATH Photosystem I reaction center subunit N, chloroplastic OS=Arabidopsis thaliana OX=3702 GN=PSAN PE=1 SV=2 && PF05479:Photosystem I reaction centre subunit N (PSAN or PSI-N)",-,gene-Solyc08g013670.3,,,Ensembl Plants BioMart,63,one_to_one,,,,,-0.8923849835201689,1.0,-0.989823338109832,0.7091458045037111,0.0988333122950197,1.0,7,411,-0.892548328335603,-0.9938282878330744,-0.8417044514305649,91.0,1.0,1000,0.0019980019980019,0.0091789398720091,,four_cohort_expression_consensus,no_regulatory_claim,True,-2.079830895788416,-2.0779960229396077,5.24152176731986e-13,8.032180253092919e-12,True,,,,,,False,differential_direction_concordant,none,none,False,expression_only_or_binding_only,,,,no_admitted_binding_record,11.0,1.0,Collenchyma;Columella;Inner epidermis;Locular tissue;Outer epidermis;Parenchyma;Placenta;Seeds;Septum;Total pericarp;Vascular tissue,Collenchyma;Columella;Inner epidermis;Locular tissue;Outer epidermis;Parenchyma;Placenta;Seeds;Septum;Total pericarp;Vascular tissue
Solyc06g074000,-0.6530412946428571,-0.3751511346726191,True,0.3751511346726191,-0.7208452722128393,-5.283661817314865,True,4,True,0.2124711316397228,0.616156576013379,cross_cohort_expression_replication_only,226.0,Solyc06g074000.1,protein_coding,Eukaryotic aspartyl protease family protein && sp|Q766C2|NEP2_NEPGR Aspartic proteinase nepenthesin-2 OS=Nepenthes gracilis OX=150966 GN=nep2 PE=1 SV=1 && PF14543:Xylanase inhibitor N-terminal|PF14541:Xylanase inhibitor C-terminal,-,gene-Solyc06g074000.1,,,Ensembl Plants BioMart,63,one_to_one,,,,,-0.5755266212189225,0.8571428571428571,-0.8356311343117552,0.189164255461903,0.4261884516751603,1.0,7,8023,-0.5780102996263723,-0.9477738076068828,-0.3502399113627647,343.0,0.012,1000,0.0269730269730269,0.0371379362477285,,four_cohort_expression_consensus,no_regulatory_claim,True,-0.2369256169091315,,,,False,,,,,,False,measured_direction_concordant,none,none,False,expression_only_or_binding_only,,,,no_admitted_binding_record,11.0,1.0,Collenchyma;Columella;Inner epidermis;Locular tissue;Outer epidermis;Parenchyma;Placenta;Seeds;Septum;Total pericarp;Vascular tissue,Collenchyma;Columella;Inner epidermis;Locular tissue;Outer epidermis;Parenchyma;Placenta;Seeds;Septum;Total pericarp;Vascular tissue
Solyc11g010200,-0.4297572544642857,-0.5423700241815476,True,0.4297572544642857,-1.2275419610365423,-3.5831709780445946,True,4,True,0.209051724137931,0.4680705980727881,cross_cohort_expression_replication_only,227.0,Solyc11g010200.3,protein_coding,14-3-3 family protein AF079104 && sp|P93784|14335_SOLTU 14-3-3-like protein 16R OS=Solanum tuberosum OX=4113 PE=2 SV=1 && PF00244:14-3-3 protein,-,gene-Solyc11g010200.3,,,Ensembl Plants BioMart,63,one_to_one,,,,,-0.9281244213638136,1.0,-0.9729429390889625,0.8191386757244098,0.0577291808226593,1.0,7,190,-0.9283724973552228,-0.9858769653285298,-0.8996230769562366,81.5,0.974,1000,0.0009990009990009,0.0073577216434359,,four_cohort_expression_consensus,no_regulatory_claim,True,-0.5412353347176384,,,,False,,,,,,False,measured_direction_concordant,none,none,False,expression_only_or_binding_only,,,,no_admitted_binding_record,11.0,1.0,Collenchyma;Columella;Inner epidermis;Locular tissue;Outer epidermis;Parenchyma;Placenta;Seeds;Septum;Total pericarp;Vascular tissue,Collenchyma;Columella;Inner epidermis;Locular tissue;Outer epidermis;Parenchyma;Placenta;Seeds;Septum;Total pericarp;Vascular tissue
Solyc06g084030,-0.5620233444940477,-0.3894566127232142,True,0.3894566127232142,-0.6865601482716466,-2.4683686130010742,True,4,True,0.207852193995381,0.4495923588436729,cross_cohort_expression_replication_only,228.0,Solyc06g084030.3,protein_coding,Methyltransferase type 11 (AHRD V3.3 *** A0A200QEQ4_9MAGN) && sp|Q562C4|MET7B_RAT Methyltransferase-like protein 7B OS=Rattus norvegicus OX=10116 GN=Mettl7b PE=1 SV=1 && PF08241:Methyltransferase domain,Methyltransf_11,gene-Solyc06g084030.3,,,Ensembl Plants BioMart,63,one_to_one,,,,,-0.8721716283009424,1.0,-0.9432516050856103,0.682725005667649,0.1029859698640747,1.0,7,592,-0.8732304332909377,-0.9777539843739084,-0.8272797384504834,117.5,0.726,1000,0.0029970029970029,0.0108641358641358,,four_cohort_expression_consensus,no_regulatory_claim,False,,,,,,,,,,,,not_measured,none,none,False,expression_only_or_binding_only,,,,no_admitted_binding_record,10.0,0.9,Collenchyma;Columella;Inner epidermis;Locular tissue;Parenchyma;Placenta;Seeds;Septum;Total pericarp,Collenchyma;Columella;Inner epidermis;Locular tissue;Outer epidermis;Parenchyma;Placenta;Seeds;Septum;Total pericarp
Solyc12g015630,-0.5481538318452381,-0.6541283017113096,True,0.5481538318452381,-0.6685861321689197,-2.5926583550915216,True,4,True,0.2055427251732101,0.5470753364657164,cross_cohort_expression_replication_only,229.0,Solyc12g015630.2,protein_coding,transmembrane protein (AHRD V3.3 *** AT5G55570.1) && - && PF08792:A2L zinc ribbon domain,-,gene-Solyc12g015630.2,,,Ensembl Plants BioMart,63,one_to_one,,,,,-0.9257359181898074,1.0,-0.9472111289681188,0.8495239174790297,0.0593924130522485,1.0,7,204,-0.9262771218691884,-0.976248082097652,-0.9084063463957676,82.0,0.826,1000,0.0009990009990009,0.0073577216434359,,four_cohort_expression_consensus,no_regulatory_claim,False,,,,,,,,,,,,not_measured,none,none,False,expression_only_or_binding_only,,,,no_admitted_binding_record,10.0,1.0,Collenchyma;Columella;Inner epidermis;Locular tissue;Outer epidermis;Parenchyma;Placenta;Septum;Total pericarp;Vascular tissue,Collenchyma;Columella;Inner epidermis;Locular tissue;Outer epidermis;Parenchyma;Placenta;Septum;Total pericarp;Vascular tissue
Solyc10g079410,-0.4292689732142857,-0.5174386160714286,True,0.4292689732142857,-3.812364420481371,-3.4128816774757156,True,4,True,0.2047413793103448,0.5911294497093256,cross_cohort_expression_replication_only,230.0,Solyc10g079410.2,protein_coding,triacylglycerol lipase SDP1-like (AHRD V3.3 *** A0A2I4ECT5_9ROSI) && sp|Q9LZA6|SDP1_ARATH Triacylglycerol lipase SDP1 OS=Arabidopsis thaliana OX=3702 GN=SDP1 PE=1 SV=1 && PF01734:Patatin-like phospholipase|PF11815:Domain of unknown function (DUF3336),-,gene-Solyc10g079410.2,,,Ensembl Plants BioMart,63,one_to_one,,,,,-0.8464185048194574,1.0,-0.9391928726331455,0.6240617268419508,0.1327016967112198,1.0,7,890,-0.8475976363675828,-0.9791943604468174,-0.792307398469636,136.0,0.812,1000,0.0009990009990009,0.0073577216434359,,four_cohort_expression_consensus,no_regulatory_claim,False,,,,,,,,,,,,not_measured,none,none,False,expression_only_or_binding_only,,,,no_admitted_binding_record,7.0,1.0,Columella;Locular tissue;Parenchyma;Placenta;Seeds;Septum;Total pericarp,Columella;Locular tissue;Parenchyma;Placenta;Seeds;Septum;Total pericarp
Solyc07g049300,-0.5483049665178572,-0.2078218005952382,True,0.2078218005952382,-3.2575751051575343,-4.751442839589153,True,4,True,0.2025862068965517,0.6434284661941546,cross_cohort_expression_replication_only,231.0,Solyc07g049300.3,protein_coding,Endoglucanase (AHRD V3.3 *** A0A2G2WCY0_CAPBA) && sp|O48766|GUN11_ARATH Endoglucanase 11 OS=Arabidopsis thaliana OX=3702 GN=At2g32990 PE=2 SV=1 && PF00759:Glycosyl hydrolase family 9,-,gene-Solyc07g049300.3,,,Ensembl Plants BioMart,63,one_to_one,,,,,-0.7915043810156359,1.0,-0.9625941044021404,0.4889068231841526,0.1851929820512875,0.8571428571428571,6,1635,-0.7915182091245377,-0.98321126415979,-0.702583738796099,155.5,0.688,1000,0.0219780219780219,0.0337675569463649,,four_cohort_expression_consensus,no_regulatory_claim,False,,,,,,,,,,,,not_measured,none,none,False,expression_only_or_binding_only,,,,no_admitted_binding_record,11.0,1.0,Collenchyma;Columella;Inner epidermis;Locular tissue;Outer epidermis;Parenchyma;Placenta;Seeds;Septum;Total pericarp;Vascular tissue,Collenchyma;Columella;Inner epidermis;Locular tissue;Outer epidermis;Parenchyma;Placenta;Seeds;Septum;Total pericarp;Vascular tissue
Solyc07g066150,-0.4292573474702381,-0.5712076822916667,True,0.4292573474702381,-1.646933255383387,-3.9524409304536015,True,4,True,0.2025862068965517,0.5385044198455045,cross_cohort_expression_replication_only,232.0,Solyc07g066150.1,protein_coding,"Photosystem I reaction center subunit V && sp|Q9S7N7|PSAG_ARATH Photosystem I reaction center subunit V, chloroplastic OS=Arabidopsis thaliana OX=3702 GN=PSAG PE=1 SV=1 && PF01241:Photosystem I psaG / psaK",-,gene-Solyc07g066150.1,,,Ensembl Plants BioMart,63,one_to_one,,,,,-0.984739781393183,1.0,-0.9882668621963668,0.9654357289054168,0.0097566350726877,1.0,7,7,-0.9850668704564912,-0.9927001748458384,-0.9802473722074512,7.0,0.998,1000,0.0009990009990009,0.0073577216434359,,four_cohort_expression_consensus,no_regulatory_claim,True,-3.5097734128525837,-3.5106802896915217,6.44015115572293e-13,9.56770084879557e-12,True,,,,,,False,differential_direction_concordant,none,none,False,expression_only_or_binding_only,,,,no_admitted_binding_record,11.0,1.0,Collenchyma;Columella;Inner epidermis;Locular tissue;Outer epidermis;Parenchyma;Placenta;Seeds;Septum;Total pericarp;Vascular tissue,Collenchyma;Columella;Inner epidermis;Locular tissue;Outer epidermis;Parenchyma;Placenta;Seeds;Septum;Total pericarp;Vascular tissue
Solyc06g050870,0.7149948846726191,0.4130394345238096,True,0.4130394345238096,1.210668042385691,1.4913836536030585,True,4,True,0.2025862068965517,0.5078255654216771,cross_cohort_expression_replication_only,233.0,Solyc06g050870.3,protein_coding,Hypoxia-responsive family protein (AHRD V3.3 *** B6THW4_MAIZE) && - && -,-,gene-Solyc06g050870.3,,,Ensembl Plants BioMart,63,one_to_one,,,,,0.5727759718027384,0.8571428571428571,0.8455722471536339,0.0226443577808528,0.3659662217535049,1.0,7,8154,0.5746058524383767,0.3623287472256121,0.9590847781435832,331.0,0.058,1000,0.0289710289710289,0.0391911295701383,,four_cohort_expression_consensus,no_regulatory_claim,False,,,,,,,,,,,,not_measured,none,none,False,expression_only_or_binding_only,,,,no_admitted_binding_record,2.0,1.0,Locular tissue;Seeds,Locular tissue;Seeds
Solyc06g084050,-0.4283621651785714,-0.7844122023809523,True,0.4283621651785714,-1.938759601969332,-4.007470746721975,True,4,True,0.2004310344827586,0.6043168153221311,cross_cohort_expression_replication_only,234.0,Solyc06g084050.4,protein_coding,"Photosystem II reaction center W protein && sp|Q39194|PSBW_ARATH Photosystem II reaction center W protein, chloroplastic OS=Arabidopsis thaliana OX=3702 GN=PSBW PE=1 SV=2 && PF07123:Photosystem II reaction centre W protein (PsbW)",-,gene-Solyc06g084050.4,,,Ensembl Plants BioMart,63,one_to_one,,,,,-0.9704431444262928,1.0,-0.98726189448827,0.9689979596463388,0.0107601562056068,0.8571428571428571,6,30,-0.9720758974435992,-0.9893472477796093,-0.9414068299798776,35.0,1.0,1000,0.0019980019980019,0.0091789398720091,,four_cohort_expression_consensus,no_regulatory_claim,False,,,,,,,,,,,,not_measured,none,none,False,expression_only_or_binding_only,,,,no_admitted_binding_record,11.0,1.0,Collenchyma;Columella;Inner epidermis;Locular tissue;Outer epidermis;Parenchyma;Placenta;Seeds;Septum;Total pericarp;Vascular tissue,Collenchyma;Columella;Inner epidermis;Locular tissue;Outer epidermis;Parenchyma;Placenta;Seeds;Septum;Total pericarp;Vascular tissue
Solyc07g056510,0.434023902529762,0.2076357886904762,True,0.2076357886904762,3.2022363786398724,4.515033209919369,True,4,True,0.2004310344827586,0.5129248128533885,cross_cohort_expression_replication_only,235.0,Solyc07g056510.3,protein_coding,"Glutathione S-transferase-like protein (AHRD V3.3 *** A0A2K3N2T5_TRIPR) && sp|P25317|GSTXA_TOBAC Probable glutathione S-transferase parA OS=Nicotiana tabacum OX=4097 GN=PARA PE=2 SV=1 && PF02798:Glutathione S-transferase, N-terminal domain|PF13410:Glutathione S-transferase, C-terminal domain",GST_N,gene-Solyc07g056510.3,,,Ensembl Plants BioMart,63,one_to_one,,,,,0.5666757488224314,0.8333333333333334,0.9602203084880674,0.8647809709821429,0.7122028713992887,0.8571428571428571,6,8422,0.5668353989226457,-0.2422392835636601,0.9821833050249374,348.0,0.274,1000,0.0659340659340659,0.0796703296703296,,four_cohort_expression_consensus,no_regulatory_claim,True,2.493559055559787,2.49336803347936,8.13065911767469e-16,4.81768654919284e-14,True,1.0,2.975875907507425,-2.975875907507425,2.3113312482411298e-11,,True,differential_direction_concordant,differential_site,none,False,expression_only_or_binding_only,,,,no_admitted_binding_record,10.0,1.0,Collenchyma;Columella;Inner epidermis;Locular tissue;Outer epidermis;Parenchyma;Placenta;Seeds;Septum;Total pericarp,Collenchyma;Columella;Inner epidermis;Locular tissue;Outer epidermis;Parenchyma;Placenta;Seeds;Septum;Total pericarp
Solyc10g005210,-0.699311755952381,-0.4195033482142857,True,0.4195033482142857,-0.6306297746371011,-4.04686609380736,True,4,True,0.1986143187066974,0.5916794417456399,cross_cohort_expression_replication_only,236.0,Solyc10g005210.4,protein_coding,DNA-3-methyladenine glycosylase I (AHRD V3.3 *** B6TPB7_MAIZE) && sp|Q7VG78|GUAA_HELHP Probable GMP synthase [glutamine-hydrolyzing] OS=Helicobacter hepaticus (strain ATCC 51449 / 3B1) OX=235279 GN=guaA PE=3 SV=1 && PF03352:Methyladenine glycosylase,-,gene-Solyc10g005210.4,,,Ensembl Plants BioMart,63,one_to_one,,,,,-0.5792145521660191,0.8571428571428571,-0.8503001716161209,0.071486979494276,0.373551557702483,1.0,7,7819,-0.5828555477019909,-0.93826510988094,-0.3611937546343963,331.0,0.012,1000,0.0239760239760239,0.0352053010280858,,four_cohort_expression_consensus,no_regulatory_claim,False,,,,,,,,,,,,not_measured,none,none,False,expression_only_or_binding_only,,,,no_admitted_binding_record,10.0,1.0,Collenchyma;Columella;Locular tissue;Outer epidermis;Parenchyma;Placenta;Seeds;Septum;Total pericarp;Vascular tissue,Collenchyma;Columella;Locular tissue;Outer epidermis;Parenchyma;Placenta;Seeds;Septum;Total pericarp;Vascular tissue
Solyc12g011410,-0.4282226562499999,-0.6523030598958333,True,0.4282226562499999,-1.7619694401088684,-3.1661072014252674,True,4,True,0.1982758620689655,0.5264979194871386,cross_cohort_expression_replication_only,237.0,Solyc12g011410.1,protein_coding,Unknown protein && - && -,-,gene-Solyc12g011410.1,,,Ensembl Plants BioMart,63,one_to_one,,,,,-0.6011435148428772,0.8571428571428571,-0.9094453291817411,0.2254790959030485,0.4196789327696513,1.0,7,6679,-0.6015064362505523,-0.9850027483103556,-0.3597216517763741,307.0,0.084,1000,0.0179820179820179,0.031485495636439,,four_cohort_expression_consensus,no_regulatory_claim,False,,,,,,,,,,,,not_measured,none,none,False,expression_only_or_binding_only,,,,no_admitted_binding_record,6.0,1.0,Columella;Outer epidermis;Placenta;Septum;Total pericarp;Vascular tissue,Columella;Outer epidermis;Placenta;Septum;Total pericarp;Vascular tissue
Solyc02g072440,-0.4600016276041667,-0.1994047619047619,True,0.1994047619047619,-0.9415466876016922,-3.3230832423798504,True,4,True,0.1961206896551724,0.3367170701600701,cross_cohort_expression_replication_only,238.0,Solyc02g072440.4,protein_coding,Receptor-like protein kinase (AHRD V3.3 *** A0A2R6Q6W2_ACTCH) && sp|Q1MX30|XA21_ORYSI Receptor kinase-like protein Xa21 OS=Oryza sativa subsp. indica OX=39946 GN=XA21 PE=1 SV=1 && PF00069:Protein kinase domain|PF13855:Leucine rich repeat|PF08263:Leucine rich repeat N-terminal domain,Pkinase,gene-Solyc02g072440.4,,,Ensembl Plants BioMart,63,one_to_one,,,,,-0.9305496705626704,1.0,-0.9456382973851756,0.8552594866071429,0.0506810862802947,1.0,7,175,-0.9305565643148972,-0.9625991825539002,-0.9159829078590094,81.0,0.894,1000,0.0019980019980019,0.0091789398720091,,four_cohort_expression_consensus,no_regulatory_claim,False,,,,,,,,,,,,not_measured,none,none,False,expression_only_or_binding_only,,,,no_admitted_binding_record,9.0,1.0,Collenchyma;Columella;Inner epidermis;Locular tissue;Parenchyma;Placenta;Septum;Total pericarp;Vascular tissue,Collenchyma;Columella;Inner epidermis;Locular tissue;Parenchyma;Placenta;Septum;Total pericarp;Vascular tissue
Solyc12g014570,-0.6231282552083335,-0.3428722563244048,True,0.3428722563244048,-1.3092694967642708,-1.4165863660603757,True,4,True,0.1939655172413793,0.4653393027793263,cross_cohort_expression_replication_only,239.0,Solyc12g014570.2,protein_coding,Glycerophosphodiester phosphodiesterase GDPDL4 (AHRD V3.3 *** A0A2G2Z5P4_CAPAN) && sp|Q9FJ62|GPDL4_ARATH Glycerophosphodiester phosphodiesterase GDPDL4 OS=Arabidopsis thaliana OX=3702 GN=GDPDL4 PE=1 SV=1 && PF03009:Glycerophosphoryl diester phosphodiesterase family,-,gene-Solyc12g014570.2,,,Ensembl Plants BioMart,63,one_to_one,,,,,-0.6023381680805532,0.8571428571428571,-0.8941694837292034,0.1699794523420137,0.3832102193907035,1.0,7,6605,-0.6042147305454304,-0.940944787363888,-0.3660240325608912,308.0,0.0,1000,0.0209790209790209,0.0333365264872114,,four_cohort_expression_consensus,no_regulatory_claim,True,-0.4433594288151854,,,,False,,,,,,False,measured_direction_concordant,none,none,False,expression_only_or_binding_only,,,,no_admitted_binding_record,9.0,1.0,Collenchyma;Columella;Locular tissue;Parenchyma;Placenta;Seeds;Septum;Total pericarp;Vascular tissue,Collenchyma;Columella;Locular tissue;Parenchyma;Placenta;Seeds;Septum;Total pericarp;Vascular tissue
Solyc06g082460,-0.4273158482142856,-0.5394403366815478,True,0.4273158482142856,-1.3604226700339817,-3.6100256265648705,True,4,True,0.1918103448275862,0.4752690232539619,cross_cohort_expression_replication_only,240.0,Solyc06g082460.1,protein_coding,"ovate family protein 14 && sp|Q9LVL4|OFP3_ARATH Transcription repressor OFP3 OS=Arabidopsis thaliana OX=3702 GN=OFP3 PE=1 SV=1 && PF13724:DNA-binding domain|PF04844:Transcriptional repressor, ovate",-,gene-Solyc06g082460.1,OFP14,NM_001366820,Ensembl Plants BioMart,63,one_to_one,,,,,-0.6043285013754364,0.8571428571428571,-0.8903573785501934,0.4350127898687466,0.4834288840372285,1.0,7,6512,-0.6062722325051442,-0.9546339146626198,-0.3451141704039118,309.0,0.01,1000,0.0229770229770229,0.0347274874962171,,four_cohort_expression_consensus,no_regulatory_claim,False,,,,,,,,,,,,not_measured,none,none,False,expression_only_or_binding_only,,,,no_admitted_binding_record,9.0,1.0,Collenchyma;Columella;Locular tissue;Parenchyma;Placenta;Seeds;Septum;Total pericarp;Vascular tissue,Collenchyma;Columella;Locular tissue;Parenchyma;Placenta;Seeds;Septum;Total pericarp;Vascular tissue
Solyc01g096740,0.4270135788690477,0.3527890159970238,True,0.3527890159970238,0.9758118984959544,3.535947417759984,True,4,True,0.1896551724137931,0.3616558493270685,cross_cohort_expression_replication_only,241.0,Solyc01g096740.4,protein_coding,Protein ZINC INDUCED FACILITATOR-LIKE 1 (AHRD V3.3 *** A0A1J3IH30_NOCCA) && sp|Q94BZ1|ZIFL1_ARATH Protein ZINC INDUCED FACILITATOR-LIKE 1 OS=Arabidopsis thaliana OX=3702 GN=ZIFL1 PE=2 SV=1 && PF07690:Major Facilitator Superfamily,MFS_1,gene-Solyc01g096740.4,,,Ensembl Plants BioMart,63,one_to_one,,,,,0.4263704791170605,0.7142857142857143,0.7509170670240106,0.0390615171719713,0.6219479592912687,1.0,7,15129,0.4454568646998153,0.2250578400476758,0.9595979386419272,399.0,0.0,1000,0.1608391608391608,0.1719570751828816,,four_cohort_expression_consensus,no_regulatory_claim,False,,,,,,,,,,,,not_measured,none,none,False,expression_only_or_binding_only,,,,no_admitted_binding_record,8.0,1.0,Collenchyma;Columella;Inner epidermis;Locular tissue;Parenchyma;Placenta;Septum;Total pericarp,Collenchyma;Columella;Inner epidermis;Locular tissue;Parenchyma;Placenta;Septum;Total pericarp
Solyc05g014300,0.4428478422619046,0.7418736049107143,True,0.4428478422619046,0.5723011204613954,2.827814695238873,True,4,True,0.1870669745958429,0.4675641574420641,cross_cohort_expression_replication_only,242.0,Solyc05g014300.1,protein_coding,Unknown protein && - && -,-,gene-Solyc05g014300.1,,,Ensembl Plants BioMart,63,one_to_one,,,,,0.7534101410854401,1.0,0.8642198798794434,0.3993543653705062,0.2043211361214944,1.0,7,2289,0.7585225897701363,0.6776951507082475,0.9293481292919,170.0,0.648,1000,0.0049950049950049,0.015148250442368,,four_cohort_expression_consensus,no_regulatory_claim,False,,,,,,,,,,,,not_measured,none,none,False,expression_only_or_binding_only,,,,no_admitted_binding_record,5.0,1.0,Columella;Locular tissue;Placenta;Septum;Total pericarp,Columella;Locular tissue;Placenta;Septum;Total pericarp
Solyc08g075080,-0.5056849888392858,-0.1953066871279762,True,0.1953066871279762,-1.4488939823651046,-2.284232052118538,True,4,True,0.1853448275862069,0.3770942004459664,cross_cohort_expression_replication_only,243.0,Solyc08g075080.3,protein_coding,RING/U-box superfamily protein (AHRD V3.3 *** F4KD57_ARATH) && sp|Q91XF4|RN167_MOUSE E3 ubiquitin-protein ligase RNF167 OS=Mus musculus OX=10090 GN=Rnf167 PE=2 SV=1 && PF13639:Ring finger domain,-,gene-Solyc08g075080.3,,,Ensembl Plants BioMart,63,one_to_one,,,,,-0.4439672340498981,0.7142857142857143,-0.6995454085190727,0.2256887658825009,0.6141520778575063,1.0,7,13912,-0.4527683965933239,-0.9382844964326272,-0.2582433933602405,394.0,0.002,1000,0.1138861138861138,0.1292008724771561,,four_cohort_expression_consensus,no_regulatory_claim,False,,,,,,,,,,,,not_measured,none,none,False,expression_only_or_binding_only,,,,no_admitted_binding_record,7.0,1.0,Collenchyma;Inner epidermis;Locular tissue;Parenchyma;Septum;Total pericarp;Vascular tissue,Collenchyma;Inner epidermis;Locular tissue;Parenchyma;Septum;Total pericarp;Vascular tissue
Solyc09g065670,-0.4256184895833335,-0.3639090401785714,True,0.3639090401785714,-1.6229867607870774,-2.537068051374185,True,4,True,0.1853448275862069,0.3729020665764116,cross_cohort_expression_replication_only,244.0,Solyc09g065670.3,protein_coding,Protein indeterminate-domain 12 (AHRD V3.3 *** A0A2G2X5Z0_CAPBA) && sp|O22759|IDD12_ARATH Protein indeterminate-domain 12 OS=Arabidopsis thaliana OX=3702 GN=IDD12 PE=2 SV=2 && -,-,gene-Solyc09g065670.3,,,Ensembl Plants BioMart,63,one_to_one,,,,,-0.8451271969661737,1.0,-0.9619260569823168,0.5857798685105419,0.1338287131306256,1.0,7,903,-0.8458947864113594,-0.9800229067095012,-0.7791747830341372,128.0,0.758,1000,0.0039960039960039,0.0126996291379853,,four_cohort_expression_consensus,no_regulatory_claim,False,,,,,,,,,,,,not_measured,none,none,False,expression_only_or_binding_only,,,,no_admitted_binding_record,8.0,1.0,Columella;Inner epidermis;Locular tissue;Parenchyma;Placenta;Seeds;Septum;Total pericarp,Columella;Inner epidermis;Locular tissue;Parenchyma;Placenta;Seeds;Septum;Total pericarp
Solyc06g072650,0.5408296130952381,0.3630777994791667,True,0.3630777994791667,0.5712677283775006,1.451380168759764,True,4,True,0.184757505773672,0.380241100581349,cross_cohort_expression_replication_only,245.0,Solyc06g072650.1,protein_coding,Small auxin up-regulated RNA61 && - && PF02519:Auxin responsive protein,Auxin_inducible,gene-Solyc06g072650.1,,,Ensembl Plants BioMart,63,one_to_one,RIN,in_vivo_promoter_binding,binding_only,ripening_tomato_fruit;ITAG2;three_biological_replicates,0.8848388110805545,1.0,0.8994960804512153,0.8048061664021764,0.0691428051792268,0.8571428571428571,6,468,0.8906179704966553,0.8541857889099177,0.9345238359899994,115.0,0.698,1000,0.0019980019980019,0.0091789398720091,,four_cohort_expression_consensus,source_bound_context_limited,False,,,,,,,,,,,,not_measured,none,binding_only,True,binding_plus_independent_perturbation_expression,-2.1998070596916524,4.821310375975246e-08,True,binding_plus_independent_perturbation_expression,8.0,1.0,Columella;Locular tissue;Parenchyma;Placenta;Seeds;Septum;Total pericarp;Vascular tissue,Columella;Locular tissue;Parenchyma;Placenta;Seeds;Septum;Total pericarp;Vascular tissue
Solyc12g017250,0.4254324776785714,0.2179129464285712,True,0.2179129464285712,1.3909768947889765,2.6175395836192106,True,4,True,0.1831896551724137,0.2971213765230548,cross_cohort_expression_replication_only,246.0,Solyc12g017250.2,protein_coding,"photosystem II 10 kDa polypeptide && sp|Q40519|PSBR_TOBAC Photosystem II 10 kDa polypeptide, chloroplastic OS=Nicotiana tabacum OX=4097 GN=PSBR PE=2 SV=1 && PF04725:Photosystem II 10 kDa polypeptide PsbR",-,gene-Solyc12g017250.2,,,Ensembl Plants BioMart,63,one_to_one,,,,,0.5703274500466129,0.8571428571428571,0.8870071172332981,0.6553654547741854,0.6421298247404689,1.0,7,8273,0.5709805691849928,0.2795010255371756,0.9489031351714596,345.0,0.266,1000,0.0459540459540459,0.0579420579420579,,four_cohort_expression_consensus,no_regulatory_claim,False,,,,,,,,,,,,not_measured,none,none,False,expression_only_or_binding_only,,,,no_admitted_binding_record,11.0,1.0,Collenchyma;Columella;Inner epidermis;Locular tissue;Outer epidermis;Parenchyma;Placenta;Seeds;Septum;Total pericarp;Vascular tissue,Collenchyma;Columella;Inner epidermis;Locular tissue;Outer epidermis;Parenchyma;Placenta;Seeds;Septum;Total pericarp;Vascular tissue
Solyc03g063730,0.4466029575892856,0.2655145554315476,True,0.2655145554315476,0.561772178125584,2.5682632335054283,True,4,True,0.1824480369515011,0.2837585609620132,cross_cohort_expression_replication_only,247.0,Solyc03g063730.4,protein_coding,Protein DETOXIFICATION (AHRD V3.3 *** A0A191UP89_GLYSO) && sp|Q8W488|DTX21_ARATH Protein DETOXIFICATION 21 OS=Arabidopsis thaliana OX=3702 GN=DTX21 PE=1 SV=1 && PF01554:MatE,MatE,gene-Solyc03g063730.4,,,Ensembl Plants BioMart,63,one_to_one,,,,,0.7122171788888333,1.0,0.9224226799971788,0.2076571476495995,0.2591872597062539,1.0,7,3142,0.7129761589305551,0.5985505827343606,0.9630461925025948,206.0,0.44,1000,0.0059940059940059,0.0171680171680171,,four_cohort_expression_consensus,no_regulatory_claim,False,,,,,,,,,,,,not_measured,none,none,False,expression_only_or_binding_only,,,,no_admitted_binding_record,11.0,1.0,Collenchyma;Columella;Inner epidermis;Locular tissue;Outer epidermis;Parenchyma;Placenta;Seeds;Septum;Total pericarp;Vascular tissue,Collenchyma;Columella;Inner epidermis;Locular tissue;Outer epidermis;Parenchyma;Placenta;Seeds;Septum;Total pericarp;Vascular tissue
Solyc07g051820,-0.4252929687499999,-0.574311755952381,True,0.4252929687499999,-4.947684877465799,-5.030539939048729,True,4,True,0.1810344827586207,0.699429352154177,cross_cohort_expression_replication_only,248.0,Solyc07g051820.3,protein_coding,Cellulose synthase (AHRD V3.3 *** A0A200PYU7_9MAGN) && sp|Q339N5|CSLH1_ORYSJ Cellulose synthase-like protein H1 OS=Oryza sativa subsp. japonica OX=39947 GN=CSLH1 PE=2 SV=2 && PF03552:Cellulose synthase,-,gene-Solyc07g051820.3,,,Ensembl Plants BioMart,63,one_to_one,,,,,-0.9755952676616444,1.0,-0.99152624718227,0.9390908709690948,0.0196509002793326,1.0,7,25,-0.9758685463616764,-0.9942254267155968,-0.965641928818752,20.0,1.0,1000,0.0009990009990009,0.0073577216434359,,four_cohort_expression_consensus,no_regulatory_claim,True,-1.836908636397971,-1.8377438163204127,1.53059410123142e-14,4.72358346241143e-13,True,,,,,,False,differential_direction_concordant,none,none,False,expression_only_or_binding_only,,,,no_admitted_binding_record,7.0,0.8571428571428571,Columella;Locular tissue;Parenchyma;Placenta;Septum;Total pericarp,Columella;Locular tissue;Parenchyma;Placenta;Seeds;Septum;Total pericarp
Solyc03g121600,-0.4621698288690476,-0.1911737351190476,True,0.1911737351190476,-1.4724298811236451,-3.6833103598040022,True,4,True,0.1810344827586207,0.3977612088874731,cross_cohort_expression_replication_only,249.0,Solyc03g121600.4,protein_coding,Glucose-methanol-choline (GMC) oxidoreductase family protein (AHRD V3.3 *** A0A2U1MMK8_ARTAN) && sp|Q9S746|HTH_ARATH Protein HOTHEAD OS=Arabidopsis thaliana OX=3702 GN=HTH PE=1 SV=1 && PF00732:GMC oxidoreductase|PF05199:GMC oxidoreductase,-,gene-Solyc03g121600.4,,,Ensembl Plants BioMart,63,one_to_one,,,,,-0.829761792473138,1.0,-0.9437492621016468,0.6117388114453411,0.1378499599073336,0.8571428571428571,6,1089,-0.8310694846180116,-0.9669585167929486,-0.7641008728972905,136.0,0.692,1000,0.0069930069930069,0.0185414585414585,,four_cohort_expression_consensus,no_regulatory_claim,False,,,,,,,,,,,,not_measured,none,none,False,expression_only_or_binding_only,,,,no_admitted_binding_record,4.0,1.0,Inner epidermis;Outer epidermis;Seeds;Total pericarp,Inner epidermis;Outer epidermis;Seeds;Total pericarp
Solyc03g115000,-0.4250837053571428,-0.2937825520833333,True,0.2937825520833333,-2.068925723818799,-2.7599436898201137,True,4,True,0.1788793103448276,0.3769087958907382,cross_cohort_expression_replication_only,250.0,Solyc03g115000.3,protein_coding,protein LONGIFOLIA 1-like (AHRD V3.3 *** A0A2I4EZQ4_9ROSI) && sp|Q9S823|LNG2_ARATH Protein LONGIFOLIA 2 OS=Arabidopsis thaliana OX=3702 GN=LNG2 PE=1 SV=1 && PF14383:DUF761-associated sequence motif|PF14309:Domain of unknown function (DUF4378),-,gene-Solyc03g115000.3,TRM3/4,,Ensembl Plants BioMart,63,one_to_one,,,,,-0.7569224820671209,1.0,-0.9583065302783528,0.3245481611942802,0.2240237705495615,1.0,7,2217,-0.7573092898969761,-0.9738949631388026,-0.6531778711185178,171.0,0.88,1000,0.0039960039960039,0.0126996291379853,,four_cohort_expression_consensus,no_regulatory_claim,False,,,,,,,,,,,,not_measured,none,none,False,expression_only_or_binding_only,,,,no_admitted_binding_record,11.0,1.0,Collenchyma;Columella;Inner epidermis;Locular tissue;Outer epidermis;Parenchyma;Placenta;Seeds;Septum;Total pericarp;Vascular tissue,Collenchyma;Columella;Inner epidermis;Locular tissue;Outer epidermis;Parenchyma;Placenta;Seeds;Septum;Total pericarp;Vascular tissue
Solyc09g074630,-0.5143345424107143,-0.186796642485119,True,0.186796642485119,-3.173192887039737,-4.848915511554071,True,4,True,0.1767241379310344,0.6135634008919328,cross_cohort_expression_replication_only,251.0,Solyc09g074630.3,protein_coding,BTB domain-containing protein/NPH3 domain-containing protein (AHRD V3.3 *** A0A1Q3CT76_CEPFO) && sp|Q9SA69|Y1301_ARATH BTB/POZ domain-containing protein At1g03010 OS=Arabidopsis thaliana OX=3702 GN=At1g03010 PE=2 SV=1 && PF03000:NPH3 family,-,gene-Solyc09g074630.3,,,Ensembl Plants BioMart,63,one_to_one,,,,,-0.6133452965152189,0.8571428571428571,-0.9358459166927618,0.7052459428858976,0.5813031225900462,1.0,7,6017,-0.6133806983787649,-0.9477481057253148,-0.3259327420403888,290.0,0.156,1000,0.0259740259740259,0.0364107191901753,,four_cohort_expression_consensus,no_regulatory_claim,False,,,,,,,,,,,,not_measured,none,none,False,expression_only_or_binding_only,,,,no_admitted_binding_record,10.0,1.0,Collenchyma;Columella;Inner epidermis;Locular tissue;Outer epidermis;Parenchyma;Placenta;Septum;Total pericarp;Vascular tissue,Collenchyma;Columella;Inner epidermis;Locular tissue;Outer epidermis;Parenchyma;Placenta;Septum;Total pericarp;Vascular tissue
Solyc01g105050,-0.4246535528273811,-0.664306640625,True,0.4246535528273811,-3.0437364277326604,-4.663922821504125,True,4,True,0.1745689655172413,0.6684804790156884,cross_cohort_expression_replication_only,252.0,Solyc01g105050.3,protein_coding,"Chlorophyll a-b binding protein && sp|P27525|CB4B_SOLLC Chlorophyll a-b binding protein CP24 10B, chloroplastic OS=Solanum lycopersicum OX=4081 GN=CAP10B PE=3 SV=1 && PF00504:Chlorophyll A-B binding protein",-,gene-Solyc01g105050.3,LHCP,NM_001309362,Ensembl Plants BioMart,63,one_to_one,,,,,-0.73735812230751,1.0,-0.9932141280138704,0.2494443745544513,0.2606465418886367,1.0,7,2612,-0.737508257982047,-0.996657352784192,-0.6186970746080448,177.0,0.818,1000,0.0099900099900099,0.0235297697226631,,four_cohort_expression_consensus,no_regulatory_claim,True,-3.7628238165376224,-3.7603235187508104,4.16797908412101e-13,6.56826207440914e-12,True,,,,,,False,differential_direction_concordant,none,none,False,expression_only_or_binding_only,,,,no_admitted_binding_record,11.0,1.0,Collenchyma;Columella;Inner epidermis;Locular tissue;Outer epidermis;Parenchyma;Placenta;Seeds;Septum;Total pericarp;Vascular tissue,Collenchyma;Columella;Inner epidermis;Locular tissue;Outer epidermis;Parenchyma;Placenta;Seeds;Septum;Total pericarp;Vascular tissue
Solyc12g006140,-0.4598679315476192,-0.1820242745535713,True,0.1820242745535713,-1.8071986765751005,-3.62478714269988,True,4,True,0.1745689655172413,0.4161610555865254,cross_cohort_expression_replication_only,253.0,Solyc12g006140.2,protein_coding,"Cab-5 gene encoding chlorophyll a/b-binding protein && sp|P12062|CB26_PETSP Chlorophyll a-b binding protein 37, chloroplastic OS=Petunia sp. OX=4104 GN=CAB37 PE=3 SV=1 && PF00504:Chlorophyll A-B binding protein",-,gene-Solyc12g006140.2,CAB5,NM_001308945,Ensembl Plants BioMart,63,one_to_one,,,,,-0.7050006165981656,1.0,-0.9510540585359818,0.1726422610810584,0.2801605167722262,1.0,7,3327,-0.7052035889147525,-0.9877914905322376,-0.5831154678287914,206.0,0.424,1000,0.0039960039960039,0.0126996291379853,,four_cohort_expression_consensus,no_regulatory_claim,True,-2.384186939856764,-2.3798781993176887,3.0436202543714997e-12,3.44169170748778e-11,True,,,,,,False,differential_direction_concordant,none,none,False,expression_only_or_binding_only,,,,no_admitted_binding_record,11.0,1.0,Collenchyma;Columella;Inner epidermis;Locular tissue;Outer epidermis;Parenchyma;Placenta;Seeds;Septum;Total pericarp;Vascular tissue,Collenchyma;Columella;Inner epidermis;Locular tissue;Outer epidermis;Parenchyma;Placenta;Seeds;Septum;Total pericarp;Vascular tissue
Solyc05g005920,-0.4241768973214285,-0.4295363653273809,True,0.4241768973214285,-2.2589741251579603,-4.418457394127883,True,4,True,0.1724137931034483,0.5333529107270845,cross_cohort_expression_replication_only,254.0,Solyc05g005920.4,protein_coding,protein NRT1/ PTR FAMILY 1.2-like (AHRD V3.3 *** A0A2I4HMB7_9ROSI) && sp|Q9M817|PTR6_ARATH Protein NRT1/ PTR FAMILY 1.2 OS=Arabidopsis thaliana OX=3702 GN=NPF1.2 PE=1 SV=1 && PF00854:POT family,-,gene-Solyc05g005920.4,,,Ensembl Plants BioMart,63,one_to_one,,,,,-0.742798413150289,1.0,-0.9703386286299912,0.276449867907913,0.2447877640807885,1.0,7,2504,-0.7434645804570839,-0.9844711558634666,-0.6310152308533757,177.0,0.852,1000,0.0089910089910089,0.0220731649303077,,four_cohort_expression_consensus,no_regulatory_claim,False,,,,,,,,,,,,not_measured,none,none,False,expression_only_or_binding_only,,,,no_admitted_binding_record,11.0,0.9090909090909092,Collenchyma;Columella;Inner epidermis;Locular tissue;Parenchyma;Placenta;Seeds;Septum;Total pericarp;Vascular tissue,Collenchyma;Columella;Inner epidermis;Locular tissue;Outer epidermis;Parenchyma;Placenta;Seeds;Septum;Total pericarp;Vascular tissue
Solyc07g062670,0.5576753162202381,0.4162481398809524,True,0.4162481398809524,0.5286498909624975,4.804298304448347,True,4,True,0.1709006928406466,0.568587242175679,cross_cohort_expression_replication_only,255.0,Solyc07g062670.1,protein_coding,Unknown protein && - && -,-,gene-Solyc07g062670.1,,,Ensembl Plants BioMart,63,one_to_one,,,,,0.4240084271724763,0.7142857142857143,0.5907450150804978,0.8074605782812996,0.8294010953376867,1.0,7,15327,0.424036720705947,-0.2985430831198531,0.9279314951523484,414.0,0.012,1000,0.1508491508491508,0.1623990858329605,,four_cohort_expression_consensus,no_regulatory_claim,False,,,,,,,,,,,,not_measured,none,none,False,expression_only_or_binding_only,,,,no_admitted_binding_record,8.0,1.0,Columella;Locular tissue;Parenchyma;Placenta;Seeds;Septum;Total pericarp;Vascular tissue,Columella;Locular tissue;Parenchyma;Placenta;Seeds;Septum;Total pericarp;Vascular tissue
Solyc01g066740,-0.4236886160714286,-0.450288318452381,True,0.4236886160714286,-2.7956482645115805,-2.626712772085644,True,4,True,0.168103448275862,0.4790928366648084,cross_cohort_expression_replication_only,256.0,Solyc01g066740.3,protein_coding,Transducin/WD40 repeat-like superfamily protein (AHRD V3.3 *-* A0A2U1LEC3_ARTAN) && sp|C6L7U1|LIN1_LOTJA Putative E3 ubiquitin-protein ligase LIN-1 OS=Lotus japonicus OX=34305 GN=CERBERUS PE=2 SV=2 && -,-,gene-Solyc01g066740.3,,,Ensembl Plants BioMart,63,one_to_one,RIN,in_vivo_promoter_binding,binding_only,ripening_tomato_fruit;ITAG2;three_biological_replicates,-0.692585690149349,1.0,-0.9773397360447852,0.114773346752212,0.302811743490834,1.0,7,3632,-0.6927388316368736,-0.9852667461740484,-0.5598466151442382,210.0,0.342,1000,0.0069930069930069,0.0185414585414585,,four_cohort_expression_consensus,source_bound_context_limited,False,,,,,,,,,,,,not_measured,none,binding_only,True,binding_plus_independent_perturbation_expression,1.8771458553203737,6.762968702790227e-48,True,binding_plus_independent_perturbation_expression,11.0,1.0,Collenchyma;Columella;Inner epidermis;Locular tissue;Outer epidermis;Parenchyma;Placenta;Seeds;Septum;Total pericarp;Vascular tissue,Collenchyma;Columella;Inner epidermis;Locular tissue;Outer epidermis;Parenchyma;Placenta;Seeds;Septum;Total pericarp;Vascular tissue
Solyc11g012880,-0.5070219494047621,-0.5819208054315477,True,0.5070219494047621,-0.8506017197050133,-1.227839741969833,True,4,True,0.168103448275862,0.4494778808632635,cross_cohort_expression_replication_only,257.0,Solyc11g012880.2,protein_coding,EamA-like transporter family protein (AHRD V3.3 *** A0A2U1L2E6_ARTAN) && sp|Q9SFE9|GONS5_ARATH GDP-mannose transporter GONST5 OS=Arabidopsis thaliana OX=3702 GN=GONST5 PE=2 SV=1 && PF03151:Triose-phosphate Transporter family,-,gene-Solyc11g012880.2,,,Ensembl Plants BioMart,63,one_to_one,,,,,-0.6776996555867718,1.0,-0.8120669522909546,0.2513733383654128,0.2927216669004822,1.0,7,4009,-0.6785028055349107,-0.9330285488690696,-0.5921199443196087,225.0,0.024,1000,0.0029970029970029,0.0108641358641358,,four_cohort_expression_consensus,no_regulatory_claim,False,,,,,,,,,,,,not_measured,none,none,False,expression_only_or_binding_only,,,,no_admitted_binding_record,7.0,1.0,Collenchyma;Inner epidermis;Outer epidermis;Parenchyma;Septum;Total pericarp;Vascular tissue,Collenchyma;Inner epidermis;Outer epidermis;Parenchyma;Septum;Total pericarp;Vascular tissue
Solyc07g054800,0.8856026785714286,0.404727027529762,True,0.404727027529762,0.507235563627375,1.90210469042831,True,4,True,0.161662817551963,0.4838424285259218,cross_cohort_expression_replication_only,258.0,Solyc07g054800.1,protein_coding,Wound induced protein (AHRD V3.3 *** Q04129_SOLLC) && - && -,-,gene-Solyc07g054800.1,,,Ensembl Plants BioMart,63,one_to_one,,,,,0.5975386647328313,0.8571428571428571,0.8721440243162721,0.2632616262003606,0.4216164476381413,1.0,7,6875,0.6015289680394529,0.3575085317348909,0.9194476156987628,318.0,0.018,1000,0.0219780219780219,0.0337675569463649,,four_cohort_expression_consensus,no_regulatory_claim,False,,,,,,,,,,,,not_measured,none,none,False,expression_only_or_binding_only,,,,no_admitted_binding_record,1.0,1.0,Locular tissue,Locular tissue
Solyc10g050110,-0.4230608258928571,-0.7660086495535714,True,0.4230608258928571,-5.667600427565053,-5.3940468299985325,True,4,True,0.1616379310344827,0.7524625209046747,cross_cohort_expression_replication_only,259.0,Solyc10g050110.1,protein_coding,Leucine-rich repeat family protein (AHRD V3.3 *** G3CHK6_PONTR) && sp|Q8W3M4|Y4744_ARATH Uncharacterized protein At4g06744 OS=Arabidopsis thaliana OX=3702 GN=At4g06744 PE=2 SV=1 && -,-,gene-Solyc10g050110.1,,,Ensembl Plants BioMart,63,one_to_one,,,,,-0.7901567056390897,1.0,-0.9873865399314972,0.413343397492347,0.2019103114366078,1.0,7,1657,-0.7904091684803687,-0.994389794337532,-0.694238050168041,148.0,0.996,1000,0.0039960039960039,0.0126996291379853,,four_cohort_expression_consensus,no_regulatory_claim,True,-0.2504452782681447,,,,False,,,,,,False,measured_direction_concordant,none,none,False,expression_only_or_binding_only,,,,no_admitted_binding_record,11.0,1.0,Collenchyma;Columella;Inner epidermis;Locular tissue;Outer epidermis;Parenchyma;Placenta;Seeds;Septum;Total pericarp;Vascular tissue,Collenchyma;Columella;Inner epidermis;Locular tissue;Outer epidermis;Parenchyma;Placenta;Seeds;Septum;Total pericarp;Vascular tissue
Solyc05g010700,-0.6749035063244048,-0.4563743954613095,True,0.4563743954613095,-0.5615199351857906,-1.2092367049690207,True,4,True,0.1616379310344827,0.4728363661702636,cross_cohort_expression_replication_only,260.0,Solyc05g010700.1,protein_coding,Unknown protein && sp|Q9C9B0|U89B1_ARATH Flavonol 3-O-glucosyltransferase UGT89B1 OS=Arabidopsis thaliana OX=3702 GN=UGT89B1 PE=1 SV=2 && -,-,gene-Solyc05g010700.1,,,Ensembl Plants BioMart,63,one_to_one,,,,,-0.7085219995819602,1.0,-0.7933297613755045,0.3879970652971387,0.2315965690699742,0.8571428571428571,6,3240,-0.7172727947079974,-0.9012994567414204,-0.633049702887586,206.0,0.484,1000,0.0129870129870129,0.0269016697588126,,four_cohort_expression_consensus,no_regulatory_claim,False,,,,,,,,,,,,not_measured,none,none,False,expression_only_or_binding_only,,,,no_admitted_binding_record,,,,
Solyc03g122350,0.5268089657738096,0.1588309151785715,True,0.1588309151785715,2.6668972837440705,2.6730278533263623,True,4,True,0.1594827586206896,0.4861344767858565,cross_cohort_expression_replication_only,261.0,Solyc03g122350.3,protein_coding,Cytochrome P450 (AHRD V3.3 *** Q43795_TOBAC) && sp|A0A1D6F9Y9|C92C6_MAIZE Trimethyltridecatetraene synthase OS=Zea mays OX=4577 GN=CYP92C6 PE=1 SV=1 && PF00067:Cytochrome P450,p450,gene-Solyc03g122350.3,,,Ensembl Plants BioMart,63,one_to_one,,,,,0.5792909164669885,0.8333333333333334,0.908515995562246,0.5405135730007337,0.5512387177283596,0.8571428571428571,6,7815,0.5815602088466982,0.2820695107861471,0.941000701989182,336.0,0.26,1000,0.0409590409590409,0.0526454155263019,,four_cohort_expression_consensus,no_regulatory_claim,True,1.066970183370158,1.067260968320811,1.2227961726854e-11,1.10051736667496e-10,True,,,,,,False,differential_direction_concordant,none,none,False,expression_only_or_binding_only,,,,no_admitted_binding_record,11.0,0.7272727272727273,Collenchyma;Inner epidermis;Outer epidermis;Parenchyma;Placenta;Septum;Total pericarp;Vascular tissue,Collenchyma;Columella;Inner epidermis;Locular tissue;Outer epidermis;Parenchyma;Placenta;Seeds;Septum;Total pericarp;Vascular tissue
Solyc10g083440,-0.4662504650297619,-0.1584007626488094,True,0.1584007626488094,-0.5458789154406709,-2.928930990519108,True,4,True,0.1573275862068965,0.2970740921398423,cross_cohort_expression_replication_only,262.0,Solyc10g083440.3,protein_coding,Glycosyltransferase (AHRD V3.11 *** tr_A0A2G3BGM7_A0A2G3BGM7_CAPCH) && sp|Q43641|UFOG_SOLME Anthocyanidin 3-O-glucosyltransferase OS=Solanum melongena OX=4111 GN=GT PE=2 SV=1 && PF00201:UDP-glucoronosyl and UDP-glucosyl transferase,UDPGT,gene-Solyc10g083440.2,,,Ensembl Plants BioMart,63,one_to_one,,,,,-0.7691491404745657,1.0,-0.833778120267767,0.4792007380383277,0.1816237402556144,1.0,7,2002,-0.7758717081871148,-0.8996471264387987,-0.713171132296422,176.0,0.682,1000,0.0029970029970029,0.0108641358641358,,four_cohort_expression_consensus,no_regulatory_claim,True,-1.5042848241010307,-1.5046627371972534,7.1991101466864e-15,2.68847441108188e-13,True,,,,,,False,differential_direction_concordant,none,none,False,expression_only_or_binding_only,,,,no_admitted_binding_record,8.0,1.0,Collenchyma;Inner epidermis;Locular tissue;Outer epidermis;Parenchyma;Seeds;Septum;Total pericarp,Collenchyma;Inner epidermis;Locular tissue;Outer epidermis;Parenchyma;Seeds;Septum;Total pericarp
Solyc07g007550,-0.4223749069940478,-0.2091587611607142,True,0.2091587611607142,-1.520265168011813,-2.198679551700908,True,4,True,0.1573275862068965,0.2779189396352632,cross_cohort_expression_replication_only,263.0,Solyc07g007550.3,protein_coding,"Heparanase-like protein 3 (AHRD V3.3 *** A0A2G2WBB8_CAPBA) && sp|Q9FZP1|HPSE3_ARATH Heparanase-like protein 3 OS=Arabidopsis thaliana OX=3702 GN=At5g34940 PE=2 SV=2 && PF03662:Glycosyl hydrolase family 79, N-terminal domain",-,gene-Solyc07g007550.3,,,Ensembl Plants BioMart,63,one_to_one,,,,,-0.6147103534060047,0.8571428571428571,-0.9408368900807338,0.71843418459345,0.5849128498830498,1.0,7,5951,-0.6151363814978805,-0.9715255495609928,-0.3254725390666535,280.0,0.226,1000,0.0169830169830169,0.0305431003105421,,four_cohort_expression_consensus,no_regulatory_claim,True,-0.1815126331946593,,,,False,,,,,,False,measured_direction_concordant,none,none,False,expression_only_or_binding_only,,,,no_admitted_binding_record,11.0,1.0,Collenchyma;Columella;Inner epidermis;Locular tissue;Outer epidermis;Parenchyma;Placenta;Seeds;Septum;Total pericarp;Vascular tissue,Collenchyma;Columella;Inner epidermis;Locular tissue;Outer epidermis;Parenchyma;Placenta;Seeds;Septum;Total pericarp;Vascular tissue
Solyc01g079240,-0.58251953125,-0.1984514508928571,True,0.1984514508928571,-0.4516876139249861,-2.817372779966017,True,4,True,0.1570438799076212,0.3959420044596639,cross_cohort_expression_replication_only,264.0,Solyc01g079240.3,protein_coding,Long chain acyl-CoA synthetase 1 (AHRD V3.3 *** A0A2G3AKT2_CAPAN) && sp|O22898|LACS1_ARATH Long chain acyl-CoA synthetase 1 OS=Arabidopsis thaliana OX=3702 GN=LACS1 PE=2 SV=1 && PF00501:AMP-binding enzyme,AMP-binding,gene-Solyc01g079240.3,,,Ensembl Plants BioMart,63,one_to_one,,,,,-0.893677651845618,1.0,-0.9092635339320724,0.7753178240940932,0.0736438965667906,1.0,7,393,-0.8958742599855414,-0.9410287481919912,-0.8704816782137628,101.0,0.698,1000,0.0019980019980019,0.0091789398720091,,four_cohort_expression_consensus,no_regulatory_claim,True,-1.389484828191573,-1.394833719315778,1.32696833261364e-10,8.46061301310621e-10,True,,,,,,False,differential_direction_concordant,none,none,False,expression_only_or_binding_only,,,,no_admitted_binding_record,10.0,1.0,Collenchyma;Columella;Inner epidermis;Locular tissue;Outer epidermis;Parenchyma;Placenta;Seeds;Septum;Total pericarp,Collenchyma;Columella;Inner epidermis;Locular tissue;Outer epidermis;Parenchyma;Placenta;Seeds;Septum;Total pericarp
Solyc02g014430,0.4222877139136905,0.3246605282738096,True,0.3246605282738096,2.8438170333688113,4.595935961706294,True,4,True,0.1551724137931034,0.5174628693159193,cross_cohort_expression_replication_only,265.0,Solyc02g014430.3,protein_coding,Equilibrative nucleotide transporter like (AHRD V3.3 *** A0A2R6QTM2_ACTCH) && sp|Q9M0Y3|ENT3_ARATH Equilibrative nucleotide transporter 3 OS=Arabidopsis thaliana OX=3702 GN=ENT3 PE=1 SV=1 && PF01733:Nucleoside transporter,-,gene-Solyc02g014430.3,,,Ensembl Plants BioMart,63,one_to_one,,,,,0.4277925185460102,0.7142857142857143,0.6045678016210205,0.8935289801907557,0.852780873045149,1.0,7,15017,0.4278574515205366,-0.2982887499513422,0.9809356398133094,412.0,0.08,1000,0.1538461538461538,0.1648605436134304,,four_cohort_expression_consensus,no_regulatory_claim,False,,,,,,,,,,,,not_measured,none,none,False,expression_only_or_binding_only,,,,no_admitted_binding_record,8.0,0.875,Collenchyma;Columella;Locular tissue;Parenchyma;Placenta;Septum;Total pericarp,Collenchyma;Columella;Locular tissue;Outer epidermis;Parenchyma;Placenta;Septum;Total pericarp
Solyc10g054900,-0.7546851748511905,-0.708158947172619,True,0.708158947172619,-0.4401441368675804,-1.3528673708505927,True,4,True,0.1547344110854503,0.5602353269092936,cross_cohort_expression_replication_only,266.0,Solyc10g054900.2,protein_coding,Proline-rich protein (AHRD V3.3 *** Q9M6T7_NICGL) && - && PF01190:Pollen proteins Ole e I like,-,gene-Solyc10g054900.2,,,Ensembl Plants BioMart,63,one_to_one,,,,,-0.8825951694096087,1.0,-0.9363888978830348,0.7704171351148779,0.0828035565286368,0.8571428571428571,6,497,-0.8886626876457291,-0.9439494557038264,-0.843108479680855,118.0,0.748,1000,0.0109890109890109,0.0246323724584594,,four_cohort_expression_consensus,no_regulatory_claim,False,,,,,,,,,,,,not_measured,none,none,False,expression_only_or_binding_only,,,,no_admitted_binding_record,7.0,1.0,Columella;Locular tissue;Outer epidermis;Placenta;Seeds;Septum;Total pericarp,Columella;Locular tissue;Outer epidermis;Placenta;Seeds;Septum;Total pericarp
Solyc12g017530,0.4520786830357142,0.1543666294642859,True,0.1543666294642859,1.6975784565383911,4.064215592634017,True,4,True,0.1530172413793103,0.4195854403918133,cross_cohort_expression_replication_only,267.0,Solyc12g017530.1,protein_coding,Unknown protein && - && -,-,gene-Solyc12g017530.1,,,Ensembl Plants BioMart,63,one_to_one,RIN,in_vivo_promoter_binding,binding_only,ripening_tomato_fruit;ITAG2;three_biological_replicates,0.7938117409458364,1.0,0.9237851421238924,0.525487894350697,0.170829858258518,0.8571428571428571,6,1599,0.7944059925511038,0.7163454625187747,0.967601630789232,154.5,0.694,1000,0.0179820179820179,0.031485495636439,,four_cohort_expression_consensus,source_bound_context_limited,False,,,,,,,,,,,,not_measured,none,binding_only,True,binding_plus_independent_perturbation_expression,-1.7854532884799623,0.0021738511716304,True,binding_plus_independent_perturbation_expression,11.0,1.0,Collenchyma;Columella;Inner epidermis;Locular tissue;Outer epidermis;Parenchyma;Placenta;Seeds;Septum;Total pericarp;Vascular tissue,Collenchyma;Columella;Inner epidermis;Locular tissue;Outer epidermis;Parenchyma;Placenta;Seeds;Septum;Total pericarp;Vascular tissue
Solyc11g010690,-0.4220842633928572,-0.19873046875,True,0.19873046875,-2.9521464733804645,-2.836410951764733,True,4,True,0.1508620689655172,0.3890384845106315,cross_cohort_expression_replication_only,268.0,Solyc11g010690.3,protein_coding,Nucleobase-ascorbate transporter 11 (AHRD V3.3 *-* A0A2G2Y5P1_CAPAN) && sp|Q6SZ87|NAT11_ARATH Nucleobase-ascorbate transporter 11 OS=Arabidopsis thaliana OX=3702 GN=NAT11 PE=2 SV=1 && PF00860:Permease family,-,gene-Solyc11g010690.3,,,Ensembl Plants BioMart,63,one_to_one,,,,,-0.9379574453882074,1.0,-0.9639302059433202,0.8541608537946429,0.0459448523228693,1.0,7,138,-0.9382898870748276,-0.978413925941472,-0.918422893373692,70.0,0.906,1000,0.0029970029970029,0.0108641358641358,,four_cohort_expression_consensus,no_regulatory_claim,False,,,,,,,,,,,,not_measured,none,none,False,expression_only_or_binding_only,,,,no_admitted_binding_record,11.0,0.9090909090909092,Collenchyma;Columella;Inner epidermis;Locular tissue;Outer epidermis;Parenchyma;Placenta;Septum;Total pericarp;Vascular tissue,Collenchyma;Columella;Inner epidermis;Locular tissue;Outer epidermis;Parenchyma;Placenta;Seeds;Septum;Total pericarp;Vascular tissue
Solyc03g116510,0.4512765066964285,0.152582077752976,True,0.152582077752976,1.3842013908794848,2.9349518216143977,True,4,True,0.1508620689655172,0.3331819403519949,cross_cohort_expression_replication_only,269.0,Solyc03g116510.1,protein_coding,DUF761 domain-containing protein (AHRD V3.3 *** A0A1Q3BDS4_CEPFO) && - && -,-,gene-Solyc03g116510.1,,,Ensembl Plants BioMart,63,one_to_one,RIN,in_vivo_promoter_binding,binding_only,ripening_tomato_fruit;ITAG2;three_biological_replicates,0.5930160044395956,0.8571428571428571,0.8643026378680776,0.1346710278022392,0.3732532396962759,1.0,7,7114,0.597894780206215,0.3642392456914724,0.9106223247629768,320.0,0.02,1000,0.0209790209790209,0.0333365264872114,,four_cohort_expression_consensus,source_bound_context_limited,True,0.3759411885086181,,,,False,,,,,,False,measured_direction_concordant,none,binding_only,True,binding_plus_independent_perturbation_expression,1.588214684751953,2.3084098500412802e-37,True,binding_plus_independent_perturbation_expression,11.0,0.8181818181818182,Collenchyma;Columella;Inner epidermis;Parenchyma;Placenta;Seeds;Septum;Total pericarp;Vascular tissue,Collenchyma;Columella;Inner epidermis;Locular tissue;Outer epidermis;Parenchyma;Placenta;Seeds;Septum;Total pericarp;Vascular tissue
Solyc03g118060,0.4217471168154762,0.3779994419642857,True,0.3779994419642857,2.724266878690722,4.94912342257901,True,4,True,0.1487068965517241,0.5460948076769929,cross_cohort_expression_replication_only,270.0,Solyc03g118060.3,protein_coding,NFU1 iron-sulfur cluster protein (AHRD V3.3 *** AT5G07330.1) && - && -,-,gene-Solyc03g118060.3,,,Ensembl Plants BioMart,63,one_to_one,RIN,in_vivo_promoter_binding,binding_only,ripening_tomato_fruit;ITAG2;three_biological_replicates,0.6171689744431125,0.8571428571428571,0.9665225699855764,0.700171929383151,0.5858505432515261,1.0,7,5844,0.6174090252486548,0.3269938527295771,0.9876924681872388,266.0,0.32,1000,0.0139860139860139,0.0278519763498304,,four_cohort_expression_consensus,source_bound_context_limited,True,1.1291774137884327,1.1292366809635468,6.0863039578533e-11,4.33107042253004e-10,True,,,,,,False,differential_direction_concordant,none,binding_only,True,binding_plus_independent_perturbation_expression,-1.0968524650373968,1.2571158769313472e-25,True,binding_plus_independent_perturbation_expression,10.0,1.0,Collenchyma;Columella;Inner epidermis;Locular tissue;Outer epidermis;Parenchyma;Placenta;Seeds;Septum;Total pericarp,Collenchyma;Columella;Inner epidermis;Locular tissue;Outer epidermis;Parenchyma;Placenta;Seeds;Septum;Total pericarp
Solyc03g120290,-0.4852353050595238,-0.3336704799107144,True,0.3336704799107144,-0.4337870708247978,-1.190586660002251,True,4,True,0.1478060046189376,0.2993437425340447,cross_cohort_expression_replication_only,271.0,Solyc03g120290.3,protein_coding,To encode a PR protein && - && -,-,gene-Solyc03g120290.3,,,Ensembl Plants BioMart,63,one_to_one,,,,,-0.4102230507631528,0.7142857142857143,-0.6363811719443268,0.3453411592076302,0.7293633580410815,1.0,7,16430,-0.4114588597242181,-0.8958248748651443,0.3020945496908657,416.0,0.0,1000,0.1688311688311688,0.1792623852120419,,four_cohort_expression_consensus,no_regulatory_claim,False,,,,,,,,,,,,not_measured,none,none,False,expression_only_or_binding_only,,,,no_admitted_binding_record,11.0,1.0,Collenchyma;Columella;Inner epidermis;Locular tissue;Outer epidermis;Parenchyma;Placenta;Seeds;Septum;Total pericarp;Vascular tissue,Collenchyma;Columella;Inner epidermis;Locular tissue;Outer epidermis;Parenchyma;Placenta;Seeds;Septum;Total pericarp;Vascular tissue
Solyc11g008720,0.4217006138392857,0.3188534691220238,True,0.3188534691220238,3.348959410201991,5.609049462533541,True,4,True,0.146551724137931,0.5676129350163255,cross_cohort_expression_replication_only,272.0,Solyc11g008720.3,protein_coding,Beta-glucosidase (AHRD V3.3 *** A0A2G2VEH4_CAPBA) && sp|Q9FIW4|BGL42_ARATH Beta-glucosidase 42 OS=Arabidopsis thaliana OX=3702 GN=BGLU42 PE=2 SV=1 && PF00232:Glycosyl hydrolase family 1,Glyco_hydro_1,gene-Solyc11g008720.3,,,Ensembl Plants BioMart,63,one_to_one,,,,,0.4235906402626548,0.7142857142857143,0.5984517301124207,0.9370799706529714,0.8744256989124236,1.0,7,15357,0.4235988742802423,-0.3009127023883635,0.9809555787357782,416.0,0.078,1000,0.1428571428571428,0.1556002682763246,,four_cohort_expression_consensus,no_regulatory_claim,True,2.745736063935063,2.7470204341454396,4.64754308036962e-17,5.986574333090611e-15,True,2.0,1.8002087371445257,-1.8002087371445257,5.10458874971274e-11,Solyc11g008720.1.1_S342;Solyc11g008720.1.1_S99,True,differential_direction_concordant,differential_site,none,False,expression_only_or_binding_only,,,,no_admitted_binding_record,11.0,1.0,Collenchyma;Columella;Inner epidermis;Locular tissue;Outer epidermis;Parenchyma;Placenta;Seeds;Septum;Total pericarp;Vascular tissue,Collenchyma;Columella;Inner epidermis;Locular tissue;Outer epidermis;Parenchyma;Placenta;Seeds;Septum;Total pericarp;Vascular tissue
Solyc09g011590,0.5085914248511905,0.1936616443452381,True,0.1936616443452381,0.4145807774836255,1.4948419120888734,True,4,True,0.1431870669745958,0.2847191805367524,cross_cohort_expression_replication_only,273.0,Solyc09g011590.4,protein_coding,"Glutathione S-transferase-like protein (AHRD V3.3 *** A8DUB0_SOLLC) && sp|P32111|GSTX1_SOLTU Probable glutathione S-transferase OS=Solanum tuberosum OX=4113 GN=PRP1 PE=2 SV=1 && PF02798:Glutathione S-transferase, N-terminal domain|PF00043:Glutathione S-transferase, C-terminal domain",GST_N,gene-Solyc09g011590.4,,,Ensembl Plants BioMart,63,one_to_one,,,,,0.5997475538261332,0.8571428571428571,0.8637014307195511,0.7581077575023782,0.5947628964264747,1.0,7,6761,0.600981879957951,0.3125296666135183,0.915098473508388,323.0,0.006,1000,0.0159840159840159,0.0302717690472792,,four_cohort_expression_consensus,no_regulatory_claim,True,0.3282301782386517,,,,False,,,,,,False,measured_direction_concordant,none,none,False,expression_only_or_binding_only,,,,no_admitted_binding_record,4.0,0.5,Columella;Vascular tissue,Columella;Inner epidermis;Seeds;Vascular tissue
Solyc04g015390,-0.4921758742559524,-0.1450776599702381,True,0.1450776599702381,-1.0580528381865952,-2.0696300765053826,True,4,True,0.1400862068965517,0.3091241439037986,cross_cohort_expression_replication_only,274.0,Solyc04g015390.2,protein_coding,GDSL esterase/lipase (AHRD V3.3 *** AT1G11320.1) && - && -,-,gene-Solyc04g015390.2,,,Ensembl Plants BioMart,63,one_to_one,,,,,-0.80133578953291,1.0,-0.8518603921734851,0.5577109317681584,0.1516883667759309,1.0,7,1485,-0.8037883764295354,-0.9003813561179047,-0.7553350392737903,146.0,0.68,1000,0.0019980019980019,0.0091789398720091,,four_cohort_expression_consensus,no_regulatory_claim,False,,,,,,,,,,,,not_measured,none,none,False,expression_only_or_binding_only,,,,no_admitted_binding_record,6.0,1.0,Collenchyma;Inner epidermis;Outer epidermis;Parenchyma;Septum;Total pericarp,Collenchyma;Inner epidermis;Outer epidermis;Parenchyma;Septum;Total pericarp
Solyc12g094640,-0.4572870163690476,-0.551397414434524,True,0.4572870163690476,-2.3460618833760916,-1.0505670010013923,True,4,True,0.1357758620689655,0.4764722863741339,cross_cohort_expression_replication_only,275.0,Solyc12g094640.4,protein_coding,"Glyceraldehyde-3-phosphate dehydrogenase (AHRD V3.11 *** tr_A0A2G2YA75_A0A2G2YA75_CAPAN) && sp|P12859|G3PB_PEA Glyceraldehyde-3-phosphate dehydrogenase B, chloroplastic OS=Pisum sativum OX=3888 GN=GAPB PE=1 SV=2 && PF00044:Glyceraldehyde 3-phosphate dehydrogenase, NAD binding domain|PF02800:Glyceraldehyde 3-phosphate dehydrogenase, C-terminal domain",-,gene-Solyc12g094640.3,,,Ensembl Plants BioMart,63,one_to_one,,,,,-0.4912849974965756,0.8571428571428571,-0.7955297751024899,0.2035476160523336,0.6395248286684213,1.0,7,11771,-0.4935651861900173,-0.9349968260004652,-0.2304553397817268,378.5,0.016,1000,0.1028971028971029,0.1175966890252604,,four_cohort_expression_consensus,no_regulatory_claim,True,-0.3511636815384146,,,,False,,,,,,False,measured_direction_concordant,none,none,False,expression_only_or_binding_only,,,,no_admitted_binding_record,6.0,1.0,Collenchyma;Inner epidermis;Locular tissue;Outer epidermis;Total pericarp;Vascular tissue,Collenchyma;Inner epidermis;Locular tissue;Outer epidermis;Total pericarp;Vascular tissue
Solyc01g108860,-0.4916643415178572,-0.1404041108630953,True,0.1404041108630953,-0.8245589764938214,-2.0360953666586465,True,4,True,0.1357758620689655,0.2920731464521781,cross_cohort_expression_replication_only,276.0,Solyc01g108860.3,protein_coding,2-oxoglutarate (2OG) and Fe(II)-dependent oxygenase superfamily protein (AHRD V3.3 *** A0A2U1MKU7_ARTAN) && sp|Q9FFF6|JOX2_ARATH Jasmonate-induced oxygenase 2 OS=Arabidopsis thaliana OX=3702 GN=JOX2 PE=1 SV=1 && PF03171:2OG-Fe(II) oxygenase superfamily|PF14226:non-haem dioxygenase in morphine synthesis N-terminal,2OG-FeII_Oxy,gene-Solyc01g108860.3,,,Ensembl Plants BioMart,63,one_to_one,,,,,-0.7235946005852825,1.0,-0.8096783215815773,0.3590808068100809,0.2236967191713331,1.0,7,2876,-0.726565327532857,-0.893882789250148,-0.6526511192380241,197.0,0.556,1000,0.0019980019980019,0.0091789398720091,,four_cohort_expression_consensus,no_regulatory_claim,False,,,,,,,,,,,,not_measured,none,none,False,expression_only_or_binding_only,,,,no_admitted_binding_record,2.0,1.0,Outer epidermis;Total pericarp,Outer epidermis;Total pericarp
Solyc03g116370,-0.4634486607142856,-0.2571905226934524,True,0.2571905226934524,-0.3093108953832444,-3.1458139425705776,True,4,True,0.1339491916859122,0.3212028151628573,cross_cohort_expression_replication_only,277.0,Solyc03g116370.3,protein_coding,Microtubule-associated protein RP/EB family member 1C (AHRD V3.3 *** A0A2G3B798_CAPCH) && sp|Q9FJJ5|EB1B_ARATH Microtubule-associated protein RP/EB family member 1B OS=Arabidopsis thaliana OX=3702 GN=EB1B PE=1 SV=1 && PF03271:EB1-like C-terminal motif|PF00307:Calponin homology (CH) domain,CH,gene-Solyc03g116370.3,,,Ensembl Plants BioMart,63,one_to_one,,,,,-0.7720553731088652,1.0,-0.8942914327848366,0.4903301540719002,0.1878075390053777,0.8571428571428571,6,1956,-0.7749710216472032,-0.9511961682295011,-0.6974550738408171,166.0,0.674,1000,0.0069930069930069,0.0185414585414585,,four_cohort_expression_consensus,no_regulatory_claim,False,,,,,,,,,,,,not_measured,none,none,False,expression_only_or_binding_only,,,,no_admitted_binding_record,,,,
Solyc02g087870,-0.4198172433035713,-0.4388950892857143,True,0.4198172433035713,-2.8527770824212717,-2.826896743896855,True,4,True,0.1336206896551724,0.4782081209683841,cross_cohort_expression_replication_only,278.0,Solyc02g087870.3,protein_coding,ABC transporter (AHRD V3.3 *** A0A200QEZ6_9MAGN) && sp|Q9LJX0|AB19B_ARATH ABC transporter B family member 19 OS=Arabidopsis thaliana OX=3702 GN=ABCB19 PE=1 SV=1 && PF00664:ABC transporter transmembrane region|PF00005:ABC transporter,ABC_membrane,gene-Solyc02g087870.3,MDR1,NM_001247280,Ensembl Plants BioMart,63,one_to_one,,,,,-0.859138862228078,1.0,-0.961885173565415,0.6297647502830545,0.1211121257129319,1.0,7,728,-0.8596042890045784,-0.984107682693844,-0.8003514617635474,129.0,0.998,1000,0.0019980019980019,0.0091789398720091,,four_cohort_expression_consensus,no_regulatory_claim,False,,,,,,,,,,,,not_measured,none,none,False,expression_only_or_binding_only,,,,no_admitted_binding_record,11.0,1.0,Collenchyma;Columella;Inner epidermis;Locular tissue;Outer epidermis;Parenchyma;Placenta;Seeds;Septum;Total pericarp;Vascular tissue,Collenchyma;Columella;Inner epidermis;Locular tissue;Outer epidermis;Parenchyma;Placenta;Seeds;Septum;Total pericarp;Vascular tissue
Solyc01g090730,-0.4216192336309524,-0.2517903645833333,True,0.2517903645833333,-0.6508593823260121,-1.0463986390498063,True,4,True,0.1336206896551724,0.1828126244325874,cross_cohort_expression_replication_only,279.0,Solyc01g090730.3,protein_coding,Squamosa promoter binding protein 8b && sp|Q8GXL3|SPL8_ARATH Squamosa promoter-binding-like protein 8 OS=Arabidopsis thaliana OX=3702 GN=SPL8 PE=1 SV=2 && PF03110:SBP domain,SBP,gene-Solyc01g090730.3,,,Ensembl Plants BioMart,63,one_to_one,,,,,-0.6398057615453198,1.0,-0.8016019578505847,0.0890468402734096,0.3125036617437367,1.0,7,5110,-0.6425619666726446,-0.9142663750631084,-0.5329639078684325,258.0,0.0,1000,0.0049950049950049,0.015148250442368,,four_cohort_expression_consensus,no_regulatory_claim,False,,,,,,,,,,,,not_measured,none,none,False,expression_only_or_binding_only,,,,no_admitted_binding_record,7.0,1.0,Collenchyma;Columella;Inner epidermis;Outer epidermis;Parenchyma;Septum;Total pericarp,Collenchyma;Columella;Inner epidermis;Outer epidermis;Parenchyma;Septum;Total pericarp
Solyc09g092580,-0.5211937313988095,-0.1361316499255952,True,0.1361316499255952,-1.254795829498118,-2.626489787313038,True,4,True,0.1314655172413793,0.3793240324122003,cross_cohort_expression_replication_only,280.0,Solyc09g092580.4,protein_coding,Cytochrome (AHRD V3.3 *** A0A2G2ZTD7_CAPAN) && sp|O65782|C83B1_ARATH Cytochrome P450 83B1 OS=Arabidopsis thaliana OX=3702 GN=CYP83B1 PE=1 SV=1 && PF00067:Cytochrome P450,p450,gene-Solyc09g092580.4,,,Ensembl Plants BioMart,63,one_to_one,,,,,-0.8116046476097645,1.0,-0.9092871470328108,0.5407483492296405,0.1574034458530657,1.0,7,1321,-0.81237413557785,-0.9669049463671306,-0.7489785724360948,139.0,0.68,1000,0.0019980019980019,0.0091789398720091,,four_cohort_expression_consensus,no_regulatory_claim,False,,,,,,,,,,,,not_measured,none,none,False,expression_only_or_binding_only,,,,no_admitted_binding_record,4.0,0.75,Collenchyma;Parenchyma;Total pericarp,Collenchyma;Outer epidermis;Parenchyma;Total pericarp
Solyc06g061170,0.4193754650297618,0.3407156808035714,True,0.3407156808035714,1.170016875127856,3.704966096842443,True,4,True,0.1314655172413793,0.3647753742932229,cross_cohort_expression_replication_only,281.0,Solyc06g061170.3,protein_coding,Mitochondrial carnitine/acylcarnitine carrier-like protein (AHRD V3.3 *** A0A2G2ZAG7_CAPAN) && sp|Q93XM7|MCAT_ARATH Mitochondrial carnitine/acylcarnitine carrier-like protein OS=Arabidopsis thaliana OX=3702 GN=BOU PE=1 SV=1 && PF00153:Mitochondrial carrier protein,Mito_carr,gene-Solyc06g061170.3,,,Ensembl Plants BioMart,63,one_to_one,,,,,0.6141502334128572,0.8571428571428571,0.9388513719521188,0.7617520023483038,0.5992104468042345,1.0,7,5980,0.614607255373537,0.3215924865406206,0.9689365405485888,286.0,0.254,1000,0.0209790209790209,0.0333365264872114,,four_cohort_expression_consensus,no_regulatory_claim,True,1.7889485717272031,1.7893096181481611,1.2156803419456e-16,1.25639149758285e-14,True,,,,,,False,differential_direction_concordant,none,none,False,expression_only_or_binding_only,,,,no_admitted_binding_record,11.0,0.9090909090909092,Collenchyma;Columella;Inner epidermis;Locular tissue;Outer epidermis;Parenchyma;Placenta;Septum;Total pericarp;Vascular tissue,Collenchyma;Columella;Inner epidermis;Locular tissue;Outer epidermis;Parenchyma;Placenta;Seeds;Septum;Total pericarp;Vascular tissue
Solyc05g056170,-0.4347679501488095,-0.4166317894345239,True,0.4166317894345239,-0.2963287943214,-1.5306514736260162,True,4,True,0.1293302540415704,0.2823325635103926,cross_cohort_expression_replication_only,282.0,Solyc05g056170.3,protein_coding,Phenylalanine ammonia-lyase (AHRD V3.3 *** A0A2G2WVC6_CAPBA) && sp|Q50EX7|PAL1_PETHY Phenylalanine ammonia-lyase 1 OS=Petunia hybrida OX=4102 GN=PAL1 PE=1 SV=1 && PF00221:Aromatic amino acid lyase,-,gene-Solyc05g056170.3,PAL2,NM_001320601,Ensembl Plants BioMart,63,one_to_one,,,,,-0.6026805537987273,0.8571428571428571,-0.8519596422293445,0.6301687454145268,0.5380325969584517,1.0,7,6584,-0.6037065638070246,-0.8943744862394956,-0.330117290441742,318.5,0.26,1000,0.0219780219780219,0.0337675569463649,,four_cohort_expression_consensus,no_regulatory_claim,False,,,,,,,,,,,,not_measured,none,none,False,expression_only_or_binding_only,,,,no_admitted_binding_record,7.0,1.0,Columella;Locular tissue;Outer epidermis;Placenta;Seeds;Total pericarp;Vascular tissue,Columella;Locular tissue;Outer epidermis;Placenta;Seeds;Total pericarp;Vascular tissue
Solyc02g069670,-0.419096447172619,-0.4639834449404763,True,0.419096447172619,-3.289046576946109,-3.785605546836033,True,4,True,0.1293103448275862,0.5594153161583181,cross_cohort_expression_replication_only,283.0,Solyc02g069670.4,protein_coding,"alpha-glucosidase (AHRD V3.3 *** A0A2I4FA71_9ROSI) && sp|O04893|AGLU_SPIOL Alpha-glucosidase OS=Spinacia oleracea OX=3562 PE=1 SV=1 && PF16863:N-terminal barrel of NtMGAM and CtMGAM, maltase-glucoamylase|PF01055:Glycosyl hydrolases family 31|PF13802:Galactose mutarotase-like",Glyco_hydro_31,gene-Solyc02g069670.4,,,Ensembl Plants BioMart,63,one_to_one,,,,,-0.6163051988010281,0.8571428571428571,-0.9882207248633404,0.8652241372080346,0.6489989303207342,1.0,7,5878,-0.6163468571573331,-0.993040190809832,-0.3113938793936657,264.0,0.32,1000,0.0239760239760239,0.0352053010280858,,four_cohort_expression_consensus,no_regulatory_claim,True,-0.7735478693533463,-0.7739987792852195,4.8542282240838e-09,2.02270888212174e-08,True,,,,,,False,differential_direction_concordant,none,none,False,expression_only_or_binding_only,,,,no_admitted_binding_record,11.0,1.0,Collenchyma;Columella;Inner epidermis;Locular tissue;Outer epidermis;Parenchyma;Placenta;Seeds;Septum;Total pericarp;Vascular tissue,Collenchyma;Columella;Inner epidermis;Locular tissue;Outer epidermis;Parenchyma;Placenta;Seeds;Septum;Total pericarp;Vascular tissue
Solyc08g077550,-0.421566917782738,-0.1356375558035714,True,0.1356375558035714,-0.8093331871500408,-1.933268769507839,True,4,True,0.1293103448275862,0.1896253085928167,cross_cohort_expression_replication_only,284.0,Solyc08g077550.3,protein_coding,Novel plant snare && sp|Q944A9|NPS11_ARATH Novel plant SNARE 11 OS=Arabidopsis thaliana OX=3702 GN=NPSN11 PE=1 SV=2 && PF03908:Sec20,-,gene-Solyc08g077550.3,,,Ensembl Plants BioMart,63,one_to_one,,,,,-0.5763701699480268,0.8571428571428571,-0.809190568668018,0.0559609175158301,0.3456808383331634,1.0,7,7965,-0.5817678294778698,-0.8890330338071502,-0.362238718423834,334.0,0.0,1000,0.0209790209790209,0.0333365264872114,,four_cohort_expression_consensus,no_regulatory_claim,False,,,,,,,,,,,,not_measured,none,none,False,expression_only_or_binding_only,,,,no_admitted_binding_record,10.0,1.0,Collenchyma;Columella;Inner epidermis;Outer epidermis;Parenchyma;Placenta;Seeds;Septum;Total pericarp;Vascular tissue,Collenchyma;Columella;Inner epidermis;Outer epidermis;Parenchyma;Placenta;Seeds;Septum;Total pericarp;Vascular tissue
Solyc09g092430,-0.418701171875,-0.6249302455357142,True,0.418701171875,-3.5115496109111044,-4.241208196723032,True,4,True,0.1271551724137931,0.6499723759655969,cross_cohort_expression_replication_only,285.0,Solyc09g092430.3,protein_coding,Selenium-binding protein (AHRD V3.3 *** A0A200Q5C9_9MAGN) && sp|O23264|SEBP1_ARATH Selenium-binding protein 1 OS=Arabidopsis thaliana OX=3702 GN=SBP1 PE=1 SV=1 && PF05694:56kDa selenium binding protein (SBP56),-,gene-Solyc09g092430.3,,,Ensembl Plants BioMart,63,one_to_one,RIN,in_vivo_promoter_binding,binding_only,ripening_tomato_fruit;ITAG2;three_biological_replicates,-0.9878955785999524,1.0,-0.9888486011910592,0.974399295508869,0.0073398577282386,1.0,7,3,-0.9881003414486902,-0.9931477280563225,-0.9853073003876792,6.0,1.0,1000,0.0009990009990009,0.0073577216434359,,four_cohort_expression_consensus,source_bound_context_limited,True,-1.5763868782653432,-1.5766388700897882,6.56134160531787e-16,4.08915697571563e-14,True,,,,,,False,differential_direction_concordant,none,binding_only,True,binding_plus_independent_perturbation_expression,3.305132192262763,7.945184239555226e-160,True,binding_plus_independent_perturbation_expression,11.0,1.0,Collenchyma;Columella;Inner epidermis;Locular tissue;Outer epidermis;Parenchyma;Placenta;Seeds;Septum;Total pericarp;Vascular tissue,Collenchyma;Columella;Inner epidermis;Locular tissue;Outer epidermis;Parenchyma;Placenta;Seeds;Septum;Total pericarp;Vascular tissue
Solyc07g008620,0.4923386346726192,0.1347772507440475,True,0.1347772507440475,2.214583834750817,3.247066758413506,True,4,True,0.1271551724137931,0.4513020625945687,cross_cohort_expression_replication_only,286.0,Solyc07g008620.1,protein_coding,EIX receptor 1 && sp|Q6JN47|EIX1_SOLLC Receptor-like protein EIX1 OS=Solanum lycopersicum OX=4081 GN=EIX1 PE=2 SV=2 && PF08263:Leucine rich repeat N-terminal domain|PF13855:Leucine rich repeat,LRRNT_2,gene-Solyc07g008620.1,Eix1,NM_001247498,Ensembl Plants BioMart,63,one_to_one,,,,,0.601585957393115,0.8571428571428571,0.9299047940050096,0.7252022879464286,0.6120488088225701,1.0,7,6653,0.6018222108462554,0.3103863493887538,0.9891783302081916,317.0,0.096,1000,0.0269730269730269,0.0371379362477285,,four_cohort_expression_consensus,no_regulatory_claim,False,,,,,,,,,,,,not_measured,none,none,False,expression_only_or_binding_only,,,,no_admitted_binding_record,10.0,1.0,Collenchyma;Columella;Inner epidermis;Locular tissue;Outer epidermis;Parenchyma;Placenta;Septum;Total pericarp;Vascular tissue,Collenchyma;Columella;Inner epidermis;Locular tissue;Outer epidermis;Parenchyma;Placenta;Septum;Total pericarp;Vascular tissue
Solyc12g096570,0.5442475818452381,0.1345912388392856,True,0.1345912388392856,1.8226706589688937,4.403925012531791,True,4,True,0.125,0.5311168571314805,cross_cohort_expression_replication_only,287.0,Solyc12g096570.1,protein_coding,auxin-regulated gene involved in organ size (AHRD V3.3 -** AT3G59900.1) && - && -,-,gene-Solyc12g096570.1,ARGOS,,Ensembl Plants BioMart,63,one_to_one,RIN,in_vivo_promoter_binding,binding_only,ripening_tomato_fruit;ITAG2;three_biological_replicates,0.5888391659393782,0.8571428571428571,0.8684341191357658,0.0831341468528536,0.3643679265696216,1.0,7,7327,0.5889268573495281,0.36496149936134,0.8977295762460158,323.0,0.014,1000,0.0279720279720279,0.038399470352133,,four_cohort_expression_consensus,source_bound_context_limited,False,,,,,,,,,,,,not_measured,none,binding_only,True,binding_plus_independent_perturbation_expression,-2.01586160588411,6.716155029295143e-18,True,binding_plus_independent_perturbation_expression,11.0,1.0,Collenchyma;Columella;Inner epidermis;Locular tissue;Outer epidermis;Parenchyma;Placenta;Seeds;Septum;Total pericarp;Vascular tissue,Collenchyma;Columella;Inner epidermis;Locular tissue;Outer epidermis;Parenchyma;Placenta;Seeds;Septum;Total pericarp;Vascular tissue
Solyc10g006880,0.418398902529762,0.2078915550595237,True,0.2078915550595237,1.261881103114943,4.981020308051665,True,4,True,0.125,0.3842888926495182,cross_cohort_expression_replication_only,288.0,Solyc10g006880.3,protein_coding,NAC domain protein && sp|Q9LD44|NAC56_ARATH NAC transcription factor 56 OS=Arabidopsis thaliana OX=3702 GN=NAC056 PE=2 SV=1 && PF02365:No apical meristem (NAM) protein,NAM,gene-Solyc10g006880.3,NOR,NM_001247723,Ensembl Plants BioMart,63,one_to_one,RIN,in_vivo_promoter_binding,binding_only,ripening_tomato_fruit;ITAG2;three_biological_replicates,0.4333309908217551,0.7142857142857143,0.6592260188878255,0.4908374218979326,0.7285813525564765,1.0,7,14595,0.436697495606401,-0.2776844169526127,0.9456556799643768,402.0,0.008,1000,0.1418581418581418,0.1548757125227713,,four_cohort_expression_consensus,source_bound_context_limited,True,0.3090949435523044,,,,False,3.0,1.970706467242068,1.970706467242068,4.98688053224352e-09,Solyc10g006880.2.1_S275,True,measured_direction_concordant,differential_site,binding_only,True,binding_plus_independent_perturbation_expression,-1.506524170973489,1.0539713870840865e-57,True,binding_plus_independent_perturbation_expression,11.0,0.9090909090909092,Collenchyma;Columella;Inner epidermis;Locular tissue;Outer epidermis;Parenchyma;Placenta;Septum;Total pericarp;Vascular tissue,Collenchyma;Columella;Inner epidermis;Locular tissue;Outer epidermis;Parenchyma;Placenta;Seeds;Septum;Total pericarp;Vascular tissue
Solyc10g086710,0.497802734375,0.1334054129464285,True,0.1334054129464285,1.1257396099200832,1.3709275879582583,True,4,True,0.1228448275862068,0.2933460918212948,cross_cohort_expression_replication_only,289.0,Solyc10g086710.3,protein_coding,PAR1 (AHRD V3.3 *** A0A200R4T9_9MAGN) && - && PF06521:PAR1 protein,-,gene-Solyc10g086710.3,,,Ensembl Plants BioMart,63,one_to_one,,,,,0.5972439617515907,0.8571428571428571,0.8360051516096701,0.298570050740135,0.4144794125133865,1.0,7,6899,0.5991820464481327,0.3556072875458985,0.9004321696260876,323.0,0.0,1000,0.0149850149850149,0.0293377508567382,,four_cohort_expression_consensus,no_regulatory_claim,False,,,,,,,,,,,,not_measured,none,none,False,expression_only_or_binding_only,,,,no_admitted_binding_record,9.0,0.8888888888888888,Columella;Inner epidermis;Locular tissue;Parenchyma;Placenta;Septum;Total pericarp;Vascular tissue,Columella;Inner epidermis;Locular tissue;Parenchyma;Placenta;Seeds;Septum;Total pericarp;Vascular tissue
Solyc12g088700,-0.4182942708333333,-0.590547107514881,True,0.4182942708333333,-2.974670617660202,-3.5311100764405365,True,4,True,0.1206896551724138,0.5674561499561998,cross_cohort_expression_replication_only,290.0,Solyc12g088700.1,protein_coding,Glycosyltransferase (AHRD V3.3 *** A0A2U1PZD4_ARTAN) && sp|Q5H861|GT4A_SOLAA Nuatigenin 3-beta-glucosyltransferase OS=Solanum aculeatissimum OX=267265 GN=GT4A PE=1 SV=1 && PF00201:UDP-glucoronosyl and UDP-glucosyl transferase,UDPGT,gene-Solyc12g088700.1,,,Ensembl Plants BioMart,63,one_to_one,,,,,-0.959477051003684,1.0,-0.9841709019108066,0.938647698934482,0.0190318813589448,0.8571428571428571,6,65,-0.9609864289012888,-0.9889511695677172,-0.9294474729807468,47.0,0.974,1000,0.0069930069930069,0.0185414585414585,,four_cohort_expression_consensus,no_regulatory_claim,False,,,,,,,,,,,,not_measured,none,none,False,expression_only_or_binding_only,,,,no_admitted_binding_record,9.0,1.0,Collenchyma;Columella;Inner epidermis;Locular tissue;Outer epidermis;Parenchyma;Placenta;Septum;Total pericarp,Collenchyma;Columella;Inner epidermis;Locular tissue;Outer epidermis;Parenchyma;Placenta;Septum;Total pericarp
Solyc10g076710,-0.4454171316964286,-0.1329520089285713,True,0.1329520089285713,-2.850142168012169,-4.332559966262192,True,4,True,0.1206896551724138,0.4835574779007724,cross_cohort_expression_replication_only,291.0,Solyc10g076710.3,protein_coding,"Phosphoinositide phospholipase C (AHRD V3.3 *** O49950_SOLTU) && sp|Q39033|PLCD2_ARATH Phosphoinositide phospholipase C 2 OS=Arabidopsis thaliana OX=3702 GN=PLC2 PE=1 SV=1 && PF00388:Phosphatidylinositol-specific phospholipase C, X domain|PF00387:Phosphatidylinositol-specific phospholipase C, Y domain|PF00168:C2 domain|PF09279:Phosphoinositide-specific phospholipase C, efhand-like",PI-PLC-X,gene-Solyc10g076710.3,,,Ensembl Plants BioMart,63,one_to_one,,,,,-0.5787670140024685,0.8571428571428571,-0.9250064655657784,0.72021484375,0.6608846817345557,1.0,7,7848,-0.5788512409639037,-0.9731989257738544,-0.2813832218938822,339.0,0.096,1000,0.0349650349650349,0.0462215846831231,,four_cohort_expression_consensus,no_regulatory_claim,True,-2.540638308056986,-2.5375406776907963,1.2664710422810799e-16,1.2683233358009301e-14,True,2.0,0.9363458256502116,-0.9363458256502116,1.0581038948735e-06,Solyc10g076710.1.1_S290;Solyc10g076710.1.1_S293,True,differential_direction_concordant,differential_site,none,False,expression_only_or_binding_only,,,,no_admitted_binding_record,10.0,1.0,Collenchyma;Columella;Inner epidermis;Locular tissue;Outer epidermis;Parenchyma;Placenta;Septum;Total pericarp;Vascular tissue,Collenchyma;Columella;Inner epidermis;Locular tissue;Outer epidermis;Parenchyma;Placenta;Septum;Total pericarp;Vascular tissue
Solyc11g006020,-0.5436314174107144,-0.3347574869791666,True,0.3347574869791666,-2.0312197159463374,-0.9517872401481016,True,4,True,0.1206896551724138,0.4504920064505853,cross_cohort_expression_replication_only,292.0,Solyc11g006020.2,protein_coding,"NADH dehydrogenase-like complex O (AHRD V3.3 *-* A0A0F7GY98_9ASPA) && sp|Q9S829|NDHO_ARATH NAD(P)H-quinone oxidoreductase subunit O, chloroplastic OS=Arabidopsis thaliana OX=3702 GN=ndhO PE=2 SV=1 && PF11910:Cyanobacterial and plant NDH-1 subunit O",-,gene-Solyc11g006020.2,,,Ensembl Plants BioMart,63,one_to_one,,,,,-0.7004863971219071,1.0,-0.908442902099381,0.1811548622468235,0.2677603527502685,1.0,7,3433,-0.7021282348153124,-0.9373167816193552,-0.5857656243816395,213.0,0.262,1000,0.0109890109890109,0.0246323724584594,,four_cohort_expression_consensus,no_regulatory_claim,True,-0.6626840171804929,-0.6606494665536191,9.55890965634127e-06,1.95804537970871e-05,True,,,,,,False,differential_direction_concordant,none,none,False,expression_only_or_binding_only,,,,no_admitted_binding_record,7.0,1.0,Columella;Inner epidermis;Locular tissue;Placenta;Septum;Total pericarp;Vascular tissue,Columella;Inner epidermis;Locular tissue;Placenta;Septum;Total pericarp;Vascular tissue
Solyc03g045070,-0.4207124255952381,-0.1287144252232143,True,0.1287144252232143,-2.5116048701080973,-1.3780242587879363,True,4,True,0.1185344827586206,0.2813532790475432,cross_cohort_expression_replication_only,293.0,Solyc03g045070.1,protein_coding,ammonium transporter AF118858 && sp|Q9FVN0|AMT13_SOLLC Ammonium transporter 1 member 3 OS=Solanum lycopersicum OX=4081 GN=AMT1-3 PE=2 SV=1 && PF00909:Ammonium Transporter Family,Ammonium_transp,gene-Solyc03g045070.1,AMT1-3,,Ensembl Plants BioMart,63,one_to_one,,,,,-0.5813357820871258,0.8571428571428571,-0.8222556794134045,0.0989851972994506,0.3608896963453977,1.0,7,7727,-0.5830230404504941,-0.8829720776147175,-0.3613111308199155,331.0,0.004,1000,0.0229770229770229,0.0347274874962171,,four_cohort_expression_consensus,no_regulatory_claim,True,-0.781820513152444,-0.7901781812605511,0.0001391405692255,0.0002375492468837,True,1.0,1.1109062868639614,1.1109062868639614,7.29276265870902e-07,Solyc03g045070.1.1_S432;S433,True,differential_direction_concordant,differential_site,none,False,expression_only_or_binding_only,,,,no_admitted_binding_record,5.0,1.0,Collenchyma;Inner epidermis;Outer epidermis;Parenchyma;Total pericarp,Collenchyma;Inner epidermis;Outer epidermis;Parenchyma;Total pericarp
Solyc07g065290,0.4181780133928571,0.2135300409226191,True,0.2135300409226191,0.9617332661309606,3.0819893725104928,True,4,True,0.1185344827586206,0.2684060683284224,cross_cohort_expression_replication_only,294.0,Solyc07g065290.3,protein_coding,"Zinc finger transcription factor 51 && sp|Q9SJ41|C3H18_ARATH Zinc finger CCCH domain-containing protein 18 OS=Arabidopsis thaliana OX=3702 GN=At2g05160 PE=2 SV=1 && PF00076:RNA recognition motif. (a.k.a. RRM, RBD, or RNP domain)|PF12872:OST-HTH/LOTUS domain",RRM_1,gene-Solyc07g065290.3,,,Ensembl Plants BioMart,63,one_to_one,RIN,in_vivo_promoter_binding,binding_only,ripening_tomato_fruit;ITAG2;three_biological_replicates,0.611265211349237,0.8571428571428571,0.9088886805358494,0.4321507946492221,0.4755602365279355,1.0,7,6118,0.6116547139284785,0.3490341834718869,0.9404490091533632,298.0,0.194,1000,0.0199800199800199,0.0329919191129155,,four_cohort_expression_consensus,source_bound_context_limited,False,,,,,,,,,,,,not_measured,none,binding_only,False,expression_only_or_binding_only,0.5088213114976873,0.0021516196991712,False,binding_only_or_no_significant_perturbation,11.0,0.9090909090909092,Collenchyma;Columella;Inner epidermis;Outer epidermis;Parenchyma;Placenta;Seeds;Septum;Total pericarp;Vascular tissue,Collenchyma;Columella;Inner epidermis;Locular tissue;Outer epidermis;Parenchyma;Placenta;Seeds;Septum;Total pericarp;Vascular tissue
Solyc10g051020,0.5265183221726191,0.4501255580357143,True,0.4501255580357143,1.0966368664762598,0.916522496056249,True,4,True,0.1163793103448275,0.420847186828064,cross_cohort_expression_replication_only,295.0,Solyc10g051020.2,protein_coding,Cytochrome P450 (AHRD V3.3 *** A0A2U1MAN7_ARTAN) && sp|H2DH21|C7A29_PANGI Cytochrome P450 CYP72A219 OS=Panax ginseng OX=4054 PE=2 SV=1 && PF00067:Cytochrome P450,p450,gene-Solyc10g051020.2,,,Ensembl Plants BioMart,63,one_to_one,,,,,0.8860560555910513,1.0,0.922941181728714,0.7993722283015607,0.0789510497597892,0.8571428571428571,6,459,0.889085982264384,0.8457399384073299,0.9549873618862814,108.5,0.694,1000,0.0069930069930069,0.0185414585414585,,four_cohort_expression_consensus,no_regulatory_claim,True,1.6372707024937925,1.639787569656432,1.29006087762491e-12,1.6986757156044798e-11,True,,,,,,False,differential_direction_concordant,none,none,False,expression_only_or_binding_only,,,,no_admitted_binding_record,11.0,1.0,Collenchyma;Columella;Inner epidermis;Locular tissue;Outer epidermis;Parenchyma;Placenta;Seeds;Septum;Total pericarp;Vascular tissue,Collenchyma;Columella;Inner epidermis;Locular tissue;Outer epidermis;Parenchyma;Placenta;Seeds;Septum;Total pericarp;Vascular tissue
Solyc04g064940,-0.4763532366071429,-0.1272147042410715,True,0.1272147042410715,-0.370430217703083,-1.2582820547689446,True,4,True,0.1163793103448275,0.2210644461256669,cross_cohort_expression_replication_only,296.0,Solyc04g064940.3,protein_coding,Receptor-like protein kinase 2 (AHRD V3.3 *** A0A314KW93_NICAT) && sp|Q9LHP4|RGI1_ARATH LRR receptor-like serine/threonine-protein kinase RGI1 OS=Arabidopsis thaliana OX=3702 GN=RGI1 PE=1 SV=1 && PF13855:Leucine rich repeat|PF00069:Protein kinase domain,Pkinase,gene-Solyc04g064940.3,,,Ensembl Plants BioMart,63,one_to_one,,,,,-0.6575921748919341,1.0,-0.6909267814347476,0.2189688430410533,0.2489232794215076,1.0,7,4569,-0.6639924281995211,-0.848090371887858,-0.582782586305918,235.0,0.002,1000,0.0039960039960039,0.0126996291379853,,four_cohort_expression_consensus,no_regulatory_claim,False,,,,,,,,,,,,not_measured,none,none,False,expression_only_or_binding_only,,,,no_admitted_binding_record,6.0,1.0,Columella;Locular tissue;Parenchyma;Placenta;Septum;Total pericarp,Columella;Locular tissue;Parenchyma;Placenta;Septum;Total pericarp
Solyc08g078870,0.4613676525297618,0.4264787946428571,True,0.4264787946428571,0.2541835736747142,3.1407798346919247,True,4,True,0.115473441108545,0.3866269809667914,cross_cohort_expression_replication_only,297.0,Solyc08g078870.3,protein_coding,Bifunctional inhibitor/lipid-transfer protein/seed storage 2S albumin superfamily protein (AHRD V3.3 *** A0A2U1PU47_ARTAN) && sp|P14009|14KD_DAUCA 14 kDa proline-rich protein DC2.15 OS=Daucus carota OX=4039 PE=2 SV=1 && PF14547:Hydrophobic seed protein,-,gene-Solyc08g078870.3,,,Ensembl Plants BioMart,63,one_to_one,RIN,in_vivo_promoter_binding,binding_only,ripening_tomato_fruit;ITAG2;three_biological_replicates,0.537342361315648,0.8571428571428571,0.8134440732973325,0.4606381772840626,0.6204622714583204,1.0,7,9731,0.5451365035863783,0.2650680859388256,0.8734894886949424,373.0,0.012,1000,0.0509490509490509,0.0635493538719345,,four_cohort_expression_consensus,source_bound_context_limited,False,,,,,,,,,,,,not_measured,none,binding_only,True,binding_plus_independent_perturbation_expression,-2.201632145953725,5.202979762196286e-10,True,binding_plus_independent_perturbation_expression,11.0,0.9090909090909092,Collenchyma;Columella;Inner epidermis;Locular tissue;Outer epidermis;Parenchyma;Placenta;Seeds;Septum;Total pericarp,Collenchyma;Columella;Inner epidermis;Locular tissue;Outer epidermis;Parenchyma;Placenta;Seeds;Septum;Total pericarp;Vascular tissue
Solyc03g005780,-0.4838285900297619,-0.1472923642113096,True,0.1472923642113096,-2.9939969879321575,-0.8976375227386263,True,4,True,0.1142241379310344,0.3854598032969658,cross_cohort_expression_replication_only,298.0,Solyc03g005780.3,protein_coding,"Chlorophyll a-b binding protein && sp|P07369|CB2G_SOLLC Chlorophyll a-b binding protein 3C, chloroplastic OS=Solanum lycopersicum OX=4081 GN=CAB3C PE=3 SV=1 && PF00504:Chlorophyll A-B binding protein",-,gene-Solyc03g005780.3,Cab-3C,,Ensembl Plants BioMart,63,one_to_one,,,,,-0.8716964193980166,1.0,-0.9335210771870416,0.7568708147321429,0.0991083497729129,0.8571428571428571,6,595,-0.872589955464917,-0.9793999800871916,-0.8229633725358041,121.0,0.728,1000,0.0019980019980019,0.0091789398720091,,four_cohort_expression_consensus,no_regulatory_claim,True,-4.875467416635612,-4.864405447437519,1.85182511087875e-14,5.43202032524434e-13,True,2.0,3.6087642996233806,3.6087642996233806,3.39960548942273e-11,Solyc03g005780.1.1_S49,True,differential_direction_concordant,differential_site,none,False,expression_only_or_binding_only,,,,no_admitted_binding_record,11.0,1.0,Collenchyma;Columella;Inner epidermis;Locular tissue;Outer epidermis;Parenchyma;Placenta;Seeds;Septum;Total pericarp;Vascular tissue,Collenchyma;Columella;Inner epidermis;Locular tissue;Outer epidermis;Parenchyma;Placenta;Seeds;Septum;Total pericarp;Vascular tissue
Solyc06g072700,-0.4180152529761904,-0.3691057477678571,True,0.3691057477678571,-1.732178505345718,-2.394968161725771,True,4,True,0.1142241379310344,0.3582787489049932,cross_cohort_expression_replication_only,299.0,Solyc06g072700.3,protein_coding,Heavy metal-associated isoprenylated plant protein (AHRD V3.3 *-* A0A2R6PUZ2_ACTCH) && sp|Q9C5D3|HIP7_ARATH Heavy metal-associated isoprenylated plant protein 7 OS=Arabidopsis thaliana OX=3702 GN=HIPP07 PE=1 SV=1 && PF00403:Heavy-metal-associated domain,HMA,gene-Solyc06g072700.3,,,Ensembl Plants BioMart,63,one_to_one,,,,,-0.9791567506770652,1.0,-0.9763099885131368,0.9588492771986408,0.0111837291423264,1.0,7,15,-0.9794765489916352,-0.9849397624177616,-0.9762489743855078,14.0,0.994,1000,0.0009990009990009,0.0073577216434359,,four_cohort_expression_consensus,no_regulatory_claim,False,,,,,,,,,,,,not_measured,none,none,False,expression_only_or_binding_only,,,,no_admitted_binding_record,9.0,0.8888888888888888,Collenchyma;Columella;Locular tissue;Parenchyma;Placenta;Septum;Total pericarp;Vascular tissue,Collenchyma;Columella;Locular tissue;Parenchyma;Placenta;Seeds;Septum;Total pericarp;Vascular tissue
Solyc03g122130,0.4178931826636906,0.4302804129464287,True,0.4178931826636906,1.8213917343443868,2.7012587225511067,True,4,True,0.1120689655172413,0.4039231106155929,cross_cohort_expression_replication_only,300.0,Solyc03g122130.3,protein_coding,Peroxisomal (S)-2-hydroxy-acid oxidase GLO4 (AHRD V3.3 *** A0A2G3D0F6_CAPCH) && sp|Q9LJH5|GLO4_ARATH Peroxisomal (S)-2-hydroxy-acid oxidase GLO4 OS=Arabidopsis thaliana OX=3702 GN=GLO4 PE=2 SV=1 && PF01070:FMN-dependent dehydrogenase,FMN_dh,gene-Solyc03g122130.3,,,Ensembl Plants BioMart,63,one_to_one,,,,,0.8309638208428617,1.0,0.9094555418911188,0.6069258987527513,0.1414817184761555,1.0,7,1075,0.8324386840780926,0.7800662037930094,0.9633495109224116,135.0,0.702,1000,0.0009990009990009,0.0073577216434359,,four_cohort_expression_consensus,no_regulatory_claim,True,1.1864765317473756,1.1836699268431476,5.788383236522159e-11,4.15566641407181e-10,True,,,,,,False,differential_direction_concordant,none,none,False,expression_only_or_binding_only,,,,no_admitted_binding_record,11.0,1.0,Collenchyma;Columella;Inner epidermis;Locular tissue;Outer epidermis;Parenchyma;Placenta;Seeds;Septum;Total pericarp;Vascular tissue,Collenchyma;Columella;Inner epidermis;Locular tissue;Outer epidermis;Parenchyma;Placenta;Seeds;Septum;Total pericarp;Vascular tissue
Solyc10g050980,0.7902599516369049,0.1175130208333333,True,0.1175130208333333,0.4339670149574675,2.2887239112242463,True,4,True,0.1099137931034482,0.3915159373257943,cross_cohort_expression_replication_only,301.0,Solyc10g050980.1,protein_coding,Unknown protein && - && -,-,gene-Solyc10g050980.1,,,Ensembl Plants BioMart,63,one_to_one,,,,,0.5090831776949705,0.8571428571428571,0.7549807919878373,0.3814044434368624,0.6344926346024506,1.0,7,10985,0.5146659355538394,0.239064638027532,0.8660991290411008,386.5,0.002,1000,0.0769230769230769,0.0910518053375196,,four_cohort_expression_consensus,no_regulatory_claim,False,,,,,,,,,,,,not_measured,none,none,False,expression_only_or_binding_only,,,,no_admitted_binding_record,3.0,0.3333333333333333,Locular tissue,Locular tissue;Seeds;Vascular tissue
Solyc09g005560,0.5317499069940477,0.3167550223214285,True,0.3167550223214285,0.9446507184016024,0.8506488842446117,True,4,True,0.1077586206896551,0.3508028390539142,cross_cohort_expression_replication_only,302.0,Solyc09g005560.4,protein_coding,Trihelix transcription factor GT-3b (AHRD V3.3 *-* A0A1U8EDU3_CAPAN) && sp|Q9SDW0|TGT3A_ARATH Trihelix transcription factor GT-3a OS=Arabidopsis thaliana OX=3702 GN=GT-3A PE=1 SV=1 && PF13837:Myb/SANT-like DNA-binding domain,-,gene-Solyc09g005560.4,,,Ensembl Plants BioMart,63,one_to_one,,,,,0.4264465588982941,0.7142857142857143,0.5908463433710188,0.4954082274499937,0.7117387940937814,1.0,7,15121,0.4288401072838505,-0.2753617092826539,0.904057618679994,400.5,0.0,1000,0.1458541458541458,0.1584925613028657,,four_cohort_expression_consensus,no_regulatory_claim,False,,,,,,,,,,,,not_measured,none,none,False,expression_only_or_binding_only,,,,no_admitted_binding_record,8.0,0.75,Locular tissue;Outer epidermis;Placenta;Seeds;Septum;Total pericarp,Columella;Locular tissue;Outer epidermis;Placenta;Seeds;Septum;Total pericarp;Vascular tissue
Solyc07g049370,-0.4176897321428571,-0.1602783203125,True,0.1602783203125,-1.26358739173294,-2.2484486543046303,True,4,True,0.1077586206896551,0.236698156406785,cross_cohort_expression_replication_only,303.0,Solyc07g049370.2,protein_coding,"Glucan endo-1 && sp|Q9ZU91|E133_ARATH Glucan endo-1,3-beta-glucosidase 3 OS=Arabidopsis thaliana OX=3702 GN=At2g01630 PE=2 SV=2 && PF07983:X8 domain|PF00332:Glycosyl hydrolases family 17",Glyco_hydro_17,gene-Solyc07g049370.2,,,Ensembl Plants BioMart,63,one_to_one,,,,,-0.5406387130784721,0.8571428571428571,-0.8354938968668681,0.5126632428466618,0.6416760508555759,1.0,7,9598,-0.543279056760319,-0.9152897389647152,-0.2586251079966112,370.0,0.0,1000,0.0449550449550449,0.0568368960739532,,four_cohort_expression_consensus,no_regulatory_claim,False,,,,,,,,,,,,not_measured,none,none,False,expression_only_or_binding_only,,,,no_admitted_binding_record,10.0,1.0,Collenchyma;Columella;Inner epidermis;Outer epidermis;Parenchyma;Placenta;Seeds;Septum;Total pericarp;Vascular tissue,Collenchyma;Columella;Inner epidermis;Outer epidermis;Parenchyma;Placenta;Seeds;Septum;Total pericarp;Vascular tissue
Solyc02g089140,0.7799944196428571,0.1736828031994048,True,0.1736828031994048,0.2302321263981704,1.360387216228094,True,4,True,0.1062355658198614,0.3589942362825516,cross_cohort_expression_replication_only,304.0,Solyc02g089140.3,protein_coding,B12D protein (AHRD V3.3 *** A0A2U1M961_ARTAN) && - && -,-,gene-Solyc02g089140.3,,,Ensembl Plants BioMart,63,one_to_one,,,,,0.4455108002379414,0.7142857142857143,0.5630433382448117,0.5172296531398776,0.6460144914673981,1.0,7,13802,0.4483392627305449,-0.2941337053096487,0.8458585963444198,396.0,0.002,1000,0.1128871128871128,0.1283814224990695,,four_cohort_expression_consensus,no_regulatory_claim,False,,,,,,,,,,,,not_measured,none,none,False,expression_only_or_binding_only,,,,no_admitted_binding_record,,,,
Solyc11g020330,0.4442545572916668,0.1151646205357143,True,0.1151646205357143,1.3686421924545762,3.688851299591077,True,4,True,0.105603448275862,0.3486912180457115,cross_cohort_expression_replication_only,305.0,Solyc11g020330.1,protein_coding,leer-sHSP small heat shock protein && sp|P19244|HSP41_PEA 22.7 kDa class IV heat shock protein OS=Pisum sativum OX=3888 GN=HSP22.7 PE=2 SV=1 && PF00011:Hsp20/alpha crystallin family,-,gene-Solyc11g020330.1,er-sHSP,,Ensembl Plants BioMart,63,one_to_one,,,,,0.3862128702566681,0.7142857142857143,0.5250574959415444,0.6650739397321429,0.8577745787619566,1.0,7,18093,0.3862791863528976,-0.3145241052837998,0.8749712377380333,426.0,0.01,1000,0.2427572427572427,0.2519896211171378,,four_cohort_expression_consensus,no_regulatory_claim,True,2.0136071174075534,2.0148370552312804,2.23634191974887e-14,6.28188214531614e-13,True,,,,,,False,differential_direction_concordant,none,none,False,expression_only_or_binding_only,,,,no_admitted_binding_record,11.0,0.8181818181818182,Collenchyma;Columella;Inner epidermis;Locular tissue;Outer epidermis;Parenchyma;Placenta;Septum;Total pericarp,Collenchyma;Columella;Inner epidermis;Locular tissue;Outer epidermis;Parenchyma;Placenta;Seeds;Septum;Total pericarp;Vascular tissue
Solyc10g080540,-0.4162713913690477,-0.1376371837797618,True,0.1376371837797618,-1.2793519022396207,-0.9876126648085318,True,4,True,0.105603448275862,0.1845509476785856,cross_cohort_expression_replication_only,306.0,Solyc10g080540.2,protein_coding,Homeobox-leucine zipper protein HOX27 (AHRD V3.3 *** A0A2G3BH29_CAPCH) && sp|P46665|HAT14_ARATH Homeobox-leucine zipper protein HAT14 OS=Arabidopsis thaliana OX=3702 GN=HAT14 PE=2 SV=3 && PF00046:Homeodomain|PF02183:Homeobox associated leucine zipper,Homeobox,gene-Solyc10g080540.2,,,Ensembl Plants BioMart,63,one_to_one,,,,,-0.7764661996105029,1.0,-0.8222042082164924,0.5307703595011005,0.1480291667289461,0.8571428571428571,6,1868,-0.7821031831912069,-0.8797071334537382,-0.7202549843611877,159.5,0.68,1000,0.0139860139860139,0.0278519763498304,,four_cohort_expression_consensus,no_regulatory_claim,False,,,,,,,,,,,,not_measured,none,none,False,expression_only_or_binding_only,,,,no_admitted_binding_record,,,,
Solyc02g083450,-0.4221772693452383,-0.2097051711309523,True,0.2097051711309523,-0.229320819438245,-1.759417578747802,True,4,True,0.1039260969976905,0.1789987656287329,cross_cohort_expression_replication_only,307.0,Solyc02g083450.3,protein_coding,Eukaryotic aspartyl protease family protein (AHRD V3.3 *** A0A2U1LT79_ARTAN) && sp|Q8VYV9|APF1_ARATH Aspartyl protease family protein 1 OS=Arabidopsis thaliana OX=3702 GN=APF1 PE=2 SV=1 && PF14541:Xylanase inhibitor C-terminal|PF14543:Xylanase inhibitor N-terminal,-,gene-Solyc02g083450.3,,,Ensembl Plants BioMart,63,one_to_one,,,,,-0.5919628339798699,0.8571428571428571,-0.8246055913875869,0.2481234536839014,0.399805301462665,1.0,7,7170,-0.5941820675593811,-0.8988233168963825,-0.3573118942699419,326.0,0.0,1000,0.0239760239760239,0.0352053010280858,,four_cohort_expression_consensus,no_regulatory_claim,False,,,,,,,,,,,,not_measured,none,none,False,expression_only_or_binding_only,,,,no_admitted_binding_record,7.0,1.0,Columella;Locular tissue;Placenta;Seeds;Septum;Total pericarp;Vascular tissue,Columella;Locular tissue;Placenta;Seeds;Septum;Total pericarp;Vascular tissue
Solyc02g092110,0.4161551339285715,0.3801153273809524,True,0.3801153273809524,1.3772241954055588,2.400267911047672,True,4,True,0.1034482758620689,0.3309496197340129,cross_cohort_expression_replication_only,308.0,Solyc02g092110.3,protein_coding,Phytosulfokines 3 (AHRD V3.3 *** A0A2I0WHI7_9ASPA) && sp|Q9M2Y0|PSK3_ARATH Phytosulfokines 3 OS=Arabidopsis thaliana OX=3702 GN=PSK3 PE=2 SV=2 && -,-,gene-Solyc02g092110.3,PSK4,,Ensembl Plants BioMart,63,one_to_one,,,,,0.616823544994846,0.8571428571428571,0.9507758404807252,0.6489076194070533,0.5619673731568029,1.0,7,5859,0.6171401334460371,0.3320849735741836,0.9702395385887098,261.5,0.274,1000,0.0109890109890109,0.0246323724584594,,four_cohort_expression_consensus,no_regulatory_claim,False,,,,,,,,,,,,not_measured,none,none,False,expression_only_or_binding_only,,,,no_admitted_binding_record,9.0,1.0,Columella;Inner epidermis;Locular tissue;Parenchyma;Placenta;Seeds;Septum;Total pericarp;Vascular tissue,Columella;Inner epidermis;Locular tissue;Parenchyma;Placenta;Seeds;Septum;Total pericarp;Vascular tissue
Solyc02g092580,0.4799572172619048,0.2201276506696428,True,0.2201276506696428,0.2235934639641982,1.074616764816684,True,4,True,0.1016166281755196,0.2360722604921558,cross_cohort_expression_replication_only,309.0,Solyc02g092580.3,protein_coding,Peroxidase (AHRD V3.3 *** K4BD54_SOLLC) && sp|Q9SZE7|PER51_ARATH Peroxidase 51 OS=Arabidopsis thaliana OX=3702 GN=PER51 PE=2 SV=1 && PF00141:Peroxidase,-,gene-Solyc02g092580.3,,,Ensembl Plants BioMart,63,one_to_one,,,,,0.8278353051955002,1.0,0.8563915652181529,0.6314970163452391,0.1254087627679899,1.0,7,1116,0.8345961530490631,0.7896257862642466,0.9184150770065314,142.0,0.682,1000,0.0029970029970029,0.0108641358641358,,four_cohort_expression_consensus,no_regulatory_claim,True,0.0295537731251154,,,,False,,,,,,False,measured_direction_concordant,none,none,False,expression_only_or_binding_only,,,,no_admitted_binding_record,1.0,1.0,Columella,Columella
Solyc02g065530,-0.4160039992559524,-0.154936290922619,True,0.154936290922619,-0.5269320704712022,-3.7054490156257383,True,4,True,0.1012931034482758,0.2560486680735844,cross_cohort_expression_replication_only,310.0,Solyc02g065530.5,protein_coding,Hexosyltransferase (AHRD V3.11 *** tr_A0A2G2XBK6_A0A2G2XBK6_CAPBA) && sp|Q0GXS4|NFP_MEDTR Serine/threonine receptor-like kinase NFP OS=Medicago truncatula OX=3880 GN=NFP PE=1 SV=1 && PF07714:Protein tyrosine kinase,Pkinase_Tyr,gene-Solyc02g065530.4,,,Ensembl Plants BioMart,63,one_to_one,,,,,-0.5654694977043633,0.8333333333333334,-0.8881980465365327,0.0,0.3502153282874152,0.8571428571428571,6,8471,-0.5674747139162739,-0.9269134328088424,-0.3166894550420718,351.0,0.26,1000,0.0019980019980019,0.0091789398720091,,four_cohort_expression_consensus,no_regulatory_claim,False,,,,,,,,,,,,not_measured,none,none,False,expression_only_or_binding_only,,,,no_admitted_binding_record,9.0,1.0,Collenchyma;Columella;Inner epidermis;Locular tissue;Outer epidermis;Parenchyma;Placenta;Septum;Total pericarp,Collenchyma;Columella;Inner epidermis;Locular tissue;Outer epidermis;Parenchyma;Placenta;Septum;Total pericarp
Solyc05g007120,-0.4149576822916666,-0.2926141648065476,True,0.2926141648065476,-2.763048348057318,-4.612757880116499,True,4,True,0.0991379310344827,0.4853654833957155,cross_cohort_expression_replication_only,311.0,Solyc05g007120.4,protein_coding,Leucine-rich repeat protein kinase family protein (AHRD V3.3 *** A0A2U1LJE3_ARTAN) && sp|Q9M9S4|Y1143_ARATH Probable LRR receptor-like serine/threonine-protein kinase At1g14390 OS=Arabidopsis thaliana OX=3702 GN=At1g14390 PE=1 SV=1 && PF00069:Protein kinase domain|PF13855:Leucine rich repeat,Pkinase,gene-Solyc05g007120.4,,,Ensembl Plants BioMart,63,one_to_one,,,,,-0.6812937580514513,1.0,-0.9742562431425916,0.0806390740973707,0.314473509703801,1.0,7,3912,-0.6815170501834354,-0.9847249271811696,-0.5450429463278297,216.0,0.304,1000,0.0069930069930069,0.0185414585414585,,four_cohort_expression_consensus,no_regulatory_claim,False,,,,,,,,,,,,not_measured,none,none,False,expression_only_or_binding_only,,,,no_admitted_binding_record,11.0,1.0,Collenchyma;Columella;Inner epidermis;Locular tissue;Outer epidermis;Parenchyma;Placenta;Seeds;Septum;Total pericarp;Vascular tissue,Collenchyma;Columella;Inner epidermis;Locular tissue;Outer epidermis;Parenchyma;Placenta;Seeds;Septum;Total pericarp;Vascular tissue
Solyc02g083700,-0.4260602678571427,-0.1145542689732144,True,0.1145542689732144,-1.577689835321583,-1.7369115045178725,True,4,True,0.0991379310344827,0.2514035995858883,cross_cohort_expression_replication_only,312.0,Solyc02g083700.4,protein_coding,Alpha-mannosidase (AHRD V3.3 *** A0A1U8FVM7_CAPAN) && sp|C0HJB3|MANA_CANEN Alpha-mannosidase OS=Canavalia ensiformis OX=3823 PE=1 SV=1 && PF01074:Glycosyl hydrolases family 38 N-terminal domain|PF17677:Glycosyl hydrolases family 38 C-terminal beta sandwich domain|PF07748:Glycosyl hydrolases family 38 C-terminal domain|PF09261:Alpha mannosidase middle domain,-,gene-Solyc02g083700.4,,,Ensembl Plants BioMart,63,one_to_one,,,,,-0.865716843113783,1.0,-0.9370081640728508,0.6632254464285714,0.1051290282482959,1.0,7,667,-0.8662786276378813,-0.9597781817906914,-0.8169865268248627,123.5,0.76,1000,0.0029970029970029,0.0108641358641358,,four_cohort_expression_consensus,no_regulatory_claim,True,0.2464116365733546,,,,False,,,,,,False,measured_direction_discordant,none,none,False,expression_only_or_binding_only,,,,no_admitted_binding_record,11.0,0.9090909090909092,Collenchyma;Columella;Inner epidermis;Locular tissue;Outer epidermis;Parenchyma;Placenta;Seeds;Septum;Total pericarp,Collenchyma;Columella;Inner epidermis;Locular tissue;Outer epidermis;Parenchyma;Placenta;Seeds;Septum;Total pericarp;Vascular tissue
Solyc07g063850,0.4414760044642857,0.1690266927083333,True,0.1690266927083333,0.2065627283482208,0.9240535618268398,True,4,True,0.0969976905311778,0.1664908019431392,cross_cohort_expression_replication_only,313.0,Solyc07g063850.3,protein_coding,IAA-amido synthetase 3-9 && sp|Q9LSQ4|GH36_ARATH Indole-3-acetic acid-amido synthetase GH3.6 OS=Arabidopsis thaliana OX=3702 GN=GH3.6 PE=1 SV=1 && PF03321:GH3 auxin-responsive promoter,-,gene-Solyc07g063850.3,GH3-9,,Ensembl Plants BioMart,63,one_to_one,,,,,0.4054032880100294,0.7142857142857143,0.5624184900268748,0.3992291997279528,0.7217012602387246,1.0,7,16777,0.4080143023593524,-0.2860055794643829,0.8279312765026111,418.5,0.0,1000,0.1658341658341658,0.1764840663923232,,four_cohort_expression_consensus,no_regulatory_claim,False,,,,,,,,,,,,not_measured,none,none,False,expression_only_or_binding_only,,,,no_admitted_binding_record,6.0,1.0,Columella;Locular tissue;Placenta;Seeds;Septum;Vascular tissue,Columella;Locular tissue;Placenta;Seeds;Septum;Vascular tissue
Solyc10g024430,0.5172991071428572,0.1998291015625,True,0.1998291015625,1.1186718849212194,0.7302666906964395,True,4,True,0.0948275862068965,0.3056226108943219,cross_cohort_expression_replication_only,314.0,Solyc10g024430.1,protein_coding,Unknown protein && - && -,-,gene-Solyc10g024430.1,,,Ensembl Plants BioMart,63,one_to_one,,,,,0.5375408729003656,0.8571428571428571,0.7692786558789261,0.3666177549523111,0.5607320733887677,1.0,7,9720,0.5413015516544493,0.277463961204159,0.8898463080870433,366.5,0.0,1000,0.0509490509490509,0.0635493538719345,,four_cohort_expression_consensus,no_regulatory_claim,False,,,,,,,,,,,,not_measured,none,none,False,expression_only_or_binding_only,,,,no_admitted_binding_record,5.0,1.0,Columella;Locular tissue;Placenta;Septum;Total pericarp,Columella;Locular tissue;Placenta;Septum;Total pericarp
Solyc07g017600,-0.41455078125,-0.289608909970238,True,0.289608909970238,-1.2606037306175,-2.611396252162521,True,4,True,0.0948275862068965,0.2861899737198375,cross_cohort_expression_replication_only,315.0,Solyc07g017600.3,protein_coding,Pectinesterase (AHRD V3.3 *** A0A1U8F5L9_CAPAN) && sp|Q43062|PME_PRUPE Pectinesterase/pectinesterase inhibitor PPE8B OS=Prunus persica OX=3760 PE=2 SV=1 && PF01095:Pectinesterase|PF04043:Plant invertase/pectin methylesterase inhibitor,-,gene-Solyc07g017600.3,,,Ensembl Plants BioMart,63,one_to_one,,,,,-0.6121829244850295,0.8571428571428571,-0.9491016282268864,0.9308508407766176,0.6600761715346162,1.0,7,6068,-0.6125445545282586,-0.970467004947261,-0.3055726069071047,292.0,0.25,1000,0.0189810189810189,0.0323793853205617,,four_cohort_expression_consensus,no_regulatory_claim,True,-0.8355431623238836,-0.833466149663896,2.81250377642827e-10,1.65546579899963e-09,True,,,,,,False,differential_direction_concordant,none,none,False,expression_only_or_binding_only,,,,no_admitted_binding_record,11.0,1.0,Collenchyma;Columella;Inner epidermis;Locular tissue;Outer epidermis;Parenchyma;Placenta;Seeds;Septum;Total pericarp;Vascular tissue,Collenchyma;Columella;Inner epidermis;Locular tissue;Outer epidermis;Parenchyma;Placenta;Seeds;Septum;Total pericarp;Vascular tissue
Solyc03g117690,-0.4142833891369048,-0.2362699962797619,True,0.2362699962797619,-1.726834776840976,-2.2923576342205867,True,4,True,0.0905172413793103,0.290352243768416,cross_cohort_expression_replication_only,316.0,Solyc03g117690.3,protein_coding,Eukaryotic aspartyl protease family protein (AHRD V3.3 *** A0A2U1P524_ARTAN) && sp|Q8S9J6|ASPA_ARATH Aspartyl protease family protein At5g10770 OS=Arabidopsis thaliana OX=3702 GN=At5g10770 PE=2 SV=1 && PF14543:Xylanase inhibitor N-terminal|PF14541:Xylanase inhibitor C-terminal,-,gene-Solyc03g117690.3,,,Ensembl Plants BioMart,63,one_to_one,,,,,-0.9502226470860292,1.0,-0.9550262366459542,0.8972516741071429,0.0325802061299448,1.0,7,96,-0.9503451359574896,-0.9826638655560532,-0.9397271187180418,59.0,0.924,1000,0.0009990009990009,0.0073577216434359,,four_cohort_expression_consensus,no_regulatory_claim,True,-0.6868633491310703,-0.6870927239595876,2.1686341481876e-07,6.08614471395372e-07,True,,,,,,False,differential_direction_concordant,none,none,False,expression_only_or_binding_only,,,,no_admitted_binding_record,10.0,1.0,Collenchyma;Columella;Inner epidermis;Locular tissue;Outer epidermis;Parenchyma;Placenta;Septum;Total pericarp;Vascular tissue,Collenchyma;Columella;Inner epidermis;Locular tissue;Outer epidermis;Parenchyma;Placenta;Septum;Total pericarp;Vascular tissue
Solyc06g005300,0.414155505952381,0.3120930989583333,True,0.3120930989583333,0.6007761704421991,1.5596056529980529,True,4,True,0.0883620689655172,0.211714581508322,cross_cohort_expression_replication_only,317.0,Solyc06g005300.5,protein_coding,UPA23 (AHRD V3.11 *** tr_C8YZB5_C8YZB5_CAPAN) && - && PF07795:Protein of unknown function (DUF1635),-,gene-Solyc06g005300.4,,,Ensembl Plants BioMart,63,one_to_one,,,,,0.6597434999568671,1.0,0.8488647763798362,0.0991739002809577,0.2963242619288597,1.0,7,4520,0.6628325610266113,0.5453120334058464,0.926643994551436,247.0,0.02,1000,0.0089910089910089,0.0220731649303077,,four_cohort_expression_consensus,no_regulatory_claim,False,,,,,,,,,,,,not_measured,none,none,False,expression_only_or_binding_only,,,,no_admitted_binding_record,1.0,1.0,Placenta,Placenta
Solyc08g006310,-0.4141206287202382,-0.3672456287202381,True,0.3672456287202381,-2.4716409209334023,-2.634654660225832,True,4,True,0.0862068965517241,0.4024660050171219,cross_cohort_expression_replication_only,318.0,Solyc08g006310.3,protein_coding,Cellulose synthase-like C4 && sp|Q9SB75|CSLC5_ARATH Probable xyloglucan glycosyltransferase 5 OS=Arabidopsis thaliana OX=3702 GN=CSLC5 PE=1 SV=1 && PF13632:Glycosyl transferase family group 2,-,gene-Solyc08g006310.3,,,Ensembl Plants BioMart,63,one_to_one,,,,,-0.6848040416023683,1.0,-0.9640307013201104,0.0962594875665702,0.3059072727116133,1.0,7,3838,-0.6853090630494387,-0.9834801030754086,-0.5518298187771378,214.0,0.322,1000,0.0069930069930069,0.0185414585414585,,four_cohort_expression_consensus,no_regulatory_claim,False,,,,,,,,,,,,not_measured,none,none,False,expression_only_or_binding_only,,,,no_admitted_binding_record,10.0,1.0,Collenchyma;Columella;Inner epidermis;Locular tissue;Outer epidermis;Parenchyma;Placenta;Septum;Total pericarp;Vascular tissue,Collenchyma;Columella;Inner epidermis;Locular tissue;Outer epidermis;Parenchyma;Placenta;Septum;Total pericarp;Vascular tissue
Solyc04g015640,-0.4276646205357144,-0.1186058407738095,True,0.1186058407738095,-0.5539112974119583,-0.6638885382548867,True,4,True,0.0862068965517241,0.1424790455522815,cross_cohort_expression_replication_only,319.0,Solyc04g015640.1,protein_coding,Disease resistance protein rga3-like (AHRD V3.3 *** A0A2K3NCR1_TRIPR) && sp|Q7XA39|RGA4_SOLBU Putative disease resistance protein RGA4 OS=Solanum bulbocastanum OX=147425 GN=RGA4 PE=2 SV=1 && PF18052:Rx N-terminal domain|PF00931:NB-ARC domain,NB-ARC,gene-Solyc04g015640.1,,,Ensembl Plants BioMart,63,one_to_one,,,,,-0.5461056376710366,0.8333333333333334,-0.6812698483024995,0.4259238267966447,0.458663963282019,0.8571428571428571,6,9352,-0.5665028556964814,-0.8194795521746335,-0.2868053642394329,362.0,0.274,1000,0.0299700299700299,0.0404246915874822,,four_cohort_expression_consensus,no_regulatory_claim,False,,,,,,,,,,,,not_measured,none,none,False,expression_only_or_binding_only,,,,no_admitted_binding_record,5.0,1.0,Columella;Locular tissue;Placenta;Septum;Total pericarp,Columella;Locular tissue;Placenta;Septum;Total pericarp
Solyc11g044910,0.4937686011904761,0.4049711681547619,True,0.4049711681547619,0.1645588599095315,1.5222098046877242,True,4,True,0.0854503464203233,0.3408668969499084,cross_cohort_expression_replication_only,320.0,Solyc11g044910.2,protein_coding,Beta-D-xylosidase 4 (AHRD V3.3 *** A0A2G2VN32_CAPBA) && sp|Q9FGY1|BXL1_ARATH Beta-D-xylosidase 1 OS=Arabidopsis thaliana OX=3702 GN=BXL1 PE=1 SV=1 && PF01915:Glycosyl hydrolase family 3 C-terminal domain|PF00933:Glycosyl hydrolase family 3 N terminal domain|PF14310:Fibronectin type III-like domain,Glyco_hydro_3_C,gene-Solyc11g044910.2,Arf/Xyl1,NM_001279175,Ensembl Plants BioMart,63,one_to_one,,,,,0.3858707033768919,0.7142857142857143,0.5165525087638079,0.5787713684453285,0.8243432852187924,1.0,7,18113,0.386551827302343,-0.3032350696052217,0.8389027104147896,428.0,0.0,1000,0.2567432567432567,0.2653204256767731,,four_cohort_expression_consensus,no_regulatory_claim,True,1.625883517428154,1.6261965476754172,4.12963565767668e-14,1.0028470416784199e-12,True,,,,,,False,differential_direction_concordant,none,none,False,expression_only_or_binding_only,,,,no_admitted_binding_record,11.0,0.7272727272727273,Collenchyma;Columella;Inner epidermis;Outer epidermis;Parenchyma;Septum;Total pericarp;Vascular tissue,Collenchyma;Columella;Inner epidermis;Locular tissue;Outer epidermis;Parenchyma;Placenta;Seeds;Septum;Total pericarp;Vascular tissue
Solyc02g083380,0.4128882998511906,0.2732398623511903,True,0.2732398623511903,1.788834904819736,4.843688874693506,True,4,True,0.084051724137931,0.4284761487616468,cross_cohort_expression_replication_only,321.0,Solyc02g083380.3,protein_coding,Big1 (AHRD V3.3 *-* AT2G17710.1) && - && -,-,gene-Solyc02g083380.3,,,Ensembl Plants BioMart,63,one_to_one,RIN,in_vivo_promoter_binding,binding_only,ripening_tomato_fruit;ITAG2;three_biological_replicates,0.9050838951321264,1.0,0.9554938620240632,0.7653792929928294,0.0737240326721857,1.0,7,303,0.9055332462287996,0.870366256046429,0.9688019214602368,105.0,0.95,1000,0.0009990009990009,0.0073577216434359,,four_cohort_expression_consensus,source_bound_context_limited,False,,,,,,,,,,,,not_measured,none,binding_only,True,binding_plus_independent_perturbation_expression,-3.062662058547518,2.6705232687981816e-229,True,binding_plus_independent_perturbation_expression,11.0,1.0,Collenchyma;Columella;Inner epidermis;Locular tissue;Outer epidermis;Parenchyma;Placenta;Seeds;Septum;Total pericarp;Vascular tissue,Collenchyma;Columella;Inner epidermis;Locular tissue;Outer epidermis;Parenchyma;Placenta;Seeds;Septum;Total pericarp;Vascular tissue
Solyc03g082560,-0.4128766741071427,-0.5278087797619048,True,0.4128766741071427,-1.9670136452543523,-2.3792111272960694,True,4,True,0.0818965517241379,0.4303637911125268,cross_cohort_expression_replication_only,322.0,Solyc03g082560.3,protein_coding,"Aldo-keto reductase/ oxidoreductase (AHRD V3.3 *** B6TN73_MAIZE) && sp|Q56Y42|PLR1_ARATH Pyridoxal reductase, chloroplastic OS=Arabidopsis thaliana OX=3702 GN=PLR1 PE=1 SV=1 && PF00248:Aldo/keto reductase family",Aldo_ket_red,gene-Solyc03g082560.3,,,Ensembl Plants BioMart,63,one_to_one,RIN,in_vivo_promoter_binding,binding_only,ripening_tomato_fruit;ITAG2;three_biological_replicates,-0.9690712594777504,1.0,-0.9699173179754548,0.9392711403309908,0.0199384361508098,1.0,7,34,-0.9696960480894098,-0.9823439706798324,-0.9639492099071796,30.0,0.962,1000,0.0009990009990009,0.0073577216434359,,four_cohort_expression_consensus,source_bound_context_limited,False,,,,,,,,,,,,not_measured,none,binding_only,True,binding_plus_independent_perturbation_expression,1.942328513045184,1.9819307243937844e-23,True,binding_plus_independent_perturbation_expression,11.0,0.9090909090909092,Collenchyma;Columella;Inner epidermis;Locular tissue;Outer epidermis;Parenchyma;Placenta;Septum;Total pericarp;Vascular tissue,Collenchyma;Columella;Inner epidermis;Locular tissue;Outer epidermis;Parenchyma;Placenta;Seeds;Septum;Total pericarp;Vascular tissue
Solyc04g016200,-0.4273623511904763,-0.0930873325892855,True,0.0930873325892855,-0.8629827568663719,-1.582665109254426,True,4,True,0.0818965517241379,0.1844688221709007,cross_cohort_expression_replication_only,323.0,Solyc04g016200.1,protein_coding,Glycosyltransferase (AHRD V3.3 *** A0A0A1WDL8_NICAT) && sp|P56725|ZOX_PHAVU Zeatin O-xylosyltransferase OS=Phaseolus vulgaris OX=3885 GN=ZOX1 PE=2 SV=1 && PF00201:UDP-glucoronosyl and UDP-glucosyl transferase,UDPGT,gene-Solyc04g016200.1,,,Ensembl Plants BioMart,63,one_to_one,,,,,-0.5756571333919296,0.8571428571428571,-0.7584912887779665,0.3154694510839937,0.430379349360783,1.0,7,8018,-0.577065295430137,-0.837672896513729,-0.3427600266652892,348.0,0.0,1000,0.0199800199800199,0.0329919191129155,,four_cohort_expression_consensus,no_regulatory_claim,False,,,,,,,,,,,,not_measured,none,none,False,expression_only_or_binding_only,,,,no_admitted_binding_record,8.0,1.0,Collenchyma;Columella;Outer epidermis;Parenchyma;Placenta;Septum;Total pericarp;Vascular tissue,Collenchyma;Columella;Outer epidermis;Parenchyma;Placenta;Septum;Total pericarp;Vascular tissue
Solyc11g040150,-0.4128534226190476,-0.6010858444940477,True,0.4128534226190476,-2.305190660264652,-3.069259908192551,True,4,True,0.0797413793103448,0.507029196862308,cross_cohort_expression_replication_only,324.0,Solyc11g040150.2,protein_coding,Heparan-alpha-glucosaminide N-acetyltransferase-like protein (DUF1624) (AHRD V3.3 *** B3H4C1_ARATH) && sp|Q3UDW8|HGNAT_MOUSE Heparan-alpha-glucosaminide N-acetyltransferase OS=Mus musculus OX=10090 GN=Hgsnat PE=1 SV=2 && PF07786:Protein of unknown function (DUF1624),-,gene-Solyc11g040150.2,,,Ensembl Plants BioMart,63,one_to_one,,,,,-0.844195495337012,1.0,-0.9764975305523184,0.5772843544261332,0.1413698842175597,1.0,7,918,-0.8445888337189845,-0.9894556389300184,-0.7744430788621068,127.0,0.998,1000,0.0039960039960039,0.0126996291379853,,four_cohort_expression_consensus,no_regulatory_claim,False,,,,,,,,,,,,not_measured,none,none,False,expression_only_or_binding_only,,,,no_admitted_binding_record,11.0,1.0,Collenchyma;Columella;Inner epidermis;Locular tissue;Outer epidermis;Parenchyma;Placenta;Seeds;Septum;Total pericarp;Vascular tissue,Collenchyma;Columella;Inner epidermis;Locular tissue;Outer epidermis;Parenchyma;Placenta;Seeds;Septum;Total pericarp;Vascular tissue
Solyc11g072080,-0.4712495349702381,-0.0913725353422619,True,0.0913725353422619,-0.8296107567642051,-2.066334454344764,True,4,True,0.0797413793103448,0.2538574102094449,cross_cohort_expression_replication_only,325.0,Solyc11g072080.1,protein_coding,F-box/kelch-repeat protein (AHRD V3.3 *-* A0A2G3BAF6_CAPCH) && sp|Q6NPN5|FK113_ARATH F-box/kelch-repeat protein At5g26960 OS=Arabidopsis thaliana OX=3702 GN=At5g26960 PE=2 SV=1 && PF01344:Kelch motif|PF00646:F-box domain,Kelch_1,gene-Solyc11g072080.1,,,Ensembl Plants BioMart,63,one_to_one,,,,,-0.8259320333315102,1.0,-0.8854392257702584,0.5768345424107143,0.1250095927916759,1.0,7,1142,-0.827638492674281,-0.9357367578660531,-0.7711405279208943,148.0,0.748,1000,0.0059940059940059,0.0171680171680171,,four_cohort_expression_consensus,no_regulatory_claim,False,,,,,,,,,,,,not_measured,none,none,False,expression_only_or_binding_only,,,,no_admitted_binding_record,10.0,1.0,Collenchyma;Columella;Inner epidermis;Locular tissue;Outer epidermis;Parenchyma;Placenta;Septum;Total pericarp;Vascular tissue,Collenchyma;Columella;Inner epidermis;Locular tissue;Outer epidermis;Parenchyma;Placenta;Septum;Total pericarp;Vascular tissue
Solyc10g049230,0.5885184151785715,0.0899716331845238,True,0.0899716331845238,1.3964865852406558,1.392354447542343,True,4,True,0.0775862068965517,0.375862317830692,cross_cohort_expression_replication_only,326.0,Solyc10g049230.1,protein_coding,disease resistance protein RGA2-like (AHRD V3.3 *-* XP_010321233.1) && - && -,-,gene-Solyc10g049230.1,,,Ensembl Plants BioMart,63,one_to_one,,,,,0.7656455371920864,1.0,0.7927242862334063,0.5312429154386761,0.1858156683020562,1.0,7,2062,0.7689010736133692,0.72755610291931,0.8556746569171925,172.0,0.67,1000,0.0029970029970029,0.0108641358641358,,four_cohort_expression_consensus,no_regulatory_claim,False,,,,,,,,,,,,not_measured,none,none,False,expression_only_or_binding_only,,,,no_admitted_binding_record,5.0,1.0,Columella;Locular tissue;Placenta;Septum;Total pericarp,Columella;Locular tissue;Placenta;Septum;Total pericarp
Solyc09g092130,-0.5697660900297621,-0.4378545851934524,True,0.4378545851934524,-1.0203967525339093,-0.5858571401459285,True,4,True,0.0754310344827586,0.4280816974595843,cross_cohort_expression_replication_only,327.0,Solyc09g092130.3,protein_coding,Sucrose phosphate synthase (AHRD V3.3 *** A0A0B5L7E2_LILDA) && sp|O04933|SPSA2_CRAPL Probable sucrose-phosphate synthase 2 OS=Craterostigma plantagineum OX=4153 GN=SPS2 PE=2 SV=1 && PF00862:Sucrose synthase|PF05116:Sucrose-6F-phosphate phosphohydrolase|PF00534:Glycosyl transferases group 1,Glycos_transf_1,gene-Solyc09g092130.3,,NM_001279221,Ensembl Plants BioMart,63,one_to_one,,,,,-0.6003426160223483,0.8571428571428571,-0.8873037472691919,0.6960778667281,0.5845379999908541,1.0,7,6729,-0.603132759985783,-0.9517288401526978,-0.3168976310544152,312.0,0.3,1000,0.0209790209790209,0.0333365264872114,,four_cohort_expression_consensus,no_regulatory_claim,True,-1.199637995482774,-1.2001068545614468,1.08541790783622e-11,9.966109881041678e-11,True,8.0,0.9054097484097388,0.9054097484097388,3.40854668736579e-07,Solyc09g092130.2.1_S127;S131;Solyc09g092130.2.1_S131;Solyc09g092130.2.1_S131;S147;Solyc09g092130.2.1_S147;Solyc09g092130.2.1_S699,True,differential_direction_concordant,differential_site,none,False,expression_only_or_binding_only,,,,no_admitted_binding_record,11.0,0.5454545454545454,Columella;Locular tissue;Parenchyma;Placenta;Septum;Total pericarp,Collenchyma;Columella;Inner epidermis;Locular tissue;Outer epidermis;Parenchyma;Placenta;Seeds;Septum;Total pericarp;Vascular tissue
Solyc11g012860,-0.4114699590773809,-0.3482607886904763,True,0.3482607886904763,-1.17015117814077,-3.0172816003109326,True,4,True,0.0754310344827586,0.3217105001194553,cross_cohort_expression_replication_only,328.0,Solyc11g012860.3,protein_coding,"coiled-coil protein && sp|Q8LLE5|FPP_SOLLC Filament-like plant protein (Fragment) OS=Solanum lycopersicum OX=4081 GN=FPP PE=1 SV=1 && PF05911:Filament-like plant protein, long coiled-coil",-,gene-Solyc11g012860.3,,,Ensembl Plants BioMart,63,one_to_one,,,,,-0.6157609229951942,0.8571428571428571,-0.9606768021840238,0.7947959911099929,0.6162977219770578,1.0,7,5910,-0.6159423619851113,-0.9771848178805,-0.3185336169041348,268.5,0.242,1000,0.0129870129870129,0.0269016697588126,,four_cohort_expression_consensus,no_regulatory_claim,False,,,,,,,,,,,,not_measured,none,none,False,expression_only_or_binding_only,,,,no_admitted_binding_record,11.0,1.0,Collenchyma;Columella;Inner epidermis;Locular tissue;Outer epidermis;Parenchyma;Placenta;Seeds;Septum;Total pericarp;Vascular tissue,Collenchyma;Columella;Inner epidermis;Locular tissue;Outer epidermis;Parenchyma;Placenta;Seeds;Septum;Total pericarp;Vascular tissue
Solyc02g078340,0.5232863653273809,0.4720633370535714,True,0.4720633370535714,0.1247619084451819,1.7314782455799969,True,4,True,0.0739030023094688,0.4058679919566775,cross_cohort_expression_replication_only,329.0,Solyc02g078340.4,protein_coding,Heat stress transcription factor B-2b (AHRD V3.3 *** A0A2G3D674_CAPCH) && sp|Q10KX8|HFB4D_ORYSJ Heat stress transcription factor B-4d OS=Oryza sativa subsp. japonica OX=39947 GN=HSFB4D PE=3 SV=1 && PF00447:HSF-type DNA-binding,HSF_DNA-bind,gene-Solyc02g078340.4,,,Ensembl Plants BioMart,63,one_to_one,,,,,0.5472768236098368,0.8571428571428571,0.7806022057471027,0.5368560638819222,0.6046136352348912,1.0,7,9309,0.548070294524136,0.2742966234140624,0.8308106408802627,369.0,0.0,1000,0.0469530469530469,0.059041229772937,,four_cohort_expression_consensus,no_regulatory_claim,False,,,,,,,,,,,,not_measured,none,none,False,expression_only_or_binding_only,,,,no_admitted_binding_record,3.0,0.6666666666666666,Locular tissue;Placenta,Locular tissue;Placenta;Seeds
Solyc01g109500,-0.4112723214285714,-0.3327287946428571,True,0.3327287946428571,-1.9308626464376897,-0.6982842860520864,True,4,True,0.0732758620689655,0.2783084136338297,cross_cohort_expression_replication_only,330.0,Solyc01g109500.4,protein_coding,BURP domain-containing protein (AHRD V3.3 *-* A0A1Q3C0F5_CEPFO) && sp|Q9XI99|USPL1_ARATH BURP domain protein USPL1 OS=Arabidopsis thaliana OX=3702 GN=USPL1 PE=2 SV=1 && PF03181:BURP domain,-,gene-Solyc01g109500.4,,,Ensembl Plants BioMart,63,one_to_one,,,,,-0.5798270525684449,0.8571428571428571,-0.7567183666856809,0.4637857666911225,0.4794010203803385,1.0,7,7799,-0.584638689365135,-0.8487411575662752,-0.3337527652471313,352.0,0.002,1000,0.0199800199800199,0.0329919191129155,,four_cohort_expression_consensus,no_regulatory_claim,False,,,,,,,,,,,,not_measured,none,none,False,expression_only_or_binding_only,,,,no_admitted_binding_record,4.0,1.0,Locular tissue;Parenchyma;Septum;Total pericarp,Locular tissue;Parenchyma;Septum;Total pericarp
Solyc06g075720,0.4203869047619047,0.0821649460565475,True,0.0821649460565475,0.1578690236680004,0.7604861654380194,True,4,True,0.0732758620689655,0.0978326331926415,cross_cohort_expression_replication_only,331.0,Solyc06g075720.3,protein_coding,"protein yippee-like (AHRD V3.3 *** XP_025887510.1) && - && PF03226:Yippee zinc-binding/DNA-binding /Mis18, centromere assembly",-,gene-Solyc06g075720.3,,,Ensembl Plants BioMart,63,one_to_one,,,,,0.5621319766521365,0.8571428571428571,0.6211112300233962,0.3171048769237221,0.3767754736931726,1.0,7,8623,0.5689446632744606,0.3432012677736341,0.7825147282853933,354.0,0.0,1000,0.0249750249750249,0.0354385675486592,,four_cohort_expression_consensus,no_regulatory_claim,False,,,,,,,,,,,,not_measured,none,none,False,expression_only_or_binding_only,,,,no_admitted_binding_record,,,,
Solyc10g044510,-0.4226306733630953,-0.4345238095238096,True,0.4226306733630953,-0.1240043578738006,-0.7600465427497013,True,4,True,0.0715935334872979,0.2258725213028589,cross_cohort_expression_replication_only,332.0,Solyc10g044510.2,protein_coding,MLO-like protein (AHRD V3.3 *** K4CZH6_SOLLC) && sp|O23693|MLO4_ARATH MLO-like protein 4 OS=Arabidopsis thaliana OX=3702 GN=MLO4 PE=2 SV=2 && PF03094:Mlo family,-,gene-Solyc10g044510.2,MLO,,Ensembl Plants BioMart,63,one_to_one,,,,,-0.5911632886287318,0.8571428571428571,-0.8287013565309461,0.5353570296059269,0.5193877283477721,1.0,7,7210,-0.5962037158756412,-0.9026811801656056,-0.3298116100735713,328.0,0.278,1000,0.0179820179820179,0.031485495636439,,four_cohort_expression_consensus,no_regulatory_claim,False,,,,,,,,,,,,not_measured,none,none,False,expression_only_or_binding_only,,,,no_admitted_binding_record,11.0,0.9090909090909092,Collenchyma;Columella;Inner epidermis;Locular tissue;Outer epidermis;Parenchyma;Placenta;Septum;Total pericarp;Vascular tissue,Collenchyma;Columella;Inner epidermis;Locular tissue;Outer epidermis;Parenchyma;Placenta;Seeds;Septum;Total pericarp;Vascular tissue
Solyc12g041950,-0.4320010230654761,-0.2652762276785714,True,0.2652762276785714,-0.8631818420242716,-0.5448115850788795,True,4,True,0.0711206896551724,0.2006711893764434,cross_cohort_expression_replication_only,333.0,Solyc12g041950.3,protein_coding,O-methyltransferase (AHRD V3.3 *-* G4XGX0_VITVI) && sp|B6VJS4|ROMT_VITVI Trans-resveratrol di-O-methyltransferase OS=Vitis vinifera OX=29760 GN=ROMT PE=1 SV=2 && PF00891:O-methyltransferase domain,-,gene-Solyc12g041950.3,,,Ensembl Plants BioMart,63,one_to_one,,,,,-0.5421178656312946,0.8571428571428571,-0.6820535546836977,0.0290602591520946,0.3403333951708637,1.0,7,9533,-0.5506546926439375,-0.8197615686803572,-0.3498391103381824,365.0,0.0,1000,0.0379620379620379,0.0492021944535911,,four_cohort_expression_consensus,no_regulatory_claim,False,,,,,,,,,,,,not_measured,none,none,False,expression_only_or_binding_only,,,,no_admitted_binding_record,3.0,1.0,Inner epidermis;Septum;Total pericarp,Inner epidermis;Septum;Total pericarp
Solyc05g015370,0.4659946986607143,0.5508393787202381,True,0.4659946986607143,0.1182906899385305,4.091247180129731,True,4,True,0.069284064665127,0.4839158437524886,cross_cohort_expression_replication_only,334.0,Solyc05g015370.3,protein_coding,DNA-binding HORMA (AHRD V3.3 *-* A0A200QG98_9MAGN) && sp|F4HRV8|ASY1_ARATH Meiosis-specific protein ASY1 OS=Arabidopsis thaliana OX=3702 GN=ASY1 PE=1 SV=1 && PF02301:HORMA domain,HORMA,gene-Solyc05g015370.3,,,Ensembl Plants BioMart,63,one_to_one,,,,,0.7144290391189869,1.0,0.8164295458142174,0.402431421446384,0.2384339431058156,0.8571428571428571,6,3085,0.7246817824524469,0.6422420253497858,0.8942085223872314,208.0,0.462,1000,0.0039960039960039,0.0126996291379853,,four_cohort_expression_consensus,no_regulatory_claim,False,,,,,,,,,,,,not_measured,none,none,False,expression_only_or_binding_only,,,,no_admitted_binding_record,5.0,1.0,Columella;Locular tissue;Placenta;Septum;Total pericarp,Columella;Locular tissue;Placenta;Septum;Total pericarp
Solyc01g109180,-0.4111095610119048,-0.6201927548363096,True,0.4111095610119048,-1.9813900077630169,-2.1826233031510034,True,4,True,0.0689655172413793,0.450376284144302,cross_cohort_expression_replication_only,335.0,Solyc01g109180.4,protein_coding,Long chain acyl-CoA synthetase 4 (AHRD V3.3 *** A0A2G2Y3Y7_CAPAN) && sp|M4ISH1|CCL6_HUMLU Probable CoA ligase CCL6 OS=Humulus lupulus OX=3486 GN=CCL6 PE=2 SV=1 && PF00501:AMP-binding enzyme,AMP-binding,gene-Solyc01g109180.4,,,Ensembl Plants BioMart,63,one_to_one,,,,,-0.9121096560146754,1.0,-0.9598734544869318,0.7872927366104182,0.0704679551702667,1.0,7,263,-0.9133374690959364,-0.97859519073661,-0.8808146784102023,81.0,0.758,1000,0.0019980019980019,0.0091789398720091,,four_cohort_expression_consensus,no_regulatory_claim,True,-1.7567143069744473,-1.7565794506389918,4.284763472365731e-15,1.78793322734209e-13,True,,,,,,False,differential_direction_concordant,none,none,False,expression_only_or_binding_only,,,,no_admitted_binding_record,9.0,0.7777777777777778,Inner epidermis;Locular tissue;Outer epidermis;Placenta;Seeds;Septum;Total pericarp,Collenchyma;Inner epidermis;Locular tissue;Outer epidermis;Parenchyma;Placenta;Seeds;Septum;Total pericarp
Solyc12g055970,-0.4757486979166667,-0.1211751302083333,True,0.1211751302083333,-1.81395745738212,-0.4995174947002502,True,4,True,0.0689655172413793,0.2911996296886198,cross_cohort_expression_replication_only,336.0,Solyc12g055970.3,protein_coding,Endoglucanase (AHRD V3.3 *** A0A2G3B3J7_CAPCH) && sp|Q42059|GUN6_ARATH Endoglucanase 6 OS=Arabidopsis thaliana OX=3702 GN=At1g64390 PE=2 SV=2 && PF09478:Carbohydrate binding domain CBM49|PF00759:Glycosyl hydrolase family 9,-,gene-Solyc12g055970.3,,,Ensembl Plants BioMart,63,one_to_one,,,,,-0.54496203305045,0.8571428571428571,-0.661621521421565,0.0494401811548622,0.3263649880281493,1.0,7,9417,-0.5513834658696394,-0.7811122742612394,-0.3527092432416581,362.0,0.0,1000,0.0419580419580419,0.0537804736699764,,four_cohort_expression_consensus,no_regulatory_claim,False,,,,,,,,,,,,not_measured,none,none,False,expression_only_or_binding_only,,,,no_admitted_binding_record,3.0,1.0,Columella;Placenta;Vascular tissue,Columella;Placenta;Vascular tissue
Solyc02g065780,-0.4109119233630952,-0.5167178199404763,True,0.4109119233630952,-4.335674003236089,-6.4943866521023415,True,4,True,0.0668103448275862,0.6686783268296568,cross_cohort_expression_replication_only,337.0,Solyc02g065780.1,protein_coding,Protein RALF-like 27 (AHRD V3.3 *** A0A2G3D352_CAPCH) && - && -,-,gene-Solyc02g065780.1,,,Ensembl Plants BioMart,63,one_to_one,,,,,-0.6132811680723849,0.8571428571428571,-0.9791974411103878,0.1058414056275422,0.3813840437095583,1.0,7,6022,-0.6135841046991382,-0.9925708257628144,-0.3744126693637447,284.0,0.32,1000,0.0159840159840159,0.0302717690472792,,four_cohort_expression_consensus,no_regulatory_claim,True,-0.4957108044426933,,,,False,,,,,,False,measured_direction_concordant,none,none,False,expression_only_or_binding_only,,,,no_admitted_binding_record,10.0,1.0,Collenchyma;Columella;Inner epidermis;Locular tissue;Outer epidermis;Parenchyma;Placenta;Septum;Total pericarp;Vascular tissue,Collenchyma;Columella;Inner epidermis;Locular tissue;Outer epidermis;Parenchyma;Placenta;Septum;Total pericarp;Vascular tissue
Solyc03g118370,-0.4230724516369048,-0.1150716145833334,True,0.1150716145833334,-1.7558027700772685,-0.4657744632705854,True,4,True,0.0668103448275862,0.2134205522815959,cross_cohort_expression_replication_only,338.0,Solyc03g118370.3,protein_coding,Carboxypeptidase (AHRD V3.3 *** A0A2G3CZU5_CAPCH) && sp|Q93Y09|SCP45_ARATH Serine carboxypeptidase-like 45 OS=Arabidopsis thaliana OX=3702 GN=SCPL45 PE=2 SV=1 && PF00450:Serine carboxypeptidase,Peptidase_S10,gene-Solyc03g118370.3,,,Ensembl Plants BioMart,63,one_to_one,,,,,-0.5363659801660299,0.8571428571428571,-0.6955980066330866,0.0,0.3535352409374738,1.0,7,9772,-0.545313918679865,-0.833185400725819,-0.3489911318653828,370.0,0.002,1000,0.0059940059940059,0.0171680171680171,,four_cohort_expression_consensus,no_regulatory_claim,False,,,,,,,,,,,,not_measured,none,none,False,expression_only_or_binding_only,,,,no_admitted_binding_record,2.0,1.0,Parenchyma;Vascular tissue,Parenchyma;Vascular tissue
Solyc02g090960,-0.5336565290178571,-0.4366571335565478,True,0.4366571335565478,-0.1133329227245943,-1.8890576231104448,True,4,True,0.0646651270207852,0.3976317989965756,cross_cohort_expression_replication_only,339.0,Solyc02g090960.1,protein_coding,Protein RALF-like 34 (AHRD V3.3 *** A0A2G2XHD5_CAPBA) && sp|Q9FHA6|RLF34_ARATH Protein RALF-like 34 OS=Arabidopsis thaliana OX=3702 GN=RALFL34 PE=2 SV=1 && PF05498:Rapid ALkalinization Factor (RALF),-,gene-Solyc02g090960.1,,,Ensembl Plants BioMart,63,one_to_one,,,,,-0.4383138857425546,0.7142857142857143,-0.6685085072791563,0.0768125969723654,0.5429105796462952,1.0,7,14248,-0.451907904184719,-0.8225781873510659,-0.2670765458675174,402.0,0.002,1000,0.1038961038961039,0.1184466639012093,,four_cohort_expression_consensus,no_regulatory_claim,False,,,,,,,,,,,,not_measured,none,none,False,expression_only_or_binding_only,,,,no_admitted_binding_record,3.0,1.0,Inner epidermis;Outer epidermis;Total pericarp,Inner epidermis;Outer epidermis;Total pericarp
Solyc03g083440,0.540283203125,0.0750325520833333,True,0.0750325520833333,1.3335295739961106,2.5890566786779003,True,4,True,0.0646551724137931,0.3770543820179979,cross_cohort_expression_replication_only,340.0,Solyc03g083440.4,protein_coding,"Glutamate synthase (AHRD V3.3 *** A0A2U1PKW7_ARTAN) && sp|Q9LV03|GLUT1_ARATH Glutamate synthase 1 [NADH], chloroplastic OS=Arabidopsis thaliana OX=3702 GN=GLT1 PE=1 SV=2 && PF00310:Glutamine amidotransferases class-II|PF04898:Glutamate synthase central domain|PF07992:Pyridine nucleotide-disulphide oxidoreductase|PF01493:GXGXG motif|PF01645:Conserved region in glutamate synthase|PF14691:Dihydroprymidine dehydrogenase domain II, 4Fe-4S cluster",GATase_2,gene-Solyc03g083440.4,,,Ensembl Plants BioMart,63,one_to_one,,,,,0.5307886063949654,0.8571428571428571,0.8319967936227778,0.5043073381696429,0.6618510067273731,1.0,7,10007,0.5346526298145401,0.247354146659785,0.9060731758227965,382.0,0.02,1000,0.0609390609390609,0.0744098007255902,,four_cohort_expression_consensus,no_regulatory_claim,False,,,,,,,,,,,,not_measured,none,none,False,expression_only_or_binding_only,,,,no_admitted_binding_record,10.0,0.8,Columella;Locular tissue;Outer epidermis;Parenchyma;Seeds;Septum;Total pericarp;Vascular tissue,Columella;Inner epidermis;Locular tissue;Outer epidermis;Parenchyma;Placenta;Seeds;Septum;Total pericarp;Vascular tissue
Solyc11g008810,-0.4108770461309524,-0.0774100167410714,True,0.0774100167410714,-2.767792790963423,-3.612512632325793,True,4,True,0.0646551724137931,0.3630980230150513,cross_cohort_expression_replication_only,341.0,Solyc11g008810.2,protein_coding,"Beta-hexosaminidase (AHRD V3.3 *** M1BC44_SOLTU) && sp|Q8L7S6|HEXO3_ARATH Beta-hexosaminidase 3 OS=Arabidopsis thaliana OX=3702 GN=HEXO3 PE=1 SV=1 && PF00728:Glycosyl hydrolase family 20, catalytic domain|PF14845:beta-acetyl hexosaminidase like",Glyco_hydro_20,gene-Solyc11g008810.2,,,Ensembl Plants BioMart,63,one_to_one,,,,,-0.8046850784075722,1.0,-0.916778033039596,0.5151018415178571,0.1671166428028863,1.0,7,1427,-0.8047832159772407,-0.9535618621093568,-0.7372916184902664,158.0,0.762,1000,0.0029970029970029,0.0108641358641358,,four_cohort_expression_consensus,no_regulatory_claim,True,-0.2648744091819525,,,,False,,,,,,False,measured_direction_concordant,none,none,False,expression_only_or_binding_only,,,,no_admitted_binding_record,11.0,1.0,Collenchyma;Columella;Inner epidermis;Locular tissue;Outer epidermis;Parenchyma;Placenta;Seeds;Septum;Total pericarp;Vascular tissue,Collenchyma;Columella;Inner epidermis;Locular tissue;Outer epidermis;Parenchyma;Placenta;Seeds;Septum;Total pericarp;Vascular tissue
Solyc06g083580,-0.4104817708333332,-0.7416178385416666,True,0.4104817708333332,-3.515480495774254,-6.656827383529922,True,4,True,0.0625,0.715743708688381,cross_cohort_expression_replication_only,342.0,Solyc06g083580.4,protein_coding,Pectate lyase (AHRD V3.3 *** A0A2G3CC63_CAPCH) && sp|Q9M8Z8|PLY8_ARATH Probable pectate lyase 8 OS=Arabidopsis thaliana OX=3702 GN=At3g07010 PE=2 SV=1 && PF00544:Pectate lyase,-,gene-Solyc06g083580.4,,NM_001318149,Ensembl Plants BioMart,63,one_to_one,,,,,-0.8563833134558949,1.0,-0.9941947578760292,0.6047301547364449,0.1366859011317146,1.0,7,762,-0.8565751289145977,-0.997028432868086,-0.7880831749348519,116.0,1.0,1000,0.0019980019980019,0.0091789398720091,,four_cohort_expression_consensus,no_regulatory_claim,True,-0.7531333921626154,-0.7529421024451488,6.033812451433951e-09,2.44990977927569e-08,True,,,,,,False,differential_direction_concordant,none,none,False,expression_only_or_binding_only,,,,no_admitted_binding_record,11.0,1.0,Collenchyma;Columella;Inner epidermis;Locular tissue;Outer epidermis;Parenchyma;Placenta;Seeds;Septum;Total pericarp;Vascular tissue,Collenchyma;Columella;Inner epidermis;Locular tissue;Outer epidermis;Parenchyma;Placenta;Seeds;Septum;Total pericarp;Vascular tissue
Solyc02g085950,-0.6267903645833333,-0.2941196986607143,True,0.2941196986607143,-0.1000074273131122,-0.5734725919071362,True,4,True,0.0623556581986143,0.3323992593772398,cross_cohort_expression_replication_only,343.0,Solyc02g085950.5,protein_coding,"Ribulose bisphosphate carboxylase small chain (AHRD V3.11 *** tr_A0A2G2XBI7_A0A2G2XBI7_CAPBA) && sp|P05349|RBS4_SOLLC Ribulose bisphosphate carboxylase small subunit, chloroplastic 4 OS=Solanum lycopersicum OX=4081 GN=RBCS4 PE=3 SV=1 && PF00101:Ribulose bisphosphate carboxylase, small chain|PF12338:Ribulose-1,5-bisphosphate carboxylase small subunit",-,gene-Solyc02g085950.4,RBCS4,NM_001309210,Ensembl Plants BioMart,63,one_to_one,,,,,-0.77506324876931,1.0,-0.8416830137547862,0.5051889648015221,0.1838910896556002,1.0,7,1890,-0.7756150855120401,-0.8822970902706017,-0.7249962758127619,169.5,0.68,1000,0.0009990009990009,0.0073577216434359,,four_cohort_expression_consensus,no_regulatory_claim,True,-0.6043080776849912,-0.6058338412745138,0.0001894029540631,0.0003170867311571,True,,,,,,False,differential_direction_concordant,none,none,False,expression_only_or_binding_only,,,,no_admitted_binding_record,11.0,1.0,Collenchyma;Columella;Inner epidermis;Locular tissue;Outer epidermis;Parenchyma;Placenta;Seeds;Septum;Total pericarp;Vascular tissue,Collenchyma;Columella;Inner epidermis;Locular tissue;Outer epidermis;Parenchyma;Placenta;Seeds;Septum;Total pericarp;Vascular tissue
Solyc07g055690,0.7942243303571429,0.0738467261904761,True,0.0738467261904761,0.8940994736617416,0.4114173586716884,True,4,True,0.0603448275862069,0.3398341064744763,cross_cohort_expression_replication_only,344.0,Solyc07g055690.1,protein_coding,Lectin-domain receptor-like kinase (AHRD V3.3 *** G4XXY5_NICAT) && sp|O81905|SD18_ARATH Receptor-like serine/threonine-protein kinase SD1-8 OS=Arabidopsis thaliana OX=3702 GN=SD18 PE=1 SV=1 && PF01453:D-mannose binding lectin|PF00954:S-locus glycoprotein domain,B_lectin,gene-Solyc07g055690.1,,,Ensembl Plants BioMart,63,one_to_one,,,,,0.5655893186849343,0.8571428571428571,0.6966381891121447,0.3866895261845386,0.4487115026392801,1.0,7,8462,0.5734686569852927,0.3400988809115653,0.795747113267713,351.0,0.224,1000,0.0249750249750249,0.0354385675486592,,four_cohort_expression_consensus,no_regulatory_claim,False,,,,,,,,,,,,not_measured,none,none,False,expression_only_or_binding_only,,,,no_admitted_binding_record,1.0,0.0,,Seeds
Solyc10g054670,0.4100399925595238,0.4104817708333335,True,0.4100399925595238,0.6249640777201471,1.0260746535859524,True,4,True,0.0603448275862069,0.2284943159194075,cross_cohort_expression_replication_only,345.0,Solyc10g054670.3,protein_coding,Unknown protein && - && -,-,gene-Solyc10g054670.3,,,Ensembl Plants BioMart,63,one_to_one,RIN,in_vivo_promoter_binding,binding_only,ripening_tomato_fruit;ITAG2;three_biological_replicates,0.5420579789985978,0.8571428571428571,0.809395730990226,0.4400972868704659,0.5987818064375202,1.0,7,9536,0.5442472394288309,0.2707605044608865,0.9138172347112814,365.0,0.258,1000,0.0589410589410589,0.0723509294937866,,four_cohort_expression_consensus,source_bound_context_limited,False,,,,,,,,,,,,not_measured,none,binding_only,False,expression_only_or_binding_only,0.3534770908706497,0.4635432776906018,False,binding_only_or_no_significant_perturbation,11.0,0.6363636363636364,Collenchyma;Columella;Outer epidermis;Parenchyma;Septum;Total pericarp;Vascular tissue,Collenchyma;Columella;Inner epidermis;Locular tissue;Outer epidermis;Parenchyma;Placenta;Seeds;Septum;Total pericarp;Vascular tissue
Solyc07g008430,-0.5496070498511905,-0.3211728050595239,True,0.3211728050595239,-0.0978877435347892,-2.1527566255406123,True,4,True,0.0600461893764434,0.3593003404475591,cross_cohort_expression_replication_only,346.0,Solyc07g008430.2,protein_coding,methionyl-tRNA synthetase (AHRD V3.3 *** AT5G10695.1) && - && -,-,gene-Solyc07g008430.2,,,Ensembl Plants BioMart,63,one_to_one,,,,,-0.5495573190916844,0.8571428571428571,-0.7040386311722606,0.1006206231391789,0.3697325964851303,1.0,7,9204,-0.5546727201040526,-0.8002683049550391,-0.3465925592434496,362.0,0.0,1000,0.0209790209790209,0.0333365264872114,,four_cohort_expression_consensus,no_regulatory_claim,False,,,,,,,,,,,,not_measured,none,none,False,expression_only_or_binding_only,,,,no_admitted_binding_record,10.0,1.0,Collenchyma;Columella;Inner epidermis;Locular tissue;Parenchyma;Placenta;Seeds;Septum;Total pericarp;Vascular tissue,Collenchyma;Columella;Inner epidermis;Locular tissue;Parenchyma;Placenta;Seeds;Septum;Total pericarp;Vascular tissue
Solyc02g071000,-0.5093470982142858,-0.069365001860119,True,0.069365001860119,-1.5153977524255715,-1.2230062827219896,True,4,True,0.0581896551724137,0.3187900672931433,cross_cohort_expression_replication_only,347.0,Solyc02g071000.1,protein_coding,"Chlorophyll a-b binding protein && sp|P07370|CB2B_SOLLC Chlorophyll a-b binding protein 1B, chloroplastic OS=Solanum lycopersicum OX=4081 GN=CAB1B PE=3 SV=1 && PF00504:Chlorophyll A-B binding protein",-,gene-Solyc02g071000.1,Cab-1D,,Ensembl Plants BioMart,63,one_to_one,,,,,-0.7586919452225191,1.0,-0.8610071289302149,0.4763532366071428,0.192056161016737,0.8571428571428571,6,2192,-0.763230404093097,-0.9318826710123684,-0.6779408464850869,181.5,0.612,1000,0.0109890109890109,0.0246323724584594,,four_cohort_expression_consensus,no_regulatory_claim,True,-3.0033807207516574,-3.00229169901682,1.1492194749927e-14,3.76539902900014e-13,True,,,,,,False,differential_direction_concordant,none,none,False,expression_only_or_binding_only,,,,no_admitted_binding_record,10.0,1.0,Collenchyma;Columella;Inner epidermis;Locular tissue;Outer epidermis;Parenchyma;Seeds;Septum;Total pericarp;Vascular tissue,Collenchyma;Columella;Inner epidermis;Locular tissue;Outer epidermis;Parenchyma;Seeds;Septum;Total pericarp;Vascular tissue
Solyc09g089750,0.4216889880952381,0.2894170851934524,True,0.2894170851934524,0.9313293421201876,0.3759302402659166,True,4,True,0.0581896551724137,0.1901267719200446,cross_cohort_expression_replication_only,348.0,Solyc09g089750.1,protein_coding,1-aminocyclopropane-1-carboxylate oxidase-like protein 1 (AHRD V3.3 *-* A0A2G2W184_CAPBA) && sp|P10967|ACCH3_SOLLC 1-aminocyclopropane-1-carboxylate oxidase homolog OS=Solanum lycopersicum OX=4081 GN=ACO3 PE=2 SV=1 && -,-,gene-Solyc09g089750.1,,,Ensembl Plants BioMart,63,one_to_one,,,,,0.7425177952763422,1.0,0.8185290539771966,0.4519148936170212,0.1926309482801944,0.8571428571428571,6,2509,0.7476378123245073,0.672744208370076,0.908306243405148,184.0,0.618,1000,0.0139860139860139,0.0278519763498304,,four_cohort_expression_consensus,no_regulatory_claim,False,,,,,,,,,,,,not_measured,none,none,False,expression_only_or_binding_only,,,,no_admitted_binding_record,9.0,1.0,Columella;Inner epidermis;Locular tissue;Parenchyma;Placenta;Seeds;Septum;Total pericarp;Vascular tissue,Columella;Inner epidermis;Locular tissue;Parenchyma;Placenta;Seeds;Septum;Total pericarp;Vascular tissue
Solyc12g042010,-0.4081682477678572,-0.251034691220238,True,0.251034691220238,-2.470423575691308,-2.9734449499721283,True,4,True,0.0560344827586206,0.3598627757426137,cross_cohort_expression_replication_only,349.0,Solyc12g042010.1,protein_coding,transcription factor IBH1-like (AHRD V3.3 *** A0A2I4G0N0_9ROSI) && - && -,-,gene-Solyc12g042010.1,,,Ensembl Plants BioMart,63,one_to_one,,,,,-0.6723850499970941,1.0,-0.95049107569956,0.06245020337988,0.3140582904919942,1.0,7,4152,-0.672593047909795,-0.9691431334978572,-0.5373882015938682,225.0,0.25,1000,0.0069930069930069,0.0185414585414585,,four_cohort_expression_consensus,no_regulatory_claim,False,,,,,,,,,,,,not_measured,none,none,False,expression_only_or_binding_only,,,,no_admitted_binding_record,10.0,1.0,Collenchyma;Columella;Inner epidermis;Locular tissue;Outer epidermis;Parenchyma;Placenta;Septum;Total pericarp;Vascular tissue,Collenchyma;Columella;Inner epidermis;Locular tissue;Outer epidermis;Parenchyma;Placenta;Septum;Total pericarp;Vascular tissue
Solyc04g054740,-0.5145670572916667,-0.0689697265624999,True,0.0689697265624999,-1.3527835580458567,-1.6804791651942734,True,4,True,0.0560344827586206,0.3232907939794537,cross_cohort_expression_replication_only,350.0,Solyc04g054740.3,protein_coding,myo-inositol-1-phosphate synthase && sp|Q9LW96|INO1_TOBAC Inositol-3-phosphate synthase OS=Nicotiana tabacum OX=4097 PE=2 SV=1 && PF07994:Myo-inositol-1-phosphate synthase|PF01658:Myo-inositol-1-phosphate synthase,-,gene-Solyc04g054740.3,IPS,NM_001346963,Ensembl Plants BioMart,63,one_to_one,,,,,-0.8026329404044751,1.0,-0.9347669218572238,0.4745047433035714,0.1661042113646337,1.0,7,1467,-0.8036403450697225,-0.962119965796777,-0.7232215243237308,155.0,0.74,1000,0.0139860139860139,0.0278519763498304,,four_cohort_expression_consensus,no_regulatory_claim,False,,,,,,,,,,,,not_measured,none,none,False,expression_only_or_binding_only,,,,no_admitted_binding_record,11.0,0.9090909090909092,Collenchyma;Columella;Inner epidermis;Locular tissue;Outer epidermis;Parenchyma;Placenta;Seeds;Septum;Total pericarp,Collenchyma;Columella;Inner epidermis;Locular tissue;Outer epidermis;Parenchyma;Placenta;Seeds;Septum;Total pericarp;Vascular tissue
Solyc07g043460,-0.4239095052083333,-0.2813953218005953,True,0.2813953218005953,-1.503344234038849,-0.3028166886656362,True,4,True,0.0560344827586206,0.2372780122640758,cross_cohort_expression_replication_only,351.0,Solyc07g043460.3,protein_coding,Cytochrome P450 (AHRD V3.3 *** A0A200PQ40_9MAGN) && sp|A0A0S2IHL2|C7A39_KALSE Cytochrome P450 72A397 OS=Kalopanax septemlobus OX=228393 GN=CYP72A397 PE=1 SV=1 && PF00067:Cytochrome P450,p450,gene-Solyc07g043460.3,GAME6,NM_001365979,Ensembl Plants BioMart,63,one_to_one,,,,,-0.805905087514404,1.0,-0.8580868209298537,0.5664919656741346,0.1488860286108857,1.0,7,1412,-0.807577259198137,-0.8959922565618591,-0.7570123665531445,154.0,0.678,1000,0.0029970029970029,0.0108641358641358,,four_cohort_expression_consensus,no_regulatory_claim,False,,,,,,,,,,,,not_measured,none,none,False,expression_only_or_binding_only,,,,no_admitted_binding_record,9.0,1.0,Collenchyma;Columella;Locular tissue;Outer epidermis;Parenchyma;Placenta;Seeds;Septum;Total pericarp,Collenchyma;Columella;Locular tissue;Outer epidermis;Parenchyma;Placenta;Seeds;Septum;Total pericarp
Solyc07g017950,-0.4732491629464286,-0.4146786644345239,True,0.4146786644345239,-0.0792716394759608,-2.3215831275599337,True,4,True,0.0554272517321016,0.3376714681054392,cross_cohort_expression_replication_only,352.0,Solyc07g017950.3,protein_coding,"Ribulose bisphosphate carboxylase small chain (AHRD V3.3 *** A0A1Q3CZK4_CEPFO) && sp|Q02980|RBS_MALSP Ribulose bisphosphate carboxylase small subunit, chloroplastic OS=Malus sp. OX=3751 GN=RBCS PE=2 SV=1 && PF00101:Ribulose bisphosphate carboxylase, small chain",-,gene-Solyc07g017950.3,RBCS,,Ensembl Plants BioMart,63,one_to_one,,,,,-0.5514682242516629,0.8571428571428571,-0.7816291340904267,0.4778748306379544,0.5730279502384016,1.0,7,9113,-0.5517677866330747,-0.8199756646137952,-0.2887769057087878,364.0,0.232,1000,0.0439560439560439,0.0558783682071353,,four_cohort_expression_consensus,no_regulatory_claim,True,-0.8502241758768042,-0.8498046295103647,8.496794618294559e-11,5.822629958936161e-10,True,,,,,,False,differential_direction_concordant,none,none,False,expression_only_or_binding_only,,,,no_admitted_binding_record,4.0,1.0,Inner epidermis;Outer epidermis;Seeds;Total pericarp,Inner epidermis;Outer epidermis;Seeds;Total pericarp
Solyc03g120890,-0.4080984933035714,-0.6122116815476191,True,0.4080984933035714,-2.30724408851169,-2.7079242770902137,True,4,True,0.0517241379310344,0.4898263916540575,cross_cohort_expression_replication_only,353.0,Solyc03g120890.3,protein_coding,GATA transcription factor (AHRD V3.3 *** K4BMN8_SOLLC) && sp|P69781|GAT12_ARATH GATA transcription factor 12 OS=Arabidopsis thaliana OX=3702 GN=GATA12 PE=2 SV=1 && PF00320:GATA zinc finger,GATA,gene-Solyc03g120890.3,,,Ensembl Plants BioMart,63,one_to_one,,,,,-0.9403329081561106,1.0,-0.9690689475631148,0.8564179980710362,0.0450546345584955,1.0,7,122,-0.9408244066304104,-0.9844044521835928,-0.9191434102909208,75.0,0.998,1000,0.0029970029970029,0.0108641358641358,,four_cohort_expression_consensus,no_regulatory_claim,False,,,,,,,,,,,,not_measured,none,none,False,expression_only_or_binding_only,,,,no_admitted_binding_record,11.0,1.0,Collenchyma;Columella;Inner epidermis;Locular tissue;Outer epidermis;Parenchyma;Placenta;Seeds;Septum;Total pericarp;Vascular tissue,Collenchyma;Columella;Inner epidermis;Locular tissue;Outer epidermis;Parenchyma;Placenta;Seeds;Septum;Total pericarp;Vascular tissue
Solyc02g085910,0.4859793526785715,0.0597040085565476,True,0.0597040085565476,1.4489316501834564,4.570231125757161,True,4,True,0.0517241379310344,0.4396327745480608,cross_cohort_expression_replication_only,354.0,Solyc02g085910.5,protein_coding,LOB domain-containing protein (AHRD V3.11 *** tr_A0A2U1NKN8_A0A2U1NKN8_ARTAN) && sp|Q9M886|LBD41_ARATH LOB domain-containing protein 41 OS=Arabidopsis thaliana OX=3702 GN=LBD41 PE=2 SV=1 && PF03195:Lateral organ boundaries (LOB) domain,-,gene-Solyc02g085910.4,,NM_001347909,Ensembl Plants BioMart,63,one_to_one,,,,,0.6244743269602454,1.0,0.8570790427674666,0.0152639745041305,0.3570280833220096,1.0,7,5573,0.6249872487690706,0.5022353604839138,0.974874353521392,269.5,0.08,1000,0.0159840159840159,0.0302717690472792,,four_cohort_expression_consensus,no_regulatory_claim,False,,,,,,,,,,,,not_measured,none,none,False,expression_only_or_binding_only,,,,no_admitted_binding_record,11.0,1.0,Collenchyma;Columella;Inner epidermis;Locular tissue;Outer epidermis;Parenchyma;Placenta;Seeds;Septum;Total pericarp;Vascular tissue,Collenchyma;Columella;Inner epidermis;Locular tissue;Outer epidermis;Parenchyma;Placenta;Seeds;Septum;Total pericarp;Vascular tissue
Solyc02g078040,-0.4080636160714285,-0.3559221540178572,True,0.3559221540178572,-2.6974068753873035,-3.2580834524238846,True,4,True,0.0495689655172413,0.4301771422314247,cross_cohort_expression_replication_only,355.0,Solyc02g078040.3,protein_coding,Pistil-specific extensin-like protein (AHRD V3.3 *-* A0A2G3A881_CAPAN) && sp|P93013|AGP30_ARATH Non-classical arabinogalactan protein 30 OS=Arabidopsis thaliana OX=3702 GN=AGP30 PE=2 SV=1 && PF01190:Pollen proteins Ole e I like,-,gene-Solyc02g078040.3,,,Ensembl Plants BioMart,63,one_to_one,,,,,-0.6075628952827141,0.8571428571428571,-0.9594402102639864,0.8782391782831989,0.659300310147622,1.0,7,6324,-0.6077919633006962,-0.9841356443291234,-0.302676177058193,308.5,0.316,1000,0.0239760239760239,0.0352053010280858,,four_cohort_expression_consensus,no_regulatory_claim,True,-1.4065385015928242,-1.407280776276796,1.20366942518962e-11,1.0894311457317e-10,True,,,,,,False,differential_direction_concordant,none,none,False,expression_only_or_binding_only,,,,no_admitted_binding_record,11.0,1.0,Collenchyma;Columella;Inner epidermis;Locular tissue;Outer epidermis;Parenchyma;Placenta;Seeds;Septum;Total pericarp;Vascular tissue,Collenchyma;Columella;Inner epidermis;Locular tissue;Outer epidermis;Parenchyma;Placenta;Seeds;Septum;Total pericarp;Vascular tissue
Solyc07g054750,0.6946265811011906,0.0449160621279761,True,0.0449160621279761,0.1452338882793432,1.054496615859268,True,4,True,0.0495689655172413,0.3025354384008919,cross_cohort_expression_replication_only,356.0,Solyc07g054750.1,protein_coding,Wound-responsive family protein (AHRD V3.3 *-* A0A2U1LJB1_ARTAN) && - && -,-,gene-Solyc07g054750.1,,,Ensembl Plants BioMart,63,one_to_one,RIN,in_vivo_promoter_binding,binding_only,ripening_tomato_fruit;ITAG2;three_biological_replicates,0.3647313581561573,0.7142857142857143,0.3837485094177289,0.3419363839285714,0.7185009670622384,1.0,7,19635,0.3678669752939718,-0.3325896197984158,0.7346583898860441,431.0,0.0,1000,0.2907092907092907,0.297768456708854,,four_cohort_expression_consensus,source_bound_context_limited,False,,,,,,,,,,,,not_measured,none,binding_only,True,binding_plus_independent_perturbation_expression,-9.54493608462784,5.610101369874113e-15,True,binding_plus_independent_perturbation_expression,6.0,0.3333333333333333,Seeds;Total pericarp,Columella;Locular tissue;Placenta;Seeds;Septum;Total pericarp
Solyc09g011610,0.4930594308035715,0.1150251116071428,True,0.1150251116071428,0.7034114409125154,0.1965096487165738,True,4,True,0.0495689655172413,0.2260317950147328,cross_cohort_expression_replication_only,357.0,Solyc09g011610.4,protein_coding,Glutathione S-transferase (AHRD V3.11 *-* tr_C0LF68_C0LF68_CAPAN) && sp|Q03663|GSTX2_TOBAC Probable glutathione S-transferase OS=Nicotiana tabacum OX=4097 PE=2 SV=1 && -,-,gene-Solyc09g011610.3,,,Ensembl Plants BioMart,63,one_to_one,,,,,0.7560115294251288,1.0,0.7990403372735843,0.5032540459597996,0.1696346709362519,0.8571428571428571,6,2234,0.7640521639838941,0.6923914896682201,0.8757632452847581,182.0,0.62,1000,0.0209790209790209,0.0333365264872114,,four_cohort_expression_consensus,no_regulatory_claim,False,,,,,,,,,,,,not_measured,none,none,False,expression_only_or_binding_only,,,,no_admitted_binding_record,,,,
Solyc11g007540,-0.40771484375,-0.5330403645833333,True,0.40771484375,-1.6893965249295444,-3.9068705499422656,True,4,True,0.0474137931034482,0.4836246714979693,cross_cohort_expression_replication_only,358.0,Solyc11g007540.2,protein_coding,Cytochrome P450 (AHRD V3.3 *** A0A346CEB0_TANCI) && sp|P37123|C77A1_SOLME Cytochrome P450 77A1 (Fragment) OS=Solanum melongena OX=4111 GN=CYP77A1 PE=2 SV=1 && PF00067:Cytochrome P450,p450,gene-Solyc11g007540.2,CYP77A20,NM_001323301,Ensembl Plants BioMart,63,one_to_one,,,,,-0.665635504954259,1.0,-0.8947248346237829,0.1155700926741308,0.3181072867239709,1.0,7,4347,-0.6660782657897173,-0.985738225848658,-0.5485582080939385,237.5,0.084,1000,0.0109890109890109,0.0246323724584594,,four_cohort_expression_consensus,no_regulatory_claim,True,-3.032184070708324,-3.0328365646826083,5.39282953275859e-16,3.60386984113973e-14,True,,,,,,False,differential_direction_concordant,none,none,False,expression_only_or_binding_only,,,,no_admitted_binding_record,6.0,1.0,Columella;Inner epidermis;Outer epidermis;Seeds;Total pericarp;Vascular tissue,Columella;Inner epidermis;Outer epidermis;Seeds;Total pericarp;Vascular tissue
Solyc10g011950,-0.6425548735119048,-0.3592064267113095,True,0.3592064267113095,-1.1953248149776208,-0.1863945681470035,True,4,True,0.0474137931034482,0.4301622103209365,cross_cohort_expression_replication_only,359.0,Solyc10g011950.4,protein_coding,chromodomain-helicase-DNA-binding protein 5-like (AHRD V3.11 *-* XP_010326988.1) && - && -,-,gene-Solyc10g011950.3,,,Ensembl Plants BioMart,63,one_to_one,,,,,-0.5465671156851609,0.8333333333333334,-0.8297255910553527,0.0,0.3634864905103352,0.8571428571428571,6,9329,-0.5529834387091073,-0.944136375705427,-0.3060785751026128,371.5,0.224,1000,0.0169830169830169,0.0305431003105421,,four_cohort_expression_consensus,no_regulatory_claim,False,,,,,,,,,,,,not_measured,none,none,False,expression_only_or_binding_only,,,,no_admitted_binding_record,4.0,1.0,Inner epidermis;Seeds;Septum;Total pericarp,Inner epidermis;Seeds;Septum;Total pericarp
Solyc12g013680,0.5868443080357143,0.0435209728422618,True,0.0435209728422618,0.5985122095166568,0.6281517920801923,True,4,True,0.0474137931034482,0.2854906625786414,cross_cohort_expression_replication_only,360.0,Solyc12g013680.3,protein_coding,receptor-like protein 12 (AHRD V3.3 *** A0A1S3Y203_TOBAC) && sp|Q9C637|RLP6_ARATH Receptor-like protein 6 OS=Arabidopsis thaliana OX=3702 GN=RLP6 PE=3 SV=1 && PF13855:Leucine rich repeat,-,gene-Solyc12g013680.3,,,Ensembl Plants BioMart,63,one_to_one,,,,,0.562693048514891,0.8571428571428571,0.7138726020790116,0.2226275841824967,0.3958448925620305,1.0,7,8605,0.5673515645534672,0.3456344455808215,0.8804276057899039,356.0,0.0,1000,0.0189810189810189,0.0323793853205617,,four_cohort_expression_consensus,no_regulatory_claim,False,,,,,,,,,,,,not_measured,none,none,False,expression_only_or_binding_only,,,,no_admitted_binding_record,,,,
Solyc09g061890,-0.5695917038690477,-0.7366420200892857,True,0.5695917038690477,-0.0501818200521742,-1.6264235899456672,True,4,True,0.046189376443418,0.4986163096280958,cross_cohort_expression_replication_only,361.0,Solyc09g061890.3,protein_coding,Pectate lyase (AHRD V3.3 *** A0A2G2VZE8_CAPBA) && sp|Q93WF1|PLY20_ARATH Probable pectate lyase 20 OS=Arabidopsis thaliana OX=3702 GN=At5g48900 PE=2 SV=1 && PF00544:Pectate lyase,-,gene-Solyc09g061890.3,,,Ensembl Plants BioMart,63,one_to_one,,,,,-0.5415346175878103,0.8333333333333334,-0.8334813965876424,0.0,0.3812851242792487,0.8571428571428571,6,9558,-0.5456303429767856,-0.967008165416557,-0.304501268428345,374.0,0.2,1000,0.0289710289710289,0.0391911295701383,,four_cohort_expression_consensus,no_regulatory_claim,False,,,,,,,,,,,,not_measured,none,none,False,expression_only_or_binding_only,,,,no_admitted_binding_record,7.0,1.0,Columella;Inner epidermis;Outer epidermis;Seeds;Septum;Total pericarp;Vascular tissue,Columella;Inner epidermis;Outer epidermis;Seeds;Septum;Total pericarp;Vascular tissue
Solyc07g056670,0.4076915922619048,0.1707124255952381,True,0.1707124255952381,3.614919053062997,4.546346025232718,True,4,True,0.0452586206896551,0.4690536155132595,cross_cohort_expression_replication_only,362.0,Solyc07g056670.3,protein_coding,gibberellin 2-oxidase 2 && sp|Q9SQ80|G2OX1_PEA Gibberellin 2-beta-dioxygenase 1 OS=Pisum sativum OX=3888 GN=GA2OX1 PE=1 SV=1 && PF14226:non-haem dioxygenase in morphine synthesis N-terminal|PF03171:2OG-Fe(II) oxygenase superfamily,2OG-FeII_Oxy,gene-Solyc07g056670.3,GA2ox2,NM_001247409,Ensembl Plants BioMart,63,one_to_one,,,,,0.4387795044404193,0.7142857142857143,0.61164483621715,0.7243433602347762,0.7710572730319831,1.0,7,14218,0.4390387745179039,-0.3052455147060635,0.9285553846959932,400.5,0.016,1000,0.1388611388611388,0.1526814417809678,,four_cohort_expression_consensus,no_regulatory_claim,False,,,,,,,,,,,,not_measured,none,none,False,expression_only_or_binding_only,,,,no_admitted_binding_record,11.0,1.0,Collenchyma;Columella;Inner epidermis;Locular tissue;Outer epidermis;Parenchyma;Placenta;Seeds;Septum;Total pericarp;Vascular tissue,Collenchyma;Columella;Inner epidermis;Locular tissue;Outer epidermis;Parenchyma;Placenta;Seeds;Septum;Total pericarp;Vascular tissue
Solyc03g031880,0.4601469494047618,0.0424979073660714,True,0.0424979073660714,0.264519804326664,0.203400036546966,True,4,True,0.0452586206896551,0.1496737377558334,cross_cohort_expression_replication_only,363.0,Solyc03g031880.3,protein_coding,Lysine-specific histone demethylase 1 (AHRD V3.3 *** B6SV76_MAIZE) && sp|Q8H191|PAO4_ARATH Probable polyamine oxidase 4 OS=Arabidopsis thaliana OX=3702 GN=PAO4 PE=1 SV=1 && PF01593:Flavin containing amine oxidoreductase,Amino_oxidase,gene-Solyc03g031880.3,,,Ensembl Plants BioMart,63,one_to_one,,,,,0.5849039245193447,1.0,0.5906312350469543,0.0794020212186019,0.3121355285656787,1.0,7,7530,0.5935001131253342,0.5160513876998628,0.745478101071241,338.0,0.0,1000,0.0229770229770229,0.0347274874962171,,four_cohort_expression_consensus,no_regulatory_claim,False,,,,,,,,,,,,not_measured,none,none,False,expression_only_or_binding_only,,,,no_admitted_binding_record,,,,
Solyc04g009530,-0.4075753348214286,-0.2433500744047619,True,0.2433500744047619,-0.2971418800293266,-2.670135545207043,True,4,True,0.043103448275862,0.2026297583021422,cross_cohort_expression_replication_only,364.0,Solyc04g009530.4,protein_coding,"Glutathione S-transferase (AHRD V3.3 *** A0A200QHH9_9MAGN) && sp|Q9M2W2|GSTL2_ARATH Glutathione S-transferase L2, chloroplastic OS=Arabidopsis thaliana OX=3702 GN=GSTL2 PE=2 SV=1 && PF13410:Glutathione S-transferase, C-terminal domain|PF13417:Glutathione S-transferase, N-terminal domain",-,gene-Solyc04g009530.4,,,Ensembl Plants BioMart,63,one_to_one,,,,,-0.875419867502537,1.0,-0.938577060471889,0.6887485946553663,0.095511539145272,1.0,7,561,-0.8759164698193248,-0.9588080274832872,-0.8306588643233381,116.0,0.756,1000,0.0039960039960039,0.0126996291379853,,four_cohort_expression_consensus,no_regulatory_claim,True,-0.6428180811166685,-0.6439438605895784,3.2899352324798304e-09,1.43127480892221e-08,True,,,,,,False,differential_direction_concordant,none,none,False,expression_only_or_binding_only,,,,no_admitted_binding_record,11.0,1.0,Collenchyma;Columella;Inner epidermis;Locular tissue;Outer epidermis;Parenchyma;Placenta;Seeds;Septum;Total pericarp;Vascular tissue,Collenchyma;Columella;Inner epidermis;Locular tissue;Outer epidermis;Parenchyma;Placenta;Seeds;Septum;Total pericarp;Vascular tissue
Solyc10g076240,0.4798525855654761,0.0408179873511903,True,0.0408179873511903,0.4728645647888544,0.2387804479305799,True,4,True,0.043103448275862,0.1820797164927928,cross_cohort_expression_replication_only,365.0,Solyc10g076240.3,protein_coding,Peroxidase (AHRD V3.3 *** K4D1W6_SOLLC) && sp|P22195|PER1_ARAHY Cationic peroxidase 1 OS=Arachis hypogaea OX=3818 GN=PNC1 PE=1 SV=2 && PF00141:Peroxidase,-,gene-Solyc10g076240.3,,,Ensembl Plants BioMart,63,one_to_one,,,,,0.3404226531695735,0.7142857142857143,0.2778100828082537,0.3156389508928571,0.7206607148557778,1.0,7,21701,0.3450342541243583,-0.3473932566345111,0.6882543714447826,437.0,0.0,1000,0.3716283716283716,0.3781481676218518,,four_cohort_expression_consensus,no_regulatory_claim,True,0.8590085954245409,0.8582120803522357,3.49248507417737e-07,9.38651567562397e-07,True,,,,,,False,differential_direction_concordant,none,none,False,expression_only_or_binding_only,,,,no_admitted_binding_record,2.0,0.5,Columella,Columella;Seeds
Solyc02g078620,-0.4331868489583335,-0.5008661179315477,True,0.4331868489583335,-0.0280603244310638,-1.221190158901956,True,4,True,0.0415704387990762,0.2840995062514932,cross_cohort_expression_replication_only,366.0,Solyc02g078620.1,protein_coding,"Dof zinc finger protein DOF5.3 (AHRD V3.3 *** A0A2G3D6D4_CAPCH) && sp|Q84TE9|DOF53_ARATH Dof zinc finger protein DOF5.3 OS=Arabidopsis thaliana OX=3702 GN=DOF5.3 PE=2 SV=1 && PF02701:Dof domain, zinc finger",zf-Dof,gene-Solyc02g078620.1,,,Ensembl Plants BioMart,63,one_to_one,,,,,-0.52915095951692,0.8333333333333334,-0.7538305904943469,0.0,0.3597222967107361,0.8571428571428571,6,10089,-0.5359758395213023,-0.8868380418936319,-0.2997340450355531,379.0,0.188,1000,0.0169830169830169,0.0305431003105421,,four_cohort_expression_consensus,no_regulatory_claim,False,,,,,,,,,,,,not_measured,none,none,False,expression_only_or_binding_only,,,,no_admitted_binding_record,6.0,1.0,Columella;Locular tissue;Parenchyma;Placenta;Septum;Total pericarp,Columella;Locular tissue;Parenchyma;Placenta;Septum;Total pericarp
Solyc10g086320,-0.4069591703869047,-0.2155064174107143,True,0.2155064174107143,-1.6929065139525674,-0.7700734202933095,True,4,True,0.0409482758620689,0.2158830731862706,cross_cohort_expression_replication_only,367.0,Solyc10g086320.2,protein_coding,Phosphatidylinositol 4-phosphate 5-kinase (AHRD V3.3 *** K4D464_SOLLC) && sp|Q8L850|PI5K9_ARATH Phosphatidylinositol 4-phosphate 5-kinase 9 OS=Arabidopsis thaliana OX=3702 GN=PIP5K9 PE=1 SV=2 && PF02493:MORN repeat|PF01504:Phosphatidylinositol-4-phosphate 5-Kinase,PIP5K,gene-Solyc10g086320.2,,,Ensembl Plants BioMart,63,one_to_one,,,,,-0.8432915758484486,1.0,-0.8793192474901824,0.6502493765586035,0.1131158913964208,1.0,7,927,-0.8491007486727615,-0.9314014514897204,-0.8048697906210296,136.0,0.698,1000,0.0029970029970029,0.0108641358641358,,four_cohort_expression_consensus,no_regulatory_claim,False,,,,,,,,,,,,not_measured,none,none,False,expression_only_or_binding_only,,,,no_admitted_binding_record,6.0,1.0,Columella;Locular tissue;Placenta;Seeds;Septum;Total pericarp,Columella;Locular tissue;Placenta;Seeds;Septum;Total pericarp
Solyc12g006660,-0.4128476097470239,-0.040800548735119,True,0.040800548735119,-1.034254086586647,-1.2546498320653865,True,4,True,0.0409482758620689,0.1420211336306442,cross_cohort_expression_replication_only,368.0,Solyc12g006660.2,protein_coding,testis- and ovary-specific PAZ domain protein (AHRD V3.3 *** AT5G20120.2) && - && -,-,gene-Solyc12g006660.2,,,Ensembl Plants BioMart,63,one_to_one,,,,,-0.7140466805297496,1.0,-0.8415585213072029,0.3155691964285714,0.2177698018060599,0.8571428571428571,6,3096,-0.7168262648249626,-0.8959971933777058,-0.6161441754168202,215.5,0.418,1000,0.0269730269730269,0.0371379362477285,,four_cohort_expression_consensus,no_regulatory_claim,False,,,,,,,,,,,,not_measured,none,none,False,expression_only_or_binding_only,,,,no_admitted_binding_record,4.0,0.75,Collenchyma;Inner epidermis;Outer epidermis,Collenchyma;Inner epidermis;Outer epidermis;Vascular tissue
Solyc05g047530,0.4293387276785714,0.0383998325892857,True,0.0383998325892857,1.559077954589339,2.0794791176762835,True,4,True,0.0387931034482758,0.2480551186589153,cross_cohort_expression_replication_only,369.0,Solyc05g047530.3,protein_coding,trans-cinnamate 4-monooxygenase && sp|H2DH22|C7A10_PANGI Cytochrome P450 CYP73A100 OS=Panax ginseng OX=4054 PE=2 SV=1 && PF00067:Cytochrome P450,p450,gene-Solyc05g047530.3,,,Ensembl Plants BioMart,63,one_to_one,,,,,0.5033133029529351,0.8571428571428571,0.8329056857398764,0.3007638113839285,0.6629682656725855,1.0,7,11241,0.5036829649486282,0.2311059163829383,0.9768691543385654,384.5,0.082,1000,0.0559440559440559,0.0690373456330903,,four_cohort_expression_consensus,no_regulatory_claim,True,0.3767523609284969,,,,False,1.0,0.8997912011835978,0.8997912011835978,9.67603280033911e-05,Solyc05g047530.2.1_T158,True,measured_direction_concordant,differential_site,none,False,expression_only_or_binding_only,,,,no_admitted_binding_record,8.0,0.75,Collenchyma;Columella;Inner epidermis;Outer epidermis;Parenchyma;Total pericarp,Collenchyma;Columella;Inner epidermis;Outer epidermis;Parenchyma;Seeds;Total pericarp;Vascular tissue
Solyc02g088500,-0.406005859375,-0.3233003162202381,True,0.3233003162202381,-1.4114670751168847,-2.4901169352705823,True,4,True,0.0366379310344827,0.2940043402086486,cross_cohort_expression_replication_only,370.0,Solyc02g088500.1,protein_coding,Glycosyltransferase (AHRD V3.3 *** A0A2I4FYE0_9ROSI) && sp|A0A0M4KE44|CGT_MANIN UDP-glycosyltransferase 13 OS=Mangifera indica OX=29780 GN=CGT PE=1 SV=1 && PF00201:UDP-glucoronosyl and UDP-glucosyl transferase,UDPGT,gene-Solyc02g088500.1,,,Ensembl Plants BioMart,63,one_to_one,,,,,-0.9421090216017974,1.0,-0.9460606066242466,0.918045794604398,0.0231499804698217,0.8571428571428571,6,118,-0.9444275547280434,-0.9637167971683344,-0.9136297588536858,70.0,0.92,1000,0.0009990009990009,0.0073577216434359,,four_cohort_expression_consensus,no_regulatory_claim,True,-1.4219587046534972,-1.4222477252809105,2.92094866754991e-14,7.59105022139873e-13,True,,,,,,False,differential_direction_concordant,none,none,False,expression_only_or_binding_only,,,,no_admitted_binding_record,10.0,0.9,Collenchyma;Columella;Inner epidermis;Locular tissue;Outer epidermis;Parenchyma;Placenta;Septum;Total pericarp,Collenchyma;Columella;Inner epidermis;Locular tissue;Outer epidermis;Parenchyma;Placenta;Septum;Total pericarp;Vascular tissue
Solyc11g066670,-0.4058430989583333,-0.2430478050595239,True,0.2430478050595239,-1.33529109406381,-2.8072667083602063,True,4,True,0.0344827586206896,0.2682567492235406,cross_cohort_expression_replication_only,371.0,Solyc11g066670.1,protein_coding,Glycosyltransferase (AHRD V3.3 *** A0A288W8G2_GARJA) && sp|P56725|ZOX_PHAVU Zeatin O-xylosyltransferase OS=Phaseolus vulgaris OX=3885 GN=ZOX1 PE=2 SV=1 && PF00201:UDP-glucoronosyl and UDP-glucosyl transferase,UDPGT,gene-Solyc11g066670.1,,,Ensembl Plants BioMart,63,one_to_one,,,,,-0.908957468874484,1.0,-0.9451595408937924,0.8247101980924432,0.0540496800624774,0.8571428571428571,6,285,-0.9137708753961028,-0.9594526556118194,-0.8706031549429369,89.0,0.766,1000,0.0029970029970029,0.0108641358641358,,four_cohort_expression_consensus,no_regulatory_claim,True,-1.2502681802971412,-1.2493531045218735,2.83630844041592e-14,7.4363154626598e-13,True,,,,,,False,differential_direction_concordant,none,none,False,expression_only_or_binding_only,,,,no_admitted_binding_record,11.0,1.0,Collenchyma;Columella;Inner epidermis;Locular tissue;Outer epidermis;Parenchyma;Placenta;Seeds;Septum;Total pericarp;Vascular tissue,Collenchyma;Columella;Inner epidermis;Locular tissue;Outer epidermis;Parenchyma;Placenta;Seeds;Septum;Total pericarp;Vascular tissue
Solyc01g068490,0.4456961495535715,0.1026553199404762,True,0.1026553199404762,0.0250263885695907,1.0517812638342,True,4,True,0.0323325635103926,0.1433202098431154,cross_cohort_expression_replication_only,372.0,Solyc01g068490.5,protein_coding,RING-type E3 ubiquitin transferase (AHRD V3.11 *** tr_A0A200RD53_A0A200RD53_9MAGN) && - && PF05804:Kinesin-associated protein (KAP),-,gene-Solyc01g068490.4,,,Ensembl Plants BioMart,63,one_to_one,,,,,0.5019917321442438,0.8571428571428571,0.7294054648506958,0.363832915333391,0.6330045615164912,1.0,7,11293,0.503798941065973,-0.010850239283447,0.8520624878556927,387.0,0.006,1000,0.0739260739260739,0.0881791730120779,,four_cohort_expression_consensus,no_regulatory_claim,False,,,,,,,,,,,,not_measured,none,none,False,expression_only_or_binding_only,,,,no_admitted_binding_record,6.0,0.8333333333333334,Columella;Placenta;Seeds;Septum;Total pericarp,Columella;Locular tissue;Placenta;Seeds;Septum;Total pericarp
Solyc10g078160,-0.4584205264136907,-0.0360979352678571,True,0.0360979352678571,-1.8140787176204012,-2.5689640808284677,True,4,True,0.0323275862068965,0.3241045831010591,cross_cohort_expression_replication_only,373.0,Solyc10g078160.2,protein_coding,Hydroxyproline-rich glycoprotein family protein (AHRD V3.3 *** B3H693_ARATH) && - && -,-,gene-Solyc10g078160.2,,,Ensembl Plants BioMart,63,one_to_one,,,,,-0.626168168367299,1.0,-0.8047131266703909,0.0897597182035476,0.3508130046257557,1.0,7,5522,-0.6264496294973518,-0.927636897760622,-0.5196553458917121,261.0,0.018,1000,0.0159840159840159,0.0302717690472792,,four_cohort_expression_consensus,no_regulatory_claim,False,,,,,,,,,,,,not_measured,none,none,False,expression_only_or_binding_only,,,,no_admitted_binding_record,11.0,1.0,Collenchyma;Columella;Inner epidermis;Locular tissue;Outer epidermis;Parenchyma;Placenta;Seeds;Septum;Total pericarp;Vascular tissue,Collenchyma;Columella;Inner epidermis;Locular tissue;Outer epidermis;Parenchyma;Placenta;Seeds;Septum;Total pericarp;Vascular tissue
Solyc12g055840,-0.4056803385416667,-0.5042724609375,True,0.4056803385416667,-2.590327880056996,-4.9917051063262585,True,4,True,0.0301724137931034,0.5704549753125746,cross_cohort_expression_replication_only,374.0,Solyc12g055840.2,protein_coding,"Glucan endo-1 && sp|Q8L868|E1311_ARATH Glucan endo-1,3-beta-glucosidase 11 OS=Arabidopsis thaliana OX=3702 GN=At1g32860 PE=2 SV=1 && PF00332:Glycosyl hydrolases family 17",Glyco_hydro_17,gene-Solyc12g055840.2,,,Ensembl Plants BioMart,63,one_to_one,,,,,-0.672242544413217,1.0,-0.9895118086600904,0.0441984316685537,0.3312692218984193,1.0,7,4158,-0.6723199190538269,-0.9940411910407092,-0.5299901663971686,222.0,0.32,1000,0.0099900099900099,0.0235297697226631,,four_cohort_expression_consensus,no_regulatory_claim,True,-2.321379489873669,-2.3216400855844492,2.59788567546541e-16,2.07659838227274e-14,True,,,,,,False,differential_direction_concordant,none,none,False,expression_only_or_binding_only,,,,no_admitted_binding_record,11.0,1.0,Collenchyma;Columella;Inner epidermis;Locular tissue;Outer epidermis;Parenchyma;Placenta;Seeds;Septum;Total pericarp;Vascular tissue,Collenchyma;Columella;Inner epidermis;Locular tissue;Outer epidermis;Parenchyma;Placenta;Seeds;Septum;Total pericarp;Vascular tissue
Solyc03g112030,0.4331403459821429,0.0359293619791666,True,0.0359293619791666,0.1348967272818724,1.7113823765167162,True,4,True,0.0301724137931034,0.1440531177829099,cross_cohort_expression_replication_only,375.0,Solyc03g112030.3,protein_coding,Cytochrome P450 71A6 (AHRD V3.3 *** A0A2G3CY66_CAPCH) && sp|O04164|C71A6_NEPRA Cytochrome P450 71A6 (Fragment) OS=Nepeta racemosa OX=54731 GN=CYP71A6 PE=2 SV=1 && PF00067:Cytochrome P450,p450,gene-Solyc03g112030.3,,,Ensembl Plants BioMart,63,one_to_one,,,,,0.6658092527102388,1.0,0.7121032318752845,0.2853306361607143,0.2721895398872269,1.0,7,4336,0.6664916757621027,0.6012323372635957,0.8321858717630456,239.0,0.176,1000,0.0079920079920079,0.0203752291664379,,four_cohort_expression_consensus,no_regulatory_claim,True,1.099265845268986,1.0985144369095414,1.3916741207921702e-09,6.78135942193027e-09,True,,,,,,False,differential_direction_concordant,none,none,False,expression_only_or_binding_only,,,,no_admitted_binding_record,9.0,1.0,Collenchyma;Columella;Inner epidermis;Locular tissue;Parenchyma;Placenta;Septum;Total pericarp;Vascular tissue,Collenchyma;Columella;Inner epidermis;Locular tissue;Parenchyma;Placenta;Septum;Total pericarp;Vascular tissue
Solyc12g008480,0.46484375,0.0951102120535713,True,0.0951102120535713,0.0240821803055321,0.442719204534527,True,4,True,0.0300230946882217,0.145436808154814,cross_cohort_expression_replication_only,376.0,Solyc12g008480.3,protein_coding,RING/U-box superfamily protein (AHRD V3.3 *-* O80757_ARATH) && - && PF13639:Ring finger domain,-,gene-Solyc12g008480.3,,,Ensembl Plants BioMart,63,one_to_one,,,,,0.5421330523437927,0.8571428571428571,0.5707303391431523,0.201618652241372,0.343114080028115,1.0,7,9532,0.5515251576976752,0.342175638228769,0.7727047881289818,362.0,0.0,1000,0.0189810189810189,0.0323793853205617,,four_cohort_expression_consensus,no_regulatory_claim,False,,,,,,,,,,,,not_measured,none,none,False,expression_only_or_binding_only,,,,no_admitted_binding_record,,,,
Solyc03g031630,0.649053664434524,0.0335286458333333,True,0.0335286458333333,0.2097847782721171,0.6987240938063843,True,4,True,0.0280172413793103,0.2802147208728199,cross_cohort_expression_replication_only,377.0,Solyc03g031630.3,protein_coding,Calcium-binding EF-hand family protein-like (AHRD V3.3 *** Q6ZFI7_ORYSJ) && - && PF13499:EF-hand domain pair,-,gene-Solyc03g031630.3,,,Ensembl Plants BioMart,63,one_to_one,,,,,0.4942748392134859,0.8571428571428571,0.6085782400092927,0.2687639508928571,0.5445026025467566,1.0,7,11630,0.5030163239141866,-0.0151593613137947,0.7643654334464715,396.0,0.0,1000,0.0929070929070929,0.107503469099479,,four_cohort_expression_consensus,no_regulatory_claim,False,,,,,,,,,,,,not_measured,none,none,False,expression_only_or_binding_only,,,,no_admitted_binding_record,,,,
Solyc10g006720,0.4055175781249999,0.0765787760416666,True,0.0765787760416666,1.4678216327419846,0.7290891956578452,True,4,True,0.0280172413793103,0.1525331986143187,cross_cohort_expression_replication_only,378.0,Solyc10g006720.4,protein_coding,G-type lectin S-receptor-like serine/threonine-protein kinase (AHRD V3.3 *** A0A2G3C305_CAPCH) && sp|O81832|Y4729_ARATH G-type lectin S-receptor-like serine/threonine-protein kinase At4g27290 OS=Arabidopsis thaliana OX=3702 GN=At4g27290 PE=3 SV=4 && PF01453:D-mannose binding lectin|PF08276:PAN-like domain|PF00954:S-locus glycoprotein domain|PF07714:Protein tyrosine kinase|PF11883:Domain of unknown function (DUF3403),Pkinase_Tyr,gene-Solyc10g006720.4,,,Ensembl Plants BioMart,63,one_to_one,,,,,0.5881858901478358,0.8571428571428571,0.8007220844921192,0.3678450119511888,0.4452745390396255,1.0,7,7353,0.5918480844886764,0.3461909991075244,0.9373586279084714,338.5,0.03,1000,0.0219780219780219,0.0337675569463649,,four_cohort_expression_consensus,no_regulatory_claim,False,,,,,,,,,,,,not_measured,none,none,False,expression_only_or_binding_only,,,,no_admitted_binding_record,2.0,1.0,Columella;Total pericarp,Columella;Total pericarp
Solyc08g076520,-0.4046921502976189,-0.4011579241071429,True,0.4011579241071429,-1.5688906157278042,-2.9391202975064,True,4,True,0.0237068965517241,0.3645115772079318,cross_cohort_expression_replication_only,379.0,Solyc08g076520.3,protein_coding,ribosome maturation factor (AHRD V3.3 *** AT2G35470.1) && - && -,-,gene-Solyc08g076520.3,,,Ensembl Plants BioMart,63,one_to_one,,,,,-0.8108408599848961,1.0,-0.9468230937486836,0.4972533232691742,0.1644752252579467,1.0,7,1337,-0.8112159113118675,-0.9810571604527196,-0.7339003674694181,157.0,0.986,1000,0.0019980019980019,0.0091789398720091,,four_cohort_expression_consensus,no_regulatory_claim,False,,,,,,,,,,,,not_measured,none,none,False,expression_only_or_binding_only,,,,no_admitted_binding_record,11.0,1.0,Collenchyma;Columella;Inner epidermis;Locular tissue;Outer epidermis;Parenchyma;Placenta;Seeds;Septum;Total pericarp;Vascular tissue,Collenchyma;Columella;Inner epidermis;Locular tissue;Outer epidermis;Parenchyma;Placenta;Seeds;Septum;Total pericarp;Vascular tissue
Solyc05g053640,-0.5072777157738095,-0.0379754929315476,True,0.0379754929315476,-0.2422779521262535,-0.0276159324926984,True,4,True,0.0237068965517241,0.1942392689336624,cross_cohort_expression_replication_only,380.0,Solyc05g053640.1,protein_coding,Unknown protein && - && -,-,gene-Solyc05g053640.1,,,Ensembl Plants BioMart,63,one_to_one,RIN,in_vivo_promoter_binding,binding_only,ripening_tomato_fruit;ITAG2;three_biological_replicates,-0.4783369298523692,0.8333333333333334,-0.5100476740441432,0.0,0.3276742881327141,0.8571428571428571,6,12322,-0.5072797563958222,-0.6989744283399402,-0.3018226312245682,388.0,0.04,1000,0.0579420579420579,0.0713133020825328,,four_cohort_expression_consensus,source_bound_context_limited,False,,,,,,,,,,,,not_measured,none,binding_only,False,expression_only_or_binding_only,,,,binding_only_or_no_significant_perturbation,4.0,1.0,Locular tissue;Placenta;Seeds;Septum,Locular tissue;Placenta;Seeds;Septum
Solyc06g069380,-0.4364536830357142,-0.0302501860119047,True,0.0302501860119047,-0.557892731365665,-1.3336258678235888,True,4,True,0.0237068965517241,0.158142619654376,cross_cohort_expression_replication_only,381.0,Solyc06g069380.4,protein_coding,O-fucosyltransferase (AHRD V3.3 *** A0A2P5EBU6_TREOI) && sp|Q4V398|RRT1_ARATH Rhamnogalacturonan I rhamnosyltransferase 1 OS=Arabidopsis thaliana OX=3702 GN=RRT1 PE=1 SV=1 && PF10250:GDP-fucose protein O-fucosyltransferase,-,gene-Solyc06g069380.4,,,Ensembl Plants BioMart,63,one_to_one,,,,,-0.703572045800923,1.0,-0.8214064551593581,0.2464425223214285,0.2315877496692787,1.0,7,3361,-0.7058395204447343,-0.909552811967424,-0.6153667600202843,212.0,0.416,1000,0.0049950049950049,0.015148250442368,,four_cohort_expression_consensus,no_regulatory_claim,False,,,,,,,,,,,,not_measured,none,none,False,expression_only_or_binding_only,,,,no_admitted_binding_record,11.0,1.0,Collenchyma;Columella;Inner epidermis;Locular tissue;Outer epidermis;Parenchyma;Placenta;Seeds;Septum;Total pericarp;Vascular tissue,Collenchyma;Columella;Inner epidermis;Locular tissue;Outer epidermis;Parenchyma;Placenta;Seeds;Septum;Total pericarp;Vascular tissue
Solyc12g049520,-0.4551478794642858,-0.3038446335565475,True,0.3038446335565475,-0.8889566159730814,-0.0262574063468087,True,4,True,0.021551724137931,0.2358084634068646,cross_cohort_expression_replication_only,382.0,Solyc12g049520.2,protein_coding,COP1-interacting protein-like protein (AHRD V3.3 *-* F4IDB4_ARATH) && sp|O80386|CIP7_ARATH COP1-interacting protein 7 OS=Arabidopsis thaliana OX=3702 GN=CIP7 PE=1 SV=1 && -,-,gene-Solyc12g049520.2,,,Ensembl Plants BioMart,63,one_to_one,,,,,-0.7167994085843524,1.0,-0.8473832070394131,0.3384207798191557,0.2248947201208387,0.8571428571428571,6,3028,-0.7209592742074522,-0.9240426921554838,-0.6081198015675217,206.5,0.462,1000,0.0129870129870129,0.0269016697588126,,four_cohort_expression_consensus,no_regulatory_claim,False,,,,,,,,,,,,not_measured,none,none,False,expression_only_or_binding_only,,,,no_admitted_binding_record,5.0,1.0,Columella;Locular tissue;Placenta;Septum;Total pericarp,Columella;Locular tissue;Placenta;Septum;Total pericarp
Solyc02g067320,-0.4037969680059524,-0.460414341517857,True,0.4037969680059524,-1.6174473862459209,-1.4953833841954915,True,4,True,0.0193965517241379,0.3334158736163096,cross_cohort_expression_replication_only,383.0,Solyc02g067320.3,protein_coding,Zinc-finger homeodomain protein 10 (AHRD V3.3 *** A0A2G3D3J7_CAPCH) && sp|Q9LHF0|ZHD9_ARATH Zinc-finger homeodomain protein 9 OS=Arabidopsis thaliana OX=3702 GN=ZHD9 PE=1 SV=1 && PF04770:ZF-HD protein dimerisation region,ZF-HD_dimer,gene-Solyc02g067320.3,,,Ensembl Plants BioMart,63,one_to_one,,,,,-0.7996144667876112,1.0,-0.9355409113240472,0.467028613352898,0.170360955017527,1.0,7,1512,-0.8006769125424441,-0.9564459601744814,-0.7198417866522714,147.0,0.68,1000,0.0039960039960039,0.0126996291379853,,four_cohort_expression_consensus,no_regulatory_claim,False,,,,,,,,,,,,not_measured,none,none,False,expression_only_or_binding_only,,,,no_admitted_binding_record,8.0,1.0,Collenchyma;Columella;Inner epidermis;Placenta;Seeds;Septum;Total pericarp;Vascular tissue,Collenchyma;Columella;Inner epidermis;Placenta;Seeds;Septum;Total pericarp;Vascular tissue
Solyc08g066330,-0.4037737165178571,-0.0240885416666666,True,0.0240885416666666,-2.0737963579506418,-4.10184167162287,True,4,True,0.0172413793103448,0.3371152544397547,cross_cohort_expression_replication_only,384.0,Solyc08g066330.3,protein_coding,LEY17225 cyclin-dependent protein kinase A-1 && sp|Q38772|CDC2A_ANTMA Cell division control protein 2 homolog A OS=Antirrhinum majus OX=4151 GN=CDC2A PE=2 SV=2 && PF00069:Protein kinase domain,Pkinase,gene-Solyc08g066330.3,,,Ensembl Plants BioMart,63,one_to_one,,,,,-0.7028419761368182,1.0,-0.9147699384979712,0.2017996651785714,0.274791818230551,1.0,7,3379,-0.7031089323910424,-0.9802896542574964,-0.5914260858376719,203.5,0.488,1000,0.0099900099900099,0.0235297697226631,,four_cohort_expression_consensus,no_regulatory_claim,True,-1.8597852164481803,-1.8643086494536256,2.29659206657328e-12,2.7071764307298797e-11,True,1.0,1.3954160818121977,1.3954160818121977,7.03837390467841e-09,Solyc08g066330.1.1_T161,True,differential_direction_concordant,differential_site,none,False,expression_only_or_binding_only,,,,no_admitted_binding_record,11.0,1.0,Collenchyma;Columella;Inner epidermis;Locular tissue;Outer epidermis;Parenchyma;Placenta;Seeds;Septum;Total pericarp;Vascular tissue,Collenchyma;Columella;Inner epidermis;Locular tissue;Outer epidermis;Parenchyma;Placenta;Seeds;Septum;Total pericarp;Vascular tissue
Solyc03g121720,-0.4033551897321428,-0.7121930803571429,True,0.4033551897321428,-1.1487393898539509,-2.210770984329703,True,4,True,0.0150862068965517,0.3942932726765947,cross_cohort_expression_replication_only,385.0,Solyc03g121720.2,protein_coding,"Glyoxylate reductase 2 (AHRD V3.3 *** A0A1P8AS42_ARATH) && sp|F4I907|GLYR2_ARATH Glyoxylate/succinic semialdehyde reductase 2, chloroplastic OS=Arabidopsis thaliana OX=3702 GN=GLYR2 PE=1 SV=1 && PF14833:NAD-binding of NADP-dependent 3-hydroxyisobutyrate dehydrogenase|PF03446:NAD binding domain of 6-phosphogluconate dehydrogenase",NAD_binding_2,gene-Solyc03g121720.2,,,Ensembl Plants BioMart,63,one_to_one,,,,,-0.7710825909945075,1.0,-0.9454305687512552,0.3756028011909255,0.2041738977452622,1.0,7,1973,-0.7717744715141641,-0.9649148385345628,-0.675976007936209,162.5,0.898,1000,0.0019980019980019,0.0091789398720091,,four_cohort_expression_consensus,no_regulatory_claim,True,-0.8280987776570703,-0.8287423065047275,2.78757230520054e-11,2.20035014641406e-10,True,,,,,,False,differential_direction_concordant,none,none,False,expression_only_or_binding_only,,,,no_admitted_binding_record,11.0,1.0,Collenchyma;Columella;Inner epidermis;Locular tissue;Outer epidermis;Parenchyma;Placenta;Seeds;Septum;Total pericarp;Vascular tissue,Collenchyma;Columella;Inner epidermis;Locular tissue;Outer epidermis;Parenchyma;Placenta;Seeds;Septum;Total pericarp;Vascular tissue
Solyc07g016170,-0.408144996279762,-0.0192347935267857,True,0.0192347935267857,-1.6399422775503596,-1.973875570247063,True,4,True,0.0150862068965517,0.2070309389185314,cross_cohort_expression_replication_only,386.0,Solyc07g016170.4,protein_coding,L-arabinokinase-like (AHRD V3.3 *** A0A2I4GNX5_9ROSI) && sp|O23461|ARAK_ARATH L-arabinokinase OS=Arabidopsis thaliana OX=3702 GN=ARA1 PE=1 SV=1 && PF00288:GHMP kinases N terminal domain,GHMP_kinases,gene-Solyc07g016170.4,,,Ensembl Plants BioMart,63,one_to_one,,,,,-0.7025786654412438,1.0,-0.9360685955464576,0.1676897321428571,0.274522476788874,1.0,7,3385,-0.7032953418445582,-0.9684005246567784,-0.5818722819910731,203.5,0.48,1000,0.0049950049950049,0.015148250442368,,four_cohort_expression_consensus,no_regulatory_claim,True,-1.1696755954622673,-1.1697845017603603,4.24905389822927e-14,1.01794045950031e-12,True,,,,,,False,differential_direction_concordant,none,none,False,expression_only_or_binding_only,,,,no_admitted_binding_record,11.0,1.0,Collenchyma;Columella;Inner epidermis;Locular tissue;Outer epidermis;Parenchyma;Placenta;Seeds;Septum;Total pericarp;Vascular tissue,Collenchyma;Columella;Inner epidermis;Locular tissue;Outer epidermis;Parenchyma;Placenta;Seeds;Septum;Total pericarp;Vascular tissue
Solyc08g044260,-0.5851585751488095,-0.0140845889136905,True,0.0140845889136905,-1.1346458314278762,-1.0997653552363031,True,4,True,0.0129310344827586,0.3225180676116907,cross_cohort_expression_replication_only,387.0,Solyc08g044260.4,protein_coding,Fatty acid hydroxylase superfamily (AHRD V3.3 *** A0A2U1L8N4_ARTAN) && sp|F4HVY0|CER1_ARATH Very-long-chain aldehyde decarbonylase CER1 OS=Arabidopsis thaliana OX=3702 GN=CER1 PE=1 SV=1 && PF12076:WAX2 C-terminal domain|PF04116:Fatty acid hydroxylase superfamily,-,gene-Solyc08g044260.4,,,Ensembl Plants BioMart,63,one_to_one,,,,,-0.6198010539831684,1.0,-0.748359711216713,0.1280343191964285,0.3474500894564812,1.0,7,5730,-0.6198454617534206,-0.9112482579572264,-0.5229629435304961,265.0,0.058,1000,0.0109890109890109,0.0246323724584594,,four_cohort_expression_consensus,no_regulatory_claim,False,,,,,,,,,,,,not_measured,none,none,False,expression_only_or_binding_only,,,,no_admitted_binding_record,8.0,0.75,Inner epidermis;Locular tissue;Placenta;Seeds;Septum;Total pericarp,Inner epidermis;Locular tissue;Outer epidermis;Placenta;Seeds;Septum;Total pericarp;Vascular tissue
Solyc09g015000,0.4029366629464286,0.3393729073660715,True,0.3393729073660715,2.1822243813066304,1.1959335489250762,True,4,True,0.0107758620689655,0.2986307438082344,cross_cohort_expression_replication_only,388.0,Solyc09g015000.4,protein_coding,Class I heat shock protein (AHRD V3.3 *** A0A2K3KSJ8_TRIPR) && sp|P27880|HSP12_MEDSA 18.2 kDa class I heat shock protein OS=Medicago sativa OX=3879 GN=HSP18.2 PE=2 SV=1 && PF00011:Hsp20/alpha crystallin family,-,gene-Solyc09g015000.4,,,Ensembl Plants BioMart,63,one_to_one,,,,,0.4141251678946103,0.7142857142857143,0.6937951101898036,0.3104793055730281,0.737324487133083,1.0,7,16166,0.4153856503697908,-0.270310833218553,0.9431415609765816,418.0,0.016,1000,0.1828171828171828,0.1927890291526655,,four_cohort_expression_consensus,no_regulatory_claim,True,4.214269987612362,4.22221773125038,2.1052175651424e-17,3.598302638266471e-15,True,,,,,,False,differential_direction_concordant,none,none,False,expression_only_or_binding_only,,,,no_admitted_binding_record,11.0,0.8181818181818182,Collenchyma;Columella;Inner epidermis;Locular tissue;Outer epidermis;Parenchyma;Placenta;Septum;Total pericarp,Collenchyma;Columella;Inner epidermis;Locular tissue;Outer epidermis;Parenchyma;Placenta;Seeds;Septum;Total pericarp;Vascular tissue
Solyc11g005990,0.4026343936011904,0.1517043340773808,True,0.1517043340773808,0.7893094743208611,3.461129905977798,True,4,True,0.0086206896551724,0.229919069045154,cross_cohort_expression_replication_only,389.0,Solyc11g005990.2,protein_coding,Transcriptional corepressor SEUSS (AHRD V3.3 *-* A0A2G2ZPK0_CAPAN) && sp|Q8W234|SEUSS_ARATH Transcriptional corepressor SEUSS OS=Arabidopsis thaliana OX=3702 GN=SEU PE=1 SV=1 && PF01803:LIM-domain binding protein,-,gene-Solyc11g005990.2,,,Ensembl Plants BioMart,63,one_to_one,,,,,0.8708878212016826,1.0,0.8794570448546907,0.7549591929267739,0.096064145635114,1.0,7,603,0.8721804275099474,0.8522868117648418,0.9153806906053312,122.0,0.698,1000,0.0009990009990009,0.0073577216434359,,four_cohort_expression_consensus,no_regulatory_claim,False,,,,,,,,,,,,not_measured,none,none,False,expression_only_or_binding_only,,,,no_admitted_binding_record,5.0,0.8,Collenchyma;Parenchyma;Septum;Total pericarp,Collenchyma;Parenchyma;Seeds;Septum;Total pericarp
Solyc03g112130,-0.4025646391369048,-0.5844959077380952,True,0.4025646391369048,-1.842181373467481,-3.2274615884194584,True,4,True,0.0064655172413793,0.463344648403281,cross_cohort_expression_replication_only,390.0,Solyc03g112130.1,protein_coding,DUF868 domain-containing protein (AHRD V3.3 *** A0A1Q3BAU9_CEPFO) && - && PF05910:Plant protein of unknown function (DUF868),-,gene-Solyc03g112130.1,,,Ensembl Plants BioMart,63,one_to_one,,,,,-0.8852941195216677,1.0,-0.9613564680183826,0.7523991195891416,0.0850246287614785,0.8571428571428571,6,465,-0.8900871190829981,-0.9741646605072402,-0.8380083123111323,104.0,0.698,1000,0.0129870129870129,0.0269016697588126,,four_cohort_expression_consensus,no_regulatory_claim,False,,,,,,,,,,,,not_measured,none,none,False,expression_only_or_binding_only,,,,no_admitted_binding_record,9.0,1.0,Collenchyma;Columella;Inner epidermis;Locular tissue;Parenchyma;Placenta;Septum;Total pericarp;Vascular tissue,Collenchyma;Columella;Inner epidermis;Locular tissue;Parenchyma;Placenta;Septum;Total pericarp;Vascular tissue
Solyc06g069730,-0.4872581845238095,-0.0077078683035713,True,0.0077078683035713,-0.2800386404230373,-0.6175670725811272,True,4,True,0.0064655172413793,0.1815396790634706,cross_cohort_expression_replication_only,391.0,Solyc06g069730.3,protein_coding,"Chlorophyll a-b binding protein && sp|P27521|CA4_ARATH Chlorophyll a-b binding protein 4, chloroplastic OS=Arabidopsis thaliana OX=3702 GN=LHCA4 PE=1 SV=1 && PF00504:Chlorophyll A-B binding protein",-,gene-Solyc06g069730.3,CAB12,NM_001330641,Ensembl Plants BioMart,63,one_to_one,RIN,in_vivo_promoter_binding,binding_only,ripening_tomato_fruit;ITAG2;three_biological_replicates,-0.5969068547847377,1.0,-0.6742795472823888,0.0745326450892857,0.3015994268112118,0.8571428571428571,6,6926,-0.6042607305127786,-0.8229936992115892,-0.4972964495520358,320.5,0.178,1000,0.0359640359640359,0.0472728404739736,,four_cohort_expression_consensus,source_bound_context_limited,True,-2.1629334511376044,-2.161158383370086,9.29710516037156e-11,6.250580231874611e-10,True,,,,,,False,differential_direction_concordant,none,binding_only,False,expression_only_or_binding_only,,,,binding_only_or_no_significant_perturbation,2.0,1.0,Columella;Inner epidermis,Columella;Inner epidermis
Solyc00g060810,0.9264322916666669,0.8376929873511905,True,0.8376929873511905,,4.224159202202058,False,3,False,0.7262931034482759,0.9073275862068964,cross_cohort_expression_replication_only,,,,,,,,,Ensembl Plants BioMart,63,not_mapped_in_export,,,,,0.9386666308852072,1.0,0.9972986398901228,0.9919656741346542,0.003771083772876,0.4285714285714285,3,130,0.9386674501130956,0.9142508370535716,0.980448005729297,70.0,0.9188640973630832,1000,0.0659340659340659,0.0796703296703296,,frozen_signature_with_partial_replication,no_regulatory_claim,True,4.546408357106287,4.633308333049806,2.60679039738498e-10,1.54667243337501e-09,True,,,,,,False,differential_direction_concordant,none,none,False,expression_only_or_binding_only,,,,no_admitted_binding_record,8.0,1.0,Columella;Inner epidermis;Locular tissue;Parenchyma;Placenta;Seeds;Septum;Total pericarp,Columella;Inner epidermis;Locular tissue;Parenchyma;Placenta;Seeds;Septum;Total pericarp
Solyc03g007780,0.7007649739583335,0.8116455078125,True,0.7007649739583335,0.0,0.7855990513904358,True,3,False,0.0138568129330254,0.5142400653022219,cross_cohort_expression_replication_only,,Solyc03g007780.1,protein_coding,Ovule Secreted Protein && - && -,-,gene-Solyc03g007780.1,,,Ensembl Plants BioMart,63,one_to_one,,,,,0.5010428660396138,0.8571428571428571,0.6332784211555669,0.0,0.4165276019002256,1.0,7,11332,0.5053602500393352,0.3355478042082842,0.7606222181357137,382.5,0.0,1000,0.0249750249750249,0.0354385675486592,,frozen_signature_with_partial_replication,no_regulatory_claim,False,,,,,,,,,,,,not_measured,none,none,False,expression_only_or_binding_only,,,,no_admitted_binding_record,3.0,1.0,Columella;Septum;Total pericarp,Columella;Septum;Total pericarp
Solyc05g005550,-0.6761997767857144,-0.666131882440476,True,0.666131882440476,0.0,-6.799389441880658,True,3,False,0.0138568129330254,0.7028176515091185,cross_cohort_expression_replication_only,,Solyc05g005550.4,protein_coding,BURP domain (AHRD V3.3 *-* A0A200QH65_9MAGN) && sp|P93217|GP2_SOLLC Polygalacturonase non-catalytic subunit AroGP2 OS=Solanum lycopersicum OX=4081 GN=GP2 PE=3 SV=1 && PF03181:BURP domain,-,gene-Solyc05g005550.4,AROGP2,NM_001310316,Ensembl Plants BioMart,63,one_to_one,,,,,-0.5827301075854435,0.8571428571428571,-0.8854712915544496,0.0,0.3550280412878553,1.0,7,7638,-0.5848279217804782,-0.9668485405903676,-0.3688071015109086,331.0,0.328,1000,0.0029970029970029,0.0108641358641358,,frozen_signature_with_partial_replication,no_regulatory_claim,True,-0.0586808736503674,,,,False,,,,,,False,measured_direction_concordant,none,none,False,expression_only_or_binding_only,,,,no_admitted_binding_record,10.0,1.0,Collenchyma;Columella;Inner epidermis;Locular tissue;Outer epidermis;Parenchyma;Placenta;Septum;Total pericarp;Vascular tissue,Collenchyma;Columella;Inner epidermis;Locular tissue;Outer epidermis;Parenchyma;Placenta;Septum;Total pericarp;Vascular tissue
Solyc05g012020,0.6180710565476191,0.7530459449404764,True,0.6180710565476191,,6.82321830679572,False,3,False,0.8706896551724138,0.9360632183908044,cross_cohort_expression_replication_only,,,,,,gene-Solyc05g012020.4,,,Ensembl Plants BioMart,63,one_to_one,,,,,0.7143283001345089,1.0,0.9821002175299388,0.2446219650270474,0.2772091548819388,0.8571428571428571,6,3089,0.7169446756451479,0.584817983740002,0.9848151766118712,193.0,0.572,1000,0.0029970029970029,0.0108641358641358,,frozen_signature_with_partial_replication,no_regulatory_claim,True,1.5279077610008962,1.5290801523792743,1.6379778216830902e-15,8.27178799949964e-14,True,3.0,1.2163804734448238,1.2163804734448238,1.1511001932250202e-09,Solyc05g012020.2.1_S84;Solyc05g012020.2.1_T83,True,differential_direction_concordant,differential_site,none,False,expression_only_or_binding_only,-0.7378899134351979,8.301889807607452e-25,False,binding_only_or_no_significant_perturbation,11.0,1.0,Collenchyma;Columella;Inner epidermis;Locular tissue;Outer epidermis;Parenchyma;Placenta;Seeds;Septum;Total pericarp;Vascular tissue,Collenchyma;Columella;Inner epidermis;Locular tissue;Outer epidermis;Parenchyma;Placenta;Seeds;Septum;Total pericarp;Vascular tissue
Solyc01g099040,0.5985979352678573,0.673921130952381,True,0.5985979352678573,,6.012422201062636,False,3,False,0.8491379310344828,0.8987068965517242,cross_cohort_expression_replication_only,,,,,,gene-Solyc01g099040.4,,,Ensembl Plants BioMart,63,one_to_one,,,,,0.544394653294721,0.8,0.9981267950718106,0.810476889214967,0.7235195446323506,0.7142857142857143,5,9439,0.5444077937126197,-0.2985323744561386,0.9846251832929972,377.0,0.328,1000,0.0899100899100899,0.1045570970383,,frozen_signature_with_partial_replication,no_regulatory_claim,True,2.8759959306876572,2.876882570727886,1.13588507330824e-17,2.65677540304307e-15,True,,,,,,False,differential_direction_concordant,none,none,False,expression_only_or_binding_only,,,,no_admitted_binding_record,11.0,1.0,Collenchyma;Columella;Inner epidermis;Locular tissue;Outer epidermis;Parenchyma;Placenta;Seeds;Septum;Total pericarp;Vascular tissue,Collenchyma;Columella;Inner epidermis;Locular tissue;Outer epidermis;Parenchyma;Placenta;Seeds;Septum;Total pericarp;Vascular tissue
Solyc08g061020,-0.5768926711309526,-0.6725609188988095,True,0.5768926711309526,,-0.8000300059631784,False,3,False,0.105603448275862,0.6020114942528736,cross_cohort_expression_replication_only,,,,,,gene-Solyc08g061020.1,,,Ensembl Plants BioMart,63,one_to_one,,,,,-0.5370847120759,0.8,-0.9077953194453025,0.0,0.3817075065908688,0.7142857142857143,5,9739,-0.5482716925242075,-0.94940128264325,-0.2445644785464926,374.0,0.26,1000,0.0339660339660339,0.0452880452880452,,frozen_signature_with_partial_replication,no_regulatory_claim,False,,,,,,,,,,,,not_measured,none,none,False,expression_only_or_binding_only,,,,binding_only_or_no_significant_perturbation,3.0,1.0,Columella;Placenta;Total pericarp,Columella;Placenta;Total pericarp
Solyc02g083680,-0.6186058407738096,-0.5623837425595238,True,0.5623837425595238,,-1.5333528712976654,False,3,False,0.2155172413793103,0.619971264367816,cross_cohort_expression_replication_only,,,,,,,,,Ensembl Plants BioMart,63,not_mapped_in_export,,,,,-0.8930990652698807,1.0,-0.9651023848069616,0.903328917813742,0.043709538360541,0.4285714285714285,3,398,-0.91097819562463,-0.9540569240706308,-0.8732716871183115,98.0,0.7606490872210954,1000,0.0479520479520479,0.0601344601344601,,frozen_signature_with_partial_replication,no_regulatory_claim,False,,,,,,,,,,,,not_measured,none,none,False,expression_only_or_binding_only,,,,no_admitted_binding_record,7.0,1.0,Columella;Locular tissue;Placenta;Seeds;Septum;Total pericarp;Vascular tissue,Columella;Locular tissue;Placenta;Seeds;Septum;Total pericarp;Vascular tissue
Solyc03g007930,-0.7803838820684526,-0.5523681640625,True,0.5523681640625,0.0030925709971788,-3.234831927111484,True,3,False,0.0277136258660508,0.5683508202596161,cross_cohort_expression_replication_only,,Solyc03g007930.4,protein_coding,Unknown protein && sp|A7PZL3|PGLR_VITVI Probable polygalacturonase OS=Vitis vinifera OX=29760 GN=GSVIVT00026920001 PE=1 SV=1 && -,-,gene-Solyc03g007930.4,,,Ensembl Plants BioMart,63,one_to_one,,,,,-0.4882694850489194,0.8571428571428571,-0.6985906789247831,0.0064892858640499,0.5062094775815262,1.0,7,11899,-0.4890100538666441,-0.8423805985407055,-0.2816908232269132,385.0,0.0,1000,0.0449550449550449,0.0568368960739532,,frozen_signature_with_partial_replication,no_regulatory_claim,False,,,,,,,,,,,,not_measured,none,none,False,expression_only_or_binding_only,,,,no_admitted_binding_record,,,,
Solyc09g072560,-0.7235979352678571,-0.545503162202381,True,0.545503162202381,-0.2620009944229777,1.0959866652386745,True,3,False,0.1200923787528868,0.4939239567571872,cross_cohort_expression_replication_only,,Solyc09g072560.5,protein_coding,11S globulin seed storage protein 2 (AHRD V3.11 *** tr_A0A2G2X5V4_A0A2G2X5V4_CAPBA) && sp|Q9XHP0|11S2_SESIN 11S globulin seed storage protein 2 OS=Sesamum indicum OX=4182 PE=1 SV=1 && PF00190:Cupin,-,gene-Solyc09g072560.4,,,Ensembl Plants BioMart,63,one_to_one,,,,,-0.4052136677727615,0.7142857142857143,-0.7284726464233428,0.0,0.6588015200002186,1.0,7,16786,-0.4127136506330684,-0.877002496503611,0.1822860654327284,405.5,0.066,1000,0.0599400599400599,0.0733830812986486,,frozen_signature_with_partial_replication,no_regulatory_claim,False,,,,,,,,,,,,not_measured,none,none,False,expression_only_or_binding_only,,,,no_admitted_binding_record,6.0,1.0,Columella;Locular tissue;Placenta;Seeds;Septum;Total pericarp,Columella;Locular tissue;Placenta;Seeds;Septum;Total pericarp
Solyc12g008430,0.75732421875,0.5326567150297619,True,0.5326567150297619,,5.011934192178671,False,3,False,0.7349137931034483,0.853448275862069,cross_cohort_expression_replication_only,,,,,,gene-Solyc12g008430.3,,,Ensembl Plants BioMart,63,one_to_one,,,,,0.5220252013289339,0.8333333333333334,0.9055825570614734,0.6417901687454145,0.7253383461833569,0.8571428571428571,6,10399,0.5370873210878064,-0.2329497577311766,0.981191917003004,378.0,0.07,1000,0.0889110889110889,0.1036551388310182,,frozen_signature_with_partial_replication,no_regulatory_claim,True,1.9826511963038709,1.9819655465269508,2.47358621030175e-16,2.0169939667121e-14,True,3.0,1.8160696753772847,1.8160696753772847,1.29005230880777e-08,Solyc12g008430.1.1_S16,True,differential_direction_concordant,differential_site,none,False,expression_only_or_binding_only,,,,no_admitted_binding_record,9.0,1.0,Collenchyma;Columella;Locular tissue;Outer epidermis;Parenchyma;Placenta;Seeds;Septum;Total pericarp,Collenchyma;Columella;Locular tissue;Outer epidermis;Parenchyma;Placenta;Seeds;Septum;Total pericarp
Solyc00g156980,-0.5230887276785715,-0.5757475353422621,True,0.5230887276785715,,-1.2033001437115562,False,3,False,0.1594827586206896,0.533764367816092,cross_cohort_expression_replication_only,,,,,,,,,Ensembl Plants BioMart,63,not_mapped_in_export,,,,,-0.8701450619665321,1.0,-0.9488548407094024,0.8578298681103496,0.0643647297370906,0.4285714285714285,3,612,-0.8896724172439773,-0.9541818304101424,-0.8479786168099068,114.0,0.7484787018255578,1000,0.0789210789210789,0.0931790855454977,,frozen_signature_with_partial_replication,no_regulatory_claim,False,,,,,,,,,,,,not_measured,none,none,False,expression_only_or_binding_only,,,,no_admitted_binding_record,1.0,1.0,Total pericarp,Total pericarp
Solyc10g080900,0.5162179129464286,0.6056082589285716,True,0.5162179129464286,,6.28991953795126,False,3,False,0.625,0.8053160919540231,cross_cohort_expression_replication_only,,,,,,gene-Solyc10g080900.3,,,Ensembl Plants BioMart,63,one_to_one,,,,,0.377555899294679,0.6666666666666666,0.520320164443097,0.9052501362854866,0.9048844108167085,0.8571428571428571,6,18739,0.3776461718929011,-0.3944087720147819,0.982769380383014,427.5,0.068,1000,0.2527472527472527,0.2617739403453689,,frozen_signature_with_partial_replication,no_regulatory_claim,True,2.4162078448479516,2.416900030296148,1.2138524663129801e-17,2.76633864630508e-15,True,3.0,1.901082525345014,-1.901082525345014,5.2247896296728595e-11,Solyc10g080900.1.1_S120;Solyc10g080900.1.1_S29,True,differential_direction_concordant,differential_site,none,False,expression_only_or_binding_only,,,,no_admitted_binding_record,11.0,1.0,Collenchyma;Columella;Inner epidermis;Locular tissue;Outer epidermis;Parenchyma;Placenta;Seeds;Septum;Total pericarp;Vascular tissue,Collenchyma;Columella;Inner epidermis;Locular tissue;Outer epidermis;Parenchyma;Placenta;Seeds;Septum;Total pericarp;Vascular tissue
Solyc11g022590,-0.5130208333333333,-0.7310442243303571,True,0.5130208333333333,2.6088723510658216,-1.727285570976878,True,3,False,0.2435344827586207,0.6287603527912717,cross_cohort_expression_replication_only,,Solyc11g022590.1,protein_coding,trypsin inhibitor-like protein precursor && sp|P13087|MIRA_SYNDU Miraculin OS=Synsepalum dulcificum OX=3743 PE=1 SV=3 && PF00197:Trypsin and protease inhibitor,-,gene-Solyc11g022590.1,,,Ensembl Plants BioMart,63,one_to_one,,,,,-0.3415898308694888,0.7142857142857143,-0.4898597830488313,0.0552899735815826,0.743531916273625,1.0,7,21628,-0.3532704609062549,-0.6699745609704277,0.3427404494593556,433.0,0.0,1000,0.3376623376623376,0.3443413729128015,,frozen_signature_with_partial_replication,no_regulatory_claim,True,-2.504590472296269,-2.468681895998721,1.52497149395996e-10,9.61272811228097e-10,True,,,,,,False,differential_direction_concordant,none,none,False,expression_only_or_binding_only,,,,no_admitted_binding_record,11.0,0.9090909090909092,Collenchyma;Columella;Inner epidermis;Locular tissue;Parenchyma;Placenta;Seeds;Septum;Total pericarp;Vascular tissue,Collenchyma;Columella;Inner epidermis;Locular tissue;Outer epidermis;Parenchyma;Placenta;Seeds;Septum;Total pericarp;Vascular tissue
Solyc05g015380,0.5041852678571429,0.5013311476934523,True,0.5013311476934523,0.0,3.683372519725845,True,3,False,0.0138568129330254,0.4705978239229115,cross_cohort_expression_replication_only,,Solyc05g015380.2,protein_coding,DNA-binding HORMA (AHRD V3.3 *-* A0A200R484_9MAGN) && sp|F4HRV8|ASY1_ARATH Meiosis-specific protein ASY1 OS=Arabidopsis thaliana OX=3702 GN=ASY1 PE=1 SV=1 && -,-,gene-Solyc05g015380.2,,,Ensembl Plants BioMart,63,one_to_one,,,,,0.3931197909062685,0.6666666666666666,0.6810554660178072,0.0,0.5876720272405489,0.8571428571428571,6,17595,0.4253088221743951,-0.1927835492576539,0.8905030813487125,426.0,0.096,1000,0.0679320679320679,0.0816592733691179,,frozen_signature_with_partial_replication,no_regulatory_claim,False,,,,,,,,,,,,not_measured,none,none,False,expression_only_or_binding_only,,,,no_admitted_binding_record,6.0,0.6666666666666666,Placenta;Seeds;Septum;Total pericarp,Columella;Locular tissue;Placenta;Seeds;Septum;Total pericarp
Solyc12g015690,-0.4782249813988095,-0.6336379278273809,True,0.4782249813988095,,-5.223663994522372,False,3,False,0.459051724137931,0.7341954022988505,cross_cohort_expression_replication_only,,,,,,gene-Solyc12g015690.3,,,Ensembl Plants BioMart,63,one_to_one,,,,,-0.6616040519987217,1.0,-0.9368812318491322,0.1119847360254958,0.3233033309074848,0.8571428571428571,6,4458,-0.6617726141737992,-0.981857885883443,-0.521905894211163,239.0,0.068,1000,0.0209790209790209,0.0333365264872114,,frozen_signature_with_partial_replication,no_regulatory_claim,True,-2.523901909183856,-2.5237917428681453,1.15633586528518e-16,1.2226881092974e-14,True,,,,,,False,differential_direction_concordant,none,none,False,expression_only_or_binding_only,,,,no_admitted_binding_record,11.0,1.0,Collenchyma;Columella;Inner epidermis;Locular tissue;Outer epidermis;Parenchyma;Placenta;Seeds;Septum;Total pericarp;Vascular tissue,Collenchyma;Columella;Inner epidermis;Locular tissue;Outer epidermis;Parenchyma;Placenta;Seeds;Septum;Total pericarp;Vascular tissue
Solyc09g031880,-0.5175083705357144,-0.4629545665922618,True,0.4629545665922618,0.0,0.0,True,2,False,0.0075431034482758,0.3243154963367046,cross_cohort_expression_replication_only,,Solyc09g031880.3,protein_coding,Galacturonokinase (AHRD V3.3 *** A0A2G2WB90_CAPBA) && sp|Q8VYG2|GALAK_ARATH Galacturonokinase OS=Arabidopsis thaliana OX=3702 GN=GALAK PE=1 SV=1 && -,-,gene-Solyc09g031880.3,,,Ensembl Plants BioMart,63,one_to_one,,,,,-0.2246238283303798,0.3333333333333333,-0.24639892578125,0.0,0.4665603922506798,0.8571428571428571,6,31778,-0.2246238283303798,-0.4703361947383208,0.1300446201850056,462.0,0.0,1000,0.0939060939060939,0.1083891233144964,,frozen_signature_with_partial_replication,no_regulatory_claim,False,,,,,,,,,,,,not_measured,none,none,False,expression_only_or_binding_only,,,,no_admitted_binding_record,3.0,1.0,Collenchyma;Inner epidermis;Parenchyma,Collenchyma;Inner epidermis;Parenchyma
Solyc12g070080,0.4626232328869048,0.605654761904762,True,0.4626232328869048,,3.3533194232050128,False,3,False,0.396551724137931,0.5876436781609194,cross_cohort_expression_replication_only,,,,,,,,,Ensembl Plants BioMart,63,not_mapped_in_export,,,,,0.6529396294122787,1.0,0.8198058506944844,0.311192183503166,0.2936888410163254,0.5714285714285714,4,4699,0.653070594122108,0.5656319531209952,0.9629620087612728,223.0,0.289738430583501,1000,0.0219780219780219,0.0337675569463649,,frozen_signature_with_partial_replication,no_regulatory_claim,False,,,,,,,,,,,,not_measured,none,none,False,expression_only_or_binding_only,,,,no_admitted_binding_record,10.0,0.8,Collenchyma;Columella;Inner epidermis;Locular tissue;Parenchyma;Placenta;Septum;Total pericarp,Collenchyma;Columella;Inner epidermis;Locular tissue;Outer epidermis;Parenchyma;Placenta;Seeds;Septum;Total pericarp
Solyc04g054990,-0.452241443452381,-0.4857933407738096,True,0.452241443452381,,-4.033813732755875,False,3,False,0.334051724137931,0.5617816091954023,cross_cohort_expression_replication_only,,,,,,,,,Ensembl Plants BioMart,63,not_mapped_in_export,,,,,-0.8879715928992119,1.0,-0.9552411494206284,0.8544051662682937,0.0582216311376119,0.5714285714285714,4,444,-0.901744678293356,-0.9656315479615094,-0.8465130112080326,108.0,0.8933601609657947,1000,0.0149850149850149,0.0293377508567382,,frozen_signature_with_partial_replication,no_regulatory_claim,True,-0.9590018840816515,-0.9579066106456792,6.103564155227219e-11,4.33987825693276e-10,True,,,,,,False,differential_direction_concordant,none,none,False,expression_only_or_binding_only,,,,no_admitted_binding_record,10.0,1.0,Collenchyma;Columella;Inner epidermis;Locular tissue;Outer epidermis;Parenchyma;Placenta;Seeds;Septum;Total pericarp,Collenchyma;Columella;Inner epidermis;Locular tissue;Outer epidermis;Parenchyma;Placenta;Seeds;Septum;Total pericarp
Solyc05g025600,-0.4415341331845238,-0.5233909970238095,True,0.4415341331845238,0.0,-3.855162400910145,True,3,False,0.0138568129330254,0.4156409273711874,cross_cohort_expression_replication_only,,Solyc05g025600.1,protein_coding,Photosystem II reaction center X protein (AHRD V3.3 *** A0A2G3CGE7_CAPCH) && - && PF06596:Photosystem II reaction centre X protein (PsbX),-,gene-Solyc05g025600.1,,,Ensembl Plants BioMart,63,one_to_one,,,,,-0.3266100956624908,0.5,-0.4939893641134345,0.0,0.4945759651460682,0.8571428571428571,6,22863,-0.3266850712455516,-0.6115495904511716,0.1272465443266172,447.0,0.02,1000,0.0009990009990009,0.0073577216434359,,frozen_signature_with_partial_replication,no_regulatory_claim,False,,,,,,,,,,,,not_measured,none,none,False,expression_only_or_binding_only,,,,no_admitted_binding_record,11.0,1.0,Collenchyma;Columella;Inner epidermis;Locular tissue;Outer epidermis;Parenchyma;Placenta;Seeds;Septum;Total pericarp;Vascular tissue,Collenchyma;Columella;Inner epidermis;Locular tissue;Outer epidermis;Parenchyma;Placenta;Seeds;Septum;Total pericarp;Vascular tissue
Solyc01g008680,0.4362676711309524,0.443388439360119,True,0.4362676711309524,,2.130391059386277,False,3,False,0.2521551724137931,0.3814655172413793,cross_cohort_expression_replication_only,,,,,,gene-Solyc01g008680.4,,,Ensembl Plants BioMart,63,one_to_one,,,,,0.9290701291467064,1.0,0.9650647475039072,0.9082407617320336,0.0286994995847759,0.7142857142857143,5,184,0.931368816613479,0.8958671412818556,0.9676329637992436,88.0,0.894,1000,0.0019980019980019,0.0091789398720091,,frozen_signature_with_partial_replication,no_regulatory_claim,False,,,,,,,,,,,,not_measured,none,none,False,expression_only_or_binding_only,,,,no_admitted_binding_record,5.0,1.0,Columella;Locular tissue;Placenta;Septum;Total pericarp,Columella;Locular tissue;Placenta;Septum;Total pericarp
Solyc03g033730,-0.4183175223214286,-0.4631173270089286,True,0.4183175223214286,,-0.6602703344799736,False,3,False,0.084051724137931,0.2830459770114942,cross_cohort_expression_replication_only,,,,,,,,,Ensembl Plants BioMart,63,not_mapped_in_export,,,,,-0.5648177111109358,1.0,-0.700085991327751,0.1062712290854195,0.3590966807844551,0.5714285714285714,4,8500,-0.5733074107665312,-0.9355189732142858,-0.4665728337802128,283.0,0.0583501006036217,1000,0.0839160839160839,0.098078244173962,,frozen_signature_with_partial_replication,no_regulatory_claim,False,,,,,,,,,,,,not_measured,none,none,False,expression_only_or_binding_only,,,,no_admitted_binding_record,,,,
Solyc04g070970,-0.6566685267857144,-0.4162713913690475,True,0.4162713913690475,0.2613041079429861,-3.810056200576543,True,3,False,0.1177829099307159,0.5493810723102652,cross_cohort_expression_replication_only,,Solyc04g070970.4,protein_coding,ABC transporter G family member 27 (AHRD V3.3 *** A0A2G3CMS7_CAPCH) && sp|Q93YS4|AB22G_ARATH ABC transporter G family member 22 OS=Arabidopsis thaliana OX=3702 GN=ABCG22 PE=1 SV=1 && PF01061:ABC-2 type transporter|PF00005:ABC transporter,ABC2_membrane,gene-Solyc04g070970.4,,,Ensembl Plants BioMart,63,one_to_one,,,,,-0.5114163201212232,0.8333333333333334,-0.8221564462919233,0.3547322083639032,0.6114910143077575,0.8571428571428571,6,10879,-0.5463288991795798,-0.9722712231159644,-0.2731957661441594,380.0,0.19,1000,0.0759240759240759,0.0900991591528675,,frozen_signature_with_partial_replication,no_regulatory_claim,False,,,,,,,,,,,,not_measured,none,none,False,expression_only_or_binding_only,,,,no_admitted_binding_record,2.0,0.5,Total pericarp,Outer epidermis;Total pericarp
Solyc05g054330,-0.4040411086309525,-0.4235897972470238,True,0.4040411086309525,,-3.4342843944372365,False,3,False,0.021551724137931,0.3714080459770115,cross_cohort_expression_replication_only,,,,,,,,,Ensembl Plants BioMart,63,not_mapped_in_export,,,,,-0.939881005646228,1.0,-0.9776468740382422,0.9649222124376232,0.0075053551654048,0.5714285714285714,4,123,-0.9399812732682824,-0.9756682426786224,-0.905775669642857,67.0,0.8832997987927566,1000,0.0019980019980019,0.0091789398720091,,frozen_signature_with_partial_replication,no_regulatory_claim,True,-1.2328130110744993,-1.23240150678035,3.30422429340131e-12,3.69408119745294e-11,True,,,,,,False,differential_direction_concordant,none,none,False,expression_only_or_binding_only,,,,no_admitted_binding_record,11.0,1.0,Collenchyma;Columella;Inner epidermis;Locular tissue;Outer epidermis;Parenchyma;Placenta;Seeds;Septum;Total pericarp;Vascular tissue,Collenchyma;Columella;Inner epidermis;Locular tissue;Outer epidermis;Parenchyma;Placenta;Seeds;Septum;Total pericarp;Vascular tissue
Solyc01g099630,-0.4528459821428573,-0.4036574590773811,True,0.4036574590773811,,-5.594061044475826,False,3,False,0.3383620689655172,0.5862068965517241,cross_cohort_expression_replication_only,,,,,,gene-Solyc01g099630.4,XTH1,NM_001246929,Ensembl Plants BioMart,63,one_to_one,,,,,-0.6468053650679436,1.0,-0.9793930293315024,0.0329391537719629,0.3544361057401332,0.8571428571428571,6,4899,-0.6475623399918984,-0.9806990636162728,-0.4906746561155725,236.5,0.276,1000,0.0249750249750249,0.0354385675486592,,frozen_signature_with_partial_replication,no_regulatory_claim,True,-0.915774545135297,-0.915361710786089,6.34746017659246e-10,3.4108963754264703e-09,True,,,,,,False,differential_direction_concordant,none,none,False,expression_only_or_binding_only,,,,no_admitted_binding_record,11.0,1.0,Collenchyma;Columella;Inner epidermis;Locular tissue;Outer epidermis;Parenchyma;Placenta;Seeds;Septum;Total pericarp;Vascular tissue,Collenchyma;Columella;Inner epidermis;Locular tissue;Outer epidermis;Parenchyma;Placenta;Seeds;Septum;Total pericarp;Vascular tissue
Solyc05g054090,-0.4586123511904759,-0.3979259672619047,True,0.3979259672619047,0.1738616625582452,-1.7198711148769918,True,3,False,0.0900692840646651,0.3005345623954766,cross_cohort_expression_replication_only,,Solyc05g054090.3,protein_coding,induced stolen tip protein TUB8-like (AHRD V3.3 *** XP_004239829.1) && - && -,-,gene-Solyc05g054090.3,,,Ensembl Plants BioMart,63,one_to_one,,,,,-0.4507612346602556,0.7142857142857143,-0.631958056002492,0.532648569332355,0.6777927099562051,1.0,7,13547,-0.4521551633459338,-0.9380181110958132,0.3724048913165192,404.5,0.08,1000,0.0839160839160839,0.098078244173962,,frozen_signature_with_partial_replication,no_regulatory_claim,True,-2.1173273191230058,-2.1196151687008813,1.75544950091846e-12,2.18521500898645e-11,True,,,,,,False,differential_direction_concordant,none,none,False,expression_only_or_binding_only,,,,no_admitted_binding_record,10.0,1.0,Collenchyma;Columella;Inner epidermis;Locular tissue;Parenchyma;Placenta;Seeds;Septum;Total pericarp;Vascular tissue,Collenchyma;Columella;Inner epidermis;Locular tissue;Parenchyma;Placenta;Seeds;Septum;Total pericarp;Vascular tissue
Solyc12g088350,0.4234444754464286,0.3899507068452382,True,0.3899507068452382,,0.1400672012616748,False,3,False,0.0366379310344827,0.2298850574712644,cross_cohort_expression_replication_only,,,,,,,,,Ensembl Plants BioMart,63,not_mapped_in_export,,,,,0.4281917369508838,0.75,0.5723417458581646,0.1341258858556631,0.4588287763994368,0.5714285714285714,4,14989,0.4344316636978734,0.2757119378049382,0.92939453125,411.0,0.0503018108651911,1000,0.1868131868131868,0.1965562781889312,,frozen_signature_with_partial_replication,no_regulatory_claim,False,,,,,,,,,,,,not_measured,none,none,False,expression_only_or_binding_only,,,,no_admitted_binding_record,,,,
Solyc05g015360,0.4064418247767857,0.3638974144345238,True,0.3638974144345238,,3.2440531565302466,False,3,False,0.0387931034482758,0.3318965517241379,cross_cohort_expression_replication_only,,,,,,gene-Solyc05g015360.2,,,Ensembl Plants BioMart,63,one_to_one,,,,,0.526967238638242,0.8,0.8273707699160527,0.3765727726139197,0.5258716629020874,0.7142857142857143,5,10188,0.5473220714694701,0.2665047631368002,0.9553513199637976,379.0,0.266,1000,0.0839160839160839,0.098078244173962,,frozen_signature_with_partial_replication,no_regulatory_claim,False,,,,,,,,,,,,not_measured,none,none,False,expression_only_or_binding_only,,,,no_admitted_binding_record,3.0,1.0,Locular tissue;Placenta;Septum,Locular tissue;Placenta;Septum
Solyc06g053950,0.4723772321428572,0.3536958240327381,True,0.3536958240327381,,2.3572351757499796,False,3,False,0.3297413793103448,0.3979885057471264,cross_cohort_expression_replication_only,,,,,,gene-Solyc06g053950.3,,,Ensembl Plants BioMart,63,one_to_one,,,,,0.3725816165590282,0.6666666666666666,0.6932350799105272,0.1310018031618232,0.7295867370453082,0.8571428571428571,6,19084,0.3831994809101225,-0.3035495114029076,0.9634720810475484,426.0,0.01,1000,0.2637362637362637,0.270738111446076,,frozen_signature_with_partial_replication,no_regulatory_claim,True,0.8216276955250653,0.8216664182249038,8.40191479868763e-12,8.0731047276471e-11,True,,,,,,False,differential_direction_concordant,none,none,True,binding_plus_independent_perturbation_expression,-1.7895398758676633,0.0002790481980710281,True,binding_plus_independent_perturbation_expression,11.0,1.0,Collenchyma;Columella;Inner epidermis;Locular tissue;Outer epidermis;Parenchyma;Placenta;Seeds;Septum;Total pericarp;Vascular tissue,Collenchyma;Columella;Inner epidermis;Locular tissue;Outer epidermis;Parenchyma;Placenta;Seeds;Septum;Total pericarp;Vascular tissue
Solyc06g051150,0.5607910156250001,0.3338506789434524,True,0.3338506789434524,0.0,0.0262078488169646,True,3,False,0.0138568129330254,0.2917185135780839,cross_cohort_expression_replication_only,,Solyc06g051150.1,protein_coding,Pentatricopeptide repeat-containing protein (AHRD V3.3 *-* A0A2U1NNB9_ARTAN) && sp|Q9C7V5|PP104_ARATH Putative pentatricopeptide repeat-containing protein At1g64310 OS=Arabidopsis thaliana OX=3702 GN=PCMP-E65 PE=3 SV=1 && PF13041:PPR repeat family,-,gene-Solyc06g051150.1,,,Ensembl Plants BioMart,63,one_to_one,,,,,0.3763949958817703,0.6666666666666666,0.3999032890959348,0.0,0.4062942703646683,0.8571428571428571,6,18821,0.3948869839372881,0.1996017517904407,0.6576478126248156,438.0,0.0,1000,0.1158841158841158,0.1308278096599264,,frozen_signature_with_partial_replication,no_regulatory_claim,False,,,,,,,,,,,,not_measured,none,none,False,expression_only_or_binding_only,,,,no_admitted_binding_record,,,,
Solyc04g071590,0.5196242559523809,0.3322986421130952,True,0.3322986421130952,0.3161752809367497,-0.1472591040861552,True,3,False,0.043103448275862,0.300228458230469,cross_cohort_expression_replication_only,,Solyc04g071590.3,protein_coding,Abscisic acid stress ripening 3 && sp|P37220|ASR3_SOLLC Abscisic stress-ripening protein 3 OS=Solanum lycopersicum OX=4081 GN=ASR3 PE=3 SV=2 && PF02496:ABA/WDS induced protein,-,gene-Solyc04g071590.3,ASR3,,Ensembl Plants BioMart,63,one_to_one,,,,,-0.2613730684884185,0.5714285714285714,-0.0249095128185936,0.4704544145596959,0.7846933263941185,1.0,7,29333,-0.2645834882057939,-0.5423440874671612,0.5688777937189208,446.0,0.01,1000,0.8111888111888111,0.8129408388587653,,frozen_signature_with_partial_replication,no_regulatory_claim,False,,,,,,,,,,,,not_measured,none,none,False,expression_only_or_binding_only,,,,no_admitted_binding_record,6.0,0.5,Columella;Parenchyma;Total pericarp,Columella;Inner epidermis;Parenchyma;Seeds;Total pericarp;Vascular tissue
Solyc11g071980,-0.4297688802083333,-0.3155459449404761,True,0.3155459449404761,,-0.1416427530499228,False,3,False,0.0387931034482758,0.2011494252873563,cross_cohort_expression_replication_only,,,,,,,,,Ensembl Plants BioMart,63,not_mapped_in_export,,,,,-0.6842138768153204,1.0,-0.8003963342895434,0.4659909001900593,0.2369580014901679,0.4285714285714285,3,3848,-0.6901383072378868,-0.9323506980555976,-0.6386090981619157,212.0,0.3995943204868154,1000,0.1008991008991009,0.1158841158841158,,frozen_signature_with_partial_replication,no_regulatory_claim,False,,,,,,,,,,,,not_measured,none,none,False,expression_only_or_binding_only,,,,no_admitted_binding_record,6.0,1.0,Columella;Locular tissue;Placenta;Seeds;Septum;Total pericarp,Columella;Locular tissue;Placenta;Seeds;Septum;Total pericarp
Solyc11g056680,-0.5428059895833333,-0.3035539899553572,True,0.3035539899553572,0.0976421092523134,-5.084541583640723,True,3,False,0.0577367205542725,0.4853393525523612,cross_cohort_expression_replication_only,,Solyc11g056680.1,protein_coding,Leucine-rich repeat receptor-like protein (AHRD V3.3 *** H6V788_MALDO) && sp|Q00874|DR100_ARATH DNA damage-repair/toleration protein DRT100 OS=Arabidopsis thaliana OX=3702 GN=DRT100 PE=2 SV=2 && PF13855:Leucine rich repeat|PF08263:Leucine rich repeat N-terminal domain,LRRNT_2,gene-Solyc11g056680.1,,,Ensembl Plants BioMart,63,one_to_one,,,,,-0.6199006659921585,0.8571428571428571,-0.98277494291363,0.500763930929113,0.520245198440663,1.0,7,5723,-0.6200877601150311,-0.9938464292779782,-0.3446749572731428,241.0,0.334,1000,0.0129870129870129,0.0269016697588126,,frozen_signature_with_partial_replication,no_regulatory_claim,True,-0.1513231744261748,,,,False,,,,,,False,measured_direction_concordant,none,none,False,expression_only_or_binding_only,,,,no_admitted_binding_record,10.0,0.8,Collenchyma;Columella;Inner epidermis;Outer epidermis;Parenchyma;Placenta;Septum;Total pericarp,Collenchyma;Columella;Inner epidermis;Locular tissue;Outer epidermis;Parenchyma;Placenta;Seeds;Septum;Total pericarp
Solyc03g078150,-0.4049479166666667,-0.2991303943452381,True,0.2991303943452381,0.4364259629921192,-1.0447477989253997,True,3,False,0.0258620689655172,0.1577183045313371,cross_cohort_expression_replication_only,,Solyc03g078150.3,protein_coding,Amino acid transporter family protein (AHRD V3.3 *** S8E0T7_9LAMI) && sp|O80668|AVT1A_ARATH Amino acid transporter AVT1A OS=Arabidopsis thaliana OX=3702 GN=AVT1A PE=2 SV=2 && PF01490:Transmembrane amino acid transporter protein,Aa_trans,gene-Solyc03g078150.3,,,Ensembl Plants BioMart,63,one_to_one,,,,,-0.5799634314909724,0.8571428571428571,-0.8315673734940312,0.6285276974042857,0.5820535201677105,1.0,7,7795,-0.5818902562717309,-0.8975743990976794,-0.3052741958643149,336.0,0.246,1000,0.0289710289710289,0.0391911295701383,,frozen_signature_with_partial_replication,no_regulatory_claim,False,,,,,,,,,,,,not_measured,none,none,False,expression_only_or_binding_only,,,,no_admitted_binding_record,8.0,1.0,Collenchyma;Columella;Inner epidermis;Locular tissue;Parenchyma;Placenta;Septum;Total pericarp,Collenchyma;Columella;Inner epidermis;Locular tissue;Parenchyma;Placenta;Septum;Total pericarp
Solyc11g042940,-0.4112025669642857,-0.2895856584821429,True,0.2895856584821429,,-2.230447724514775,False,3,False,0.0711206896551724,0.2277298850574712,cross_cohort_expression_replication_only,,,,,,,,,Ensembl Plants BioMart,63,not_mapped_in_export,,,,,-0.58309759791894,1.0,-0.7516167930125283,0.134817796787856,0.3565258733039796,0.5714285714285714,4,7616,-0.5836445795381321,-0.941241132457918,-0.4807338453270968,267.0,0.0784708249496981,1000,0.0989010989010989,0.1138712404221089,,frozen_signature_with_partial_replication,no_regulatory_claim,True,-0.5616091103836658,,,,False,,,,,,False,measured_direction_concordant,none,none,False,expression_only_or_binding_only,,,,no_admitted_binding_record,8.0,1.0,Collenchyma;Columella;Inner epidermis;Locular tissue;Parenchyma;Placenta;Septum;Total pericarp,Collenchyma;Columella;Inner epidermis;Locular tissue;Parenchyma;Placenta;Septum;Total pericarp
Solyc06g048440,-0.7476981026785714,-0.2870977492559524,True,0.2870977492559524,0.0259158516832113,0.3934181605770878,True,2,False,0.0346420323325635,0.3410958529107271,cross_cohort_expression_replication_only,,Solyc06g048440.3,protein_coding,DNA-directed RNA polymerase subunit beta'' (AHRD V3.3 *-* A0A1W5HN85_9ORYZ) && - && PF07172:Glycine rich protein family,-,gene-Solyc06g048440.3,,,Ensembl Plants BioMart,63,one_to_one,,,,,-0.2861370710834366,0.5,-0.293393027888353,0.3562400816141464,0.7139334990924877,0.8571428571428571,6,26714,-0.2956349124270463,-0.6164659454819295,0.4902928300300173,444.0,0.014,1000,0.6943056943056943,0.6973113466619961,,frozen_signature_with_partial_replication,no_regulatory_claim,False,,,,,,,,,,,,not_measured,none,none,False,expression_only_or_binding_only,,,,no_admitted_binding_record,6.0,1.0,Columella;Locular tissue;Placenta;Seeds;Septum;Total pericarp,Columella;Locular tissue;Placenta;Seeds;Septum;Total pericarp
Solyc07g062550,-0.4413713727678571,-0.2854236421130952,True,0.2854236421130952,,-3.8702872189809896,False,3,False,0.2823275862068966,0.4051724137931035,cross_cohort_expression_replication_only,,,,,,,,,Ensembl Plants BioMart,63,not_mapped_in_export,,,,,-0.7293180147029041,1.0,-0.8522145650935367,0.4991403530842453,0.2050545499634116,0.5714285714285714,4,2755,-0.7302688785629871,-0.9509818937126864,-0.6596451974024947,191.0,0.647887323943662,1000,0.0169830169830169,0.0305431003105421,,frozen_signature_with_partial_replication,no_regulatory_claim,True,-1.2998944343394034,-1.3007994085043355,2.90993380819042e-14,7.58460166779956e-13,True,,,,,,False,differential_direction_concordant,none,none,False,expression_only_or_binding_only,,,,binding_only_or_no_significant_perturbation,11.0,1.0,Collenchyma;Columella;Inner epidermis;Locular tissue;Outer epidermis;Parenchyma;Placenta;Seeds;Septum;Total pericarp;Vascular tissue,Collenchyma;Columella;Inner epidermis;Locular tissue;Outer epidermis;Parenchyma;Placenta;Seeds;Septum;Total pericarp;Vascular tissue
Solyc12g100270,0.4584960937500001,0.2771112351190475,True,0.2771112351190475,-1.4241596518984971,1.5785375075384476,True,3,False,0.2219827586206896,0.3199435573783547,cross_cohort_expression_replication_only,,Solyc12g100270.2,protein_coding,Fatty acid hydroxylase superfamily (AHRD V3.3 *** A0A2U1L8N4_ARTAN) && sp|F4HVY0|CER1_ARATH Very-long-chain aldehyde decarbonylase CER1 OS=Arabidopsis thaliana OX=3702 GN=CER1 PE=1 SV=1 && PF04116:Fatty acid hydroxylase superfamily|PF12076:WAX2 C-terminal domain,-,gene-Solyc12g100270.2,,,Ensembl Plants BioMart,63,one_to_one,,,,,0.4924730718087618,0.8571428571428571,0.7951686736721705,0.2803287625277812,0.6644318107646486,1.0,7,11713,0.4933526033740529,0.2238791809250181,0.93753875944248,383.0,0.224,1000,0.0539460539460539,0.0669277246817353,,frozen_signature_with_partial_replication,no_regulatory_claim,False,,,,,,,,,,,,not_measured,none,none,False,expression_only_or_binding_only,,,,no_admitted_binding_record,3.0,1.0,Columella;Total pericarp;Vascular tissue,Columella;Total pericarp;Vascular tissue
Solyc11g065350,-0.4015997023809525,-0.2727864583333332,True,0.2727864583333332,0.1782373540170985,-1.0940788727724944,True,3,False,0.0021551724137931,0.1281593433941228,cross_cohort_expression_replication_only,,Solyc11g065350.2,protein_coding,ABC transporter G family member 12 (AHRD V3.3 *** A0A2G3B9R8_CAPCH) && sp|Q8RWI9|AB15G_ARATH ABC transporter G family member 15 OS=Arabidopsis thaliana OX=3702 GN=ABCG15 PE=2 SV=2 && PF01061:ABC-2 type transporter|PF00005:ABC transporter,ABC2_membrane,gene-Solyc11g065350.2,,,Ensembl Plants BioMart,63,one_to_one,,,,,-0.533831158952553,0.8333333333333334,-0.7868266695541717,0.4322999319882113,0.5602397058048777,0.8571428571428571,6,9880,-0.5463976423663964,-0.9165318328569414,-0.2580304880049147,368.5,0.202,1000,0.0839160839160839,0.098078244173962,,frozen_signature_with_partial_replication,no_regulatory_claim,True,-1.5974329602911723,-1.6105329520551956,1.74732532001553e-07,5.01622333472161e-07,True,,,,,,False,differential_direction_concordant,none,none,False,expression_only_or_binding_only,,,,no_admitted_binding_record,9.0,0.6666666666666666,Columella;Locular tissue;Placenta;Seeds;Septum;Total pericarp,Collenchyma;Columella;Inner epidermis;Locular tissue;Outer epidermis;Placenta;Seeds;Septum;Total pericarp
Solyc05g050290,0.4821893601190475,0.2630208333333331,True,0.2630208333333331,,0.1089064436769435,False,3,False,0.0323275862068965,0.2622126436781609,cross_cohort_expression_replication_only,,,,,,gene-Solyc05g050290.3,,,Ensembl Plants BioMart,63,one_to_one,,,,,0.3514496801684666,0.6,0.4523730240024885,0.0,0.4280122379176478,0.7142857142857143,5,20863,0.3638149839341293,0.1236050502232143,0.7382623029305437,441.5,0.03,1000,0.0329670329670329,0.0440827184343034,,frozen_signature_with_partial_replication,no_regulatory_claim,False,,,,,,,,,,,,not_measured,none,none,False,expression_only_or_binding_only,,,,no_admitted_binding_record,,,,
Solyc04g053010,-0.4585425967261905,-0.2624976748511905,True,0.2624976748511905,0.0,-0.0823438779931572,True,3,False,0.0138568129330254,0.1683348928884287,cross_cohort_expression_replication_only,,Solyc04g053010.1,protein_coding,Auxin-responsive protein SAUR65 (AHRD V3.3 *** A0A2G2Y5L8_CAPAN) && sp|F4I1H5|SAU63_ARATH Auxin-responsive protein SAUR63 OS=Arabidopsis thaliana OX=3702 GN=SAUR63 PE=2 SV=1 && PF02519:Auxin responsive protein,Auxin_inducible,gene-Solyc04g053010.1,,,Ensembl Plants BioMart,63,one_to_one,,,,,-0.4097838772880737,0.6666666666666666,-0.5575937323733287,0.0,0.4228741523258694,0.8571428571428571,6,16460,-0.41289410764251,-0.8390279022203314,-0.2037767666687963,424.0,0.044,1000,0.0549450549450549,0.0679853479853479,,frozen_signature_with_partial_replication,no_regulatory_claim,False,,,,,,,,,,,,not_measured,none,none,False,expression_only_or_binding_only,,,,no_admitted_binding_record,6.0,1.0,Collenchyma;Inner epidermis;Outer epidermis;Parenchyma;Septum;Total pericarp,Collenchyma;Inner epidermis;Outer epidermis;Parenchyma;Septum;Total pericarp
Solyc07g008210,-0.5699753534226191,-0.2620035807291667,True,0.2620035807291667,,-4.287007487167074,False,3,False,0.2607758620689655,0.5905172413793103,cross_cohort_expression_replication_only,,,,,,gene-Solyc07g008210.4,,,Ensembl Plants BioMart,63,one_to_one,,,,,-0.5658836565417533,0.8333333333333334,-0.8921755934091731,0.0,0.3518758941682436,0.8571428571428571,6,8453,-0.5763606237032415,-0.948858384789068,-0.301151361743839,347.0,0.258,1000,0.0069930069930069,0.0185414585414585,,frozen_signature_with_partial_replication,no_regulatory_claim,False,,,,,,,,,,,,not_measured,none,none,False,expression_only_or_binding_only,,,,no_admitted_binding_record,8.0,1.0,Columella;Inner epidermis;Locular tissue;Parenchyma;Placenta;Seeds;Septum;Total pericarp,Columella;Inner epidermis;Locular tissue;Parenchyma;Placenta;Seeds;Septum;Total pericarp
Solyc11g064910,0.4247058686755953,0.2521623883928572,True,0.2521623883928572,,0.0,False,2,False,0.0075431034482758,0.1461925287356321,cross_cohort_expression_replication_only,,,,,,,,,Ensembl Plants BioMart,63,not_mapped_in_export,,,,,0.3873317581760497,0.6666666666666666,0.6320161365327381,0.0,0.4479682430541929,0.4285714285714285,3,18022,0.3873317581760497,0.0285714285714285,0.9214913504464286,434.0,0.2312373225152129,1000,0.0749250749250749,0.089141627603166,,frozen_signature_with_partial_replication,no_regulatory_claim,False,,,,,,,,,,,,not_measured,none,none,False,expression_only_or_binding_only,,,,no_admitted_binding_record,,,,
Solyc07g056700,0.40576171875,0.2464773995535711,True,0.2464773995535711,0.0413236631338558,-0.8855517574861129,True,3,False,0.0323275862068965,0.1079527355260014,cross_cohort_expression_replication_only,,Solyc07g056700.2,protein_coding,Unknown protein && - && -,-,gene-Solyc07g056700.2,,,Ensembl Plants BioMart,63,one_to_one,,,,,-0.1792323661589331,0.4285714285714285,-0.0880232025762339,0.0,0.7964339591442098,1.0,7,35491,-0.1880551660338633,-0.5915496749163764,0.4870496971572366,457.0,0.004,1000,0.919080919080919,0.919080919080919,,frozen_signature_with_partial_replication,no_regulatory_claim,False,,,,,,,,,,,,not_measured,none,none,False,expression_only_or_binding_only,,,,no_admitted_binding_record,,,,
Solyc05g014920,0.4830438523065475,0.2351422991071428,True,0.2351422991071428,0.0,0.0,True,2,False,0.0075431034482758,0.1874620480608425,cross_cohort_expression_replication_only,,Solyc05g014920.1,protein_coding,Protein FAR1-related sequence 5-like (AHRD V3.3 *-* A0A2K3LK03_TRIPR) && sp|Q9LKR4|FRS10_ARATH Putative protein FAR1-RELATED SEQUENCE 10 OS=Arabidopsis thaliana OX=3702 GN=FRS10 PE=2 SV=2 && -,-,gene-Solyc05g014920.1,,,Ensembl Plants BioMart,63,one_to_one,,,,,0.307531304098497,0.5,0.3498093111002024,0.0,0.4255690189933209,0.8571428571428571,6,24623,0.307531304098497,0.1214005899234694,0.5505212994788391,451.0,0.014,1000,0.1378621378621378,0.1526683340525822,,frozen_signature_with_partial_replication,no_regulatory_claim,False,,,,,,,,,,,,not_measured,none,none,False,expression_only_or_binding_only,,,,no_admitted_binding_record,,,,
Solyc02g080160,-0.6037481398809524,-0.2290678478422619,True,0.2290678478422619,,-3.7388391683394433,False,3,False,0.230603448275862,0.5617816091954023,cross_cohort_expression_replication_only,,,,,,gene-Solyc02g080160.4,,,Ensembl Plants BioMart,63,one_to_one,,,,,-0.6550923229188851,1.0,-0.8336651445453965,0.2002557973749318,0.3113239221150209,0.8571428571428571,6,4640,-0.6552908933813701,-0.942723699795858,-0.5548381444011781,241.5,0.01,1000,0.0129870129870129,0.0269016697588126,,frozen_signature_with_partial_replication,no_regulatory_claim,False,,,,,,,,,,,,not_measured,none,none,False,expression_only_or_binding_only,,,,no_admitted_binding_record,11.0,1.0,Collenchyma;Columella;Inner epidermis;Locular tissue;Outer epidermis;Parenchyma;Placenta;Seeds;Septum;Total pericarp;Vascular tissue,Collenchyma;Columella;Inner epidermis;Locular tissue;Outer epidermis;Parenchyma;Placenta;Seeds;Septum;Total pericarp;Vascular tissue
Solyc05g009650,0.4614315941220238,0.2283586774553571,True,0.2283586774553571,,0.1432037655948935,False,3,False,0.0409482758620689,0.2191091954022988,cross_cohort_expression_replication_only,,,,,,gene-Solyc05g009650.4,,,Ensembl Plants BioMart,63,one_to_one,,,,,0.3606317762915276,0.6666666666666666,0.5088412611045046,0.2473267077619826,0.6992510737000525,0.8571428571428571,6,19991,0.3742970922709664,-0.3242303610671119,0.7975849916366657,431.5,0.006,1000,0.3326673326673326,0.3399948069551594,,frozen_signature_with_partial_replication,no_regulatory_claim,False,,,,,,,,,,,,not_measured,none,none,False,expression_only_or_binding_only,,,,no_admitted_binding_record,1.0,0.0,,Columella
Solyc04g080540,0.4178408668154761,0.2144252232142857,True,0.2144252232142857,-0.4024523327349012,2.5157406840677057,True,3,False,0.1099137931034482,0.2065556064346579,cross_cohort_expression_replication_only,,Solyc04g080540.2,protein_coding,DNA polymerase epsilon catalytic subunit A (AHRD V3.3 *** AT1G19530.2) && - && -,-,gene-Solyc04g080540.2,,,Ensembl Plants BioMart,63,one_to_one,,,,,0.4219340549014443,0.7142857142857143,0.605983815374696,0.7511314826025541,0.8242634743713476,1.0,7,15494,0.4219728646304162,-0.3001294310148798,0.950219893997272,420.0,0.076,1000,0.1388611388611388,0.1526814417809678,,frozen_signature_with_partial_replication,no_regulatory_claim,True,1.2968308781098303,1.2901668307083405,2.55650711317148e-10,1.5219179652959201e-09,True,1.0,1.4584718862832011,1.4584718862832011,1.81577194535423e-08,Solyc04g080540.2.1_S25,True,differential_direction_concordant,differential_site,none,True,binding_plus_independent_perturbation_expression,-4.936599339276918,0.0,True,binding_plus_independent_perturbation_expression,11.0,0.7272727272727273,Inner epidermis;Locular tissue;Outer epidermis;Parenchyma;Placenta;Seeds;Septum;Total pericarp,Collenchyma;Columella;Inner epidermis;Locular tissue;Outer epidermis;Parenchyma;Placenta;Seeds;Septum;Total pericarp;Vascular tissue
Solyc11g007250,-0.5276343936011907,-0.1976667131696428,True,0.1976667131696428,,-0.9712390956982762,False,3,False,0.125,0.3283045977011494,cross_cohort_expression_replication_only,,,,,,gene-Solyc11g007250.2,,,Ensembl Plants BioMart,63,one_to_one,,,,,-0.531375941224585,0.8,-0.8578516199029487,0.0,0.3619328028665878,0.7142857142857143,5,9983,-0.5360141112366769,-0.900072212827314,-0.2437797875213552,377.0,0.258,1000,0.0349650349650349,0.0462215846831231,,frozen_signature_with_partial_replication,no_regulatory_claim,False,,,,,,,,,,,,not_measured,none,none,False,expression_only_or_binding_only,,,,no_admitted_binding_record,1.0,1.0,Inner epidermis,Inner epidermis
Solyc09g059170,-0.5386788504464285,-0.1954055059523809,True,0.1954055059523809,0.8803234091271626,-2.3933762656114648,True,3,False,0.1875,0.3656190272358047,cross_cohort_expression_replication_only,,Solyc09g059170.3,protein_coding,Glycosyltransferase (AHRD V3.3 *** A4GRT2_9SOLA) && sp|Q43716|UFOG_PETHY Anthocyanidin-3-O-glucoside rhamnosyltransferase OS=Petunia hybrida OX=4102 GN=RT PE=2 SV=1 && PF00201:UDP-glucoronosyl and UDP-glucosyl transferase,UDPGT,gene-Solyc09g059170.3,,,Ensembl Plants BioMart,63,one_to_one,,,,,-0.3873364537333054,0.7142857142857143,-0.5019876455419569,0.5088900071287792,0.7859477026023916,1.0,7,18020,-0.3933065940478134,-0.8140073030246769,0.3043243314271998,426.0,0.102,1000,0.2587412587412587,0.2667909867909868,,frozen_signature_with_partial_replication,no_regulatory_claim,True,-0.1387415676023124,,,,False,,,,,,False,measured_direction_concordant,none,none,False,expression_only_or_binding_only,,,,no_admitted_binding_record,10.0,0.8,Columella;Locular tissue;Parenchyma;Placenta;Seeds;Septum;Total pericarp;Vascular tissue,Collenchyma;Columella;Locular tissue;Outer epidermis;Parenchyma;Placenta;Seeds;Septum;Total pericarp;Vascular tissue
Solyc09g098340,0.4146902901785714,0.1905517578125001,True,0.1905517578125001,-0.2413465021253724,0.1667339196023149,True,3,False,0.0452586206896551,0.1079937982798439,cross_cohort_expression_replication_only,,Solyc09g098340.3,protein_coding,aspartic proteinase-like protein 2 (AHRD V3.3 *** A0A2G2ZT59_CAPAN) && sp|Q4V3D2|ASP36_ARATH Aspartic proteinase 36 OS=Arabidopsis thaliana OX=3702 GN=A36 PE=1 SV=1 && PF14543:Xylanase inhibitor N-terminal|PF14541:Xylanase inhibitor C-terminal,-,gene-Solyc09g098340.3,,,Ensembl Plants BioMart,63,one_to_one,,,,,0.5400138702410859,0.8571428571428571,0.6199589343446756,0.458456132396282,0.501077439467351,1.0,7,9621,0.5470084518497487,0.3003524056570678,0.7572258172774947,368.0,0.17,1000,0.0399600399600399,0.0515040515040515,,frozen_signature_with_partial_replication,no_regulatory_claim,True,0.3502451971481546,,,,False,,,,,,False,measured_direction_concordant,none,none,False,expression_only_or_binding_only,,,,no_admitted_binding_record,11.0,1.0,Collenchyma;Columella;Inner epidermis;Locular tissue;Outer epidermis;Parenchyma;Placenta;Seeds;Septum;Total pericarp;Vascular tissue,Collenchyma;Columella;Inner epidermis;Locular tissue;Outer epidermis;Parenchyma;Placenta;Seeds;Septum;Total pericarp;Vascular tissue
Solyc12g044540,0.4031808035714286,0.1727062406994047,True,0.1727062406994047,0.0,0.0,True,2,False,0.0075431034482758,0.0511473928884287,cross_cohort_expression_replication_only,,Solyc12g044540.4,protein_coding,zinc finger BED domain-containing protein RICESLEEPER 2-like (AHRD V3.11 *-* tr_A0A2I4HS67_A0A2I4HS67_9ROSI) && sp|Q9SUK9|P2C55_ARATH Probable protein phosphatase 2C 55 OS=Arabidopsis thaliana OX=3702 GN=At4g16580 PE=2 SV=2 && -,-,gene-Solyc12g044540.3,,,Ensembl Plants BioMart,63,one_to_one,,,,,0.3098119062609565,0.5,0.3489969497391193,0.0,0.4129031966490148,0.8571428571428571,6,24419,0.3101707786135478,0.1216636041135204,0.5566413419436639,451.0,0.014,1000,0.1158841158841158,0.1308278096599264,,frozen_signature_with_partial_replication,no_regulatory_claim,False,,,,,,,,,,,,not_measured,none,none,False,expression_only_or_binding_only,,,,no_admitted_binding_record,,,,
Solyc04g077620,0.6313709077380951,0.1596505301339286,True,0.1596505301339286,-0.2040846140930367,1.9123524907876603,True,3,False,0.0946882217090069,0.3507194692203552,cross_cohort_expression_replication_only,,Solyc04g077620.1,protein_coding,Uncharacterized conserved protein UCP031279 (AHRD V3.3 -** AT1G10140.1) && - && -,-,gene-Solyc04g077620.1,,,Ensembl Plants BioMart,63,one_to_one,,,,,0.3798206636909242,0.6666666666666666,0.5250121238924553,0.6150364668915218,0.7997297044344047,0.8571428571428571,6,18559,0.4013832668433092,-0.3530208225620448,0.8977653824824767,431.0,0.1,1000,0.2617382617382617,0.2692828236065486,,frozen_signature_with_partial_replication,no_regulatory_claim,False,,,,,,,,,,,,not_measured,none,none,False,expression_only_or_binding_only,,,,no_admitted_binding_record,1.0,1.0,Columella,Columella
Solyc12g049030,0.4318033854166667,0.1491350446428571,True,0.1491350446428571,-0.5212699946121462,2.042141961381069,True,3,False,0.146551724137931,0.2020922095245679,cross_cohort_expression_replication_only,,Solyc12g049030.1,protein_coding,Fatty acid desaturase (AHRD V3.3 *** A0A200QRI1_9MAGN) && sp|Q8GZC3|FAD2_VERFO Delta(12)-fatty-acid desaturase FAD2 OS=Vernicia fordii OX=73154 GN=FAD2 PE=1 SV=1 && PF11960:Domain of unknown function (DUF3474)|PF00487:Fatty acid desaturase,-,gene-Solyc12g049030.1,,,Ensembl Plants BioMart,63,one_to_one,,,,,0.4040271005498415,0.7142857142857143,0.6358076783899228,0.0607204260493982,0.6271605925920744,1.0,7,16865,0.407333190487987,-0.2206255064926179,0.8208730474035396,425.0,0.002,1000,0.1538461538461538,0.1648605436134304,,frozen_signature_with_partial_replication,no_regulatory_claim,False,,,,,,,,,,,,not_measured,none,none,False,expression_only_or_binding_only,,,,no_admitted_binding_record,3.0,1.0,Columella;Total pericarp;Vascular tissue,Columella;Total pericarp;Vascular tissue
Solyc12g098790,0.4589320591517857,0.1485537574404761,True,0.1485537574404761,-0.0262808584908055,0.0,True,2,False,0.0075431034482758,0.1407226795811101,cross_cohort_expression_replication_only,,Solyc12g098790.1,protein_coding,Unknown protein && - && -,-,gene-Solyc12g098790.1,,,Ensembl Plants BioMart,63,one_to_one,,,,,0.3542605760026645,0.6666666666666666,0.3526956040081753,0.0,0.4536508465629529,0.8571428571428571,6,20549,0.3705257173298532,-0.2575047508260736,0.6493829176018937,438.5,0.0,1000,0.2327672327672327,0.2421614260179282,,frozen_signature_with_partial_replication,no_regulatory_claim,False,,,,,,,,,,,,not_measured,none,none,False,expression_only_or_binding_only,,,,no_admitted_binding_record,,,,
Solyc09g091670,0.6064569382440477,0.1441708519345238,True,0.1441708519345238,-0.602751013997891,1.4648352321506255,True,3,False,0.1379310344827586,0.347529017679382,cross_cohort_expression_replication_only,,Solyc09g091670.3,protein_coding,Pleiotropic drug resistance protein (AHRD V3.3 *** C8CA13_CUCSA) && sp|Q949G3|PDR1_NICPL Pleiotropic drug resistance protein 1 OS=Nicotiana plumbaginifolia OX=4092 GN=PDR1 PE=1 SV=1 && PF08370:Plant PDR ABC transporter associated|PF14510:ABC-transporter N-terminal|PF00005:ABC transporter|PF01061:ABC-2 type transporter,ABC2_membrane,gene-Solyc09g091670.3,,,Ensembl Plants BioMart,63,one_to_one,,,,,0.4296436088606554,0.7142857142857143,0.530579508275709,0.7095441774646707,0.7488482759254959,1.0,7,14883,0.4299792962418236,-0.3226782507517685,0.8742168949153706,414.0,0.0,1000,0.1478521478521478,0.1599146773971949,,frozen_signature_with_partial_replication,no_regulatory_claim,False,,,,,,,,,,,,not_measured,none,none,False,expression_only_or_binding_only,,,,no_admitted_binding_record,2.0,1.0,Columella;Vascular tissue,Columella;Vascular tissue
Solyc09g011720,-0.4460914248511904,-0.116240001860119,True,0.116240001860119,0.0,-3.432542900403716,True,3,False,0.0138568129330254,0.2432271342677391,cross_cohort_expression_replication_only,,Solyc09g011720.3,protein_coding,DUF3527 domain-containing protein (AHRD V3.3 *** A0A1Q3BBP6_CEPFO) && - && PF12043:Domain of unknown function (DUF3527),-,gene-Solyc09g011720.3,,,Ensembl Plants BioMart,63,one_to_one,,,,,-0.5536086737350768,0.8571428571428571,-0.7487808264661063,0.0,0.3412260251804105,1.0,7,9029,-0.5578938090815895,-0.8635858658732533,-0.3621465876429839,357.0,0.198,1000,0.0059940059940059,0.0171680171680171,,frozen_signature_with_partial_replication,no_regulatory_claim,False,,,,,,,,,,,,not_measured,none,none,False,expression_only_or_binding_only,,,,no_admitted_binding_record,11.0,0.9090909090909092,Collenchyma;Columella;Inner epidermis;Locular tissue;Parenchyma;Placenta;Seeds;Septum;Total pericarp;Vascular tissue,Collenchyma;Columella;Inner epidermis;Locular tissue;Outer epidermis;Parenchyma;Placenta;Seeds;Septum;Total pericarp;Vascular tissue
Solyc08g080490,-0.4811546688988095,-0.1136823381696429,True,0.1136823381696429,-0.4250664506352632,1.1100123689406969,True,3,False,0.0969827586206896,0.2195637891216054,cross_cohort_expression_replication_only,,Solyc08g080490.3,protein_coding,2S albumin (AHRD V3.3 *-* B6EU55_BEREX) && - && PF00234:Protease inhibitor/seed storage/LTP family,-,gene-Solyc08g080490.3,,,Ensembl Plants BioMart,63,one_to_one,,,,,-0.4007834328404476,0.7142857142857143,-0.6802265838808568,0.0,0.6409105209660306,1.0,7,17070,-0.4086516405463904,-0.8563100160504098,0.1827015590258474,412.0,0.064,1000,0.0639360639360639,0.077660559335952,,frozen_signature_with_partial_replication,no_regulatory_claim,False,,,,,,,,,,,,not_measured,none,none,False,expression_only_or_binding_only,,,,no_admitted_binding_record,6.0,1.0,Columella;Locular tissue;Placenta;Seeds;Septum;Total pericarp,Columella;Locular tissue;Placenta;Seeds;Septum;Total pericarp
Solyc02g083840,0.6903948102678572,0.1069859095982143,True,0.1069859095982143,0.0,0.1170038602866059,True,3,False,0.0138568129330254,0.2701667894401529,cross_cohort_expression_replication_only,,Solyc02g083840.1,protein_coding,Unknown protein && - && -,-,gene-Solyc02g083840.1,,,Ensembl Plants BioMart,63,one_to_one,,,,,0.4959396121641697,0.8571428571428571,0.4828933782846921,0.0,0.3123417236368367,1.0,7,11549,0.5094858718404272,0.3465764677076447,0.6989635470525956,382.0,0.0,1000,0.0139860139860139,0.0278519763498304,,frozen_signature_with_partial_replication,no_regulatory_claim,False,,,,,,,,,,,,not_measured,none,none,False,expression_only_or_binding_only,,,,binding_only_or_no_significant_perturbation,,,,
Solyc08g066360,-0.4181663876488095,-0.1004057384672619,True,0.1004057384672619,0.2787459889331738,-0.8909952644910495,True,3,False,0.0905172413793103,0.1109192084096519,cross_cohort_expression_replication_only,,Solyc08g066360.3,protein_coding,"Malic enzyme (AHRD V3.3 *** A0A2G2W5J3_CAPBA) && sp|P34105|MAOX_POPTR NADP-dependent malic enzyme OS=Populus trichocarpa OX=3694 PE=2 SV=3 && PF00390:Malic enzyme, N-terminal domain|PF03949:Malic enzyme, NAD binding domain",Malic_M,gene-Solyc08g066360.3,,,Ensembl Plants BioMart,63,one_to_one,,,,,-0.5880751455630439,0.8571428571428571,-0.7923658365422639,0.6131068638392857,0.5356480665200374,1.0,7,7362,-0.5910678364162334,-0.8885711037054451,-0.3184128698162966,325.0,0.244,1000,0.0199800199800199,0.0329919191129155,,frozen_signature_with_partial_replication,no_regulatory_claim,True,-0.3907152043473633,,,,False,,,,,,False,measured_direction_concordant,none,none,False,expression_only_or_binding_only,,,,no_admitted_binding_record,5.0,0.6,Inner epidermis;Total pericarp;Vascular tissue,Collenchyma;Inner epidermis;Outer epidermis;Total pericarp;Vascular tissue
Solyc09g025210,-0.6277204241071428,-0.0986211867559523,True,0.0986211867559523,-0.5218804282967306,1.3861267613319164,True,3,False,0.0883620689655172,0.3309023353508004,cross_cohort_expression_replication_only,,Solyc09g025210.3,protein_coding,alcohol dehydrogenase-2 && sp|Q2TPW5|JUGR4_JUGRE 11S globulin seed storage protein Jug r 4 OS=Juglans regia OX=51240 PE=1 SV=1 && PF00190:Cupin,-,gene-Solyc09g025210.3,,,Ensembl Plants BioMart,63,one_to_one,,,,,-0.3963012218357722,0.7142857142857143,-0.680255640718307,0.0,0.6561299285152614,1.0,7,17381,-0.4051041462061448,-0.844209109688033,0.1859205012014631,415.5,0.064,1000,0.0699300699300699,0.0838438047740373,,frozen_signature_with_partial_replication,no_regulatory_claim,False,,,,,,,,,,,,not_measured,none,none,False,expression_only_or_binding_only,,,,no_admitted_binding_record,6.0,1.0,Columella;Locular tissue;Placenta;Seeds;Septum;Total pericarp,Columella;Locular tissue;Placenta;Seeds;Septum;Total pericarp
Solyc12g100250,0.5559663318452382,0.0978597005208332,True,0.0978597005208332,-0.6462167728267615,1.1873132242408233,True,3,False,0.0862068965517241,0.294304222744286,cross_cohort_expression_replication_only,,Solyc12g100250.3,protein_coding,Fatty acid desaturase (AHRD V3.3 *** A0A200QRI1_9MAGN) && sp|Q8GZC3|FAD2_VERFO Delta(12)-fatty-acid desaturase FAD2 OS=Vernicia fordii OX=73154 GN=FAD2 PE=1 SV=1 && PF00487:Fatty acid desaturase|PF11960:Domain of unknown function (DUF3474),-,gene-Solyc12g100250.3,,,Ensembl Plants BioMart,63,one_to_one,,,,,0.4025033561085203,0.7142857142857143,0.5981726235475407,0.1247536377741435,0.6358518995523166,1.0,7,16965,0.4040207378350873,-0.2444396874394274,0.8198023672265651,426.0,0.0,1000,0.1378621378621378,0.1526683340525822,,frozen_signature_with_partial_replication,no_regulatory_claim,False,,,,,,,,,,,,not_measured,none,none,False,expression_only_or_binding_only,,,,no_admitted_binding_record,2.0,1.0,Columella;Vascular tissue,Columella;Vascular tissue
Solyc10g005010,-0.4022158668154763,-0.084623790922619,True,0.084623790922619,-0.0511995986789375,0.0118690287222408,True,3,False,0.0043103448275862,0.0358316078681213,cross_cohort_expression_replication_only,,Solyc10g005010.5,protein_coding,NAC domain-containing protein (AHRD V3.11 *** tr_A0A2K3MP41_A0A2K3MP41_TRIPR) && sp|Q84WP6|NAC43_ARATH NAC domain-containing protein 43 OS=Arabidopsis thaliana OX=3702 GN=NAC043 PE=2 SV=2 && PF02365:No apical meristem (NAM) protein,NAM,gene-Solyc10g005010.4,,,Ensembl Plants BioMart,63,one_to_one,,,,,-0.3764424336151978,0.6666666666666666,-0.4191498828737756,0.0,0.4253418606303664,0.8571428571428571,6,18818,-0.3977422847027909,-0.7099410825904144,0.2468662854880542,429.0,0.046,1000,0.1378621378621378,0.1526683340525822,,frozen_signature_with_partial_replication,no_regulatory_claim,False,,,,,,,,,,,,not_measured,none,none,False,expression_only_or_binding_only,,,,no_admitted_binding_record,5.0,1.0,Columella;Locular tissue;Placenta;Seeds;Septum,Columella;Locular tissue;Placenta;Seeds;Septum
Solyc05g025690,0.5882917131696429,0.0797642299107142,True,0.0797642299107142,,1.5088198882985024,False,3,False,0.0711206896551724,0.3685344827586207,cross_cohort_expression_replication_only,,,,,,,,,Ensembl Plants BioMart,63,not_mapped_in_export,,,,,0.7101672371715017,1.0,0.8079460294005726,0.5260881696428571,0.2031513096232386,0.4285714285714285,3,3196,0.7118793606425113,0.6694078024876522,0.9271065848214288,202.0,0.4807302231237322,1000,0.1348651348651348,0.1504264965803427,,frozen_signature_with_partial_replication,no_regulatory_claim,False,,,,,,,,,,,,not_measured,none,none,False,expression_only_or_binding_only,,,,no_admitted_binding_record,4.0,0.5,Columella;Placenta,Columella;Locular tissue;Placenta;Seeds
Solyc10g009260,0.5907389322916666,0.0746489025297619,True,0.0746489025297619,-0.0683750628709096,1.3859728155056477,True,3,False,0.0508083140877598,0.2837150095564227,cross_cohort_expression_replication_only,,Solyc10g009260.1,protein_coding,Unknown protein && - && -,-,gene-Solyc10g009260.1,,,Ensembl Plants BioMart,63,one_to_one,,,,,0.5689836516805612,0.8571428571428571,0.6931042108215851,0.4551298682579492,0.4659675864781145,1.0,7,8316,0.5719174384259773,0.3342083313044804,0.7854620300215895,350.0,0.208,1000,0.0239760239760239,0.0352053010280858,,frozen_signature_with_partial_replication,no_regulatory_claim,False,,,,,,,,,,,,not_measured,none,none,False,expression_only_or_binding_only,,,,no_admitted_binding_record,1.0,1.0,Columella,Columella
Solyc01g081290,-0.4340122767857143,-0.0628080822172619,True,0.0628080822172619,0.1658528507303831,1.229282120815399,True,2,False,0.0538793103448275,0.1377804710520028,cross_cohort_expression_replication_only,,Solyc01g081290.4,protein_coding,Pentatricopeptide repeat-containing protein (AHRD V3.3 *** A0A2G3ALT8_CAPAN) && sp|Q9SS60|PP210_ARATH Pentatricopeptide repeat-containing protein At3g03580 OS=Arabidopsis thaliana OX=3702 GN=PCMP-H23 PE=2 SV=1 && PF00069:Protein kinase domain|PF13041:PPR repeat family|PF14432:DYW family of nucleic acid deaminases,Pkinase,gene-Solyc01g081290.4,,,Ensembl Plants BioMart,63,one_to_one,,,,,0.3297835562454874,0.7142857142857143,0.310399118740565,0.0409275799890971,0.6457070775822511,1.0,7,22558,0.3538103514120354,-0.3173875506090014,0.6224154476916842,437.0,0.0,1000,0.4095904095904096,0.4149562228164848,,frozen_signature_with_partial_replication,no_regulatory_claim,False,,,,,,,,,,,,not_measured,none,none,False,expression_only_or_binding_only,,,,no_admitted_binding_record,11.0,0.1818181818181818,Columella;Seeds,Collenchyma;Columella;Inner epidermis;Locular tissue;Outer epidermis;Parenchyma;Placenta;Seeds;Septum;Total pericarp;Vascular tissue
Solyc09g031740,0.4792015438988096,0.0363653273809523,True,0.0363653273809523,,0.0,False,2,False,0.0075431034482758,0.1691810344827586,cross_cohort_expression_replication_only,,,,,,,,,Ensembl Plants BioMart,63,not_mapped_in_export,,,,,0.346416713957215,0.6666666666666666,0.4264090401785714,0.0,0.4161871366215146,0.4285714285714285,3,21300,0.346416713957215,0.0285714285714285,0.9240548270089288,442.0,0.0527383367139959,1000,0.4555444555444555,0.4595057116796247,,frozen_signature_with_partial_replication,no_regulatory_claim,False,,,,,,,,,,,,not_measured,none,none,False,expression_only_or_binding_only,,,,no_admitted_binding_record,,,,
Solyc04g016000,0.414399646577381,0.032528831845238,True,0.032528831845238,-0.0727104290427129,1.6305015174932025,True,3,False,0.0258620689655172,0.100025135382655,cross_cohort_expression_replication_only,,Solyc04g016000.3,protein_coding,Heat shock transcription factor protein 8 (AHRD V3.3 *** A0A1W6LWG5_FRAAN) && sp|O22230|HSFB3_ARATH Heat stress transcription factor B-3 OS=Arabidopsis thaliana OX=3702 GN=HSFB3 PE=1 SV=1 && PF00447:HSF-type DNA-binding,HSF_DNA-bind,gene-Solyc04g016000.3,,,Ensembl Plants BioMart,63,one_to_one,,,,,0.3156110112449482,0.5714285714285714,0.3112601204635253,0.1512349561789742,0.6040978114943852,1.0,7,23835,0.3169175241840846,-0.3968763505106619,0.6148123002094708,442.0,0.002,1000,0.4565434565434565,0.4595144551760603,,frozen_signature_with_partial_replication,no_regulatory_claim,False,,,,,,,,,,,,not_measured,none,none,False,expression_only_or_binding_only,,,,no_admitted_binding_record,2.0,0.5,Vascular tissue,Seeds;Vascular tissue
Solyc07g064720,0.4542759486607142,0.0240536644345238,True,0.0240536644345238,0.2326314610227242,-0.0262324022912802,True,3,False,0.0193965517241379,0.1230414310743012,cross_cohort_expression_replication_only,,Solyc07g064720.3,protein_coding,Gdsl esterase/lipase (AHRD V3.3 *** A0A2P4JQK3_QUESU) && sp|Q9FIA1|GDL87_ARATH GDSL esterase/lipase At5g55050 OS=Arabidopsis thaliana OX=3702 GN=At5g55050 PE=2 SV=1 && PF00657:GDSL-like Lipase/Acylhydrolase,Lipase_GDSL,gene-Solyc07g064720.3,,,Ensembl Plants BioMart,63,one_to_one,,,,,0.4963674732566758,0.8571428571428571,0.4731286842390265,0.2015729631696428,0.4119044562564982,1.0,7,11530,0.5045074867425716,0.3026040184926913,0.6800966471050972,384.0,0.032,1000,0.0629370629370629,0.0766477616871317,,frozen_signature_with_partial_replication,no_regulatory_claim,False,,,,,,,,,,,,not_measured,none,none,False,expression_only_or_binding_only,,,,no_admitted_binding_record,4.0,0.5,Total pericarp;Vascular tissue,Columella;Placenta;Total pericarp;Vascular tissue
Solyc01g095640,0.4359886532738096,0.0205136253720238,True,0.0205136253720238,-0.138173466371708,-0.0797951600583068,True,2,False,0.0172413793103448,0.0934451401608664,cross_cohort_expression_replication_only,,Solyc01g095640.2,protein_coding,MYB-like transcription factor TCL1 (AHRD V3.3 *** A0A1U8HLQ3_CAPAN) && sp|Q8GV05|TRY_ARATH Transcription factor TRY OS=Arabidopsis thaliana OX=3702 GN=TRY PE=1 SV=1 && -,-,gene-Solyc01g095640.2,,,Ensembl Plants BioMart,63,one_to_one,,,,,-0.2877609119544175,0.5714285714285714,-0.1743489378014728,0.0,0.4889526832176395,1.0,7,26565,-0.3125995599935641,-0.5306189458696111,0.3307536471603888,448.5,0.0,1000,0.4275724275724276,0.4322300792889028,,frozen_signature_with_partial_replication,no_regulatory_claim,False,,,,,,,,,,,,not_measured,none,none,False,expression_only_or_binding_only,,,,no_admitted_binding_record,1.0,0.0,,Seeds
Solyc08g077210,0.4087495349702381,0.0104341052827381,True,0.0104341052827381,,0.9664784296909584,False,3,False,0.0107758620689655,0.0639367816091954,cross_cohort_expression_replication_only,,,,,,gene-Solyc08g077210.4,,,Ensembl Plants BioMart,63,one_to_one,,,,,0.4400993783203454,0.8333333333333334,0.6448270664896385,0.0973074776785714,0.6071862009855775,0.8571428571428571,6,14153,0.4486523130276724,-0.2264288509198301,0.8651999408847482,406.0,0.086,1000,0.1728271728271728,0.182669266951727,,frozen_signature_with_partial_replication,no_regulatory_claim,False,,,,,,,,,,,,not_measured,none,none,False,expression_only_or_binding_only,,,,no_admitted_binding_record,9.0,0.2222222222222222,Collenchyma;Outer epidermis,Collenchyma;Columella;Locular tissue;Outer epidermis;Placenta;Seeds;Septum;Total pericarp;Vascular tissue
Solyc02g064830,0.4680757068452381,0.0086611793154762,True,0.0086611793154762,-0.1181605923384676,0.6013192734423355,True,3,False,0.0086206896551724,0.141743648960739,cross_cohort_expression_replication_only,,Solyc02g064830.4,protein_coding,Indole-3-acetic acid-amido synthetas 3-3 && sp|O82333|GH31_ARATH Probable indole-3-acetic acid-amido synthetase GH3.1 OS=Arabidopsis thaliana OX=3702 GN=GH3.1 PE=2 SV=1 && PF03321:GH3 auxin-responsive promoter,-,gene-Solyc02g064830.4,,,Ensembl Plants BioMart,63,one_to_one,,,,,0.3927569764624934,0.7142857142857143,0.4574028720821254,0.0415985239233446,0.5213990050442997,1.0,7,17627,0.3941602723531349,-0.2858644133158528,0.6607087238656202,428.0,0.0,1000,0.2307692307692307,0.2411642411642411,,frozen_signature_with_partial_replication,no_regulatory_claim,False,,,,,,,,,,,,not_measured,none,none,False,expression_only_or_binding_only,,,,no_admitted_binding_record,3.0,0.0,,Columella;Locular tissue;Seeds
Solyc02g087470,0.4490443638392858,0.0049700055803571,True,0.0049700055803571,-0.0262808584908055,-0.0668793095008761,True,2,False,0.0043103448275862,0.0978886278569722,cross_cohort_expression_replication_only,,Solyc02g087470.4,protein_coding,CLAVATA3/ESR-RELATED 26 (AHRD V3.3 --* AT1G69970.2) && - && -,-,gene-Solyc02g087470.4,,,Ensembl Plants BioMart,63,one_to_one,,,,,0.2891584488561008,0.5714285714285714,0.1963070039240141,0.0,0.5074288202366165,1.0,7,26421,0.3033278320115017,-0.3671553401316778,0.5348879961441767,452.0,0.0,1000,0.3876123876123876,0.3935495576633432,,frozen_signature_with_partial_replication,no_regulatory_claim,False,,,,,,,,,,,,not_measured,none,none,False,expression_only_or_binding_only,,,,no_admitted_binding_record,,,,
Solyc04g071090,0.4323962983630952,0.0007207961309523,True,0.0007207961309523,,1.4682799432501956,False,3,False,0.0021551724137931,0.1443965517241379,cross_cohort_expression_replication_only,,,,,,,,,Ensembl Plants BioMart,63,not_mapped_in_export,,,,,0.4935893413064536,1.0,0.6301644517237239,0.0078125,0.4416305828480966,0.4285714285714285,3,11664,0.494290200993177,0.4181919642857143,0.9219621930803572,387.0,0.2089249492900608,1000,0.2307692307692307,0.2411642411642411,,frozen_signature_with_partial_replication,no_regulatory_claim,False,,,,,,,,,,,,not_measured,none,none,False,expression_only_or_binding_only,,,,no_admitted_binding_record,,,,
