gene_id,gene_name,gene_biotype,gene_description,tf_family,ensembl_gene_stable_id,ensembl_gene_name,refseq_mrna_id,annotation_source,annotation_release,mapping_status
Solyc00g060810,,,,,,,,Ensembl Plants BioMart,63,not_mapped_in_export
Solyc10g007600,Solyc10g007600.3,protein_coding,glycolate oxidase && sp|Q9LRR9|GLO1_ARATH (S)-2-hydroxy-acid oxidase GLO1 OS=Arabidopsis thaliana OX=3702 GN=GLO1 PE=1 SV=1 && PF01070:FMN-dependent dehydrogenase,FMN_dh,gene-Solyc10g007600.3,GLO2,NM_001347977,Ensembl Plants BioMart,63,one_to_one
Solyc03g121180,Solyc03g121180.4,protein_coding,GDSL esterase/lipase (AHRD V3.3 *** A0A2G3D0P9_CAPCH) && sp|Q9LU14|APG2_ARATH GDSL esterase/lipase APG OS=Arabidopsis thaliana OX=3702 GN=APG PE=2 SV=1 && PF00657:GDSL-like Lipase/Acylhydrolase,Lipase_GDSL,gene-Solyc03g121180.4,,,Ensembl Plants BioMart,63,one_to_one
Solyc11g010960,Solyc11g010960.2,protein_coding,Alcohol dehydrogenase (AHRD V3.3 *** A0A1Y1I027_KLENI) && sp|Q6V4H0|10HGO_CATRO 8-hydroxygeraniol dehydrogenase OS=Catharanthus roseus OX=4058 GN=10HGO PE=1 SV=1 && PF00107:Zinc-binding dehydrogenase|PF08240:Alcohol dehydrogenase GroES-like domain,ADH_N,gene-Solyc11g010960.2,,,Ensembl Plants BioMart,63,one_to_one
Solyc10g054900,Solyc10g054900.2,protein_coding,Proline-rich protein (AHRD V3.3 *** Q9M6T7_NICGL) && - && PF01190:Pollen proteins Ole e I like,-,gene-Solyc10g054900.2,,,Ensembl Plants BioMart,63,one_to_one
Solyc09g083190,Solyc09g083190.3,protein_coding,"NAD(P)H dehydrogenase 18 (AHRD V3.3 *** A0A0F7CYQ9_9ROSI) && sp|Q9FG89|PNSB5_ARATH Photosynthetic NDH subunit of subcomplex B 5, chloroplastic OS=Arabidopsis thaliana OX=3702 GN=PNSB5 PE=2 SV=1 && -",-,gene-Solyc09g083190.3,,,Ensembl Plants BioMart,63,one_to_one
Solyc03g007780,Solyc03g007780.1,protein_coding,Ovule Secreted Protein && - && -,-,gene-Solyc03g007780.1,,,Ensembl Plants BioMart,63,one_to_one
Solyc06g071290,Solyc06g071290.3,protein_coding,"Aldehyde dehydrogenase (AHRD V3.3 *** A0A0K9R405_SPIOL) && sp|O04895|BADH_AMAHP Betaine aldehyde dehydrogenase, chloroplastic OS=Amaranthus hypochondriacus OX=28502 GN=BADH4 PE=3 SV=1 && PF00171:Aldehyde dehydrogenase family",Aldedh,gene-Solyc06g071290.3,ADH10A9,NM_001346677,Ensembl Plants BioMart,63,one_to_one
Solyc08g005770,Solyc08g005770.3,protein_coding,alcohol acyl transferase && sp|Q3ZPN4|ACMAT_VITLA Methanol O-anthraniloyltransferase OS=Vitis labrusca OX=103355 GN=AMAT PE=1 SV=1 && PF02458:Transferase family,-,gene-Solyc08g005770.3,AAT,NM_001247567,Ensembl Plants BioMart,63,one_to_one
Solyc02g065260,Solyc02g065260.4,protein_coding,Methylesterase 1 (AHRD V3.3 *** A0A2G3D300_CAPCH) && sp|Q6RYA0|SABP2_TOBAC Salicylic acid-binding protein 2 OS=Nicotiana tabacum OX=4097 GN=SABP2 PE=1 SV=1 && PF00561:alpha/beta hydrolase fold,Abhydrolase_1,gene-Solyc02g065260.4,,,Ensembl Plants BioMart,63,one_to_one
Solyc12g088220,Solyc12g088220.2,protein_coding,"SlBCAT1 && sp|Q9M439|BCAT2_ARATH Branched-chain-amino-acid aminotransferase 2, chloroplastic OS=Arabidopsis thaliana OX=3702 GN=BCAT2 PE=1 SV=1 && PF01063:Amino-transferase class IV",-,gene-Solyc12g088220.2,,,Ensembl Plants BioMart,63,one_to_one
Solyc02g089080,Solyc02g089080.2,protein_coding,Protein RALF-like 27 (AHRD V3.3 --* A0A2G3D352_CAPCH) && - && -,-,gene-Solyc02g089080.2,,,Ensembl Plants BioMart,63,one_to_one
Solyc05g005550,Solyc05g005550.4,protein_coding,BURP domain (AHRD V3.3 *-* A0A200QH65_9MAGN) && sp|P93217|GP2_SOLLC Polygalacturonase non-catalytic subunit AroGP2 OS=Solanum lycopersicum OX=4081 GN=GP2 PE=3 SV=1 && PF03181:BURP domain,-,gene-Solyc05g005550.4,AROGP2,NM_001310316,Ensembl Plants BioMart,63,one_to_one
Solyc11g006250,Solyc11g006250.2,protein_coding,GDSL-motif lipase/hydrolase family protein 2 && sp|Q8LB81|GDL79_ARATH GDSL esterase/lipase At5g33370 OS=Arabidopsis thaliana OX=3702 GN=At5g33370 PE=2 SV=1 && PF00657:GDSL-like Lipase/Acylhydrolase,Lipase_GDSL,gene-Solyc11g006250.2,CD1,NM_001320369,Ensembl Plants BioMart,63,one_to_one
Solyc01g110000,Solyc01g110000.3,protein_coding,Beta-galactosidase (AHRD V3.3 *** A0A2G3BW46_CAPCH) && sp|Q9SCV9|BGAL3_ARATH Beta-galactosidase 3 OS=Arabidopsis thaliana OX=3702 GN=BGAL3 PE=2 SV=1 && PF01301:Glycosyl hydrolases family 35|PF17834:Beta-sandwich domain in beta galactosidase,-,gene-Solyc01g110000.3,,,Ensembl Plants BioMart,63,one_to_one
Solyc02g063030,Solyc02g063030.4,protein_coding,Mental retardation GTPase activating protein (AHRD V3.3 *** A0A1I9LSH4_ARATH) && - && -,-,gene-Solyc02g063030.4,,,Ensembl Plants BioMart,63,one_to_one
Solyc07g053540,Solyc07g053540.1,protein_coding,Fasciclin-like arabinogalactan protein 9 (AHRD V3.3 *** A0A1U8HBV4_CAPAN) && sp|Q9ZWA8|FLA9_ARATH Fasciclin-like arabinogalactan protein 9 OS=Arabidopsis thaliana OX=3702 GN=FLA9 PE=2 SV=1 && PF02469:Fasciclin domain,-,gene-Solyc07g053540.1,,,Ensembl Plants BioMart,63,one_to_one
Solyc01g095080,Solyc01g095080.3,protein_coding,1-aminocyclopropane-1-carboxylic acid synthase-2 && sp|P18485|1A12_SOLLC 1-aminocyclopropane-1-carboxylate synthase 2 OS=Solanum lycopersicum OX=4081 GN=ACS2 PE=1 SV=2 && PF00155:Aminotransferase class I and II,Aminotran_1_2,gene-Solyc01g095080.3,ACS2,NM_001247249,Ensembl Plants BioMart,63,one_to_one
Solyc01g107730,Solyc01g107730.3,protein_coding,"D-type cyclin-2 && sp|Q9SN11|CCD33_ARATH Cyclin-D3-3 OS=Arabidopsis thaliana OX=3702 GN=CYCD3-3 PE=2 SV=1 && PF00134:Cyclin, N-terminal domain|PF02984:Cyclin, C-terminal domain",Cyclin_C,gene-Solyc01g107730.3,cycd3c2,,Ensembl Plants BioMart,63,one_to_one
Solyc09g014350,Solyc09g014350.3,protein_coding,Glycerol-3-phosphate acyltransferase && sp|O80437|GPAT6_ARATH Glycerol-3-phosphate 2-O-acyltransferase 6 OS=Arabidopsis thaliana OX=3702 GN=GPAT6 PE=1 SV=1 && PF12710:haloacid dehalogenase-like hydrolase|PF01553:Acyltransferase,Acyltransferase,gene-Solyc09g014350.3,GPAT6,NM_001328431,Ensembl Plants BioMart,63,one_to_one
Solyc05g012020,,,,,gene-Solyc05g012020.4,,,Ensembl Plants BioMart,63,one_to_one
Solyc01g108490,Solyc01g108490.3,protein_coding,Carboxypeptidase (AHRD V3.3 *** A0A1U8E723_CAPAN) && sp|A0A0C3VJP4|SCP1_MEDTR Serine carboxypeptidase 1 OS=Medicago truncatula OX=3880 GN=SCP1 PE=1 SV=3 && PF00450:Serine carboxypeptidase,Peptidase_S10,gene-Solyc01g108490.3,,,Ensembl Plants BioMart,63,one_to_one
Solyc10g084600,Solyc10g084600.2,protein_coding,Plant protein 1589 of Uncharacterized protein function (AHRD V3.3 *-* A0A061EZD3_THECC) && - && PF09713:Plant protein 1589 of unknown function (A_thal_3526),-,gene-Solyc10g084600.2,,,Ensembl Plants BioMart,63,one_to_one
Solyc01g080280,Solyc01g080280.3,protein_coding,"chloroplast glutamine synthetase && sp|O22506|GLNA2_DAUCA Glutamine synthetase, chloroplastic OS=Daucus carota OX=4039 GN=GLN2 PE=2 SV=1 && PF00120:Glutamine synthetase, catalytic domain|PF03951:Glutamine synthetase, beta-Grasp domain",-,,,,Ensembl Plants BioMart,63,not_mapped_in_export
Solyc05g014280,Solyc05g014280.4,protein_coding,"small heat shock protein 1 && sp|P09886|HS21C_PEA Small heat shock protein, chloroplastic OS=Pisum sativum OX=3888 GN=HSP21 PE=2 SV=1 && PF00011:Hsp20/alpha crystallin family",-,gene-Solyc05g014280.4,vis1,,Ensembl Plants BioMart,63,one_to_one
Solyc02g067750,Solyc02g067750.4,protein_coding,"Carbonic anhydrase (AHRD V3.3 *** A0A2G3D3J4_CAPCH) && sp|P27141|CAHC_TOBAC Carbonic anhydrase, chloroplastic OS=Nicotiana tabacum OX=4097 PE=2 SV=1 && PF00484:Carbonic anhydrase",-,gene-Solyc02g067750.4,ca3,NM_001246918,Ensembl Plants BioMart,63,one_to_one
Solyc01g099040,,,,,gene-Solyc01g099040.4,,,Ensembl Plants BioMart,63,one_to_one
Solyc04g074110,Solyc04g074110.4,protein_coding,"Carbohydrate esterase && sp|Q8L9J9|CAES_ARATH Probable carbohydrate esterase At4g34215 OS=Arabidopsis thaliana OX=3702 GN=At4g34215 PE=1 SV=2 && PF03629:Carbohydrate esterase, sialic acid-specific acetylesterase",-,gene-Solyc04g074110.4,,,Ensembl Plants BioMart,63,one_to_one
Solyc03g120570,Solyc03g120570.3,protein_coding,Protein NRT1/ PTR FAMILY 1.1 (AHRD V3.3 *** A0A2G2WPC3_CAPBA) && sp|Q9M817|PTR6_ARATH Protein NRT1/ PTR FAMILY 1.2 OS=Arabidopsis thaliana OX=3702 GN=NPF1.2 PE=1 SV=1 && PF00854:POT family,-,gene-Solyc03g120570.3,,,Ensembl Plants BioMart,63,one_to_one
Solyc01g080410,Solyc01g080410.3,protein_coding,Peptide-methionine (R)-S-oxide reductase (AHRD V3.3 *** A0A1U8FLP0_CAPAN) && sp|Q9ZS91|MSRB5_ARATH Peptide methionine sulfoxide reductase B5 OS=Arabidopsis thaliana OX=3702 GN=MSRB5 PE=1 SV=1 && -,-,gene-Solyc01g080410.3,,,Ensembl Plants BioMart,63,one_to_one
Solyc08g081790,Solyc08g081790.3,protein_coding,Dirigent protein (AHRD V3.3 *** K4CPH5_SOLLC) && sp|Q1ZZU9|DIR_SINHE Dirigent protein OS=Sinopodophyllum hexandrum OX=93608 GN=DIR PE=2 SV=1 && PF03018:Dirigent-like protein,-,gene-Solyc08g081790.3,,,Ensembl Plants BioMart,63,one_to_one
Solyc05g014000,Solyc05g014000.5,protein_coding,Pectate lyase (AHRD V3.11 *** tr_A0A2G3B8Z4_A0A2G3B8Z4_CAPCH) && sp|Q9FXD8|PLY5_ARATH Probable pectate lyase 5 OS=Arabidopsis thaliana OX=3702 GN=At1g67750 PE=2 SV=2 && PF00544:Pectate lyase,-,gene-Solyc05g014000.4,,,Ensembl Plants BioMart,63,one_to_one
Solyc07g051950,Solyc07g051950.3,protein_coding,S-type anion channel SLAH1 (AHRD V3.3 *** A0A2G2WD71_CAPBA) && sp|Q5E930|SLAH1_ARATH S-type anion channel SLAH1 OS=Arabidopsis thaliana OX=3702 GN=SLAH1 PE=2 SV=1 && PF03595:Voltage-dependent anion channel,C4dic_mal_tran,gene-Solyc07g051950.3,,,Ensembl Plants BioMart,63,one_to_one
Solyc08g007240,Solyc08g007240.4,protein_coding,Nudix hydrolase 8 (AHRD V3.3 *** A0A1U8EVF7_CAPAN) && sp|Q8L7W2|NUDT8_ARATH Nudix hydrolase 8 OS=Arabidopsis thaliana OX=3702 GN=NUDT8 PE=2 SV=2 && PF18290:Nudix hydrolase domain|PF00293:NUDIX domain,NUDIX,gene-Solyc08g007240.4,,,Ensembl Plants BioMart,63,one_to_one
Solyc05g053310,Solyc05g053310.3,protein_coding,Stress responsive A/B Barrel domain containing protein (AHRD V3.3 *** A0A1Y1IK97_KLENI) && sp|Q9LUV2|POP3_ARATH Stress-response A/B barrel domain-containing protein HS1 OS=Arabidopsis thaliana OX=3702 GN=HS1 PE=1 SV=1 && PF07876:Stress responsive A/B Barrel Domain,-,gene-Solyc05g053310.3,,,Ensembl Plants BioMart,63,one_to_one
Solyc10g047240,Solyc10g047240.2,protein_coding,annexin 9 && sp|P51074|ANX4_FRAAN Annexin-like protein RJ4 OS=Fragaria ananassa OX=3747 PE=2 SV=2 && PF00191:Annexin,-,gene-Solyc10g047240.2,,,Ensembl Plants BioMart,63,one_to_one
Solyc01g109920,Solyc01g109920.3,protein_coding,late embryogenesis abundant protein (AHRD V3.11 *-* tr_A0A1U8E8Y4_A0A1U8E8Y4_CAPAN) && - && PF00257:Dehydrin,-,,,,Ensembl Plants BioMart,63,not_mapped_in_export
Solyc08g061020,,,,,gene-Solyc08g061020.1,,,Ensembl Plants BioMart,63,one_to_one
Solyc10g044680,Solyc10g044680.2,protein_coding,R2R3MYB transcription factor 55 && sp|Q8VZQ2|MYB61_ARATH Transcription factor MYB61 OS=Arabidopsis thaliana OX=3702 GN=MYB61 PE=2 SV=1 && PF00249:Myb-like DNA-binding domain,Myb_DNA-binding,gene-Solyc10g044680.2,,,Ensembl Plants BioMart,63,one_to_one
Solyc09g061890,Solyc09g061890.3,protein_coding,Pectate lyase (AHRD V3.3 *** A0A2G2VZE8_CAPBA) && sp|Q93WF1|PLY20_ARATH Probable pectate lyase 20 OS=Arabidopsis thaliana OX=3702 GN=At5g48900 PE=2 SV=1 && PF00544:Pectate lyase,-,gene-Solyc09g061890.3,,,Ensembl Plants BioMart,63,one_to_one
Solyc08g066240,Solyc08g066240.3,protein_coding,histidine decarboxylase && sp|P54772|DCHS_SOLLC Histidine decarboxylase OS=Solanum lycopersicum OX=4081 GN=HDC PE=2 SV=1 && PF00282:Pyridoxal-dependent decarboxylase conserved domain,-,gene-Solyc08g066240.3,,,Ensembl Plants BioMart,63,one_to_one
Solyc01g074030,Solyc01g074030.3,protein_coding,Beta-glucosidase (AHRD V3.3 *** Q43014_PRUAV) && sp|Q75W17|FURH_VIBFR Furcatin hydrolase OS=Viburnum furcatum OX=237940 PE=1 SV=1 && PF00232:Glycosyl hydrolase family 1,Glyco_hydro_1,gene-Solyc01g074030.3,,NM_001247483,Ensembl Plants BioMart,63,one_to_one
Solyc02g083680,,,,,,,,Ensembl Plants BioMart,63,not_mapped_in_export
Solyc08g005630,Solyc08g005630.3,protein_coding,Long-chain-alcohol oxidase (AHRD V3.3 *** R9R6I9_SOLLC) && sp|O65709|FAO4A_ARATH Long-chain-alcohol oxidase FAO4A OS=Arabidopsis thaliana OX=3702 GN=FAO4A PE=3 SV=2 && PF00732:GMC oxidoreductase|PF05199:GMC oxidoreductase,-,gene-Solyc08g005630.3,,NM_001330992,Ensembl Plants BioMart,63,one_to_one
Solyc10g079050,Solyc10g079050.2,protein_coding,BHLH transcription factor o95 && sp|Q66GR3|BH130_ARATH Transcription factor bHLH130 OS=Arabidopsis thaliana OX=3702 GN=BHLH130 PE=1 SV=1 && PF00010:Helix-loop-helix DNA-binding domain,HLH,gene-Solyc10g079050.2,,,Ensembl Plants BioMart,63,one_to_one
Solyc08g081220,Solyc08g081220.1,protein_coding,Cytochrome P450 (AHRD V3.3 *** A0A200Q5S5_9MAGN) && sp|B3RFJ6|86A22_PETHY Cytochrome P450 86A22 OS=Petunia hybrida OX=4102 GN=CYP86A22 PE=1 SV=1 && PF00067:Cytochrome P450,p450,gene-Solyc08g081220.1,,,Ensembl Plants BioMart,63,one_to_one
Solyc01g104900,Solyc01g104900.3,protein_coding,NAC domain-containing protein (AHRD V3.3 *** A0A2U1K9C2_ARTAN) && sp|Q8GWK6|NC104_ARATH NAC domain-containing protein 104 OS=Arabidopsis thaliana OX=3702 GN=NAC104 PE=2 SV=1 && PF02365:No apical meristem (NAM) protein,NAM,gene-Solyc01g104900.3,,,Ensembl Plants BioMart,63,one_to_one
Solyc03g007930,Solyc03g007930.4,protein_coding,Unknown protein && sp|A7PZL3|PGLR_VITVI Probable polygalacturonase OS=Vitis vinifera OX=29760 GN=GSVIVT00026920001 PE=1 SV=1 && -,-,gene-Solyc03g007930.4,,,Ensembl Plants BioMart,63,one_to_one
Solyc07g022900,Solyc07g022900.4,protein_coding,"Chlorophyll a-b binding protein && sp|Q9C639|LHCA5_ARATH Photosystem I chlorophyll a/b-binding protein 5, chloroplastic OS=Arabidopsis thaliana OX=3702 GN=LHCA5 PE=1 SV=1 && PF00504:Chlorophyll A-B binding protein",-,gene-Solyc07g022900.4,,,Ensembl Plants BioMart,63,one_to_one
Solyc03g013340,Solyc03g013340.3,protein_coding,NOD26-like intrinsic protein 2.1 && sp|Q19KC1|NIP21_MAIZE Aquaporin NIP2-1 OS=Zea mays OX=4577 GN=NIP2-1 PE=2 SV=2 && PF00230:Major intrinsic protein,-,gene-Solyc03g013340.3,,,Ensembl Plants BioMart,63,one_to_one
Solyc12g015630,Solyc12g015630.2,protein_coding,transmembrane protein (AHRD V3.3 *** AT5G55570.1) && - && PF08792:A2L zinc ribbon domain,-,gene-Solyc12g015630.2,,,Ensembl Plants BioMart,63,one_to_one
Solyc10g018140,Solyc10g018140.2,protein_coding,Dihydroflavonol-4-reductase (AHRD V3.3 *** A0A2K3N028_TRIPR) && sp|Q40316|VESTR_MEDSA Vestitone reductase OS=Medicago sativa OX=3879 PE=1 SV=1 && PF01073:3-beta hydroxysteroid dehydrogenase/isomerase family,-,gene-Solyc10g018140.2,,,Ensembl Plants BioMart,63,one_to_one
Solyc10g080390,Solyc10g080390.2,protein_coding,serine/threonine-protein kinase Nek6-like isoform X1 (AHRD V3.3 *** A0A2I4G4E6_9ROSI) && sp|Q9LT35|NEK6_ARATH Serine/threonine-protein kinase Nek6 OS=Arabidopsis thaliana OX=3702 GN=NEK6 PE=3 SV=1 && PF00069:Protein kinase domain,Pkinase,gene-Solyc10g080390.2,,,Ensembl Plants BioMart,63,one_to_one
Solyc04g080250,Solyc04g080250.3,protein_coding,Deoxyuridine 5'-triphosphate nucleotidohydrolase (AHRD V3.3 *** A0A2G3AX44_CAPCH) && sp|Q9STG6|DUT_ARATH Deoxyuridine 5'-triphosphate nucleotidohydrolase OS=Arabidopsis thaliana OX=3702 GN=DUT PE=1 SV=1 && PF00692:dUTPase,-,gene-Solyc04g080250.3,,,Ensembl Plants BioMart,63,one_to_one
Solyc09g072560,Solyc09g072560.5,protein_coding,11S globulin seed storage protein 2 (AHRD V3.11 *** tr_A0A2G2X5V4_A0A2G2X5V4_CAPBA) && sp|Q9XHP0|11S2_SESIN 11S globulin seed storage protein 2 OS=Sesamum indicum OX=4182 PE=1 SV=1 && PF00190:Cupin,-,gene-Solyc09g072560.4,,,Ensembl Plants BioMart,63,one_to_one
Solyc02g088270,Solyc02g088270.3,protein_coding,hypothetical protein (DUF1997) (AHRD V3.3 *** AT5G39530.1) && - && PF09366:Protein of unknown function (DUF1997),-,gene-Solyc02g088270.3,,,Ensembl Plants BioMart,63,one_to_one
Solyc03g117300,Solyc03g117300.4,protein_coding,Nodulin-like && - && PF06813:Nodulin-like,-,gene-Solyc03g117300.4,,,Ensembl Plants BioMart,63,one_to_one
Solyc04g077640,Solyc04g077640.4,protein_coding,Serine carboxypeptidase (AHRD V3.3 *** A0A2K3MSK4_TRIPR) && sp|Q9C7Z9|SCP18_ARATH Serine carboxypeptidase-like 18 OS=Arabidopsis thaliana OX=3702 GN=SCPL18 PE=2 SV=2 && PF00450:Serine carboxypeptidase,Peptidase_S10,gene-Solyc04g077640.4,,,Ensembl Plants BioMart,63,one_to_one
Solyc08g066260,Solyc08g066260.3,protein_coding,Serine decarboxylase (AHRD V3.3 *** A0A2G2VBA7_CAPBA) && sp|P54772|DCHS_SOLLC Histidine decarboxylase OS=Solanum lycopersicum OX=4081 GN=HDC PE=2 SV=1 && PF00282:Pyridoxal-dependent decarboxylase conserved domain,-,gene-Solyc08g066260.3,,,Ensembl Plants BioMart,63,one_to_one
Solyc12g008430,,,,,gene-Solyc12g008430.3,,,Ensembl Plants BioMart,63,one_to_one
Solyc02g091920,Solyc02g091920.3,protein_coding,xyloglucan endotransglucosylase-hydrolase 7 && sp|Q8LER3|XTH7_ARATH Probable xyloglucan endotransglucosylase/hydrolase protein 7 OS=Arabidopsis thaliana OX=3702 GN=XTH7 PE=2 SV=2 && PF00722:Glycosyl hydrolases family 16|PF06955:Xyloglucan endo-transglycosylase (XET) C-terminus,-,gene-Solyc02g091920.3,XTH7,,Ensembl Plants BioMart,63,one_to_one
Solyc05g010320,Solyc05g010320.4,protein_coding,Chalcone-flavonone isomerase family protein (AHRD V3.3 *** A0A193AUW5_SOLME) && sp|Q33DL3|CFI_TOBAC Chalcone--flavanone isomerase OS=Nicotiana tabacum OX=4097 GN=CHI PE=2 SV=1 && PF02431:Chalcone-flavanone isomerase,-,gene-Solyc05g010320.4,CHI1,NM_001320711,Ensembl Plants BioMart,63,one_to_one
Solyc02g081600,Solyc02g081600.4,protein_coding,Zinc transporter protein (AHRD V3.3 *-* A5BDR3_VITVI) && sp|A3BI11|ZIP8_ORYSJ Zinc transporter 8 OS=Oryza sativa subsp. japonica OX=39947 GN=ZIP8 PE=2 SV=1 && PF02535:ZIP Zinc transporter,-,gene-Solyc02g081600.4,,,Ensembl Plants BioMart,63,one_to_one
Solyc03g115640,Solyc03g115640.3,protein_coding,"DUF538 domain-containing protein (AHRD V3.3 *** A0A1Q3AZJ7_CEPFO) && sp|Q9M015|Y5161_ARATH Uncharacterized protein At5g01610 OS=Arabidopsis thaliana OX=3702 GN=At5g01610 PE=1 SV=1 && PF04398:Protein of unknown function, DUF538",-,gene-Solyc03g115640.3,,,Ensembl Plants BioMart,63,one_to_one
Solyc00g156980,,,,,,,,Ensembl Plants BioMart,63,not_mapped_in_export
Solyc01g108730,Solyc01g108730.3,protein_coding,Methyl esterase 1 (AHRD V3.11 *-* tr_A0A2U1LMY0_A0A2U1LMY0_ARTAN) && sp|O80476|MES2_ARATH Methylesterase 2 OS=Arabidopsis thaliana OX=3702 GN=MES2 PE=1 SV=1 && -,-,gene-Solyc01g108730.2,,,Ensembl Plants BioMart,63,one_to_one
Solyc02g088100,Solyc02g088100.3,protein_coding,expansin precursor 5 && sp|Q9LDR9|EXP10_ARATH Expansin-A10 OS=Arabidopsis thaliana OX=3702 GN=EXPA10 PE=2 SV=1 && PF03330:Lytic transglycolase|PF01357:Pollen allergen,-,gene-Solyc02g088100.3,EXP5,,Ensembl Plants BioMart,63,one_to_one
Solyc07g042390,Solyc07g042390.3,protein_coding,Plant invertase/pectin methylesterase inhibitor superfamily protein (AHRD V3.3 *** A0A061GSW0_THECC) && sp|Q84WE4|PMEI3_ARATH Pectinesterase inhibitor 3 OS=Arabidopsis thaliana OX=3702 GN=PMEI3 PE=2 SV=1 && PF04043:Plant invertase/pectin methylesterase inhibitor,-,gene-Solyc07g042390.3,,,Ensembl Plants BioMart,63,one_to_one
Solyc09g075810,Solyc09g075810.3,protein_coding,Mavicyanin (AHRD V3.3 *** A0A2G3CT63_CAPCH) && sp|P80728|MAVI_CUCPE Mavicyanin OS=Cucurbita pepo OX=3663 PE=1 SV=1 && PF02298:Plastocyanin-like domain,Cu_bind_like,gene-Solyc09g075810.3,,,Ensembl Plants BioMart,63,one_to_one
Solyc10g080900,,,,,gene-Solyc10g080900.3,,,Ensembl Plants BioMart,63,one_to_one
Solyc10g083400,Solyc10g083400.1,protein_coding,Cytochrome P450 (AHRD V3.3 *** A0A200Q6A4_9MAGN) && sp|Q9ZUX1|C94C1_ARATH Cytochrome P450 94C1 OS=Arabidopsis thaliana OX=3702 GN=CYP94C1 PE=1 SV=1 && PF00067:Cytochrome P450,p450,gene-Solyc10g083400.1,,,Ensembl Plants BioMart,63,one_to_one
Solyc11g022590,Solyc11g022590.1,protein_coding,trypsin inhibitor-like protein precursor && sp|P13087|MIRA_SYNDU Miraculin OS=Synsepalum dulcificum OX=3743 PE=1 SV=3 && PF00197:Trypsin and protease inhibitor,-,gene-Solyc11g022590.1,,,Ensembl Plants BioMart,63,one_to_one
Solyc11g012880,Solyc11g012880.2,protein_coding,EamA-like transporter family protein (AHRD V3.3 *** A0A2U1L2E6_ARTAN) && sp|Q9SFE9|GONS5_ARATH GDP-mannose transporter GONST5 OS=Arabidopsis thaliana OX=3702 GN=GONST5 PE=2 SV=1 && PF03151:Triose-phosphate Transporter family,-,gene-Solyc11g012880.2,,,Ensembl Plants BioMart,63,one_to_one
Solyc08g007850,Solyc08g007850.1,protein_coding,Unknown protein && sp|O82752|DTX49_ARATH Protein DETOXIFICATION 49 OS=Arabidopsis thaliana OX=3702 GN=DTX49 PE=2 SV=1 && -,-,gene-Solyc08g007850.1,,,Ensembl Plants BioMart,63,one_to_one
Solyc12g096870,Solyc12g096870.1,protein_coding,Glycosyltransferase (AHRD V3.3 *** A0A193AUF6_PUNGR) && sp|A0A193AU77|GGT24_PUNGR Gallate 1-beta-glucosyltransferase 84A24 OS=Punica granatum OX=22663 GN=UGT84A24 PE=1 SV=1 && PF00201:UDP-glucoronosyl and UDP-glucosyl transferase,UDPGT,gene-Solyc12g096870.1,,,Ensembl Plants BioMart,63,one_to_one
Solyc02g062390,Solyc02g062390.3,protein_coding,abscisic acid and environmental stress-inducible protein TAS14 (AHRD V3.3 *-* A0A1U8FJ72_CAPAN) && - && PF00257:Dehydrin,-,gene-Solyc02g062390.3,,,Ensembl Plants BioMart,63,one_to_one
Solyc01g104850,Solyc01g104850.3,protein_coding,Carboxypeptidase (AHRD V3.3 *** A0A1U8HG02_CAPAN) && sp|Q9FH05|SCP42_ARATH Serine carboxypeptidase-like 42 OS=Arabidopsis thaliana OX=3702 GN=SCPL42 PE=2 SV=1 && PF00450:Serine carboxypeptidase,Peptidase_S10,gene-Solyc01g104850.3,,,Ensembl Plants BioMart,63,one_to_one
Solyc05g015380,Solyc05g015380.2,protein_coding,DNA-binding HORMA (AHRD V3.3 *-* A0A200R484_9MAGN) && sp|F4HRV8|ASY1_ARATH Meiosis-specific protein ASY1 OS=Arabidopsis thaliana OX=3702 GN=ASY1 PE=1 SV=1 && -,-,gene-Solyc05g015380.2,,,Ensembl Plants BioMart,63,one_to_one
Solyc01g097770,Solyc01g097770.4,protein_coding,phototropin 2 && sp|P93025|PHOT2_ARATH Phototropin-2 OS=Arabidopsis thaliana OX=3702 GN=PHOT2 PE=1 SV=2 && PF00069:Protein kinase domain|PF13426:PAS domain,Pkinase,gene-Solyc01g097770.4,PHOT2,NM_001247360,Ensembl Plants BioMart,63,one_to_one
Solyc02g005110,Solyc02g005110.3,protein_coding,MADS-box protein SOC1 (AHRD V3.3 --* XP_025887600.1) && sp|K4D3V7|U76E1_SOLLC UDP-glycosyltransferase 76E1 OS=Solanum lycopersicum OX=4081 GN=UGT76E1 PE=1 SV=1 && -,-,gene-Solyc02g005110.3,,,Ensembl Plants BioMart,63,one_to_one
Solyc12g098490,Solyc12g098490.2,protein_coding,Serine hydroxymethyltransferase (AHRD V3.3 *** A0A2G3CI35_CAPCH) && sp|O23254|GLYC4_ARATH Serine hydroxymethyltransferase 4 OS=Arabidopsis thaliana OX=3702 GN=SHM4 PE=1 SV=1 && PF00464:Serine hydroxymethyltransferase,SHMT,gene-Solyc12g098490.2,,,Ensembl Plants BioMart,63,one_to_one
Solyc06g083070,Solyc06g083070.3,protein_coding,Fimbrin-2 (AHRD V3.3 *** A0A2G2WN11_CAPBA) && sp|O50064|FIMB2_ARATH Fimbrin-2 OS=Arabidopsis thaliana OX=3702 GN=FIM2 PE=2 SV=1 && PF00307:Calponin homology (CH) domain,CH,gene-Solyc06g083070.3,,,Ensembl Plants BioMart,63,one_to_one
Solyc05g026240,Solyc05g026240.3,protein_coding,Leucine-rich repeat receptor-like protein kinase family (AHRD V3.3 *** A0A0K9Q1P6_ZOSMR) && sp|Q9LJ64|PLRX1_ARATH Pollen-specific leucine-rich repeat extensin-like protein 1 OS=Arabidopsis thaliana OX=3702 GN=PEX1 PE=1 SV=1 && PF08263:Leucine rich repeat N-terminal domain|PF13855:Leucine rich repeat,LRRNT_2,gene-Solyc05g026240.3,,,Ensembl Plants BioMart,63,one_to_one
Solyc10g051120,Solyc10g051120.3,protein_coding,Mitochondrial pyruvate carrier (AHRD V3.3 *** A0A2G2WMA1_CAPBA) && sp|Q949R9|MPC1_ARATH Mitochondrial pyruvate carrier 1 OS=Arabidopsis thaliana OX=3702 GN=MPC1 PE=3 SV=1 && PF03650:Mitochondrial pyruvate carriers,-,gene-Solyc10g051120.3,,,Ensembl Plants BioMart,63,one_to_one
Solyc01g080680,Solyc01g080680.4,protein_coding,Sugar transporter ERD6 (AHRD V3.11 *** tr_A0A0M8KTC8_A0A0M8KTC8_NICAT) && sp|Q8LBI9|EDL16_ARATH Sugar transporter ERD6-like 16 OS=Arabidopsis thaliana OX=3702 GN=At5g18840 PE=2 SV=2 && PF00083:Sugar (and other) transporter,Sugar_tr,gene-Solyc01g080680.3,,,Ensembl Plants BioMart,63,one_to_one
Solyc02g065350,Solyc02g065350.3,protein_coding,B3 domain-containing protein (AHRD V3.3 *** A0A1Q3D977_CEPFO) && sp|Q2R9D2|Y1176_ORYSJ B3 domain-containing protein Os11g0197600 OS=Oryza sativa subsp. japonica OX=39947 GN=Os11g0197600 PE=2 SV=1 && PF02362:B3 DNA binding domain,B3,gene-Solyc02g065350.3,,,Ensembl Plants BioMart,63,one_to_one
Solyc03g071570,Solyc03g071570.3,protein_coding,Pectate lyase (AHRD V3.3 *** A0A2G2X594_CAPBA) && sp|Q9SCP2|PLY12_ARATH Probable pectate lyase 12 OS=Arabidopsis thaliana OX=3702 GN=At3g53190 PE=2 SV=2 && PF00544:Pectate lyase,-,gene-Solyc03g071570.3,,,Ensembl Plants BioMart,63,one_to_one
Solyc05g012510,Solyc05g012510.3,protein_coding,"Alpha-1 && sp|P53535|PHSL2_SOLTU Alpha-1,4 glucan phosphorylase L-2 isozyme, chloroplastic/amyloplastic OS=Solanum tuberosum OX=4113 GN=STP-1 PE=1 SV=1 && PF00343:Carbohydrate phosphorylase",-,gene-Solyc05g012510.3,,,Ensembl Plants BioMart,63,one_to_one
Solyc09g066060,Solyc09g066060.4,protein_coding,homeobox-leucine zipper protein ROC8 (AHRD V3.11 *** tr_A0A2I4EBE3_A0A2I4EBE3_9ROSI) && sp|Q9M9P4|HDG8_ARATH Homeobox-leucine zipper protein HDG8 OS=Arabidopsis thaliana OX=3702 GN=HDG8 PE=2 SV=2 && PF01852:START domain|PF00046:Homeodomain,START,gene-Solyc09g066060.3,,,Ensembl Plants BioMart,63,one_to_one
Solyc02g065280,Solyc02g065280.3,protein_coding,Methylesterase 1 (AHRD V3.3 *** A0A2G3D300_CAPCH) && sp|Q6RYA0|SABP2_TOBAC Salicylic acid-binding protein 2 OS=Nicotiana tabacum OX=4097 GN=SABP2 PE=1 SV=1 && PF12697:Alpha/beta hydrolase family,-,gene-Solyc02g065280.3,,NM_001366911,Ensembl Plants BioMart,63,one_to_one
Solyc03g112760,Solyc03g112760.3,protein_coding,transmembrane protein (AHRD V3.3 *** AT3G48200.1) && - && -,-,gene-Solyc03g112760.3,,,Ensembl Plants BioMart,63,one_to_one
Solyc04g064620,Solyc04g064620.4,protein_coding,Bidirectional sugar transporter SWEET (AHRD V3.3 *** M1CBD4_SOLTU) && sp|Q8L9J7|SWET1_ARATH Bidirectional sugar transporter SWEET1 OS=Arabidopsis thaliana OX=3702 GN=SWEET1 PE=1 SV=1 && PF03083:Sugar efflux transporter for intercellular exchange,-,gene-Solyc04g064620.4,,,Ensembl Plants BioMart,63,one_to_one
Solyc01g058270,Solyc01g058270.3,protein_coding,O-acetyltransferase family protein (AHRD V3.3 *** A0A2U1M4H7_ARTAN) && sp|Q0WW17|RWA2_ARATH Protein REDUCED WALL ACETYLATION 2 OS=Arabidopsis thaliana OX=3702 GN=RWA2 PE=1 SV=1 && PF07779:10 TM Acyl Transferase domain found in Cas1p,-,gene-Solyc01g058270.3,,,Ensembl Plants BioMart,63,one_to_one
Solyc05g018510,Solyc05g018510.3,protein_coding,ABC transporter-like (AHRD V3.3 *** A0A200PN89_9MAGN) && sp|O81016|AB32G_ARATH ABC transporter G family member 32 OS=Arabidopsis thaliana OX=3702 GN=ABCG32 PE=1 SV=1 && PF00005:ABC transporter|PF14510:ABC-transporter N-terminal|PF08370:Plant PDR ABC transporter associated|PF01061:ABC-2 type transporter,ABC2_membrane,gene-Solyc05g018510.3,ABCG36,,Ensembl Plants BioMart,63,one_to_one
Solyc10g024420,Solyc10g024420.3,protein_coding,ABC transporter C family member 9 (AHRD V3.3 *** A0A2G2VSW8_CAPBA) && sp|Q9M1C7|AB9C_ARATH ABC transporter C family member 9 OS=Arabidopsis thaliana OX=3702 GN=ABCC9 PE=2 SV=2 && PF00005:ABC transporter|PF00664:ABC transporter transmembrane region,ABC_membrane,gene-Solyc10g024420.3,,,Ensembl Plants BioMart,63,one_to_one
Solyc12g009930,Solyc12g009930.3,protein_coding,Glycosyltransferase (AHRD V3.3 *** A0A288W8G2_GARJA) && sp|P56725|ZOX_PHAVU Zeatin O-xylosyltransferase OS=Phaseolus vulgaris OX=3885 GN=ZOX1 PE=2 SV=1 && PF00201:UDP-glucoronosyl and UDP-glucosyl transferase,UDPGT,gene-Solyc12g009930.3,,,Ensembl Plants BioMart,63,one_to_one
Solyc02g063150,Solyc02g063150.3,protein_coding,"RuBP carboxylase small subunit && sp|P08706|RBS1_SOLLC Ribulose bisphosphate carboxylase small subunit, chloroplastic 1 OS=Solanum lycopersicum OX=4081 GN=RBCS1 PE=2 SV=2 && PF12338:Ribulose-1,5-bisphosphate carboxylase small subunit|PF00101:Ribulose bisphosphate carboxylase, small chain",-,gene-Solyc02g063150.3,rbcS1,NM_001308943,Ensembl Plants BioMart,63,one_to_one
Solyc02g092220,Solyc02g092220.1,protein_coding,Unknown protein && - && -,-,gene-Solyc02g092220.1,,,Ensembl Plants BioMart,63,one_to_one
Solyc08g067030,Solyc08g067030.3,protein_coding,DUF642 domain-containing protein (AHRD V3.3 *** A0A1Q3BRG3_CEPFO) && - && PF04862:Protein of unknown function (DUF642),-,gene-Solyc08g067030.3,,,Ensembl Plants BioMart,63,one_to_one
Solyc03g113350,Solyc03g113350.3,protein_coding,Zinc finger protein (AHRD V3.3 *** A0A200QF78_9MAGN) && sp|F4HVS0|BTSL2_ARATH Zinc finger protein BRUTUS-like At1g74770 OS=Arabidopsis thaliana OX=3702 GN=At1g74770 PE=2 SV=1 && PF05495:CHY zinc finger|PF14599:Zinc-ribbon|PF01814:Hemerythrin HHE cation binding domain|PF13639:Ring finger domain,zf-CHY,gene-Solyc03g113350.3,,,Ensembl Plants BioMart,63,one_to_one
Solyc07g054860,Solyc07g054860.1,protein_coding,Tyrosine/DOPA decarboxylase 3 (AHRD V3.3 *** A0A2G2Z3G9_CAPAN) && sp|P93082|TDC1_CAMAC Tryptophan decarboxylase TDC1 OS=Camptotheca acuminata OX=16922 GN=TDC1 PE=1 SV=1 && PF00282:Pyridoxal-dependent decarboxylase conserved domain,-,gene-Solyc07g054860.1,,,Ensembl Plants BioMart,63,one_to_one
Solyc02g038740,Solyc02g038740.4,protein_coding,3-hydroxy-3-methylglutaryl coenzyme A reductase (AHRD V3.3 *** A0A2G2XB84_CAPBA) && sp|P48022|HMDH2_SOLLC 3-hydroxy-3-methylglutaryl-coenzyme A reductase 2 OS=Solanum lycopersicum OX=4081 GN=HMG2 PE=3 SV=1 && PF00368:Hydroxymethylglutaryl-coenzyme A reductase,-,gene-Solyc02g038740.4,,,Ensembl Plants BioMart,63,one_to_one
Solyc01g107890,Solyc01g107890.3,protein_coding,"Filament-like plant protein 7 (AHRD V3.3 *** A0A314KPZ1_NICAT) && sp|Q9SLN1|FPP7_ARATH Filament-like plant protein 7 OS=Arabidopsis thaliana OX=3702 GN=FPP7 PE=3 SV=2 && PF05911:Filament-like plant protein, long coiled-coil",-,gene-Solyc01g107890.3,,,Ensembl Plants BioMart,63,one_to_one
Solyc12g015690,,,,,gene-Solyc12g015690.3,,,Ensembl Plants BioMart,63,one_to_one
Solyc06g048470,Solyc06g048470.4,protein_coding,COP1-Interacting protein-related (AHRD V3.3 *** A0A2R4QNN9_9POAL) && sp|O80386|CIP7_ARATH COP1-interacting protein 7 OS=Arabidopsis thaliana OX=3702 GN=CIP7 PE=1 SV=1 && -,-,gene-Solyc06g048470.4,,,Ensembl Plants BioMart,63,one_to_one
Solyc03g006760,Solyc03g006760.4,protein_coding,NBS-LRR resistance protein (AHRD V3.3 *** A0A2K3PMF0_TRIPR) && - && -,-,gene-Solyc03g006760.4,,,Ensembl Plants BioMart,63,one_to_one
Solyc12g006470,Solyc12g006470.2,protein_coding,viroid RNA-binding protein && sp|Q84P53|GATP2_SOLLC Gamma aminobutyrate transaminase 2 OS=Solanum lycopersicum OX=4081 GN=GABA-TP2 PE=1 SV=1 && PF00202:Aminotransferase class-III,Aminotran_3,gene-Solyc12g006470.2,GABA-TP2,NM_001247411,Ensembl Plants BioMart,63,one_to_one
Solyc01g006540,Solyc01g006540.4,protein_coding,"lipoxygenase C && sp|O24370|LOX21_SOLTU Linoleate 13S-lipoxygenase 2-1, chloroplastic OS=Solanum tuberosum OX=4113 GN=LOX2.1 PE=1 SV=1 && PF00305:Lipoxygenase",Lipoxygenase,gene-Solyc01g006540.4,loxC,NM_001246883,Ensembl Plants BioMart,63,one_to_one
Solyc03g113930,Solyc03g113930.3,protein_coding,22.0 kDa class IV heat shock protein (AHRD V3.3 *** A0A2G3ATG3_CAPCH) && sp|P30236|HSP41_SOYBN 22.0 kDa class IV heat shock protein OS=Glycine max OX=3847 GN=HSP22.0 PE=3 SV=1 && PF00011:Hsp20/alpha crystallin family,-,gene-Solyc03g113930.3,,,Ensembl Plants BioMart,63,one_to_one
Solyc03g118120,Solyc03g118120.3,protein_coding,Transferring glycosyl group transferase (AHRD V3.3 *** A0A2K3L539_TRIPR) && sp|Q67YC9|Y4141_ARATH Uncharacterized protein At4g14100 OS=Arabidopsis thaliana OX=3702 GN=At4g14100 PE=2 SV=1 && -,-,gene-Solyc03g118120.3,,,Ensembl Plants BioMart,63,one_to_one
Solyc02g078340,Solyc02g078340.4,protein_coding,Heat stress transcription factor B-2b (AHRD V3.3 *** A0A2G3D674_CAPCH) && sp|Q10KX8|HFB4D_ORYSJ Heat stress transcription factor B-4d OS=Oryza sativa subsp. japonica OX=39947 GN=HSFB4D PE=3 SV=1 && PF00447:HSF-type DNA-binding,HSF_DNA-bind,gene-Solyc02g078340.4,,,Ensembl Plants BioMart,63,one_to_one
Solyc10g047030,Solyc10g047030.3,protein_coding,LEXYL1 && sp|A5JTQ3|XYL2_MEDSV Beta-xylosidase/alpha-L-arabinofuranosidase 2 OS=Medicago sativa subsp. varia OX=36902 GN=Xyl2 PE=2 SV=1 && PF00933:Glycosyl hydrolase family 3 N terminal domain|PF14310:Fibronectin type III-like domain|PF01915:Glycosyl hydrolase family 3 C-terminal domain,Glyco_hydro_3_C,gene-Solyc10g047030.3,,,Ensembl Plants BioMart,63,one_to_one
Solyc12g013710,Solyc12g013710.2,protein_coding,"light dependent NADH_protochlorophyllide oxidoreductase 1 && sp|Q9SDT1|POR_DAUCA Protochlorophyllide reductase, chloroplastic OS=Daucus carota OX=4039 GN=POR1 PE=2 SV=1 && PF00106:short chain dehydrogenase",adh_short,gene-Solyc12g013710.2,,,Ensembl Plants BioMart,63,one_to_one
Solyc08g080630,Solyc08g080630.4,protein_coding,Ethylene-responsive proteinase inhibitor 1 (AHRD V3.3 *** A0A1U8G7N9_CAPAN) && sp|P20076|IER1_SOLLC Ethylene-responsive proteinase inhibitor 1 OS=Solanum lycopersicum OX=4081 PE=3 SV=1 && PF00280:Potato inhibitor I family,-,gene-Solyc08g080630.4,ER1,,Ensembl Plants BioMart,63,one_to_one
Solyc06g009770,Solyc06g009770.1,protein_coding,hypothetical protein (AHRD V3.3 *** AT3G62650.2) && - && -,-,gene-Solyc06g009770.1,,,Ensembl Plants BioMart,63,one_to_one
Solyc08g016310,Solyc08g016310.3,protein_coding,LOW QUALITY PROTEIN_ LRR receptor-like serine/threonine-protein kinase GSO1 (AHRD V3.3 *** A0A1U8F7A0_CAPAN) && sp|Q9LNV9|RLP1_ARATH Receptor-like protein 1 OS=Arabidopsis thaliana OX=3702 GN=RLP1 PE=2 SV=2 && PF13855:Leucine rich repeat,-,gene-Solyc08g016310.3,,,Ensembl Plants BioMart,63,one_to_one
Solyc05g015370,Solyc05g015370.3,protein_coding,DNA-binding HORMA (AHRD V3.3 *-* A0A200QG98_9MAGN) && sp|F4HRV8|ASY1_ARATH Meiosis-specific protein ASY1 OS=Arabidopsis thaliana OX=3702 GN=ASY1 PE=1 SV=1 && PF02301:HORMA domain,HORMA,gene-Solyc05g015370.3,,,Ensembl Plants BioMart,63,one_to_one
Solyc01g097290,Solyc01g097290.4,protein_coding,auxin-regulated IAA16 && sp|O24407|IAA16_ARATH Auxin-responsive protein IAA16 OS=Arabidopsis thaliana OX=3702 GN=IAA16 PE=1 SV=1 && PF02309:AUX/IAA family,-,gene-Solyc01g097290.4,IAA16,,Ensembl Plants BioMart,63,one_to_one
Solyc09g031880,Solyc09g031880.3,protein_coding,Galacturonokinase (AHRD V3.3 *** A0A2G2WB90_CAPBA) && sp|Q8VYG2|GALAK_ARATH Galacturonokinase OS=Arabidopsis thaliana OX=3702 GN=GALAK PE=1 SV=1 && -,-,gene-Solyc09g031880.3,,,Ensembl Plants BioMart,63,one_to_one
Solyc01g088400,Solyc01g088400.4,protein_coding,ECERIFERUM 1 && sp|F4HVY0|CER1_ARATH Very-long-chain aldehyde decarbonylase CER1 OS=Arabidopsis thaliana OX=3702 GN=CER1 PE=1 SV=1 && PF12076:WAX2 C-terminal domain|PF04116:Fatty acid hydroxylase superfamily,-,gene-Solyc01g088400.4,,,Ensembl Plants BioMart,63,one_to_one
Solyc12g070080,,,,,,,,Ensembl Plants BioMart,63,not_mapped_in_export
Solyc10g083670,Solyc10g083670.3,protein_coding,Glucomannan 4-beta-mannosyltransferase 2 (AHRD V3.3 *** A0A2G3BGF1_CAPCH) && sp|Q9LZR3|CSLA9_ARATH Glucomannan 4-beta-mannosyltransferase 9 OS=Arabidopsis thaliana OX=3702 GN=CSLA9 PE=1 SV=1 && PF13641:Glycosyltransferase like family 2,-,gene-Solyc10g083670.3,,,Ensembl Plants BioMart,63,one_to_one
Solyc08g082620,Solyc08g082620.3,protein_coding,"3-oxoacyl-[acyl-carrier-protein] synthase (AHRD V3.3 *** O82520_CAPCH) && sp|P52410|KASC1_ARATH 3-oxoacyl-[acyl-carrier-protein] synthase I, chloroplastic OS=Arabidopsis thaliana OX=3702 GN=KAS1 PE=1 SV=2 && PF00109:Beta-ketoacyl synthase, N-terminal domain|PF02801:Beta-ketoacyl synthase, C-terminal domain",ketoacyl-synt,gene-Solyc08g082620.3,,,Ensembl Plants BioMart,63,one_to_one
Solyc12g010050,Solyc12g010050.2,protein_coding,DNA-3-methyladenine glycosylase I (AHRD V3.3 *** A0A2I0WS59_9ASPA) && sp|Q7VG78|GUAA_HELHP Probable GMP synthase [glutamine-hydrolyzing] OS=Helicobacter hepaticus (strain ATCC 51449 / 3B1) OX=235279 GN=guaA PE=3 SV=1 && PF03352:Methyladenine glycosylase,-,gene-Solyc12g010050.2,,,Ensembl Plants BioMart,63,one_to_one
Solyc03g031860,Solyc03g031860.3,protein_coding,"Phytoene synthase 1 && sp|P08196|PSY1_SOLLC Phytoene synthase 1, chloroplastic OS=Solanum lycopersicum OX=4081 GN=PSY1 PE=1 SV=2 && PF00494:Squalene/phytoene synthase",-,,,,Ensembl Plants BioMart,63,not_mapped_in_export
Solyc04g016330,Solyc04g016330.3,protein_coding,"Glycerol-3-phosphate dehydrogenase [NAD(+)] (AHRD V3.3 *** A0A2G3CDF8_CAPCH) && sp|Q8S0G4|GPDH1_ORYSJ Probable glycerol-3-phosphate dehydrogenase [NAD(+)] 1, cytosolic OS=Oryza sativa subsp. japonica OX=39947 GN=Os01g0939600 PE=2 SV=1 && PF01210:NAD-dependent glycerol-3-phosphate dehydrogenase N-terminus|PF07479:NAD-dependent glycerol-3-phosphate dehydrogenase C-terminus",NAD_Gly3P_dh_C,gene-Solyc04g016330.3,,,Ensembl Plants BioMart,63,one_to_one
Solyc07g055050,Solyc07g055050.3,protein_coding,"ATP synthase protein I-related protein (AHRD V3.3 *** A0A2U1Q771_ARTAN) && sp|O82279|CG160_ARATH Protein CONSERVED ONLY IN THE GREEN LINEAGE 160, chloroplastic OS=Arabidopsis thaliana OX=3702 GN=CGL160 PE=1 SV=1 && -",-,gene-Solyc07g055050.3,,,Ensembl Plants BioMart,63,one_to_one
Solyc06g053620,Solyc06g053620.5,protein_coding,Phosphoenolpyruvate carboxylase kinase 2 (AHRD V3.11 *** tr_Q84JP7_Q84JP7_SOLLC) && sp|Q9SPK4|PPCK1_ARATH Phosphoenolpyruvate carboxylase kinase 1 OS=Arabidopsis thaliana OX=3702 GN=PPCK1 PE=1 SV=1 && PF00069:Protein kinase domain,Pkinase,gene-Solyc06g053620.4,,,Ensembl Plants BioMart,63,one_to_one
Solyc12g094640,Solyc12g094640.4,protein_coding,"Glyceraldehyde-3-phosphate dehydrogenase (AHRD V3.11 *** tr_A0A2G2YA75_A0A2G2YA75_CAPAN) && sp|P12859|G3PB_PEA Glyceraldehyde-3-phosphate dehydrogenase B, chloroplastic OS=Pisum sativum OX=3888 GN=GAPB PE=1 SV=2 && PF00044:Glyceraldehyde 3-phosphate dehydrogenase, NAD binding domain|PF02800:Glyceraldehyde 3-phosphate dehydrogenase, C-terminal domain",-,gene-Solyc12g094640.3,,,Ensembl Plants BioMart,63,one_to_one
Solyc03g078440,Solyc03g078440.3,protein_coding,Cinnamyl alcohol dehydrogenase (AHRD V3.3 *** C1IC54_GOSHI) && sp|P42734|CADH9_ARATH Probable cinnamyl alcohol dehydrogenase 9 OS=Arabidopsis thaliana OX=3702 GN=CAD9 PE=2 SV=2 && PF00107:Zinc-binding dehydrogenase|PF08240:Alcohol dehydrogenase GroES-like domain,ADH_N,gene-Solyc03g078440.3,,,Ensembl Plants BioMart,63,one_to_one
Solyc05g010700,Solyc05g010700.1,protein_coding,Unknown protein && sp|Q9C9B0|U89B1_ARATH Flavonol 3-O-glucosyltransferase UGT89B1 OS=Arabidopsis thaliana OX=3702 GN=UGT89B1 PE=1 SV=2 && -,-,gene-Solyc05g010700.1,,,Ensembl Plants BioMart,63,one_to_one
Solyc06g069430,Solyc06g069430.3,protein_coding,FRUITFULL-like MADS-box 1 && sp|Q42429|AGL8_SOLTU Agamous-like MADS-box protein AGL8 homolog OS=Solanum tuberosum OX=4113 PE=2 SV=1 && PF01486:K-box region|PF00319:SRF-type transcription factor (DNA-binding and dimerisation domain),K-box,gene-Solyc06g069430.3,FUL1,,Ensembl Plants BioMart,63,one_to_one
Solyc06g035610,Solyc06g035610.3,protein_coding,"RNA-binding protein (AHRD V3.3 *-* Q941H9_TOBAC) && sp|Q9FIU6|ORRM2_ARATH Organelle RRM domain-containing protein 2, mitochondrial OS=Arabidopsis thaliana OX=3702 GN=ORRM2 PE=1 SV=1 && PF00076:RNA recognition motif. (a.k.a. RRM, RBD, or RNP domain)",RRM_1,gene-Solyc06g035610.3,,,Ensembl Plants BioMart,63,one_to_one
Solyc10g080980,Solyc10g080980.2,protein_coding,WAT1-related protein (AHRD V3.3 *** K4D2Y5_SOLLC) && sp|Q9FL41|WTR38_ARATH WAT1-related protein At5g07050 OS=Arabidopsis thaliana OX=3702 GN=At5g07050 PE=2 SV=1 && PF00892:EamA-like transporter family,DUF6,gene-Solyc10g080980.2,,,Ensembl Plants BioMart,63,one_to_one
Solyc07g065540,Solyc07g065540.1,protein_coding,Fasciclin-like arabinogalactan protein (AHRD V3.3 *** A0A2R6P548_ACTCH) && sp|Q9FM65|FLA1_ARATH Fasciclin-like arabinogalactan protein 1 OS=Arabidopsis thaliana OX=3702 GN=FLA1 PE=1 SV=1 && PF02469:Fasciclin domain,-,gene-Solyc07g065540.1,,,Ensembl Plants BioMart,63,one_to_one
Solyc04g054990,,,,,,,,Ensembl Plants BioMart,63,not_mapped_in_export
Solyc01g094700,Solyc01g094700.5,protein_coding,Glycerol-3-phosphate acyltransferase && sp|Q9LMM0|GPAT4_ARATH Glycerol-3-phosphate 2-O-acyltransferase 4 OS=Arabidopsis thaliana OX=3702 GN=GPAT4 PE=1 SV=1 && PF12710:haloacid dehalogenase-like hydrolase|PF01553:Acyltransferase,Acyltransferase,gene-Solyc01g094700.4,,,Ensembl Plants BioMart,63,one_to_one
Solyc02g070790,Solyc02g070790.3,protein_coding,"3-oxoacyl-[acyl-carrier-protein] synthase (AHRD V3.3 *** A0A2I4EJY8_9ROSI) && sp|P52410|KASC1_ARATH 3-oxoacyl-[acyl-carrier-protein] synthase I, chloroplastic OS=Arabidopsis thaliana OX=3702 GN=KAS1 PE=1 SV=2 && PF02801:Beta-ketoacyl synthase, C-terminal domain|PF00109:Beta-ketoacyl synthase, N-terminal domain",ketoacyl-synt,gene-Solyc02g070790.3,,,Ensembl Plants BioMart,63,one_to_one
Solyc10g051020,Solyc10g051020.2,protein_coding,Cytochrome P450 (AHRD V3.3 *** A0A2U1MAN7_ARTAN) && sp|H2DH21|C7A29_PANGI Cytochrome P450 CYP72A219 OS=Panax ginseng OX=4054 PE=2 SV=1 && PF00067:Cytochrome P450,p450,gene-Solyc10g051020.2,,,Ensembl Plants BioMart,63,one_to_one
Solyc03g118510,Solyc03g118510.3,protein_coding,Ovary receptor kinase 27 (AHRD V3.3 *** S4WIQ7_SOLCH) && sp|Q9LP77|Y1848_ARATH Probable inactive receptor kinase At1g48480 OS=Arabidopsis thaliana OX=3702 GN=RKL1 PE=1 SV=1 && PF08263:Leucine rich repeat N-terminal domain|PF00069:Protein kinase domain|PF13855:Leucine rich repeat,Pkinase,gene-Solyc03g118510.3,,,Ensembl Plants BioMart,63,one_to_one
Solyc07g049440,Solyc07g049440.3,protein_coding,GDSL esterase/lipase (AHRD V3.3 *** A0A2G2Z2Z1_CAPAN) && sp|Q9SJB4|GDL34_ARATH GDSL esterase/lipase At2g04570 OS=Arabidopsis thaliana OX=3702 GN=At2g04570 PE=2 SV=1 && PF00657:GDSL-like Lipase/Acylhydrolase,Lipase_GDSL,gene-Solyc07g049440.3,,,Ensembl Plants BioMart,63,one_to_one
Solyc09g083130,Solyc09g083130.3,protein_coding,Acylamino-acid-releasing enzyme (AHRD V3.3 *** A0A1J3E2A0_NOCCA) && sp|Q84LM4|AARE_ARATH Acylamino-acid-releasing enzyme OS=Arabidopsis thaliana OX=3702 GN=AARE PE=1 SV=1 && PF00326:Prolyl oligopeptidase family,-,gene-Solyc09g083130.3,,,Ensembl Plants BioMart,63,one_to_one
Solyc10g075070,Solyc10g075070.3,protein_coding,Non-specific lipid-transfer protein (AHRD V3.3 *** K4D1U9_SOLLC) && sp|Q03461|NLTP2_TOBAC Non-specific lipid-transfer protein 2 OS=Nicotiana tabacum OX=4097 PE=3 SV=1 && PF00234:Protease inhibitor/seed storage/LTP family,-,gene-Solyc10g075070.3,,,Ensembl Plants BioMart,63,one_to_one
Solyc03g097440,Solyc03g097440.3,protein_coding,11-beta-hydroxysteroid dehydrogenase 1A (AHRD V3.3 *** A0A2G3A0G7_CAPAN) && sp|Q93W57|HSDA_SESIN 11-beta-hydroxysteroid dehydrogenase A OS=Sesamum indicum OX=4182 GN=SOP2 PE=1 SV=1 && PF00106:short chain dehydrogenase,adh_short,gene-Solyc03g097440.3,,,Ensembl Plants BioMart,63,one_to_one
Solyc02g079490,Solyc02g079490.3,protein_coding,HXXXD-type acyl-transferase family protein (AHRD V3.3 *** Q9MAP9_ARATH) && sp|A1XWY7|CFAT_PETHY Coniferyl alcohol acyltransferase OS=Petunia hybrida OX=4102 GN=CFAT PE=1 SV=1 && PF02458:Transferase family,-,gene-Solyc02g079490.3,,,Ensembl Plants BioMart,63,one_to_one
Solyc08g014010,Solyc08g014010.4,protein_coding,Transmembrane protein (AHRD V3.3 *** Q1PDF2_ARATH) && - && -,-,gene-Solyc08g014010.4,,,Ensembl Plants BioMart,63,one_to_one
Solyc10g054080,Solyc10g054080.3,protein_coding,"Kinesin-related protein 11 (AHRD V3.3 *** A0A2G3BDZ7_CAPCH) && sp|Q8W5R5|KN7D_ARATH Kinesin-like protein KIN-7D, mitochondrial OS=Arabidopsis thaliana OX=3702 GN=KIN7D PE=2 SV=1 && PF13920:Zinc finger, C3HC4 type (RING finger)|PF00225:Kinesin motor domain",Kinesin,gene-Solyc10g054080.3,,,Ensembl Plants BioMart,63,one_to_one
Solyc05g014300,Solyc05g014300.1,protein_coding,Unknown protein && - && -,-,gene-Solyc05g014300.1,,,Ensembl Plants BioMart,63,one_to_one
Solyc11g006670,Solyc11g006670.1,protein_coding,"ovate family protein 29 && sp|Q9FMC8|OPF13_ARATH Transcription repressor OFP13 OS=Arabidopsis thaliana OX=3702 GN=OFP13 PE=1 SV=1 && PF04844:Transcriptional repressor, ovate",-,gene-Solyc11g006670.1,,,Ensembl Plants BioMart,63,one_to_one
Solyc12g098600,Solyc12g098600.1,protein_coding,Glycosyltransferase (AHRD V3.3 *** A0A2I4GJH4_9ROSI) && sp|K4CWS6|U75C1_SOLLC UDP-glycosyltransferase 75C1 OS=Solanum lycopersicum OX=4081 GN=UGT75C1 PE=1 SV=1 && PF00201:UDP-glucoronosyl and UDP-glucosyl transferase,UDPGT,gene-Solyc12g098600.1,,,Ensembl Plants BioMart,63,one_to_one
Solyc09g011470,Solyc09g011470.3,protein_coding,Plant/T7H20-70 protein (AHRD V3.3 *-* G7L5L0_MEDTR) && - && -,-,gene-Solyc09g011470.3,,NM_001317852,Ensembl Plants BioMart,63,one_to_one
Solyc05g025600,Solyc05g025600.1,protein_coding,Photosystem II reaction center X protein (AHRD V3.3 *** A0A2G3CGE7_CAPCH) && - && PF06596:Photosystem II reaction centre X protein (PsbX),-,gene-Solyc05g025600.1,,,Ensembl Plants BioMart,63,one_to_one
Solyc07g007750,Solyc07g007750.3,protein_coding,Defensin protein (AHRD V3.3 *** B1N678_SOLLC) && sp|P20346|DF322_SOLTU Defensin-like protein P322 OS=Solanum tuberosum OX=4113 PE=2 SV=1 && -,-,gene-Solyc07g007750.3,TGAS118,,Ensembl Plants BioMart,63,one_to_one
Solyc07g043420,Solyc07g043420.3,protein_coding,2-oxoglutarate-dependent dioxygenase 2 && sp|P24397|HY6H_HYONI Hyoscyamine 6-dioxygenase OS=Hyoscyamus niger OX=4079 GN=H6H PE=1 SV=1 && PF03171:2OG-Fe(II) oxygenase superfamily|PF14226:non-haem dioxygenase in morphine synthesis N-terminal,2OG-FeII_Oxy,gene-Solyc07g043420.3,gad2,NM_001246846,Ensembl Plants BioMart,63,one_to_one
Solyc05g005960,Solyc05g005960.3,protein_coding,Protein NRT1/ PTR FAMILY 1.2 (AHRD V3.3 *** A0A1J3DU78_NOCCA) && sp|Q9M817|PTR6_ARATH Protein NRT1/ PTR FAMILY 1.2 OS=Arabidopsis thaliana OX=3702 GN=NPF1.2 PE=1 SV=1 && PF00854:POT family,-,gene-Solyc05g005960.3,,,Ensembl Plants BioMart,63,one_to_one
Solyc01g100930,Solyc01g100930.3,protein_coding,GDSL esterase/lipase (AHRD V3.3 *** A0A1U8GQF3_CAPAN) && sp|O80522|GDL2_ARATH GDSL esterase/lipase At1g09390 OS=Arabidopsis thaliana OX=3702 GN=At1g09390 PE=2 SV=1 && PF00657:GDSL-like Lipase/Acylhydrolase,Lipase_GDSL,gene-Solyc01g100930.3,,,Ensembl Plants BioMart,63,one_to_one
Solyc06g050840,Solyc06g050840.4,protein_coding,Transcription factor SCREAM2 (AHRD V3.11 *** tr_A0A2I0WJV6_A0A2I0WJV6_9ASPA) && sp|Q9LPW3|SCRM2_ARATH Transcription factor SCREAM2 OS=Arabidopsis thaliana OX=3702 GN=SCRM2 PE=1 SV=1 && -,-,gene-Solyc06g050840.3,,,Ensembl Plants BioMart,63,one_to_one
Solyc09g092130,Solyc09g092130.3,protein_coding,Sucrose phosphate synthase (AHRD V3.3 *** A0A0B5L7E2_LILDA) && sp|O04933|SPSA2_CRAPL Probable sucrose-phosphate synthase 2 OS=Craterostigma plantagineum OX=4153 GN=SPS2 PE=2 SV=1 && PF00862:Sucrose synthase|PF05116:Sucrose-6F-phosphate phosphohydrolase|PF00534:Glycosyl transferases group 1,Glycos_transf_1,gene-Solyc09g092130.3,,NM_001279221,Ensembl Plants BioMart,63,one_to_one
Solyc05g006740,Solyc05g006740.5,protein_coding,"Glutathione S-transferase (AHRD V3.11 *** tr_A0A200QY01_A0A200QY01_9MAGN) && sp|Q9FUS8|GSTUH_ARATH Glutathione S-transferase U17 OS=Arabidopsis thaliana OX=3702 GN=GSTU17 PE=2 SV=1 && PF00043:Glutathione S-transferase, C-terminal domain|PF02798:Glutathione S-transferase, N-terminal domain",GST_N,gene-Solyc05g006740.4,,,Ensembl Plants BioMart,63,one_to_one
Solyc04g071800,Solyc04g071800.3,protein_coding,Cytochrome P450 (AHRD V3.3 *-* A0A200Q069_9MAGN) && sp|A0A1D6F9Y9|C92C6_MAIZE Trimethyltridecatetraene synthase OS=Zea mays OX=4577 GN=CYP92C6 PE=1 SV=1 && PF00067:Cytochrome P450,p450,gene-Solyc04g071800.3,,,Ensembl Plants BioMart,63,one_to_one
Solyc09g083390,Solyc09g083390.3,protein_coding,zinc knuckle (CCHC-type) family protein (AHRD V3.3 *-* AT5G43630.4) && - && PF03126:Plus-3 domain,-,gene-Solyc09g083390.3,,,Ensembl Plants BioMart,63,one_to_one
Solyc02g090960,Solyc02g090960.1,protein_coding,Protein RALF-like 34 (AHRD V3.3 *** A0A2G2XHD5_CAPBA) && sp|Q9FHA6|RLF34_ARATH Protein RALF-like 34 OS=Arabidopsis thaliana OX=3702 GN=RALFL34 PE=2 SV=1 && PF05498:Rapid ALkalinization Factor (RALF),-,gene-Solyc02g090960.1,,,Ensembl Plants BioMart,63,one_to_one
Solyc01g008680,,,,,gene-Solyc01g008680.4,,,Ensembl Plants BioMart,63,one_to_one
Solyc12g099430,Solyc12g099430.2,protein_coding,Alpha/beta-Hydrolases superfamily protein (AHRD V3.3 *** A0A2U1MWY4_ARTAN) && sp|I6YGS0|EPHA_MYCTU Epoxide hydrolase A OS=Mycobacterium tuberculosis (strain ATCC 25618 / H37Rv) OX=83332 GN=ephA PE=1 SV=1 && PF12697:Alpha/beta hydrolase family,-,gene-Solyc12g099430.2,,,Ensembl Plants BioMart,63,one_to_one
Solyc11g008630,Solyc11g008630.3,protein_coding,HXXXD-type acyl-transferase family protein (AHRD V3.3 *** A0A2U1LG13_ARTAN) && sp|A0A2R6Q326|AT16_ACTCC Alcohol acyltransferase 16 OS=Actinidia chinensis var. chinensis OX=1590841 GN=AT16 PE=1 SV=2 && PF02458:Transferase family,-,gene-Solyc11g008630.3,,,Ensembl Plants BioMart,63,one_to_one
Solyc12g015850,Solyc12g015850.1,protein_coding,Nucleotide/sugar transporter family protein (AHRD V3.3 *** A0A2K3L035_TRIPR) && sp|Q9FG70|NSTU2_ARATH Nucleotide-sugar uncharacterized transporter 2 OS=Arabidopsis thaliana OX=3702 GN=At5g55950 PE=2 SV=1 && PF03151:Triose-phosphate Transporter family,-,gene-Solyc12g015850.1,,,Ensembl Plants BioMart,63,one_to_one
Solyc08g061560,Solyc08g061560.3,protein_coding,Receptor protein kinase (AHRD V3.3 *** A0A0U5BM22_RORAQ) && sp|Q42371|ERECT_ARATH LRR receptor-like serine/threonine-protein kinase ERECTA OS=Arabidopsis thaliana OX=3702 GN=ERECTA PE=1 SV=1 && PF00069:Protein kinase domain|PF08263:Leucine rich repeat N-terminal domain|PF13855:Leucine rich repeat,Pkinase,gene-Solyc08g061560.3,,,Ensembl Plants BioMart,63,one_to_one
Solyc07g049290,Solyc07g049290.3,protein_coding,Protein NRT1/ PTR FAMILY 6.4 (AHRD V3.3 *** A0A2G2Z2Y2_CAPAN) && sp|Q9LVE0|PTR33_ARATH Protein NRT1/ PTR FAMILY 6.4 OS=Arabidopsis thaliana OX=3702 GN=NPF6.4 PE=1 SV=1 && PF00854:POT family,-,gene-Solyc07g049290.3,,,Ensembl Plants BioMart,63,one_to_one
Solyc07g005390,Solyc07g005390.3,protein_coding,Aldehyde dehydrogenase 11A3 (AHRD V3.3 *** A0A2H1ZE23_ARATH) && sp|P93338|GAPN_NICPL NADP-dependent glyceraldehyde-3-phosphate dehydrogenase OS=Nicotiana plumbaginifolia OX=4092 GN=GAPN PE=2 SV=1 && PF00171:Aldehyde dehydrogenase family,Aldedh,gene-Solyc07g005390.3,ALDH11A3a,,Ensembl Plants BioMart,63,one_to_one
Solyc02g078620,Solyc02g078620.1,protein_coding,"Dof zinc finger protein DOF5.3 (AHRD V3.3 *** A0A2G3D6D4_CAPCH) && sp|Q84TE9|DOF53_ARATH Dof zinc finger protein DOF5.3 OS=Arabidopsis thaliana OX=3702 GN=DOF5.3 PE=2 SV=1 && PF02701:Dof domain, zinc finger",zf-Dof,gene-Solyc02g078620.1,,,Ensembl Plants BioMart,63,one_to_one
Solyc02g055440,Solyc02g055440.4,protein_coding,"E3 ubiquitin-protein ligase%2C putative (DUF177) (AHRD V3.3 *** AT3G19800.2) && sp|Q9C5M1|YCED2_ARATH Large ribosomal RNA subunit accumulation protein YCED homolog 2, chloroplastic OS=Arabidopsis thaliana OX=3702 GN=At3g19800 PE=2 SV=1 && PF02620:Large ribosomal RNA subunit accumulation protein YceD",-,gene-Solyc02g055440.4,,,Ensembl Plants BioMart,63,one_to_one
Solyc02g090930,Solyc02g090930.3,protein_coding,Lipase (AHRD V3.3 *** A0A200QYW4_9MAGN) && sp|F4JFU8|OBL1_ARATH Triacylglycerol lipase OBL1 OS=Arabidopsis thaliana OX=3702 GN=OBL1 PE=1 SV=1 && PF01764:Lipase (class 3),Lipase_3,gene-Solyc02g090930.3,,,Ensembl Plants BioMart,63,one_to_one
Solyc02g087840,Solyc02g087840.3,protein_coding,Leucine zipper && sp|Q8LC03|ATB13_ARATH Homeobox-leucine zipper protein ATHB-13 OS=Arabidopsis thaliana OX=3702 GN=ATHB-13 PE=2 SV=2 && PF00046:Homeodomain|PF02183:Homeobox associated leucine zipper,Homeobox,gene-Solyc02g087840.3,,,Ensembl Plants BioMart,63,one_to_one
Solyc03g093360,Solyc03g093360.3,protein_coding,"PLAT/LH2 domain (AHRD V3.3 *** A0A200QDT2_9MAGN) && sp|O65660|PLAT1_ARATH PLAT domain-containing protein 1 OS=Arabidopsis thaliana OX=3702 GN=PLAT1 PE=1 SV=1 && PF06232:Embryo-specific protein 3, (ATS3)",-,gene-Solyc03g093360.3,,,Ensembl Plants BioMart,63,one_to_one
Solyc11g018500,Solyc11g018500.3,protein_coding,Beta-galactosidase (AHRD V3.3 *** A0A2G2ZPF3_CAPAN) && sp|Q8GX69|BGA16_ARATH Beta-galactosidase 16 OS=Arabidopsis thaliana OX=3702 GN=BGAL16 PE=2 SV=2 && PF01301:Glycosyl hydrolases family 35|PF17834:Beta-sandwich domain in beta galactosidase,-,gene-Solyc11g018500.3,,,Ensembl Plants BioMart,63,one_to_one
Solyc08g013670,Solyc08g013670.3,protein_coding,"Photosystem I reaction center subunit N && sp|P49107|PSAN_ARATH Photosystem I reaction center subunit N, chloroplastic OS=Arabidopsis thaliana OX=3702 GN=PSAN PE=1 SV=2 && PF05479:Photosystem I reaction centre subunit N (PSAN or PSI-N)",-,gene-Solyc08g013670.3,,,Ensembl Plants BioMart,63,one_to_one
Solyc11g010200,Solyc11g010200.3,protein_coding,14-3-3 family protein AF079104 && sp|P93784|14335_SOLTU 14-3-3-like protein 16R OS=Solanum tuberosum OX=4113 PE=2 SV=1 && PF00244:14-3-3 protein,-,gene-Solyc11g010200.3,,,Ensembl Plants BioMart,63,one_to_one
Solyc10g079410,Solyc10g079410.2,protein_coding,triacylglycerol lipase SDP1-like (AHRD V3.3 *** A0A2I4ECT5_9ROSI) && sp|Q9LZA6|SDP1_ARATH Triacylglycerol lipase SDP1 OS=Arabidopsis thaliana OX=3702 GN=SDP1 PE=1 SV=1 && PF01734:Patatin-like phospholipase|PF11815:Domain of unknown function (DUF3336),-,gene-Solyc10g079410.2,,,Ensembl Plants BioMart,63,one_to_one
Solyc07g066150,Solyc07g066150.1,protein_coding,"Photosystem I reaction center subunit V && sp|Q9S7N7|PSAG_ARATH Photosystem I reaction center subunit V, chloroplastic OS=Arabidopsis thaliana OX=3702 GN=PSAG PE=1 SV=1 && PF01241:Photosystem I psaG / psaK",-,gene-Solyc07g066150.1,,,Ensembl Plants BioMart,63,one_to_one
Solyc06g084050,Solyc06g084050.4,protein_coding,"Photosystem II reaction center W protein && sp|Q39194|PSBW_ARATH Photosystem II reaction center W protein, chloroplastic OS=Arabidopsis thaliana OX=3702 GN=PSBW PE=1 SV=2 && PF07123:Photosystem II reaction centre W protein (PsbW)",-,gene-Solyc06g084050.4,,,Ensembl Plants BioMart,63,one_to_one
Solyc12g011410,Solyc12g011410.1,protein_coding,Unknown protein && - && -,-,gene-Solyc12g011410.1,,,Ensembl Plants BioMart,63,one_to_one
Solyc06g082460,Solyc06g082460.1,protein_coding,"ovate family protein 14 && sp|Q9LVL4|OFP3_ARATH Transcription repressor OFP3 OS=Arabidopsis thaliana OX=3702 GN=OFP3 PE=1 SV=1 && PF13724:DNA-binding domain|PF04844:Transcriptional repressor, ovate",-,gene-Solyc06g082460.1,OFP14,NM_001366820,Ensembl Plants BioMart,63,one_to_one
Solyc06g065670,Solyc06g065670.4,protein_coding,Pleiotropic drug resistance protein 4 (AHRD V3.3 *** A0A2G2WKR5_CAPBA) && sp|O81016|AB32G_ARATH ABC transporter G family member 32 OS=Arabidopsis thaliana OX=3702 GN=ABCG32 PE=1 SV=1 && PF08370:Plant PDR ABC transporter associated|PF01061:ABC-2 type transporter|PF14510:ABC-transporter N-terminal|PF00005:ABC transporter,ABC2_membrane,gene-Solyc06g065670.4,,,Ensembl Plants BioMart,63,one_to_one
Solyc08g081940,Solyc08g081940.3,protein_coding,Leucine-rich repeat protein kinase family protein (AHRD V3.3 *** A0A2U1NUU3_ARTAN) && sp|Q9SUQ3|Y4374_ARATH Probable inactive receptor kinase At4g23740 OS=Arabidopsis thaliana OX=3702 GN=At4g23740 PE=1 SV=1 && PF08263:Leucine rich repeat N-terminal domain|PF13855:Leucine rich repeat|PF00069:Protein kinase domain,Pkinase,gene-Solyc08g081940.3,,,Ensembl Plants BioMart,63,one_to_one
Solyc08g078870,Solyc08g078870.3,protein_coding,Bifunctional inhibitor/lipid-transfer protein/seed storage 2S albumin superfamily protein (AHRD V3.3 *** A0A2U1PU47_ARTAN) && sp|P14009|14KD_DAUCA 14 kDa proline-rich protein DC2.15 OS=Daucus carota OX=4039 PE=2 SV=1 && PF14547:Hydrophobic seed protein,-,gene-Solyc08g078870.3,,,Ensembl Plants BioMart,63,one_to_one
Solyc07g051820,Solyc07g051820.3,protein_coding,Cellulose synthase (AHRD V3.3 *** A0A200PYU7_9MAGN) && sp|Q339N5|CSLH1_ORYSJ Cellulose synthase-like protein H1 OS=Oryza sativa subsp. japonica OX=39947 GN=CSLH1 PE=2 SV=2 && PF03552:Cellulose synthase,-,gene-Solyc07g051820.3,,,Ensembl Plants BioMart,63,one_to_one
Solyc01g105050,Solyc01g105050.3,protein_coding,"Chlorophyll a-b binding protein && sp|P27525|CB4B_SOLLC Chlorophyll a-b binding protein CP24 10B, chloroplastic OS=Solanum lycopersicum OX=4081 GN=CAP10B PE=3 SV=1 && PF00504:Chlorophyll A-B binding protein",-,gene-Solyc01g105050.3,LHCP,NM_001309362,Ensembl Plants BioMart,63,one_to_one
Solyc05g005920,Solyc05g005920.4,protein_coding,protein NRT1/ PTR FAMILY 1.2-like (AHRD V3.3 *** A0A2I4HMB7_9ROSI) && sp|Q9M817|PTR6_ARATH Protein NRT1/ PTR FAMILY 1.2 OS=Arabidopsis thaliana OX=3702 GN=NPF1.2 PE=1 SV=1 && PF00854:POT family,-,gene-Solyc05g005920.4,,,Ensembl Plants BioMart,63,one_to_one
Solyc01g066740,Solyc01g066740.3,protein_coding,Transducin/WD40 repeat-like superfamily protein (AHRD V3.3 *-* A0A2U1LEC3_ARTAN) && sp|C6L7U1|LIN1_LOTJA Putative E3 ubiquitin-protein ligase LIN-1 OS=Lotus japonicus OX=34305 GN=CERBERUS PE=2 SV=2 && -,-,gene-Solyc01g066740.3,,,Ensembl Plants BioMart,63,one_to_one
Solyc10g050110,Solyc10g050110.1,protein_coding,Leucine-rich repeat family protein (AHRD V3.3 *** G3CHK6_PONTR) && sp|Q8W3M4|Y4744_ARATH Uncharacterized protein At4g06744 OS=Arabidopsis thaliana OX=3702 GN=At4g06744 PE=2 SV=1 && -,-,gene-Solyc10g050110.1,,,Ensembl Plants BioMart,63,one_to_one
Solyc05g051010,Solyc05g051010.4,protein_coding,Dihydroflavonol-4-reductase (AHRD V3.3 *** A0A2K3N028_TRIPR) && sp|Q40316|VESTR_MEDSA Vestitone reductase OS=Medicago sativa OX=3879 PE=1 SV=1 && PF01370:NAD dependent epimerase/dehydratase family,Epimerase,gene-Solyc05g051010.4,,,Ensembl Plants BioMart,63,one_to_one
Solyc10g044510,Solyc10g044510.2,protein_coding,MLO-like protein (AHRD V3.3 *** K4CZH6_SOLLC) && sp|O23693|MLO4_ARATH MLO-like protein 4 OS=Arabidopsis thaliana OX=3702 GN=MLO4 PE=2 SV=2 && PF03094:Mlo family,-,gene-Solyc10g044510.2,MLO,,Ensembl Plants BioMart,63,one_to_one
Solyc07g007350,Solyc07g007350.1,protein_coding,Sterile alpha motif (SAM) domain protein (AHRD V3.3 *** Q1G3Q5_ARATH) && - && -,-,gene-Solyc07g007350.1,,,Ensembl Plants BioMart,63,one_to_one
Solyc02g087870,Solyc02g087870.3,protein_coding,ABC transporter (AHRD V3.3 *** A0A200QEZ6_9MAGN) && sp|Q9LJX0|AB19B_ARATH ABC transporter B family member 19 OS=Arabidopsis thaliana OX=3702 GN=ABCB19 PE=1 SV=1 && PF00664:ABC transporter transmembrane region|PF00005:ABC transporter,ABC_membrane,gene-Solyc02g087870.3,MDR1,NM_001247280,Ensembl Plants BioMart,63,one_to_one
Solyc10g005210,Solyc10g005210.4,protein_coding,DNA-3-methyladenine glycosylase I (AHRD V3.3 *** B6TPB7_MAIZE) && sp|Q7VG78|GUAA_HELHP Probable GMP synthase [glutamine-hydrolyzing] OS=Helicobacter hepaticus (strain ATCC 51449 / 3B1) OX=235279 GN=guaA PE=3 SV=1 && PF03352:Methyladenine glycosylase,-,gene-Solyc10g005210.4,,,Ensembl Plants BioMart,63,one_to_one
Solyc02g069670,Solyc02g069670.4,protein_coding,"alpha-glucosidase (AHRD V3.3 *** A0A2I4FA71_9ROSI) && sp|O04893|AGLU_SPIOL Alpha-glucosidase OS=Spinacia oleracea OX=3562 PE=1 SV=1 && PF16863:N-terminal barrel of NtMGAM and CtMGAM, maltase-glucoamylase|PF01055:Glycosyl hydrolases family 31|PF13802:Galactose mutarotase-like",Glyco_hydro_31,gene-Solyc02g069670.4,,,Ensembl Plants BioMart,63,one_to_one
Solyc09g092430,Solyc09g092430.3,protein_coding,Selenium-binding protein (AHRD V3.3 *** A0A200Q5C9_9MAGN) && sp|O23264|SEBP1_ARATH Selenium-binding protein 1 OS=Arabidopsis thaliana OX=3702 GN=SBP1 PE=1 SV=1 && PF05694:56kDa selenium binding protein (SBP56),-,gene-Solyc09g092430.3,,,Ensembl Plants BioMart,63,one_to_one
Solyc03g033730,,,,,,,,Ensembl Plants BioMart,63,not_mapped_in_export
Solyc12g088700,Solyc12g088700.1,protein_coding,Glycosyltransferase (AHRD V3.3 *** A0A2U1PZD4_ARTAN) && sp|Q5H861|GT4A_SOLAA Nuatigenin 3-beta-glucosyltransferase OS=Solanum aculeatissimum OX=267265 GN=GT4A PE=1 SV=1 && PF00201:UDP-glucoronosyl and UDP-glucosyl transferase,UDPGT,gene-Solyc12g088700.1,,,Ensembl Plants BioMart,63,one_to_one
Solyc03g122130,Solyc03g122130.3,protein_coding,Peroxisomal (S)-2-hydroxy-acid oxidase GLO4 (AHRD V3.3 *** A0A2G3D0F6_CAPCH) && sp|Q9LJH5|GLO4_ARATH Peroxisomal (S)-2-hydroxy-acid oxidase GLO4 OS=Arabidopsis thaliana OX=3702 GN=GLO4 PE=2 SV=1 && PF01070:FMN-dependent dehydrogenase,FMN_dh,gene-Solyc03g122130.3,,,Ensembl Plants BioMart,63,one_to_one
Solyc04g072850,Solyc04g072850.5,protein_coding,Beta-D-xylosidase (AHRD V3.11 *** tr_H1AC33_H1AC33_SOLLC) && sp|Q9SGZ5|BXL7_ARATH Probable beta-D-xylosidase 7 OS=Arabidopsis thaliana OX=3702 GN=BXL7 PE=2 SV=2 && PF14310:Fibronectin type III-like domain|PF01915:Glycosyl hydrolase family 3 C-terminal domain|PF00933:Glycosyl hydrolase family 3 N terminal domain,Glyco_hydro_3_C,gene-Solyc04g072850.4,Arf/Xyl4,NM_001279185,Ensembl Plants BioMart,63,one_to_one
Solyc05g056170,Solyc05g056170.3,protein_coding,Phenylalanine ammonia-lyase (AHRD V3.3 *** A0A2G2WVC6_CAPBA) && sp|Q50EX7|PAL1_PETHY Phenylalanine ammonia-lyase 1 OS=Petunia hybrida OX=4102 GN=PAL1 PE=1 SV=1 && PF00221:Aromatic amino acid lyase,-,gene-Solyc05g056170.3,PAL2,NM_001320601,Ensembl Plants BioMart,63,one_to_one
Solyc04g070970,Solyc04g070970.4,protein_coding,ABC transporter G family member 27 (AHRD V3.3 *** A0A2G3CMS7_CAPCH) && sp|Q93YS4|AB22G_ARATH ABC transporter G family member 22 OS=Arabidopsis thaliana OX=3702 GN=ABCG22 PE=1 SV=1 && PF01061:ABC-2 type transporter|PF00005:ABC transporter,ABC2_membrane,gene-Solyc04g070970.4,,,Ensembl Plants BioMart,63,one_to_one
Solyc07g062670,Solyc07g062670.1,protein_coding,Unknown protein && - && -,-,gene-Solyc07g062670.1,,,Ensembl Plants BioMart,63,one_to_one
Solyc07g017950,Solyc07g017950.3,protein_coding,"Ribulose bisphosphate carboxylase small chain (AHRD V3.3 *** A0A1Q3CZK4_CEPFO) && sp|Q02980|RBS_MALSP Ribulose bisphosphate carboxylase small subunit, chloroplastic OS=Malus sp. OX=3751 GN=RBCS PE=2 SV=1 && PF00101:Ribulose bisphosphate carboxylase, small chain",-,gene-Solyc07g017950.3,RBCS,,Ensembl Plants BioMart,63,one_to_one
Solyc06g050870,Solyc06g050870.3,protein_coding,Hypoxia-responsive family protein (AHRD V3.3 *** B6THW4_MAIZE) && - && -,-,gene-Solyc06g050870.3,,,Ensembl Plants BioMart,63,one_to_one
Solyc03g082560,Solyc03g082560.3,protein_coding,"Aldo-keto reductase/ oxidoreductase (AHRD V3.3 *** B6TN73_MAIZE) && sp|Q56Y42|PLR1_ARATH Pyridoxal reductase, chloroplastic OS=Arabidopsis thaliana OX=3702 GN=PLR1 PE=1 SV=1 && PF00248:Aldo/keto reductase family",Aldo_ket_red,gene-Solyc03g082560.3,,,Ensembl Plants BioMart,63,one_to_one
Solyc11g040150,Solyc11g040150.2,protein_coding,Heparan-alpha-glucosaminide N-acetyltransferase-like protein (DUF1624) (AHRD V3.3 *** B3H4C1_ARATH) && sp|Q3UDW8|HGNAT_MOUSE Heparan-alpha-glucosaminide N-acetyltransferase OS=Mus musculus OX=10090 GN=Hgsnat PE=1 SV=2 && PF07786:Protein of unknown function (DUF1624),-,gene-Solyc11g040150.2,,,Ensembl Plants BioMart,63,one_to_one
Solyc01g109180,Solyc01g109180.4,protein_coding,Long chain acyl-CoA synthetase 4 (AHRD V3.3 *** A0A2G2Y3Y7_CAPAN) && sp|M4ISH1|CCL6_HUMLU Probable CoA ligase CCL6 OS=Humulus lupulus OX=3486 GN=CCL6 PE=2 SV=1 && PF00501:AMP-binding enzyme,AMP-binding,gene-Solyc01g109180.4,,,Ensembl Plants BioMart,63,one_to_one
Solyc02g065780,Solyc02g065780.1,protein_coding,Protein RALF-like 27 (AHRD V3.3 *** A0A2G3D352_CAPCH) && - && -,-,gene-Solyc02g065780.1,,,Ensembl Plants BioMart,63,one_to_one
Solyc02g078570,Solyc02g078570.3,protein_coding,Epoxide hydrolase (AHRD V3.3 *** A0A2U1MDJ4_ARTAN) && sp|I6YGS0|EPHA_MYCTU Epoxide hydrolase A OS=Mycobacterium tuberculosis (strain ATCC 25618 / H37Rv) OX=83332 GN=ephA PE=1 SV=1 && PF00561:alpha/beta hydrolase fold,Abhydrolase_1,gene-Solyc02g078570.3,,,Ensembl Plants BioMart,63,one_to_one
Solyc06g083580,Solyc06g083580.4,protein_coding,Pectate lyase (AHRD V3.3 *** A0A2G3CC63_CAPCH) && sp|Q9M8Z8|PLY8_ARATH Probable pectate lyase 8 OS=Arabidopsis thaliana OX=3702 GN=At3g07010 PE=2 SV=1 && PF00544:Pectate lyase,-,gene-Solyc06g083580.4,,NM_001318149,Ensembl Plants BioMart,63,one_to_one
Solyc10g054670,Solyc10g054670.3,protein_coding,Unknown protein && - && -,-,gene-Solyc10g054670.3,,,Ensembl Plants BioMart,63,one_to_one
Solyc12g040640,Solyc12g040640.2,protein_coding,Beta-glucosidase (AHRD V3.3 *** B6TW65_MAIZE) && sp|Q9LV33|BGL44_ARATH Beta-glucosidase 44 OS=Arabidopsis thaliana OX=3702 GN=BGLU44 PE=2 SV=1 && PF00232:Glycosyl hydrolase family 1,Glyco_hydro_1,gene-Solyc12g040640.2,,,Ensembl Plants BioMart,63,one_to_one
Solyc03g120890,Solyc03g120890.3,protein_coding,GATA transcription factor (AHRD V3.3 *** K4BMN8_SOLLC) && sp|P69781|GAT12_ARATH GATA transcription factor 12 OS=Arabidopsis thaliana OX=3702 GN=GATA12 PE=2 SV=1 && PF00320:GATA zinc finger,GATA,gene-Solyc03g120890.3,,,Ensembl Plants BioMart,63,one_to_one
Solyc11g007540,Solyc11g007540.2,protein_coding,Cytochrome P450 (AHRD V3.3 *** A0A346CEB0_TANCI) && sp|P37123|C77A1_SOLME Cytochrome P450 77A1 (Fragment) OS=Solanum melongena OX=4111 GN=CYP77A1 PE=2 SV=1 && PF00067:Cytochrome P450,p450,gene-Solyc11g007540.2,CYP77A20,NM_001323301,Ensembl Plants BioMart,63,one_to_one
Solyc12g055840,Solyc12g055840.2,protein_coding,"Glucan endo-1 && sp|Q8L868|E1311_ARATH Glucan endo-1,3-beta-glucosidase 11 OS=Arabidopsis thaliana OX=3702 GN=At1g32860 PE=2 SV=1 && PF00332:Glycosyl hydrolases family 17",Glyco_hydro_17,gene-Solyc12g055840.2,,,Ensembl Plants BioMart,63,one_to_one
Solyc10g054840,Solyc10g054840.2,protein_coding,X-intrinsic protein 1.1 && sp|Q9ATN0|PIP16_MAIZE Aquaporin PIP1-6 OS=Zea mays OX=4577 GN=PIP1-6 PE=2 SV=1 && PF00230:Major intrinsic protein,-,,,,Ensembl Plants BioMart,63,not_mapped_in_export
Solyc05g055400,Solyc05g055400.5,protein_coding,Cytochrome P450 (AHRD V3.11 *** tr_A0A200Q2G7_A0A200Q2G7_9MAGN) && sp|P37124|C77A2_SOLME Cytochrome P450 77A2 OS=Solanum melongena OX=4111 GN=CYP77A2 PE=2 SV=1 && PF00067:Cytochrome P450,p450,gene-Solyc05g055400.4,CYP77A19,NM_001323299,Ensembl Plants BioMart,63,one_to_one
Solyc11g044910,Solyc11g044910.2,protein_coding,Beta-D-xylosidase 4 (AHRD V3.3 *** A0A2G2VN32_CAPBA) && sp|Q9FGY1|BXL1_ARATH Beta-D-xylosidase 1 OS=Arabidopsis thaliana OX=3702 GN=BXL1 PE=1 SV=1 && PF01915:Glycosyl hydrolase family 3 C-terminal domain|PF00933:Glycosyl hydrolase family 3 N terminal domain|PF14310:Fibronectin type III-like domain,Glyco_hydro_3_C,gene-Solyc11g044910.2,Arf/Xyl1,NM_001279175,Ensembl Plants BioMart,63,one_to_one
Solyc07g054800,Solyc07g054800.1,protein_coding,Wound induced protein (AHRD V3.3 *** Q04129_SOLLC) && - && -,-,gene-Solyc07g054800.1,,,Ensembl Plants BioMart,63,one_to_one
Solyc05g054330,,,,,,,,Ensembl Plants BioMart,63,not_mapped_in_export
Solyc02g067320,Solyc02g067320.3,protein_coding,Zinc-finger homeodomain protein 10 (AHRD V3.3 *** A0A2G3D3J7_CAPCH) && sp|Q9LHF0|ZHD9_ARATH Zinc-finger homeodomain protein 9 OS=Arabidopsis thaliana OX=3702 GN=ZHD9 PE=1 SV=1 && PF04770:ZF-HD protein dimerisation region,ZF-HD_dimer,gene-Solyc02g067320.3,,,Ensembl Plants BioMart,63,one_to_one
Solyc01g099630,,,,,gene-Solyc01g099630.4,XTH1,NM_001246929,Ensembl Plants BioMart,63,one_to_one
Solyc08g075490,Solyc08g075490.5,protein_coding,"9-cis-epoxycarotenoid dioxygenase (AHRD V3.11 *** tr_A0A193PR95_A0A193PR95_9LILI) && sp|O49675|CCD4_ARATH Probable carotenoid cleavage dioxygenase 4, chloroplastic OS=Arabidopsis thaliana OX=3702 GN=CCD4 PE=1 SV=1 && PF03055:Retinal pigment epithelial membrane protein",RPE65,gene-Solyc08g075490.4,,,Ensembl Plants BioMart,63,one_to_one
Solyc03g121720,Solyc03g121720.2,protein_coding,"Glyoxylate reductase 2 (AHRD V3.3 *** A0A1P8AS42_ARATH) && sp|F4I907|GLYR2_ARATH Glyoxylate/succinic semialdehyde reductase 2, chloroplastic OS=Arabidopsis thaliana OX=3702 GN=GLYR2 PE=1 SV=1 && PF14833:NAD-binding of NADP-dependent 3-hydroxyisobutyrate dehydrogenase|PF03446:NAD binding domain of 6-phosphogluconate dehydrogenase",NAD_binding_2,gene-Solyc03g121720.2,,,Ensembl Plants BioMart,63,one_to_one
Solyc03g112130,Solyc03g112130.1,protein_coding,DUF868 domain-containing protein (AHRD V3.3 *** A0A1Q3BAU9_CEPFO) && - && PF05910:Plant protein of unknown function (DUF868),-,gene-Solyc03g112130.1,,,Ensembl Plants BioMart,63,one_to_one
Solyc08g076520,Solyc08g076520.3,protein_coding,ribosome maturation factor (AHRD V3.3 *** AT2G35470.1) && - && -,-,gene-Solyc08g076520.3,,,Ensembl Plants BioMart,63,one_to_one
Solyc01g108880,Solyc01g108880.4,protein_coding,2-oxoglutarate (2OG) and Fe(II)-dependent oxygenase superfamily protein (AHRD V3.3 *** A0A2U1MKU7_ARTAN) && sp|Q9FFF6|JOX2_ARATH Jasmonate-induced oxygenase 2 OS=Arabidopsis thaliana OX=3702 GN=JOX2 PE=1 SV=1 && PF14226:non-haem dioxygenase in morphine synthesis N-terminal|PF03171:2OG-Fe(II) oxygenase superfamily,2OG-FeII_Oxy,gene-Solyc01g108880.4,,,Ensembl Plants BioMart,63,one_to_one
Solyc02g077790,Solyc02g077790.1,protein_coding,Unknown protein && - && -,-,gene-Solyc02g077790.1,,,Ensembl Plants BioMart,63,one_to_one
Solyc05g054090,Solyc05g054090.3,protein_coding,induced stolen tip protein TUB8-like (AHRD V3.3 *** XP_004239829.1) && - && -,-,gene-Solyc05g054090.3,,,Ensembl Plants BioMart,63,one_to_one
Solyc08g066430,Solyc08g066430.1,protein_coding,Polyketide cyclase/dehydrase and lipid transport superfamily protein (AHRD V3.3 *** A0A2U1M5K6_ARTAN) && - && PF10604:Polyketide cyclase / dehydrase and lipid transport,-,gene-Solyc08g066430.1,,,Ensembl Plants BioMart,63,one_to_one
Solyc01g099660,Solyc01g099660.4,protein_coding,Heat shock protein 70 family (AHRD V3.3 *** A0A200QCN5_9MAGN) && sp|Q39043|BIP2_ARATH Heat shock 70 kDa protein BIP2 OS=Arabidopsis thaliana OX=3702 GN=BIP2 PE=1 SV=2 && PF00012:Hsp70 protein,HSP70,gene-Solyc01g099660.4,,,Ensembl Plants BioMart,63,one_to_one
Solyc07g041640,Solyc07g041640.4,protein_coding,Growth-regulating factor 5 (AHRD V3.11 *** tr_A0A2G3BVB3_A0A2G3BVB3_CAPCH) && sp|A2XA73|GRF1_ORYSI Growth-regulating factor 1 OS=Oryza sativa subsp. indica OX=39946 GN=GRF1 PE=2 SV=1 && PF08879:WRC|PF08880:QLQ,-,gene-Solyc07g041640.3,,,Ensembl Plants BioMart,63,one_to_one
Solyc06g009190,Solyc06g009190.5,protein_coding,Pectinesterase (AHRD V3.11 *** tr_A0A2G3C3P4_A0A2G3C3P4_CAPCH) && sp|P85076|PME_ACTDE Pectinesterase OS=Actinidia deliciosa OX=3627 PE=1 SV=1 && PF01095:Pectinesterase|PF04043:Plant invertase/pectin methylesterase inhibitor,-,gene-Solyc06g009190.4,,,Ensembl Plants BioMart,63,one_to_one
Solyc02g077330,Solyc02g077330.3,protein_coding,GDSL esterase/lipase (AHRD V3.3 *** A0A2G3D5Q8_CAPCH) && sp|Q9FJ41|GDL85_ARATH GDSL esterase/lipase At5g45950 OS=Arabidopsis thaliana OX=3702 GN=At5g45950 PE=2 SV=1 && PF00657:GDSL-like Lipase/Acylhydrolase,Lipase_GDSL,gene-Solyc02g077330.3,,NM_001346821,Ensembl Plants BioMart,63,one_to_one
Solyc07g063350,Solyc07g063350.3,protein_coding,COP1-interacting protein 7 (AHRD V3.3 *** CIP7_ARATH) && sp|O80386|CIP7_ARATH COP1-interacting protein 7 OS=Arabidopsis thaliana OX=3702 GN=CIP7 PE=1 SV=1 && -,-,gene-Solyc07g063350.3,,,Ensembl Plants BioMart,63,one_to_one
Solyc07g061970,Solyc07g061970.3,protein_coding,60S ribosomal protein L18a-like protein (AHRD V3.3 *-* A0A2G2WEP8_CAPBA) && sp|Q8L9S1|R18AL_ARATH 60S ribosomal protein L18a-like protein OS=Arabidopsis thaliana OX=3702 GN=At1g29970 PE=2 SV=2 && -,-,gene-Solyc07g061970.3,,,Ensembl Plants BioMart,63,one_to_one
Solyc12g088350,,,,,,,,Ensembl Plants BioMart,63,not_mapped_in_export
Solyc06g084030,Solyc06g084030.3,protein_coding,Methyltransferase type 11 (AHRD V3.3 *** A0A200QEQ4_9MAGN) && sp|Q562C4|MET7B_RAT Methyltransferase-like protein 7B OS=Rattus norvegicus OX=10116 GN=Mettl7b PE=1 SV=1 && PF08241:Methyltransferase domain,Methyltransf_11,gene-Solyc06g084030.3,,,Ensembl Plants BioMart,63,one_to_one
Solyc06g074260,Solyc06g074260.4,protein_coding,senescence regulator (Protein of unknown function%2C DUF584) (AHRD V3.3 *** AT3G15040.1) && - && PF04520:Senescence regulator,-,gene-Solyc06g074260.4,,,Ensembl Plants BioMart,63,one_to_one
Solyc02g092120,Solyc02g092120.3,protein_coding,phytosulfokines-like (AHRD V3.3 *** A0A2I4HMI7_9ROSI) && sp|Q9M2Y0|PSK3_ARATH Phytosulfokines 3 OS=Arabidopsis thaliana OX=3702 GN=PSK3 PE=2 SV=2 && -,-,gene-Solyc02g092120.3,PSK2,NM_001306182,Ensembl Plants BioMart,63,one_to_one
Solyc02g092110,Solyc02g092110.3,protein_coding,Phytosulfokines 3 (AHRD V3.3 *** A0A2I0WHI7_9ASPA) && sp|Q9M2Y0|PSK3_ARATH Phytosulfokines 3 OS=Arabidopsis thaliana OX=3702 GN=PSK3 PE=2 SV=2 && -,-,gene-Solyc02g092110.3,PSK4,,Ensembl Plants BioMart,63,one_to_one
Solyc06g035580,Solyc06g035580.3,protein_coding,Glucose-methanol-choline (GMC) oxidoreductase family protein (AHRD V3.3 *** A0A1P8BHC1_ARATH) && sp|Q9S746|HTH_ARATH Protein HOTHEAD OS=Arabidopsis thaliana OX=3702 GN=HTH PE=1 SV=1 && PF05199:GMC oxidoreductase|PF00732:GMC oxidoreductase,-,gene-Solyc06g035580.3,,NM_001317332,Ensembl Plants BioMart,63,one_to_one
Solyc05g011960,Solyc05g011960.4,protein_coding,DnaJ domain-containing protein (AHRD V3.3 *-* A0A1Q3CHH1_CEPFO) && - && -,-,gene-Solyc05g011960.4,,,Ensembl Plants BioMart,63,one_to_one
Solyc03g118060,Solyc03g118060.3,protein_coding,NFU1 iron-sulfur cluster protein (AHRD V3.3 *** AT5G07330.1) && - && -,-,gene-Solyc03g118060.3,,,Ensembl Plants BioMart,63,one_to_one
Solyc05g011970,Solyc05g011970.3,protein_coding,Cytochrome (AHRD V3.3 *** A0A1U8EZV2_CAPAN) && sp|H2DH17|C7A22_PANGI Cytochrome P450 CYP749A22 OS=Panax ginseng OX=4054 PE=2 SV=1 && PF00067:Cytochrome P450,p450,gene-Solyc05g011970.3,,,Ensembl Plants BioMart,63,one_to_one
Solyc06g051800,Solyc06g051800.3,protein_coding,expansin  1 && sp|Q852A1|EXPA7_ORYSJ Expansin-A7 OS=Oryza sativa subsp. japonica OX=39947 GN=EXPA7 PE=2 SV=1 && PF01357:Pollen allergen|PF03330:Lytic transglycolase,-,gene-Solyc06g051800.3,EXP1,,Ensembl Plants BioMart,63,one_to_one
Solyc06g074000,Solyc06g074000.1,protein_coding,Eukaryotic aspartyl protease family protein && sp|Q766C2|NEP2_NEPGR Aspartic proteinase nepenthesin-2 OS=Nepenthes gracilis OX=150966 GN=nep2 PE=1 SV=1 && PF14543:Xylanase inhibitor N-terminal|PF14541:Xylanase inhibitor C-terminal,-,gene-Solyc06g074000.1,,,Ensembl Plants BioMart,63,one_to_one
Solyc09g075140,Solyc09g075140.3,protein_coding,"Alpha/beta-Hydrolases superfamily protein (AHRD V3.3 *** A0A2U1LF81_ARTAN) && sp|Q9C942|CSE_ARATH Caffeoylshikimate esterase OS=Arabidopsis thaliana OX=3702 GN=CSE PE=1 SV=1 && PF12146:Serine aminopeptidase, S33",-,gene-Solyc09g075140.3,,,Ensembl Plants BioMart,63,one_to_one
Solyc03g118100,Solyc03g118100.4,protein_coding,NAD(P)-binding Rossmann-fold superfamily protein (AHRD V3.3 *** A0A2U1N555_ARTAN) && sp|Q8K354|CBR3_MOUSE Carbonyl reductase [NADPH] 3 OS=Mus musculus OX=10090 GN=Cbr3 PE=1 SV=1 && PF00106:short chain dehydrogenase,adh_short,gene-Solyc03g118100.4,,,Ensembl Plants BioMart,63,one_to_one
Solyc06g072700,Solyc06g072700.3,protein_coding,Heavy metal-associated isoprenylated plant protein (AHRD V3.3 *-* A0A2R6PUZ2_ACTCH) && sp|Q9C5D3|HIP7_ARATH Heavy metal-associated isoprenylated plant protein 7 OS=Arabidopsis thaliana OX=3702 GN=HIPP07 PE=1 SV=1 && PF00403:Heavy-metal-associated domain,HMA,gene-Solyc06g072700.3,,,Ensembl Plants BioMart,63,one_to_one
Solyc08g006310,Solyc08g006310.3,protein_coding,Cellulose synthase-like C4 && sp|Q9SB75|CSLC5_ARATH Probable xyloglucan glycosyltransferase 5 OS=Arabidopsis thaliana OX=3702 GN=CSLC5 PE=1 SV=1 && PF13632:Glycosyl transferase family group 2,-,gene-Solyc08g006310.3,,,Ensembl Plants BioMart,63,one_to_one
Solyc06g064900,Solyc06g064900.3,protein_coding,Unknown protein && - && -,-,gene-Solyc06g064900.3,,,Ensembl Plants BioMart,63,one_to_one
Solyc09g065670,Solyc09g065670.3,protein_coding,Protein indeterminate-domain 12 (AHRD V3.3 *** A0A2G2X5Z0_CAPBA) && sp|O22759|IDD12_ARATH Protein indeterminate-domain 12 OS=Arabidopsis thaliana OX=3702 GN=IDD12 PE=2 SV=2 && -,-,gene-Solyc09g065670.3,,,Ensembl Plants BioMart,63,one_to_one
Solyc05g015360,,,,,gene-Solyc05g015360.2,,,Ensembl Plants BioMart,63,one_to_one
Solyc06g072650,Solyc06g072650.1,protein_coding,Small auxin up-regulated RNA61 && - && PF02519:Auxin responsive protein,Auxin_inducible,gene-Solyc06g072650.1,,,Ensembl Plants BioMart,63,one_to_one
Solyc02g021680,Solyc02g021680.3,protein_coding,WRKY transcription factor 35 && sp|Q9SA80|WRK14_ARATH Probable WRKY transcription factor 14 OS=Arabidopsis thaliana OX=3702 GN=WRKY14 PE=2 SV=2 && PF03106:WRKY DNA -binding domain,WRKY,gene-Solyc02g021680.3,WRKY35,,Ensembl Plants BioMart,63,one_to_one
Solyc10g018780,Solyc10g018780.3,protein_coding,Squamosa promoter binding protein 8a && sp|Q8GXL3|SPL8_ARATH Squamosa promoter-binding-like protein 8 OS=Arabidopsis thaliana OX=3702 GN=SPL8 PE=1 SV=2 && PF03110:SBP domain,SBP,gene-Solyc10g018780.3,,,Ensembl Plants BioMart,63,one_to_one
Solyc10g011950,Solyc10g011950.4,protein_coding,chromodomain-helicase-DNA-binding protein 5-like (AHRD V3.11 *-* XP_010326988.1) && - && -,-,gene-Solyc10g011950.3,,,Ensembl Plants BioMart,63,one_to_one
Solyc09g007940,Solyc09g007940.3,protein_coding,Adenosine kinase (AHRD V3.3 *** A0A2G2VXW7_CAPBA) && sp|Q9LZG0|ADK2_ARATH Adenosine kinase 2 OS=Arabidopsis thaliana OX=3702 GN=ADK2 PE=1 SV=1 && PF00294:pfkB family carbohydrate kinase,PfkB,gene-Solyc09g007940.3,,,Ensembl Plants BioMart,63,one_to_one
Solyc02g078040,Solyc02g078040.3,protein_coding,Pistil-specific extensin-like protein (AHRD V3.3 *-* A0A2G3A881_CAPAN) && sp|P93013|AGP30_ARATH Non-classical arabinogalactan protein 30 OS=Arabidopsis thaliana OX=3702 GN=AGP30 PE=2 SV=1 && PF01190:Pollen proteins Ole e I like,-,gene-Solyc02g078040.3,,,Ensembl Plants BioMart,63,one_to_one
Solyc11g011210,Solyc11g011210.2,protein_coding,Gibberellin-regulated protein 12 (AHRD V3.3 *** A0A1U8GMV5_CAPAN) && sp|P47926|RSI1_SOLLC Protein RSI-1 OS=Solanum lycopersicum OX=4081 GN=RSI-1 PE=2 SV=1 && PF02704:Gibberellin regulated protein,-,gene-Solyc11g011210.2,RSI-1,,Ensembl Plants BioMart,63,one_to_one
Solyc06g053950,,,,,gene-Solyc06g053950.3,,,Ensembl Plants BioMart,63,one_to_one
Solyc01g096740,Solyc01g096740.4,protein_coding,Protein ZINC INDUCED FACILITATOR-LIKE 1 (AHRD V3.3 *** A0A1J3IH30_NOCCA) && sp|Q94BZ1|ZIFL1_ARATH Protein ZINC INDUCED FACILITATOR-LIKE 1 OS=Arabidopsis thaliana OX=3702 GN=ZIFL1 PE=2 SV=1 && PF07690:Major Facilitator Superfamily,MFS_1,gene-Solyc01g096740.4,,,Ensembl Plants BioMart,63,one_to_one
Solyc04g076220,Solyc04g076220.3,protein_coding,AT-hook motif nuclear-localized protein (AHRD V3.3 *** A0A1U8GD78_CAPAN) && sp|Q9LTA2|AHL17_ARATH AT-hook motif nuclear-localized protein 17 OS=Arabidopsis thaliana OX=3702 GN=AHL17 PE=2 SV=1 && PF03479:Plants and Prokaryotes Conserved (PCC) domain,-,gene-Solyc04g076220.3,,,Ensembl Plants BioMart,63,one_to_one
Solyc10g085830,Solyc10g085830.2,protein_coding,O-methyltransferase && sp|I1M2U5|NAMT1_SOYBN Nicotinate N-methyltransferase 1 OS=Glycine max OX=3847 GN=NANMT1 PE=1 SV=1 && PF00891:O-methyltransferase domain,-,gene-Solyc10g085830.2,,,Ensembl Plants BioMart,63,one_to_one
Solyc08g069010,Solyc08g069010.4,protein_coding,Pentatricopeptide repeat-containing protein (AHRD V3.3 *** A0A2G3DE83_CAPCH) && sp|Q8VYD6|PP374_ARATH Pentatricopeptide repeat-containing protein At5g10690 OS=Arabidopsis thaliana OX=3702 GN=CBSPPR1 PE=2 SV=1 && PF13041:PPR repeat family,-,gene-Solyc08g069010.4,,,Ensembl Plants BioMart,63,one_to_one
Solyc11g012860,Solyc11g012860.3,protein_coding,"coiled-coil protein && sp|Q8LLE5|FPP_SOLLC Filament-like plant protein (Fragment) OS=Solanum lycopersicum OX=4081 GN=FPP PE=1 SV=1 && PF05911:Filament-like plant protein, long coiled-coil",-,gene-Solyc11g012860.3,,,Ensembl Plants BioMart,63,one_to_one
Solyc10g081010,Solyc10g081010.3,protein_coding,Hydroxyproline-rich glycoprotein family protein (AHRD V3.3 *** Q0WVC6_ARATH) && - && -,-,gene-Solyc10g081010.3,,,Ensembl Plants BioMart,63,one_to_one
Solyc02g070890,Solyc02g070890.3,protein_coding,Flagellin Sensing 2 && sp|Q9FL28|FLS2_ARATH LRR receptor-like serine/threonine-protein kinase FLS2 OS=Arabidopsis thaliana OX=3702 GN=FLS2 PE=1 SV=1 && PF13855:Leucine rich repeat|PF08263:Leucine rich repeat N-terminal domain|PF00069:Protein kinase domain,Pkinase,gene-Solyc02g070890.3,,,Ensembl Plants BioMart,63,one_to_one
Solyc12g014570,Solyc12g014570.2,protein_coding,Glycerophosphodiester phosphodiesterase GDPDL4 (AHRD V3.3 *** A0A2G2Z5P4_CAPAN) && sp|Q9FJ62|GPDL4_ARATH Glycerophosphodiester phosphodiesterase GDPDL4 OS=Arabidopsis thaliana OX=3702 GN=GDPDL4 PE=1 SV=1 && PF03009:Glycerophosphoryl diester phosphodiesterase family,-,gene-Solyc12g014570.2,,,Ensembl Plants BioMart,63,one_to_one
Solyc08g014130,Solyc08g014130.3,protein_coding,Isopropylmalate synthase (AHRD V3.3 *** K4CJ46_SOLLC) && sp|O04973|LEU1A_SOLPN 2-isopropylmalate synthase A OS=Solanum pennellii OX=28526 GN=IPMSA PE=2 SV=1 && PF08502:LeuA allosteric (dimerisation) domain|PF00682:HMGL-like,HMGL-like,gene-Solyc08g014130.3,IPMS2,NM_001329450,Ensembl Plants BioMart,63,one_to_one
Solyc01g109790,Solyc01g109790.3,protein_coding,ADP-glucose pyrophosphorylase large subunit 1 && sp|Q00081|GLGL1_SOLTU Glucose-1-phosphate adenylyltransferase large subunit 1 (Fragment) OS=Solanum tuberosum OX=4113 GN=AGPS1 PE=1 SV=1 && PF00483:Nucleotidyl transferase,-,gene-Solyc01g109790.3,AgpL1,NM_001246989,Ensembl Plants BioMart,63,one_to_one
Solyc01g108400,Solyc01g108400.3,protein_coding,CDPK-related protein kinase (AHRD V3.3 *** A0A2G3AU42_CAPCH) && sp|Q9SCS2|CAMK5_ARATH CDPK-related kinase 5 OS=Arabidopsis thaliana OX=3702 GN=CRK5 PE=2 SV=1 && PF00069:Protein kinase domain,Pkinase,gene-Solyc01g108400.3,,,Ensembl Plants BioMart,63,one_to_one
Solyc06g061170,Solyc06g061170.3,protein_coding,Mitochondrial carnitine/acylcarnitine carrier-like protein (AHRD V3.3 *** A0A2G2ZAG7_CAPAN) && sp|Q93XM7|MCAT_ARATH Mitochondrial carnitine/acylcarnitine carrier-like protein OS=Arabidopsis thaliana OX=3702 GN=BOU PE=1 SV=1 && PF00153:Mitochondrial carrier protein,Mito_carr,gene-Solyc06g061170.3,,,Ensembl Plants BioMart,63,one_to_one
Solyc09g015000,Solyc09g015000.4,protein_coding,Class I heat shock protein (AHRD V3.3 *** A0A2K3KSJ8_TRIPR) && sp|P27880|HSP12_MEDSA 18.2 kDa class I heat shock protein OS=Medicago sativa OX=3879 GN=HSP18.2 PE=2 SV=1 && PF00011:Hsp20/alpha crystallin family,-,gene-Solyc09g015000.4,,,Ensembl Plants BioMart,63,one_to_one
Solyc04g082120,Solyc04g082120.3,protein_coding,"Prolyl oligopeptidase (AHRD V3.3 *** H2D7F1_COFAR) && sp|Q9QUR6|PPCE_MOUSE Prolyl endopeptidase OS=Mus musculus OX=10090 GN=Prep PE=1 SV=1 && PF02897:Prolyl oligopeptidase, N-terminal beta-propeller domain|PF00326:Prolyl oligopeptidase family",-,gene-Solyc04g082120.3,,,Ensembl Plants BioMart,63,one_to_one
Solyc08g007890,Solyc08g007890.3,protein_coding,"Aldehyde dehydrogenase family 2 member mitochondrial-like (AHRD V3.3 *-* A0A2K3PGY0_TRIPR) && sp|Q8S528|AL2B7_ARATH Aldehyde dehydrogenase family 2 member B7, mitochondrial OS=Arabidopsis thaliana OX=3702 GN=ALDH2B7 PE=1 SV=2 && -",-,gene-Solyc08g007890.3,,,Ensembl Plants BioMart,63,one_to_one
Solyc06g068900,Solyc06g068900.4,protein_coding,"Nudix hydrolase 17 && sp|Q9ZU95|NUD17_ARATH Nudix hydrolase 17, mitochondrial OS=Arabidopsis thaliana OX=3702 GN=NUDT17 PE=2 SV=1 && PF00293:NUDIX domain",NUDIX,gene-Solyc06g068900.4,,,Ensembl Plants BioMart,63,one_to_one
Solyc11g006020,Solyc11g006020.2,protein_coding,"NADH dehydrogenase-like complex O (AHRD V3.3 *-* A0A0F7GY98_9ASPA) && sp|Q9S829|NDHO_ARATH NAD(P)H-quinone oxidoreductase subunit O, chloroplastic OS=Arabidopsis thaliana OX=3702 GN=ndhO PE=2 SV=1 && PF11910:Cyanobacterial and plant NDH-1 subunit O",-,gene-Solyc11g006020.2,,,Ensembl Plants BioMart,63,one_to_one
Solyc02g070020,Solyc02g070020.1,protein_coding,UDP-Glycosyltransferase superfamily protein (AHRD V3.3 *** A0A2U1N3R1_ARTAN) && sp|Q9LTA3|U91C1_ARATH UDP-glycosyltransferase 91C1 OS=Arabidopsis thaliana OX=3702 GN=UGT91C1 PE=1 SV=1 && PF00201:UDP-glucoronosyl and UDP-glucosyl transferase,UDPGT,gene-Solyc02g070020.1,,,Ensembl Plants BioMart,63,one_to_one
Solyc06g051150,Solyc06g051150.1,protein_coding,Pentatricopeptide repeat-containing protein (AHRD V3.3 *-* A0A2U1NNB9_ARTAN) && sp|Q9C7V5|PP104_ARATH Putative pentatricopeptide repeat-containing protein At1g64310 OS=Arabidopsis thaliana OX=3702 GN=PCMP-E65 PE=3 SV=1 && PF13041:PPR repeat family,-,gene-Solyc06g051150.1,,,Ensembl Plants BioMart,63,one_to_one
Solyc03g120290,Solyc03g120290.3,protein_coding,To encode a PR protein && - && -,-,gene-Solyc03g120290.3,,,Ensembl Plants BioMart,63,one_to_one
Solyc12g011450,Solyc12g011450.2,protein_coding,"Chlorophyll a-b binding protein && sp|P27489|CB23_SOLLC Chlorophyll a-b binding protein 13, chloroplastic OS=Solanum lycopersicum OX=4081 GN=CAB13 PE=1 SV=1 && PF00504:Chlorophyll A-B binding protein",-,gene-Solyc12g011450.2,CAB13,,Ensembl Plants BioMart,63,one_to_one
Solyc01g109500,Solyc01g109500.4,protein_coding,BURP domain-containing protein (AHRD V3.3 *-* A0A1Q3C0F5_CEPFO) && sp|Q9XI99|USPL1_ARATH BURP domain protein USPL1 OS=Arabidopsis thaliana OX=3702 GN=USPL1 PE=2 SV=1 && PF03181:BURP domain,-,gene-Solyc01g109500.4,,,Ensembl Plants BioMart,63,one_to_one
Solyc04g071590,Solyc04g071590.3,protein_coding,Abscisic acid stress ripening 3 && sp|P37220|ASR3_SOLLC Abscisic stress-ripening protein 3 OS=Solanum lycopersicum OX=4081 GN=ASR3 PE=3 SV=2 && PF02496:ABA/WDS induced protein,-,gene-Solyc04g071590.3,ASR3,,Ensembl Plants BioMart,63,one_to_one
Solyc03g026210,Solyc03g026210.4,protein_coding,"Dihydrodipicolinate reductase-like protein (AHRD V3.3 *** A0A0F7GZT6_9ROSI) && sp|Q9FJ82|DAPB3_ARATH Dihydrodipicolinate reductase-like protein CRR1, chloroplastic OS=Arabidopsis thaliana OX=3702 GN=DAPB3 PE=2 SV=1 && PF05173:Dihydrodipicolinate reductase, C-terminus|PF01113:Dihydrodipicolinate reductase, N-terminus",DapB_N,gene-Solyc03g026210.4,,,Ensembl Plants BioMart,63,one_to_one
Solyc03g117630,Solyc03g117630.1,protein_coding,Heat shock 70 kDa protein (AHRD V3.3 *** A0A1U8FVW2_CAPAN) && sp|P09189|HSP7C_PETHY Heat shock cognate 70 kDa protein OS=Petunia hybrida OX=4102 GN=HSP70 PE=2 SV=1 && PF00012:Hsp70 protein,HSP70,gene-Solyc03g117630.1,,,Ensembl Plants BioMart,63,one_to_one
Solyc04g012060,Solyc04g012060.3,protein_coding,"Ribonucleoside-diphosphate reductase (AHRD V3.3 *** A0A1U8FDK5_CAPAN) && sp|Q9SJ20|RIR1_ARATH Ribonucleoside-diphosphate reductase large subunit OS=Arabidopsis thaliana OX=3702 GN=RNR1 PE=1 SV=1 && PF03477:ATP cone domain|PF00317:Ribonucleotide reductase, all-alpha domain|PF02867:Ribonucleotide reductase, barrel domain",Ribonuc_red_lgC,gene-Solyc04g012060.3,,,Ensembl Plants BioMart,63,one_to_one
Solyc02g014430,Solyc02g014430.3,protein_coding,Equilibrative nucleotide transporter like (AHRD V3.3 *** A0A2R6QTM2_ACTCH) && sp|Q9M0Y3|ENT3_ARATH Equilibrative nucleotide transporter 3 OS=Arabidopsis thaliana OX=3702 GN=ENT3 PE=1 SV=1 && PF01733:Nucleoside transporter,-,gene-Solyc02g014430.3,,,Ensembl Plants BioMart,63,one_to_one
Solyc02g088500,Solyc02g088500.1,protein_coding,Glycosyltransferase (AHRD V3.3 *** A0A2I4FYE0_9ROSI) && sp|A0A0M4KE44|CGT_MANIN UDP-glycosyltransferase 13 OS=Mangifera indica OX=29780 GN=CGT PE=1 SV=1 && PF00201:UDP-glucoronosyl and UDP-glucosyl transferase,UDPGT,gene-Solyc02g088500.1,,,Ensembl Plants BioMart,63,one_to_one
Solyc07g056540,Solyc07g056540.3,protein_coding,glycolate oxidase X92888 && sp|Q9LRR9|GLO1_ARATH (S)-2-hydroxy-acid oxidase GLO1 OS=Arabidopsis thaliana OX=3702 GN=GLO1 PE=1 SV=1 && PF01070:FMN-dependent dehydrogenase,FMN_dh,gene-Solyc07g056540.3,,,Ensembl Plants BioMart,63,one_to_one
Solyc05g041430,Solyc05g041430.3,protein_coding,PTB domain engulfment adapter (AHRD V3.3 *** A0A1P8B0D8_ARATH) && - && -,-,gene-Solyc05g041430.3,,,Ensembl Plants BioMart,63,one_to_one
Solyc07g008430,Solyc07g008430.2,protein_coding,methionyl-tRNA synthetase (AHRD V3.3 *** AT5G10695.1) && - && -,-,gene-Solyc07g008430.2,,,Ensembl Plants BioMart,63,one_to_one
Solyc03g123830,Solyc03g123830.5,protein_coding,"D-3-phosphoglycerate dehydrogenase (AHRD V3.11 *** tr_A0A1U8G334_A0A1U8G334_CAPAN) && sp|O04130|SERA2_ARATH D-3-phosphoglycerate dehydrogenase 2, chloroplastic OS=Arabidopsis thaliana OX=3702 GN=PGDH2 PE=1 SV=2 && PF01842:ACT domain|PF00389:D-isomer specific 2-hydroxyacid dehydrogenase, catalytic domain|PF02826:D-isomer specific 2-hydroxyacid dehydrogenase, NAD binding domain",2-Hacid_dh_C,gene-Solyc03g123830.4,,NM_001348361,Ensembl Plants BioMart,63,one_to_one
Solyc11g008720,Solyc11g008720.3,protein_coding,Beta-glucosidase (AHRD V3.3 *** A0A2G2VEH4_CAPBA) && sp|Q9FIW4|BGL42_ARATH Beta-glucosidase 42 OS=Arabidopsis thaliana OX=3702 GN=BGLU42 PE=2 SV=1 && PF00232:Glycosyl hydrolase family 1,Glyco_hydro_1,gene-Solyc11g008720.3,,,Ensembl Plants BioMart,63,one_to_one
Solyc02g070800,Solyc02g070800.2,protein_coding,DUF561 domain-containing protein (AHRD V3.3 *** A0A1Q3DH97_CEPFO) && sp|Q1XDB4|YCF23_PYRYE Uncharacterized protein ycf23 OS=Pyropia yezoensis OX=2788 GN=ycf23 PE=3 SV=1 && PF04481:Protein of unknown function (DUF561),-,gene-Solyc02g070800.2,,,Ensembl Plants BioMart,63,one_to_one
Solyc05g007770,Solyc05g007770.3,protein_coding,NAC domain TF && sp|K4BWV2|NAP1_SOLLC NAC domain-containing protein 1 OS=Solanum lycopersicum OX=4081 GN=NAP1 PE=2 SV=1 && PF02365:No apical meristem (NAM) protein,NAM,gene-Solyc05g007770.3,NAP1,NM_001329523,Ensembl Plants BioMart,63,one_to_one
Solyc09g005560,Solyc09g005560.4,protein_coding,Trihelix transcription factor GT-3b (AHRD V3.3 *-* A0A1U8EDU3_CAPAN) && sp|Q9SDW0|TGT3A_ARATH Trihelix transcription factor GT-3a OS=Arabidopsis thaliana OX=3702 GN=GT-3A PE=1 SV=1 && PF13837:Myb/SANT-like DNA-binding domain,-,gene-Solyc09g005560.4,,,Ensembl Plants BioMart,63,one_to_one
Solyc11g071980,,,,,,,,Ensembl Plants BioMart,63,not_mapped_in_export
Solyc06g006090,Solyc06g006090.1,protein_coding,josephin protein-like protein (AHRD V3.3 *-* AT1G07300.2) && - && -,-,gene-Solyc06g006090.1,,,Ensembl Plants BioMart,63,one_to_one
Solyc06g005300,Solyc06g005300.5,protein_coding,UPA23 (AHRD V3.11 *** tr_C8YZB5_C8YZB5_CAPAN) && - && PF07795:Protein of unknown function (DUF1635),-,gene-Solyc06g005300.4,,,Ensembl Plants BioMart,63,one_to_one
Solyc02g084600,Solyc02g084600.4,protein_coding,Leucine-rich repeat receptor-like protein kinase family protein (AHRD V3.3 *-* A0A061DFG6_THECC) && - && -,-,gene-Solyc02g084600.4,,,Ensembl Plants BioMart,63,one_to_one
Solyc08g005610,Solyc08g005610.3,protein_coding,Cytochrome P450 (AHRD V3.3 *** A0A200R6R4_9MAGN) && sp|K4CI52|ABAH2_SOLLC Abscisic acid 8'-hydroxylase CYP707A2 OS=Solanum lycopersicum OX=4081 GN=CYP707A2 PE=2 SV=1 && PF00067:Cytochrome P450,p450,gene-Solyc08g005610.3,CYP707A2,NM_001375915,Ensembl Plants BioMart,63,one_to_one
Solyc03g114360,Solyc03g114360.4,protein_coding,Poly [ADP-ribose] polymerase (AHRD V3.3 *** A0A2I4EPD4_9ROSI) && sp|Q9FJJ3|SRO5_ARATH Probable inactive poly [ADP-ribose] polymerase SRO5 OS=Arabidopsis thaliana OX=3702 GN=SRO5 PE=1 SV=1 && PF12174:RCD1-SRO-TAF4 (RST) plant domain,-,gene-Solyc03g114360.4,,,Ensembl Plants BioMart,63,one_to_one
Solyc08g082250,Solyc08g082250.3,protein_coding,endo-beta-1 && sp|Q42059|GUN6_ARATH Endoglucanase 6 OS=Arabidopsis thaliana OX=3702 GN=At1g64390 PE=2 SV=2 && PF09478:Carbohydrate binding domain CBM49|PF00759:Glycosyl hydrolase family 9,-,gene-Solyc08g082250.3,Cel8,NM_001247243,Ensembl Plants BioMart,63,one_to_one
Solyc04g081300,Solyc04g081300.4,protein_coding,Endoglucanase (AHRD V3.3 *** A0A2G3CQE2_CAPCH) && sp|Q9FXI9|GUN2_ARATH Endoglucanase 2 OS=Arabidopsis thaliana OX=3702 GN=At1g19940 PE=2 SV=1 && PF00759:Glycosyl hydrolase family 9,-,gene-Solyc04g081300.4,,,Ensembl Plants BioMart,63,one_to_one
Solyc12g098340,Solyc12g098340.2,protein_coding,Pectinesterase (AHRD V3.3 *** A0A2G2VIL1_CAPBA) && sp|Q4PSN0|PME29_ARATH Probable pectinesterase 29 OS=Arabidopsis thaliana OX=3702 GN=PME29 PE=2 SV=1 && PF01095:Pectinesterase,-,gene-Solyc12g098340.2,,,Ensembl Plants BioMart,63,one_to_one
Solyc12g006520,Solyc12g006520.3,protein_coding,Terpene cyclase/mutase family member (AHRD V3.11 *** tr_A0A2G3BN05_A0A2G3BN05_CAPCH) && sp|E7DN64|DAMS_SOLLC Delta-amyrin synthase OS=Solanum lycopersicum OX=4081 GN=TTS2 PE=1 SV=1 && PF13243:Squalene-hopene cyclase C-terminal domain|PF13249:Squalene-hopene cyclase N-terminal domain,-,gene-Solyc12g006520.2,,,Ensembl Plants BioMart,63,one_to_one
Solyc12g009800,Solyc12g009800.3,protein_coding,"Purple acid phosphatase (AHRD V3.3 *** M1AD80_SOLTU) && sp|Q949Y3|PPA26_ARATH Bifunctional purple acid phosphatase 26 OS=Arabidopsis thaliana OX=3702 GN=PAP26 PE=1 SV=1 && PF00149:Calcineurin-like phosphoesterase|PF16656:Purple acid Phosphatase, N-terminal domain|PF14008:Iron/zinc purple acid phosphatase-like protein C",Metallophos,gene-Solyc12g009800.3,,,Ensembl Plants BioMart,63,one_to_one
Solyc12g006530,Solyc12g006530.2,protein_coding,Terpene cyclase/mutase family member (AHRD V3.3 *** A0A2G3BN05_CAPCH) && sp|E7DN63|BAMS_SOLLC Beta-amyrin synthase OS=Solanum lycopersicum OX=4081 GN=TTS1 PE=1 SV=1 && PF13243:Squalene-hopene cyclase C-terminal domain|PF13249:Squalene-hopene cyclase N-terminal domain,-,gene-Solyc12g006530.2,lTTS1,NM_001247675,Ensembl Plants BioMart,63,one_to_one
Solyc12g049520,Solyc12g049520.2,protein_coding,COP1-interacting protein-like protein (AHRD V3.3 *-* F4IDB4_ARATH) && sp|O80386|CIP7_ARATH COP1-interacting protein 7 OS=Arabidopsis thaliana OX=3702 GN=CIP7 PE=1 SV=1 && -,-,gene-Solyc12g049520.2,,,Ensembl Plants BioMart,63,one_to_one
Solyc11g056680,Solyc11g056680.1,protein_coding,Leucine-rich repeat receptor-like protein (AHRD V3.3 *** H6V788_MALDO) && sp|Q00874|DR100_ARATH DNA damage-repair/toleration protein DRT100 OS=Arabidopsis thaliana OX=3702 GN=DRT100 PE=2 SV=2 && PF13855:Leucine rich repeat|PF08263:Leucine rich repeat N-terminal domain,LRRNT_2,gene-Solyc11g056680.1,,,Ensembl Plants BioMart,63,one_to_one
Solyc10g080210,Solyc10g080210.2,protein_coding,polygalacturonase && sp|P05117|PGLR_SOLLC Polygalacturonase-2 OS=Solanum lycopersicum OX=4081 GN=PG2 PE=1 SV=1 && PF00295:Glycosyl hydrolases family 28,-,gene-Solyc10g080210.2,PG2,NM_001247092,Ensembl Plants BioMart,63,one_to_one
Solyc03g078150,Solyc03g078150.3,protein_coding,Amino acid transporter family protein (AHRD V3.3 *** S8E0T7_9LAMI) && sp|O80668|AVT1A_ARATH Amino acid transporter AVT1A OS=Arabidopsis thaliana OX=3702 GN=AVT1A PE=2 SV=2 && PF01490:Transmembrane amino acid transporter protein,Aa_trans,gene-Solyc03g078150.3,,,Ensembl Plants BioMart,63,one_to_one
Solyc02g085380,Solyc02g085380.3,protein_coding,Protein LIKE COV 2 (AHRD V3.3 *** A0A2G2ZPX7_CAPAN) && sp|F4IQJ6|LCV3_ARATH Protein LIKE COV 3 OS=Arabidopsis thaliana OX=3702 GN=LCV3 PE=2 SV=1 && PF04367:Protein of unknown function (DUF502),-,gene-Solyc02g085380.3,,,Ensembl Plants BioMart,63,one_to_one
Solyc02g085950,Solyc02g085950.5,protein_coding,"Ribulose bisphosphate carboxylase small chain (AHRD V3.11 *** tr_A0A2G2XBI7_A0A2G2XBI7_CAPBA) && sp|P05349|RBS4_SOLLC Ribulose bisphosphate carboxylase small subunit, chloroplastic 4 OS=Solanum lycopersicum OX=4081 GN=RBCS4 PE=3 SV=1 && PF00101:Ribulose bisphosphate carboxylase, small chain|PF12338:Ribulose-1,5-bisphosphate carboxylase small subunit",-,gene-Solyc02g085950.4,RBCS4,NM_001309210,Ensembl Plants BioMart,63,one_to_one
Solyc03g115000,Solyc03g115000.3,protein_coding,protein LONGIFOLIA 1-like (AHRD V3.3 *** A0A2I4EZQ4_9ROSI) && sp|Q9S823|LNG2_ARATH Protein LONGIFOLIA 2 OS=Arabidopsis thaliana OX=3702 GN=LNG2 PE=1 SV=1 && PF14383:DUF761-associated sequence motif|PF14309:Domain of unknown function (DUF4378),-,gene-Solyc03g115000.3,TRM3/4,,Ensembl Plants BioMart,63,one_to_one
Solyc05g007120,Solyc05g007120.4,protein_coding,Leucine-rich repeat protein kinase family protein (AHRD V3.3 *** A0A2U1LJE3_ARTAN) && sp|Q9M9S4|Y1143_ARATH Probable LRR receptor-like serine/threonine-protein kinase At1g14390 OS=Arabidopsis thaliana OX=3702 GN=At1g14390 PE=1 SV=1 && PF00069:Protein kinase domain|PF13855:Leucine rich repeat,Pkinase,gene-Solyc05g007120.4,,,Ensembl Plants BioMart,63,one_to_one
Solyc07g043500,Solyc07g043500.1,protein_coding,"Glycosyltransferase (AHRD V3.3 *** C5NN15_CATRO) && sp|F8WKW8|UGT9_GARJA Beta-D-glucosyl crocetin beta-1,6-glucosyltransferase OS=Gardenia jasminoides OX=114476 GN=UGT94E5 PE=1 SV=1 && PF00201:UDP-glucoronosyl and UDP-glucosyl transferase",UDPGT,gene-Solyc07g043500.1,,,Ensembl Plants BioMart,63,one_to_one
Solyc07g017600,Solyc07g017600.3,protein_coding,Pectinesterase (AHRD V3.3 *** A0A1U8F5L9_CAPAN) && sp|Q43062|PME_PRUPE Pectinesterase/pectinesterase inhibitor PPE8B OS=Prunus persica OX=3760 PE=2 SV=1 && PF01095:Pectinesterase|PF04043:Plant invertase/pectin methylesterase inhibitor,-,gene-Solyc07g017600.3,,,Ensembl Plants BioMart,63,one_to_one
Solyc11g042940,,,,,,,,Ensembl Plants BioMart,63,not_mapped_in_export
Solyc09g089750,Solyc09g089750.1,protein_coding,1-aminocyclopropane-1-carboxylate oxidase-like protein 1 (AHRD V3.3 *-* A0A2G2W184_CAPBA) && sp|P10967|ACCH3_SOLLC 1-aminocyclopropane-1-carboxylate oxidase homolog OS=Solanum lycopersicum OX=4081 GN=ACO3 PE=2 SV=1 && -,-,gene-Solyc09g089750.1,,,Ensembl Plants BioMart,63,one_to_one
Solyc06g048440,Solyc06g048440.3,protein_coding,DNA-directed RNA polymerase subunit beta'' (AHRD V3.3 *-* A0A1W5HN85_9ORYZ) && - && PF07172:Glycine rich protein family,-,gene-Solyc06g048440.3,,,Ensembl Plants BioMart,63,one_to_one
Solyc01g086920,Solyc01g086920.3,protein_coding,Leucine-rich repeat receptor-like protein (AHRD V3.3 *** H6V789_MALDO) && sp|Q00874|DR100_ARATH DNA damage-repair/toleration protein DRT100 OS=Arabidopsis thaliana OX=3702 GN=DRT100 PE=2 SV=2 && PF08263:Leucine rich repeat N-terminal domain|PF13855:Leucine rich repeat,LRRNT_2,gene-Solyc01g086920.3,,,Ensembl Plants BioMart,63,one_to_one
Solyc12g013700,Solyc12g013700.2,protein_coding,stem-specific protein TSJT1-like (AHRD V3.3 *** A0A2I4H4H1_9ROSI) && sp|P24805|TSJT1_TOBAC Stem-specific protein TSJT1 OS=Nicotiana tabacum OX=4097 GN=TSJT1 PE=2 SV=1 && PF12481:Aluminium induced protein,-,gene-Solyc12g013700.2,,,Ensembl Plants BioMart,63,one_to_one
Solyc07g062550,,,,,,,,Ensembl Plants BioMart,63,not_mapped_in_export
Solyc12g011310,Solyc12g011310.2,protein_coding,"Glutathione S-transferase-like protein (AHRD V3.3 *** A0A2K3N2T5_TRIPR) && sp|P49332|GSTXC_TOBAC Probable glutathione S-transferase parC OS=Nicotiana tabacum OX=4097 GN=PARC PE=2 SV=1 && PF02798:Glutathione S-transferase, N-terminal domain|PF13410:Glutathione S-transferase, C-terminal domain",GST_N,gene-Solyc12g011310.2,,,Ensembl Plants BioMart,63,one_to_one
Solyc07g043460,Solyc07g043460.3,protein_coding,Cytochrome P450 (AHRD V3.3 *** A0A200PQ40_9MAGN) && sp|A0A0S2IHL2|C7A39_KALSE Cytochrome P450 72A397 OS=Kalopanax septemlobus OX=228393 GN=CYP72A397 PE=1 SV=1 && PF00067:Cytochrome P450,p450,gene-Solyc07g043460.3,GAME6,NM_001365979,Ensembl Plants BioMart,63,one_to_one
Solyc08g063090,Solyc08g063090.2,protein_coding,Fatty acid desaturase (AHRD V3.3 *** A0A2U1LPJ3_ARTAN) && sp|O04353|DES6_BOROF Acyl-lipid (9-3)-desaturase OS=Borago officinalis OX=13363 PE=1 SV=1 && PF00173:Cytochrome b5-like Heme/Steroid binding domain|PF00487:Fatty acid desaturase,-,gene-Solyc08g063090.2,,,Ensembl Plants BioMart,63,one_to_one
Solyc10g078740,Solyc10g078740.2,protein_coding,"Enoyl-[acyl-carrier-protein] reductase [NADH] (AHRD V3.3 *** B6TFF6_MAIZE) && sp|Q6Z0I4|FABI1_ORYSJ Enoyl-[acyl-carrier-protein] reductase [NADH] 1, chloroplastic OS=Oryza sativa subsp. japonica OX=39947 GN=Os08g0327400 PE=2 SV=1 && PF13561:Enoyl-(Acyl carrier protein) reductase",-,gene-Solyc10g078740.2,,,Ensembl Plants BioMart,63,one_to_one
Solyc11g072310,Solyc11g072310.2,protein_coding,gibberellin 20-oxidase-3 && sp|Q39110|GAOX1_ARATH Gibberellin 20 oxidase 1 OS=Arabidopsis thaliana OX=3702 GN=GA20OX1 PE=2 SV=2 && PF14226:non-haem dioxygenase in morphine synthesis N-terminal|PF03171:2OG-Fe(II) oxygenase superfamily,2OG-FeII_Oxy,gene-Solyc11g072310.2,20ox-3,,Ensembl Plants BioMart,63,one_to_one
Solyc12g100270,Solyc12g100270.2,protein_coding,Fatty acid hydroxylase superfamily (AHRD V3.3 *** A0A2U1L8N4_ARTAN) && sp|F4HVY0|CER1_ARATH Very-long-chain aldehyde decarbonylase CER1 OS=Arabidopsis thaliana OX=3702 GN=CER1 PE=1 SV=1 && PF04116:Fatty acid hydroxylase superfamily|PF12076:WAX2 C-terminal domain,-,gene-Solyc12g100270.2,,,Ensembl Plants BioMart,63,one_to_one
Solyc04g064870,Solyc04g064870.3,protein_coding,Pathogen-related protein (AHRD V3.3 *** A0A1U8GE43_CAPAN) && sp|P16273|PRPX_HORVU Pathogen-related protein OS=Hordeum vulgare OX=4513 PE=2 SV=2 && -,-,gene-Solyc04g064870.3,,NM_001324084,Ensembl Plants BioMart,63,one_to_one
Solyc02g083380,Solyc02g083380.3,protein_coding,Big1 (AHRD V3.3 *-* AT2G17710.1) && - && -,-,gene-Solyc02g083380.3,,,Ensembl Plants BioMart,63,one_to_one
Solyc02g083670,Solyc02g083670.4,protein_coding,Histidine kinase 1 (AHRD V3.3 *** A0A2G3AA52_CAPAN) && sp|Q9SXL4|AHK1_ARATH Histidine kinase 1 OS=Arabidopsis thaliana OX=3702 GN=AHK1 PE=1 SV=2 && PF13639:Ring finger domain,-,gene-Solyc02g083670.4,,,Ensembl Plants BioMart,63,one_to_one
Solyc11g065350,Solyc11g065350.2,protein_coding,ABC transporter G family member 12 (AHRD V3.3 *** A0A2G3B9R8_CAPCH) && sp|Q8RWI9|AB15G_ARATH ABC transporter G family member 15 OS=Arabidopsis thaliana OX=3702 GN=ABCG15 PE=2 SV=2 && PF01061:ABC-2 type transporter|PF00005:ABC transporter,ABC2_membrane,gene-Solyc11g065350.2,,,Ensembl Plants BioMart,63,one_to_one
Solyc03g098740,Solyc03g098740.1,protein_coding,Biotic cell death-associated protein (AHRD V3.3 *** Q850R9_NICGU) && sp|P24924|ITRY_ACACO Trypsin inhibitor OS=Acacia confusa OX=3809 GN=ACTI PE=1 SV=2 && PF00197:Trypsin and protease inhibitor,-,gene-Solyc03g098740.1,,,Ensembl Plants BioMart,63,one_to_one
Solyc03g063730,Solyc03g063730.4,protein_coding,Protein DETOXIFICATION (AHRD V3.3 *** A0A191UP89_GLYSO) && sp|Q8W488|DTX21_ARATH Protein DETOXIFICATION 21 OS=Arabidopsis thaliana OX=3702 GN=DTX21 PE=1 SV=1 && PF01554:MatE,MatE,gene-Solyc03g063730.4,,,Ensembl Plants BioMart,63,one_to_one
Solyc12g041950,Solyc12g041950.3,protein_coding,O-methyltransferase (AHRD V3.3 *-* G4XGX0_VITVI) && sp|B6VJS4|ROMT_VITVI Trans-resveratrol di-O-methyltransferase OS=Vitis vinifera OX=29760 GN=ROMT PE=1 SV=2 && PF00891:O-methyltransferase domain,-,gene-Solyc12g041950.3,,,Ensembl Plants BioMart,63,one_to_one
Solyc05g050290,,,,,gene-Solyc05g050290.3,,,Ensembl Plants BioMart,63,one_to_one
Solyc04g053010,Solyc04g053010.1,protein_coding,Auxin-responsive protein SAUR65 (AHRD V3.3 *** A0A2G2Y5L8_CAPAN) && sp|F4I1H5|SAU63_ARATH Auxin-responsive protein SAUR63 OS=Arabidopsis thaliana OX=3702 GN=SAUR63 PE=2 SV=1 && PF02519:Auxin responsive protein,Auxin_inducible,gene-Solyc04g053010.1,,,Ensembl Plants BioMart,63,one_to_one
Solyc07g008210,,,,,gene-Solyc07g008210.4,,,Ensembl Plants BioMart,63,one_to_one
Solyc03g116370,Solyc03g116370.3,protein_coding,Microtubule-associated protein RP/EB family member 1C (AHRD V3.3 *** A0A2G3B798_CAPCH) && sp|Q9FJJ5|EB1B_ARATH Microtubule-associated protein RP/EB family member 1B OS=Arabidopsis thaliana OX=3702 GN=EB1B PE=1 SV=1 && PF03271:EB1-like C-terminal motif|PF00307:Calponin homology (CH) domain,CH,gene-Solyc03g116370.3,,,Ensembl Plants BioMart,63,one_to_one
Solyc02g023950,Solyc02g023950.3,protein_coding,Leucine-rich receptor-like protein kinase family protein (AHRD V3.3 *** A0A061G8R7_THECC) && sp|C0LGQ9|GHR1_ARATH LRR receptor-like serine/threonine-protein kinase GHR1 OS=Arabidopsis thaliana OX=3702 GN=GHR1 PE=1 SV=2 && PF13855:Leucine rich repeat|PF08263:Leucine rich repeat N-terminal domain|PF07714:Protein tyrosine kinase,Pkinase_Tyr,gene-Solyc02g023950.3,,,Ensembl Plants BioMart,63,one_to_one
Solyc11g064910,,,,,,,,Ensembl Plants BioMart,63,not_mapped_in_export
Solyc01g090730,Solyc01g090730.3,protein_coding,Squamosa promoter binding protein 8b && sp|Q8GXL3|SPL8_ARATH Squamosa promoter-binding-like protein 8 OS=Arabidopsis thaliana OX=3702 GN=SPL8 PE=1 SV=2 && PF03110:SBP domain,SBP,gene-Solyc01g090730.3,,,Ensembl Plants BioMart,63,one_to_one
Solyc12g042010,Solyc12g042010.1,protein_coding,transcription factor IBH1-like (AHRD V3.3 *** A0A2I4G0N0_9ROSI) && - && -,-,gene-Solyc12g042010.1,,,Ensembl Plants BioMart,63,one_to_one
Solyc06g054320,Solyc06g054320.1,protein_coding,Dirigent protein (AHRD V3.3 *** K4C6B8_SOLLC) && sp|Q9SS03|DIR21_ARATH Dirigent protein 21 OS=Arabidopsis thaliana OX=3702 GN=DIR21 PE=3 SV=1 && PF03018:Dirigent-like protein,-,gene-Solyc06g054320.1,,,Ensembl Plants BioMart,63,one_to_one
Solyc07g056700,Solyc07g056700.2,protein_coding,Unknown protein && - && -,-,gene-Solyc07g056700.2,,,Ensembl Plants BioMart,63,one_to_one
Solyc07g063600,Solyc07g063600.3,protein_coding,"Chlorophyll a-b binding protein && sp|P27489|CB23_SOLLC Chlorophyll a-b binding protein 13, chloroplastic OS=Solanum lycopersicum OX=4081 GN=CAB13 PE=1 SV=1 && PF00504:Chlorophyll A-B binding protein",-,gene-Solyc07g063600.3,,,Ensembl Plants BioMart,63,one_to_one
Solyc12g055810,Solyc12g055810.1,protein_coding,P-loop containing nucleoside triphosphate hydrolases superfamily protein (AHRD V3.3 *** A0A1P8B3B9_ARATH) && sp|Q9FKM3|AATPK_ARATH AAA-ATPase At5g57480 OS=Arabidopsis thaliana OX=3702 GN=At5g57480 PE=3 SV=1 && PF14363:Domain associated at C-terminal with AAA|PF00004:ATPase family associated with various cellular activities (AAA),AAA,gene-Solyc12g055810.1,,,Ensembl Plants BioMart,63,one_to_one
Solyc04g009530,Solyc04g009530.4,protein_coding,"Glutathione S-transferase (AHRD V3.3 *** A0A200QHH9_9MAGN) && sp|Q9M2W2|GSTL2_ARATH Glutathione S-transferase L2, chloroplastic OS=Arabidopsis thaliana OX=3702 GN=GSTL2 PE=2 SV=1 && PF13410:Glutathione S-transferase, C-terminal domain|PF13417:Glutathione S-transferase, N-terminal domain",-,gene-Solyc04g009530.4,,,Ensembl Plants BioMart,63,one_to_one
Solyc11g066670,Solyc11g066670.1,protein_coding,Glycosyltransferase (AHRD V3.3 *** A0A288W8G2_GARJA) && sp|P56725|ZOX_PHAVU Zeatin O-xylosyltransferase OS=Phaseolus vulgaris OX=3885 GN=ZOX1 PE=2 SV=1 && PF00201:UDP-glucoronosyl and UDP-glucosyl transferase,UDPGT,gene-Solyc11g066670.1,,,Ensembl Plants BioMart,63,one_to_one
Solyc03g117690,Solyc03g117690.3,protein_coding,Eukaryotic aspartyl protease family protein (AHRD V3.3 *** A0A2U1P524_ARTAN) && sp|Q8S9J6|ASPA_ARATH Aspartyl protease family protein At5g10770 OS=Arabidopsis thaliana OX=3702 GN=At5g10770 PE=2 SV=1 && PF14543:Xylanase inhibitor N-terminal|PF14541:Xylanase inhibitor C-terminal,-,gene-Solyc03g117690.3,,,Ensembl Plants BioMart,63,one_to_one
Solyc05g014920,Solyc05g014920.1,protein_coding,Protein FAR1-related sequence 5-like (AHRD V3.3 *-* A0A2K3LK03_TRIPR) && sp|Q9LKR4|FRS10_ARATH Putative protein FAR1-RELATED SEQUENCE 10 OS=Arabidopsis thaliana OX=3702 GN=FRS10 PE=2 SV=2 && -,-,gene-Solyc05g014920.1,,,Ensembl Plants BioMart,63,one_to_one
Solyc02g080160,,,,,gene-Solyc02g080160.4,,,Ensembl Plants BioMart,63,one_to_one
Solyc05g009650,,,,,gene-Solyc05g009650.4,,,Ensembl Plants BioMart,63,one_to_one
Solyc02g070940,Solyc02g070940.1,protein_coding,"Chlorophyll a-b binding protein && sp|P07370|CB2B_SOLLC Chlorophyll a-b binding protein 1B, chloroplastic OS=Solanum lycopersicum OX=4081 GN=CAB1B PE=3 SV=1 && PF00504:Chlorophyll A-B binding protein",-,gene-Solyc02g070940.1,CAB1B,,Ensembl Plants BioMart,63,one_to_one
Solyc02g092580,Solyc02g092580.3,protein_coding,Peroxidase (AHRD V3.3 *** K4BD54_SOLLC) && sp|Q9SZE7|PER51_ARATH Peroxidase 51 OS=Arabidopsis thaliana OX=3702 GN=PER51 PE=2 SV=1 && PF00141:Peroxidase,-,gene-Solyc02g092580.3,,,Ensembl Plants BioMart,63,one_to_one
Solyc11g072040,Solyc11g072040.2,protein_coding,GDSL esterase/lipase (AHRD V3.3 *** A0A2K3NP63_TRIPR) && sp|Q9SF78|GDL29_ARATH GDSL esterase/lipase At1g71691 OS=Arabidopsis thaliana OX=3702 GN=At1g71691 PE=2 SV=1 && PF00657:GDSL-like Lipase/Acylhydrolase,Lipase_GDSL,gene-Solyc11g072040.2,,,Ensembl Plants BioMart,63,one_to_one
Solyc12g017250,Solyc12g017250.2,protein_coding,"photosystem II 10 kDa polypeptide && sp|Q40519|PSBR_TOBAC Photosystem II 10 kDa polypeptide, chloroplastic OS=Nicotiana tabacum OX=4097 GN=PSBR PE=2 SV=1 && PF04725:Photosystem II 10 kDa polypeptide PsbR",-,gene-Solyc12g017250.2,,,Ensembl Plants BioMart,63,one_to_one
Solyc02g078950,Solyc02g078950.4,protein_coding,Beta-galactosidase (AHRD V3.3 *** A0A2G3A8L8_CAPAN) && sp|Q10NX8|BGAL6_ORYSJ Beta-galactosidase 6 OS=Oryza sativa subsp. japonica OX=39947 GN=Os03g0255100 PE=1 SV=2 && PF02140:Galactose binding lectin domain|PF17834:Beta-sandwich domain in beta galactosidase|PF01301:Glycosyl hydrolases family 35,-,gene-Solyc02g078950.4,,,Ensembl Plants BioMart,63,one_to_one
Solyc10g086320,Solyc10g086320.2,protein_coding,Phosphatidylinositol 4-phosphate 5-kinase (AHRD V3.3 *** K4D464_SOLLC) && sp|Q8L850|PI5K9_ARATH Phosphatidylinositol 4-phosphate 5-kinase 9 OS=Arabidopsis thaliana OX=3702 GN=PIP5K9 PE=1 SV=2 && PF02493:MORN repeat|PF01504:Phosphatidylinositol-4-phosphate 5-Kinase,PIP5K,gene-Solyc10g086320.2,,,Ensembl Plants BioMart,63,one_to_one
Solyc04g080540,Solyc04g080540.2,protein_coding,DNA polymerase epsilon catalytic subunit A (AHRD V3.3 *** AT1G19530.2) && - && -,-,gene-Solyc04g080540.2,,,Ensembl Plants BioMart,63,one_to_one
Solyc07g065290,Solyc07g065290.3,protein_coding,"Zinc finger transcription factor 51 && sp|Q9SJ41|C3H18_ARATH Zinc finger CCCH domain-containing protein 18 OS=Arabidopsis thaliana OX=3702 GN=At2g05160 PE=2 SV=1 && PF00076:RNA recognition motif. (a.k.a. RRM, RBD, or RNP domain)|PF12872:OST-HTH/LOTUS domain",RRM_1,gene-Solyc07g065290.3,,,Ensembl Plants BioMart,63,one_to_one
Solyc02g083450,Solyc02g083450.3,protein_coding,Eukaryotic aspartyl protease family protein (AHRD V3.3 *** A0A2U1LT79_ARTAN) && sp|Q8VYV9|APF1_ARATH Aspartyl protease family protein 1 OS=Arabidopsis thaliana OX=3702 GN=APF1 PE=2 SV=1 && PF14541:Xylanase inhibitor C-terminal|PF14543:Xylanase inhibitor N-terminal,-,gene-Solyc02g083450.3,,,Ensembl Plants BioMart,63,one_to_one
Solyc07g007550,Solyc07g007550.3,protein_coding,"Heparanase-like protein 3 (AHRD V3.3 *** A0A2G2WBB8_CAPBA) && sp|Q9FZP1|HPSE3_ARATH Heparanase-like protein 3 OS=Arabidopsis thaliana OX=3702 GN=At5g34940 PE=2 SV=2 && PF03662:Glycosyl hydrolase family 79, N-terminal domain",-,gene-Solyc07g007550.3,,,Ensembl Plants BioMart,63,one_to_one
Solyc10g006880,Solyc10g006880.3,protein_coding,NAC domain protein && sp|Q9LD44|NAC56_ARATH NAC transcription factor 56 OS=Arabidopsis thaliana OX=3702 GN=NAC056 PE=2 SV=1 && PF02365:No apical meristem (NAM) protein,NAM,gene-Solyc10g006880.3,NOR,NM_001247723,Ensembl Plants BioMart,63,one_to_one
Solyc07g049300,Solyc07g049300.3,protein_coding,Endoglucanase (AHRD V3.3 *** A0A2G2WCY0_CAPBA) && sp|O48766|GUN11_ARATH Endoglucanase 11 OS=Arabidopsis thaliana OX=3702 GN=At2g32990 PE=2 SV=1 && PF00759:Glycosyl hydrolase family 9,-,gene-Solyc07g049300.3,,,Ensembl Plants BioMart,63,one_to_one
Solyc07g056510,Solyc07g056510.3,protein_coding,"Glutathione S-transferase-like protein (AHRD V3.3 *** A0A2K3N2T5_TRIPR) && sp|P25317|GSTXA_TOBAC Probable glutathione S-transferase parA OS=Nicotiana tabacum OX=4097 GN=PARA PE=2 SV=1 && PF02798:Glutathione S-transferase, N-terminal domain|PF13410:Glutathione S-transferase, C-terminal domain",GST_N,gene-Solyc07g056510.3,,,Ensembl Plants BioMart,63,one_to_one
Solyc10g024430,Solyc10g024430.1,protein_coding,Unknown protein && - && -,-,gene-Solyc10g024430.1,,,Ensembl Plants BioMart,63,one_to_one
Solyc02g072440,Solyc02g072440.4,protein_coding,Receptor-like protein kinase (AHRD V3.3 *** A0A2R6Q6W2_ACTCH) && sp|Q1MX30|XA21_ORYSI Receptor kinase-like protein Xa21 OS=Oryza sativa subsp. indica OX=39946 GN=XA21 PE=1 SV=1 && PF00069:Protein kinase domain|PF13855:Leucine rich repeat|PF08263:Leucine rich repeat N-terminal domain,Pkinase,gene-Solyc02g072440.4,,,Ensembl Plants BioMart,63,one_to_one
Solyc11g010690,Solyc11g010690.3,protein_coding,Nucleobase-ascorbate transporter 11 (AHRD V3.3 *-* A0A2G2Y5P1_CAPAN) && sp|Q6SZ87|NAT11_ARATH Nucleobase-ascorbate transporter 11 OS=Arabidopsis thaliana OX=3702 GN=NAT11 PE=2 SV=1 && PF00860:Permease family,-,gene-Solyc11g010690.3,,,Ensembl Plants BioMart,63,one_to_one
Solyc01g079240,Solyc01g079240.3,protein_coding,Long chain acyl-CoA synthetase 1 (AHRD V3.3 *** A0A2G3AKT2_CAPAN) && sp|O22898|LACS1_ARATH Long chain acyl-CoA synthetase 1 OS=Arabidopsis thaliana OX=3702 GN=LACS1 PE=2 SV=1 && PF00501:AMP-binding enzyme,AMP-binding,gene-Solyc01g079240.3,,,Ensembl Plants BioMart,63,one_to_one
Solyc11g007250,,,,,gene-Solyc11g007250.2,,,Ensembl Plants BioMart,63,one_to_one
Solyc09g059170,Solyc09g059170.3,protein_coding,Glycosyltransferase (AHRD V3.3 *** A4GRT2_9SOLA) && sp|Q43716|UFOG_PETHY Anthocyanidin-3-O-glucoside rhamnosyltransferase OS=Petunia hybrida OX=4102 GN=RT PE=2 SV=1 && PF00201:UDP-glucoronosyl and UDP-glucosyl transferase,UDPGT,gene-Solyc09g059170.3,,,Ensembl Plants BioMart,63,one_to_one
Solyc08g075080,Solyc08g075080.3,protein_coding,RING/U-box superfamily protein (AHRD V3.3 *** F4KD57_ARATH) && sp|Q91XF4|RN167_MOUSE E3 ubiquitin-protein ligase RNF167 OS=Mus musculus OX=10090 GN=Rnf167 PE=2 SV=1 && PF13639:Ring finger domain,-,gene-Solyc08g075080.3,,,Ensembl Plants BioMart,63,one_to_one
Solyc09g011590,Solyc09g011590.4,protein_coding,"Glutathione S-transferase-like protein (AHRD V3.3 *** A8DUB0_SOLLC) && sp|P32111|GSTX1_SOLTU Probable glutathione S-transferase OS=Solanum tuberosum OX=4113 GN=PRP1 PE=2 SV=1 && PF02798:Glutathione S-transferase, N-terminal domain|PF00043:Glutathione S-transferase, C-terminal domain",GST_N,gene-Solyc09g011590.4,,,Ensembl Plants BioMart,63,one_to_one
Solyc03g121600,Solyc03g121600.4,protein_coding,Glucose-methanol-choline (GMC) oxidoreductase family protein (AHRD V3.3 *** A0A2U1MMK8_ARTAN) && sp|Q9S746|HTH_ARATH Protein HOTHEAD OS=Arabidopsis thaliana OX=3702 GN=HTH PE=1 SV=1 && PF00732:GMC oxidoreductase|PF05199:GMC oxidoreductase,-,gene-Solyc03g121600.4,,,Ensembl Plants BioMart,63,one_to_one
Solyc09g098340,Solyc09g098340.3,protein_coding,aspartic proteinase-like protein 2 (AHRD V3.3 *** A0A2G2ZT59_CAPAN) && sp|Q4V3D2|ASP36_ARATH Aspartic proteinase 36 OS=Arabidopsis thaliana OX=3702 GN=A36 PE=1 SV=1 && PF14543:Xylanase inhibitor N-terminal|PF14541:Xylanase inhibitor C-terminal,-,gene-Solyc09g098340.3,,,Ensembl Plants BioMart,63,one_to_one
Solyc09g074630,Solyc09g074630.3,protein_coding,BTB domain-containing protein/NPH3 domain-containing protein (AHRD V3.3 *** A0A1Q3CT76_CEPFO) && sp|Q9SA69|Y1301_ARATH BTB/POZ domain-containing protein At1g03010 OS=Arabidopsis thaliana OX=3702 GN=At1g03010 PE=2 SV=1 && PF03000:NPH3 family,-,gene-Solyc09g074630.3,,,Ensembl Plants BioMart,63,one_to_one
Solyc12g006140,Solyc12g006140.2,protein_coding,"Cab-5 gene encoding chlorophyll a/b-binding protein && sp|P12062|CB26_PETSP Chlorophyll a-b binding protein 37, chloroplastic OS=Petunia sp. OX=4104 GN=CAB37 PE=3 SV=1 && PF00504:Chlorophyll A-B binding protein",-,gene-Solyc12g006140.2,CAB5,NM_001308945,Ensembl Plants BioMart,63,one_to_one
Solyc02g089140,Solyc02g089140.3,protein_coding,B12D protein (AHRD V3.3 *** A0A2U1M961_ARTAN) && - && -,-,gene-Solyc02g089140.3,,,Ensembl Plants BioMart,63,one_to_one
Solyc12g044540,Solyc12g044540.4,protein_coding,zinc finger BED domain-containing protein RICESLEEPER 2-like (AHRD V3.11 *-* tr_A0A2I4HS67_A0A2I4HS67_9ROSI) && sp|Q9SUK9|P2C55_ARATH Probable protein phosphatase 2C 55 OS=Arabidopsis thaliana OX=3702 GN=At4g16580 PE=2 SV=2 && -,-,gene-Solyc12g044540.3,,,Ensembl Plants BioMart,63,one_to_one
Solyc07g056670,Solyc07g056670.3,protein_coding,gibberellin 2-oxidase 2 && sp|Q9SQ80|G2OX1_PEA Gibberellin 2-beta-dioxygenase 1 OS=Pisum sativum OX=3888 GN=GA2OX1 PE=1 SV=1 && PF14226:non-haem dioxygenase in morphine synthesis N-terminal|PF03171:2OG-Fe(II) oxygenase superfamily,2OG-FeII_Oxy,gene-Solyc07g056670.3,GA2ox2,NM_001247409,Ensembl Plants BioMart,63,one_to_one
Solyc07g063850,Solyc07g063850.3,protein_coding,IAA-amido synthetase 3-9 && sp|Q9LSQ4|GH36_ARATH Indole-3-acetic acid-amido synthetase GH3.6 OS=Arabidopsis thaliana OX=3702 GN=GH3.6 PE=1 SV=1 && PF03321:GH3 auxin-responsive promoter,-,gene-Solyc07g063850.3,GH3-9,,Ensembl Plants BioMart,63,one_to_one
Solyc07g049370,Solyc07g049370.2,protein_coding,"Glucan endo-1 && sp|Q9ZU91|E133_ARATH Glucan endo-1,3-beta-glucosidase 3 OS=Arabidopsis thaliana OX=3702 GN=At2g01630 PE=2 SV=2 && PF07983:X8 domain|PF00332:Glycosyl hydrolases family 17",Glyco_hydro_17,gene-Solyc07g049370.2,,,Ensembl Plants BioMart,63,one_to_one
Solyc04g077620,Solyc04g077620.1,protein_coding,Uncharacterized conserved protein UCP031279 (AHRD V3.3 -** AT1G10140.1) && - && -,-,gene-Solyc04g077620.1,,,Ensembl Plants BioMart,63,one_to_one
Solyc03g122350,Solyc03g122350.3,protein_coding,Cytochrome P450 (AHRD V3.3 *** Q43795_TOBAC) && sp|A0A1D6F9Y9|C92C6_MAIZE Trimethyltridecatetraene synthase OS=Zea mays OX=4577 GN=CYP92C6 PE=1 SV=1 && PF00067:Cytochrome P450,p450,gene-Solyc03g122350.3,,,Ensembl Plants BioMart,63,one_to_one
Solyc10g083440,Solyc10g083440.3,protein_coding,Glycosyltransferase (AHRD V3.11 *** tr_A0A2G3BGM7_A0A2G3BGM7_CAPCH) && sp|Q43641|UFOG_SOLME Anthocyanidin 3-O-glucosyltransferase OS=Solanum melongena OX=4111 GN=GT PE=2 SV=1 && PF00201:UDP-glucoronosyl and UDP-glucosyl transferase,UDPGT,gene-Solyc10g083440.2,,,Ensembl Plants BioMart,63,one_to_one
Solyc02g065530,Solyc02g065530.5,protein_coding,Hexosyltransferase (AHRD V3.11 *** tr_A0A2G2XBK6_A0A2G2XBK6_CAPBA) && sp|Q0GXS4|NFP_MEDTR Serine/threonine receptor-like kinase NFP OS=Medicago truncatula OX=3880 GN=NFP PE=1 SV=1 && PF07714:Protein tyrosine kinase,Pkinase_Tyr,gene-Solyc02g065530.4,,,Ensembl Plants BioMart,63,one_to_one
Solyc12g017530,Solyc12g017530.1,protein_coding,Unknown protein && - && -,-,gene-Solyc12g017530.1,,,Ensembl Plants BioMart,63,one_to_one
Solyc03g116510,Solyc03g116510.1,protein_coding,DUF761 domain-containing protein (AHRD V3.3 *** A0A1Q3BDS4_CEPFO) && - && -,-,gene-Solyc03g116510.1,,,Ensembl Plants BioMart,63,one_to_one
Solyc11g005990,Solyc11g005990.2,protein_coding,Transcriptional corepressor SEUSS (AHRD V3.3 *-* A0A2G2ZPK0_CAPAN) && sp|Q8W234|SEUSS_ARATH Transcriptional corepressor SEUSS OS=Arabidopsis thaliana OX=3702 GN=SEU PE=1 SV=1 && PF01803:LIM-domain binding protein,-,gene-Solyc11g005990.2,,,Ensembl Plants BioMart,63,one_to_one
Solyc12g049030,Solyc12g049030.1,protein_coding,Fatty acid desaturase (AHRD V3.3 *** A0A200QRI1_9MAGN) && sp|Q8GZC3|FAD2_VERFO Delta(12)-fatty-acid desaturase FAD2 OS=Vernicia fordii OX=73154 GN=FAD2 PE=1 SV=1 && PF11960:Domain of unknown function (DUF3474)|PF00487:Fatty acid desaturase,-,gene-Solyc12g049030.1,,,Ensembl Plants BioMart,63,one_to_one
Solyc12g098790,Solyc12g098790.1,protein_coding,Unknown protein && - && -,-,gene-Solyc12g098790.1,,,Ensembl Plants BioMart,63,one_to_one
Solyc03g005780,Solyc03g005780.3,protein_coding,"Chlorophyll a-b binding protein && sp|P07369|CB2G_SOLLC Chlorophyll a-b binding protein 3C, chloroplastic OS=Solanum lycopersicum OX=4081 GN=CAB3C PE=3 SV=1 && PF00504:Chlorophyll A-B binding protein",-,gene-Solyc03g005780.3,Cab-3C,,Ensembl Plants BioMart,63,one_to_one
Solyc04g015390,Solyc04g015390.2,protein_coding,GDSL esterase/lipase (AHRD V3.3 *** AT1G11320.1) && - && -,-,gene-Solyc04g015390.2,,,Ensembl Plants BioMart,63,one_to_one
Solyc09g091670,Solyc09g091670.3,protein_coding,Pleiotropic drug resistance protein (AHRD V3.3 *** C8CA13_CUCSA) && sp|Q949G3|PDR1_NICPL Pleiotropic drug resistance protein 1 OS=Nicotiana plumbaginifolia OX=4092 GN=PDR1 PE=1 SV=1 && PF08370:Plant PDR ABC transporter associated|PF14510:ABC-transporter N-terminal|PF00005:ABC transporter|PF01061:ABC-2 type transporter,ABC2_membrane,gene-Solyc09g091670.3,,,Ensembl Plants BioMart,63,one_to_one
Solyc01g108860,Solyc01g108860.3,protein_coding,2-oxoglutarate (2OG) and Fe(II)-dependent oxygenase superfamily protein (AHRD V3.3 *** A0A2U1MKU7_ARTAN) && sp|Q9FFF6|JOX2_ARATH Jasmonate-induced oxygenase 2 OS=Arabidopsis thaliana OX=3702 GN=JOX2 PE=1 SV=1 && PF03171:2OG-Fe(II) oxygenase superfamily|PF14226:non-haem dioxygenase in morphine synthesis N-terminal,2OG-FeII_Oxy,gene-Solyc01g108860.3,,,Ensembl Plants BioMart,63,one_to_one
Solyc10g080540,Solyc10g080540.2,protein_coding,Homeobox-leucine zipper protein HOX27 (AHRD V3.3 *** A0A2G3BH29_CAPCH) && sp|P46665|HAT14_ARATH Homeobox-leucine zipper protein HAT14 OS=Arabidopsis thaliana OX=3702 GN=HAT14 PE=2 SV=3 && PF00046:Homeodomain|PF02183:Homeobox associated leucine zipper,Homeobox,gene-Solyc10g080540.2,,,Ensembl Plants BioMart,63,one_to_one
Solyc09g092580,Solyc09g092580.4,protein_coding,Cytochrome (AHRD V3.3 *** A0A2G2ZTD7_CAPAN) && sp|O65782|C83B1_ARATH Cytochrome P450 83B1 OS=Arabidopsis thaliana OX=3702 GN=CYP83B1 PE=1 SV=1 && PF00067:Cytochrome P450,p450,gene-Solyc09g092580.4,,,Ensembl Plants BioMart,63,one_to_one
Solyc08g077550,Solyc08g077550.3,protein_coding,Novel plant snare && sp|Q944A9|NPS11_ARATH Novel plant SNARE 11 OS=Arabidopsis thaliana OX=3702 GN=NPSN11 PE=1 SV=2 && PF03908:Sec20,-,gene-Solyc08g077550.3,,,Ensembl Plants BioMart,63,one_to_one
Solyc07g008620,Solyc07g008620.1,protein_coding,EIX receptor 1 && sp|Q6JN47|EIX1_SOLLC Receptor-like protein EIX1 OS=Solanum lycopersicum OX=4081 GN=EIX1 PE=2 SV=2 && PF08263:Leucine rich repeat N-terminal domain|PF13855:Leucine rich repeat,LRRNT_2,gene-Solyc07g008620.1,Eix1,NM_001247498,Ensembl Plants BioMart,63,one_to_one
Solyc12g096570,Solyc12g096570.1,protein_coding,auxin-regulated gene involved in organ size (AHRD V3.3 -** AT3G59900.1) && - && -,-,gene-Solyc12g096570.1,ARGOS,,Ensembl Plants BioMart,63,one_to_one
Solyc10g086710,Solyc10g086710.3,protein_coding,PAR1 (AHRD V3.3 *** A0A200R4T9_9MAGN) && - && PF06521:PAR1 protein,-,gene-Solyc10g086710.3,,,Ensembl Plants BioMart,63,one_to_one
Solyc10g076710,Solyc10g076710.3,protein_coding,"Phosphoinositide phospholipase C (AHRD V3.3 *** O49950_SOLTU) && sp|Q39033|PLCD2_ARATH Phosphoinositide phospholipase C 2 OS=Arabidopsis thaliana OX=3702 GN=PLC2 PE=1 SV=1 && PF00388:Phosphatidylinositol-specific phospholipase C, X domain|PF00387:Phosphatidylinositol-specific phospholipase C, Y domain|PF00168:C2 domain|PF09279:Phosphoinositide-specific phospholipase C, efhand-like",PI-PLC-X,gene-Solyc10g076710.3,,,Ensembl Plants BioMart,63,one_to_one
Solyc03g045070,Solyc03g045070.1,protein_coding,ammonium transporter AF118858 && sp|Q9FVN0|AMT13_SOLLC Ammonium transporter 1 member 3 OS=Solanum lycopersicum OX=4081 GN=AMT1-3 PE=2 SV=1 && PF00909:Ammonium Transporter Family,Ammonium_transp,gene-Solyc03g045070.1,AMT1-3,,Ensembl Plants BioMart,63,one_to_one
Solyc04g064940,Solyc04g064940.3,protein_coding,Receptor-like protein kinase 2 (AHRD V3.3 *** A0A314KW93_NICAT) && sp|Q9LHP4|RGI1_ARATH LRR receptor-like serine/threonine-protein kinase RGI1 OS=Arabidopsis thaliana OX=3702 GN=RGI1 PE=1 SV=1 && PF13855:Leucine rich repeat|PF00069:Protein kinase domain,Pkinase,gene-Solyc04g064940.3,,,Ensembl Plants BioMart,63,one_to_one
Solyc12g055970,Solyc12g055970.3,protein_coding,Endoglucanase (AHRD V3.3 *** A0A2G3B3J7_CAPCH) && sp|Q42059|GUN6_ARATH Endoglucanase 6 OS=Arabidopsis thaliana OX=3702 GN=At1g64390 PE=2 SV=2 && PF09478:Carbohydrate binding domain CBM49|PF00759:Glycosyl hydrolase family 9,-,gene-Solyc12g055970.3,,,Ensembl Plants BioMart,63,one_to_one
Solyc04g015640,Solyc04g015640.1,protein_coding,Disease resistance protein rga3-like (AHRD V3.3 *** A0A2K3NCR1_TRIPR) && sp|Q7XA39|RGA4_SOLBU Putative disease resistance protein RGA4 OS=Solanum bulbocastanum OX=147425 GN=RGA4 PE=2 SV=1 && PF18052:Rx N-terminal domain|PF00931:NB-ARC domain,NB-ARC,gene-Solyc04g015640.1,,,Ensembl Plants BioMart,63,one_to_one
Solyc10g050980,Solyc10g050980.1,protein_coding,Unknown protein && - && -,-,gene-Solyc10g050980.1,,,Ensembl Plants BioMart,63,one_to_one
Solyc09g011720,Solyc09g011720.3,protein_coding,DUF3527 domain-containing protein (AHRD V3.3 *** A0A1Q3BBP6_CEPFO) && - && PF12043:Domain of unknown function (DUF3527),-,gene-Solyc09g011720.3,,,Ensembl Plants BioMart,63,one_to_one
Solyc11g020330,Solyc11g020330.1,protein_coding,leer-sHSP small heat shock protein && sp|P19244|HSP41_PEA 22.7 kDa class IV heat shock protein OS=Pisum sativum OX=3888 GN=HSP22.7 PE=2 SV=1 && PF00011:Hsp20/alpha crystallin family,-,gene-Solyc11g020330.1,er-sHSP,,Ensembl Plants BioMart,63,one_to_one
Solyc03g118370,Solyc03g118370.3,protein_coding,Carboxypeptidase (AHRD V3.3 *** A0A2G3CZU5_CAPCH) && sp|Q93Y09|SCP45_ARATH Serine carboxypeptidase-like 45 OS=Arabidopsis thaliana OX=3702 GN=SCPL45 PE=2 SV=1 && PF00450:Serine carboxypeptidase,Peptidase_S10,gene-Solyc03g118370.3,,,Ensembl Plants BioMart,63,one_to_one
Solyc09g011610,Solyc09g011610.4,protein_coding,Glutathione S-transferase (AHRD V3.11 *-* tr_C0LF68_C0LF68_CAPAN) && sp|Q03663|GSTX2_TOBAC Probable glutathione S-transferase OS=Nicotiana tabacum OX=4097 PE=2 SV=1 && -,-,gene-Solyc09g011610.3,,,Ensembl Plants BioMart,63,one_to_one
Solyc02g083700,Solyc02g083700.4,protein_coding,Alpha-mannosidase (AHRD V3.3 *** A0A1U8FVM7_CAPAN) && sp|C0HJB3|MANA_CANEN Alpha-mannosidase OS=Canavalia ensiformis OX=3823 PE=1 SV=1 && PF01074:Glycosyl hydrolases family 38 N-terminal domain|PF17677:Glycosyl hydrolases family 38 C-terminal beta sandwich domain|PF07748:Glycosyl hydrolases family 38 C-terminal domain|PF09261:Alpha mannosidase middle domain,-,gene-Solyc02g083700.4,,,Ensembl Plants BioMart,63,one_to_one
Solyc08g080490,Solyc08g080490.3,protein_coding,2S albumin (AHRD V3.3 *-* B6EU55_BEREX) && - && PF00234:Protease inhibitor/seed storage/LTP family,-,gene-Solyc08g080490.3,,,Ensembl Plants BioMart,63,one_to_one
Solyc02g083840,Solyc02g083840.1,protein_coding,Unknown protein && - && -,-,gene-Solyc02g083840.1,,,Ensembl Plants BioMart,63,one_to_one
Solyc01g068490,Solyc01g068490.5,protein_coding,RING-type E3 ubiquitin transferase (AHRD V3.11 *** tr_A0A200RD53_A0A200RD53_9MAGN) && - && PF05804:Kinesin-associated protein (KAP),-,gene-Solyc01g068490.4,,,Ensembl Plants BioMart,63,one_to_one
Solyc08g066360,Solyc08g066360.3,protein_coding,"Malic enzyme (AHRD V3.3 *** A0A2G2W5J3_CAPBA) && sp|P34105|MAOX_POPTR NADP-dependent malic enzyme OS=Populus trichocarpa OX=3694 PE=2 SV=3 && PF00390:Malic enzyme, N-terminal domain|PF03949:Malic enzyme, NAD binding domain",Malic_M,gene-Solyc08g066360.3,,,Ensembl Plants BioMart,63,one_to_one
Solyc09g025210,Solyc09g025210.3,protein_coding,alcohol dehydrogenase-2 && sp|Q2TPW5|JUGR4_JUGRE 11S globulin seed storage protein Jug r 4 OS=Juglans regia OX=51240 PE=1 SV=1 && PF00190:Cupin,-,gene-Solyc09g025210.3,,,Ensembl Plants BioMart,63,one_to_one
Solyc12g100250,Solyc12g100250.3,protein_coding,Fatty acid desaturase (AHRD V3.3 *** A0A200QRI1_9MAGN) && sp|Q8GZC3|FAD2_VERFO Delta(12)-fatty-acid desaturase FAD2 OS=Vernicia fordii OX=73154 GN=FAD2 PE=1 SV=1 && PF00487:Fatty acid desaturase|PF11960:Domain of unknown function (DUF3474),-,gene-Solyc12g100250.3,,,Ensembl Plants BioMart,63,one_to_one
Solyc12g008480,Solyc12g008480.3,protein_coding,RING/U-box superfamily protein (AHRD V3.3 *-* O80757_ARATH) && - && PF13639:Ring finger domain,-,gene-Solyc12g008480.3,,,Ensembl Plants BioMart,63,one_to_one
Solyc04g016200,Solyc04g016200.1,protein_coding,Glycosyltransferase (AHRD V3.3 *** A0A0A1WDL8_NICAT) && sp|P56725|ZOX_PHAVU Zeatin O-xylosyltransferase OS=Phaseolus vulgaris OX=3885 GN=ZOX1 PE=2 SV=1 && PF00201:UDP-glucoronosyl and UDP-glucosyl transferase,UDPGT,gene-Solyc04g016200.1,,,Ensembl Plants BioMart,63,one_to_one
Solyc11g072080,Solyc11g072080.1,protein_coding,F-box/kelch-repeat protein (AHRD V3.3 *-* A0A2G3BAF6_CAPCH) && sp|Q6NPN5|FK113_ARATH F-box/kelch-repeat protein At5g26960 OS=Arabidopsis thaliana OX=3702 GN=At5g26960 PE=2 SV=1 && PF01344:Kelch motif|PF00646:F-box domain,Kelch_1,gene-Solyc11g072080.1,,,Ensembl Plants BioMart,63,one_to_one
Solyc10g049230,Solyc10g049230.1,protein_coding,disease resistance protein RGA2-like (AHRD V3.3 *-* XP_010321233.1) && - && -,-,gene-Solyc10g049230.1,,,Ensembl Plants BioMart,63,one_to_one
Solyc10g005010,Solyc10g005010.5,protein_coding,NAC domain-containing protein (AHRD V3.11 *** tr_A0A2K3MP41_A0A2K3MP41_TRIPR) && sp|Q84WP6|NAC43_ARATH NAC domain-containing protein 43 OS=Arabidopsis thaliana OX=3702 GN=NAC043 PE=2 SV=2 && PF02365:No apical meristem (NAM) protein,NAM,gene-Solyc10g005010.4,,,Ensembl Plants BioMart,63,one_to_one
Solyc06g075720,Solyc06g075720.3,protein_coding,"protein yippee-like (AHRD V3.3 *** XP_025887510.1) && - && PF03226:Yippee zinc-binding/DNA-binding /Mis18, centromere assembly",-,gene-Solyc06g075720.3,,,Ensembl Plants BioMart,63,one_to_one
Solyc05g025690,,,,,,,,Ensembl Plants BioMart,63,not_mapped_in_export
Solyc11g008810,Solyc11g008810.2,protein_coding,"Beta-hexosaminidase (AHRD V3.3 *** M1BC44_SOLTU) && sp|Q8L7S6|HEXO3_ARATH Beta-hexosaminidase 3 OS=Arabidopsis thaliana OX=3702 GN=HEXO3 PE=1 SV=1 && PF00728:Glycosyl hydrolase family 20, catalytic domain|PF14845:beta-acetyl hexosaminidase like",Glyco_hydro_20,gene-Solyc11g008810.2,,,Ensembl Plants BioMart,63,one_to_one
Solyc10g006720,Solyc10g006720.4,protein_coding,G-type lectin S-receptor-like serine/threonine-protein kinase (AHRD V3.3 *** A0A2G3C305_CAPCH) && sp|O81832|Y4729_ARATH G-type lectin S-receptor-like serine/threonine-protein kinase At4g27290 OS=Arabidopsis thaliana OX=3702 GN=At4g27290 PE=3 SV=4 && PF01453:D-mannose binding lectin|PF08276:PAN-like domain|PF00954:S-locus glycoprotein domain|PF07714:Protein tyrosine kinase|PF11883:Domain of unknown function (DUF3403),Pkinase_Tyr,gene-Solyc10g006720.4,,,Ensembl Plants BioMart,63,one_to_one
Solyc03g083440,Solyc03g083440.4,protein_coding,"Glutamate synthase (AHRD V3.3 *** A0A2U1PKW7_ARTAN) && sp|Q9LV03|GLUT1_ARATH Glutamate synthase 1 [NADH], chloroplastic OS=Arabidopsis thaliana OX=3702 GN=GLT1 PE=1 SV=2 && PF00310:Glutamine amidotransferases class-II|PF04898:Glutamate synthase central domain|PF07992:Pyridine nucleotide-disulphide oxidoreductase|PF01493:GXGXG motif|PF01645:Conserved region in glutamate synthase|PF14691:Dihydroprymidine dehydrogenase domain II, 4Fe-4S cluster",GATase_2,gene-Solyc03g083440.4,,,Ensembl Plants BioMart,63,one_to_one
Solyc10g009260,Solyc10g009260.1,protein_coding,Unknown protein && - && -,-,gene-Solyc10g009260.1,,,Ensembl Plants BioMart,63,one_to_one
Solyc07g055690,Solyc07g055690.1,protein_coding,Lectin-domain receptor-like kinase (AHRD V3.3 *** G4XXY5_NICAT) && sp|O81905|SD18_ARATH Receptor-like serine/threonine-protein kinase SD1-8 OS=Arabidopsis thaliana OX=3702 GN=SD18 PE=1 SV=1 && PF01453:D-mannose binding lectin|PF00954:S-locus glycoprotein domain,B_lectin,gene-Solyc07g055690.1,,,Ensembl Plants BioMart,63,one_to_one
Solyc02g071000,Solyc02g071000.1,protein_coding,"Chlorophyll a-b binding protein && sp|P07370|CB2B_SOLLC Chlorophyll a-b binding protein 1B, chloroplastic OS=Solanum lycopersicum OX=4081 GN=CAB1B PE=3 SV=1 && PF00504:Chlorophyll A-B binding protein",-,gene-Solyc02g071000.1,Cab-1D,,Ensembl Plants BioMart,63,one_to_one
Solyc04g054740,Solyc04g054740.3,protein_coding,myo-inositol-1-phosphate synthase && sp|Q9LW96|INO1_TOBAC Inositol-3-phosphate synthase OS=Nicotiana tabacum OX=4097 PE=2 SV=1 && PF07994:Myo-inositol-1-phosphate synthase|PF01658:Myo-inositol-1-phosphate synthase,-,gene-Solyc04g054740.3,IPS,NM_001346963,Ensembl Plants BioMart,63,one_to_one
Solyc01g081290,Solyc01g081290.4,protein_coding,Pentatricopeptide repeat-containing protein (AHRD V3.3 *** A0A2G3ALT8_CAPAN) && sp|Q9SS60|PP210_ARATH Pentatricopeptide repeat-containing protein At3g03580 OS=Arabidopsis thaliana OX=3702 GN=PCMP-H23 PE=2 SV=1 && PF00069:Protein kinase domain|PF13041:PPR repeat family|PF14432:DYW family of nucleic acid deaminases,Pkinase,gene-Solyc01g081290.4,,,Ensembl Plants BioMart,63,one_to_one
Solyc02g085910,Solyc02g085910.5,protein_coding,LOB domain-containing protein (AHRD V3.11 *** tr_A0A2U1NKN8_A0A2U1NKN8_ARTAN) && sp|Q9M886|LBD41_ARATH LOB domain-containing protein 41 OS=Arabidopsis thaliana OX=3702 GN=LBD41 PE=2 SV=1 && PF03195:Lateral organ boundaries (LOB) domain,-,gene-Solyc02g085910.4,,NM_001347909,Ensembl Plants BioMart,63,one_to_one
Solyc07g054750,Solyc07g054750.1,protein_coding,Wound-responsive family protein (AHRD V3.3 *-* A0A2U1LJB1_ARTAN) && - && -,-,gene-Solyc07g054750.1,,,Ensembl Plants BioMart,63,one_to_one
Solyc12g013680,Solyc12g013680.3,protein_coding,receptor-like protein 12 (AHRD V3.3 *** A0A1S3Y203_TOBAC) && sp|Q9C637|RLP6_ARATH Receptor-like protein 6 OS=Arabidopsis thaliana OX=3702 GN=RLP6 PE=3 SV=1 && PF13855:Leucine rich repeat,-,gene-Solyc12g013680.3,,,Ensembl Plants BioMart,63,one_to_one
Solyc03g031880,Solyc03g031880.3,protein_coding,Lysine-specific histone demethylase 1 (AHRD V3.3 *** B6SV76_MAIZE) && sp|Q8H191|PAO4_ARATH Probable polyamine oxidase 4 OS=Arabidopsis thaliana OX=3702 GN=PAO4 PE=1 SV=1 && PF01593:Flavin containing amine oxidoreductase,Amino_oxidase,gene-Solyc03g031880.3,,,Ensembl Plants BioMart,63,one_to_one
Solyc10g076240,Solyc10g076240.3,protein_coding,Peroxidase (AHRD V3.3 *** K4D1W6_SOLLC) && sp|P22195|PER1_ARAHY Cationic peroxidase 1 OS=Arachis hypogaea OX=3818 GN=PNC1 PE=1 SV=2 && PF00141:Peroxidase,-,gene-Solyc10g076240.3,,,Ensembl Plants BioMart,63,one_to_one
Solyc12g006660,Solyc12g006660.2,protein_coding,testis- and ovary-specific PAZ domain protein (AHRD V3.3 *** AT5G20120.2) && - && -,-,gene-Solyc12g006660.2,,,Ensembl Plants BioMart,63,one_to_one
Solyc05g047530,Solyc05g047530.3,protein_coding,trans-cinnamate 4-monooxygenase && sp|H2DH22|C7A10_PANGI Cytochrome P450 CYP73A100 OS=Panax ginseng OX=4054 PE=2 SV=1 && PF00067:Cytochrome P450,p450,gene-Solyc05g047530.3,,,Ensembl Plants BioMart,63,one_to_one
Solyc05g053640,Solyc05g053640.1,protein_coding,Unknown protein && - && -,-,gene-Solyc05g053640.1,,,Ensembl Plants BioMart,63,one_to_one
Solyc09g031740,,,,,,,,Ensembl Plants BioMart,63,not_mapped_in_export
Solyc10g078160,Solyc10g078160.2,protein_coding,Hydroxyproline-rich glycoprotein family protein (AHRD V3.3 *** B3H693_ARATH) && - && -,-,gene-Solyc10g078160.2,,,Ensembl Plants BioMart,63,one_to_one
Solyc03g112030,Solyc03g112030.3,protein_coding,Cytochrome P450 71A6 (AHRD V3.3 *** A0A2G3CY66_CAPCH) && sp|O04164|C71A6_NEPRA Cytochrome P450 71A6 (Fragment) OS=Nepeta racemosa OX=54731 GN=CYP71A6 PE=2 SV=1 && PF00067:Cytochrome P450,p450,gene-Solyc03g112030.3,,,Ensembl Plants BioMart,63,one_to_one
Solyc03g031630,Solyc03g031630.3,protein_coding,Calcium-binding EF-hand family protein-like (AHRD V3.3 *** Q6ZFI7_ORYSJ) && - && PF13499:EF-hand domain pair,-,gene-Solyc03g031630.3,,,Ensembl Plants BioMart,63,one_to_one
Solyc04g016000,Solyc04g016000.3,protein_coding,Heat shock transcription factor protein 8 (AHRD V3.3 *** A0A1W6LWG5_FRAAN) && sp|O22230|HSFB3_ARATH Heat stress transcription factor B-3 OS=Arabidopsis thaliana OX=3702 GN=HSFB3 PE=1 SV=1 && PF00447:HSF-type DNA-binding,HSF_DNA-bind,gene-Solyc04g016000.3,,,Ensembl Plants BioMart,63,one_to_one
Solyc06g069380,Solyc06g069380.4,protein_coding,O-fucosyltransferase (AHRD V3.3 *** A0A2P5EBU6_TREOI) && sp|Q4V398|RRT1_ARATH Rhamnogalacturonan I rhamnosyltransferase 1 OS=Arabidopsis thaliana OX=3702 GN=RRT1 PE=1 SV=1 && PF10250:GDP-fucose protein O-fucosyltransferase,-,gene-Solyc06g069380.4,,,Ensembl Plants BioMart,63,one_to_one
Solyc08g066330,Solyc08g066330.3,protein_coding,LEY17225 cyclin-dependent protein kinase A-1 && sp|Q38772|CDC2A_ANTMA Cell division control protein 2 homolog A OS=Antirrhinum majus OX=4151 GN=CDC2A PE=2 SV=2 && PF00069:Protein kinase domain,Pkinase,gene-Solyc08g066330.3,,,Ensembl Plants BioMart,63,one_to_one
Solyc07g064720,Solyc07g064720.3,protein_coding,Gdsl esterase/lipase (AHRD V3.3 *** A0A2P4JQK3_QUESU) && sp|Q9FIA1|GDL87_ARATH GDSL esterase/lipase At5g55050 OS=Arabidopsis thaliana OX=3702 GN=At5g55050 PE=2 SV=1 && PF00657:GDSL-like Lipase/Acylhydrolase,Lipase_GDSL,gene-Solyc07g064720.3,,,Ensembl Plants BioMart,63,one_to_one
Solyc01g095640,Solyc01g095640.2,protein_coding,MYB-like transcription factor TCL1 (AHRD V3.3 *** A0A1U8HLQ3_CAPAN) && sp|Q8GV05|TRY_ARATH Transcription factor TRY OS=Arabidopsis thaliana OX=3702 GN=TRY PE=1 SV=1 && -,-,gene-Solyc01g095640.2,,,Ensembl Plants BioMart,63,one_to_one
Solyc07g016170,Solyc07g016170.4,protein_coding,L-arabinokinase-like (AHRD V3.3 *** A0A2I4GNX5_9ROSI) && sp|O23461|ARAK_ARATH L-arabinokinase OS=Arabidopsis thaliana OX=3702 GN=ARA1 PE=1 SV=1 && PF00288:GHMP kinases N terminal domain,GHMP_kinases,gene-Solyc07g016170.4,,,Ensembl Plants BioMart,63,one_to_one
Solyc08g044260,Solyc08g044260.4,protein_coding,Fatty acid hydroxylase superfamily (AHRD V3.3 *** A0A2U1L8N4_ARTAN) && sp|F4HVY0|CER1_ARATH Very-long-chain aldehyde decarbonylase CER1 OS=Arabidopsis thaliana OX=3702 GN=CER1 PE=1 SV=1 && PF12076:WAX2 C-terminal domain|PF04116:Fatty acid hydroxylase superfamily,-,gene-Solyc08g044260.4,,,Ensembl Plants BioMart,63,one_to_one
Solyc08g077210,,,,,gene-Solyc08g077210.4,,,Ensembl Plants BioMart,63,one_to_one
Solyc02g064830,Solyc02g064830.4,protein_coding,Indole-3-acetic acid-amido synthetas 3-3 && sp|O82333|GH31_ARATH Probable indole-3-acetic acid-amido synthetase GH3.1 OS=Arabidopsis thaliana OX=3702 GN=GH3.1 PE=2 SV=1 && PF03321:GH3 auxin-responsive promoter,-,gene-Solyc02g064830.4,,,Ensembl Plants BioMart,63,one_to_one
Solyc06g069730,Solyc06g069730.3,protein_coding,"Chlorophyll a-b binding protein && sp|P27521|CA4_ARATH Chlorophyll a-b binding protein 4, chloroplastic OS=Arabidopsis thaliana OX=3702 GN=LHCA4 PE=1 SV=1 && PF00504:Chlorophyll A-B binding protein",-,gene-Solyc06g069730.3,CAB12,NM_001330641,Ensembl Plants BioMart,63,one_to_one
Solyc02g087470,Solyc02g087470.4,protein_coding,CLAVATA3/ESR-RELATED 26 (AHRD V3.3 --* AT1G69970.2) && - && -,-,gene-Solyc02g087470.4,,,Ensembl Plants BioMart,63,one_to_one
Solyc04g071090,,,,,,,,Ensembl Plants BioMart,63,not_mapped_in_export
