gene_id,tissue_context_count,tissue_context_direction_consistency,tissue_contexts_concordant,tissue_contexts_measured
Solyc00g060810,8,1.0,Columella;Inner epidermis;Locular tissue;Parenchyma;Placenta;Seeds;Septum;Total pericarp,Columella;Inner epidermis;Locular tissue;Parenchyma;Placenta;Seeds;Septum;Total pericarp
Solyc00g156980,1,1.0,Total pericarp,Total pericarp
Solyc01g006540,11,0.9090909090909091,Collenchyma;Columella;Inner epidermis;Outer epidermis;Parenchyma;Placenta;Seeds;Septum;Total pericarp;Vascular tissue,Collenchyma;Columella;Inner epidermis;Locular tissue;Outer epidermis;Parenchyma;Placenta;Seeds;Septum;Total pericarp;Vascular tissue
Solyc01g008680,5,1.0,Columella;Locular tissue;Placenta;Septum;Total pericarp,Columella;Locular tissue;Placenta;Septum;Total pericarp
Solyc01g058270,11,1.0,Collenchyma;Columella;Inner epidermis;Locular tissue;Outer epidermis;Parenchyma;Placenta;Seeds;Septum;Total pericarp;Vascular tissue,Collenchyma;Columella;Inner epidermis;Locular tissue;Outer epidermis;Parenchyma;Placenta;Seeds;Septum;Total pericarp;Vascular tissue
Solyc01g066740,11,1.0,Collenchyma;Columella;Inner epidermis;Locular tissue;Outer epidermis;Parenchyma;Placenta;Seeds;Septum;Total pericarp;Vascular tissue,Collenchyma;Columella;Inner epidermis;Locular tissue;Outer epidermis;Parenchyma;Placenta;Seeds;Septum;Total pericarp;Vascular tissue
Solyc01g068490,6,0.8333333333333334,Columella;Placenta;Seeds;Septum;Total pericarp,Columella;Locular tissue;Placenta;Seeds;Septum;Total pericarp
Solyc01g074030,9,1.0,Collenchyma;Columella;Inner epidermis;Locular tissue;Parenchyma;Placenta;Seeds;Septum;Total pericarp,Collenchyma;Columella;Inner epidermis;Locular tissue;Parenchyma;Placenta;Seeds;Septum;Total pericarp
Solyc01g079240,10,1.0,Collenchyma;Columella;Inner epidermis;Locular tissue;Outer epidermis;Parenchyma;Placenta;Seeds;Septum;Total pericarp,Collenchyma;Columella;Inner epidermis;Locular tissue;Outer epidermis;Parenchyma;Placenta;Seeds;Septum;Total pericarp
Solyc01g080280,10,1.0,Collenchyma;Columella;Inner epidermis;Locular tissue;Outer epidermis;Parenchyma;Placenta;Septum;Total pericarp;Vascular tissue,Collenchyma;Columella;Inner epidermis;Locular tissue;Outer epidermis;Parenchyma;Placenta;Septum;Total pericarp;Vascular tissue
Solyc01g080410,11,1.0,Collenchyma;Columella;Inner epidermis;Locular tissue;Outer epidermis;Parenchyma;Placenta;Seeds;Septum;Total pericarp;Vascular tissue,Collenchyma;Columella;Inner epidermis;Locular tissue;Outer epidermis;Parenchyma;Placenta;Seeds;Septum;Total pericarp;Vascular tissue
Solyc01g080680,8,1.0,Collenchyma;Inner epidermis;Outer epidermis;Parenchyma;Seeds;Septum;Total pericarp;Vascular tissue,Collenchyma;Inner epidermis;Outer epidermis;Parenchyma;Seeds;Septum;Total pericarp;Vascular tissue
Solyc01g081290,11,0.18181818181818182,Columella;Seeds,Collenchyma;Columella;Inner epidermis;Locular tissue;Outer epidermis;Parenchyma;Placenta;Seeds;Septum;Total pericarp;Vascular tissue
Solyc01g086920,11,1.0,Collenchyma;Columella;Inner epidermis;Locular tissue;Outer epidermis;Parenchyma;Placenta;Seeds;Septum;Total pericarp;Vascular tissue,Collenchyma;Columella;Inner epidermis;Locular tissue;Outer epidermis;Parenchyma;Placenta;Seeds;Septum;Total pericarp;Vascular tissue
Solyc01g088400,11,0.9090909090909091,Collenchyma;Columella;Inner epidermis;Locular tissue;Parenchyma;Placenta;Seeds;Septum;Total pericarp;Vascular tissue,Collenchyma;Columella;Inner epidermis;Locular tissue;Outer epidermis;Parenchyma;Placenta;Seeds;Septum;Total pericarp;Vascular tissue
Solyc01g090730,7,1.0,Collenchyma;Columella;Inner epidermis;Outer epidermis;Parenchyma;Septum;Total pericarp,Collenchyma;Columella;Inner epidermis;Outer epidermis;Parenchyma;Septum;Total pericarp
Solyc01g094700,10,1.0,Collenchyma;Columella;Inner epidermis;Locular tissue;Outer epidermis;Placenta;Seeds;Septum;Total pericarp;Vascular tissue,Collenchyma;Columella;Inner epidermis;Locular tissue;Outer epidermis;Placenta;Seeds;Septum;Total pericarp;Vascular tissue
Solyc01g095080,11,1.0,Collenchyma;Columella;Inner epidermis;Locular tissue;Outer epidermis;Parenchyma;Placenta;Seeds;Septum;Total pericarp;Vascular tissue,Collenchyma;Columella;Inner epidermis;Locular tissue;Outer epidermis;Parenchyma;Placenta;Seeds;Septum;Total pericarp;Vascular tissue
Solyc01g095640,1,0.0,,Seeds
Solyc01g096740,8,1.0,Collenchyma;Columella;Inner epidermis;Locular tissue;Parenchyma;Placenta;Septum;Total pericarp,Collenchyma;Columella;Inner epidermis;Locular tissue;Parenchyma;Placenta;Septum;Total pericarp
Solyc01g097290,11,1.0,Collenchyma;Columella;Inner epidermis;Locular tissue;Outer epidermis;Parenchyma;Placenta;Seeds;Septum;Total pericarp;Vascular tissue,Collenchyma;Columella;Inner epidermis;Locular tissue;Outer epidermis;Parenchyma;Placenta;Seeds;Septum;Total pericarp;Vascular tissue
Solyc01g097770,11,1.0,Collenchyma;Columella;Inner epidermis;Locular tissue;Outer epidermis;Parenchyma;Placenta;Seeds;Septum;Total pericarp;Vascular tissue,Collenchyma;Columella;Inner epidermis;Locular tissue;Outer epidermis;Parenchyma;Placenta;Seeds;Septum;Total pericarp;Vascular tissue
Solyc01g099040,11,1.0,Collenchyma;Columella;Inner epidermis;Locular tissue;Outer epidermis;Parenchyma;Placenta;Seeds;Septum;Total pericarp;Vascular tissue,Collenchyma;Columella;Inner epidermis;Locular tissue;Outer epidermis;Parenchyma;Placenta;Seeds;Septum;Total pericarp;Vascular tissue
Solyc01g099630,11,1.0,Collenchyma;Columella;Inner epidermis;Locular tissue;Outer epidermis;Parenchyma;Placenta;Seeds;Septum;Total pericarp;Vascular tissue,Collenchyma;Columella;Inner epidermis;Locular tissue;Outer epidermis;Parenchyma;Placenta;Seeds;Septum;Total pericarp;Vascular tissue
Solyc01g099660,11,0.7272727272727273,Columella;Inner epidermis;Locular tissue;Outer epidermis;Parenchyma;Placenta;Septum;Total pericarp,Collenchyma;Columella;Inner epidermis;Locular tissue;Outer epidermis;Parenchyma;Placenta;Seeds;Septum;Total pericarp;Vascular tissue
Solyc01g100930,11,1.0,Collenchyma;Columella;Inner epidermis;Locular tissue;Outer epidermis;Parenchyma;Placenta;Seeds;Septum;Total pericarp;Vascular tissue,Collenchyma;Columella;Inner epidermis;Locular tissue;Outer epidermis;Parenchyma;Placenta;Seeds;Septum;Total pericarp;Vascular tissue
Solyc01g104850,10,0.9,Collenchyma;Columella;Inner epidermis;Locular tissue;Parenchyma;Placenta;Seeds;Septum;Total pericarp,Collenchyma;Columella;Inner epidermis;Locular tissue;Parenchyma;Placenta;Seeds;Septum;Total pericarp;Vascular tissue
Solyc01g104900,6,1.0,Columella;Locular tissue;Placenta;Seeds;Septum;Total pericarp,Columella;Locular tissue;Placenta;Seeds;Septum;Total pericarp
Solyc01g105050,11,1.0,Collenchyma;Columella;Inner epidermis;Locular tissue;Outer epidermis;Parenchyma;Placenta;Seeds;Septum;Total pericarp;Vascular tissue,Collenchyma;Columella;Inner epidermis;Locular tissue;Outer epidermis;Parenchyma;Placenta;Seeds;Septum;Total pericarp;Vascular tissue
Solyc01g107730,11,1.0,Collenchyma;Columella;Inner epidermis;Locular tissue;Outer epidermis;Parenchyma;Placenta;Seeds;Septum;Total pericarp;Vascular tissue,Collenchyma;Columella;Inner epidermis;Locular tissue;Outer epidermis;Parenchyma;Placenta;Seeds;Septum;Total pericarp;Vascular tissue
Solyc01g107890,11,1.0,Collenchyma;Columella;Inner epidermis;Locular tissue;Outer epidermis;Parenchyma;Placenta;Seeds;Septum;Total pericarp;Vascular tissue,Collenchyma;Columella;Inner epidermis;Locular tissue;Outer epidermis;Parenchyma;Placenta;Seeds;Septum;Total pericarp;Vascular tissue
Solyc01g108400,11,0.9090909090909091,Collenchyma;Columella;Inner epidermis;Locular tissue;Outer epidermis;Parenchyma;Placenta;Seeds;Septum;Total pericarp,Collenchyma;Columella;Inner epidermis;Locular tissue;Outer epidermis;Parenchyma;Placenta;Seeds;Septum;Total pericarp;Vascular tissue
Solyc01g108490,11,0.9090909090909091,Collenchyma;Columella;Inner epidermis;Locular tissue;Outer epidermis;Parenchyma;Placenta;Seeds;Septum;Total pericarp,Collenchyma;Columella;Inner epidermis;Locular tissue;Outer epidermis;Parenchyma;Placenta;Seeds;Septum;Total pericarp;Vascular tissue
Solyc01g108730,8,1.0,Collenchyma;Columella;Locular tissue;Parenchyma;Placenta;Seeds;Septum;Total pericarp,Collenchyma;Columella;Locular tissue;Parenchyma;Placenta;Seeds;Septum;Total pericarp
Solyc01g108860,2,1.0,Outer epidermis;Total pericarp,Outer epidermis;Total pericarp
Solyc01g108880,11,1.0,Collenchyma;Columella;Inner epidermis;Locular tissue;Outer epidermis;Parenchyma;Placenta;Seeds;Septum;Total pericarp;Vascular tissue,Collenchyma;Columella;Inner epidermis;Locular tissue;Outer epidermis;Parenchyma;Placenta;Seeds;Septum;Total pericarp;Vascular tissue
Solyc01g109180,9,0.7777777777777778,Inner epidermis;Locular tissue;Outer epidermis;Placenta;Seeds;Septum;Total pericarp,Collenchyma;Inner epidermis;Locular tissue;Outer epidermis;Parenchyma;Placenta;Seeds;Septum;Total pericarp
Solyc01g109500,4,1.0,Locular tissue;Parenchyma;Septum;Total pericarp,Locular tissue;Parenchyma;Septum;Total pericarp
Solyc01g109790,11,1.0,Collenchyma;Columella;Inner epidermis;Locular tissue;Outer epidermis;Parenchyma;Placenta;Seeds;Septum;Total pericarp;Vascular tissue,Collenchyma;Columella;Inner epidermis;Locular tissue;Outer epidermis;Parenchyma;Placenta;Seeds;Septum;Total pericarp;Vascular tissue
Solyc01g109920,11,0.7272727272727273,Collenchyma;Inner epidermis;Locular tissue;Parenchyma;Placenta;Septum;Total pericarp;Vascular tissue,Collenchyma;Columella;Inner epidermis;Locular tissue;Outer epidermis;Parenchyma;Placenta;Seeds;Septum;Total pericarp;Vascular tissue
Solyc01g110000,11,1.0,Collenchyma;Columella;Inner epidermis;Locular tissue;Outer epidermis;Parenchyma;Placenta;Seeds;Septum;Total pericarp;Vascular tissue,Collenchyma;Columella;Inner epidermis;Locular tissue;Outer epidermis;Parenchyma;Placenta;Seeds;Septum;Total pericarp;Vascular tissue
Solyc02g005110,11,1.0,Collenchyma;Columella;Inner epidermis;Locular tissue;Outer epidermis;Parenchyma;Placenta;Seeds;Septum;Total pericarp;Vascular tissue,Collenchyma;Columella;Inner epidermis;Locular tissue;Outer epidermis;Parenchyma;Placenta;Seeds;Septum;Total pericarp;Vascular tissue
Solyc02g014430,8,0.875,Collenchyma;Columella;Locular tissue;Parenchyma;Placenta;Septum;Total pericarp,Collenchyma;Columella;Locular tissue;Outer epidermis;Parenchyma;Placenta;Septum;Total pericarp
Solyc02g021680,11,1.0,Collenchyma;Columella;Inner epidermis;Locular tissue;Outer epidermis;Parenchyma;Placenta;Seeds;Septum;Total pericarp;Vascular tissue,Collenchyma;Columella;Inner epidermis;Locular tissue;Outer epidermis;Parenchyma;Placenta;Seeds;Septum;Total pericarp;Vascular tissue
Solyc02g023950,8,1.0,Collenchyma;Columella;Locular tissue;Parenchyma;Placenta;Septum;Total pericarp;Vascular tissue,Collenchyma;Columella;Locular tissue;Parenchyma;Placenta;Septum;Total pericarp;Vascular tissue
Solyc02g038740,11,1.0,Collenchyma;Columella;Inner epidermis;Locular tissue;Outer epidermis;Parenchyma;Placenta;Seeds;Septum;Total pericarp;Vascular tissue,Collenchyma;Columella;Inner epidermis;Locular tissue;Outer epidermis;Parenchyma;Placenta;Seeds;Septum;Total pericarp;Vascular tissue
Solyc02g055440,9,1.0,Collenchyma;Columella;Inner epidermis;Locular tissue;Parenchyma;Placenta;Seeds;Septum;Total pericarp,Collenchyma;Columella;Inner epidermis;Locular tissue;Parenchyma;Placenta;Seeds;Septum;Total pericarp
Solyc02g062390,11,1.0,Collenchyma;Columella;Inner epidermis;Locular tissue;Outer epidermis;Parenchyma;Placenta;Seeds;Septum;Total pericarp;Vascular tissue,Collenchyma;Columella;Inner epidermis;Locular tissue;Outer epidermis;Parenchyma;Placenta;Seeds;Septum;Total pericarp;Vascular tissue
Solyc02g063030,8,1.0,Columella;Inner epidermis;Locular tissue;Parenchyma;Placenta;Septum;Total pericarp;Vascular tissue,Columella;Inner epidermis;Locular tissue;Parenchyma;Placenta;Septum;Total pericarp;Vascular tissue
Solyc02g063150,11,1.0,Collenchyma;Columella;Inner epidermis;Locular tissue;Outer epidermis;Parenchyma;Placenta;Seeds;Septum;Total pericarp;Vascular tissue,Collenchyma;Columella;Inner epidermis;Locular tissue;Outer epidermis;Parenchyma;Placenta;Seeds;Septum;Total pericarp;Vascular tissue
Solyc02g064830,3,0.0,,Columella;Locular tissue;Seeds
Solyc02g065260,11,1.0,Collenchyma;Columella;Inner epidermis;Locular tissue;Outer epidermis;Parenchyma;Placenta;Seeds;Septum;Total pericarp;Vascular tissue,Collenchyma;Columella;Inner epidermis;Locular tissue;Outer epidermis;Parenchyma;Placenta;Seeds;Septum;Total pericarp;Vascular tissue
Solyc02g065280,11,1.0,Collenchyma;Columella;Inner epidermis;Locular tissue;Outer epidermis;Parenchyma;Placenta;Seeds;Septum;Total pericarp;Vascular tissue,Collenchyma;Columella;Inner epidermis;Locular tissue;Outer epidermis;Parenchyma;Placenta;Seeds;Septum;Total pericarp;Vascular tissue
Solyc02g065350,11,1.0,Collenchyma;Columella;Inner epidermis;Locular tissue;Outer epidermis;Parenchyma;Placenta;Seeds;Septum;Total pericarp;Vascular tissue,Collenchyma;Columella;Inner epidermis;Locular tissue;Outer epidermis;Parenchyma;Placenta;Seeds;Septum;Total pericarp;Vascular tissue
Solyc02g065530,9,1.0,Collenchyma;Columella;Inner epidermis;Locular tissue;Outer epidermis;Parenchyma;Placenta;Septum;Total pericarp,Collenchyma;Columella;Inner epidermis;Locular tissue;Outer epidermis;Parenchyma;Placenta;Septum;Total pericarp
Solyc02g065780,10,1.0,Collenchyma;Columella;Inner epidermis;Locular tissue;Outer epidermis;Parenchyma;Placenta;Septum;Total pericarp;Vascular tissue,Collenchyma;Columella;Inner epidermis;Locular tissue;Outer epidermis;Parenchyma;Placenta;Septum;Total pericarp;Vascular tissue
Solyc02g067320,8,1.0,Collenchyma;Columella;Inner epidermis;Placenta;Seeds;Septum;Total pericarp;Vascular tissue,Collenchyma;Columella;Inner epidermis;Placenta;Seeds;Septum;Total pericarp;Vascular tissue
Solyc02g067750,8,1.0,Columella;Inner epidermis;Locular tissue;Placenta;Seeds;Septum;Total pericarp;Vascular tissue,Columella;Inner epidermis;Locular tissue;Placenta;Seeds;Septum;Total pericarp;Vascular tissue
Solyc02g069670,11,1.0,Collenchyma;Columella;Inner epidermis;Locular tissue;Outer epidermis;Parenchyma;Placenta;Seeds;Septum;Total pericarp;Vascular tissue,Collenchyma;Columella;Inner epidermis;Locular tissue;Outer epidermis;Parenchyma;Placenta;Seeds;Septum;Total pericarp;Vascular tissue
Solyc02g070020,11,1.0,Collenchyma;Columella;Inner epidermis;Locular tissue;Outer epidermis;Parenchyma;Placenta;Seeds;Septum;Total pericarp;Vascular tissue,Collenchyma;Columella;Inner epidermis;Locular tissue;Outer epidermis;Parenchyma;Placenta;Seeds;Septum;Total pericarp;Vascular tissue
Solyc02g070790,11,1.0,Collenchyma;Columella;Inner epidermis;Locular tissue;Outer epidermis;Parenchyma;Placenta;Seeds;Septum;Total pericarp;Vascular tissue,Collenchyma;Columella;Inner epidermis;Locular tissue;Outer epidermis;Parenchyma;Placenta;Seeds;Septum;Total pericarp;Vascular tissue
Solyc02g070800,11,1.0,Collenchyma;Columella;Inner epidermis;Locular tissue;Outer epidermis;Parenchyma;Placenta;Seeds;Septum;Total pericarp;Vascular tissue,Collenchyma;Columella;Inner epidermis;Locular tissue;Outer epidermis;Parenchyma;Placenta;Seeds;Septum;Total pericarp;Vascular tissue
Solyc02g070890,10,1.0,Collenchyma;Columella;Inner epidermis;Locular tissue;Parenchyma;Placenta;Seeds;Septum;Total pericarp;Vascular tissue,Collenchyma;Columella;Inner epidermis;Locular tissue;Parenchyma;Placenta;Seeds;Septum;Total pericarp;Vascular tissue
Solyc02g070940,11,1.0,Collenchyma;Columella;Inner epidermis;Locular tissue;Outer epidermis;Parenchyma;Placenta;Seeds;Septum;Total pericarp;Vascular tissue,Collenchyma;Columella;Inner epidermis;Locular tissue;Outer epidermis;Parenchyma;Placenta;Seeds;Septum;Total pericarp;Vascular tissue
Solyc02g071000,10,1.0,Collenchyma;Columella;Inner epidermis;Locular tissue;Outer epidermis;Parenchyma;Seeds;Septum;Total pericarp;Vascular tissue,Collenchyma;Columella;Inner epidermis;Locular tissue;Outer epidermis;Parenchyma;Seeds;Septum;Total pericarp;Vascular tissue
Solyc02g072440,9,1.0,Collenchyma;Columella;Inner epidermis;Locular tissue;Parenchyma;Placenta;Septum;Total pericarp;Vascular tissue,Collenchyma;Columella;Inner epidermis;Locular tissue;Parenchyma;Placenta;Septum;Total pericarp;Vascular tissue
Solyc02g077330,4,1.0,Inner epidermis;Outer epidermis;Seeds;Total pericarp,Inner epidermis;Outer epidermis;Seeds;Total pericarp
Solyc02g077790,9,0.8888888888888888,Collenchyma;Columella;Locular tissue;Parenchyma;Placenta;Seeds;Septum;Total pericarp,Collenchyma;Columella;Inner epidermis;Locular tissue;Parenchyma;Placenta;Seeds;Septum;Total pericarp
Solyc02g078040,11,1.0,Collenchyma;Columella;Inner epidermis;Locular tissue;Outer epidermis;Parenchyma;Placenta;Seeds;Septum;Total pericarp;Vascular tissue,Collenchyma;Columella;Inner epidermis;Locular tissue;Outer epidermis;Parenchyma;Placenta;Seeds;Septum;Total pericarp;Vascular tissue
Solyc02g078340,3,0.6666666666666666,Locular tissue;Placenta,Locular tissue;Placenta;Seeds
Solyc02g078570,11,1.0,Collenchyma;Columella;Inner epidermis;Locular tissue;Outer epidermis;Parenchyma;Placenta;Seeds;Septum;Total pericarp;Vascular tissue,Collenchyma;Columella;Inner epidermis;Locular tissue;Outer epidermis;Parenchyma;Placenta;Seeds;Septum;Total pericarp;Vascular tissue
Solyc02g078620,6,1.0,Columella;Locular tissue;Parenchyma;Placenta;Septum;Total pericarp,Columella;Locular tissue;Parenchyma;Placenta;Septum;Total pericarp
Solyc02g078950,11,0.9090909090909091,Collenchyma;Columella;Inner epidermis;Locular tissue;Parenchyma;Placenta;Seeds;Septum;Total pericarp;Vascular tissue,Collenchyma;Columella;Inner epidermis;Locular tissue;Outer epidermis;Parenchyma;Placenta;Seeds;Septum;Total pericarp;Vascular tissue
Solyc02g079490,9,1.0,Collenchyma;Columella;Inner epidermis;Locular tissue;Parenchyma;Placenta;Seeds;Septum;Total pericarp,Collenchyma;Columella;Inner epidermis;Locular tissue;Parenchyma;Placenta;Seeds;Septum;Total pericarp
Solyc02g080160,11,1.0,Collenchyma;Columella;Inner epidermis;Locular tissue;Outer epidermis;Parenchyma;Placenta;Seeds;Septum;Total pericarp;Vascular tissue,Collenchyma;Columella;Inner epidermis;Locular tissue;Outer epidermis;Parenchyma;Placenta;Seeds;Septum;Total pericarp;Vascular tissue
Solyc02g081600,11,1.0,Collenchyma;Columella;Inner epidermis;Locular tissue;Outer epidermis;Parenchyma;Placenta;Seeds;Septum;Total pericarp;Vascular tissue,Collenchyma;Columella;Inner epidermis;Locular tissue;Outer epidermis;Parenchyma;Placenta;Seeds;Septum;Total pericarp;Vascular tissue
Solyc02g083380,11,1.0,Collenchyma;Columella;Inner epidermis;Locular tissue;Outer epidermis;Parenchyma;Placenta;Seeds;Septum;Total pericarp;Vascular tissue,Collenchyma;Columella;Inner epidermis;Locular tissue;Outer epidermis;Parenchyma;Placenta;Seeds;Septum;Total pericarp;Vascular tissue
Solyc02g083450,7,1.0,Columella;Locular tissue;Placenta;Seeds;Septum;Total pericarp;Vascular tissue,Columella;Locular tissue;Placenta;Seeds;Septum;Total pericarp;Vascular tissue
Solyc02g083670,11,1.0,Collenchyma;Columella;Inner epidermis;Locular tissue;Outer epidermis;Parenchyma;Placenta;Seeds;Septum;Total pericarp;Vascular tissue,Collenchyma;Columella;Inner epidermis;Locular tissue;Outer epidermis;Parenchyma;Placenta;Seeds;Septum;Total pericarp;Vascular tissue
Solyc02g083680,7,1.0,Columella;Locular tissue;Placenta;Seeds;Septum;Total pericarp;Vascular tissue,Columella;Locular tissue;Placenta;Seeds;Septum;Total pericarp;Vascular tissue
Solyc02g083700,11,0.9090909090909091,Collenchyma;Columella;Inner epidermis;Locular tissue;Outer epidermis;Parenchyma;Placenta;Seeds;Septum;Total pericarp,Collenchyma;Columella;Inner epidermis;Locular tissue;Outer epidermis;Parenchyma;Placenta;Seeds;Septum;Total pericarp;Vascular tissue
Solyc02g084600,11,1.0,Collenchyma;Columella;Inner epidermis;Locular tissue;Outer epidermis;Parenchyma;Placenta;Seeds;Septum;Total pericarp;Vascular tissue,Collenchyma;Columella;Inner epidermis;Locular tissue;Outer epidermis;Parenchyma;Placenta;Seeds;Septum;Total pericarp;Vascular tissue
Solyc02g085380,4,1.0,Collenchyma;Parenchyma;Septum;Total pericarp,Collenchyma;Parenchyma;Septum;Total pericarp
Solyc02g085910,11,1.0,Collenchyma;Columella;Inner epidermis;Locular tissue;Outer epidermis;Parenchyma;Placenta;Seeds;Septum;Total pericarp;Vascular tissue,Collenchyma;Columella;Inner epidermis;Locular tissue;Outer epidermis;Parenchyma;Placenta;Seeds;Septum;Total pericarp;Vascular tissue
Solyc02g085950,11,1.0,Collenchyma;Columella;Inner epidermis;Locular tissue;Outer epidermis;Parenchyma;Placenta;Seeds;Septum;Total pericarp;Vascular tissue,Collenchyma;Columella;Inner epidermis;Locular tissue;Outer epidermis;Parenchyma;Placenta;Seeds;Septum;Total pericarp;Vascular tissue
Solyc02g087840,11,1.0,Collenchyma;Columella;Inner epidermis;Locular tissue;Outer epidermis;Parenchyma;Placenta;Seeds;Septum;Total pericarp;Vascular tissue,Collenchyma;Columella;Inner epidermis;Locular tissue;Outer epidermis;Parenchyma;Placenta;Seeds;Septum;Total pericarp;Vascular tissue
Solyc02g087870,11,1.0,Collenchyma;Columella;Inner epidermis;Locular tissue;Outer epidermis;Parenchyma;Placenta;Seeds;Septum;Total pericarp;Vascular tissue,Collenchyma;Columella;Inner epidermis;Locular tissue;Outer epidermis;Parenchyma;Placenta;Seeds;Septum;Total pericarp;Vascular tissue
Solyc02g088100,11,1.0,Collenchyma;Columella;Inner epidermis;Locular tissue;Outer epidermis;Parenchyma;Placenta;Seeds;Septum;Total pericarp;Vascular tissue,Collenchyma;Columella;Inner epidermis;Locular tissue;Outer epidermis;Parenchyma;Placenta;Seeds;Septum;Total pericarp;Vascular tissue
Solyc02g088270,11,1.0,Collenchyma;Columella;Inner epidermis;Locular tissue;Outer epidermis;Parenchyma;Placenta;Seeds;Septum;Total pericarp;Vascular tissue,Collenchyma;Columella;Inner epidermis;Locular tissue;Outer epidermis;Parenchyma;Placenta;Seeds;Septum;Total pericarp;Vascular tissue
Solyc02g088500,10,0.9,Collenchyma;Columella;Inner epidermis;Locular tissue;Outer epidermis;Parenchyma;Placenta;Septum;Total pericarp,Collenchyma;Columella;Inner epidermis;Locular tissue;Outer epidermis;Parenchyma;Placenta;Septum;Total pericarp;Vascular tissue
Solyc02g089080,11,1.0,Collenchyma;Columella;Inner epidermis;Locular tissue;Outer epidermis;Parenchyma;Placenta;Seeds;Septum;Total pericarp;Vascular tissue,Collenchyma;Columella;Inner epidermis;Locular tissue;Outer epidermis;Parenchyma;Placenta;Seeds;Septum;Total pericarp;Vascular tissue
Solyc02g090930,11,1.0,Collenchyma;Columella;Inner epidermis;Locular tissue;Outer epidermis;Parenchyma;Placenta;Seeds;Septum;Total pericarp;Vascular tissue,Collenchyma;Columella;Inner epidermis;Locular tissue;Outer epidermis;Parenchyma;Placenta;Seeds;Septum;Total pericarp;Vascular tissue
Solyc02g090960,3,1.0,Inner epidermis;Outer epidermis;Total pericarp,Inner epidermis;Outer epidermis;Total pericarp
Solyc02g091920,10,1.0,Collenchyma;Columella;Inner epidermis;Locular tissue;Outer epidermis;Parenchyma;Placenta;Septum;Total pericarp;Vascular tissue,Collenchyma;Columella;Inner epidermis;Locular tissue;Outer epidermis;Parenchyma;Placenta;Septum;Total pericarp;Vascular tissue
Solyc02g092110,9,1.0,Columella;Inner epidermis;Locular tissue;Parenchyma;Placenta;Seeds;Septum;Total pericarp;Vascular tissue,Columella;Inner epidermis;Locular tissue;Parenchyma;Placenta;Seeds;Septum;Total pericarp;Vascular tissue
Solyc02g092120,7,1.0,Collenchyma;Inner epidermis;Outer epidermis;Parenchyma;Septum;Total pericarp;Vascular tissue,Collenchyma;Inner epidermis;Outer epidermis;Parenchyma;Septum;Total pericarp;Vascular tissue
Solyc02g092220,8,1.0,Collenchyma;Inner epidermis;Locular tissue;Outer epidermis;Parenchyma;Septum;Total pericarp;Vascular tissue,Collenchyma;Inner epidermis;Locular tissue;Outer epidermis;Parenchyma;Septum;Total pericarp;Vascular tissue
Solyc02g092580,1,1.0,Columella,Columella
Solyc03g005780,11,1.0,Collenchyma;Columella;Inner epidermis;Locular tissue;Outer epidermis;Parenchyma;Placenta;Seeds;Septum;Total pericarp;Vascular tissue,Collenchyma;Columella;Inner epidermis;Locular tissue;Outer epidermis;Parenchyma;Placenta;Seeds;Septum;Total pericarp;Vascular tissue
Solyc03g006760,6,0.8333333333333334,Collenchyma;Inner epidermis;Parenchyma;Septum;Total pericarp,Collenchyma;Inner epidermis;Outer epidermis;Parenchyma;Septum;Total pericarp
Solyc03g007780,3,1.0,Columella;Septum;Total pericarp,Columella;Septum;Total pericarp
Solyc03g013340,10,1.0,Collenchyma;Columella;Inner epidermis;Locular tissue;Outer epidermis;Parenchyma;Placenta;Septum;Total pericarp;Vascular tissue,Collenchyma;Columella;Inner epidermis;Locular tissue;Outer epidermis;Parenchyma;Placenta;Septum;Total pericarp;Vascular tissue
Solyc03g026210,11,1.0,Collenchyma;Columella;Inner epidermis;Locular tissue;Outer epidermis;Parenchyma;Placenta;Seeds;Septum;Total pericarp;Vascular tissue,Collenchyma;Columella;Inner epidermis;Locular tissue;Outer epidermis;Parenchyma;Placenta;Seeds;Septum;Total pericarp;Vascular tissue
Solyc03g031860,11,1.0,Collenchyma;Columella;Inner epidermis;Locular tissue;Outer epidermis;Parenchyma;Placenta;Seeds;Septum;Total pericarp;Vascular tissue,Collenchyma;Columella;Inner epidermis;Locular tissue;Outer epidermis;Parenchyma;Placenta;Seeds;Septum;Total pericarp;Vascular tissue
Solyc03g045070,5,1.0,Collenchyma;Inner epidermis;Outer epidermis;Parenchyma;Total pericarp,Collenchyma;Inner epidermis;Outer epidermis;Parenchyma;Total pericarp
Solyc03g063730,11,1.0,Collenchyma;Columella;Inner epidermis;Locular tissue;Outer epidermis;Parenchyma;Placenta;Seeds;Septum;Total pericarp;Vascular tissue,Collenchyma;Columella;Inner epidermis;Locular tissue;Outer epidermis;Parenchyma;Placenta;Seeds;Septum;Total pericarp;Vascular tissue
Solyc03g071570,11,1.0,Collenchyma;Columella;Inner epidermis;Locular tissue;Outer epidermis;Parenchyma;Placenta;Seeds;Septum;Total pericarp;Vascular tissue,Collenchyma;Columella;Inner epidermis;Locular tissue;Outer epidermis;Parenchyma;Placenta;Seeds;Septum;Total pericarp;Vascular tissue
Solyc03g078150,8,1.0,Collenchyma;Columella;Inner epidermis;Locular tissue;Parenchyma;Placenta;Septum;Total pericarp,Collenchyma;Columella;Inner epidermis;Locular tissue;Parenchyma;Placenta;Septum;Total pericarp
Solyc03g078440,5,1.0,Columella;Inner epidermis;Locular tissue;Placenta;Vascular tissue,Columella;Inner epidermis;Locular tissue;Placenta;Vascular tissue
Solyc03g082560,11,0.9090909090909091,Collenchyma;Columella;Inner epidermis;Locular tissue;Outer epidermis;Parenchyma;Placenta;Septum;Total pericarp;Vascular tissue,Collenchyma;Columella;Inner epidermis;Locular tissue;Outer epidermis;Parenchyma;Placenta;Seeds;Septum;Total pericarp;Vascular tissue
Solyc03g083440,10,0.8,Columella;Locular tissue;Outer epidermis;Parenchyma;Seeds;Septum;Total pericarp;Vascular tissue,Columella;Inner epidermis;Locular tissue;Outer epidermis;Parenchyma;Placenta;Seeds;Septum;Total pericarp;Vascular tissue
Solyc03g093360,11,1.0,Collenchyma;Columella;Inner epidermis;Locular tissue;Outer epidermis;Parenchyma;Placenta;Seeds;Septum;Total pericarp;Vascular tissue,Collenchyma;Columella;Inner epidermis;Locular tissue;Outer epidermis;Parenchyma;Placenta;Seeds;Septum;Total pericarp;Vascular tissue
Solyc03g097440,11,0.8181818181818182,Collenchyma;Columella;Inner epidermis;Locular tissue;Parenchyma;Placenta;Septum;Total pericarp;Vascular tissue,Collenchyma;Columella;Inner epidermis;Locular tissue;Outer epidermis;Parenchyma;Placenta;Seeds;Septum;Total pericarp;Vascular tissue
Solyc03g098740,10,0.8,Collenchyma;Columella;Inner epidermis;Outer epidermis;Parenchyma;Placenta;Total pericarp;Vascular tissue,Collenchyma;Columella;Inner epidermis;Locular tissue;Outer epidermis;Parenchyma;Placenta;Seeds;Total pericarp;Vascular tissue
Solyc03g112030,9,1.0,Collenchyma;Columella;Inner epidermis;Locular tissue;Parenchyma;Placenta;Septum;Total pericarp;Vascular tissue,Collenchyma;Columella;Inner epidermis;Locular tissue;Parenchyma;Placenta;Septum;Total pericarp;Vascular tissue
Solyc03g112130,9,1.0,Collenchyma;Columella;Inner epidermis;Locular tissue;Parenchyma;Placenta;Septum;Total pericarp;Vascular tissue,Collenchyma;Columella;Inner epidermis;Locular tissue;Parenchyma;Placenta;Septum;Total pericarp;Vascular tissue
Solyc03g112760,11,0.8181818181818182,Collenchyma;Columella;Inner epidermis;Locular tissue;Outer epidermis;Parenchyma;Placenta;Septum;Total pericarp,Collenchyma;Columella;Inner epidermis;Locular tissue;Outer epidermis;Parenchyma;Placenta;Seeds;Septum;Total pericarp;Vascular tissue
Solyc03g113350,11,1.0,Collenchyma;Columella;Inner epidermis;Locular tissue;Outer epidermis;Parenchyma;Placenta;Seeds;Septum;Total pericarp;Vascular tissue,Collenchyma;Columella;Inner epidermis;Locular tissue;Outer epidermis;Parenchyma;Placenta;Seeds;Septum;Total pericarp;Vascular tissue
Solyc03g113930,10,1.0,Collenchyma;Columella;Inner epidermis;Locular tissue;Outer epidermis;Parenchyma;Placenta;Seeds;Septum;Total pericarp,Collenchyma;Columella;Inner epidermis;Locular tissue;Outer epidermis;Parenchyma;Placenta;Seeds;Septum;Total pericarp
Solyc03g114360,9,0.5555555555555556,Locular tissue;Parenchyma;Septum;Total pericarp;Vascular tissue,Columella;Locular tissue;Outer epidermis;Parenchyma;Placenta;Seeds;Septum;Total pericarp;Vascular tissue
Solyc03g115000,11,1.0,Collenchyma;Columella;Inner epidermis;Locular tissue;Outer epidermis;Parenchyma;Placenta;Seeds;Septum;Total pericarp;Vascular tissue,Collenchyma;Columella;Inner epidermis;Locular tissue;Outer epidermis;Parenchyma;Placenta;Seeds;Septum;Total pericarp;Vascular tissue
Solyc03g115640,10,1.0,Collenchyma;Columella;Inner epidermis;Locular tissue;Outer epidermis;Parenchyma;Placenta;Septum;Total pericarp;Vascular tissue,Collenchyma;Columella;Inner epidermis;Locular tissue;Outer epidermis;Parenchyma;Placenta;Septum;Total pericarp;Vascular tissue
Solyc03g116510,11,0.8181818181818182,Collenchyma;Columella;Inner epidermis;Parenchyma;Placenta;Seeds;Septum;Total pericarp;Vascular tissue,Collenchyma;Columella;Inner epidermis;Locular tissue;Outer epidermis;Parenchyma;Placenta;Seeds;Septum;Total pericarp;Vascular tissue
Solyc03g117300,11,0.9090909090909091,Collenchyma;Columella;Inner epidermis;Locular tissue;Outer epidermis;Parenchyma;Placenta;Septum;Total pericarp;Vascular tissue,Collenchyma;Columella;Inner epidermis;Locular tissue;Outer epidermis;Parenchyma;Placenta;Seeds;Septum;Total pericarp;Vascular tissue
Solyc03g117630,11,0.8181818181818182,Collenchyma;Columella;Inner epidermis;Locular tissue;Outer epidermis;Parenchyma;Placenta;Septum;Total pericarp,Collenchyma;Columella;Inner epidermis;Locular tissue;Outer epidermis;Parenchyma;Placenta;Seeds;Septum;Total pericarp;Vascular tissue
Solyc03g117690,10,1.0,Collenchyma;Columella;Inner epidermis;Locular tissue;Outer epidermis;Parenchyma;Placenta;Septum;Total pericarp;Vascular tissue,Collenchyma;Columella;Inner epidermis;Locular tissue;Outer epidermis;Parenchyma;Placenta;Septum;Total pericarp;Vascular tissue
Solyc03g118060,10,1.0,Collenchyma;Columella;Inner epidermis;Locular tissue;Outer epidermis;Parenchyma;Placenta;Seeds;Septum;Total pericarp,Collenchyma;Columella;Inner epidermis;Locular tissue;Outer epidermis;Parenchyma;Placenta;Seeds;Septum;Total pericarp
Solyc03g118100,1,1.0,Outer epidermis,Outer epidermis
Solyc03g118120,11,1.0,Collenchyma;Columella;Inner epidermis;Locular tissue;Outer epidermis;Parenchyma;Placenta;Seeds;Septum;Total pericarp;Vascular tissue,Collenchyma;Columella;Inner epidermis;Locular tissue;Outer epidermis;Parenchyma;Placenta;Seeds;Septum;Total pericarp;Vascular tissue
Solyc03g118370,2,1.0,Parenchyma;Vascular tissue,Parenchyma;Vascular tissue
Solyc03g118510,11,1.0,Collenchyma;Columella;Inner epidermis;Locular tissue;Outer epidermis;Parenchyma;Placenta;Seeds;Septum;Total pericarp;Vascular tissue,Collenchyma;Columella;Inner epidermis;Locular tissue;Outer epidermis;Parenchyma;Placenta;Seeds;Septum;Total pericarp;Vascular tissue
Solyc03g120290,11,1.0,Collenchyma;Columella;Inner epidermis;Locular tissue;Outer epidermis;Parenchyma;Placenta;Seeds;Septum;Total pericarp;Vascular tissue,Collenchyma;Columella;Inner epidermis;Locular tissue;Outer epidermis;Parenchyma;Placenta;Seeds;Septum;Total pericarp;Vascular tissue
Solyc03g120570,11,1.0,Collenchyma;Columella;Inner epidermis;Locular tissue;Outer epidermis;Parenchyma;Placenta;Seeds;Septum;Total pericarp;Vascular tissue,Collenchyma;Columella;Inner epidermis;Locular tissue;Outer epidermis;Parenchyma;Placenta;Seeds;Septum;Total pericarp;Vascular tissue
Solyc03g120890,11,1.0,Collenchyma;Columella;Inner epidermis;Locular tissue;Outer epidermis;Parenchyma;Placenta;Seeds;Septum;Total pericarp;Vascular tissue,Collenchyma;Columella;Inner epidermis;Locular tissue;Outer epidermis;Parenchyma;Placenta;Seeds;Septum;Total pericarp;Vascular tissue
Solyc03g121180,8,1.0,Columella;Inner epidermis;Locular tissue;Outer epidermis;Placenta;Seeds;Septum;Total pericarp,Columella;Inner epidermis;Locular tissue;Outer epidermis;Placenta;Seeds;Septum;Total pericarp
Solyc03g121600,4,1.0,Inner epidermis;Outer epidermis;Seeds;Total pericarp,Inner epidermis;Outer epidermis;Seeds;Total pericarp
Solyc03g121720,11,1.0,Collenchyma;Columella;Inner epidermis;Locular tissue;Outer epidermis;Parenchyma;Placenta;Seeds;Septum;Total pericarp;Vascular tissue,Collenchyma;Columella;Inner epidermis;Locular tissue;Outer epidermis;Parenchyma;Placenta;Seeds;Septum;Total pericarp;Vascular tissue
Solyc03g122130,11,1.0,Collenchyma;Columella;Inner epidermis;Locular tissue;Outer epidermis;Parenchyma;Placenta;Seeds;Septum;Total pericarp;Vascular tissue,Collenchyma;Columella;Inner epidermis;Locular tissue;Outer epidermis;Parenchyma;Placenta;Seeds;Septum;Total pericarp;Vascular tissue
Solyc03g122350,11,0.7272727272727273,Collenchyma;Inner epidermis;Outer epidermis;Parenchyma;Placenta;Septum;Total pericarp;Vascular tissue,Collenchyma;Columella;Inner epidermis;Locular tissue;Outer epidermis;Parenchyma;Placenta;Seeds;Septum;Total pericarp;Vascular tissue
Solyc03g123830,11,0.8181818181818182,Collenchyma;Columella;Inner epidermis;Locular tissue;Outer epidermis;Parenchyma;Placenta;Septum;Total pericarp,Collenchyma;Columella;Inner epidermis;Locular tissue;Outer epidermis;Parenchyma;Placenta;Seeds;Septum;Total pericarp;Vascular tissue
Solyc04g009530,11,1.0,Collenchyma;Columella;Inner epidermis;Locular tissue;Outer epidermis;Parenchyma;Placenta;Seeds;Septum;Total pericarp;Vascular tissue,Collenchyma;Columella;Inner epidermis;Locular tissue;Outer epidermis;Parenchyma;Placenta;Seeds;Septum;Total pericarp;Vascular tissue
Solyc04g012060,11,0.8181818181818182,Collenchyma;Columella;Inner epidermis;Locular tissue;Outer epidermis;Parenchyma;Septum;Total pericarp;Vascular tissue,Collenchyma;Columella;Inner epidermis;Locular tissue;Outer epidermis;Parenchyma;Placenta;Seeds;Septum;Total pericarp;Vascular tissue
Solyc04g015390,6,1.0,Collenchyma;Inner epidermis;Outer epidermis;Parenchyma;Septum;Total pericarp,Collenchyma;Inner epidermis;Outer epidermis;Parenchyma;Septum;Total pericarp
Solyc04g015640,5,1.0,Columella;Locular tissue;Placenta;Septum;Total pericarp,Columella;Locular tissue;Placenta;Septum;Total pericarp
Solyc04g016000,2,0.5,Vascular tissue,Seeds;Vascular tissue
Solyc04g016200,8,1.0,Collenchyma;Columella;Outer epidermis;Parenchyma;Placenta;Septum;Total pericarp;Vascular tissue,Collenchyma;Columella;Outer epidermis;Parenchyma;Placenta;Septum;Total pericarp;Vascular tissue
Solyc04g016330,11,1.0,Collenchyma;Columella;Inner epidermis;Locular tissue;Outer epidermis;Parenchyma;Placenta;Seeds;Septum;Total pericarp;Vascular tissue,Collenchyma;Columella;Inner epidermis;Locular tissue;Outer epidermis;Parenchyma;Placenta;Seeds;Septum;Total pericarp;Vascular tissue
Solyc04g053010,6,1.0,Collenchyma;Inner epidermis;Outer epidermis;Parenchyma;Septum;Total pericarp,Collenchyma;Inner epidermis;Outer epidermis;Parenchyma;Septum;Total pericarp
Solyc04g054740,11,0.9090909090909091,Collenchyma;Columella;Inner epidermis;Locular tissue;Outer epidermis;Parenchyma;Placenta;Seeds;Septum;Total pericarp,Collenchyma;Columella;Inner epidermis;Locular tissue;Outer epidermis;Parenchyma;Placenta;Seeds;Septum;Total pericarp;Vascular tissue
Solyc04g054990,10,1.0,Collenchyma;Columella;Inner epidermis;Locular tissue;Outer epidermis;Parenchyma;Placenta;Seeds;Septum;Total pericarp,Collenchyma;Columella;Inner epidermis;Locular tissue;Outer epidermis;Parenchyma;Placenta;Seeds;Septum;Total pericarp
Solyc04g064620,10,1.0,Collenchyma;Columella;Inner epidermis;Locular tissue;Outer epidermis;Parenchyma;Placenta;Seeds;Septum;Total pericarp,Collenchyma;Columella;Inner epidermis;Locular tissue;Outer epidermis;Parenchyma;Placenta;Seeds;Septum;Total pericarp
Solyc04g064870,8,1.0,Columella;Locular tissue;Parenchyma;Placenta;Seeds;Septum;Total pericarp;Vascular tissue,Columella;Locular tissue;Parenchyma;Placenta;Seeds;Septum;Total pericarp;Vascular tissue
Solyc04g064940,6,1.0,Columella;Locular tissue;Parenchyma;Placenta;Septum;Total pericarp,Columella;Locular tissue;Parenchyma;Placenta;Septum;Total pericarp
Solyc04g070970,2,0.5,Total pericarp,Outer epidermis;Total pericarp
Solyc04g071590,6,0.5,Columella;Parenchyma;Total pericarp,Columella;Inner epidermis;Parenchyma;Seeds;Total pericarp;Vascular tissue
Solyc04g071800,11,1.0,Collenchyma;Columella;Inner epidermis;Locular tissue;Outer epidermis;Parenchyma;Placenta;Seeds;Septum;Total pericarp;Vascular tissue,Collenchyma;Columella;Inner epidermis;Locular tissue;Outer epidermis;Parenchyma;Placenta;Seeds;Septum;Total pericarp;Vascular tissue
Solyc04g072850,11,0.9090909090909091,Collenchyma;Columella;Inner epidermis;Locular tissue;Outer epidermis;Parenchyma;Placenta;Septum;Total pericarp;Vascular tissue,Collenchyma;Columella;Inner epidermis;Locular tissue;Outer epidermis;Parenchyma;Placenta;Seeds;Septum;Total pericarp;Vascular tissue
Solyc04g074110,11,0.9090909090909091,Collenchyma;Columella;Inner epidermis;Locular tissue;Outer epidermis;Parenchyma;Placenta;Septum;Total pericarp;Vascular tissue,Collenchyma;Columella;Inner epidermis;Locular tissue;Outer epidermis;Parenchyma;Placenta;Seeds;Septum;Total pericarp;Vascular tissue
Solyc04g076220,11,1.0,Collenchyma;Columella;Inner epidermis;Locular tissue;Outer epidermis;Parenchyma;Placenta;Seeds;Septum;Total pericarp;Vascular tissue,Collenchyma;Columella;Inner epidermis;Locular tissue;Outer epidermis;Parenchyma;Placenta;Seeds;Septum;Total pericarp;Vascular tissue
Solyc04g077620,1,1.0,Columella,Columella
Solyc04g077640,9,1.0,Collenchyma;Columella;Inner epidermis;Locular tissue;Parenchyma;Placenta;Seeds;Septum;Total pericarp,Collenchyma;Columella;Inner epidermis;Locular tissue;Parenchyma;Placenta;Seeds;Septum;Total pericarp
Solyc04g080250,11,0.9090909090909091,Collenchyma;Columella;Inner epidermis;Locular tissue;Outer epidermis;Parenchyma;Placenta;Seeds;Septum;Total pericarp,Collenchyma;Columella;Inner epidermis;Locular tissue;Outer epidermis;Parenchyma;Placenta;Seeds;Septum;Total pericarp;Vascular tissue
Solyc04g080540,11,0.7272727272727273,Inner epidermis;Locular tissue;Outer epidermis;Parenchyma;Placenta;Seeds;Septum;Total pericarp,Collenchyma;Columella;Inner epidermis;Locular tissue;Outer epidermis;Parenchyma;Placenta;Seeds;Septum;Total pericarp;Vascular tissue
Solyc04g081300,11,1.0,Collenchyma;Columella;Inner epidermis;Locular tissue;Outer epidermis;Parenchyma;Placenta;Seeds;Septum;Total pericarp;Vascular tissue,Collenchyma;Columella;Inner epidermis;Locular tissue;Outer epidermis;Parenchyma;Placenta;Seeds;Septum;Total pericarp;Vascular tissue
Solyc04g082120,7,1.0,Columella;Locular tissue;Placenta;Seeds;Septum;Total pericarp;Vascular tissue,Columella;Locular tissue;Placenta;Seeds;Septum;Total pericarp;Vascular tissue
Solyc05g005550,10,1.0,Collenchyma;Columella;Inner epidermis;Locular tissue;Outer epidermis;Parenchyma;Placenta;Septum;Total pericarp;Vascular tissue,Collenchyma;Columella;Inner epidermis;Locular tissue;Outer epidermis;Parenchyma;Placenta;Septum;Total pericarp;Vascular tissue
Solyc05g005920,11,0.9090909090909091,Collenchyma;Columella;Inner epidermis;Locular tissue;Parenchyma;Placenta;Seeds;Septum;Total pericarp;Vascular tissue,Collenchyma;Columella;Inner epidermis;Locular tissue;Outer epidermis;Parenchyma;Placenta;Seeds;Septum;Total pericarp;Vascular tissue
Solyc05g005960,11,1.0,Collenchyma;Columella;Inner epidermis;Locular tissue;Outer epidermis;Parenchyma;Placenta;Seeds;Septum;Total pericarp;Vascular tissue,Collenchyma;Columella;Inner epidermis;Locular tissue;Outer epidermis;Parenchyma;Placenta;Seeds;Septum;Total pericarp;Vascular tissue
Solyc05g006740,11,1.0,Collenchyma;Columella;Inner epidermis;Locular tissue;Outer epidermis;Parenchyma;Placenta;Seeds;Septum;Total pericarp;Vascular tissue,Collenchyma;Columella;Inner epidermis;Locular tissue;Outer epidermis;Parenchyma;Placenta;Seeds;Septum;Total pericarp;Vascular tissue
Solyc05g007120,11,1.0,Collenchyma;Columella;Inner epidermis;Locular tissue;Outer epidermis;Parenchyma;Placenta;Seeds;Septum;Total pericarp;Vascular tissue,Collenchyma;Columella;Inner epidermis;Locular tissue;Outer epidermis;Parenchyma;Placenta;Seeds;Septum;Total pericarp;Vascular tissue
Solyc05g007770,8,1.0,Columella;Inner epidermis;Locular tissue;Placenta;Seeds;Septum;Total pericarp;Vascular tissue,Columella;Inner epidermis;Locular tissue;Placenta;Seeds;Septum;Total pericarp;Vascular tissue
Solyc05g009650,1,0.0,,Columella
Solyc05g010320,9,1.0,Collenchyma;Columella;Inner epidermis;Locular tissue;Parenchyma;Placenta;Seeds;Septum;Total pericarp,Collenchyma;Columella;Inner epidermis;Locular tissue;Parenchyma;Placenta;Seeds;Septum;Total pericarp
Solyc05g011960,11,1.0,Collenchyma;Columella;Inner epidermis;Locular tissue;Outer epidermis;Parenchyma;Placenta;Seeds;Septum;Total pericarp;Vascular tissue,Collenchyma;Columella;Inner epidermis;Locular tissue;Outer epidermis;Parenchyma;Placenta;Seeds;Septum;Total pericarp;Vascular tissue
Solyc05g011970,11,0.9090909090909091,Collenchyma;Columella;Inner epidermis;Locular tissue;Parenchyma;Placenta;Seeds;Septum;Total pericarp;Vascular tissue,Collenchyma;Columella;Inner epidermis;Locular tissue;Outer epidermis;Parenchyma;Placenta;Seeds;Septum;Total pericarp;Vascular tissue
Solyc05g012020,11,1.0,Collenchyma;Columella;Inner epidermis;Locular tissue;Outer epidermis;Parenchyma;Placenta;Seeds;Septum;Total pericarp;Vascular tissue,Collenchyma;Columella;Inner epidermis;Locular tissue;Outer epidermis;Parenchyma;Placenta;Seeds;Septum;Total pericarp;Vascular tissue
Solyc05g012510,11,1.0,Collenchyma;Columella;Inner epidermis;Locular tissue;Outer epidermis;Parenchyma;Placenta;Seeds;Septum;Total pericarp;Vascular tissue,Collenchyma;Columella;Inner epidermis;Locular tissue;Outer epidermis;Parenchyma;Placenta;Seeds;Septum;Total pericarp;Vascular tissue
Solyc05g014000,11,1.0,Collenchyma;Columella;Inner epidermis;Locular tissue;Outer epidermis;Parenchyma;Placenta;Seeds;Septum;Total pericarp;Vascular tissue,Collenchyma;Columella;Inner epidermis;Locular tissue;Outer epidermis;Parenchyma;Placenta;Seeds;Septum;Total pericarp;Vascular tissue
Solyc05g014280,10,1.0,Collenchyma;Columella;Inner epidermis;Locular tissue;Outer epidermis;Parenchyma;Placenta;Seeds;Septum;Total pericarp,Collenchyma;Columella;Inner epidermis;Locular tissue;Outer epidermis;Parenchyma;Placenta;Seeds;Septum;Total pericarp
Solyc05g014300,5,1.0,Columella;Locular tissue;Placenta;Septum;Total pericarp,Columella;Locular tissue;Placenta;Septum;Total pericarp
Solyc05g015360,3,1.0,Locular tissue;Placenta;Septum,Locular tissue;Placenta;Septum
Solyc05g015370,5,1.0,Columella;Locular tissue;Placenta;Septum;Total pericarp,Columella;Locular tissue;Placenta;Septum;Total pericarp
Solyc05g015380,6,0.6666666666666666,Placenta;Seeds;Septum;Total pericarp,Columella;Locular tissue;Placenta;Seeds;Septum;Total pericarp
Solyc05g018510,9,1.0,Collenchyma;Columella;Inner epidermis;Locular tissue;Outer epidermis;Placenta;Seeds;Septum;Total pericarp,Collenchyma;Columella;Inner epidermis;Locular tissue;Outer epidermis;Placenta;Seeds;Septum;Total pericarp
Solyc05g025600,11,1.0,Collenchyma;Columella;Inner epidermis;Locular tissue;Outer epidermis;Parenchyma;Placenta;Seeds;Septum;Total pericarp;Vascular tissue,Collenchyma;Columella;Inner epidermis;Locular tissue;Outer epidermis;Parenchyma;Placenta;Seeds;Septum;Total pericarp;Vascular tissue
Solyc05g025690,4,0.5,Columella;Placenta,Columella;Locular tissue;Placenta;Seeds
Solyc05g026240,11,1.0,Collenchyma;Columella;Inner epidermis;Locular tissue;Outer epidermis;Parenchyma;Placenta;Seeds;Septum;Total pericarp;Vascular tissue,Collenchyma;Columella;Inner epidermis;Locular tissue;Outer epidermis;Parenchyma;Placenta;Seeds;Septum;Total pericarp;Vascular tissue
Solyc05g041430,11,1.0,Collenchyma;Columella;Inner epidermis;Locular tissue;Outer epidermis;Parenchyma;Placenta;Seeds;Septum;Total pericarp;Vascular tissue,Collenchyma;Columella;Inner epidermis;Locular tissue;Outer epidermis;Parenchyma;Placenta;Seeds;Septum;Total pericarp;Vascular tissue
Solyc05g047530,8,0.75,Collenchyma;Columella;Inner epidermis;Outer epidermis;Parenchyma;Total pericarp,Collenchyma;Columella;Inner epidermis;Outer epidermis;Parenchyma;Seeds;Total pericarp;Vascular tissue
Solyc05g051010,9,1.0,Collenchyma;Columella;Inner epidermis;Locular tissue;Outer epidermis;Parenchyma;Placenta;Septum;Total pericarp,Collenchyma;Columella;Inner epidermis;Locular tissue;Outer epidermis;Parenchyma;Placenta;Septum;Total pericarp
Solyc05g053310,11,1.0,Collenchyma;Columella;Inner epidermis;Locular tissue;Outer epidermis;Parenchyma;Placenta;Seeds;Septum;Total pericarp;Vascular tissue,Collenchyma;Columella;Inner epidermis;Locular tissue;Outer epidermis;Parenchyma;Placenta;Seeds;Septum;Total pericarp;Vascular tissue
Solyc05g053640,4,1.0,Locular tissue;Placenta;Seeds;Septum,Locular tissue;Placenta;Seeds;Septum
Solyc05g054090,10,1.0,Collenchyma;Columella;Inner epidermis;Locular tissue;Parenchyma;Placenta;Seeds;Septum;Total pericarp;Vascular tissue,Collenchyma;Columella;Inner epidermis;Locular tissue;Parenchyma;Placenta;Seeds;Septum;Total pericarp;Vascular tissue
Solyc05g054330,11,1.0,Collenchyma;Columella;Inner epidermis;Locular tissue;Outer epidermis;Parenchyma;Placenta;Seeds;Septum;Total pericarp;Vascular tissue,Collenchyma;Columella;Inner epidermis;Locular tissue;Outer epidermis;Parenchyma;Placenta;Seeds;Septum;Total pericarp;Vascular tissue
Solyc05g055400,6,1.0,Inner epidermis;Locular tissue;Outer epidermis;Seeds;Septum;Total pericarp,Inner epidermis;Locular tissue;Outer epidermis;Seeds;Septum;Total pericarp
Solyc05g056170,7,1.0,Columella;Locular tissue;Outer epidermis;Placenta;Seeds;Total pericarp;Vascular tissue,Columella;Locular tissue;Outer epidermis;Placenta;Seeds;Total pericarp;Vascular tissue
Solyc06g005300,1,1.0,Placenta,Placenta
Solyc06g006090,5,1.0,Columella;Parenchyma;Placenta;Septum;Total pericarp,Columella;Parenchyma;Placenta;Septum;Total pericarp
Solyc06g009190,10,1.0,Collenchyma;Columella;Inner epidermis;Locular tissue;Outer epidermis;Parenchyma;Placenta;Septum;Total pericarp;Vascular tissue,Collenchyma;Columella;Inner epidermis;Locular tissue;Outer epidermis;Parenchyma;Placenta;Septum;Total pericarp;Vascular tissue
Solyc06g009770,4,1.0,Inner epidermis;Outer epidermis;Seeds;Total pericarp,Inner epidermis;Outer epidermis;Seeds;Total pericarp
Solyc06g035580,5,1.0,Inner epidermis;Outer epidermis;Seeds;Septum;Total pericarp,Inner epidermis;Outer epidermis;Seeds;Septum;Total pericarp
Solyc06g035610,10,1.0,Collenchyma;Columella;Inner epidermis;Locular tissue;Outer epidermis;Parenchyma;Placenta;Septum;Total pericarp;Vascular tissue,Collenchyma;Columella;Inner epidermis;Locular tissue;Outer epidermis;Parenchyma;Placenta;Septum;Total pericarp;Vascular tissue
Solyc06g048440,6,1.0,Columella;Locular tissue;Placenta;Seeds;Septum;Total pericarp,Columella;Locular tissue;Placenta;Seeds;Septum;Total pericarp
Solyc06g048470,11,1.0,Collenchyma;Columella;Inner epidermis;Locular tissue;Outer epidermis;Parenchyma;Placenta;Seeds;Septum;Total pericarp;Vascular tissue,Collenchyma;Columella;Inner epidermis;Locular tissue;Outer epidermis;Parenchyma;Placenta;Seeds;Septum;Total pericarp;Vascular tissue
Solyc06g050840,8,1.0,Columella;Inner epidermis;Locular tissue;Parenchyma;Placenta;Seeds;Septum;Total pericarp,Columella;Inner epidermis;Locular tissue;Parenchyma;Placenta;Seeds;Septum;Total pericarp
Solyc06g050870,2,1.0,Locular tissue;Seeds,Locular tissue;Seeds
Solyc06g051800,11,0.9090909090909091,Collenchyma;Columella;Inner epidermis;Locular tissue;Outer epidermis;Parenchyma;Placenta;Seeds;Septum;Total pericarp,Collenchyma;Columella;Inner epidermis;Locular tissue;Outer epidermis;Parenchyma;Placenta;Seeds;Septum;Total pericarp;Vascular tissue
Solyc06g053620,11,1.0,Collenchyma;Columella;Inner epidermis;Locular tissue;Outer epidermis;Parenchyma;Placenta;Seeds;Septum;Total pericarp;Vascular tissue,Collenchyma;Columella;Inner epidermis;Locular tissue;Outer epidermis;Parenchyma;Placenta;Seeds;Septum;Total pericarp;Vascular tissue
Solyc06g053950,11,1.0,Collenchyma;Columella;Inner epidermis;Locular tissue;Outer epidermis;Parenchyma;Placenta;Seeds;Septum;Total pericarp;Vascular tissue,Collenchyma;Columella;Inner epidermis;Locular tissue;Outer epidermis;Parenchyma;Placenta;Seeds;Septum;Total pericarp;Vascular tissue
Solyc06g054320,10,1.0,Collenchyma;Columella;Inner epidermis;Locular tissue;Outer epidermis;Parenchyma;Placenta;Septum;Total pericarp;Vascular tissue,Collenchyma;Columella;Inner epidermis;Locular tissue;Outer epidermis;Parenchyma;Placenta;Septum;Total pericarp;Vascular tissue
Solyc06g061170,11,0.9090909090909091,Collenchyma;Columella;Inner epidermis;Locular tissue;Outer epidermis;Parenchyma;Placenta;Septum;Total pericarp;Vascular tissue,Collenchyma;Columella;Inner epidermis;Locular tissue;Outer epidermis;Parenchyma;Placenta;Seeds;Septum;Total pericarp;Vascular tissue
Solyc06g064900,11,1.0,Collenchyma;Columella;Inner epidermis;Locular tissue;Outer epidermis;Parenchyma;Placenta;Seeds;Septum;Total pericarp;Vascular tissue,Collenchyma;Columella;Inner epidermis;Locular tissue;Outer epidermis;Parenchyma;Placenta;Seeds;Septum;Total pericarp;Vascular tissue
Solyc06g065670,10,1.0,Collenchyma;Columella;Inner epidermis;Locular tissue;Outer epidermis;Placenta;Seeds;Septum;Total pericarp;Vascular tissue,Collenchyma;Columella;Inner epidermis;Locular tissue;Outer epidermis;Placenta;Seeds;Septum;Total pericarp;Vascular tissue
Solyc06g068900,11,1.0,Collenchyma;Columella;Inner epidermis;Locular tissue;Outer epidermis;Parenchyma;Placenta;Seeds;Septum;Total pericarp;Vascular tissue,Collenchyma;Columella;Inner epidermis;Locular tissue;Outer epidermis;Parenchyma;Placenta;Seeds;Septum;Total pericarp;Vascular tissue
Solyc06g069380,11,1.0,Collenchyma;Columella;Inner epidermis;Locular tissue;Outer epidermis;Parenchyma;Placenta;Seeds;Septum;Total pericarp;Vascular tissue,Collenchyma;Columella;Inner epidermis;Locular tissue;Outer epidermis;Parenchyma;Placenta;Seeds;Septum;Total pericarp;Vascular tissue
Solyc06g069430,11,1.0,Collenchyma;Columella;Inner epidermis;Locular tissue;Outer epidermis;Parenchyma;Placenta;Seeds;Septum;Total pericarp;Vascular tissue,Collenchyma;Columella;Inner epidermis;Locular tissue;Outer epidermis;Parenchyma;Placenta;Seeds;Septum;Total pericarp;Vascular tissue
Solyc06g069730,2,1.0,Columella;Inner epidermis,Columella;Inner epidermis
Solyc06g071290,11,1.0,Collenchyma;Columella;Inner epidermis;Locular tissue;Outer epidermis;Parenchyma;Placenta;Seeds;Septum;Total pericarp;Vascular tissue,Collenchyma;Columella;Inner epidermis;Locular tissue;Outer epidermis;Parenchyma;Placenta;Seeds;Septum;Total pericarp;Vascular tissue
Solyc06g072650,8,1.0,Columella;Locular tissue;Parenchyma;Placenta;Seeds;Septum;Total pericarp;Vascular tissue,Columella;Locular tissue;Parenchyma;Placenta;Seeds;Septum;Total pericarp;Vascular tissue
Solyc06g072700,9,0.8888888888888888,Collenchyma;Columella;Locular tissue;Parenchyma;Placenta;Septum;Total pericarp;Vascular tissue,Collenchyma;Columella;Locular tissue;Parenchyma;Placenta;Seeds;Septum;Total pericarp;Vascular tissue
Solyc06g074000,11,1.0,Collenchyma;Columella;Inner epidermis;Locular tissue;Outer epidermis;Parenchyma;Placenta;Seeds;Septum;Total pericarp;Vascular tissue,Collenchyma;Columella;Inner epidermis;Locular tissue;Outer epidermis;Parenchyma;Placenta;Seeds;Septum;Total pericarp;Vascular tissue
Solyc06g074260,11,0.9090909090909091,Collenchyma;Columella;Inner epidermis;Locular tissue;Outer epidermis;Parenchyma;Placenta;Septum;Total pericarp;Vascular tissue,Collenchyma;Columella;Inner epidermis;Locular tissue;Outer epidermis;Parenchyma;Placenta;Seeds;Septum;Total pericarp;Vascular tissue
Solyc06g082460,9,1.0,Collenchyma;Columella;Locular tissue;Parenchyma;Placenta;Seeds;Septum;Total pericarp;Vascular tissue,Collenchyma;Columella;Locular tissue;Parenchyma;Placenta;Seeds;Septum;Total pericarp;Vascular tissue
Solyc06g083070,8,1.0,Collenchyma;Columella;Inner epidermis;Locular tissue;Parenchyma;Placenta;Septum;Total pericarp,Collenchyma;Columella;Inner epidermis;Locular tissue;Parenchyma;Placenta;Septum;Total pericarp
Solyc06g083580,11,1.0,Collenchyma;Columella;Inner epidermis;Locular tissue;Outer epidermis;Parenchyma;Placenta;Seeds;Septum;Total pericarp;Vascular tissue,Collenchyma;Columella;Inner epidermis;Locular tissue;Outer epidermis;Parenchyma;Placenta;Seeds;Septum;Total pericarp;Vascular tissue
Solyc06g084030,10,0.9,Collenchyma;Columella;Inner epidermis;Locular tissue;Parenchyma;Placenta;Seeds;Septum;Total pericarp,Collenchyma;Columella;Inner epidermis;Locular tissue;Outer epidermis;Parenchyma;Placenta;Seeds;Septum;Total pericarp
Solyc06g084050,11,1.0,Collenchyma;Columella;Inner epidermis;Locular tissue;Outer epidermis;Parenchyma;Placenta;Seeds;Septum;Total pericarp;Vascular tissue,Collenchyma;Columella;Inner epidermis;Locular tissue;Outer epidermis;Parenchyma;Placenta;Seeds;Septum;Total pericarp;Vascular tissue
Solyc07g005390,11,1.0,Collenchyma;Columella;Inner epidermis;Locular tissue;Outer epidermis;Parenchyma;Placenta;Seeds;Septum;Total pericarp;Vascular tissue,Collenchyma;Columella;Inner epidermis;Locular tissue;Outer epidermis;Parenchyma;Placenta;Seeds;Septum;Total pericarp;Vascular tissue
Solyc07g007350,11,0.9090909090909091,Collenchyma;Inner epidermis;Locular tissue;Outer epidermis;Parenchyma;Placenta;Seeds;Septum;Total pericarp;Vascular tissue,Collenchyma;Columella;Inner epidermis;Locular tissue;Outer epidermis;Parenchyma;Placenta;Seeds;Septum;Total pericarp;Vascular tissue
Solyc07g007550,11,1.0,Collenchyma;Columella;Inner epidermis;Locular tissue;Outer epidermis;Parenchyma;Placenta;Seeds;Septum;Total pericarp;Vascular tissue,Collenchyma;Columella;Inner epidermis;Locular tissue;Outer epidermis;Parenchyma;Placenta;Seeds;Septum;Total pericarp;Vascular tissue
Solyc07g007750,11,1.0,Collenchyma;Columella;Inner epidermis;Locular tissue;Outer epidermis;Parenchyma;Placenta;Seeds;Septum;Total pericarp;Vascular tissue,Collenchyma;Columella;Inner epidermis;Locular tissue;Outer epidermis;Parenchyma;Placenta;Seeds;Septum;Total pericarp;Vascular tissue
Solyc07g008210,8,1.0,Columella;Inner epidermis;Locular tissue;Parenchyma;Placenta;Seeds;Septum;Total pericarp,Columella;Inner epidermis;Locular tissue;Parenchyma;Placenta;Seeds;Septum;Total pericarp
Solyc07g008430,10,1.0,Collenchyma;Columella;Inner epidermis;Locular tissue;Parenchyma;Placenta;Seeds;Septum;Total pericarp;Vascular tissue,Collenchyma;Columella;Inner epidermis;Locular tissue;Parenchyma;Placenta;Seeds;Septum;Total pericarp;Vascular tissue
Solyc07g008620,10,1.0,Collenchyma;Columella;Inner epidermis;Locular tissue;Outer epidermis;Parenchyma;Placenta;Septum;Total pericarp;Vascular tissue,Collenchyma;Columella;Inner epidermis;Locular tissue;Outer epidermis;Parenchyma;Placenta;Septum;Total pericarp;Vascular tissue
Solyc07g016170,11,1.0,Collenchyma;Columella;Inner epidermis;Locular tissue;Outer epidermis;Parenchyma;Placenta;Seeds;Septum;Total pericarp;Vascular tissue,Collenchyma;Columella;Inner epidermis;Locular tissue;Outer epidermis;Parenchyma;Placenta;Seeds;Septum;Total pericarp;Vascular tissue
Solyc07g017600,11,1.0,Collenchyma;Columella;Inner epidermis;Locular tissue;Outer epidermis;Parenchyma;Placenta;Seeds;Septum;Total pericarp;Vascular tissue,Collenchyma;Columella;Inner epidermis;Locular tissue;Outer epidermis;Parenchyma;Placenta;Seeds;Septum;Total pericarp;Vascular tissue
Solyc07g017950,4,1.0,Inner epidermis;Outer epidermis;Seeds;Total pericarp,Inner epidermis;Outer epidermis;Seeds;Total pericarp
Solyc07g022900,11,1.0,Collenchyma;Columella;Inner epidermis;Locular tissue;Outer epidermis;Parenchyma;Placenta;Seeds;Septum;Total pericarp;Vascular tissue,Collenchyma;Columella;Inner epidermis;Locular tissue;Outer epidermis;Parenchyma;Placenta;Seeds;Septum;Total pericarp;Vascular tissue
Solyc07g041640,9,0.8888888888888888,Collenchyma;Columella;Inner epidermis;Outer epidermis;Parenchyma;Placenta;Septum;Total pericarp,Collenchyma;Columella;Inner epidermis;Outer epidermis;Parenchyma;Placenta;Seeds;Septum;Total pericarp
Solyc07g042390,11,1.0,Collenchyma;Columella;Inner epidermis;Locular tissue;Outer epidermis;Parenchyma;Placenta;Seeds;Septum;Total pericarp;Vascular tissue,Collenchyma;Columella;Inner epidermis;Locular tissue;Outer epidermis;Parenchyma;Placenta;Seeds;Septum;Total pericarp;Vascular tissue
Solyc07g043420,11,0.9090909090909091,Collenchyma;Columella;Inner epidermis;Locular tissue;Outer epidermis;Parenchyma;Placenta;Septum;Total pericarp;Vascular tissue,Collenchyma;Columella;Inner epidermis;Locular tissue;Outer epidermis;Parenchyma;Placenta;Seeds;Septum;Total pericarp;Vascular tissue
Solyc07g043460,9,1.0,Collenchyma;Columella;Locular tissue;Outer epidermis;Parenchyma;Placenta;Seeds;Septum;Total pericarp,Collenchyma;Columella;Locular tissue;Outer epidermis;Parenchyma;Placenta;Seeds;Septum;Total pericarp
Solyc07g043500,9,1.0,Collenchyma;Columella;Locular tissue;Outer epidermis;Parenchyma;Placenta;Seeds;Septum;Total pericarp,Collenchyma;Columella;Locular tissue;Outer epidermis;Parenchyma;Placenta;Seeds;Septum;Total pericarp
Solyc07g049290,11,1.0,Collenchyma;Columella;Inner epidermis;Locular tissue;Outer epidermis;Parenchyma;Placenta;Seeds;Septum;Total pericarp;Vascular tissue,Collenchyma;Columella;Inner epidermis;Locular tissue;Outer epidermis;Parenchyma;Placenta;Seeds;Septum;Total pericarp;Vascular tissue
Solyc07g049300,11,1.0,Collenchyma;Columella;Inner epidermis;Locular tissue;Outer epidermis;Parenchyma;Placenta;Seeds;Septum;Total pericarp;Vascular tissue,Collenchyma;Columella;Inner epidermis;Locular tissue;Outer epidermis;Parenchyma;Placenta;Seeds;Septum;Total pericarp;Vascular tissue
Solyc07g049370,10,1.0,Collenchyma;Columella;Inner epidermis;Outer epidermis;Parenchyma;Placenta;Seeds;Septum;Total pericarp;Vascular tissue,Collenchyma;Columella;Inner epidermis;Outer epidermis;Parenchyma;Placenta;Seeds;Septum;Total pericarp;Vascular tissue
Solyc07g049440,4,1.0,Inner epidermis;Outer epidermis;Seeds;Total pericarp,Inner epidermis;Outer epidermis;Seeds;Total pericarp
Solyc07g051820,7,0.8571428571428571,Columella;Locular tissue;Parenchyma;Placenta;Septum;Total pericarp,Columella;Locular tissue;Parenchyma;Placenta;Seeds;Septum;Total pericarp
Solyc07g051950,11,0.9090909090909091,Collenchyma;Columella;Inner epidermis;Locular tissue;Outer epidermis;Parenchyma;Placenta;Seeds;Septum;Total pericarp,Collenchyma;Columella;Inner epidermis;Locular tissue;Outer epidermis;Parenchyma;Placenta;Seeds;Septum;Total pericarp;Vascular tissue
Solyc07g053540,10,1.0,Collenchyma;Columella;Inner epidermis;Locular tissue;Outer epidermis;Parenchyma;Placenta;Seeds;Septum;Total pericarp,Collenchyma;Columella;Inner epidermis;Locular tissue;Outer epidermis;Parenchyma;Placenta;Seeds;Septum;Total pericarp
Solyc07g054750,6,0.3333333333333333,Seeds;Total pericarp,Columella;Locular tissue;Placenta;Seeds;Septum;Total pericarp
Solyc07g054800,1,1.0,Locular tissue,Locular tissue
Solyc07g054860,8,1.0,Columella;Locular tissue;Parenchyma;Placenta;Seeds;Septum;Total pericarp;Vascular tissue,Columella;Locular tissue;Parenchyma;Placenta;Seeds;Septum;Total pericarp;Vascular tissue
Solyc07g055050,11,1.0,Collenchyma;Columella;Inner epidermis;Locular tissue;Outer epidermis;Parenchyma;Placenta;Seeds;Septum;Total pericarp;Vascular tissue,Collenchyma;Columella;Inner epidermis;Locular tissue;Outer epidermis;Parenchyma;Placenta;Seeds;Septum;Total pericarp;Vascular tissue
Solyc07g055690,1,0.0,,Seeds
Solyc07g056510,10,1.0,Collenchyma;Columella;Inner epidermis;Locular tissue;Outer epidermis;Parenchyma;Placenta;Seeds;Septum;Total pericarp,Collenchyma;Columella;Inner epidermis;Locular tissue;Outer epidermis;Parenchyma;Placenta;Seeds;Septum;Total pericarp
Solyc07g056540,11,0.9090909090909091,Collenchyma;Columella;Inner epidermis;Locular tissue;Outer epidermis;Parenchyma;Placenta;Septum;Total pericarp;Vascular tissue,Collenchyma;Columella;Inner epidermis;Locular tissue;Outer epidermis;Parenchyma;Placenta;Seeds;Septum;Total pericarp;Vascular tissue
Solyc07g056670,11,1.0,Collenchyma;Columella;Inner epidermis;Locular tissue;Outer epidermis;Parenchyma;Placenta;Seeds;Septum;Total pericarp;Vascular tissue,Collenchyma;Columella;Inner epidermis;Locular tissue;Outer epidermis;Parenchyma;Placenta;Seeds;Septum;Total pericarp;Vascular tissue
Solyc07g061970,11,1.0,Collenchyma;Columella;Inner epidermis;Locular tissue;Outer epidermis;Parenchyma;Placenta;Seeds;Septum;Total pericarp;Vascular tissue,Collenchyma;Columella;Inner epidermis;Locular tissue;Outer epidermis;Parenchyma;Placenta;Seeds;Septum;Total pericarp;Vascular tissue
Solyc07g062550,11,1.0,Collenchyma;Columella;Inner epidermis;Locular tissue;Outer epidermis;Parenchyma;Placenta;Seeds;Septum;Total pericarp;Vascular tissue,Collenchyma;Columella;Inner epidermis;Locular tissue;Outer epidermis;Parenchyma;Placenta;Seeds;Septum;Total pericarp;Vascular tissue
Solyc07g062670,8,1.0,Columella;Locular tissue;Parenchyma;Placenta;Seeds;Septum;Total pericarp;Vascular tissue,Columella;Locular tissue;Parenchyma;Placenta;Seeds;Septum;Total pericarp;Vascular tissue
Solyc07g063350,8,1.0,Collenchyma;Columella;Inner epidermis;Locular tissue;Parenchyma;Placenta;Septum;Total pericarp,Collenchyma;Columella;Inner epidermis;Locular tissue;Parenchyma;Placenta;Septum;Total pericarp
Solyc07g063600,11,1.0,Collenchyma;Columella;Inner epidermis;Locular tissue;Outer epidermis;Parenchyma;Placenta;Seeds;Septum;Total pericarp;Vascular tissue,Collenchyma;Columella;Inner epidermis;Locular tissue;Outer epidermis;Parenchyma;Placenta;Seeds;Septum;Total pericarp;Vascular tissue
Solyc07g063850,6,1.0,Columella;Locular tissue;Placenta;Seeds;Septum;Vascular tissue,Columella;Locular tissue;Placenta;Seeds;Septum;Vascular tissue
Solyc07g064720,4,0.5,Total pericarp;Vascular tissue,Columella;Placenta;Total pericarp;Vascular tissue
Solyc07g065290,11,0.9090909090909091,Collenchyma;Columella;Inner epidermis;Outer epidermis;Parenchyma;Placenta;Seeds;Septum;Total pericarp;Vascular tissue,Collenchyma;Columella;Inner epidermis;Locular tissue;Outer epidermis;Parenchyma;Placenta;Seeds;Septum;Total pericarp;Vascular tissue
Solyc07g065540,11,1.0,Collenchyma;Columella;Inner epidermis;Locular tissue;Outer epidermis;Parenchyma;Placenta;Seeds;Septum;Total pericarp;Vascular tissue,Collenchyma;Columella;Inner epidermis;Locular tissue;Outer epidermis;Parenchyma;Placenta;Seeds;Septum;Total pericarp;Vascular tissue
Solyc07g066150,11,1.0,Collenchyma;Columella;Inner epidermis;Locular tissue;Outer epidermis;Parenchyma;Placenta;Seeds;Septum;Total pericarp;Vascular tissue,Collenchyma;Columella;Inner epidermis;Locular tissue;Outer epidermis;Parenchyma;Placenta;Seeds;Septum;Total pericarp;Vascular tissue
Solyc08g005610,11,0.5454545454545454,Collenchyma;Inner epidermis;Parenchyma;Seeds;Septum;Total pericarp,Collenchyma;Columella;Inner epidermis;Locular tissue;Outer epidermis;Parenchyma;Placenta;Seeds;Septum;Total pericarp;Vascular tissue
Solyc08g005630,11,1.0,Collenchyma;Columella;Inner epidermis;Locular tissue;Outer epidermis;Parenchyma;Placenta;Seeds;Septum;Total pericarp;Vascular tissue,Collenchyma;Columella;Inner epidermis;Locular tissue;Outer epidermis;Parenchyma;Placenta;Seeds;Septum;Total pericarp;Vascular tissue
Solyc08g005770,11,1.0,Collenchyma;Columella;Inner epidermis;Locular tissue;Outer epidermis;Parenchyma;Placenta;Seeds;Septum;Total pericarp;Vascular tissue,Collenchyma;Columella;Inner epidermis;Locular tissue;Outer epidermis;Parenchyma;Placenta;Seeds;Septum;Total pericarp;Vascular tissue
Solyc08g006310,10,1.0,Collenchyma;Columella;Inner epidermis;Locular tissue;Outer epidermis;Parenchyma;Placenta;Septum;Total pericarp;Vascular tissue,Collenchyma;Columella;Inner epidermis;Locular tissue;Outer epidermis;Parenchyma;Placenta;Septum;Total pericarp;Vascular tissue
Solyc08g007240,11,1.0,Collenchyma;Columella;Inner epidermis;Locular tissue;Outer epidermis;Parenchyma;Placenta;Seeds;Septum;Total pericarp;Vascular tissue,Collenchyma;Columella;Inner epidermis;Locular tissue;Outer epidermis;Parenchyma;Placenta;Seeds;Septum;Total pericarp;Vascular tissue
Solyc08g007890,11,1.0,Collenchyma;Columella;Inner epidermis;Locular tissue;Outer epidermis;Parenchyma;Placenta;Seeds;Septum;Total pericarp;Vascular tissue,Collenchyma;Columella;Inner epidermis;Locular tissue;Outer epidermis;Parenchyma;Placenta;Seeds;Septum;Total pericarp;Vascular tissue
Solyc08g013670,11,1.0,Collenchyma;Columella;Inner epidermis;Locular tissue;Outer epidermis;Parenchyma;Placenta;Seeds;Septum;Total pericarp;Vascular tissue,Collenchyma;Columella;Inner epidermis;Locular tissue;Outer epidermis;Parenchyma;Placenta;Seeds;Septum;Total pericarp;Vascular tissue
Solyc08g014010,6,1.0,Collenchyma;Columella;Outer epidermis;Seeds;Total pericarp;Vascular tissue,Collenchyma;Columella;Outer epidermis;Seeds;Total pericarp;Vascular tissue
Solyc08g014130,11,1.0,Collenchyma;Columella;Inner epidermis;Locular tissue;Outer epidermis;Parenchyma;Placenta;Seeds;Septum;Total pericarp;Vascular tissue,Collenchyma;Columella;Inner epidermis;Locular tissue;Outer epidermis;Parenchyma;Placenta;Seeds;Septum;Total pericarp;Vascular tissue
Solyc08g016310,11,1.0,Collenchyma;Columella;Inner epidermis;Locular tissue;Outer epidermis;Parenchyma;Placenta;Seeds;Septum;Total pericarp;Vascular tissue,Collenchyma;Columella;Inner epidermis;Locular tissue;Outer epidermis;Parenchyma;Placenta;Seeds;Septum;Total pericarp;Vascular tissue
Solyc08g044260,8,0.75,Inner epidermis;Locular tissue;Placenta;Seeds;Septum;Total pericarp,Inner epidermis;Locular tissue;Outer epidermis;Placenta;Seeds;Septum;Total pericarp;Vascular tissue
Solyc08g061020,3,1.0,Columella;Placenta;Total pericarp,Columella;Placenta;Total pericarp
Solyc08g061560,9,0.8888888888888888,Collenchyma;Columella;Locular tissue;Outer epidermis;Parenchyma;Placenta;Septum;Total pericarp,Collenchyma;Columella;Locular tissue;Outer epidermis;Parenchyma;Placenta;Seeds;Septum;Total pericarp
Solyc08g063090,10,1.0,Collenchyma;Columella;Inner epidermis;Locular tissue;Parenchyma;Placenta;Seeds;Septum;Total pericarp;Vascular tissue,Collenchyma;Columella;Inner epidermis;Locular tissue;Parenchyma;Placenta;Seeds;Septum;Total pericarp;Vascular tissue
Solyc08g066240,11,1.0,Collenchyma;Columella;Inner epidermis;Locular tissue;Outer epidermis;Parenchyma;Placenta;Seeds;Septum;Total pericarp;Vascular tissue,Collenchyma;Columella;Inner epidermis;Locular tissue;Outer epidermis;Parenchyma;Placenta;Seeds;Septum;Total pericarp;Vascular tissue
Solyc08g066260,10,1.0,Collenchyma;Columella;Inner epidermis;Locular tissue;Parenchyma;Placenta;Seeds;Septum;Total pericarp;Vascular tissue,Collenchyma;Columella;Inner epidermis;Locular tissue;Parenchyma;Placenta;Seeds;Septum;Total pericarp;Vascular tissue
Solyc08g066330,11,1.0,Collenchyma;Columella;Inner epidermis;Locular tissue;Outer epidermis;Parenchyma;Placenta;Seeds;Septum;Total pericarp;Vascular tissue,Collenchyma;Columella;Inner epidermis;Locular tissue;Outer epidermis;Parenchyma;Placenta;Seeds;Septum;Total pericarp;Vascular tissue
Solyc08g066360,5,0.6,Inner epidermis;Total pericarp;Vascular tissue,Collenchyma;Inner epidermis;Outer epidermis;Total pericarp;Vascular tissue
Solyc08g066430,11,1.0,Collenchyma;Columella;Inner epidermis;Locular tissue;Outer epidermis;Parenchyma;Placenta;Seeds;Septum;Total pericarp;Vascular tissue,Collenchyma;Columella;Inner epidermis;Locular tissue;Outer epidermis;Parenchyma;Placenta;Seeds;Septum;Total pericarp;Vascular tissue
Solyc08g067030,11,0.9090909090909091,Collenchyma;Columella;Inner epidermis;Locular tissue;Outer epidermis;Parenchyma;Placenta;Septum;Total pericarp;Vascular tissue,Collenchyma;Columella;Inner epidermis;Locular tissue;Outer epidermis;Parenchyma;Placenta;Seeds;Septum;Total pericarp;Vascular tissue
Solyc08g069010,10,1.0,Collenchyma;Columella;Inner epidermis;Locular tissue;Outer epidermis;Parenchyma;Placenta;Septum;Total pericarp;Vascular tissue,Collenchyma;Columella;Inner epidermis;Locular tissue;Outer epidermis;Parenchyma;Placenta;Septum;Total pericarp;Vascular tissue
Solyc08g075080,7,1.0,Collenchyma;Inner epidermis;Locular tissue;Parenchyma;Septum;Total pericarp;Vascular tissue,Collenchyma;Inner epidermis;Locular tissue;Parenchyma;Septum;Total pericarp;Vascular tissue
Solyc08g075490,10,1.0,Collenchyma;Columella;Inner epidermis;Locular tissue;Outer epidermis;Parenchyma;Placenta;Septum;Total pericarp;Vascular tissue,Collenchyma;Columella;Inner epidermis;Locular tissue;Outer epidermis;Parenchyma;Placenta;Septum;Total pericarp;Vascular tissue
Solyc08g076520,11,1.0,Collenchyma;Columella;Inner epidermis;Locular tissue;Outer epidermis;Parenchyma;Placenta;Seeds;Septum;Total pericarp;Vascular tissue,Collenchyma;Columella;Inner epidermis;Locular tissue;Outer epidermis;Parenchyma;Placenta;Seeds;Septum;Total pericarp;Vascular tissue
Solyc08g077210,9,0.2222222222222222,Collenchyma;Outer epidermis,Collenchyma;Columella;Locular tissue;Outer epidermis;Placenta;Seeds;Septum;Total pericarp;Vascular tissue
Solyc08g077550,10,1.0,Collenchyma;Columella;Inner epidermis;Outer epidermis;Parenchyma;Placenta;Seeds;Septum;Total pericarp;Vascular tissue,Collenchyma;Columella;Inner epidermis;Outer epidermis;Parenchyma;Placenta;Seeds;Septum;Total pericarp;Vascular tissue
Solyc08g078870,11,0.9090909090909091,Collenchyma;Columella;Inner epidermis;Locular tissue;Outer epidermis;Parenchyma;Placenta;Seeds;Septum;Total pericarp,Collenchyma;Columella;Inner epidermis;Locular tissue;Outer epidermis;Parenchyma;Placenta;Seeds;Septum;Total pericarp;Vascular tissue
Solyc08g080490,6,1.0,Columella;Locular tissue;Placenta;Seeds;Septum;Total pericarp,Columella;Locular tissue;Placenta;Seeds;Septum;Total pericarp
Solyc08g080630,10,1.0,Collenchyma;Columella;Inner epidermis;Locular tissue;Outer epidermis;Parenchyma;Placenta;Seeds;Septum;Total pericarp,Collenchyma;Columella;Inner epidermis;Locular tissue;Outer epidermis;Parenchyma;Placenta;Seeds;Septum;Total pericarp
Solyc08g081220,7,1.0,Inner epidermis;Locular tissue;Outer epidermis;Placenta;Seeds;Septum;Total pericarp,Inner epidermis;Locular tissue;Outer epidermis;Placenta;Seeds;Septum;Total pericarp
Solyc08g081790,8,0.875,Collenchyma;Columella;Locular tissue;Parenchyma;Placenta;Septum;Total pericarp,Collenchyma;Columella;Locular tissue;Parenchyma;Placenta;Seeds;Septum;Total pericarp
Solyc08g081940,11,0.9090909090909091,Collenchyma;Columella;Inner epidermis;Locular tissue;Outer epidermis;Parenchyma;Placenta;Septum;Total pericarp;Vascular tissue,Collenchyma;Columella;Inner epidermis;Locular tissue;Outer epidermis;Parenchyma;Placenta;Seeds;Septum;Total pericarp;Vascular tissue
Solyc08g082250,11,1.0,Collenchyma;Columella;Inner epidermis;Locular tissue;Outer epidermis;Parenchyma;Placenta;Seeds;Septum;Total pericarp;Vascular tissue,Collenchyma;Columella;Inner epidermis;Locular tissue;Outer epidermis;Parenchyma;Placenta;Seeds;Septum;Total pericarp;Vascular tissue
Solyc08g082620,8,1.0,Collenchyma;Columella;Inner epidermis;Outer epidermis;Parenchyma;Placenta;Septum;Total pericarp,Collenchyma;Columella;Inner epidermis;Outer epidermis;Parenchyma;Placenta;Septum;Total pericarp
Solyc09g005560,8,0.75,Locular tissue;Outer epidermis;Placenta;Seeds;Septum;Total pericarp,Columella;Locular tissue;Outer epidermis;Placenta;Seeds;Septum;Total pericarp;Vascular tissue
Solyc09g007940,2,1.0,Inner epidermis;Outer epidermis,Inner epidermis;Outer epidermis
Solyc09g011470,11,1.0,Collenchyma;Columella;Inner epidermis;Locular tissue;Outer epidermis;Parenchyma;Placenta;Seeds;Septum;Total pericarp;Vascular tissue,Collenchyma;Columella;Inner epidermis;Locular tissue;Outer epidermis;Parenchyma;Placenta;Seeds;Septum;Total pericarp;Vascular tissue
Solyc09g011590,4,0.5,Columella;Vascular tissue,Columella;Inner epidermis;Seeds;Vascular tissue
Solyc09g011720,11,0.9090909090909091,Collenchyma;Columella;Inner epidermis;Locular tissue;Parenchyma;Placenta;Seeds;Septum;Total pericarp;Vascular tissue,Collenchyma;Columella;Inner epidermis;Locular tissue;Outer epidermis;Parenchyma;Placenta;Seeds;Septum;Total pericarp;Vascular tissue
Solyc09g014350,5,1.0,Inner epidermis;Outer epidermis;Seeds;Septum;Total pericarp,Inner epidermis;Outer epidermis;Seeds;Septum;Total pericarp
Solyc09g015000,11,0.8181818181818182,Collenchyma;Columella;Inner epidermis;Locular tissue;Outer epidermis;Parenchyma;Placenta;Septum;Total pericarp,Collenchyma;Columella;Inner epidermis;Locular tissue;Outer epidermis;Parenchyma;Placenta;Seeds;Septum;Total pericarp;Vascular tissue
Solyc09g025210,6,1.0,Columella;Locular tissue;Placenta;Seeds;Septum;Total pericarp,Columella;Locular tissue;Placenta;Seeds;Septum;Total pericarp
Solyc09g031880,3,1.0,Collenchyma;Inner epidermis;Parenchyma,Collenchyma;Inner epidermis;Parenchyma
Solyc09g059170,10,0.8,Columella;Locular tissue;Parenchyma;Placenta;Seeds;Septum;Total pericarp;Vascular tissue,Collenchyma;Columella;Locular tissue;Outer epidermis;Parenchyma;Placenta;Seeds;Septum;Total pericarp;Vascular tissue
Solyc09g061890,7,1.0,Columella;Inner epidermis;Outer epidermis;Seeds;Septum;Total pericarp;Vascular tissue,Columella;Inner epidermis;Outer epidermis;Seeds;Septum;Total pericarp;Vascular tissue
Solyc09g065670,8,1.0,Columella;Inner epidermis;Locular tissue;Parenchyma;Placenta;Seeds;Septum;Total pericarp,Columella;Inner epidermis;Locular tissue;Parenchyma;Placenta;Seeds;Septum;Total pericarp
Solyc09g066060,6,1.0,Columella;Locular tissue;Placenta;Seeds;Septum;Total pericarp,Columella;Locular tissue;Placenta;Seeds;Septum;Total pericarp
Solyc09g072560,6,1.0,Columella;Locular tissue;Placenta;Seeds;Septum;Total pericarp,Columella;Locular tissue;Placenta;Seeds;Septum;Total pericarp
Solyc09g074630,10,1.0,Collenchyma;Columella;Inner epidermis;Locular tissue;Outer epidermis;Parenchyma;Placenta;Septum;Total pericarp;Vascular tissue,Collenchyma;Columella;Inner epidermis;Locular tissue;Outer epidermis;Parenchyma;Placenta;Septum;Total pericarp;Vascular tissue
Solyc09g075140,6,0.6666666666666666,Outer epidermis;Seeds;Septum;Total pericarp,Locular tissue;Outer epidermis;Placenta;Seeds;Septum;Total pericarp
Solyc09g075810,9,0.8888888888888888,Collenchyma;Columella;Inner epidermis;Outer epidermis;Parenchyma;Septum;Total pericarp;Vascular tissue,Collenchyma;Columella;Inner epidermis;Outer epidermis;Parenchyma;Seeds;Septum;Total pericarp;Vascular tissue
Solyc09g083130,9,1.0,Columella;Inner epidermis;Locular tissue;Parenchyma;Placenta;Seeds;Septum;Total pericarp;Vascular tissue,Columella;Inner epidermis;Locular tissue;Parenchyma;Placenta;Seeds;Septum;Total pericarp;Vascular tissue
Solyc09g083190,9,1.0,Collenchyma;Columella;Inner epidermis;Locular tissue;Outer epidermis;Parenchyma;Placenta;Septum;Total pericarp,Collenchyma;Columella;Inner epidermis;Locular tissue;Outer epidermis;Parenchyma;Placenta;Septum;Total pericarp
Solyc09g083390,10,1.0,Collenchyma;Columella;Inner epidermis;Locular tissue;Outer epidermis;Parenchyma;Placenta;Seeds;Septum;Total pericarp,Collenchyma;Columella;Inner epidermis;Locular tissue;Outer epidermis;Parenchyma;Placenta;Seeds;Septum;Total pericarp
Solyc09g089750,9,1.0,Columella;Inner epidermis;Locular tissue;Parenchyma;Placenta;Seeds;Septum;Total pericarp;Vascular tissue,Columella;Inner epidermis;Locular tissue;Parenchyma;Placenta;Seeds;Septum;Total pericarp;Vascular tissue
Solyc09g091670,2,1.0,Columella;Vascular tissue,Columella;Vascular tissue
Solyc09g092130,11,0.5454545454545454,Columella;Locular tissue;Parenchyma;Placenta;Septum;Total pericarp,Collenchyma;Columella;Inner epidermis;Locular tissue;Outer epidermis;Parenchyma;Placenta;Seeds;Septum;Total pericarp;Vascular tissue
Solyc09g092430,11,1.0,Collenchyma;Columella;Inner epidermis;Locular tissue;Outer epidermis;Parenchyma;Placenta;Seeds;Septum;Total pericarp;Vascular tissue,Collenchyma;Columella;Inner epidermis;Locular tissue;Outer epidermis;Parenchyma;Placenta;Seeds;Septum;Total pericarp;Vascular tissue
Solyc09g092580,4,0.75,Collenchyma;Parenchyma;Total pericarp,Collenchyma;Outer epidermis;Parenchyma;Total pericarp
Solyc09g098340,11,1.0,Collenchyma;Columella;Inner epidermis;Locular tissue;Outer epidermis;Parenchyma;Placenta;Seeds;Septum;Total pericarp;Vascular tissue,Collenchyma;Columella;Inner epidermis;Locular tissue;Outer epidermis;Parenchyma;Placenta;Seeds;Septum;Total pericarp;Vascular tissue
Solyc10g005010,5,1.0,Columella;Locular tissue;Placenta;Seeds;Septum,Columella;Locular tissue;Placenta;Seeds;Septum
Solyc10g005210,10,1.0,Collenchyma;Columella;Locular tissue;Outer epidermis;Parenchyma;Placenta;Seeds;Septum;Total pericarp;Vascular tissue,Collenchyma;Columella;Locular tissue;Outer epidermis;Parenchyma;Placenta;Seeds;Septum;Total pericarp;Vascular tissue
Solyc10g006720,2,1.0,Columella;Total pericarp,Columella;Total pericarp
Solyc10g006880,11,0.9090909090909091,Collenchyma;Columella;Inner epidermis;Locular tissue;Outer epidermis;Parenchyma;Placenta;Septum;Total pericarp;Vascular tissue,Collenchyma;Columella;Inner epidermis;Locular tissue;Outer epidermis;Parenchyma;Placenta;Seeds;Septum;Total pericarp;Vascular tissue
Solyc10g007600,11,1.0,Collenchyma;Columella;Inner epidermis;Locular tissue;Outer epidermis;Parenchyma;Placenta;Seeds;Septum;Total pericarp;Vascular tissue,Collenchyma;Columella;Inner epidermis;Locular tissue;Outer epidermis;Parenchyma;Placenta;Seeds;Septum;Total pericarp;Vascular tissue
Solyc10g009260,1,1.0,Columella,Columella
Solyc10g011950,4,1.0,Inner epidermis;Seeds;Septum;Total pericarp,Inner epidermis;Seeds;Septum;Total pericarp
Solyc10g018140,6,1.0,Columella;Parenchyma;Placenta;Septum;Total pericarp;Vascular tissue,Columella;Parenchyma;Placenta;Septum;Total pericarp;Vascular tissue
Solyc10g018780,8,1.0,Collenchyma;Columella;Inner epidermis;Outer epidermis;Parenchyma;Placenta;Septum;Total pericarp,Collenchyma;Columella;Inner epidermis;Outer epidermis;Parenchyma;Placenta;Septum;Total pericarp
Solyc10g024420,11,1.0,Collenchyma;Columella;Inner epidermis;Locular tissue;Outer epidermis;Parenchyma;Placenta;Seeds;Septum;Total pericarp;Vascular tissue,Collenchyma;Columella;Inner epidermis;Locular tissue;Outer epidermis;Parenchyma;Placenta;Seeds;Septum;Total pericarp;Vascular tissue
Solyc10g024430,5,1.0,Columella;Locular tissue;Placenta;Septum;Total pericarp,Columella;Locular tissue;Placenta;Septum;Total pericarp
Solyc10g044510,11,0.9090909090909091,Collenchyma;Columella;Inner epidermis;Locular tissue;Outer epidermis;Parenchyma;Placenta;Septum;Total pericarp;Vascular tissue,Collenchyma;Columella;Inner epidermis;Locular tissue;Outer epidermis;Parenchyma;Placenta;Seeds;Septum;Total pericarp;Vascular tissue
Solyc10g044680,6,1.0,Columella;Inner epidermis;Locular tissue;Placenta;Septum;Total pericarp,Columella;Inner epidermis;Locular tissue;Placenta;Septum;Total pericarp
Solyc10g047030,10,1.0,Collenchyma;Columella;Inner epidermis;Locular tissue;Parenchyma;Placenta;Seeds;Septum;Total pericarp;Vascular tissue,Collenchyma;Columella;Inner epidermis;Locular tissue;Parenchyma;Placenta;Seeds;Septum;Total pericarp;Vascular tissue
Solyc10g047240,9,1.0,Columella;Inner epidermis;Outer epidermis;Parenchyma;Placenta;Seeds;Septum;Total pericarp;Vascular tissue,Columella;Inner epidermis;Outer epidermis;Parenchyma;Placenta;Seeds;Septum;Total pericarp;Vascular tissue
Solyc10g049230,5,1.0,Columella;Locular tissue;Placenta;Septum;Total pericarp,Columella;Locular tissue;Placenta;Septum;Total pericarp
Solyc10g050110,11,1.0,Collenchyma;Columella;Inner epidermis;Locular tissue;Outer epidermis;Parenchyma;Placenta;Seeds;Septum;Total pericarp;Vascular tissue,Collenchyma;Columella;Inner epidermis;Locular tissue;Outer epidermis;Parenchyma;Placenta;Seeds;Septum;Total pericarp;Vascular tissue
Solyc10g050980,3,0.3333333333333333,Locular tissue,Locular tissue;Seeds;Vascular tissue
Solyc10g051020,11,1.0,Collenchyma;Columella;Inner epidermis;Locular tissue;Outer epidermis;Parenchyma;Placenta;Seeds;Septum;Total pericarp;Vascular tissue,Collenchyma;Columella;Inner epidermis;Locular tissue;Outer epidermis;Parenchyma;Placenta;Seeds;Septum;Total pericarp;Vascular tissue
Solyc10g051120,11,1.0,Collenchyma;Columella;Inner epidermis;Locular tissue;Outer epidermis;Parenchyma;Placenta;Seeds;Septum;Total pericarp;Vascular tissue,Collenchyma;Columella;Inner epidermis;Locular tissue;Outer epidermis;Parenchyma;Placenta;Seeds;Septum;Total pericarp;Vascular tissue
Solyc10g054080,11,1.0,Collenchyma;Columella;Inner epidermis;Locular tissue;Outer epidermis;Parenchyma;Placenta;Seeds;Septum;Total pericarp;Vascular tissue,Collenchyma;Columella;Inner epidermis;Locular tissue;Outer epidermis;Parenchyma;Placenta;Seeds;Septum;Total pericarp;Vascular tissue
Solyc10g054670,11,0.6363636363636364,Collenchyma;Columella;Outer epidermis;Parenchyma;Septum;Total pericarp;Vascular tissue,Collenchyma;Columella;Inner epidermis;Locular tissue;Outer epidermis;Parenchyma;Placenta;Seeds;Septum;Total pericarp;Vascular tissue
Solyc10g054840,4,1.0,Inner epidermis;Outer epidermis;Seeds;Total pericarp,Inner epidermis;Outer epidermis;Seeds;Total pericarp
Solyc10g054900,7,1.0,Columella;Locular tissue;Outer epidermis;Placenta;Seeds;Septum;Total pericarp,Columella;Locular tissue;Outer epidermis;Placenta;Seeds;Septum;Total pericarp
Solyc10g075070,10,1.0,Collenchyma;Columella;Inner epidermis;Outer epidermis;Parenchyma;Placenta;Seeds;Septum;Total pericarp;Vascular tissue,Collenchyma;Columella;Inner epidermis;Outer epidermis;Parenchyma;Placenta;Seeds;Septum;Total pericarp;Vascular tissue
Solyc10g076240,2,0.5,Columella,Columella;Seeds
Solyc10g076710,10,1.0,Collenchyma;Columella;Inner epidermis;Locular tissue;Outer epidermis;Parenchyma;Placenta;Septum;Total pericarp;Vascular tissue,Collenchyma;Columella;Inner epidermis;Locular tissue;Outer epidermis;Parenchyma;Placenta;Septum;Total pericarp;Vascular tissue
Solyc10g078160,11,1.0,Collenchyma;Columella;Inner epidermis;Locular tissue;Outer epidermis;Parenchyma;Placenta;Seeds;Septum;Total pericarp;Vascular tissue,Collenchyma;Columella;Inner epidermis;Locular tissue;Outer epidermis;Parenchyma;Placenta;Seeds;Septum;Total pericarp;Vascular tissue
Solyc10g078740,11,1.0,Collenchyma;Columella;Inner epidermis;Locular tissue;Outer epidermis;Parenchyma;Placenta;Seeds;Septum;Total pericarp;Vascular tissue,Collenchyma;Columella;Inner epidermis;Locular tissue;Outer epidermis;Parenchyma;Placenta;Seeds;Septum;Total pericarp;Vascular tissue
Solyc10g079050,11,1.0,Collenchyma;Columella;Inner epidermis;Locular tissue;Outer epidermis;Parenchyma;Placenta;Seeds;Septum;Total pericarp;Vascular tissue,Collenchyma;Columella;Inner epidermis;Locular tissue;Outer epidermis;Parenchyma;Placenta;Seeds;Septum;Total pericarp;Vascular tissue
Solyc10g079410,7,1.0,Columella;Locular tissue;Parenchyma;Placenta;Seeds;Septum;Total pericarp,Columella;Locular tissue;Parenchyma;Placenta;Seeds;Septum;Total pericarp
Solyc10g080210,11,0.9090909090909091,Collenchyma;Columella;Inner epidermis;Locular tissue;Outer epidermis;Parenchyma;Placenta;Septum;Total pericarp;Vascular tissue,Collenchyma;Columella;Inner epidermis;Locular tissue;Outer epidermis;Parenchyma;Placenta;Seeds;Septum;Total pericarp;Vascular tissue
Solyc10g080390,11,1.0,Collenchyma;Columella;Inner epidermis;Locular tissue;Outer epidermis;Parenchyma;Placenta;Seeds;Septum;Total pericarp;Vascular tissue,Collenchyma;Columella;Inner epidermis;Locular tissue;Outer epidermis;Parenchyma;Placenta;Seeds;Septum;Total pericarp;Vascular tissue
Solyc10g080900,11,1.0,Collenchyma;Columella;Inner epidermis;Locular tissue;Outer epidermis;Parenchyma;Placenta;Seeds;Septum;Total pericarp;Vascular tissue,Collenchyma;Columella;Inner epidermis;Locular tissue;Outer epidermis;Parenchyma;Placenta;Seeds;Septum;Total pericarp;Vascular tissue
Solyc10g080980,5,1.0,Columella;Placenta;Septum;Total pericarp;Vascular tissue,Columella;Placenta;Septum;Total pericarp;Vascular tissue
Solyc10g081010,10,1.0,Collenchyma;Columella;Inner epidermis;Outer epidermis;Parenchyma;Placenta;Seeds;Septum;Total pericarp;Vascular tissue,Collenchyma;Columella;Inner epidermis;Outer epidermis;Parenchyma;Placenta;Seeds;Septum;Total pericarp;Vascular tissue
Solyc10g083400,11,1.0,Collenchyma;Columella;Inner epidermis;Locular tissue;Outer epidermis;Parenchyma;Placenta;Seeds;Septum;Total pericarp;Vascular tissue,Collenchyma;Columella;Inner epidermis;Locular tissue;Outer epidermis;Parenchyma;Placenta;Seeds;Septum;Total pericarp;Vascular tissue
Solyc10g083440,8,1.0,Collenchyma;Inner epidermis;Locular tissue;Outer epidermis;Parenchyma;Seeds;Septum;Total pericarp,Collenchyma;Inner epidermis;Locular tissue;Outer epidermis;Parenchyma;Seeds;Septum;Total pericarp
Solyc10g083670,11,1.0,Collenchyma;Columella;Inner epidermis;Locular tissue;Outer epidermis;Parenchyma;Placenta;Seeds;Septum;Total pericarp;Vascular tissue,Collenchyma;Columella;Inner epidermis;Locular tissue;Outer epidermis;Parenchyma;Placenta;Seeds;Septum;Total pericarp;Vascular tissue
Solyc10g084600,9,1.0,Collenchyma;Columella;Inner epidermis;Locular tissue;Parenchyma;Placenta;Seeds;Septum;Total pericarp,Collenchyma;Columella;Inner epidermis;Locular tissue;Parenchyma;Placenta;Seeds;Septum;Total pericarp
Solyc10g085830,11,1.0,Collenchyma;Columella;Inner epidermis;Locular tissue;Outer epidermis;Parenchyma;Placenta;Seeds;Septum;Total pericarp;Vascular tissue,Collenchyma;Columella;Inner epidermis;Locular tissue;Outer epidermis;Parenchyma;Placenta;Seeds;Septum;Total pericarp;Vascular tissue
Solyc10g086320,6,1.0,Columella;Locular tissue;Placenta;Seeds;Septum;Total pericarp,Columella;Locular tissue;Placenta;Seeds;Septum;Total pericarp
Solyc10g086710,9,0.8888888888888888,Columella;Inner epidermis;Locular tissue;Parenchyma;Placenta;Septum;Total pericarp;Vascular tissue,Columella;Inner epidermis;Locular tissue;Parenchyma;Placenta;Seeds;Septum;Total pericarp;Vascular tissue
Solyc11g005990,5,0.8,Collenchyma;Parenchyma;Septum;Total pericarp,Collenchyma;Parenchyma;Seeds;Septum;Total pericarp
Solyc11g006020,7,1.0,Columella;Inner epidermis;Locular tissue;Placenta;Septum;Total pericarp;Vascular tissue,Columella;Inner epidermis;Locular tissue;Placenta;Septum;Total pericarp;Vascular tissue
Solyc11g006250,7,1.0,Collenchyma;Inner epidermis;Outer epidermis;Parenchyma;Septum;Total pericarp;Vascular tissue,Collenchyma;Inner epidermis;Outer epidermis;Parenchyma;Septum;Total pericarp;Vascular tissue
Solyc11g006670,8,1.0,Collenchyma;Columella;Locular tissue;Outer epidermis;Parenchyma;Placenta;Septum;Total pericarp,Collenchyma;Columella;Locular tissue;Outer epidermis;Parenchyma;Placenta;Septum;Total pericarp
Solyc11g007250,1,1.0,Inner epidermis,Inner epidermis
Solyc11g007540,6,1.0,Columella;Inner epidermis;Outer epidermis;Seeds;Total pericarp;Vascular tissue,Columella;Inner epidermis;Outer epidermis;Seeds;Total pericarp;Vascular tissue
Solyc11g008630,6,1.0,Collenchyma;Inner epidermis;Outer epidermis;Placenta;Septum;Total pericarp,Collenchyma;Inner epidermis;Outer epidermis;Placenta;Septum;Total pericarp
Solyc11g008720,11,1.0,Collenchyma;Columella;Inner epidermis;Locular tissue;Outer epidermis;Parenchyma;Placenta;Seeds;Septum;Total pericarp;Vascular tissue,Collenchyma;Columella;Inner epidermis;Locular tissue;Outer epidermis;Parenchyma;Placenta;Seeds;Septum;Total pericarp;Vascular tissue
Solyc11g008810,11,1.0,Collenchyma;Columella;Inner epidermis;Locular tissue;Outer epidermis;Parenchyma;Placenta;Seeds;Septum;Total pericarp;Vascular tissue,Collenchyma;Columella;Inner epidermis;Locular tissue;Outer epidermis;Parenchyma;Placenta;Seeds;Septum;Total pericarp;Vascular tissue
Solyc11g010200,11,1.0,Collenchyma;Columella;Inner epidermis;Locular tissue;Outer epidermis;Parenchyma;Placenta;Seeds;Septum;Total pericarp;Vascular tissue,Collenchyma;Columella;Inner epidermis;Locular tissue;Outer epidermis;Parenchyma;Placenta;Seeds;Septum;Total pericarp;Vascular tissue
Solyc11g010690,11,0.9090909090909091,Collenchyma;Columella;Inner epidermis;Locular tissue;Outer epidermis;Parenchyma;Placenta;Septum;Total pericarp;Vascular tissue,Collenchyma;Columella;Inner epidermis;Locular tissue;Outer epidermis;Parenchyma;Placenta;Seeds;Septum;Total pericarp;Vascular tissue
Solyc11g010960,9,1.0,Collenchyma;Inner epidermis;Outer epidermis;Parenchyma;Placenta;Seeds;Septum;Total pericarp;Vascular tissue,Collenchyma;Inner epidermis;Outer epidermis;Parenchyma;Placenta;Seeds;Septum;Total pericarp;Vascular tissue
Solyc11g011210,10,0.9,Collenchyma;Columella;Inner epidermis;Locular tissue;Parenchyma;Placenta;Seeds;Septum;Total pericarp,Collenchyma;Columella;Inner epidermis;Locular tissue;Parenchyma;Placenta;Seeds;Septum;Total pericarp;Vascular tissue
Solyc11g012860,11,1.0,Collenchyma;Columella;Inner epidermis;Locular tissue;Outer epidermis;Parenchyma;Placenta;Seeds;Septum;Total pericarp;Vascular tissue,Collenchyma;Columella;Inner epidermis;Locular tissue;Outer epidermis;Parenchyma;Placenta;Seeds;Septum;Total pericarp;Vascular tissue
Solyc11g012880,7,1.0,Collenchyma;Inner epidermis;Outer epidermis;Parenchyma;Septum;Total pericarp;Vascular tissue,Collenchyma;Inner epidermis;Outer epidermis;Parenchyma;Septum;Total pericarp;Vascular tissue
Solyc11g018500,9,1.0,Collenchyma;Columella;Inner epidermis;Locular tissue;Outer epidermis;Parenchyma;Placenta;Septum;Total pericarp,Collenchyma;Columella;Inner epidermis;Locular tissue;Outer epidermis;Parenchyma;Placenta;Septum;Total pericarp
Solyc11g020330,11,0.8181818181818182,Collenchyma;Columella;Inner epidermis;Locular tissue;Outer epidermis;Parenchyma;Placenta;Septum;Total pericarp,Collenchyma;Columella;Inner epidermis;Locular tissue;Outer epidermis;Parenchyma;Placenta;Seeds;Septum;Total pericarp;Vascular tissue
Solyc11g022590,11,0.9090909090909091,Collenchyma;Columella;Inner epidermis;Locular tissue;Parenchyma;Placenta;Seeds;Septum;Total pericarp;Vascular tissue,Collenchyma;Columella;Inner epidermis;Locular tissue;Outer epidermis;Parenchyma;Placenta;Seeds;Septum;Total pericarp;Vascular tissue
Solyc11g040150,11,1.0,Collenchyma;Columella;Inner epidermis;Locular tissue;Outer epidermis;Parenchyma;Placenta;Seeds;Septum;Total pericarp;Vascular tissue,Collenchyma;Columella;Inner epidermis;Locular tissue;Outer epidermis;Parenchyma;Placenta;Seeds;Septum;Total pericarp;Vascular tissue
Solyc11g042940,8,1.0,Collenchyma;Columella;Inner epidermis;Locular tissue;Parenchyma;Placenta;Septum;Total pericarp,Collenchyma;Columella;Inner epidermis;Locular tissue;Parenchyma;Placenta;Septum;Total pericarp
Solyc11g044910,11,0.7272727272727273,Collenchyma;Columella;Inner epidermis;Outer epidermis;Parenchyma;Septum;Total pericarp;Vascular tissue,Collenchyma;Columella;Inner epidermis;Locular tissue;Outer epidermis;Parenchyma;Placenta;Seeds;Septum;Total pericarp;Vascular tissue
Solyc11g056680,10,0.8,Collenchyma;Columella;Inner epidermis;Outer epidermis;Parenchyma;Placenta;Septum;Total pericarp,Collenchyma;Columella;Inner epidermis;Locular tissue;Outer epidermis;Parenchyma;Placenta;Seeds;Septum;Total pericarp
Solyc11g065350,9,0.6666666666666666,Columella;Locular tissue;Placenta;Seeds;Septum;Total pericarp,Collenchyma;Columella;Inner epidermis;Locular tissue;Outer epidermis;Placenta;Seeds;Septum;Total pericarp
Solyc11g066670,11,1.0,Collenchyma;Columella;Inner epidermis;Locular tissue;Outer epidermis;Parenchyma;Placenta;Seeds;Septum;Total pericarp;Vascular tissue,Collenchyma;Columella;Inner epidermis;Locular tissue;Outer epidermis;Parenchyma;Placenta;Seeds;Septum;Total pericarp;Vascular tissue
Solyc11g071980,6,1.0,Columella;Locular tissue;Placenta;Seeds;Septum;Total pericarp,Columella;Locular tissue;Placenta;Seeds;Septum;Total pericarp
Solyc11g072040,11,0.9090909090909091,Collenchyma;Columella;Inner epidermis;Locular tissue;Outer epidermis;Parenchyma;Placenta;Septum;Total pericarp;Vascular tissue,Collenchyma;Columella;Inner epidermis;Locular tissue;Outer epidermis;Parenchyma;Placenta;Seeds;Septum;Total pericarp;Vascular tissue
Solyc11g072080,10,1.0,Collenchyma;Columella;Inner epidermis;Locular tissue;Outer epidermis;Parenchyma;Placenta;Septum;Total pericarp;Vascular tissue,Collenchyma;Columella;Inner epidermis;Locular tissue;Outer epidermis;Parenchyma;Placenta;Septum;Total pericarp;Vascular tissue
Solyc11g072310,9,0.8888888888888888,Collenchyma;Columella;Locular tissue;Parenchyma;Placenta;Seeds;Septum;Total pericarp,Collenchyma;Columella;Locular tissue;Parenchyma;Placenta;Seeds;Septum;Total pericarp;Vascular tissue
Solyc12g006140,11,1.0,Collenchyma;Columella;Inner epidermis;Locular tissue;Outer epidermis;Parenchyma;Placenta;Seeds;Septum;Total pericarp;Vascular tissue,Collenchyma;Columella;Inner epidermis;Locular tissue;Outer epidermis;Parenchyma;Placenta;Seeds;Septum;Total pericarp;Vascular tissue
Solyc12g006470,10,0.9,Collenchyma;Columella;Inner epidermis;Locular tissue;Outer epidermis;Parenchyma;Placenta;Septum;Total pericarp,Collenchyma;Columella;Inner epidermis;Locular tissue;Outer epidermis;Parenchyma;Placenta;Seeds;Septum;Total pericarp
Solyc12g006520,10,0.9,Collenchyma;Columella;Inner epidermis;Locular tissue;Outer epidermis;Parenchyma;Placenta;Septum;Total pericarp,Collenchyma;Columella;Inner epidermis;Locular tissue;Outer epidermis;Parenchyma;Placenta;Seeds;Septum;Total pericarp
Solyc12g006530,5,1.0,Inner epidermis;Locular tissue;Outer epidermis;Septum;Total pericarp,Inner epidermis;Locular tissue;Outer epidermis;Septum;Total pericarp
Solyc12g006660,4,0.75,Collenchyma;Inner epidermis;Outer epidermis,Collenchyma;Inner epidermis;Outer epidermis;Vascular tissue
Solyc12g008430,9,1.0,Collenchyma;Columella;Locular tissue;Outer epidermis;Parenchyma;Placenta;Seeds;Septum;Total pericarp,Collenchyma;Columella;Locular tissue;Outer epidermis;Parenchyma;Placenta;Seeds;Septum;Total pericarp
Solyc12g009800,8,1.0,Collenchyma;Columella;Inner epidermis;Locular tissue;Parenchyma;Placenta;Septum;Total pericarp,Collenchyma;Columella;Inner epidermis;Locular tissue;Parenchyma;Placenta;Septum;Total pericarp
Solyc12g009930,9,1.0,Collenchyma;Columella;Inner epidermis;Locular tissue;Outer epidermis;Parenchyma;Placenta;Septum;Total pericarp,Collenchyma;Columella;Inner epidermis;Locular tissue;Outer epidermis;Parenchyma;Placenta;Septum;Total pericarp
Solyc12g010050,10,1.0,Collenchyma;Columella;Inner epidermis;Locular tissue;Outer epidermis;Placenta;Seeds;Septum;Total pericarp;Vascular tissue,Collenchyma;Columella;Inner epidermis;Locular tissue;Outer epidermis;Placenta;Seeds;Septum;Total pericarp;Vascular tissue
Solyc12g011310,10,1.0,Collenchyma;Columella;Inner epidermis;Locular tissue;Outer epidermis;Parenchyma;Placenta;Seeds;Septum;Total pericarp,Collenchyma;Columella;Inner epidermis;Locular tissue;Outer epidermis;Parenchyma;Placenta;Seeds;Septum;Total pericarp
Solyc12g011410,6,1.0,Columella;Outer epidermis;Placenta;Septum;Total pericarp;Vascular tissue,Columella;Outer epidermis;Placenta;Septum;Total pericarp;Vascular tissue
Solyc12g011450,11,1.0,Collenchyma;Columella;Inner epidermis;Locular tissue;Outer epidermis;Parenchyma;Placenta;Seeds;Septum;Total pericarp;Vascular tissue,Collenchyma;Columella;Inner epidermis;Locular tissue;Outer epidermis;Parenchyma;Placenta;Seeds;Septum;Total pericarp;Vascular tissue
Solyc12g013700,11,1.0,Collenchyma;Columella;Inner epidermis;Locular tissue;Outer epidermis;Parenchyma;Placenta;Seeds;Septum;Total pericarp;Vascular tissue,Collenchyma;Columella;Inner epidermis;Locular tissue;Outer epidermis;Parenchyma;Placenta;Seeds;Septum;Total pericarp;Vascular tissue
Solyc12g013710,10,0.7,Columella;Inner epidermis;Locular tissue;Placenta;Septum;Total pericarp;Vascular tissue,Collenchyma;Columella;Inner epidermis;Locular tissue;Outer epidermis;Parenchyma;Placenta;Septum;Total pericarp;Vascular tissue
Solyc12g014570,9,1.0,Collenchyma;Columella;Locular tissue;Parenchyma;Placenta;Seeds;Septum;Total pericarp;Vascular tissue,Collenchyma;Columella;Locular tissue;Parenchyma;Placenta;Seeds;Septum;Total pericarp;Vascular tissue
Solyc12g015630,10,1.0,Collenchyma;Columella;Inner epidermis;Locular tissue;Outer epidermis;Parenchyma;Placenta;Septum;Total pericarp;Vascular tissue,Collenchyma;Columella;Inner epidermis;Locular tissue;Outer epidermis;Parenchyma;Placenta;Septum;Total pericarp;Vascular tissue
Solyc12g015690,11,1.0,Collenchyma;Columella;Inner epidermis;Locular tissue;Outer epidermis;Parenchyma;Placenta;Seeds;Septum;Total pericarp;Vascular tissue,Collenchyma;Columella;Inner epidermis;Locular tissue;Outer epidermis;Parenchyma;Placenta;Seeds;Septum;Total pericarp;Vascular tissue
Solyc12g015850,11,0.9090909090909091,Collenchyma;Columella;Inner epidermis;Locular tissue;Outer epidermis;Parenchyma;Placenta;Seeds;Septum;Total pericarp,Collenchyma;Columella;Inner epidermis;Locular tissue;Outer epidermis;Parenchyma;Placenta;Seeds;Septum;Total pericarp;Vascular tissue
Solyc12g017250,11,1.0,Collenchyma;Columella;Inner epidermis;Locular tissue;Outer epidermis;Parenchyma;Placenta;Seeds;Septum;Total pericarp;Vascular tissue,Collenchyma;Columella;Inner epidermis;Locular tissue;Outer epidermis;Parenchyma;Placenta;Seeds;Septum;Total pericarp;Vascular tissue
Solyc12g017530,11,1.0,Collenchyma;Columella;Inner epidermis;Locular tissue;Outer epidermis;Parenchyma;Placenta;Seeds;Septum;Total pericarp;Vascular tissue,Collenchyma;Columella;Inner epidermis;Locular tissue;Outer epidermis;Parenchyma;Placenta;Seeds;Septum;Total pericarp;Vascular tissue
Solyc12g040640,7,1.0,Collenchyma;Columella;Parenchyma;Placenta;Septum;Total pericarp;Vascular tissue,Collenchyma;Columella;Parenchyma;Placenta;Septum;Total pericarp;Vascular tissue
Solyc12g041950,3,1.0,Inner epidermis;Septum;Total pericarp,Inner epidermis;Septum;Total pericarp
Solyc12g042010,10,1.0,Collenchyma;Columella;Inner epidermis;Locular tissue;Outer epidermis;Parenchyma;Placenta;Septum;Total pericarp;Vascular tissue,Collenchyma;Columella;Inner epidermis;Locular tissue;Outer epidermis;Parenchyma;Placenta;Septum;Total pericarp;Vascular tissue
Solyc12g049030,3,1.0,Columella;Total pericarp;Vascular tissue,Columella;Total pericarp;Vascular tissue
Solyc12g049520,5,1.0,Columella;Locular tissue;Placenta;Septum;Total pericarp,Columella;Locular tissue;Placenta;Septum;Total pericarp
Solyc12g055810,8,1.0,Collenchyma;Columella;Locular tissue;Parenchyma;Placenta;Septum;Total pericarp;Vascular tissue,Collenchyma;Columella;Locular tissue;Parenchyma;Placenta;Septum;Total pericarp;Vascular tissue
Solyc12g055840,11,1.0,Collenchyma;Columella;Inner epidermis;Locular tissue;Outer epidermis;Parenchyma;Placenta;Seeds;Septum;Total pericarp;Vascular tissue,Collenchyma;Columella;Inner epidermis;Locular tissue;Outer epidermis;Parenchyma;Placenta;Seeds;Septum;Total pericarp;Vascular tissue
Solyc12g055970,3,1.0,Columella;Placenta;Vascular tissue,Columella;Placenta;Vascular tissue
Solyc12g070080,10,0.8,Collenchyma;Columella;Inner epidermis;Locular tissue;Parenchyma;Placenta;Septum;Total pericarp,Collenchyma;Columella;Inner epidermis;Locular tissue;Outer epidermis;Parenchyma;Placenta;Seeds;Septum;Total pericarp
Solyc12g088220,11,1.0,Collenchyma;Columella;Inner epidermis;Locular tissue;Outer epidermis;Parenchyma;Placenta;Seeds;Septum;Total pericarp;Vascular tissue,Collenchyma;Columella;Inner epidermis;Locular tissue;Outer epidermis;Parenchyma;Placenta;Seeds;Septum;Total pericarp;Vascular tissue
Solyc12g088700,9,1.0,Collenchyma;Columella;Inner epidermis;Locular tissue;Outer epidermis;Parenchyma;Placenta;Septum;Total pericarp,Collenchyma;Columella;Inner epidermis;Locular tissue;Outer epidermis;Parenchyma;Placenta;Septum;Total pericarp
Solyc12g094640,6,1.0,Collenchyma;Inner epidermis;Locular tissue;Outer epidermis;Total pericarp;Vascular tissue,Collenchyma;Inner epidermis;Locular tissue;Outer epidermis;Total pericarp;Vascular tissue
Solyc12g096570,11,1.0,Collenchyma;Columella;Inner epidermis;Locular tissue;Outer epidermis;Parenchyma;Placenta;Seeds;Septum;Total pericarp;Vascular tissue,Collenchyma;Columella;Inner epidermis;Locular tissue;Outer epidermis;Parenchyma;Placenta;Seeds;Septum;Total pericarp;Vascular tissue
Solyc12g096870,9,1.0,Collenchyma;Columella;Inner epidermis;Locular tissue;Outer epidermis;Parenchyma;Placenta;Septum;Total pericarp,Collenchyma;Columella;Inner epidermis;Locular tissue;Outer epidermis;Parenchyma;Placenta;Septum;Total pericarp
Solyc12g098340,11,0.7272727272727273,Collenchyma;Columella;Locular tissue;Parenchyma;Placenta;Seeds;Septum;Total pericarp,Collenchyma;Columella;Inner epidermis;Locular tissue;Outer epidermis;Parenchyma;Placenta;Seeds;Septum;Total pericarp;Vascular tissue
Solyc12g098490,10,1.0,Collenchyma;Columella;Inner epidermis;Locular tissue;Outer epidermis;Parenchyma;Seeds;Septum;Total pericarp;Vascular tissue,Collenchyma;Columella;Inner epidermis;Locular tissue;Outer epidermis;Parenchyma;Seeds;Septum;Total pericarp;Vascular tissue
Solyc12g098600,9,1.0,Collenchyma;Columella;Inner epidermis;Locular tissue;Outer epidermis;Parenchyma;Placenta;Septum;Total pericarp,Collenchyma;Columella;Inner epidermis;Locular tissue;Outer epidermis;Parenchyma;Placenta;Septum;Total pericarp
Solyc12g099430,11,1.0,Collenchyma;Columella;Inner epidermis;Locular tissue;Outer epidermis;Parenchyma;Placenta;Seeds;Septum;Total pericarp;Vascular tissue,Collenchyma;Columella;Inner epidermis;Locular tissue;Outer epidermis;Parenchyma;Placenta;Seeds;Septum;Total pericarp;Vascular tissue
Solyc12g100250,2,1.0,Columella;Vascular tissue,Columella;Vascular tissue
Solyc12g100270,3,1.0,Columella;Total pericarp;Vascular tissue,Columella;Total pericarp;Vascular tissue
